stamp,open,high,low,close,volume
2026-06-07 22:00,28844.5,28919.0,28822.25,28827.5,2189.0
2026-06-07 22:01,28827.75,28920.0,28827.75,28901.0,999.0
2026-06-07 22:02,28903.0,28951.75,28895.0,28918.25,1454.0
2026-06-07 22:03,28919.5,28934.25,28907.0,28930.25,643.0
2026-06-07 22:04,28929.25,28941.0,28914.0,28928.5,558.0
2026-06-07 22:05,28928.5,28939.25,28893.0,28894.75,667.0
2026-06-07 22:06,28895.75,28912.25,28883.0,28889.75,820.0
2026-06-07 22:07,28889.0,28901.25,28883.0,28888.75,361.0
2026-06-07 22:08,28887.5,28889.5,28873.0,28885.25,631.0
2026-06-07 22:09,28882.75,28902.75,28882.75,28900.25,389.0
2026-06-07 22:10,28898.5,28912.5,28892.5,28904.25,324.0
2026-06-07 22:11,28903.5,28918.5,28893.5,28910.0,322.0
2026-06-07 22:12,28907.0,28940.5,28905.5,28933.0,528.0
2026-06-07 22:13,28932.75,28959.25,28927.25,28957.25,427.0
2026-06-07 22:14,28956.75,28998.0,28955.75,28995.25,825.0
2026-06-07 22:15,28993.5,28995.75,28975.25,28977.0,535.0
2026-06-07 22:16,28976.75,28987.0,28959.0,28972.5,782.0
2026-06-07 22:17,28971.5,28999.25,28954.25,28995.75,543.0
2026-06-07 22:18,28994.75,29006.0,28980.75,28990.75,593.0
2026-06-07 22:19,28991.25,29011.25,28984.25,28990.75,510.0
2026-06-07 22:20,28990.25,29023.0,28989.25,29021.25,585.0
2026-06-07 22:21,29020.25,29022.75,29003.75,29005.25,631.0
2026-06-07 22:22,29006.5,29008.5,28991.25,28997.0,301.0
2026-06-07 22:23,28996.25,29008.75,28992.0,29000.75,259.0
2026-06-07 22:24,28999.75,29002.75,28984.0,28986.75,471.0
2026-06-07 22:25,28986.25,28995.5,28986.25,28987.75,258.0
2026-06-07 22:26,28987.75,28990.25,28977.0,28979.25,284.0
2026-06-07 22:27,28978.75,28982.25,28971.0,28972.5,390.0
2026-06-07 22:28,28972.25,28994.0,28967.25,28984.5,405.0
2026-06-07 22:29,28983.0,28985.5,28956.5,28967.25,333.0
2026-06-07 22:30,28969.25,28986.25,28968.75,28973.5,383.0
2026-06-07 22:31,28974.25,28975.25,28944.0,28965.5,600.0
2026-06-07 22:32,28966.0,28986.0,28960.25,28984.75,322.0
2026-06-07 22:33,28983.25,28999.0,28981.0,28993.5,402.0
2026-06-07 22:34,28993.75,28995.75,28986.5,28994.0,174.0
2026-06-07 22:35,28993.25,28993.25,28979.75,28989.0,190.0
2026-06-07 22:36,28988.75,29015.5,28987.75,29013.5,365.0
2026-06-07 22:37,29013.5,29017.75,29010.0,29015.5,221.0
2026-06-07 22:38,29014.5,29015.5,29001.5,29007.25,468.0
2026-06-07 22:39,29011.25,29017.25,28996.25,28997.25,244.0
2026-06-07 22:40,28998.25,29009.0,28995.0,29003.75,202.0
2026-06-07 22:41,29002.25,29004.0,28994.5,28996.0,145.0
2026-06-07 22:42,28996.25,28996.25,28963.0,28967.5,467.0
2026-06-07 22:43,28967.5,28975.75,28960.75,28975.75,181.0
2026-06-07 22:44,28975.0,28985.25,28971.25,28974.0,197.0
2026-06-07 22:45,28972.5,28976.5,28957.0,28959.75,194.0
2026-06-07 22:46,28959.5,28986.5,28945.0,28982.25,678.0
2026-06-07 22:47,28980.5,28993.0,28970.75,28991.25,268.0
2026-06-07 22:48,28990.5,29000.0,28975.75,28976.0,278.0
2026-06-07 22:49,28977.25,28985.0,28964.5,28970.25,151.0
2026-06-07 22:50,28970.0,28975.25,28961.0,28973.5,190.0
2026-06-07 22:51,28972.75,28991.0,28971.25,28983.25,229.0
2026-06-07 22:52,28985.25,28993.5,28985.25,28986.75,129.0
2026-06-07 22:53,28988.0,28988.0,28966.5,28974.0,176.0
2026-06-07 22:54,28974.25,28974.25,28962.5,28968.5,136.0
2026-06-07 22:55,28971.0,28972.25,28900.25,28903.0,954.0
2026-06-07 22:56,28904.0,28934.75,28872.25,28934.5,1459.0
2026-06-07 22:57,28933.25,28936.75,28899.25,28920.5,456.0
2026-06-07 22:58,28920.75,28925.0,28893.75,28916.0,278.0
2026-06-07 22:59,28917.75,28923.0,28888.25,28893.0,235.0
2026-06-07 23:00,28894.75,28931.25,28894.5,28925.25,338.0
2026-06-07 23:01,28926.75,28942.5,28921.0,28940.5,214.0
2026-06-07 23:02,28942.25,28962.25,28932.25,28955.25,272.0
2026-06-07 23:03,28958.25,28971.5,28954.75,28970.0,222.0
2026-06-07 23:04,28968.25,28980.5,28960.0,28976.0,237.0
2026-06-07 23:05,28978.5,28978.5,28958.0,28973.5,221.0
2026-06-07 23:06,28974.5,28987.25,28970.25,28979.5,272.0
2026-06-07 23:07,28977.5,29002.75,28975.75,28999.75,338.0
2026-06-07 23:08,28997.5,28998.75,28985.5,28987.75,156.0
2026-06-07 23:09,28988.0,28988.75,28979.0,28986.5,128.0
2026-06-07 23:10,28985.0,29001.25,28966.75,28967.75,371.0
2026-06-07 23:11,28969.25,28984.5,28967.75,28975.25,137.0
2026-06-07 23:12,28974.25,28986.75,28967.25,28986.5,93.0
2026-06-07 23:13,28987.25,28994.75,28981.25,28983.0,136.0
2026-06-07 23:14,28986.5,28996.0,28986.5,28994.25,95.0
2026-06-07 23:15,28992.5,28994.75,28975.75,28983.25,151.0
2026-06-07 23:16,28982.75,28984.0,28956.0,28972.75,343.0
2026-06-07 23:17,28973.75,28976.0,28952.0,28960.0,258.0
2026-06-07 23:18,28962.5,28972.25,28957.0,28969.25,123.0
2026-06-07 23:19,28968.0,28985.75,28966.5,28974.75,184.0
2026-06-07 23:20,28972.0,28985.75,28964.0,28970.75,134.0
2026-06-07 23:21,28969.25,28977.0,28952.25,28961.0,275.0
2026-06-07 23:22,28960.75,28965.0,28938.5,28956.75,325.0
2026-06-07 23:23,28955.75,28962.0,28949.0,28952.0,143.0
2026-06-07 23:24,28951.75,28962.75,28944.25,28952.25,144.0
2026-06-07 23:25,28948.75,28968.75,28942.0,28959.75,159.0
2026-06-07 23:26,28958.0,28958.0,28950.0,28957.5,113.0
2026-06-07 23:27,28956.5,28970.0,28955.25,28962.5,94.0
2026-06-07 23:28,28963.0,28991.0,28961.25,28983.5,380.0
2026-06-07 23:29,28982.75,28989.5,28975.25,28979.0,99.0
2026-06-07 23:30,28977.25,28992.5,28975.0,28982.0,262.0
2026-06-07 23:31,28982.0,28984.0,28971.0,28974.25,113.0
2026-06-07 23:32,28970.75,28996.0,28970.5,28994.5,160.0
2026-06-07 23:33,28993.75,29008.0,28989.0,28996.25,326.0
2026-06-07 23:34,28996.25,28997.75,28980.5,28989.75,217.0
2026-06-07 23:35,28989.75,28995.0,28976.0,28983.5,187.0
2026-06-07 23:36,28983.0,28984.5,28977.5,28982.0,92.0
2026-06-07 23:37,28982.5,28985.75,28967.0,28968.0,142.0
2026-06-07 23:38,28968.75,28984.0,28966.75,28979.25,115.0
2026-06-07 23:39,28980.5,28981.0,28964.75,28974.75,163.0
2026-06-07 23:40,28973.75,29006.5,28973.5,29000.25,278.0
2026-06-07 23:41,29000.0,29000.0,28984.25,28985.0,144.0
2026-06-07 23:42,28985.5,28998.25,28985.5,28998.25,51.0
2026-06-07 23:43,28996.75,29020.75,28995.75,29016.5,311.0
2026-06-07 23:44,29015.25,29026.5,29011.5,29024.75,324.0
2026-06-07 23:45,29023.5,29049.5,29013.75,29032.75,873.0
2026-06-07 23:46,29032.75,29065.75,29031.25,29059.0,523.0
2026-06-07 23:47,29057.75,29073.0,29055.5,29062.25,495.0
2026-06-07 23:48,29060.5,29089.25,29058.5,29088.25,406.0
2026-06-07 23:49,29089.0,29093.25,29069.75,29074.5,348.0
2026-06-07 23:50,29073.0,29084.75,29072.75,29078.0,276.0
2026-06-07 23:51,29075.25,29087.5,29066.0,29069.0,334.0
2026-06-07 23:52,29069.75,29076.75,29061.25,29069.25,250.0
2026-06-07 23:53,29067.25,29072.25,29066.0,29066.0,126.0
2026-06-07 23:54,29065.0,29072.0,29057.0,29061.75,170.0
2026-06-07 23:55,29061.75,29077.5,29061.75,29076.25,144.0
2026-06-07 23:56,29075.25,29075.5,29063.25,29067.25,144.0
2026-06-07 23:57,29067.0,29097.25,29066.75,29087.5,476.0
2026-06-07 23:58,29086.75,29088.75,29074.25,29075.75,287.0
2026-06-07 23:59,29080.25,29103.5,29080.25,29087.75,372.0
2026-06-08 00:00,29083.5,29088.75,29063.25,29066.0,543.0
2026-06-08 00:01,29066.75,29101.75,29059.5,29101.25,393.0
2026-06-08 00:02,29099.75,29115.0,29094.25,29113.25,610.0
2026-06-08 00:03,29114.75,29135.0,29110.0,29133.75,633.0
2026-06-08 00:04,29132.75,29141.5,29128.75,29139.25,419.0
2026-06-08 00:05,29139.5,29142.0,29114.25,29115.5,590.0
2026-06-08 00:06,29115.0,29123.5,29103.75,29107.25,473.0
2026-06-08 00:07,29108.25,29121.75,29098.0,29118.5,483.0
2026-06-08 00:08,29119.0,29129.0,29116.75,29121.5,293.0
2026-06-08 00:09,29122.75,29139.25,29121.5,29137.75,366.0
2026-06-08 00:10,29136.5,29136.5,29107.25,29108.75,413.0
2026-06-08 00:11,29109.25,29130.5,29106.75,29124.5,323.0
2026-06-08 00:12,29124.0,29135.0,29123.25,29128.25,162.0
2026-06-08 00:13,29127.5,29133.25,29121.75,29125.0,132.0
2026-06-08 00:14,29126.0,29148.25,29122.0,29146.5,394.0
2026-06-08 00:15,29146.75,29146.75,29135.0,29143.25,325.0
2026-06-08 00:16,29143.0,29171.25,29143.0,29165.25,774.0
2026-06-08 00:17,29165.25,29177.0,29164.25,29177.0,389.0
2026-06-08 00:18,29176.75,29192.0,29176.25,29191.5,390.0
2026-06-08 00:19,29191.5,29191.5,29170.25,29175.25,412.0
2026-06-08 00:20,29176.0,29188.0,29174.25,29185.0,240.0
2026-06-08 00:21,29184.25,29195.75,29178.0,29180.5,426.0
2026-06-08 00:22,29180.0,29188.5,29176.75,29187.0,166.0
2026-06-08 00:23,29185.75,29194.0,29180.75,29193.0,186.0
2026-06-08 00:24,29192.5,29201.0,29186.0,29189.0,303.0
2026-06-08 00:25,29188.0,29199.75,29182.75,29195.25,225.0
2026-06-08 00:26,29195.75,29215.5,29195.0,29208.0,512.0
2026-06-08 00:27,29209.0,29218.5,29209.0,29215.75,252.0
2026-06-08 00:28,29216.75,29225.75,29213.5,29223.25,501.0
2026-06-08 00:29,29224.25,29225.0,29215.0,29223.0,234.0
2026-06-08 00:30,29223.5,29233.25,29222.25,29231.75,272.0
2026-06-08 00:31,29231.0,29244.25,29228.5,29235.5,414.0
2026-06-08 00:32,29234.5,29237.5,29224.5,29233.5,344.0
2026-06-08 00:33,29232.75,29234.0,29213.5,29220.5,466.0
2026-06-08 00:34,29220.0,29226.0,29215.25,29218.75,268.0
2026-06-08 00:35,29219.25,29230.75,29218.0,29224.5,282.0
2026-06-08 00:36,29224.25,29246.5,29223.25,29246.5,459.0
2026-06-08 00:37,29244.75,29269.75,29243.5,29268.5,980.0
2026-06-08 00:38,29267.5,29274.5,29266.75,29273.0,714.0
2026-06-08 00:39,29273.25,29283.0,29271.0,29279.0,394.0
2026-06-08 00:40,29279.5,29287.5,29271.5,29274.0,530.0
2026-06-08 00:41,29272.0,29275.75,29247.25,29274.5,863.0
2026-06-08 00:42,29273.75,29281.5,29261.25,29275.0,323.0
2026-06-08 00:43,29274.25,29274.5,29265.0,29266.0,376.0
2026-06-08 00:44,29265.0,29266.25,29252.5,29253.5,395.0
2026-06-08 00:45,29253.5,29254.0,29234.5,29234.5,549.0
2026-06-08 00:46,29234.75,29247.0,29228.5,29246.25,630.0
2026-06-08 00:47,29244.75,29247.0,29239.0,29239.25,184.0
2026-06-08 00:48,29238.5,29239.75,29211.25,29228.0,751.0
2026-06-08 00:49,29229.5,29251.5,29227.25,29240.0,577.0
2026-06-08 00:50,29239.5,29241.25,29225.25,29229.0,281.0
2026-06-08 00:51,29229.25,29233.5,29217.25,29220.25,322.0
2026-06-08 00:52,29221.0,29221.0,29202.0,29208.75,366.0
2026-06-08 00:53,29210.0,29212.25,29196.5,29207.75,338.0
2026-06-08 00:54,29208.25,29209.5,29199.5,29199.75,179.0
2026-06-08 00:55,29200.25,29200.25,29167.0,29178.25,837.0
2026-06-08 00:56,29179.5,29180.5,29163.5,29171.5,485.0
2026-06-08 00:57,29171.5,29199.25,29165.25,29194.0,506.0
2026-06-08 00:58,29194.75,29219.25,29188.0,29207.5,764.0
2026-06-08 00:59,29207.25,29220.0,29203.25,29216.75,522.0
2026-06-08 01:00,29218.5,29230.25,29197.25,29216.0,637.0
2026-06-08 01:01,29214.0,29224.75,29206.5,29215.5,307.0
2026-06-08 01:02,29216.75,29235.75,29210.25,29229.25,283.0
2026-06-08 01:03,29229.0,29235.5,29215.0,29225.25,425.0
2026-06-08 01:04,29224.75,29229.75,29212.5,29217.0,279.0
2026-06-08 01:05,29215.75,29217.0,29197.5,29206.25,381.0
2026-06-08 01:06,29206.0,29217.5,29202.5,29213.75,208.0
2026-06-08 01:07,29213.25,29226.75,29194.75,29226.25,395.0
2026-06-08 01:08,29225.25,29234.25,29213.75,29231.25,438.0
2026-06-08 01:09,29232.25,29236.75,29209.75,29213.5,469.0
2026-06-08 01:10,29217.0,29219.25,29181.0,29185.0,512.0
2026-06-08 01:11,29186.75,29190.25,29175.0,29179.25,378.0
2026-06-08 01:12,29179.25,29192.25,29172.0,29185.0,350.0
2026-06-08 01:13,29184.5,29215.25,29181.75,29212.5,402.0
2026-06-08 01:14,29213.0,29215.0,29150.25,29151.5,532.0
2026-06-08 01:15,29153.5,29160.0,29100.5,29142.75,1261.0
2026-06-08 01:16,29146.5,29163.0,29123.75,29128.25,473.0
2026-06-08 01:17,29128.5,29138.5,29114.5,29131.5,400.0
2026-06-08 01:18,29134.75,29160.0,29123.25,29136.25,351.0
2026-06-08 01:19,29136.25,29136.25,29106.5,29112.0,429.0
2026-06-08 01:20,29111.75,29119.25,29093.0,29116.0,545.0
2026-06-08 01:21,29117.0,29142.5,29107.0,29131.0,470.0
2026-06-08 01:22,29127.5,29155.0,29121.25,29139.25,399.0
2026-06-08 01:23,29140.75,29154.25,29124.75,29136.0,450.0
2026-06-08 01:24,29137.5,29137.5,29112.5,29120.25,222.0
2026-06-08 01:25,29121.0,29121.0,29089.25,29094.75,354.0
2026-06-08 01:26,29093.5,29113.5,29093.5,29105.75,330.0
2026-06-08 01:27,29105.5,29130.5,29105.25,29120.0,357.0
2026-06-08 01:28,29120.5,29122.25,29083.25,29090.75,627.0
2026-06-08 01:29,29090.5,29092.0,29071.0,29074.75,485.0
2026-06-08 01:30,29076.75,29077.25,29025.25,29033.5,1018.0
2026-06-08 01:31,29034.25,29168.0,29031.5,29134.0,1493.0
2026-06-08 01:32,29133.0,29140.0,29110.25,29129.25,461.0
2026-06-08 01:33,29126.5,29134.25,29093.5,29093.5,359.0
2026-06-08 01:34,29093.25,29120.25,29069.0,29112.5,628.0
2026-06-08 01:35,29104.75,29115.25,29088.25,29090.25,297.0
2026-06-08 01:36,29091.75,29111.0,29086.25,29100.25,226.0
2026-06-08 01:37,29096.5,29096.5,29071.0,29087.25,210.0
2026-06-08 01:38,29085.25,29100.75,29077.25,29099.75,189.0
2026-06-08 01:39,29099.75,29099.75,29077.5,29097.25,162.0
2026-06-08 01:40,29097.75,29121.25,29094.25,29109.75,360.0
2026-06-08 01:41,29109.75,29138.25,29096.75,29136.75,350.0
2026-06-08 01:42,29135.0,29159.75,29126.75,29158.75,398.0
2026-06-08 01:43,29156.25,29159.75,29134.0,29143.5,239.0
2026-06-08 01:44,29142.25,29161.0,29139.5,29158.75,290.0
2026-06-08 01:45,29158.25,29179.25,29157.75,29175.5,369.0
2026-06-08 01:46,29174.75,29179.25,29163.25,29165.5,255.0
2026-06-08 01:47,29165.5,29169.25,29126.5,29140.25,397.0
2026-06-08 01:48,29139.25,29159.0,29138.75,29145.25,241.0
2026-06-08 01:49,29143.75,29163.25,29138.75,29144.0,146.0
2026-06-08 01:50,29143.0,29143.0,29118.25,29135.25,306.0
2026-06-08 01:51,29135.5,29155.75,29134.25,29152.75,201.0
2026-06-08 01:52,29152.0,29168.75,29151.75,29165.5,277.0
2026-06-08 01:53,29168.0,29168.25,29132.0,29132.75,183.0
2026-06-08 01:54,29133.25,29144.5,29127.75,29140.75,169.0
2026-06-08 01:55,29139.0,29159.25,29134.0,29148.0,189.0
2026-06-08 01:56,29152.5,29168.5,29141.75,29165.5,193.0
2026-06-08 01:57,29164.5,29167.0,29152.5,29154.5,92.0
2026-06-08 01:58,29154.0,29161.5,29136.5,29159.25,171.0
2026-06-08 01:59,29158.75,29170.0,29149.5,29158.75,177.0
2026-06-08 02:00,29161.5,29181.75,29155.75,29171.5,374.0
2026-06-08 02:01,29171.25,29177.0,29158.75,29162.75,165.0
2026-06-08 02:02,29165.0,29166.25,29142.5,29156.0,254.0
2026-06-08 02:03,29155.75,29172.0,29146.0,29153.75,190.0
2026-06-08 02:04,29154.0,29157.5,29148.0,29155.5,192.0
2026-06-08 02:05,29153.75,29158.25,29136.5,29145.5,243.0
2026-06-08 02:06,29147.0,29165.25,29145.75,29152.0,266.0
2026-06-08 02:07,29152.5,29166.75,29147.25,29154.5,248.0
2026-06-08 02:08,29149.5,29160.0,29130.25,29135.0,267.0
2026-06-08 02:09,29133.5,29136.75,29115.5,29125.25,203.0
2026-06-08 02:10,29126.0,29131.75,29111.0,29115.75,173.0
2026-06-08 02:11,29116.75,29152.75,29116.0,29140.5,254.0
2026-06-08 02:12,29140.75,29156.5,29140.75,29153.0,168.0
2026-06-08 02:13,29152.75,29156.5,29138.0,29142.75,164.0
2026-06-08 02:14,29143.0,29155.5,29142.5,29152.0,224.0
2026-06-08 02:15,29151.0,29152.0,29135.75,29137.0,210.0
2026-06-08 02:16,29136.5,29144.75,29128.0,29135.5,301.0
2026-06-08 02:17,29137.5,29138.0,29127.75,29133.5,177.0
2026-06-08 02:18,29131.5,29131.5,29114.25,29123.5,293.0
2026-06-08 02:19,29123.25,29123.25,29106.5,29112.0,247.0
2026-06-08 02:20,29111.25,29121.5,29105.0,29117.5,267.0
2026-06-08 02:21,29117.25,29135.5,29115.5,29125.75,225.0
2026-06-08 02:22,29128.75,29133.5,29122.5,29129.5,77.0
2026-06-08 02:23,29127.5,29131.5,29116.0,29130.75,112.0
2026-06-08 02:24,29133.0,29151.25,29129.5,29148.0,145.0
2026-06-08 02:25,29147.0,29161.0,29147.0,29156.0,151.0
2026-06-08 02:26,29155.75,29172.0,29155.75,29172.0,212.0
2026-06-08 02:27,29172.5,29179.0,29162.0,29164.5,174.0
2026-06-08 02:28,29164.5,29169.75,29140.0,29161.0,486.0
2026-06-08 02:29,29161.25,29175.75,29161.25,29173.75,144.0
2026-06-08 02:30,29173.5,29183.5,29147.5,29156.0,288.0
2026-06-08 02:31,29157.25,29160.25,29133.25,29154.5,465.0
2026-06-08 02:32,29155.25,29168.5,29126.25,29164.0,492.0
2026-06-08 02:33,29162.5,29179.25,29159.0,29176.25,183.0
2026-06-08 02:34,29178.0,29188.25,29169.25,29169.5,266.0
2026-06-08 02:35,29168.5,29177.5,29148.0,29155.0,292.0
2026-06-08 02:36,29155.25,29172.75,29149.25,29168.75,303.0
2026-06-08 02:37,29168.75,29179.25,29165.25,29174.25,137.0
2026-06-08 02:38,29174.75,29193.5,29174.5,29189.0,245.0
2026-06-08 02:39,29189.5,29203.5,29189.5,29200.5,249.0
2026-06-08 02:40,29198.75,29200.5,29193.25,29199.25,157.0
2026-06-08 02:41,29196.75,29201.25,29187.0,29200.0,202.0
2026-06-08 02:42,29200.25,29217.25,29198.25,29208.25,355.0
2026-06-08 02:43,29206.25,29221.25,29205.5,29215.0,188.0
2026-06-08 02:44,29215.5,29229.0,29214.5,29229.0,203.0
2026-06-08 02:45,29228.75,29234.75,29224.0,29227.5,289.0
2026-06-08 02:46,29228.5,29240.5,29223.5,29232.25,244.0
2026-06-08 02:47,29234.0,29238.25,29230.5,29234.25,148.0
2026-06-08 02:48,29233.75,29243.5,29224.0,29224.5,258.0
2026-06-08 02:49,29225.75,29237.25,29218.75,29236.75,299.0
2026-06-08 02:50,29235.75,29239.0,29229.75,29234.0,165.0
2026-06-08 02:51,29233.25,29233.75,29201.25,29218.0,509.0
2026-06-08 02:52,29222.0,29224.5,29211.0,29211.75,201.0
2026-06-08 02:53,29214.75,29220.0,29209.75,29213.0,123.0
2026-06-08 02:54,29212.25,29217.5,29210.25,29213.0,67.0
2026-06-08 02:55,29213.5,29229.0,29213.5,29226.25,176.0
2026-06-08 02:56,29227.0,29240.5,29227.0,29229.0,303.0
2026-06-08 02:57,29229.0,29231.0,29212.75,29216.5,206.0
2026-06-08 02:58,29216.0,29225.75,29215.0,29218.0,113.0
2026-06-08 02:59,29216.75,29217.5,29206.75,29211.25,120.0
2026-06-08 03:00,29211.75,29227.5,29209.25,29225.25,241.0
2026-06-08 03:01,29225.5,29227.5,29216.25,29224.25,96.0
2026-06-08 03:02,29225.75,29232.0,29211.75,29213.25,159.0
2026-06-08 03:03,29212.75,29216.5,29206.0,29212.5,105.0
2026-06-08 03:04,29212.25,29212.25,29198.75,29202.0,179.0
2026-06-08 03:05,29202.5,29216.25,29195.75,29205.75,153.0
2026-06-08 03:06,29206.0,29223.5,29203.0,29223.5,201.0
2026-06-08 03:07,29224.0,29228.0,29217.0,29217.0,126.0
2026-06-08 03:08,29216.75,29225.25,29215.25,29225.0,60.0
2026-06-08 03:09,29224.0,29230.0,29221.5,29227.0,98.0
2026-06-08 03:10,29223.75,29228.5,29220.5,29223.75,120.0
2026-06-08 03:11,29223.0,29223.75,29211.75,29216.0,119.0
2026-06-08 03:12,29214.75,29214.75,29201.75,29205.0,149.0
2026-06-08 03:13,29204.0,29204.0,29199.0,29202.0,98.0
2026-06-08 03:14,29203.0,29216.0,29203.0,29208.25,90.0
2026-06-08 03:15,29207.5,29214.25,29202.0,29210.75,85.0
2026-06-08 03:16,29207.0,29210.0,29196.25,29201.5,113.0
2026-06-08 03:17,29202.25,29203.5,29180.75,29184.5,301.0
2026-06-08 03:18,29184.5,29189.5,29176.5,29179.5,193.0
2026-06-08 03:19,29178.75,29189.25,29177.75,29186.0,135.0
2026-06-08 03:20,29185.5,29193.25,29176.75,29184.0,166.0
2026-06-08 03:21,29184.5,29203.5,29183.25,29197.75,221.0
2026-06-08 03:22,29198.75,29207.5,29193.25,29205.25,189.0
2026-06-08 03:23,29204.0,29214.5,29202.25,29213.5,101.0
2026-06-08 03:24,29213.5,29218.5,29199.25,29218.5,127.0
2026-06-08 03:25,29217.25,29223.0,29210.25,29212.5,158.0
2026-06-08 03:26,29213.25,29219.75,29209.0,29216.25,94.0
2026-06-08 03:27,29216.5,29220.5,29212.25,29215.75,76.0
2026-06-08 03:28,29218.0,29219.5,29207.0,29210.25,111.0
2026-06-08 03:29,29210.0,29218.25,29206.5,29218.0,103.0
2026-06-08 03:30,29216.5,29232.25,29215.75,29223.0,183.0
2026-06-08 03:31,29223.5,29231.5,29219.25,29225.0,131.0
2026-06-08 03:32,29224.25,29225.5,29215.75,29220.25,90.0
2026-06-08 03:33,29220.0,29221.5,29212.75,29215.5,86.0
2026-06-08 03:34,29214.5,29222.0,29213.75,29217.0,77.0
2026-06-08 03:35,29217.5,29221.25,29214.75,29219.75,67.0
2026-06-08 03:36,29218.75,29227.0,29217.0,29222.75,67.0
2026-06-08 03:37,29223.25,29225.0,29217.75,29221.5,52.0
2026-06-08 03:38,29220.5,29222.5,29214.75,29215.75,51.0
2026-06-08 03:39,29215.75,29219.0,29210.0,29219.0,73.0
2026-06-08 03:40,29216.75,29222.5,29212.25,29222.5,58.0
2026-06-08 03:41,29220.75,29230.5,29219.5,29221.25,103.0
2026-06-08 03:42,29222.0,29226.75,29220.0,29223.75,62.0
2026-06-08 03:43,29224.0,29224.0,29207.0,29208.5,110.0
2026-06-08 03:44,29209.5,29215.0,29205.75,29212.5,89.0
2026-06-08 03:45,29212.0,29215.75,29210.25,29211.0,52.0
2026-06-08 03:46,29212.0,29216.5,29207.0,29211.5,69.0
2026-06-08 03:47,29213.25,29221.0,29208.75,29208.75,52.0
2026-06-08 03:48,29210.0,29215.5,29209.25,29211.25,40.0
2026-06-08 03:49,29210.5,29215.5,29204.25,29206.75,83.0
2026-06-08 03:50,29204.5,29208.5,29200.0,29202.5,81.0
2026-06-08 03:51,29203.75,29215.5,29203.75,29212.25,146.0
2026-06-08 03:52,29211.5,29214.5,29206.0,29213.25,62.0
2026-06-08 03:53,29213.25,29224.5,29211.25,29222.5,89.0
2026-06-08 03:54,29221.5,29226.0,29215.5,29216.25,143.0
2026-06-08 03:55,29215.5,29219.25,29206.5,29215.0,165.0
2026-06-08 03:56,29215.75,29217.25,29208.5,29212.5,58.0
2026-06-08 03:57,29212.75,29214.75,29203.5,29208.75,35.0
2026-06-08 03:58,29208.5,29209.75,29202.5,29205.0,112.0
2026-06-08 03:59,29204.25,29212.25,29200.25,29211.75,75.0
2026-06-08 04:00,29212.5,29218.5,29210.0,29216.75,97.0
2026-06-08 04:01,29217.0,29220.75,29215.25,29220.25,76.0
2026-06-08 04:02,29219.5,29223.25,29215.25,29217.25,65.0
2026-06-08 04:03,29216.25,29218.75,29191.5,29194.0,175.0
2026-06-08 04:04,29194.75,29196.75,29176.75,29185.0,484.0
2026-06-08 04:05,29186.25,29191.25,29157.5,29175.5,327.0
2026-06-08 04:06,29176.0,29176.75,29156.5,29168.25,134.0
2026-06-08 04:07,29170.5,29184.25,29164.5,29178.5,164.0
2026-06-08 04:08,29178.75,29190.5,29175.25,29184.0,141.0
2026-06-08 04:09,29181.5,29183.0,29176.5,29183.0,61.0
2026-06-08 04:10,29183.5,29189.0,29178.75,29186.75,83.0
2026-06-08 04:11,29186.5,29188.25,29177.0,29179.75,120.0
2026-06-08 04:12,29179.0,29181.0,29169.25,29173.5,407.0
2026-06-08 04:13,29172.25,29176.0,29165.75,29169.25,732.0
2026-06-08 04:14,29169.75,29182.5,29169.25,29176.5,549.0
2026-06-08 04:15,29180.0,29193.75,29173.0,29192.25,157.0
2026-06-08 04:16,29194.0,29199.75,29186.75,29198.25,186.0
2026-06-08 04:17,29196.0,29196.0,29183.5,29186.0,81.0
2026-06-08 04:18,29186.0,29186.0,29176.5,29183.5,106.0
2026-06-08 04:19,29182.75,29183.25,29158.75,29160.0,210.0
2026-06-08 04:20,29160.25,29162.75,29151.0,29152.25,179.0
2026-06-08 04:21,29151.0,29166.5,29146.0,29154.0,212.0
2026-06-08 04:22,29154.25,29170.25,29153.5,29162.75,165.0
2026-06-08 04:23,29161.5,29163.5,29154.5,29155.25,109.0
2026-06-08 04:24,29155.25,29158.5,29147.0,29153.75,151.0
2026-06-08 04:25,29153.0,29163.75,29152.5,29158.0,78.0
2026-06-08 04:26,29159.75,29161.75,29155.25,29159.5,59.0
2026-06-08 04:27,29157.0,29168.0,29155.0,29168.0,96.0
2026-06-08 04:28,29167.25,29174.25,29166.0,29171.5,101.0
2026-06-08 04:29,29169.25,29171.5,29161.75,29171.5,118.0
2026-06-08 04:30,29171.75,29176.0,29165.25,29165.5,66.0
2026-06-08 04:31,29165.0,29172.25,29164.0,29170.75,61.0
2026-06-08 04:32,29172.25,29178.75,29168.75,29175.0,116.0
2026-06-08 04:33,29173.0,29176.25,29150.0,29152.0,256.0
2026-06-08 04:34,29154.5,29156.5,29143.0,29150.5,250.0
2026-06-08 04:35,29153.25,29156.0,29138.75,29140.0,302.0
2026-06-08 04:36,29140.75,29143.5,29135.25,29138.0,211.0
2026-06-08 04:37,29139.0,29150.5,29139.0,29147.5,106.0
2026-06-08 04:38,29148.75,29149.75,29133.5,29136.0,168.0
2026-06-08 04:39,29134.5,29139.75,29126.5,29131.5,148.0
2026-06-08 04:40,29131.25,29135.5,29120.5,29123.25,161.0
2026-06-08 04:41,29124.0,29128.5,29120.75,29123.75,88.0
2026-06-08 04:42,29123.75,29126.0,29117.0,29119.0,149.0
2026-06-08 04:43,29119.0,29119.5,29103.25,29106.75,238.0
2026-06-08 04:44,29106.5,29115.25,29097.25,29101.0,329.0
2026-06-08 04:45,29101.25,29109.25,29096.75,29107.0,151.0
2026-06-08 04:46,29107.0,29131.0,29103.0,29131.0,267.0
2026-06-08 04:47,29131.5,29133.0,29123.0,29129.5,111.0
2026-06-08 04:48,29129.0,29134.75,29117.25,29118.25,141.0
2026-06-08 04:49,29116.5,29123.0,29111.25,29117.75,135.0
2026-06-08 04:50,29117.75,29129.75,29116.5,29125.25,91.0
2026-06-08 04:51,29124.75,29133.75,29118.5,29128.25,135.0
2026-06-08 04:52,29130.5,29140.75,29126.75,29126.75,139.0
2026-06-08 04:53,29126.75,29128.75,29118.0,29127.75,73.0
2026-06-08 04:54,29125.5,29126.75,29114.5,29124.0,75.0
2026-06-08 04:55,29122.5,29124.5,29110.75,29113.5,74.0
2026-06-08 04:56,29113.0,29113.75,29103.5,29110.25,96.0
2026-06-08 04:57,29109.0,29109.0,29095.25,29101.0,187.0
2026-06-08 04:58,29102.0,29102.0,29088.5,29097.25,229.0
2026-06-08 04:59,29096.5,29104.0,29089.75,29092.0,168.0
2026-06-08 05:00,29089.75,29121.0,29089.75,29113.75,357.0
2026-06-08 05:01,29113.25,29116.75,29103.5,29113.75,196.0
2026-06-08 05:02,29114.75,29118.0,29107.25,29118.0,84.0
2026-06-08 05:03,29119.0,29127.0,29114.25,29123.0,164.0
2026-06-08 05:04,29123.0,29144.0,29120.25,29138.0,185.0
2026-06-08 05:05,29136.75,29136.75,29113.25,29117.25,237.0
2026-06-08 05:06,29118.0,29130.0,29103.25,29110.5,216.0
2026-06-08 05:07,29109.75,29115.0,29102.0,29115.0,147.0
2026-06-08 05:08,29114.0,29117.25,29103.5,29108.5,218.0
2026-06-08 05:09,29109.5,29111.75,29101.5,29110.25,101.0
2026-06-08 05:10,29111.25,29115.5,29101.0,29102.0,169.0
2026-06-08 05:11,29101.5,29108.0,29097.5,29099.75,120.0
2026-06-08 05:12,29101.5,29101.5,29083.0,29085.5,253.0
2026-06-08 05:13,29085.0,29085.5,29068.25,29073.5,349.0
2026-06-08 05:14,29073.5,29078.75,29060.0,29063.0,193.0
2026-06-08 05:15,29065.0,29076.25,29063.75,29068.5,189.0
2026-06-08 05:16,29067.5,29073.75,29060.75,29071.5,199.0
2026-06-08 05:17,29072.5,29085.5,29066.0,29081.5,191.0
2026-06-08 05:18,29082.25,29098.25,29072.5,29096.5,357.0
2026-06-08 05:19,29095.75,29095.75,29083.75,29087.25,143.0
2026-06-08 05:20,29088.0,29090.0,29076.25,29076.5,127.0
2026-06-08 05:21,29077.25,29092.25,29077.25,29080.0,174.0
2026-06-08 05:22,29080.0,29090.0,29078.25,29083.25,105.0
2026-06-08 05:23,29082.75,29095.25,29080.25,29092.75,84.0
2026-06-08 05:24,29093.5,29093.5,29081.5,29082.5,107.0
2026-06-08 05:25,29083.75,29084.75,29063.5,29066.75,199.0
2026-06-08 05:26,29067.5,29083.0,29064.25,29077.75,169.0
2026-06-08 05:27,29078.0,29099.75,29076.5,29097.0,211.0
2026-06-08 05:28,29096.25,29100.75,29088.0,29090.75,187.0
2026-06-08 05:29,29092.5,29094.0,29083.75,29092.0,86.0
2026-06-08 05:30,29092.25,29098.0,29068.0,29072.25,277.0
2026-06-08 05:31,29074.75,29082.5,29065.0,29066.75,171.0
2026-06-08 05:32,29065.25,29068.0,29051.0,29055.75,233.0
2026-06-08 05:33,29056.0,29066.5,29052.5,29053.5,214.0
2026-06-08 05:34,29053.75,29054.5,29043.25,29045.75,217.0
2026-06-08 05:35,29047.25,29047.75,29034.25,29037.5,334.0
2026-06-08 05:36,29037.25,29044.75,29023.25,29036.75,367.0
2026-06-08 05:37,29037.5,29038.25,29000.0,29001.75,695.0
2026-06-08 05:38,29003.75,29013.0,29000.0,29011.0,235.0
2026-06-08 05:39,29009.75,29022.75,29007.25,29022.0,257.0
2026-06-08 05:40,29022.0,29029.25,29008.25,29013.25,215.0
2026-06-08 05:41,29014.0,29016.5,28989.0,28995.25,442.0
2026-06-08 05:42,28995.25,28995.5,28980.75,28988.75,278.0
2026-06-08 05:43,28990.5,29013.5,28989.5,29007.0,345.0
2026-06-08 05:44,29006.25,29007.25,28984.25,28990.5,190.0
2026-06-08 05:45,28989.5,28991.25,28976.5,28982.25,189.0
2026-06-08 05:46,28983.0,28998.0,28982.75,28994.25,250.0
2026-06-08 05:47,28994.25,28999.75,28986.0,28986.0,172.0
2026-06-08 05:48,28984.25,28997.25,28982.75,28991.25,144.0
2026-06-08 05:49,28990.75,28994.25,28972.75,28981.75,221.0
2026-06-08 05:50,28983.0,29012.5,28979.75,29000.75,276.0
2026-06-08 05:51,29000.5,29016.75,28994.25,29014.75,195.0
2026-06-08 05:52,29013.75,29019.25,29003.0,29010.5,262.0
2026-06-08 05:53,29011.0,29012.25,28993.25,28994.5,181.0
2026-06-08 05:54,28998.75,29002.75,28986.0,29002.75,241.0
2026-06-08 05:55,29001.25,29020.25,29001.0,29007.75,445.0
2026-06-08 05:56,29008.5,29023.5,29005.75,29021.0,254.0
2026-06-08 05:57,29019.0,29021.25,29000.25,29002.25,151.0
2026-06-08 05:58,29002.5,29004.0,28990.0,28999.0,198.0
2026-06-08 05:59,28998.25,29017.5,28997.5,29017.5,188.0
2026-06-08 06:00,29016.75,29051.0,29000.0,29047.75,531.0
2026-06-08 06:01,29047.5,29062.5,29035.25,29055.25,490.0
2026-06-08 06:02,29055.25,29073.25,29053.75,29061.5,337.0
2026-06-08 06:03,29060.5,29070.75,29053.25,29067.0,278.0
2026-06-08 06:04,29066.25,29068.75,29040.75,29050.25,485.0
2026-06-08 06:05,29048.25,29052.75,29041.5,29044.25,173.0
2026-06-08 06:06,29042.0,29058.0,29037.5,29053.25,220.0
2026-06-08 06:07,29052.0,29054.75,29035.75,29036.5,149.0
2026-06-08 06:08,29035.75,29037.0,29026.75,29036.5,229.0
2026-06-08 06:09,29030.0,29054.0,29028.0,29041.25,166.0
2026-06-08 06:10,29040.25,29041.75,29025.25,29036.0,158.0
2026-06-08 06:11,29036.75,29047.0,29036.0,29045.25,140.0
2026-06-08 06:12,29044.25,29046.75,29030.25,29039.5,111.0
2026-06-08 06:13,29039.25,29047.5,29036.75,29045.0,120.0
2026-06-08 06:14,29045.0,29045.0,29028.25,29030.75,128.0
2026-06-08 06:15,29028.75,29032.5,29017.0,29020.0,256.0
2026-06-08 06:16,29021.0,29031.5,29011.75,29015.75,279.0
2026-06-08 06:17,29016.25,29041.75,29015.75,29035.0,229.0
2026-06-08 06:18,29033.25,29033.5,29018.25,29021.75,152.0
2026-06-08 06:19,29021.25,29046.25,29020.5,29042.75,219.0
2026-06-08 06:20,29043.0,29062.0,29041.75,29056.0,271.0
2026-06-08 06:21,29055.5,29072.25,29052.5,29063.5,239.0
2026-06-08 06:22,29063.25,29066.75,29051.5,29060.75,149.0
2026-06-08 06:23,29061.5,29066.5,29055.0,29064.5,159.0
2026-06-08 06:24,29064.25,29074.75,29061.5,29073.75,171.0
2026-06-08 06:25,29072.0,29073.0,29053.25,29058.75,199.0
2026-06-08 06:26,29060.75,29084.25,29060.75,29082.25,263.0
2026-06-08 06:27,29082.5,29104.5,29081.0,29099.75,397.0
2026-06-08 06:28,29099.75,29113.25,29090.5,29109.5,305.0
2026-06-08 06:29,29108.75,29138.0,29108.5,29130.75,652.0
2026-06-08 06:30,29129.75,29151.0,29117.75,29129.25,701.0
2026-06-08 06:31,29128.0,29132.25,29104.0,29110.0,451.0
2026-06-08 06:32,29110.75,29121.25,29105.0,29113.75,256.0
2026-06-08 06:33,29113.0,29118.5,29108.0,29114.75,160.0
2026-06-08 06:34,29114.25,29119.5,29100.75,29101.75,301.0
2026-06-08 06:35,29103.25,29106.75,29082.25,29086.75,306.0
2026-06-08 06:36,29084.75,29102.0,29083.0,29101.0,242.0
2026-06-08 06:37,29102.5,29109.5,29080.0,29080.0,291.0
2026-06-08 06:38,29078.5,29089.75,29072.5,29080.75,256.0
2026-06-08 06:39,29080.5,29085.75,29078.5,29079.75,182.0
2026-06-08 06:40,29077.75,29081.0,29068.5,29072.25,185.0
2026-06-08 06:41,29073.75,29079.0,29071.75,29075.0,118.0
2026-06-08 06:42,29074.0,29086.5,29066.75,29084.75,287.0
2026-06-08 06:43,29085.75,29104.5,29084.5,29099.0,371.0
2026-06-08 06:44,29099.25,29100.5,29089.0,29097.0,94.0
2026-06-08 06:45,29097.25,29098.75,29075.75,29078.25,235.0
2026-06-08 06:46,29078.25,29092.5,29078.0,29084.25,133.0
2026-06-08 06:47,29084.75,29087.0,29074.25,29079.0,110.0
2026-06-08 06:48,29077.0,29078.5,29066.0,29068.25,148.0
2026-06-08 06:49,29068.75,29074.5,29057.0,29062.25,152.0
2026-06-08 06:50,29062.25,29070.5,29050.0,29063.0,278.0
2026-06-08 06:51,29063.25,29086.0,29058.5,29080.75,181.0
2026-06-08 06:52,29081.0,29093.5,29079.5,29089.5,220.0
2026-06-08 06:53,29090.5,29095.75,29085.25,29092.75,112.0
2026-06-08 06:54,29092.0,29098.0,29080.0,29098.0,153.0
2026-06-08 06:55,29097.75,29098.0,29086.0,29093.75,98.0
2026-06-08 06:56,29090.75,29101.0,29085.75,29097.25,199.0
2026-06-08 06:57,29097.25,29100.25,29081.0,29093.5,158.0
2026-06-08 06:58,29093.25,29096.25,29087.5,29093.0,90.0
2026-06-08 06:59,29095.0,29103.75,29094.5,29101.75,142.0
2026-06-08 07:00,29101.0,29124.0,29092.5,29120.25,505.0
2026-06-08 07:01,29119.25,29122.0,29090.25,29092.0,404.0
2026-06-08 07:02,29093.0,29102.5,29088.0,29095.5,236.0
2026-06-08 07:03,29095.25,29111.75,29082.75,29109.5,379.0
2026-06-08 07:04,29110.25,29118.25,29102.5,29103.0,203.0
2026-06-08 07:05,29105.25,29110.0,29093.0,29103.0,246.0
2026-06-08 07:06,29102.25,29103.5,29090.0,29097.25,117.0
2026-06-08 07:07,29099.25,29103.75,29096.0,29096.25,121.0
2026-06-08 07:08,29097.0,29129.0,29097.0,29126.5,226.0
2026-06-08 07:09,29127.75,29132.0,29120.75,29126.25,190.0
2026-06-08 07:10,29125.25,29138.75,29122.25,29135.5,239.0
2026-06-08 07:11,29135.25,29138.5,29124.75,29132.25,218.0
2026-06-08 07:12,29132.75,29147.0,29125.5,29135.0,292.0
2026-06-08 07:13,29134.5,29157.0,29131.0,29154.25,289.0
2026-06-08 07:14,29152.25,29152.75,29135.5,29142.75,175.0
2026-06-08 07:15,29143.25,29145.25,29115.75,29135.0,467.0
2026-06-08 07:16,29135.75,29164.0,29133.0,29157.0,305.0
2026-06-08 07:17,29158.0,29171.75,29158.0,29163.0,283.0
2026-06-08 07:18,29161.25,29163.5,29150.25,29154.5,220.0
2026-06-08 07:19,29154.75,29167.5,29146.25,29163.75,273.0
2026-06-08 07:20,29163.0,29185.25,29162.0,29185.25,354.0
2026-06-08 07:21,29184.5,29197.75,29180.0,29191.5,294.0
2026-06-08 07:22,29192.25,29193.25,29177.25,29187.75,214.0
2026-06-08 07:23,29188.0,29202.5,29187.0,29200.0,295.0
2026-06-08 07:24,29201.0,29218.75,29195.5,29215.0,480.0
2026-06-08 07:25,29215.0,29221.5,29204.75,29214.5,530.0
2026-06-08 07:26,29215.5,29219.25,29204.75,29209.75,294.0
2026-06-08 07:27,29208.75,29226.75,29208.5,29222.75,496.0
2026-06-08 07:28,29221.0,29235.0,29212.25,29232.75,459.0
2026-06-08 07:29,29229.25,29241.0,29224.75,29228.5,396.0
2026-06-08 07:30,29229.0,29240.0,29216.25,29235.0,576.0
2026-06-08 07:31,29233.5,29241.5,29225.0,29226.25,266.0
2026-06-08 07:32,29225.25,29226.5,29217.25,29218.75,161.0
2026-06-08 07:33,29218.75,29225.75,29214.75,29218.75,210.0
2026-06-08 07:34,29217.5,29220.25,29212.0,29216.0,158.0
2026-06-08 07:35,29216.0,29228.25,29208.75,29213.25,200.0
2026-06-08 07:36,29212.75,29217.75,29202.25,29203.0,224.0
2026-06-08 07:37,29203.25,29205.75,29184.75,29202.75,549.0
2026-06-08 07:38,29202.25,29228.75,29201.5,29213.75,339.0
2026-06-08 07:39,29212.0,29227.25,29209.0,29220.5,217.0
2026-06-08 07:40,29219.75,29226.5,29209.75,29225.25,212.0
2026-06-08 07:41,29225.5,29227.75,29218.0,29223.5,104.0
2026-06-08 07:42,29223.0,29223.0,29209.0,29210.75,108.0
2026-06-08 07:43,29209.75,29220.0,29209.0,29214.0,142.0
2026-06-08 07:44,29213.0,29226.75,29211.5,29225.75,94.0
2026-06-08 07:45,29223.5,29227.75,29215.25,29223.75,150.0
2026-06-08 07:46,29222.0,29237.75,29220.25,29234.25,202.0
2026-06-08 07:47,29234.5,29249.0,29234.25,29249.0,361.0
2026-06-08 07:48,29248.75,29265.5,29245.75,29260.75,522.0
2026-06-08 07:49,29259.75,29270.75,29258.75,29263.0,478.0
2026-06-08 07:50,29261.75,29270.0,29259.5,29262.75,341.0
2026-06-08 07:51,29262.25,29281.0,29261.0,29266.5,476.0
2026-06-08 07:52,29267.25,29269.75,29254.0,29254.0,225.0
2026-06-08 07:53,29253.25,29268.75,29252.75,29266.0,277.0
2026-06-08 07:54,29267.75,29269.25,29254.75,29258.25,142.0
2026-06-08 07:55,29258.0,29278.0,29254.75,29269.0,383.0
2026-06-08 07:56,29266.0,29272.5,29263.0,29266.75,178.0
2026-06-08 07:57,29266.5,29274.5,29262.0,29266.25,174.0
2026-06-08 07:58,29266.0,29270.5,29262.75,29263.75,80.0
2026-06-08 07:59,29262.75,29263.0,29255.5,29257.0,105.0
2026-06-08 08:00,29255.25,29256.5,29232.75,29234.0,532.0
2026-06-08 08:01,29233.5,29240.75,29222.5,29225.0,238.0
2026-06-08 08:02,29224.0,29230.25,29212.5,29214.0,283.0
2026-06-08 08:03,29214.25,29215.5,29201.25,29204.25,308.0
2026-06-08 08:04,29205.0,29228.25,29204.0,29224.5,439.0
2026-06-08 08:05,29225.5,29245.0,29221.75,29234.5,433.0
2026-06-08 08:06,29233.25,29247.25,29230.0,29246.75,304.0
2026-06-08 08:07,29246.75,29246.75,29217.25,29229.25,477.0
2026-06-08 08:08,29229.5,29236.5,29222.0,29224.5,315.0
2026-06-08 08:09,29224.5,29254.5,29212.5,29246.75,416.0
2026-06-08 08:10,29246.25,29250.0,29215.0,29219.75,378.0
2026-06-08 08:11,29221.25,29234.0,29221.25,29230.75,173.0
2026-06-08 08:12,29232.0,29233.25,29216.0,29218.75,176.0
2026-06-08 08:13,29217.0,29233.25,29217.0,29227.25,183.0
2026-06-08 08:14,29227.0,29228.5,29210.25,29210.75,179.0
2026-06-08 08:15,29212.25,29235.75,29210.25,29232.0,237.0
2026-06-08 08:16,29231.75,29234.25,29212.0,29218.5,301.0
2026-06-08 08:17,29218.0,29218.5,29206.5,29217.25,240.0
2026-06-08 08:18,29218.0,29235.5,29215.5,29234.5,139.0
2026-06-08 08:19,29235.0,29248.5,29234.0,29240.25,237.0
2026-06-08 08:20,29238.75,29241.75,29224.5,29225.75,210.0
2026-06-08 08:21,29224.25,29229.75,29216.75,29220.0,278.0
2026-06-08 08:22,29220.5,29231.75,29214.75,29216.25,176.0
2026-06-08 08:23,29216.25,29227.0,29203.75,29221.75,298.0
2026-06-08 08:24,29222.5,29233.5,29218.75,29218.75,148.0
2026-06-08 08:25,29220.75,29225.75,29216.75,29224.5,116.0
2026-06-08 08:26,29222.25,29232.25,29222.0,29223.75,137.0
2026-06-08 08:27,29224.75,29226.5,29212.25,29213.75,135.0
2026-06-08 08:28,29213.0,29219.75,29207.5,29215.0,128.0
2026-06-08 08:29,29214.0,29224.25,29211.25,29223.25,221.0
2026-06-08 08:30,29225.0,29241.0,29217.0,29240.0,227.0
2026-06-08 08:31,29240.75,29245.25,29232.75,29240.25,164.0
2026-06-08 08:32,29238.0,29257.5,29237.5,29250.0,271.0
2026-06-08 08:33,29248.75,29256.5,29248.75,29253.5,123.0
2026-06-08 08:34,29252.25,29266.75,29246.25,29266.75,255.0
2026-06-08 08:35,29267.0,29267.75,29236.25,29243.0,338.0
2026-06-08 08:36,29240.0,29247.25,29229.5,29232.0,286.0
2026-06-08 08:37,29231.25,29235.75,29226.25,29233.5,173.0
2026-06-08 08:38,29235.25,29238.25,29223.0,29230.75,133.0
2026-06-08 08:39,29230.25,29232.25,29211.25,29212.5,166.0
2026-06-08 08:40,29212.5,29220.0,29199.25,29200.0,302.0
2026-06-08 08:41,29199.25,29205.75,29192.0,29193.0,340.0
2026-06-08 08:42,29194.0,29201.0,29188.25,29190.0,251.0
2026-06-08 08:43,29190.5,29209.75,29190.5,29203.25,226.0
2026-06-08 08:44,29204.5,29206.0,29195.25,29206.0,178.0
2026-06-08 08:45,29206.5,29208.0,29196.5,29196.75,114.0
2026-06-08 08:46,29197.5,29200.5,29179.0,29179.0,288.0
2026-06-08 08:47,29180.0,29182.75,29157.75,29160.0,897.0
2026-06-08 08:48,29161.25,29186.0,29159.25,29184.5,262.0
2026-06-08 08:49,29186.5,29199.0,29186.5,29196.25,182.0
2026-06-08 08:50,29197.5,29203.25,29181.5,29183.75,369.0
2026-06-08 08:51,29184.5,29185.5,29165.0,29167.0,588.0
2026-06-08 08:52,29168.25,29175.75,29165.0,29166.75,117.0
2026-06-08 08:53,29165.75,29173.25,29162.5,29164.5,161.0
2026-06-08 08:54,29161.25,29169.75,29158.75,29163.0,235.0
2026-06-08 08:55,29161.5,29180.75,29160.0,29162.0,195.0
2026-06-08 08:56,29162.0,29168.75,29157.0,29165.0,127.0
2026-06-08 08:57,29163.25,29171.5,29161.0,29170.25,159.0
2026-06-08 08:58,29170.0,29180.75,29166.5,29180.5,87.0
2026-06-08 08:59,29180.25,29184.0,29173.25,29176.25,130.0
2026-06-08 09:00,29179.0,29191.5,29177.0,29188.25,201.0
2026-06-08 09:01,29189.5,29198.5,29184.0,29192.25,177.0
2026-06-08 09:02,29191.25,29195.25,29180.75,29195.0,176.0
2026-06-08 09:03,29195.25,29197.75,29185.25,29185.25,154.0
2026-06-08 09:04,29186.5,29194.0,29185.0,29190.25,105.0
2026-06-08 09:05,29190.0,29191.0,29177.5,29178.75,131.0
2026-06-08 09:06,29179.75,29186.0,29170.75,29173.5,126.0
2026-06-08 09:07,29172.0,29172.25,29161.75,29167.0,133.0
2026-06-08 09:08,29166.75,29174.0,29162.5,29163.75,128.0
2026-06-08 09:09,29162.75,29162.75,29148.25,29152.0,279.0
2026-06-08 09:10,29149.0,29168.5,29145.0,29167.25,179.0
2026-06-08 09:11,29167.5,29174.25,29161.75,29172.0,141.0
2026-06-08 09:12,29171.0,29175.0,29164.5,29175.0,83.0
2026-06-08 09:13,29175.0,29185.5,29173.5,29182.75,63.0
2026-06-08 09:14,29184.25,29188.5,29175.75,29188.5,122.0
2026-06-08 09:15,29187.5,29193.75,29182.25,29192.25,239.0
2026-06-08 09:16,29192.5,29201.25,29190.0,29199.75,138.0
2026-06-08 09:17,29200.25,29202.5,29194.75,29198.75,167.0
2026-06-08 09:18,29201.0,29204.0,29192.75,29194.75,97.0
2026-06-08 09:19,29194.75,29199.5,29194.75,29196.0,58.0
2026-06-08 09:20,29195.5,29216.5,29195.5,29214.0,245.0
2026-06-08 09:21,29213.75,29219.0,29211.5,29216.75,118.0
2026-06-08 09:22,29215.5,29223.0,29211.75,29217.0,237.0
2026-06-08 09:23,29214.0,29215.0,29207.0,29209.0,107.0
2026-06-08 09:24,29209.0,29209.0,29197.25,29203.25,132.0
2026-06-08 09:25,29202.25,29209.0,29196.5,29208.25,92.0
2026-06-08 09:26,29207.25,29207.5,29200.25,29201.0,46.0
2026-06-08 09:27,29200.0,29204.75,29198.5,29203.25,78.0
2026-06-08 09:28,29202.75,29202.75,29189.0,29195.0,172.0
2026-06-08 09:29,29193.25,29198.25,29193.0,29193.25,82.0
2026-06-08 09:30,29193.25,29196.25,29186.25,29189.25,229.0
2026-06-08 09:31,29190.5,29193.5,29185.0,29188.5,79.0
2026-06-08 09:32,29187.75,29192.25,29181.0,29190.0,189.0
2026-06-08 09:33,29190.75,29194.5,29179.5,29180.5,161.0
2026-06-08 09:34,29181.25,29181.5,29171.0,29173.25,176.0
2026-06-08 09:35,29172.75,29175.25,29162.75,29164.5,228.0
2026-06-08 09:36,29165.0,29254.5,29164.25,29205.0,1112.0
2026-06-08 09:37,29206.25,29227.75,29199.0,29205.75,437.0
2026-06-08 09:38,29207.0,29215.75,29193.5,29196.5,350.0
2026-06-08 09:39,29197.75,29207.75,29175.0,29196.25,370.0
2026-06-08 09:40,29197.0,29204.0,29194.75,29199.5,133.0
2026-06-08 09:41,29195.5,29201.0,29187.25,29188.5,105.0
2026-06-08 09:42,29187.5,29212.5,29187.0,29209.5,163.0
2026-06-08 09:43,29208.0,29222.75,29204.5,29219.75,257.0
2026-06-08 09:44,29220.0,29223.5,29217.75,29219.0,131.0
2026-06-08 09:45,29218.0,29228.5,29212.5,29225.5,161.0
2026-06-08 09:46,29225.0,29229.75,29221.5,29224.75,125.0
2026-06-08 09:47,29225.75,29229.0,29218.5,29224.5,126.0
2026-06-08 09:48,29224.0,29233.5,29220.5,29229.5,297.0
2026-06-08 09:49,29229.25,29233.5,29225.25,29228.25,151.0
2026-06-08 09:50,29227.75,29228.25,29217.25,29223.75,226.0
2026-06-08 09:51,29224.25,29224.75,29212.25,29222.0,164.0
2026-06-08 09:52,29223.0,29234.5,29221.75,29224.0,139.0
2026-06-08 09:53,29222.5,29225.25,29214.0,29222.25,225.0
2026-06-08 09:54,29223.75,29232.0,29222.75,29228.25,128.0
2026-06-08 09:55,29229.5,29234.0,29225.75,29230.75,117.0
2026-06-08 09:56,29230.75,29235.0,29226.25,29228.25,96.0
2026-06-08 09:57,29228.5,29236.5,29227.25,29228.25,136.0
2026-06-08 09:58,29227.0,29235.75,29223.5,29233.75,117.0
2026-06-08 09:59,29232.5,29240.5,29226.75,29240.5,97.0
2026-06-08 10:00,29239.0,29241.0,29224.5,29224.5,120.0
2026-06-08 10:01,29223.5,29224.0,29207.5,29209.0,237.0
2026-06-08 10:02,29209.25,29216.75,29185.75,29213.75,1013.0
2026-06-08 10:03,29215.0,29219.5,29208.5,29212.75,170.0
2026-06-08 10:04,29214.0,29218.5,29206.5,29212.25,107.0
2026-06-08 10:05,29215.5,29222.5,29211.0,29214.5,77.0
2026-06-08 10:06,29213.5,29229.75,29213.5,29227.25,85.0
2026-06-08 10:07,29226.25,29230.75,29223.25,29230.75,58.0
2026-06-08 10:08,29230.75,29234.25,29228.0,29230.5,111.0
2026-06-08 10:09,29230.0,29234.5,29220.0,29223.0,139.0
2026-06-08 10:10,29221.75,29229.75,29220.0,29226.75,85.0
2026-06-08 10:11,29226.0,29227.5,29223.0,29225.5,69.0
2026-06-08 10:12,29225.0,29232.75,29221.75,29228.75,120.0
2026-06-08 10:13,29229.75,29232.0,29222.0,29222.0,84.0
2026-06-08 10:14,29222.5,29222.5,29214.75,29221.75,216.0
2026-06-08 10:15,29223.0,29224.0,29217.0,29217.0,70.0
2026-06-08 10:16,29217.25,29227.25,29207.0,29207.0,223.0
2026-06-08 10:17,29208.0,29209.25,29200.0,29202.75,174.0
2026-06-08 10:18,29202.25,29207.0,29201.5,29202.0,92.0
2026-06-08 10:19,29201.25,29207.0,29192.0,29192.5,113.0
2026-06-08 10:20,29191.5,29198.25,29186.5,29197.0,124.0
2026-06-08 10:21,29197.0,29201.25,29194.75,29196.75,83.0
2026-06-08 10:22,29196.5,29199.0,29175.0,29181.75,267.0
2026-06-08 10:23,29180.25,29185.25,29178.75,29183.75,91.0
2026-06-08 10:24,29186.0,29194.0,29183.25,29188.25,129.0
2026-06-08 10:25,29188.75,29195.75,29180.25,29185.25,317.0
2026-06-08 10:26,29185.75,29188.5,29179.5,29185.0,114.0
2026-06-08 10:27,29184.0,29185.25,29177.75,29180.0,76.0
2026-06-08 10:28,29179.5,29186.0,29177.0,29182.75,56.0
2026-06-08 10:29,29182.0,29199.25,29182.0,29194.0,102.0
2026-06-08 10:30,29192.25,29196.5,29188.75,29191.75,69.0
2026-06-08 10:31,29192.0,29195.25,29189.5,29194.0,52.0
2026-06-08 10:32,29194.5,29194.75,29189.5,29189.5,48.0
2026-06-08 10:33,29189.25,29211.25,29189.25,29207.0,193.0
2026-06-08 10:34,29206.25,29273.5,29203.5,29252.25,1329.0
2026-06-08 10:35,29255.0,29256.25,29235.75,29240.0,398.0
2026-06-08 10:36,29240.25,29256.5,29234.5,29248.5,296.0
2026-06-08 10:37,29248.5,29259.5,29240.5,29242.5,303.0
2026-06-08 10:38,29241.5,29247.0,29233.5,29246.0,206.0
2026-06-08 10:39,29244.75,29246.75,29235.25,29238.25,106.0
2026-06-08 10:40,29236.75,29246.0,29234.75,29244.75,95.0
2026-06-08 10:41,29244.75,29250.0,29242.0,29246.0,101.0
2026-06-08 10:42,29248.25,29248.75,29239.0,29243.0,137.0
2026-06-08 10:43,29243.0,29254.25,29242.5,29254.25,107.0
2026-06-08 10:44,29252.5,29254.0,29244.5,29246.5,111.0
2026-06-08 10:45,29246.25,29251.5,29238.75,29241.25,149.0
2026-06-08 10:46,29242.5,29245.5,29233.25,29235.0,158.0
2026-06-08 10:47,29236.0,29237.75,29227.0,29230.25,141.0
2026-06-08 10:48,29229.75,29242.0,29229.75,29239.25,83.0
2026-06-08 10:49,29241.5,29243.5,29236.0,29237.5,155.0
2026-06-08 10:50,29237.0,29237.25,29231.75,29235.0,60.0
2026-06-08 10:51,29234.5,29240.75,29223.0,29239.5,364.0
2026-06-08 10:52,29239.0,29249.0,29238.75,29249.0,144.0
2026-06-08 10:53,29249.25,29256.0,29246.75,29251.0,200.0
2026-06-08 10:54,29249.25,29252.5,29248.75,29250.0,48.0
2026-06-08 10:55,29251.0,29253.25,29241.25,29247.75,150.0
2026-06-08 10:56,29247.75,29249.25,29229.75,29231.75,309.0
2026-06-08 10:57,29231.5,29239.5,29230.0,29237.75,147.0
2026-06-08 10:58,29237.25,29246.75,29237.0,29246.25,129.0
2026-06-08 10:59,29246.5,29250.25,29238.75,29240.75,197.0
2026-06-08 11:00,29241.5,29242.25,29218.75,29223.25,407.0
2026-06-08 11:01,29222.0,29225.5,29212.0,29216.25,243.0
2026-06-08 11:02,29215.25,29223.5,29214.0,29219.5,105.0
2026-06-08 11:03,29218.75,29229.0,29218.5,29228.0,122.0
2026-06-08 11:04,29227.5,29240.0,29225.0,29238.25,158.0
2026-06-08 11:05,29238.75,29244.25,29231.25,29234.75,159.0
2026-06-08 11:06,29235.75,29238.5,29225.25,29229.0,161.0
2026-06-08 11:07,29228.5,29251.0,29228.5,29250.75,191.0
2026-06-08 11:08,29251.0,29260.0,29248.75,29257.5,169.0
2026-06-08 11:09,29258.75,29268.75,29255.25,29268.75,125.0
2026-06-08 11:10,29268.0,29331.0,29265.25,29330.0,1297.0
2026-06-08 11:11,29328.75,29334.5,29308.25,29318.25,880.0
2026-06-08 11:12,29317.75,29332.75,29312.75,29329.5,401.0
2026-06-08 11:13,29328.0,29340.0,29319.0,29327.0,569.0
2026-06-08 11:14,29325.75,29365.5,29325.0,29361.25,714.0
2026-06-08 11:15,29361.25,29385.75,29357.75,29372.5,1481.0
2026-06-08 11:16,29370.25,29371.25,29348.0,29352.0,629.0
2026-06-08 11:17,29352.5,29357.5,29343.75,29345.25,305.0
2026-06-08 11:18,29345.5,29366.5,29340.25,29363.25,379.0
2026-06-08 11:19,29363.25,29379.0,29352.5,29375.5,650.0
2026-06-08 11:20,29376.75,29382.75,29366.75,29381.25,553.0
2026-06-08 11:21,29381.0,29406.75,29376.0,29405.5,956.0
2026-06-08 11:22,29404.0,29408.5,29398.0,29399.0,673.0
2026-06-08 11:23,29398.0,29400.25,29385.0,29387.75,531.0
2026-06-08 11:24,29388.75,29390.25,29372.75,29375.0,274.0
2026-06-08 11:25,29376.25,29383.0,29371.5,29379.0,399.0
2026-06-08 11:26,29378.0,29395.0,29374.75,29387.25,291.0
2026-06-08 11:27,29386.75,29392.25,29383.25,29392.0,311.0
2026-06-08 11:28,29391.5,29396.5,29382.5,29396.5,399.0
2026-06-08 11:29,29395.25,29410.0,29392.75,29407.75,437.0
2026-06-08 11:30,29409.25,29422.75,29408.5,29419.5,672.0
2026-06-08 11:31,29420.0,29432.25,29417.5,29429.0,474.0
2026-06-08 11:32,29428.75,29429.0,29416.0,29417.25,565.0
2026-06-08 11:33,29417.5,29425.25,29412.25,29415.5,404.0
2026-06-08 11:34,29415.25,29421.5,29411.0,29418.25,342.0
2026-06-08 11:35,29419.25,29426.5,29413.75,29426.25,257.0
2026-06-08 11:36,29426.5,29427.75,29413.25,29419.0,309.0
2026-06-08 11:37,29419.5,29435.0,29419.5,29432.75,356.0
2026-06-08 11:38,29433.25,29434.0,29429.0,29430.0,141.0
2026-06-08 11:39,29428.75,29436.25,29425.75,29431.25,189.0
2026-06-08 11:40,29432.0,29436.0,29427.25,29434.75,313.0
2026-06-08 11:41,29436.0,29437.75,29417.25,29422.25,492.0
2026-06-08 11:42,29422.25,29436.0,29421.75,29434.0,306.0
2026-06-08 11:43,29433.5,29436.25,29420.75,29422.75,346.0
2026-06-08 11:44,29422.25,29422.25,29408.5,29410.75,335.0
2026-06-08 11:45,29410.0,29419.5,29405.0,29405.75,269.0
2026-06-08 11:46,29406.0,29409.25,29391.25,29393.0,305.0
2026-06-08 11:47,29392.25,29393.0,29370.25,29381.25,409.0
2026-06-08 11:48,29381.0,29388.0,29375.25,29382.0,307.0
2026-06-08 11:49,29381.75,29391.5,29378.25,29386.0,279.0
2026-06-08 11:50,29387.75,29395.25,29384.75,29392.25,277.0
2026-06-08 11:51,29392.0,29392.25,29383.75,29385.5,124.0
2026-06-08 11:52,29385.75,29389.5,29378.0,29384.25,215.0
2026-06-08 11:53,29383.25,29384.25,29377.0,29382.5,170.0
2026-06-08 11:54,29382.0,29383.25,29375.5,29377.5,170.0
2026-06-08 11:55,29376.5,29381.75,29371.5,29380.5,158.0
2026-06-08 11:56,29381.25,29394.0,29380.5,29391.75,252.0
2026-06-08 11:57,29391.75,29392.5,29382.5,29389.25,200.0
2026-06-08 11:58,29389.75,29394.5,29382.0,29382.5,219.0
2026-06-08 11:59,29382.0,29382.75,29372.0,29375.0,342.0
2026-06-08 12:00,29374.75,29400.0,29373.0,29398.75,507.0
2026-06-08 12:01,29399.5,29403.25,29364.75,29374.0,784.0
2026-06-08 12:02,29375.25,29391.0,29370.5,29385.75,395.0
2026-06-08 12:03,29386.5,29393.5,29374.75,29378.5,460.0
2026-06-08 12:04,29377.75,29388.5,29375.5,29387.0,237.0
2026-06-08 12:05,29387.25,29399.75,29377.75,29383.25,436.0
2026-06-08 12:06,29382.25,29397.5,29379.0,29392.75,327.0
2026-06-08 12:07,29391.5,29392.75,29382.75,29389.5,220.0
2026-06-08 12:08,29389.5,29406.0,29389.0,29401.5,616.0
2026-06-08 12:09,29401.0,29415.5,29399.75,29414.25,459.0
2026-06-08 12:10,29414.0,29416.5,29400.5,29403.5,351.0
2026-06-08 12:11,29404.25,29410.75,29388.5,29409.25,332.0
2026-06-08 12:12,29410.25,29413.0,29401.75,29405.0,199.0
2026-06-08 12:13,29404.75,29410.5,29396.5,29407.0,448.0
2026-06-08 12:14,29406.0,29415.25,29405.75,29414.0,291.0
2026-06-08 12:15,29412.75,29415.5,29404.25,29404.25,162.0
2026-06-08 12:16,29405.25,29412.75,29402.0,29408.75,168.0
2026-06-08 12:17,29408.0,29417.5,29405.75,29407.75,221.0
2026-06-08 12:18,29407.75,29418.25,29406.75,29412.0,176.0
2026-06-08 12:19,29413.25,29422.75,29413.25,29418.0,264.0
2026-06-08 12:20,29417.5,29429.0,29412.5,29428.75,342.0
2026-06-08 12:21,29429.0,29439.75,29423.0,29431.0,576.0
2026-06-08 12:22,29432.0,29434.0,29425.25,29428.5,205.0
2026-06-08 12:23,29428.25,29433.25,29414.75,29426.75,317.0
2026-06-08 12:24,29427.0,29438.0,29426.0,29437.25,208.0
2026-06-08 12:25,29438.0,29444.75,29437.5,29441.25,413.0
2026-06-08 12:26,29441.75,29446.5,29439.75,29442.5,299.0
2026-06-08 12:27,29442.0,29454.75,29440.5,29451.5,517.0
2026-06-08 12:28,29452.5,29457.0,29446.75,29449.5,402.0
2026-06-08 12:29,29448.25,29457.75,29448.25,29457.75,258.0
2026-06-08 12:30,29456.25,29467.0,29456.0,29466.0,492.0
2026-06-08 12:31,29466.5,29476.5,29465.5,29476.0,631.0
2026-06-08 12:32,29475.75,29485.0,29474.0,29480.25,439.0
2026-06-08 12:33,29480.25,29487.75,29475.0,29475.0,531.0
2026-06-08 12:34,29475.0,29479.25,29463.0,29467.0,528.0
2026-06-08 12:35,29466.25,29473.0,29460.75,29471.75,337.0
2026-06-08 12:36,29471.25,29478.25,29468.75,29478.0,277.0
2026-06-08 12:37,29478.0,29484.25,29476.75,29479.25,327.0
2026-06-08 12:38,29480.0,29483.0,29473.75,29481.5,453.0
2026-06-08 12:39,29481.75,29487.0,29464.25,29470.25,609.0
2026-06-08 12:40,29469.75,29482.75,29468.75,29475.5,356.0
2026-06-08 12:41,29476.5,29479.5,29467.25,29468.0,303.0
2026-06-08 12:42,29467.75,29510.5,29465.0,29495.25,1532.0
2026-06-08 12:43,29495.5,29505.5,29491.5,29495.75,396.0
2026-06-08 12:44,29495.5,29498.5,29488.0,29493.5,214.0
2026-06-08 12:45,29494.25,29495.75,29483.0,29487.5,183.0
2026-06-08 12:46,29486.0,29490.5,29479.0,29482.75,249.0
2026-06-08 12:47,29480.5,29483.0,29474.25,29480.25,412.0
2026-06-08 12:48,29479.75,29485.5,29476.25,29482.0,269.0
2026-06-08 12:49,29482.0,29489.25,29480.0,29488.25,397.0
2026-06-08 12:50,29489.0,29492.5,29471.25,29472.0,483.0
2026-06-08 12:51,29472.0,29475.0,29462.75,29466.5,434.0
2026-06-08 12:52,29465.5,29474.0,29462.25,29466.75,437.0
2026-06-08 12:53,29466.75,29475.25,29465.0,29473.75,321.0
2026-06-08 12:54,29473.75,29488.25,29472.75,29482.75,390.0
2026-06-08 12:55,29483.75,29484.75,29478.25,29484.25,212.0
2026-06-08 12:56,29484.5,29484.5,29477.5,29479.75,221.0
2026-06-08 12:57,29479.25,29482.25,29470.75,29475.0,306.0
2026-06-08 12:58,29474.25,29484.75,29470.75,29484.75,263.0
2026-06-08 12:59,29485.0,29489.0,29480.0,29486.0,355.0
2026-06-08 13:00,29484.5,29518.5,29484.0,29504.25,1429.0
2026-06-08 13:01,29505.0,29513.5,29504.0,29507.25,570.0
2026-06-08 13:02,29507.75,29523.5,29506.5,29515.0,669.0
2026-06-08 13:03,29517.0,29535.5,29513.0,29531.5,634.0
2026-06-08 13:04,29530.5,29531.75,29521.75,29530.25,563.0
2026-06-08 13:05,29530.25,29535.25,29521.25,29526.5,528.0
2026-06-08 13:06,29526.75,29537.5,29521.5,29535.25,524.0
2026-06-08 13:07,29536.0,29544.75,29532.25,29537.5,640.0
2026-06-08 13:08,29539.25,29560.0,29535.75,29560.0,724.0
2026-06-08 13:09,29560.0,29571.75,29560.0,29566.5,851.0
2026-06-08 13:10,29567.0,29573.75,29555.25,29556.5,741.0
2026-06-08 13:11,29556.75,29565.0,29552.5,29564.0,424.0
2026-06-08 13:12,29563.75,29570.0,29556.75,29567.0,640.0
2026-06-08 13:13,29567.75,29581.0,29567.75,29579.0,769.0
2026-06-08 13:14,29579.0,29581.5,29573.0,29574.75,511.0
2026-06-08 13:15,29574.75,29587.25,29568.25,29568.25,890.0
2026-06-08 13:16,29568.75,29573.75,29565.25,29568.75,494.0
2026-06-08 13:17,29569.25,29573.75,29563.0,29568.75,513.0
2026-06-08 13:18,29568.25,29572.25,29559.0,29565.75,885.0
2026-06-08 13:19,29565.75,29566.25,29553.0,29564.5,1098.0
2026-06-08 13:20,29564.5,29571.5,29560.0,29569.0,610.0
2026-06-08 13:21,29568.0,29585.0,29567.5,29573.75,612.0
2026-06-08 13:22,29574.5,29604.25,29574.5,29596.75,1322.0
2026-06-08 13:23,29597.0,29597.75,29575.75,29578.0,955.0
2026-06-08 13:24,29577.5,29578.5,29569.25,29575.0,528.0
2026-06-08 13:25,29575.25,29585.5,29569.75,29574.75,887.0
2026-06-08 13:26,29575.25,29576.75,29561.0,29562.25,584.0
2026-06-08 13:27,29562.0,29567.5,29546.5,29549.75,1033.0
2026-06-08 13:28,29550.25,29559.0,29533.0,29535.5,1330.0
2026-06-08 13:29,29534.75,29537.0,29523.5,29525.75,1832.0
2026-06-08 13:30,29526.0,29569.25,29501.0,29567.0,6807.0
2026-06-08 13:31,29566.75,29584.0,29506.5,29522.0,4769.0
2026-06-08 13:32,29520.5,29531.5,29497.25,29507.5,5002.0
2026-06-08 13:33,29508.5,29510.5,29438.0,29441.75,4161.0
2026-06-08 13:34,29441.5,29455.25,29412.0,29417.5,3632.0
2026-06-08 13:35,29418.25,29464.75,29397.5,29452.25,4332.0
2026-06-08 13:36,29453.25,29471.0,29438.0,29443.75,3316.0
2026-06-08 13:37,29443.75,29461.25,29428.75,29442.75,2082.0
2026-06-08 13:38,29444.0,29499.5,29440.5,29463.0,3350.0
2026-06-08 13:39,29462.5,29472.5,29423.75,29426.0,2406.0
2026-06-08 13:40,29427.0,29460.25,29423.75,29459.0,2692.0
2026-06-08 13:41,29458.75,29474.5,29437.25,29467.75,2379.0
2026-06-08 13:42,29468.25,29523.25,29455.0,29522.25,2997.0
2026-06-08 13:43,29522.25,29556.0,29510.25,29518.0,2903.0
2026-06-08 13:44,29517.75,29530.5,29483.0,29515.5,3080.0
2026-06-08 13:45,29516.0,29521.5,29494.0,29521.5,3319.0
2026-06-08 13:46,29521.25,29554.0,29511.75,29541.25,2692.0
2026-06-08 13:47,29540.5,29540.5,29492.0,29499.75,2670.0
2026-06-08 13:48,29500.75,29515.0,29443.75,29453.5,3151.0
2026-06-08 13:49,29452.75,29485.25,29445.0,29476.25,2569.0
2026-06-08 13:50,29476.0,29482.75,29434.25,29442.5,2159.0
2026-06-08 13:51,29442.5,29501.5,29440.0,29478.0,2607.0
2026-06-08 13:52,29477.5,29508.75,29466.0,29502.25,2070.0
2026-06-08 13:53,29501.5,29538.25,29499.0,29537.75,1979.0
2026-06-08 13:54,29537.25,29548.5,29494.75,29501.5,1950.0
2026-06-08 13:55,29502.25,29503.75,29448.75,29451.5,1886.0
2026-06-08 13:56,29453.0,29465.0,29436.0,29458.0,2227.0
2026-06-08 13:57,29456.75,29458.0,29374.25,29379.25,2898.0
2026-06-08 13:58,29378.5,29385.0,29341.0,29369.25,2652.0
2026-06-08 13:59,29368.75,29392.75,29348.75,29349.75,2231.0
2026-06-08 14:00,29350.25,29368.0,29331.5,29366.0,3002.0
2026-06-08 14:01,29367.5,29409.0,29364.75,29400.5,2842.0
2026-06-08 14:02,29402.5,29428.0,29386.75,29390.75,2895.0
2026-06-08 14:03,29391.5,29432.0,29376.0,29391.75,2982.0
2026-06-08 14:04,29392.75,29394.75,29360.75,29362.25,1776.0
2026-06-08 14:05,29362.25,29371.25,29348.5,29368.5,1982.0
2026-06-08 14:06,29368.75,29441.5,29363.5,29428.25,2844.0
2026-06-08 14:07,29429.75,29437.0,29399.0,29417.5,2303.0
2026-06-08 14:08,29418.75,29436.5,29391.25,29429.0,1773.0
2026-06-08 14:09,29430.0,29466.5,29423.25,29455.0,1983.0
2026-06-08 14:10,29455.25,29465.25,29421.0,29427.75,1781.0
2026-06-08 14:11,29427.5,29467.5,29423.5,29459.75,1981.0
2026-06-08 14:12,29458.5,29459.75,29419.5,29435.0,2086.0
2026-06-08 14:13,29435.75,29461.75,29412.75,29451.25,2020.0
2026-06-08 14:14,29454.0,29471.75,29427.25,29441.5,1602.0
2026-06-08 14:15,29441.0,29443.25,29384.75,29397.5,1932.0
2026-06-08 14:16,29398.25,29413.75,29376.5,29385.0,1654.0
2026-06-08 14:17,29385.75,29422.0,29374.75,29416.25,1678.0
2026-06-08 14:18,29415.25,29434.25,29397.0,29402.0,1504.0
2026-06-08 14:19,29403.0,29419.25,29388.0,29418.0,1626.0
2026-06-08 14:20,29416.75,29443.75,29401.5,29411.75,1732.0
2026-06-08 14:21,29411.0,29426.25,29386.0,29417.25,1467.0
2026-06-08 14:22,29417.5,29423.5,29393.25,29415.5,1153.0
2026-06-08 14:23,29416.0,29468.75,29410.75,29463.75,1774.0
2026-06-08 14:24,29463.75,29480.5,29444.25,29465.75,1717.0
2026-06-08 14:25,29465.75,29492.75,29455.5,29487.0,1656.0
2026-06-08 14:26,29484.75,29517.25,29482.25,29509.5,2164.0
2026-06-08 14:27,29508.75,29531.0,29507.5,29523.0,1639.0
2026-06-08 14:28,29522.75,29524.5,29480.5,29505.75,1695.0
2026-06-08 14:29,29505.75,29522.0,29499.5,29517.25,1407.0
2026-06-08 14:30,29517.0,29540.5,29504.5,29533.0,2022.0
2026-06-08 14:31,29532.75,29539.25,29514.25,29523.25,1469.0
2026-06-08 14:32,29522.5,29543.75,29514.75,29524.0,1323.0
2026-06-08 14:33,29526.0,29536.0,29517.5,29522.75,936.0
2026-06-08 14:34,29522.5,29550.5,29522.25,29548.25,1389.0
2026-06-08 14:35,29548.75,29577.0,29537.5,29573.25,2229.0
2026-06-08 14:36,29572.5,29603.75,29554.5,29595.5,2674.0
2026-06-08 14:37,29594.75,29594.75,29565.5,29581.75,1588.0
2026-06-08 14:38,29582.0,29584.0,29568.25,29576.0,1656.0
2026-06-08 14:39,29576.0,29598.75,29559.5,29586.25,2466.0
2026-06-08 14:40,29586.25,29602.0,29581.5,29591.0,1641.0
2026-06-08 14:41,29591.25,29595.75,29561.0,29567.75,2160.0
2026-06-08 14:42,29567.25,29572.25,29530.5,29545.0,1987.0
2026-06-08 14:43,29545.25,29550.5,29527.75,29534.0,1269.0
2026-06-08 14:44,29535.0,29560.75,29532.25,29549.75,1300.0
2026-06-08 14:45,29549.25,29595.0,29549.0,29593.75,1818.0
2026-06-08 14:46,29594.75,29630.0,29588.5,29629.75,3244.0
2026-06-08 14:47,29629.75,29649.75,29622.25,29633.25,2521.0
2026-06-08 14:48,29633.5,29634.75,29614.75,29625.25,1232.0
2026-06-08 14:49,29625.5,29634.75,29609.5,29610.75,1344.0
2026-06-08 14:50,29611.0,29623.0,29600.5,29613.75,1929.0
2026-06-08 14:51,29613.5,29638.25,29606.75,29638.25,1397.0
2026-06-08 14:52,29637.75,29661.5,29634.0,29657.0,1613.0
2026-06-08 14:53,29656.5,29656.5,29641.75,29652.0,990.0
2026-06-08 14:54,29651.25,29655.25,29631.0,29640.5,1053.0
2026-06-08 14:55,29640.0,29644.5,29625.75,29634.25,1037.0
2026-06-08 14:56,29635.0,29644.25,29613.0,29641.75,1506.0
2026-06-08 14:57,29641.25,29669.25,29641.0,29659.75,2153.0
2026-06-08 14:58,29659.75,29675.0,29659.0,29673.0,997.0
2026-06-08 14:59,29673.5,29681.0,29666.0,29676.5,1387.0
2026-06-08 15:00,29676.5,29681.0,29665.25,29675.0,1753.0
2026-06-08 15:01,29674.25,29694.5,29671.5,29686.0,1549.0
2026-06-08 15:02,29686.0,29699.25,29677.75,29698.75,1454.0
2026-06-08 15:03,29698.0,29706.75,29692.0,29695.0,1831.0
2026-06-08 15:04,29694.75,29700.0,29689.75,29695.5,2174.0
2026-06-08 15:05,29695.0,29711.75,29690.0,29705.5,1514.0
2026-06-08 15:06,29705.25,29725.0,29704.75,29719.0,1461.0
2026-06-08 15:07,29719.25,29722.75,29704.75,29712.75,1017.0
2026-06-08 15:08,29712.25,29726.0,29709.25,29718.25,1168.0
2026-06-08 15:09,29718.0,29726.0,29707.75,29725.25,998.0
2026-06-08 15:10,29725.5,29728.5,29716.25,29724.75,846.0
2026-06-08 15:11,29725.0,29730.75,29717.5,29721.5,1030.0
2026-06-08 15:12,29720.5,29734.0,29719.0,29730.0,1152.0
2026-06-08 15:13,29729.25,29733.5,29719.25,29726.75,993.0
2026-06-08 15:14,29727.0,29728.0,29710.25,29715.25,914.0
2026-06-08 15:15,29716.25,29734.75,29716.0,29726.25,1508.0
2026-06-08 15:16,29726.5,29734.5,29721.75,29728.0,1206.0
2026-06-08 15:17,29728.25,29730.25,29715.5,29717.25,935.0
2026-06-08 15:18,29715.5,29730.0,29703.0,29726.0,2730.0
2026-06-08 15:19,29726.5,29740.0,29724.5,29731.75,1519.0
2026-06-08 15:20,29732.5,29743.0,29726.5,29729.25,1401.0
2026-06-08 15:21,29729.5,29730.0,29706.0,29709.0,1276.0
2026-06-08 15:22,29709.0,29717.5,29690.5,29699.25,1511.0
2026-06-08 15:23,29698.5,29713.75,29690.0,29713.0,1292.0
2026-06-08 15:24,29712.0,29733.0,29711.5,29725.25,1373.0
2026-06-08 15:25,29723.5,29724.75,29689.25,29691.25,1330.0
2026-06-08 15:26,29691.25,29697.0,29663.0,29665.25,1829.0
2026-06-08 15:27,29664.0,29671.5,29654.5,29662.25,1759.0
2026-06-08 15:28,29662.75,29674.5,29657.0,29662.25,1036.0
2026-06-08 15:29,29662.25,29667.75,29623.25,29630.0,1936.0
2026-06-08 15:30,29630.25,29637.75,29580.0,29586.75,3023.0
2026-06-08 15:31,29586.25,29610.75,29586.25,29591.75,1997.0
2026-06-08 15:32,29593.0,29602.25,29570.0,29579.75,1994.0
2026-06-08 15:33,29578.75,29584.25,29565.5,29568.25,1517.0
2026-06-08 15:34,29568.0,29586.0,29559.0,29574.25,1700.0
2026-06-08 15:35,29575.0,29592.25,29569.0,29582.25,1541.0
2026-06-08 15:36,29581.75,29599.0,29569.75,29594.25,1299.0
2026-06-08 15:37,29593.5,29620.75,29585.5,29617.0,1766.0
2026-06-08 15:38,29617.75,29647.0,29612.25,29646.0,1870.0
2026-06-08 15:39,29646.5,29661.25,29640.5,29654.0,1224.0
2026-06-08 15:40,29653.75,29676.0,29651.75,29664.0,1294.0
2026-06-08 15:41,29663.25,29665.25,29649.75,29664.5,1119.0
2026-06-08 15:42,29663.5,29666.0,29635.25,29648.5,1311.0
2026-06-08 15:43,29648.5,29667.25,29647.0,29658.0,934.0
2026-06-08 15:44,29658.5,29685.25,29657.5,29685.25,1030.0
2026-06-08 15:45,29685.25,29694.0,29676.5,29686.5,1303.0
2026-06-08 15:46,29687.5,29703.25,29685.25,29698.75,1004.0
2026-06-08 15:47,29698.0,29710.75,29693.0,29696.0,1001.0
2026-06-08 15:48,29696.0,29696.0,29656.25,29661.5,1842.0
2026-06-08 15:49,29661.25,29666.5,29642.75,29647.5,1460.0
2026-06-08 15:50,29646.75,29672.0,29646.5,29667.5,1046.0
2026-06-08 15:51,29667.0,29686.75,29665.5,29680.0,1140.0
2026-06-08 15:52,29679.5,29690.75,29676.5,29690.25,1152.0
2026-06-08 15:53,29689.5,29692.75,29671.75,29675.0,790.0
2026-06-08 15:54,29673.25,29673.5,29646.5,29655.5,1329.0
2026-06-08 15:55,29654.5,29654.75,29620.25,29626.25,1716.0
2026-06-08 15:56,29626.0,29636.25,29609.75,29620.5,1539.0
2026-06-08 15:57,29620.5,29627.75,29612.25,29614.0,935.0
2026-06-08 15:58,29614.0,29624.0,29598.25,29600.25,1042.0
2026-06-08 15:59,29600.5,29612.0,29594.25,29610.0,982.0
2026-06-08 16:00,29610.25,29617.0,29592.75,29596.25,1569.0
2026-06-08 16:01,29596.25,29608.5,29580.25,29605.5,1540.0
2026-06-08 16:02,29604.25,29628.5,29600.0,29625.25,1415.0
2026-06-08 16:03,29625.25,29649.5,29619.25,29640.0,1923.0
2026-06-08 16:04,29639.75,29649.0,29625.0,29632.0,830.0
2026-06-08 16:05,29631.5,29636.0,29613.5,29627.75,1146.0
2026-06-08 16:06,29628.0,29648.0,29625.5,29640.75,956.0
2026-06-08 16:07,29640.75,29643.5,29621.25,29633.25,883.0
2026-06-08 16:08,29633.25,29639.5,29614.25,29621.75,732.0
2026-06-08 16:09,29620.5,29626.0,29605.0,29616.5,781.0
2026-06-08 16:10,29616.5,29616.5,29595.75,29601.5,783.0
2026-06-08 16:11,29599.5,29632.25,29598.75,29631.75,1155.0
2026-06-08 16:12,29631.25,29651.25,29630.0,29650.0,862.0
2026-06-08 16:13,29648.5,29649.5,29633.75,29640.0,695.0
2026-06-08 16:14,29640.5,29643.75,29629.75,29635.25,598.0
2026-06-08 16:15,29636.75,29664.75,29633.25,29659.0,989.0
2026-06-08 16:16,29657.75,29670.5,29653.25,29667.25,912.0
2026-06-08 16:17,29667.25,29667.75,29650.75,29661.25,875.0
2026-06-08 16:18,29661.25,29679.75,29660.0,29664.5,788.0
2026-06-08 16:19,29664.25,29679.25,29660.0,29679.25,597.0
2026-06-08 16:20,29678.75,29690.75,29670.0,29690.75,1201.0
2026-06-08 16:21,29689.75,29692.25,29678.25,29681.0,747.0
2026-06-08 16:22,29681.0,29681.25,29661.0,29667.75,923.0
2026-06-08 16:23,29667.25,29668.5,29632.0,29638.0,1760.0
2026-06-08 16:24,29637.5,29646.0,29625.5,29635.25,1415.0
2026-06-08 16:25,29635.5,29652.25,29633.0,29643.5,723.0
2026-06-08 16:26,29643.25,29658.75,29643.25,29648.0,1011.0
2026-06-08 16:27,29649.0,29651.0,29628.5,29631.75,607.0
2026-06-08 16:28,29631.25,29633.0,29601.25,29601.75,1199.0
2026-06-08 16:29,29602.5,29606.75,29581.5,29584.75,1787.0
2026-06-08 16:30,29587.5,29607.25,29586.5,29605.25,1232.0
2026-06-08 16:31,29604.0,29616.75,29602.0,29613.0,851.0
2026-06-08 16:32,29611.25,29611.25,29586.75,29601.5,972.0
2026-06-08 16:33,29601.0,29611.25,29582.0,29582.25,1059.0
2026-06-08 16:34,29582.0,29587.25,29573.5,29578.25,1153.0
2026-06-08 16:35,29578.0,29599.0,29575.0,29589.5,857.0
2026-06-08 16:36,29590.25,29604.75,29577.75,29590.75,1199.0
2026-06-08 16:37,29590.0,29593.25,29570.75,29571.5,1002.0
2026-06-08 16:38,29572.25,29575.5,29555.5,29557.75,1074.0
2026-06-08 16:39,29558.5,29574.0,29557.0,29562.0,971.0
2026-06-08 16:40,29561.0,29584.0,29554.0,29582.75,933.0
2026-06-08 16:41,29581.75,29596.0,29579.25,29589.5,888.0
2026-06-08 16:42,29589.25,29592.0,29569.0,29574.75,1031.0
2026-06-08 16:43,29574.5,29576.25,29560.75,29562.75,685.0
2026-06-08 16:44,29562.5,29588.5,29560.75,29586.5,828.0
2026-06-08 16:45,29586.5,29600.75,29578.5,29588.75,959.0
2026-06-08 16:46,29588.75,29597.25,29580.0,29594.5,452.0
2026-06-08 16:47,29594.5,29623.25,29593.5,29621.75,1267.0
2026-06-08 16:48,29621.25,29630.5,29613.25,29617.25,949.0
2026-06-08 16:49,29617.75,29622.75,29605.5,29606.75,575.0
2026-06-08 16:50,29607.25,29619.75,29598.0,29602.5,761.0
2026-06-08 16:51,29602.75,29615.75,29592.0,29613.5,797.0
2026-06-08 16:52,29611.75,29617.5,29603.5,29608.5,557.0
2026-06-08 16:53,29608.75,29614.5,29603.5,29607.5,530.0
2026-06-08 16:54,29608.25,29619.5,29600.0,29605.25,645.0
2026-06-08 16:55,29606.0,29607.75,29584.0,29593.75,798.0
2026-06-08 16:56,29594.5,29606.25,29593.5,29605.5,526.0
2026-06-08 16:57,29606.0,29611.75,29587.25,29588.5,693.0
2026-06-08 16:58,29589.5,29593.25,29577.25,29580.75,661.0
2026-06-08 16:59,29581.0,29590.25,29578.25,29580.5,570.0
2026-06-08 17:00,29580.75,29584.25,29546.25,29551.5,2001.0
2026-06-08 17:01,29551.5,29557.0,29533.75,29539.25,1550.0
2026-06-08 17:02,29539.5,29545.5,29508.0,29508.0,1505.0
2026-06-08 17:03,29507.25,29523.0,29498.5,29500.0,1732.0
2026-06-08 17:04,29500.5,29524.0,29492.25,29517.75,1442.0
2026-06-08 17:05,29517.75,29538.75,29508.0,29529.5,1493.0
2026-06-08 17:06,29528.0,29538.5,29519.0,29535.0,1265.0
2026-06-08 17:07,29535.5,29553.75,29534.75,29542.5,1269.0
2026-06-08 17:08,29542.25,29557.5,29538.5,29553.25,693.0
2026-06-08 17:09,29553.25,29553.25,29519.0,29525.0,984.0
2026-06-08 17:10,29523.5,29529.5,29502.0,29512.75,926.0
2026-06-08 17:11,29512.0,29512.0,29493.5,29499.5,799.0
2026-06-08 17:12,29500.25,29505.25,29485.25,29499.75,1271.0
2026-06-08 17:13,29500.75,29523.0,29499.5,29520.0,1077.0
2026-06-08 17:14,29519.5,29532.5,29516.75,29531.75,953.0
2026-06-08 17:15,29531.0,29542.0,29512.5,29512.75,985.0
2026-06-08 17:16,29512.5,29534.25,29511.75,29533.0,928.0
2026-06-08 17:17,29532.5,29545.25,29527.75,29528.0,923.0
2026-06-08 17:18,29528.25,29530.0,29492.0,29497.75,1513.0
2026-06-08 17:19,29497.5,29508.5,29497.5,29504.5,584.0
2026-06-08 17:20,29505.25,29522.75,29502.75,29512.0,746.0
2026-06-08 17:21,29511.75,29534.25,29511.75,29522.5,696.0
2026-06-08 17:22,29521.5,29522.5,29497.75,29511.5,870.0
2026-06-08 17:23,29510.75,29514.5,29502.0,29506.5,498.0
2026-06-08 17:24,29507.75,29517.75,29492.0,29515.5,907.0
2026-06-08 17:25,29515.25,29540.75,29509.5,29538.75,981.0
2026-06-08 17:26,29538.5,29541.5,29524.25,29533.0,1632.0
2026-06-08 17:27,29532.5,29553.5,29531.0,29550.0,953.0
2026-06-08 17:28,29550.0,29581.75,29545.75,29577.25,1171.0
2026-06-08 17:29,29576.75,29605.5,29576.25,29602.0,1264.0
2026-06-08 17:30,29602.0,29624.25,29597.75,29620.0,1467.0
2026-06-08 17:31,29620.25,29622.0,29576.25,29593.75,1815.0
2026-06-08 17:32,29593.5,29594.25,29566.0,29581.5,1570.0
2026-06-08 17:33,29581.0,29582.75,29550.25,29557.75,1077.0
2026-06-08 17:34,29557.25,29582.5,29547.25,29580.5,1369.0
2026-06-08 17:35,29580.0,29587.75,29537.75,29540.5,1826.0
2026-06-08 17:36,29539.25,29553.25,29529.5,29547.75,1251.0
2026-06-08 17:37,29547.75,29567.0,29540.25,29565.25,1105.0
2026-06-08 17:38,29565.0,29568.5,29548.75,29568.0,921.0
2026-06-08 17:39,29566.5,29568.5,29550.0,29561.75,685.0
2026-06-08 17:40,29560.25,29567.5,29537.75,29546.25,821.0
2026-06-08 17:41,29545.75,29551.0,29530.75,29532.0,741.0
2026-06-08 17:42,29532.0,29543.5,29521.5,29526.5,943.0
2026-06-08 17:43,29523.0,29531.5,29520.25,29523.25,666.0
2026-06-08 17:44,29524.0,29535.5,29509.0,29512.25,1105.0
2026-06-08 17:45,29511.75,29530.5,29511.25,29529.5,1382.0
2026-06-08 17:46,29528.75,29556.25,29527.0,29556.25,1038.0
2026-06-08 17:47,29555.25,29564.5,29542.75,29548.5,1021.0
2026-06-08 17:48,29548.25,29554.5,29538.25,29539.5,534.0
2026-06-08 17:49,29541.0,29574.5,29540.25,29572.25,890.0
2026-06-08 17:50,29573.25,29580.25,29563.25,29574.25,1142.0
2026-06-08 17:51,29574.25,29583.0,29564.5,29568.75,979.0
2026-06-08 17:52,29568.0,29579.75,29557.5,29574.5,793.0
2026-06-08 17:53,29573.75,29600.0,29566.75,29595.5,1004.0
2026-06-08 17:54,29595.5,29596.25,29584.0,29584.25,617.0
2026-06-08 17:55,29584.25,29590.0,29567.0,29569.25,818.0
2026-06-08 17:56,29569.25,29582.5,29567.0,29568.0,741.0
2026-06-08 17:57,29568.25,29575.75,29561.25,29562.0,635.0
2026-06-08 17:58,29561.75,29572.5,29552.5,29555.0,781.0
2026-06-08 17:59,29555.5,29564.0,29545.75,29558.25,754.0
2026-06-08 18:00,29559.25,29579.75,29558.25,29574.5,1117.0
2026-06-08 18:01,29574.75,29592.5,29574.0,29589.25,943.0
2026-06-08 18:02,29589.0,29596.25,29577.75,29583.75,729.0
2026-06-08 18:03,29584.25,29590.5,29571.0,29577.5,731.0
2026-06-08 18:04,29577.0,29583.25,29568.0,29578.0,628.0
2026-06-08 18:05,29578.0,29594.25,29576.0,29591.0,608.0
2026-06-08 18:06,29591.0,29609.5,29582.0,29606.5,966.0
2026-06-08 18:07,29606.75,29611.75,29594.5,29595.0,813.0
2026-06-08 18:08,29594.75,29599.75,29586.25,29590.75,602.0
2026-06-08 18:09,29590.5,29603.5,29588.0,29595.0,600.0
2026-06-08 18:10,29596.5,29609.25,29595.0,29601.25,639.0
2026-06-08 18:11,29601.5,29604.25,29575.5,29576.75,932.0
2026-06-08 18:12,29578.5,29581.75,29556.0,29558.5,1128.0
2026-06-08 18:13,29559.25,29585.75,29558.25,29578.75,891.0
2026-06-08 18:14,29578.75,29581.5,29561.25,29564.0,1096.0
2026-06-08 18:15,29565.5,29583.75,29562.25,29583.25,857.0
2026-06-08 18:16,29583.75,29585.25,29573.0,29579.5,492.0
2026-06-08 18:17,29579.0,29590.5,29575.25,29585.75,567.0
2026-06-08 18:18,29588.25,29592.75,29580.75,29588.25,456.0
2026-06-08 18:19,29589.25,29590.0,29572.0,29579.0,501.0
2026-06-08 18:20,29579.0,29584.5,29561.5,29565.5,667.0
2026-06-08 18:21,29564.75,29577.25,29558.0,29574.25,647.0
2026-06-08 18:22,29574.5,29589.5,29574.5,29580.75,617.0
2026-06-08 18:23,29580.75,29585.75,29573.0,29583.25,469.0
2026-06-08 18:24,29584.5,29592.0,29579.75,29583.25,504.0
2026-06-08 18:25,29582.0,29598.0,29580.0,29594.0,675.0
2026-06-08 18:26,29594.5,29594.5,29586.5,29589.5,437.0
2026-06-08 18:27,29589.25,29589.5,29577.25,29578.5,510.0
2026-06-08 18:28,29581.25,29595.0,29572.0,29593.5,690.0
2026-06-08 18:29,29593.75,29598.25,29589.75,29590.5,536.0
2026-06-08 18:30,29591.25,29615.5,29589.5,29610.5,1211.0
2026-06-08 18:31,29611.25,29613.75,29596.75,29604.75,770.0
2026-06-08 18:32,29604.5,29610.5,29589.0,29608.75,612.0
2026-06-08 18:33,29606.75,29617.75,29606.25,29612.5,504.0
2026-06-08 18:34,29612.75,29612.75,29590.75,29593.0,725.0
2026-06-08 18:35,29593.25,29601.0,29589.75,29598.25,732.0
2026-06-08 18:36,29598.5,29609.75,29582.25,29583.0,880.0
2026-06-08 18:37,29582.25,29594.25,29572.25,29574.75,690.0
2026-06-08 18:38,29574.25,29576.75,29564.25,29572.0,801.0
2026-06-08 18:39,29572.0,29573.5,29546.0,29551.25,1066.0
2026-06-08 18:40,29551.0,29552.75,29527.5,29536.0,1887.0
2026-06-08 18:41,29536.75,29545.5,29532.25,29533.25,882.0
2026-06-08 18:42,29533.75,29560.5,29532.25,29551.75,1039.0
2026-06-08 18:43,29550.75,29553.75,29532.5,29534.25,853.0
2026-06-08 18:44,29534.75,29539.25,29527.5,29530.75,688.0
2026-06-08 18:45,29531.5,29543.5,29530.75,29532.5,624.0
2026-06-08 18:46,29532.5,29545.75,29529.5,29541.0,582.0
2026-06-08 18:47,29539.75,29560.0,29536.5,29556.25,696.0
2026-06-08 18:48,29556.75,29571.0,29555.5,29567.0,820.0
2026-06-08 18:49,29566.25,29566.25,29545.0,29548.75,661.0
2026-06-08 18:50,29549.5,29558.0,29541.75,29548.0,665.0
2026-06-08 18:51,29548.0,29560.75,29542.5,29559.25,451.0
2026-06-08 18:52,29558.75,29567.0,29554.5,29563.25,393.0
2026-06-08 18:53,29561.5,29564.25,29546.75,29556.0,545.0
2026-06-08 18:54,29555.75,29566.75,29553.5,29558.5,666.0
2026-06-08 18:55,29559.25,29565.0,29551.5,29555.25,522.0
2026-06-08 18:56,29554.5,29568.75,29553.5,29554.25,687.0
2026-06-08 18:57,29554.0,29562.0,29547.75,29551.5,386.0
2026-06-08 18:58,29551.0,29558.5,29536.0,29541.5,727.0
2026-06-08 18:59,29540.75,29546.75,29537.5,29542.0,467.0
2026-06-08 19:00,29543.0,29548.0,29530.25,29540.5,993.0
2026-06-08 19:01,29540.5,29541.25,29511.75,29521.0,1284.0
2026-06-08 19:02,29521.0,29532.0,29518.5,29531.25,774.0
2026-06-08 19:03,29531.25,29542.25,29527.75,29535.0,824.0
2026-06-08 19:04,29533.5,29534.5,29526.5,29529.75,402.0
2026-06-08 19:05,29529.75,29544.75,29519.0,29526.0,882.0
2026-06-08 19:06,29525.5,29528.25,29510.25,29514.5,721.0
2026-06-08 19:07,29514.25,29525.25,29513.0,29519.5,657.0
2026-06-08 19:08,29519.25,29520.75,29496.0,29502.0,1519.0
2026-06-08 19:09,29500.75,29505.25,29479.75,29479.75,962.0
2026-06-08 19:10,29479.75,29481.5,29444.25,29445.75,1863.0
2026-06-08 19:11,29445.25,29462.0,29437.0,29444.75,2004.0
2026-06-08 19:12,29443.5,29457.5,29435.0,29448.5,1249.0
2026-06-08 19:13,29447.75,29467.75,29443.25,29463.0,1006.0
2026-06-08 19:14,29464.0,29465.5,29427.0,29429.0,1116.0
2026-06-08 19:15,29428.75,29436.25,29411.0,29431.75,2063.0
2026-06-08 19:16,29432.5,29442.75,29411.5,29418.0,1620.0
2026-06-08 19:17,29418.5,29432.5,29417.25,29428.5,784.0
2026-06-08 19:18,29429.25,29429.75,29413.5,29418.25,1094.0
2026-06-08 19:19,29418.25,29426.25,29413.25,29424.5,829.0
2026-06-08 19:20,29424.5,29448.75,29423.25,29437.0,1368.0
2026-06-08 19:21,29436.5,29451.25,29433.5,29439.5,1131.0
2026-06-08 19:22,29439.25,29444.5,29413.25,29415.5,1408.0
2026-06-08 19:23,29416.0,29418.25,29389.0,29390.5,1625.0
2026-06-08 19:24,29389.0,29405.25,29386.75,29389.5,1373.0
2026-06-08 19:25,29390.25,29400.25,29378.0,29380.25,1264.0
2026-06-08 19:26,29380.0,29408.5,29377.0,29399.75,1205.0
2026-06-08 19:27,29399.75,29436.5,29399.0,29436.0,1313.0
2026-06-08 19:28,29435.0,29435.0,29416.75,29425.5,1162.0
2026-06-08 19:29,29426.25,29436.75,29419.75,29436.75,793.0
2026-06-08 19:30,29437.0,29459.0,29430.5,29459.0,1801.0
2026-06-08 19:31,29458.75,29478.25,29454.0,29471.25,1524.0
2026-06-08 19:32,29471.0,29495.0,29465.5,29480.5,1764.0
2026-06-08 19:33,29481.0,29488.25,29457.5,29461.5,1351.0
2026-06-08 19:34,29461.0,29465.5,29447.0,29457.25,982.0
2026-06-08 19:35,29457.5,29460.5,29440.25,29446.75,1128.0
2026-06-08 19:36,29445.25,29449.5,29430.75,29444.0,919.0
2026-06-08 19:37,29443.0,29471.0,29440.25,29467.25,1073.0
2026-06-08 19:38,29466.75,29476.75,29463.75,29469.5,845.0
2026-06-08 19:39,29469.25,29471.25,29443.5,29447.25,862.0
2026-06-08 19:40,29446.5,29450.0,29420.75,29434.0,1235.0
2026-06-08 19:41,29432.0,29455.75,29431.0,29449.0,944.0
2026-06-08 19:42,29449.0,29460.5,29439.25,29439.5,750.0
2026-06-08 19:43,29439.25,29451.75,29435.0,29449.0,643.0
2026-06-08 19:44,29448.0,29452.75,29433.5,29437.0,943.0
2026-06-08 19:45,29436.5,29451.75,29431.5,29440.75,1009.0
2026-06-08 19:46,29441.75,29461.75,29430.75,29460.25,908.0
2026-06-08 19:47,29459.25,29468.0,29448.75,29462.0,856.0
2026-06-08 19:48,29461.5,29465.75,29446.0,29448.0,927.0
2026-06-08 19:49,29447.25,29447.75,29426.0,29428.5,1169.0
2026-06-08 19:50,29429.75,29474.0,29428.0,29431.0,2554.0
2026-06-08 19:51,29431.5,29439.0,29419.0,29426.75,1812.0
2026-06-08 19:52,29427.25,29441.5,29419.25,29436.25,1343.0
2026-06-08 19:53,29437.0,29463.75,29431.0,29454.75,1603.0
2026-06-08 19:54,29454.5,29475.0,29447.25,29452.0,2156.0
2026-06-08 19:55,29452.25,29462.0,29442.25,29454.5,1429.0
2026-06-08 19:56,29455.25,29455.5,29436.25,29448.25,1479.0
2026-06-08 19:57,29448.0,29457.5,29442.25,29454.0,1323.0
2026-06-08 19:58,29454.5,29462.5,29448.75,29461.5,1741.0
2026-06-08 19:59,29461.0,29468.0,29446.5,29453.0,10028.0
2026-06-08 20:00,29453.0,29467.25,29440.75,29440.75,2845.0
2026-06-08 20:01,29440.5,29443.5,29427.0,29432.0,862.0
2026-06-08 20:02,29431.75,29451.5,29431.75,29439.25,896.0
2026-06-08 20:03,29441.0,29460.0,29438.0,29460.0,732.0
2026-06-08 20:04,29459.75,29466.0,29457.25,29462.25,659.0
2026-06-08 20:05,29463.0,29470.0,29455.5,29458.0,677.0
2026-06-08 20:06,29456.75,29462.0,29454.0,29455.25,439.0
2026-06-08 20:07,29455.25,29466.25,29455.25,29459.25,296.0
2026-06-08 20:08,29459.25,29459.25,29448.75,29450.25,236.0
2026-06-08 20:09,29450.5,29460.5,29441.0,29453.25,715.0
2026-06-08 20:10,29453.75,29461.25,29453.25,29461.0,280.0
2026-06-08 20:11,29461.0,29461.25,29444.0,29445.5,236.0
2026-06-08 20:12,29444.75,29449.0,29443.25,29446.25,264.0
2026-06-08 20:13,29446.0,29448.0,29439.25,29443.0,308.0
2026-06-08 20:14,29442.0,29448.0,29438.75,29444.5,298.0
2026-06-08 20:15,29445.5,29450.5,29440.75,29441.25,301.0
2026-06-08 20:16,29440.75,29445.5,29433.5,29437.75,225.0
2026-06-08 20:17,29437.0,29438.5,29427.0,29427.75,364.0
2026-06-08 20:18,29427.0,29433.25,29423.75,29428.5,355.0
2026-06-08 20:19,29428.25,29432.0,29421.5,29422.5,289.0
2026-06-08 20:20,29421.25,29422.0,29403.25,29403.5,654.0
2026-06-08 20:21,29404.0,29410.75,29401.0,29401.25,338.0
2026-06-08 20:22,29401.75,29415.75,29401.5,29411.5,232.0
2026-06-08 20:23,29411.25,29419.0,29410.5,29417.75,109.0
2026-06-08 20:24,29417.5,29424.5,29412.5,29421.5,234.0
2026-06-08 20:25,29422.5,29431.0,29420.25,29423.25,334.0
2026-06-08 20:26,29422.75,29442.25,29403.75,29428.5,770.0
2026-06-08 20:27,29429.75,29443.0,29426.25,29428.5,307.0
2026-06-08 20:28,29427.0,29430.75,29426.5,29429.5,60.0
2026-06-08 20:29,29430.25,29432.5,29427.5,29432.0,99.0
2026-06-08 20:30,29431.0,29431.75,29418.25,29423.25,272.0
2026-06-08 20:31,29423.5,29434.75,29421.75,29431.25,141.0
2026-06-08 20:32,29432.0,29434.25,29425.5,29426.0,152.0
2026-06-08 20:33,29425.5,29431.0,29423.0,29429.75,154.0
2026-06-08 20:34,29430.25,29433.75,29428.5,29430.5,131.0
2026-06-08 20:35,29430.5,29433.0,29428.25,29428.25,103.0
2026-06-08 20:36,29428.0,29431.0,29423.5,29425.25,153.0
2026-06-08 20:37,29425.5,29434.0,29420.25,29429.0,285.0
2026-06-08 20:38,29429.5,29431.25,29426.5,29431.25,151.0
2026-06-08 20:39,29431.0,29431.25,29428.5,29429.75,84.0
2026-06-08 20:40,29429.75,29437.75,29429.0,29436.5,149.0
2026-06-08 20:41,29436.0,29436.0,29425.5,29429.0,108.0
2026-06-08 20:42,29429.5,29432.0,29428.0,29429.25,118.0
2026-06-08 20:43,29429.25,29431.75,29428.5,29429.75,53.0
2026-06-08 20:44,29430.25,29430.25,29427.0,29429.25,153.0
2026-06-08 20:45,29429.25,29431.75,29421.75,29422.75,136.0
2026-06-08 20:46,29422.5,29423.25,29417.0,29419.25,86.0
2026-06-08 20:47,29420.75,29423.5,29418.25,29420.5,56.0
2026-06-08 20:48,29421.0,29424.0,29419.25,29423.0,56.0
2026-06-08 20:49,29423.0,29431.5,29422.75,29430.0,129.0
2026-06-08 20:50,29430.5,29431.75,29420.25,29430.0,227.0
2026-06-08 20:51,29430.0,29432.0,29428.0,29429.5,86.0
2026-06-08 20:52,29430.25,29435.0,29429.0,29435.0,89.0
2026-06-08 20:53,29434.5,29448.75,29434.5,29444.75,257.0
2026-06-08 20:54,29444.5,29445.5,29442.25,29444.0,78.0
2026-06-08 20:55,29445.0,29445.0,29436.75,29439.75,136.0
2026-06-08 20:56,29440.5,29441.5,29436.25,29439.0,128.0
2026-06-08 20:57,29440.5,29442.25,29439.0,29439.0,84.0
2026-06-08 20:58,29439.5,29439.5,29433.5,29435.25,104.0
2026-06-08 20:59,29435.0,29437.25,29433.25,29435.25,118.0
2026-06-08 22:00,29435.0,29468.75,29429.5,29462.25,405.0
2026-06-08 22:01,29463.25,29464.25,29442.5,29443.0,178.0
2026-06-08 22:02,29443.25,29444.0,29414.5,29417.5,475.0
2026-06-08 22:03,29419.75,29426.5,29408.75,29412.0,200.0
2026-06-08 22:04,29411.0,29411.75,29404.0,29405.0,138.0
2026-06-08 22:05,29406.5,29421.25,29405.25,29412.5,205.0
2026-06-08 22:06,29412.75,29415.0,29377.25,29378.0,676.0
2026-06-08 22:07,29377.0,29385.5,29365.25,29372.75,496.0
2026-06-08 22:08,29372.5,29385.25,29360.0,29379.0,304.0
2026-06-08 22:09,29378.5,29395.75,29378.25,29384.5,242.0
2026-06-08 22:10,29386.5,29391.5,29349.0,29355.25,340.0
2026-06-08 22:11,29353.75,29362.25,29349.75,29360.0,193.0
2026-06-08 22:12,29360.5,29367.0,29350.0,29358.0,156.0
2026-06-08 22:13,29360.5,29360.5,29351.25,29352.25,84.0
2026-06-08 22:14,29353.5,29361.5,29353.0,29358.25,72.0
2026-06-08 22:15,29360.25,29361.75,29321.25,29324.75,530.0
2026-06-08 22:16,29325.25,29338.75,29322.0,29331.75,264.0
2026-06-08 22:17,29333.75,29346.0,29321.75,29339.75,175.0
2026-06-08 22:18,29341.0,29344.0,29331.0,29335.25,144.0
2026-06-08 22:19,29335.75,29343.0,29329.75,29338.75,137.0
2026-06-08 22:20,29339.5,29356.75,29339.5,29351.25,300.0
2026-06-08 22:21,29352.0,29357.5,29347.0,29356.25,121.0
2026-06-08 22:22,29358.25,29361.0,29342.25,29348.5,150.0
2026-06-08 22:23,29349.0,29364.5,29348.75,29359.75,169.0
2026-06-08 22:24,29358.25,29360.25,29347.0,29360.25,137.0
2026-06-08 22:25,29360.5,29370.25,29357.75,29360.0,173.0
2026-06-08 22:26,29359.0,29359.0,29341.75,29350.5,223.0
2026-06-08 22:27,29350.5,29353.0,29334.5,29338.25,180.0
2026-06-08 22:28,29337.25,29337.5,29325.25,29330.5,178.0
2026-06-08 22:29,29330.5,29334.75,29323.25,29328.25,156.0
2026-06-08 22:30,29332.25,29354.75,29332.25,29349.5,314.0
2026-06-08 22:31,29350.0,29352.75,29340.0,29352.75,180.0
2026-06-08 22:32,29353.25,29362.25,29349.75,29350.75,160.0
2026-06-08 22:33,29350.0,29364.75,29348.0,29359.75,127.0
2026-06-08 22:34,29358.25,29364.0,29356.75,29362.5,113.0
2026-06-08 22:35,29359.5,29368.75,29358.75,29364.0,88.0
2026-06-08 22:36,29362.25,29366.5,29360.5,29362.5,65.0
2026-06-08 22:37,29361.75,29367.5,29355.75,29366.5,106.0
2026-06-08 22:38,29366.25,29369.25,29362.5,29365.25,50.0
2026-06-08 22:39,29367.0,29374.5,29366.75,29367.75,186.0
2026-06-08 22:40,29367.5,29370.25,29366.0,29369.5,45.0
2026-06-08 22:41,29368.0,29372.25,29362.5,29365.5,94.0
2026-06-08 22:42,29366.5,29374.75,29366.5,29373.25,56.0
2026-06-08 22:43,29372.5,29376.75,29369.25,29373.5,83.0
2026-06-08 22:44,29374.0,29374.25,29369.25,29370.0,24.0
2026-06-08 22:45,29369.0,29369.25,29360.0,29368.5,137.0
2026-06-08 22:46,29368.75,29379.25,29368.75,29377.0,90.0
2026-06-08 22:47,29377.25,29381.0,29372.0,29375.0,98.0
2026-06-08 22:48,29373.25,29387.25,29366.25,29383.0,265.0
2026-06-08 22:49,29383.5,29387.0,29381.25,29386.75,96.0
2026-06-08 22:50,29386.0,29386.0,29378.75,29378.75,65.0
2026-06-08 22:51,29379.0,29386.75,29377.75,29381.75,32.0
2026-06-08 22:52,29382.5,29391.5,29382.5,29389.0,97.0
2026-06-08 22:53,29389.0,29391.25,29386.0,29388.5,60.0
2026-06-08 22:54,29388.75,29390.75,29387.0,29389.25,59.0
2026-06-08 22:55,29391.0,29406.5,29390.25,29406.5,282.0
2026-06-08 22:56,29405.0,29429.0,29402.75,29414.25,404.0
2026-06-08 22:57,29414.0,29421.25,29410.0,29416.5,135.0
2026-06-08 22:58,29415.75,29420.5,29413.0,29418.5,55.0
2026-06-08 22:59,29417.5,29428.0,29416.5,29425.5,118.0
2026-06-08 23:00,29426.5,29427.25,29410.0,29411.5,185.0
2026-06-08 23:01,29411.25,29419.25,29407.25,29417.5,92.0
2026-06-08 23:02,29418.25,29424.25,29409.0,29409.0,79.0
2026-06-08 23:03,29410.75,29415.25,29408.5,29411.75,52.0
2026-06-08 23:04,29411.0,29415.0,29409.75,29414.5,36.0
2026-06-08 23:05,29415.25,29424.0,29412.25,29418.0,65.0
2026-06-08 23:06,29416.5,29416.5,29414.0,29414.75,16.0
2026-06-08 23:07,29412.75,29414.0,29403.5,29408.5,108.0
2026-06-08 23:08,29410.0,29422.5,29409.75,29422.5,66.0
2026-06-08 23:09,29421.75,29425.25,29420.0,29422.5,57.0
2026-06-08 23:10,29421.5,29421.5,29414.5,29420.5,43.0
2026-06-08 23:11,29420.25,29442.0,29417.25,29436.0,261.0
2026-06-08 23:12,29436.25,29463.25,29435.75,29457.0,410.0
2026-06-08 23:13,29455.0,29455.5,29442.5,29442.5,202.0
2026-06-08 23:14,29443.0,29457.75,29443.0,29454.5,141.0
2026-06-08 23:15,29455.25,29459.25,29446.5,29450.0,180.0
2026-06-08 23:16,29450.0,29451.25,29445.75,29451.25,64.0
2026-06-08 23:17,29451.0,29451.0,29445.25,29446.5,55.0
2026-06-08 23:18,29449.0,29450.0,29436.0,29442.5,157.0
2026-06-08 23:19,29441.75,29441.75,29422.25,29433.0,218.0
2026-06-08 23:20,29433.25,29442.75,29429.5,29440.5,95.0
2026-06-08 23:21,29438.75,29442.75,29431.0,29441.5,83.0
2026-06-08 23:22,29441.0,29454.0,29440.75,29447.5,181.0
2026-06-08 23:23,29447.75,29452.5,29447.75,29451.75,73.0
2026-06-08 23:24,29451.0,29452.0,29444.75,29446.25,72.0
2026-06-08 23:25,29444.75,29453.0,29439.75,29445.75,103.0
2026-06-08 23:26,29445.5,29452.5,29443.25,29450.0,64.0
2026-06-08 23:27,29450.25,29453.25,29447.5,29447.5,41.0
2026-06-08 23:28,29445.5,29445.5,29431.75,29437.5,253.0
2026-06-08 23:29,29438.0,29438.0,29431.75,29433.0,69.0
2026-06-08 23:30,29431.0,29453.25,29416.0,29440.25,592.0
2026-06-08 23:31,29442.25,29443.25,29430.25,29437.0,87.0
2026-06-08 23:32,29435.75,29441.5,29433.75,29435.75,41.0
2026-06-08 23:33,29438.75,29439.0,29427.25,29429.25,79.0
2026-06-08 23:34,29427.75,29437.5,29425.0,29435.25,80.0
2026-06-08 23:35,29437.0,29453.75,29437.0,29451.75,145.0
2026-06-08 23:36,29450.5,29465.0,29450.5,29462.75,283.0
2026-06-08 23:37,29462.25,29472.75,29461.75,29471.5,230.0
2026-06-08 23:38,29470.0,29477.25,29462.0,29467.75,226.0
2026-06-08 23:39,29467.25,29478.0,29462.0,29476.75,198.0
2026-06-08 23:40,29478.25,29482.0,29469.5,29470.5,134.0
2026-06-08 23:41,29469.75,29470.5,29456.0,29456.0,179.0
2026-06-08 23:42,29457.75,29464.25,29453.25,29455.0,112.0
2026-06-08 23:43,29455.5,29460.5,29446.75,29455.5,111.0
2026-06-08 23:44,29454.5,29454.5,29442.75,29444.0,110.0
2026-06-08 23:45,29444.75,29445.0,29416.25,29422.5,454.0
2026-06-08 23:46,29424.75,29436.75,29421.5,29430.75,87.0
2026-06-08 23:47,29429.0,29429.0,29404.5,29420.0,291.0
2026-06-08 23:48,29426.0,29427.0,29408.75,29409.0,100.0
2026-06-08 23:49,29413.5,29422.0,29408.25,29414.0,94.0
2026-06-08 23:50,29414.25,29421.25,29406.0,29413.0,82.0
2026-06-08 23:51,29410.5,29418.0,29407.25,29413.75,90.0
2026-06-08 23:52,29412.5,29412.5,29392.75,29393.25,271.0
2026-06-08 23:53,29395.25,29411.25,29392.0,29408.25,118.0
2026-06-08 23:54,29407.25,29419.0,29391.5,29398.5,189.0
2026-06-08 23:55,29400.5,29401.0,29385.0,29401.0,183.0
2026-06-08 23:56,29401.0,29406.75,29392.25,29405.25,122.0
2026-06-08 23:57,29405.25,29416.25,29403.0,29415.75,80.0
2026-06-08 23:58,29416.0,29429.25,29411.75,29422.0,168.0
2026-06-08 23:59,29421.25,29427.0,29421.0,29425.0,82.0
2026-06-09 00:00,29425.75,29439.25,29417.0,29433.25,252.0
2026-06-09 00:01,29430.25,29435.5,29414.25,29425.75,267.0
2026-06-09 00:02,29425.25,29441.0,29424.25,29426.75,253.0
2026-06-09 00:03,29423.25,29423.25,29389.0,29397.5,402.0
2026-06-09 00:04,29398.25,29402.75,29370.5,29382.5,351.0
2026-06-09 00:05,29380.5,29393.25,29354.75,29360.25,443.0
2026-06-09 00:06,29360.0,29370.25,29357.75,29370.25,185.0
2026-06-09 00:07,29371.25,29388.5,29362.25,29372.5,298.0
2026-06-09 00:08,29371.75,29397.0,29356.0,29357.25,362.0
2026-06-09 00:09,29356.0,29358.25,29340.0,29346.75,386.0
2026-06-09 00:10,29348.25,29386.0,29346.5,29382.5,372.0
2026-06-09 00:11,29380.75,29386.5,29368.25,29375.5,153.0
2026-06-09 00:12,29374.0,29391.5,29366.25,29368.75,207.0
2026-06-09 00:13,29369.5,29380.0,29368.0,29379.0,93.0
2026-06-09 00:14,29375.25,29375.25,29352.25,29361.25,176.0
2026-06-09 00:15,29362.25,29368.25,29346.75,29352.25,297.0
2026-06-09 00:16,29350.75,29376.0,29349.0,29376.0,165.0
2026-06-09 00:17,29379.0,29380.0,29364.5,29378.75,142.0
2026-06-09 00:18,29380.0,29386.0,29360.0,29363.75,194.0
2026-06-09 00:19,29365.5,29368.0,29351.0,29351.5,140.0
2026-06-09 00:20,29352.0,29362.0,29344.25,29354.25,163.0
2026-06-09 00:21,29354.25,29359.0,29339.0,29340.0,171.0
2026-06-09 00:22,29341.5,29353.0,29333.75,29340.0,201.0
2026-06-09 00:23,29341.0,29343.0,29329.75,29340.25,187.0
2026-06-09 00:24,29339.5,29349.75,29334.0,29341.0,94.0
2026-06-09 00:25,29341.75,29344.5,29332.0,29340.75,123.0
2026-06-09 00:26,29338.25,29367.75,29338.25,29365.5,370.0
2026-06-09 00:27,29364.25,29370.25,29353.5,29358.25,177.0
2026-06-09 00:28,29363.25,29369.0,29353.0,29367.75,143.0
2026-06-09 00:29,29365.5,29368.75,29358.0,29368.75,92.0
2026-06-09 00:30,29368.0,29378.0,29342.25,29350.5,306.0
2026-06-09 00:31,29352.0,29352.0,29324.5,29337.25,238.0
2026-06-09 00:32,29338.5,29346.25,29327.5,29327.5,188.0
2026-06-09 00:33,29327.0,29330.0,29311.75,29319.75,434.0
2026-06-09 00:34,29317.5,29336.0,29316.0,29328.25,284.0
2026-06-09 00:35,29328.25,29330.0,29308.0,29309.0,163.0
2026-06-09 00:36,29308.0,29319.75,29307.75,29318.0,113.0
2026-06-09 00:37,29318.5,29335.5,29317.25,29326.75,196.0
2026-06-09 00:38,29320.0,29322.25,29310.0,29310.0,96.0
2026-06-09 00:39,29310.0,29319.25,29308.25,29318.25,94.0
2026-06-09 00:40,29318.25,29345.0,29317.5,29334.25,262.0
2026-06-09 00:41,29335.25,29338.0,29327.5,29327.5,143.0
2026-06-09 00:42,29331.0,29345.0,29331.0,29332.75,237.0
2026-06-09 00:43,29332.0,29333.75,29325.75,29333.5,86.0
2026-06-09 00:44,29330.5,29348.25,29330.25,29347.0,149.0
2026-06-09 00:45,29347.25,29349.25,29337.5,29346.25,175.0
2026-06-09 00:46,29348.5,29355.0,29341.25,29345.75,230.0
2026-06-09 00:47,29345.75,29347.25,29332.75,29341.0,140.0
2026-06-09 00:48,29341.5,29347.0,29332.0,29334.0,124.0
2026-06-09 00:49,29331.5,29344.75,29324.0,29343.75,175.0
2026-06-09 00:50,29344.25,29353.25,29341.5,29350.0,170.0
2026-06-09 00:51,29349.5,29357.75,29335.25,29335.75,173.0
2026-06-09 00:52,29337.5,29338.25,29313.75,29327.5,297.0
2026-06-09 00:53,29327.75,29328.5,29315.0,29317.75,118.0
2026-06-09 00:54,29315.75,29325.25,29310.5,29319.25,182.0
2026-06-09 00:55,29317.5,29333.75,29316.5,29327.75,185.0
2026-06-09 00:56,29326.25,29326.25,29303.5,29306.25,322.0
2026-06-09 00:57,29308.5,29321.0,29308.5,29317.0,134.0
2026-06-09 00:58,29319.75,29338.5,29317.75,29336.25,208.0
2026-06-09 00:59,29337.25,29346.5,29337.25,29337.75,113.0
2026-06-09 01:00,29341.75,29364.0,29337.25,29362.25,348.0
2026-06-09 01:01,29361.5,29370.75,29353.75,29367.75,213.0
2026-06-09 01:02,29363.5,29363.5,29344.0,29352.0,178.0
2026-06-09 01:03,29349.5,29358.5,29345.25,29348.75,71.0
2026-06-09 01:04,29348.25,29352.25,29340.0,29340.25,115.0
2026-06-09 01:05,29338.25,29358.0,29335.75,29346.0,190.0
2026-06-09 01:06,29347.0,29370.5,29346.25,29358.5,296.0
2026-06-09 01:07,29357.0,29360.75,29340.25,29344.25,186.0
2026-06-09 01:08,29343.25,29344.75,29329.0,29339.75,190.0
2026-06-09 01:09,29340.5,29356.25,29338.25,29341.5,181.0
2026-06-09 01:10,29342.5,29351.5,29336.5,29343.75,178.0
2026-06-09 01:11,29343.0,29356.25,29342.25,29347.5,79.0
2026-06-09 01:12,29349.25,29365.5,29343.25,29365.5,234.0
2026-06-09 01:13,29366.0,29385.0,29360.0,29383.25,335.0
2026-06-09 01:14,29385.0,29385.0,29371.25,29371.25,220.0
2026-06-09 01:15,29372.5,29388.5,29363.75,29379.0,276.0
2026-06-09 01:16,29385.5,29394.0,29377.0,29378.75,156.0
2026-06-09 01:17,29383.0,29387.75,29375.75,29384.75,180.0
2026-06-09 01:18,29383.75,29385.0,29372.0,29375.0,253.0
2026-06-09 01:19,29377.25,29383.25,29374.0,29381.75,105.0
2026-06-09 01:20,29382.5,29408.5,29380.75,29405.0,339.0
2026-06-09 01:21,29404.5,29417.0,29402.0,29415.5,252.0
2026-06-09 01:22,29417.0,29470.5,29411.75,29467.0,802.0
2026-06-09 01:23,29466.5,29471.75,29448.0,29454.25,495.0
2026-06-09 01:24,29453.5,29464.25,29450.75,29453.25,185.0
2026-06-09 01:25,29454.0,29461.5,29442.75,29443.25,195.0
2026-06-09 01:26,29443.25,29453.25,29443.25,29448.25,83.0
2026-06-09 01:27,29447.75,29473.5,29447.0,29472.0,296.0
2026-06-09 01:28,29471.75,29476.5,29465.75,29466.5,215.0
2026-06-09 01:29,29467.75,29474.5,29445.25,29456.25,224.0
2026-06-09 01:30,29457.0,29468.25,29455.5,29463.25,204.0
2026-06-09 01:31,29462.5,29468.25,29448.0,29464.75,146.0
2026-06-09 01:32,29462.5,29472.25,29448.75,29452.5,134.0
2026-06-09 01:33,29453.25,29464.0,29451.0,29463.25,76.0
2026-06-09 01:34,29461.75,29469.75,29454.25,29464.5,55.0
2026-06-09 01:35,29465.5,29472.0,29456.75,29470.25,101.0
2026-06-09 01:36,29470.75,29479.25,29466.0,29474.25,177.0
2026-06-09 01:37,29474.25,29476.25,29467.5,29473.5,100.0
2026-06-09 01:38,29474.25,29475.0,29464.0,29472.0,93.0
2026-06-09 01:39,29474.5,29500.0,29470.75,29497.75,539.0
2026-06-09 01:40,29497.0,29521.5,29497.0,29512.5,611.0
2026-06-09 01:41,29512.75,29514.5,29499.75,29510.25,154.0
2026-06-09 01:42,29508.25,29519.5,29501.75,29502.75,144.0
2026-06-09 01:43,29503.0,29505.0,29483.25,29485.25,249.0
2026-06-09 01:44,29485.25,29508.0,29484.75,29502.0,151.0
2026-06-09 01:45,29501.5,29530.0,29501.0,29517.25,367.0
2026-06-09 01:46,29515.75,29529.5,29511.75,29529.0,185.0
2026-06-09 01:47,29528.25,29535.5,29524.75,29535.5,208.0
2026-06-09 01:48,29534.75,29547.75,29530.0,29540.75,286.0
2026-06-09 01:49,29540.5,29541.25,29524.0,29527.75,267.0
2026-06-09 01:50,29527.25,29541.5,29523.0,29525.0,198.0
2026-06-09 01:51,29526.5,29527.5,29520.0,29522.25,102.0
2026-06-09 01:52,29523.5,29524.75,29518.0,29519.5,110.0
2026-06-09 01:53,29519.5,29527.75,29512.5,29514.25,175.0
2026-06-09 01:54,29514.0,29520.5,29512.5,29518.75,100.0
2026-06-09 01:55,29515.75,29519.0,29502.75,29503.75,303.0
2026-06-09 01:56,29506.25,29516.0,29505.25,29509.75,90.0
2026-06-09 01:57,29508.75,29511.0,29494.0,29494.75,249.0
2026-06-09 01:58,29493.75,29497.25,29482.0,29484.0,310.0
2026-06-09 01:59,29485.5,29498.25,29483.5,29492.0,144.0
2026-06-09 02:00,29492.5,29504.0,29490.75,29498.5,177.0
2026-06-09 02:01,29496.5,29506.25,29494.75,29500.0,150.0
2026-06-09 02:02,29502.0,29510.5,29497.5,29507.5,148.0
2026-06-09 02:03,29508.75,29514.75,29497.75,29499.25,137.0
2026-06-09 02:04,29500.0,29505.25,29498.25,29498.75,77.0
2026-06-09 02:05,29497.0,29501.25,29482.75,29489.25,213.0
2026-06-09 02:06,29488.75,29495.0,29483.0,29487.5,117.0
2026-06-09 02:07,29489.0,29508.5,29484.75,29500.75,154.0
2026-06-09 02:08,29501.25,29511.75,29495.5,29503.75,104.0
2026-06-09 02:09,29501.0,29513.0,29495.5,29511.5,86.0
2026-06-09 02:10,29512.25,29516.25,29505.0,29505.75,135.0
2026-06-09 02:11,29508.75,29509.25,29494.25,29501.75,86.0
2026-06-09 02:12,29500.5,29508.0,29499.5,29507.25,64.0
2026-06-09 02:13,29507.0,29514.0,29504.5,29510.75,74.0
2026-06-09 02:14,29508.75,29508.75,29498.0,29498.0,83.0
2026-06-09 02:15,29498.25,29498.25,29479.25,29481.25,175.0
2026-06-09 02:16,29481.5,29485.75,29478.25,29481.25,126.0
2026-06-09 02:17,29482.5,29502.0,29481.25,29492.0,163.0
2026-06-09 02:18,29491.0,29493.75,29482.25,29484.75,97.0
2026-06-09 02:19,29485.25,29492.5,29481.25,29483.5,102.0
2026-06-09 02:20,29482.75,29488.25,29471.75,29484.25,302.0
2026-06-09 02:21,29482.0,29496.25,29480.25,29488.75,115.0
2026-06-09 02:22,29491.0,29492.75,29481.25,29481.25,38.0
2026-06-09 02:23,29480.5,29485.0,29477.0,29485.0,73.0
2026-06-09 02:24,29483.0,29487.0,29478.5,29478.5,36.0
2026-06-09 02:25,29477.25,29479.75,29468.5,29471.0,149.0
2026-06-09 02:26,29469.0,29471.25,29460.5,29464.0,149.0
2026-06-09 02:27,29462.5,29473.25,29462.5,29468.0,46.0
2026-06-09 02:28,29467.25,29489.5,29467.25,29485.25,236.0
2026-06-09 02:29,29485.25,29492.0,29482.0,29490.5,119.0
2026-06-09 02:30,29491.75,29505.5,29490.0,29492.75,194.0
2026-06-09 02:31,29495.75,29501.0,29491.0,29499.25,83.0
2026-06-09 02:32,29499.0,29506.0,29492.0,29496.5,98.0
2026-06-09 02:33,29499.5,29512.0,29496.75,29508.5,144.0
2026-06-09 02:34,29507.25,29510.75,29499.5,29501.25,75.0
2026-06-09 02:35,29501.0,29501.0,29484.25,29487.75,134.0
2026-06-09 02:36,29488.5,29491.25,29482.75,29489.5,69.0
2026-06-09 02:37,29487.75,29490.25,29478.0,29478.75,83.0
2026-06-09 02:38,29478.75,29482.75,29473.5,29481.0,127.0
2026-06-09 02:39,29480.75,29489.0,29477.75,29487.5,113.0
2026-06-09 02:40,29487.0,29496.0,29486.75,29487.0,95.0
2026-06-09 02:41,29487.0,29504.5,29486.75,29495.0,166.0
2026-06-09 02:42,29495.0,29499.25,29494.0,29495.0,35.0
2026-06-09 02:43,29493.0,29500.5,29491.0,29500.25,73.0
2026-06-09 02:44,29500.75,29508.75,29492.5,29508.75,68.0
2026-06-09 02:45,29509.75,29523.75,29507.75,29514.0,285.0
2026-06-09 02:46,29513.75,29517.5,29508.0,29515.75,96.0
2026-06-09 02:47,29515.75,29518.25,29510.0,29511.75,44.0
2026-06-09 02:48,29513.0,29514.0,29503.75,29511.0,66.0
2026-06-09 02:49,29509.75,29512.5,29503.25,29503.25,93.0
2026-06-09 02:50,29501.5,29507.75,29497.0,29504.0,170.0
2026-06-09 02:51,29502.75,29502.75,29492.0,29495.5,90.0
2026-06-09 02:52,29494.0,29497.25,29489.25,29493.5,71.0
2026-06-09 02:53,29491.75,29499.0,29489.5,29496.5,35.0
2026-06-09 02:54,29498.0,29513.0,29498.0,29502.25,110.0
2026-06-09 02:55,29500.75,29516.0,29500.25,29515.75,110.0
2026-06-09 02:56,29514.5,29518.25,29512.75,29514.25,49.0
2026-06-09 02:57,29513.25,29520.25,29510.0,29516.5,145.0
2026-06-09 02:58,29516.25,29516.75,29512.25,29513.5,33.0
2026-06-09 02:59,29513.5,29514.25,29506.5,29514.0,77.0
2026-06-09 03:00,29514.0,29514.0,29504.0,29512.0,70.0
2026-06-09 03:01,29511.75,29514.0,29508.0,29508.5,64.0
2026-06-09 03:02,29511.0,29514.75,29506.5,29512.5,69.0
2026-06-09 03:03,29514.75,29515.75,29503.75,29511.0,77.0
2026-06-09 03:04,29509.75,29517.25,29509.25,29512.25,85.0
2026-06-09 03:05,29512.5,29525.0,29501.0,29523.5,435.0
2026-06-09 03:06,29522.75,29533.0,29522.25,29531.75,218.0
2026-06-09 03:07,29531.5,29532.5,29522.75,29524.5,91.0
2026-06-09 03:08,29524.75,29528.0,29517.5,29517.5,71.0
2026-06-09 03:09,29518.25,29522.0,29517.0,29519.25,38.0
2026-06-09 03:10,29521.25,29522.5,29514.25,29520.5,58.0
2026-06-09 03:11,29519.25,29525.75,29517.5,29525.5,40.0
2026-06-09 03:12,29526.25,29532.25,29523.5,29530.75,53.0
2026-06-09 03:13,29528.75,29542.25,29526.25,29539.5,129.0
2026-06-09 03:14,29539.0,29540.75,29531.0,29534.5,181.0
2026-06-09 03:15,29532.75,29555.0,29532.25,29546.25,239.0
2026-06-09 03:16,29545.25,29550.75,29540.5,29543.5,145.0
2026-06-09 03:17,29541.75,29551.0,29540.25,29543.0,88.0
2026-06-09 03:18,29543.0,29549.0,29543.0,29547.0,52.0
2026-06-09 03:19,29547.25,29548.5,29538.25,29540.25,66.0
2026-06-09 03:20,29540.0,29544.75,29535.5,29543.0,83.0
2026-06-09 03:21,29544.75,29546.25,29527.5,29530.5,151.0
2026-06-09 03:22,29529.5,29530.5,29523.0,29527.5,106.0
2026-06-09 03:23,29529.5,29533.75,29522.75,29524.0,137.0
2026-06-09 03:24,29524.25,29526.5,29516.5,29523.25,75.0
2026-06-09 03:25,29525.25,29535.5,29524.0,29535.25,92.0
2026-06-09 03:26,29534.5,29539.75,29530.75,29533.5,69.0
2026-06-09 03:27,29533.5,29540.0,29529.75,29539.5,49.0
2026-06-09 03:28,29538.5,29543.0,29535.75,29539.0,56.0
2026-06-09 03:29,29535.75,29540.75,29533.25,29539.0,64.0
2026-06-09 03:30,29540.0,29559.0,29540.0,29550.0,231.0
2026-06-09 03:31,29549.5,29550.0,29534.75,29549.0,131.0
2026-06-09 03:32,29548.25,29555.5,29544.75,29553.0,97.0
2026-06-09 03:33,29551.0,29555.5,29547.5,29551.0,49.0
2026-06-09 03:34,29550.75,29561.75,29548.25,29561.5,131.0
2026-06-09 03:35,29561.75,29567.5,29558.25,29564.0,134.0
2026-06-09 03:36,29563.5,29567.5,29560.0,29563.5,59.0
2026-06-09 03:37,29564.5,29573.0,29564.0,29567.75,194.0
2026-06-09 03:38,29567.25,29571.0,29564.5,29571.0,51.0
2026-06-09 03:39,29572.0,29581.5,29568.5,29579.5,179.0
2026-06-09 03:40,29578.5,29584.0,29575.0,29578.5,172.0
2026-06-09 03:41,29576.75,29587.0,29576.25,29580.5,141.0
2026-06-09 03:42,29581.25,29583.25,29575.5,29581.25,73.0
2026-06-09 03:43,29580.25,29587.75,29579.75,29582.75,73.0
2026-06-09 03:44,29584.0,29592.5,29582.5,29584.25,180.0
2026-06-09 03:45,29584.5,29587.5,29580.0,29585.0,95.0
2026-06-09 03:46,29585.75,29586.75,29579.75,29586.5,61.0
2026-06-09 03:47,29587.75,29593.0,29582.25,29583.75,141.0
2026-06-09 03:48,29582.0,29583.75,29576.75,29580.0,92.0
2026-06-09 03:49,29578.75,29580.0,29572.75,29573.75,120.0
2026-06-09 03:50,29574.5,29574.5,29567.25,29568.75,136.0
2026-06-09 03:51,29569.75,29573.75,29566.75,29566.75,78.0
2026-06-09 03:52,29567.0,29570.0,29565.0,29568.5,91.0
2026-06-09 03:53,29568.75,29576.5,29567.5,29571.5,183.0
2026-06-09 03:54,29572.25,29575.75,29570.25,29575.75,89.0
2026-06-09 03:55,29575.0,29578.25,29569.75,29569.75,50.0
2026-06-09 03:56,29569.25,29571.25,29566.0,29570.0,59.0
2026-06-09 03:57,29570.0,29577.5,29569.5,29575.75,83.0
2026-06-09 03:58,29576.75,29576.75,29569.75,29574.5,54.0
2026-06-09 03:59,29573.25,29582.25,29573.0,29580.0,89.0
2026-06-09 04:00,29580.0,29587.75,29578.0,29579.5,178.0
2026-06-09 04:01,29580.75,29580.75,29571.5,29573.75,119.0
2026-06-09 04:02,29572.75,29579.5,29569.75,29571.75,89.0
2026-06-09 04:03,29571.5,29579.75,29571.5,29573.0,65.0
2026-06-09 04:04,29574.75,29578.25,29572.0,29574.75,30.0
2026-06-09 04:05,29575.25,29580.0,29574.25,29576.75,51.0
2026-06-09 04:06,29578.0,29579.0,29571.0,29571.0,53.0
2026-06-09 04:07,29572.0,29577.0,29569.0,29575.25,59.0
2026-06-09 04:08,29576.0,29596.0,29576.0,29594.0,282.0
2026-06-09 04:09,29594.25,29609.25,29594.25,29605.25,578.0
2026-06-09 04:10,29605.5,29606.25,29601.0,29603.0,84.0
2026-06-09 04:11,29602.25,29612.25,29602.25,29608.25,158.0
2026-06-09 04:12,29608.0,29610.75,29604.5,29605.5,58.0
2026-06-09 04:13,29605.5,29611.0,29602.0,29609.75,124.0
2026-06-09 04:14,29609.75,29611.75,29601.75,29602.0,87.0
2026-06-09 04:15,29602.75,29602.75,29597.0,29600.5,93.0
2026-06-09 04:16,29601.0,29613.5,29600.0,29612.25,142.0
2026-06-09 04:17,29611.0,29619.25,29610.75,29614.5,169.0
2026-06-09 04:18,29614.75,29623.5,29612.75,29621.25,128.0
2026-06-09 04:19,29621.0,29622.25,29617.5,29621.25,54.0
2026-06-09 04:20,29621.5,29621.5,29616.0,29618.25,69.0
2026-06-09 04:21,29619.25,29620.25,29609.0,29609.75,93.0
2026-06-09 04:22,29611.75,29615.5,29610.5,29611.25,58.0
2026-06-09 04:23,29611.0,29612.75,29605.25,29609.0,98.0
2026-06-09 04:24,29608.75,29617.0,29608.0,29609.5,41.0
2026-06-09 04:25,29610.5,29622.5,29609.5,29618.25,116.0
2026-06-09 04:26,29618.0,29618.0,29611.25,29612.0,97.0
2026-06-09 04:27,29613.25,29617.0,29608.0,29609.5,65.0
2026-06-09 04:28,29609.0,29609.0,29601.25,29608.75,151.0
2026-06-09 04:29,29609.5,29611.5,29604.5,29611.5,55.0
2026-06-09 04:30,29612.0,29613.25,29603.0,29605.75,107.0
2026-06-09 04:31,29605.25,29611.0,29598.5,29602.0,96.0
2026-06-09 04:32,29602.25,29606.75,29601.0,29604.5,47.0
2026-06-09 04:33,29605.5,29617.0,29605.0,29616.5,85.0
2026-06-09 04:34,29615.75,29622.5,29614.75,29622.0,112.0
2026-06-09 04:35,29622.25,29623.0,29614.0,29615.25,81.0
2026-06-09 04:36,29617.5,29622.0,29617.0,29617.5,49.0
2026-06-09 04:37,29618.0,29627.25,29618.0,29623.75,90.0
2026-06-09 04:38,29624.75,29629.0,29621.0,29624.0,98.0
2026-06-09 04:39,29622.5,29627.25,29616.75,29626.25,182.0
2026-06-09 04:40,29624.75,29627.25,29623.25,29624.25,46.0
2026-06-09 04:41,29625.0,29629.25,29624.0,29628.25,85.0
2026-06-09 04:42,29628.5,29631.25,29619.25,29621.75,125.0
2026-06-09 04:43,29621.25,29623.75,29614.5,29616.25,118.0
2026-06-09 04:44,29616.25,29621.5,29615.5,29617.75,66.0
2026-06-09 04:45,29617.5,29620.0,29614.0,29616.75,76.0
2026-06-09 04:46,29617.0,29621.75,29616.0,29619.25,87.0
2026-06-09 04:47,29620.0,29624.5,29617.75,29617.75,180.0
2026-06-09 04:48,29618.0,29620.5,29615.25,29616.75,42.0
2026-06-09 04:49,29619.0,29619.0,29614.25,29617.25,39.0
2026-06-09 04:50,29618.0,29618.5,29614.75,29615.0,37.0
2026-06-09 04:51,29615.0,29616.75,29608.75,29611.5,96.0
2026-06-09 04:52,29610.75,29612.5,29605.5,29608.0,68.0
2026-06-09 04:53,29607.25,29608.5,29604.5,29608.0,86.0
2026-06-09 04:54,29607.25,29610.75,29605.75,29610.5,32.0
2026-06-09 04:55,29609.25,29613.5,29608.75,29610.5,69.0
2026-06-09 04:56,29611.75,29615.5,29607.5,29608.0,62.0
2026-06-09 04:57,29608.0,29609.75,29607.25,29608.0,42.0
2026-06-09 04:58,29607.75,29608.25,29603.25,29603.25,43.0
2026-06-09 04:59,29603.25,29606.75,29600.75,29603.25,123.0
2026-06-09 05:00,29604.5,29606.0,29600.25,29601.5,95.0
2026-06-09 05:01,29602.5,29604.0,29592.5,29597.25,181.0
2026-06-09 05:02,29597.25,29608.5,29596.0,29608.5,160.0
2026-06-09 05:03,29609.5,29621.0,29606.25,29621.0,159.0
2026-06-09 05:04,29619.5,29626.0,29615.25,29625.0,242.0
2026-06-09 05:05,29623.25,29624.0,29617.5,29618.75,133.0
2026-06-09 05:06,29620.0,29622.75,29617.5,29618.5,79.0
2026-06-09 05:07,29618.25,29621.25,29615.5,29619.75,52.0
2026-06-09 05:08,29621.25,29622.0,29603.25,29605.5,151.0
2026-06-09 05:09,29604.75,29607.0,29596.25,29596.75,152.0
2026-06-09 05:10,29597.5,29608.25,29596.0,29603.5,124.0
2026-06-09 05:11,29603.5,29611.5,29603.5,29609.25,57.0
2026-06-09 05:12,29610.25,29612.25,29603.25,29606.75,81.0
2026-06-09 05:13,29605.75,29609.25,29602.75,29607.75,22.0
2026-06-09 05:14,29607.75,29611.5,29605.0,29607.25,81.0
2026-06-09 05:15,29606.0,29606.75,29602.0,29602.75,32.0
2026-06-09 05:16,29607.25,29607.25,29599.25,29601.0,59.0
2026-06-09 05:17,29602.5,29608.5,29602.5,29606.75,52.0
2026-06-09 05:18,29607.5,29615.5,29605.75,29611.25,110.0
2026-06-09 05:19,29610.75,29613.0,29608.25,29608.25,26.0
2026-06-09 05:20,29608.75,29612.25,29605.75,29608.5,41.0
2026-06-09 05:21,29608.5,29611.75,29603.5,29606.25,70.0
2026-06-09 05:22,29604.5,29607.25,29593.75,29600.25,91.0
2026-06-09 05:23,29601.5,29610.25,29600.25,29610.0,95.0
2026-06-09 05:24,29610.5,29616.5,29608.5,29613.25,83.0
2026-06-09 05:25,29613.5,29619.25,29611.75,29613.25,88.0
2026-06-09 05:26,29609.5,29619.25,29608.25,29616.5,55.0
2026-06-09 05:27,29614.5,29615.75,29612.5,29615.25,51.0
2026-06-09 05:28,29614.25,29614.25,29601.75,29603.5,67.0
2026-06-09 05:29,29602.75,29603.25,29588.75,29592.75,122.0
2026-06-09 05:30,29593.0,29602.0,29591.75,29597.25,144.0
2026-06-09 05:31,29599.75,29634.25,29596.0,29630.75,298.0
2026-06-09 05:32,29631.25,29638.5,29627.25,29632.0,215.0
2026-06-09 05:33,29630.5,29632.5,29619.5,29625.0,154.0
2026-06-09 05:34,29625.5,29632.0,29624.75,29631.5,140.0
2026-06-09 05:35,29632.5,29634.0,29623.75,29628.5,99.0
2026-06-09 05:36,29627.5,29628.0,29618.0,29620.25,103.0
2026-06-09 05:37,29620.0,29626.5,29619.0,29625.0,80.0
2026-06-09 05:38,29624.75,29625.0,29614.0,29619.0,161.0
2026-06-09 05:39,29619.75,29624.5,29619.25,29624.0,42.0
2026-06-09 05:40,29625.75,29626.25,29620.75,29622.75,36.0
2026-06-09 05:41,29621.75,29628.75,29620.5,29628.75,118.0
2026-06-09 05:42,29629.0,29633.0,29628.5,29631.5,158.0
2026-06-09 05:43,29631.0,29647.0,29631.0,29644.25,345.0
2026-06-09 05:44,29643.5,29643.5,29624.75,29628.5,125.0
2026-06-09 05:45,29627.5,29635.5,29626.5,29632.25,57.0
2026-06-09 05:46,29633.5,29640.75,29633.5,29639.25,84.0
2026-06-09 05:47,29640.5,29643.0,29637.75,29641.75,62.0
2026-06-09 05:48,29642.75,29647.75,29642.0,29646.75,153.0
2026-06-09 05:49,29645.75,29651.5,29643.0,29647.25,316.0
2026-06-09 05:50,29646.5,29647.25,29632.5,29640.0,179.0
2026-06-09 05:51,29639.5,29643.75,29636.5,29638.75,182.0
2026-06-09 05:52,29640.25,29641.25,29636.5,29636.75,34.0
2026-06-09 05:53,29637.0,29637.0,29632.75,29634.25,75.0
2026-06-09 05:54,29634.25,29635.25,29628.5,29633.25,127.0
2026-06-09 05:55,29631.75,29632.25,29620.0,29622.25,104.0
2026-06-09 05:56,29621.75,29622.0,29618.0,29620.0,62.0
2026-06-09 05:57,29621.75,29624.0,29618.0,29621.75,52.0
2026-06-09 05:58,29622.5,29638.0,29621.5,29634.5,150.0
2026-06-09 05:59,29634.0,29635.25,29630.75,29633.25,153.0
2026-06-09 06:00,29634.75,29643.0,29633.0,29633.75,225.0
2026-06-09 06:01,29633.0,29636.0,29625.75,29631.5,92.0
2026-06-09 06:02,29631.0,29643.0,29631.0,29639.25,102.0
2026-06-09 06:03,29639.5,29647.5,29636.5,29646.75,82.0
2026-06-09 06:04,29645.75,29648.25,29640.5,29642.5,92.0
2026-06-09 06:05,29640.75,29648.75,29640.75,29648.0,102.0
2026-06-09 06:06,29647.5,29654.75,29647.25,29651.75,322.0
2026-06-09 06:07,29651.75,29656.5,29640.75,29643.25,151.0
2026-06-09 06:08,29644.0,29653.0,29641.25,29651.5,184.0
2026-06-09 06:09,29652.0,29653.5,29645.75,29649.0,83.0
2026-06-09 06:10,29650.0,29650.0,29644.25,29649.5,81.0
2026-06-09 06:11,29649.75,29657.5,29648.75,29657.5,110.0
2026-06-09 06:12,29657.5,29658.75,29651.25,29652.75,166.0
2026-06-09 06:13,29652.25,29653.75,29648.0,29652.25,120.0
2026-06-09 06:14,29651.5,29660.0,29651.5,29656.75,142.0
2026-06-09 06:15,29655.75,29662.25,29653.0,29661.0,145.0
2026-06-09 06:16,29660.5,29669.25,29660.5,29667.75,277.0
2026-06-09 06:17,29666.25,29674.75,29662.5,29673.0,204.0
2026-06-09 06:18,29673.25,29674.25,29663.5,29668.75,194.0
2026-06-09 06:19,29667.75,29667.75,29656.0,29656.0,190.0
2026-06-09 06:20,29656.5,29661.25,29654.5,29661.25,101.0
2026-06-09 06:21,29661.25,29669.25,29661.25,29666.0,113.0
2026-06-09 06:22,29667.25,29668.0,29664.0,29665.5,73.0
2026-06-09 06:23,29665.25,29667.25,29660.5,29667.25,74.0
2026-06-09 06:24,29666.0,29668.5,29661.0,29661.0,36.0
2026-06-09 06:25,29659.25,29662.75,29653.0,29656.0,107.0
2026-06-09 06:26,29655.25,29656.0,29643.75,29645.0,134.0
2026-06-09 06:27,29647.5,29647.5,29641.5,29647.5,68.0
2026-06-09 06:28,29648.0,29653.5,29644.5,29644.5,195.0
2026-06-09 06:29,29643.75,29643.75,29633.5,29635.75,166.0
2026-06-09 06:30,29635.75,29645.0,29632.0,29634.75,317.0
2026-06-09 06:31,29635.5,29636.75,29625.75,29630.5,155.0
2026-06-09 06:32,29631.25,29631.5,29623.75,29627.25,140.0
2026-06-09 06:33,29627.5,29635.5,29627.5,29632.0,117.0
2026-06-09 06:34,29633.25,29638.75,29631.0,29638.75,69.0
2026-06-09 06:35,29638.75,29644.75,29633.5,29638.75,114.0
2026-06-09 06:36,29638.75,29643.25,29633.5,29642.25,86.0
2026-06-09 06:37,29642.0,29647.0,29642.0,29645.75,68.0
2026-06-09 06:38,29646.5,29650.5,29646.0,29648.25,87.0
2026-06-09 06:39,29646.25,29647.5,29640.25,29645.25,103.0
2026-06-09 06:40,29645.75,29650.5,29643.25,29649.25,75.0
2026-06-09 06:41,29647.75,29652.0,29646.0,29649.75,62.0
2026-06-09 06:42,29649.0,29651.75,29638.5,29638.5,110.0
2026-06-09 06:43,29640.25,29641.0,29628.5,29631.5,126.0
2026-06-09 06:44,29632.25,29641.25,29631.25,29636.5,77.0
2026-06-09 06:45,29637.25,29643.5,29634.25,29634.5,144.0
2026-06-09 06:46,29633.75,29635.75,29627.5,29629.75,153.0
2026-06-09 06:47,29629.5,29635.0,29629.5,29635.0,68.0
2026-06-09 06:48,29636.25,29638.25,29633.25,29635.5,54.0
2026-06-09 06:49,29635.25,29635.5,29625.0,29628.75,88.0
2026-06-09 06:50,29627.5,29629.25,29615.75,29617.25,183.0
2026-06-09 06:51,29618.0,29619.25,29614.75,29615.75,98.0
2026-06-09 06:52,29615.75,29617.75,29612.25,29615.25,52.0
2026-06-09 06:53,29616.25,29617.5,29606.5,29609.25,114.0
2026-06-09 06:54,29609.75,29609.75,29601.5,29605.5,184.0
2026-06-09 06:55,29607.25,29611.25,29602.5,29610.25,151.0
2026-06-09 06:56,29609.25,29619.0,29609.25,29616.0,120.0
2026-06-09 06:57,29616.0,29617.25,29613.5,29617.25,54.0
2026-06-09 06:58,29615.0,29616.25,29610.25,29613.5,62.0
2026-06-09 06:59,29613.5,29624.25,29612.75,29622.25,85.0
2026-06-09 07:00,29623.0,29650.25,29616.0,29649.0,574.0
2026-06-09 07:01,29648.25,29659.0,29644.75,29652.5,221.0
2026-06-09 07:02,29652.0,29662.0,29646.0,29662.0,185.0
2026-06-09 07:03,29660.5,29677.5,29659.25,29671.75,402.0
2026-06-09 07:04,29672.5,29675.25,29661.5,29674.25,173.0
2026-06-09 07:05,29674.0,29679.0,29668.0,29670.5,149.0
2026-06-09 07:06,29669.5,29677.75,29668.25,29674.75,102.0
2026-06-09 07:07,29675.0,29688.0,29673.5,29685.75,218.0
2026-06-09 07:08,29686.75,29689.25,29677.25,29681.25,210.0
2026-06-09 07:09,29678.5,29682.25,29677.5,29680.0,65.0
2026-06-09 07:10,29679.25,29683.0,29675.25,29678.5,109.0
2026-06-09 07:11,29679.0,29686.75,29678.75,29679.25,197.0
2026-06-09 07:12,29678.0,29685.25,29672.0,29673.5,125.0
2026-06-09 07:13,29673.25,29674.0,29659.25,29660.25,207.0
2026-06-09 07:14,29660.75,29661.25,29646.75,29647.5,175.0
2026-06-09 07:15,29648.5,29652.5,29643.25,29646.25,162.0
2026-06-09 07:16,29644.0,29646.0,29635.5,29639.75,183.0
2026-06-09 07:17,29639.0,29648.25,29634.25,29648.0,104.0
2026-06-09 07:18,29646.75,29654.0,29641.75,29643.0,107.0
2026-06-09 07:19,29643.5,29646.0,29639.75,29643.5,61.0
2026-06-09 07:20,29644.0,29648.75,29640.25,29647.5,104.0
2026-06-09 07:21,29648.5,29654.25,29644.25,29645.75,127.0
2026-06-09 07:22,29645.5,29657.25,29643.5,29657.25,106.0
2026-06-09 07:23,29657.75,29661.5,29645.0,29646.0,210.0
2026-06-09 07:24,29646.25,29646.25,29630.75,29633.5,194.0
2026-06-09 07:25,29636.0,29636.75,29616.0,29617.25,183.0
2026-06-09 07:26,29616.25,29620.75,29609.0,29609.75,153.0
2026-06-09 07:27,29610.25,29610.25,29601.5,29602.25,158.0
2026-06-09 07:28,29604.75,29614.75,29604.75,29614.0,124.0
2026-06-09 07:29,29613.75,29620.5,29609.5,29612.75,134.0
2026-06-09 07:30,29612.75,29617.25,29610.5,29614.0,115.0
2026-06-09 07:31,29612.25,29622.25,29611.0,29617.75,118.0
2026-06-09 07:32,29618.0,29626.75,29616.0,29623.25,101.0
2026-06-09 07:33,29623.0,29623.0,29614.75,29618.5,64.0
2026-06-09 07:34,29619.25,29619.25,29609.75,29611.5,100.0
2026-06-09 07:35,29612.75,29614.0,29598.25,29600.0,168.0
2026-06-09 07:36,29599.75,29602.5,29588.0,29601.75,212.0
2026-06-09 07:37,29602.0,29613.0,29600.25,29604.5,176.0
2026-06-09 07:38,29604.75,29609.25,29598.25,29604.5,101.0
2026-06-09 07:39,29605.0,29609.5,29602.25,29608.75,88.0
2026-06-09 07:40,29608.0,29616.0,29598.75,29601.75,132.0
2026-06-09 07:41,29600.0,29612.25,29598.25,29605.0,135.0
2026-06-09 07:42,29605.75,29614.75,29604.25,29613.0,65.0
2026-06-09 07:43,29613.75,29620.75,29610.0,29617.0,123.0
2026-06-09 07:44,29616.5,29625.25,29616.0,29625.25,82.0
2026-06-09 07:45,29625.75,29638.5,29621.5,29636.5,198.0
2026-06-09 07:46,29636.5,29637.75,29627.25,29634.75,89.0
2026-06-09 07:47,29633.75,29634.0,29629.5,29632.25,29.0
2026-06-09 07:48,29634.0,29637.5,29630.0,29635.75,66.0
2026-06-09 07:49,29635.0,29636.0,29623.75,29624.75,106.0
2026-06-09 07:50,29624.0,29624.0,29610.25,29616.25,179.0
2026-06-09 07:51,29616.25,29626.5,29615.75,29615.75,72.0
2026-06-09 07:52,29615.75,29617.25,29597.5,29602.0,142.0
2026-06-09 07:53,29602.25,29617.75,29594.75,29601.0,181.0
2026-06-09 07:54,29599.25,29601.5,29592.25,29595.25,79.0
2026-06-09 07:55,29597.5,29597.75,29588.5,29592.5,82.0
2026-06-09 07:56,29593.75,29594.0,29584.0,29586.25,118.0
2026-06-09 07:57,29586.75,29595.0,29583.5,29592.75,103.0
2026-06-09 07:58,29593.25,29595.0,29590.5,29594.75,55.0
2026-06-09 07:59,29595.0,29598.5,29588.5,29593.0,96.0
2026-06-09 08:00,29593.5,29601.75,29585.5,29597.75,218.0
2026-06-09 08:01,29598.5,29599.0,29566.0,29588.0,577.0
2026-06-09 08:02,29587.5,29596.75,29584.75,29590.25,172.0
2026-06-09 08:03,29591.0,29613.0,29588.75,29608.5,193.0
2026-06-09 08:04,29608.75,29610.5,29596.75,29598.75,117.0
2026-06-09 08:05,29600.5,29600.5,29579.5,29584.25,154.0
2026-06-09 08:06,29583.25,29594.25,29581.25,29586.75,143.0
2026-06-09 08:07,29587.5,29600.0,29580.75,29599.0,86.0
2026-06-09 08:08,29598.5,29622.0,29598.5,29621.25,299.0
2026-06-09 08:09,29621.0,29631.5,29616.75,29629.25,168.0
2026-06-09 08:10,29627.75,29636.25,29622.0,29630.0,198.0
2026-06-09 08:11,29633.0,29635.0,29627.25,29628.75,100.0
2026-06-09 08:12,29629.0,29661.0,29626.0,29654.75,523.0
2026-06-09 08:13,29652.5,29664.5,29649.0,29661.25,245.0
2026-06-09 08:14,29661.25,29668.5,29652.0,29665.75,294.0
2026-06-09 08:15,29665.5,29668.5,29660.75,29668.0,155.0
2026-06-09 08:16,29667.75,29671.25,29652.0,29653.5,260.0
2026-06-09 08:17,29654.75,29659.25,29645.25,29646.5,92.0
2026-06-09 08:18,29647.25,29657.0,29645.5,29648.0,117.0
2026-06-09 08:19,29647.75,29654.75,29647.5,29651.5,86.0
2026-06-09 08:20,29650.0,29653.0,29643.5,29649.25,145.0
2026-06-09 08:21,29649.5,29652.5,29642.75,29645.25,98.0
2026-06-09 08:22,29645.25,29646.0,29637.5,29641.75,71.0
2026-06-09 08:23,29639.5,29663.25,29639.5,29658.5,242.0
2026-06-09 08:24,29658.5,29661.5,29654.5,29656.0,101.0
2026-06-09 08:25,29659.0,29665.25,29658.0,29661.5,78.0
2026-06-09 08:26,29659.0,29662.75,29650.75,29662.75,65.0
2026-06-09 08:27,29661.75,29664.5,29660.0,29662.5,49.0
2026-06-09 08:28,29662.25,29674.25,29659.5,29661.5,291.0
2026-06-09 08:29,29661.5,29666.25,29659.75,29663.25,106.0
2026-06-09 08:30,29662.75,29670.0,29661.0,29665.0,130.0
2026-06-09 08:31,29665.0,29669.0,29659.75,29664.5,119.0
2026-06-09 08:32,29664.75,29674.25,29664.0,29671.75,165.0
2026-06-09 08:33,29671.0,29671.0,29661.5,29668.0,54.0
2026-06-09 08:34,29670.0,29672.25,29662.0,29662.0,55.0
2026-06-09 08:35,29663.5,29663.5,29655.75,29659.0,137.0
2026-06-09 08:36,29659.25,29663.0,29653.75,29661.0,154.0
2026-06-09 08:37,29659.0,29659.0,29645.0,29651.5,214.0
2026-06-09 08:38,29651.25,29668.75,29650.5,29668.75,174.0
2026-06-09 08:39,29668.75,29682.0,29666.25,29678.75,233.0
2026-06-09 08:40,29679.5,29681.25,29674.5,29676.5,73.0
2026-06-09 08:41,29673.5,29674.0,29669.0,29670.25,94.0
2026-06-09 08:42,29671.5,29681.0,29666.75,29679.0,94.0
2026-06-09 08:43,29680.5,29683.5,29671.5,29674.5,76.0
2026-06-09 08:44,29676.25,29685.5,29676.25,29678.75,138.0
2026-06-09 08:45,29677.75,29686.25,29676.5,29677.5,96.0
2026-06-09 08:46,29677.75,29680.0,29676.0,29679.0,76.0
2026-06-09 08:47,29677.5,29682.0,29675.5,29680.25,53.0
2026-06-09 08:48,29680.25,29680.5,29668.5,29671.0,127.0
2026-06-09 08:49,29672.0,29672.0,29664.0,29667.25,73.0
2026-06-09 08:50,29667.5,29667.75,29650.75,29652.75,148.0
2026-06-09 08:51,29654.5,29659.75,29652.5,29654.25,66.0
2026-06-09 08:52,29653.0,29658.75,29647.5,29658.0,124.0
2026-06-09 08:53,29657.0,29657.0,29643.5,29644.5,147.0
2026-06-09 08:54,29645.5,29648.75,29641.5,29645.75,133.0
2026-06-09 08:55,29645.0,29645.0,29638.75,29642.25,69.0
2026-06-09 08:56,29642.0,29645.5,29637.25,29642.75,59.0
2026-06-09 08:57,29640.75,29647.0,29640.75,29645.75,94.0
2026-06-09 08:58,29646.5,29646.5,29639.0,29641.25,58.0
2026-06-09 08:59,29643.25,29645.5,29639.5,29641.5,45.0
2026-06-09 09:00,29641.75,29643.5,29636.0,29641.5,76.0
2026-06-09 09:01,29644.5,29660.0,29643.5,29658.0,198.0
2026-06-09 09:02,29659.25,29664.5,29655.0,29655.0,67.0
2026-06-09 09:03,29656.25,29658.25,29653.5,29654.0,46.0
2026-06-09 09:04,29655.25,29658.75,29652.0,29655.0,50.0
2026-06-09 09:05,29656.0,29658.75,29650.75,29658.5,98.0
2026-06-09 09:06,29656.25,29657.5,29646.5,29650.5,89.0
2026-06-09 09:07,29650.75,29652.0,29642.0,29646.0,52.0
2026-06-09 09:08,29649.0,29651.0,29645.0,29646.25,40.0
2026-06-09 09:09,29646.0,29660.75,29646.0,29660.0,92.0
2026-06-09 09:10,29660.25,29666.75,29658.25,29662.25,76.0
2026-06-09 09:11,29664.0,29670.0,29659.25,29670.0,65.0
2026-06-09 09:12,29668.75,29671.75,29660.75,29665.25,119.0
2026-06-09 09:13,29665.25,29668.75,29661.25,29668.75,67.0
2026-06-09 09:14,29664.25,29668.0,29664.0,29666.75,41.0
2026-06-09 09:15,29668.0,29672.75,29666.5,29669.25,83.0
2026-06-09 09:16,29668.75,29674.25,29668.25,29670.0,61.0
2026-06-09 09:17,29669.25,29670.25,29662.0,29662.0,42.0
2026-06-09 09:18,29662.5,29669.25,29662.0,29667.5,28.0
2026-06-09 09:19,29669.0,29671.0,29667.25,29669.75,34.0
2026-06-09 09:20,29668.0,29672.0,29666.5,29670.25,43.0
2026-06-09 09:21,29670.25,29672.5,29664.0,29664.75,68.0
2026-06-09 09:22,29663.5,29668.5,29663.0,29668.25,36.0
2026-06-09 09:23,29670.0,29672.75,29669.0,29669.5,34.0
2026-06-09 09:24,29670.0,29672.5,29664.0,29667.0,79.0
2026-06-09 09:25,29667.5,29668.0,29660.25,29663.25,58.0
2026-06-09 09:26,29664.0,29674.75,29664.0,29672.75,194.0
2026-06-09 09:27,29671.75,29685.0,29671.75,29684.25,224.0
2026-06-09 09:28,29684.0,29691.25,29681.25,29681.25,338.0
2026-06-09 09:29,29681.25,29691.25,29681.25,29685.75,169.0
2026-06-09 09:30,29686.5,29687.0,29667.25,29679.75,281.0
2026-06-09 09:31,29679.25,29681.0,29668.0,29668.0,80.0
2026-06-09 09:32,29667.5,29673.25,29666.25,29671.25,50.0
2026-06-09 09:33,29671.25,29671.5,29659.75,29662.0,113.0
2026-06-09 09:34,29663.75,29665.5,29656.5,29657.5,70.0
2026-06-09 09:35,29656.5,29663.25,29656.25,29663.25,50.0
2026-06-09 09:36,29662.25,29675.5,29662.0,29674.5,89.0
2026-06-09 09:37,29675.5,29677.25,29672.0,29673.25,59.0
2026-06-09 09:38,29674.0,29680.0,29673.75,29680.0,38.0
2026-06-09 09:39,29679.0,29680.0,29674.0,29674.75,52.0
2026-06-09 09:40,29676.25,29683.5,29673.0,29681.5,68.0
2026-06-09 09:41,29681.25,29684.0,29679.25,29679.75,54.0
2026-06-09 09:42,29679.25,29683.5,29679.0,29679.0,39.0
2026-06-09 09:43,29678.75,29682.25,29673.5,29678.0,60.0
2026-06-09 09:44,29677.75,29680.0,29675.75,29679.0,39.0
2026-06-09 09:45,29678.25,29680.0,29678.0,29678.25,21.0
2026-06-09 09:46,29678.75,29686.75,29678.25,29681.0,49.0
2026-06-09 09:47,29681.5,29686.75,29680.5,29683.25,71.0
2026-06-09 09:48,29681.5,29685.0,29679.0,29684.0,21.0
2026-06-09 09:49,29684.25,29686.5,29679.75,29685.75,73.0
2026-06-09 09:50,29687.0,29694.75,29685.5,29694.5,137.0
2026-06-09 09:51,29694.25,29695.0,29689.5,29691.75,170.0
2026-06-09 09:52,29691.5,29696.25,29690.75,29693.5,242.0
2026-06-09 09:53,29693.5,29693.5,29685.25,29692.25,85.0
2026-06-09 09:54,29692.25,29692.25,29686.75,29688.25,62.0
2026-06-09 09:55,29689.0,29693.25,29687.25,29689.75,84.0
2026-06-09 09:56,29689.25,29692.25,29687.75,29691.0,84.0
2026-06-09 09:57,29692.75,29695.0,29690.5,29693.5,55.0
2026-06-09 09:58,29693.25,29693.75,29688.75,29691.25,49.0
2026-06-09 09:59,29690.75,29690.75,29678.75,29678.75,97.0
2026-06-09 10:00,29680.5,29695.25,29678.0,29694.5,178.0
2026-06-09 10:01,29694.25,29697.0,29689.5,29695.0,119.0
2026-06-09 10:02,29693.25,29693.25,29686.75,29686.75,41.0
2026-06-09 10:03,29686.75,29690.25,29682.0,29690.25,65.0
2026-06-09 10:04,29688.5,29694.5,29687.5,29693.0,57.0
2026-06-09 10:05,29694.0,29697.5,29692.5,29697.0,141.0
2026-06-09 10:06,29697.25,29697.25,29617.75,29634.75,1076.0
2026-06-09 10:07,29633.75,29673.25,29628.75,29661.25,972.0
2026-06-09 10:08,29661.75,29672.25,29658.0,29658.0,209.0
2026-06-09 10:09,29659.25,29659.25,29628.0,29635.75,398.0
2026-06-09 10:10,29637.75,29649.0,29628.0,29641.0,198.0
2026-06-09 10:11,29641.0,29656.25,29641.0,29649.75,283.0
2026-06-09 10:12,29651.0,29659.0,29649.25,29651.0,158.0
2026-06-09 10:13,29651.5,29652.75,29643.5,29643.5,130.0
2026-06-09 10:14,29645.25,29680.5,29645.25,29677.5,515.0
2026-06-09 10:15,29677.5,29679.0,29668.5,29670.25,280.0
2026-06-09 10:16,29669.5,29673.5,29665.25,29669.5,160.0
2026-06-09 10:17,29670.25,29675.0,29666.25,29672.0,112.0
2026-06-09 10:18,29671.5,29673.0,29660.75,29660.75,74.0
2026-06-09 10:19,29661.5,29662.75,29651.75,29653.5,97.0
2026-06-09 10:20,29654.5,29657.0,29653.0,29657.0,45.0
2026-06-09 10:21,29656.25,29662.25,29656.25,29660.5,45.0
2026-06-09 10:22,29659.75,29662.5,29654.0,29657.5,42.0
2026-06-09 10:23,29656.75,29658.75,29653.75,29654.75,42.0
2026-06-09 10:24,29657.0,29659.25,29653.0,29657.75,44.0
2026-06-09 10:25,29657.5,29668.25,29657.5,29666.0,56.0
2026-06-09 10:26,29666.75,29676.0,29666.75,29676.0,89.0
2026-06-09 10:27,29675.5,29678.25,29674.75,29675.75,54.0
2026-06-09 10:28,29675.5,29677.75,29673.25,29676.0,38.0
2026-06-09 10:29,29674.75,29674.75,29672.5,29672.5,26.0
2026-06-09 10:30,29672.0,29676.5,29671.25,29673.5,30.0
2026-06-09 10:31,29673.5,29673.5,29667.25,29668.5,73.0
2026-06-09 10:32,29668.75,29670.75,29665.75,29665.75,50.0
2026-06-09 10:33,29665.75,29665.75,29660.25,29663.25,51.0
2026-06-09 10:34,29663.5,29664.0,29656.0,29657.75,51.0
2026-06-09 10:35,29655.75,29659.0,29654.0,29659.0,52.0
2026-06-09 10:36,29657.75,29658.5,29650.75,29658.5,66.0
2026-06-09 10:37,29658.75,29660.0,29654.5,29657.5,37.0
2026-06-09 10:38,29657.5,29662.75,29657.5,29662.75,47.0
2026-06-09 10:39,29663.0,29663.0,29650.0,29650.0,76.0
2026-06-09 10:40,29651.75,29656.25,29650.75,29654.25,74.0
2026-06-09 10:41,29654.5,29656.25,29648.5,29652.75,86.0
2026-06-09 10:42,29651.5,29653.0,29647.25,29649.25,41.0
2026-06-09 10:43,29650.0,29659.75,29648.25,29658.25,91.0
2026-06-09 10:44,29659.25,29661.0,29657.25,29657.25,61.0
2026-06-09 10:45,29657.5,29658.0,29652.5,29657.0,59.0
2026-06-09 10:46,29657.75,29663.0,29654.75,29657.0,120.0
2026-06-09 10:47,29656.75,29659.75,29656.75,29657.75,22.0
2026-06-09 10:48,29658.5,29660.5,29654.0,29654.25,56.0
2026-06-09 10:49,29655.0,29660.0,29655.0,29658.5,129.0
2026-06-09 10:50,29658.75,29667.75,29658.25,29663.0,160.0
2026-06-09 10:51,29663.25,29668.0,29662.75,29663.75,78.0
2026-06-09 10:52,29664.0,29673.5,29664.0,29670.75,124.0
2026-06-09 10:53,29670.25,29672.25,29665.75,29666.0,90.0
2026-06-09 10:54,29666.5,29698.75,29666.5,29682.25,971.0
2026-06-09 10:55,29682.5,29687.5,29679.25,29681.75,168.0
2026-06-09 10:56,29683.25,29684.25,29676.25,29680.25,63.0
2026-06-09 10:57,29678.25,29682.0,29675.75,29682.0,57.0
2026-06-09 10:58,29682.25,29687.75,29681.25,29687.75,44.0
2026-06-09 10:59,29686.5,29690.25,29682.25,29685.25,150.0
2026-06-09 11:00,29686.0,29703.0,29681.0,29699.75,400.0
2026-06-09 11:01,29700.25,29703.75,29690.5,29697.0,250.0
2026-06-09 11:02,29698.25,29698.75,29689.25,29694.0,99.0
2026-06-09 11:03,29695.0,29697.75,29688.75,29696.5,129.0
2026-06-09 11:04,29696.25,29696.25,29688.25,29689.25,82.0
2026-06-09 11:05,29691.0,29691.75,29684.75,29691.25,71.0
2026-06-09 11:06,29690.0,29690.0,29681.0,29685.25,88.0
2026-06-09 11:07,29685.25,29693.75,29682.75,29692.5,95.0
2026-06-09 11:08,29693.75,29705.0,29692.5,29702.75,244.0
2026-06-09 11:09,29701.75,29703.0,29697.5,29702.0,86.0
2026-06-09 11:10,29701.75,29701.75,29691.0,29697.25,99.0
2026-06-09 11:11,29696.25,29697.5,29692.5,29692.5,55.0
2026-06-09 11:12,29692.75,29696.25,29690.5,29690.5,116.0
2026-06-09 11:13,29691.75,29693.0,29689.0,29692.25,66.0
2026-06-09 11:14,29692.75,29698.75,29691.0,29698.75,153.0
2026-06-09 11:15,29699.0,29702.25,29697.25,29699.25,127.0
2026-06-09 11:16,29699.25,29700.5,29691.25,29693.0,154.0
2026-06-09 11:17,29692.0,29693.0,29683.25,29686.75,202.0
2026-06-09 11:18,29687.0,29687.0,29678.75,29685.75,146.0
2026-06-09 11:19,29687.25,29696.0,29686.25,29693.75,176.0
2026-06-09 11:20,29694.75,29695.0,29683.25,29685.75,82.0
2026-06-09 11:21,29683.75,29686.25,29679.75,29682.0,176.0
2026-06-09 11:22,29681.25,29682.75,29677.75,29680.75,72.0
2026-06-09 11:23,29681.25,29685.75,29673.0,29677.5,293.0
2026-06-09 11:24,29677.5,29682.25,29670.75,29673.5,168.0
2026-06-09 11:25,29673.25,29679.25,29672.0,29679.25,94.0
2026-06-09 11:26,29677.75,29683.75,29677.75,29682.25,72.0
2026-06-09 11:27,29681.75,29694.75,29681.5,29694.5,139.0
2026-06-09 11:28,29693.75,29694.75,29686.75,29689.25,100.0
2026-06-09 11:29,29690.0,29690.75,29684.75,29688.5,89.0
2026-06-09 11:30,29690.0,29693.75,29684.5,29692.0,79.0
2026-06-09 11:31,29693.0,29695.75,29690.0,29692.75,95.0
2026-06-09 11:32,29693.0,29700.75,29693.0,29700.75,120.0
2026-06-09 11:33,29698.75,29703.0,29696.5,29697.25,102.0
2026-06-09 11:34,29697.0,29707.25,29695.75,29703.0,195.0
2026-06-09 11:35,29703.5,29705.0,29697.75,29703.25,95.0
2026-06-09 11:36,29702.0,29702.0,29692.0,29694.0,93.0
2026-06-09 11:37,29693.5,29695.25,29687.75,29688.25,98.0
2026-06-09 11:38,29687.0,29693.5,29684.5,29691.5,112.0
2026-06-09 11:39,29692.0,29692.25,29686.75,29692.25,77.0
2026-06-09 11:40,29690.0,29705.5,29689.25,29705.0,165.0
2026-06-09 11:41,29706.0,29717.25,29705.5,29716.0,347.0
2026-06-09 11:42,29716.25,29717.0,29712.0,29717.0,134.0
2026-06-09 11:43,29716.5,29726.5,29712.0,29721.25,409.0
2026-06-09 11:44,29720.75,29727.5,29717.25,29717.75,441.0
2026-06-09 11:45,29717.5,29723.75,29717.5,29722.75,249.0
2026-06-09 11:46,29723.25,29724.0,29713.5,29715.75,173.0
2026-06-09 11:47,29716.5,29716.5,29708.25,29709.25,132.0
2026-06-09 11:48,29709.5,29711.25,29702.5,29708.75,213.0
2026-06-09 11:49,29709.25,29709.25,29693.25,29695.5,208.0
2026-06-09 11:50,29694.5,29704.5,29693.0,29703.75,216.0
2026-06-09 11:51,29703.25,29704.0,29698.5,29698.5,62.0
2026-06-09 11:52,29699.0,29700.5,29692.0,29696.25,74.0
2026-06-09 11:53,29697.0,29702.75,29695.5,29695.5,71.0
2026-06-09 11:54,29696.5,29696.5,29691.0,29692.75,100.0
2026-06-09 11:55,29691.5,29691.5,29684.5,29687.75,151.0
2026-06-09 11:56,29687.75,29692.25,29679.25,29682.0,206.0
2026-06-09 11:57,29683.0,29687.5,29681.0,29685.5,128.0
2026-06-09 11:58,29686.25,29689.5,29681.5,29684.25,106.0
2026-06-09 11:59,29684.0,29684.75,29680.5,29681.5,77.0
2026-06-09 12:00,29681.0,29686.25,29678.25,29681.75,146.0
2026-06-09 12:01,29680.5,29682.0,29675.75,29680.75,157.0
2026-06-09 12:02,29680.25,29691.0,29678.5,29690.0,227.0
2026-06-09 12:03,29689.5,29701.25,29688.5,29698.0,249.0
2026-06-09 12:04,29698.25,29700.75,29690.5,29693.75,134.0
2026-06-09 12:05,29693.25,29695.0,29676.5,29679.75,160.0
2026-06-09 12:06,29680.0,29685.0,29676.0,29684.25,186.0
2026-06-09 12:07,29683.5,29690.0,29678.75,29688.0,181.0
2026-06-09 12:08,29688.0,29690.5,29685.0,29687.25,82.0
2026-06-09 12:09,29688.0,29700.0,29688.0,29694.75,152.0
2026-06-09 12:10,29694.25,29696.25,29689.0,29691.25,80.0
2026-06-09 12:11,29690.75,29695.0,29689.75,29691.0,49.0
2026-06-09 12:12,29691.25,29695.5,29689.25,29695.5,51.0
2026-06-09 12:13,29694.5,29694.5,29681.5,29683.5,155.0
2026-06-09 12:14,29685.5,29686.0,29671.0,29673.5,290.0
2026-06-09 12:15,29673.25,29680.0,29672.0,29679.75,169.0
2026-06-09 12:16,29679.25,29680.75,29666.75,29673.5,145.0
2026-06-09 12:17,29672.25,29674.25,29666.75,29666.75,113.0
2026-06-09 12:18,29667.25,29673.0,29663.0,29673.0,207.0
2026-06-09 12:19,29672.0,29678.5,29666.5,29673.5,198.0
2026-06-09 12:20,29673.5,29678.5,29668.5,29671.75,87.0
2026-06-09 12:21,29673.0,29682.0,29671.0,29672.75,137.0
2026-06-09 12:22,29671.5,29676.75,29671.5,29675.25,97.0
2026-06-09 12:23,29675.0,29676.0,29654.0,29655.5,289.0
2026-06-09 12:24,29654.75,29661.25,29653.75,29660.75,229.0
2026-06-09 12:25,29660.0,29664.0,29652.25,29663.25,154.0
2026-06-09 12:26,29663.5,29673.5,29660.75,29670.75,249.0
2026-06-09 12:27,29670.75,29674.5,29667.25,29674.5,168.0
2026-06-09 12:28,29673.0,29675.5,29670.0,29673.0,122.0
2026-06-09 12:29,29674.25,29674.75,29668.0,29669.0,89.0
2026-06-09 12:30,29670.0,29693.5,29667.5,29691.75,405.0
2026-06-09 12:31,29691.5,29714.5,29691.25,29712.25,512.0
2026-06-09 12:32,29713.0,29725.0,29709.0,29725.0,471.0
2026-06-09 12:33,29724.75,29725.0,29714.0,29714.75,218.0
2026-06-09 12:34,29715.0,29721.5,29714.0,29720.25,174.0
2026-06-09 12:35,29720.75,29721.75,29714.5,29720.25,224.0
2026-06-09 12:36,29718.25,29730.25,29717.0,29729.25,526.0
2026-06-09 12:37,29728.75,29729.25,29722.0,29726.0,277.0
2026-06-09 12:38,29724.25,29724.5,29710.75,29713.0,223.0
2026-06-09 12:39,29713.25,29713.25,29707.0,29711.25,195.0
2026-06-09 12:40,29711.5,29715.5,29697.25,29699.0,271.0
2026-06-09 12:41,29698.5,29701.0,29694.25,29698.75,152.0
2026-06-09 12:42,29699.25,29702.5,29690.0,29693.0,352.0
2026-06-09 12:43,29692.5,29704.25,29690.75,29702.0,300.0
2026-06-09 12:44,29702.0,29705.25,29693.25,29696.25,246.0
2026-06-09 12:45,29695.5,29695.75,29672.5,29674.75,508.0
2026-06-09 12:46,29674.0,29680.25,29672.0,29675.75,248.0
2026-06-09 12:47,29675.5,29681.0,29669.75,29680.25,269.0
2026-06-09 12:48,29680.5,29687.25,29680.5,29686.0,246.0
2026-06-09 12:49,29685.5,29685.5,29679.25,29679.75,115.0
2026-06-09 12:50,29679.75,29688.25,29676.5,29681.5,221.0
2026-06-09 12:51,29681.25,29684.25,29674.25,29681.0,140.0
2026-06-09 12:52,29680.5,29684.5,29676.25,29684.5,141.0
2026-06-09 12:53,29684.75,29687.0,29678.5,29683.0,118.0
2026-06-09 12:54,29682.75,29690.75,29681.0,29688.25,225.0
2026-06-09 12:55,29688.0,29698.0,29686.25,29697.75,237.0
2026-06-09 12:56,29697.75,29701.5,29695.75,29700.5,177.0
2026-06-09 12:57,29700.5,29705.75,29697.75,29704.5,203.0
2026-06-09 12:58,29704.25,29717.0,29703.75,29714.5,206.0
2026-06-09 12:59,29715.0,29739.5,29713.5,29735.25,1091.0
2026-06-09 13:00,29735.75,29737.25,29719.25,29720.75,1179.0
2026-06-09 13:01,29721.0,29725.5,29711.5,29712.5,404.0
2026-06-09 13:02,29712.0,29738.0,29710.75,29733.75,654.0
2026-06-09 13:03,29731.25,29736.0,29722.75,29733.5,289.0
2026-06-09 13:04,29733.25,29733.25,29724.25,29726.25,172.0
2026-06-09 13:05,29726.25,29744.0,29725.5,29742.5,747.0
2026-06-09 13:06,29742.75,29747.25,29736.25,29746.0,708.0
2026-06-09 13:07,29744.25,29744.25,29725.75,29727.0,411.0
2026-06-09 13:08,29727.25,29740.25,29725.0,29736.0,270.0
2026-06-09 13:09,29735.0,29741.0,29734.0,29739.0,257.0
2026-06-09 13:10,29739.5,29739.5,29726.25,29728.75,179.0
2026-06-09 13:11,29728.25,29734.25,29727.75,29731.0,124.0
2026-06-09 13:12,29733.0,29734.5,29722.0,29723.25,235.0
2026-06-09 13:13,29723.0,29727.25,29715.0,29718.25,307.0
2026-06-09 13:14,29718.75,29718.75,29707.25,29713.25,231.0
2026-06-09 13:15,29713.75,29715.75,29706.0,29706.75,175.0
2026-06-09 13:16,29707.25,29711.0,29705.0,29708.75,259.0
2026-06-09 13:17,29708.75,29714.75,29702.0,29707.0,426.0
2026-06-09 13:18,29707.0,29707.0,29692.25,29693.75,404.0
2026-06-09 13:19,29693.5,29701.25,29693.25,29698.0,276.0
2026-06-09 13:20,29698.0,29720.25,29698.0,29711.5,544.0
2026-06-09 13:21,29711.0,29714.25,29708.5,29711.75,215.0
2026-06-09 13:22,29711.75,29718.25,29709.75,29716.75,159.0
2026-06-09 13:23,29715.5,29717.5,29708.25,29712.75,225.0
2026-06-09 13:24,29712.5,29716.5,29708.5,29712.25,288.0
2026-06-09 13:25,29713.0,29722.25,29704.5,29708.75,1281.0
2026-06-09 13:26,29707.25,29712.5,29698.25,29708.0,1708.0
2026-06-09 13:27,29707.0,29724.25,29705.0,29720.25,748.0
2026-06-09 13:28,29721.0,29728.0,29716.5,29720.5,534.0
2026-06-09 13:29,29720.0,29741.0,29719.0,29736.75,1506.0
2026-06-09 13:30,29737.0,29748.0,29694.25,29727.75,6579.0
2026-06-09 13:31,29727.5,29736.0,29683.0,29688.75,3325.0
2026-06-09 13:32,29688.0,29700.0,29662.75,29684.5,3861.0
2026-06-09 13:33,29686.25,29691.75,29653.75,29654.75,2178.0
2026-06-09 13:34,29654.75,29660.0,29633.25,29649.75,2938.0
2026-06-09 13:35,29650.75,29709.75,29647.75,29709.5,3315.0
2026-06-09 13:36,29708.25,29723.75,29693.75,29717.5,2751.0
2026-06-09 13:37,29717.5,29731.0,29712.75,29719.0,2149.0
2026-06-09 13:38,29719.25,29727.25,29692.75,29695.5,1984.0
2026-06-09 13:39,29695.75,29704.75,29680.5,29686.5,2133.0
2026-06-09 13:40,29686.5,29695.25,29659.0,29671.25,3053.0
2026-06-09 13:41,29672.0,29688.75,29659.5,29687.0,1858.0
2026-06-09 13:42,29686.0,29727.0,29681.5,29723.25,2433.0
2026-06-09 13:43,29723.0,29757.25,29721.5,29750.75,3366.0
2026-06-09 13:44,29750.25,29769.5,29748.5,29767.0,2659.0
2026-06-09 13:45,29766.5,29785.5,29760.0,29784.0,3140.0
2026-06-09 13:46,29784.0,29800.75,29780.25,29799.5,3035.0
2026-06-09 13:47,29799.25,29828.25,29797.5,29826.5,3212.0
2026-06-09 13:48,29827.0,29834.75,29811.75,29829.75,2727.0
2026-06-09 13:49,29829.75,29846.75,29826.0,29843.25,2627.0
2026-06-09 13:50,29844.25,29848.25,29805.25,29806.25,3449.0
2026-06-09 13:51,29806.25,29818.75,29786.25,29792.0,3097.0
2026-06-09 13:52,29791.75,29816.5,29787.5,29799.75,1875.0
2026-06-09 13:53,29800.5,29802.5,29771.0,29774.0,1872.0
2026-06-09 13:54,29773.5,29783.75,29726.0,29732.25,2848.0
2026-06-09 13:55,29730.5,29746.25,29699.75,29718.75,3262.0
2026-06-09 13:56,29719.25,29733.75,29704.5,29713.75,2387.0
2026-06-09 13:57,29713.75,29715.0,29682.0,29691.75,2441.0
2026-06-09 13:58,29691.75,29719.0,29691.0,29705.0,2203.0
2026-06-09 13:59,29706.25,29709.25,29663.25,29672.75,1962.0
2026-06-09 14:00,29672.75,29673.0,29626.25,29656.25,4539.0
2026-06-09 14:01,29655.25,29701.0,29655.0,29696.5,3419.0
2026-06-09 14:02,29696.5,29712.0,29685.5,29695.5,2241.0
2026-06-09 14:03,29694.75,29707.0,29684.25,29686.0,2015.0
2026-06-09 14:04,29685.5,29685.5,29648.25,29664.0,2837.0
2026-06-09 14:05,29664.0,29702.5,29652.0,29695.5,2576.0
2026-06-09 14:06,29694.75,29697.5,29660.75,29666.0,1889.0
2026-06-09 14:07,29667.0,29676.5,29642.0,29657.5,2294.0
2026-06-09 14:08,29657.0,29681.75,29644.0,29672.25,2298.0
2026-06-09 14:09,29671.75,29673.25,29624.0,29630.75,2628.0
2026-06-09 14:10,29631.25,29632.5,29559.25,29566.0,4242.0
2026-06-09 14:11,29565.0,29578.5,29540.5,29550.0,3266.0
2026-06-09 14:12,29551.25,29577.75,29543.75,29555.0,3019.0
2026-06-09 14:13,29555.75,29556.5,29492.25,29502.0,3578.0
2026-06-09 14:14,29502.5,29515.0,29484.5,29491.5,3147.0
2026-06-09 14:15,29491.75,29514.0,29466.75,29469.75,4137.0
2026-06-09 14:16,29468.5,29479.0,29444.0,29449.0,3744.0
2026-06-09 14:17,29447.5,29450.75,29386.25,29396.0,4069.0
2026-06-09 14:18,29396.5,29411.0,29366.75,29378.25,3912.0
2026-06-09 14:19,29377.75,29417.25,29373.25,29411.75,4114.0
2026-06-09 14:20,29413.0,29413.0,29365.0,29386.75,3401.0
2026-06-09 14:21,29384.75,29399.75,29366.25,29390.75,2292.0
2026-06-09 14:22,29392.75,29456.0,29387.5,29451.75,3780.0
2026-06-09 14:23,29452.0,29471.0,29434.25,29467.0,3357.0
2026-06-09 14:24,29466.25,29507.0,29458.5,29504.5,3535.0
2026-06-09 14:25,29503.5,29526.25,29481.75,29508.5,3536.0
2026-06-09 14:26,29509.25,29520.75,29461.75,29467.25,2800.0
2026-06-09 14:27,29466.0,29500.75,29445.5,29489.75,3047.0
2026-06-09 14:28,29488.5,29506.25,29458.25,29461.0,2364.0
2026-06-09 14:29,29459.75,29470.25,29425.75,29444.0,3053.0
2026-06-09 14:30,29444.0,29446.0,29389.75,29391.5,3758.0
2026-06-09 14:31,29391.0,29407.0,29382.0,29389.75,2974.0
2026-06-09 14:32,29389.25,29464.0,29381.75,29455.0,3418.0
2026-06-09 14:33,29456.5,29460.75,29414.75,29432.5,2697.0
2026-06-09 14:34,29430.75,29453.25,29424.25,29438.25,1991.0
2026-06-09 14:35,29438.5,29443.0,29403.75,29409.5,2541.0
2026-06-09 14:36,29409.75,29439.0,29396.5,29432.75,2352.0
2026-06-09 14:37,29432.75,29484.5,29426.5,29483.0,3168.0
2026-06-09 14:38,29482.75,29487.5,29425.0,29440.75,2905.0
2026-06-09 14:39,29440.5,29444.0,29417.25,29439.0,1777.0
2026-06-09 14:40,29439.5,29466.0,29426.75,29465.25,2327.0
2026-06-09 14:41,29465.5,29468.75,29428.5,29445.75,1748.0
2026-06-09 14:42,29448.75,29454.0,29404.0,29407.75,1712.0
2026-06-09 14:43,29410.0,29411.5,29334.75,29341.0,3053.0
2026-06-09 14:44,29339.75,29347.75,29271.25,29286.25,5419.0
2026-06-09 14:45,29287.25,29314.5,29260.25,29269.25,3763.0
2026-06-09 14:46,29268.25,29270.75,29205.25,29207.25,4631.0
2026-06-09 14:47,29209.25,29221.5,29155.5,29162.25,4398.0
2026-06-09 14:48,29162.5,29177.75,29100.0,29116.25,5867.0
2026-06-09 14:49,29115.75,29135.0,29096.75,29115.75,3645.0
2026-06-09 14:50,29112.25,29128.0,29083.75,29117.25,3416.0
2026-06-09 14:51,29116.5,29172.75,29109.25,29172.0,3896.0
2026-06-09 14:52,29172.5,29191.0,29145.25,29146.75,3553.0
2026-06-09 14:53,29147.0,29153.25,29116.75,29145.0,2953.0
2026-06-09 14:54,29144.5,29202.75,29137.5,29200.25,3039.0
2026-06-09 14:55,29201.0,29223.0,29181.0,29184.75,2556.0
2026-06-09 14:56,29185.75,29200.0,29134.5,29134.5,2589.0
2026-06-09 14:57,29134.25,29202.75,29133.25,29186.5,2107.0
2026-06-09 14:58,29186.25,29232.0,29184.75,29212.0,2145.0
2026-06-09 14:59,29211.0,29241.25,29201.25,29239.75,1930.0
2026-06-09 15:00,29242.0,29258.0,29213.25,29233.5,3045.0
2026-06-09 15:01,29233.25,29240.0,29192.25,29209.0,2262.0
2026-06-09 15:02,29208.25,29208.75,29176.75,29184.25,1599.0
2026-06-09 15:03,29185.25,29244.0,29182.0,29222.5,1967.0
2026-06-09 15:04,29222.25,29226.0,29182.0,29183.75,1401.0
2026-06-09 15:05,29183.25,29192.25,29143.5,29146.0,1907.0
2026-06-09 15:06,29146.25,29214.0,29143.75,29190.25,2195.0
2026-06-09 15:07,29187.75,29212.5,29181.25,29209.25,1661.0
2026-06-09 15:08,29208.0,29227.5,29196.75,29226.75,1393.0
2026-06-09 15:09,29225.5,29274.0,29223.0,29269.0,1946.0
2026-06-09 15:10,29269.25,29302.0,29269.0,29289.25,2224.0
2026-06-09 15:11,29289.75,29292.0,29260.75,29262.25,1636.0
2026-06-09 15:12,29262.25,29262.5,29203.25,29212.75,1886.0
2026-06-09 15:13,29212.25,29271.0,29210.5,29269.0,1591.0
2026-06-09 15:14,29268.75,29269.25,29242.5,29243.5,1294.0
2026-06-09 15:15,29243.75,29254.5,29207.25,29219.0,1480.0
2026-06-09 15:16,29218.25,29226.25,29188.25,29190.25,1509.0
2026-06-09 15:17,29189.75,29200.75,29166.25,29174.25,2268.0
2026-06-09 15:18,29174.75,29209.0,29173.25,29177.25,1722.0
2026-06-09 15:19,29176.0,29182.25,29160.0,29164.75,1400.0
2026-06-09 15:20,29163.5,29194.0,29155.75,29177.75,1464.0
2026-06-09 15:21,29179.0,29183.5,29156.75,29157.75,1137.0
2026-06-09 15:22,29158.5,29159.5,29095.0,29099.75,2315.0
2026-06-09 15:23,29099.25,29126.75,29051.5,29053.25,3398.0
2026-06-09 15:24,29054.25,29063.75,29013.75,29018.25,3575.0
2026-06-09 15:25,29018.0,29034.0,29001.0,29004.25,3014.0
2026-06-09 15:26,29004.75,29010.75,28953.5,28956.0,3324.0
2026-06-09 15:27,28955.75,28965.5,28932.25,28940.5,2747.0
2026-06-09 15:28,28940.75,28940.75,28888.0,28901.0,2840.0
2026-06-09 15:29,28900.0,28903.5,28848.5,28859.25,3476.0
2026-06-09 15:30,28861.25,28910.0,28858.5,28886.75,4543.0
2026-06-09 15:31,28887.75,28896.0,28830.75,28841.0,3222.0
2026-06-09 15:32,28843.0,28886.75,28836.0,28843.5,2957.0
2026-06-09 15:33,28843.5,28876.75,28840.5,28858.0,2101.0
2026-06-09 15:34,28858.25,28883.25,28828.25,28853.5,2905.0
2026-06-09 15:35,28854.0,28880.0,28818.25,28870.75,3019.0
2026-06-09 15:36,28869.75,28878.75,28835.75,28857.5,3065.0
2026-06-09 15:37,28858.5,28870.0,28836.5,28851.75,2001.0
2026-06-09 15:38,28852.25,28854.25,28809.75,28818.75,2221.0
2026-06-09 15:39,28818.75,28888.0,28813.5,28873.5,3076.0
2026-06-09 15:40,28872.75,28920.5,28865.0,28872.0,3005.0
2026-06-09 15:41,28872.5,28916.25,28862.0,28915.0,2165.0
2026-06-09 15:42,28912.75,28944.25,28902.0,28942.5,2328.0
2026-06-09 15:43,28942.25,28942.25,28900.0,28910.5,1892.0
2026-06-09 15:44,28911.5,28915.5,28880.75,28902.75,2143.0
2026-06-09 15:45,28903.75,28921.25,28889.0,28896.0,1752.0
2026-06-09 15:46,28896.75,28925.5,28894.0,28916.0,1468.0
2026-06-09 15:47,28917.0,28932.5,28894.5,28901.0,1729.0
2026-06-09 15:48,28900.75,28926.25,28897.25,28924.25,1720.0
2026-06-09 15:49,28925.0,28931.0,28901.0,28923.0,1284.0
2026-06-09 15:50,28921.75,28925.0,28871.5,28886.5,2111.0
2026-06-09 15:51,28885.5,28959.5,28867.0,28954.75,2610.0
2026-06-09 15:52,28954.0,28972.0,28909.75,28910.5,2423.0
2026-06-09 15:53,28911.75,28937.0,28888.0,28908.5,2007.0
2026-06-09 15:54,28908.5,28910.75,28847.75,28851.5,2239.0
2026-06-09 15:55,28852.5,28862.25,28803.0,28806.25,2496.0
2026-06-09 15:56,28806.0,28846.25,28761.5,28765.25,3912.0
2026-06-09 15:57,28765.0,28765.25,28694.5,28698.75,5004.0
2026-06-09 15:58,28699.0,28722.0,28681.5,28694.75,3303.0
2026-06-09 15:59,28694.75,28721.0,28691.75,28695.25,2329.0
2026-06-09 16:00,28696.0,28747.5,28692.0,28741.75,3395.0
2026-06-09 16:01,28741.5,28763.5,28706.0,28761.0,2986.0
2026-06-09 16:02,28762.0,28787.5,28730.0,28730.0,2921.0
2026-06-09 16:03,28730.5,28762.0,28722.5,28741.5,1869.0
2026-06-09 16:04,28743.0,28752.0,28720.0,28720.0,1382.0
2026-06-09 16:05,28720.0,28727.25,28670.0,28671.0,2843.0
2026-06-09 16:06,28670.0,28702.5,28641.5,28693.0,3527.0
2026-06-09 16:07,28692.25,28710.0,28646.25,28654.75,2982.0
2026-06-09 16:08,28654.0,28658.0,28600.25,28603.5,3296.0
2026-06-09 16:09,28603.0,28623.75,28575.0,28608.75,3428.0
2026-06-09 16:10,28607.0,28640.0,28581.0,28598.25,2971.0
2026-06-09 16:11,28597.5,28658.75,28586.25,28657.25,2824.0
2026-06-09 16:12,28656.25,28668.75,28625.75,28628.0,2418.0
2026-06-09 16:13,28627.25,28649.0,28609.25,28638.25,2015.0
2026-06-09 16:14,28637.5,28637.5,28605.5,28621.75,1840.0
2026-06-09 16:15,28621.75,28627.75,28558.25,28562.75,3047.0
2026-06-09 16:16,28562.0,28562.25,28516.0,28528.0,3710.0
2026-06-09 16:17,28529.0,28537.0,28490.25,28495.75,4607.0
2026-06-09 16:18,28495.75,28533.75,28494.75,28503.25,3857.0
2026-06-09 16:19,28503.5,28503.5,28430.75,28446.0,4904.0
2026-06-09 16:20,28447.0,28456.5,28404.25,28429.5,4259.0
2026-06-09 16:21,28431.0,28495.5,28427.0,28488.75,3209.0
2026-06-09 16:22,28490.25,28522.0,28465.5,28505.75,2973.0
2026-06-09 16:23,28505.0,28510.75,28464.5,28475.75,2716.0
2026-06-09 16:24,28476.25,28542.5,28471.75,28537.75,2971.0
2026-06-09 16:25,28537.25,28581.25,28529.25,28560.0,3313.0
2026-06-09 16:26,28561.5,28570.0,28508.0,28513.0,2774.0
2026-06-09 16:27,28515.25,28530.0,28490.5,28502.5,2407.0
2026-06-09 16:28,28503.25,28541.5,28493.25,28516.75,2050.0
2026-06-09 16:29,28516.75,28541.25,28507.25,28523.5,1830.0
2026-06-09 16:30,28522.5,28522.5,28451.0,28462.25,3655.0
2026-06-09 16:31,28462.75,28529.0,28445.0,28503.75,3057.0
2026-06-09 16:32,28504.75,28572.0,28497.5,28561.5,3683.0
2026-06-09 16:33,28563.0,28570.0,28513.5,28517.25,2311.0
2026-06-09 16:34,28518.75,28535.0,28480.75,28486.25,2490.0
2026-06-09 16:35,28486.75,28545.5,28478.0,28535.0,2634.0
2026-06-09 16:36,28534.25,28552.75,28519.0,28535.0,2146.0
2026-06-09 16:37,28536.0,28543.5,28483.0,28500.5,2343.0
2026-06-09 16:38,28501.25,28504.75,28284.75,28317.5,5861.0
2026-06-09 16:39,28319.0,28348.5,28246.25,28268.0,3949.0
2026-06-09 16:40,28268.25,28274.5,28227.75,28257.5,3735.0
2026-06-09 16:41,28257.75,28338.0,28249.75,28279.75,3170.0
2026-06-09 16:42,28280.25,28331.75,28278.25,28311.75,2541.0
2026-06-09 16:43,28313.5,28394.5,28299.5,28377.25,3403.0
2026-06-09 16:44,28377.25,28379.5,28337.25,28375.5,2709.0
2026-06-09 16:45,28375.25,28434.25,28365.5,28414.5,3558.0
2026-06-09 16:46,28415.0,28420.25,28320.75,28322.75,2882.0
2026-06-09 16:47,28321.5,28380.75,28318.25,28373.0,2354.0
2026-06-09 16:48,28372.75,28374.25,28324.0,28325.0,2992.0
2026-06-09 16:49,28325.75,28374.25,28316.25,28367.75,2045.0
2026-06-09 16:50,28367.75,28384.0,28337.25,28339.25,2486.0
2026-06-09 16:51,28340.25,28388.0,28325.0,28363.75,1871.0
2026-06-09 16:52,28367.75,28377.0,28308.75,28312.25,1754.0
2026-06-09 16:53,28312.75,28348.25,28292.5,28337.5,2170.0
2026-06-09 16:54,28336.25,28337.0,28282.75,28286.75,1521.0
2026-06-09 16:55,28285.75,28351.75,28279.0,28345.75,1839.0
2026-06-09 16:56,28345.75,28357.0,28317.25,28331.25,1951.0
2026-06-09 16:57,28331.0,28369.25,28326.0,28343.75,2335.0
2026-06-09 16:58,28342.75,28427.5,28332.75,28426.0,2199.0
2026-06-09 16:59,28425.5,28487.75,28424.75,28480.0,2373.0
2026-06-09 17:00,28480.25,28522.0,28476.0,28516.25,2462.0
2026-06-09 17:01,28516.25,28523.5,28462.5,28484.0,2014.0
2026-06-09 17:02,28484.25,28575.0,28481.25,28567.25,2667.0
2026-06-09 17:03,28565.75,28610.0,28551.25,28601.5,2718.0
2026-06-09 17:04,28601.25,28640.5,28591.25,28624.75,2852.0
2026-06-09 17:05,28623.5,28643.75,28590.25,28614.25,2675.0
2026-06-09 17:06,28615.5,28628.0,28585.0,28592.0,2529.0
2026-06-09 17:07,28594.0,28612.0,28579.0,28588.75,1873.0
2026-06-09 17:08,28591.0,28599.5,28563.5,28567.5,1968.0
2026-06-09 17:09,28567.5,28619.0,28556.25,28612.75,1634.0
2026-06-09 17:10,28610.0,28613.75,28550.0,28560.25,2124.0
2026-06-09 17:11,28561.25,28620.5,28561.25,28617.5,1447.0
2026-06-09 17:12,28619.5,28621.75,28586.75,28594.0,1408.0
2026-06-09 17:13,28595.25,28627.5,28581.5,28617.5,1151.0
2026-06-09 17:14,28618.25,28674.5,28610.0,28650.0,3080.0
2026-06-09 17:15,28650.0,28650.0,28612.25,28615.25,2083.0
2026-06-09 17:16,28616.0,28654.0,28606.25,28651.75,1660.0
2026-06-09 17:17,28651.0,28698.25,28642.0,28695.25,2241.0
2026-06-09 17:18,28694.0,28716.25,28688.5,28712.5,2492.0
2026-06-09 17:19,28712.75,28730.5,28705.25,28723.0,2090.0
2026-06-09 17:20,28722.75,28753.0,28713.0,28749.25,3490.0
2026-06-09 17:21,28749.75,28780.5,28741.25,28776.75,2124.0
2026-06-09 17:22,28776.75,28787.25,28731.5,28734.25,2417.0
2026-06-09 17:23,28734.5,28749.25,28693.0,28695.75,2818.0
2026-06-09 17:24,28695.75,28731.75,28673.0,28728.25,2604.0
2026-06-09 17:25,28726.5,28727.5,28689.5,28690.5,1568.0
2026-06-09 17:26,28691.75,28732.75,28690.0,28711.0,1538.0
2026-06-09 17:27,28711.25,28758.25,28708.0,28753.25,1551.0
2026-06-09 17:28,28752.75,28778.25,28745.25,28763.75,1899.0
2026-06-09 17:29,28763.75,28774.5,28729.5,28743.25,1629.0
2026-06-09 17:30,28743.5,28766.0,28721.5,28724.75,1938.0
2026-06-09 17:31,28724.5,28748.75,28708.0,28744.75,1910.0
2026-06-09 17:32,28744.5,28763.25,28733.5,28748.75,1192.0
2026-06-09 17:33,28749.5,28791.5,28746.5,28786.25,1647.0
2026-06-09 17:34,28787.75,28805.5,28782.75,28802.0,1764.0
2026-06-09 17:35,28801.75,28806.0,28757.75,28777.5,1872.0
2026-06-09 17:36,28777.25,28809.0,28775.0,28807.0,1518.0
2026-06-09 17:37,28807.75,28841.0,28803.5,28836.0,2113.0
2026-06-09 17:38,28836.0,28850.0,28825.0,28837.5,1508.0
2026-06-09 17:39,28837.5,28839.5,28807.75,28822.25,1630.0
2026-06-09 17:40,28821.75,28850.25,28806.5,28846.0,1533.0
2026-06-09 17:41,28845.5,28884.75,28842.75,28877.5,1862.0
2026-06-09 17:42,28877.5,28893.75,28859.0,28890.25,1614.0
2026-06-09 17:43,28889.5,28924.5,28889.0,28897.75,2281.0
2026-06-09 17:44,28897.0,28914.25,28863.75,28866.0,2600.0
2026-06-09 17:45,28867.25,28884.5,28842.5,28849.0,2059.0
2026-06-09 17:46,28848.25,28852.5,28787.25,28788.25,2598.0
2026-06-09 17:47,28788.75,28799.0,28751.75,28755.25,2475.0
2026-06-09 17:48,28755.5,28771.75,28732.25,28734.0,2511.0
2026-06-09 17:49,28735.25,28753.25,28714.25,28732.5,2180.0
2026-06-09 17:50,28733.25,28786.25,28731.25,28786.25,2426.0
2026-06-09 17:51,28786.0,28852.25,28774.5,28846.75,2665.0
2026-06-09 17:52,28846.75,28846.75,28809.25,28824.25,1843.0
2026-06-09 17:53,28822.75,28825.5,28762.75,28787.75,1831.0
2026-06-09 17:54,28789.25,28810.25,28780.5,28809.75,1485.0
2026-06-09 17:55,28808.5,28861.5,28802.25,28846.0,2119.0
2026-06-09 17:56,28845.5,28845.5,28817.75,28832.0,1395.0
2026-06-09 17:57,28832.25,28865.5,28824.0,28849.25,1275.0
2026-06-09 17:58,28848.0,28864.5,28842.75,28859.0,992.0
2026-06-09 17:59,28857.75,28860.0,28822.75,28832.5,1289.0
2026-06-09 18:00,28831.5,28860.0,28820.25,28852.0,1563.0
2026-06-09 18:01,28852.75,28866.25,28830.75,28840.75,1247.0
2026-06-09 18:02,28840.75,28852.75,28829.25,28835.25,922.0
2026-06-09 18:03,28834.0,28838.25,28784.75,28802.5,1792.0
2026-06-09 18:04,28802.5,28827.75,28796.0,28818.5,1184.0
2026-06-09 18:05,28819.5,28839.75,28810.0,28835.0,1063.0
2026-06-09 18:06,28834.0,28836.5,28803.5,28818.5,1114.0
2026-06-09 18:07,28820.25,28866.75,28818.25,28865.75,1452.0
2026-06-09 18:08,28866.25,28885.0,28848.5,28881.75,1748.0
2026-06-09 18:09,28882.25,28887.5,28855.75,28876.75,1324.0
2026-06-09 18:10,28877.75,28878.5,28833.25,28843.25,2189.0
2026-06-09 18:11,28843.5,28856.75,28818.75,28849.0,1446.0
2026-06-09 18:12,28849.0,28869.5,28842.5,28851.75,1070.0
2026-06-09 18:13,28852.5,28854.5,28835.0,28843.0,900.0
2026-06-09 18:14,28841.75,28878.0,28841.75,28861.5,959.0
2026-06-09 18:15,28860.5,28863.75,28840.75,28862.25,1137.0
2026-06-09 18:16,28863.0,28863.75,28823.0,28833.25,1108.0
2026-06-09 18:17,28834.25,28883.0,28823.0,28854.25,1829.0
2026-06-09 18:18,28853.0,28916.75,28852.0,28915.25,1556.0
2026-06-09 18:19,28916.75,28940.75,28887.25,28936.5,1672.0
2026-06-09 18:20,28937.25,28960.25,28902.5,28911.0,3042.0
2026-06-09 18:21,28911.75,28934.0,28898.75,28915.5,1147.0
2026-06-09 18:22,28915.25,28957.75,28906.0,28956.0,1108.0
2026-06-09 18:23,28954.75,28967.75,28932.0,28965.25,1089.0
2026-06-09 18:24,28965.0,28980.0,28952.0,28970.5,1174.0
2026-06-09 18:25,28969.25,28971.0,28928.75,28932.0,1248.0
2026-06-09 18:26,28932.25,28939.25,28896.5,28901.5,1087.0
2026-06-09 18:27,28901.25,28953.25,28899.75,28952.25,899.0
2026-06-09 18:28,28953.75,28966.75,28931.0,28963.5,896.0
2026-06-09 18:29,28964.25,28974.5,28956.0,28972.75,906.0
2026-06-09 18:30,28973.25,29047.0,28967.0,29023.75,2947.0
2026-06-09 18:31,29022.75,29037.0,29013.0,29021.0,1306.0
2026-06-09 18:32,29019.5,29020.75,28967.75,28972.75,1661.0
2026-06-09 18:33,28971.5,29009.0,28971.5,29004.5,984.0
2026-06-09 18:34,29003.25,29019.5,28990.5,29004.5,794.0
2026-06-09 18:35,29004.5,29016.75,28984.0,28985.5,665.0
2026-06-09 18:36,28985.0,29030.75,28983.75,29027.25,1026.0
2026-06-09 18:37,29029.0,29038.0,29004.0,29020.5,859.0
2026-06-09 18:38,29019.75,29032.5,29010.0,29021.25,600.0
2026-06-09 18:39,29020.75,29033.0,29009.5,29012.75,697.0
2026-06-09 18:40,29014.0,29016.75,28996.25,28999.75,1125.0
2026-06-09 18:41,29000.5,29002.0,28966.25,28979.75,1372.0
2026-06-09 18:42,28980.25,28991.75,28961.75,28967.5,1115.0
2026-06-09 18:43,28967.0,28975.5,28948.25,28965.25,986.0
2026-06-09 18:44,28965.25,28972.0,28912.25,28921.75,1430.0
2026-06-09 18:45,28922.5,28953.5,28916.0,28943.25,1155.0
2026-06-09 18:46,28943.25,28949.75,28925.75,28935.25,790.0
2026-06-09 18:47,28935.5,28979.5,28933.0,28956.25,1091.0
2026-06-09 18:48,28953.75,28981.5,28953.25,28965.0,941.0
2026-06-09 18:49,28966.5,28979.5,28954.75,28979.25,685.0
2026-06-09 18:50,28979.75,28981.0,28954.0,28957.75,690.0
2026-06-09 18:51,28957.75,28978.25,28951.0,28970.25,843.0
2026-06-09 18:52,28971.25,29018.5,28966.25,29005.75,1147.0
2026-06-09 18:53,29005.0,29021.75,28998.75,29010.5,845.0
2026-06-09 18:54,29011.0,29015.5,28975.5,28983.25,1124.0
2026-06-09 18:55,28982.75,29007.25,28978.75,28995.75,909.0
2026-06-09 18:56,28995.5,29034.5,28985.75,29034.5,1004.0
2026-06-09 18:57,29032.5,29061.5,29031.75,29057.75,2513.0
2026-06-09 18:58,29057.5,29088.0,29052.25,29077.25,2224.0
2026-06-09 18:59,29077.75,29091.25,29063.0,29065.75,1391.0
2026-06-09 19:00,29066.0,29076.25,29020.25,29042.5,1890.0
2026-06-09 19:01,29043.75,29052.25,29024.75,29051.75,982.0
2026-06-09 19:02,29050.25,29072.75,29043.25,29062.75,938.0
2026-06-09 19:03,29063.75,29090.0,29055.0,29089.75,990.0
2026-06-09 19:04,29088.75,29125.5,29088.25,29120.75,2822.0
2026-06-09 19:05,29120.25,29146.5,29097.25,29098.5,2003.0
2026-06-09 19:06,29096.5,29104.75,29065.25,29068.5,1560.0
2026-06-09 19:07,29068.0,29102.5,29065.75,29087.5,1003.0
2026-06-09 19:08,29088.75,29104.0,29064.5,29070.25,795.0
2026-06-09 19:09,29070.75,29085.25,29045.75,29051.5,1207.0
2026-06-09 19:10,29051.25,29051.75,29003.0,29007.0,1345.0
2026-06-09 19:11,29007.75,29022.0,28974.5,28981.0,1225.0
2026-06-09 19:12,28981.5,29016.0,28979.5,28988.25,1565.0
2026-06-09 19:13,28988.25,29011.25,28983.75,28995.0,942.0
2026-06-09 19:14,28994.0,28999.25,28956.0,28965.25,1534.0
2026-06-09 19:15,28965.75,28972.5,28894.0,28905.75,2539.0
2026-06-09 19:16,28905.0,28919.0,28867.25,28873.25,2042.0
2026-06-09 19:17,28874.0,28910.0,28860.25,28893.25,1963.0
2026-06-09 19:18,28894.0,28916.5,28861.5,28865.0,1607.0
2026-06-09 19:19,28864.75,28885.5,28852.0,28864.25,1956.0
2026-06-09 19:20,28864.25,28901.0,28839.0,28886.75,2059.0
2026-06-09 19:21,28886.75,28927.0,28877.0,28895.5,1856.0
2026-06-09 19:22,28895.75,28905.5,28854.25,28882.25,1708.0
2026-06-09 19:23,28882.5,28896.75,28857.75,28882.0,1035.0
2026-06-09 19:24,28880.75,28905.75,28872.0,28891.25,980.0
2026-06-09 19:25,28890.25,28913.5,28883.5,28894.75,1054.0
2026-06-09 19:26,28894.75,28897.75,28872.0,28882.0,821.0
2026-06-09 19:27,28881.25,28913.75,28874.25,28913.0,1185.0
2026-06-09 19:28,28913.5,28943.25,28904.5,28941.0,1476.0
2026-06-09 19:29,28941.5,28970.5,28932.0,28953.75,1784.0
2026-06-09 19:30,28952.75,28961.75,28929.75,28961.75,1156.0
2026-06-09 19:31,28962.0,28985.75,28937.75,28979.25,1566.0
2026-06-09 19:32,28978.25,28982.5,28958.75,28968.5,1021.0
2026-06-09 19:33,28968.25,28988.0,28944.0,28956.0,1132.0
2026-06-09 19:34,28957.75,28980.75,28945.0,28977.75,1057.0
2026-06-09 19:35,28979.0,28981.25,28943.25,28971.5,1251.0
2026-06-09 19:36,28972.75,28977.0,28947.0,28966.75,853.0
2026-06-09 19:37,28966.5,28985.0,28945.75,28977.0,970.0
2026-06-09 19:38,28977.0,28979.75,28959.75,28968.25,595.0
2026-06-09 19:39,28967.5,28975.0,28919.0,28922.25,1280.0
2026-06-09 19:40,28922.25,28925.25,28853.25,28859.5,1896.0
2026-06-09 19:41,28859.5,28901.75,28855.5,28883.25,1578.0
2026-06-09 19:42,28883.75,28946.25,28870.75,28944.25,1902.0
2026-06-09 19:43,28944.0,28949.25,28907.75,28918.75,1142.0
2026-06-09 19:44,28917.5,28939.0,28909.5,28922.25,970.0
2026-06-09 19:45,28922.75,28940.0,28907.5,28927.0,1213.0
2026-06-09 19:46,28926.5,28929.25,28897.75,28907.75,1029.0
2026-06-09 19:47,28909.0,28915.0,28880.25,28882.75,1127.0
2026-06-09 19:48,28881.75,28889.0,28850.5,28870.5,1346.0
2026-06-09 19:49,28869.75,28904.25,28869.0,28879.25,1006.0
2026-06-09 19:50,28880.0,29007.0,28880.0,28985.75,4005.0
2026-06-09 19:51,28986.5,29017.5,28967.5,29009.0,2530.0
2026-06-09 19:52,29008.5,29036.0,28992.75,29003.75,2048.0
2026-06-09 19:53,29004.5,29021.5,28980.0,29004.0,1890.0
2026-06-09 19:54,29004.5,29038.5,28990.0,29032.75,2006.0
2026-06-09 19:55,29031.5,29067.75,29028.0,29060.25,2392.0
2026-06-09 19:56,29059.75,29082.25,29050.0,29061.0,2389.0
2026-06-09 19:57,29060.0,29099.25,29059.75,29095.0,2486.0
2026-06-09 19:58,29096.25,29108.75,29087.0,29107.25,2616.0
2026-06-09 19:59,29106.75,29135.25,29104.5,29115.25,14676.0
2026-06-09 20:00,29115.75,29143.25,29111.75,29120.5,4001.0
2026-06-09 20:01,29119.75,29135.0,29101.5,29123.25,1962.0
2026-06-09 20:02,29123.0,29124.75,29087.0,29108.25,1338.0
2026-06-09 20:03,29107.5,29138.0,29099.5,29137.0,1121.0
2026-06-09 20:04,29136.5,29196.25,29135.25,29194.75,1797.0
2026-06-09 20:05,29194.5,29194.5,29168.25,29177.0,1022.0
2026-06-09 20:06,29177.5,29177.5,29143.0,29147.75,1023.0
2026-06-09 20:07,29148.75,29156.25,29131.75,29134.0,692.0
2026-06-09 20:08,29133.25,29149.0,29108.75,29113.5,1308.0
2026-06-09 20:09,29114.0,29136.0,29114.0,29123.25,402.0
2026-06-09 20:10,29122.5,29123.5,29103.25,29122.75,397.0
2026-06-09 20:11,29123.75,29129.75,29105.75,29112.75,408.0
2026-06-09 20:12,29111.5,29112.75,29097.0,29102.75,368.0
2026-06-09 20:13,29102.0,29105.75,29085.75,29105.75,516.0
2026-06-09 20:14,29104.0,29115.0,29091.0,29103.25,343.0
2026-06-09 20:15,29104.25,29126.25,29095.0,29099.75,509.0
2026-06-09 20:16,29102.5,29116.75,29099.75,29115.75,133.0
2026-06-09 20:17,29118.5,29118.5,29104.5,29104.5,129.0
2026-06-09 20:18,29106.75,29116.0,29096.0,29097.5,268.0
2026-06-09 20:19,29098.0,29100.0,29089.25,29089.25,165.0
2026-06-09 20:20,29090.75,29098.25,29082.75,29091.75,192.0
2026-06-09 20:21,29092.75,29114.75,29092.5,29095.75,266.0
2026-06-09 20:22,29098.0,29102.25,29092.25,29095.5,79.0
2026-06-09 20:23,29094.75,29096.75,29082.25,29089.5,128.0
2026-06-09 20:24,29090.25,29102.25,29089.5,29098.0,178.0
2026-06-09 20:25,29099.5,29111.75,29096.5,29109.25,194.0
2026-06-09 20:26,29108.5,29118.75,29105.0,29106.25,176.0
2026-06-09 20:27,29106.0,29119.75,29105.0,29119.75,105.0
2026-06-09 20:28,29119.5,29126.25,29113.75,29125.25,209.0
2026-06-09 20:29,29126.75,29131.5,29118.0,29122.75,194.0
2026-06-09 20:30,29118.25,29121.75,29103.25,29104.5,155.0
2026-06-09 20:31,29105.5,29117.5,29103.25,29114.5,95.0
2026-06-09 20:32,29114.5,29118.5,29108.5,29112.25,66.0
2026-06-09 20:33,29113.75,29115.5,29105.25,29105.25,65.0
2026-06-09 20:34,29107.0,29126.25,29101.25,29122.0,207.0
2026-06-09 20:35,29124.25,29132.5,29116.25,29131.75,220.0
2026-06-09 20:36,29132.0,29138.5,29120.25,29130.25,257.0
2026-06-09 20:37,29131.5,29139.0,29128.75,29131.25,162.0
2026-06-09 20:38,29129.75,29135.0,29128.0,29132.25,97.0
2026-06-09 20:39,29132.5,29135.25,29127.0,29135.25,110.0
2026-06-09 20:40,29132.5,29138.25,29131.5,29134.5,140.0
2026-06-09 20:41,29136.0,29150.0,29136.0,29146.5,154.0
2026-06-09 20:42,29149.75,29156.75,29148.25,29150.5,229.0
2026-06-09 20:43,29151.5,29159.75,29149.0,29156.0,248.0
2026-06-09 20:44,29155.25,29159.0,29142.75,29145.75,191.0
2026-06-09 20:45,29146.0,29158.5,29143.5,29153.25,298.0
2026-06-09 20:46,29153.25,29153.25,29141.75,29145.0,148.0
2026-06-09 20:47,29146.25,29146.75,29140.0,29140.0,130.0
2026-06-09 20:48,29140.25,29152.0,29138.0,29147.5,148.0
2026-06-09 20:49,29147.0,29159.0,29146.0,29154.25,122.0
2026-06-09 20:50,29154.0,29155.75,29143.0,29147.75,170.0
2026-06-09 20:51,29147.75,29152.5,29141.25,29145.5,115.0
2026-06-09 20:52,29144.25,29145.0,29133.0,29134.25,111.0
2026-06-09 20:53,29134.5,29135.0,29125.75,29127.5,87.0
2026-06-09 20:54,29126.75,29131.5,29124.0,29126.25,165.0
2026-06-09 20:55,29128.0,29133.0,29126.0,29131.0,68.0
2026-06-09 20:56,29130.5,29130.5,29120.75,29122.25,143.0
2026-06-09 20:57,29122.5,29129.5,29121.0,29126.5,55.0
2026-06-09 20:58,29128.75,29147.5,29128.25,29137.5,195.0
2026-06-09 20:59,29138.5,29140.5,29134.75,29140.5,86.0
2026-06-09 22:00,29094.75,29095.75,29028.5,29046.5,696.0
2026-06-09 22:01,29043.0,29098.75,29043.0,29057.75,644.0
2026-06-09 22:02,29060.5,29090.75,29032.75,29041.5,426.0
2026-06-09 22:03,29041.5,29064.0,29035.0,29063.75,187.0
2026-06-09 22:04,29066.25,29077.0,29059.0,29065.5,156.0
2026-06-09 22:05,29066.0,29094.25,29064.75,29076.0,249.0
2026-06-09 22:06,29073.5,29076.0,29054.75,29073.25,167.0
2026-06-09 22:07,29073.75,29095.5,29070.25,29071.0,196.0
2026-06-09 22:08,29072.0,29072.0,29054.75,29063.25,244.0
2026-06-09 22:09,29065.75,29085.25,29065.75,29083.25,111.0
2026-06-09 22:10,29085.0,29091.0,29070.75,29071.75,76.0
2026-06-09 22:11,29071.5,29090.25,29069.25,29080.5,47.0
2026-06-09 22:12,29081.0,29085.75,29074.75,29084.75,36.0
2026-06-09 22:13,29084.25,29084.25,29068.0,29080.0,107.0
2026-06-09 22:14,29084.25,29089.25,29081.75,29086.75,41.0
2026-06-09 22:15,29088.0,29118.0,29086.0,29105.0,246.0
2026-06-09 22:16,29104.5,29115.0,29094.0,29101.5,108.0
2026-06-09 22:17,29102.75,29104.5,29073.0,29076.75,178.0
2026-06-09 22:18,29076.25,29087.75,29070.0,29083.0,114.0
2026-06-09 22:19,29081.25,29100.0,29078.0,29097.5,141.0
2026-06-09 22:20,29098.0,29099.75,29087.75,29093.0,77.0
2026-06-09 22:21,29093.5,29095.25,29081.0,29085.5,52.0
2026-06-09 22:22,29083.0,29090.25,29079.5,29080.25,97.0
2026-06-09 22:23,29079.25,29089.0,29071.25,29080.0,81.0
2026-06-09 22:24,29079.5,29082.0,29075.0,29080.25,23.0
2026-06-09 22:25,29078.5,29085.5,29065.0,29083.25,129.0
2026-06-09 22:26,29086.5,29088.0,29053.0,29068.25,214.0
2026-06-09 22:27,29068.25,29068.5,29057.5,29061.25,41.0
2026-06-09 22:28,29062.0,29073.0,29056.0,29069.0,76.0
2026-06-09 22:29,29071.5,29071.75,29064.75,29071.0,45.0
2026-06-09 22:30,29070.5,29072.0,29052.5,29056.25,95.0
2026-06-09 22:31,29058.5,29059.25,29047.5,29054.5,103.0
2026-06-09 22:32,29055.0,29070.0,29054.75,29054.75,140.0
2026-06-09 22:33,29056.5,29063.75,29049.0,29059.25,160.0
2026-06-09 22:34,29058.0,29062.5,29044.25,29048.0,147.0
2026-06-09 22:35,29049.75,29053.0,29041.5,29046.0,118.0
2026-06-09 22:36,29047.5,29048.5,29039.0,29040.5,100.0
2026-06-09 22:37,29037.75,29043.0,29021.75,29023.25,249.0
2026-06-09 22:38,29023.5,29035.25,29014.25,29021.0,246.0
2026-06-09 22:39,29021.0,29035.75,29000.75,29032.25,330.0
2026-06-09 22:40,29032.0,29045.0,29020.0,29022.25,290.0
2026-06-09 22:41,29020.25,29022.25,28994.0,29014.0,284.0
2026-06-09 22:42,29015.25,29030.75,29007.25,29030.75,142.0
2026-06-09 22:43,29028.5,29056.0,29016.5,29027.0,448.0
2026-06-09 22:44,29026.5,29033.25,29018.75,29023.75,69.0
2026-06-09 22:45,29023.0,29035.0,29010.0,29016.5,124.0
2026-06-09 22:46,29019.0,29019.75,29005.25,29007.75,47.0
2026-06-09 22:47,29008.5,29015.0,29002.0,29008.0,85.0
2026-06-09 22:48,29004.75,29011.5,28982.0,29009.25,238.0
2026-06-09 22:49,29011.75,29021.5,29005.0,29005.5,128.0
2026-06-09 22:50,29007.5,29013.25,29007.0,29007.75,53.0
2026-06-09 22:51,29005.25,29005.25,28988.75,28997.5,148.0
2026-06-09 22:52,28996.25,28998.75,28986.5,28995.0,105.0
2026-06-09 22:53,28997.5,29007.25,28996.0,29001.0,95.0
2026-06-09 22:54,28999.75,29024.75,28997.0,29015.75,192.0
2026-06-09 22:55,29016.75,29038.75,29016.25,29032.75,203.0
2026-06-09 22:56,29034.0,29043.0,29016.25,29018.25,163.0
2026-06-09 22:57,29018.75,29031.25,29009.0,29015.5,124.0
2026-06-09 22:58,29015.75,29015.75,29006.0,29010.0,71.0
2026-06-09 22:59,29011.25,29030.0,29010.75,29029.0,107.0
2026-06-09 23:00,29029.25,29037.5,29019.5,29030.25,167.0
2026-06-09 23:01,29030.25,29031.5,29019.75,29031.5,67.0
2026-06-09 23:02,29032.75,29044.0,29030.75,29039.5,161.0
2026-06-09 23:03,29040.5,29072.75,29032.25,29072.5,382.0
2026-06-09 23:04,29069.25,29084.5,29061.75,29068.0,225.0
2026-06-09 23:05,29071.25,29083.0,29071.25,29071.5,111.0
2026-06-09 23:06,29070.0,29070.25,29055.25,29055.25,83.0
2026-06-09 23:07,29057.25,29100.5,29057.0,29090.0,304.0
2026-06-09 23:08,29088.25,29102.75,29078.75,29086.75,166.0
2026-06-09 23:09,29086.75,29086.75,29070.75,29073.5,120.0
2026-06-09 23:10,29073.5,29081.75,29060.0,29063.0,67.0
2026-06-09 23:11,29060.5,29062.5,29040.75,29043.5,192.0
2026-06-09 23:12,29043.75,29051.0,29031.0,29036.0,167.0
2026-06-09 23:13,29034.25,29049.25,29027.25,29049.25,125.0
2026-06-09 23:14,29049.5,29049.5,29025.5,29031.25,140.0
2026-06-09 23:15,29028.0,29029.5,29016.75,29021.75,124.0
2026-06-09 23:16,29021.5,29035.25,29019.0,29030.75,87.0
2026-06-09 23:17,29026.25,29042.75,29026.0,29032.0,114.0
2026-06-09 23:18,29029.0,29032.0,29006.5,29011.25,178.0
2026-06-09 23:19,29008.5,29025.0,29003.0,29015.25,137.0
2026-06-09 23:20,29018.25,29027.75,29015.0,29023.75,45.0
2026-06-09 23:21,29026.5,29030.0,29012.75,29012.75,36.0
2026-06-09 23:22,29012.5,29016.0,29010.25,29012.75,54.0
2026-06-09 23:23,29017.75,29027.75,29004.75,29009.0,81.0
2026-06-09 23:24,29009.25,29022.25,29002.75,29015.0,81.0
2026-06-09 23:25,29017.25,29017.5,29008.75,29008.75,70.0
2026-06-09 23:26,29009.75,29014.5,29005.75,29010.25,40.0
2026-06-09 23:27,29007.0,29012.0,28997.75,29008.5,80.0
2026-06-09 23:28,29009.25,29011.75,29002.25,29005.75,42.0
2026-06-09 23:29,29009.5,29010.0,29002.75,29005.0,33.0
2026-06-09 23:30,29005.5,29007.25,28987.0,28991.25,146.0
2026-06-09 23:31,28991.75,28997.0,28985.0,28987.25,89.0
2026-06-09 23:32,28989.25,29018.75,28989.0,29010.5,252.0
2026-06-09 23:33,29008.75,29011.0,29004.25,29007.5,69.0
2026-06-09 23:34,29010.5,29015.0,29000.0,29011.25,107.0
2026-06-09 23:35,29011.0,29020.75,28987.75,28994.5,191.0
2026-06-09 23:36,28997.5,29003.0,28994.0,28999.5,63.0
2026-06-09 23:37,28997.0,28997.0,28980.25,28985.5,224.0
2026-06-09 23:38,28987.5,28992.25,28983.0,28987.25,62.0
2026-06-09 23:39,28987.25,29008.75,28984.5,29008.75,78.0
2026-06-09 23:40,29010.0,29014.25,29001.5,29001.5,121.0
2026-06-09 23:41,29000.0,29011.0,28997.75,29006.0,62.0
2026-06-09 23:42,29006.5,29008.75,29002.25,29002.25,27.0
2026-06-09 23:43,29002.0,29009.5,28995.0,29007.75,53.0
2026-06-09 23:44,29009.0,29019.5,29007.0,29015.0,102.0
2026-06-09 23:45,29018.0,29039.0,29010.75,29035.25,299.0
2026-06-09 23:46,29035.0,29047.75,29021.0,29031.75,158.0
2026-06-09 23:47,29032.0,29034.5,29022.25,29024.5,65.0
2026-06-09 23:48,29024.75,29034.75,29024.75,29032.75,62.0
2026-06-09 23:49,29030.5,29038.5,29024.75,29031.0,92.0
2026-06-09 23:50,29032.25,29036.75,29026.0,29033.0,97.0
2026-06-09 23:51,29026.75,29042.0,29021.5,29041.5,127.0
2026-06-09 23:52,29041.25,29041.25,29033.5,29040.0,62.0
2026-06-09 23:53,29039.75,29055.0,29038.25,29043.0,220.0
2026-06-09 23:54,29046.5,29053.75,29034.25,29052.75,167.0
2026-06-09 23:55,29052.75,29064.75,29052.75,29056.5,250.0
2026-06-09 23:56,29055.5,29064.5,29046.75,29051.5,163.0
2026-06-09 23:57,29052.0,29052.0,29040.75,29049.25,86.0
2026-06-09 23:58,29048.5,29052.0,29041.75,29049.5,70.0
2026-06-09 23:59,29052.0,29071.5,29052.0,29064.5,245.0
2026-06-10 00:00,29065.75,29087.25,29065.75,29081.0,395.0
2026-06-10 00:01,29082.25,29087.0,29073.25,29076.0,168.0
2026-06-10 00:02,29076.25,29117.0,29076.25,29110.25,429.0
2026-06-10 00:03,29110.75,29126.0,29107.5,29114.5,435.0
2026-06-10 00:04,29116.25,29139.75,29111.5,29127.0,353.0
2026-06-10 00:05,29127.0,29160.0,29120.75,29158.25,525.0
2026-06-10 00:06,29160.25,29169.0,29152.0,29154.25,555.0
2026-06-10 00:07,29154.0,29160.0,29139.75,29143.0,322.0
2026-06-10 00:08,29143.0,29152.5,29132.0,29132.75,156.0
2026-06-10 00:09,29132.75,29164.25,29117.75,29155.25,468.0
2026-06-10 00:10,29156.75,29158.75,29123.25,29130.5,294.0
2026-06-10 00:11,29132.25,29146.25,29127.5,29130.75,113.0
2026-06-10 00:12,29130.75,29137.5,29113.75,29113.75,228.0
2026-06-10 00:13,29114.0,29117.75,29092.0,29099.25,379.0
2026-06-10 00:14,29102.0,29124.75,29089.0,29120.75,508.0
2026-06-10 00:15,29119.0,29131.75,29088.5,29094.5,315.0
2026-06-10 00:16,29091.75,29096.25,29070.5,29076.0,274.0
2026-06-10 00:17,29075.75,29093.75,29073.75,29081.0,152.0
2026-06-10 00:18,29079.75,29091.0,29079.75,29086.5,88.0
2026-06-10 00:19,29087.75,29116.75,29080.0,29108.0,259.0
2026-06-10 00:20,29108.0,29115.0,29087.75,29093.0,159.0
2026-06-10 00:21,29091.75,29107.75,29082.5,29106.5,212.0
2026-06-10 00:22,29105.5,29113.75,29097.5,29105.5,144.0
2026-06-10 00:23,29102.75,29104.0,29087.75,29097.0,60.0
2026-06-10 00:24,29095.75,29111.0,29095.75,29102.25,78.0
2026-06-10 00:25,29103.25,29105.0,29084.75,29088.5,107.0
2026-06-10 00:26,29087.25,29090.5,29082.5,29084.25,55.0
2026-06-10 00:27,29084.0,29104.5,29082.0,29104.5,82.0
2026-06-10 00:28,29103.25,29107.0,29097.5,29106.75,64.0
2026-06-10 00:29,29107.0,29128.0,29104.0,29118.0,291.0
2026-06-10 00:30,29118.5,29123.25,29095.0,29097.5,281.0
2026-06-10 00:31,29098.25,29098.5,29074.5,29084.25,211.0
2026-06-10 00:32,29084.25,29085.25,29047.0,29047.25,406.0
2026-06-10 00:33,29046.75,29050.0,29029.0,29042.25,355.0
2026-06-10 00:34,29042.75,29055.0,29028.0,29031.0,191.0
2026-06-10 00:35,29030.25,29047.25,29024.0,29025.0,193.0
2026-06-10 00:36,29024.25,29031.25,29011.25,29013.25,263.0
2026-06-10 00:37,29013.0,29013.25,28993.25,29003.75,379.0
2026-06-10 00:38,29005.75,29061.0,29005.75,29052.75,522.0
2026-06-10 00:39,29050.75,29053.5,29025.0,29026.5,267.0
2026-06-10 00:40,29028.0,29029.25,29010.0,29014.5,154.0
2026-06-10 00:41,29016.25,29020.0,28997.5,29009.75,172.0
2026-06-10 00:42,29010.0,29015.25,29002.25,29006.5,113.0
2026-06-10 00:43,29009.5,29011.25,28982.0,28983.75,231.0
2026-06-10 00:44,28984.75,29003.0,28960.0,28999.25,416.0
2026-06-10 00:45,28996.0,29011.5,28992.0,29007.0,207.0
2026-06-10 00:46,29005.5,29007.25,28991.25,28998.75,172.0
2026-06-10 00:47,29000.75,29018.25,28999.0,29014.0,190.0
2026-06-10 00:48,29011.5,29023.5,29010.0,29017.0,118.0
2026-06-10 00:49,29013.5,29048.5,29011.25,29048.25,342.0
2026-06-10 00:50,29046.5,29055.0,29005.75,29009.75,352.0
2026-06-10 00:51,29012.0,29019.75,29005.25,29017.5,119.0
2026-06-10 00:52,29017.25,29058.75,29017.25,29049.75,303.0
2026-06-10 00:53,29049.5,29082.0,29038.75,29067.5,396.0
2026-06-10 00:54,29068.0,29073.5,29051.25,29066.0,255.0
2026-06-10 00:55,29065.5,29074.25,29033.5,29047.5,334.0
2026-06-10 00:56,29046.25,29088.0,29041.75,29074.25,401.0
2026-06-10 00:57,29075.75,29092.0,29070.0,29080.0,184.0
2026-06-10 00:58,29078.5,29096.0,29074.25,29090.5,180.0
2026-06-10 00:59,29091.0,29095.0,29066.0,29075.25,372.0
2026-06-10 01:00,29077.25,29089.25,29060.0,29079.0,195.0
2026-06-10 01:01,29084.75,29093.0,29046.75,29057.5,277.0
2026-06-10 01:02,29058.5,29079.5,29051.0,29071.5,191.0
2026-06-10 01:03,29075.0,29083.0,29061.5,29083.0,199.0
2026-06-10 01:04,29078.25,29100.5,29075.0,29092.5,224.0
2026-06-10 01:05,29095.75,29096.25,29064.25,29064.25,211.0
2026-06-10 01:06,29066.25,29071.25,29054.5,29066.0,146.0
2026-06-10 01:07,29070.0,29085.5,29068.5,29080.25,159.0
2026-06-10 01:08,29078.75,29080.5,29066.0,29070.0,105.0
2026-06-10 01:09,29072.0,29075.0,29054.25,29058.75,91.0
2026-06-10 01:10,29057.75,29062.0,29042.25,29062.0,215.0
2026-06-10 01:11,29060.5,29091.0,29060.25,29087.0,218.0
2026-06-10 01:12,29087.25,29109.5,29086.25,29105.0,196.0
2026-06-10 01:13,29106.25,29106.5,29073.5,29077.5,224.0
2026-06-10 01:14,29077.5,29083.0,29068.75,29076.25,83.0
2026-06-10 01:15,29078.5,29087.75,29065.0,29085.5,113.0
2026-06-10 01:16,29083.0,29115.0,29082.0,29110.5,251.0
2026-06-10 01:17,29110.0,29113.0,29097.25,29103.0,117.0
2026-06-10 01:18,29098.75,29107.5,29098.75,29105.75,99.0
2026-06-10 01:19,29103.75,29110.0,29101.25,29104.75,88.0
2026-06-10 01:20,29105.25,29106.5,29074.25,29079.75,242.0
2026-06-10 01:21,29081.25,29098.25,29073.0,29073.0,133.0
2026-06-10 01:22,29073.75,29076.25,29066.25,29071.5,97.0
2026-06-10 01:23,29075.75,29083.0,29067.75,29081.0,68.0
2026-06-10 01:24,29079.5,29082.5,29064.25,29071.0,62.0
2026-06-10 01:25,29070.25,29070.5,29054.5,29064.75,150.0
2026-06-10 01:26,29062.5,29065.75,29049.75,29059.75,164.0
2026-06-10 01:27,29059.75,29090.25,29059.75,29090.25,179.0
2026-06-10 01:28,29087.75,29093.0,29082.5,29086.0,159.0
2026-06-10 01:29,29087.25,29089.0,29065.25,29073.25,109.0
2026-06-10 01:30,29073.5,29077.75,29023.0,29028.0,466.0
2026-06-10 01:31,29032.75,29050.5,29023.75,29047.75,194.0
2026-06-10 01:32,29046.75,29066.0,29039.0,29061.0,176.0
2026-06-10 01:33,29061.5,29063.5,29046.25,29061.75,112.0
2026-06-10 01:34,29062.5,29097.25,29062.5,29093.25,253.0
2026-06-10 01:35,29094.25,29098.75,29085.75,29089.0,111.0
2026-06-10 01:36,29086.25,29087.0,29063.5,29068.5,107.0
2026-06-10 01:37,29068.0,29068.0,29049.5,29058.25,198.0
2026-06-10 01:38,29057.75,29070.75,29051.5,29068.75,87.0
2026-06-10 01:39,29065.75,29079.0,29065.5,29070.5,67.0
2026-06-10 01:40,29069.5,29074.0,29063.0,29069.75,67.0
2026-06-10 01:41,29066.75,29068.25,29056.5,29059.5,74.0
2026-06-10 01:42,29062.25,29064.5,29037.25,29040.0,161.0
2026-06-10 01:43,29040.0,29041.5,29029.75,29034.25,181.0
2026-06-10 01:44,29034.75,29038.0,29026.25,29026.25,95.0
2026-06-10 01:45,29027.5,29048.25,29027.25,29038.75,109.0
2026-06-10 01:46,29037.5,29040.5,29029.25,29038.0,55.0
2026-06-10 01:47,29041.0,29043.25,29019.0,29020.75,147.0
2026-06-10 01:48,29021.0,29050.75,29020.5,29047.5,133.0
2026-06-10 01:49,29047.25,29068.25,29047.25,29060.0,164.0
2026-06-10 01:50,29060.0,29067.0,29052.0,29052.0,75.0
2026-06-10 01:51,29052.0,29052.0,29030.0,29030.0,124.0
2026-06-10 01:52,29027.75,29038.75,29013.5,29020.0,257.0
2026-06-10 01:53,29020.25,29030.0,29011.25,29024.5,142.0
2026-06-10 01:54,29026.5,29036.75,29023.75,29032.0,123.0
2026-06-10 01:55,29027.0,29051.75,29025.0,29046.0,148.0
2026-06-10 01:56,29044.5,29060.75,29042.75,29050.0,132.0
2026-06-10 01:57,29052.5,29053.75,29038.0,29041.75,73.0
2026-06-10 01:58,29042.5,29042.5,29029.5,29034.75,92.0
2026-06-10 01:59,29032.5,29042.25,29030.75,29033.5,55.0
2026-06-10 02:00,29035.0,29036.0,29022.75,29025.25,159.0
2026-06-10 02:01,29025.0,29042.0,29024.25,29028.0,77.0
2026-06-10 02:02,29027.0,29037.75,29024.0,29027.75,34.0
2026-06-10 02:03,29025.75,29025.75,29015.25,29016.0,116.0
2026-06-10 02:04,29015.75,29017.25,29006.0,29012.25,82.0
2026-06-10 02:05,29011.5,29014.25,29004.25,29011.5,83.0
2026-06-10 02:06,29008.75,29014.0,29007.75,29010.5,65.0
2026-06-10 02:07,29009.0,29010.25,29003.0,29009.5,61.0
2026-06-10 02:08,29008.75,29008.75,28997.25,29002.5,114.0
2026-06-10 02:09,29000.5,29000.75,28980.75,28987.75,329.0
2026-06-10 02:10,28989.25,28991.0,28980.0,28983.5,190.0
2026-06-10 02:11,28985.0,29005.25,28979.25,29001.25,143.0
2026-06-10 02:12,28999.75,29018.0,28998.0,29002.75,381.0
2026-06-10 02:13,29002.0,29010.5,28996.25,28998.5,64.0
2026-06-10 02:14,28997.75,29003.0,28993.5,28998.0,75.0
2026-06-10 02:15,29000.25,29007.0,28997.0,29005.25,71.0
2026-06-10 02:16,29003.25,29003.25,28983.25,28995.25,143.0
2026-06-10 02:17,28994.5,29003.25,28994.5,29001.5,33.0
2026-06-10 02:18,29001.75,29011.0,28994.0,29007.5,75.0
2026-06-10 02:19,29006.5,29008.5,29000.5,29002.5,58.0
2026-06-10 02:20,28998.75,29009.5,28997.75,29009.25,69.0
2026-06-10 02:21,29010.0,29026.25,29007.25,29018.25,256.0
2026-06-10 02:22,29019.0,29023.5,28998.5,28998.5,174.0
2026-06-10 02:23,28998.5,29004.25,28985.0,28995.0,176.0
2026-06-10 02:24,28994.75,29016.5,28994.75,28998.5,155.0
2026-06-10 02:25,28995.0,28995.25,28984.5,28985.25,158.0
2026-06-10 02:26,28984.25,28985.5,28974.75,28979.0,168.0
2026-06-10 02:27,28979.0,28998.75,28976.25,28997.25,163.0
2026-06-10 02:28,28997.5,29016.0,28996.0,29010.75,225.0
2026-06-10 02:29,29010.0,29016.25,29009.75,29016.25,76.0
2026-06-10 02:30,29015.25,29034.75,29014.25,29027.25,204.0
2026-06-10 02:31,29026.75,29034.5,29023.0,29031.75,76.0
2026-06-10 02:32,29032.0,29032.5,28998.75,29003.25,177.0
2026-06-10 02:33,29005.0,29011.5,29001.0,29003.25,76.0
2026-06-10 02:34,29004.5,29008.5,28998.75,29001.75,77.0
2026-06-10 02:35,29002.75,29002.75,28991.25,29000.25,88.0
2026-06-10 02:36,29001.0,29008.5,28993.0,28997.5,61.0
2026-06-10 02:37,28995.75,29008.0,28995.0,29006.75,64.0
2026-06-10 02:38,29008.25,29017.25,29005.5,29011.75,87.0
2026-06-10 02:39,29008.0,29008.0,28984.5,28985.0,84.0
2026-06-10 02:40,28984.0,28996.0,28982.25,28991.0,89.0
2026-06-10 02:41,28991.0,29003.25,28991.0,28995.5,85.0
2026-06-10 02:42,28997.0,29002.75,28996.0,28998.5,67.0
2026-06-10 02:43,28997.5,28998.0,28991.75,28991.75,32.0
2026-06-10 02:44,28990.5,29006.0,28989.25,29006.0,63.0
2026-06-10 02:45,29005.75,29016.25,29003.5,29015.5,128.0
2026-06-10 02:46,29019.5,29027.25,29015.25,29024.25,138.0
2026-06-10 02:47,29024.0,29024.0,29015.75,29015.75,72.0
2026-06-10 02:48,29013.25,29019.75,29008.75,29012.5,89.0
2026-06-10 02:49,29018.75,29035.25,29018.25,29034.0,138.0
2026-06-10 02:50,29034.0,29035.25,29018.25,29018.25,108.0
2026-06-10 02:51,29019.5,29021.5,28998.25,29000.0,142.0
2026-06-10 02:52,28998.0,29000.0,28984.5,28990.5,109.0
2026-06-10 02:53,28989.0,28989.5,28967.25,28969.0,182.0
2026-06-10 02:54,28969.75,28970.5,28963.0,28968.25,104.0
2026-06-10 02:55,28968.0,28978.25,28966.25,28977.5,172.0
2026-06-10 02:56,28971.0,28979.0,28960.25,28977.75,155.0
2026-06-10 02:57,28977.5,28985.75,28971.75,28983.75,105.0
2026-06-10 02:58,28981.75,28990.75,28980.75,28982.75,78.0
2026-06-10 02:59,28981.75,28981.75,28968.75,28970.5,125.0
2026-06-10 03:00,28972.5,28975.5,28967.25,28972.0,74.0
2026-06-10 03:01,28973.5,28995.0,28972.25,28989.75,206.0
2026-06-10 03:02,28990.25,29003.25,28989.0,28995.5,123.0
2026-06-10 03:03,28993.0,29000.25,28986.25,29000.25,75.0
2026-06-10 03:04,28998.0,29001.25,28992.0,28999.25,71.0
2026-06-10 03:05,29001.0,29012.25,29000.0,29012.0,100.0
2026-06-10 03:06,29013.75,29029.5,29013.25,29028.5,188.0
2026-06-10 03:07,29025.5,29028.5,29006.0,29011.5,108.0
2026-06-10 03:08,29011.25,29020.75,29005.0,29018.75,85.0
2026-06-10 03:09,29018.25,29020.75,29011.25,29014.75,76.0
2026-06-10 03:10,29014.75,29016.0,29004.5,29010.75,96.0
2026-06-10 03:11,29010.5,29020.0,29008.0,29017.0,73.0
2026-06-10 03:12,29015.0,29020.0,29011.75,29018.0,51.0
2026-06-10 03:13,29017.0,29021.25,29005.75,29007.75,35.0
2026-06-10 03:14,29010.25,29015.25,29008.5,29010.75,49.0
2026-06-10 03:15,29013.25,29025.25,29008.5,29020.0,62.0
2026-06-10 03:16,29020.5,29046.25,29020.5,29043.75,224.0
2026-06-10 03:17,29043.75,29046.0,29035.75,29036.0,76.0
2026-06-10 03:18,29035.0,29040.75,29022.75,29024.25,64.0
2026-06-10 03:19,29025.25,29025.25,29012.5,29014.0,105.0
2026-06-10 03:20,29015.25,29017.0,28995.5,29005.5,174.0
2026-06-10 03:21,29004.25,29011.5,29001.25,29011.5,42.0
2026-06-10 03:22,29012.0,29022.25,29003.0,29013.25,89.0
2026-06-10 03:23,29012.0,29020.0,29007.25,29018.0,47.0
2026-06-10 03:24,29020.0,29020.0,29010.0,29018.0,36.0
2026-06-10 03:25,29018.25,29023.75,29012.5,29016.25,48.0
2026-06-10 03:26,29016.25,29016.5,29011.0,29014.25,27.0
2026-06-10 03:27,29015.25,29021.5,29002.0,29004.0,64.0
2026-06-10 03:28,29002.25,29008.25,28998.0,29007.5,58.0
2026-06-10 03:29,29009.5,29015.0,29008.5,29008.5,64.0
2026-06-10 03:30,29009.25,29017.25,28999.0,29015.75,102.0
2026-06-10 03:31,29016.0,29024.25,29004.0,29007.25,86.0
2026-06-10 03:32,29008.0,29012.25,29001.75,29003.25,50.0
2026-06-10 03:33,29004.25,29024.5,29004.25,29016.25,93.0
2026-06-10 03:34,29018.25,29018.25,29002.5,29010.75,60.0
2026-06-10 03:35,29008.5,29008.5,28996.75,28997.25,79.0
2026-06-10 03:36,28996.0,29000.25,28985.25,28988.0,114.0
2026-06-10 03:37,28987.75,28988.25,28980.0,28988.25,113.0
2026-06-10 03:38,28985.0,28999.75,28983.5,28997.5,58.0
2026-06-10 03:39,28995.75,29002.5,28990.0,28994.25,49.0
2026-06-10 03:40,28990.0,28990.75,28981.5,28989.0,58.0
2026-06-10 03:41,28984.5,28984.5,28980.0,28980.75,29.0
2026-06-10 03:42,28982.5,28983.25,28977.75,28979.5,26.0
2026-06-10 03:43,28977.5,28989.25,28977.0,28981.5,66.0
2026-06-10 03:44,28982.25,28984.0,28975.0,28977.0,50.0
2026-06-10 03:45,28978.0,28985.75,28978.0,28983.0,53.0
2026-06-10 03:46,28987.0,28988.0,28979.75,28984.75,42.0
2026-06-10 03:47,28984.0,28984.25,28975.0,28977.0,35.0
2026-06-10 03:48,28977.75,28998.0,28977.75,28994.25,106.0
2026-06-10 03:49,28992.0,28992.0,28980.25,28981.75,43.0
2026-06-10 03:50,28982.0,28982.75,28973.75,28974.0,46.0
2026-06-10 03:51,28975.0,28981.0,28974.5,28981.0,38.0
2026-06-10 03:52,28978.75,28985.5,28976.75,28977.25,69.0
2026-06-10 03:53,28978.25,28980.25,28975.0,28976.0,56.0
2026-06-10 03:54,28977.25,28998.5,28974.5,28996.5,102.0
2026-06-10 03:55,28995.75,28996.25,28986.0,28986.0,54.0
2026-06-10 03:56,28984.75,28991.0,28984.75,28990.0,38.0
2026-06-10 03:57,28988.75,29000.25,28983.75,28998.0,96.0
2026-06-10 03:58,29001.0,29008.0,28997.25,28997.5,153.0
2026-06-10 03:59,28997.0,28997.0,28991.25,28992.75,42.0
2026-06-10 04:00,28992.75,29001.25,28988.75,28989.5,76.0
2026-06-10 04:01,28989.5,28993.0,28982.0,28984.5,87.0
2026-06-10 04:02,28983.5,28984.75,28977.0,28980.0,76.0
2026-06-10 04:03,28981.25,28983.0,28974.0,28974.75,71.0
2026-06-10 04:04,28976.0,28980.0,28971.75,28980.0,77.0
2026-06-10 04:05,28978.75,28978.75,28970.0,28972.5,82.0
2026-06-10 04:06,28972.25,28973.25,28964.75,28964.75,83.0
2026-06-10 04:07,28964.0,28965.5,28949.75,28952.25,309.0
2026-06-10 04:08,28951.0,28957.75,28949.5,28956.75,111.0
2026-06-10 04:09,28958.5,28962.25,28953.0,28954.0,89.0
2026-06-10 04:10,28953.5,28962.5,28950.0,28955.75,113.0
2026-06-10 04:11,28956.75,28964.0,28948.5,28950.25,175.0
2026-06-10 04:12,28950.25,28951.25,28945.25,28945.5,62.0
2026-06-10 04:13,28946.5,28947.25,28940.25,28942.5,89.0
2026-06-10 04:14,28943.25,28951.5,28941.5,28946.5,96.0
2026-06-10 04:15,28944.5,28949.0,28936.25,28936.25,99.0
2026-06-10 04:16,28936.25,28945.5,28930.75,28945.5,154.0
2026-06-10 04:17,28945.75,28955.75,28937.25,28937.5,120.0
2026-06-10 04:18,28938.5,28957.5,28934.75,28957.0,134.0
2026-06-10 04:19,28956.75,28968.75,28956.5,28966.0,264.0
2026-06-10 04:20,28965.75,28977.75,28964.75,28967.25,177.0
2026-06-10 04:21,28965.75,28967.75,28947.0,28950.75,123.0
2026-06-10 04:22,28950.0,28961.75,28946.25,28953.5,86.0
2026-06-10 04:23,28953.0,28960.25,28950.5,28953.5,76.0
2026-06-10 04:24,28953.5,28955.0,28944.0,28947.25,128.0
2026-06-10 04:25,28950.75,28960.25,28947.5,28955.5,108.0
2026-06-10 04:26,28954.75,28964.75,28952.0,28954.25,156.0
2026-06-10 04:27,28955.5,28959.25,28949.0,28950.25,134.0
2026-06-10 04:28,28948.75,28954.5,28935.0,28946.75,270.0
2026-06-10 04:29,28949.0,28949.0,28940.0,28942.0,76.0
2026-06-10 04:30,28940.25,28940.25,28914.5,28932.5,287.0
2026-06-10 04:31,28932.25,28937.25,28923.0,28934.75,95.0
2026-06-10 04:32,28935.5,28935.5,28917.25,28919.5,101.0
2026-06-10 04:33,28921.0,28925.75,28903.5,28908.25,338.0
2026-06-10 04:34,28910.0,28916.0,28904.0,28907.75,129.0
2026-06-10 04:35,28908.75,28911.0,28905.25,28909.0,70.0
2026-06-10 04:36,28907.75,28910.0,28894.0,28894.0,181.0
2026-06-10 04:37,28896.25,28901.0,28888.25,28899.5,198.0
2026-06-10 04:38,28901.0,28915.25,28895.75,28901.25,190.0
2026-06-10 04:39,28901.75,28908.5,28896.75,28905.75,111.0
2026-06-10 04:40,28906.75,28923.0,28904.25,28906.0,150.0
2026-06-10 04:41,28904.75,28905.5,28888.0,28894.25,223.0
2026-06-10 04:42,28894.25,28898.5,28886.25,28890.0,136.0
2026-06-10 04:43,28891.25,28896.25,28886.25,28892.25,67.0
2026-06-10 04:44,28892.5,28892.75,28875.75,28878.25,218.0
2026-06-10 04:45,28877.5,28879.5,28867.25,28875.75,206.0
2026-06-10 04:46,28877.75,28897.25,28877.75,28894.0,225.0
2026-06-10 04:47,28890.75,28898.0,28880.25,28885.0,139.0
2026-06-10 04:48,28883.5,28893.5,28880.25,28890.75,106.0
2026-06-10 04:49,28893.0,28918.25,28888.5,28913.75,229.0
2026-06-10 04:50,28911.75,28923.75,28901.25,28920.0,169.0
2026-06-10 04:51,28917.75,28925.5,28904.0,28907.5,91.0
2026-06-10 04:52,28909.75,28919.0,28908.25,28915.0,75.0
2026-06-10 04:53,28913.5,28923.25,28912.5,28920.5,90.0
2026-06-10 04:54,28922.5,28944.25,28920.0,28939.0,212.0
2026-06-10 04:55,28938.5,28946.0,28911.0,28914.75,200.0
2026-06-10 04:56,28916.75,28917.25,28900.0,28900.0,117.0
2026-06-10 04:57,28899.25,28910.75,28899.25,28905.0,102.0
2026-06-10 04:58,28902.25,28905.5,28895.5,28899.0,83.0
2026-06-10 04:59,28900.75,28901.0,28890.5,28898.5,92.0
2026-06-10 05:00,28898.75,28903.0,28886.25,28898.25,88.0
2026-06-10 05:01,28897.0,28898.0,28885.25,28890.5,118.0
2026-06-10 05:02,28892.0,28917.0,28889.75,28913.5,150.0
2026-06-10 05:03,28913.75,28927.5,28911.25,28912.0,164.0
2026-06-10 05:04,28913.25,28930.5,28911.75,28926.25,109.0
2026-06-10 05:05,28925.0,28925.0,28908.75,28923.25,80.0
2026-06-10 05:06,28922.5,28951.0,28915.75,28947.75,228.0
2026-06-10 05:07,28947.75,28947.75,28929.5,28930.75,140.0
2026-06-10 05:08,28935.5,28937.5,28906.0,28912.75,155.0
2026-06-10 05:09,28911.25,28919.25,28906.0,28912.25,67.0
2026-06-10 05:10,28912.25,28916.0,28897.75,28901.5,88.0
2026-06-10 05:11,28900.0,28915.0,28899.5,28905.25,89.0
2026-06-10 05:12,28905.25,28918.5,28900.25,28914.0,71.0
2026-06-10 05:13,28911.5,28915.0,28901.5,28913.75,62.0
2026-06-10 05:14,28913.0,28913.0,28901.0,28907.5,40.0
2026-06-10 05:15,28905.0,28905.0,28882.0,28883.0,125.0
2026-06-10 05:16,28884.75,28887.75,28872.0,28882.0,168.0
2026-06-10 05:17,28882.75,28882.75,28870.25,28870.75,87.0
2026-06-10 05:18,28869.5,28872.25,28855.25,28869.5,261.0
2026-06-10 05:19,28867.25,28868.75,28857.75,28860.5,104.0
2026-06-10 05:20,28861.75,28867.25,28855.5,28867.25,159.0
2026-06-10 05:21,28868.0,28876.5,28854.25,28876.5,169.0
2026-06-10 05:22,28874.5,28885.25,28853.75,28867.5,452.0
2026-06-10 05:23,28867.0,28871.75,28853.75,28865.75,130.0
2026-06-10 05:24,28865.75,28875.0,28861.25,28872.25,84.0
2026-06-10 05:25,28871.0,28876.5,28863.0,28865.5,104.0
2026-06-10 05:26,28864.75,28880.75,28864.25,28868.25,126.0
2026-06-10 05:27,28869.0,28898.0,28867.25,28898.0,179.0
2026-06-10 05:28,28899.0,28922.75,28899.0,28922.0,289.0
2026-06-10 05:29,28921.25,28939.5,28907.25,28937.5,287.0
2026-06-10 05:30,28938.0,28944.25,28893.5,28905.75,374.0
2026-06-10 05:31,28904.0,28906.25,28881.5,28892.25,135.0
2026-06-10 05:32,28891.0,28924.5,28890.75,28917.75,175.0
2026-06-10 05:33,28915.5,28927.5,28904.25,28924.5,128.0
2026-06-10 05:34,28923.5,28929.75,28912.0,28914.0,80.0
2026-06-10 05:35,28914.25,28920.0,28903.5,28919.25,96.0
2026-06-10 05:36,28920.5,28920.5,28907.5,28911.5,89.0
2026-06-10 05:37,28915.5,28918.5,28909.5,28912.25,39.0
2026-06-10 05:38,28909.0,28910.25,28903.25,28907.75,32.0
2026-06-10 05:39,28909.0,28930.0,28907.5,28924.0,111.0
2026-06-10 05:40,28925.5,28936.75,28922.25,28933.75,94.0
2026-06-10 05:41,28935.5,28945.0,28926.75,28926.75,210.0
2026-06-10 05:42,28930.0,28935.5,28911.25,28932.75,203.0
2026-06-10 05:43,28929.5,28935.75,28918.75,28920.0,65.0
2026-06-10 05:44,28920.25,28920.25,28905.5,28918.25,70.0
2026-06-10 05:45,28917.25,28926.0,28915.0,28915.0,61.0
2026-06-10 05:46,28913.0,28913.0,28896.5,28903.75,110.0
2026-06-10 05:47,28902.5,28909.5,28898.25,28903.0,66.0
2026-06-10 05:48,28901.0,28908.0,28893.25,28904.0,102.0
2026-06-10 05:49,28901.25,28916.0,28901.25,28912.5,58.0
2026-06-10 05:50,28910.0,28938.75,28907.25,28933.25,253.0
2026-06-10 05:51,28933.0,28936.75,28928.75,28933.0,112.0
2026-06-10 05:52,28932.5,28935.75,28926.75,28935.5,94.0
2026-06-10 05:53,28937.0,28944.5,28927.25,28932.75,173.0
2026-06-10 05:54,28936.25,28946.5,28935.75,28943.25,76.0
2026-06-10 05:55,28944.25,28950.0,28942.0,28945.75,164.0
2026-06-10 05:56,28946.25,28960.25,28942.0,28954.25,171.0
2026-06-10 05:57,28956.0,28968.0,28946.5,28947.0,183.0
2026-06-10 05:58,28946.5,28946.5,28932.5,28938.75,192.0
2026-06-10 05:59,28937.5,28947.25,28936.25,28943.25,104.0
2026-06-10 06:00,28945.0,28951.0,28935.75,28939.5,146.0
2026-06-10 06:01,28942.25,28961.0,28942.25,28948.25,223.0
2026-06-10 06:02,28952.75,28955.0,28940.5,28944.75,167.0
2026-06-10 06:03,28948.0,28955.25,28947.25,28952.75,85.0
2026-06-10 06:04,28955.0,28971.0,28955.0,28966.0,166.0
2026-06-10 06:05,28966.5,28974.5,28961.0,28971.0,119.0
2026-06-10 06:06,28970.0,28980.0,28965.75,28972.75,169.0
2026-06-10 06:07,28971.5,28998.0,28971.5,28990.0,233.0
2026-06-10 06:08,28991.75,28995.25,28986.0,28990.0,196.0
2026-06-10 06:09,28989.5,28997.0,28978.75,28980.0,196.0
2026-06-10 06:10,28976.0,28977.0,28961.25,28965.5,193.0
2026-06-10 06:11,28964.0,28976.0,28964.0,28975.0,79.0
2026-06-10 06:12,28974.0,28975.75,28966.75,28974.5,61.0
2026-06-10 06:13,28976.75,28982.0,28973.0,28981.25,91.0
2026-06-10 06:14,28980.25,28981.25,28972.25,28977.25,75.0
2026-06-10 06:15,28975.0,28983.0,28972.5,28980.5,66.0
2026-06-10 06:16,28981.0,28990.25,28981.0,28985.75,120.0
2026-06-10 06:17,28986.5,28994.5,28982.25,28992.5,110.0
2026-06-10 06:18,28993.5,28995.75,28990.0,28994.5,82.0
2026-06-10 06:19,28994.0,29001.25,28990.5,28998.25,240.0
2026-06-10 06:20,28999.5,29000.25,28983.75,28985.75,151.0
2026-06-10 06:21,28987.25,28993.75,28979.0,28981.25,119.0
2026-06-10 06:22,28981.5,28983.25,28969.25,28974.75,140.0
2026-06-10 06:23,28974.75,28982.5,28971.75,28978.5,83.0
2026-06-10 06:24,28978.0,28978.0,28953.0,28957.0,201.0
2026-06-10 06:25,28956.25,28965.0,28952.25,28961.5,119.0
2026-06-10 06:26,28964.75,28984.5,28964.25,28978.0,246.0
2026-06-10 06:27,28978.75,28980.0,28968.25,28970.75,71.0
2026-06-10 06:28,28971.75,28986.5,28971.75,28981.5,72.0
2026-06-10 06:29,28981.5,28987.5,28974.5,28983.25,85.0
2026-06-10 06:30,28981.75,29001.25,28980.5,28996.0,302.0
2026-06-10 06:31,28996.5,28996.5,28968.5,28974.25,216.0
2026-06-10 06:32,28974.75,28983.75,28969.75,28982.5,127.0
2026-06-10 06:33,28982.5,28982.5,28967.5,28971.5,119.0
2026-06-10 06:34,28973.0,28986.75,28973.0,28975.75,150.0
2026-06-10 06:35,28976.25,28977.0,28962.25,28969.25,250.0
2026-06-10 06:36,28968.5,28986.75,28968.0,28984.5,70.0
2026-06-10 06:37,28986.0,28997.5,28985.25,28997.5,165.0
2026-06-10 06:38,28998.25,29014.0,28998.25,29010.75,246.0
2026-06-10 06:39,29010.25,29012.25,28988.0,28992.25,278.0
2026-06-10 06:40,28992.0,28992.5,28980.75,28980.75,160.0
2026-06-10 06:41,28981.75,28991.0,28975.75,28989.75,175.0
2026-06-10 06:42,28989.25,28996.5,28987.5,28991.0,72.0
2026-06-10 06:43,28990.5,28993.25,28978.75,28984.75,126.0
2026-06-10 06:44,28986.25,28990.75,28986.0,28989.5,30.0
2026-06-10 06:45,28985.0,28987.5,28976.25,28987.25,160.0
2026-06-10 06:46,28988.0,28989.25,28984.25,28985.75,25.0
2026-06-10 06:47,28986.0,28987.0,28978.75,28986.0,51.0
2026-06-10 06:48,28986.75,28987.25,28980.25,28980.25,44.0
2026-06-10 06:49,28981.25,28987.25,28981.25,28982.0,62.0
2026-06-10 06:50,28980.75,28980.75,28966.5,28968.25,86.0
2026-06-10 06:51,28968.25,28986.75,28966.0,28983.0,144.0
2026-06-10 06:52,28983.0,28988.25,28971.0,28972.0,123.0
2026-06-10 06:53,28972.75,28978.0,28972.75,28974.25,63.0
2026-06-10 06:54,28976.25,28979.75,28971.5,28978.0,66.0
2026-06-10 06:55,28975.0,28979.25,28972.75,28974.75,43.0
2026-06-10 06:56,28972.75,28972.75,28966.75,28967.5,41.0
2026-06-10 06:57,28969.25,28969.5,28961.5,28965.75,38.0
2026-06-10 06:58,28964.5,28967.5,28959.25,28966.0,161.0
2026-06-10 06:59,28966.0,28971.5,28960.75,28968.5,102.0
2026-06-10 07:00,28969.0,28981.0,28964.0,28974.75,154.0
2026-06-10 07:01,28974.75,28979.75,28970.0,28973.0,67.0
2026-06-10 07:02,28972.25,28978.0,28969.5,28973.5,50.0
2026-06-10 07:03,28974.25,28974.5,28961.75,28966.75,108.0
2026-06-10 07:04,28967.5,28973.0,28955.75,28957.75,185.0
2026-06-10 07:05,28956.0,28964.25,28955.0,28960.25,166.0
2026-06-10 07:06,28959.5,28960.0,28942.5,28952.0,237.0
2026-06-10 07:07,28951.0,28970.75,28947.25,28962.75,227.0
2026-06-10 07:08,28963.5,28972.75,28959.75,28971.0,86.0
2026-06-10 07:09,28970.5,28978.25,28969.5,28976.25,81.0
2026-06-10 07:10,28976.5,29000.0,28975.5,28996.25,156.0
2026-06-10 07:11,28999.0,29001.0,28981.0,28986.5,156.0
2026-06-10 07:12,28987.25,28987.5,28968.25,28973.0,131.0
2026-06-10 07:13,28973.0,28973.75,28960.75,28962.0,98.0
2026-06-10 07:14,28966.5,28989.5,28966.5,28981.25,97.0
2026-06-10 07:15,28980.75,28993.0,28976.75,28992.75,79.0
2026-06-10 07:16,28994.0,28994.25,28986.0,28987.25,75.0
2026-06-10 07:17,28988.5,28988.5,28974.75,28975.25,98.0
2026-06-10 07:18,28974.0,28974.0,28963.0,28965.25,96.0
2026-06-10 07:19,28964.75,28969.0,28952.75,28954.5,112.0
2026-06-10 07:20,28959.25,28960.25,28944.0,28946.5,124.0
2026-06-10 07:21,28946.0,28957.5,28938.0,28955.75,151.0
2026-06-10 07:22,28957.75,28968.25,28953.75,28960.75,128.0
2026-06-10 07:23,28960.5,28971.0,28958.0,28963.5,112.0
2026-06-10 07:24,28964.0,28965.25,28950.5,28952.75,72.0
2026-06-10 07:25,28952.75,28952.75,28932.25,28937.0,99.0
2026-06-10 07:26,28936.0,28946.5,28929.25,28945.25,139.0
2026-06-10 07:27,28947.0,28948.5,28934.5,28942.75,96.0
2026-06-10 07:28,28941.5,28948.5,28934.75,28946.25,95.0
2026-06-10 07:29,28947.5,28947.5,28934.75,28942.5,64.0
2026-06-10 07:30,28943.0,28945.75,28930.25,28943.25,112.0
2026-06-10 07:31,28944.5,28956.0,28944.5,28953.5,99.0
2026-06-10 07:32,28955.75,28961.0,28950.0,28955.0,111.0
2026-06-10 07:33,28951.0,28953.0,28942.75,28949.0,66.0
2026-06-10 07:34,28949.25,28982.0,28949.25,28977.5,227.0
2026-06-10 07:35,28979.0,28984.5,28966.5,28972.75,119.0
2026-06-10 07:36,28971.75,28975.5,28964.5,28967.0,66.0
2026-06-10 07:37,28968.0,28981.25,28963.75,28977.5,64.0
2026-06-10 07:38,28975.75,28976.75,28953.75,28957.75,115.0
2026-06-10 07:39,28957.5,28961.0,28951.5,28953.25,50.0
2026-06-10 07:40,28957.0,28957.5,28951.0,28953.0,41.0
2026-06-10 07:41,28955.75,28961.0,28941.75,28943.25,90.0
2026-06-10 07:42,28944.5,28949.75,28940.0,28947.5,41.0
2026-06-10 07:43,28944.5,28946.75,28936.5,28937.75,69.0
2026-06-10 07:44,28938.25,28950.0,28938.25,28947.25,65.0
2026-06-10 07:45,28946.25,28948.0,28937.75,28943.0,47.0
2026-06-10 07:46,28943.75,28943.75,28926.25,28934.0,133.0
2026-06-10 07:47,28933.75,28962.5,28931.75,28962.5,181.0
2026-06-10 07:48,28962.25,28966.25,28949.25,28957.5,149.0
2026-06-10 07:49,28957.75,28958.25,28942.25,28950.25,110.0
2026-06-10 07:50,28949.75,28953.0,28935.0,28941.25,98.0
2026-06-10 07:51,28939.25,28957.75,28935.5,28956.0,165.0
2026-06-10 07:52,28954.75,28954.75,28942.25,28950.75,91.0
2026-06-10 07:53,28950.5,28950.75,28936.75,28946.75,158.0
2026-06-10 07:54,28946.0,28950.75,28938.25,28950.0,116.0
2026-06-10 07:55,28948.5,28963.75,28946.25,28963.75,118.0
2026-06-10 07:56,28964.25,28966.25,28956.25,28958.75,116.0
2026-06-10 07:57,28960.0,28970.5,28957.25,28965.75,133.0
2026-06-10 07:58,28965.5,28973.0,28964.0,28964.0,71.0
2026-06-10 07:59,28965.75,28968.0,28960.5,28964.25,166.0
2026-06-10 08:00,28964.25,28965.0,28929.75,28931.25,223.0
2026-06-10 08:01,28931.25,28943.25,28922.0,28923.25,226.0
2026-06-10 08:02,28923.0,28926.0,28887.75,28891.25,347.0
2026-06-10 08:03,28890.75,28895.0,28873.25,28885.0,258.0
2026-06-10 08:04,28885.5,28909.5,28882.25,28906.75,356.0
2026-06-10 08:05,28907.0,28913.5,28891.0,28903.5,199.0
2026-06-10 08:06,28904.75,28911.25,28891.5,28899.75,155.0
2026-06-10 08:07,28900.5,28930.0,28900.0,28923.75,219.0
2026-06-10 08:08,28925.25,28931.0,28917.25,28921.0,140.0
2026-06-10 08:09,28920.75,28922.5,28909.0,28921.0,107.0
2026-06-10 08:10,28922.5,28938.0,28921.25,28934.75,138.0
2026-06-10 08:11,28933.75,28939.0,28927.5,28930.75,148.0
2026-06-10 08:12,28931.25,28931.25,28897.0,28898.0,327.0
2026-06-10 08:13,28899.5,28900.5,28888.75,28892.0,127.0
2026-06-10 08:14,28891.25,28892.5,28875.75,28876.25,270.0
2026-06-10 08:15,28876.25,28891.0,28876.25,28885.0,205.0
2026-06-10 08:16,28884.5,28891.5,28878.75,28881.0,175.0
2026-06-10 08:17,28881.75,28881.75,28868.25,28876.25,226.0
2026-06-10 08:18,28880.25,28890.0,28879.25,28880.5,99.0
2026-06-10 08:19,28879.0,28894.75,28866.5,28870.25,187.0
2026-06-10 08:20,28869.25,28872.25,28860.25,28864.0,245.0
2026-06-10 08:21,28862.75,28875.5,28856.0,28871.75,285.0
2026-06-10 08:22,28872.5,28884.25,28869.25,28877.5,131.0
2026-06-10 08:23,28875.75,28885.75,28869.0,28885.5,110.0
2026-06-10 08:24,28886.0,28894.0,28860.0,28875.0,467.0
2026-06-10 08:25,28876.25,28887.5,28869.5,28873.25,121.0
2026-06-10 08:26,28872.0,28880.25,28856.25,28858.25,223.0
2026-06-10 08:27,28859.5,28863.75,28842.25,28846.0,348.0
2026-06-10 08:28,28848.0,28858.25,28844.75,28854.75,210.0
2026-06-10 08:29,28853.5,28863.0,28852.5,28861.0,177.0
2026-06-10 08:30,28861.0,28869.0,28851.5,28857.5,168.0
2026-06-10 08:31,28856.0,28866.5,28852.0,28863.25,217.0
2026-06-10 08:32,28862.75,28871.0,28856.5,28868.75,223.0
2026-06-10 08:33,28870.0,28870.75,28857.0,28859.75,120.0
2026-06-10 08:34,28862.0,28863.5,28845.25,28848.5,115.0
2026-06-10 08:35,28847.0,28861.75,28845.0,28860.0,118.0
2026-06-10 08:36,28861.0,28888.0,28860.0,28875.0,170.0
2026-06-10 08:37,28872.5,28880.5,28868.5,28875.5,132.0
2026-06-10 08:38,28874.75,28884.75,28867.5,28867.5,147.0
2026-06-10 08:39,28866.0,28869.25,28850.25,28858.5,154.0
2026-06-10 08:40,28857.0,28857.0,28848.5,28850.0,97.0
2026-06-10 08:41,28851.75,28851.75,28837.0,28846.0,196.0
2026-06-10 08:42,28845.25,28845.5,28817.25,28818.0,302.0
2026-06-10 08:43,28819.75,28822.5,28788.25,28806.75,560.0
2026-06-10 08:44,28806.0,28806.0,28768.25,28776.25,493.0
2026-06-10 08:45,28774.5,28780.75,28764.25,28776.75,457.0
2026-06-10 08:46,28778.5,28787.0,28760.75,28767.25,299.0
2026-06-10 08:47,28768.75,28768.75,28746.25,28747.5,504.0
2026-06-10 08:48,28749.25,28763.0,28742.25,28754.75,398.0
2026-06-10 08:49,28755.25,28777.5,28749.25,28776.75,359.0
2026-06-10 08:50,28776.25,28798.0,28773.25,28795.0,370.0
2026-06-10 08:51,28794.5,28819.75,28794.5,28799.0,362.0
2026-06-10 08:52,28799.5,28807.5,28792.25,28807.0,131.0
2026-06-10 08:53,28806.75,28806.75,28790.5,28796.0,456.0
2026-06-10 08:54,28798.0,28799.25,28772.75,28772.75,246.0
2026-06-10 08:55,28773.75,28777.75,28764.0,28771.25,186.0
2026-06-10 08:56,28769.75,28779.25,28765.25,28774.5,168.0
2026-06-10 08:57,28773.5,28776.0,28762.0,28766.0,174.0
2026-06-10 08:58,28763.0,28763.0,28748.5,28750.0,98.0
2026-06-10 08:59,28749.75,28764.25,28747.5,28762.0,181.0
2026-06-10 09:00,28763.5,28768.25,28750.25,28751.75,167.0
2026-06-10 09:01,28752.75,28759.75,28748.5,28758.25,172.0
2026-06-10 09:02,28758.5,28762.75,28745.75,28759.25,144.0
2026-06-10 09:03,28758.25,28774.0,28752.75,28757.0,250.0
2026-06-10 09:04,28757.5,28763.0,28749.25,28761.5,225.0
2026-06-10 09:05,28761.0,28787.0,28760.75,28782.25,322.0
2026-06-10 09:06,28780.0,28788.75,28762.0,28772.0,278.0
2026-06-10 09:07,28772.75,28785.75,28768.5,28779.0,110.0
2026-06-10 09:08,28779.25,28781.0,28758.25,28758.75,162.0
2026-06-10 09:09,28759.0,28769.75,28755.25,28757.25,135.0
2026-06-10 09:10,28755.0,28797.0,28752.0,28779.25,426.0
2026-06-10 09:11,28779.0,28779.0,28733.25,28747.25,347.0
2026-06-10 09:12,28745.25,28749.75,28722.0,28723.25,403.0
2026-06-10 09:13,28721.75,28734.25,28720.0,28721.75,341.0
2026-06-10 09:14,28722.75,28726.75,28709.5,28710.75,278.0
2026-06-10 09:15,28709.75,28715.75,28684.0,28698.0,648.0
2026-06-10 09:16,28697.5,28709.75,28684.5,28704.75,475.0
2026-06-10 09:17,28703.5,28732.75,28701.75,28727.75,393.0
2026-06-10 09:18,28726.25,28737.75,28721.75,28721.75,262.0
2026-06-10 09:19,28722.75,28724.75,28707.5,28710.0,326.0
2026-06-10 09:20,28711.25,28714.0,28692.0,28712.75,317.0
2026-06-10 09:21,28713.75,28720.0,28692.25,28692.25,221.0
2026-06-10 09:22,28692.5,28710.75,28689.25,28703.75,182.0
2026-06-10 09:23,28703.25,28714.0,28699.25,28709.25,133.0
2026-06-10 09:24,28709.0,28725.0,28705.0,28723.25,114.0
2026-06-10 09:25,28722.25,28755.0,28719.25,28753.5,389.0
2026-06-10 09:26,28752.75,28763.0,28748.5,28763.0,213.0
2026-06-10 09:27,28760.75,28769.0,28753.75,28757.5,196.0
2026-06-10 09:28,28758.0,28770.0,28753.75,28767.5,145.0
2026-06-10 09:29,28768.25,28783.5,28765.25,28778.25,221.0
2026-06-10 09:30,28776.75,28786.25,28763.25,28783.25,279.0
2026-06-10 09:31,28783.25,28785.0,28770.5,28770.5,175.0
2026-06-10 09:32,28773.75,28782.25,28767.0,28779.5,99.0
2026-06-10 09:33,28780.0,28787.0,28774.0,28774.75,121.0
2026-06-10 09:34,28775.75,28784.5,28775.25,28779.0,114.0
2026-06-10 09:35,28780.25,28794.75,28774.25,28791.0,190.0
2026-06-10 09:36,28793.5,28801.5,28788.0,28791.0,182.0
2026-06-10 09:37,28792.0,28792.75,28781.0,28788.5,90.0
2026-06-10 09:38,28788.0,28830.0,28788.0,28810.0,385.0
2026-06-10 09:39,28813.75,28816.0,28787.5,28789.75,283.0
2026-06-10 09:40,28790.25,28792.25,28758.75,28768.0,352.0
2026-06-10 09:41,28766.75,28768.5,28757.5,28758.75,257.0
2026-06-10 09:42,28759.5,28763.75,28744.0,28744.75,277.0
2026-06-10 09:43,28745.25,28757.0,28742.0,28755.25,189.0
2026-06-10 09:44,28757.25,28769.5,28756.75,28762.75,217.0
2026-06-10 09:45,28763.5,28779.0,28759.75,28776.5,103.0
2026-06-10 09:46,28776.25,28777.0,28746.5,28746.5,136.0
2026-06-10 09:47,28748.5,28757.75,28748.0,28754.0,108.0
2026-06-10 09:48,28754.25,28754.5,28739.25,28751.75,152.0
2026-06-10 09:49,28749.75,28761.75,28748.0,28759.5,105.0
2026-06-10 09:50,28760.25,28765.0,28744.5,28762.75,148.0
2026-06-10 09:51,28761.0,28772.5,28754.5,28770.5,98.0
2026-06-10 09:52,28771.0,28778.75,28753.75,28753.75,255.0
2026-06-10 09:53,28755.0,28760.25,28739.25,28740.75,219.0
2026-06-10 09:54,28740.5,28771.75,28735.0,28768.75,269.0
2026-06-10 09:55,28769.0,28777.75,28766.5,28773.75,72.0
2026-06-10 09:56,28773.75,28786.0,28773.25,28784.0,127.0
2026-06-10 09:57,28786.25,28788.25,28767.0,28768.0,105.0
2026-06-10 09:58,28768.75,28778.5,28768.75,28776.0,69.0
2026-06-10 09:59,28773.25,28780.0,28768.5,28777.75,67.0
2026-06-10 10:00,28779.5,28781.75,28764.0,28769.5,341.0
2026-06-10 10:01,28768.75,28769.25,28749.75,28765.0,150.0
2026-06-10 10:02,28764.75,28773.25,28759.0,28769.75,122.0
2026-06-10 10:03,28767.75,28767.75,28756.25,28763.25,82.0
2026-06-10 10:04,28767.0,28775.0,28767.0,28768.75,44.0
2026-06-10 10:05,28766.75,28770.0,28740.0,28750.5,162.0
2026-06-10 10:06,28752.5,28756.75,28745.0,28745.0,121.0
2026-06-10 10:07,28745.75,28754.25,28745.0,28747.75,68.0
2026-06-10 10:08,28746.75,28765.75,28746.75,28765.75,210.0
2026-06-10 10:09,28765.25,28786.0,28764.25,28778.75,216.0
2026-06-10 10:10,28779.75,28780.25,28753.75,28758.75,203.0
2026-06-10 10:11,28756.75,28766.25,28753.75,28762.0,81.0
2026-06-10 10:12,28759.25,28765.0,28754.0,28761.75,79.0
2026-06-10 10:13,28764.5,28774.0,28759.75,28770.25,105.0
2026-06-10 10:14,28769.5,28770.5,28761.25,28762.75,88.0
2026-06-10 10:15,28763.0,28765.5,28745.25,28746.75,115.0
2026-06-10 10:16,28745.0,28755.5,28740.0,28740.0,158.0
2026-06-10 10:17,28740.0,28744.5,28727.5,28729.75,341.0
2026-06-10 10:18,28731.5,28734.5,28716.25,28717.5,230.0
2026-06-10 10:19,28717.75,28730.75,28710.0,28725.75,456.0
2026-06-10 10:20,28722.0,28722.0,28702.0,28706.25,313.0
2026-06-10 10:21,28707.25,28742.5,28699.25,28740.0,409.0
2026-06-10 10:22,28740.0,28750.5,28738.5,28741.5,149.0
2026-06-10 10:23,28743.75,28746.0,28736.5,28744.0,79.0
2026-06-10 10:24,28743.5,28762.75,28741.0,28749.25,215.0
2026-06-10 10:25,28747.75,28759.75,28745.25,28757.25,210.0
2026-06-10 10:26,28755.75,28756.0,28740.0,28747.0,100.0
2026-06-10 10:27,28746.5,28758.5,28741.0,28752.25,162.0
2026-06-10 10:28,28753.5,28771.0,28747.25,28764.5,274.0
2026-06-10 10:29,28767.75,28772.25,28762.25,28766.75,110.0
2026-06-10 10:30,28765.75,28809.0,28760.25,28799.75,630.0
2026-06-10 10:31,28801.5,28808.0,28793.75,28807.25,160.0
2026-06-10 10:32,28804.25,28806.25,28791.75,28794.25,228.0
2026-06-10 10:33,28793.5,28800.5,28789.5,28795.25,111.0
2026-06-10 10:34,28794.0,28794.5,28776.0,28777.75,107.0
2026-06-10 10:35,28776.25,28780.75,28766.75,28773.5,98.0
2026-06-10 10:36,28778.25,28791.75,28778.0,28791.75,97.0
2026-06-10 10:37,28790.75,28803.0,28779.5,28801.0,150.0
2026-06-10 10:38,28798.5,28800.5,28792.25,28796.5,71.0
2026-06-10 10:39,28797.75,28808.25,28793.75,28796.0,111.0
2026-06-10 10:40,28798.25,28802.25,28789.75,28794.0,76.0
2026-06-10 10:41,28794.25,28812.25,28792.25,28808.75,97.0
2026-06-10 10:42,28807.75,28819.25,28807.5,28817.75,112.0
2026-06-10 10:43,28818.25,28827.0,28815.5,28818.25,184.0
2026-06-10 10:44,28816.75,28823.5,28812.0,28823.5,64.0
2026-06-10 10:45,28824.5,28833.0,28817.0,28825.0,125.0
2026-06-10 10:46,28826.5,28832.25,28825.0,28829.5,94.0
2026-06-10 10:47,28830.75,28835.5,28815.75,28816.75,97.0
2026-06-10 10:48,28817.25,28823.0,28811.75,28812.5,139.0
2026-06-10 10:49,28814.75,28819.0,28805.25,28810.25,160.0
2026-06-10 10:50,28811.0,28811.25,28793.5,28795.25,171.0
2026-06-10 10:51,28794.25,28805.5,28788.75,28805.5,161.0
2026-06-10 10:52,28802.0,28802.5,28783.25,28783.5,159.0
2026-06-10 10:53,28781.75,28791.5,28780.25,28786.5,174.0
2026-06-10 10:54,28786.0,28792.0,28783.5,28785.0,92.0
2026-06-10 10:55,28785.75,28795.25,28776.5,28793.25,112.0
2026-06-10 10:56,28790.75,28820.0,28790.75,28812.5,333.0
2026-06-10 10:57,28813.25,28844.0,28804.25,28819.75,493.0
2026-06-10 10:58,28819.75,28830.25,28814.75,28821.0,371.0
2026-06-10 10:59,28819.25,28829.25,28816.75,28827.5,154.0
2026-06-10 11:00,28831.5,28834.5,28811.0,28819.0,284.0
2026-06-10 11:01,28820.75,28830.25,28813.25,28824.75,185.0
2026-06-10 11:02,28823.25,28845.25,28816.75,28833.5,226.0
2026-06-10 11:03,28832.0,28835.5,28735.0,28737.75,1446.0
2026-06-10 11:04,28740.75,28764.0,28701.75,28708.75,1151.0
2026-06-10 11:05,28707.5,28714.75,28653.0,28671.25,1135.0
2026-06-10 11:06,28670.75,28683.75,28638.0,28681.0,1051.0
2026-06-10 11:07,28680.5,28712.25,28672.25,28700.0,562.0
2026-06-10 11:08,28699.0,28729.0,28694.0,28718.0,379.0
2026-06-10 11:09,28717.25,28721.25,28705.25,28714.25,322.0
2026-06-10 11:10,28713.25,28722.0,28695.75,28706.5,508.0
2026-06-10 11:11,28705.0,28746.0,28697.0,28731.75,733.0
2026-06-10 11:12,28732.0,28738.25,28692.75,28696.0,382.0
2026-06-10 11:13,28694.0,28711.75,28692.25,28705.25,232.0
2026-06-10 11:14,28705.0,28740.0,28696.0,28733.5,499.0
2026-06-10 11:15,28736.0,28761.25,28726.25,28751.75,361.0
2026-06-10 11:16,28749.75,28752.5,28728.25,28743.0,205.0
2026-06-10 11:17,28739.0,28748.0,28718.75,28722.25,209.0
2026-06-10 11:18,28720.75,28734.75,28709.25,28710.5,236.0
2026-06-10 11:19,28713.5,28717.5,28698.5,28704.0,178.0
2026-06-10 11:20,28702.0,28716.5,28688.0,28701.25,515.0
2026-06-10 11:21,28700.75,28743.25,28700.25,28730.75,542.0
2026-06-10 11:22,28732.25,28766.0,28725.75,28741.75,334.0
2026-06-10 11:23,28739.75,28758.5,28733.75,28747.0,182.0
2026-06-10 11:24,28744.0,28750.75,28700.0,28709.0,493.0
2026-06-10 11:25,28709.25,28712.0,28625.0,28657.5,1565.0
2026-06-10 11:26,28658.5,28675.5,28643.0,28662.0,468.0
2026-06-10 11:27,28663.5,28673.25,28635.0,28646.5,467.0
2026-06-10 11:28,28645.0,28671.75,28644.75,28662.75,393.0
2026-06-10 11:29,28664.0,28679.75,28651.5,28671.5,338.0
2026-06-10 11:30,28672.0,28684.75,28661.5,28667.25,257.0
2026-06-10 11:31,28668.0,28670.25,28630.25,28636.25,449.0
2026-06-10 11:32,28635.0,28659.25,28622.0,28629.0,474.0
2026-06-10 11:33,28630.0,28663.5,28627.25,28650.5,382.0
2026-06-10 11:34,28650.0,28661.5,28634.25,28659.25,277.0
2026-06-10 11:35,28657.0,28677.0,28642.0,28655.5,403.0
2026-06-10 11:36,28653.5,28663.25,28642.5,28661.0,240.0
2026-06-10 11:37,28659.75,28666.5,28633.5,28647.0,289.0
2026-06-10 11:38,28648.5,28650.25,28621.25,28622.25,361.0
2026-06-10 11:39,28622.75,28629.75,28610.25,28612.75,395.0
2026-06-10 11:40,28610.5,28645.25,28610.0,28639.75,261.0
2026-06-10 11:41,28640.0,28645.25,28624.75,28627.75,237.0
2026-06-10 11:42,28626.75,28638.75,28623.0,28623.0,167.0
2026-06-10 11:43,28623.0,28651.25,28621.75,28645.25,298.0
2026-06-10 11:44,28644.25,28646.75,28631.5,28633.75,160.0
2026-06-10 11:45,28632.0,28634.5,28611.5,28622.5,371.0
2026-06-10 11:46,28622.75,28635.5,28613.75,28635.5,247.0
2026-06-10 11:47,28634.5,28647.75,28632.5,28645.5,232.0
2026-06-10 11:48,28645.5,28655.0,28635.5,28654.0,466.0
2026-06-10 11:49,28652.25,28655.25,28631.5,28639.75,261.0
2026-06-10 11:50,28639.5,28663.25,28638.75,28653.25,260.0
2026-06-10 11:51,28651.5,28686.75,28647.5,28684.0,467.0
2026-06-10 11:52,28684.0,28691.25,28678.25,28685.5,209.0
2026-06-10 11:53,28683.0,28692.5,28668.5,28681.0,208.0
2026-06-10 11:54,28682.25,28686.0,28672.0,28676.25,200.0
2026-06-10 11:55,28677.25,28703.0,28675.75,28691.75,256.0
2026-06-10 11:56,28691.25,28693.25,28660.25,28664.5,171.0
2026-06-10 11:57,28663.0,28681.75,28662.75,28672.25,172.0
2026-06-10 11:58,28672.75,28684.0,28670.5,28674.0,189.0
2026-06-10 11:59,28674.5,28684.75,28673.25,28679.5,118.0
2026-06-10 12:00,28680.75,28685.0,28666.5,28680.0,190.0
2026-06-10 12:01,28680.25,28682.25,28668.5,28672.5,122.0
2026-06-10 12:02,28671.5,28683.0,28668.75,28683.0,201.0
2026-06-10 12:03,28685.0,28691.75,28680.25,28685.25,242.0
2026-06-10 12:04,28683.25,28690.0,28668.75,28679.5,276.0
2026-06-10 12:05,28678.5,28718.75,28678.5,28718.75,375.0
2026-06-10 12:06,28718.0,28718.0,28700.5,28700.75,236.0
2026-06-10 12:07,28700.0,28707.75,28694.75,28696.0,238.0
2026-06-10 12:08,28693.5,28697.0,28680.0,28692.0,223.0
2026-06-10 12:09,28694.0,28705.75,28685.25,28699.75,185.0
2026-06-10 12:10,28699.0,28700.75,28688.0,28689.75,139.0
2026-06-10 12:11,28691.0,28692.0,28677.25,28688.0,213.0
2026-06-10 12:12,28686.5,28700.5,28680.75,28687.25,208.0
2026-06-10 12:13,28687.0,28732.0,28686.25,28720.0,743.0
2026-06-10 12:14,28721.0,28721.5,28690.0,28694.75,359.0
2026-06-10 12:15,28692.0,28729.5,28667.75,28668.0,698.0
2026-06-10 12:16,28671.0,28685.5,28663.75,28676.25,286.0
2026-06-10 12:17,28677.75,28690.5,28668.25,28690.25,251.0
2026-06-10 12:18,28692.5,28694.5,28665.0,28669.75,209.0
2026-06-10 12:19,28669.75,28678.0,28657.75,28666.0,305.0
2026-06-10 12:20,28666.0,28694.0,28666.0,28688.5,247.0
2026-06-10 12:21,28690.0,28711.5,28688.25,28693.25,349.0
2026-06-10 12:22,28695.0,28697.5,28673.0,28675.0,194.0
2026-06-10 12:23,28674.75,28679.0,28665.0,28673.75,327.0
2026-06-10 12:24,28674.5,28696.5,28674.0,28691.25,243.0
2026-06-10 12:25,28692.0,28716.75,28692.0,28713.75,382.0
2026-06-10 12:26,28714.5,28736.75,28713.5,28726.5,380.0
2026-06-10 12:27,28726.25,28729.0,28711.25,28723.5,311.0
2026-06-10 12:28,28724.5,28752.25,28724.0,28748.0,370.0
2026-06-10 12:29,28746.25,28755.0,28738.5,28753.75,478.0
2026-06-10 12:30,28759.25,28939.0,28738.75,28843.25,3467.0
2026-06-10 12:31,28844.0,28889.75,28806.75,28818.5,1874.0
2026-06-10 12:32,28816.75,28898.75,28790.0,28898.75,1655.0
2026-06-10 12:33,28895.75,28990.0,28895.0,28972.5,2157.0
2026-06-10 12:34,28970.5,28992.25,28914.75,28918.75,1454.0
2026-06-10 12:35,28918.5,28930.25,28852.75,28871.75,1842.0
2026-06-10 12:36,28873.75,28924.5,28870.0,28924.5,1350.0
2026-06-10 12:37,28924.75,28946.0,28918.0,28920.25,1074.0
2026-06-10 12:38,28919.25,28943.0,28878.0,28942.0,967.0
2026-06-10 12:39,28940.25,28953.75,28892.25,28894.75,776.0
2026-06-10 12:40,28894.75,28909.0,28878.25,28905.5,906.0
2026-06-10 12:41,28907.25,28952.5,28885.75,28929.75,1083.0
2026-06-10 12:42,28930.5,28950.25,28903.75,28918.0,1038.0
2026-06-10 12:43,28918.0,28936.5,28906.25,28910.25,648.0
2026-06-10 12:44,28911.5,28924.75,28906.5,28918.75,396.0
2026-06-10 12:45,28919.5,28919.75,28892.0,28900.25,493.0
2026-06-10 12:46,28898.5,28947.75,28897.75,28933.75,776.0
2026-06-10 12:47,28934.5,28943.25,28921.5,28922.75,699.0
2026-06-10 12:48,28923.0,28948.0,28913.5,28915.0,941.0
2026-06-10 12:49,28914.25,28944.25,28909.25,28940.75,501.0
2026-06-10 12:50,28942.25,28944.25,28916.5,28923.75,369.0
2026-06-10 12:51,28920.75,28921.0,28900.75,28907.5,511.0
2026-06-10 12:52,28909.25,28916.75,28871.75,28874.5,792.0
2026-06-10 12:53,28875.0,28888.75,28865.0,28876.0,750.0
2026-06-10 12:54,28877.0,28908.0,28877.0,28895.75,756.0
2026-06-10 12:55,28895.75,28897.0,28864.0,28870.75,493.0
2026-06-10 12:56,28871.75,28879.75,28864.25,28871.5,451.0
2026-06-10 12:57,28871.25,28906.75,28870.5,28886.5,673.0
2026-06-10 12:58,28887.75,28887.75,28850.0,28853.25,665.0
2026-06-10 12:59,28853.75,28857.5,28824.5,28832.0,894.0
2026-06-10 13:00,28833.25,28863.75,28824.0,28858.75,1179.0
2026-06-10 13:01,28858.25,28872.5,28847.5,28848.0,732.0
2026-06-10 13:02,28849.0,28860.75,28845.0,28846.5,362.0
2026-06-10 13:03,28845.0,28849.0,28825.5,28837.0,546.0
2026-06-10 13:04,28835.5,28856.0,28828.75,28833.75,514.0
2026-06-10 13:05,28834.25,28846.75,28821.75,28841.75,460.0
2026-06-10 13:06,28842.5,28851.75,28833.75,28847.0,640.0
2026-06-10 13:07,28847.0,28853.5,28833.5,28848.0,406.0
2026-06-10 13:08,28848.0,28861.5,28846.5,28854.0,345.0
2026-06-10 13:09,28855.0,28882.5,28844.0,28877.25,500.0
2026-06-10 13:10,28877.5,28878.25,28861.5,28868.25,526.0
2026-06-10 13:11,28868.25,28877.75,28863.0,28871.5,314.0
2026-06-10 13:12,28871.0,28889.25,28862.5,28878.5,576.0
2026-06-10 13:13,28878.0,28882.75,28873.0,28877.25,218.0
2026-06-10 13:14,28878.0,28879.0,28852.25,28857.0,419.0
2026-06-10 13:15,28855.5,28871.75,28853.75,28866.0,341.0
2026-06-10 13:16,28865.5,28878.75,28859.25,28862.0,241.0
2026-06-10 13:17,28861.75,28867.25,28851.75,28857.5,246.0
2026-06-10 13:18,28855.75,28883.25,28854.5,28882.0,390.0
2026-06-10 13:19,28881.75,28891.75,28868.75,28882.25,388.0
2026-06-10 13:20,28882.0,28885.0,28869.75,28877.0,320.0
2026-06-10 13:21,28875.75,28883.0,28861.25,28867.75,364.0
2026-06-10 13:22,28866.25,28867.75,28852.5,28860.0,336.0
2026-06-10 13:23,28859.5,28865.75,28853.0,28861.25,229.0
2026-06-10 13:24,28861.5,28866.5,28849.25,28860.0,393.0
2026-06-10 13:25,28860.25,28866.75,28847.5,28866.0,472.0
2026-06-10 13:26,28865.5,28872.25,28852.5,28859.25,350.0
2026-06-10 13:27,28859.75,28862.0,28838.75,28842.25,534.0
2026-06-10 13:28,28843.75,28867.0,28841.25,28852.75,884.0
2026-06-10 13:29,28852.25,28871.75,28841.0,28852.25,1021.0
2026-06-10 13:30,28853.0,28953.25,28829.0,28922.25,5952.0
2026-06-10 13:31,28919.75,28927.0,28827.75,28878.5,3302.0
2026-06-10 13:32,28877.25,28912.0,28840.75,28856.0,2035.0
2026-06-10 13:33,28856.5,28881.75,28806.75,28837.0,2528.0
2026-06-10 13:34,28835.25,28841.25,28778.0,28780.25,1957.0
2026-06-10 13:35,28781.0,28901.0,28772.5,28888.25,3793.0
2026-06-10 13:36,28887.75,28927.75,28870.25,28922.75,2542.0
2026-06-10 13:37,28923.75,28963.5,28907.5,28963.0,2316.0
2026-06-10 13:38,28963.0,29022.75,28953.25,29000.75,3259.0
2026-06-10 13:39,29002.0,29002.25,28943.25,28961.75,2521.0
2026-06-10 13:40,28959.5,28962.5,28927.25,28930.0,2115.0
2026-06-10 13:41,28928.75,28950.0,28851.0,28871.5,2408.0
2026-06-10 13:42,28870.75,28966.5,28867.75,28964.0,2383.0
2026-06-10 13:43,28961.75,29045.0,28951.0,29041.75,3112.0
2026-06-10 13:44,29039.25,29092.75,29022.5,29079.5,3401.0
2026-06-10 13:45,29077.5,29092.0,29020.0,29079.0,3651.0
2026-06-10 13:46,29077.5,29086.75,29042.5,29054.0,1836.0
2026-06-10 13:47,29053.0,29106.25,29048.25,29098.25,2294.0
2026-06-10 13:48,29098.0,29162.25,29098.0,29151.5,3868.0
2026-06-10 13:49,29151.5,29163.25,29113.0,29144.0,2993.0
2026-06-10 13:50,29144.0,29145.75,29045.25,29055.0,3179.0
2026-06-10 13:51,29051.5,29077.25,29005.0,29012.5,2562.0
2026-06-10 13:52,29014.0,29042.5,28997.0,29017.0,2047.0
2026-06-10 13:53,29016.75,29047.25,28984.0,28986.75,1809.0
2026-06-10 13:54,28987.0,29047.5,28984.25,29028.5,1516.0
2026-06-10 13:55,29029.5,29048.0,29001.75,29036.25,1859.0
2026-06-10 13:56,29035.0,29084.75,29031.5,29060.25,1636.0
2026-06-10 13:57,29060.5,29094.0,29045.0,29076.5,1488.0
2026-06-10 13:58,29075.0,29088.25,29029.5,29045.75,1492.0
2026-06-10 13:59,29046.0,29054.75,29001.0,29022.0,1830.0
2026-06-10 14:00,29022.0,29046.0,28986.5,28997.75,2382.0
2026-06-10 14:01,28999.0,29030.0,28965.0,29004.5,2007.0
2026-06-10 14:02,29005.75,29070.5,28980.5,29056.5,2525.0
2026-06-10 14:03,29057.0,29119.5,29044.25,29087.0,2272.0
2026-06-10 14:04,29087.0,29091.25,29053.75,29080.75,1493.0
2026-06-10 14:05,29080.25,29082.25,29029.25,29039.0,1449.0
2026-06-10 14:06,29041.5,29104.25,29041.5,29094.5,1536.0
2026-06-10 14:07,29097.75,29100.25,29070.5,29079.5,1101.0
2026-06-10 14:08,29081.5,29109.75,29065.5,29107.5,1196.0
2026-06-10 14:09,29106.0,29151.5,29097.25,29134.75,2793.0
2026-06-10 14:10,29135.75,29145.25,29070.5,29088.5,2108.0
2026-06-10 14:11,29087.5,29141.0,29082.5,29131.25,1651.0
2026-06-10 14:12,29133.25,29166.0,29126.75,29140.5,1698.0
2026-06-10 14:13,29141.0,29146.0,29088.5,29141.75,2372.0
2026-06-10 14:14,29141.25,29152.25,29086.25,29091.5,1436.0
2026-06-10 14:15,29092.5,29103.75,29046.25,29052.75,2374.0
2026-06-10 14:16,29053.0,29137.75,29047.75,29134.75,2839.0
2026-06-10 14:17,29133.0,29133.0,29093.25,29100.0,1315.0
2026-06-10 14:18,29100.0,29108.0,29070.5,29085.75,1324.0
2026-06-10 14:19,29081.0,29113.0,29066.5,29102.75,1146.0
2026-06-10 14:20,29103.5,29124.0,29080.5,29081.5,1132.0
2026-06-10 14:21,29084.5,29117.5,29070.0,29114.25,1007.0
2026-06-10 14:22,29113.0,29133.0,29094.5,29119.5,1429.0
2026-06-10 14:23,29120.5,29174.0,29107.75,29168.25,2559.0
2026-06-10 14:24,29168.75,29219.75,29162.75,29217.75,2594.0
2026-06-10 14:25,29217.5,29231.0,29152.75,29165.5,3515.0
2026-06-10 14:26,29167.75,29187.75,29159.5,29162.75,1131.0
2026-06-10 14:27,29163.75,29207.75,29161.0,29201.0,1441.0
2026-06-10 14:28,29202.25,29203.75,29124.5,29136.0,1985.0
2026-06-10 14:29,29137.75,29183.25,29136.0,29170.75,1385.0
2026-06-10 14:30,29172.0,29190.25,29154.75,29169.0,1484.0
2026-06-10 14:31,29170.0,29170.25,29100.0,29101.25,2377.0
2026-06-10 14:32,29101.75,29163.75,29093.25,29163.75,1747.0
2026-06-10 14:33,29161.25,29201.5,29132.0,29191.75,1553.0
2026-06-10 14:34,29191.5,29249.0,29186.75,29244.75,2135.0
2026-06-10 14:35,29244.25,29250.0,29205.75,29227.25,1747.0
2026-06-10 14:36,29226.5,29227.25,29176.25,29184.25,1302.0
2026-06-10 14:37,29184.75,29198.25,29130.75,29141.25,2286.0
2026-06-10 14:38,29140.5,29157.5,29128.5,29144.0,1237.0
2026-06-10 14:39,29143.75,29171.75,29132.0,29155.75,1455.0
2026-06-10 14:40,29153.25,29185.25,29144.0,29184.5,970.0
2026-06-10 14:41,29185.25,29196.0,29160.75,29187.75,1416.0
2026-06-10 14:42,29190.5,29198.0,29144.0,29147.5,1535.0
2026-06-10 14:43,29146.75,29162.75,29130.25,29137.5,1027.0
2026-06-10 14:44,29136.0,29150.5,29081.5,29082.25,2402.0
2026-06-10 14:45,29083.75,29099.75,29035.0,29065.0,2926.0
2026-06-10 14:46,29064.0,29111.75,29055.25,29108.0,1633.0
2026-06-10 14:47,29107.5,29125.0,29068.5,29074.75,1480.0
2026-06-10 14:48,29077.0,29077.0,29035.75,29038.75,1644.0
2026-06-10 14:49,29036.25,29050.5,29007.5,29038.75,2066.0
2026-06-10 14:50,29040.25,29096.5,29031.0,29079.75,1968.0
2026-06-10 14:51,29081.0,29106.0,29034.0,29055.0,1917.0
2026-06-10 14:52,29053.25,29054.75,29005.0,29027.75,1677.0
2026-06-10 14:53,29027.5,29061.5,29021.25,29027.0,1202.0
2026-06-10 14:54,29028.0,29070.0,29018.75,29028.5,1300.0
2026-06-10 14:55,29027.5,29047.5,28937.0,28938.75,2679.0
2026-06-10 14:56,28938.5,28962.25,28913.25,28939.25,2390.0
2026-06-10 14:57,28938.0,28939.25,28864.25,28868.25,2714.0
2026-06-10 14:58,28867.5,28900.0,28856.0,28876.5,2086.0
2026-06-10 14:59,28877.5,28923.0,28870.5,28900.25,2037.0
2026-06-10 15:00,28901.25,28908.25,28831.5,28856.25,3084.0
2026-06-10 15:01,28855.75,28975.0,28852.0,28970.0,2631.0
2026-06-10 15:02,28970.5,28979.0,28938.0,28961.5,1494.0
2026-06-10 15:03,28959.75,28985.75,28938.5,28942.75,1400.0
2026-06-10 15:04,28943.25,28952.75,28884.5,28900.75,1397.0
2026-06-10 15:05,28900.5,28910.5,28878.25,28884.0,1375.0
2026-06-10 15:06,28884.25,28902.5,28849.75,28852.0,1235.0
2026-06-10 15:07,28852.0,28871.0,28835.5,28857.25,1291.0
2026-06-10 15:08,28857.5,28875.75,28820.0,28834.75,1757.0
2026-06-10 15:09,28832.75,28848.0,28817.0,28826.0,1267.0
2026-06-10 15:10,28824.75,28840.75,28789.25,28796.0,2035.0
2026-06-10 15:11,28794.0,28800.5,28761.75,28775.75,1930.0
2026-06-10 15:12,28778.25,28778.5,28745.75,28751.75,2038.0
2026-06-10 15:13,28753.0,28822.0,28747.0,28800.75,2229.0
2026-06-10 15:14,28801.5,28807.25,28745.0,28748.75,1728.0
2026-06-10 15:15,28749.75,28752.25,28698.0,28704.75,2223.0
2026-06-10 15:16,28706.5,28762.75,28695.0,28751.0,2204.0
2026-06-10 15:17,28751.0,28753.0,28707.75,28712.0,1487.0
2026-06-10 15:18,28713.25,28713.25,28663.5,28684.25,2027.0
2026-06-10 15:19,28684.5,28748.0,28682.5,28727.25,2200.0
2026-06-10 15:20,28726.5,28768.25,28716.0,28759.5,2337.0
2026-06-10 15:21,28757.75,28792.0,28750.75,28784.5,2093.0
2026-06-10 15:22,28782.25,28805.0,28760.75,28795.0,1684.0
2026-06-10 15:23,28795.75,28847.25,28787.0,28842.0,2037.0
2026-06-10 15:24,28843.25,28865.5,28820.0,28832.75,1769.0
2026-06-10 15:25,28831.5,28877.75,28812.75,28868.5,1963.0
2026-06-10 15:26,28870.25,28872.75,28819.75,28832.5,1489.0
2026-06-10 15:27,28832.5,28836.75,28803.0,28823.25,1431.0
2026-06-10 15:28,28824.0,28859.75,28808.5,28835.0,1434.0
2026-06-10 15:29,28834.25,28845.75,28790.0,28790.5,1533.0
2026-06-10 15:30,28790.75,28839.5,28778.0,28828.0,1965.0
2026-06-10 15:31,28830.5,28854.75,28800.0,28810.0,1212.0
2026-06-10 15:32,28810.75,28814.25,28783.25,28803.75,1071.0
2026-06-10 15:33,28803.5,28805.0,28751.0,28757.5,1174.0
2026-06-10 15:34,28755.5,28802.75,28742.0,28771.75,1538.0
2026-06-10 15:35,28773.75,28799.5,28752.5,28754.25,1000.0
2026-06-10 15:36,28754.5,28810.75,28750.0,28807.25,1258.0
2026-06-10 15:37,28806.25,28809.25,28759.0,28764.0,1106.0
2026-06-10 15:38,28765.5,28782.25,28734.75,28735.0,1005.0
2026-06-10 15:39,28736.5,28780.0,28721.0,28768.0,2006.0
2026-06-10 15:40,28765.25,28800.0,28742.25,28770.5,1098.0
2026-06-10 15:41,28770.5,28839.5,28770.25,28830.75,1371.0
2026-06-10 15:42,28831.75,28839.75,28779.0,28782.75,1175.0
2026-06-10 15:43,28781.75,28832.5,28780.75,28824.25,1001.0
2026-06-10 15:44,28824.0,28875.0,28823.25,28854.0,1882.0
2026-06-10 15:45,28854.75,28874.0,28822.5,28859.25,1602.0
2026-06-10 15:46,28857.5,28873.5,28839.0,28859.5,1375.0
2026-06-10 15:47,28858.25,28874.5,28768.0,28768.0,3614.0
2026-06-10 15:48,28769.0,28782.25,28668.5,28670.0,4321.0
2026-06-10 15:49,28672.25,28741.25,28666.25,28711.5,2403.0
2026-06-10 15:50,28710.0,28757.0,28670.5,28671.0,2368.0
2026-06-10 15:51,28672.5,28702.5,28631.75,28638.0,2062.0
2026-06-10 15:52,28635.25,28689.0,28627.0,28685.0,1525.0
2026-06-10 15:53,28685.25,28758.0,28675.25,28748.5,1953.0
2026-06-10 15:54,28747.0,28826.0,28738.25,28784.25,2033.0
2026-06-10 15:55,28784.5,28787.25,28742.0,28746.25,1632.0
2026-06-10 15:56,28747.5,28784.0,28735.5,28774.0,1131.0
2026-06-10 15:57,28777.0,28853.5,28775.75,28848.5,1729.0
2026-06-10 15:58,28849.75,28861.75,28823.0,28847.5,1093.0
2026-06-10 15:59,28850.0,28870.0,28842.25,28855.25,988.0
2026-06-10 16:00,28855.25,28896.5,28845.0,28865.0,1349.0
2026-06-10 16:01,28864.25,28865.75,28802.25,28802.25,1544.0
2026-06-10 16:02,28804.25,28844.75,28800.75,28809.0,909.0
2026-06-10 16:03,28807.25,28832.0,28799.0,28822.25,889.0
2026-06-10 16:04,28821.25,28847.5,28810.25,28831.25,789.0
2026-06-10 16:05,28829.25,28844.25,28808.25,28810.75,739.0
2026-06-10 16:06,28806.75,28837.25,28805.0,28833.75,793.0
2026-06-10 16:07,28832.0,28854.5,28825.5,28831.0,753.0
2026-06-10 16:08,28830.0,28838.25,28779.75,28784.25,950.0
2026-06-10 16:09,28779.5,28785.75,28759.5,28780.75,869.0
2026-06-10 16:10,28776.25,28783.0,28731.0,28733.75,878.0
2026-06-10 16:11,28734.5,28751.0,28716.75,28735.75,1132.0
2026-06-10 16:12,28737.5,28761.75,28723.25,28734.0,598.0
2026-06-10 16:13,28734.0,28755.5,28730.5,28747.5,513.0
2026-06-10 16:14,28745.75,28759.0,28711.75,28728.75,847.0
2026-06-10 16:15,28726.75,28740.25,28719.25,28728.0,574.0
2026-06-10 16:16,28724.0,28773.0,28720.5,28748.5,932.0
2026-06-10 16:17,28748.75,28764.0,28711.5,28721.0,863.0
2026-06-10 16:18,28722.5,28734.75,28711.75,28717.25,588.0
2026-06-10 16:19,28717.25,28750.25,28714.25,28743.0,610.0
2026-06-10 16:20,28745.0,28757.25,28729.0,28730.25,785.0
2026-06-10 16:21,28731.5,28750.25,28703.0,28745.25,886.0
2026-06-10 16:22,28747.0,28755.5,28725.5,28731.5,511.0
2026-06-10 16:23,28731.25,28762.0,28724.25,28756.75,595.0
2026-06-10 16:24,28756.5,28764.25,28708.5,28710.5,692.0
2026-06-10 16:25,28711.25,28735.0,28705.75,28727.75,497.0
2026-06-10 16:26,28725.25,28760.5,28720.0,28750.25,461.0
2026-06-10 16:27,28751.5,28763.0,28719.5,28726.0,576.0
2026-06-10 16:28,28725.75,28751.5,28721.25,28726.25,338.0
2026-06-10 16:29,28725.25,28748.5,28721.0,28742.25,354.0
2026-06-10 16:30,28742.25,28743.75,28715.75,28722.25,565.0
2026-06-10 16:31,28720.0,28733.0,28712.5,28724.5,345.0
2026-06-10 16:32,28724.25,28742.0,28704.0,28727.25,716.0
2026-06-10 16:33,28728.25,28745.75,28723.25,28725.0,447.0
2026-06-10 16:34,28725.5,28807.0,28722.75,28804.25,1363.0
2026-06-10 16:35,28805.0,28815.25,28768.0,28785.5,1167.0
2026-06-10 16:36,28786.0,28807.0,28769.0,28805.0,962.0
2026-06-10 16:37,28805.75,28851.75,28798.5,28836.75,1356.0
2026-06-10 16:38,28837.0,28848.0,28819.0,28837.0,816.0
2026-06-10 16:39,28835.0,28835.0,28797.25,28828.5,872.0
2026-06-10 16:40,28828.0,28846.0,28816.5,28816.5,624.0
2026-06-10 16:41,28818.5,28830.75,28782.0,28787.25,854.0
2026-06-10 16:42,28785.25,28789.5,28734.5,28749.5,1123.0
2026-06-10 16:43,28750.25,28766.5,28747.5,28752.5,676.0
2026-06-10 16:44,28752.5,28776.0,28750.75,28752.0,655.0
2026-06-10 16:45,28752.25,28752.25,28708.0,28708.0,1481.0
2026-06-10 16:46,28709.0,28728.75,28681.25,28701.5,1267.0
2026-06-10 16:47,28704.0,28705.0,28664.75,28676.25,995.0
2026-06-10 16:48,28677.75,28694.75,28664.75,28690.5,1129.0
2026-06-10 16:49,28690.0,28712.75,28678.75,28698.25,1121.0
2026-06-10 16:50,28699.0,28709.25,28673.75,28706.5,1162.0
2026-06-10 16:51,28704.5,28738.25,28696.5,28731.75,1037.0
2026-06-10 16:52,28730.75,28756.0,28723.25,28746.75,750.0
2026-06-10 16:53,28746.75,28761.25,28715.5,28726.75,927.0
2026-06-10 16:54,28726.25,28726.5,28709.0,28715.0,539.0
2026-06-10 16:55,28715.0,28716.25,28669.25,28682.0,983.0
2026-06-10 16:56,28682.0,28711.0,28680.0,28708.75,716.0
2026-06-10 16:57,28709.75,28715.0,28693.0,28700.75,482.0
2026-06-10 16:58,28701.5,28706.75,28683.25,28698.75,451.0
2026-06-10 16:59,28697.5,28723.5,28695.75,28717.5,612.0
2026-06-10 17:00,28717.75,28753.25,28709.5,28735.0,920.0
2026-06-10 17:01,28734.75,28735.75,28694.75,28704.25,677.0
2026-06-10 17:02,28703.5,28751.0,28700.75,28734.25,949.0
2026-06-10 17:03,28732.5,28775.25,28730.25,28763.75,897.0
2026-06-10 17:04,28764.25,28781.5,28759.25,28763.75,692.0
2026-06-10 17:05,28765.25,28766.75,28696.0,28698.5,1227.0
2026-06-10 17:06,28699.5,28725.5,28696.25,28723.75,728.0
2026-06-10 17:07,28724.0,28743.0,28698.0,28713.75,905.0
2026-06-10 17:08,28712.75,28712.75,28678.25,28689.25,906.0
2026-06-10 17:09,28690.5,28694.25,28670.75,28679.5,605.0
2026-06-10 17:10,28678.5,28683.75,28634.0,28634.0,1096.0
2026-06-10 17:11,28634.0,28652.25,28628.5,28640.5,1125.0
2026-06-10 17:12,28643.0,28660.75,28638.0,28652.0,724.0
2026-06-10 17:13,28652.75,28682.0,28652.5,28666.75,769.0
2026-06-10 17:14,28666.75,28667.0,28635.0,28648.25,890.0
2026-06-10 17:15,28647.0,28655.75,28628.0,28643.5,956.0
2026-06-10 17:16,28643.5,28665.0,28641.0,28658.0,732.0
2026-06-10 17:17,28657.25,28674.0,28631.0,28639.25,826.0
2026-06-10 17:18,28640.25,28652.5,28629.75,28643.75,791.0
2026-06-10 17:19,28642.5,28649.0,28634.0,28644.5,678.0
2026-06-10 17:20,28643.75,28656.75,28628.75,28654.5,841.0
2026-06-10 17:21,28655.5,28657.0,28636.25,28644.5,469.0
2026-06-10 17:22,28642.75,28656.5,28635.0,28640.25,645.0
2026-06-10 17:23,28640.25,28662.75,28640.25,28658.75,633.0
2026-06-10 17:24,28658.0,28681.0,28658.0,28676.0,982.0
2026-06-10 17:25,28674.5,28693.0,28664.5,28683.5,943.0
2026-06-10 17:26,28683.5,28685.5,28648.5,28672.0,858.0
2026-06-10 17:27,28672.5,28680.75,28657.25,28667.5,540.0
2026-06-10 17:28,28667.75,28699.0,28666.75,28686.0,781.0
2026-06-10 17:29,28686.5,28692.25,28668.5,28688.5,622.0
2026-06-10 17:30,28687.0,28693.5,28640.75,28640.75,970.0
2026-06-10 17:31,28641.75,28658.75,28634.5,28639.0,853.0
2026-06-10 17:32,28639.5,28666.0,28626.25,28648.75,1525.0
2026-06-10 17:33,28648.75,28664.0,28640.25,28659.25,567.0
2026-06-10 17:34,28660.5,28675.5,28650.5,28659.5,581.0
2026-06-10 17:35,28661.0,28662.0,28638.0,28641.25,488.0
2026-06-10 17:36,28640.25,28659.5,28630.75,28636.75,603.0
2026-06-10 17:37,28636.25,28668.5,28630.5,28651.25,756.0
2026-06-10 17:38,28652.75,28654.25,28631.5,28643.0,540.0
2026-06-10 17:39,28644.5,28654.25,28626.75,28633.75,635.0
2026-06-10 17:40,28634.0,28651.5,28626.0,28642.75,1374.0
2026-06-10 17:41,28642.0,28659.25,28631.25,28637.0,903.0
2026-06-10 17:42,28636.5,28651.75,28628.25,28638.0,677.0
2026-06-10 17:43,28638.25,28638.75,28624.0,28626.25,576.0
2026-06-10 17:44,28626.0,28637.75,28618.0,28622.5,1500.0
2026-06-10 17:45,28623.25,28656.5,28616.0,28653.25,1158.0
2026-06-10 17:46,28654.25,28754.0,28652.0,28745.5,3014.0
2026-06-10 17:47,28744.25,28746.0,28708.75,28739.75,1314.0
2026-06-10 17:48,28740.0,28778.5,28716.25,28775.5,1457.0
2026-06-10 17:49,28774.75,28784.75,28744.25,28765.75,930.0
2026-06-10 17:50,28766.25,28772.25,28704.75,28743.25,2167.0
2026-06-10 17:51,28742.25,28761.25,28722.0,28748.0,744.0
2026-06-10 17:52,28747.0,28747.5,28691.25,28695.5,919.0
2026-06-10 17:53,28698.0,28714.25,28687.5,28713.0,892.0
2026-06-10 17:54,28714.25,28750.0,28708.0,28741.75,901.0
2026-06-10 17:55,28744.5,28781.0,28735.5,28770.25,1267.0
2026-06-10 17:56,28770.0,28793.75,28755.75,28792.75,912.0
2026-06-10 17:57,28792.0,28792.75,28752.5,28753.75,968.0
2026-06-10 17:58,28754.5,28782.5,28751.25,28778.0,634.0
2026-06-10 17:59,28776.25,28785.5,28769.5,28780.0,533.0
2026-06-10 18:00,28779.5,28810.0,28778.75,28780.5,1302.0
2026-06-10 18:01,28782.25,28788.75,28760.5,28774.25,890.0
2026-06-10 18:02,28773.0,28799.0,28769.0,28792.0,655.0
2026-06-10 18:03,28793.0,28826.75,28785.0,28817.5,1368.0
2026-06-10 18:04,28818.5,28832.5,28807.5,28826.75,1165.0
2026-06-10 18:05,28827.5,28831.0,28803.75,28814.25,1219.0
2026-06-10 18:06,28813.75,28823.75,28794.75,28804.0,656.0
2026-06-10 18:07,28802.0,28804.0,28765.0,28766.25,1235.0
2026-06-10 18:08,28766.5,28798.75,28756.25,28790.0,1000.0
2026-06-10 18:09,28790.5,28790.5,28752.5,28754.25,716.0
2026-06-10 18:10,28754.75,28786.25,28753.25,28767.25,681.0
2026-06-10 18:11,28767.5,28779.0,28762.0,28775.0,428.0
2026-06-10 18:12,28775.75,28803.75,28773.0,28793.25,728.0
2026-06-10 18:13,28791.75,28791.75,28758.75,28769.5,741.0
2026-06-10 18:14,28769.5,28783.5,28768.0,28781.5,398.0
2026-06-10 18:15,28781.5,28804.0,28776.25,28798.0,714.0
2026-06-10 18:16,28797.75,28810.25,28783.0,28790.5,631.0
2026-06-10 18:17,28791.5,28793.75,28744.75,28747.0,813.0
2026-06-10 18:18,28746.5,28756.0,28706.0,28719.0,1239.0
2026-06-10 18:19,28720.0,28738.75,28715.5,28723.0,737.0
2026-06-10 18:20,28723.75,28749.25,28723.75,28740.5,599.0
2026-06-10 18:21,28738.25,28765.0,28718.25,28722.0,1405.0
2026-06-10 18:22,28723.25,28723.75,28697.75,28708.75,898.0
2026-06-10 18:23,28708.75,28731.75,28704.0,28726.0,912.0
2026-06-10 18:24,28726.0,28739.0,28718.25,28732.5,587.0
2026-06-10 18:25,28733.25,28733.75,28705.0,28718.75,566.0
2026-06-10 18:26,28717.75,28733.75,28709.0,28720.75,704.0
2026-06-10 18:27,28720.25,28728.0,28706.0,28713.25,537.0
2026-06-10 18:28,28712.75,28740.0,28711.5,28726.25,649.0
2026-06-10 18:29,28727.75,28731.25,28710.5,28713.0,458.0
2026-06-10 18:30,28713.75,28717.75,28689.5,28710.25,888.0
2026-06-10 18:31,28709.5,28711.0,28674.5,28677.75,824.0
2026-06-10 18:32,28677.0,28695.75,28676.0,28684.75,736.0
2026-06-10 18:33,28684.0,28700.0,28679.25,28684.5,915.0
2026-06-10 18:34,28683.0,28693.5,28674.25,28687.5,632.0
2026-06-10 18:35,28685.75,28690.75,28659.0,28677.25,1453.0
2026-06-10 18:36,28678.25,28689.25,28674.75,28680.75,602.0
2026-06-10 18:37,28680.25,28684.25,28641.0,28645.5,1476.0
2026-06-10 18:38,28645.5,28652.25,28633.0,28649.0,813.0
2026-06-10 18:39,28648.75,28669.25,28646.0,28655.25,683.0
2026-06-10 18:40,28655.5,28677.75,28650.0,28659.0,647.0
2026-06-10 18:41,28659.0,28679.25,28646.5,28648.5,954.0
2026-06-10 18:42,28647.5,28656.0,28633.0,28640.25,710.0
2026-06-10 18:43,28641.25,28666.5,28637.0,28658.5,658.0
2026-06-10 18:44,28659.0,28672.0,28654.75,28661.25,638.0
2026-06-10 18:45,28662.0,28664.0,28642.75,28651.0,440.0
2026-06-10 18:46,28650.0,28661.5,28640.5,28644.0,556.0
2026-06-10 18:47,28642.0,28648.0,28629.75,28636.0,593.0
2026-06-10 18:48,28636.0,28663.0,28634.25,28654.25,799.0
2026-06-10 18:49,28652.5,28655.75,28627.5,28630.5,620.0
2026-06-10 18:50,28630.5,28630.5,28579.75,28586.25,2543.0
2026-06-10 18:51,28585.5,28618.75,28584.5,28603.0,1053.0
2026-06-10 18:52,28602.75,28623.75,28594.5,28612.5,800.0
2026-06-10 18:53,28611.5,28637.0,28610.5,28625.0,840.0
2026-06-10 18:54,28624.5,28633.0,28606.75,28617.25,694.0
2026-06-10 18:55,28616.5,28616.5,28584.0,28595.5,853.0
2026-06-10 18:56,28595.25,28599.0,28574.0,28587.5,842.0
2026-06-10 18:57,28588.75,28613.25,28587.75,28600.5,812.0
2026-06-10 18:58,28600.25,28625.5,28599.75,28617.0,728.0
2026-06-10 18:59,28615.5,28621.5,28602.25,28607.5,619.0
2026-06-10 19:00,28608.25,28610.75,28576.25,28582.75,866.0
2026-06-10 19:01,28581.25,28598.5,28574.25,28589.25,723.0
2026-06-10 19:02,28588.25,28619.5,28579.75,28619.0,722.0
2026-06-10 19:03,28617.5,28652.5,28610.25,28647.5,1547.0
2026-06-10 19:04,28646.75,28650.25,28614.75,28618.0,1184.0
2026-06-10 19:05,28618.75,28622.75,28596.5,28611.25,1107.0
2026-06-10 19:06,28611.75,28643.5,28611.0,28634.25,1003.0
2026-06-10 19:07,28636.0,28669.0,28630.25,28660.5,1202.0
2026-06-10 19:08,28660.75,28668.25,28631.25,28648.75,919.0
2026-06-10 19:09,28647.75,28656.5,28638.75,28641.75,589.0
2026-06-10 19:10,28642.25,28643.0,28608.75,28610.5,997.0
2026-06-10 19:11,28611.25,28619.5,28590.5,28594.0,838.0
2026-06-10 19:12,28593.5,28605.75,28583.5,28598.25,650.0
2026-06-10 19:13,28596.75,28604.0,28588.25,28595.5,557.0
2026-06-10 19:14,28595.75,28598.25,28578.25,28593.5,577.0
2026-06-10 19:15,28594.25,28597.5,28556.75,28566.0,1612.0
2026-06-10 19:16,28567.25,28588.5,28560.25,28567.75,767.0
2026-06-10 19:17,28567.25,28571.75,28544.0,28549.75,954.0
2026-06-10 19:18,28550.75,28554.5,28525.0,28537.75,1166.0
2026-06-10 19:19,28536.75,28551.0,28535.0,28542.5,735.0
2026-06-10 19:20,28543.5,28546.25,28520.5,28526.5,976.0
2026-06-10 19:21,28526.5,28539.5,28510.25,28513.5,1086.0
2026-06-10 19:22,28513.0,28531.25,28510.25,28511.0,909.0
2026-06-10 19:23,28511.0,28518.25,28502.75,28511.5,912.0
2026-06-10 19:24,28512.5,28539.0,28509.0,28533.25,1179.0
2026-06-10 19:25,28532.5,28541.0,28515.5,28517.75,1097.0
2026-06-10 19:26,28516.5,28527.25,28504.0,28507.5,776.0
2026-06-10 19:27,28507.75,28517.25,28493.0,28512.75,991.0
2026-06-10 19:28,28512.0,28542.25,28506.0,28523.75,1328.0
2026-06-10 19:29,28523.5,28560.25,28521.0,28546.75,1189.0
2026-06-10 19:30,28546.25,28560.5,28524.75,28558.0,1215.0
2026-06-10 19:31,28556.75,28605.5,28545.75,28587.75,1853.0
2026-06-10 19:32,28588.0,28599.0,28572.75,28584.0,1207.0
2026-06-10 19:33,28584.75,28596.5,28572.75,28588.75,886.0
2026-06-10 19:34,28589.0,28626.25,28589.0,28606.75,1670.0
2026-06-10 19:35,28606.75,28630.5,28590.0,28608.5,1104.0
2026-06-10 19:36,28607.25,28618.5,28590.75,28603.25,663.0
2026-06-10 19:37,28602.75,28642.25,28598.25,28641.25,1127.0
2026-06-10 19:38,28642.75,28648.5,28625.25,28638.5,778.0
2026-06-10 19:39,28637.5,28657.5,28634.25,28646.0,863.0
2026-06-10 19:40,28647.25,28664.0,28619.0,28633.75,1128.0
2026-06-10 19:41,28635.25,28650.5,28613.0,28625.75,1101.0
2026-06-10 19:42,28625.25,28625.25,28598.0,28606.25,808.0
2026-06-10 19:43,28607.25,28640.5,28593.0,28636.25,980.0
2026-06-10 19:44,28636.25,28636.25,28615.25,28621.25,605.0
2026-06-10 19:45,28620.25,28628.75,28592.5,28599.0,1084.0
2026-06-10 19:46,28599.75,28608.0,28580.0,28604.0,910.0
2026-06-10 19:47,28604.75,28609.25,28583.75,28584.0,717.0
2026-06-10 19:48,28583.75,28588.5,28551.75,28557.5,1029.0
2026-06-10 19:49,28557.25,28596.75,28557.25,28596.0,841.0
2026-06-10 19:50,28595.25,28663.5,28545.5,28661.75,3268.0
2026-06-10 19:51,28661.5,28661.5,28620.0,28641.5,1397.0
2026-06-10 19:52,28640.0,28646.0,28620.0,28623.5,979.0
2026-06-10 19:53,28624.25,28635.25,28592.25,28601.75,1575.0
2026-06-10 19:54,28601.75,28618.5,28578.5,28615.5,1524.0
2026-06-10 19:55,28616.5,28643.5,28580.75,28594.0,2442.0
2026-06-10 19:56,28595.5,28602.5,28584.5,28596.75,1428.0
2026-06-10 19:57,28596.5,28604.75,28580.25,28589.75,1424.0
2026-06-10 19:58,28590.75,28619.25,28588.5,28617.75,1843.0
2026-06-10 19:59,28617.5,28618.0,28523.5,28526.0,11133.0
2026-06-10 20:00,28525.75,28536.75,28485.25,28503.25,3725.0
2026-06-10 20:01,28503.5,28508.0,28471.25,28476.25,1561.0
2026-06-10 20:02,28475.0,28501.25,28472.0,28499.0,634.0
2026-06-10 20:03,28498.5,28509.25,28489.25,28496.0,627.0
2026-06-10 20:04,28498.25,28513.25,28497.0,28509.5,530.0
2026-06-10 20:05,28508.75,28515.75,28433.0,28454.0,1468.0
2026-06-10 20:06,28451.0,28472.75,28449.5,28457.0,832.0
2026-06-10 20:07,28454.0,28455.5,28433.0,28449.0,776.0
2026-06-10 20:08,28451.25,28486.5,28449.25,28478.0,764.0
2026-06-10 20:09,28479.0,28491.0,28444.5,28472.0,822.0
2026-06-10 20:10,28473.0,28502.5,28471.25,28501.25,461.0
2026-06-10 20:11,28500.25,28512.75,28486.0,28507.75,631.0
2026-06-10 20:12,28508.0,28513.0,28480.5,28486.5,494.0
2026-06-10 20:13,28485.0,28517.5,28485.0,28514.0,531.0
2026-06-10 20:14,28510.5,28512.0,28495.0,28499.5,360.0
2026-06-10 20:15,28498.25,28517.5,28489.25,28500.0,330.0
2026-06-10 20:16,28503.25,28507.75,28473.0,28488.5,401.0
2026-06-10 20:17,28490.0,28515.0,28474.75,28504.0,375.0
2026-06-10 20:18,28503.75,28514.25,28498.5,28499.0,201.0
2026-06-10 20:19,28496.5,28501.75,28490.5,28498.75,135.0
2026-06-10 20:20,28497.0,28497.25,28484.0,28493.25,159.0
2026-06-10 20:21,28491.25,28514.25,28491.25,28514.0,233.0
2026-06-10 20:22,28513.75,28524.5,28508.75,28510.75,212.0
2026-06-10 20:23,28510.5,28513.0,28503.75,28511.75,135.0
2026-06-10 20:24,28513.75,28519.25,28510.25,28516.5,90.0
2026-06-10 20:25,28518.0,28518.5,28502.0,28504.75,138.0
2026-06-10 20:26,28505.5,28510.25,28496.0,28498.0,125.0
2026-06-10 20:27,28497.0,28497.25,28488.75,28490.0,115.0
2026-06-10 20:28,28490.75,28494.25,28481.0,28491.0,257.0
2026-06-10 20:29,28491.25,28491.25,28484.25,28485.5,116.0
2026-06-10 20:30,28484.75,28484.75,28462.25,28465.0,276.0
2026-06-10 20:31,28465.25,28468.5,28454.75,28468.5,215.0
2026-06-10 20:32,28462.25,28471.0,28462.0,28469.75,139.0
2026-06-10 20:33,28470.0,28474.25,28468.75,28472.75,101.0
2026-06-10 20:34,28474.0,28478.0,28469.0,28475.25,88.0
2026-06-10 20:35,28475.0,28478.5,28466.5,28472.0,96.0
2026-06-10 20:36,28473.5,28480.0,28472.25,28476.75,106.0
2026-06-10 20:37,28477.5,28487.25,28466.25,28483.75,129.0
2026-06-10 20:38,28483.75,28489.0,28481.25,28488.0,56.0
2026-06-10 20:39,28486.25,28498.75,28485.25,28493.5,167.0
2026-06-10 20:40,28492.25,28499.25,28490.0,28491.25,89.0
2026-06-10 20:41,28492.0,28493.0,28480.0,28482.75,124.0
2026-06-10 20:42,28482.25,28490.5,28476.25,28490.5,99.0
2026-06-10 20:43,28488.0,28488.0,28458.75,28459.0,222.0
2026-06-10 20:44,28461.75,28471.75,28434.25,28450.75,200.0
2026-06-10 20:45,28451.75,28458.25,28442.25,28442.25,146.0
2026-06-10 20:46,28441.0,28441.25,28420.0,28430.5,348.0
2026-06-10 20:47,28431.0,28431.5,28414.5,28418.5,210.0
2026-06-10 20:48,28421.5,28443.5,28415.5,28439.25,193.0
2026-06-10 20:49,28438.0,28441.0,28430.0,28433.75,178.0
2026-06-10 20:50,28433.75,28438.5,28409.0,28424.5,390.0
2026-06-10 20:51,28427.5,28442.25,28425.5,28442.25,110.0
2026-06-10 20:52,28443.0,28445.5,28427.25,28440.0,172.0
2026-06-10 20:53,28438.0,28446.25,28430.0,28432.25,124.0
2026-06-10 20:54,28434.0,28457.5,28432.5,28456.0,199.0
2026-06-10 20:55,28457.5,28461.5,28452.0,28460.25,234.0
2026-06-10 20:56,28459.75,28462.25,28452.25,28459.5,138.0
2026-06-10 20:57,28458.25,28461.25,28450.75,28459.0,175.0
2026-06-10 20:58,28458.75,28486.5,28450.0,28462.5,368.0
2026-06-10 20:59,28462.75,28474.75,28457.5,28472.0,151.0
2026-06-10 22:00,28455.0,28470.0,28404.0,28429.25,760.0
2026-06-10 22:01,28428.75,28443.25,28403.5,28405.0,259.0
2026-06-10 22:02,28405.75,28414.75,28386.0,28388.75,304.0
2026-06-10 22:03,28391.0,28406.0,28385.5,28389.25,173.0
2026-06-10 22:04,28389.25,28398.25,28376.0,28385.75,245.0
2026-06-10 22:05,28387.25,28393.25,28370.0,28376.25,253.0
2026-06-10 22:06,28376.0,28380.0,28363.0,28366.0,259.0
2026-06-10 22:07,28366.25,28381.5,28366.25,28381.0,175.0
2026-06-10 22:08,28379.5,28390.25,28372.5,28381.75,129.0
2026-06-10 22:09,28383.0,28383.5,28365.25,28367.25,74.0
2026-06-10 22:10,28368.5,28394.0,28368.5,28389.5,194.0
2026-06-10 22:11,28391.25,28392.5,28364.0,28368.25,150.0
2026-06-10 22:12,28365.0,28386.0,28358.0,28383.25,224.0
2026-06-10 22:13,28383.0,28384.0,28370.0,28381.75,114.0
2026-06-10 22:14,28382.75,28404.25,28382.75,28400.75,250.0
2026-06-10 22:15,28400.75,28409.75,28388.25,28399.0,220.0
2026-06-10 22:16,28399.75,28409.25,28390.75,28397.5,124.0
2026-06-10 22:17,28399.0,28406.0,28385.25,28392.0,126.0
2026-06-10 22:18,28391.75,28399.25,28384.75,28385.0,133.0
2026-06-10 22:19,28388.0,28408.5,28385.75,28403.0,158.0
2026-06-10 22:20,28400.5,28404.25,28394.25,28394.25,39.0
2026-06-10 22:21,28395.25,28398.75,28388.5,28390.75,92.0
2026-06-10 22:22,28393.0,28403.75,28390.0,28393.5,104.0
2026-06-10 22:23,28393.0,28394.0,28383.25,28386.75,70.0
2026-06-10 22:24,28388.75,28393.5,28386.0,28390.25,53.0
2026-06-10 22:25,28388.25,28405.5,28380.0,28401.5,201.0
2026-06-10 22:26,28403.5,28416.25,28402.25,28416.25,191.0
2026-06-10 22:27,28415.5,28420.0,28404.0,28404.0,124.0
2026-06-10 22:28,28404.0,28414.5,28404.0,28410.25,86.0
2026-06-10 22:29,28405.25,28415.75,28402.25,28412.0,79.0
2026-06-10 22:30,28414.5,28442.0,28412.25,28433.0,254.0
2026-06-10 22:31,28435.75,28441.25,28430.25,28432.0,159.0
2026-06-10 22:32,28430.5,28447.75,28430.5,28444.25,190.0
2026-06-10 22:33,28445.25,28448.5,28437.0,28437.0,250.0
2026-06-10 22:34,28437.75,28439.25,28419.5,28420.0,166.0
2026-06-10 22:35,28420.0,28437.25,28415.25,28434.0,148.0
2026-06-10 22:36,28431.75,28444.25,28431.5,28443.5,86.0
2026-06-10 22:37,28440.5,28444.25,28433.0,28439.25,121.0
2026-06-10 22:38,28437.75,28444.25,28437.0,28442.75,41.0
2026-06-10 22:39,28439.25,28461.75,28439.25,28460.5,247.0
2026-06-10 22:40,28460.75,28469.75,28455.5,28459.0,175.0
2026-06-10 22:41,28457.5,28458.5,28436.75,28442.0,215.0
2026-06-10 22:42,28443.5,28445.25,28440.0,28442.75,27.0
2026-06-10 22:43,28443.0,28455.5,28443.0,28451.0,142.0
2026-06-10 22:44,28451.0,28452.75,28390.0,28431.75,549.0
2026-06-10 22:45,28431.0,28431.0,28402.25,28417.75,231.0
2026-06-10 22:46,28420.0,28438.75,28412.75,28438.0,213.0
2026-06-10 22:47,28438.0,28449.75,28430.5,28446.75,165.0
2026-06-10 22:48,28441.5,28455.75,28433.5,28440.0,158.0
2026-06-10 22:49,28431.5,28432.5,28423.25,28424.75,68.0
2026-06-10 22:50,28423.5,28429.25,28413.0,28417.0,119.0
2026-06-10 22:51,28418.25,28423.0,28409.25,28414.5,93.0
2026-06-10 22:52,28412.25,28414.5,28398.0,28398.0,116.0
2026-06-10 22:53,28398.0,28401.75,28370.75,28387.0,365.0
2026-06-10 22:54,28385.0,28395.25,28380.75,28386.75,94.0
2026-06-10 22:55,28386.0,28386.25,28366.0,28367.5,126.0
2026-06-10 22:56,28368.75,28373.75,28355.25,28357.75,241.0
2026-06-10 22:57,28358.0,28367.75,28350.0,28358.75,167.0
2026-06-10 22:58,28359.25,28361.5,28350.0,28353.25,165.0
2026-06-10 22:59,28353.75,28359.75,28328.25,28342.5,421.0
2026-06-10 23:00,28344.5,28344.75,28306.0,28332.25,456.0
2026-06-10 23:01,28331.0,28355.5,28331.0,28351.25,272.0
2026-06-10 23:02,28351.75,28375.75,28350.0,28372.0,287.0
2026-06-10 23:03,28366.0,28370.75,28352.75,28362.25,44.0
2026-06-10 23:04,28360.0,28372.0,28356.5,28369.0,74.0
2026-06-10 23:05,28368.0,28376.75,28363.25,28375.25,88.0
2026-06-10 23:06,28373.75,28376.75,28358.0,28364.75,74.0
2026-06-10 23:07,28364.5,28364.75,28353.75,28358.25,93.0
2026-06-10 23:08,28356.75,28360.25,28342.25,28347.75,134.0
2026-06-10 23:09,28348.75,28356.5,28335.0,28337.25,168.0
2026-06-10 23:10,28337.0,28344.0,28328.0,28331.5,198.0
2026-06-10 23:11,28331.25,28334.25,28315.0,28322.75,132.0
2026-06-10 23:12,28323.75,28325.25,28285.0,28306.25,477.0
2026-06-10 23:13,28307.5,28309.0,28294.25,28295.5,197.0
2026-06-10 23:14,28295.75,28295.75,28278.25,28290.0,341.0
2026-06-10 23:15,28288.5,28307.25,28287.25,28298.5,224.0
2026-06-10 23:16,28295.0,28297.5,28277.5,28294.75,191.0
2026-06-10 23:17,28294.25,28296.0,28284.25,28287.75,77.0
2026-06-10 23:18,28288.5,28288.5,28268.5,28272.0,193.0
2026-06-10 23:19,28273.5,28384.25,28265.75,28353.25,1355.0
2026-06-10 23:20,28357.25,28398.0,28332.5,28346.0,989.0
2026-06-10 23:21,28338.0,28340.25,28300.0,28330.25,645.0
2026-06-10 23:22,28332.25,28342.0,28310.0,28333.0,243.0
2026-06-10 23:23,28335.5,28338.75,28314.0,28318.0,134.0
2026-06-10 23:24,28319.75,28336.0,28307.0,28329.75,225.0
2026-06-10 23:25,28330.0,28381.0,28330.0,28357.25,483.0
2026-06-10 23:26,28357.75,28379.25,28351.0,28372.75,188.0
2026-06-10 23:27,28370.75,28390.75,28368.75,28381.75,207.0
2026-06-10 23:28,28384.25,28391.5,28374.75,28387.25,224.0
2026-06-10 23:29,28386.75,28405.75,28381.25,28398.25,317.0
2026-06-10 23:30,28399.0,28405.75,28372.25,28383.25,282.0
2026-06-10 23:31,28384.0,28384.75,28368.0,28371.75,318.0
2026-06-10 23:32,28371.25,28382.0,28350.0,28379.5,309.0
2026-06-10 23:33,28379.25,28388.75,28377.0,28377.0,99.0
2026-06-10 23:34,28380.0,28381.25,28366.5,28376.75,124.0
2026-06-10 23:35,28378.25,28398.0,28378.25,28389.25,136.0
2026-06-10 23:36,28392.25,28410.0,28391.25,28398.75,284.0
2026-06-10 23:37,28395.0,28409.25,28394.0,28403.0,69.0
2026-06-10 23:38,28401.5,28407.0,28391.0,28397.75,109.0
2026-06-10 23:39,28397.75,28399.75,28387.5,28392.0,72.0
2026-06-10 23:40,28393.0,28405.5,28382.75,28402.0,140.0
2026-06-10 23:41,28400.75,28438.5,28400.25,28429.0,367.0
2026-06-10 23:42,28424.5,28446.75,28416.25,28434.5,355.0
2026-06-10 23:43,28434.75,28446.25,28433.25,28437.0,152.0
2026-06-10 23:44,28435.5,28436.0,28422.75,28425.0,103.0
2026-06-10 23:45,28423.0,28423.0,28390.75,28404.5,438.0
2026-06-10 23:46,28401.75,28415.0,28398.25,28406.25,101.0
2026-06-10 23:47,28406.25,28425.0,28400.0,28422.75,90.0
2026-06-10 23:48,28425.0,28425.25,28391.0,28391.0,107.0
2026-06-10 23:49,28392.75,28402.5,28363.5,28395.75,191.0
2026-06-10 23:50,28395.25,28402.75,28387.5,28390.75,76.0
2026-06-10 23:51,28393.0,28401.5,28387.0,28391.25,78.0
2026-06-10 23:52,28391.75,28402.25,28389.25,28400.0,99.0
2026-06-10 23:53,28398.5,28406.0,28393.25,28394.25,70.0
2026-06-10 23:54,28392.0,28393.0,28379.75,28389.5,127.0
2026-06-10 23:55,28390.75,28391.25,28381.5,28388.0,70.0
2026-06-10 23:56,28385.5,28388.25,28363.5,28367.25,233.0
2026-06-10 23:57,28367.75,28369.5,28352.25,28362.5,270.0
2026-06-10 23:58,28361.75,28370.25,28358.25,28362.0,87.0
2026-06-10 23:59,28358.5,28379.25,28357.0,28364.0,133.0
2026-06-11 00:00,28363.5,28405.0,28362.25,28403.0,315.0
2026-06-11 00:01,28403.0,28416.0,28390.0,28398.75,198.0
2026-06-11 00:02,28400.0,28413.5,28393.0,28393.25,182.0
2026-06-11 00:03,28393.25,28393.5,28366.5,28367.75,201.0
2026-06-11 00:04,28369.25,28374.0,28332.0,28344.75,320.0
2026-06-11 00:05,28346.5,28363.0,28335.0,28360.0,274.0
2026-06-11 00:06,28361.5,28383.5,28347.75,28376.5,259.0
2026-06-11 00:07,28381.0,28384.25,28367.5,28367.5,112.0
2026-06-11 00:08,28366.75,28376.5,28352.75,28373.25,145.0
2026-06-11 00:09,28372.25,28372.25,28341.0,28353.0,188.0
2026-06-11 00:10,28347.0,28349.0,28336.5,28339.75,176.0
2026-06-11 00:11,28339.75,28366.0,28339.5,28357.0,222.0
2026-06-11 00:12,28357.0,28370.0,28352.5,28369.5,112.0
2026-06-11 00:13,28368.0,28399.75,28367.5,28390.75,299.0
2026-06-11 00:14,28386.75,28402.75,28377.0,28391.25,182.0
2026-06-11 00:15,28391.5,28463.0,28391.5,28459.25,932.0
2026-06-11 00:16,28460.75,28525.0,28460.75,28513.5,1014.0
2026-06-11 00:17,28515.25,28571.75,28504.5,28565.0,849.0
2026-06-11 00:18,28564.75,28570.0,28519.0,28520.5,474.0
2026-06-11 00:19,28524.0,28541.75,28513.25,28521.5,357.0
2026-06-11 00:20,28523.0,28528.0,28499.0,28502.0,323.0
2026-06-11 00:21,28503.25,28546.25,28490.25,28538.25,419.0
2026-06-11 00:22,28534.5,28538.5,28508.75,28518.5,224.0
2026-06-11 00:23,28517.75,28527.75,28510.0,28521.75,212.0
2026-06-11 00:24,28526.5,28536.25,28503.75,28506.75,263.0
2026-06-11 00:25,28507.0,28512.5,28481.75,28489.75,263.0
2026-06-11 00:26,28488.0,28488.0,28468.25,28485.5,213.0
2026-06-11 00:27,28483.75,28498.75,28470.0,28478.0,206.0
2026-06-11 00:28,28479.0,28493.5,28468.0,28491.75,177.0
2026-06-11 00:29,28489.5,28490.0,28471.5,28480.5,89.0
2026-06-11 00:30,28483.5,28496.0,28475.5,28477.25,177.0
2026-06-11 00:31,28478.75,28496.5,28468.0,28490.25,139.0
2026-06-11 00:32,28491.5,28505.0,28488.5,28495.25,234.0
2026-06-11 00:33,28494.75,28509.25,28471.75,28500.25,341.0
2026-06-11 00:34,28504.75,28517.5,28482.5,28484.0,198.0
2026-06-11 00:35,28482.0,28486.5,28462.25,28482.25,214.0
2026-06-11 00:36,28480.5,28486.25,28428.0,28466.75,751.0
2026-06-11 00:37,28469.75,28478.5,28452.0,28473.75,325.0
2026-06-11 00:38,28474.5,28483.25,28461.0,28461.0,118.0
2026-06-11 00:39,28464.75,28464.75,28445.75,28455.0,91.0
2026-06-11 00:40,28453.5,28462.5,28446.5,28453.25,134.0
2026-06-11 00:41,28454.75,28486.25,28447.0,28481.0,223.0
2026-06-11 00:42,28481.5,28486.75,28465.75,28465.75,178.0
2026-06-11 00:43,28470.25,28474.5,28458.0,28460.5,111.0
2026-06-11 00:44,28459.25,28459.25,28439.25,28443.75,144.0
2026-06-11 00:45,28445.0,28483.75,28443.25,28468.5,209.0
2026-06-11 00:46,28465.75,28515.25,28464.25,28512.0,328.0
2026-06-11 00:47,28512.5,28539.0,28472.0,28474.75,386.0
2026-06-11 00:48,28477.0,28503.5,28475.75,28501.25,127.0
2026-06-11 00:49,28502.25,28512.0,28495.25,28510.0,220.0
2026-06-11 00:50,28511.75,28521.0,28504.5,28519.25,125.0
2026-06-11 00:51,28520.0,28524.5,28499.75,28509.5,128.0
2026-06-11 00:52,28509.75,28546.0,28509.75,28543.0,290.0
2026-06-11 00:53,28541.0,28557.0,28533.5,28546.75,214.0
2026-06-11 00:54,28546.25,28547.5,28528.0,28534.25,213.0
2026-06-11 00:55,28533.5,28558.75,28533.5,28552.0,118.0
2026-06-11 00:56,28551.75,28561.0,28540.75,28554.75,212.0
2026-06-11 00:57,28554.5,28565.25,28546.0,28554.25,185.0
2026-06-11 00:58,28552.75,28553.0,28538.75,28545.0,151.0
2026-06-11 00:59,28546.25,28554.25,28543.25,28549.5,90.0
2026-06-11 01:00,28551.5,28568.5,28549.25,28556.25,278.0
2026-06-11 01:01,28555.5,28582.75,28555.0,28577.0,672.0
2026-06-11 01:02,28577.75,28597.25,28568.5,28596.75,478.0
2026-06-11 01:03,28597.5,28604.0,28592.0,28594.5,273.0
2026-06-11 01:04,28596.75,28635.0,28586.5,28621.25,996.0
2026-06-11 01:05,28619.25,28637.25,28611.75,28634.25,347.0
2026-06-11 01:06,28634.75,28643.5,28618.5,28625.5,792.0
2026-06-11 01:07,28622.0,28625.5,28603.0,28616.5,261.0
2026-06-11 01:08,28615.0,28638.5,28612.5,28637.5,182.0
2026-06-11 01:09,28636.25,28649.0,28632.5,28642.0,253.0
2026-06-11 01:10,28644.0,28667.5,28641.5,28667.5,906.0
2026-06-11 01:11,28665.5,28693.0,28663.25,28682.75,959.0
2026-06-11 01:12,28682.75,28703.25,28682.0,28695.25,481.0
2026-06-11 01:13,28695.5,28706.5,28683.5,28705.0,463.0
2026-06-11 01:14,28704.5,28717.25,28700.75,28713.75,502.0
2026-06-11 01:15,28712.0,28728.25,28702.5,28702.5,442.0
2026-06-11 01:16,28703.5,28720.25,28692.0,28718.75,437.0
2026-06-11 01:17,28718.0,28718.25,28691.75,28702.75,281.0
2026-06-11 01:18,28701.25,28701.5,28689.0,28695.25,168.0
2026-06-11 01:19,28695.75,28728.25,28688.5,28722.75,325.0
2026-06-11 01:20,28725.0,28735.5,28707.5,28708.25,282.0
2026-06-11 01:21,28708.25,28712.5,28695.0,28704.75,242.0
2026-06-11 01:22,28705.0,28707.0,28688.0,28706.0,270.0
2026-06-11 01:23,28707.25,28737.5,28707.0,28728.0,365.0
2026-06-11 01:24,28726.75,28750.0,28721.75,28745.0,306.0
2026-06-11 01:25,28743.0,28754.5,28740.0,28742.75,404.0
2026-06-11 01:26,28743.5,28751.25,28732.25,28737.25,197.0
2026-06-11 01:27,28735.5,28745.75,28729.25,28743.0,119.0
2026-06-11 01:28,28743.75,28765.0,28743.75,28751.75,272.0
2026-06-11 01:29,28750.5,28763.25,28747.5,28751.25,157.0
2026-06-11 01:30,28751.5,28757.25,28728.75,28733.5,302.0
2026-06-11 01:31,28733.0,28733.5,28716.0,28719.75,222.0
2026-06-11 01:32,28718.5,28736.0,28717.25,28730.5,167.0
2026-06-11 01:33,28729.25,28729.25,28712.5,28716.5,222.0
2026-06-11 01:34,28716.5,28720.0,28706.25,28709.25,158.0
2026-06-11 01:35,28709.5,28719.25,28704.25,28712.25,140.0
2026-06-11 01:36,28711.75,28713.25,28702.0,28702.25,125.0
2026-06-11 01:37,28702.0,28712.5,28696.5,28708.25,322.0
2026-06-11 01:38,28710.5,28754.0,28708.5,28753.0,459.0
2026-06-11 01:39,28753.75,28756.25,28729.5,28734.5,253.0
2026-06-11 01:40,28733.75,28734.25,28727.5,28730.25,128.0
2026-06-11 01:41,28733.25,28744.0,28733.0,28735.0,94.0
2026-06-11 01:42,28735.5,28739.25,28719.75,28719.75,172.0
2026-06-11 01:43,28721.75,28721.75,28712.75,28719.25,116.0
2026-06-11 01:44,28718.0,28718.0,28700.25,28705.75,127.0
2026-06-11 01:45,28706.75,28709.0,28690.0,28692.25,202.0
2026-06-11 01:46,28691.75,28712.75,28686.5,28709.5,283.0
2026-06-11 01:47,28709.25,28716.0,28700.5,28701.75,157.0
2026-06-11 01:48,28701.75,28707.25,28697.75,28699.25,95.0
2026-06-11 01:49,28697.75,28703.0,28689.75,28689.75,115.0
2026-06-11 01:50,28692.0,28699.25,28684.5,28690.0,142.0
2026-06-11 01:51,28687.75,28695.75,28687.75,28693.0,68.0
2026-06-11 01:52,28691.75,28691.75,28670.25,28671.25,217.0
2026-06-11 01:53,28672.5,28673.75,28666.0,28667.5,140.0
2026-06-11 01:54,28668.0,28690.75,28663.75,28674.25,314.0
2026-06-11 01:55,28672.25,28672.25,28641.75,28644.5,322.0
2026-06-11 01:56,28644.25,28651.25,28638.5,28641.25,234.0
2026-06-11 01:57,28642.0,28651.75,28634.5,28637.75,163.0
2026-06-11 01:58,28638.0,28647.5,28633.5,28645.0,123.0
2026-06-11 01:59,28643.75,28656.25,28639.0,28641.25,164.0
2026-06-11 02:00,28643.0,28660.75,28635.0,28658.0,193.0
2026-06-11 02:01,28655.5,28671.0,28654.0,28670.25,200.0
2026-06-11 02:02,28666.0,28673.75,28654.25,28658.5,146.0
2026-06-11 02:03,28660.5,28681.75,28656.5,28673.75,279.0
2026-06-11 02:04,28673.25,28696.5,28669.0,28693.25,203.0
2026-06-11 02:05,28693.25,28694.0,28671.0,28674.5,133.0
2026-06-11 02:06,28673.5,28679.0,28659.25,28660.0,131.0
2026-06-11 02:07,28661.25,28673.25,28658.25,28666.25,188.0
2026-06-11 02:08,28663.5,28667.0,28653.5,28654.75,77.0
2026-06-11 02:09,28652.5,28663.5,28649.0,28661.25,73.0
2026-06-11 02:10,28661.0,28661.5,28638.25,28642.0,126.0
2026-06-11 02:11,28640.25,28644.25,28637.0,28641.0,99.0
2026-06-11 02:12,28642.25,28649.0,28631.5,28634.25,167.0
2026-06-11 02:13,28634.0,28641.75,28627.0,28630.75,179.0
2026-06-11 02:14,28630.25,28633.75,28621.75,28624.25,188.0
2026-06-11 02:15,28624.75,28628.25,28619.0,28622.25,78.0
2026-06-11 02:16,28621.25,28629.0,28616.25,28627.5,124.0
2026-06-11 02:17,28626.75,28635.0,28622.0,28623.75,109.0
2026-06-11 02:18,28624.75,28646.0,28624.0,28628.0,144.0
2026-06-11 02:19,28627.75,28636.25,28617.25,28624.75,116.0
2026-06-11 02:20,28626.25,28630.5,28619.25,28625.0,112.0
2026-06-11 02:21,28623.5,28623.5,28598.0,28599.25,208.0
2026-06-11 02:22,28599.25,28599.25,28579.75,28586.5,274.0
2026-06-11 02:23,28585.5,28600.0,28575.75,28576.25,260.0
2026-06-11 02:24,28579.25,28583.5,28570.25,28578.5,242.0
2026-06-11 02:25,28576.75,28580.25,28562.0,28564.75,157.0
2026-06-11 02:26,28564.25,28584.75,28558.5,28583.25,261.0
2026-06-11 02:27,28578.25,28589.25,28569.5,28571.75,160.0
2026-06-11 02:28,28570.5,28573.0,28559.5,28560.5,125.0
2026-06-11 02:29,28558.25,28563.5,28550.25,28559.0,195.0
2026-06-11 02:30,28557.75,28574.0,28556.75,28565.25,107.0
2026-06-11 02:31,28566.0,28566.25,28546.5,28554.75,219.0
2026-06-11 02:32,28556.25,28568.0,28554.75,28564.25,172.0
2026-06-11 02:33,28566.0,28582.0,28559.5,28560.5,157.0
2026-06-11 02:34,28558.5,28562.25,28531.25,28549.5,323.0
2026-06-11 02:35,28548.0,28562.75,28544.5,28559.0,172.0
2026-06-11 02:36,28559.75,28570.5,28554.75,28566.5,159.0
2026-06-11 02:37,28565.0,28571.75,28562.0,28563.75,99.0
2026-06-11 02:38,28563.5,28584.75,28555.0,28580.75,172.0
2026-06-11 02:39,28578.5,28587.0,28571.0,28579.25,183.0
2026-06-11 02:40,28578.75,28596.25,28576.5,28583.25,203.0
2026-06-11 02:41,28582.75,28595.0,28581.75,28593.5,117.0
2026-06-11 02:42,28592.25,28603.25,28585.0,28592.5,139.0
2026-06-11 02:43,28590.75,28598.75,28585.75,28585.75,76.0
2026-06-11 02:44,28586.75,28587.0,28568.0,28572.0,135.0
2026-06-11 02:45,28573.0,28584.25,28563.25,28584.25,138.0
2026-06-11 02:46,28584.25,28592.0,28581.0,28586.75,78.0
2026-06-11 02:47,28588.5,28595.0,28583.0,28583.0,103.0
2026-06-11 02:48,28582.25,28594.5,28580.5,28593.5,99.0
2026-06-11 02:49,28592.5,28592.5,28581.0,28590.5,49.0
2026-06-11 02:50,28593.0,28604.0,28593.0,28595.0,122.0
2026-06-11 02:51,28594.5,28600.5,28573.0,28583.25,140.0
2026-06-11 02:52,28584.0,28591.0,28576.0,28591.0,81.0
2026-06-11 02:53,28590.75,28595.75,28584.5,28586.5,65.0
2026-06-11 02:54,28588.75,28596.0,28585.5,28590.75,31.0
2026-06-11 02:55,28593.25,28608.75,28591.5,28608.25,174.0
2026-06-11 02:56,28607.25,28627.0,28607.0,28623.0,482.0
2026-06-11 02:57,28622.75,28642.75,28621.75,28639.5,171.0
2026-06-11 02:58,28638.5,28648.0,28636.75,28646.75,210.0
2026-06-11 02:59,28645.5,28647.75,28634.25,28636.75,112.0
2026-06-11 03:00,28636.0,28663.25,28636.0,28660.75,253.0
2026-06-11 03:01,28658.5,28677.5,28649.5,28654.0,193.0
2026-06-11 03:02,28652.75,28655.75,28640.5,28655.0,105.0
2026-06-11 03:03,28655.5,28661.5,28648.25,28652.5,133.0
2026-06-11 03:04,28653.0,28658.25,28646.0,28658.25,93.0
2026-06-11 03:05,28659.0,28663.5,28650.5,28655.5,117.0
2026-06-11 03:06,28653.75,28653.75,28629.5,28635.5,236.0
2026-06-11 03:07,28635.5,28643.0,28622.5,28635.5,163.0
2026-06-11 03:08,28636.5,28644.25,28629.5,28638.0,97.0
2026-06-11 03:09,28638.5,28645.0,28635.75,28635.75,65.0
2026-06-11 03:10,28635.0,28641.25,28615.25,28626.25,122.0
2026-06-11 03:11,28626.25,28626.5,28604.75,28609.75,122.0
2026-06-11 03:12,28606.75,28613.0,28593.5,28596.25,98.0
2026-06-11 03:13,28594.75,28607.5,28588.5,28604.25,116.0
2026-06-11 03:14,28603.75,28608.0,28600.25,28605.0,31.0
2026-06-11 03:15,28603.5,28621.75,28600.5,28618.0,117.0
2026-06-11 03:16,28621.0,28626.75,28611.0,28611.0,70.0
2026-06-11 03:17,28609.5,28617.25,28601.25,28607.75,109.0
2026-06-11 03:18,28612.5,28612.5,28599.25,28604.0,26.0
2026-06-11 03:19,28601.5,28606.25,28592.0,28593.75,77.0
2026-06-11 03:20,28594.25,28594.25,28581.25,28582.5,151.0
2026-06-11 03:21,28584.0,28596.75,28581.5,28590.5,101.0
2026-06-11 03:22,28591.0,28602.5,28591.0,28596.5,55.0
2026-06-11 03:23,28595.5,28604.0,28595.0,28596.0,52.0
2026-06-11 03:24,28597.5,28618.75,28596.25,28615.5,92.0
2026-06-11 03:25,28616.0,28617.25,28603.25,28612.75,78.0
2026-06-11 03:26,28611.0,28615.5,28597.0,28601.75,69.0
2026-06-11 03:27,28602.0,28606.0,28594.5,28599.5,57.0
2026-06-11 03:28,28597.5,28605.0,28596.5,28605.0,20.0
2026-06-11 03:29,28607.75,28621.75,28606.75,28621.5,103.0
2026-06-11 03:30,28621.25,28629.0,28618.25,28628.75,100.0
2026-06-11 03:31,28626.75,28644.0,28620.0,28639.5,219.0
2026-06-11 03:32,28638.25,28661.0,28634.25,28641.25,328.0
2026-06-11 03:33,28640.25,28665.75,28639.25,28662.0,112.0
2026-06-11 03:34,28662.0,28668.5,28660.0,28663.5,92.0
2026-06-11 03:35,28662.0,28668.5,28657.5,28662.5,74.0
2026-06-11 03:36,28660.75,28667.75,28643.75,28646.75,96.0
2026-06-11 03:37,28647.75,28663.25,28647.75,28659.5,111.0
2026-06-11 03:38,28659.0,28662.25,28651.5,28662.25,44.0
2026-06-11 03:39,28660.25,28674.0,28660.25,28672.5,121.0
2026-06-11 03:40,28673.25,28686.25,28673.25,28680.25,207.0
2026-06-11 03:41,28678.0,28688.5,28673.25,28679.5,116.0
2026-06-11 03:42,28678.5,28685.0,28671.75,28683.25,131.0
2026-06-11 03:43,28683.5,28684.5,28673.0,28681.0,93.0
2026-06-11 03:44,28681.25,28688.5,28681.25,28685.25,82.0
2026-06-11 03:45,28688.0,28693.0,28677.0,28681.5,89.0
2026-06-11 03:46,28681.5,28682.5,28671.0,28677.25,62.0
2026-06-11 03:47,28681.0,28686.75,28679.0,28686.0,39.0
2026-06-11 03:48,28685.5,28686.75,28681.75,28684.75,29.0
2026-06-11 03:49,28686.5,28693.75,28679.0,28682.0,84.0
2026-06-11 03:50,28685.5,28705.0,28685.0,28702.75,137.0
2026-06-11 03:51,28700.0,28711.5,28699.0,28704.25,131.0
2026-06-11 03:52,28705.0,28710.0,28701.0,28710.0,51.0
2026-06-11 03:53,28711.0,28743.5,28710.25,28720.5,484.0
2026-06-11 03:54,28718.5,28724.5,28711.5,28719.0,108.0
2026-06-11 03:55,28718.5,28726.0,28715.5,28720.25,75.0
2026-06-11 03:56,28718.25,28731.75,28713.0,28725.25,109.0
2026-06-11 03:57,28724.25,28733.0,28724.0,28733.0,66.0
2026-06-11 03:58,28734.5,28739.25,28733.25,28734.5,97.0
2026-06-11 03:59,28735.75,28745.75,28731.75,28738.75,231.0
2026-06-11 04:00,28741.25,28744.5,28733.25,28739.0,71.0
2026-06-11 04:01,28740.75,28744.0,28729.25,28736.25,104.0
2026-06-11 04:02,28736.5,28737.25,28729.25,28729.25,73.0
2026-06-11 04:03,28728.5,28733.25,28720.5,28723.25,111.0
2026-06-11 04:04,28725.0,28729.0,28718.0,28718.75,69.0
2026-06-11 04:05,28718.75,28723.25,28714.75,28721.25,66.0
2026-06-11 04:06,28720.5,28737.5,28720.5,28737.5,122.0
2026-06-11 04:07,28736.0,28738.5,28731.0,28738.5,74.0
2026-06-11 04:08,28739.5,28739.5,28726.5,28726.5,43.0
2026-06-11 04:09,28726.75,28731.0,28720.5,28731.0,42.0
2026-06-11 04:10,28729.25,28729.25,28717.5,28720.0,69.0
2026-06-11 04:11,28721.25,28729.0,28721.25,28726.5,43.0
2026-06-11 04:12,28726.25,28731.25,28721.0,28728.75,61.0
2026-06-11 04:13,28727.25,28730.0,28716.75,28718.75,68.0
2026-06-11 04:14,28719.0,28723.75,28719.0,28723.25,25.0
2026-06-11 04:15,28722.75,28726.5,28722.0,28725.75,66.0
2026-06-11 04:16,28723.5,28723.5,28710.25,28714.25,74.0
2026-06-11 04:17,28712.25,28716.0,28704.75,28713.0,75.0
2026-06-11 04:18,28709.75,28717.0,28707.25,28711.25,45.0
2026-06-11 04:19,28712.5,28727.25,28712.5,28725.75,87.0
2026-06-11 04:20,28726.25,28754.0,28718.75,28750.75,259.0
2026-06-11 04:21,28749.0,28758.0,28736.25,28740.75,247.0
2026-06-11 04:22,28740.75,28740.75,28723.25,28725.75,127.0
2026-06-11 04:23,28726.75,28735.5,28725.0,28727.25,81.0
2026-06-11 04:24,28729.25,28733.0,28721.0,28730.75,35.0
2026-06-11 04:25,28727.25,28743.0,28727.25,28741.0,76.0
2026-06-11 04:26,28741.25,28756.5,28741.25,28751.75,168.0
2026-06-11 04:27,28750.75,28750.75,28730.5,28733.25,128.0
2026-06-11 04:28,28733.25,28736.5,28729.0,28730.5,60.0
2026-06-11 04:29,28735.0,28749.0,28735.0,28742.0,123.0
2026-06-11 04:30,28743.75,28760.0,28743.75,28750.75,180.0
2026-06-11 04:31,28747.5,28752.5,28746.0,28749.75,45.0
2026-06-11 04:32,28748.5,28752.0,28742.25,28751.25,61.0
2026-06-11 04:33,28752.0,28755.5,28745.0,28749.0,65.0
2026-06-11 04:34,28747.75,28750.5,28735.25,28735.25,62.0
2026-06-11 04:35,28734.25,28736.75,28732.0,28736.25,39.0
2026-06-11 04:36,28734.75,28762.0,28732.25,28760.25,133.0
2026-06-11 04:37,28759.75,28771.75,28755.25,28760.75,402.0
2026-06-11 04:38,28760.5,28775.5,28760.5,28773.25,137.0
2026-06-11 04:39,28772.75,28775.5,28770.75,28773.5,87.0
2026-06-11 04:40,28775.0,28783.0,28764.5,28770.0,330.0
2026-06-11 04:41,28769.75,28778.5,28769.75,28777.5,91.0
2026-06-11 04:42,28777.0,28788.5,28776.25,28784.0,153.0
2026-06-11 04:43,28784.5,28791.75,28780.75,28791.75,142.0
2026-06-11 04:44,28789.5,28803.0,28789.5,28790.5,213.0
2026-06-11 04:45,28793.0,28802.0,28791.25,28799.5,77.0
2026-06-11 04:46,28796.75,28799.0,28790.75,28797.5,70.0
2026-06-11 04:47,28796.75,28800.25,28792.0,28799.25,65.0
2026-06-11 04:48,28799.0,28799.0,28779.0,28785.0,146.0
2026-06-11 04:49,28784.0,28786.75,28777.25,28780.0,67.0
2026-06-11 04:50,28780.5,28784.75,28772.25,28782.0,83.0
2026-06-11 04:51,28781.5,28781.5,28760.0,28765.0,194.0
2026-06-11 04:52,28764.0,28770.0,28764.0,28765.5,38.0
2026-06-11 04:53,28768.75,28781.25,28768.75,28776.5,287.0
2026-06-11 04:54,28776.75,28781.25,28770.5,28779.25,50.0
2026-06-11 04:55,28782.0,28784.25,28771.75,28773.0,56.0
2026-06-11 04:56,28772.0,28776.5,28769.0,28773.75,80.0
2026-06-11 04:57,28770.5,28772.0,28764.75,28769.25,88.0
2026-06-11 04:58,28769.5,28773.0,28769.5,28772.25,35.0
2026-06-11 04:59,28769.5,28777.75,28768.25,28776.5,78.0
2026-06-11 05:00,28776.5,28782.0,28749.25,28754.25,243.0
2026-06-11 05:01,28754.5,28757.0,28727.75,28745.75,258.0
2026-06-11 05:02,28748.5,28766.75,28739.25,28747.75,465.0
2026-06-11 05:03,28747.0,28753.0,28740.0,28742.5,128.0
2026-06-11 05:04,28743.5,28746.75,28738.75,28743.5,66.0
2026-06-11 05:05,28743.0,28743.0,28732.0,28741.5,85.0
2026-06-11 05:06,28738.25,28738.25,28717.25,28720.75,166.0
2026-06-11 05:07,28720.0,28732.0,28720.0,28724.25,98.0
2026-06-11 05:08,28725.5,28738.0,28722.75,28737.75,70.0
2026-06-11 05:09,28738.25,28742.5,28731.0,28742.0,71.0
2026-06-11 05:10,28740.5,28743.75,28724.75,28726.0,152.0
2026-06-11 05:11,28723.75,28729.0,28720.5,28723.5,81.0
2026-06-11 05:12,28724.5,28732.75,28722.25,28732.75,45.0
2026-06-11 05:13,28734.25,28735.75,28727.5,28727.75,31.0
2026-06-11 05:14,28733.0,28735.75,28727.5,28728.75,26.0
2026-06-11 05:15,28729.0,28732.25,28715.0,28730.0,97.0
2026-06-11 05:16,28731.5,28750.0,28730.0,28734.25,214.0
2026-06-11 05:17,28733.75,28734.75,28724.5,28732.0,104.0
2026-06-11 05:18,28731.0,28732.5,28723.25,28725.5,64.0
2026-06-11 05:19,28723.5,28728.25,28722.0,28728.25,34.0
2026-06-11 05:20,28727.5,28740.0,28727.5,28737.75,81.0
2026-06-11 05:21,28738.75,28743.25,28732.0,28739.0,72.0
2026-06-11 05:22,28739.25,28742.5,28736.75,28737.0,29.0
2026-06-11 05:23,28736.25,28738.75,28729.0,28736.75,31.0
2026-06-11 05:24,28734.25,28742.75,28734.25,28737.25,73.0
2026-06-11 05:25,28735.0,28737.75,28722.5,28730.75,103.0
2026-06-11 05:26,28729.5,28740.75,28729.5,28732.5,38.0
2026-06-11 05:27,28733.5,28735.75,28722.75,28723.0,38.0
2026-06-11 05:28,28721.75,28725.5,28713.75,28720.25,94.0
2026-06-11 05:29,28719.75,28738.5,28719.75,28734.0,107.0
2026-06-11 05:30,28733.5,28743.25,28730.0,28732.75,80.0
2026-06-11 05:31,28730.5,28732.0,28712.0,28717.25,165.0
2026-06-11 05:32,28717.25,28735.0,28716.0,28733.25,91.0
2026-06-11 05:33,28734.0,28745.0,28728.5,28732.75,141.0
2026-06-11 05:34,28734.0,28741.75,28734.0,28738.5,72.0
2026-06-11 05:35,28740.0,28744.25,28737.0,28739.0,65.0
2026-06-11 05:36,28737.0,28746.0,28733.75,28743.5,48.0
2026-06-11 05:37,28744.0,28747.5,28733.25,28734.75,86.0
2026-06-11 05:38,28735.0,28747.75,28735.0,28744.0,87.0
2026-06-11 05:39,28743.75,28743.75,28726.25,28740.25,152.0
2026-06-11 05:40,28739.75,28751.0,28739.75,28750.0,197.0
2026-06-11 05:41,28749.75,28751.0,28741.0,28741.75,107.0
2026-06-11 05:42,28744.25,28744.25,28732.75,28735.5,54.0
2026-06-11 05:43,28738.0,28750.0,28738.0,28749.25,205.0
2026-06-11 05:44,28747.5,28749.25,28741.25,28743.75,59.0
2026-06-11 05:45,28742.5,28744.0,28733.25,28736.25,124.0
2026-06-11 05:46,28734.0,28738.0,28731.25,28738.0,47.0
2026-06-11 05:47,28737.5,28739.5,28729.75,28737.0,61.0
2026-06-11 05:48,28738.0,28745.25,28735.5,28743.5,44.0
2026-06-11 05:49,28745.5,28750.0,28737.0,28739.75,127.0
2026-06-11 05:50,28738.25,28738.5,28730.75,28736.5,71.0
2026-06-11 05:51,28737.0,28749.5,28736.5,28741.75,199.0
2026-06-11 05:52,28741.5,28745.0,28730.75,28732.75,97.0
2026-06-11 05:53,28731.75,28744.75,28730.0,28742.0,82.0
2026-06-11 05:54,28740.25,28745.5,28731.75,28732.5,98.0
2026-06-11 05:55,28732.25,28744.5,28726.5,28734.75,118.0
2026-06-11 05:56,28737.0,28745.0,28737.0,28740.75,63.0
2026-06-11 05:57,28741.25,28748.5,28732.0,28748.5,89.0
2026-06-11 05:58,28748.5,28756.0,28745.25,28745.75,109.0
2026-06-11 05:59,28744.0,28750.5,28736.75,28746.5,76.0
2026-06-11 06:00,28746.0,28748.0,28722.0,28741.5,223.0
2026-06-11 06:01,28741.75,28743.25,28727.5,28735.5,102.0
2026-06-11 06:02,28733.25,28734.75,28720.25,28727.75,135.0
2026-06-11 06:03,28727.75,28747.0,28727.75,28743.5,188.0
2026-06-11 06:04,28740.75,28743.25,28719.0,28720.0,310.0
2026-06-11 06:05,28718.5,28734.0,28708.25,28724.0,496.0
2026-06-11 06:06,28723.75,28724.0,28685.5,28694.75,602.0
2026-06-11 06:07,28696.25,28699.5,28688.25,28699.25,152.0
2026-06-11 06:08,28699.0,28717.25,28698.0,28702.5,219.0
2026-06-11 06:09,28703.25,28713.0,28693.0,28706.25,222.0
2026-06-11 06:10,28707.75,28726.25,28704.5,28723.25,240.0
2026-06-11 06:11,28722.5,28727.0,28707.0,28720.25,304.0
2026-06-11 06:12,28721.25,28745.0,28719.25,28741.75,314.0
2026-06-11 06:13,28743.75,28746.75,28727.5,28736.25,173.0
2026-06-11 06:14,28734.75,28762.75,28734.75,28746.0,289.0
2026-06-11 06:15,28748.5,28758.5,28746.75,28753.75,223.0
2026-06-11 06:16,28753.0,28766.75,28753.0,28762.0,163.0
2026-06-11 06:17,28764.75,28770.75,28761.75,28762.0,132.0
2026-06-11 06:18,28762.5,28767.0,28758.75,28767.0,119.0
2026-06-11 06:19,28766.0,28768.5,28748.25,28750.75,115.0
2026-06-11 06:20,28751.75,28764.25,28749.5,28762.75,106.0
2026-06-11 06:21,28763.75,28774.0,28760.0,28773.25,99.0
2026-06-11 06:22,28771.0,28773.0,28753.25,28753.25,104.0
2026-06-11 06:23,28753.25,28756.25,28743.5,28746.5,110.0
2026-06-11 06:24,28745.0,28755.0,28743.0,28751.0,205.0
2026-06-11 06:25,28752.75,28766.25,28751.5,28759.0,149.0
2026-06-11 06:26,28756.5,28757.25,28746.75,28749.25,51.0
2026-06-11 06:27,28748.5,28756.5,28748.0,28755.25,45.0
2026-06-11 06:28,28754.0,28760.0,28746.25,28754.5,133.0
2026-06-11 06:29,28754.0,28755.0,28745.75,28749.5,113.0
2026-06-11 06:30,28751.0,28755.0,28745.75,28749.5,83.0
2026-06-11 06:31,28747.75,28748.5,28734.0,28747.0,157.0
2026-06-11 06:32,28741.75,28744.25,28728.75,28733.5,156.0
2026-06-11 06:33,28731.75,28742.25,28728.25,28739.25,69.0
2026-06-11 06:34,28736.0,28736.5,28728.0,28729.25,88.0
2026-06-11 06:35,28731.5,28735.25,28728.25,28735.25,52.0
2026-06-11 06:36,28736.25,28754.5,28736.25,28750.75,145.0
2026-06-11 06:37,28752.5,28765.75,28747.25,28764.75,101.0
2026-06-11 06:38,28765.5,28770.0,28762.5,28764.75,129.0
2026-06-11 06:39,28764.0,28768.5,28758.0,28764.0,115.0
2026-06-11 06:40,28764.5,28778.25,28764.5,28770.0,302.0
2026-06-11 06:41,28771.25,28774.0,28762.75,28769.25,145.0
2026-06-11 06:42,28768.5,28773.5,28768.0,28770.75,45.0
2026-06-11 06:43,28769.75,28773.0,28762.75,28765.5,53.0
2026-06-11 06:44,28763.0,28763.75,28757.25,28762.75,80.0
2026-06-11 06:45,28763.75,28779.5,28761.5,28767.5,178.0
2026-06-11 06:46,28766.25,28766.25,28755.25,28759.25,87.0
2026-06-11 06:47,28760.0,28762.75,28755.75,28758.0,54.0
2026-06-11 06:48,28756.25,28775.25,28755.5,28775.25,129.0
2026-06-11 06:49,28770.25,28773.0,28765.25,28768.75,51.0
2026-06-11 06:50,28768.0,28770.75,28764.25,28764.75,183.0
2026-06-11 06:51,28765.75,28770.25,28764.25,28765.0,78.0
2026-06-11 06:52,28770.25,28773.75,28768.25,28773.75,47.0
2026-06-11 06:53,28773.25,28788.75,28771.0,28785.25,110.0
2026-06-11 06:54,28783.5,28787.0,28772.25,28783.25,66.0
2026-06-11 06:55,28782.25,28783.25,28778.0,28781.0,79.0
2026-06-11 06:56,28781.75,28787.25,28779.5,28781.5,62.0
2026-06-11 06:57,28782.75,28793.0,28781.25,28789.25,58.0
2026-06-11 06:58,28789.75,28790.5,28785.0,28785.25,34.0
2026-06-11 06:59,28784.75,28797.5,28783.75,28792.0,129.0
2026-06-11 07:00,28791.75,28813.75,28786.75,28803.5,405.0
2026-06-11 07:01,28803.5,28819.5,28797.25,28804.0,292.0
2026-06-11 07:02,28801.5,28812.75,28799.75,28801.0,92.0
2026-06-11 07:03,28800.0,28810.75,28792.0,28803.5,147.0
2026-06-11 07:04,28803.0,28809.5,28801.25,28803.25,183.0
2026-06-11 07:05,28805.75,28805.75,28791.25,28793.75,124.0
2026-06-11 07:06,28792.0,28796.25,28778.5,28782.0,239.0
2026-06-11 07:07,28780.0,28783.5,28768.5,28779.75,124.0
2026-06-11 07:08,28781.0,28791.25,28778.5,28784.75,63.0
2026-06-11 07:09,28788.75,28799.5,28785.25,28799.0,90.0
2026-06-11 07:10,28799.75,28807.5,28797.25,28806.0,106.0
2026-06-11 07:11,28804.0,28805.5,28790.5,28790.5,86.0
2026-06-11 07:12,28789.0,28795.5,28781.25,28781.25,81.0
2026-06-11 07:13,28781.75,28786.25,28764.0,28784.25,311.0
2026-06-11 07:14,28784.5,28794.25,28782.5,28789.25,174.0
2026-06-11 07:15,28786.5,28802.5,28781.0,28800.25,156.0
2026-06-11 07:16,28800.5,28817.75,28796.75,28809.75,212.0
2026-06-11 07:17,28810.5,28816.0,28799.0,28813.5,122.0
2026-06-11 07:18,28813.75,28826.75,28811.5,28824.25,145.0
2026-06-11 07:19,28821.25,28825.0,28809.5,28817.5,234.0
2026-06-11 07:20,28818.0,28828.0,28815.75,28827.0,107.0
2026-06-11 07:21,28826.75,28850.0,28826.0,28844.75,624.0
2026-06-11 07:22,28844.5,28853.0,28844.25,28849.5,144.0
2026-06-11 07:23,28848.5,28859.0,28841.5,28855.75,273.0
2026-06-11 07:24,28855.5,28868.5,28851.75,28868.5,379.0
2026-06-11 07:25,28866.5,28866.5,28835.5,28838.5,425.0
2026-06-11 07:26,28838.5,28843.5,28830.25,28832.0,259.0
2026-06-11 07:27,28830.0,28838.0,28827.0,28829.25,120.0
2026-06-11 07:28,28828.25,28843.5,28828.0,28839.0,191.0
2026-06-11 07:29,28839.25,28850.0,28837.75,28849.75,112.0
2026-06-11 07:30,28848.25,28862.75,28847.75,28855.25,183.0
2026-06-11 07:31,28854.75,28855.75,28840.25,28848.25,136.0
2026-06-11 07:32,28847.25,28853.5,28844.5,28851.0,91.0
2026-06-11 07:33,28852.0,28852.5,28847.75,28848.25,57.0
2026-06-11 07:34,28848.5,28853.0,28845.5,28848.5,60.0
2026-06-11 07:35,28848.0,28860.25,28848.0,28855.0,85.0
2026-06-11 07:36,28852.5,28859.0,28849.5,28854.75,96.0
2026-06-11 07:37,28853.75,28867.0,28848.75,28856.75,206.0
2026-06-11 07:38,28855.75,28860.5,28854.25,28859.75,63.0
2026-06-11 07:39,28858.0,28861.5,28846.0,28848.5,93.0
2026-06-11 07:40,28847.75,28848.0,28836.25,28839.25,87.0
2026-06-11 07:41,28838.75,28850.25,28837.0,28848.0,124.0
2026-06-11 07:42,28849.5,28856.0,28849.5,28854.25,75.0
2026-06-11 07:43,28854.0,28860.0,28853.25,28854.75,90.0
2026-06-11 07:44,28854.25,28864.75,28850.25,28860.75,122.0
2026-06-11 07:45,28860.25,28865.5,28854.75,28854.75,135.0
2026-06-11 07:46,28856.0,28859.5,28850.0,28858.0,63.0
2026-06-11 07:47,28856.0,28859.25,28850.0,28856.0,48.0
2026-06-11 07:48,28853.0,28854.0,28844.5,28847.25,59.0
2026-06-11 07:49,28845.75,28845.75,28838.25,28839.75,105.0
2026-06-11 07:50,28841.25,28842.75,28833.5,28837.25,65.0
2026-06-11 07:51,28837.25,28841.5,28832.0,28835.25,90.0
2026-06-11 07:52,28834.25,28846.25,28833.5,28842.25,89.0
2026-06-11 07:53,28841.75,28853.25,28839.25,28839.25,71.0
2026-06-11 07:54,28837.5,28843.0,28835.25,28841.0,20.0
2026-06-11 07:55,28840.75,28843.0,28835.0,28837.5,41.0
2026-06-11 07:56,28837.0,28844.0,28837.0,28838.0,32.0
2026-06-11 07:57,28838.0,28845.5,28838.0,28844.0,69.0
2026-06-11 07:58,28845.5,28847.25,28841.75,28843.75,38.0
2026-06-11 07:59,28844.75,28847.25,28838.75,28844.25,126.0
2026-06-11 08:00,28845.0,28877.5,28839.25,28871.0,382.0
2026-06-11 08:01,28871.75,28878.5,28864.25,28878.5,228.0
2026-06-11 08:02,28878.5,28899.25,28873.0,28892.25,464.0
2026-06-11 08:03,28891.25,28918.0,28884.75,28889.25,449.0
2026-06-11 08:04,28889.0,28891.25,28869.25,28869.25,250.0
2026-06-11 08:05,28870.0,28876.75,28866.0,28874.25,158.0
2026-06-11 08:06,28874.0,28889.25,28872.75,28889.25,144.0
2026-06-11 08:07,28889.25,28897.25,28886.75,28895.75,125.0
2026-06-11 08:08,28896.25,28906.0,28889.5,28904.5,127.0
2026-06-11 08:09,28906.0,28918.0,28901.25,28914.0,369.0
2026-06-11 08:10,28913.75,28915.0,28903.75,28906.75,257.0
2026-06-11 08:11,28906.5,28918.0,28903.5,28912.25,216.0
2026-06-11 08:12,28913.25,28923.0,28911.5,28919.25,181.0
2026-06-11 08:13,28919.25,28927.25,28916.0,28921.25,195.0
2026-06-11 08:14,28921.25,28922.75,28902.25,28916.25,251.0
2026-06-11 08:15,28914.75,28915.5,28897.5,28900.0,166.0
2026-06-11 08:16,28901.25,28903.0,28888.75,28898.0,119.0
2026-06-11 08:17,28895.75,28905.5,28893.75,28901.25,144.0
2026-06-11 08:18,28902.5,28916.0,28897.75,28909.75,247.0
2026-06-11 08:19,28909.75,28918.75,28903.25,28915.0,205.0
2026-06-11 08:20,28913.25,28915.0,28890.5,28899.75,199.0
2026-06-11 08:21,28900.25,28907.5,28896.5,28898.25,108.0
2026-06-11 08:22,28899.25,28908.0,28897.0,28905.5,91.0
2026-06-11 08:23,28906.0,28922.75,28906.0,28920.5,196.0
2026-06-11 08:24,28920.75,28921.0,28915.25,28917.25,93.0
2026-06-11 08:25,28919.0,28926.0,28918.5,28924.25,47.0
2026-06-11 08:26,28923.75,28933.5,28923.75,28933.25,138.0
2026-06-11 08:27,28931.5,28931.5,28914.25,28915.5,132.0
2026-06-11 08:28,28913.0,28920.75,28911.0,28913.25,90.0
2026-06-11 08:29,28914.75,28916.25,28898.0,28907.25,153.0
2026-06-11 08:30,28905.5,28911.0,28895.25,28908.25,130.0
2026-06-11 08:31,28906.25,28907.5,28901.25,28904.0,55.0
2026-06-11 08:32,28903.5,28904.75,28895.5,28902.75,57.0
2026-06-11 08:33,28903.75,28912.75,28900.75,28907.75,71.0
2026-06-11 08:34,28906.25,28919.75,28903.5,28914.75,162.0
2026-06-11 08:35,28915.0,28926.25,28911.25,28925.25,516.0
2026-06-11 08:36,28925.0,28932.5,28921.25,28932.5,160.0
2026-06-11 08:37,28933.25,28936.0,28915.75,28916.75,142.0
2026-06-11 08:38,28916.5,28921.25,28915.0,28917.75,54.0
2026-06-11 08:39,28915.25,28920.75,28909.75,28920.75,123.0
2026-06-11 08:40,28918.75,28924.0,28917.25,28920.75,135.0
2026-06-11 08:41,28918.5,28918.5,28905.25,28913.75,108.0
2026-06-11 08:42,28914.0,28916.75,28907.75,28911.0,50.0
2026-06-11 08:43,28911.0,28925.0,28911.0,28912.75,96.0
2026-06-11 08:44,28910.25,28913.0,28908.0,28912.5,79.0
2026-06-11 08:45,28915.75,28916.75,28909.25,28910.25,26.0
2026-06-11 08:46,28910.5,28915.25,28909.5,28914.5,38.0
2026-06-11 08:47,28912.0,28914.0,28900.5,28910.25,100.0
2026-06-11 08:48,28909.25,28920.0,28906.25,28908.75,153.0
2026-06-11 08:49,28907.5,28907.5,28896.5,28896.5,157.0
2026-06-11 08:50,28898.5,28903.5,28895.0,28901.75,74.0
2026-06-11 08:51,28903.25,28906.5,28897.75,28900.0,75.0
2026-06-11 08:52,28902.0,28915.25,28902.0,28907.25,56.0
2026-06-11 08:53,28906.5,28907.75,28889.25,28890.5,149.0
2026-06-11 08:54,28890.75,28901.75,28890.25,28901.0,132.0
2026-06-11 08:55,28899.5,28905.75,28899.0,28902.25,46.0
2026-06-11 08:56,28901.5,28904.25,28900.25,28900.25,37.0
2026-06-11 08:57,28899.75,28906.25,28898.0,28906.25,41.0
2026-06-11 08:58,28909.25,28913.25,28906.0,28906.0,66.0
2026-06-11 08:59,28905.25,28914.5,28905.0,28910.75,56.0
2026-06-11 09:00,28909.0,28919.5,28908.0,28917.25,94.0
2026-06-11 09:01,28917.25,28922.0,28907.75,28914.25,111.0
2026-06-11 09:02,28911.75,28920.75,28910.0,28918.75,54.0
2026-06-11 09:03,28918.0,28921.0,28908.75,28908.75,46.0
2026-06-11 09:04,28911.0,28915.25,28908.25,28914.0,65.0
2026-06-11 09:05,28913.75,28917.75,28903.5,28906.0,62.0
2026-06-11 09:06,28906.75,28914.75,28902.5,28903.5,95.0
2026-06-11 09:07,28905.75,28910.75,28896.5,28899.5,212.0
2026-06-11 09:08,28897.75,28900.5,28886.75,28894.75,228.0
2026-06-11 09:09,28895.25,28895.5,28884.25,28885.75,124.0
2026-06-11 09:10,28887.25,28892.25,28877.25,28880.75,265.0
2026-06-11 09:11,28880.75,28881.75,28873.75,28876.25,223.0
2026-06-11 09:12,28877.75,28883.25,28874.25,28883.25,140.0
2026-06-11 09:13,28882.0,28886.0,28872.75,28872.75,149.0
2026-06-11 09:14,28874.0,28884.25,28872.75,28883.0,174.0
2026-06-11 09:15,28881.0,28889.75,28877.75,28880.25,102.0
2026-06-11 09:16,28879.75,28880.5,28870.25,28873.75,122.0
2026-06-11 09:17,28874.0,28876.0,28869.0,28874.5,117.0
2026-06-11 09:18,28876.0,28890.75,28875.75,28880.75,184.0
2026-06-11 09:19,28881.75,28890.75,28880.5,28883.5,104.0
2026-06-11 09:20,28882.75,28887.25,28877.5,28879.0,110.0
2026-06-11 09:21,28878.75,28879.0,28861.25,28863.25,144.0
2026-06-11 09:22,28864.5,28867.25,28859.75,28867.25,131.0
2026-06-11 09:23,28866.75,28874.0,28864.5,28874.0,71.0
2026-06-11 09:24,28874.0,28876.0,28867.25,28873.0,73.0
2026-06-11 09:25,28872.25,28875.25,28868.0,28868.75,45.0
2026-06-11 09:26,28870.5,28871.0,28866.75,28867.25,24.0
2026-06-11 09:27,28867.25,28878.0,28861.0,28868.5,147.0
2026-06-11 09:28,28867.25,28880.0,28867.25,28879.75,74.0
2026-06-11 09:29,28879.0,28887.0,28873.0,28874.5,136.0
2026-06-11 09:30,28872.75,28877.0,28869.0,28869.75,46.0
2026-06-11 09:31,28869.0,28871.25,28859.0,28859.0,118.0
2026-06-11 09:32,28859.0,28868.0,28858.0,28863.75,71.0
2026-06-11 09:33,28866.5,28869.0,28863.0,28867.75,23.0
2026-06-11 09:34,28868.25,28874.0,28867.0,28871.25,44.0
2026-06-11 09:35,28874.0,28880.5,28874.0,28875.5,44.0
2026-06-11 09:36,28873.0,28874.75,28866.0,28869.0,42.0
2026-06-11 09:37,28865.25,28876.0,28864.0,28876.0,66.0
2026-06-11 09:38,28874.0,28877.0,28872.25,28875.0,66.0
2026-06-11 09:39,28874.5,28882.5,28870.0,28879.25,62.0
2026-06-11 09:40,28881.75,28886.0,28880.0,28886.0,191.0
2026-06-11 09:41,28886.0,28886.0,28878.75,28878.75,70.0
2026-06-11 09:42,28880.0,28894.25,28876.0,28893.5,128.0
2026-06-11 09:43,28893.25,28894.0,28884.5,28888.25,97.0
2026-06-11 09:44,28888.0,28890.0,28881.0,28883.25,37.0
2026-06-11 09:45,28883.25,28890.5,28880.75,28890.5,49.0
2026-06-11 09:46,28890.25,28898.0,28888.0,28896.5,102.0
2026-06-11 09:47,28898.0,28907.5,28896.5,28899.75,209.0
2026-06-11 09:48,28899.75,28903.0,28886.25,28886.5,112.0
2026-06-11 09:49,28886.0,28888.75,28876.25,28888.5,107.0
2026-06-11 09:50,28889.25,28895.0,28881.0,28881.5,78.0
2026-06-11 09:51,28880.75,28885.25,28876.75,28879.75,55.0
2026-06-11 09:52,28880.5,28885.5,28879.25,28882.75,24.0
2026-06-11 09:53,28881.0,28884.25,28879.0,28883.0,25.0
2026-06-11 09:54,28882.0,28886.25,28881.0,28884.0,44.0
2026-06-11 09:55,28885.25,28896.75,28883.25,28893.75,68.0
2026-06-11 09:56,28895.25,28897.0,28888.0,28888.0,99.0
2026-06-11 09:57,28888.25,28888.25,28876.75,28877.75,65.0
2026-06-11 09:58,28878.25,28881.25,28877.5,28880.5,32.0
2026-06-11 09:59,28883.5,28883.5,28878.25,28878.25,25.0
2026-06-11 10:00,28877.5,28890.25,28875.25,28885.75,57.0
2026-06-11 10:01,28887.5,28901.0,28884.0,28898.75,93.0
2026-06-11 10:02,28898.0,28908.0,28897.0,28897.5,182.0
2026-06-11 10:03,28898.75,28900.75,28887.25,28889.5,138.0
2026-06-11 10:04,28891.75,28896.75,28880.75,28896.75,101.0
2026-06-11 10:05,28897.75,28906.0,28897.25,28905.25,135.0
2026-06-11 10:06,28906.25,28909.75,28901.25,28907.0,140.0
2026-06-11 10:07,28907.0,28917.0,28900.5,28905.0,123.0
2026-06-11 10:08,28903.5,28909.0,28898.25,28901.75,84.0
2026-06-11 10:09,28902.0,28908.75,28900.0,28900.0,48.0
2026-06-11 10:10,28900.5,28901.75,28886.75,28887.5,139.0
2026-06-11 10:11,28887.5,28909.25,28883.25,28907.5,88.0
2026-06-11 10:12,28907.5,28910.5,28899.0,28899.75,77.0
2026-06-11 10:13,28903.25,28905.0,28897.5,28897.5,20.0
2026-06-11 10:14,28897.75,28898.75,28895.0,28896.5,33.0
2026-06-11 10:15,28897.75,28903.5,28897.75,28901.75,39.0
2026-06-11 10:16,28902.75,28903.25,28894.5,28894.5,66.0
2026-06-11 10:17,28895.25,28896.5,28891.0,28891.0,8.0
2026-06-11 10:18,28890.75,28891.0,28887.5,28889.25,39.0
2026-06-11 10:19,28888.0,28888.0,28876.75,28881.0,118.0
2026-06-11 10:20,28882.0,28889.0,28881.25,28889.0,65.0
2026-06-11 10:21,28889.0,28891.25,28884.5,28884.75,47.0
2026-06-11 10:22,28883.75,28894.25,28883.75,28892.75,44.0
2026-06-11 10:23,28891.5,28897.25,28889.5,28897.25,33.0
2026-06-11 10:24,28900.0,28900.25,28894.75,28896.5,39.0
2026-06-11 10:25,28896.5,28897.5,28882.0,28885.75,75.0
2026-06-11 10:26,28886.0,28888.0,28873.5,28876.75,187.0
2026-06-11 10:27,28877.5,28890.75,28877.5,28888.75,82.0
2026-06-11 10:28,28888.5,28888.5,28882.0,28884.0,74.0
2026-06-11 10:29,28884.0,28889.5,28876.5,28876.5,96.0
2026-06-11 10:30,28877.5,28892.5,28877.5,28892.5,53.0
2026-06-11 10:31,28892.5,28902.25,28890.0,28893.75,126.0
2026-06-11 10:32,28894.0,28902.5,28894.0,28899.5,93.0
2026-06-11 10:33,28899.25,28904.0,28898.5,28901.5,101.0
2026-06-11 10:34,28904.0,28914.5,28902.0,28912.5,195.0
2026-06-11 10:35,28912.0,28913.5,28893.5,28895.25,145.0
2026-06-11 10:36,28894.25,28902.5,28894.25,28895.25,37.0
2026-06-11 10:37,28893.5,28899.75,28891.5,28899.5,42.0
2026-06-11 10:38,28898.0,28899.25,28893.75,28896.0,22.0
2026-06-11 10:39,28893.25,28896.75,28891.5,28893.25,102.0
2026-06-11 10:40,28893.0,28896.5,28892.5,28894.75,21.0
2026-06-11 10:41,28892.75,28901.75,28892.75,28895.25,136.0
2026-06-11 10:42,28895.75,28896.25,28890.0,28890.25,90.0
2026-06-11 10:43,28889.25,28891.75,28885.5,28886.0,72.0
2026-06-11 10:44,28885.75,28894.5,28885.5,28892.25,106.0
2026-06-11 10:45,28891.25,28894.0,28889.0,28891.5,20.0
2026-06-11 10:46,28890.0,28890.75,28885.75,28887.0,43.0
2026-06-11 10:47,28885.0,28891.25,28882.5,28888.25,72.0
2026-06-11 10:48,28889.5,28890.25,28884.5,28885.75,53.0
2026-06-11 10:49,28885.0,28892.0,28884.5,28891.75,24.0
2026-06-11 10:50,28890.75,28898.25,28889.0,28896.25,74.0
2026-06-11 10:51,28897.0,28905.0,28897.0,28902.25,62.0
2026-06-11 10:52,28901.25,28903.5,28893.5,28896.25,53.0
2026-06-11 10:53,28896.5,28901.25,28895.0,28898.0,25.0
2026-06-11 10:54,28897.25,28900.75,28895.0,28895.75,45.0
2026-06-11 10:55,28895.25,28898.0,28895.25,28896.5,63.0
2026-06-11 10:56,28895.5,28896.5,28891.75,28891.75,50.0
2026-06-11 10:57,28891.0,28892.0,28881.75,28884.25,83.0
2026-06-11 10:58,28884.5,28887.75,28877.25,28878.5,106.0
2026-06-11 10:59,28879.0,28888.0,28875.75,28877.75,199.0
2026-06-11 11:00,28878.0,28878.75,28859.5,28861.5,394.0
2026-06-11 11:01,28861.75,28864.75,28849.75,28852.75,301.0
2026-06-11 11:02,28853.75,28864.5,28850.0,28859.5,256.0
2026-06-11 11:03,28860.25,28862.75,28852.0,28854.0,117.0
2026-06-11 11:04,28854.75,28862.5,28847.5,28849.0,124.0
2026-06-11 11:05,28849.25,28854.0,28837.75,28838.25,320.0
2026-06-11 11:06,28839.5,28851.75,28834.75,28848.75,249.0
2026-06-11 11:07,28848.25,28862.0,28844.25,28854.0,170.0
2026-06-11 11:08,28854.25,28854.75,28821.25,28832.5,389.0
2026-06-11 11:09,28833.0,28836.25,28812.5,28813.5,196.0
2026-06-11 11:10,28815.5,28836.0,28814.5,28835.25,180.0
2026-06-11 11:11,28835.5,28844.25,28831.75,28839.25,88.0
2026-06-11 11:12,28839.25,28842.0,28830.75,28839.25,115.0
2026-06-11 11:13,28840.0,28845.0,28835.5,28837.5,87.0
2026-06-11 11:14,28836.75,28843.25,28835.0,28840.0,55.0
2026-06-11 11:15,28840.5,28847.75,28836.0,28843.0,140.0
2026-06-11 11:16,28842.75,28848.0,28833.75,28838.5,180.0
2026-06-11 11:17,28840.0,28846.5,28839.5,28845.75,60.0
2026-06-11 11:18,28845.75,28847.5,28835.0,28836.0,69.0
2026-06-11 11:19,28835.75,28842.0,28835.5,28842.0,66.0
2026-06-11 11:20,28843.0,28845.5,28832.25,28839.0,185.0
2026-06-11 11:21,28836.75,28839.5,28830.25,28834.0,114.0
2026-06-11 11:22,28835.0,28844.75,28832.25,28841.0,95.0
2026-06-11 11:23,28839.0,28841.0,28831.25,28835.0,79.0
2026-06-11 11:24,28834.0,28839.75,28830.0,28832.75,68.0
2026-06-11 11:25,28833.0,28837.0,28827.5,28827.75,101.0
2026-06-11 11:26,28828.5,28831.25,28821.75,28824.0,93.0
2026-06-11 11:27,28823.5,28844.25,28821.25,28842.25,138.0
2026-06-11 11:28,28841.5,28859.5,28840.5,28857.75,215.0
2026-06-11 11:29,28859.0,28869.25,28843.5,28854.25,358.0
2026-06-11 11:30,28852.75,28886.75,28848.5,28874.0,675.0
2026-06-11 11:31,28874.75,28894.0,28867.5,28891.25,330.0
2026-06-11 11:32,28889.25,28895.5,28884.25,28890.0,208.0
2026-06-11 11:33,28883.5,28886.75,28873.5,28874.75,132.0
2026-06-11 11:34,28873.75,28881.75,28873.0,28878.75,65.0
2026-06-11 11:35,28879.75,28884.75,28872.75,28880.5,121.0
2026-06-11 11:36,28879.75,28895.75,28877.5,28890.0,119.0
2026-06-11 11:37,28891.25,28904.75,28887.75,28887.75,351.0
2026-06-11 11:38,28889.0,28890.75,28869.75,28878.75,303.0
2026-06-11 11:39,28878.0,28886.25,28871.75,28876.25,174.0
2026-06-11 11:40,28877.25,28879.5,28871.5,28872.25,89.0
2026-06-11 11:41,28873.5,28876.0,28860.25,28868.0,156.0
2026-06-11 11:42,28867.5,28882.5,28863.5,28882.5,88.0
2026-06-11 11:43,28881.0,28893.25,28879.25,28892.25,104.0
2026-06-11 11:44,28892.75,28894.5,28884.25,28886.5,103.0
2026-06-11 11:45,28886.5,28891.5,28884.0,28885.0,40.0
2026-06-11 11:46,28884.25,28890.0,28883.0,28890.0,31.0
2026-06-11 11:47,28890.0,28895.0,28882.0,28891.0,81.0
2026-06-11 11:48,28890.75,28894.75,28887.5,28894.25,68.0
2026-06-11 11:49,28894.25,28899.0,28891.0,28894.5,73.0
2026-06-11 11:50,28893.25,28895.0,28885.75,28888.75,131.0
2026-06-11 11:51,28888.25,28896.75,28880.25,28895.0,90.0
2026-06-11 11:52,28894.5,28901.5,28892.0,28901.5,83.0
2026-06-11 11:53,28901.25,28905.0,28898.0,28902.5,164.0
2026-06-11 11:54,28901.75,28904.75,28899.0,28900.25,67.0
2026-06-11 11:55,28900.0,28903.5,28898.5,28899.75,87.0
2026-06-11 11:56,28900.5,28900.5,28891.5,28894.5,75.0
2026-06-11 11:57,28894.25,28904.5,28893.5,28899.5,83.0
2026-06-11 11:58,28896.25,28905.0,28894.5,28905.0,122.0
2026-06-11 11:59,28903.75,28909.25,28897.5,28901.0,180.0
2026-06-11 12:00,28900.25,28907.25,28897.0,28899.5,150.0
2026-06-11 12:01,28898.75,28912.0,28898.25,28907.75,123.0
2026-06-11 12:02,28906.5,28915.0,28903.5,28912.25,225.0
2026-06-11 12:03,28911.25,28911.75,28902.5,28908.75,112.0
2026-06-11 12:04,28908.25,28914.0,28906.5,28909.25,68.0
2026-06-11 12:05,28909.25,28910.25,28903.0,28905.25,48.0
2026-06-11 12:06,28904.25,28905.75,28895.0,28897.0,199.0
2026-06-11 12:07,28897.0,28897.5,28892.25,28897.25,94.0
2026-06-11 12:08,28897.75,28907.5,28887.75,28905.0,297.0
2026-06-11 12:09,28906.5,28909.25,28902.0,28903.25,95.0
2026-06-11 12:10,28902.0,28903.0,28886.0,28889.0,97.0
2026-06-11 12:11,28888.75,28892.75,28885.5,28892.75,55.0
2026-06-11 12:12,28892.25,28898.0,28891.0,28894.5,67.0
2026-06-11 12:13,28894.0,28899.0,28893.25,28896.25,45.0
2026-06-11 12:14,28895.5,28897.25,28892.75,28897.25,28.0
2026-06-11 12:15,28899.75,28900.0,28883.5,28889.0,130.0
2026-06-11 12:16,28891.25,28891.75,28885.0,28887.0,101.0
2026-06-11 12:17,28885.75,28897.0,28876.25,28876.25,227.0
2026-06-11 12:18,28876.75,28885.0,28875.0,28885.0,182.0
2026-06-11 12:19,28884.75,28884.75,28868.5,28873.5,179.0
2026-06-11 12:20,28872.0,28877.0,28865.75,28868.75,226.0
2026-06-11 12:21,28870.25,28875.75,28853.5,28862.0,281.0
2026-06-11 12:22,28864.5,28867.0,28739.0,28763.5,3247.0
2026-06-11 12:23,28766.5,28773.75,28716.5,28768.75,1774.0
2026-06-11 12:24,28772.25,28802.25,28760.25,28774.25,1043.0
2026-06-11 12:25,28774.0,28807.75,28762.75,28767.0,809.0
2026-06-11 12:26,28765.0,28782.5,28733.5,28781.75,1064.0
2026-06-11 12:27,28780.0,28785.5,28753.0,28768.25,466.0
2026-06-11 12:28,28764.0,28775.0,28746.75,28749.0,217.0
2026-06-11 12:29,28748.75,28769.25,28742.5,28754.5,324.0
2026-06-11 12:30,28747.0,28796.5,28712.0,28778.0,950.0
2026-06-11 12:31,28774.5,28778.5,28732.75,28745.5,494.0
2026-06-11 12:32,28746.75,28755.5,28710.5,28716.25,614.0
2026-06-11 12:33,28716.75,28721.0,28666.75,28675.0,1550.0
2026-06-11 12:34,28678.5,28694.25,28637.5,28687.5,1336.0
2026-06-11 12:35,28686.5,28701.25,28672.5,28696.75,543.0
2026-06-11 12:36,28696.5,28719.75,28688.75,28708.5,541.0
2026-06-11 12:37,28708.0,28715.75,28692.75,28695.0,291.0
2026-06-11 12:38,28694.75,28735.75,28694.5,28716.25,648.0
2026-06-11 12:39,28716.25,28734.0,28715.5,28728.5,380.0
2026-06-11 12:40,28728.5,28764.25,28721.0,28763.0,633.0
2026-06-11 12:41,28762.75,28776.0,28748.0,28751.25,509.0
2026-06-11 12:42,28750.5,28761.5,28741.5,28758.0,259.0
2026-06-11 12:43,28757.0,28758.75,28725.0,28727.25,286.0
2026-06-11 12:44,28727.75,28789.0,28708.0,28753.5,1218.0
2026-06-11 12:45,28751.0,28778.5,28735.5,28769.0,546.0
2026-06-11 12:46,28770.0,28795.0,28766.5,28788.75,615.0
2026-06-11 12:47,28788.75,28803.5,28774.75,28794.0,805.0
2026-06-11 12:48,28792.5,28793.25,28768.0,28773.75,406.0
2026-06-11 12:49,28772.75,28791.75,28769.0,28785.5,316.0
2026-06-11 12:50,28786.75,28794.0,28777.5,28780.75,350.0
2026-06-11 12:51,28782.25,28795.0,28777.25,28783.5,173.0
2026-06-11 12:52,28783.25,28818.25,28783.0,28798.5,554.0
2026-06-11 12:53,28799.0,28806.75,28780.25,28795.25,637.0
2026-06-11 12:54,28795.75,28806.0,28784.0,28799.75,329.0
2026-06-11 12:55,28798.0,28818.0,28795.5,28801.75,400.0
2026-06-11 12:56,28799.5,28809.5,28796.25,28801.75,231.0
2026-06-11 12:57,28802.5,28812.75,28780.75,28793.25,452.0
2026-06-11 12:58,28793.25,28827.5,28785.0,28812.0,836.0
2026-06-11 12:59,28814.25,28822.75,28806.5,28812.5,316.0
2026-06-11 13:00,28814.5,28815.5,28777.0,28784.25,918.0
2026-06-11 13:01,28783.75,28790.0,28775.0,28776.75,347.0
2026-06-11 13:02,28776.0,28789.25,28772.75,28786.5,344.0
2026-06-11 13:03,28786.25,28798.5,28776.25,28797.5,318.0
2026-06-11 13:04,28796.75,28804.25,28787.25,28796.25,143.0
2026-06-11 13:05,28796.25,28797.0,28776.25,28779.0,244.0
2026-06-11 13:06,28779.25,28788.75,28774.75,28779.25,179.0
2026-06-11 13:07,28777.75,28788.0,28770.0,28774.5,271.0
2026-06-11 13:08,28774.5,28776.5,28767.25,28767.25,262.0
2026-06-11 13:09,28767.0,28770.75,28756.5,28763.75,477.0
2026-06-11 13:10,28762.25,28778.5,28760.25,28773.5,237.0
2026-06-11 13:11,28774.75,28775.75,28757.0,28763.25,145.0
2026-06-11 13:12,28765.5,28787.5,28765.25,28779.0,227.0
2026-06-11 13:13,28779.0,28793.0,28773.75,28773.75,248.0
2026-06-11 13:14,28773.5,28783.75,28769.25,28776.5,152.0
2026-06-11 13:15,28777.0,28783.5,28764.75,28771.25,347.0
2026-06-11 13:16,28770.25,28785.75,28763.5,28782.75,205.0
2026-06-11 13:17,28784.5,28786.5,28766.75,28774.0,243.0
2026-06-11 13:18,28774.0,28782.25,28764.25,28781.5,199.0
2026-06-11 13:19,28781.25,28786.0,28771.25,28771.25,159.0
2026-06-11 13:20,28770.75,28785.75,28770.0,28776.0,141.0
2026-06-11 13:21,28776.0,28779.25,28768.0,28778.0,224.0
2026-06-11 13:22,28779.0,28786.0,28776.5,28784.5,172.0
2026-06-11 13:23,28783.0,28791.75,28780.0,28787.0,201.0
2026-06-11 13:24,28786.25,28796.25,28783.75,28790.25,308.0
2026-06-11 13:25,28787.0,28787.25,28766.25,28767.5,243.0
2026-06-11 13:26,28768.5,28776.5,28762.25,28766.0,185.0
2026-06-11 13:27,28765.5,28773.75,28761.0,28772.75,328.0
2026-06-11 13:28,28773.25,28783.75,28768.25,28770.5,491.0
2026-06-11 13:29,28771.0,28777.5,28738.75,28753.0,1329.0
2026-06-11 13:30,28753.25,28786.0,28713.5,28774.5,3234.0
2026-06-11 13:31,28776.0,28786.25,28682.25,28716.0,4283.0
2026-06-11 13:32,28717.0,28738.5,28680.0,28698.25,2786.0
2026-06-11 13:33,28696.75,28733.0,28696.5,28711.25,1821.0
2026-06-11 13:34,28713.0,28715.5,28671.0,28686.5,2460.0
2026-06-11 13:35,28687.25,28717.0,28672.75,28712.5,2073.0
2026-06-11 13:36,28712.5,28785.25,28710.0,28762.75,2908.0
2026-06-11 13:37,28763.5,28780.0,28741.75,28771.5,2083.0
2026-06-11 13:38,28772.0,28772.0,28674.5,28678.0,2098.0
2026-06-11 13:39,28679.75,28708.75,28662.75,28701.25,1879.0
2026-06-11 13:40,28699.0,28700.0,28650.75,28668.75,2303.0
2026-06-11 13:41,28670.5,28703.0,28660.75,28683.0,1813.0
2026-06-11 13:42,28682.5,28716.25,28658.0,28703.0,2030.0
2026-06-11 13:43,28703.5,28757.25,28692.5,28745.75,2586.0
2026-06-11 13:44,28745.5,28766.75,28725.25,28737.75,1792.0
2026-06-11 13:45,28739.0,28820.5,28706.5,28817.75,4431.0
2026-06-11 13:46,28817.5,28888.75,28804.25,28869.75,4505.0
2026-06-11 13:47,28869.75,28892.0,28851.5,28886.5,2136.0
2026-06-11 13:48,28886.25,28886.75,28855.5,28860.25,1572.0
2026-06-11 13:49,28862.5,28869.25,28811.5,28815.25,1686.0
2026-06-11 13:50,28818.25,28925.0,28816.75,28924.5,2939.0
2026-06-11 13:51,28923.25,28968.0,28907.25,28948.25,2853.0
2026-06-11 13:52,28948.0,28978.25,28933.5,28977.25,1933.0
2026-06-11 13:53,28978.0,28999.0,28953.75,28996.5,2242.0
2026-06-11 13:54,28996.75,29016.75,28963.0,28968.5,2474.0
2026-06-11 13:55,28967.75,29009.75,28964.5,29005.25,1496.0
2026-06-11 13:56,29004.25,29006.5,28966.25,28967.75,1518.0
2026-06-11 13:57,28966.5,28968.25,28898.0,28909.5,2254.0
2026-06-11 13:58,28907.75,28944.25,28906.25,28939.5,1273.0
2026-06-11 13:59,28938.25,28941.5,28875.0,28900.5,1691.0
2026-06-11 14:00,28899.5,28967.5,28892.75,28964.0,2609.0
2026-06-11 14:01,28961.25,29043.75,28951.25,29042.0,3052.0
2026-06-11 14:02,29042.5,29043.0,29004.5,29016.25,1786.0
2026-06-11 14:03,29016.0,29028.25,29000.75,29020.0,1073.0
2026-06-11 14:04,29017.75,29049.5,29006.5,29039.25,1221.0
2026-06-11 14:05,29039.25,29039.5,28974.75,28987.75,1701.0
2026-06-11 14:06,28986.5,29020.0,28982.25,29012.75,1163.0
2026-06-11 14:07,29012.0,29025.25,28979.0,29024.25,1116.0
2026-06-11 14:08,29021.75,29021.75,28990.5,29005.25,857.0
2026-06-11 14:09,29005.25,29008.25,28951.0,28969.5,1500.0
2026-06-11 14:10,28969.25,28979.0,28886.25,28892.5,1851.0
2026-06-11 14:11,28892.25,28904.5,28850.75,28903.75,2280.0
2026-06-11 14:12,28902.5,28923.75,28862.75,28870.25,1661.0
2026-06-11 14:13,28870.5,28890.75,28853.25,28855.0,1207.0
2026-06-11 14:14,28854.25,28862.25,28827.25,28843.5,1839.0
2026-06-11 14:15,28841.75,28882.0,28832.5,28849.5,1728.0
2026-06-11 14:16,28852.5,28867.75,28776.75,28781.5,2435.0
2026-06-11 14:17,28782.0,28843.0,28779.5,28813.75,2055.0
2026-06-11 14:18,28819.25,28820.5,28755.75,28761.0,1788.0
2026-06-11 14:19,28761.0,28790.75,28752.5,28761.75,1796.0
2026-06-11 14:20,28762.0,28815.0,28753.25,28805.25,1634.0
2026-06-11 14:21,28804.25,28822.75,28784.0,28819.5,1536.0
2026-06-11 14:22,28820.75,28878.5,28798.75,28866.25,1821.0
2026-06-11 14:23,28866.0,28922.0,28856.25,28909.25,2187.0
2026-06-11 14:24,28908.0,28909.75,28875.75,28884.0,1207.0
2026-06-11 14:25,28884.75,28930.25,28880.0,28915.0,1296.0
2026-06-11 14:26,28915.0,28915.25,28838.25,28850.0,1721.0
2026-06-11 14:27,28852.25,28865.75,28828.0,28838.25,860.0
2026-06-11 14:28,28836.75,28850.0,28791.75,28843.75,1499.0
2026-06-11 14:29,28842.75,28893.75,28836.25,28868.25,1166.0
2026-06-11 14:30,28873.5,28900.0,28821.5,28832.25,1435.0
2026-06-11 14:31,28829.5,28849.25,28823.25,28836.25,704.0
2026-06-11 14:32,28834.5,28866.0,28798.5,28803.5,1299.0
2026-06-11 14:33,28803.5,28848.0,28803.0,28806.25,1028.0
2026-06-11 14:34,28805.25,28840.0,28802.0,28836.75,789.0
2026-06-11 14:35,28835.5,28896.0,28823.75,28890.0,1437.0
2026-06-11 14:36,28887.75,28944.0,28873.25,28938.75,1597.0
2026-06-11 14:37,28938.25,28940.0,28834.0,28844.0,1724.0
2026-06-11 14:38,28840.5,28908.25,28838.0,28892.5,1041.0
2026-06-11 14:39,28890.75,28899.75,28861.5,28869.75,798.0
2026-06-11 14:40,28871.0,28895.0,28867.0,28878.5,616.0
2026-06-11 14:41,28879.0,28907.75,28877.5,28891.5,786.0
2026-06-11 14:42,28892.75,28907.75,28875.75,28904.25,817.0
2026-06-11 14:43,28902.0,28914.75,28859.25,28869.0,975.0
2026-06-11 14:44,28869.0,28877.25,28816.25,28818.0,1063.0
2026-06-11 14:45,28820.0,28844.5,28800.25,28815.5,1477.0
2026-06-11 14:46,28815.75,28844.0,28786.5,28801.0,1208.0
2026-06-11 14:47,28802.0,28831.25,28798.0,28799.25,863.0
2026-06-11 14:48,28799.25,28814.75,28765.5,28804.25,1321.0
2026-06-11 14:49,28805.0,28830.0,28779.5,28790.0,1438.0
2026-06-11 14:50,28789.5,28795.75,28757.25,28780.25,1763.0
2026-06-11 14:51,28781.0,28818.0,28759.0,28802.25,1087.0
2026-06-11 14:52,28801.0,28807.25,28760.5,28767.25,987.0
2026-06-11 14:53,28765.0,28791.75,28743.0,28751.0,977.0
2026-06-11 14:54,28748.75,28773.75,28742.75,28760.5,967.0
2026-06-11 14:55,28758.5,28760.75,28687.75,28695.25,1776.0
2026-06-11 14:56,28693.5,28715.0,28660.25,28676.25,1663.0
2026-06-11 14:57,28677.5,28688.5,28653.5,28677.25,1562.0
2026-06-11 14:58,28675.25,28699.75,28607.5,28630.0,2998.0
2026-06-11 14:59,28625.0,28654.5,28618.25,28648.25,1374.0
2026-06-11 15:00,28649.5,28653.0,28600.5,28609.5,2586.0
2026-06-11 15:01,28610.25,28618.5,28577.5,28600.75,3587.0
2026-06-11 15:02,28600.25,28645.0,28593.0,28629.0,2000.0
2026-06-11 15:03,28628.25,28695.25,28618.0,28678.5,1899.0
2026-06-11 15:04,28678.0,28699.25,28666.5,28677.75,1310.0
2026-06-11 15:05,28679.0,28682.0,28643.5,28646.5,1257.0
2026-06-11 15:06,28647.25,28680.0,28641.0,28667.25,1181.0
2026-06-11 15:07,28666.5,28745.0,28656.75,28736.5,2018.0
2026-06-11 15:08,28736.5,28757.5,28703.75,28732.75,1319.0
2026-06-11 15:09,28732.25,28760.5,28710.25,28719.75,1105.0
2026-06-11 15:10,28719.25,28757.0,28710.25,28743.5,759.0
2026-06-11 15:11,28744.25,28763.75,28731.75,28735.0,883.0
2026-06-11 15:12,28734.25,28790.0,28733.25,28778.75,1604.0
2026-06-11 15:13,28780.75,28795.0,28761.25,28784.25,1088.0
2026-06-11 15:14,28783.75,28789.25,28753.0,28765.25,883.0
2026-06-11 15:15,28766.75,28839.5,28765.0,28832.5,2745.0
2026-06-11 15:16,28834.5,28837.5,28811.0,28816.0,1077.0
2026-06-11 15:17,28817.0,28822.75,28790.5,28792.0,1196.0
2026-06-11 15:18,28794.75,28809.0,28749.0,28764.75,1318.0
2026-06-11 15:19,28764.25,28795.25,28762.75,28780.5,1244.0
2026-06-11 15:20,28780.5,28860.0,28770.5,28847.75,1575.0
2026-06-11 15:21,28847.75,28858.75,28820.0,28827.75,1043.0
2026-06-11 15:22,28827.25,28840.0,28802.0,28812.75,861.0
2026-06-11 15:23,28812.75,28813.75,28784.75,28809.25,839.0
2026-06-11 15:24,28809.0,28842.5,28804.75,28830.75,852.0
2026-06-11 15:25,28832.75,28833.75,28800.25,28822.75,753.0
2026-06-11 15:26,28821.5,28848.0,28800.5,28845.0,796.0
2026-06-11 15:27,28845.0,28854.75,28806.5,28813.75,968.0
2026-06-11 15:28,28813.5,28822.75,28767.0,28780.5,1317.0
2026-06-11 15:29,28779.75,28781.0,28750.5,28757.75,1090.0
2026-06-11 15:30,28757.75,28794.0,28752.0,28761.75,1250.0
2026-06-11 15:31,28761.5,28784.25,28741.0,28773.5,1270.0
2026-06-11 15:32,28773.75,28814.25,28765.0,28798.0,972.0
2026-06-11 15:33,28797.25,28797.75,28763.25,28786.5,802.0
2026-06-11 15:34,28785.25,28806.75,28781.5,28804.5,719.0
2026-06-11 15:35,28804.75,28835.25,28796.5,28818.5,1126.0
2026-06-11 15:36,28819.25,28850.25,28805.0,28844.25,941.0
2026-06-11 15:37,28845.75,28879.0,28844.25,28870.25,1285.0
2026-06-11 15:38,28870.75,28878.75,28839.5,28877.75,1049.0
2026-06-11 15:39,28876.0,28889.0,28851.25,28857.5,834.0
2026-06-11 15:40,28856.0,28907.25,28848.75,28893.75,1194.0
2026-06-11 15:41,28893.5,28893.75,28864.0,28870.5,681.0
2026-06-11 15:42,28872.0,28889.5,28859.75,28876.0,650.0
2026-06-11 15:43,28876.25,28879.25,28811.25,28821.25,975.0
2026-06-11 15:44,28818.75,28827.0,28791.75,28817.25,910.0
2026-06-11 15:45,28816.5,28830.75,28787.75,28804.25,1116.0
2026-06-11 15:46,28803.0,28865.25,28796.25,28862.25,1059.0
2026-06-11 15:47,28861.0,28871.5,28846.0,28862.25,590.0
2026-06-11 15:48,28861.0,28861.5,28822.0,28835.25,718.0
2026-06-11 15:49,28835.5,28846.5,28820.0,28827.5,408.0
2026-06-11 15:50,28828.5,28834.75,28810.0,28824.0,537.0
2026-06-11 15:51,28824.75,28836.0,28813.0,28818.75,369.0
2026-06-11 15:52,28818.0,28830.5,28798.75,28809.5,468.0
2026-06-11 15:53,28808.75,28820.0,28782.75,28785.5,717.0
2026-06-11 15:54,28786.75,28813.25,28786.75,28805.25,584.0
2026-06-11 15:55,28805.0,28814.75,28775.75,28812.0,1027.0
2026-06-11 15:56,28809.25,28822.5,28792.5,28806.5,804.0
2026-06-11 15:57,28806.75,28870.25,28806.25,28856.75,1160.0
2026-06-11 15:58,28856.5,28876.0,28843.25,28863.5,743.0
2026-06-11 15:59,28864.5,28871.75,28849.0,28858.0,708.0
2026-06-11 16:00,28858.5,28891.5,28852.25,28890.0,1050.0
2026-06-11 16:01,28891.0,28917.75,28872.75,28875.25,1341.0
2026-06-11 16:02,28874.0,28886.0,28854.75,28873.0,599.0
2026-06-11 16:03,28873.0,28882.25,28840.25,28847.5,605.0
2026-06-11 16:04,28845.75,28855.0,28827.5,28855.0,655.0
2026-06-11 16:05,28855.25,28879.75,28835.0,28874.5,782.0
2026-06-11 16:06,28875.0,28908.75,28871.5,28891.75,1033.0
2026-06-11 16:07,28889.5,28905.75,28878.25,28900.0,548.0
2026-06-11 16:08,28899.5,28915.0,28880.0,28909.5,821.0
2026-06-11 16:09,28907.5,28913.0,28891.5,28899.0,467.0
2026-06-11 16:10,28895.25,28929.5,28886.5,28917.25,1225.0
2026-06-11 16:11,28916.5,28942.0,28914.25,28940.5,1019.0
2026-06-11 16:12,28940.5,28965.0,28929.0,28959.5,1880.0
2026-06-11 16:13,28959.5,28968.25,28944.5,28956.25,837.0
2026-06-11 16:14,28955.0,28960.5,28938.75,28951.75,749.0
2026-06-11 16:15,28953.0,28975.25,28937.75,28942.5,1265.0
2026-06-11 16:16,28943.25,28964.75,28934.5,28948.0,988.0
2026-06-11 16:17,28947.5,28948.5,28915.75,28937.5,1266.0
2026-06-11 16:18,28938.0,28943.75,28923.75,28937.5,534.0
2026-06-11 16:19,28938.0,28943.5,28925.75,28942.0,426.0
2026-06-11 16:20,28942.75,28957.25,28932.75,28933.5,691.0
2026-06-11 16:21,28933.5,28944.5,28888.0,28916.75,1499.0
2026-06-11 16:22,28917.0,28922.0,28879.75,28885.0,852.0
2026-06-11 16:23,28887.5,28911.5,28884.75,28901.25,677.0
2026-06-11 16:24,28899.5,28901.0,28873.75,28878.5,615.0
2026-06-11 16:25,28878.25,28885.75,28855.75,28864.75,821.0
2026-06-11 16:26,28866.25,28891.75,28853.0,28858.0,863.0
2026-06-11 16:27,28856.5,28866.0,28842.5,28866.0,638.0
2026-06-11 16:28,28865.25,28885.0,28858.75,28869.0,724.0
2026-06-11 16:29,28869.5,28876.25,28841.0,28846.0,1262.0
2026-06-11 16:30,28845.5,28861.75,28828.5,28835.75,1074.0
2026-06-11 16:31,28835.75,28865.5,28826.75,28845.75,764.0
2026-06-11 16:32,28845.0,28845.0,28821.0,28836.0,840.0
2026-06-11 16:33,28835.25,28905.75,28833.25,28899.25,1223.0
2026-06-11 16:34,28899.5,28969.0,28894.75,28923.25,2548.0
2026-06-11 16:35,28921.75,28944.75,28916.0,28933.75,985.0
2026-06-11 16:36,28934.75,28958.0,28916.75,28955.5,751.0
2026-06-11 16:37,28956.75,28967.5,28937.75,28942.0,979.0
2026-06-11 16:38,28941.75,28943.75,28914.75,28919.75,693.0
2026-06-11 16:39,28919.5,28924.0,28886.0,28895.5,727.0
2026-06-11 16:40,28896.0,28905.75,28885.25,28892.0,626.0
2026-06-11 16:41,28892.75,28894.75,28866.75,28870.75,642.0
2026-06-11 16:42,28869.0,28894.0,28865.75,28881.0,532.0
2026-06-11 16:43,28881.5,28894.5,28873.0,28888.5,445.0
2026-06-11 16:44,28888.5,28900.0,28872.0,28886.0,538.0
2026-06-11 16:45,28886.0,28903.0,28862.0,28863.5,857.0
2026-06-11 16:46,28863.5,28875.0,28855.75,28869.0,557.0
2026-06-11 16:47,28870.0,28886.5,28860.75,28881.75,474.0
2026-06-11 16:48,28881.25,28899.75,28876.0,28887.0,484.0
2026-06-11 16:49,28886.25,28886.25,28860.0,28870.5,582.0
2026-06-11 16:50,28871.5,28877.0,28836.25,28857.0,859.0
2026-06-11 16:51,28858.0,28865.5,28828.5,28831.0,804.0
2026-06-11 16:52,28831.0,28846.5,28801.25,28808.0,961.0
2026-06-11 16:53,28807.25,28834.5,28803.75,28822.5,581.0
2026-06-11 16:54,28823.25,28834.0,28798.75,28804.0,631.0
2026-06-11 16:55,28803.5,28810.75,28775.0,28782.25,957.0
2026-06-11 16:56,28781.75,28814.75,28780.75,28802.5,814.0
2026-06-11 16:57,28799.0,28809.0,28783.75,28796.5,547.0
2026-06-11 16:58,28795.0,28805.75,28786.5,28795.0,466.0
2026-06-11 16:59,28795.75,28798.5,28763.25,28770.0,655.0
2026-06-11 17:00,28771.5,28787.75,28750.0,28780.0,1208.0
2026-06-11 17:01,28777.25,28807.75,28776.5,28784.0,910.0
2026-06-11 17:02,28785.75,28786.0,28757.0,28771.0,695.0
2026-06-11 17:03,28771.5,28773.5,28713.0,28719.75,1296.0
2026-06-11 17:04,28720.0,28742.5,28714.0,28730.25,761.0
2026-06-11 17:05,28730.5,28758.0,28726.5,28752.75,866.0
2026-06-11 17:06,28752.0,28772.5,28744.75,28754.25,997.0
2026-06-11 17:07,28753.5,28789.5,28741.5,28784.5,1088.0
2026-06-11 17:08,28783.0,28787.0,28762.5,28765.75,634.0
2026-06-11 17:09,28763.25,28796.0,28758.5,28784.0,720.0
2026-06-11 17:10,28785.5,28809.25,28771.25,28784.0,769.0
2026-06-11 17:11,28783.25,28802.0,28777.0,28782.25,455.0
2026-06-11 17:12,28781.5,28797.5,28763.25,28763.5,654.0
2026-06-11 17:13,28763.75,28765.25,28735.75,28743.5,1004.0
2026-06-11 17:14,28745.25,28757.25,28739.25,28743.75,457.0
2026-06-11 17:15,28742.75,28759.0,28716.75,28729.75,721.0
2026-06-11 17:16,28729.75,28763.5,28729.25,28750.25,553.0
2026-06-11 17:17,28751.5,28753.0,28712.5,28713.75,934.0
2026-06-11 17:18,28712.5,28721.75,28685.0,28694.0,1244.0
2026-06-11 17:19,28694.5,28712.25,28685.75,28702.0,765.0
2026-06-11 17:20,28701.5,28716.5,28678.5,28710.75,799.0
2026-06-11 17:21,28710.75,28716.5,28695.5,28708.0,560.0
2026-06-11 17:22,28708.0,28721.75,28690.5,28699.75,629.0
2026-06-11 17:23,28699.25,28725.25,28696.5,28719.75,529.0
2026-06-11 17:24,28719.25,28737.0,28706.5,28728.5,814.0
2026-06-11 17:25,28726.5,28757.5,28722.25,28757.0,719.0
2026-06-11 17:26,28756.25,28775.25,28753.0,28759.5,746.0
2026-06-11 17:27,28761.0,28791.75,28755.75,28787.0,762.0
2026-06-11 17:28,28787.5,28978.5,28786.0,28912.5,3486.0
2026-06-11 17:29,28914.5,29093.25,28894.0,29085.25,5729.0
2026-06-11 17:30,29086.75,29227.5,29086.25,29183.25,7090.0
2026-06-11 17:31,29183.25,29187.75,29090.25,29116.0,2682.0
2026-06-11 17:32,29117.5,29200.0,29113.0,29185.25,3140.0
2026-06-11 17:33,29185.75,29260.0,29155.75,29243.5,4345.0
2026-06-11 17:34,29245.75,29265.0,29163.0,29206.0,2807.0
2026-06-11 17:35,29208.5,29222.75,29163.5,29179.5,1798.0
2026-06-11 17:36,29178.5,29180.75,29128.0,29128.0,1631.0
2026-06-11 17:37,29129.0,29185.75,29128.0,29176.75,1351.0
2026-06-11 17:38,29178.0,29191.5,29150.75,29176.25,1065.0
2026-06-11 17:39,29178.0,29193.5,29147.75,29180.25,1341.0
2026-06-11 17:40,29179.5,29223.25,29159.25,29205.5,1491.0
2026-06-11 17:41,29206.75,29236.5,29192.5,29224.5,1841.0
2026-06-11 17:42,29225.75,29245.0,29206.5,29241.75,1435.0
2026-06-11 17:43,29242.25,29268.75,29230.75,29262.75,1815.0
2026-06-11 17:44,29262.25,29302.25,29253.5,29281.5,2045.0
2026-06-11 17:45,29281.5,29300.0,29240.5,29264.5,1882.0
2026-06-11 17:46,29264.5,29268.0,29201.25,29210.0,1815.0
2026-06-11 17:47,29209.25,29246.0,29202.25,29206.5,1368.0
2026-06-11 17:48,29208.25,29239.0,29204.0,29217.5,715.0
2026-06-11 17:49,29216.0,29220.25,29182.5,29196.0,1353.0
2026-06-11 17:50,29199.75,29200.75,29126.75,29135.0,1356.0
2026-06-11 17:51,29134.0,29176.0,29117.75,29170.0,1546.0
2026-06-11 17:52,29171.5,29208.0,29166.5,29178.25,1316.0
2026-06-11 17:53,29178.0,29194.0,29167.5,29179.0,905.0
2026-06-11 17:54,29177.75,29187.25,29154.75,29182.75,776.0
2026-06-11 17:55,29183.25,29193.75,29162.5,29174.75,842.0
2026-06-11 17:56,29174.0,29184.5,29140.0,29146.5,876.0
2026-06-11 17:57,29147.75,29194.5,29147.25,29191.25,913.0
2026-06-11 17:58,29190.5,29218.25,29183.5,29186.5,1271.0
2026-06-11 17:59,29187.75,29220.25,29183.5,29214.0,1554.0
2026-06-11 18:00,29213.5,29244.75,29211.25,29235.0,1439.0
2026-06-11 18:01,29234.0,29254.5,29198.5,29198.5,1315.0
2026-06-11 18:02,29200.5,29208.5,29149.75,29154.25,2464.0
2026-06-11 18:03,29153.0,29166.0,29100.25,29106.0,1670.0
2026-06-11 18:04,29105.75,29135.5,29093.0,29114.25,1224.0
2026-06-11 18:05,29115.25,29126.75,29070.5,29075.75,1419.0
2026-06-11 18:06,29076.25,29111.5,29068.5,29098.5,1129.0
2026-06-11 18:07,29099.0,29127.25,29088.25,29123.75,933.0
2026-06-11 18:08,29124.75,29147.0,29098.0,29108.0,893.0
2026-06-11 18:09,29106.5,29112.25,29083.0,29110.5,699.0
2026-06-11 18:10,29109.0,29122.75,29103.75,29117.25,651.0
2026-06-11 18:11,29116.5,29156.75,29107.75,29145.75,1006.0
2026-06-11 18:12,29144.25,29168.5,29143.5,29151.5,812.0
2026-06-11 18:13,29151.25,29178.0,29138.75,29156.0,1351.0
2026-06-11 18:14,29157.25,29183.0,29151.25,29182.25,655.0
2026-06-11 18:15,29179.5,29218.25,29173.75,29216.0,1459.0
2026-06-11 18:16,29215.0,29240.0,29211.25,29236.5,1066.0
2026-06-11 18:17,29236.5,29247.0,29213.75,29238.25,847.0
2026-06-11 18:18,29239.0,29246.5,29220.0,29239.25,707.0
2026-06-11 18:19,29238.75,29266.5,29231.0,29256.0,983.0
2026-06-11 18:20,29253.75,29255.0,29206.25,29227.75,1381.0
2026-06-11 18:21,29227.75,29241.0,29208.0,29216.75,799.0
2026-06-11 18:22,29216.0,29216.25,29150.0,29178.0,2010.0
2026-06-11 18:23,29177.0,29199.75,29159.25,29172.5,1195.0
2026-06-11 18:24,29172.25,29204.0,29172.25,29193.25,913.0
2026-06-11 18:25,29190.75,29202.5,29174.75,29202.25,657.0
2026-06-11 18:26,29202.25,29207.5,29175.0,29190.0,717.0
2026-06-11 18:27,29190.75,29196.0,29171.25,29195.0,491.0
2026-06-11 18:28,29195.0,29197.0,29172.75,29191.0,609.0
2026-06-11 18:29,29188.25,29204.5,29178.5,29188.25,647.0
2026-06-11 18:30,29187.5,29206.0,29178.75,29205.0,568.0
2026-06-11 18:31,29205.25,29240.0,29199.25,29223.25,1154.0
2026-06-11 18:32,29222.0,29223.75,29177.5,29193.5,731.0
2026-06-11 18:33,29192.0,29209.25,29185.25,29204.25,590.0
2026-06-11 18:34,29203.75,29210.75,29182.75,29186.0,508.0
2026-06-11 18:35,29186.5,29203.0,29175.25,29185.25,596.0
2026-06-11 18:36,29185.5,29207.0,29179.5,29206.5,615.0
2026-06-11 18:37,29205.75,29213.5,29195.25,29206.5,488.0
2026-06-11 18:38,29207.25,29209.25,29182.25,29190.75,702.0
2026-06-11 18:39,29190.75,29191.25,29172.5,29183.75,469.0
2026-06-11 18:40,29184.25,29202.25,29178.25,29179.0,537.0
2026-06-11 18:41,29180.0,29199.0,29177.75,29194.5,502.0
2026-06-11 18:42,29193.5,29209.0,29188.25,29205.5,436.0
2026-06-11 18:43,29206.25,29228.0,29202.25,29221.0,686.0
2026-06-11 18:44,29221.5,29227.25,29212.25,29223.5,499.0
2026-06-11 18:45,29224.0,29240.25,29217.0,29238.5,1024.0
2026-06-11 18:46,29238.25,29256.0,29237.25,29244.75,1120.0
2026-06-11 18:47,29246.25,29258.0,29242.0,29258.0,572.0
2026-06-11 18:48,29257.0,29281.25,29245.5,29262.75,1861.0
2026-06-11 18:49,29263.25,29281.0,29262.0,29276.25,917.0
2026-06-11 18:50,29275.75,29312.25,29274.25,29297.25,1873.0
2026-06-11 18:51,29295.5,29296.5,29266.75,29270.25,1071.0
2026-06-11 18:52,29271.5,29283.0,29269.75,29280.0,581.0
2026-06-11 18:53,29278.75,29293.5,29269.75,29281.5,980.0
2026-06-11 18:54,29279.75,29283.75,29265.0,29266.75,616.0
2026-06-11 18:55,29266.5,29271.5,29235.75,29236.75,924.0
2026-06-11 18:56,29236.25,29271.75,29234.0,29259.5,1126.0
2026-06-11 18:57,29259.5,29283.25,29254.0,29275.0,806.0
2026-06-11 18:58,29275.5,29283.75,29262.5,29265.0,583.0
2026-06-11 18:59,29264.75,29270.75,29255.25,29268.75,589.0
2026-06-11 19:00,29269.0,29305.0,29265.0,29295.75,1484.0
2026-06-11 19:01,29295.75,29317.5,29290.75,29305.0,1244.0
2026-06-11 19:02,29304.75,29314.5,29293.75,29300.25,1057.0
2026-06-11 19:03,29300.75,29301.25,29281.0,29287.0,676.0
2026-06-11 19:04,29286.0,29309.25,29280.25,29297.0,844.0
2026-06-11 19:05,29296.75,29300.5,29256.25,29264.5,911.0
2026-06-11 19:06,29263.75,29268.25,29229.5,29243.75,1175.0
2026-06-11 19:07,29242.75,29274.25,29236.0,29274.0,996.0
2026-06-11 19:08,29274.25,29284.75,29265.5,29275.5,639.0
2026-06-11 19:09,29276.5,29309.0,29273.0,29304.25,1217.0
2026-06-11 19:10,29303.25,29318.5,29299.75,29311.25,833.0
2026-06-11 19:11,29311.5,29337.25,29301.5,29325.5,1210.0
2026-06-11 19:12,29325.75,29374.25,29320.5,29354.75,2220.0
2026-06-11 19:13,29355.5,29368.0,29333.5,29357.25,1433.0
2026-06-11 19:14,29357.0,29368.5,29344.25,29360.5,1077.0
2026-06-11 19:15,29360.5,29381.5,29355.5,29379.75,1202.0
2026-06-11 19:16,29380.0,29394.25,29368.0,29381.5,1323.0
2026-06-11 19:17,29380.0,29382.75,29346.5,29366.75,1190.0
2026-06-11 19:18,29365.25,29372.0,29360.5,29368.0,504.0
2026-06-11 19:19,29367.5,29396.25,29357.0,29388.25,1025.0
2026-06-11 19:20,29387.5,29399.25,29373.75,29382.75,940.0
2026-06-11 19:21,29381.75,29391.75,29374.25,29380.75,709.0
2026-06-11 19:22,29380.25,29395.0,29373.75,29390.0,834.0
2026-06-11 19:23,29389.25,29390.75,29375.5,29386.75,625.0
2026-06-11 19:24,29386.5,29389.25,29374.0,29386.0,568.0
2026-06-11 19:25,29385.5,29398.75,29377.5,29393.5,879.0
2026-06-11 19:26,29392.5,29420.0,29385.75,29420.0,1232.0
2026-06-11 19:27,29419.75,29420.5,29403.5,29410.0,754.0
2026-06-11 19:28,29410.5,29438.5,29408.0,29434.75,955.0
2026-06-11 19:29,29434.75,29448.0,29419.5,29424.0,1152.0
2026-06-11 19:30,29424.25,29510.75,29421.25,29505.75,3349.0
2026-06-11 19:31,29502.75,29514.0,29485.75,29488.75,1390.0
2026-06-11 19:32,29487.0,29520.25,29483.25,29516.5,1559.0
2026-06-11 19:33,29516.25,29522.75,29491.75,29520.25,1411.0
2026-06-11 19:34,29519.75,29541.75,29512.5,29527.5,1673.0
2026-06-11 19:35,29528.75,29544.25,29517.25,29530.0,1310.0
2026-06-11 19:36,29530.5,29538.25,29510.75,29521.25,918.0
2026-06-11 19:37,29522.25,29526.75,29506.0,29518.0,696.0
2026-06-11 19:38,29516.5,29520.25,29488.0,29496.75,1173.0
2026-06-11 19:39,29496.0,29499.25,29456.0,29467.25,1245.0
2026-06-11 19:40,29469.0,29507.0,29457.75,29501.0,914.0
2026-06-11 19:41,29501.0,29520.5,29498.75,29510.75,814.0
2026-06-11 19:42,29511.0,29523.75,29503.0,29522.75,821.0
2026-06-11 19:43,29525.0,29529.75,29495.5,29503.25,812.0
2026-06-11 19:44,29504.25,29506.25,29484.5,29498.75,833.0
2026-06-11 19:45,29498.75,29498.75,29469.75,29485.25,1487.0
2026-06-11 19:46,29484.25,29486.75,29446.75,29453.75,1062.0
2026-06-11 19:47,29452.25,29468.75,29444.25,29460.0,1188.0
2026-06-11 19:48,29458.0,29472.5,29438.5,29440.0,895.0
2026-06-11 19:49,29439.0,29445.5,29427.5,29432.0,841.0
2026-06-11 19:50,29432.75,29453.5,29405.0,29420.5,1724.0
2026-06-11 19:51,29418.75,29439.25,29404.0,29435.0,1224.0
2026-06-11 19:52,29433.5,29449.5,29424.5,29443.75,1247.0
2026-06-11 19:53,29442.75,29489.5,29436.75,29484.75,1973.0
2026-06-11 19:54,29485.0,29491.75,29471.25,29477.25,1836.0
2026-06-11 19:55,29477.25,29490.25,29458.25,29463.5,1664.0
2026-06-11 19:56,29463.25,29479.75,29460.0,29478.5,1236.0
2026-06-11 19:57,29477.5,29497.75,29470.5,29495.25,1567.0
2026-06-11 19:58,29495.0,29496.0,29479.5,29485.0,1744.0
2026-06-11 19:59,29484.25,29488.25,29438.75,29456.75,11689.0
2026-06-11 20:00,29456.75,29468.0,29416.0,29425.5,3305.0
2026-06-11 20:01,29425.25,29470.0,29425.0,29452.0,1312.0
2026-06-11 20:02,29452.0,29484.25,29450.25,29458.5,1081.0
2026-06-11 20:03,29459.75,29464.0,29446.0,29455.5,574.0
2026-06-11 20:04,29455.0,29468.25,29450.5,29457.75,540.0
2026-06-11 20:05,29456.0,29490.25,29456.0,29488.5,582.0
2026-06-11 20:06,29487.5,29490.0,29469.5,29481.75,582.0
2026-06-11 20:07,29479.75,29494.5,29477.0,29490.5,305.0
2026-06-11 20:08,29490.5,29505.75,29489.75,29498.0,347.0
2026-06-11 20:09,29498.75,29500.5,29488.5,29491.25,251.0
2026-06-11 20:10,29489.0,29489.0,29476.75,29484.5,493.0
2026-06-11 20:11,29485.0,29498.5,29480.5,29496.5,268.0
2026-06-11 20:12,29497.75,29510.25,29491.25,29509.5,271.0
2026-06-11 20:13,29509.5,29516.25,29506.0,29508.75,238.0
2026-06-11 20:14,29509.5,29519.0,29503.75,29513.25,588.0
2026-06-11 20:15,29514.25,29522.0,29506.25,29508.25,267.0
2026-06-11 20:16,29508.5,29510.5,29495.25,29500.5,322.0
2026-06-11 20:17,29500.75,29522.0,29500.75,29515.0,371.0
2026-06-11 20:18,29514.25,29515.0,29497.5,29504.25,248.0
2026-06-11 20:19,29506.0,29515.75,29487.25,29487.5,345.0
2026-06-11 20:20,29487.75,29493.75,29482.75,29488.5,235.0
2026-06-11 20:21,29489.0,29489.25,29470.5,29481.5,475.0
2026-06-11 20:22,29482.0,29482.75,29467.0,29473.25,288.0
2026-06-11 20:23,29473.0,29487.5,29473.0,29480.5,314.0
2026-06-11 20:24,29482.0,29490.25,29480.25,29483.75,138.0
2026-06-11 20:25,29484.5,29487.5,29476.5,29477.5,160.0
2026-06-11 20:26,29478.0,29500.0,29474.75,29482.0,485.0
2026-06-11 20:27,29480.5,29480.5,29461.25,29462.75,272.0
2026-06-11 20:28,29464.0,29473.75,29459.25,29470.5,169.0
2026-06-11 20:29,29470.0,29476.75,29468.25,29474.75,131.0
2026-06-11 20:30,29474.25,29478.75,29467.75,29473.5,139.0
2026-06-11 20:31,29472.5,29480.25,29467.0,29478.5,176.0
2026-06-11 20:32,29479.5,29485.5,29473.5,29473.5,136.0
2026-06-11 20:33,29474.0,29477.5,29464.5,29466.25,129.0
2026-06-11 20:34,29465.75,29465.75,29459.25,29460.5,90.0
2026-06-11 20:35,29459.25,29461.0,29437.5,29445.5,345.0
2026-06-11 20:36,29447.0,29451.0,29436.5,29442.0,308.0
2026-06-11 20:37,29441.25,29444.0,29432.25,29435.0,142.0
2026-06-11 20:38,29435.0,29444.0,29434.25,29439.5,96.0
2026-06-11 20:39,29440.5,29446.0,29430.25,29432.25,101.0
2026-06-11 20:40,29434.5,29435.25,29425.25,29427.5,129.0
2026-06-11 20:41,29426.0,29429.5,29419.5,29424.25,112.0
2026-06-11 20:42,29426.75,29429.0,29415.0,29415.75,113.0
2026-06-11 20:43,29416.75,29428.75,29415.75,29424.5,109.0
2026-06-11 20:44,29425.0,29428.0,29413.75,29415.5,121.0
2026-06-11 20:45,29414.25,29420.0,29408.0,29415.25,129.0
2026-06-11 20:46,29414.25,29426.25,29411.0,29421.0,145.0
2026-06-11 20:47,29421.0,29427.5,29417.75,29427.25,84.0
2026-06-11 20:48,29427.75,29431.5,29421.25,29422.25,231.0
2026-06-11 20:49,29424.25,29432.0,29422.75,29425.75,86.0
2026-06-11 20:50,29422.5,29435.75,29422.5,29433.5,96.0
2026-06-11 20:51,29433.0,29436.75,29427.25,29428.0,128.0
2026-06-11 20:52,29430.0,29430.5,29422.75,29427.75,101.0
2026-06-11 20:53,29427.25,29435.25,29423.25,29434.5,86.0
2026-06-11 20:54,29436.0,29439.25,29427.75,29431.25,85.0
2026-06-11 20:55,29433.0,29443.5,29430.75,29437.0,109.0
2026-06-11 20:56,29437.0,29443.5,29437.0,29440.25,53.0
2026-06-11 20:57,29442.0,29442.75,29435.75,29440.25,71.0
2026-06-11 20:58,29437.75,29441.25,29430.75,29435.0,158.0
2026-06-11 20:59,29432.75,29445.25,29431.5,29433.25,131.0
2026-06-11 22:00,29456.75,29500.0,29443.0,29492.5,511.0
2026-06-11 22:01,29495.5,29499.25,29471.25,29486.25,317.0
2026-06-11 22:02,29484.5,29487.0,29482.0,29484.75,48.0
2026-06-11 22:03,29485.5,29495.0,29483.25,29489.75,98.0
2026-06-11 22:04,29491.75,29503.25,29473.0,29483.75,289.0
2026-06-11 22:05,29481.25,29511.0,29469.25,29497.25,381.0
2026-06-11 22:06,29496.75,29496.75,29475.0,29480.25,125.0
2026-06-11 22:07,29482.0,29502.0,29481.5,29498.0,149.0
2026-06-11 22:08,29498.0,29504.25,29489.75,29496.75,123.0
2026-06-11 22:09,29497.75,29510.75,29494.0,29497.25,192.0
2026-06-11 22:10,29496.75,29510.75,29491.0,29510.0,141.0
2026-06-11 22:11,29508.0,29508.0,29503.0,29503.0,22.0
2026-06-11 22:12,29502.0,29507.0,29500.75,29505.25,21.0
2026-06-11 22:13,29506.5,29521.25,29504.5,29510.0,256.0
2026-06-11 22:14,29512.0,29536.5,29512.0,29522.5,265.0
2026-06-11 22:15,29524.25,29538.25,29516.0,29528.5,198.0
2026-06-11 22:16,29531.0,29547.25,29531.0,29535.75,280.0
2026-06-11 22:17,29537.0,29537.0,29520.0,29520.0,116.0
2026-06-11 22:18,29521.5,29521.5,29510.25,29517.0,80.0
2026-06-11 22:19,29517.25,29525.0,29515.25,29517.0,36.0
2026-06-11 22:20,29517.25,29530.0,29517.25,29528.0,86.0
2026-06-11 22:21,29530.0,29537.75,29523.0,29533.0,79.0
2026-06-11 22:22,29533.75,29539.0,29520.5,29524.75,73.0
2026-06-11 22:23,29524.75,29534.5,29523.0,29526.75,45.0
2026-06-11 22:24,29526.75,29527.25,29518.0,29518.0,45.0
2026-06-11 22:25,29519.25,29524.25,29517.75,29518.5,43.0
2026-06-11 22:26,29517.0,29523.75,29514.0,29522.25,75.0
2026-06-11 22:27,29520.75,29534.0,29517.75,29520.75,64.0
2026-06-11 22:28,29524.25,29530.25,29519.25,29526.0,69.0
2026-06-11 22:29,29528.25,29530.75,29526.5,29529.0,31.0
2026-06-11 22:30,29530.5,29530.5,29524.5,29525.75,54.0
2026-06-11 22:31,29525.0,29525.25,29518.25,29521.75,46.0
2026-06-11 22:32,29520.75,29527.0,29517.25,29524.0,54.0
2026-06-11 22:33,29524.0,29534.5,29524.0,29532.25,76.0
2026-06-11 22:34,29532.0,29553.0,29522.5,29525.25,292.0
2026-06-11 22:35,29524.0,29532.25,29521.5,29525.75,66.0
2026-06-11 22:36,29524.75,29528.75,29518.0,29524.25,67.0
2026-06-11 22:37,29525.25,29526.5,29521.5,29524.75,27.0
2026-06-11 22:38,29524.0,29529.0,29523.25,29528.25,31.0
2026-06-11 22:39,29528.25,29528.5,29523.0,29526.5,46.0
2026-06-11 22:40,29525.75,29544.5,29523.75,29544.5,105.0
2026-06-11 22:41,29545.25,29546.25,29533.75,29540.0,50.0
2026-06-11 22:42,29539.75,29556.5,29539.0,29556.5,137.0
2026-06-11 22:43,29554.25,29555.0,29542.75,29550.75,62.0
2026-06-11 22:44,29553.25,29557.25,29547.75,29550.25,90.0
2026-06-11 22:45,29550.75,29581.0,29550.75,29572.75,230.0
2026-06-11 22:46,29576.5,29582.25,29567.0,29575.25,158.0
2026-06-11 22:47,29574.25,29577.5,29568.0,29568.0,68.0
2026-06-11 22:48,29567.75,29570.0,29563.5,29567.5,65.0
2026-06-11 22:49,29570.0,29580.0,29567.0,29572.0,88.0
2026-06-11 22:50,29568.75,29586.5,29565.5,29577.25,130.0
2026-06-11 22:51,29580.0,29580.25,29569.75,29571.25,44.0
2026-06-11 22:52,29571.5,29579.0,29569.5,29576.25,34.0
2026-06-11 22:53,29576.75,29580.5,29572.25,29577.5,46.0
2026-06-11 22:54,29579.0,29580.25,29575.0,29577.25,51.0
2026-06-11 22:55,29576.25,29580.75,29565.75,29574.75,75.0
2026-06-11 22:56,29574.5,29578.75,29568.75,29570.25,35.0
2026-06-11 22:57,29572.5,29574.75,29565.25,29569.75,51.0
2026-06-11 22:58,29565.5,29565.5,29556.0,29559.75,93.0
2026-06-11 22:59,29558.25,29561.5,29552.75,29557.75,86.0
2026-06-11 23:00,29560.0,29566.25,29554.0,29554.0,80.0
2026-06-11 23:01,29556.25,29562.25,29545.0,29557.5,137.0
2026-06-11 23:02,29556.75,29556.75,29538.75,29552.75,64.0
2026-06-11 23:03,29549.5,29557.0,29540.0,29542.5,81.0
2026-06-11 23:04,29543.75,29550.5,29533.5,29546.0,96.0
2026-06-11 23:05,29543.5,29548.0,29537.5,29537.5,43.0
2026-06-11 23:06,29538.0,29542.0,29536.25,29536.25,31.0
2026-06-11 23:07,29536.0,29538.25,29525.0,29537.75,138.0
2026-06-11 23:08,29538.5,29547.5,29531.5,29534.25,122.0
2026-06-11 23:09,29534.25,29534.25,29526.75,29531.0,38.0
2026-06-11 23:10,29531.0,29537.75,29527.75,29535.5,30.0
2026-06-11 23:11,29535.75,29535.75,29523.25,29530.0,48.0
2026-06-11 23:12,29528.75,29540.75,29524.5,29540.75,63.0
2026-06-11 23:13,29541.0,29543.75,29538.5,29539.75,39.0
2026-06-11 23:14,29540.0,29545.25,29537.0,29542.25,65.0
2026-06-11 23:15,29543.75,29546.75,29539.75,29546.75,24.0
2026-06-11 23:16,29546.0,29550.0,29542.75,29548.5,49.0
2026-06-11 23:17,29546.75,29552.0,29546.25,29551.25,36.0
2026-06-11 23:18,29552.5,29567.5,29548.0,29550.75,120.0
2026-06-11 23:19,29550.0,29552.0,29540.75,29549.0,112.0
2026-06-11 23:20,29548.5,29548.5,29532.75,29538.5,81.0
2026-06-11 23:21,29539.25,29546.25,29533.0,29533.0,70.0
2026-06-11 23:22,29531.25,29535.0,29523.0,29526.75,82.0
2026-06-11 23:23,29526.5,29526.5,29517.5,29522.25,82.0
2026-06-11 23:24,29519.75,29519.75,29507.25,29512.75,125.0
2026-06-11 23:25,29513.0,29525.75,29503.25,29509.0,91.0
2026-06-11 23:26,29508.75,29520.5,29508.0,29512.5,43.0
2026-06-11 23:27,29516.25,29521.5,29480.25,29500.25,227.0
2026-06-11 23:28,29502.25,29519.75,29493.75,29516.5,109.0
2026-06-11 23:29,29516.5,29524.0,29515.5,29520.0,45.0
2026-06-11 23:30,29521.25,29534.5,29521.25,29530.0,85.0
2026-06-11 23:31,29531.5,29531.75,29524.75,29527.75,57.0
2026-06-11 23:32,29528.25,29535.75,29528.25,29530.0,47.0
2026-06-11 23:33,29530.0,29535.25,29523.0,29531.0,44.0
2026-06-11 23:34,29528.25,29535.5,29528.0,29534.5,11.0
2026-06-11 23:35,29535.75,29554.75,29533.0,29544.75,91.0
2026-06-11 23:36,29542.75,29545.0,29537.0,29541.5,63.0
2026-06-11 23:37,29544.0,29554.75,29540.75,29547.0,55.0
2026-06-11 23:38,29546.25,29548.25,29543.0,29543.0,31.0
2026-06-11 23:39,29544.0,29546.5,29540.75,29541.0,18.0
2026-06-11 23:40,29543.5,29554.0,29542.5,29554.0,32.0
2026-06-11 23:41,29552.75,29563.5,29549.25,29557.0,102.0
2026-06-11 23:42,29555.25,29561.0,29555.25,29556.5,29.0
2026-06-11 23:43,29557.75,29564.0,29557.25,29560.25,36.0
2026-06-11 23:44,29562.25,29567.0,29558.25,29563.0,86.0
2026-06-11 23:45,29564.75,29582.0,29564.0,29578.5,174.0
2026-06-11 23:46,29578.75,29590.0,29572.25,29582.25,185.0
2026-06-11 23:47,29583.25,29586.75,29578.5,29579.25,98.0
2026-06-11 23:48,29581.0,29585.0,29577.75,29583.25,75.0
2026-06-11 23:49,29584.5,29592.0,29577.75,29586.0,80.0
2026-06-11 23:50,29587.5,29597.5,29583.75,29586.0,76.0
2026-06-11 23:51,29586.75,29586.75,29564.0,29567.5,123.0
2026-06-11 23:52,29568.25,29577.25,29560.0,29575.0,142.0
2026-06-11 23:53,29576.25,29576.25,29568.75,29572.5,29.0
2026-06-11 23:54,29574.0,29580.25,29571.5,29575.5,34.0
2026-06-11 23:55,29575.5,29576.0,29565.25,29566.0,48.0
2026-06-11 23:56,29567.75,29576.0,29567.75,29576.0,31.0
2026-06-11 23:57,29577.0,29583.0,29575.5,29577.75,62.0
2026-06-11 23:58,29579.0,29582.75,29570.75,29572.25,40.0
2026-06-11 23:59,29570.5,29578.5,29565.0,29577.25,51.0
2026-06-12 00:00,29576.25,29583.0,29544.0,29550.25,240.0
2026-06-12 00:01,29553.0,29553.25,29539.0,29548.5,218.0
2026-06-12 00:02,29548.75,29572.0,29545.25,29561.0,251.0
2026-06-12 00:03,29562.25,29562.25,29536.0,29545.5,190.0
2026-06-12 00:04,29546.5,29574.5,29546.5,29566.25,183.0
2026-06-12 00:05,29566.25,29592.0,29566.25,29577.5,165.0
2026-06-12 00:06,29577.0,29603.0,29564.75,29592.0,239.0
2026-06-12 00:07,29592.0,29602.5,29585.75,29601.75,128.0
2026-06-12 00:08,29599.5,29601.75,29581.0,29583.25,111.0
2026-06-12 00:09,29584.75,29594.5,29580.0,29580.75,72.0
2026-06-12 00:10,29582.25,29592.0,29572.25,29572.75,120.0
2026-06-12 00:11,29572.5,29584.5,29560.25,29569.25,129.0
2026-06-12 00:12,29568.75,29574.0,29564.25,29567.75,78.0
2026-06-12 00:13,29566.75,29570.0,29556.25,29566.75,115.0
2026-06-12 00:14,29566.5,29589.0,29564.75,29579.5,160.0
2026-06-12 00:15,29578.5,29578.75,29540.75,29559.5,247.0
2026-06-12 00:16,29561.0,29563.25,29544.75,29552.5,94.0
2026-06-12 00:17,29552.5,29560.0,29547.5,29554.5,50.0
2026-06-12 00:18,29555.5,29565.0,29548.75,29548.75,59.0
2026-06-12 00:19,29550.25,29568.25,29548.5,29564.25,63.0
2026-06-12 00:20,29563.25,29565.5,29558.25,29562.75,53.0
2026-06-12 00:21,29562.5,29582.5,29560.0,29574.75,152.0
2026-06-12 00:22,29572.75,29587.0,29572.75,29587.0,64.0
2026-06-12 00:23,29587.5,29587.75,29579.5,29585.75,87.0
2026-06-12 00:24,29587.0,29595.75,29585.25,29589.75,89.0
2026-06-12 00:25,29591.25,29602.25,29582.75,29601.25,144.0
2026-06-12 00:26,29602.25,29604.0,29590.0,29593.0,142.0
2026-06-12 00:27,29591.25,29591.25,29578.0,29585.25,104.0
2026-06-12 00:28,29583.0,29597.0,29583.0,29595.25,44.0
2026-06-12 00:29,29596.75,29625.0,29596.75,29611.0,298.0
2026-06-12 00:30,29612.5,29628.5,29607.25,29621.0,117.0
2026-06-12 00:31,29623.0,29630.0,29613.0,29622.5,154.0
2026-06-12 00:32,29619.75,29632.75,29617.25,29630.25,110.0
2026-06-12 00:33,29632.0,29635.25,29624.25,29627.5,152.0
2026-06-12 00:34,29625.0,29639.0,29624.75,29638.75,118.0
2026-06-12 00:35,29638.75,29644.5,29635.0,29642.75,185.0
2026-06-12 00:36,29644.5,29645.5,29637.5,29637.5,97.0
2026-06-12 00:37,29640.0,29640.25,29624.25,29626.25,115.0
2026-06-12 00:38,29628.25,29637.5,29625.5,29625.5,55.0
2026-06-12 00:39,29626.75,29629.75,29621.25,29623.75,67.0
2026-06-12 00:40,29624.25,29627.5,29608.0,29626.0,155.0
2026-06-12 00:41,29628.0,29630.75,29619.25,29627.5,53.0
2026-06-12 00:42,29626.75,29626.75,29610.25,29612.5,77.0
2026-06-12 00:43,29611.0,29617.0,29602.0,29602.0,131.0
2026-06-12 00:44,29602.75,29603.25,29585.5,29591.75,163.0
2026-06-12 00:45,29593.25,29616.75,29588.5,29612.25,134.0
2026-06-12 00:46,29612.0,29613.75,29602.25,29602.25,51.0
2026-06-12 00:47,29605.0,29607.25,29596.75,29599.25,63.0
2026-06-12 00:48,29598.25,29600.75,29594.75,29595.5,49.0
2026-06-12 00:49,29596.5,29597.75,29588.5,29597.75,37.0
2026-06-12 00:50,29597.25,29606.25,29595.25,29605.75,70.0
2026-06-12 00:51,29604.75,29608.5,29599.25,29603.0,45.0
2026-06-12 00:52,29601.5,29603.5,29596.0,29601.25,35.0
2026-06-12 00:53,29601.75,29604.0,29596.75,29603.5,38.0
2026-06-12 00:54,29602.75,29607.0,29598.0,29598.5,72.0
2026-06-12 00:55,29597.75,29605.0,29596.0,29602.5,75.0
2026-06-12 00:56,29604.5,29605.5,29589.0,29598.0,71.0
2026-06-12 00:57,29597.75,29601.0,29563.5,29572.75,267.0
2026-06-12 00:58,29573.0,29578.0,29566.0,29568.5,62.0
2026-06-12 00:59,29570.25,29589.5,29569.0,29588.25,97.0
2026-06-12 01:00,29589.0,29589.5,29569.25,29572.5,93.0
2026-06-12 01:01,29573.25,29584.0,29563.0,29565.25,141.0
2026-06-12 01:02,29567.25,29568.0,29547.75,29548.75,246.0
2026-06-12 01:03,29549.25,29560.75,29546.75,29558.25,113.0
2026-06-12 01:04,29556.25,29564.75,29551.0,29558.0,94.0
2026-06-12 01:05,29554.75,29567.75,29540.0,29548.5,142.0
2026-06-12 01:06,29547.5,29552.25,29539.75,29539.75,145.0
2026-06-12 01:07,29541.0,29543.75,29536.5,29536.5,90.0
2026-06-12 01:08,29539.25,29557.25,29532.0,29549.75,169.0
2026-06-12 01:09,29550.0,29570.0,29550.0,29568.0,88.0
2026-06-12 01:10,29567.75,29568.0,29553.0,29553.0,66.0
2026-06-12 01:11,29551.5,29568.25,29540.0,29540.25,125.0
2026-06-12 01:12,29544.5,29554.75,29535.25,29552.75,157.0
2026-06-12 01:13,29554.75,29561.5,29543.5,29557.5,65.0
2026-06-12 01:14,29556.75,29570.0,29555.75,29562.5,82.0
2026-06-12 01:15,29564.25,29569.0,29554.25,29565.5,68.0
2026-06-12 01:16,29561.75,29578.25,29561.25,29572.75,71.0
2026-06-12 01:17,29570.75,29572.0,29546.25,29550.75,126.0
2026-06-12 01:18,29548.5,29549.75,29535.0,29536.5,110.0
2026-06-12 01:19,29536.5,29539.0,29527.0,29531.75,160.0
2026-06-12 01:20,29530.75,29536.5,29526.75,29530.25,110.0
2026-06-12 01:21,29530.0,29535.25,29524.0,29524.25,83.0
2026-06-12 01:22,29524.0,29526.5,29504.25,29509.0,380.0
2026-06-12 01:23,29509.25,29523.0,29506.25,29522.0,162.0
2026-06-12 01:24,29519.5,29525.0,29511.0,29513.0,88.0
2026-06-12 01:25,29510.0,29510.5,29498.25,29504.0,188.0
2026-06-12 01:26,29504.25,29505.0,29478.0,29480.75,225.0
2026-06-12 01:27,29481.5,29490.75,29470.5,29486.0,122.0
2026-06-12 01:28,29486.25,29486.5,29473.25,29475.25,194.0
2026-06-12 01:29,29476.75,29492.25,29472.0,29483.5,147.0
2026-06-12 01:30,29483.25,29506.25,29481.5,29503.0,123.0
2026-06-12 01:31,29502.25,29502.25,29488.0,29492.75,77.0
2026-06-12 01:32,29494.0,29501.0,29494.0,29499.25,52.0
2026-06-12 01:33,29500.25,29500.25,29492.5,29497.75,46.0
2026-06-12 01:34,29499.75,29518.75,29499.75,29512.5,125.0
2026-06-12 01:35,29512.5,29521.5,29506.0,29512.75,81.0
2026-06-12 01:36,29514.25,29515.75,29488.0,29488.0,110.0
2026-06-12 01:37,29489.5,29490.75,29475.25,29478.25,183.0
2026-06-12 01:38,29482.25,29486.0,29464.75,29473.25,146.0
2026-06-12 01:39,29471.75,29487.5,29467.0,29486.0,108.0
2026-06-12 01:40,29487.5,29488.0,29470.5,29471.0,69.0
2026-06-12 01:41,29472.25,29475.25,29466.75,29473.25,93.0
2026-06-12 01:42,29473.25,29493.75,29472.0,29493.25,125.0
2026-06-12 01:43,29493.0,29509.25,29493.0,29504.5,140.0
2026-06-12 01:44,29507.5,29523.75,29492.75,29492.75,189.0
2026-06-12 01:45,29494.0,29522.0,29492.5,29520.0,114.0
2026-06-12 01:46,29519.5,29523.75,29514.75,29521.25,74.0
2026-06-12 01:47,29523.0,29529.75,29511.25,29517.5,109.0
2026-06-12 01:48,29515.75,29522.75,29514.0,29522.75,38.0
2026-06-12 01:49,29522.0,29533.25,29521.75,29531.0,61.0
2026-06-12 01:50,29532.25,29539.75,29524.75,29524.75,100.0
2026-06-12 01:51,29524.0,29530.0,29520.0,29530.0,91.0
2026-06-12 01:52,29530.25,29534.75,29527.0,29534.75,48.0
2026-06-12 01:53,29534.75,29536.75,29529.0,29531.75,44.0
2026-06-12 01:54,29530.75,29533.0,29523.75,29527.75,43.0
2026-06-12 01:55,29525.5,29531.5,29524.75,29529.0,29.0
2026-06-12 01:56,29527.5,29543.5,29527.5,29541.5,80.0
2026-06-12 01:57,29541.75,29549.75,29538.0,29544.25,84.0
2026-06-12 01:58,29544.25,29550.0,29538.75,29550.0,46.0
2026-06-12 01:59,29548.5,29557.5,29548.5,29553.0,95.0
2026-06-12 02:00,29553.0,29587.0,29550.5,29566.0,371.0
2026-06-12 02:01,29566.0,29571.0,29562.0,29562.0,51.0
2026-06-12 02:02,29565.0,29580.0,29555.5,29580.0,145.0
2026-06-12 02:03,29578.25,29578.25,29566.0,29569.5,54.0
2026-06-12 02:04,29568.25,29573.0,29561.25,29567.0,55.0
2026-06-12 02:05,29567.25,29573.75,29560.0,29571.25,98.0
2026-06-12 02:06,29572.25,29572.25,29560.25,29566.25,40.0
2026-06-12 02:07,29567.5,29575.0,29556.25,29560.0,58.0
2026-06-12 02:08,29560.5,29565.25,29554.25,29564.25,104.0
2026-06-12 02:09,29560.5,29581.75,29560.5,29581.25,94.0
2026-06-12 02:10,29581.75,29585.25,29572.75,29577.0,48.0
2026-06-12 02:11,29575.25,29579.25,29570.0,29570.0,51.0
2026-06-12 02:12,29568.75,29573.0,29566.0,29569.5,39.0
2026-06-12 02:13,29575.75,29577.75,29566.0,29568.5,26.0
2026-06-12 02:14,29566.0,29571.5,29561.5,29568.0,83.0
2026-06-12 02:15,29568.75,29570.0,29560.0,29567.0,44.0
2026-06-12 02:16,29567.25,29568.75,29560.5,29567.0,38.0
2026-06-12 02:17,29567.25,29567.25,29556.25,29559.5,52.0
2026-06-12 02:18,29558.5,29560.25,29540.5,29547.25,165.0
2026-06-12 02:19,29547.25,29557.0,29543.75,29554.75,142.0
2026-06-12 02:20,29556.0,29565.75,29550.25,29564.5,80.0
2026-06-12 02:21,29562.5,29564.75,29553.25,29561.75,51.0
2026-06-12 02:22,29561.5,29563.5,29551.5,29553.75,18.0
2026-06-12 02:23,29554.0,29554.75,29549.0,29549.5,18.0
2026-06-12 02:24,29552.5,29556.25,29540.75,29543.5,120.0
2026-06-12 02:25,29546.0,29546.0,29532.75,29532.75,110.0
2026-06-12 02:26,29535.5,29540.0,29532.75,29536.75,84.0
2026-06-12 02:27,29536.5,29536.5,29523.5,29528.5,114.0
2026-06-12 02:28,29529.5,29531.0,29522.25,29523.5,43.0
2026-06-12 02:29,29522.5,29522.5,29510.0,29512.5,102.0
2026-06-12 02:30,29512.5,29530.5,29511.0,29527.0,109.0
2026-06-12 02:31,29527.75,29528.5,29514.0,29515.0,120.0
2026-06-12 02:32,29513.75,29521.0,29513.25,29520.25,34.0
2026-06-12 02:33,29521.75,29530.0,29519.5,29519.5,85.0
2026-06-12 02:34,29520.75,29520.75,29511.25,29513.5,43.0
2026-06-12 02:35,29512.0,29516.0,29503.0,29510.5,111.0
2026-06-12 02:36,29509.75,29525.0,29506.0,29525.0,63.0
2026-06-12 02:37,29526.0,29537.0,29520.5,29537.0,75.0
2026-06-12 02:38,29535.25,29545.75,29533.75,29540.75,71.0
2026-06-12 02:39,29540.25,29543.75,29537.25,29541.75,36.0
2026-06-12 02:40,29539.75,29547.5,29536.0,29542.5,35.0
2026-06-12 02:41,29544.5,29544.5,29534.0,29536.25,37.0
2026-06-12 02:42,29537.5,29542.25,29532.0,29534.0,28.0
2026-06-12 02:43,29533.25,29543.0,29532.0,29543.0,58.0
2026-06-12 02:44,29542.5,29550.75,29535.5,29544.75,122.0
2026-06-12 02:45,29545.5,29564.75,29544.75,29552.75,129.0
2026-06-12 02:46,29553.5,29553.5,29548.5,29551.25,17.0
2026-06-12 02:47,29546.5,29552.0,29546.5,29552.0,19.0
2026-06-12 02:48,29552.5,29556.0,29550.5,29553.25,53.0
2026-06-12 02:49,29553.25,29572.0,29552.25,29561.25,105.0
2026-06-12 02:50,29560.75,29562.0,29545.75,29547.25,33.0
2026-06-12 02:51,29552.75,29558.75,29551.75,29558.5,26.0
2026-06-12 02:52,29558.75,29569.25,29558.75,29562.25,53.0
2026-06-12 02:53,29562.5,29565.5,29553.25,29565.5,42.0
2026-06-12 02:54,29566.0,29576.0,29555.5,29556.5,124.0
2026-06-12 02:55,29557.5,29557.75,29549.0,29552.75,25.0
2026-06-12 02:56,29555.25,29555.25,29543.75,29549.25,26.0
2026-06-12 02:57,29550.0,29560.5,29550.0,29559.25,33.0
2026-06-12 02:58,29559.0,29563.5,29551.5,29558.0,51.0
2026-06-12 02:59,29555.75,29569.25,29554.0,29562.5,48.0
2026-06-12 03:00,29562.0,29562.0,29547.0,29550.75,123.0
2026-06-12 03:01,29552.5,29555.0,29550.5,29552.0,16.0
2026-06-12 03:02,29552.0,29552.75,29526.5,29536.0,128.0
2026-06-12 03:03,29538.25,29554.5,29537.75,29550.25,95.0
2026-06-12 03:04,29552.5,29552.5,29546.5,29547.25,18.0
2026-06-12 03:05,29544.5,29546.0,29536.0,29543.5,38.0
2026-06-12 03:06,29543.5,29545.0,29536.75,29537.5,31.0
2026-06-12 03:07,29539.5,29541.75,29530.0,29533.5,27.0
2026-06-12 03:08,29532.0,29536.75,29525.0,29532.5,61.0
2026-06-12 03:09,29528.75,29543.25,29526.5,29543.25,104.0
2026-06-12 03:10,29541.75,29543.75,29535.75,29535.75,37.0
2026-06-12 03:11,29534.5,29534.5,29529.75,29531.25,29.0
2026-06-12 03:12,29529.0,29529.0,29510.0,29521.0,133.0
2026-06-12 03:13,29518.5,29525.75,29517.5,29525.0,36.0
2026-06-12 03:14,29525.0,29526.25,29519.25,29524.0,36.0
2026-06-12 03:15,29523.25,29528.25,29520.5,29526.5,19.0
2026-06-12 03:16,29528.0,29530.25,29523.75,29525.75,38.0
2026-06-12 03:17,29526.25,29526.25,29511.75,29515.0,51.0
2026-06-12 03:18,29517.75,29519.5,29512.5,29518.25,20.0
2026-06-12 03:19,29514.25,29514.25,29510.25,29510.75,16.0
2026-06-12 03:20,29513.5,29515.0,29501.0,29502.75,83.0
2026-06-12 03:21,29504.75,29509.0,29503.5,29504.75,28.0
2026-06-12 03:22,29507.25,29509.5,29495.25,29497.75,52.0
2026-06-12 03:23,29498.5,29499.0,29488.75,29496.75,47.0
2026-06-12 03:24,29493.25,29500.0,29492.0,29495.5,32.0
2026-06-12 03:25,29497.5,29514.0,29493.25,29512.75,64.0
2026-06-12 03:26,29512.75,29514.25,29505.0,29510.0,66.0
2026-06-12 03:27,29511.0,29524.5,29511.0,29519.5,106.0
2026-06-12 03:28,29519.25,29526.5,29519.25,29521.0,39.0
2026-06-12 03:29,29521.25,29524.5,29517.5,29524.5,15.0
2026-06-12 03:30,29522.0,29535.0,29516.75,29527.5,136.0
2026-06-12 03:31,29526.75,29541.0,29525.25,29533.5,61.0
2026-06-12 03:32,29529.75,29530.0,29518.5,29523.25,82.0
2026-06-12 03:33,29522.0,29525.5,29518.75,29519.25,29.0
2026-06-12 03:34,29519.75,29525.5,29519.75,29524.25,21.0
2026-06-12 03:35,29527.0,29530.0,29521.75,29524.5,18.0
2026-06-12 03:36,29528.5,29528.5,29519.75,29521.25,22.0
2026-06-12 03:37,29523.75,29534.75,29523.75,29530.25,58.0
2026-06-12 03:38,29530.25,29536.75,29529.25,29533.25,27.0
2026-06-12 03:39,29531.25,29535.0,29530.25,29535.0,12.0
2026-06-12 03:40,29536.75,29546.25,29534.5,29546.25,53.0
2026-06-12 03:41,29546.75,29554.25,29539.5,29541.0,176.0
2026-06-12 03:42,29541.25,29541.25,29529.25,29532.0,30.0
2026-06-12 03:43,29531.0,29535.0,29527.25,29530.0,51.0
2026-06-12 03:44,29531.25,29536.5,29528.25,29530.0,33.0
2026-06-12 03:45,29528.5,29531.5,29512.25,29514.75,59.0
2026-06-12 03:46,29515.75,29518.5,29514.25,29515.5,25.0
2026-06-12 03:47,29515.5,29518.75,29500.25,29509.5,206.0
2026-06-12 03:48,29511.25,29522.5,29510.0,29516.0,35.0
2026-06-12 03:49,29513.0,29522.0,29508.25,29521.25,62.0
2026-06-12 03:50,29523.0,29533.5,29523.0,29529.75,80.0
2026-06-12 03:51,29530.5,29530.75,29522.75,29527.75,22.0
2026-06-12 03:52,29520.5,29524.0,29516.75,29516.75,10.0
2026-06-12 03:53,29519.5,29528.25,29515.0,29528.25,44.0
2026-06-12 03:54,29529.75,29533.25,29527.5,29530.5,27.0
2026-06-12 03:55,29525.0,29537.0,29525.0,29530.5,33.0
2026-06-12 03:56,29529.25,29538.5,29529.25,29538.5,15.0
2026-06-12 03:57,29539.75,29541.5,29531.5,29534.75,49.0
2026-06-12 03:58,29536.25,29536.5,29529.25,29529.5,33.0
2026-06-12 03:59,29531.0,29531.25,29524.0,29528.5,53.0
2026-06-12 04:00,29531.25,29531.25,29515.0,29517.25,32.0
2026-06-12 04:01,29517.25,29518.5,29506.75,29518.5,52.0
2026-06-12 04:02,29518.5,29519.5,29507.5,29511.5,50.0
2026-06-12 04:03,29514.25,29522.25,29514.25,29521.25,23.0
2026-06-12 04:04,29520.0,29520.0,29512.75,29515.25,19.0
2026-06-12 04:05,29513.75,29513.75,29505.5,29507.5,44.0
2026-06-12 04:06,29508.0,29508.0,29488.0,29497.0,160.0
2026-06-12 04:07,29496.75,29499.5,29493.75,29499.5,40.0
2026-06-12 04:08,29497.25,29505.25,29497.25,29503.5,35.0
2026-06-12 04:09,29504.25,29507.5,29502.75,29502.75,33.0
2026-06-12 04:10,29501.25,29504.25,29496.5,29502.25,24.0
2026-06-12 04:11,29501.75,29515.0,29501.75,29513.75,44.0
2026-06-12 04:12,29510.25,29514.25,29496.25,29501.0,103.0
2026-06-12 04:13,29499.75,29504.75,29496.0,29504.75,21.0
2026-06-12 04:14,29506.75,29520.5,29506.75,29515.5,38.0
2026-06-12 04:15,29518.25,29524.25,29511.75,29513.0,50.0
2026-06-12 04:16,29510.0,29511.75,29501.0,29504.0,41.0
2026-06-12 04:17,29504.25,29504.25,29496.5,29499.75,32.0
2026-06-12 04:18,29497.25,29499.0,29494.25,29494.25,25.0
2026-06-12 04:19,29495.5,29500.25,29493.0,29499.5,33.0
2026-06-12 04:20,29497.75,29506.75,29488.0,29506.75,91.0
2026-06-12 04:21,29506.5,29515.25,29504.75,29515.25,48.0
2026-06-12 04:22,29512.25,29514.75,29502.5,29514.75,29.0
2026-06-12 04:23,29515.0,29524.25,29511.5,29511.5,78.0
2026-06-12 04:24,29509.0,29517.75,29507.0,29517.75,30.0
2026-06-12 04:25,29517.25,29521.25,29515.0,29518.25,36.0
2026-06-12 04:26,29519.0,29526.75,29519.0,29525.25,49.0
2026-06-12 04:27,29527.75,29532.0,29526.0,29529.75,44.0
2026-06-12 04:28,29529.75,29530.75,29529.0,29529.25,13.0
2026-06-12 04:29,29530.75,29540.25,29529.0,29535.25,69.0
2026-06-12 04:30,29535.0,29546.0,29530.25,29531.75,80.0
2026-06-12 04:31,29531.5,29537.75,29525.0,29533.75,46.0
2026-06-12 04:32,29534.0,29538.0,29527.5,29527.5,26.0
2026-06-12 04:33,29528.75,29533.75,29526.25,29528.0,16.0
2026-06-12 04:34,29525.5,29535.5,29525.0,29535.5,27.0
2026-06-12 04:35,29532.0,29532.75,29527.5,29532.75,18.0
2026-06-12 04:36,29532.5,29532.5,29520.25,29522.75,70.0
2026-06-12 04:37,29523.75,29525.5,29520.75,29521.25,15.0
2026-06-12 04:38,29523.25,29528.75,29523.25,29524.25,21.0
2026-06-12 04:39,29527.0,29527.5,29523.25,29527.5,5.0
2026-06-12 04:40,29526.0,29530.0,29520.0,29529.25,23.0
2026-06-12 04:41,29527.5,29533.0,29526.5,29531.5,21.0
2026-06-12 04:42,29531.5,29538.0,29529.0,29535.75,36.0
2026-06-12 04:43,29535.25,29544.0,29535.25,29539.0,41.0
2026-06-12 04:44,29538.25,29539.5,29535.0,29538.0,17.0
2026-06-12 04:45,29538.5,29544.5,29536.0,29543.5,114.0
2026-06-12 04:46,29543.5,29548.25,29536.25,29537.25,81.0
2026-06-12 04:47,29536.5,29538.0,29532.0,29535.0,21.0
2026-06-12 04:48,29534.75,29534.75,29530.5,29533.75,17.0
2026-06-12 04:49,29533.75,29536.0,29530.25,29536.0,14.0
2026-06-12 04:50,29536.75,29549.0,29534.5,29541.0,66.0
2026-06-12 04:51,29538.75,29541.0,29531.75,29535.5,48.0
2026-06-12 04:52,29535.5,29540.75,29532.5,29539.5,20.0
2026-06-12 04:53,29537.75,29543.5,29537.75,29541.0,32.0
2026-06-12 04:54,29539.5,29542.25,29532.75,29539.5,59.0
2026-06-12 04:55,29538.5,29544.5,29537.5,29537.5,58.0
2026-06-12 04:56,29537.0,29545.0,29535.75,29540.75,22.0
2026-06-12 04:57,29540.0,29545.75,29540.0,29545.0,24.0
2026-06-12 04:58,29543.25,29544.5,29540.5,29541.0,14.0
2026-06-12 04:59,29540.0,29545.5,29540.0,29543.75,28.0
2026-06-12 05:00,29546.25,29554.75,29540.0,29547.75,108.0
2026-06-12 05:01,29547.5,29548.25,29540.0,29543.75,21.0
2026-06-12 05:02,29545.25,29545.25,29529.25,29529.25,48.0
2026-06-12 05:03,29531.25,29535.5,29529.75,29531.0,23.0
2026-06-12 05:04,29531.0,29533.75,29528.0,29528.0,20.0
2026-06-12 05:05,29528.25,29530.0,29522.0,29524.25,46.0
2026-06-12 05:06,29525.75,29531.25,29521.5,29521.5,27.0
2026-06-12 05:07,29520.75,29523.25,29512.5,29516.5,56.0
2026-06-12 05:08,29515.25,29517.0,29506.0,29512.75,109.0
2026-06-12 05:09,29508.75,29522.0,29508.75,29522.0,25.0
2026-06-12 05:10,29520.25,29521.5,29515.0,29520.75,44.0
2026-06-12 05:11,29520.75,29521.0,29507.0,29509.25,35.0
2026-06-12 05:12,29507.5,29520.0,29503.25,29519.5,46.0
2026-06-12 05:13,29516.0,29516.0,29512.75,29515.75,15.0
2026-06-12 05:14,29519.5,29528.5,29519.5,29524.0,38.0
2026-06-12 05:15,29525.0,29534.75,29521.75,29534.75,34.0
2026-06-12 05:16,29535.0,29539.75,29531.5,29534.5,59.0
2026-06-12 05:17,29533.0,29533.0,29512.5,29528.5,152.0
2026-06-12 05:18,29529.75,29535.0,29527.0,29531.0,65.0
2026-06-12 05:19,29533.25,29536.25,29530.75,29533.5,12.0
2026-06-12 05:20,29536.5,29540.0,29533.0,29540.0,27.0
2026-06-12 05:21,29538.75,29539.75,29533.75,29534.0,17.0
2026-06-12 05:22,29530.0,29538.5,29530.0,29535.0,18.0
2026-06-12 05:23,29536.0,29541.25,29530.0,29530.0,120.0
2026-06-12 05:24,29527.25,29530.25,29523.5,29526.25,56.0
2026-06-12 05:25,29525.25,29528.5,29523.5,29525.0,15.0
2026-06-12 05:26,29528.0,29534.25,29521.0,29522.75,24.0
2026-06-12 05:27,29522.75,29524.25,29516.0,29518.75,58.0
2026-06-12 05:28,29520.75,29532.25,29520.75,29532.0,54.0
2026-06-12 05:29,29532.25,29536.5,29531.25,29535.0,10.0
2026-06-12 05:30,29532.75,29532.75,29522.25,29522.25,36.0
2026-06-12 05:31,29525.75,29528.25,29524.5,29525.25,9.0
2026-06-12 05:32,29525.0,29525.0,29505.0,29506.75,81.0
2026-06-12 05:33,29505.75,29520.25,29500.25,29519.5,193.0
2026-06-12 05:34,29519.5,29520.0,29510.75,29516.25,76.0
2026-06-12 05:35,29514.25,29521.25,29510.25,29514.5,37.0
2026-06-12 05:36,29513.5,29519.25,29503.75,29507.75,78.0
2026-06-12 05:37,29507.0,29508.75,29486.75,29486.75,124.0
2026-06-12 05:38,29486.0,29493.5,29464.75,29469.0,249.0
2026-06-12 05:39,29469.75,29475.25,29456.75,29473.0,268.0
2026-06-12 05:40,29471.25,29493.0,29470.5,29489.75,141.0
2026-06-12 05:41,29487.0,29507.5,29486.0,29497.75,100.0
2026-06-12 05:42,29498.75,29510.25,29493.0,29502.75,74.0
2026-06-12 05:43,29505.0,29508.25,29484.0,29489.25,75.0
2026-06-12 05:44,29487.5,29489.25,29476.5,29480.5,68.0
2026-06-12 05:45,29481.5,29485.0,29470.25,29474.5,91.0
2026-06-12 05:46,29472.75,29472.75,29454.75,29454.75,139.0
2026-06-12 05:47,29455.25,29459.25,29447.0,29450.25,162.0
2026-06-12 05:48,29451.25,29454.25,29444.0,29447.75,129.0
2026-06-12 05:49,29448.0,29448.25,29424.5,29427.5,276.0
2026-06-12 05:50,29429.25,29431.0,29375.0,29375.75,536.0
2026-06-12 05:51,29377.5,29413.75,29375.0,29413.25,299.0
2026-06-12 05:52,29411.0,29425.75,29405.5,29408.0,295.0
2026-06-12 05:53,29407.75,29434.25,29405.5,29434.25,175.0
2026-06-12 05:54,29434.0,29439.5,29424.75,29428.5,150.0
2026-06-12 05:55,29430.75,29432.5,29411.0,29416.25,91.0
2026-06-12 05:56,29419.0,29421.0,29401.0,29417.0,102.0
2026-06-12 05:57,29418.75,29421.0,29414.0,29420.75,46.0
2026-06-12 05:58,29418.25,29418.25,29404.25,29409.25,39.0
2026-06-12 05:59,29409.75,29412.5,29388.5,29401.0,176.0
2026-06-12 06:00,29401.75,29418.0,29400.0,29408.5,85.0
2026-06-12 06:01,29407.5,29407.5,29390.25,29407.25,149.0
2026-06-12 06:02,29409.0,29427.0,29404.25,29424.25,202.0
2026-06-12 06:03,29425.5,29436.0,29422.5,29436.0,92.0
2026-06-12 06:04,29434.0,29458.75,29431.75,29440.0,224.0
2026-06-12 06:05,29441.75,29458.5,29440.25,29453.0,73.0
2026-06-12 06:06,29455.0,29459.0,29432.5,29438.5,150.0
2026-06-12 06:07,29437.5,29440.25,29427.0,29432.25,70.0
2026-06-12 06:08,29433.0,29444.5,29419.5,29444.5,263.0
2026-06-12 06:09,29442.75,29448.0,29431.5,29442.0,71.0
2026-06-12 06:10,29442.0,29443.5,29434.25,29439.25,88.0
2026-06-12 06:11,29441.5,29467.25,29440.0,29463.0,216.0
2026-06-12 06:12,29464.0,29467.25,29456.25,29463.75,67.0
2026-06-12 06:13,29463.5,29474.75,29458.5,29464.0,154.0
2026-06-12 06:14,29463.0,29464.5,29460.5,29460.5,19.0
2026-06-12 06:15,29460.0,29461.75,29448.5,29457.5,88.0
2026-06-12 06:16,29457.0,29457.0,29444.75,29450.0,67.0
2026-06-12 06:17,29449.75,29451.0,29441.0,29441.0,85.0
2026-06-12 06:18,29440.5,29445.75,29435.75,29439.75,58.0
2026-06-12 06:19,29441.25,29441.25,29432.0,29432.0,49.0
2026-06-12 06:20,29432.25,29440.0,29427.75,29433.75,54.0
2026-06-12 06:21,29431.5,29435.0,29425.0,29432.25,52.0
2026-06-12 06:22,29432.75,29433.75,29426.75,29428.0,26.0
2026-06-12 06:23,29426.0,29431.25,29416.5,29430.25,73.0
2026-06-12 06:24,29434.0,29441.25,29432.5,29436.0,56.0
2026-06-12 06:25,29434.0,29434.0,29421.0,29424.75,50.0
2026-06-12 06:26,29427.5,29441.25,29426.5,29441.25,60.0
2026-06-12 06:27,29440.0,29440.75,29433.75,29433.75,69.0
2026-06-12 06:28,29432.25,29439.0,29431.0,29433.25,47.0
2026-06-12 06:29,29432.25,29432.25,29420.25,29426.25,82.0
2026-06-12 06:30,29423.75,29424.5,29410.0,29413.5,119.0
2026-06-12 06:31,29413.0,29416.75,29407.75,29414.0,44.0
2026-06-12 06:32,29414.0,29421.0,29409.5,29417.0,92.0
2026-06-12 06:33,29415.75,29420.25,29404.0,29406.5,89.0
2026-06-12 06:34,29403.75,29409.5,29402.0,29407.0,44.0
2026-06-12 06:35,29407.25,29407.5,29398.0,29403.75,73.0
2026-06-12 06:36,29402.25,29407.5,29396.0,29405.0,71.0
2026-06-12 06:37,29406.5,29411.5,29397.0,29400.25,98.0
2026-06-12 06:38,29399.5,29402.25,29393.75,29394.75,67.0
2026-06-12 06:39,29395.0,29396.25,29389.25,29394.25,70.0
2026-06-12 06:40,29395.25,29397.0,29392.0,29393.0,53.0
2026-06-12 06:41,29391.0,29393.25,29365.25,29390.0,290.0
2026-06-12 06:42,29387.25,29388.25,29379.25,29384.25,58.0
2026-06-12 06:43,29386.0,29388.75,29376.75,29377.5,71.0
2026-06-12 06:44,29376.5,29385.75,29375.5,29385.25,77.0
2026-06-12 06:45,29384.25,29385.0,29377.0,29377.5,34.0
2026-06-12 06:46,29377.25,29390.25,29377.0,29387.75,129.0
2026-06-12 06:47,29386.0,29393.75,29383.0,29389.0,41.0
2026-06-12 06:48,29392.5,29392.75,29378.0,29379.75,63.0
2026-06-12 06:49,29378.0,29379.0,29368.5,29378.0,97.0
2026-06-12 06:50,29377.75,29384.75,29374.75,29375.75,54.0
2026-06-12 06:51,29375.0,29382.75,29375.0,29377.0,32.0
2026-06-12 06:52,29375.0,29375.0,29344.0,29353.25,333.0
2026-06-12 06:53,29353.25,29355.0,29340.25,29344.25,169.0
2026-06-12 06:54,29344.25,29351.25,29340.0,29341.0,94.0
2026-06-12 06:55,29340.25,29343.5,29335.0,29335.0,81.0
2026-06-12 06:56,29338.0,29354.5,29336.75,29354.0,124.0
2026-06-12 06:57,29352.0,29364.75,29352.0,29354.75,123.0
2026-06-12 06:58,29356.0,29361.5,29356.0,29360.25,25.0
2026-06-12 06:59,29362.25,29362.25,29352.75,29361.0,58.0
2026-06-12 07:00,29361.75,29370.0,29345.5,29345.5,135.0
2026-06-12 07:01,29346.25,29357.0,29343.5,29350.0,96.0
2026-06-12 07:02,29348.5,29351.75,29338.75,29338.75,47.0
2026-06-12 07:03,29340.0,29342.0,29320.5,29323.5,140.0
2026-06-12 07:04,29324.25,29325.5,29311.0,29315.0,160.0
2026-06-12 07:05,29313.5,29323.75,29307.75,29313.75,184.0
2026-06-12 07:06,29315.75,29315.75,29302.0,29307.5,210.0
2026-06-12 07:07,29307.25,29314.5,29305.0,29306.75,101.0
2026-06-12 07:08,29307.0,29313.5,29301.0,29311.0,181.0
2026-06-12 07:09,29311.5,29326.25,29310.0,29320.5,121.0
2026-06-12 07:10,29320.25,29327.25,29308.5,29315.25,104.0
2026-06-12 07:11,29318.5,29327.5,29314.5,29317.5,75.0
2026-06-12 07:12,29317.25,29325.0,29315.0,29315.25,71.0
2026-06-12 07:13,29318.0,29318.0,29277.0,29286.5,358.0
2026-06-12 07:14,29286.25,29289.25,29270.5,29272.0,171.0
2026-06-12 07:15,29275.0,29278.75,29270.75,29278.0,80.0
2026-06-12 07:16,29277.75,29288.0,29275.25,29282.25,144.0
2026-06-12 07:17,29283.25,29291.25,29260.0,29268.5,195.0
2026-06-12 07:18,29270.5,29282.25,29269.0,29275.75,66.0
2026-06-12 07:19,29273.0,29290.0,29271.75,29288.5,88.0
2026-06-12 07:20,29288.25,29294.0,29284.5,29292.25,81.0
2026-06-12 07:21,29294.5,29320.0,29291.5,29311.75,268.0
2026-06-12 07:22,29309.25,29311.0,29290.75,29297.25,116.0
2026-06-12 07:23,29297.5,29317.75,29297.5,29317.75,94.0
2026-06-12 07:24,29315.75,29322.0,29313.0,29318.75,56.0
2026-06-12 07:25,29316.5,29316.5,29302.0,29308.0,74.0
2026-06-12 07:26,29307.25,29317.0,29305.0,29313.5,62.0
2026-06-12 07:27,29315.5,29315.5,29299.0,29301.75,55.0
2026-06-12 07:28,29302.0,29306.5,29283.75,29296.5,179.0
2026-06-12 07:29,29296.75,29305.0,29294.5,29298.25,72.0
2026-06-12 07:30,29291.75,29296.5,29286.0,29286.0,89.0
2026-06-12 07:31,29286.25,29304.25,29285.25,29301.25,97.0
2026-06-12 07:32,29297.0,29301.5,29289.75,29298.75,40.0
2026-06-12 07:33,29292.5,29306.5,29292.5,29305.0,34.0
2026-06-12 07:34,29306.25,29315.0,29305.0,29311.0,122.0
2026-06-12 07:35,29311.25,29341.0,29311.25,29338.0,209.0
2026-06-12 07:36,29337.75,29345.0,29329.75,29343.0,155.0
2026-06-12 07:37,29344.5,29345.0,29319.5,29322.0,191.0
2026-06-12 07:38,29322.5,29334.75,29321.25,29323.75,115.0
2026-06-12 07:39,29327.0,29360.0,29325.0,29348.75,221.0
2026-06-12 07:40,29350.0,29356.75,29341.75,29348.5,96.0
2026-06-12 07:41,29348.75,29366.5,29347.75,29362.75,116.0
2026-06-12 07:42,29363.75,29365.25,29356.0,29358.25,76.0
2026-06-12 07:43,29356.75,29379.25,29356.75,29371.5,173.0
2026-06-12 07:44,29370.5,29385.75,29370.0,29379.0,135.0
2026-06-12 07:45,29379.25,29384.75,29375.0,29384.0,51.0
2026-06-12 07:46,29385.0,29386.5,29375.75,29381.25,82.0
2026-06-12 07:47,29379.5,29383.5,29363.75,29371.75,152.0
2026-06-12 07:48,29370.25,29386.0,29362.75,29384.5,110.0
2026-06-12 07:49,29384.25,29393.0,29375.0,29375.5,105.0
2026-06-12 07:50,29380.25,29388.5,29378.25,29385.75,43.0
2026-06-12 07:51,29388.5,29392.0,29386.5,29389.25,46.0
2026-06-12 07:52,29387.75,29394.0,29380.0,29392.75,98.0
2026-06-12 07:53,29394.0,29394.25,29386.75,29386.75,33.0
2026-06-12 07:54,29386.5,29386.5,29376.75,29381.75,40.0
2026-06-12 07:55,29392.25,29396.5,29388.0,29390.75,75.0
2026-06-12 07:56,29395.5,29458.5,29388.0,29425.75,512.0
2026-06-12 07:57,29421.0,29443.75,29410.0,29416.25,369.0
2026-06-12 07:58,29416.25,29430.75,29413.0,29426.0,131.0
2026-06-12 07:59,29427.0,29438.0,29420.5,29430.5,265.0
2026-06-12 08:00,29434.5,29439.5,29416.25,29416.25,357.0
2026-06-12 08:01,29418.0,29447.0,29417.5,29441.0,117.0
2026-06-12 08:02,29443.75,29465.0,29438.75,29460.75,225.0
2026-06-12 08:03,29462.5,29467.75,29452.5,29466.0,172.0
2026-06-12 08:04,29465.75,29479.5,29453.0,29456.0,214.0
2026-06-12 08:05,29457.75,29479.5,29442.5,29478.5,216.0
2026-06-12 08:06,29477.0,29489.0,29465.25,29475.5,250.0
2026-06-12 08:07,29475.75,29481.5,29465.0,29481.5,151.0
2026-06-12 08:08,29477.25,29477.25,29456.75,29462.5,118.0
2026-06-12 08:09,29459.25,29469.0,29453.75,29462.0,78.0
2026-06-12 08:10,29462.75,29479.5,29462.75,29478.25,72.0
2026-06-12 08:11,29478.0,29482.0,29462.0,29473.5,126.0
2026-06-12 08:12,29474.5,29479.5,29461.0,29465.75,71.0
2026-06-12 08:13,29464.5,29481.75,29459.5,29467.25,132.0
2026-06-12 08:14,29464.5,29468.25,29460.5,29465.0,82.0
2026-06-12 08:15,29466.5,29476.5,29443.0,29454.5,108.0
2026-06-12 08:16,29456.25,29512.0,29456.0,29492.25,328.0
2026-06-12 08:17,29491.5,29520.75,29487.75,29513.75,198.0
2026-06-12 08:18,29513.75,29538.5,29502.0,29535.25,214.0
2026-06-12 08:19,29537.0,29550.0,29530.0,29536.5,366.0
2026-06-12 08:20,29539.75,29543.0,29512.25,29513.0,162.0
2026-06-12 08:21,29516.5,29549.25,29516.5,29544.0,127.0
2026-06-12 08:22,29543.5,29575.0,29542.75,29557.5,426.0
2026-06-12 08:23,29557.75,29557.75,29525.0,29531.75,178.0
2026-06-12 08:24,29535.0,29546.75,29533.5,29542.25,81.0
2026-06-12 08:25,29538.75,29541.25,29526.5,29526.75,145.0
2026-06-12 08:26,29530.75,29532.0,29520.0,29528.75,91.0
2026-06-12 08:27,29526.25,29542.75,29525.0,29535.25,87.0
2026-06-12 08:28,29537.75,29539.75,29526.75,29531.75,79.0
2026-06-12 08:29,29534.75,29534.75,29522.25,29530.25,88.0
2026-06-12 08:30,29531.25,29536.75,29526.25,29529.5,62.0
2026-06-12 08:31,29531.25,29534.75,29516.25,29518.75,102.0
2026-06-12 08:32,29518.25,29528.25,29517.75,29527.5,85.0
2026-06-12 08:33,29526.25,29535.75,29519.75,29534.25,91.0
2026-06-12 08:34,29534.25,29534.25,29502.25,29502.25,165.0
2026-06-12 08:35,29501.25,29502.25,29470.0,29481.0,372.0
2026-06-12 08:36,29483.25,29492.25,29482.0,29492.25,118.0
2026-06-12 08:37,29490.75,29499.25,29478.75,29498.25,160.0
2026-06-12 08:38,29498.25,29498.75,29483.25,29497.5,85.0
2026-06-12 08:39,29497.75,29499.25,29480.75,29480.75,114.0
2026-06-12 08:40,29480.5,29483.25,29447.75,29463.0,208.0
2026-06-12 08:41,29466.5,29474.75,29462.25,29466.25,122.0
2026-06-12 08:42,29464.0,29465.0,29453.0,29462.0,140.0
2026-06-12 08:43,29459.0,29472.0,29459.0,29467.25,52.0
2026-06-12 08:44,29468.5,29470.25,29463.0,29467.0,56.0
2026-06-12 08:45,29468.25,29471.75,29454.75,29454.75,58.0
2026-06-12 08:46,29455.75,29465.0,29447.75,29465.0,154.0
2026-06-12 08:47,29467.75,29491.0,29466.25,29478.0,229.0
2026-06-12 08:48,29476.25,29488.5,29472.5,29484.0,63.0
2026-06-12 08:49,29483.5,29499.25,29483.5,29494.5,96.0
2026-06-12 08:50,29493.75,29493.75,29478.0,29484.0,95.0
2026-06-12 08:51,29482.5,29497.25,29482.0,29497.25,68.0
2026-06-12 08:52,29497.25,29502.5,29492.25,29501.0,75.0
2026-06-12 08:53,29502.5,29506.5,29496.25,29505.75,89.0
2026-06-12 08:54,29508.75,29516.75,29501.75,29506.5,92.0
2026-06-12 08:55,29508.75,29508.75,29492.5,29496.75,21.0
2026-06-12 08:56,29497.25,29505.25,29497.25,29499.0,31.0
2026-06-12 08:57,29500.75,29501.75,29489.0,29492.5,31.0
2026-06-12 08:58,29492.5,29498.0,29490.0,29490.0,27.0
2026-06-12 08:59,29491.75,29491.75,29477.75,29478.25,59.0
2026-06-12 09:00,29481.25,29493.5,29477.25,29491.0,68.0
2026-06-12 09:01,29491.75,29505.25,29491.25,29504.75,50.0
2026-06-12 09:02,29505.5,29516.25,29503.25,29515.0,86.0
2026-06-12 09:03,29514.0,29519.0,29504.25,29509.25,91.0
2026-06-12 09:04,29510.0,29519.0,29501.25,29512.75,178.0
2026-06-12 09:05,29514.0,29517.0,29501.25,29515.75,89.0
2026-06-12 09:06,29512.0,29515.0,29507.75,29515.0,47.0
2026-06-12 09:07,29516.5,29517.25,29504.75,29508.5,55.0
2026-06-12 09:08,29507.5,29509.25,29499.0,29502.5,80.0
2026-06-12 09:09,29507.0,29516.0,29507.0,29515.25,46.0
2026-06-12 09:10,29513.0,29514.5,29505.5,29507.25,25.0
2026-06-12 09:11,29510.5,29523.25,29510.25,29516.0,75.0
2026-06-12 09:12,29517.75,29522.0,29512.0,29520.75,29.0
2026-06-12 09:13,29517.5,29532.0,29517.5,29529.0,42.0
2026-06-12 09:14,29532.25,29548.5,29529.0,29548.5,125.0
2026-06-12 09:15,29547.5,29564.25,29541.5,29550.75,165.0
2026-06-12 09:16,29550.0,29569.25,29537.25,29563.0,185.0
2026-06-12 09:17,29562.75,29566.0,29550.0,29563.75,158.0
2026-06-12 09:18,29563.75,29573.5,29557.0,29568.0,96.0
2026-06-12 09:19,29571.25,29589.0,29567.0,29573.25,200.0
2026-06-12 09:20,29574.0,29592.0,29573.5,29577.75,123.0
2026-06-12 09:21,29574.75,29586.25,29570.0,29586.25,291.0
2026-06-12 09:22,29585.0,29586.5,29564.0,29566.25,163.0
2026-06-12 09:23,29565.25,29571.5,29558.0,29569.25,114.0
2026-06-12 09:24,29568.75,29576.5,29567.5,29571.0,54.0
2026-06-12 09:25,29576.75,29577.75,29565.75,29570.5,44.0
2026-06-12 09:26,29575.0,29594.5,29574.25,29594.5,98.0
2026-06-12 09:27,29593.25,29600.0,29592.75,29599.5,143.0
2026-06-12 09:28,29598.0,29605.5,29596.25,29598.75,97.0
2026-06-12 09:29,29596.5,29619.5,29595.5,29611.5,179.0
2026-06-12 09:30,29611.75,29617.25,29607.75,29616.0,143.0
2026-06-12 09:31,29614.25,29614.25,29591.5,29600.5,177.0
2026-06-12 09:32,29599.5,29624.25,29588.5,29620.0,271.0
2026-06-12 09:33,29616.5,29631.25,29615.75,29628.0,137.0
2026-06-12 09:34,29628.0,29648.25,29628.0,29648.25,244.0
2026-06-12 09:35,29648.25,29658.0,29633.75,29635.5,219.0
2026-06-12 09:36,29635.25,29675.0,29634.5,29641.25,323.0
2026-06-12 09:37,29640.0,29653.5,29635.75,29649.75,94.0
2026-06-12 09:38,29648.5,29651.25,29638.5,29639.25,53.0
2026-06-12 09:39,29642.0,29646.5,29630.0,29635.0,76.0
2026-06-12 09:40,29631.25,29633.25,29619.75,29621.5,161.0
2026-06-12 09:41,29620.0,29622.25,29614.0,29619.5,67.0
2026-06-12 09:42,29619.75,29638.75,29618.5,29633.75,192.0
2026-06-12 09:43,29633.75,29633.75,29627.0,29629.25,173.0
2026-06-12 09:44,29627.0,29647.5,29627.0,29639.75,105.0
2026-06-12 09:45,29640.0,29641.5,29630.0,29639.5,113.0
2026-06-12 09:46,29637.75,29645.0,29629.0,29632.0,85.0
2026-06-12 09:47,29634.5,29645.5,29631.75,29639.75,98.0
2026-06-12 09:48,29642.25,29645.25,29618.75,29620.0,143.0
2026-06-12 09:49,29621.0,29629.25,29618.5,29623.0,49.0
2026-06-12 09:50,29623.75,29627.25,29620.75,29625.25,37.0
2026-06-12 09:51,29623.25,29629.0,29610.0,29615.0,76.0
2026-06-12 09:52,29612.75,29622.5,29612.75,29617.5,118.0
2026-06-12 09:53,29618.5,29622.75,29617.5,29621.5,170.0
2026-06-12 09:54,29621.75,29632.75,29621.75,29632.5,104.0
2026-06-12 09:55,29634.0,29652.0,29633.25,29650.25,214.0
2026-06-12 09:56,29651.25,29660.25,29645.25,29645.75,200.0
2026-06-12 09:57,29645.0,29646.25,29625.75,29632.5,115.0
2026-06-12 09:58,29632.0,29647.75,29630.75,29645.75,47.0
2026-06-12 09:59,29645.0,29645.25,29618.25,29623.25,87.0
2026-06-12 10:00,29623.5,29628.75,29615.5,29625.0,95.0
2026-06-12 10:01,29625.75,29642.25,29625.75,29639.25,53.0
2026-06-12 10:02,29639.25,29644.25,29636.75,29637.75,81.0
2026-06-12 10:03,29639.25,29644.25,29636.5,29644.25,38.0
2026-06-12 10:04,29642.5,29648.5,29639.5,29642.75,54.0
2026-06-12 10:05,29639.25,29647.25,29629.75,29641.0,135.0
2026-06-12 10:06,29639.25,29648.5,29639.25,29648.5,38.0
2026-06-12 10:07,29643.5,29657.5,29635.25,29635.25,87.0
2026-06-12 10:08,29637.5,29651.5,29637.5,29646.25,36.0
2026-06-12 10:09,29646.25,29656.75,29644.5,29652.25,172.0
2026-06-12 10:10,29652.0,29657.0,29638.75,29645.25,64.0
2026-06-12 10:11,29644.25,29644.25,29624.0,29624.0,157.0
2026-06-12 10:12,29624.75,29627.0,29614.5,29623.5,200.0
2026-06-12 10:13,29625.0,29626.25,29610.5,29620.5,88.0
2026-06-12 10:14,29620.5,29624.75,29602.75,29623.25,125.0
2026-06-12 10:15,29626.0,29628.0,29607.0,29612.75,119.0
2026-06-12 10:16,29615.25,29618.0,29611.75,29613.5,29.0
2026-06-12 10:17,29613.75,29614.25,29594.25,29594.5,165.0
2026-06-12 10:18,29596.5,29599.25,29582.25,29592.5,224.0
2026-06-12 10:19,29591.75,29606.5,29591.75,29604.25,159.0
2026-06-12 10:20,29603.5,29603.5,29587.5,29588.75,162.0
2026-06-12 10:21,29587.0,29592.75,29565.0,29572.5,215.0
2026-06-12 10:22,29571.25,29581.75,29567.0,29571.0,90.0
2026-06-12 10:23,29571.0,29579.0,29569.75,29578.25,59.0
2026-06-12 10:24,29578.0,29588.0,29572.5,29588.0,77.0
2026-06-12 10:25,29588.0,29591.0,29550.25,29560.25,363.0
2026-06-12 10:26,29556.75,29560.0,29538.25,29546.5,332.0
2026-06-12 10:27,29543.5,29550.75,29539.75,29546.0,220.0
2026-06-12 10:28,29545.75,29549.25,29520.0,29523.0,188.0
2026-06-12 10:29,29521.25,29542.0,29517.75,29530.25,142.0
2026-06-12 10:30,29531.0,29548.5,29528.5,29535.0,123.0
2026-06-12 10:31,29533.25,29549.25,29528.25,29543.0,90.0
2026-06-12 10:32,29542.25,29570.0,29538.5,29569.5,377.0
2026-06-12 10:33,29568.75,29570.0,29544.0,29547.0,125.0
2026-06-12 10:34,29548.25,29552.5,29542.5,29542.5,50.0
2026-06-12 10:35,29543.0,29553.75,29542.5,29552.75,41.0
2026-06-12 10:36,29552.0,29557.0,29548.25,29554.75,51.0
2026-06-12 10:37,29550.5,29568.75,29550.0,29568.75,58.0
2026-06-12 10:38,29565.75,29568.0,29555.0,29556.0,33.0
2026-06-12 10:39,29556.25,29556.25,29541.75,29544.5,54.0
2026-06-12 10:40,29543.5,29559.5,29543.5,29557.5,44.0
2026-06-12 10:41,29556.25,29568.0,29555.0,29564.75,44.0
2026-06-12 10:42,29562.25,29564.75,29558.25,29559.75,20.0
2026-06-12 10:43,29564.0,29570.5,29563.75,29566.25,41.0
2026-06-12 10:44,29564.25,29564.25,29555.75,29561.5,38.0
2026-06-12 10:45,29561.5,29566.75,29553.25,29566.75,80.0
2026-06-12 10:46,29569.0,29571.5,29567.0,29567.75,71.0
2026-06-12 10:47,29562.0,29563.75,29550.25,29552.25,122.0
2026-06-12 10:48,29556.75,29565.0,29556.75,29562.75,22.0
2026-06-12 10:49,29562.0,29564.0,29559.75,29559.75,28.0
2026-06-12 10:50,29556.25,29556.75,29552.0,29554.5,23.0
2026-06-12 10:51,29554.75,29554.75,29544.0,29545.5,44.0
2026-06-12 10:52,29546.0,29551.5,29541.75,29545.5,56.0
2026-06-12 10:53,29545.0,29554.0,29541.0,29547.0,46.0
2026-06-12 10:54,29550.0,29550.5,29544.5,29547.5,30.0
2026-06-12 10:55,29547.75,29555.25,29545.0,29554.0,44.0
2026-06-12 10:56,29551.25,29551.25,29543.75,29546.5,14.0
2026-06-12 10:57,29542.5,29542.5,29531.0,29538.25,71.0
2026-06-12 10:58,29539.0,29560.75,29538.5,29545.75,74.0
2026-06-12 10:59,29545.0,29551.5,29544.0,29551.0,35.0
2026-06-12 11:00,29553.0,29577.75,29552.25,29565.25,164.0
2026-06-12 11:01,29569.0,29574.75,29565.5,29572.75,69.0
2026-06-12 11:02,29573.5,29576.75,29566.75,29576.25,79.0
2026-06-12 11:03,29575.5,29590.0,29575.25,29583.5,139.0
2026-06-12 11:04,29583.5,29589.25,29583.5,29588.5,59.0
2026-06-12 11:05,29586.25,29587.5,29570.0,29576.0,88.0
2026-06-12 11:06,29574.0,29577.0,29549.0,29552.5,124.0
2026-06-12 11:07,29558.25,29565.0,29556.0,29565.0,34.0
2026-06-12 11:08,29566.0,29566.5,29556.5,29561.0,100.0
2026-06-12 11:09,29558.5,29569.0,29556.0,29557.75,47.0
2026-06-12 11:10,29560.0,29572.5,29560.0,29571.5,48.0
2026-06-12 11:11,29569.25,29585.0,29569.25,29580.75,65.0
2026-06-12 11:12,29583.0,29591.5,29577.5,29591.25,56.0
2026-06-12 11:13,29589.5,29597.75,29578.75,29595.75,79.0
2026-06-12 11:14,29593.25,29595.75,29588.25,29591.25,66.0
2026-06-12 11:15,29589.5,29597.75,29589.5,29594.75,52.0
2026-06-12 11:16,29593.5,29607.0,29590.75,29607.0,115.0
2026-06-12 11:17,29606.0,29607.0,29598.75,29600.75,73.0
2026-06-12 11:18,29600.0,29608.75,29588.0,29594.0,102.0
2026-06-12 11:19,29594.5,29607.25,29594.5,29606.0,43.0
2026-06-12 11:20,29605.75,29623.0,29604.75,29618.0,114.0
2026-06-12 11:21,29617.0,29626.75,29614.75,29626.5,105.0
2026-06-12 11:22,29621.25,29627.75,29620.25,29627.0,89.0
2026-06-12 11:23,29625.75,29639.25,29625.75,29638.5,165.0
2026-06-12 11:24,29637.25,29643.0,29631.25,29642.0,155.0
2026-06-12 11:25,29639.75,29646.25,29637.5,29644.0,93.0
2026-06-12 11:26,29643.5,29643.5,29635.0,29636.0,50.0
2026-06-12 11:27,29635.25,29640.0,29628.5,29630.5,112.0
2026-06-12 11:28,29632.0,29638.0,29631.0,29637.0,43.0
2026-06-12 11:29,29638.0,29639.25,29631.0,29631.25,45.0
2026-06-12 11:30,29631.25,29641.75,29627.0,29635.5,118.0
2026-06-12 11:31,29637.75,29642.25,29618.0,29621.75,109.0
2026-06-12 11:32,29622.25,29622.25,29601.0,29606.0,131.0
2026-06-12 11:33,29606.25,29621.75,29605.75,29618.0,79.0
2026-06-12 11:34,29620.25,29624.0,29609.0,29609.0,69.0
2026-06-12 11:35,29609.0,29621.0,29604.75,29620.0,110.0
2026-06-12 11:36,29622.0,29622.75,29611.75,29611.75,68.0
2026-06-12 11:37,29611.0,29613.25,29605.0,29605.5,44.0
2026-06-12 11:38,29607.5,29614.5,29601.5,29602.25,43.0
2026-06-12 11:39,29608.0,29611.5,29598.25,29598.5,56.0
2026-06-12 11:40,29598.25,29612.0,29596.25,29609.5,60.0
2026-06-12 11:41,29612.5,29628.25,29605.0,29628.25,124.0
2026-06-12 11:42,29627.5,29645.75,29623.25,29639.0,150.0
2026-06-12 11:43,29638.5,29642.5,29637.5,29641.25,52.0
2026-06-12 11:44,29642.0,29645.75,29638.5,29644.0,62.0
2026-06-12 11:45,29643.25,29651.75,29636.0,29640.0,136.0
2026-06-12 11:46,29639.5,29642.5,29632.25,29635.75,68.0
2026-06-12 11:47,29635.5,29637.25,29621.0,29627.25,67.0
2026-06-12 11:48,29628.25,29635.75,29625.0,29634.0,54.0
2026-06-12 11:49,29632.5,29635.0,29615.75,29617.75,65.0
2026-06-12 11:50,29615.5,29634.0,29615.0,29634.0,65.0
2026-06-12 11:51,29636.5,29645.0,29635.25,29635.25,152.0
2026-06-12 11:52,29638.0,29643.25,29636.5,29642.0,63.0
2026-06-12 11:53,29638.0,29659.25,29637.75,29657.25,153.0
2026-06-12 11:54,29657.75,29659.75,29654.5,29658.25,71.0
2026-06-12 11:55,29657.75,29660.0,29646.75,29651.5,128.0
2026-06-12 11:56,29651.25,29652.75,29642.5,29651.25,87.0
2026-06-12 11:57,29652.25,29655.0,29638.75,29638.75,64.0
2026-06-12 11:58,29638.0,29641.75,29633.25,29636.25,79.0
2026-06-12 11:59,29636.25,29640.25,29633.5,29638.25,35.0
2026-06-12 12:00,29637.0,29646.0,29621.25,29628.0,212.0
2026-06-12 12:01,29625.75,29630.25,29613.75,29616.25,113.0
2026-06-12 12:02,29616.0,29626.75,29613.0,29620.0,83.0
2026-06-12 12:03,29622.25,29629.0,29607.25,29607.5,147.0
2026-06-12 12:04,29606.75,29610.0,29585.25,29594.0,278.0
2026-06-12 12:05,29594.0,29612.25,29592.0,29604.5,229.0
2026-06-12 12:06,29603.5,29605.0,29578.5,29588.5,272.0
2026-06-12 12:07,29590.0,29597.0,29583.75,29592.0,72.0
2026-06-12 12:08,29594.0,29611.25,29593.5,29604.5,87.0
2026-06-12 12:09,29605.5,29612.25,29603.5,29609.5,44.0
2026-06-12 12:10,29607.5,29612.75,29604.25,29608.75,83.0
2026-06-12 12:11,29610.25,29610.25,29595.75,29600.0,69.0
2026-06-12 12:12,29597.5,29603.0,29594.25,29599.75,86.0
2026-06-12 12:13,29597.75,29599.25,29588.5,29592.75,74.0
2026-06-12 12:14,29594.5,29603.5,29584.25,29592.25,115.0
2026-06-12 12:15,29590.75,29594.0,29570.0,29579.5,274.0
2026-06-12 12:16,29579.75,29583.0,29572.25,29579.5,137.0
2026-06-12 12:17,29579.0,29585.0,29573.75,29579.5,83.0
2026-06-12 12:18,29579.5,29595.75,29574.5,29590.0,152.0
2026-06-12 12:19,29590.5,29601.5,29585.5,29585.5,157.0
2026-06-12 12:20,29585.5,29588.5,29566.5,29567.75,201.0
2026-06-12 12:21,29568.75,29572.75,29564.0,29568.5,113.0
2026-06-12 12:22,29570.25,29579.5,29565.0,29566.0,189.0
2026-06-12 12:23,29569.25,29570.0,29559.0,29559.5,66.0
2026-06-12 12:24,29561.0,29563.25,29545.75,29547.75,209.0
2026-06-12 12:25,29546.75,29551.0,29539.0,29544.75,277.0
2026-06-12 12:26,29544.0,29546.0,29535.25,29536.5,126.0
2026-06-12 12:27,29535.75,29539.5,29528.25,29536.25,144.0
2026-06-12 12:28,29534.75,29548.5,29531.75,29543.5,149.0
2026-06-12 12:29,29544.5,29546.0,29531.25,29533.0,176.0
2026-06-12 12:30,29532.0,29546.0,29530.5,29546.0,212.0
2026-06-12 12:31,29547.25,29547.25,29528.5,29532.75,264.0
2026-06-12 12:32,29534.25,29537.75,29530.75,29533.25,175.0
2026-06-12 12:33,29532.5,29532.5,29515.5,29525.25,329.0
2026-06-12 12:34,29526.0,29534.25,29514.25,29532.5,211.0
2026-06-12 12:35,29532.5,29544.75,29526.5,29531.5,199.0
2026-06-12 12:36,29531.5,29533.5,29513.75,29517.0,232.0
2026-06-12 12:37,29516.0,29525.0,29508.75,29512.5,258.0
2026-06-12 12:38,29513.5,29513.5,29497.0,29497.5,311.0
2026-06-12 12:39,29496.75,29498.5,29475.25,29480.5,482.0
2026-06-12 12:40,29480.75,29487.0,29461.75,29485.0,465.0
2026-06-12 12:41,29485.5,29500.5,29480.5,29500.5,171.0
2026-06-12 12:42,29498.5,29499.0,29484.0,29492.5,367.0
2026-06-12 12:43,29491.0,29507.5,29483.25,29504.75,213.0
2026-06-12 12:44,29505.0,29513.75,29463.5,29474.0,444.0
2026-06-12 12:45,29475.5,29480.25,29460.0,29467.75,224.0
2026-06-12 12:46,29468.75,29489.5,29468.75,29479.75,196.0
2026-06-12 12:47,29479.0,29484.75,29458.75,29466.0,290.0
2026-06-12 12:48,29463.75,29468.25,29450.25,29464.5,251.0
2026-06-12 12:49,29466.75,29483.5,29457.0,29479.25,195.0
2026-06-12 12:50,29477.0,29485.75,29467.75,29484.25,185.0
2026-06-12 12:51,29481.0,29483.25,29465.0,29469.25,167.0
2026-06-12 12:52,29467.75,29480.0,29463.75,29480.0,133.0
2026-06-12 12:53,29480.0,29480.0,29450.75,29451.5,189.0
2026-06-12 12:54,29451.5,29452.75,29410.75,29421.25,697.0
2026-06-12 12:55,29421.0,29436.5,29400.25,29404.0,373.0
2026-06-12 12:56,29404.25,29409.5,29394.75,29398.75,364.0
2026-06-12 12:57,29395.5,29424.5,29383.25,29416.25,414.0
2026-06-12 12:58,29413.5,29414.0,29397.75,29411.75,185.0
2026-06-12 12:59,29414.25,29429.25,29403.0,29413.25,276.0
2026-06-12 13:00,29412.25,29414.75,29375.0,29377.25,557.0
2026-06-12 13:01,29377.25,29390.5,29360.25,29367.75,524.0
2026-06-12 13:02,29367.5,29382.5,29354.0,29380.0,617.0
2026-06-12 13:03,29381.0,29403.5,29378.75,29394.25,472.0
2026-06-12 13:04,29393.75,29419.0,29391.0,29419.0,475.0
2026-06-12 13:05,29417.5,29430.75,29409.25,29428.25,399.0
2026-06-12 13:06,29428.5,29429.0,29418.0,29421.5,373.0
2026-06-12 13:07,29423.0,29440.25,29423.0,29438.25,370.0
2026-06-12 13:08,29436.5,29447.5,29433.75,29441.0,372.0
2026-06-12 13:09,29439.0,29449.0,29439.0,29444.25,262.0
2026-06-12 13:10,29444.5,29455.0,29432.0,29449.75,346.0
2026-06-12 13:11,29449.25,29455.0,29438.5,29442.25,152.0
2026-06-12 13:12,29443.5,29451.5,29432.5,29433.25,178.0
2026-06-12 13:13,29433.25,29439.25,29424.5,29433.25,212.0
2026-06-12 13:14,29435.5,29462.25,29430.75,29456.75,289.0
2026-06-12 13:15,29455.25,29464.0,29443.0,29445.75,329.0
2026-06-12 13:16,29445.25,29458.0,29443.75,29456.0,116.0
2026-06-12 13:17,29457.25,29464.25,29451.25,29454.5,190.0
2026-06-12 13:18,29454.5,29468.75,29449.75,29468.75,396.0
2026-06-12 13:19,29468.75,29471.25,29456.75,29459.5,280.0
2026-06-12 13:20,29461.5,29479.5,29455.0,29455.0,482.0
2026-06-12 13:21,29456.0,29458.25,29450.25,29453.75,246.0
2026-06-12 13:22,29453.5,29460.0,29450.0,29453.25,266.0
2026-06-12 13:23,29452.5,29456.75,29437.5,29439.0,363.0
2026-06-12 13:24,29437.5,29450.0,29428.0,29445.5,373.0
2026-06-12 13:25,29445.75,29475.25,29445.75,29466.0,635.0
2026-06-12 13:26,29465.75,29471.0,29451.0,29468.5,298.0
2026-06-12 13:27,29468.75,29492.75,29465.5,29492.75,459.0
2026-06-12 13:28,29491.0,29493.5,29478.75,29484.0,451.0
2026-06-12 13:29,29483.25,29502.0,29467.75,29496.0,949.0
2026-06-12 13:30,29494.5,29501.0,29371.0,29430.5,4223.0
2026-06-12 13:31,29431.5,29436.0,29379.25,29395.25,2501.0
2026-06-12 13:32,29398.0,29407.0,29366.75,29385.75,1505.0
2026-06-12 13:33,29384.0,29386.5,29316.25,29319.0,2388.0
2026-06-12 13:34,29318.25,29355.75,29303.0,29339.0,2721.0
2026-06-12 13:35,29339.5,29428.25,29332.25,29414.5,2369.0
2026-06-12 13:36,29413.75,29439.0,29392.0,29428.5,1565.0
2026-06-12 13:37,29426.75,29444.75,29394.5,29406.75,1277.0
2026-06-12 13:38,29404.25,29437.25,29399.5,29417.0,1095.0
2026-06-12 13:39,29415.0,29455.5,29410.5,29448.0,918.0
2026-06-12 13:40,29446.75,29473.75,29330.0,29368.25,2457.0
2026-06-12 13:41,29367.0,29400.0,29311.0,29340.25,1769.0
2026-06-12 13:42,29340.25,29348.75,29263.5,29269.25,2314.0
2026-06-12 13:43,29265.5,29331.75,29265.25,29324.25,1438.0
2026-06-12 13:44,29324.5,29347.75,29279.25,29279.25,1491.0
2026-06-12 13:45,29282.75,29325.25,29230.0,29239.0,2358.0
2026-06-12 13:46,29242.25,29313.0,29235.75,29304.75,1658.0
2026-06-12 13:47,29302.75,29341.25,29291.0,29306.25,1377.0
2026-06-12 13:48,29304.0,29323.0,29277.75,29284.5,1102.0
2026-06-12 13:49,29284.5,29334.5,29258.75,29298.25,1559.0
2026-06-12 13:50,29299.75,29320.0,29278.25,29304.5,969.0
2026-06-12 13:51,29304.25,29317.75,29271.5,29301.5,1245.0
2026-06-12 13:52,29303.25,29356.0,29293.25,29355.75,1220.0
2026-06-12 13:53,29355.0,29362.25,29302.25,29312.0,1472.0
2026-06-12 13:54,29312.25,29333.5,29287.75,29311.5,1449.0
2026-06-12 13:55,29313.25,29343.75,29297.5,29342.5,846.0
2026-06-12 13:56,29344.0,29364.0,29323.75,29360.0,1108.0
2026-06-12 13:57,29360.25,29398.0,29358.25,29378.75,1475.0
2026-06-12 13:58,29377.25,29407.5,29370.0,29385.25,860.0
2026-06-12 13:59,29385.25,29386.25,29342.25,29349.5,772.0
2026-06-12 14:00,29354.0,29438.75,29339.0,29437.0,2273.0
2026-06-12 14:01,29437.5,29452.0,29417.0,29442.0,1321.0
2026-06-12 14:02,29442.0,29460.75,29433.0,29458.0,1214.0
2026-06-12 14:03,29456.25,29505.0,29435.0,29494.5,1711.0
2026-06-12 14:04,29494.5,29500.75,29461.0,29480.5,1381.0
2026-06-12 14:05,29482.25,29482.5,29441.5,29457.75,891.0
2026-06-12 14:06,29459.0,29518.25,29456.5,29505.25,1567.0
2026-06-12 14:07,29504.25,29567.5,29502.5,29560.5,1945.0
2026-06-12 14:08,29560.0,29564.5,29532.75,29552.25,928.0
2026-06-12 14:09,29551.75,29580.75,29545.25,29578.25,1006.0
2026-06-12 14:10,29578.25,29597.5,29559.75,29597.5,1114.0
2026-06-12 14:11,29595.75,29598.75,29571.25,29578.25,898.0
2026-06-12 14:12,29577.5,29584.5,29540.25,29540.5,1329.0
2026-06-12 14:13,29540.25,29555.25,29512.75,29525.75,1393.0
2026-06-12 14:14,29527.0,29567.5,29527.0,29544.75,975.0
2026-06-12 14:15,29543.75,29579.25,29533.25,29570.0,847.0
2026-06-12 14:16,29569.75,29588.0,29559.0,29586.0,855.0
2026-06-12 14:17,29587.5,29627.25,29584.25,29612.25,1512.0
2026-06-12 14:18,29612.25,29619.5,29590.75,29598.5,948.0
2026-06-12 14:19,29597.5,29601.25,29573.75,29586.0,813.0
2026-06-12 14:20,29586.0,29619.0,29580.5,29601.25,1004.0
2026-06-12 14:21,29601.0,29607.75,29523.5,29538.25,1391.0
2026-06-12 14:22,29538.75,29566.5,29518.75,29519.0,1081.0
2026-06-12 14:23,29521.25,29536.0,29487.0,29504.0,1151.0
2026-06-12 14:24,29502.25,29526.75,29490.75,29497.0,876.0
2026-06-12 14:25,29498.75,29559.0,29496.75,29537.25,1015.0
2026-06-12 14:26,29537.0,29551.75,29508.0,29528.5,745.0
2026-06-12 14:27,29527.0,29552.75,29513.75,29548.25,598.0
2026-06-12 14:28,29549.25,29549.75,29521.25,29533.75,462.0
2026-06-12 14:29,29532.75,29555.5,29509.0,29513.5,517.0
2026-06-12 14:30,29512.25,29565.75,29508.5,29552.75,1021.0
2026-06-12 14:31,29552.0,29558.75,29532.5,29542.75,523.0
2026-06-12 14:32,29542.0,29553.75,29520.0,29536.0,593.0
2026-06-12 14:33,29536.0,29552.25,29492.5,29515.0,930.0
2026-06-12 14:34,29514.5,29538.25,29494.5,29527.0,815.0
2026-06-12 14:35,29526.75,29587.5,29520.75,29571.0,1147.0
2026-06-12 14:36,29572.0,29609.25,29540.75,29564.5,1725.0
2026-06-12 14:37,29564.5,29571.5,29528.5,29541.75,626.0
2026-06-12 14:38,29542.5,29567.75,29538.75,29559.5,626.0
2026-06-12 14:39,29559.75,29562.75,29542.25,29546.25,399.0
2026-06-12 14:40,29547.0,29550.25,29508.5,29517.75,747.0
2026-06-12 14:41,29518.25,29523.75,29469.0,29488.75,1153.0
2026-06-12 14:42,29487.0,29514.25,29462.0,29476.0,1154.0
2026-06-12 14:43,29474.25,29476.0,29409.75,29418.5,1366.0
2026-06-12 14:44,29416.75,29441.5,29408.5,29411.5,1075.0
2026-06-12 14:45,29411.0,29449.5,29404.25,29428.0,1251.0
2026-06-12 14:46,29425.75,29446.5,29379.5,29394.25,1746.0
2026-06-12 14:47,29395.5,29398.75,29354.0,29371.75,1542.0
2026-06-12 14:48,29370.5,29389.5,29352.5,29365.75,937.0
2026-06-12 14:49,29365.5,29402.75,29359.75,29374.75,983.0
2026-06-12 14:50,29374.5,29426.5,29369.25,29423.75,1139.0
2026-06-12 14:51,29424.0,29431.75,29383.75,29390.0,958.0
2026-06-12 14:52,29388.0,29560.0,29383.75,29531.75,2599.0
2026-06-12 14:53,29536.5,29562.25,29503.75,29553.0,1883.0
2026-06-12 14:54,29555.0,29610.25,29540.75,29600.0,1892.0
2026-06-12 14:55,29598.25,29644.0,29562.75,29588.5,1904.0
2026-06-12 14:56,29593.5,29635.0,29566.0,29611.25,1278.0
2026-06-12 14:57,29613.0,29630.5,29589.5,29625.25,745.0
2026-06-12 14:58,29625.0,29639.5,29606.0,29637.0,912.0
2026-06-12 14:59,29637.0,29643.75,29610.75,29631.0,855.0
2026-06-12 15:00,29634.0,29669.0,29616.75,29663.25,1451.0
2026-06-12 15:01,29663.5,29671.0,29641.75,29651.5,949.0
2026-06-12 15:02,29654.0,29663.5,29630.0,29642.25,811.0
2026-06-12 15:03,29642.25,29661.5,29597.25,29604.5,1277.0
2026-06-12 15:04,29603.0,29631.75,29599.75,29623.5,893.0
2026-06-12 15:05,29623.0,29678.25,29613.0,29661.75,1355.0
2026-06-12 15:06,29660.5,29672.75,29626.5,29640.75,888.0
2026-06-12 15:07,29639.75,29655.75,29632.75,29643.5,496.0
2026-06-12 15:08,29642.0,29665.0,29636.0,29650.0,609.0
2026-06-12 15:09,29648.75,29665.0,29638.0,29656.0,473.0
2026-06-12 15:10,29654.0,29678.0,29641.75,29676.5,730.0
2026-06-12 15:11,29676.25,29682.75,29654.75,29662.75,930.0
2026-06-12 15:12,29660.5,29661.0,29630.75,29639.0,597.0
2026-06-12 15:13,29642.25,29680.0,29638.0,29676.0,790.0
2026-06-12 15:14,29677.75,29703.5,29674.75,29696.25,1342.0
2026-06-12 15:15,29696.0,29709.25,29668.5,29676.75,1097.0
2026-06-12 15:16,29678.5,29692.0,29665.0,29679.5,697.0
2026-06-12 15:17,29680.5,29716.25,29678.75,29711.5,730.0
2026-06-12 15:18,29713.0,29724.25,29703.25,29721.25,707.0
2026-06-12 15:19,29720.75,29730.0,29716.5,29729.75,737.0
2026-06-12 15:20,29730.0,29730.75,29700.75,29710.25,666.0
2026-06-12 15:21,29710.0,29740.0,29704.75,29728.0,820.0
2026-06-12 15:22,29726.25,29736.25,29722.5,29730.25,366.0
2026-06-12 15:23,29731.75,29739.25,29707.5,29738.75,525.0
2026-06-12 15:24,29737.5,29756.5,29735.25,29745.0,903.0
2026-06-12 15:25,29745.0,29760.0,29742.75,29755.25,670.0
2026-06-12 15:26,29753.25,29757.0,29735.0,29743.5,603.0
2026-06-12 15:27,29744.0,29757.25,29736.75,29750.25,425.0
2026-06-12 15:28,29749.5,29755.75,29720.25,29724.75,780.0
2026-06-12 15:29,29725.0,29748.25,29725.0,29745.25,506.0
2026-06-12 15:30,29745.5,29749.0,29721.75,29733.75,650.0
2026-06-12 15:31,29732.5,29743.25,29712.75,29721.75,854.0
2026-06-12 15:32,29722.25,29723.0,29687.25,29695.5,1043.0
2026-06-12 15:33,29694.0,29708.75,29680.75,29699.75,1044.0
2026-06-12 15:34,29701.0,29708.25,29685.0,29686.75,737.0
2026-06-12 15:35,29685.75,29744.0,29667.5,29713.0,2113.0
2026-06-12 15:36,29713.5,29718.0,29676.5,29680.0,643.0
2026-06-12 15:37,29681.75,29705.25,29652.75,29668.75,872.0
2026-06-12 15:38,29670.25,29689.25,29639.75,29640.75,775.0
2026-06-12 15:39,29641.0,29660.5,29617.75,29653.25,1167.0
2026-06-12 15:40,29649.0,29666.25,29614.5,29627.5,834.0
2026-06-12 15:41,29628.75,29648.25,29615.5,29624.25,532.0
2026-06-12 15:42,29624.75,29633.75,29581.5,29598.0,995.0
2026-06-12 15:43,29596.75,29608.25,29588.25,29595.75,642.0
2026-06-12 15:44,29596.25,29596.5,29560.0,29569.0,917.0
2026-06-12 15:45,29569.75,29599.75,29560.5,29585.25,1009.0
2026-06-12 15:46,29582.75,29622.25,29582.5,29608.75,939.0
2026-06-12 15:47,29608.75,29613.0,29571.0,29575.75,1202.0
2026-06-12 15:48,29574.25,29576.0,29513.0,29525.25,1630.0
2026-06-12 15:49,29527.25,29545.75,29476.0,29488.5,1618.0
2026-06-12 15:50,29486.5,29508.0,29461.25,29500.5,1126.0
2026-06-12 15:51,29500.75,29538.5,29485.5,29534.25,1024.0
2026-06-12 15:52,29534.75,29588.75,29533.75,29585.25,1321.0
2026-06-12 15:53,29584.75,29594.0,29561.0,29562.75,996.0
2026-06-12 15:54,29565.25,29578.25,29550.5,29572.25,686.0
2026-06-12 15:55,29571.75,29574.25,29541.25,29551.25,521.0
2026-06-12 15:56,29550.25,29564.25,29511.5,29528.75,681.0
2026-06-12 15:57,29528.5,29538.75,29505.75,29506.0,576.0
2026-06-12 15:58,29505.75,29521.75,29463.0,29469.25,897.0
2026-06-12 15:59,29467.75,29469.75,29410.0,29439.75,1285.0
2026-06-12 16:00,29440.25,29475.25,29409.0,29470.5,1097.0
2026-06-12 16:01,29467.25,29490.25,29449.0,29457.5,1062.0
2026-06-12 16:02,29459.5,29472.5,29422.5,29433.0,829.0
2026-06-12 16:03,29435.25,29474.75,29422.0,29464.25,831.0
2026-06-12 16:04,29464.25,29490.25,29457.75,29465.75,674.0
2026-06-12 16:05,29465.25,29482.75,29444.0,29449.5,810.0
2026-06-12 16:06,29450.75,29488.25,29447.0,29473.0,628.0
2026-06-12 16:07,29472.5,29504.0,29471.0,29490.5,790.0
2026-06-12 16:08,29490.25,29529.25,29481.5,29525.5,874.0
2026-06-12 16:09,29527.0,29535.5,29515.0,29521.5,722.0
2026-06-12 16:10,29522.75,29522.75,29478.5,29491.5,608.0
2026-06-12 16:11,29493.0,29545.75,29489.75,29538.75,626.0
2026-06-12 16:12,29538.5,29549.25,29522.0,29529.75,661.0
2026-06-12 16:13,29531.5,29651.0,29529.5,29618.5,2848.0
2026-06-12 16:14,29617.75,29634.5,29591.25,29597.25,815.0
2026-06-12 16:15,29595.25,29659.5,29594.25,29651.25,1314.0
2026-06-12 16:16,29653.25,29667.75,29632.75,29654.75,1019.0
2026-06-12 16:17,29657.0,29657.0,29612.75,29621.0,720.0
2026-06-12 16:18,29621.25,29635.25,29580.75,29584.5,917.0
2026-06-12 16:19,29586.5,29597.25,29569.5,29588.0,824.0
2026-06-12 16:20,29588.0,29616.25,29551.0,29561.0,1040.0
2026-06-12 16:21,29557.75,29584.5,29548.5,29566.25,694.0
2026-06-12 16:22,29568.5,29595.0,29557.0,29590.25,420.0
2026-06-12 16:23,29590.5,29603.5,29571.75,29590.75,488.0
2026-06-12 16:24,29592.25,29602.0,29581.0,29586.25,283.0
2026-06-12 16:25,29585.75,29596.0,29556.5,29590.25,488.0
2026-06-12 16:26,29590.25,29615.0,29586.0,29597.0,494.0
2026-06-12 16:27,29597.75,29603.25,29571.0,29573.0,312.0
2026-06-12 16:28,29571.5,29607.75,29571.0,29599.75,322.0
2026-06-12 16:29,29599.5,29604.25,29586.0,29593.5,230.0
2026-06-12 16:30,29593.5,29605.75,29583.25,29591.0,376.0
2026-06-12 16:31,29591.75,29600.75,29580.0,29589.0,242.0
2026-06-12 16:32,29588.0,29596.5,29575.0,29594.0,270.0
2026-06-12 16:33,29589.75,29606.5,29582.5,29599.75,355.0
2026-06-12 16:34,29596.25,29628.0,29594.0,29623.5,451.0
2026-06-12 16:35,29620.75,29632.0,29590.25,29590.25,508.0
2026-06-12 16:36,29592.5,29602.5,29586.25,29599.5,400.0
2026-06-12 16:37,29598.75,29612.0,29587.25,29609.5,187.0
2026-06-12 16:38,29608.75,29616.5,29594.25,29600.25,279.0
2026-06-12 16:39,29598.0,29607.5,29590.5,29604.75,165.0
2026-06-12 16:40,29607.5,29641.0,29604.75,29626.75,557.0
2026-06-12 16:41,29627.75,29636.0,29611.75,29613.0,346.0
2026-06-12 16:42,29617.25,29617.75,29578.75,29579.75,445.0
2026-06-12 16:43,29580.0,29607.25,29578.5,29605.25,438.0
2026-06-12 16:44,29607.75,29625.0,29589.5,29594.5,456.0
2026-06-12 16:45,29595.5,29609.5,29588.25,29600.5,274.0
2026-06-12 16:46,29599.0,29626.0,29599.0,29619.25,331.0
2026-06-12 16:47,29618.0,29628.0,29606.75,29624.25,433.0
2026-06-12 16:48,29625.75,29640.75,29619.5,29630.0,313.0
2026-06-12 16:49,29631.75,29647.5,29625.0,29644.25,463.0
2026-06-12 16:50,29643.5,29662.5,29640.75,29654.75,501.0
2026-06-12 16:51,29654.5,29662.0,29644.5,29656.75,417.0
2026-06-12 16:52,29654.25,29659.0,29642.0,29646.5,304.0
2026-06-12 16:53,29646.5,29665.0,29631.5,29664.25,639.0
2026-06-12 16:54,29663.75,29667.5,29639.5,29643.0,381.0
2026-06-12 16:55,29641.25,29649.25,29606.75,29611.25,670.0
2026-06-12 16:56,29611.25,29621.0,29591.5,29618.0,559.0
2026-06-12 16:57,29620.0,29639.0,29616.5,29632.25,361.0
2026-06-12 16:58,29634.0,29657.25,29628.0,29655.25,357.0
2026-06-12 16:59,29656.25,29678.75,29654.5,29673.0,572.0
2026-06-12 17:00,29674.0,29689.0,29661.0,29674.25,649.0
2026-06-12 17:01,29673.75,29688.75,29670.5,29684.75,275.0
2026-06-12 17:02,29685.25,29687.5,29677.5,29683.75,387.0
2026-06-12 17:03,29683.0,29696.0,29671.25,29674.75,626.0
2026-06-12 17:04,29674.0,29706.0,29669.0,29699.5,517.0
2026-06-12 17:05,29699.25,29708.0,29691.0,29703.75,369.0
2026-06-12 17:06,29703.5,29752.25,29701.75,29730.25,1683.0
2026-06-12 17:07,29728.25,29741.5,29716.5,29731.0,422.0
2026-06-12 17:08,29732.75,29734.5,29703.25,29711.0,601.0
2026-06-12 17:09,29710.25,29730.5,29707.0,29721.75,391.0
2026-06-12 17:10,29723.0,29731.0,29703.5,29708.5,572.0
2026-06-12 17:11,29708.0,29715.75,29701.25,29710.75,293.0
2026-06-12 17:12,29712.5,29712.75,29686.75,29693.5,492.0
2026-06-12 17:13,29691.0,29694.25,29661.0,29662.25,729.0
2026-06-12 17:14,29661.0,29710.0,29657.0,29702.75,601.0
2026-06-12 17:15,29703.75,29731.25,29689.5,29729.75,653.0
2026-06-12 17:16,29729.25,29730.5,29714.5,29723.0,400.0
2026-06-12 17:17,29722.0,29736.0,29720.75,29720.75,273.0
2026-06-12 17:18,29722.5,29728.0,29704.25,29722.25,421.0
2026-06-12 17:19,29722.25,29739.0,29713.5,29730.5,250.0
2026-06-12 17:20,29728.75,29742.25,29727.75,29738.75,281.0
2026-06-12 17:21,29739.0,29744.0,29730.75,29737.25,290.0
2026-06-12 17:22,29740.0,29745.0,29727.25,29732.0,304.0
2026-06-12 17:23,29732.5,29740.0,29719.5,29731.5,320.0
2026-06-12 17:24,29730.75,29740.25,29726.25,29735.25,204.0
2026-06-12 17:25,29734.5,29740.5,29726.0,29733.25,257.0
2026-06-12 17:26,29731.75,29741.0,29724.5,29730.0,384.0
2026-06-12 17:27,29728.75,29732.5,29701.25,29702.0,487.0
2026-06-12 17:28,29703.0,29712.25,29693.5,29707.75,579.0
2026-06-12 17:29,29707.5,29735.0,29705.0,29721.0,530.0
2026-06-12 17:30,29722.25,29727.5,29694.25,29699.75,541.0
2026-06-12 17:31,29699.75,29707.5,29686.0,29699.0,449.0
2026-06-12 17:32,29699.75,29719.25,29689.5,29695.0,450.0
2026-06-12 17:33,29693.25,29702.5,29681.0,29689.0,480.0
2026-06-12 17:34,29687.5,29693.5,29681.5,29687.0,283.0
2026-06-12 17:35,29687.25,29712.5,29684.0,29689.5,486.0
2026-06-12 17:36,29690.75,29706.5,29685.25,29702.25,358.0
2026-06-12 17:37,29699.5,29714.5,29690.5,29711.25,266.0
2026-06-12 17:38,29713.25,29717.25,29693.0,29699.75,383.0
2026-06-12 17:39,29699.5,29707.25,29690.25,29703.0,235.0
2026-06-12 17:40,29700.5,29704.0,29687.5,29691.0,188.0
2026-06-12 17:41,29687.5,29701.5,29681.25,29696.0,345.0
2026-06-12 17:42,29700.0,29726.25,29698.5,29719.5,470.0
2026-06-12 17:43,29721.5,29730.0,29703.5,29710.5,481.0
2026-06-12 17:44,29711.0,29711.0,29694.75,29699.0,293.0
2026-06-12 17:45,29700.0,29711.25,29696.0,29705.5,249.0
2026-06-12 17:46,29705.0,29709.5,29691.25,29707.5,371.0
2026-06-12 17:47,29709.0,29719.75,29706.0,29715.0,638.0
2026-06-12 17:48,29715.5,29724.0,29706.0,29706.0,237.0
2026-06-12 17:49,29707.25,29718.0,29701.5,29706.0,281.0
2026-06-12 17:50,29706.5,29717.0,29699.5,29699.5,177.0
2026-06-12 17:51,29701.25,29713.0,29696.5,29710.5,158.0
2026-06-12 17:52,29710.75,29717.0,29701.75,29709.0,178.0
2026-06-12 17:53,29710.25,29712.25,29702.75,29708.25,131.0
2026-06-12 17:54,29706.25,29711.0,29701.5,29704.25,109.0
2026-06-12 17:55,29705.25,29706.5,29659.5,29662.75,701.0
2026-06-12 17:56,29662.75,29671.5,29647.75,29662.5,736.0
2026-06-12 17:57,29662.25,29683.0,29655.0,29676.75,485.0
2026-06-12 17:58,29678.0,29682.75,29664.5,29677.25,392.0
2026-06-12 17:59,29677.25,29690.0,29677.25,29682.5,301.0
2026-06-12 18:00,29684.0,29691.0,29663.75,29672.5,532.0
2026-06-12 18:01,29674.25,29679.0,29660.5,29668.5,386.0
2026-06-12 18:02,29670.75,29671.5,29653.5,29659.5,382.0
2026-06-12 18:03,29659.75,29678.0,29656.5,29657.25,436.0
2026-06-12 18:04,29656.25,29662.75,29645.0,29656.5,545.0
2026-06-12 18:05,29657.0,29669.75,29640.75,29648.5,642.0
2026-06-12 18:06,29650.0,29652.75,29628.25,29641.0,564.0
2026-06-12 18:07,29640.75,29645.25,29627.75,29629.5,415.0
2026-06-12 18:08,29630.5,29653.5,29628.75,29646.25,505.0
2026-06-12 18:09,29647.0,29656.5,29636.5,29653.5,344.0
2026-06-12 18:10,29652.0,29680.0,29642.75,29678.5,635.0
2026-06-12 18:11,29677.75,29700.5,29673.25,29689.5,609.0
2026-06-12 18:12,29690.5,29708.0,29683.75,29690.75,566.0
2026-06-12 18:13,29692.5,29697.25,29672.25,29675.25,324.0
2026-06-12 18:14,29676.25,29678.0,29649.25,29649.75,725.0
2026-06-12 18:15,29650.5,29659.0,29634.75,29647.25,810.0
2026-06-12 18:16,29646.75,29650.25,29635.0,29642.0,322.0
2026-06-12 18:17,29642.0,29642.0,29609.0,29609.0,703.0
2026-06-12 18:18,29608.5,29641.0,29608.5,29635.75,482.0
2026-06-12 18:19,29636.5,29638.0,29619.0,29628.5,293.0
2026-06-12 18:20,29627.0,29633.5,29614.25,29629.25,333.0
2026-06-12 18:21,29628.25,29640.25,29615.0,29622.5,455.0
2026-06-12 18:22,29622.5,29626.5,29608.75,29626.5,453.0
2026-06-12 18:23,29625.0,29632.75,29614.0,29621.25,318.0
2026-06-12 18:24,29623.0,29629.25,29612.25,29626.0,321.0
2026-06-12 18:25,29626.0,29631.5,29615.5,29624.75,249.0
2026-06-12 18:26,29626.0,29637.75,29619.5,29633.5,457.0
2026-06-12 18:27,29633.25,29651.0,29626.5,29651.0,501.0
2026-06-12 18:28,29650.75,29672.75,29649.75,29661.75,635.0
2026-06-12 18:29,29659.75,29671.75,29657.0,29665.25,206.0
2026-06-12 18:30,29664.0,29689.0,29664.0,29682.0,463.0
2026-06-12 18:31,29682.75,29683.25,29663.75,29680.5,410.0
2026-06-12 18:32,29682.25,29699.75,29672.0,29687.5,474.0
2026-06-12 18:33,29688.0,29692.5,29682.75,29689.75,245.0
2026-06-12 18:34,29691.0,29695.0,29680.25,29687.0,275.0
2026-06-12 18:35,29688.25,29690.0,29675.25,29681.5,270.0
2026-06-12 18:36,29680.25,29690.0,29675.75,29684.0,230.0
2026-06-12 18:37,29685.0,29691.5,29673.0,29679.5,265.0
2026-06-12 18:38,29680.25,29689.0,29676.5,29684.75,143.0
2026-06-12 18:39,29686.5,29690.25,29681.5,29690.25,161.0
2026-06-12 18:40,29690.5,29712.0,29690.0,29709.0,576.0
2026-06-12 18:41,29708.75,29719.0,29701.25,29705.25,447.0
2026-06-12 18:42,29705.25,29712.5,29700.25,29708.0,317.0
2026-06-12 18:43,29709.0,29718.25,29705.0,29714.25,324.0
2026-06-12 18:44,29715.0,29715.5,29702.25,29709.75,355.0
2026-06-12 18:45,29710.75,29711.25,29690.0,29695.25,505.0
2026-06-12 18:46,29696.25,29712.5,29696.25,29708.25,283.0
2026-06-12 18:47,29708.5,29710.5,29690.0,29692.5,344.0
2026-06-12 18:48,29693.5,29699.5,29691.5,29698.0,198.0
2026-06-12 18:49,29698.25,29712.0,29696.75,29704.75,308.0
2026-06-12 18:50,29704.5,29708.5,29683.5,29686.5,461.0
2026-06-12 18:51,29686.5,29689.0,29679.5,29682.75,375.0
2026-06-12 18:52,29683.0,29694.75,29673.0,29692.75,435.0
2026-06-12 18:53,29693.75,29707.5,29688.5,29700.75,442.0
2026-06-12 18:54,29701.0,29707.25,29694.25,29698.75,297.0
2026-06-12 18:55,29699.0,29699.0,29687.25,29695.25,286.0
2026-06-12 18:56,29695.25,29697.5,29685.75,29692.0,314.0
2026-06-12 18:57,29691.0,29692.0,29643.0,29653.0,888.0
2026-06-12 18:58,29653.25,29668.0,29643.25,29657.25,693.0
2026-06-12 18:59,29656.75,29670.5,29636.25,29645.0,600.0
2026-06-12 19:00,29643.0,29662.5,29638.75,29658.75,521.0
2026-06-12 19:01,29658.25,29667.5,29648.75,29660.0,471.0
2026-06-12 19:02,29661.0,29681.5,29660.0,29680.25,425.0
2026-06-12 19:03,29681.0,29698.25,29677.5,29695.0,741.0
2026-06-12 19:04,29693.75,29700.0,29687.0,29694.75,304.0
2026-06-12 19:05,29694.75,29711.0,29684.0,29705.0,402.0
2026-06-12 19:06,29705.25,29705.25,29693.25,29699.75,272.0
2026-06-12 19:07,29701.25,29702.25,29684.25,29691.0,287.0
2026-06-12 19:08,29689.25,29695.75,29676.0,29681.25,485.0
2026-06-12 19:09,29682.0,29692.75,29672.0,29684.5,399.0
2026-06-12 19:10,29685.75,29688.25,29665.75,29667.75,304.0
2026-06-12 19:11,29667.75,29669.5,29656.25,29664.5,512.0
2026-06-12 19:12,29665.25,29689.75,29661.75,29679.0,362.0
2026-06-12 19:13,29679.25,29689.0,29671.5,29674.0,221.0
2026-06-12 19:14,29673.0,29675.5,29661.0,29664.25,296.0
2026-06-12 19:15,29665.25,29674.75,29658.5,29665.75,335.0
2026-06-12 19:16,29665.25,29667.0,29648.25,29653.5,297.0
2026-06-12 19:17,29654.5,29661.0,29644.0,29653.5,393.0
2026-06-12 19:18,29654.0,29679.25,29654.0,29675.75,444.0
2026-06-12 19:19,29676.5,29693.0,29673.75,29686.25,366.0
2026-06-12 19:20,29687.0,29688.25,29662.25,29676.75,426.0
2026-06-12 19:21,29676.0,29680.0,29663.0,29675.25,310.0
2026-06-12 19:22,29675.0,29678.75,29667.5,29671.0,211.0
2026-06-12 19:23,29671.0,29681.75,29669.0,29676.25,251.0
2026-06-12 19:24,29675.0,29689.75,29669.0,29678.75,428.0
2026-06-12 19:25,29677.25,29687.0,29676.5,29686.0,269.0
2026-06-12 19:26,29686.25,29696.25,29680.0,29682.0,386.0
2026-06-12 19:27,29681.75,29696.5,29681.75,29686.5,372.0
2026-06-12 19:28,29687.0,29691.5,29667.25,29670.0,364.0
2026-06-12 19:29,29670.75,29673.25,29654.75,29660.5,375.0
2026-06-12 19:30,29660.0,29668.75,29642.5,29646.25,483.0
2026-06-12 19:31,29645.75,29652.0,29607.75,29617.0,986.0
2026-06-12 19:32,29616.25,29634.0,29614.25,29629.75,474.0
2026-06-12 19:33,29629.25,29631.0,29602.25,29604.75,541.0
2026-06-12 19:34,29605.0,29615.25,29598.25,29605.0,652.0
2026-06-12 19:35,29604.0,29610.0,29580.5,29586.0,699.0
2026-06-12 19:36,29586.75,29683.75,29585.0,29639.75,1469.0
2026-06-12 19:37,29640.0,29661.75,29630.0,29637.0,1022.0
2026-06-12 19:38,29638.0,29643.25,29618.75,29622.75,632.0
2026-06-12 19:39,29624.25,29638.0,29606.0,29613.75,529.0
2026-06-12 19:40,29616.75,29628.25,29601.25,29620.25,606.0
2026-06-12 19:41,29621.75,29640.0,29621.75,29630.75,466.0
2026-06-12 19:42,29630.25,29659.0,29621.25,29654.5,601.0
2026-06-12 19:43,29652.75,29655.5,29632.0,29632.25,359.0
2026-06-12 19:44,29631.75,29645.0,29627.0,29637.25,432.0
2026-06-12 19:45,29636.25,29640.25,29612.25,29617.5,536.0
2026-06-12 19:46,29620.25,29629.0,29611.0,29617.25,374.0
2026-06-12 19:47,29616.75,29625.25,29611.0,29623.25,420.0
2026-06-12 19:48,29622.5,29643.0,29621.0,29641.25,484.0
2026-06-12 19:49,29641.25,29650.75,29633.0,29637.25,448.0
2026-06-12 19:50,29637.5,29656.75,29626.75,29643.25,679.0
2026-06-12 19:51,29642.0,29643.25,29629.25,29633.25,393.0
2026-06-12 19:52,29632.5,29648.0,29631.75,29640.75,488.0
2026-06-12 19:53,29640.75,29656.25,29639.5,29652.0,638.0
2026-06-12 19:54,29651.75,29660.0,29638.25,29657.25,868.0
2026-06-12 19:55,29658.75,29683.0,29654.75,29678.75,1130.0
2026-06-12 19:56,29679.0,29682.25,29663.25,29667.75,757.0
2026-06-12 19:57,29668.75,29675.0,29652.75,29656.75,754.0
2026-06-12 19:58,29657.0,29673.75,29655.5,29669.75,1076.0
2026-06-12 19:59,29669.75,29672.75,29648.25,29648.25,7740.0
2026-06-12 20:00,29648.25,29663.5,29646.0,29654.75,2419.0
2026-06-12 20:01,29654.25,29672.0,29650.0,29661.25,762.0
2026-06-12 20:02,29662.25,29675.75,29661.75,29672.75,717.0
2026-06-12 20:03,29673.25,29690.0,29671.0,29688.25,787.0
2026-06-12 20:04,29685.5,29687.75,29679.0,29680.75,437.0
2026-06-12 20:05,29680.25,29689.5,29674.0,29681.25,721.0
2026-06-12 20:06,29680.0,29691.5,29677.5,29684.75,620.0
2026-06-12 20:07,29685.25,29694.5,29677.25,29694.25,435.0
2026-06-12 20:08,29693.75,29710.0,29693.0,29700.0,742.0
2026-06-12 20:09,29699.75,29704.5,29696.25,29699.0,364.0
2026-06-12 20:10,29700.5,29703.5,29691.25,29698.5,363.0
2026-06-12 20:11,29698.5,29720.0,29698.25,29710.0,667.0
2026-06-12 20:12,29711.25,29711.25,29698.5,29703.75,271.0
2026-06-12 20:13,29702.0,29706.25,29697.25,29703.25,234.0
2026-06-12 20:14,29703.75,29719.25,29701.5,29714.25,251.0
2026-06-12 20:15,29716.25,29724.5,29712.25,29722.25,183.0
2026-06-12 20:16,29721.0,29730.0,29719.75,29726.0,189.0
2026-06-12 20:17,29725.5,29732.25,29721.5,29721.5,129.0
2026-06-12 20:18,29721.25,29723.0,29716.0,29718.5,156.0
2026-06-12 20:19,29719.0,29720.0,29712.0,29717.25,149.0
2026-06-12 20:20,29717.25,29718.75,29710.0,29716.25,185.0
2026-06-12 20:21,29717.25,29717.25,29707.5,29708.5,80.0
2026-06-12 20:22,29708.5,29712.0,29707.25,29709.75,87.0
2026-06-12 20:23,29710.0,29710.0,29700.0,29703.0,99.0
2026-06-12 20:24,29702.0,29704.25,29696.0,29698.25,80.0
2026-06-12 20:25,29697.75,29703.0,29697.75,29698.75,136.0
2026-06-12 20:26,29697.0,29703.0,29696.5,29698.75,54.0
2026-06-12 20:27,29697.25,29700.75,29693.5,29693.5,119.0
2026-06-12 20:28,29693.75,29695.25,29688.5,29689.0,110.0
2026-06-12 20:29,29689.5,29690.75,29687.25,29688.0,80.0
2026-06-12 20:30,29688.25,29692.0,29682.75,29685.0,133.0
2026-06-12 20:31,29685.25,29686.5,29681.0,29684.75,117.0
2026-06-12 20:32,29685.25,29692.25,29684.0,29687.25,125.0
2026-06-12 20:33,29688.25,29691.75,29683.75,29687.75,149.0
2026-06-12 20:34,29688.0,29690.75,29686.5,29690.5,71.0
2026-06-12 20:35,29689.75,29690.5,29684.5,29687.0,105.0
2026-06-12 20:36,29686.5,29691.0,29685.5,29688.75,97.0
2026-06-12 20:37,29689.0,29689.5,29674.0,29679.25,199.0
2026-06-12 20:38,29679.5,29684.5,29678.0,29678.25,66.0
2026-06-12 20:39,29678.5,29683.0,29677.25,29680.25,124.0
2026-06-12 20:40,29681.25,29700.0,29680.5,29700.0,229.0
2026-06-12 20:41,29699.5,29704.25,29694.0,29696.75,196.0
2026-06-12 20:42,29696.5,29700.75,29695.25,29695.25,72.0
2026-06-12 20:43,29696.0,29698.75,29690.5,29692.25,108.0
2026-06-12 20:44,29692.75,29694.5,29677.5,29680.0,188.0
2026-06-12 20:45,29679.75,29685.5,29675.5,29682.25,130.0
2026-06-12 20:46,29683.25,29688.0,29682.25,29686.5,55.0
2026-06-12 20:47,29685.5,29687.0,29682.25,29684.75,35.0
2026-06-12 20:48,29684.5,29685.5,29678.0,29678.25,51.0
2026-06-12 20:49,29679.5,29682.25,29677.5,29678.5,77.0
2026-06-12 20:50,29678.5,29681.25,29670.75,29678.5,183.0
2026-06-12 20:51,29677.25,29677.75,29670.0,29673.0,99.0
2026-06-12 20:52,29672.25,29672.25,29668.5,29671.25,84.0
2026-06-12 20:53,29671.0,29675.0,29668.0,29670.0,66.0
2026-06-12 20:54,29672.0,29672.25,29666.75,29670.0,55.0
2026-06-12 20:55,29669.0,29671.75,29667.5,29669.75,53.0
2026-06-12 20:56,29671.0,29677.5,29670.0,29673.75,85.0
2026-06-12 20:57,29673.5,29685.25,29672.0,29684.0,128.0
2026-06-12 20:58,29682.0,29685.0,29679.0,29682.5,49.0
2026-06-12 20:59,29684.75,29685.0,29670.5,29677.75,128.0
2026-06-14 22:00,29907.0,30042.0,29907.0,30032.75,1399.0
2026-06-14 22:01,30032.75,30048.75,29977.25,30030.0,422.0
2026-06-14 22:02,30030.25,30048.75,29998.0,30002.5,285.0
2026-06-14 22:03,30002.75,30027.75,29990.0,29997.5,261.0
2026-06-14 22:04,29996.0,30031.75,29965.5,30023.75,495.0
2026-06-14 22:05,30031.25,30081.25,30025.0,30052.75,425.0
2026-06-14 22:06,30056.5,30070.0,30056.5,30064.5,92.0
2026-06-14 22:07,30065.5,30068.75,30040.75,30040.75,147.0
2026-06-14 22:08,30040.5,30065.0,30036.0,30065.0,115.0
2026-06-14 22:09,30062.0,30087.0,30061.75,30074.5,135.0
2026-06-14 22:10,30074.0,30080.75,30070.0,30075.25,136.0
2026-06-14 22:11,30078.25,30080.0,30070.0,30070.75,87.0
2026-06-14 22:12,30070.25,30074.25,30070.0,30071.0,153.0
2026-06-14 22:13,30070.0,30073.5,30050.0,30069.25,168.0
2026-06-14 22:14,30068.25,30068.5,30051.75,30062.0,138.0
2026-06-14 22:15,30062.75,30062.75,30031.5,30036.75,123.0
2026-06-14 22:16,30044.5,30047.75,30028.0,30040.25,199.0
2026-06-14 22:17,30037.25,30039.75,30023.75,30025.5,87.0
2026-06-14 22:18,30026.5,30067.75,30026.5,30064.25,132.0
2026-06-14 22:19,30066.0,30074.0,30058.5,30071.75,86.0
2026-06-14 22:20,30074.5,30074.5,30062.25,30072.75,57.0
2026-06-14 22:21,30069.25,30079.25,30066.25,30079.25,41.0
2026-06-14 22:22,30077.0,30093.0,30075.75,30085.5,147.0
2026-06-14 22:23,30082.5,30091.0,30081.5,30091.0,29.0
2026-06-14 22:24,30093.0,30094.0,30076.25,30079.75,61.0
2026-06-14 22:25,30075.5,30077.25,30047.5,30072.0,122.0
2026-06-14 22:26,30070.5,30088.25,30055.5,30055.5,82.0
2026-06-14 22:27,30058.5,30059.25,30030.5,30046.5,128.0
2026-06-14 22:28,30046.25,30073.5,30046.25,30064.0,88.0
2026-06-14 22:29,30064.0,30065.5,30050.75,30058.0,46.0
2026-06-14 22:30,30050.25,30064.25,30044.0,30064.25,22.0
2026-06-14 22:31,30060.75,30073.25,30051.0,30051.0,75.0
2026-06-14 22:32,30049.5,30051.75,30032.5,30038.25,75.0
2026-06-14 22:33,30035.75,30043.25,30018.25,30023.25,126.0
2026-06-14 22:34,30021.5,30047.25,30012.0,30040.0,276.0
2026-06-14 22:35,30040.0,30044.25,30031.0,30039.25,82.0
2026-06-14 22:36,30037.25,30046.0,30037.25,30040.25,71.0
2026-06-14 22:37,30040.0,30046.5,30040.0,30044.5,25.0
2026-06-14 22:38,30044.0,30050.75,30044.0,30049.75,42.0
2026-06-14 22:39,30050.0,30050.75,30028.75,30036.25,172.0
2026-06-14 22:40,30035.5,30047.0,30016.5,30047.0,211.0
2026-06-14 22:41,30047.25,30049.75,30041.0,30047.5,35.0
2026-06-14 22:42,30048.0,30049.75,30042.5,30044.75,41.0
2026-06-14 22:43,30042.75,30043.25,30036.75,30040.25,21.0
2026-06-14 22:44,30042.25,30042.25,30029.75,30035.25,18.0
2026-06-14 22:45,30034.5,30041.75,30026.75,30038.25,37.0
2026-06-14 22:46,30039.0,30039.0,30030.25,30033.75,12.0
2026-06-14 22:47,30033.25,30041.75,30030.5,30041.25,20.0
2026-06-14 22:48,30045.0,30055.0,30045.0,30045.25,91.0
2026-06-14 22:49,30045.0,30062.5,30040.0,30062.5,104.0
2026-06-14 22:50,30063.5,30073.75,30055.0,30057.0,72.0
2026-06-14 22:51,30058.5,30070.75,30058.5,30062.25,73.0
2026-06-14 22:52,30059.0,30066.5,30057.5,30066.5,28.0
2026-06-14 22:53,30067.25,30067.25,30061.5,30061.5,29.0
2026-06-14 22:54,30061.25,30065.25,30053.75,30065.25,37.0
2026-06-14 22:55,30060.5,30065.0,30058.0,30065.0,19.0
2026-06-14 22:56,30061.25,30070.0,30060.0,30060.75,18.0
2026-06-14 22:57,30061.0,30062.5,30053.25,30057.5,21.0
2026-06-14 22:58,30058.75,30069.25,30058.0,30059.5,45.0
2026-06-14 22:59,30061.5,30061.5,30049.25,30049.25,18.0
2026-06-14 23:00,30051.5,30068.0,30051.5,30063.0,42.0
2026-06-14 23:01,30064.75,30071.0,30056.75,30056.75,36.0
2026-06-14 23:02,30055.0,30055.0,30040.25,30050.25,66.0
2026-06-14 23:03,30047.0,30047.0,30040.0,30042.5,16.0
2026-06-14 23:04,30042.5,30044.75,30042.0,30044.0,9.0
2026-06-14 23:05,30043.5,30057.0,30037.0,30037.0,32.0
2026-06-14 23:06,30040.25,30043.75,30035.5,30037.75,23.0
2026-06-14 23:07,30035.0,30036.25,30022.0,30024.75,52.0
2026-06-14 23:08,30025.0,30033.5,30021.25,30026.75,43.0
2026-06-14 23:09,30026.5,30034.25,30020.0,30029.0,98.0
2026-06-14 23:10,30030.25,30036.25,30022.0,30028.0,41.0
2026-06-14 23:11,30028.25,30037.0,30027.5,30033.25,13.0
2026-06-14 23:12,30029.75,30030.75,30026.75,30026.75,14.0
2026-06-14 23:13,30029.0,30029.0,30020.0,30020.75,23.0
2026-06-14 23:14,30021.5,30027.0,30020.5,30023.25,12.0
2026-06-14 23:15,30020.25,30020.25,30008.5,30017.25,71.0
2026-06-14 23:16,30018.5,30028.25,30015.5,30026.5,26.0
2026-06-14 23:17,30025.5,30027.5,30023.5,30027.0,20.0
2026-06-14 23:18,30025.0,30027.25,30010.0,30010.0,16.0
2026-06-14 23:19,30009.0,30011.25,30001.5,30006.0,67.0
2026-06-14 23:20,30010.25,30011.0,30002.0,30010.5,43.0
2026-06-14 23:21,30008.25,30008.25,29987.75,29997.5,113.0
2026-06-14 23:22,29994.0,30015.5,29991.5,30014.5,34.0
2026-06-14 23:23,30013.0,30018.5,30009.5,30016.5,28.0
2026-06-14 23:24,30015.0,30034.75,30014.25,30028.5,75.0
2026-06-14 23:25,30028.25,30050.0,30026.0,30036.25,90.0
2026-06-14 23:26,30034.25,30035.0,30021.5,30024.0,26.0
2026-06-14 23:27,30022.75,30033.75,30018.0,30029.75,20.0
2026-06-14 23:28,30031.5,30037.5,30031.5,30036.5,15.0
2026-06-14 23:29,30036.5,30038.0,30033.5,30033.5,10.0
2026-06-14 23:30,30036.25,30048.5,30031.25,30040.5,35.0
2026-06-14 23:31,30041.5,30045.0,30034.5,30037.5,31.0
2026-06-14 23:32,30039.75,30047.75,30039.75,30041.0,28.0
2026-06-14 23:33,30041.75,30043.25,30037.75,30043.25,9.0
2026-06-14 23:34,30044.0,30044.0,30041.0,30041.25,7.0
2026-06-14 23:35,30040.25,30047.75,30040.25,30047.25,19.0
2026-06-14 23:36,30047.75,30053.5,30046.25,30049.75,68.0
2026-06-14 23:37,30050.0,30050.75,30046.5,30049.5,22.0
2026-06-14 23:38,30051.0,30051.75,30049.5,30050.75,25.0
2026-06-14 23:39,30053.0,30054.0,30048.25,30048.5,24.0
2026-06-14 23:40,30048.25,30048.25,30039.0,30039.5,26.0
2026-06-14 23:41,30045.25,30051.75,30045.25,30051.0,45.0
2026-06-14 23:42,30051.25,30057.25,30051.25,30054.0,39.0
2026-06-14 23:43,30053.25,30060.0,30051.25,30052.0,32.0
2026-06-14 23:44,30053.0,30055.5,30040.25,30041.25,51.0
2026-06-14 23:45,30042.0,30042.0,30019.25,30030.75,62.0
2026-06-14 23:46,30032.5,30043.5,30026.5,30040.0,42.0
2026-06-14 23:47,30041.75,30046.5,30031.0,30035.25,15.0
2026-06-14 23:48,30043.0,30043.0,30034.75,30038.5,15.0
2026-06-14 23:49,30038.0,30038.0,30028.5,30032.75,44.0
2026-06-14 23:50,30025.0,30028.75,30021.5,30021.5,38.0
2026-06-14 23:51,30025.0,30032.25,30023.75,30031.75,87.0
2026-06-14 23:52,30033.5,30042.0,30033.5,30042.0,36.0
2026-06-14 23:53,30044.0,30048.25,30025.0,30028.0,76.0
2026-06-14 23:54,30030.25,30041.75,30030.0,30040.0,11.0
2026-06-14 23:55,30038.75,30053.0,30038.75,30049.25,53.0
2026-06-14 23:56,30050.0,30055.0,30045.0,30055.0,78.0
2026-06-14 23:57,30053.25,30060.5,30047.75,30051.75,69.0
2026-06-14 23:58,30051.75,30052.25,30038.5,30052.25,29.0
2026-06-14 23:59,30047.5,30054.0,30035.0,30054.0,24.0
2026-06-15 00:00,30052.5,30071.0,30043.5,30066.25,222.0
2026-06-15 00:01,30069.75,30098.25,30064.75,30094.25,386.0
2026-06-15 00:02,30095.0,30100.0,30086.75,30086.75,230.0
2026-06-15 00:03,30083.5,30096.0,30080.5,30092.25,87.0
2026-06-15 00:04,30089.0,30098.5,30087.75,30091.25,145.0
2026-06-15 00:05,30091.75,30100.0,30090.75,30094.75,171.0
2026-06-15 00:06,30093.0,30093.0,30072.75,30082.75,205.0
2026-06-15 00:07,30087.0,30110.25,30083.75,30109.5,196.0
2026-06-15 00:08,30110.75,30113.75,30100.0,30101.25,60.0
2026-06-15 00:09,30103.75,30129.0,30103.0,30121.25,223.0
2026-06-15 00:10,30121.5,30143.75,30121.25,30137.0,153.0
2026-06-15 00:11,30137.5,30147.25,30137.5,30137.5,140.0
2026-06-15 00:12,30137.5,30152.25,30128.75,30148.75,147.0
2026-06-15 00:13,30145.0,30162.0,30145.0,30156.25,89.0
2026-06-15 00:14,30160.0,30162.5,30149.0,30154.25,78.0
2026-06-15 00:15,30154.75,30167.5,30132.5,30137.75,154.0
2026-06-15 00:16,30137.75,30163.5,30137.75,30163.5,44.0
2026-06-15 00:17,30162.75,30163.0,30146.75,30152.0,27.0
2026-06-15 00:18,30157.25,30157.25,30142.5,30145.25,27.0
2026-06-15 00:19,30143.0,30154.75,30143.0,30154.75,33.0
2026-06-15 00:20,30157.75,30164.5,30149.0,30164.5,73.0
2026-06-15 00:21,30165.0,30170.75,30151.0,30151.0,81.0
2026-06-15 00:22,30150.25,30152.75,30142.25,30143.5,58.0
2026-06-15 00:23,30148.0,30163.0,30144.0,30160.5,63.0
2026-06-15 00:24,30160.25,30169.5,30159.0,30165.75,37.0
2026-06-15 00:25,30166.5,30172.0,30156.0,30163.0,115.0
2026-06-15 00:26,30162.0,30164.25,30155.0,30155.0,52.0
2026-06-15 00:27,30154.5,30164.25,30152.75,30161.75,17.0
2026-06-15 00:28,30161.75,30166.25,30158.0,30163.5,45.0
2026-06-15 00:29,30162.75,30163.5,30156.0,30161.75,17.0
2026-06-15 00:30,30153.25,30161.25,30151.25,30159.75,34.0
2026-06-15 00:31,30159.75,30164.25,30152.75,30154.5,50.0
2026-06-15 00:32,30157.5,30157.5,30152.0,30153.75,33.0
2026-06-15 00:33,30156.75,30157.5,30153.25,30157.5,21.0
2026-06-15 00:34,30156.5,30159.5,30150.75,30152.0,49.0
2026-06-15 00:35,30155.75,30156.75,30151.5,30154.0,21.0
2026-06-15 00:36,30155.75,30157.5,30152.5,30153.0,40.0
2026-06-15 00:37,30150.0,30150.5,30144.25,30149.25,42.0
2026-06-15 00:38,30146.0,30147.5,30142.0,30144.5,17.0
2026-06-15 00:39,30145.25,30147.0,30141.0,30144.25,27.0
2026-06-15 00:40,30140.75,30143.25,30138.5,30138.5,15.0
2026-06-15 00:41,30138.75,30140.0,30132.75,30136.25,100.0
2026-06-15 00:42,30136.75,30141.0,30131.25,30133.5,72.0
2026-06-15 00:43,30131.75,30147.0,30131.75,30146.5,49.0
2026-06-15 00:44,30141.5,30145.5,30135.0,30140.25,25.0
2026-06-15 00:45,30140.0,30143.25,30132.75,30138.0,40.0
2026-06-15 00:46,30134.75,30146.0,30134.75,30144.75,50.0
2026-06-15 00:47,30146.75,30148.0,30139.5,30139.5,48.0
2026-06-15 00:48,30141.75,30150.0,30139.25,30149.75,48.0
2026-06-15 00:49,30150.5,30154.5,30138.25,30142.25,44.0
2026-06-15 00:50,30139.0,30148.5,30138.75,30148.5,43.0
2026-06-15 00:51,30147.5,30151.5,30143.25,30144.25,27.0
2026-06-15 00:52,30146.75,30146.75,30132.5,30137.5,30.0
2026-06-15 00:53,30136.5,30138.0,30130.0,30131.5,29.0
2026-06-15 00:54,30133.5,30138.5,30132.0,30133.5,29.0
2026-06-15 00:55,30133.5,30134.5,30130.0,30132.25,40.0
2026-06-15 00:56,30132.25,30138.75,30132.0,30134.75,28.0
2026-06-15 00:57,30136.0,30140.0,30134.0,30139.75,14.0
2026-06-15 00:58,30136.5,30140.0,30132.75,30139.5,11.0
2026-06-15 00:59,30132.5,30140.75,30132.5,30140.75,13.0
2026-06-15 01:00,30139.75,30140.75,30129.0,30132.0,80.0
2026-06-15 01:01,30134.5,30138.75,30126.25,30137.25,72.0
2026-06-15 01:02,30137.75,30149.5,30137.75,30146.0,83.0
2026-06-15 01:03,30147.5,30149.25,30138.25,30140.25,49.0
2026-06-15 01:04,30140.75,30149.5,30138.75,30144.5,21.0
2026-06-15 01:05,30146.0,30146.0,30135.0,30135.0,18.0
2026-06-15 01:06,30135.5,30142.5,30130.75,30133.75,26.0
2026-06-15 01:07,30137.5,30158.25,30137.5,30152.25,104.0
2026-06-15 01:08,30152.0,30152.5,30147.25,30147.25,30.0
2026-06-15 01:09,30145.5,30152.75,30145.5,30145.75,24.0
2026-06-15 01:10,30146.75,30147.0,30142.0,30146.25,22.0
2026-06-15 01:11,30143.0,30152.0,30140.5,30149.5,15.0
2026-06-15 01:12,30144.0,30167.5,30143.5,30165.0,158.0
2026-06-15 01:13,30166.25,30172.0,30157.0,30160.0,107.0
2026-06-15 01:14,30159.0,30167.25,30159.0,30167.25,19.0
2026-06-15 01:15,30163.5,30167.0,30161.0,30161.25,26.0
2026-06-15 01:16,30160.0,30161.5,30155.5,30159.0,34.0
2026-06-15 01:17,30159.25,30163.25,30157.75,30158.25,35.0
2026-06-15 01:18,30154.25,30159.25,30151.75,30154.75,47.0
2026-06-15 01:19,30158.25,30158.25,30144.0,30144.0,40.0
2026-06-15 01:20,30142.75,30150.0,30140.0,30147.25,40.0
2026-06-15 01:21,30148.25,30152.75,30141.25,30144.25,68.0
2026-06-15 01:22,30148.0,30154.0,30143.75,30151.75,22.0
2026-06-15 01:23,30150.0,30154.25,30148.5,30149.5,23.0
2026-06-15 01:24,30151.75,30158.0,30150.75,30155.0,57.0
2026-06-15 01:25,30154.5,30154.5,30144.75,30147.75,17.0
2026-06-15 01:26,30151.75,30163.0,30151.75,30158.75,43.0
2026-06-15 01:27,30158.75,30165.0,30158.75,30165.0,18.0
2026-06-15 01:28,30166.75,30171.0,30164.75,30167.0,33.0
2026-06-15 01:29,30165.0,30165.0,30158.25,30158.75,34.0
2026-06-15 01:30,30159.0,30159.0,30144.25,30151.75,27.0
2026-06-15 01:31,30148.0,30159.5,30148.0,30156.25,27.0
2026-06-15 01:32,30159.75,30166.0,30159.75,30164.0,17.0
2026-06-15 01:33,30161.25,30164.25,30159.25,30161.5,18.0
2026-06-15 01:34,30164.5,30171.25,30164.5,30168.5,59.0
2026-06-15 01:35,30167.75,30172.0,30167.5,30171.0,24.0
2026-06-15 01:36,30169.5,30172.0,30166.25,30171.5,23.0
2026-06-15 01:37,30172.0,30180.0,30171.25,30177.5,66.0
2026-06-15 01:38,30175.0,30177.25,30170.75,30173.25,31.0
2026-06-15 01:39,30173.5,30173.75,30170.5,30172.5,22.0
2026-06-15 01:40,30171.5,30176.75,30168.5,30175.75,45.0
2026-06-15 01:41,30178.0,30178.0,30169.5,30173.0,22.0
2026-06-15 01:42,30171.75,30180.0,30171.0,30180.0,32.0
2026-06-15 01:43,30181.0,30184.75,30178.75,30183.0,38.0
2026-06-15 01:44,30183.0,30184.25,30180.0,30183.5,22.0
2026-06-15 01:45,30183.25,30183.75,30176.75,30177.5,23.0
2026-06-15 01:46,30176.5,30181.25,30176.25,30179.25,24.0
2026-06-15 01:47,30181.5,30183.75,30181.0,30182.0,13.0
2026-06-15 01:48,30180.75,30182.75,30179.25,30180.25,32.0
2026-06-15 01:49,30180.75,30180.75,30175.75,30178.5,22.0
2026-06-15 01:50,30177.0,30178.25,30175.0,30176.75,24.0
2026-06-15 01:51,30176.75,30179.5,30176.75,30178.75,11.0
2026-06-15 01:52,30179.0,30184.75,30179.0,30184.75,17.0
2026-06-15 01:53,30184.5,30184.5,30174.0,30174.0,27.0
2026-06-15 01:54,30173.25,30174.75,30168.75,30171.0,22.0
2026-06-15 01:55,30172.25,30173.25,30167.0,30169.0,13.0
2026-06-15 01:56,30167.0,30167.0,30161.5,30163.0,45.0
2026-06-15 01:57,30164.25,30169.0,30162.25,30162.25,32.0
2026-06-15 01:58,30161.5,30165.25,30156.25,30160.25,80.0
2026-06-15 01:59,30160.75,30169.0,30160.75,30168.25,22.0
2026-06-15 02:00,30167.25,30176.25,30167.0,30174.75,37.0
2026-06-15 02:01,30174.75,30178.0,30172.75,30178.0,24.0
2026-06-15 02:02,30176.0,30177.5,30168.25,30171.25,47.0
2026-06-15 02:03,30168.25,30168.25,30165.75,30168.0,20.0
2026-06-15 02:04,30168.25,30171.0,30165.0,30171.0,15.0
2026-06-15 02:05,30171.5,30179.75,30171.5,30172.25,57.0
2026-06-15 02:06,30171.75,30178.75,30166.5,30170.5,56.0
2026-06-15 02:07,30170.5,30175.5,30170.5,30174.0,26.0
2026-06-15 02:08,30171.75,30177.0,30171.75,30176.0,14.0
2026-06-15 02:09,30176.5,30179.25,30175.75,30179.25,29.0
2026-06-15 02:10,30179.25,30182.5,30177.25,30178.75,60.0
2026-06-15 02:11,30176.75,30188.0,30175.25,30185.25,128.0
2026-06-15 02:12,30184.0,30190.0,30184.0,30187.25,44.0
2026-06-15 02:13,30187.25,30190.0,30185.5,30187.75,57.0
2026-06-15 02:14,30190.0,30190.0,30184.25,30185.5,44.0
2026-06-15 02:15,30186.75,30186.75,30183.0,30185.25,19.0
2026-06-15 02:16,30186.25,30190.0,30186.25,30188.25,30.0
2026-06-15 02:17,30188.25,30188.75,30184.0,30184.75,21.0
2026-06-15 02:18,30184.75,30184.75,30182.25,30184.5,16.0
2026-06-15 02:19,30184.25,30185.75,30184.25,30185.75,4.0
2026-06-15 02:20,30188.75,30189.5,30187.5,30187.5,8.0
2026-06-15 02:21,30188.25,30190.0,30187.0,30187.75,31.0
2026-06-15 02:22,30187.5,30190.0,30183.5,30190.0,21.0
2026-06-15 02:23,30190.0,30190.0,30187.75,30189.5,9.0
2026-06-15 02:24,30190.0,30198.0,30190.0,30194.25,74.0
2026-06-15 02:25,30195.0,30196.0,30190.25,30192.5,26.0
2026-06-15 02:26,30194.0,30204.5,30192.25,30202.5,57.0
2026-06-15 02:27,30202.5,30205.5,30198.75,30199.25,29.0
2026-06-15 02:28,30201.25,30205.0,30201.25,30204.5,11.0
2026-06-15 02:29,30206.0,30208.25,30202.75,30206.25,33.0
2026-06-15 02:30,30206.75,30211.75,30204.25,30208.25,45.0
2026-06-15 02:31,30207.75,30209.5,30205.25,30207.5,27.0
2026-06-15 02:32,30207.75,30208.25,30204.5,30204.5,20.0
2026-06-15 02:33,30203.25,30203.25,30194.25,30197.25,48.0
2026-06-15 02:34,30197.75,30197.75,30196.25,30196.75,9.0
2026-06-15 02:35,30197.25,30197.25,30193.5,30193.5,20.0
2026-06-15 02:36,30195.0,30195.25,30192.25,30193.5,8.0
2026-06-15 02:37,30195.75,30200.25,30195.5,30200.25,17.0
2026-06-15 02:38,30199.0,30206.25,30199.0,30202.25,33.0
2026-06-15 02:39,30201.75,30202.5,30199.75,30200.25,15.0
2026-06-15 02:40,30199.25,30203.5,30199.0,30199.0,15.0
2026-06-15 02:41,30197.75,30199.25,30193.25,30196.0,27.0
2026-06-15 02:42,30193.75,30194.25,30189.5,30192.5,18.0
2026-06-15 02:43,30193.0,30193.75,30191.5,30191.75,19.0
2026-06-15 02:44,30191.75,30193.75,30187.5,30193.75,27.0
2026-06-15 02:45,30194.75,30196.0,30194.5,30195.75,12.0
2026-06-15 02:46,30194.0,30204.75,30193.0,30204.75,16.0
2026-06-15 02:47,30205.25,30205.25,30200.75,30201.25,17.0
2026-06-15 02:48,30201.25,30202.5,30200.75,30201.0,9.0
2026-06-15 02:49,30199.5,30202.75,30198.5,30202.5,14.0
2026-06-15 02:50,30200.5,30203.0,30198.25,30202.75,21.0
2026-06-15 02:51,30200.0,30202.75,30198.75,30202.75,15.0
2026-06-15 02:52,30201.25,30202.75,30199.75,30200.75,19.0
2026-06-15 02:53,30201.0,30201.0,30195.5,30197.5,34.0
2026-06-15 02:54,30198.25,30208.75,30198.25,30205.25,42.0
2026-06-15 02:55,30205.25,30206.25,30204.5,30205.25,6.0
2026-06-15 02:56,30204.25,30205.75,30202.0,30202.0,22.0
2026-06-15 02:57,30202.75,30207.0,30202.75,30204.75,20.0
2026-06-15 02:58,30203.25,30203.5,30200.75,30202.25,14.0
2026-06-15 02:59,30202.0,30202.25,30199.25,30199.5,9.0
2026-06-15 03:00,30202.75,30202.75,30192.25,30196.5,73.0
2026-06-15 03:01,30196.25,30197.0,30194.0,30197.0,11.0
2026-06-15 03:02,30195.25,30195.25,30192.25,30192.75,15.0
2026-06-15 03:03,30192.5,30196.0,30192.0,30195.0,4.0
2026-06-15 03:04,30195.0,30199.25,30195.0,30198.25,17.0
2026-06-15 03:05,30196.75,30198.75,30190.0,30191.25,13.0
2026-06-15 03:06,30191.5,30192.75,30185.25,30185.25,19.0
2026-06-15 03:07,30187.25,30190.75,30186.25,30190.75,13.0
2026-06-15 03:08,30190.75,30191.25,30188.0,30188.5,8.0
2026-06-15 03:09,30187.75,30195.75,30187.75,30195.75,19.0
2026-06-15 03:10,30198.0,30203.75,30196.25,30199.5,34.0
2026-06-15 03:11,30198.75,30202.25,30196.5,30200.5,25.0
2026-06-15 03:12,30200.5,30201.5,30192.75,30194.25,17.0
2026-06-15 03:13,30194.0,30201.75,30194.0,30198.5,19.0
2026-06-15 03:14,30198.25,30203.0,30198.0,30201.25,14.0
2026-06-15 03:15,30206.25,30206.75,30202.25,30202.5,6.0
2026-06-15 03:16,30205.25,30207.5,30205.25,30205.75,5.0
2026-06-15 03:17,30209.75,30215.0,30209.5,30215.0,57.0
2026-06-15 03:18,30213.25,30217.25,30210.0,30217.25,31.0
2026-06-15 03:19,30213.75,30214.75,30209.75,30209.75,37.0
2026-06-15 03:20,30212.0,30212.0,30208.75,30210.5,13.0
2026-06-15 03:21,30208.5,30212.25,30208.25,30212.25,8.0
2026-06-15 03:22,30210.5,30213.5,30208.0,30213.5,14.0
2026-06-15 03:23,30211.75,30214.75,30210.75,30211.25,9.0
2026-06-15 03:24,30215.0,30216.0,30212.25,30214.5,15.0
2026-06-15 03:25,30215.75,30216.25,30212.25,30216.25,14.0
2026-06-15 03:26,30215.0,30216.5,30214.75,30214.75,8.0
2026-06-15 03:27,30214.5,30214.75,30208.5,30210.0,23.0
2026-06-15 03:28,30214.5,30214.75,30213.75,30213.75,4.0
2026-06-15 03:29,30213.0,30213.0,30204.0,30205.75,32.0
2026-06-15 03:30,30205.5,30210.25,30199.25,30203.75,47.0
2026-06-15 03:31,30205.0,30206.25,30203.25,30205.25,11.0
2026-06-15 03:32,30207.25,30210.0,30207.25,30210.0,17.0
2026-06-15 03:33,30209.25,30220.0,30208.25,30216.75,40.0
2026-06-15 03:34,30215.0,30216.25,30210.0,30216.25,29.0
2026-06-15 03:35,30216.5,30218.0,30213.0,30216.0,11.0
2026-06-15 03:36,30215.25,30217.75,30212.25,30212.25,16.0
2026-06-15 03:37,30212.25,30212.25,30206.75,30207.0,25.0
2026-06-15 03:38,30207.25,30211.75,30207.25,30210.0,31.0
2026-06-15 03:39,30209.75,30211.75,30207.0,30208.25,28.0
2026-06-15 03:40,30208.0,30209.25,30206.5,30208.75,17.0
2026-06-15 03:41,30210.75,30212.0,30209.0,30211.0,10.0
2026-06-15 03:42,30209.5,30212.5,30209.5,30210.5,18.0
2026-06-15 03:43,30207.0,30207.5,30193.5,30195.5,88.0
2026-06-15 03:44,30197.5,30199.25,30188.0,30197.25,96.0
2026-06-15 03:45,30195.75,30197.75,30188.0,30189.5,29.0
2026-06-15 03:46,30190.75,30192.25,30183.5,30188.0,32.0
2026-06-15 03:47,30186.0,30193.25,30186.0,30192.75,18.0
2026-06-15 03:48,30195.25,30200.5,30195.25,30197.0,18.0
2026-06-15 03:49,30196.75,30198.25,30190.0,30190.0,25.0
2026-06-15 03:50,30190.5,30194.0,30190.5,30194.0,8.0
2026-06-15 03:51,30191.0,30191.0,30187.5,30187.5,6.0
2026-06-15 03:52,30187.5,30192.25,30187.0,30192.25,8.0
2026-06-15 03:53,30192.75,30192.75,30188.75,30189.5,7.0
2026-06-15 03:54,30190.0,30194.75,30190.0,30193.25,9.0
2026-06-15 03:55,30191.25,30193.0,30188.5,30191.25,11.0
2026-06-15 03:56,30188.75,30189.25,30187.5,30187.5,6.0
2026-06-15 03:57,30188.75,30189.25,30184.0,30184.0,9.0
2026-06-15 03:58,30184.0,30188.25,30181.0,30188.25,29.0
2026-06-15 03:59,30188.5,30191.0,30186.75,30188.5,8.0
2026-06-15 04:00,30188.75,30194.25,30188.75,30193.0,15.0
2026-06-15 04:01,30191.25,30191.75,30186.0,30191.75,9.0
2026-06-15 04:02,30187.75,30187.75,30173.5,30175.5,47.0
2026-06-15 04:03,30174.5,30180.75,30174.25,30178.75,33.0
2026-06-15 04:04,30178.5,30183.0,30178.25,30180.25,23.0
2026-06-15 04:05,30179.75,30183.0,30179.0,30181.25,9.0
2026-06-15 04:06,30184.25,30184.5,30182.25,30184.5,12.0
2026-06-15 04:07,30184.5,30186.0,30184.25,30185.0,18.0
2026-06-15 04:08,30182.75,30182.75,30178.0,30178.75,9.0
2026-06-15 04:09,30180.0,30182.75,30177.75,30181.5,11.0
2026-06-15 04:10,30178.0,30181.5,30178.0,30181.5,11.0
2026-06-15 04:11,30178.0,30180.75,30178.0,30180.75,4.0
2026-06-15 04:12,30178.75,30181.75,30174.0,30174.0,18.0
2026-06-15 04:13,30173.5,30175.0,30171.0,30172.75,19.0
2026-06-15 04:14,30177.5,30182.25,30177.5,30180.5,15.0
2026-06-15 04:15,30184.25,30184.25,30182.75,30182.75,3.0
2026-06-15 04:16,30184.75,30195.75,30182.25,30189.5,34.0
2026-06-15 04:17,30189.5,30192.25,30188.75,30188.75,8.0
2026-06-15 04:18,30193.0,30199.0,30193.0,30199.0,13.0
2026-06-15 04:19,30197.75,30199.5,30196.75,30196.75,9.0
2026-06-15 04:20,30200.75,30202.75,30199.25,30202.75,10.0
2026-06-15 04:21,30201.5,30202.0,30198.75,30199.75,8.0
2026-06-15 04:22,30197.75,30197.75,30194.75,30194.75,15.0
2026-06-15 04:23,30200.75,30204.0,30200.75,30204.0,7.0
2026-06-15 04:24,30201.5,30207.25,30201.5,30203.5,14.0
2026-06-15 04:25,30204.75,30208.75,30204.75,30206.25,30.0
2026-06-15 04:26,30205.5,30206.25,30202.75,30204.75,21.0
2026-06-15 04:27,30206.75,30208.0,30204.5,30208.0,10.0
2026-06-15 04:28,30206.5,30215.0,30206.5,30212.25,16.0
2026-06-15 04:29,30209.5,30216.5,30206.75,30215.5,18.0
2026-06-15 04:30,30211.0,30214.25,30206.0,30209.0,28.0
2026-06-15 04:31,30208.75,30214.25,30207.5,30211.5,11.0
2026-06-15 04:32,30214.75,30217.5,30213.0,30213.0,23.0
2026-06-15 04:33,30214.75,30224.5,30213.5,30221.0,38.0
2026-06-15 04:34,30220.0,30227.5,30218.5,30227.5,27.0
2026-06-15 04:35,30225.0,30229.0,30223.25,30225.0,35.0
2026-06-15 04:36,30224.75,30227.5,30224.25,30224.25,10.0
2026-06-15 04:37,30222.0,30222.0,30215.0,30218.75,23.0
2026-06-15 04:38,30219.0,30220.5,30216.75,30220.5,18.0
2026-06-15 04:39,30222.75,30224.0,30221.5,30222.75,10.0
2026-06-15 04:40,30221.75,30224.5,30220.0,30220.0,5.0
2026-06-15 04:41,30219.75,30220.0,30213.0,30217.5,17.0
2026-06-15 04:42,30219.5,30222.0,30219.5,30222.0,4.0
2026-06-15 04:43,30223.5,30226.0,30221.0,30226.0,6.0
2026-06-15 04:44,30224.75,30226.0,30222.5,30225.25,10.0
2026-06-15 04:45,30225.0,30226.0,30220.75,30221.25,16.0
2026-06-15 04:46,30222.75,30223.25,30221.25,30222.75,6.0
2026-06-15 04:47,30223.0,30224.75,30219.75,30219.75,12.0
2026-06-15 04:48,30219.0,30219.0,30218.5,30218.5,2.0
2026-06-15 04:49,30221.25,30221.25,30215.75,30218.0,28.0
2026-06-15 04:50,30218.25,30220.0,30217.5,30220.0,21.0
2026-06-15 04:51,30220.25,30221.75,30215.75,30216.0,14.0
2026-06-15 04:52,30215.5,30219.0,30215.25,30219.0,16.0
2026-06-15 04:53,30218.5,30220.25,30216.0,30216.0,11.0
2026-06-15 04:54,30217.75,30217.75,30213.75,30215.0,13.0
2026-06-15 04:55,30215.0,30215.75,30212.75,30215.25,28.0
2026-06-15 04:56,30214.5,30220.5,30214.5,30218.0,20.0
2026-06-15 04:57,30218.0,30231.5,30218.0,30228.75,65.0
2026-06-15 04:58,30228.5,30232.25,30225.5,30232.25,42.0
2026-06-15 04:59,30231.5,30232.5,30230.0,30232.5,19.0
2026-06-15 05:00,30230.0,30230.25,30225.0,30227.75,22.0
2026-06-15 05:01,30225.0,30231.0,30225.0,30228.25,25.0
2026-06-15 05:02,30227.25,30231.0,30226.25,30228.75,6.0
2026-06-15 05:03,30229.5,30232.0,30225.25,30227.5,18.0
2026-06-15 05:04,30226.0,30229.0,30224.0,30227.5,33.0
2026-06-15 05:05,30228.0,30228.5,30223.75,30223.75,16.0
2026-06-15 05:06,30226.0,30229.5,30225.0,30225.75,22.0
2026-06-15 05:07,30224.5,30229.25,30224.5,30229.0,29.0
2026-06-15 05:08,30230.5,30237.5,30230.5,30235.75,48.0
2026-06-15 05:09,30235.25,30239.0,30235.25,30239.0,17.0
2026-06-15 05:10,30239.75,30243.25,30238.25,30241.0,54.0
2026-06-15 05:11,30240.0,30242.0,30236.75,30239.25,19.0
2026-06-15 05:12,30239.0,30241.25,30236.75,30241.25,10.0
2026-06-15 05:13,30241.0,30242.0,30239.0,30242.0,17.0
2026-06-15 05:14,30241.25,30243.0,30240.5,30240.5,9.0
2026-06-15 05:15,30240.5,30241.25,30236.75,30238.25,19.0
2026-06-15 05:16,30238.5,30242.25,30237.75,30239.0,15.0
2026-06-15 05:17,30240.0,30242.5,30239.0,30240.25,14.0
2026-06-15 05:18,30241.75,30241.75,30237.0,30237.0,20.0
2026-06-15 05:19,30237.75,30244.0,30237.25,30241.75,33.0
2026-06-15 05:20,30242.0,30243.5,30238.5,30238.5,19.0
2026-06-15 05:21,30240.0,30241.5,30237.5,30241.5,18.0
2026-06-15 05:22,30243.25,30244.75,30240.75,30242.25,19.0
2026-06-15 05:23,30243.5,30244.0,30238.5,30238.5,13.0
2026-06-15 05:24,30236.5,30236.5,30233.5,30234.5,20.0
2026-06-15 05:25,30234.75,30234.75,30228.0,30229.0,21.0
2026-06-15 05:26,30230.75,30236.0,30229.0,30236.0,22.0
2026-06-15 05:27,30235.25,30241.0,30234.5,30236.5,23.0
2026-06-15 05:28,30239.0,30240.75,30236.5,30238.25,12.0
2026-06-15 05:29,30235.75,30237.75,30233.0,30233.0,12.0
2026-06-15 05:30,30234.25,30239.0,30231.75,30233.0,26.0
2026-06-15 05:31,30231.75,30234.5,30229.75,30230.75,18.0
2026-06-15 05:32,30229.0,30230.75,30222.0,30223.5,13.0
2026-06-15 05:33,30223.25,30223.25,30214.0,30217.5,82.0
2026-06-15 05:34,30217.75,30222.75,30217.75,30219.75,12.0
2026-06-15 05:35,30221.5,30223.75,30215.5,30216.0,46.0
2026-06-15 05:36,30218.0,30223.5,30214.5,30216.5,56.0
2026-06-15 05:37,30215.75,30216.25,30204.0,30204.5,127.0
2026-06-15 05:38,30206.0,30226.75,30206.0,30220.25,140.0
2026-06-15 05:39,30224.0,30229.0,30223.0,30229.0,23.0
2026-06-15 05:40,30229.25,30231.0,30220.0,30228.5,95.0
2026-06-15 05:41,30228.5,30228.5,30222.5,30222.5,23.0
2026-06-15 05:42,30222.5,30227.25,30220.5,30226.75,23.0
2026-06-15 05:43,30226.5,30233.25,30226.0,30230.25,26.0
2026-06-15 05:44,30228.75,30231.0,30226.0,30226.0,14.0
2026-06-15 05:45,30228.25,30228.25,30220.25,30223.75,22.0
2026-06-15 05:46,30221.0,30222.25,30219.75,30222.25,20.0
2026-06-15 05:47,30222.0,30225.75,30221.0,30225.75,14.0
2026-06-15 05:48,30224.5,30228.75,30222.0,30227.0,18.0
2026-06-15 05:49,30227.0,30228.0,30222.25,30222.25,25.0
2026-06-15 05:50,30222.75,30223.25,30219.25,30221.0,19.0
2026-06-15 05:51,30220.0,30220.0,30209.75,30212.25,47.0
2026-06-15 05:52,30211.0,30214.0,30207.0,30209.75,27.0
2026-06-15 05:53,30210.75,30220.5,30209.25,30220.5,21.0
2026-06-15 05:54,30222.5,30223.0,30214.0,30216.75,21.0
2026-06-15 05:55,30218.0,30218.0,30217.5,30217.5,4.0
2026-06-15 05:56,30213.75,30222.25,30211.75,30220.25,14.0
2026-06-15 05:57,30221.25,30229.0,30221.0,30229.0,16.0
2026-06-15 05:58,30229.5,30236.5,30229.5,30235.0,25.0
2026-06-15 05:59,30234.0,30234.5,30232.5,30234.25,10.0
2026-06-15 06:00,30235.75,30246.0,30235.25,30236.75,55.0
2026-06-15 06:01,30239.0,30239.5,30235.0,30237.75,16.0
2026-06-15 06:02,30235.25,30236.25,30230.0,30233.75,39.0
2026-06-15 06:03,30232.25,30238.5,30232.0,30237.5,24.0
2026-06-15 06:04,30235.0,30239.0,30229.25,30239.0,46.0
2026-06-15 06:05,30235.5,30237.25,30231.5,30234.25,30.0
2026-06-15 06:06,30234.25,30239.5,30231.0,30234.25,25.0
2026-06-15 06:07,30236.5,30239.75,30232.25,30232.5,27.0
2026-06-15 06:08,30238.0,30239.25,30235.0,30239.0,32.0
2026-06-15 06:09,30239.5,30239.5,30233.25,30233.25,21.0
2026-06-15 06:10,30235.75,30235.75,30227.0,30230.75,44.0
2026-06-15 06:11,30230.25,30238.5,30230.25,30235.75,31.0
2026-06-15 06:12,30233.75,30236.0,30230.0,30231.25,42.0
2026-06-15 06:13,30232.0,30236.75,30232.0,30236.75,19.0
2026-06-15 06:14,30236.75,30237.0,30234.0,30236.0,24.0
2026-06-15 06:15,30233.75,30234.5,30222.0,30226.25,38.0
2026-06-15 06:16,30227.25,30227.25,30220.0,30227.0,37.0
2026-06-15 06:17,30224.75,30229.25,30223.0,30224.25,38.0
2026-06-15 06:18,30221.0,30227.5,30220.0,30226.0,33.0
2026-06-15 06:19,30226.5,30229.5,30224.0,30229.5,22.0
2026-06-15 06:20,30227.0,30237.25,30226.5,30233.5,54.0
2026-06-15 06:21,30234.5,30234.5,30222.75,30230.0,56.0
2026-06-15 06:22,30232.25,30239.5,30229.5,30239.5,38.0
2026-06-15 06:23,30239.75,30246.0,30239.75,30243.25,40.0
2026-06-15 06:24,30244.0,30249.0,30239.5,30249.0,65.0
2026-06-15 06:25,30247.5,30256.0,30247.0,30250.0,57.0
2026-06-15 06:26,30253.5,30256.75,30253.5,30256.25,53.0
2026-06-15 06:27,30256.0,30257.75,30250.5,30252.25,67.0
2026-06-15 06:28,30250.5,30250.5,30239.25,30239.25,43.0
2026-06-15 06:29,30239.0,30243.25,30236.0,30241.75,74.0
2026-06-15 06:30,30240.5,30253.0,30236.5,30247.25,76.0
2026-06-15 06:31,30245.5,30251.25,30235.0,30246.0,158.0
2026-06-15 06:32,30245.75,30245.75,30235.0,30236.0,48.0
2026-06-15 06:33,30236.0,30239.5,30234.5,30234.75,29.0
2026-06-15 06:34,30237.0,30237.75,30230.0,30230.0,21.0
2026-06-15 06:35,30230.5,30230.5,30222.0,30225.5,38.0
2026-06-15 06:36,30224.75,30229.0,30224.0,30229.0,18.0
2026-06-15 06:37,30226.0,30236.0,30224.25,30231.5,26.0
2026-06-15 06:38,30233.25,30233.25,30224.0,30224.0,30.0
2026-06-15 06:39,30224.5,30227.0,30222.75,30226.75,20.0
2026-06-15 06:40,30228.0,30228.25,30222.5,30227.75,32.0
2026-06-15 06:41,30230.0,30248.75,30229.0,30243.75,90.0
2026-06-15 06:42,30243.75,30254.0,30239.75,30253.0,72.0
2026-06-15 06:43,30254.0,30255.75,30251.5,30251.5,32.0
2026-06-15 06:44,30250.25,30251.75,30247.25,30251.75,33.0
2026-06-15 06:45,30252.25,30253.5,30249.75,30252.75,28.0
2026-06-15 06:46,30251.5,30253.75,30250.25,30251.75,15.0
2026-06-15 06:47,30252.5,30253.0,30247.5,30249.0,25.0
2026-06-15 06:48,30250.0,30255.5,30249.25,30254.0,32.0
2026-06-15 06:49,30254.75,30256.25,30248.0,30250.5,33.0
2026-06-15 06:50,30250.75,30252.75,30248.5,30252.0,21.0
2026-06-15 06:51,30253.75,30257.75,30252.25,30253.25,60.0
2026-06-15 06:52,30256.25,30257.0,30250.75,30250.75,18.0
2026-06-15 06:53,30251.0,30253.5,30245.0,30245.0,26.0
2026-06-15 06:54,30245.0,30245.0,30237.5,30237.5,20.0
2026-06-15 06:55,30239.25,30242.0,30237.0,30239.25,11.0
2026-06-15 06:56,30238.0,30242.75,30238.0,30242.25,94.0
2026-06-15 06:57,30240.5,30248.0,30240.25,30248.0,53.0
2026-06-15 06:58,30248.0,30252.75,30243.5,30243.5,23.0
2026-06-15 06:59,30245.25,30251.25,30245.25,30251.25,9.0
2026-06-15 07:00,30251.75,30252.0,30222.0,30224.5,110.0
2026-06-15 07:01,30227.25,30232.0,30221.75,30223.75,40.0
2026-06-15 07:02,30227.25,30236.5,30224.25,30232.5,38.0
2026-06-15 07:03,30232.5,30236.0,30221.25,30221.75,123.0
2026-06-15 07:04,30227.25,30245.0,30223.75,30238.0,59.0
2026-06-15 07:05,30238.5,30251.25,30238.5,30249.5,51.0
2026-06-15 07:06,30249.0,30249.0,30243.0,30245.25,25.0
2026-06-15 07:07,30247.5,30259.25,30246.5,30255.25,93.0
2026-06-15 07:08,30256.0,30257.0,30247.75,30254.75,43.0
2026-06-15 07:09,30252.0,30256.5,30234.25,30236.5,73.0
2026-06-15 07:10,30234.75,30241.25,30233.25,30241.25,34.0
2026-06-15 07:11,30239.0,30239.0,30225.75,30230.75,31.0
2026-06-15 07:12,30230.75,30233.25,30223.0,30224.25,48.0
2026-06-15 07:13,30225.0,30226.0,30220.75,30226.0,43.0
2026-06-15 07:14,30226.0,30236.5,30226.0,30232.0,64.0
2026-06-15 07:15,30234.0,30249.75,30232.0,30249.75,77.0
2026-06-15 07:16,30247.75,30255.5,30247.25,30255.5,58.0
2026-06-15 07:17,30253.0,30254.5,30245.0,30245.75,46.0
2026-06-15 07:18,30249.25,30265.75,30246.0,30258.5,92.0
2026-06-15 07:19,30258.25,30263.0,30255.5,30256.0,29.0
2026-06-15 07:20,30258.5,30264.0,30254.0,30262.0,64.0
2026-06-15 07:21,30260.75,30261.5,30254.75,30258.25,29.0
2026-06-15 07:22,30256.75,30258.0,30250.75,30250.75,18.0
2026-06-15 07:23,30249.5,30251.75,30239.75,30241.0,34.0
2026-06-15 07:24,30243.75,30253.0,30233.25,30240.0,81.0
2026-06-15 07:25,30240.0,30254.75,30239.25,30254.0,155.0
2026-06-15 07:26,30251.25,30254.0,30242.5,30244.25,98.0
2026-06-15 07:27,30248.5,30260.0,30247.25,30258.75,37.0
2026-06-15 07:28,30259.25,30262.0,30257.5,30258.0,18.0
2026-06-15 07:29,30260.0,30260.0,30251.25,30252.0,16.0
2026-06-15 07:30,30252.0,30252.0,30242.5,30245.25,32.0
2026-06-15 07:31,30244.5,30246.75,30238.75,30246.75,35.0
2026-06-15 07:32,30245.5,30249.25,30242.25,30242.75,32.0
2026-06-15 07:33,30243.75,30245.25,30242.0,30242.25,27.0
2026-06-15 07:34,30246.25,30263.75,30244.75,30263.0,105.0
2026-06-15 07:35,30262.25,30269.0,30259.25,30264.0,101.0
2026-06-15 07:36,30264.25,30265.0,30255.25,30257.25,25.0
2026-06-15 07:37,30260.25,30268.0,30260.25,30262.75,43.0
2026-06-15 07:38,30258.5,30270.0,30256.25,30265.5,75.0
2026-06-15 07:39,30264.75,30264.75,30253.5,30257.5,94.0
2026-06-15 07:40,30258.25,30266.75,30257.75,30265.0,33.0
2026-06-15 07:41,30263.5,30265.75,30260.0,30260.0,37.0
2026-06-15 07:42,30261.0,30262.5,30254.75,30262.25,28.0
2026-06-15 07:43,30263.0,30263.0,30254.75,30256.75,21.0
2026-06-15 07:44,30255.25,30255.25,30251.0,30253.5,12.0
2026-06-15 07:45,30252.5,30256.5,30252.5,30253.0,17.0
2026-06-15 07:46,30251.0,30254.25,30251.0,30252.25,31.0
2026-06-15 07:47,30251.0,30254.0,30245.0,30247.0,34.0
2026-06-15 07:48,30248.0,30248.25,30242.0,30243.0,43.0
2026-06-15 07:49,30242.0,30248.75,30242.0,30247.75,24.0
2026-06-15 07:50,30248.25,30252.0,30245.75,30251.5,40.0
2026-06-15 07:51,30253.0,30259.25,30251.25,30255.25,41.0
2026-06-15 07:52,30256.25,30265.75,30256.25,30265.75,43.0
2026-06-15 07:53,30266.25,30268.0,30260.75,30260.75,43.0
2026-06-15 07:54,30263.0,30267.25,30259.75,30262.5,12.0
2026-06-15 07:55,30262.0,30262.0,30253.25,30256.75,22.0
2026-06-15 07:56,30259.0,30259.0,30244.0,30244.75,45.0
2026-06-15 07:57,30244.0,30256.0,30243.0,30255.5,80.0
2026-06-15 07:58,30254.0,30261.25,30248.5,30248.5,49.0
2026-06-15 07:59,30248.0,30249.0,30244.5,30246.75,17.0
2026-06-15 08:00,30243.5,30256.25,30241.0,30256.25,51.0
2026-06-15 08:01,30254.0,30257.25,30246.0,30256.0,100.0
2026-06-15 08:02,30258.5,30276.0,30255.75,30276.0,156.0
2026-06-15 08:03,30276.0,30289.0,30274.0,30284.5,211.0
2026-06-15 08:04,30281.75,30281.75,30271.75,30273.0,30.0
2026-06-15 08:05,30274.25,30280.0,30267.5,30267.5,67.0
2026-06-15 08:06,30269.5,30269.5,30255.0,30256.5,54.0
2026-06-15 08:07,30256.0,30264.25,30255.75,30257.0,32.0
2026-06-15 08:08,30255.0,30265.75,30255.0,30261.75,62.0
2026-06-15 08:09,30262.25,30278.0,30262.25,30275.25,115.0
2026-06-15 08:10,30278.25,30285.25,30277.25,30285.0,67.0
2026-06-15 08:11,30284.5,30285.25,30268.75,30276.5,41.0
2026-06-15 08:12,30272.75,30280.0,30267.25,30280.0,33.0
2026-06-15 08:13,30279.75,30280.75,30274.0,30280.75,28.0
2026-06-15 08:14,30281.75,30286.0,30278.0,30279.25,52.0
2026-06-15 08:15,30277.25,30284.75,30277.25,30283.0,65.0
2026-06-15 08:16,30282.0,30283.5,30279.0,30279.25,56.0
2026-06-15 08:17,30279.75,30279.75,30269.75,30277.25,82.0
2026-06-15 08:18,30273.75,30278.0,30271.75,30277.25,32.0
2026-06-15 08:19,30275.25,30276.0,30263.75,30265.5,18.0
2026-06-15 08:20,30267.0,30273.25,30267.0,30273.0,82.0
2026-06-15 08:21,30276.5,30276.5,30263.25,30264.5,58.0
2026-06-15 08:22,30266.75,30269.25,30266.0,30268.25,18.0
2026-06-15 08:23,30268.5,30275.5,30266.0,30274.0,22.0
2026-06-15 08:24,30274.5,30277.75,30272.25,30274.5,16.0
2026-06-15 08:25,30272.75,30279.75,30272.25,30279.75,30.0
2026-06-15 08:26,30279.75,30288.0,30278.75,30287.0,48.0
2026-06-15 08:27,30286.75,30307.75,30286.75,30301.0,170.0
2026-06-15 08:28,30301.0,30308.0,30292.0,30292.0,78.0
2026-06-15 08:29,30298.0,30301.75,30297.0,30299.25,12.0
2026-06-15 08:30,30297.0,30300.0,30295.25,30298.5,26.0
2026-06-15 08:31,30300.25,30302.0,30295.75,30296.0,22.0
2026-06-15 08:32,30295.5,30304.5,30295.25,30302.75,39.0
2026-06-15 08:33,30302.25,30305.5,30298.5,30298.5,36.0
2026-06-15 08:34,30300.0,30306.75,30300.0,30305.5,19.0
2026-06-15 08:35,30306.75,30309.25,30301.0,30307.75,26.0
2026-06-15 08:36,30309.25,30309.75,30303.0,30308.0,20.0
2026-06-15 08:37,30303.5,30306.0,30300.0,30305.25,15.0
2026-06-15 08:38,30305.25,30308.75,30300.25,30307.0,65.0
2026-06-15 08:39,30307.0,30310.75,30307.0,30307.5,27.0
2026-06-15 08:40,30308.5,30310.0,30306.5,30306.5,16.0
2026-06-15 08:41,30305.25,30308.75,30300.25,30308.75,26.0
2026-06-15 08:42,30310.25,30312.25,30308.75,30310.5,38.0
2026-06-15 08:43,30310.75,30314.5,30307.5,30310.5,50.0
2026-06-15 08:44,30310.5,30310.75,30307.75,30308.25,19.0
2026-06-15 08:45,30310.25,30324.0,30310.25,30322.5,63.0
2026-06-15 08:46,30321.75,30323.75,30315.0,30315.75,99.0
2026-06-15 08:47,30314.75,30315.0,30308.75,30314.25,50.0
2026-06-15 08:48,30314.75,30314.75,30305.0,30306.25,89.0
2026-06-15 08:49,30307.0,30308.75,30302.25,30305.25,71.0
2026-06-15 08:50,30308.5,30315.0,30306.75,30306.75,65.0
2026-06-15 08:51,30308.0,30311.5,30302.0,30302.0,84.0
2026-06-15 08:52,30301.75,30301.75,30293.75,30294.0,81.0
2026-06-15 08:53,30294.0,30294.0,30284.75,30288.25,99.0
2026-06-15 08:54,30286.5,30291.75,30286.25,30291.25,35.0
2026-06-15 08:55,30290.75,30298.5,30287.75,30289.75,26.0
2026-06-15 08:56,30290.5,30292.0,30286.0,30288.25,64.0
2026-06-15 08:57,30286.0,30289.75,30282.25,30289.75,30.0
2026-06-15 08:58,30292.5,30296.0,30290.5,30290.5,30.0
2026-06-15 08:59,30289.5,30289.5,30282.25,30287.75,46.0
2026-06-15 09:00,30288.5,30298.25,30288.5,30291.75,65.0
2026-06-15 09:01,30292.75,30295.5,30290.5,30294.5,20.0
2026-06-15 09:02,30292.0,30298.75,30292.0,30297.5,31.0
2026-06-15 09:03,30296.25,30296.25,30292.75,30292.75,9.0
2026-06-15 09:04,30293.5,30293.75,30289.0,30293.75,12.0
2026-06-15 09:05,30294.0,30297.75,30291.0,30296.25,25.0
2026-06-15 09:06,30295.5,30295.5,30285.25,30290.25,20.0
2026-06-15 09:07,30290.0,30290.25,30284.25,30288.0,14.0
2026-06-15 09:08,30289.0,30289.75,30286.0,30287.0,9.0
2026-06-15 09:09,30289.75,30290.5,30286.0,30290.5,7.0
2026-06-15 09:10,30290.5,30296.75,30289.75,30296.75,16.0
2026-06-15 09:11,30297.0,30297.0,30279.25,30279.25,49.0
2026-06-15 09:12,30279.0,30281.0,30277.0,30278.25,24.0
2026-06-15 09:13,30278.0,30278.25,30269.5,30270.0,47.0
2026-06-15 09:14,30270.75,30277.75,30268.75,30274.0,103.0
2026-06-15 09:15,30273.5,30273.75,30267.0,30267.75,33.0
2026-06-15 09:16,30267.5,30268.5,30259.5,30259.75,75.0
2026-06-15 09:17,30261.25,30270.75,30261.25,30268.5,26.0
2026-06-15 09:18,30266.75,30266.75,30258.0,30258.0,56.0
2026-06-15 09:19,30263.5,30266.5,30253.5,30255.5,48.0
2026-06-15 09:20,30254.5,30255.25,30238.5,30247.0,134.0
2026-06-15 09:21,30246.75,30253.25,30246.75,30248.0,64.0
2026-06-15 09:22,30250.5,30252.75,30246.5,30252.75,22.0
2026-06-15 09:23,30246.0,30257.5,30242.25,30252.75,62.0
2026-06-15 09:24,30252.75,30258.5,30245.75,30253.0,138.0
2026-06-15 09:25,30252.75,30252.75,30243.5,30246.25,61.0
2026-06-15 09:26,30244.75,30254.5,30243.25,30244.25,59.0
2026-06-15 09:27,30245.75,30245.75,30232.25,30237.75,55.0
2026-06-15 09:28,30239.5,30245.75,30238.0,30239.75,18.0
2026-06-15 09:29,30241.25,30241.75,30230.25,30234.25,24.0
2026-06-15 09:30,30234.5,30235.0,30227.0,30233.5,78.0
2026-06-15 09:31,30235.25,30235.25,30228.0,30231.25,56.0
2026-06-15 09:32,30231.25,30232.25,30224.75,30226.5,30.0
2026-06-15 09:33,30228.0,30228.0,30216.25,30218.5,71.0
2026-06-15 09:34,30219.25,30222.75,30217.75,30221.0,32.0
2026-06-15 09:35,30219.5,30235.75,30216.75,30235.75,64.0
2026-06-15 09:36,30236.0,30236.5,30218.5,30227.25,63.0
2026-06-15 09:37,30227.5,30232.0,30226.25,30231.75,10.0
2026-06-15 09:38,30234.75,30239.0,30232.5,30237.25,32.0
2026-06-15 09:39,30237.5,30237.5,30226.5,30228.75,23.0
2026-06-15 09:40,30229.5,30234.75,30228.75,30232.0,28.0
2026-06-15 09:41,30230.0,30230.0,30222.5,30229.75,34.0
2026-06-15 09:42,30226.75,30233.0,30226.75,30231.0,13.0
2026-06-15 09:43,30230.5,30230.5,30222.75,30222.75,23.0
2026-06-15 09:44,30222.0,30225.0,30220.25,30220.25,18.0
2026-06-15 09:45,30220.0,30220.0,30204.75,30210.25,68.0
2026-06-15 09:46,30210.25,30221.0,30210.25,30220.0,16.0
2026-06-15 09:47,30219.5,30222.25,30216.5,30220.5,12.0
2026-06-15 09:48,30225.0,30226.5,30223.25,30224.5,11.0
2026-06-15 09:49,30226.0,30232.25,30224.5,30232.25,56.0
2026-06-15 09:50,30233.75,30237.75,30230.25,30233.0,61.0
2026-06-15 09:51,30233.75,30238.5,30230.75,30235.75,31.0
2026-06-15 09:52,30235.75,30237.0,30227.25,30232.0,29.0
2026-06-15 09:53,30232.5,30239.25,30232.5,30239.0,19.0
2026-06-15 09:54,30239.5,30243.5,30238.75,30239.0,31.0
2026-06-15 09:55,30238.25,30238.25,30234.25,30235.75,5.0
2026-06-15 09:56,30235.0,30236.5,30232.25,30233.25,10.0
2026-06-15 09:57,30237.25,30240.75,30237.25,30240.75,7.0
2026-06-15 09:58,30238.0,30246.5,30238.0,30246.5,26.0
2026-06-15 09:59,30246.5,30252.0,30244.0,30248.25,83.0
2026-06-15 10:00,30246.0,30254.75,30242.5,30253.0,48.0
2026-06-15 10:01,30250.5,30252.5,30246.5,30252.5,9.0
2026-06-15 10:02,30251.5,30253.0,30248.75,30252.25,18.0
2026-06-15 10:03,30254.5,30254.75,30248.75,30250.0,15.0
2026-06-15 10:04,30250.0,30252.5,30250.0,30252.5,5.0
2026-06-15 10:05,30249.5,30250.0,30246.75,30248.0,17.0
2026-06-15 10:06,30248.0,30250.25,30242.0,30242.5,27.0
2026-06-15 10:07,30246.25,30246.25,30237.75,30244.75,27.0
2026-06-15 10:08,30244.75,30247.25,30243.75,30244.0,15.0
2026-06-15 10:09,30245.0,30251.25,30243.0,30251.25,15.0
2026-06-15 10:10,30252.75,30254.75,30252.0,30252.5,9.0
2026-06-15 10:11,30251.5,30255.5,30249.25,30252.75,16.0
2026-06-15 10:12,30254.25,30258.5,30254.25,30255.5,14.0
2026-06-15 10:13,30258.0,30259.0,30255.5,30255.5,17.0
2026-06-15 10:14,30256.5,30259.75,30256.5,30258.0,9.0
2026-06-15 10:15,30255.25,30259.5,30254.25,30254.25,16.0
2026-06-15 10:16,30252.0,30253.0,30252.0,30253.0,6.0
2026-06-15 10:17,30253.0,30253.0,30242.5,30245.5,26.0
2026-06-15 10:18,30244.5,30245.75,30243.25,30245.25,26.0
2026-06-15 10:19,30243.0,30250.0,30243.0,30250.0,12.0
2026-06-15 10:20,30251.75,30252.0,30249.25,30250.0,7.0
2026-06-15 10:21,30250.5,30251.0,30246.0,30246.0,12.0
2026-06-15 10:22,30243.5,30250.5,30239.25,30250.5,15.0
2026-06-15 10:23,30250.0,30250.0,30249.0,30249.0,5.0
2026-06-15 10:24,30249.25,30252.25,30249.25,30252.25,18.0
2026-06-15 10:25,30251.75,30258.5,30251.75,30256.5,10.0
2026-06-15 10:26,30255.75,30264.0,30255.75,30259.25,79.0
2026-06-15 10:27,30259.75,30260.5,30258.25,30260.5,9.0
2026-06-15 10:28,30261.0,30264.0,30259.75,30264.0,19.0
2026-06-15 10:29,30264.0,30266.5,30261.5,30263.0,35.0
2026-06-15 10:30,30263.0,30263.75,30256.5,30256.5,43.0
2026-06-15 10:31,30255.75,30256.5,30250.0,30250.25,40.0
2026-06-15 10:32,30250.75,30254.75,30249.75,30254.75,18.0
2026-06-15 10:33,30255.75,30256.5,30250.0,30250.0,10.0
2026-06-15 10:34,30248.75,30250.0,30238.75,30244.25,30.0
2026-06-15 10:35,30241.5,30251.0,30241.0,30251.0,24.0
2026-06-15 10:36,30250.5,30250.5,30238.75,30238.75,19.0
2026-06-15 10:37,30245.0,30248.75,30244.25,30246.5,34.0
2026-06-15 10:38,30246.25,30248.25,30236.5,30236.75,37.0
2026-06-15 10:39,30235.0,30236.25,30230.75,30231.75,34.0
2026-06-15 10:40,30232.75,30238.0,30231.75,30234.0,42.0
2026-06-15 10:41,30232.75,30233.5,30228.75,30229.5,44.0
2026-06-15 10:42,30231.5,30239.0,30231.5,30239.0,30.0
2026-06-15 10:43,30240.0,30241.75,30237.0,30241.5,18.0
2026-06-15 10:44,30240.75,30243.75,30240.75,30243.75,16.0
2026-06-15 10:45,30243.5,30247.75,30243.5,30247.0,7.0
2026-06-15 10:46,30247.75,30253.75,30247.75,30249.5,37.0
2026-06-15 10:47,30247.75,30252.5,30247.5,30252.5,17.0
2026-06-15 10:48,30253.5,30255.5,30250.5,30252.5,22.0
2026-06-15 10:49,30253.0,30260.25,30251.5,30260.25,27.0
2026-06-15 10:50,30260.25,30261.5,30258.0,30258.5,17.0
2026-06-15 10:51,30261.0,30261.0,30255.5,30256.0,14.0
2026-06-15 10:52,30258.25,30260.25,30257.0,30259.25,9.0
2026-06-15 10:53,30260.0,30260.0,30250.0,30255.0,33.0
2026-06-15 10:54,30255.0,30259.25,30255.0,30258.25,16.0
2026-06-15 10:55,30259.75,30260.75,30257.25,30257.25,15.0
2026-06-15 10:56,30256.0,30258.5,30255.75,30255.75,18.0
2026-06-15 10:57,30255.0,30259.5,30254.0,30259.5,21.0
2026-06-15 10:58,30258.5,30265.75,30250.5,30250.5,48.0
2026-06-15 10:59,30251.75,30261.25,30251.75,30259.0,19.0
2026-06-15 11:00,30258.75,30271.5,30251.0,30268.0,108.0
2026-06-15 11:01,30269.0,30275.75,30268.0,30275.75,44.0
2026-06-15 11:02,30274.0,30278.0,30272.75,30275.5,59.0
2026-06-15 11:03,30274.0,30278.5,30269.25,30278.5,31.0
2026-06-15 11:04,30279.25,30283.25,30275.0,30276.0,59.0
2026-06-15 11:05,30276.75,30282.5,30274.0,30277.5,61.0
2026-06-15 11:06,30279.0,30279.0,30273.5,30274.0,13.0
2026-06-15 11:07,30275.25,30283.5,30273.75,30280.0,42.0
2026-06-15 11:08,30282.5,30288.0,30282.25,30285.75,105.0
2026-06-15 11:09,30285.25,30285.25,30277.5,30282.75,65.0
2026-06-15 11:10,30283.25,30286.0,30280.5,30284.5,57.0
2026-06-15 11:11,30284.0,30293.5,30283.0,30286.75,60.0
2026-06-15 11:12,30290.0,30296.0,30290.0,30295.75,63.0
2026-06-15 11:13,30295.0,30296.5,30292.0,30292.0,33.0
2026-06-15 11:14,30292.0,30293.25,30289.5,30289.5,23.0
2026-06-15 11:15,30294.0,30302.0,30293.0,30301.5,143.0
2026-06-15 11:16,30301.25,30303.0,30295.25,30299.0,71.0
2026-06-15 11:17,30298.25,30299.25,30292.75,30295.0,76.0
2026-06-15 11:18,30292.75,30296.75,30291.5,30295.5,58.0
2026-06-15 11:19,30297.0,30299.75,30292.5,30299.75,52.0
2026-06-15 11:20,30298.75,30310.0,30298.75,30305.25,59.0
2026-06-15 11:21,30303.5,30306.5,30303.5,30305.0,38.0
2026-06-15 11:22,30307.0,30308.25,30304.0,30307.0,16.0
2026-06-15 11:23,30308.0,30310.25,30305.75,30308.0,35.0
2026-06-15 11:24,30308.75,30310.0,30308.5,30310.0,62.0
2026-06-15 11:25,30307.25,30310.0,30301.0,30301.0,44.0
2026-06-15 11:26,30303.0,30306.75,30297.0,30300.75,45.0
2026-06-15 11:27,30302.0,30302.75,30292.25,30294.0,43.0
2026-06-15 11:28,30294.5,30303.75,30294.25,30303.75,39.0
2026-06-15 11:29,30302.75,30312.25,30302.75,30310.0,71.0
2026-06-15 11:30,30311.0,30316.5,30311.0,30316.5,46.0
2026-06-15 11:31,30316.0,30319.5,30314.0,30314.75,47.0
2026-06-15 11:32,30314.25,30314.25,30309.0,30310.75,22.0
2026-06-15 11:33,30308.5,30308.5,30301.0,30301.0,29.0
2026-06-15 11:34,30300.5,30301.5,30290.75,30291.75,83.0
2026-06-15 11:35,30293.5,30293.5,30284.0,30291.75,46.0
2026-06-15 11:36,30293.0,30293.0,30280.0,30285.5,77.0
2026-06-15 11:37,30283.75,30284.5,30275.25,30282.25,53.0
2026-06-15 11:38,30284.75,30289.25,30281.75,30289.0,34.0
2026-06-15 11:39,30291.0,30297.0,30291.0,30295.5,62.0
2026-06-15 11:40,30293.25,30299.75,30293.25,30299.75,20.0
2026-06-15 11:41,30299.25,30302.75,30297.75,30302.75,18.0
2026-06-15 11:42,30302.5,30304.75,30298.5,30299.0,32.0
2026-06-15 11:43,30298.0,30300.0,30272.25,30278.75,83.0
2026-06-15 11:44,30277.25,30287.75,30270.0,30275.5,52.0
2026-06-15 11:45,30276.75,30282.0,30270.25,30280.0,29.0
2026-06-15 11:46,30278.25,30292.25,30274.75,30292.25,41.0
2026-06-15 11:47,30289.0,30291.75,30278.0,30279.25,25.0
2026-06-15 11:48,30283.0,30290.0,30283.0,30290.0,21.0
2026-06-15 11:49,30287.5,30289.5,30284.25,30286.75,14.0
2026-06-15 11:50,30287.5,30310.0,30287.5,30302.0,64.0
2026-06-15 11:51,30300.25,30306.25,30298.25,30306.25,30.0
2026-06-15 11:52,30301.5,30304.0,30301.0,30301.5,14.0
2026-06-15 11:53,30299.75,30308.25,30299.75,30308.25,26.0
2026-06-15 11:54,30308.75,30314.75,30306.5,30313.0,33.0
2026-06-15 11:55,30313.5,30313.5,30303.25,30303.25,32.0
2026-06-15 11:56,30306.5,30309.5,30304.0,30304.0,20.0
2026-06-15 11:57,30305.0,30310.75,30305.0,30310.75,13.0
2026-06-15 11:58,30307.0,30307.25,30297.25,30298.25,50.0
2026-06-15 11:59,30299.0,30305.25,30295.0,30298.75,40.0
2026-06-15 12:00,30297.5,30304.25,30297.5,30301.5,54.0
2026-06-15 12:01,30303.0,30307.75,30296.5,30298.25,22.0
2026-06-15 12:02,30300.25,30306.25,30286.0,30293.25,37.0
2026-06-15 12:03,30294.75,30298.5,30290.75,30296.0,90.0
2026-06-15 12:04,30299.0,30299.5,30292.0,30293.25,37.0
2026-06-15 12:05,30295.75,30300.0,30291.25,30295.0,78.0
2026-06-15 12:06,30294.5,30304.0,30290.75,30303.0,110.0
2026-06-15 12:07,30303.75,30303.75,30294.5,30295.25,38.0
2026-06-15 12:08,30297.0,30303.25,30296.0,30301.5,14.0
2026-06-15 12:09,30304.0,30306.0,30298.0,30298.0,20.0
2026-06-15 12:10,30297.25,30306.0,30297.25,30303.5,53.0
2026-06-15 12:11,30303.0,30308.5,30301.75,30306.75,24.0
2026-06-15 12:12,30304.25,30311.25,30304.25,30311.25,19.0
2026-06-15 12:13,30311.75,30314.5,30309.0,30309.5,42.0
2026-06-15 12:14,30309.25,30309.25,30293.0,30294.5,180.0
2026-06-15 12:15,30296.75,30303.25,30294.5,30294.75,46.0
2026-06-15 12:16,30294.5,30294.5,30275.0,30275.0,101.0
2026-06-15 12:17,30278.5,30281.25,30264.0,30278.5,82.0
2026-06-15 12:18,30276.75,30290.5,30276.75,30282.75,69.0
2026-06-15 12:19,30280.5,30280.5,30276.0,30277.0,49.0
2026-06-15 12:20,30277.0,30284.25,30265.75,30267.75,150.0
2026-06-15 12:21,30271.0,30276.75,30259.0,30263.75,96.0
2026-06-15 12:22,30262.25,30268.75,30261.5,30267.5,136.0
2026-06-15 12:23,30263.5,30275.75,30261.75,30272.0,95.0
2026-06-15 12:24,30272.0,30282.25,30268.5,30274.75,56.0
2026-06-15 12:25,30279.75,30280.5,30266.75,30271.5,66.0
2026-06-15 12:26,30272.75,30278.75,30268.25,30278.5,27.0
2026-06-15 12:27,30276.75,30282.5,30272.0,30273.5,73.0
2026-06-15 12:28,30270.5,30272.75,30265.0,30267.75,39.0
2026-06-15 12:29,30266.0,30267.5,30262.25,30266.0,62.0
2026-06-15 12:30,30266.25,30283.25,30263.75,30277.25,94.0
2026-06-15 12:31,30277.0,30280.75,30272.5,30275.0,57.0
2026-06-15 12:32,30278.25,30278.25,30271.25,30273.75,58.0
2026-06-15 12:33,30275.75,30277.5,30255.0,30258.25,163.0
2026-06-15 12:34,30258.25,30264.5,30252.75,30254.25,82.0
2026-06-15 12:35,30253.0,30259.5,30249.0,30256.25,127.0
2026-06-15 12:36,30254.25,30268.0,30252.0,30259.5,68.0
2026-06-15 12:37,30262.25,30262.75,30255.5,30256.0,131.0
2026-06-15 12:38,30257.25,30265.0,30252.25,30263.75,68.0
2026-06-15 12:39,30263.75,30268.25,30254.25,30266.0,96.0
2026-06-15 12:40,30266.5,30279.5,30262.0,30276.25,67.0
2026-06-15 12:41,30275.25,30276.25,30264.5,30270.75,44.0
2026-06-15 12:42,30271.75,30279.0,30271.75,30276.25,61.0
2026-06-15 12:43,30278.5,30280.75,30276.5,30278.0,41.0
2026-06-15 12:44,30276.0,30276.0,30254.5,30256.75,120.0
2026-06-15 12:45,30254.75,30254.75,30238.5,30246.5,161.0
2026-06-15 12:46,30247.25,30255.75,30246.0,30252.0,137.0
2026-06-15 12:47,30252.5,30268.0,30252.5,30265.75,85.0
2026-06-15 12:48,30265.75,30270.75,30264.5,30265.0,49.0
2026-06-15 12:49,30265.25,30269.0,30263.0,30269.0,30.0
2026-06-15 12:50,30267.25,30275.75,30267.25,30271.5,47.0
2026-06-15 12:51,30271.0,30271.0,30262.0,30264.5,27.0
2026-06-15 12:52,30264.5,30269.75,30258.5,30259.5,29.0
2026-06-15 12:53,30261.0,30262.0,30257.75,30261.0,40.0
2026-06-15 12:54,30259.0,30262.75,30256.25,30262.75,78.0
2026-06-15 12:55,30263.0,30280.25,30262.25,30278.75,144.0
2026-06-15 12:56,30272.5,30275.75,30270.25,30275.75,52.0
2026-06-15 12:57,30276.5,30285.5,30274.5,30278.5,95.0
2026-06-15 12:58,30278.0,30278.0,30267.75,30272.5,45.0
2026-06-15 12:59,30272.0,30281.25,30268.75,30281.25,47.0
2026-06-15 13:00,30280.5,30285.5,30274.75,30282.75,80.0
2026-06-15 13:01,30282.75,30284.5,30275.0,30276.75,33.0
2026-06-15 13:02,30277.25,30277.75,30270.0,30270.0,26.0
2026-06-15 13:03,30275.25,30279.0,30274.25,30277.0,21.0
2026-06-15 13:04,30276.75,30282.0,30272.0,30272.0,47.0
2026-06-15 13:05,30272.25,30274.0,30266.0,30267.0,43.0
2026-06-15 13:06,30268.75,30276.0,30260.75,30265.25,83.0
2026-06-15 13:07,30264.5,30273.5,30264.5,30273.5,29.0
2026-06-15 13:08,30274.75,30285.75,30274.5,30282.75,64.0
2026-06-15 13:09,30281.5,30284.25,30275.25,30277.25,40.0
2026-06-15 13:10,30280.25,30282.25,30276.5,30280.5,24.0
2026-06-15 13:11,30282.25,30294.0,30282.25,30294.0,114.0
2026-06-15 13:12,30292.25,30297.75,30291.5,30293.25,57.0
2026-06-15 13:13,30292.25,30297.5,30289.5,30289.5,54.0
2026-06-15 13:14,30288.0,30300.0,30288.0,30300.0,107.0
2026-06-15 13:15,30300.5,30310.0,30297.5,30304.75,177.0
2026-06-15 13:16,30304.0,30308.5,30303.0,30307.0,90.0
2026-06-15 13:17,30306.75,30306.75,30297.0,30298.25,90.0
2026-06-15 13:18,30298.0,30306.25,30298.0,30306.25,78.0
2026-06-15 13:19,30305.75,30307.0,30300.75,30305.0,42.0
2026-06-15 13:20,30305.25,30313.0,30305.0,30306.75,109.0
2026-06-15 13:21,30308.25,30309.5,30301.5,30301.5,45.0
2026-06-15 13:22,30302.5,30302.5,30294.5,30296.25,67.0
2026-06-15 13:23,30296.0,30302.75,30291.25,30300.0,84.0
2026-06-15 13:24,30300.25,30308.25,30299.5,30307.25,97.0
2026-06-15 13:25,30308.0,30324.5,30308.0,30324.5,273.0
2026-06-15 13:26,30324.25,30324.75,30316.75,30319.75,95.0
2026-06-15 13:27,30318.75,30336.0,30314.5,30324.5,182.0
2026-06-15 13:28,30323.5,30340.0,30321.75,30331.75,292.0
2026-06-15 13:29,30332.5,30334.25,30321.5,30333.75,391.0
2026-06-15 13:30,30333.5,30363.5,30302.25,30363.5,1760.0
2026-06-15 13:31,30364.0,30374.5,30354.0,30370.5,867.0
2026-06-15 13:32,30369.75,30389.5,30368.0,30387.75,1053.0
2026-06-15 13:33,30388.0,30393.5,30376.25,30385.0,692.0
2026-06-15 13:34,30385.0,30389.75,30341.5,30357.75,746.0
2026-06-15 13:35,30358.75,30404.5,30358.5,30400.5,837.0
2026-06-15 13:36,30398.0,30414.5,30386.0,30410.75,724.0
2026-06-15 13:37,30413.0,30416.5,30390.5,30392.0,611.0
2026-06-15 13:38,30392.0,30410.0,30382.25,30395.0,493.0
2026-06-15 13:39,30391.25,30402.0,30357.0,30369.0,674.0
2026-06-15 13:40,30364.75,30403.5,30351.75,30398.0,697.0
2026-06-15 13:41,30398.0,30426.75,30396.5,30417.0,669.0
2026-06-15 13:42,30417.0,30430.0,30404.5,30413.25,551.0
2026-06-15 13:43,30414.75,30419.25,30387.25,30403.5,480.0
2026-06-15 13:44,30402.25,30416.0,30391.25,30401.25,539.0
2026-06-15 13:45,30400.5,30441.25,30399.5,30439.5,719.0
2026-06-15 13:46,30439.25,30449.25,30435.0,30446.75,570.0
2026-06-15 13:47,30444.5,30457.25,30441.5,30447.25,1073.0
2026-06-15 13:48,30445.25,30477.25,30444.5,30468.75,541.0
2026-06-15 13:49,30468.5,30479.75,30459.25,30475.75,482.0
2026-06-15 13:50,30477.5,30480.25,30464.25,30477.0,663.0
2026-06-15 13:51,30476.5,30492.25,30475.5,30487.75,561.0
2026-06-15 13:52,30488.0,30495.0,30478.25,30483.25,603.0
2026-06-15 13:53,30485.0,30497.25,30468.75,30472.75,630.0
2026-06-15 13:54,30471.75,30475.75,30460.0,30460.0,533.0
2026-06-15 13:55,30461.25,30480.0,30456.0,30462.5,398.0
2026-06-15 13:56,30462.5,30465.0,30433.25,30439.5,538.0
2026-06-15 13:57,30438.75,30461.0,30437.5,30449.75,504.0
2026-06-15 13:58,30450.0,30453.5,30425.75,30425.75,277.0
2026-06-15 13:59,30425.0,30430.25,30394.5,30402.25,818.0
2026-06-15 14:00,30399.5,30413.5,30386.0,30402.0,670.0
2026-06-15 14:01,30401.5,30430.25,30391.0,30427.25,543.0
2026-06-15 14:02,30426.0,30442.25,30412.0,30422.75,712.0
2026-06-15 14:03,30421.5,30447.25,30420.25,30443.5,493.0
2026-06-15 14:04,30443.25,30459.0,30430.5,30439.0,480.0
2026-06-15 14:05,30437.25,30462.0,30434.5,30439.5,647.0
2026-06-15 14:06,30439.5,30459.75,30439.25,30448.5,486.0
2026-06-15 14:07,30448.25,30452.0,30425.5,30433.0,512.0
2026-06-15 14:08,30436.75,30451.0,30429.25,30439.75,350.0
2026-06-15 14:09,30437.75,30441.75,30408.25,30425.5,439.0
2026-06-15 14:10,30429.75,30432.5,30405.5,30412.25,419.0
2026-06-15 14:11,30414.0,30435.75,30407.75,30420.0,502.0
2026-06-15 14:12,30423.75,30450.25,30418.0,30421.0,412.0
2026-06-15 14:13,30420.0,30424.75,30401.0,30402.0,455.0
2026-06-15 14:14,30400.75,30430.5,30376.75,30427.25,630.0
2026-06-15 14:15,30428.0,30442.0,30395.0,30416.25,574.0
2026-06-15 14:16,30419.25,30427.0,30390.25,30396.25,269.0
2026-06-15 14:17,30396.25,30420.0,30393.0,30414.75,419.0
2026-06-15 14:18,30412.25,30435.0,30409.25,30412.5,360.0
2026-06-15 14:19,30415.5,30430.25,30412.25,30423.5,339.0
2026-06-15 14:20,30423.5,30423.5,30391.5,30404.75,400.0
2026-06-15 14:21,30406.25,30407.0,30380.75,30387.0,363.0
2026-06-15 14:22,30387.75,30409.5,30370.5,30406.75,572.0
2026-06-15 14:23,30406.0,30422.5,30405.0,30415.25,255.0
2026-06-15 14:24,30415.75,30422.0,30395.75,30399.75,224.0
2026-06-15 14:25,30399.5,30417.5,30392.5,30412.0,235.0
2026-06-15 14:26,30411.25,30425.25,30405.0,30422.75,213.0
2026-06-15 14:27,30423.5,30443.75,30421.5,30441.5,288.0
2026-06-15 14:28,30441.0,30453.75,30437.75,30450.0,441.0
2026-06-15 14:29,30452.25,30460.25,30444.25,30457.75,342.0
2026-06-15 14:30,30458.25,30467.25,30438.0,30449.0,540.0
2026-06-15 14:31,30448.25,30461.5,30442.5,30446.5,269.0
2026-06-15 14:32,30444.0,30445.25,30409.0,30427.75,471.0
2026-06-15 14:33,30428.75,30463.25,30426.5,30452.25,282.0
2026-06-15 14:34,30452.0,30455.5,30422.0,30428.5,269.0
2026-06-15 14:35,30428.5,30444.25,30428.25,30442.5,174.0
2026-06-15 14:36,30440.75,30443.25,30420.75,30427.5,268.0
2026-06-15 14:37,30426.75,30430.25,30415.75,30422.25,317.0
2026-06-15 14:38,30422.0,30446.25,30420.5,30441.5,224.0
2026-06-15 14:39,30441.0,30443.25,30426.0,30438.25,148.0
2026-06-15 14:40,30437.75,30439.5,30414.0,30420.75,193.0
2026-06-15 14:41,30421.5,30424.75,30409.75,30411.25,161.0
2026-06-15 14:42,30410.5,30425.75,30398.25,30408.25,290.0
2026-06-15 14:43,30407.5,30421.0,30403.5,30416.5,150.0
2026-06-15 14:44,30415.25,30423.75,30408.5,30416.0,172.0
2026-06-15 14:45,30416.75,30435.25,30416.0,30423.25,297.0
2026-06-15 14:46,30423.25,30426.5,30407.0,30414.75,344.0
2026-06-15 14:47,30412.5,30435.0,30412.5,30426.5,202.0
2026-06-15 14:48,30426.25,30435.0,30415.0,30432.0,212.0
2026-06-15 14:49,30429.5,30438.0,30414.5,30417.0,219.0
2026-06-15 14:50,30417.5,30442.75,30417.5,30433.5,425.0
2026-06-15 14:51,30434.75,30453.5,30428.5,30452.0,364.0
2026-06-15 14:52,30450.75,30458.25,30442.25,30444.5,289.0
2026-06-15 14:53,30444.0,30446.5,30430.75,30444.75,230.0
2026-06-15 14:54,30445.5,30450.0,30440.5,30447.5,157.0
2026-06-15 14:55,30446.75,30458.25,30445.5,30453.75,321.0
2026-06-15 14:56,30454.0,30475.75,30451.0,30475.25,385.0
2026-06-15 14:57,30474.75,30487.75,30474.75,30481.0,563.0
2026-06-15 14:58,30481.5,30490.25,30469.5,30487.5,498.0
2026-06-15 14:59,30487.5,30488.75,30466.0,30473.75,316.0
2026-06-15 15:00,30475.75,30491.0,30472.5,30486.75,205.0
2026-06-15 15:01,30488.5,30493.75,30486.75,30488.75,201.0
2026-06-15 15:02,30490.75,30491.25,30480.5,30486.75,207.0
2026-06-15 15:03,30486.25,30513.0,30484.0,30508.5,635.0
2026-06-15 15:04,30508.25,30508.75,30497.5,30502.25,413.0
2026-06-15 15:05,30502.25,30517.75,30496.5,30515.5,459.0
2026-06-15 15:06,30516.75,30521.5,30504.0,30506.0,413.0
2026-06-15 15:07,30507.0,30521.75,30498.75,30520.0,381.0
2026-06-15 15:08,30519.0,30527.5,30516.75,30526.75,318.0
2026-06-15 15:09,30526.75,30527.5,30517.75,30521.75,294.0
2026-06-15 15:10,30522.5,30522.5,30509.0,30516.75,349.0
2026-06-15 15:11,30517.0,30519.75,30510.0,30510.25,233.0
2026-06-15 15:12,30511.0,30519.0,30500.25,30517.75,294.0
2026-06-15 15:13,30518.5,30520.75,30504.0,30509.5,281.0
2026-06-15 15:14,30510.25,30523.5,30510.25,30519.0,168.0
2026-06-15 15:15,30519.5,30524.5,30515.5,30521.0,241.0
2026-06-15 15:16,30521.25,30521.25,30503.75,30508.75,215.0
2026-06-15 15:17,30507.25,30510.0,30500.5,30506.0,201.0
2026-06-15 15:18,30506.0,30518.0,30506.0,30513.5,151.0
2026-06-15 15:19,30514.75,30518.5,30511.75,30518.5,110.0
2026-06-15 15:20,30518.25,30536.0,30515.0,30534.5,340.0
2026-06-15 15:21,30534.25,30538.0,30525.75,30528.25,281.0
2026-06-15 15:22,30528.75,30535.0,30526.0,30526.75,144.0
2026-06-15 15:23,30528.0,30535.75,30527.5,30533.75,106.0
2026-06-15 15:24,30533.25,30537.5,30529.25,30533.0,232.0
2026-06-15 15:25,30533.0,30537.5,30531.75,30535.5,170.0
2026-06-15 15:26,30534.25,30536.25,30528.0,30536.25,181.0
2026-06-15 15:27,30535.0,30538.0,30531.25,30536.5,235.0
2026-06-15 15:28,30536.0,30549.75,30535.5,30545.75,375.0
2026-06-15 15:29,30545.5,30551.5,30544.75,30546.0,187.0
2026-06-15 15:30,30545.75,30548.75,30539.25,30548.75,232.0
2026-06-15 15:31,30548.75,30551.0,30542.5,30547.0,174.0
2026-06-15 15:32,30545.5,30553.5,30522.5,30541.5,735.0
2026-06-15 15:33,30544.5,30544.75,30519.75,30521.0,319.0
2026-06-15 15:34,30521.75,30525.75,30508.5,30509.75,237.0
2026-06-15 15:35,30510.75,30522.75,30507.5,30509.25,167.0
2026-06-15 15:36,30509.0,30514.75,30501.5,30507.5,175.0
2026-06-15 15:37,30509.0,30524.75,30509.0,30523.5,106.0
2026-06-15 15:38,30522.0,30548.0,30519.5,30543.0,446.0
2026-06-15 15:39,30541.75,30543.5,30531.5,30540.5,154.0
2026-06-15 15:40,30539.25,30544.75,30534.75,30539.75,100.0
2026-06-15 15:41,30538.75,30540.25,30531.25,30536.75,86.0
2026-06-15 15:42,30536.25,30549.25,30534.5,30548.0,163.0
2026-06-15 15:43,30546.75,30549.25,30537.0,30542.5,167.0
2026-06-15 15:44,30541.0,30548.0,30532.5,30535.0,158.0
2026-06-15 15:45,30534.25,30550.25,30534.25,30546.0,183.0
2026-06-15 15:46,30544.75,30548.25,30540.75,30545.0,94.0
2026-06-15 15:47,30542.5,30557.75,30538.75,30553.5,358.0
2026-06-15 15:48,30553.0,30556.5,30549.0,30553.75,205.0
2026-06-15 15:49,30554.5,30576.75,30553.0,30572.5,390.0
2026-06-15 15:50,30572.5,30579.5,30566.5,30578.0,318.0
2026-06-15 15:51,30577.75,30582.25,30572.5,30574.5,245.0
2026-06-15 15:52,30573.25,30574.5,30565.0,30569.25,246.0
2026-06-15 15:53,30569.25,30581.0,30568.75,30579.5,153.0
2026-06-15 15:54,30580.5,30587.0,30575.25,30577.5,255.0
2026-06-15 15:55,30577.5,30577.5,30568.75,30572.5,176.0
2026-06-15 15:56,30571.0,30575.0,30568.5,30573.75,112.0
2026-06-15 15:57,30574.5,30588.75,30572.5,30582.5,263.0
2026-06-15 15:58,30584.0,30584.0,30578.25,30578.25,175.0
2026-06-15 15:59,30578.5,30581.75,30575.75,30578.75,166.0
2026-06-15 16:00,30579.25,30586.5,30577.0,30586.5,225.0
2026-06-15 16:01,30587.25,30601.0,30586.0,30600.0,457.0
2026-06-15 16:02,30600.0,30601.0,30572.0,30581.25,653.0
2026-06-15 16:03,30581.25,30594.0,30579.5,30582.5,250.0
2026-06-15 16:04,30582.5,30592.5,30581.25,30587.0,163.0
2026-06-15 16:05,30587.0,30590.5,30577.0,30581.0,158.0
2026-06-15 16:06,30580.75,30587.0,30580.0,30585.5,170.0
2026-06-15 16:07,30584.25,30593.5,30582.5,30588.5,251.0
2026-06-15 16:08,30588.25,30593.75,30584.75,30592.75,162.0
2026-06-15 16:09,30591.75,30594.0,30587.0,30588.25,115.0
2026-06-15 16:10,30590.0,30595.0,30587.25,30587.25,69.0
2026-06-15 16:11,30589.0,30589.25,30579.0,30579.0,221.0
2026-06-15 16:12,30579.25,30590.75,30577.0,30587.5,175.0
2026-06-15 16:13,30588.5,30589.0,30582.5,30582.5,100.0
2026-06-15 16:14,30582.0,30588.75,30580.25,30587.5,119.0
2026-06-15 16:15,30587.75,30592.5,30575.5,30577.25,170.0
2026-06-15 16:16,30577.0,30583.5,30572.0,30582.0,163.0
2026-06-15 16:17,30582.0,30582.5,30573.5,30573.5,117.0
2026-06-15 16:18,30575.5,30580.75,30569.25,30570.0,159.0
2026-06-15 16:19,30572.25,30582.0,30568.0,30580.75,159.0
2026-06-15 16:20,30579.0,30592.0,30578.5,30583.0,175.0
2026-06-15 16:21,30584.25,30596.5,30584.25,30596.0,96.0
2026-06-15 16:22,30594.75,30599.75,30594.5,30597.5,119.0
2026-06-15 16:23,30594.75,30599.25,30588.5,30597.0,106.0
2026-06-15 16:24,30597.0,30605.5,30596.0,30602.75,135.0
2026-06-15 16:25,30603.25,30608.5,30600.0,30606.5,216.0
2026-06-15 16:26,30607.0,30611.0,30602.5,30605.25,337.0
2026-06-15 16:27,30605.5,30606.5,30588.25,30594.0,265.0
2026-06-15 16:28,30594.25,30601.25,30591.0,30597.75,178.0
2026-06-15 16:29,30597.75,30607.0,30594.5,30599.5,271.0
2026-06-15 16:30,30599.0,30612.5,30598.5,30604.5,257.0
2026-06-15 16:31,30605.0,30607.25,30591.5,30592.75,171.0
2026-06-15 16:32,30593.5,30596.75,30580.75,30582.75,246.0
2026-06-15 16:33,30583.25,30591.75,30582.5,30585.25,191.0
2026-06-15 16:34,30587.0,30588.25,30575.0,30575.0,172.0
2026-06-15 16:35,30575.75,30588.5,30573.5,30585.0,146.0
2026-06-15 16:36,30583.25,30588.5,30580.0,30582.25,130.0
2026-06-15 16:37,30581.75,30581.75,30572.5,30577.5,124.0
2026-06-15 16:38,30577.75,30578.5,30560.25,30565.25,283.0
2026-06-15 16:39,30565.75,30572.25,30562.75,30568.75,229.0
2026-06-15 16:40,30569.0,30577.25,30567.0,30570.25,171.0
2026-06-15 16:41,30570.5,30570.5,30560.5,30569.0,218.0
2026-06-15 16:42,30569.25,30591.0,30569.25,30582.5,238.0
2026-06-15 16:43,30583.25,30586.25,30575.25,30576.25,157.0
2026-06-15 16:44,30576.5,30583.0,30574.75,30578.0,200.0
2026-06-15 16:45,30577.5,30577.75,30560.0,30563.0,173.0
2026-06-15 16:46,30564.25,30573.75,30558.5,30567.0,178.0
2026-06-15 16:47,30567.0,30567.5,30549.5,30558.5,241.0
2026-06-15 16:48,30559.0,30567.0,30551.5,30557.75,196.0
2026-06-15 16:49,30558.0,30565.75,30553.5,30562.75,169.0
2026-06-15 16:50,30565.75,30567.5,30559.25,30561.25,100.0
2026-06-15 16:51,30563.0,30575.75,30560.75,30569.25,163.0
2026-06-15 16:52,30570.5,30575.25,30566.5,30567.5,161.0
2026-06-15 16:53,30566.5,30568.0,30558.0,30566.75,157.0
2026-06-15 16:54,30568.25,30568.25,30555.5,30559.5,106.0
2026-06-15 16:55,30560.0,30564.0,30553.0,30555.25,111.0
2026-06-15 16:56,30554.75,30561.25,30551.5,30556.0,145.0
2026-06-15 16:57,30555.25,30566.0,30552.0,30564.75,106.0
2026-06-15 16:58,30565.5,30572.75,30565.0,30569.25,193.0
2026-06-15 16:59,30569.0,30569.25,30563.75,30567.5,70.0
2026-06-15 17:00,30566.25,30573.0,30560.0,30569.25,135.0
2026-06-15 17:01,30568.25,30579.25,30567.25,30575.75,129.0
2026-06-15 17:02,30575.5,30576.75,30557.75,30558.0,152.0
2026-06-15 17:03,30558.75,30563.5,30533.5,30563.25,435.0
2026-06-15 17:04,30562.5,30576.0,30559.5,30573.25,248.0
2026-06-15 17:05,30573.25,30584.25,30570.75,30578.25,252.0
2026-06-15 17:06,30578.75,30578.75,30565.0,30571.75,93.0
2026-06-15 17:07,30570.0,30572.75,30530.25,30551.5,504.0
2026-06-15 17:08,30551.0,30559.5,30542.5,30548.75,102.0
2026-06-15 17:09,30545.25,30552.5,30540.0,30543.25,140.0
2026-06-15 17:10,30542.25,30554.0,30538.0,30543.75,221.0
2026-06-15 17:11,30543.25,30556.0,30543.25,30553.75,109.0
2026-06-15 17:12,30553.25,30563.75,30551.5,30555.5,117.0
2026-06-15 17:13,30555.0,30564.0,30553.75,30557.75,110.0
2026-06-15 17:14,30556.75,30559.25,30549.5,30552.0,96.0
2026-06-15 17:15,30552.0,30560.0,30547.25,30557.5,127.0
2026-06-15 17:16,30557.5,30578.75,30557.5,30577.0,333.0
2026-06-15 17:17,30577.75,30578.75,30567.5,30570.25,135.0
2026-06-15 17:18,30571.5,30573.0,30564.5,30564.5,90.0
2026-06-15 17:19,30564.5,30568.25,30559.5,30564.75,120.0
2026-06-15 17:20,30563.75,30567.75,30555.25,30557.25,110.0
2026-06-15 17:21,30558.5,30564.75,30548.75,30564.25,110.0
2026-06-15 17:22,30563.25,30575.25,30563.25,30572.25,107.0
2026-06-15 17:23,30571.5,30575.0,30569.75,30573.0,62.0
2026-06-15 17:24,30573.25,30576.0,30570.5,30573.5,45.0
2026-06-15 17:25,30575.25,30578.75,30571.75,30578.25,75.0
2026-06-15 17:26,30577.25,30578.0,30563.75,30569.75,128.0
2026-06-15 17:27,30570.5,30575.25,30570.5,30572.0,83.0
2026-06-15 17:28,30571.75,30589.25,30571.0,30582.0,247.0
2026-06-15 17:29,30581.5,30582.0,30574.25,30579.25,117.0
2026-06-15 17:30,30579.0,30587.75,30577.25,30587.25,95.0
2026-06-15 17:31,30586.25,30588.5,30573.0,30575.5,147.0
2026-06-15 17:32,30576.5,30577.0,30567.0,30569.0,145.0
2026-06-15 17:33,30570.0,30570.25,30560.5,30564.0,189.0
2026-06-15 17:34,30564.5,30574.25,30564.0,30573.0,104.0
2026-06-15 17:35,30573.75,30584.0,30572.75,30580.0,109.0
2026-06-15 17:36,30581.0,30585.25,30575.25,30585.25,104.0
2026-06-15 17:37,30585.75,30585.75,30578.25,30579.0,78.0
2026-06-15 17:38,30580.0,30580.5,30572.5,30578.75,62.0
2026-06-15 17:39,30579.5,30581.0,30575.25,30579.5,67.0
2026-06-15 17:40,30578.5,30581.75,30575.5,30575.5,62.0
2026-06-15 17:41,30574.25,30581.0,30567.5,30581.0,58.0
2026-06-15 17:42,30579.5,30579.5,30572.5,30576.5,57.0
2026-06-15 17:43,30577.25,30580.25,30575.25,30577.5,40.0
2026-06-15 17:44,30577.75,30579.25,30569.5,30571.5,45.0
2026-06-15 17:45,30570.25,30573.25,30557.5,30568.75,142.0
2026-06-15 17:46,30568.5,30577.0,30568.0,30576.75,104.0
2026-06-15 17:47,30575.75,30576.75,30566.25,30566.25,112.0
2026-06-15 17:48,30565.5,30573.75,30562.5,30571.75,139.0
2026-06-15 17:49,30571.75,30576.0,30568.75,30574.5,56.0
2026-06-15 17:50,30574.75,30574.75,30564.5,30564.5,94.0
2026-06-15 17:51,30563.25,30567.25,30559.5,30567.0,105.0
2026-06-15 17:52,30567.25,30571.5,30564.75,30569.25,82.0
2026-06-15 17:53,30568.75,30579.0,30568.75,30578.75,105.0
2026-06-15 17:54,30578.5,30581.0,30562.0,30564.0,115.0
2026-06-15 17:55,30565.0,30565.75,30554.0,30556.0,160.0
2026-06-15 17:56,30555.25,30560.25,30551.0,30557.75,131.0
2026-06-15 17:57,30555.75,30559.5,30555.75,30558.0,63.0
2026-06-15 17:58,30558.75,30559.75,30551.0,30559.5,92.0
2026-06-15 17:59,30559.5,30559.5,30552.0,30554.5,75.0
2026-06-15 18:00,30555.5,30562.0,30550.75,30551.5,90.0
2026-06-15 18:01,30553.25,30554.5,30544.5,30545.0,114.0
2026-06-15 18:02,30544.75,30559.5,30530.0,30544.75,379.0
2026-06-15 18:03,30545.75,30547.0,30532.25,30534.75,162.0
2026-06-15 18:04,30532.5,30543.5,30532.5,30536.75,88.0
2026-06-15 18:05,30533.5,30546.75,30530.0,30545.5,163.0
2026-06-15 18:06,30546.75,30554.25,30546.25,30551.25,109.0
2026-06-15 18:07,30550.75,30550.75,30541.5,30545.0,79.0
2026-06-15 18:08,30544.75,30544.75,30538.75,30543.25,46.0
2026-06-15 18:09,30541.75,30552.75,30539.75,30552.75,80.0
2026-06-15 18:10,30550.0,30564.5,30549.75,30563.25,110.0
2026-06-15 18:11,30563.25,30569.0,30552.75,30556.0,166.0
2026-06-15 18:12,30557.75,30557.75,30548.25,30550.5,58.0
2026-06-15 18:13,30551.5,30566.0,30550.5,30561.0,184.0
2026-06-15 18:14,30562.0,30565.25,30557.5,30564.0,42.0
2026-06-15 18:15,30565.0,30573.5,30559.75,30562.25,139.0
2026-06-15 18:16,30563.5,30568.5,30560.5,30568.5,56.0
2026-06-15 18:17,30567.0,30569.5,30558.75,30569.25,60.0
2026-06-15 18:18,30569.25,30575.5,30561.75,30562.5,115.0
2026-06-15 18:19,30563.25,30570.5,30561.0,30563.0,54.0
2026-06-15 18:20,30563.0,30564.0,30555.5,30558.0,74.0
2026-06-15 18:21,30555.25,30562.0,30549.0,30558.25,107.0
2026-06-15 18:22,30560.5,30562.25,30552.5,30553.0,41.0
2026-06-15 18:23,30553.0,30559.5,30548.5,30559.5,78.0
2026-06-15 18:24,30561.0,30567.0,30552.25,30552.25,62.0
2026-06-15 18:25,30552.0,30553.75,30547.25,30548.75,94.0
2026-06-15 18:26,30549.25,30560.5,30548.25,30556.0,73.0
2026-06-15 18:27,30557.25,30559.5,30550.5,30556.0,63.0
2026-06-15 18:28,30555.5,30555.5,30542.5,30544.5,142.0
2026-06-15 18:29,30544.5,30545.75,30534.5,30537.75,164.0
2026-06-15 18:30,30537.75,30545.25,30523.25,30539.0,267.0
2026-06-15 18:31,30539.0,30542.25,30533.5,30537.25,160.0
2026-06-15 18:32,30537.5,30556.5,30537.5,30552.25,134.0
2026-06-15 18:33,30554.25,30556.0,30548.0,30550.75,133.0
2026-06-15 18:34,30551.0,30560.0,30550.0,30550.5,92.0
2026-06-15 18:35,30550.0,30554.5,30548.75,30552.75,39.0
2026-06-15 18:36,30552.25,30554.5,30549.25,30554.5,30.0
2026-06-15 18:37,30555.75,30571.25,30555.5,30568.75,133.0
2026-06-15 18:38,30568.0,30577.0,30568.0,30576.5,100.0
2026-06-15 18:39,30577.0,30579.0,30573.0,30576.25,69.0
2026-06-15 18:40,30577.25,30577.75,30570.5,30571.0,140.0
2026-06-15 18:41,30571.5,30579.0,30571.0,30574.5,122.0
2026-06-15 18:42,30574.5,30583.0,30572.25,30572.75,140.0
2026-06-15 18:43,30573.0,30580.25,30566.0,30578.75,185.0
2026-06-15 18:44,30578.75,30583.25,30575.75,30578.5,127.0
2026-06-15 18:45,30579.5,30591.5,30575.5,30575.5,201.0
2026-06-15 18:46,30576.0,30577.5,30567.75,30568.5,202.0
2026-06-15 18:47,30568.0,30581.0,30567.0,30578.0,113.0
2026-06-15 18:48,30577.75,30581.0,30571.25,30581.0,94.0
2026-06-15 18:49,30582.0,30582.5,30576.0,30579.0,89.0
2026-06-15 18:50,30578.0,30582.75,30574.5,30581.75,52.0
2026-06-15 18:51,30581.5,30581.5,30565.75,30573.25,127.0
2026-06-15 18:52,30574.0,30578.75,30571.25,30576.75,66.0
2026-06-15 18:53,30576.0,30576.0,30569.25,30574.0,75.0
2026-06-15 18:54,30574.25,30575.0,30569.0,30571.25,83.0
2026-06-15 18:55,30571.5,30577.0,30568.75,30574.75,80.0
2026-06-15 18:56,30576.25,30580.25,30574.75,30579.75,107.0
2026-06-15 18:57,30579.0,30579.0,30569.75,30571.0,89.0
2026-06-15 18:58,30572.25,30572.25,30559.0,30559.0,139.0
2026-06-15 18:59,30558.5,30564.5,30552.75,30559.5,124.0
2026-06-15 19:00,30560.0,30561.5,30551.25,30556.5,164.0
2026-06-15 19:01,30555.75,30566.75,30554.75,30566.75,101.0
2026-06-15 19:02,30567.0,30570.0,30558.5,30559.75,159.0
2026-06-15 19:03,30560.0,30565.0,30554.5,30554.75,151.0
2026-06-15 19:04,30554.25,30557.75,30545.0,30548.25,177.0
2026-06-15 19:05,30547.5,30557.25,30545.5,30550.25,190.0
2026-06-15 19:06,30550.0,30551.75,30540.75,30546.25,209.0
2026-06-15 19:07,30544.25,30550.75,30543.0,30546.75,70.0
2026-06-15 19:08,30551.5,30561.75,30551.25,30555.25,151.0
2026-06-15 19:09,30557.5,30557.75,30549.75,30553.0,107.0
2026-06-15 19:10,30552.5,30569.5,30550.0,30567.25,118.0
2026-06-15 19:11,30567.25,30567.25,30555.5,30557.75,158.0
2026-06-15 19:12,30557.0,30557.0,30545.0,30551.0,198.0
2026-06-15 19:13,30550.75,30557.25,30547.5,30553.25,90.0
2026-06-15 19:14,30556.5,30559.75,30554.25,30555.0,101.0
2026-06-15 19:15,30556.25,30562.25,30555.0,30561.0,117.0
2026-06-15 19:16,30560.25,30569.25,30557.75,30563.0,106.0
2026-06-15 19:17,30563.75,30566.0,30559.0,30564.0,71.0
2026-06-15 19:18,30561.25,30561.75,30547.5,30547.5,84.0
2026-06-15 19:19,30547.75,30555.5,30547.25,30553.75,71.0
2026-06-15 19:20,30553.75,30557.25,30549.5,30550.25,79.0
2026-06-15 19:21,30551.75,30554.0,30535.75,30536.0,102.0
2026-06-15 19:22,30535.25,30542.0,30533.5,30539.75,98.0
2026-06-15 19:23,30540.25,30549.75,30539.25,30546.25,97.0
2026-06-15 19:24,30547.0,30547.0,30538.25,30538.25,113.0
2026-06-15 19:25,30538.25,30551.5,30537.5,30546.25,163.0
2026-06-15 19:26,30545.5,30548.0,30538.5,30545.0,132.0
2026-06-15 19:27,30544.0,30546.25,30538.75,30539.75,103.0
2026-06-15 19:28,30539.75,30540.5,30535.25,30538.25,149.0
2026-06-15 19:29,30538.5,30543.75,30529.5,30530.25,185.0
2026-06-15 19:30,30529.75,30546.5,30518.75,30541.75,446.0
2026-06-15 19:31,30541.75,30545.0,30534.5,30543.25,141.0
2026-06-15 19:32,30542.75,30551.75,30542.75,30545.25,162.0
2026-06-15 19:33,30545.25,30552.25,30540.25,30548.25,166.0
2026-06-15 19:34,30547.0,30548.25,30533.25,30537.5,154.0
2026-06-15 19:35,30537.5,30547.5,30531.5,30539.5,163.0
2026-06-15 19:36,30539.5,30549.0,30535.0,30547.25,95.0
2026-06-15 19:37,30547.75,30554.75,30545.25,30551.25,130.0
2026-06-15 19:38,30550.0,30559.75,30546.5,30556.0,147.0
2026-06-15 19:39,30555.75,30556.75,30549.25,30555.25,120.0
2026-06-15 19:40,30554.25,30563.25,30551.5,30560.5,112.0
2026-06-15 19:41,30560.5,30562.25,30555.5,30559.25,118.0
2026-06-15 19:42,30558.75,30558.75,30547.5,30555.0,208.0
2026-06-15 19:43,30555.5,30562.0,30553.75,30556.5,291.0
2026-06-15 19:44,30558.25,30558.5,30549.75,30553.0,127.0
2026-06-15 19:45,30552.25,30559.0,30544.75,30547.0,179.0
2026-06-15 19:46,30546.75,30563.5,30545.5,30562.25,154.0
2026-06-15 19:47,30562.75,30568.25,30559.5,30562.25,173.0
2026-06-15 19:48,30562.5,30574.25,30561.5,30573.75,245.0
2026-06-15 19:49,30573.25,30573.5,30565.0,30566.0,166.0
2026-06-15 19:50,30566.0,30566.0,30527.25,30531.5,519.0
2026-06-15 19:51,30530.0,30534.75,30517.25,30525.0,467.0
2026-06-15 19:52,30525.0,30533.75,30521.75,30530.75,279.0
2026-06-15 19:53,30530.25,30544.5,30525.25,30540.0,360.0
2026-06-15 19:54,30539.0,30555.25,30530.0,30537.25,612.0
2026-06-15 19:55,30539.0,30547.5,30525.25,30531.25,626.0
2026-06-15 19:56,30531.0,30531.0,30515.5,30518.75,640.0
2026-06-15 19:57,30519.25,30526.0,30513.0,30524.25,595.0
2026-06-15 19:58,30524.75,30539.75,30520.25,30537.5,662.0
2026-06-15 19:59,30537.5,30572.5,30533.25,30567.5,4267.0
2026-06-15 20:00,30567.0,30588.0,30565.0,30578.75,1053.0
2026-06-15 20:01,30579.0,30579.25,30568.75,30573.25,219.0
2026-06-15 20:02,30573.0,30580.0,30563.25,30565.5,226.0
2026-06-15 20:03,30567.5,30574.25,30562.5,30574.25,183.0
2026-06-15 20:04,30574.25,30574.25,30562.5,30563.0,64.0
2026-06-15 20:05,30563.0,30564.25,30555.5,30557.0,149.0
2026-06-15 20:06,30558.75,30561.5,30557.0,30559.0,49.0
2026-06-15 20:07,30557.75,30566.0,30556.75,30562.5,57.0
2026-06-15 20:08,30561.75,30569.75,30561.75,30569.25,76.0
2026-06-15 20:09,30568.25,30568.5,30564.25,30568.5,74.0
2026-06-15 20:10,30565.25,30565.75,30551.5,30557.75,89.0
2026-06-15 20:11,30557.25,30560.0,30555.0,30556.75,31.0
2026-06-15 20:12,30559.5,30567.25,30558.5,30565.5,39.0
2026-06-15 20:13,30564.75,30572.75,30563.5,30571.75,132.0
2026-06-15 20:14,30571.25,30571.75,30563.5,30565.0,151.0
2026-06-15 20:15,30566.25,30570.25,30563.75,30565.25,143.0
2026-06-15 20:16,30565.0,30565.0,30557.5,30561.0,92.0
2026-06-15 20:17,30559.25,30559.25,30555.0,30558.5,29.0
2026-06-15 20:18,30560.75,30563.5,30559.75,30560.75,22.0
2026-06-15 20:19,30559.0,30566.25,30559.0,30566.0,40.0
2026-06-15 20:20,30564.25,30565.75,30560.0,30560.0,17.0
2026-06-15 20:21,30560.0,30560.0,30556.5,30559.25,29.0
2026-06-15 20:22,30557.5,30557.5,30552.5,30553.0,20.0
2026-06-15 20:23,30552.75,30552.75,30546.5,30546.5,26.0
2026-06-15 20:24,30545.5,30546.25,30542.0,30546.25,42.0
2026-06-15 20:25,30542.25,30552.5,30541.0,30550.5,31.0
2026-06-15 20:26,30548.75,30551.0,30545.25,30547.75,44.0
2026-06-15 20:27,30548.75,30550.0,30545.25,30550.0,25.0
2026-06-15 20:28,30549.75,30549.75,30546.25,30547.5,40.0
2026-06-15 20:29,30547.0,30547.0,30544.5,30544.5,13.0
2026-06-15 20:30,30545.75,30553.25,30544.75,30551.5,47.0
2026-06-15 20:31,30550.25,30551.25,30546.25,30546.25,19.0
2026-06-15 20:32,30550.0,30553.5,30550.0,30551.5,38.0
2026-06-15 20:33,30546.75,30549.25,30545.75,30549.0,13.0
2026-06-15 20:34,30549.0,30551.25,30549.0,30550.75,11.0
2026-06-15 20:35,30550.75,30550.75,30547.75,30550.0,13.0
2026-06-15 20:36,30548.5,30550.75,30548.0,30549.5,13.0
2026-06-15 20:37,30549.75,30549.75,30548.25,30548.75,8.0
2026-06-15 20:38,30550.5,30551.25,30547.5,30548.25,13.0
2026-06-15 20:39,30546.75,30547.25,30540.25,30541.5,38.0
2026-06-15 20:40,30542.0,30543.5,30538.25,30540.5,77.0
2026-06-15 20:41,30539.0,30540.25,30536.25,30538.0,29.0
2026-06-15 20:42,30537.0,30537.75,30532.75,30532.75,34.0
2026-06-15 20:43,30532.5,30532.5,30524.25,30527.25,53.0
2026-06-15 20:44,30525.5,30530.5,30524.0,30530.5,30.0
2026-06-15 20:45,30528.0,30531.5,30526.5,30530.0,38.0
2026-06-15 20:46,30531.0,30535.0,30528.25,30532.0,65.0
2026-06-15 20:47,30533.0,30534.25,30532.0,30532.5,26.0
2026-06-15 20:48,30534.0,30538.25,30531.75,30535.5,49.0
2026-06-15 20:49,30537.0,30537.75,30526.5,30526.5,53.0
2026-06-15 20:50,30529.75,30530.0,30525.5,30527.0,41.0
2026-06-15 20:51,30526.75,30528.75,30525.5,30528.0,15.0
2026-06-15 20:52,30528.0,30528.5,30522.75,30525.5,60.0
2026-06-15 20:53,30525.25,30528.5,30523.0,30527.25,26.0
2026-06-15 20:54,30527.25,30530.75,30526.75,30527.0,26.0
2026-06-15 20:55,30526.75,30530.25,30525.5,30530.0,34.0
2026-06-15 20:56,30529.25,30530.0,30523.5,30529.25,13.0
2026-06-15 20:57,30529.5,30532.75,30528.0,30532.75,39.0
2026-06-15 20:58,30531.25,30538.25,30531.25,30532.25,55.0
2026-06-15 20:59,30531.0,30533.0,30526.25,30530.0,30.0
2026-06-15 22:00,30539.75,30561.75,30539.0,30548.0,67.0
2026-06-15 22:01,30549.5,30559.0,30546.0,30547.0,42.0
2026-06-15 22:02,30552.5,30559.0,30552.5,30559.0,21.0
2026-06-15 22:03,30560.0,30560.0,30536.5,30543.75,23.0
2026-06-15 22:04,30546.0,30546.25,30533.5,30541.75,43.0
2026-06-15 22:05,30541.75,30541.75,30531.5,30539.25,21.0
2026-06-15 22:06,30533.25,30543.0,30533.25,30543.0,4.0
2026-06-15 22:07,30535.0,30535.0,30532.0,30534.25,3.0
2026-06-15 22:08,30534.75,30543.0,30529.0,30543.0,33.0
2026-06-15 22:09,30544.5,30545.75,30541.75,30542.25,7.0
2026-06-15 22:10,30541.0,30541.75,30538.0,30538.0,7.0
2026-06-15 22:11,30535.5,30535.75,30510.0,30517.25,129.0
2026-06-15 22:12,30517.5,30517.5,30481.75,30490.25,232.0
2026-06-15 22:13,30489.75,30489.75,30469.75,30480.5,171.0
2026-06-15 22:14,30481.5,30493.5,30481.5,30493.5,27.0
2026-06-15 22:15,30491.5,30492.0,30482.75,30491.75,15.0
2026-06-15 22:17,30495.25,30495.5,30489.0,30489.0,7.0
2026-06-15 22:18,30488.75,30496.75,30487.5,30496.75,14.0
2026-06-15 22:19,30493.25,30493.25,30479.75,30483.25,24.0
2026-06-15 22:20,30483.5,30483.75,30474.25,30482.75,53.0
2026-06-15 22:21,30478.25,30478.25,30463.5,30466.25,94.0
2026-06-15 22:22,30469.5,30475.25,30469.5,30471.0,22.0
2026-06-15 22:23,30469.0,30472.0,30461.75,30461.75,19.0
2026-06-15 22:24,30469.75,30470.0,30466.25,30470.0,4.0
2026-06-15 22:25,30470.5,30474.5,30470.5,30472.5,4.0
2026-06-15 22:26,30472.5,30472.5,30464.75,30470.0,15.0
2026-06-15 22:27,30468.0,30468.0,30463.25,30464.5,6.0
2026-06-15 22:28,30465.5,30468.5,30454.75,30459.25,30.0
2026-06-15 22:29,30461.75,30483.0,30461.75,30483.0,40.0
2026-06-15 22:30,30482.5,30484.75,30477.75,30478.0,6.0
2026-06-15 22:31,30482.25,30486.0,30480.25,30486.0,9.0
2026-06-15 22:32,30485.0,30485.0,30479.25,30480.0,9.0
2026-06-15 22:33,30479.25,30485.5,30477.0,30485.5,12.0
2026-06-15 22:34,30485.25,30490.75,30479.75,30481.75,12.0
2026-06-15 22:35,30484.0,30488.25,30484.0,30485.5,10.0
2026-06-15 22:36,30484.5,30485.75,30482.0,30483.75,6.0
2026-06-15 22:37,30482.25,30482.25,30478.25,30478.5,20.0
2026-06-15 22:38,30472.5,30477.5,30467.0,30472.0,18.0
2026-06-15 22:39,30467.5,30474.0,30467.5,30470.5,11.0
2026-06-15 22:40,30472.0,30477.25,30470.75,30470.75,9.0
2026-06-15 22:41,30474.0,30474.25,30469.5,30469.5,4.0
2026-06-15 22:42,30470.5,30471.5,30469.0,30469.25,15.0
2026-06-15 22:43,30475.0,30475.0,30475.0,30475.0,1.0
2026-06-15 22:44,30477.75,30477.75,30476.5,30476.75,6.0
2026-06-15 22:45,30476.75,30479.75,30476.75,30479.75,2.0
2026-06-15 22:46,30476.5,30480.0,30476.5,30478.75,8.0
2026-06-15 22:47,30482.5,30482.5,30482.5,30482.5,1.0
2026-06-15 22:48,30480.0,30481.5,30477.75,30479.0,7.0
2026-06-15 22:49,30479.25,30479.25,30479.25,30479.25,1.0
2026-06-15 22:50,30474.0,30496.75,30474.0,30496.75,44.0
2026-06-15 22:51,30491.25,30510.5,30488.0,30497.5,106.0
2026-06-15 22:52,30491.0,30492.25,30481.5,30481.75,49.0
2026-06-15 22:53,30488.75,30489.0,30483.5,30485.75,19.0
2026-06-15 22:54,30488.0,30488.0,30482.0,30482.0,3.0
2026-06-15 22:55,30491.75,30506.25,30491.75,30498.25,39.0
2026-06-15 22:56,30498.5,30503.5,30498.5,30502.5,16.0
2026-06-15 22:57,30504.75,30504.75,30496.5,30496.5,8.0
2026-06-15 22:59,30498.25,30500.0,30498.25,30498.5,10.0
2026-06-15 23:00,30501.75,30503.25,30498.0,30502.5,10.0
2026-06-15 23:01,30498.0,30498.0,30493.25,30493.25,7.0
2026-06-15 23:02,30503.0,30520.5,30502.5,30502.5,43.0
2026-06-15 23:03,30502.5,30507.0,30502.5,30506.75,9.0
2026-06-15 23:04,30498.0,30499.25,30483.25,30497.75,36.0
2026-06-15 23:05,30498.25,30511.25,30498.25,30507.0,39.0
2026-06-15 23:06,30505.75,30505.75,30502.25,30504.5,9.0
2026-06-15 23:07,30500.0,30500.0,30489.5,30493.75,25.0
2026-06-15 23:08,30500.75,30500.75,30500.75,30500.75,1.0
2026-06-15 23:10,30500.5,30500.5,30500.5,30500.5,1.0
2026-06-15 23:11,30504.25,30504.25,30500.5,30500.5,3.0
2026-06-15 23:12,30500.5,30504.5,30500.5,30504.5,4.0
2026-06-15 23:14,30503.0,30504.5,30499.5,30499.5,10.0
2026-06-15 23:15,30500.25,30500.25,30499.75,30499.75,2.0
2026-06-15 23:16,30502.75,30502.75,30502.75,30502.75,1.0
2026-06-15 23:17,30500.25,30500.25,30498.0,30499.5,10.0
2026-06-15 23:18,30496.0,30496.0,30494.75,30494.75,3.0
2026-06-15 23:19,30493.25,30493.25,30490.0,30490.0,3.0
2026-06-15 23:20,30494.0,30498.75,30491.25,30491.5,25.0
2026-06-15 23:21,30493.25,30508.25,30493.25,30502.25,24.0
2026-06-15 23:22,30508.25,30508.25,30505.25,30506.75,5.0
2026-06-15 23:23,30506.0,30506.0,30506.0,30506.0,1.0
2026-06-15 23:24,30507.0,30512.0,30507.0,30512.0,9.0
2026-06-15 23:25,30513.25,30520.0,30513.25,30513.75,12.0
2026-06-15 23:28,30519.5,30523.5,30519.5,30522.0,9.0
2026-06-15 23:29,30522.75,30526.0,30520.25,30520.25,8.0
2026-06-15 23:30,30520.0,30524.25,30520.0,30521.75,6.0
2026-06-15 23:31,30516.0,30516.0,30507.5,30513.0,4.0
2026-06-15 23:32,30513.25,30513.5,30512.0,30512.0,3.0
2026-06-15 23:33,30509.75,30510.5,30509.75,30510.5,2.0
2026-06-15 23:34,30512.0,30512.0,30505.75,30505.75,5.0
2026-06-15 23:35,30518.0,30518.0,30514.25,30514.25,3.0
2026-06-15 23:36,30514.0,30514.0,30509.5,30509.5,2.0
2026-06-15 23:37,30507.25,30507.25,30504.5,30504.5,2.0
2026-06-15 23:39,30515.25,30518.0,30515.25,30518.0,5.0
2026-06-15 23:40,30515.0,30515.0,30511.25,30511.25,3.0
2026-06-15 23:42,30506.5,30506.5,30506.0,30506.0,2.0
2026-06-15 23:43,30511.5,30511.5,30511.25,30511.25,7.0
2026-06-15 23:44,30514.5,30516.5,30514.5,30516.5,3.0
2026-06-15 23:45,30519.5,30523.0,30519.5,30519.75,4.0
2026-06-15 23:46,30516.0,30520.75,30516.0,30520.0,3.0
2026-06-15 23:47,30517.5,30518.25,30517.5,30518.25,2.0
2026-06-15 23:48,30515.0,30515.0,30515.0,30515.0,2.0
2026-06-15 23:49,30513.25,30513.75,30509.0,30513.75,6.0
2026-06-15 23:50,30516.0,30518.0,30508.0,30511.5,17.0
2026-06-15 23:51,30512.75,30513.0,30512.5,30513.0,3.0
2026-06-15 23:52,30512.75,30526.25,30512.0,30525.25,23.0
2026-06-15 23:53,30526.0,30532.5,30523.75,30532.25,12.0
2026-06-15 23:54,30533.25,30535.5,30530.25,30533.25,12.0
2026-06-15 23:55,30535.0,30535.0,30526.0,30528.75,16.0
2026-06-15 23:56,30529.5,30529.5,30524.0,30524.0,13.0
2026-06-15 23:57,30525.25,30526.25,30524.0,30524.0,5.0
2026-06-15 23:58,30523.5,30530.25,30523.25,30530.25,18.0
2026-06-15 23:59,30534.0,30541.5,30531.5,30532.75,28.0
2026-06-16 00:00,30526.0,30531.5,30513.0,30526.75,35.0
2026-06-16 00:01,30532.0,30543.25,30531.0,30543.25,11.0
2026-06-16 00:02,30537.75,30538.5,30503.25,30512.75,49.0
2026-06-16 00:03,30515.0,30515.0,30491.25,30499.25,31.0
2026-06-16 00:04,30504.0,30510.75,30504.0,30507.75,32.0
2026-06-16 00:05,30510.75,30510.75,30504.25,30510.25,32.0
2026-06-16 00:06,30510.75,30539.5,30508.5,30536.25,67.0
2026-06-16 00:07,30536.5,30538.25,30531.0,30531.0,15.0
2026-06-16 00:08,30526.75,30533.75,30526.5,30533.75,6.0
2026-06-16 00:09,30530.5,30540.0,30530.5,30540.0,11.0
2026-06-16 00:10,30534.0,30538.25,30533.75,30536.75,11.0
2026-06-16 00:11,30538.25,30538.25,30531.25,30536.25,10.0
2026-06-16 00:12,30530.75,30538.0,30530.75,30534.0,4.0
2026-06-16 00:13,30537.5,30537.5,30533.25,30537.5,5.0
2026-06-16 00:14,30535.25,30535.25,30530.5,30533.25,10.0
2026-06-16 00:15,30533.5,30536.0,30528.75,30535.0,14.0
2026-06-16 00:16,30532.5,30534.25,30528.75,30531.25,7.0
2026-06-16 00:17,30527.0,30532.0,30520.5,30532.0,12.0
2026-06-16 00:18,30537.0,30542.0,30534.0,30539.0,10.0
2026-06-16 00:19,30531.5,30532.25,30531.25,30531.5,4.0
2026-06-16 00:20,30527.0,30527.0,30520.0,30524.0,22.0
2026-06-16 00:21,30515.0,30519.25,30512.75,30517.75,14.0
2026-06-16 00:22,30512.75,30516.5,30503.0,30503.0,44.0
2026-06-16 00:23,30500.0,30511.75,30500.0,30510.5,13.0
2026-06-16 00:24,30511.5,30515.0,30505.75,30505.75,10.0
2026-06-16 00:25,30505.0,30505.0,30499.0,30503.5,9.0
2026-06-16 00:26,30504.25,30507.25,30496.25,30507.25,8.0
2026-06-16 00:27,30512.25,30520.0,30510.75,30520.0,8.0
2026-06-16 00:28,30518.0,30526.5,30518.0,30520.5,13.0
2026-06-16 00:29,30523.0,30530.0,30521.75,30530.0,16.0
2026-06-16 00:30,30531.25,30532.75,30524.0,30532.25,10.0
2026-06-16 00:31,30534.0,30549.5,30534.0,30549.5,26.0
2026-06-16 00:32,30547.5,30549.0,30541.25,30543.0,26.0
2026-06-16 00:33,30548.0,30548.0,30526.5,30526.5,8.0
2026-06-16 00:34,30530.25,30537.0,30530.25,30533.75,12.0
2026-06-16 00:35,30533.0,30533.0,30506.75,30509.0,22.0
2026-06-16 00:36,30513.75,30517.25,30510.0,30510.0,12.0
2026-06-16 00:37,30513.0,30516.75,30511.75,30514.25,10.0
2026-06-16 00:38,30510.0,30510.5,30507.0,30510.5,7.0
2026-06-16 00:39,30506.5,30510.25,30504.5,30510.25,4.0
2026-06-16 00:40,30513.75,30518.0,30510.0,30515.25,15.0
2026-06-16 00:41,30515.25,30529.25,30514.25,30524.5,15.0
2026-06-16 00:42,30518.5,30520.0,30513.75,30513.75,12.0
2026-06-16 00:43,30515.5,30515.5,30505.0,30513.0,27.0
2026-06-16 00:44,30511.75,30513.75,30511.25,30511.25,6.0
2026-06-16 00:45,30507.75,30507.75,30499.75,30503.25,17.0
2026-06-16 00:46,30502.25,30508.25,30501.0,30508.25,21.0
2026-06-16 00:47,30506.5,30515.5,30504.25,30512.5,20.0
2026-06-16 00:48,30510.25,30510.25,30496.0,30498.75,18.0
2026-06-16 00:49,30498.25,30498.25,30482.25,30485.25,27.0
2026-06-16 00:50,30486.0,30486.0,30467.0,30467.0,33.0
2026-06-16 00:51,30468.5,30477.75,30467.75,30475.75,19.0
2026-06-16 00:52,30475.0,30481.0,30472.25,30481.0,13.0
2026-06-16 00:53,30476.5,30479.5,30467.0,30474.25,46.0
2026-06-16 00:54,30475.5,30476.5,30470.25,30476.0,13.0
2026-06-16 00:55,30477.5,30485.25,30475.25,30481.0,17.0
2026-06-16 00:56,30476.75,30490.5,30476.75,30490.0,18.0
2026-06-16 00:57,30487.25,30488.25,30483.5,30483.5,8.0
2026-06-16 00:58,30479.75,30484.0,30479.5,30480.0,16.0
2026-06-16 00:59,30478.0,30479.75,30472.25,30472.25,51.0
2026-06-16 01:00,30473.75,30475.5,30472.0,30475.5,20.0
2026-06-16 01:01,30477.5,30485.0,30477.0,30483.0,21.0
2026-06-16 01:02,30484.75,30485.25,30479.75,30480.0,4.0
2026-06-16 01:03,30481.25,30490.0,30475.75,30490.0,16.0
2026-06-16 01:04,30484.75,30494.75,30484.5,30490.75,34.0
2026-06-16 01:05,30482.0,30486.25,30478.75,30486.25,21.0
2026-06-16 01:06,30488.0,30488.25,30471.75,30472.0,19.0
2026-06-16 01:07,30473.75,30473.75,30460.75,30463.5,27.0
2026-06-16 01:08,30463.25,30469.5,30456.75,30456.75,28.0
2026-06-16 01:09,30461.0,30461.5,30453.25,30454.0,29.0
2026-06-16 01:10,30455.5,30461.25,30455.5,30460.0,20.0
2026-06-16 01:11,30460.75,30468.25,30460.75,30464.25,17.0
2026-06-16 01:12,30464.75,30475.0,30464.75,30467.5,24.0
2026-06-16 01:13,30469.25,30470.75,30456.25,30456.75,20.0
2026-06-16 01:14,30458.0,30476.75,30458.0,30472.75,18.0
2026-06-16 01:15,30467.5,30478.25,30467.5,30474.25,16.0
2026-06-16 01:16,30476.0,30486.0,30476.0,30484.0,15.0
2026-06-16 01:17,30487.25,30490.75,30483.0,30483.0,21.0
2026-06-16 01:18,30485.5,30485.5,30474.25,30477.5,15.0
2026-06-16 01:19,30474.0,30474.0,30465.75,30470.5,9.0
2026-06-16 01:20,30474.5,30484.75,30474.5,30482.25,10.0
2026-06-16 01:21,30481.0,30481.0,30475.25,30475.25,9.0
2026-06-16 01:22,30473.0,30484.5,30473.0,30484.5,10.0
2026-06-16 01:23,30479.5,30479.75,30477.75,30479.75,5.0
2026-06-16 01:24,30481.75,30483.75,30474.5,30474.5,8.0
2026-06-16 01:25,30476.25,30487.0,30476.25,30487.0,14.0
2026-06-16 01:26,30481.25,30481.25,30477.5,30480.25,7.0
2026-06-16 01:27,30481.0,30490.75,30480.25,30490.25,10.0
2026-06-16 01:28,30484.5,30485.0,30480.5,30481.25,5.0
2026-06-16 01:29,30480.75,30482.5,30480.25,30482.25,7.0
2026-06-16 01:30,30476.75,30485.75,30474.0,30485.0,74.0
2026-06-16 01:31,30484.0,30487.5,30484.0,30487.5,5.0
2026-06-16 01:32,30488.0,30488.0,30482.0,30482.0,2.0
2026-06-16 01:33,30485.5,30485.5,30479.0,30480.75,7.0
2026-06-16 01:34,30478.25,30482.75,30478.25,30482.75,3.0
2026-06-16 01:35,30484.75,30484.75,30471.75,30472.5,16.0
2026-06-16 01:36,30471.25,30474.5,30471.25,30474.5,15.0
2026-06-16 01:37,30475.0,30486.75,30474.5,30486.75,12.0
2026-06-16 01:38,30486.75,30488.75,30486.75,30487.5,6.0
2026-06-16 01:39,30485.0,30492.5,30485.0,30489.25,14.0
2026-06-16 01:40,30489.5,30489.5,30484.25,30484.25,4.0
2026-06-16 01:41,30486.25,30486.25,30482.0,30482.0,6.0
2026-06-16 01:42,30482.75,30484.0,30478.0,30479.75,12.0
2026-06-16 01:43,30480.0,30484.5,30478.5,30480.75,12.0
2026-06-16 01:44,30482.5,30486.5,30482.5,30485.0,19.0
2026-06-16 01:45,30486.25,30486.5,30482.5,30485.75,12.0
2026-06-16 01:46,30487.0,30492.75,30487.0,30492.75,11.0
2026-06-16 01:47,30492.75,30498.25,30492.75,30498.25,10.0
2026-06-16 01:48,30496.25,30499.75,30492.25,30492.25,16.0
2026-06-16 01:49,30496.5,30496.5,30492.0,30493.25,6.0
2026-06-16 01:50,30493.25,30497.75,30493.25,30497.0,11.0
2026-06-16 01:51,30495.0,30495.0,30488.0,30488.5,7.0
2026-06-16 01:52,30489.75,30489.75,30482.5,30483.75,13.0
2026-06-16 01:53,30482.5,30482.5,30476.5,30478.25,21.0
2026-06-16 01:54,30480.75,30480.75,30476.25,30476.5,4.0
2026-06-16 01:55,30477.25,30478.25,30455.5,30468.5,99.0
2026-06-16 01:56,30468.0,30479.0,30466.25,30477.0,32.0
2026-06-16 01:57,30477.75,30480.0,30477.75,30478.75,6.0
2026-06-16 01:58,30478.5,30482.5,30478.5,30479.25,4.0
2026-06-16 01:59,30479.0,30481.0,30478.5,30481.0,12.0
2026-06-16 02:00,30481.25,30486.75,30481.25,30484.25,23.0
2026-06-16 02:01,30485.75,30486.75,30472.75,30472.75,7.0
2026-06-16 02:02,30474.25,30477.5,30469.0,30477.5,21.0
2026-06-16 02:03,30479.0,30479.0,30473.75,30473.75,22.0
2026-06-16 02:04,30474.25,30476.25,30472.25,30472.5,8.0
2026-06-16 02:05,30476.0,30477.0,30474.0,30475.75,11.0
2026-06-16 02:06,30475.0,30482.0,30474.0,30482.0,12.0
2026-06-16 02:07,30481.0,30490.0,30480.5,30488.75,7.0
2026-06-16 02:08,30490.5,30493.5,30487.5,30487.5,12.0
2026-06-16 02:09,30488.0,30488.0,30480.0,30482.25,8.0
2026-06-16 02:10,30483.75,30483.75,30475.75,30477.75,7.0
2026-06-16 02:11,30474.75,30475.75,30473.5,30475.75,4.0
2026-06-16 02:12,30471.5,30473.5,30467.75,30470.0,16.0
2026-06-16 02:13,30468.5,30471.0,30467.25,30467.25,13.0
2026-06-16 02:14,30466.75,30475.5,30466.75,30473.25,15.0
2026-06-16 02:15,30472.25,30483.0,30472.25,30483.0,25.0
2026-06-16 02:16,30481.75,30489.0,30481.75,30489.0,9.0
2026-06-16 02:17,30485.25,30487.75,30482.5,30482.5,8.0
2026-06-16 02:18,30481.5,30483.25,30479.25,30479.25,8.0
2026-06-16 02:19,30483.25,30485.5,30481.25,30481.25,6.0
2026-06-16 02:20,30482.0,30482.0,30481.25,30481.25,2.0
2026-06-16 02:21,30478.25,30480.25,30478.25,30480.25,3.0
2026-06-16 02:22,30479.5,30481.0,30478.25,30481.0,5.0
2026-06-16 02:23,30481.75,30487.0,30481.75,30486.75,14.0
2026-06-16 02:24,30482.0,30483.0,30478.0,30478.0,13.0
2026-06-16 02:25,30477.25,30480.5,30477.25,30478.5,7.0
2026-06-16 02:26,30477.0,30477.0,30477.0,30477.0,1.0
2026-06-16 02:28,30478.25,30478.25,30475.5,30476.25,10.0
2026-06-16 02:29,30479.75,30479.75,30476.25,30476.75,3.0
2026-06-16 02:30,30475.5,30482.5,30475.5,30482.5,5.0
2026-06-16 02:31,30482.5,30487.0,30482.0,30487.0,7.0
2026-06-16 02:32,30487.25,30491.75,30487.25,30489.5,18.0
2026-06-16 02:33,30491.25,30491.25,30487.0,30487.0,9.0
2026-06-16 02:34,30488.0,30494.25,30488.0,30491.75,9.0
2026-06-16 02:35,30491.25,30494.5,30491.0,30494.5,8.0
2026-06-16 02:36,30494.75,30499.0,30494.75,30498.25,25.0
2026-06-16 02:37,30494.75,30500.75,30494.75,30496.25,13.0
2026-06-16 02:38,30500.25,30500.25,30496.25,30496.5,12.0
2026-06-16 02:39,30499.0,30499.5,30491.5,30492.25,30.0
2026-06-16 02:40,30492.25,30492.25,30486.0,30487.0,21.0
2026-06-16 02:41,30487.0,30490.0,30486.75,30489.0,10.0
2026-06-16 02:42,30488.0,30490.5,30488.0,30490.0,3.0
2026-06-16 02:43,30491.75,30491.75,30491.5,30491.75,4.0
2026-06-16 02:44,30492.25,30493.0,30492.25,30493.0,3.0
2026-06-16 02:45,30492.25,30492.75,30490.25,30492.5,7.0
2026-06-16 02:46,30490.5,30490.75,30489.5,30489.5,5.0
2026-06-16 02:47,30495.25,30495.25,30492.75,30492.75,8.0
2026-06-16 02:48,30492.5,30493.0,30490.5,30490.5,3.0
2026-06-16 02:49,30496.0,30496.0,30491.0,30491.0,3.0
2026-06-16 02:50,30490.0,30490.0,30487.0,30488.75,6.0
2026-06-16 02:51,30487.0,30488.5,30485.0,30486.0,14.0
2026-06-16 02:52,30484.5,30484.5,30476.5,30478.5,15.0
2026-06-16 02:53,30477.75,30477.75,30475.5,30476.75,9.0
2026-06-16 02:54,30476.25,30477.75,30475.0,30476.25,14.0
2026-06-16 02:55,30476.0,30477.0,30474.0,30474.0,8.0
2026-06-16 02:56,30474.75,30474.75,30468.75,30473.0,29.0
2026-06-16 02:57,30474.5,30482.0,30474.5,30482.0,19.0
2026-06-16 02:58,30482.75,30482.75,30482.25,30482.25,4.0
2026-06-16 02:59,30481.0,30481.0,30480.5,30480.5,2.0
2026-06-16 03:00,30482.0,30482.0,30479.5,30479.5,4.0
2026-06-16 03:01,30475.0,30480.25,30475.0,30477.0,5.0
2026-06-16 03:02,30481.5,30481.5,30481.5,30481.5,1.0
2026-06-16 03:03,30481.75,30481.75,30481.75,30481.75,1.0
2026-06-16 03:04,30482.75,30482.75,30482.25,30482.25,3.0
2026-06-16 03:05,30484.25,30485.25,30482.75,30485.25,10.0
2026-06-16 03:06,30490.0,30494.0,30489.75,30491.0,16.0
2026-06-16 03:07,30491.0,30493.75,30486.5,30486.5,11.0
2026-06-16 03:08,30489.75,30491.25,30488.5,30491.0,14.0
2026-06-16 03:09,30487.5,30487.5,30487.0,30487.0,2.0
2026-06-16 03:10,30487.0,30487.0,30487.0,30487.0,1.0
2026-06-16 03:11,30489.0,30490.0,30486.5,30490.0,6.0
2026-06-16 03:12,30485.5,30487.5,30483.75,30487.5,38.0
2026-06-16 03:13,30485.25,30485.25,30485.25,30485.25,2.0
2026-06-16 03:14,30478.5,30480.5,30476.25,30476.25,12.0
2026-06-16 03:15,30478.25,30479.75,30476.25,30479.75,13.0
2026-06-16 03:16,30480.75,30484.5,30480.75,30484.0,15.0
2026-06-16 03:17,30484.0,30488.25,30482.25,30484.25,36.0
2026-06-16 03:18,30484.0,30490.0,30484.0,30490.0,7.0
2026-06-16 03:19,30487.0,30493.5,30480.25,30493.5,30.0
2026-06-16 03:20,30493.5,30499.25,30492.0,30499.25,6.0
2026-06-16 03:21,30494.25,30494.75,30494.25,30494.75,9.0
2026-06-16 03:22,30496.25,30498.5,30496.25,30498.5,8.0
2026-06-16 03:23,30498.0,30498.0,30495.0,30496.5,10.0
2026-06-16 03:24,30501.75,30510.5,30501.75,30508.75,12.0
2026-06-16 03:25,30510.0,30513.25,30510.0,30511.75,18.0
2026-06-16 03:26,30513.25,30518.5,30513.25,30514.25,14.0
2026-06-16 03:27,30512.75,30512.75,30512.5,30512.5,2.0
2026-06-16 03:28,30508.75,30512.0,30508.0,30512.0,8.0
2026-06-16 03:29,30509.5,30509.5,30508.5,30508.75,3.0
2026-06-16 03:30,30509.75,30513.75,30509.75,30512.0,13.0
2026-06-16 03:31,30511.5,30516.5,30511.5,30514.25,14.0
2026-06-16 03:32,30517.5,30521.75,30513.75,30521.75,24.0
2026-06-16 03:33,30523.0,30532.75,30523.0,30532.75,16.0
2026-06-16 03:34,30532.5,30535.0,30528.0,30533.0,15.0
2026-06-16 03:35,30536.0,30546.0,30535.0,30541.25,14.0
2026-06-16 03:36,30542.25,30542.25,30538.5,30538.5,19.0
2026-06-16 03:37,30541.25,30541.25,30533.25,30533.25,23.0
2026-06-16 03:38,30534.25,30535.5,30529.75,30535.0,16.0
2026-06-16 03:39,30541.25,30546.25,30541.25,30542.75,49.0
2026-06-16 03:40,30543.75,30545.75,30541.75,30544.5,14.0
2026-06-16 03:41,30544.5,30552.75,30544.25,30549.5,26.0
2026-06-16 03:42,30548.0,30549.75,30545.0,30547.0,9.0
2026-06-16 03:43,30546.75,30546.75,30537.25,30539.25,52.0
2026-06-16 03:44,30540.0,30547.5,30540.0,30543.5,29.0
2026-06-16 03:45,30538.0,30538.75,30535.5,30535.5,3.0
2026-06-16 03:46,30540.25,30540.25,30530.75,30532.0,22.0
2026-06-16 03:47,30531.5,30533.0,30527.75,30532.5,8.0
2026-06-16 03:48,30532.5,30536.0,30532.5,30535.75,3.0
2026-06-16 03:49,30531.75,30538.0,30530.5,30537.0,18.0
2026-06-16 03:50,30537.5,30540.75,30535.5,30536.75,17.0
2026-06-16 03:51,30538.0,30540.25,30531.25,30531.25,13.0
2026-06-16 03:52,30532.5,30532.5,30525.0,30525.0,6.0
2026-06-16 03:53,30529.5,30529.5,30522.0,30522.75,9.0
2026-06-16 03:54,30521.5,30521.5,30521.0,30521.0,4.0
2026-06-16 03:55,30520.0,30525.5,30519.25,30525.5,9.0
2026-06-16 03:56,30524.0,30525.0,30522.75,30524.75,5.0
2026-06-16 03:57,30524.5,30526.5,30523.5,30525.5,7.0
2026-06-16 03:58,30527.0,30527.25,30524.0,30527.25,12.0
2026-06-16 03:59,30528.0,30528.25,30528.0,30528.0,3.0
2026-06-16 04:00,30527.75,30532.5,30526.25,30532.5,14.0
2026-06-16 04:01,30531.5,30531.5,30529.5,30529.5,4.0
2026-06-16 04:02,30526.75,30530.25,30524.75,30528.0,14.0
2026-06-16 04:03,30529.0,30529.0,30527.0,30527.0,2.0
2026-06-16 04:04,30528.25,30530.0,30524.0,30525.0,8.0
2026-06-16 04:05,30524.0,30528.75,30524.0,30527.25,9.0
2026-06-16 04:06,30527.0,30527.25,30520.5,30521.0,13.0
2026-06-16 04:07,30522.25,30524.75,30522.25,30523.5,5.0
2026-06-16 04:08,30520.25,30522.0,30520.0,30522.0,7.0
2026-06-16 04:09,30522.75,30522.75,30516.0,30519.75,9.0
2026-06-16 04:10,30520.25,30520.25,30517.25,30519.75,4.0
2026-06-16 04:11,30523.0,30528.5,30522.75,30527.5,9.0
2026-06-16 04:12,30525.5,30527.0,30524.25,30524.75,5.0
2026-06-16 04:13,30526.25,30526.25,30522.75,30523.75,4.0
2026-06-16 04:14,30525.75,30525.75,30525.5,30525.5,2.0
2026-06-16 04:15,30526.5,30527.5,30526.5,30527.5,36.0
2026-06-16 04:16,30529.25,30530.5,30520.75,30520.75,10.0
2026-06-16 04:17,30521.0,30523.25,30519.25,30523.25,14.0
2026-06-16 04:18,30518.0,30519.5,30509.5,30509.5,32.0
2026-06-16 04:19,30509.0,30509.0,30507.0,30508.0,34.0
2026-06-16 04:20,30511.5,30512.75,30510.5,30512.0,12.0
2026-06-16 04:21,30519.0,30526.0,30519.0,30526.0,10.0
2026-06-16 04:22,30523.25,30525.75,30521.0,30524.25,6.0
2026-06-16 04:23,30526.25,30526.25,30526.25,30526.25,1.0
2026-06-16 04:24,30526.0,30527.0,30520.75,30523.25,21.0
2026-06-16 04:25,30523.25,30523.25,30517.0,30519.75,45.0
2026-06-16 04:26,30522.0,30525.0,30522.0,30525.0,5.0
2026-06-16 04:27,30525.0,30525.0,30518.0,30520.25,13.0
2026-06-16 04:28,30520.75,30520.75,30513.75,30513.75,6.0
2026-06-16 04:29,30517.75,30520.0,30516.25,30520.0,10.0
2026-06-16 04:30,30519.25,30519.25,30513.0,30518.25,12.0
2026-06-16 04:31,30515.25,30520.25,30515.0,30518.75,12.0
2026-06-16 04:32,30519.25,30522.25,30519.25,30520.75,40.0
2026-06-16 04:33,30519.75,30520.25,30519.75,30520.25,2.0
2026-06-16 04:34,30520.0,30521.0,30516.5,30516.5,12.0
2026-06-16 04:35,30515.5,30520.0,30515.0,30519.75,9.0
2026-06-16 04:36,30519.75,30519.75,30514.25,30517.5,5.0
2026-06-16 04:38,30521.0,30525.0,30521.0,30523.75,15.0
2026-06-16 04:39,30524.5,30525.0,30524.0,30524.0,42.0
2026-06-16 04:40,30525.0,30525.0,30523.25,30525.0,89.0
2026-06-16 04:41,30525.0,30525.0,30523.25,30524.5,59.0
2026-06-16 04:42,30523.5,30523.5,30517.0,30517.75,13.0
2026-06-16 04:43,30520.0,30520.0,30516.75,30516.75,3.0
2026-06-16 04:44,30517.25,30517.25,30513.0,30513.0,10.0
2026-06-16 04:45,30514.25,30515.25,30511.5,30515.25,6.0
2026-06-16 04:46,30515.0,30515.0,30511.75,30511.75,6.0
2026-06-16 04:47,30511.0,30511.0,30508.0,30508.0,7.0
2026-06-16 04:48,30503.25,30503.75,30500.75,30502.5,23.0
2026-06-16 04:49,30503.0,30503.75,30503.0,30503.75,3.0
2026-06-16 04:50,30504.0,30504.0,30496.25,30496.25,11.0
2026-06-16 04:51,30496.5,30498.0,30491.25,30492.75,26.0
2026-06-16 04:52,30495.25,30496.0,30495.25,30496.0,5.0
2026-06-16 04:53,30493.25,30499.75,30492.25,30498.75,9.0
2026-06-16 04:54,30499.0,30499.0,30494.0,30494.0,15.0
2026-06-16 04:55,30495.0,30501.0,30491.75,30501.0,16.0
2026-06-16 04:56,30501.0,30508.25,30501.0,30506.5,25.0
2026-06-16 04:57,30506.5,30506.5,30503.25,30506.5,12.0
2026-06-16 04:58,30508.0,30510.0,30507.25,30510.0,3.0
2026-06-16 04:59,30513.0,30515.0,30509.5,30509.5,5.0
2026-06-16 05:00,30512.25,30520.0,30512.25,30518.75,30.0
2026-06-16 05:01,30515.75,30524.25,30515.5,30524.25,24.0
2026-06-16 05:02,30521.5,30525.0,30521.5,30525.0,7.0
2026-06-16 05:03,30523.0,30525.0,30523.0,30525.0,40.0
2026-06-16 05:04,30525.0,30525.0,30520.25,30520.25,33.0
2026-06-16 05:05,30522.25,30525.0,30516.75,30524.75,57.0
2026-06-16 05:06,30524.5,30524.5,30520.0,30520.0,13.0
2026-06-16 05:07,30520.25,30520.25,30517.5,30517.5,9.0
2026-06-16 05:08,30520.25,30520.25,30516.75,30517.0,15.0
2026-06-16 05:09,30521.5,30523.25,30521.5,30522.25,6.0
2026-06-16 05:10,30523.25,30535.25,30521.75,30535.25,46.0
2026-06-16 05:11,30533.0,30539.5,30533.0,30538.25,31.0
2026-06-16 05:12,30536.0,30536.0,30531.0,30531.0,15.0
2026-06-16 05:13,30537.5,30538.0,30537.5,30538.0,3.0
2026-06-16 05:14,30536.25,30536.25,30530.75,30531.0,15.0
2026-06-16 05:15,30529.0,30532.0,30529.0,30532.0,12.0
2026-06-16 05:16,30530.75,30536.0,30530.75,30536.0,3.0
2026-06-16 05:17,30537.0,30537.25,30535.75,30535.75,4.0
2026-06-16 05:18,30536.75,30540.5,30536.75,30540.0,10.0
2026-06-16 05:19,30539.75,30539.75,30536.0,30538.75,5.0
2026-06-16 05:20,30538.25,30539.25,30530.25,30531.5,22.0
2026-06-16 05:21,30529.0,30533.5,30529.0,30533.0,30.0
2026-06-16 05:22,30530.75,30530.75,30529.5,30529.5,2.0
2026-06-16 05:23,30530.25,30533.25,30529.75,30532.5,7.0
2026-06-16 05:24,30530.0,30530.5,30530.0,30530.0,3.0
2026-06-16 05:25,30530.75,30533.0,30526.5,30529.0,7.0
2026-06-16 05:26,30531.5,30534.75,30530.25,30530.25,13.0
2026-06-16 05:27,30530.75,30532.75,30529.0,30530.25,9.0
2026-06-16 05:28,30529.25,30532.0,30529.25,30529.5,6.0
2026-06-16 05:29,30529.0,30529.75,30529.0,30529.25,4.0
2026-06-16 05:30,30531.0,30534.75,30530.5,30534.5,10.0
2026-06-16 05:31,30532.5,30532.5,30528.25,30530.0,18.0
2026-06-16 05:32,30529.75,30529.75,30522.5,30522.5,8.0
2026-06-16 05:33,30517.5,30517.5,30505.25,30510.5,26.0
2026-06-16 05:34,30510.5,30510.5,30493.25,30495.0,22.0
2026-06-16 05:35,30493.75,30503.5,30492.0,30503.5,29.0
2026-06-16 05:36,30508.0,30515.0,30507.25,30510.0,25.0
2026-06-16 05:37,30507.5,30510.0,30503.75,30505.5,27.0
2026-06-16 05:38,30504.75,30505.0,30504.75,30505.0,3.0
2026-06-16 05:39,30504.75,30506.0,30504.5,30506.0,3.0
2026-06-16 05:40,30506.25,30507.5,30503.5,30505.75,12.0
2026-06-16 05:41,30507.75,30510.25,30507.5,30509.0,13.0
2026-06-16 05:42,30510.5,30510.5,30507.0,30509.5,7.0
2026-06-16 05:43,30510.5,30510.5,30499.75,30500.0,28.0
2026-06-16 05:44,30499.75,30500.75,30496.25,30499.5,7.0
2026-06-16 05:45,30504.25,30515.5,30504.0,30512.25,13.0
2026-06-16 05:46,30512.5,30518.75,30511.75,30518.0,16.0
2026-06-16 05:47,30518.75,30520.75,30516.25,30517.0,16.0
2026-06-16 05:48,30514.5,30516.0,30507.75,30516.0,10.0
2026-06-16 05:49,30513.5,30513.5,30510.5,30511.25,4.0
2026-06-16 05:50,30511.5,30512.75,30509.25,30509.25,12.0
2026-06-16 05:51,30516.25,30516.25,30513.5,30513.5,3.0
2026-06-16 05:52,30517.25,30517.25,30513.0,30515.5,5.0
2026-06-16 05:53,30520.25,30520.5,30513.0,30513.0,13.0
2026-06-16 05:54,30514.25,30514.25,30503.25,30510.75,20.0
2026-06-16 05:55,30511.0,30515.0,30504.75,30514.0,16.0
2026-06-16 05:56,30511.75,30511.75,30506.25,30508.5,25.0
2026-06-16 05:57,30508.75,30508.75,30505.5,30505.5,5.0
2026-06-16 05:58,30507.0,30507.25,30498.5,30499.75,16.0
2026-06-16 05:59,30500.75,30504.0,30498.25,30500.5,16.0
2026-06-16 06:00,30501.5,30507.75,30494.0,30496.0,21.0
2026-06-16 06:01,30496.75,30507.5,30495.75,30505.0,35.0
2026-06-16 06:02,30504.5,30516.0,30504.5,30516.0,14.0
2026-06-16 06:03,30517.25,30520.0,30517.25,30517.5,19.0
2026-06-16 06:04,30518.75,30523.5,30517.0,30517.0,31.0
2026-06-16 06:05,30521.0,30528.0,30521.0,30524.5,33.0
2026-06-16 06:06,30523.5,30524.5,30522.5,30523.0,12.0
2026-06-16 06:07,30523.75,30524.25,30515.0,30515.0,8.0
2026-06-16 06:08,30516.25,30516.5,30516.0,30516.0,3.0
2026-06-16 06:09,30516.0,30525.5,30516.0,30523.5,7.0
2026-06-16 06:10,30519.5,30526.25,30519.25,30522.0,7.0
2026-06-16 06:11,30524.0,30531.0,30524.0,30530.75,11.0
2026-06-16 06:12,30532.25,30533.75,30523.5,30526.25,30.0
2026-06-16 06:13,30525.5,30525.5,30518.25,30521.25,35.0
2026-06-16 06:14,30522.5,30525.0,30521.0,30522.25,17.0
2026-06-16 06:15,30525.0,30525.0,30521.0,30522.75,22.0
2026-06-16 06:16,30522.25,30525.25,30519.75,30520.75,24.0
2026-06-16 06:17,30518.75,30521.0,30517.75,30517.75,14.0
2026-06-16 06:18,30518.75,30520.25,30514.75,30517.25,25.0
2026-06-16 06:19,30517.0,30519.0,30513.0,30515.25,32.0
2026-06-16 06:20,30517.0,30517.0,30507.5,30512.0,22.0
2026-06-16 06:21,30510.75,30516.25,30508.75,30511.0,20.0
2026-06-16 06:22,30511.75,30517.25,30511.75,30515.5,16.0
2026-06-16 06:23,30514.0,30516.0,30513.0,30513.0,20.0
2026-06-16 06:24,30512.0,30522.0,30511.0,30521.75,20.0
2026-06-16 06:25,30521.5,30523.5,30519.0,30523.25,16.0
2026-06-16 06:26,30525.0,30525.0,30520.75,30521.25,12.0
2026-06-16 06:27,30522.0,30525.0,30522.0,30523.25,18.0
2026-06-16 06:28,30523.0,30525.0,30520.5,30524.0,14.0
2026-06-16 06:29,30524.5,30530.0,30522.5,30526.0,40.0
2026-06-16 06:30,30529.0,30532.25,30524.0,30525.75,41.0
2026-06-16 06:31,30525.0,30530.0,30525.0,30529.0,7.0
2026-06-16 06:32,30521.5,30521.5,30521.5,30521.5,1.0
2026-06-16 06:33,30524.0,30524.0,30519.0,30520.75,7.0
2026-06-16 06:34,30519.0,30519.5,30518.0,30518.5,7.0
2026-06-16 06:35,30520.0,30520.25,30519.75,30520.0,4.0
2026-06-16 06:36,30522.75,30525.5,30522.75,30525.5,12.0
2026-06-16 06:37,30528.75,30531.0,30528.75,30528.75,7.0
2026-06-16 06:38,30521.0,30521.0,30519.25,30519.25,2.0
2026-06-16 06:39,30518.25,30520.0,30515.0,30520.0,13.0
2026-06-16 06:40,30519.0,30519.0,30515.25,30515.25,2.0
2026-06-16 06:41,30515.75,30518.0,30515.75,30517.25,4.0
2026-06-16 06:42,30518.5,30518.5,30518.5,30518.5,1.0
2026-06-16 06:44,30514.5,30515.0,30511.0,30511.0,7.0
2026-06-16 06:45,30513.5,30516.0,30511.0,30511.5,11.0
2026-06-16 06:46,30512.0,30516.0,30512.0,30515.75,5.0
2026-06-16 06:47,30514.5,30514.5,30512.0,30512.0,2.0
2026-06-16 06:48,30510.0,30511.75,30510.0,30511.75,2.0
2026-06-16 06:49,30511.5,30511.5,30506.5,30510.5,21.0
2026-06-16 06:50,30509.75,30517.0,30509.75,30517.0,8.0
2026-06-16 06:51,30515.75,30515.75,30513.0,30513.0,22.0
2026-06-16 06:52,30517.5,30517.5,30517.5,30517.5,1.0
2026-06-16 06:53,30518.0,30519.75,30517.25,30519.75,5.0
2026-06-16 06:54,30522.0,30523.25,30517.5,30523.25,11.0
2026-06-16 06:55,30524.0,30525.5,30523.75,30525.25,5.0
2026-06-16 06:56,30527.75,30528.25,30525.5,30525.5,19.0
2026-06-16 06:57,30525.25,30526.25,30519.25,30519.25,10.0
2026-06-16 06:58,30521.5,30524.0,30521.5,30524.0,2.0
2026-06-16 06:59,30529.0,30529.0,30523.75,30525.0,15.0
2026-06-16 07:00,30529.5,30539.0,30529.5,30532.75,90.0
2026-06-16 07:01,30529.5,30535.0,30529.5,30534.25,13.0
2026-06-16 07:02,30530.0,30530.0,30517.5,30522.25,21.0
2026-06-16 07:03,30522.5,30522.5,30517.5,30520.5,9.0
2026-06-16 07:04,30519.25,30519.25,30513.75,30516.0,72.0
2026-06-16 07:05,30515.75,30516.75,30511.75,30514.25,38.0
2026-06-16 07:06,30514.25,30523.0,30514.0,30520.5,12.0
2026-06-16 07:07,30517.5,30523.5,30517.5,30523.5,2.0
2026-06-16 07:08,30522.25,30533.5,30522.0,30530.0,28.0
2026-06-16 07:09,30528.75,30541.5,30528.75,30535.75,45.0
2026-06-16 07:10,30537.75,30544.75,30532.0,30532.0,48.0
2026-06-16 07:11,30531.75,30531.75,30523.25,30523.25,14.0
2026-06-16 07:12,30522.0,30526.0,30520.0,30526.0,43.0
2026-06-16 07:13,30522.75,30528.5,30517.5,30517.5,21.0
2026-06-16 07:14,30521.0,30521.25,30517.75,30520.0,9.0
2026-06-16 07:15,30517.0,30525.5,30517.0,30523.5,30.0
2026-06-16 07:16,30526.0,30530.5,30525.25,30529.25,21.0
2026-06-16 07:17,30529.25,30530.5,30524.0,30524.0,25.0
2026-06-16 07:18,30521.25,30521.25,30513.75,30516.25,21.0
2026-06-16 07:19,30518.5,30535.25,30517.75,30533.5,29.0
2026-06-16 07:20,30531.0,30531.0,30519.25,30523.75,30.0
2026-06-16 07:21,30524.0,30529.5,30520.5,30529.5,15.0
2026-06-16 07:22,30531.25,30531.75,30518.0,30520.0,10.0
2026-06-16 07:23,30520.75,30520.75,30516.5,30517.0,8.0
2026-06-16 07:24,30518.0,30522.5,30518.0,30521.5,7.0
2026-06-16 07:25,30523.0,30526.5,30523.0,30525.5,3.0
2026-06-16 07:26,30527.5,30530.75,30524.0,30527.25,17.0
2026-06-16 07:27,30526.75,30535.5,30525.0,30535.25,14.0
2026-06-16 07:28,30538.25,30538.25,30533.0,30533.0,3.0
2026-06-16 07:29,30536.25,30536.75,30534.5,30535.0,4.0
2026-06-16 07:30,30537.0,30538.0,30530.0,30536.0,16.0
2026-06-16 07:31,30536.0,30536.0,30528.0,30529.5,7.0
2026-06-16 07:32,30530.75,30536.75,30530.75,30536.75,7.0
2026-06-16 07:33,30529.5,30533.75,30529.5,30533.75,3.0
2026-06-16 07:34,30532.75,30532.75,30527.5,30527.5,3.0
2026-06-16 07:35,30529.75,30539.0,30528.5,30537.25,17.0
2026-06-16 07:36,30537.75,30539.25,30537.0,30539.0,20.0
2026-06-16 07:37,30535.0,30535.0,30534.75,30534.75,5.0
2026-06-16 07:38,30529.25,30531.25,30529.0,30530.75,10.0
2026-06-16 07:39,30531.5,30537.0,30531.5,30537.0,5.0
2026-06-16 07:40,30537.0,30537.0,30530.25,30533.5,9.0
2026-06-16 07:41,30533.25,30533.25,30527.0,30527.0,2.0
2026-06-16 07:42,30526.5,30526.5,30515.25,30515.25,23.0
2026-06-16 07:43,30516.0,30516.75,30509.0,30509.0,15.0
2026-06-16 07:44,30510.5,30513.25,30504.25,30504.25,12.0
2026-06-16 07:45,30505.0,30509.75,30503.75,30509.75,41.0
2026-06-16 07:46,30513.75,30513.75,30511.5,30512.75,8.0
2026-06-16 07:47,30511.5,30511.5,30509.0,30509.0,7.0
2026-06-16 07:48,30513.25,30513.5,30506.25,30506.25,14.0
2026-06-16 07:49,30508.25,30509.75,30506.0,30509.75,8.0
2026-06-16 07:50,30510.0,30516.25,30509.75,30514.25,8.0
2026-06-16 07:51,30515.5,30520.5,30515.5,30520.5,7.0
2026-06-16 07:52,30518.75,30523.25,30515.25,30523.25,6.0
2026-06-16 07:53,30525.0,30530.75,30525.0,30528.0,15.0
2026-06-16 07:54,30526.75,30527.75,30526.75,30527.5,3.0
2026-06-16 07:55,30530.75,30536.0,30530.0,30536.0,6.0
2026-06-16 07:56,30530.5,30530.5,30525.25,30526.25,4.0
2026-06-16 07:57,30530.5,30532.25,30529.5,30532.25,10.0
2026-06-16 07:58,30529.5,30532.25,30529.5,30531.25,5.0
2026-06-16 07:59,30532.75,30533.5,30532.75,30533.5,5.0
2026-06-16 08:00,30536.0,30536.25,30528.0,30528.5,12.0
2026-06-16 08:01,30529.0,30534.5,30525.0,30533.5,12.0
2026-06-16 08:02,30536.0,30544.75,30536.0,30541.5,43.0
2026-06-16 08:03,30542.25,30553.75,30542.25,30553.75,61.0
2026-06-16 08:04,30553.5,30557.0,30553.0,30554.75,20.0
2026-06-16 08:05,30558.0,30564.0,30557.0,30557.0,34.0
2026-06-16 08:06,30556.75,30562.0,30551.25,30560.0,39.0
2026-06-16 08:07,30557.5,30574.0,30557.5,30574.0,70.0
2026-06-16 08:08,30572.0,30572.0,30564.75,30566.25,23.0
2026-06-16 08:09,30567.25,30575.0,30567.25,30571.5,24.0
2026-06-16 08:10,30573.5,30580.75,30572.0,30578.0,17.0
2026-06-16 08:11,30581.25,30582.5,30573.5,30577.0,46.0
2026-06-16 08:12,30577.25,30582.25,30577.25,30580.0,31.0
2026-06-16 08:13,30580.0,30581.5,30576.0,30581.25,20.0
2026-06-16 08:14,30576.5,30578.5,30563.25,30565.25,24.0
2026-06-16 08:15,30570.25,30582.75,30567.75,30580.75,64.0
2026-06-16 08:16,30583.0,30585.5,30579.0,30585.5,44.0
2026-06-16 08:17,30583.75,30585.0,30575.5,30575.5,27.0
2026-06-16 08:18,30575.25,30576.75,30569.75,30572.25,29.0
2026-06-16 08:19,30577.25,30584.75,30577.25,30582.75,6.0
2026-06-16 08:20,30582.0,30584.75,30575.75,30575.75,25.0
2026-06-16 08:21,30570.0,30575.25,30570.0,30573.0,5.0
2026-06-16 08:22,30574.25,30580.25,30571.0,30580.25,46.0
2026-06-16 08:23,30579.25,30581.25,30577.5,30578.25,17.0
2026-06-16 08:24,30578.25,30582.0,30574.25,30576.25,20.0
2026-06-16 08:25,30578.75,30580.25,30569.5,30571.25,98.0
2026-06-16 08:26,30575.0,30580.0,30573.75,30578.75,12.0
2026-06-16 08:27,30578.25,30587.0,30578.25,30584.5,13.0
2026-06-16 08:28,30587.0,30588.75,30586.25,30587.0,25.0
2026-06-16 08:29,30587.0,30597.25,30586.25,30597.0,82.0
2026-06-16 08:30,30599.0,30601.0,30593.0,30601.0,52.0
2026-06-16 08:31,30599.75,30601.0,30596.0,30598.5,26.0
2026-06-16 08:32,30599.25,30599.25,30585.25,30588.25,16.0
2026-06-16 08:33,30587.5,30588.25,30578.5,30581.5,24.0
2026-06-16 08:34,30582.25,30587.5,30578.5,30587.5,21.0
2026-06-16 08:35,30587.0,30587.75,30586.5,30587.5,8.0
2026-06-16 08:36,30584.0,30584.0,30579.5,30579.5,18.0
2026-06-16 08:37,30579.25,30579.25,30567.0,30568.25,49.0
2026-06-16 08:38,30570.0,30570.25,30561.5,30561.5,30.0
2026-06-16 08:39,30565.75,30575.5,30565.75,30567.75,15.0
2026-06-16 08:40,30577.5,30584.5,30575.25,30580.0,19.0
2026-06-16 08:41,30571.0,30572.75,30568.5,30568.5,8.0
2026-06-16 08:42,30568.25,30571.75,30568.25,30571.5,6.0
2026-06-16 08:43,30573.25,30580.0,30572.25,30577.0,17.0
2026-06-16 08:44,30578.5,30584.5,30578.5,30584.5,23.0
2026-06-16 08:45,30583.75,30583.75,30572.25,30573.0,40.0
2026-06-16 08:46,30574.25,30574.25,30570.5,30571.5,6.0
2026-06-16 08:47,30574.25,30574.25,30574.25,30574.25,2.0
2026-06-16 08:48,30569.25,30573.25,30569.25,30572.75,9.0
2026-06-16 08:49,30574.25,30574.25,30573.75,30573.75,2.0
2026-06-16 08:50,30581.5,30594.0,30581.5,30590.0,21.0
2026-06-16 08:51,30594.0,30598.0,30594.0,30595.75,15.0
2026-06-16 08:52,30595.75,30615.0,30595.75,30612.0,57.0
2026-06-16 08:53,30615.25,30631.5,30614.75,30622.5,91.0
2026-06-16 08:54,30620.0,30622.5,30617.0,30619.25,10.0
2026-06-16 08:55,30622.0,30626.75,30618.25,30626.75,53.0
2026-06-16 08:56,30626.25,30635.25,30625.75,30635.0,49.0
2026-06-16 08:57,30634.75,30638.75,30620.25,30622.5,24.0
2026-06-16 08:58,30619.75,30620.75,30616.25,30616.25,15.0
2026-06-16 08:59,30617.5,30622.0,30616.75,30620.25,10.0
2026-06-16 09:00,30620.0,30621.25,30609.5,30612.25,24.0
2026-06-16 09:01,30620.0,30624.5,30615.5,30618.25,19.0
2026-06-16 09:02,30618.25,30623.0,30617.0,30618.75,16.0
2026-06-16 09:03,30616.75,30619.75,30616.75,30618.25,8.0
2026-06-16 09:04,30620.75,30620.75,30619.5,30619.5,4.0
2026-06-16 09:05,30621.75,30621.75,30621.75,30621.75,1.0
2026-06-16 09:06,30619.0,30619.5,30611.75,30618.75,19.0
2026-06-16 09:07,30621.0,30621.0,30618.75,30619.5,4.0
2026-06-16 09:08,30617.0,30624.25,30617.0,30624.25,14.0
2026-06-16 09:09,30623.25,30626.5,30621.5,30621.5,12.0
2026-06-16 09:10,30617.5,30618.25,30614.0,30617.0,12.0
2026-06-16 09:11,30619.25,30623.75,30616.0,30623.75,26.0
2026-06-16 09:12,30625.0,30626.25,30616.0,30617.0,17.0
2026-06-16 09:13,30615.25,30617.75,30614.75,30617.75,31.0
2026-06-16 09:14,30615.5,30615.5,30614.0,30614.0,3.0
2026-06-16 09:15,30614.5,30614.5,30601.0,30609.25,47.0
2026-06-16 09:16,30609.75,30618.75,30609.25,30610.75,8.0
2026-06-16 09:17,30613.25,30613.25,30610.25,30610.25,3.0
2026-06-16 09:18,30601.75,30603.25,30585.25,30589.75,32.0
2026-06-16 09:19,30589.0,30593.0,30577.75,30578.75,31.0
2026-06-16 09:20,30578.0,30585.5,30575.25,30580.75,30.0
2026-06-16 09:21,30585.0,30592.25,30585.0,30591.25,15.0
2026-06-16 09:22,30587.25,30591.0,30585.5,30591.0,4.0
2026-06-16 09:23,30589.75,30595.25,30589.75,30595.25,4.0
2026-06-16 09:24,30593.5,30595.25,30593.0,30594.25,7.0
2026-06-16 09:25,30593.0,30594.25,30588.75,30590.5,26.0
2026-06-16 09:26,30590.0,30590.25,30587.25,30590.25,3.0
2026-06-16 09:27,30589.75,30589.75,30584.5,30585.5,13.0
2026-06-16 09:28,30584.0,30587.0,30582.5,30582.5,15.0
2026-06-16 09:29,30580.0,30583.5,30580.0,30580.75,6.0
2026-06-16 09:30,30586.5,30586.5,30584.75,30586.25,5.0
2026-06-16 09:31,30593.75,30597.0,30593.5,30593.5,6.0
2026-06-16 09:32,30595.0,30596.25,30595.0,30596.25,4.0
2026-06-16 09:33,30593.75,30600.0,30592.75,30598.5,11.0
2026-06-16 09:34,30598.0,30598.0,30597.25,30597.25,4.0
2026-06-16 09:35,30597.25,30597.75,30594.0,30596.25,5.0
2026-06-16 09:36,30589.0,30589.0,30581.25,30581.25,8.0
2026-06-16 09:37,30584.25,30584.5,30581.25,30581.5,8.0
2026-06-16 09:38,30587.0,30588.25,30586.25,30586.25,3.0
2026-06-16 09:39,30587.25,30587.25,30583.25,30586.5,6.0
2026-06-16 09:40,30584.25,30584.25,30580.0,30584.0,6.0
2026-06-16 09:41,30580.5,30580.5,30576.5,30579.5,5.0
2026-06-16 09:42,30574.5,30578.0,30573.25,30573.25,16.0
2026-06-16 09:43,30571.25,30571.25,30564.5,30569.5,37.0
2026-06-16 09:44,30567.25,30575.0,30567.25,30573.5,19.0
2026-06-16 09:45,30578.5,30578.75,30570.5,30570.5,9.0
2026-06-16 09:46,30570.0,30574.75,30566.25,30566.25,13.0
2026-06-16 09:47,30569.75,30569.75,30569.75,30569.75,1.0
2026-06-16 09:48,30567.5,30568.5,30564.5,30564.75,7.0
2026-06-16 09:49,30564.0,30569.25,30562.5,30569.0,14.0
2026-06-16 09:50,30573.75,30578.0,30573.5,30578.0,10.0
2026-06-16 09:51,30575.75,30577.0,30569.0,30571.25,29.0
2026-06-16 09:52,30572.5,30580.0,30572.5,30580.0,3.0
2026-06-16 09:53,30577.75,30577.75,30575.0,30575.0,2.0
2026-06-16 09:54,30578.75,30580.25,30578.25,30578.25,10.0
2026-06-16 09:55,30578.5,30578.5,30567.25,30567.25,22.0
2026-06-16 09:56,30566.5,30566.75,30557.0,30565.0,25.0
2026-06-16 09:57,30568.5,30570.25,30564.75,30566.25,27.0
2026-06-16 09:58,30564.25,30569.25,30564.25,30567.75,27.0
2026-06-16 09:59,30561.0,30565.25,30561.0,30564.25,22.0
2026-06-16 10:00,30564.25,30572.0,30564.25,30572.0,18.0
2026-06-16 10:01,30570.0,30571.75,30570.0,30570.75,12.0
2026-06-16 10:02,30572.5,30573.25,30571.75,30572.25,14.0
2026-06-16 10:03,30569.5,30569.5,30569.5,30569.5,1.0
2026-06-16 10:04,30570.25,30570.25,30568.25,30570.0,6.0
2026-06-16 10:05,30571.75,30579.5,30571.25,30579.5,20.0
2026-06-16 10:06,30581.0,30583.75,30579.75,30583.25,11.0
2026-06-16 10:07,30581.75,30582.25,30580.5,30580.5,21.0
2026-06-16 10:08,30580.0,30586.75,30580.0,30584.25,15.0
2026-06-16 10:09,30584.0,30586.75,30583.75,30586.75,25.0
2026-06-16 10:10,30586.75,30587.5,30580.25,30580.25,12.0
2026-06-16 10:11,30580.75,30580.75,30580.75,30580.75,2.0
2026-06-16 10:12,30583.0,30583.25,30583.0,30583.25,3.0
2026-06-16 10:13,30585.0,30586.5,30585.0,30586.5,2.0
2026-06-16 10:14,30589.0,30592.75,30589.0,30590.75,11.0
2026-06-16 10:15,30592.25,30594.0,30592.25,30594.0,3.0
2026-06-16 10:16,30592.5,30596.25,30592.5,30596.0,6.0
2026-06-16 10:17,30596.5,30596.5,30596.5,30596.5,2.0
2026-06-16 10:18,30593.0,30593.5,30589.75,30589.75,15.0
2026-06-16 10:19,30589.25,30589.25,30582.5,30583.25,6.0
2026-06-16 10:20,30584.75,30587.75,30584.75,30587.75,3.0
2026-06-16 10:22,30584.25,30584.5,30579.0,30581.0,11.0
2026-06-16 10:23,30586.75,30599.0,30586.75,30599.0,11.0
2026-06-16 10:24,30595.0,30596.25,30595.0,30596.25,2.0
2026-06-16 10:25,30596.25,30600.0,30596.25,30600.0,4.0
2026-06-16 10:26,30603.5,30607.0,30602.75,30607.0,17.0
2026-06-16 10:27,30605.0,30605.0,30603.25,30605.0,3.0
2026-06-16 10:28,30606.25,30607.0,30605.25,30605.25,5.0
2026-06-16 10:29,30600.0,30600.0,30598.25,30598.25,3.0
2026-06-16 10:30,30601.25,30603.0,30600.5,30603.0,3.0
2026-06-16 10:31,30599.0,30599.0,30596.25,30596.5,3.0
2026-06-16 10:33,30596.25,30596.25,30595.0,30595.5,3.0
2026-06-16 10:34,30598.5,30599.75,30598.5,30599.75,2.0
2026-06-16 10:35,30596.5,30597.5,30594.5,30594.5,10.0
2026-06-16 10:36,30603.0,30606.5,30603.0,30606.0,5.0
2026-06-16 10:37,30608.5,30608.5,30608.5,30608.5,2.0
2026-06-16 10:38,30610.0,30610.0,30606.5,30609.75,3.0
2026-06-16 10:39,30615.5,30623.75,30615.5,30623.75,26.0
2026-06-16 10:40,30623.0,30623.0,30616.0,30617.25,36.0
2026-06-16 10:41,30617.75,30618.25,30615.0,30616.25,4.0
2026-06-16 10:42,30615.5,30616.75,30613.5,30613.5,5.0
2026-06-16 10:43,30615.0,30617.0,30615.0,30617.0,3.0
2026-06-16 10:44,30618.75,30619.5,30617.0,30617.0,14.0
2026-06-16 10:45,30611.5,30615.25,30611.5,30615.25,2.0
2026-06-16 10:46,30612.0,30612.0,30609.75,30610.25,6.0
2026-06-16 10:47,30611.25,30612.75,30608.5,30612.75,6.0
2026-06-16 10:48,30619.5,30622.25,30619.5,30621.75,8.0
2026-06-16 10:49,30621.75,30621.75,30619.0,30619.0,3.0
2026-06-16 10:50,30616.0,30626.0,30615.75,30625.5,11.0
2026-06-16 10:51,30622.75,30622.75,30612.25,30612.25,11.0
2026-06-16 10:52,30610.25,30614.25,30608.75,30614.25,7.0
2026-06-16 10:53,30613.0,30617.0,30611.75,30615.75,6.0
2026-06-16 10:54,30619.0,30619.0,30616.5,30616.5,3.0
2026-06-16 10:55,30616.0,30619.0,30612.75,30617.75,15.0
2026-06-16 10:56,30615.25,30618.0,30615.25,30618.0,15.0
2026-06-16 10:57,30618.5,30619.5,30618.5,30619.5,26.0
2026-06-16 10:58,30618.75,30624.0,30618.75,30624.0,11.0
2026-06-16 10:59,30625.0,30627.5,30625.0,30627.5,20.0
2026-06-16 11:00,30623.75,30640.5,30615.5,30637.5,54.0
2026-06-16 11:01,30637.75,30640.25,30632.25,30635.25,44.0
2026-06-16 11:02,30636.0,30639.5,30632.0,30633.75,29.0
2026-06-16 11:03,30632.75,30645.25,30632.75,30644.5,15.0
2026-06-16 11:04,30645.5,30649.75,30637.0,30645.75,168.0
2026-06-16 11:05,30645.75,30651.25,30642.0,30642.0,120.0
2026-06-16 11:06,30641.5,30646.5,30635.5,30638.75,22.0
2026-06-16 11:07,30639.5,30639.5,30632.5,30633.5,7.0
2026-06-16 11:08,30632.75,30643.25,30632.75,30637.5,16.0
2026-06-16 11:09,30641.0,30641.0,30636.5,30638.0,8.0
2026-06-16 11:10,30633.0,30638.5,30630.0,30638.5,14.0
2026-06-16 11:11,30637.5,30639.75,30636.0,30639.0,7.0
2026-06-16 11:12,30638.75,30641.5,30638.75,30641.5,5.0
2026-06-16 11:13,30640.75,30647.5,30640.75,30646.5,7.0
2026-06-16 11:14,30648.0,30654.75,30648.0,30650.25,26.0
2026-06-16 11:15,30645.0,30647.25,30641.0,30644.75,10.0
2026-06-16 11:16,30645.0,30655.75,30645.0,30654.25,37.0
2026-06-16 11:17,30651.5,30653.75,30650.0,30650.5,19.0
2026-06-16 11:18,30650.0,30654.25,30649.75,30653.5,17.0
2026-06-16 11:19,30654.75,30663.5,30654.75,30661.5,67.0
2026-06-16 11:20,30658.5,30664.5,30655.5,30660.0,16.0
2026-06-16 11:21,30658.75,30663.75,30656.25,30657.75,28.0
2026-06-16 11:22,30655.25,30655.25,30651.25,30651.5,24.0
2026-06-16 11:23,30653.0,30653.0,30644.75,30644.75,21.0
2026-06-16 11:24,30646.0,30647.75,30643.0,30647.75,8.0
2026-06-16 11:25,30646.5,30646.5,30637.25,30637.25,11.0
2026-06-16 11:26,30634.0,30635.0,30630.0,30631.75,11.0
2026-06-16 11:27,30631.75,30631.75,30631.75,30631.75,1.0
2026-06-16 11:28,30640.25,30644.0,30640.25,30644.0,14.0
2026-06-16 11:29,30645.0,30647.75,30640.75,30642.0,30.0
2026-06-16 11:30,30642.0,30646.0,30640.25,30646.0,20.0
2026-06-16 11:31,30645.25,30645.5,30634.0,30634.0,6.0
2026-06-16 11:32,30634.75,30640.75,30634.75,30638.75,5.0
2026-06-16 11:33,30644.25,30644.25,30644.0,30644.0,2.0
2026-06-16 11:34,30644.0,30644.0,30637.5,30637.5,19.0
2026-06-16 11:35,30635.0,30635.75,30621.25,30621.25,27.0
2026-06-16 11:36,30622.25,30624.0,30620.75,30623.75,12.0
2026-06-16 11:37,30625.75,30638.0,30624.75,30638.0,36.0
2026-06-16 11:38,30635.75,30635.75,30634.25,30634.75,6.0
2026-06-16 11:39,30638.25,30638.75,30632.25,30632.25,14.0
2026-06-16 11:40,30637.25,30637.5,30635.25,30635.25,4.0
2026-06-16 11:41,30635.0,30649.0,30635.0,30646.25,22.0
2026-06-16 11:42,30641.5,30641.75,30641.0,30641.75,6.0
2026-06-16 11:43,30642.25,30648.0,30642.25,30645.5,5.0
2026-06-16 11:44,30647.5,30650.0,30646.0,30646.75,13.0
2026-06-16 11:45,30647.25,30651.0,30643.5,30643.75,32.0
2026-06-16 11:46,30644.0,30650.5,30643.75,30645.25,20.0
2026-06-16 11:47,30645.5,30646.5,30643.0,30643.0,5.0
2026-06-16 11:48,30642.0,30647.0,30638.0,30645.5,50.0
2026-06-16 11:49,30643.75,30643.75,30643.75,30643.75,2.0
2026-06-16 11:50,30634.5,30640.25,30632.25,30640.25,11.0
2026-06-16 11:51,30642.25,30645.5,30642.25,30643.25,6.0
2026-06-16 11:52,30639.25,30643.5,30639.25,30642.75,4.0
2026-06-16 11:53,30640.75,30640.75,30633.0,30633.0,6.0
2026-06-16 11:54,30637.5,30637.5,30633.0,30634.75,18.0
2026-06-16 11:55,30635.5,30639.0,30634.5,30638.0,4.0
2026-06-16 11:56,30638.0,30638.0,30634.5,30634.5,12.0
2026-06-16 11:57,30634.0,30637.0,30634.0,30634.5,4.0
2026-06-16 11:58,30632.0,30632.0,30632.0,30632.0,2.0
2026-06-16 11:59,30635.25,30635.25,30631.0,30631.0,4.0
2026-06-16 12:00,30631.0,30632.25,30626.75,30626.75,13.0
2026-06-16 12:01,30628.75,30639.0,30628.75,30637.75,10.0
2026-06-16 12:02,30637.5,30641.0,30636.5,30641.0,6.0
2026-06-16 12:03,30639.25,30639.75,30639.0,30639.75,4.0
2026-06-16 12:04,30638.0,30639.75,30628.0,30628.0,12.0
2026-06-16 12:05,30629.0,30630.25,30628.5,30629.75,22.0
2026-06-16 12:06,30635.75,30635.75,30635.75,30635.75,1.0
2026-06-16 12:07,30637.5,30639.75,30636.5,30636.5,18.0
2026-06-16 12:08,30643.0,30645.0,30642.0,30642.5,11.0
2026-06-16 12:09,30637.75,30639.25,30637.75,30639.25,2.0
2026-06-16 12:10,30639.25,30639.25,30639.25,30639.25,1.0
2026-06-16 12:11,30633.5,30634.25,30629.0,30629.0,4.0
2026-06-16 12:12,30628.5,30628.5,30617.75,30618.25,13.0
2026-06-16 12:13,30616.5,30619.0,30615.0,30619.0,6.0
2026-06-16 12:14,30618.75,30618.75,30616.5,30617.75,4.0
2026-06-16 12:15,30613.5,30613.75,30609.75,30613.75,19.0
2026-06-16 12:16,30612.75,30612.75,30601.25,30601.25,22.0
2026-06-16 12:17,30603.0,30605.0,30601.0,30602.25,9.0
2026-06-16 12:18,30600.0,30602.5,30587.0,30589.5,38.0
2026-06-16 12:19,30587.5,30596.0,30587.5,30595.25,20.0
2026-06-16 12:20,30596.5,30596.5,30574.0,30575.75,23.0
2026-06-16 12:21,30576.75,30576.75,30563.25,30566.75,93.0
2026-06-16 12:22,30569.75,30575.75,30563.5,30564.75,37.0
2026-06-16 12:23,30563.0,30573.0,30561.0,30567.75,62.0
2026-06-16 12:24,30564.5,30564.5,30538.75,30540.0,46.0
2026-06-16 12:25,30542.5,30551.75,30537.75,30547.0,67.0
2026-06-16 12:26,30550.0,30555.25,30545.75,30545.75,36.0
2026-06-16 12:27,30544.5,30544.5,30530.25,30535.0,23.0
2026-06-16 12:28,30542.5,30552.0,30538.5,30552.0,17.0
2026-06-16 12:29,30546.75,30557.0,30546.75,30557.0,20.0
2026-06-16 12:30,30549.25,30561.5,30546.0,30556.75,30.0
2026-06-16 12:31,30555.0,30562.5,30533.25,30534.0,157.0
2026-06-16 12:32,30539.25,30539.25,30526.25,30531.5,41.0
2026-06-16 12:33,30532.0,30543.25,30532.0,30539.0,18.0
2026-06-16 12:34,30548.0,30553.25,30544.5,30552.75,27.0
2026-06-16 12:35,30552.25,30556.0,30548.0,30551.5,19.0
2026-06-16 12:36,30547.75,30547.75,30539.5,30539.5,53.0
2026-06-16 12:37,30538.25,30542.5,30535.5,30539.0,27.0
2026-06-16 12:38,30546.25,30546.25,30534.75,30537.25,17.0
2026-06-16 12:39,30536.25,30538.25,30535.75,30538.25,5.0
2026-06-16 12:40,30538.75,30541.25,30531.25,30541.25,21.0
2026-06-16 12:41,30543.25,30546.5,30535.25,30535.25,15.0
2026-06-16 12:42,30532.75,30534.5,30521.75,30523.0,65.0
2026-06-16 12:43,30521.25,30523.0,30518.0,30518.5,38.0
2026-06-16 12:44,30519.75,30524.75,30519.5,30524.75,65.0
2026-06-16 12:45,30524.0,30534.75,30522.25,30534.5,25.0
2026-06-16 12:46,30532.0,30532.0,30517.5,30518.75,54.0
2026-06-16 12:47,30519.5,30523.75,30515.0,30521.25,90.0
2026-06-16 12:48,30521.25,30526.25,30517.5,30517.5,23.0
2026-06-16 12:49,30518.0,30524.75,30508.75,30520.0,103.0
2026-06-16 12:50,30519.75,30541.75,30519.75,30534.0,54.0
2026-06-16 12:51,30534.25,30540.25,30534.25,30537.5,17.0
2026-06-16 12:52,30537.0,30540.0,30528.5,30530.0,33.0
2026-06-16 12:53,30529.75,30531.75,30521.0,30523.0,22.0
2026-06-16 12:54,30525.5,30525.5,30518.0,30522.75,42.0
2026-06-16 12:55,30530.0,30530.0,30524.5,30524.5,8.0
2026-06-16 12:56,30525.75,30538.25,30525.75,30534.75,23.0
2026-06-16 12:57,30532.25,30535.25,30529.5,30529.5,10.0
2026-06-16 12:58,30531.0,30533.25,30529.25,30529.25,7.0
2026-06-16 12:59,30527.0,30528.5,30520.0,30520.5,16.0
2026-06-16 13:00,30520.25,30526.25,30510.5,30518.5,61.0
2026-06-16 13:01,30518.25,30518.75,30507.0,30508.25,64.0
2026-06-16 13:02,30507.25,30525.25,30505.5,30525.25,126.0
2026-06-16 13:03,30522.5,30523.75,30520.0,30520.0,15.0
2026-06-16 13:04,30520.0,30525.5,30510.0,30513.0,49.0
2026-06-16 13:05,30513.25,30514.25,30504.75,30506.25,44.0
2026-06-16 13:06,30506.25,30508.0,30502.0,30506.25,24.0
2026-06-16 13:07,30506.0,30506.0,30493.5,30493.75,128.0
2026-06-16 13:08,30495.0,30496.25,30487.5,30488.75,88.0
2026-06-16 13:09,30488.75,30492.0,30482.75,30484.75,107.0
2026-06-16 13:10,30485.75,30486.5,30477.5,30481.75,88.0
2026-06-16 13:11,30485.25,30498.25,30485.25,30498.25,75.0
2026-06-16 13:12,30498.75,30505.5,30498.0,30504.5,74.0
2026-06-16 13:13,30500.5,30509.5,30500.5,30509.5,26.0
2026-06-16 13:14,30507.5,30513.75,30507.5,30512.5,66.0
2026-06-16 13:15,30513.5,30515.5,30510.75,30511.5,59.0
2026-06-16 13:16,30508.75,30511.25,30501.75,30510.0,58.0
2026-06-16 13:17,30514.0,30522.25,30513.75,30520.0,59.0
2026-06-16 13:18,30522.5,30526.5,30520.0,30522.75,42.0
2026-06-16 13:19,30522.75,30530.5,30522.75,30526.25,32.0
2026-06-16 13:20,30526.0,30530.5,30524.75,30527.25,28.0
2026-06-16 13:21,30528.5,30537.0,30526.0,30534.0,38.0
2026-06-16 13:22,30530.75,30533.75,30525.0,30525.0,53.0
2026-06-16 13:23,30525.0,30530.5,30522.75,30527.75,46.0
2026-06-16 13:24,30528.25,30532.5,30527.0,30532.0,35.0
2026-06-16 13:25,30532.5,30533.0,30520.75,30525.5,98.0
2026-06-16 13:26,30526.5,30530.0,30523.75,30528.25,29.0
2026-06-16 13:27,30530.0,30531.25,30511.75,30515.0,59.0
2026-06-16 13:28,30515.5,30526.75,30515.5,30521.5,69.0
2026-06-16 13:29,30521.5,30528.25,30502.5,30504.0,394.0
2026-06-16 13:30,30502.0,30509.5,30458.75,30500.0,1598.0
2026-06-16 13:31,30489.0,30491.5,30458.0,30477.0,480.0
2026-06-16 13:32,30477.25,30490.0,30469.75,30482.5,355.0
2026-06-16 13:33,30482.25,30496.25,30455.0,30457.0,406.0
2026-06-16 13:34,30456.75,30487.0,30443.5,30483.0,342.0
2026-06-16 13:35,30483.25,30524.75,30483.0,30524.0,370.0
2026-06-16 13:36,30524.0,30524.0,30489.0,30499.5,302.0
2026-06-16 13:37,30500.5,30531.0,30485.5,30524.5,411.0
2026-06-16 13:38,30524.25,30531.0,30514.5,30521.0,229.0
2026-06-16 13:39,30520.75,30521.75,30474.0,30475.0,353.0
2026-06-16 13:40,30473.75,30526.5,30473.0,30511.5,261.0
2026-06-16 13:41,30508.75,30537.75,30506.75,30531.0,179.0
2026-06-16 13:42,30531.75,30547.25,30524.5,30546.75,309.0
2026-06-16 13:43,30545.75,30552.0,30526.75,30534.75,388.0
2026-06-16 13:44,30540.0,30541.5,30498.75,30513.0,294.0
2026-06-16 13:45,30511.5,30529.5,30505.25,30508.25,212.0
2026-06-16 13:46,30508.0,30553.25,30506.25,30553.25,222.0
2026-06-16 13:47,30553.0,30566.0,30534.25,30564.0,240.0
2026-06-16 13:48,30564.75,30564.75,30537.5,30561.25,214.0
2026-06-16 13:49,30566.0,30575.25,30546.5,30554.5,174.0
2026-06-16 13:50,30554.75,30574.75,30553.0,30573.5,99.0
2026-06-16 13:51,30573.25,30575.75,30560.25,30563.5,184.0
2026-06-16 13:52,30565.25,30574.0,30536.75,30547.0,156.0
2026-06-16 13:53,30548.5,30557.75,30540.0,30555.5,144.0
2026-06-16 13:54,30553.25,30568.25,30549.0,30561.25,91.0
2026-06-16 13:55,30560.75,30580.75,30558.5,30573.5,194.0
2026-06-16 13:56,30572.25,30572.25,30546.5,30556.75,152.0
2026-06-16 13:57,30557.0,30557.0,30521.25,30531.25,233.0
2026-06-16 13:58,30531.5,30557.25,30531.5,30541.75,140.0
2026-06-16 13:59,30543.75,30545.0,30491.5,30499.75,274.0
2026-06-16 14:00,30500.25,30521.5,30495.0,30504.0,202.0
2026-06-16 14:01,30503.75,30515.75,30499.5,30511.75,123.0
2026-06-16 14:02,30509.25,30522.25,30499.75,30504.25,86.0
2026-06-16 14:03,30503.25,30510.75,30486.75,30505.25,170.0
2026-06-16 14:04,30506.75,30529.0,30502.5,30525.25,160.0
2026-06-16 14:05,30524.0,30527.75,30497.5,30501.25,126.0
2026-06-16 14:06,30498.0,30512.0,30495.5,30505.5,100.0
2026-06-16 14:07,30505.25,30534.0,30503.5,30527.5,111.0
2026-06-16 14:08,30530.75,30546.25,30522.75,30535.0,123.0
2026-06-16 14:09,30537.0,30542.25,30515.0,30542.25,137.0
2026-06-16 14:10,30541.5,30545.5,30524.5,30526.5,75.0
2026-06-16 14:11,30526.5,30533.5,30512.75,30530.25,118.0
2026-06-16 14:12,30529.75,30540.25,30522.75,30525.5,89.0
2026-06-16 14:13,30528.25,30536.25,30509.5,30513.5,91.0
2026-06-16 14:14,30511.75,30514.25,30493.0,30501.5,141.0
2026-06-16 14:15,30508.0,30517.0,30497.5,30500.5,101.0
2026-06-16 14:16,30503.75,30503.75,30465.25,30468.75,221.0
2026-06-16 14:17,30469.0,30481.75,30463.75,30470.25,228.0
2026-06-16 14:18,30471.5,30487.75,30462.25,30465.25,408.0
2026-06-16 14:19,30466.75,30467.0,30423.0,30431.75,730.0
2026-06-16 14:20,30432.75,30447.25,30415.25,30439.0,356.0
2026-06-16 14:21,30438.75,30462.25,30420.0,30430.0,379.0
2026-06-16 14:22,30430.0,30430.0,30395.0,30411.0,353.0
2026-06-16 14:23,30410.75,30410.75,30374.0,30378.5,427.0
2026-06-16 14:24,30378.25,30411.75,30365.75,30405.25,328.0
2026-06-16 14:25,30406.75,30428.0,30402.5,30420.5,135.0
2026-06-16 14:26,30419.75,30443.0,30413.25,30414.25,213.0
2026-06-16 14:27,30414.25,30415.0,30370.25,30382.0,232.0
2026-06-16 14:28,30382.75,30411.25,30380.5,30386.75,224.0
2026-06-16 14:29,30382.25,30390.75,30374.5,30374.75,209.0
2026-06-16 14:30,30374.25,30375.25,30335.25,30338.0,309.0
2026-06-16 14:31,30340.75,30350.0,30310.0,30312.0,425.0
2026-06-16 14:32,30313.75,30328.0,30294.0,30312.25,398.0
2026-06-16 14:33,30311.5,30324.25,30280.0,30313.5,269.0
2026-06-16 14:34,30313.25,30330.25,30300.0,30302.75,227.0
2026-06-16 14:35,30301.75,30338.75,30298.0,30318.75,304.0
2026-06-16 14:36,30322.0,30344.25,30318.0,30336.25,268.0
2026-06-16 14:37,30334.25,30356.25,30316.0,30350.75,230.0
2026-06-16 14:38,30353.25,30362.0,30350.5,30359.5,173.0
2026-06-16 14:39,30362.0,30372.25,30347.5,30368.0,160.0
2026-06-16 14:40,30366.75,30397.75,30348.75,30392.0,186.0
2026-06-16 14:41,30389.5,30406.75,30379.0,30383.5,143.0
2026-06-16 14:42,30392.5,30400.0,30375.25,30396.0,105.0
2026-06-16 14:43,30395.75,30395.75,30376.5,30377.75,69.0
2026-06-16 14:44,30381.75,30387.5,30369.5,30373.75,138.0
2026-06-16 14:45,30372.5,30372.5,30334.5,30337.0,153.0
2026-06-16 14:46,30340.25,30359.0,30330.75,30353.5,170.0
2026-06-16 14:47,30352.0,30352.5,30321.75,30325.5,122.0
2026-06-16 14:48,30326.25,30344.0,30316.5,30320.25,109.0
2026-06-16 14:49,30320.5,30335.0,30318.25,30321.0,80.0
2026-06-16 14:50,30322.75,30354.25,30318.5,30343.0,132.0
2026-06-16 14:51,30340.25,30362.25,30340.25,30349.75,92.0
2026-06-16 14:52,30347.0,30359.5,30326.5,30358.25,88.0
2026-06-16 14:53,30354.75,30363.75,30328.0,30335.5,144.0
2026-06-16 14:54,30335.5,30340.0,30315.0,30323.25,131.0
2026-06-16 14:55,30323.75,30323.75,30287.25,30293.75,246.0
2026-06-16 14:56,30292.0,30319.75,30290.0,30306.0,131.0
2026-06-16 14:57,30303.5,30323.25,30299.25,30308.75,92.0
2026-06-16 14:58,30310.25,30318.5,30271.5,30276.0,216.0
2026-06-16 14:59,30272.0,30293.5,30255.0,30293.5,346.0
2026-06-16 15:00,30292.0,30313.25,30292.0,30299.0,264.0
2026-06-16 15:01,30293.75,30306.25,30286.75,30304.0,69.0
2026-06-16 15:02,30303.75,30308.0,30291.5,30305.5,90.0
2026-06-16 15:03,30305.25,30320.0,30297.5,30319.5,111.0
2026-06-16 15:04,30318.25,30329.75,30310.25,30323.0,208.0
2026-06-16 15:05,30323.75,30341.75,30303.0,30341.25,167.0
2026-06-16 15:06,30338.0,30343.0,30323.75,30339.0,254.0
2026-06-16 15:07,30339.5,30339.75,30314.0,30316.75,88.0
2026-06-16 15:08,30321.0,30333.0,30306.25,30328.25,45.0
2026-06-16 15:09,30329.25,30336.5,30320.5,30327.5,70.0
2026-06-16 15:10,30327.75,30357.0,30318.75,30354.0,209.0
2026-06-16 15:11,30353.25,30353.5,30328.75,30328.75,149.0
2026-06-16 15:12,30327.5,30333.25,30302.25,30312.75,81.0
2026-06-16 15:13,30317.25,30336.25,30316.0,30319.0,114.0
2026-06-16 15:14,30319.0,30320.25,30305.0,30315.25,91.0
2026-06-16 15:15,30311.75,30331.0,30311.25,30326.0,68.0
2026-06-16 15:16,30326.5,30340.5,30324.0,30330.5,129.0
2026-06-16 15:17,30331.5,30331.5,30308.0,30308.5,94.0
2026-06-16 15:18,30307.5,30312.25,30290.0,30305.0,223.0
2026-06-16 15:19,30305.5,30310.25,30285.75,30287.75,83.0
2026-06-16 15:20,30286.5,30295.75,30266.25,30267.5,187.0
2026-06-16 15:21,30272.5,30305.5,30271.25,30279.0,141.0
2026-06-16 15:22,30276.75,30281.25,30248.0,30254.25,212.0
2026-06-16 15:23,30249.0,30263.0,30242.5,30246.0,107.0
2026-06-16 15:24,30244.25,30255.5,30227.5,30255.5,193.0
2026-06-16 15:25,30255.25,30265.75,30245.25,30259.5,123.0
2026-06-16 15:26,30260.5,30260.75,30208.25,30208.75,274.0
2026-06-16 15:27,30209.0,30224.0,30203.0,30205.75,156.0
2026-06-16 15:28,30206.75,30228.0,30193.25,30223.75,308.0
2026-06-16 15:29,30224.5,30244.25,30220.0,30228.5,155.0
2026-06-16 15:30,30232.0,30247.75,30229.25,30242.5,108.0
2026-06-16 15:31,30243.75,30250.0,30231.25,30235.75,121.0
2026-06-16 15:32,30237.75,30248.25,30228.5,30245.0,78.0
2026-06-16 15:33,30242.75,30259.0,30229.25,30255.5,101.0
2026-06-16 15:34,30254.25,30264.0,30245.0,30247.0,90.0
2026-06-16 15:35,30246.75,30267.5,30246.75,30264.5,75.0
2026-06-16 15:36,30264.0,30266.5,30237.0,30237.0,91.0
2026-06-16 15:37,30238.0,30239.0,30217.75,30217.75,135.0
2026-06-16 15:38,30218.25,30227.0,30194.25,30203.0,132.0
2026-06-16 15:39,30203.25,30203.25,30181.0,30197.5,196.0
2026-06-16 15:40,30199.0,30203.0,30185.5,30199.5,133.0
2026-06-16 15:41,30205.0,30213.0,30185.75,30194.0,104.0
2026-06-16 15:42,30189.75,30189.75,30158.75,30165.0,328.0
2026-06-16 15:43,30165.5,30175.75,30158.25,30166.75,338.0
2026-06-16 15:44,30172.75,30179.25,30159.75,30170.75,79.0
2026-06-16 15:45,30166.75,30182.5,30144.0,30144.0,186.0
2026-06-16 15:46,30146.0,30146.25,30115.0,30116.5,166.0
2026-06-16 15:47,30117.75,30130.25,30111.5,30123.75,220.0
2026-06-16 15:48,30121.25,30126.25,30101.0,30110.25,137.0
2026-06-16 15:49,30111.75,30137.25,30111.75,30127.25,96.0
2026-06-16 15:50,30127.0,30135.75,30104.25,30135.0,281.0
2026-06-16 15:51,30134.75,30144.0,30122.0,30142.0,149.0
2026-06-16 15:52,30140.0,30159.25,30134.75,30158.25,210.0
2026-06-16 15:53,30158.25,30188.0,30156.0,30187.5,512.0
2026-06-16 15:54,30187.0,30208.75,30177.25,30200.25,311.0
2026-06-16 15:55,30200.75,30206.5,30192.5,30194.0,187.0
2026-06-16 15:56,30196.0,30212.25,30183.75,30207.5,304.0
2026-06-16 15:57,30207.0,30222.5,30202.75,30213.75,225.0
2026-06-16 15:58,30214.0,30214.0,30161.5,30167.75,192.0
2026-06-16 15:59,30166.25,30183.25,30159.75,30160.5,111.0
2026-06-16 16:00,30161.0,30199.75,30158.25,30197.75,156.0
2026-06-16 16:01,30197.5,30226.0,30197.5,30218.75,185.0
2026-06-16 16:02,30218.0,30228.5,30213.5,30226.75,128.0
2026-06-16 16:03,30226.25,30236.5,30224.25,30235.75,168.0
2026-06-16 16:04,30233.75,30238.25,30214.75,30223.0,173.0
2026-06-16 16:05,30224.75,30250.0,30218.5,30237.75,181.0
2026-06-16 16:06,30236.25,30241.75,30225.25,30229.5,102.0
2026-06-16 16:07,30228.75,30232.25,30217.5,30221.25,66.0
2026-06-16 16:08,30219.25,30219.25,30206.0,30216.5,94.0
2026-06-16 16:09,30214.25,30232.75,30214.25,30230.75,72.0
2026-06-16 16:10,30230.0,30238.0,30225.0,30229.25,71.0
2026-06-16 16:11,30230.75,30235.25,30216.25,30234.75,52.0
2026-06-16 16:12,30235.75,30252.25,30231.75,30250.0,201.0
2026-06-16 16:13,30248.75,30259.0,30235.0,30237.5,159.0
2026-06-16 16:14,30241.5,30245.0,30229.0,30230.5,46.0
2026-06-16 16:15,30230.0,30244.0,30224.25,30237.0,86.0
2026-06-16 16:16,30238.25,30249.75,30226.75,30228.25,91.0
2026-06-16 16:17,30228.0,30228.0,30205.0,30216.5,203.0
2026-06-16 16:18,30212.5,30237.75,30210.25,30232.0,74.0
2026-06-16 16:19,30229.5,30241.75,30221.5,30239.25,56.0
2026-06-16 16:20,30236.75,30239.0,30226.75,30228.5,33.0
2026-06-16 16:21,30236.0,30250.0,30236.0,30248.5,53.0
2026-06-16 16:22,30249.0,30267.0,30237.5,30242.0,141.0
2026-06-16 16:23,30242.25,30244.25,30231.75,30237.75,88.0
2026-06-16 16:24,30239.25,30246.5,30236.0,30242.5,13.0
2026-06-16 16:25,30239.5,30247.25,30236.0,30240.25,45.0
2026-06-16 16:26,30237.75,30243.75,30223.25,30225.75,77.0
2026-06-16 16:27,30228.25,30232.75,30219.0,30223.75,73.0
2026-06-16 16:28,30224.0,30242.75,30219.0,30240.25,88.0
2026-06-16 16:29,30238.0,30241.0,30226.25,30230.5,46.0
2026-06-16 16:30,30230.5,30231.25,30205.75,30205.75,100.0
2026-06-16 16:31,30208.0,30211.0,30170.25,30172.0,192.0
2026-06-16 16:32,30174.0,30185.5,30166.0,30175.5,109.0
2026-06-16 16:33,30173.75,30184.25,30168.25,30179.0,63.0
2026-06-16 16:34,30179.75,30181.75,30162.25,30162.25,54.0
2026-06-16 16:35,30161.5,30184.5,30157.75,30182.25,142.0
2026-06-16 16:36,30180.0,30180.0,30144.75,30153.5,156.0
2026-06-16 16:37,30147.25,30152.0,30141.0,30152.0,80.0
2026-06-16 16:38,30145.5,30158.75,30143.5,30153.0,87.0
2026-06-16 16:39,30147.0,30165.75,30139.0,30163.25,94.0
2026-06-16 16:40,30163.0,30170.75,30151.5,30166.0,105.0
2026-06-16 16:41,30166.25,30190.75,30166.25,30180.25,124.0
2026-06-16 16:42,30179.0,30190.25,30177.5,30179.75,52.0
2026-06-16 16:43,30180.25,30208.0,30177.5,30202.25,117.0
2026-06-16 16:44,30203.0,30203.0,30188.25,30192.5,90.0
2026-06-16 16:45,30190.25,30191.75,30172.0,30179.25,130.0
2026-06-16 16:46,30180.0,30200.0,30180.0,30200.0,78.0
2026-06-16 16:47,30199.75,30213.0,30196.5,30210.75,202.0
2026-06-16 16:48,30207.75,30210.25,30192.0,30192.25,100.0
2026-06-16 16:49,30191.25,30194.25,30183.25,30185.25,97.0
2026-06-16 16:50,30188.5,30211.75,30188.5,30208.5,73.0
2026-06-16 16:51,30208.5,30215.25,30197.25,30198.25,43.0
2026-06-16 16:52,30196.5,30196.5,30176.0,30182.75,98.0
2026-06-16 16:53,30184.0,30190.5,30166.5,30168.75,90.0
2026-06-16 16:54,30169.25,30181.5,30166.5,30174.5,96.0
2026-06-16 16:55,30173.5,30183.25,30159.25,30162.25,104.0
2026-06-16 16:56,30161.5,30169.75,30142.25,30146.75,189.0
2026-06-16 16:57,30144.0,30167.0,30142.0,30166.25,318.0
2026-06-16 16:58,30165.5,30178.0,30160.75,30170.0,71.0
2026-06-16 16:59,30171.5,30186.75,30168.75,30186.75,49.0
2026-06-16 17:00,30186.0,30186.0,30160.0,30169.5,104.0
2026-06-16 17:01,30168.5,30173.75,30166.0,30169.75,32.0
2026-06-16 17:02,30173.0,30178.0,30144.0,30148.0,119.0
2026-06-16 17:03,30147.75,30173.5,30147.25,30172.5,91.0
2026-06-16 17:04,30171.25,30181.0,30165.75,30165.75,63.0
2026-06-16 17:05,30166.0,30166.0,30152.0,30152.0,44.0
2026-06-16 17:06,30153.5,30170.25,30151.75,30160.5,56.0
2026-06-16 17:07,30163.25,30167.25,30151.75,30156.5,59.0
2026-06-16 17:08,30153.25,30160.0,30149.0,30158.25,52.0
2026-06-16 17:09,30157.25,30160.25,30150.75,30155.25,81.0
2026-06-16 17:10,30159.75,30169.0,30157.25,30163.5,27.0
2026-06-16 17:11,30163.25,30171.5,30152.75,30158.75,57.0
2026-06-16 17:12,30152.5,30176.25,30152.5,30172.0,58.0
2026-06-16 17:13,30173.0,30187.0,30172.5,30183.25,75.0
2026-06-16 17:14,30181.75,30182.0,30166.5,30170.75,47.0
2026-06-16 17:15,30165.75,30174.75,30162.75,30164.5,39.0
2026-06-16 17:16,30160.0,30176.75,30160.0,30171.0,22.0
2026-06-16 17:17,30166.5,30178.75,30163.25,30173.75,36.0
2026-06-16 17:18,30173.75,30177.0,30167.0,30167.0,31.0
2026-06-16 17:19,30168.25,30168.25,30142.5,30145.25,113.0
2026-06-16 17:20,30146.0,30150.5,30140.75,30144.5,72.0
2026-06-16 17:21,30145.0,30149.25,30124.5,30131.75,109.0
2026-06-16 17:22,30134.75,30139.0,30116.25,30120.5,59.0
2026-06-16 17:23,30123.5,30151.25,30121.75,30146.75,114.0
2026-06-16 17:24,30145.0,30162.25,30142.75,30162.25,89.0
2026-06-16 17:25,30162.25,30165.5,30146.75,30146.75,104.0
2026-06-16 17:26,30148.25,30149.5,30137.75,30148.25,67.0
2026-06-16 17:27,30147.75,30158.5,30146.0,30149.25,68.0
2026-06-16 17:28,30153.5,30153.5,30141.0,30152.75,93.0
2026-06-16 17:29,30152.25,30163.75,30145.75,30145.75,93.0
2026-06-16 17:30,30146.25,30146.5,30128.0,30128.0,97.0
2026-06-16 17:31,30128.25,30134.0,30119.5,30131.75,84.0
2026-06-16 17:32,30132.5,30141.5,30127.5,30137.75,57.0
2026-06-16 17:33,30139.75,30149.5,30137.75,30144.5,36.0
2026-06-16 17:34,30142.75,30153.0,30136.25,30136.25,61.0
2026-06-16 17:35,30134.75,30140.0,30124.25,30126.0,76.0
2026-06-16 17:36,30125.25,30131.25,30125.25,30127.25,56.0
2026-06-16 17:37,30128.0,30128.5,30107.5,30110.5,127.0
2026-06-16 17:38,30110.0,30113.25,30098.25,30100.5,211.0
2026-06-16 17:39,30100.5,30109.25,30089.0,30101.75,96.0
2026-06-16 17:40,30101.5,30102.5,30090.0,30099.5,68.0
2026-06-16 17:41,30097.75,30123.0,30096.5,30117.75,133.0
2026-06-16 17:42,30117.5,30129.5,30112.25,30129.0,107.0
2026-06-16 17:43,30130.75,30142.75,30126.75,30142.75,109.0
2026-06-16 17:44,30147.0,30148.25,30132.5,30134.5,60.0
2026-06-16 17:45,30131.75,30153.25,30130.25,30145.5,52.0
2026-06-16 17:46,30144.25,30145.25,30117.5,30128.5,75.0
2026-06-16 17:47,30128.5,30149.25,30128.5,30143.0,63.0
2026-06-16 17:48,30144.75,30150.0,30138.5,30143.0,44.0
2026-06-16 17:49,30143.0,30159.5,30142.5,30159.5,52.0
2026-06-16 17:50,30159.5,30164.5,30149.5,30159.5,67.0
2026-06-16 17:51,30159.25,30172.75,30159.0,30168.25,154.0
2026-06-16 17:52,30167.75,30180.25,30165.25,30179.0,102.0
2026-06-16 17:53,30180.0,30185.0,30171.25,30177.75,125.0
2026-06-16 17:54,30177.75,30195.25,30174.5,30194.75,96.0
2026-06-16 17:55,30194.5,30196.0,30188.5,30191.5,56.0
2026-06-16 17:56,30195.5,30204.25,30192.0,30195.25,60.0
2026-06-16 17:57,30191.25,30191.25,30182.0,30186.75,72.0
2026-06-16 17:58,30187.5,30188.0,30164.5,30166.75,84.0
2026-06-16 17:59,30166.5,30170.25,30163.0,30163.5,34.0
2026-06-16 18:00,30161.75,30173.0,30160.0,30164.5,39.0
2026-06-16 18:01,30166.25,30171.0,30160.5,30171.0,24.0
2026-06-16 18:02,30169.5,30178.25,30169.5,30177.25,32.0
2026-06-16 18:03,30176.0,30182.0,30170.5,30172.75,57.0
2026-06-16 18:04,30172.25,30178.5,30168.0,30178.0,20.0
2026-06-16 18:05,30176.0,30180.75,30174.0,30175.5,37.0
2026-06-16 18:06,30176.0,30176.0,30161.0,30161.5,54.0
2026-06-16 18:07,30163.25,30170.0,30162.75,30170.0,8.0
2026-06-16 18:08,30174.0,30174.25,30171.25,30171.75,13.0
2026-06-16 18:09,30171.75,30173.0,30169.5,30170.0,26.0
2026-06-16 18:10,30169.75,30175.25,30167.75,30170.5,38.0
2026-06-16 18:11,30170.5,30172.25,30166.0,30167.5,9.0
2026-06-16 18:12,30173.75,30177.0,30170.0,30177.0,28.0
2026-06-16 18:13,30178.5,30178.75,30165.75,30166.25,35.0
2026-06-16 18:14,30169.25,30169.25,30158.0,30162.25,34.0
2026-06-16 18:15,30161.75,30161.75,30137.25,30142.0,109.0
2026-06-16 18:16,30144.0,30150.5,30135.75,30141.25,47.0
2026-06-16 18:17,30141.0,30151.0,30135.75,30151.0,43.0
2026-06-16 18:18,30149.5,30155.0,30142.5,30153.0,30.0
2026-06-16 18:19,30150.75,30158.75,30139.0,30141.75,21.0
2026-06-16 18:20,30143.0,30144.0,30134.75,30142.5,20.0
2026-06-16 18:21,30142.5,30145.5,30137.0,30140.0,16.0
2026-06-16 18:22,30139.25,30149.5,30139.25,30148.0,21.0
2026-06-16 18:23,30148.75,30155.0,30143.5,30143.5,15.0
2026-06-16 18:24,30142.0,30147.0,30139.75,30147.0,18.0
2026-06-16 18:25,30147.25,30160.75,30147.25,30157.75,30.0
2026-06-16 18:26,30158.25,30170.25,30158.25,30170.0,43.0
2026-06-16 18:27,30168.5,30170.75,30162.75,30162.75,9.0
2026-06-16 18:28,30157.0,30159.5,30148.0,30148.0,23.0
2026-06-16 18:29,30150.0,30158.5,30150.0,30156.25,8.0
2026-06-16 18:30,30158.25,30163.0,30141.25,30142.75,64.0
2026-06-16 18:31,30146.5,30150.75,30142.25,30149.5,18.0
2026-06-16 18:32,30146.5,30149.25,30135.25,30136.75,59.0
2026-06-16 18:33,30137.75,30139.5,30126.75,30134.25,84.0
2026-06-16 18:34,30133.25,30141.5,30131.0,30132.0,25.0
2026-06-16 18:35,30128.75,30131.25,30111.5,30121.0,79.0
2026-06-16 18:36,30119.0,30132.75,30114.25,30127.25,106.0
2026-06-16 18:37,30127.0,30139.75,30126.5,30138.25,54.0
2026-06-16 18:38,30136.25,30145.0,30134.0,30145.0,55.0
2026-06-16 18:39,30141.25,30150.0,30137.5,30145.0,57.0
2026-06-16 18:40,30144.5,30153.5,30144.5,30147.5,23.0
2026-06-16 18:41,30146.75,30148.5,30140.0,30146.0,24.0
2026-06-16 18:42,30143.25,30150.75,30137.75,30149.0,36.0
2026-06-16 18:43,30150.25,30154.75,30148.0,30151.25,27.0
2026-06-16 18:44,30148.75,30155.75,30148.25,30150.0,24.0
2026-06-16 18:45,30151.25,30155.0,30146.25,30147.25,67.0
2026-06-16 18:46,30142.25,30151.75,30137.25,30150.25,30.0
2026-06-16 18:47,30147.0,30156.0,30145.75,30146.25,32.0
2026-06-16 18:48,30148.25,30152.25,30141.5,30141.5,28.0
2026-06-16 18:49,30141.5,30141.5,30121.0,30124.25,76.0
2026-06-16 18:50,30125.5,30134.25,30125.0,30127.5,38.0
2026-06-16 18:51,30127.25,30134.75,30126.0,30133.5,48.0
2026-06-16 18:52,30135.75,30140.75,30131.0,30133.0,11.0
2026-06-16 18:53,30128.0,30130.5,30119.75,30130.5,26.0
2026-06-16 18:54,30129.5,30129.5,30123.0,30128.75,18.0
2026-06-16 18:55,30127.5,30128.75,30122.75,30125.25,29.0
2026-06-16 18:56,30128.0,30139.5,30128.0,30134.25,29.0
2026-06-16 18:57,30136.0,30136.0,30115.5,30115.5,26.0
2026-06-16 18:58,30113.75,30123.25,30111.0,30123.25,85.0
2026-06-16 18:59,30123.25,30128.5,30122.5,30128.5,23.0
2026-06-16 19:00,30127.0,30127.0,30108.5,30113.5,66.0
2026-06-16 19:01,30113.5,30131.75,30113.0,30131.75,60.0
2026-06-16 19:02,30130.75,30130.75,30119.5,30125.5,44.0
2026-06-16 19:03,30127.5,30145.75,30127.5,30143.5,49.0
2026-06-16 19:04,30144.25,30165.0,30144.25,30157.75,73.0
2026-06-16 19:05,30159.75,30161.0,30134.0,30135.0,75.0
2026-06-16 19:06,30136.75,30148.5,30134.0,30146.25,55.0
2026-06-16 19:07,30144.75,30163.5,30144.25,30163.5,50.0
2026-06-16 19:08,30163.25,30163.25,30138.5,30140.25,58.0
2026-06-16 19:09,30137.75,30139.5,30121.75,30123.5,77.0
2026-06-16 19:10,30124.25,30130.25,30102.0,30104.25,98.0
2026-06-16 19:11,30103.0,30110.25,30096.0,30099.5,155.0
2026-06-16 19:12,30097.0,30097.0,30078.75,30078.75,210.0
2026-06-16 19:13,30079.5,30090.25,30078.0,30081.75,119.0
2026-06-16 19:14,30081.0,30093.5,30077.5,30087.5,148.0
2026-06-16 19:15,30084.0,30084.0,30049.5,30049.75,201.0
2026-06-16 19:16,30051.5,30055.0,30025.5,30042.0,161.0
2026-06-16 19:17,30044.0,30061.5,30033.0,30058.25,145.0
2026-06-16 19:18,30058.0,30065.25,30055.25,30058.75,104.0
2026-06-16 19:19,30059.25,30089.25,30057.75,30087.0,158.0
2026-06-16 19:20,30084.5,30105.5,30082.0,30105.5,89.0
2026-06-16 19:21,30105.5,30115.0,30102.5,30105.25,83.0
2026-06-16 19:22,30106.5,30113.5,30099.5,30107.25,40.0
2026-06-16 19:23,30102.0,30110.0,30091.25,30110.0,69.0
2026-06-16 19:24,30111.75,30123.25,30107.75,30119.75,103.0
2026-06-16 19:25,30120.0,30131.0,30117.0,30125.5,66.0
2026-06-16 19:26,30120.0,30120.0,30103.75,30111.5,53.0
2026-06-16 19:27,30111.0,30121.5,30109.25,30120.0,54.0
2026-06-16 19:28,30116.75,30122.0,30114.25,30120.25,26.0
2026-06-16 19:29,30119.25,30134.75,30119.25,30127.75,84.0
2026-06-16 19:30,30128.75,30144.5,30118.0,30140.25,212.0
2026-06-16 19:31,30132.5,30139.5,30125.75,30129.25,116.0
2026-06-16 19:32,30129.75,30141.0,30118.25,30132.75,204.0
2026-06-16 19:33,30131.5,30136.25,30118.75,30129.25,116.0
2026-06-16 19:34,30128.0,30130.25,30105.0,30107.25,191.0
2026-06-16 19:35,30108.5,30126.25,30088.0,30094.0,170.0
2026-06-16 19:36,30091.25,30093.5,30072.75,30084.5,150.0
2026-06-16 19:37,30085.5,30089.75,30070.75,30073.75,159.0
2026-06-16 19:38,30074.75,30077.5,30059.25,30068.5,122.0
2026-06-16 19:39,30065.0,30072.0,30058.75,30064.0,116.0
2026-06-16 19:40,30063.0,30078.25,30056.0,30070.0,134.0
2026-06-16 19:41,30070.0,30070.25,30059.0,30062.75,180.0
2026-06-16 19:42,30060.0,30075.25,30059.75,30063.0,144.0
2026-06-16 19:43,30061.5,30081.75,30052.0,30079.5,185.0
2026-06-16 19:44,30075.0,30101.25,30072.75,30097.75,225.0
2026-06-16 19:45,30096.75,30100.0,30082.25,30090.25,176.0
2026-06-16 19:46,30090.75,30097.0,30082.0,30089.0,204.0
2026-06-16 19:47,30088.0,30090.5,30076.0,30080.0,170.0
2026-06-16 19:48,30081.25,30081.25,30064.0,30068.25,168.0
2026-06-16 19:49,30070.5,30080.0,30067.25,30076.75,127.0
2026-06-16 19:50,30080.0,30105.0,30062.5,30065.75,242.0
2026-06-16 19:51,30064.0,30068.75,30058.0,30064.75,189.0
2026-06-16 19:52,30063.25,30064.5,30036.25,30040.5,296.0
2026-06-16 19:53,30040.25,30051.0,30030.0,30033.75,260.0
2026-06-16 19:54,30035.25,30079.5,30035.25,30074.0,419.0
2026-06-16 19:55,30071.25,30071.25,30029.75,30047.75,608.0
2026-06-16 19:56,30047.25,30060.0,30033.0,30034.5,446.0
2026-06-16 19:57,30033.25,30033.25,30008.5,30017.75,524.0
2026-06-16 19:58,30018.25,30027.5,30012.25,30027.5,391.0
2026-06-16 19:59,30027.75,30037.75,29982.75,29991.25,1789.0
2026-06-16 20:00,29991.0,30002.75,29978.0,29999.25,584.0
2026-06-16 20:01,29999.5,29999.75,29977.5,29991.25,96.0
2026-06-16 20:02,29991.0,29995.75,29983.75,29990.75,65.0
2026-06-16 20:03,29994.75,30000.0,29991.5,29992.0,82.0
2026-06-16 20:04,29992.0,29998.0,29980.0,29995.0,49.0
2026-06-16 20:05,29996.0,30005.0,29995.5,30004.0,143.0
2026-06-16 20:06,30004.0,30008.5,30002.75,30003.0,87.0
2026-06-16 20:07,30007.75,30011.0,30002.0,30002.0,53.0
2026-06-16 20:08,30003.25,30004.25,29999.0,29999.25,77.0
2026-06-16 20:09,29996.25,29997.25,29993.75,29994.0,38.0
2026-06-16 20:10,29990.5,29998.25,29988.75,29997.5,40.0
2026-06-16 20:11,29998.25,30002.0,29991.75,29999.5,93.0
2026-06-16 20:12,29999.25,29999.25,29993.0,29993.0,36.0
2026-06-16 20:13,29995.0,29997.75,29990.5,29997.5,27.0
2026-06-16 20:14,29996.25,29997.5,29991.75,29992.0,19.0
2026-06-16 20:15,29990.5,29990.5,29980.0,29980.0,17.0
2026-06-16 20:16,29981.25,29983.75,29965.0,29969.75,64.0
2026-06-16 20:17,29972.5,29973.25,29967.25,29971.0,25.0
2026-06-16 20:18,29966.75,29969.75,29962.5,29969.75,30.0
2026-06-16 20:19,29962.75,29963.5,29956.75,29963.5,23.0
2026-06-16 20:20,29965.0,29976.75,29964.25,29972.75,65.0
2026-06-16 20:21,29972.5,29977.5,29971.0,29974.75,45.0
2026-06-16 20:22,29974.25,29980.0,29974.25,29980.0,22.0
2026-06-16 20:23,29978.75,29984.5,29978.75,29984.5,26.0
2026-06-16 20:24,29984.25,29987.75,29984.0,29984.0,9.0
2026-06-16 20:25,29987.75,29993.25,29987.75,29993.0,13.0
2026-06-16 20:26,29993.0,29993.0,29983.0,29988.25,18.0
2026-06-16 20:27,29989.25,29989.25,29984.75,29985.0,18.0
2026-06-16 20:28,29986.5,29986.5,29984.25,29985.5,26.0
2026-06-16 20:29,29985.25,29988.0,29983.75,29985.5,14.0
2026-06-16 20:30,29985.0,29989.25,29984.0,29989.25,23.0
2026-06-16 20:31,29985.75,29985.75,29985.75,29985.75,1.0
2026-06-16 20:32,29985.5,29985.5,29981.0,29981.0,8.0
2026-06-16 20:33,29983.25,29984.25,29980.5,29980.75,31.0
2026-06-16 20:34,29979.75,29984.5,29979.75,29984.5,12.0
2026-06-16 20:35,29982.0,29983.5,29980.0,29983.5,11.0
2026-06-16 20:36,29980.5,29980.5,29977.5,29978.5,14.0
2026-06-16 20:37,29977.5,29978.0,29976.25,29976.25,11.0
2026-06-16 20:38,29974.25,29981.25,29974.25,29980.5,17.0
2026-06-16 20:39,29983.0,29991.5,29983.0,29991.5,9.0
2026-06-16 20:40,29992.5,29993.75,29989.0,29989.0,37.0
2026-06-16 20:41,29993.5,29993.5,29993.25,29993.25,2.0
2026-06-16 20:42,29993.75,29993.75,29991.5,29991.75,11.0
2026-06-16 20:43,29995.0,29995.5,29992.5,29992.5,19.0
2026-06-16 20:44,29994.75,29994.75,29994.75,29994.75,1.0
2026-06-16 20:45,29994.75,29998.0,29994.25,29998.0,26.0
2026-06-16 20:46,29997.5,29998.0,29992.0,29998.0,39.0
2026-06-16 20:47,29998.5,29998.5,29995.0,29995.0,9.0
2026-06-16 20:48,29996.25,29996.25,29996.0,29996.0,2.0
2026-06-16 20:49,29998.25,29998.5,29995.75,29998.5,10.0
2026-06-16 20:50,29997.0,29997.75,29995.25,29997.75,9.0
2026-06-16 20:51,29995.25,29995.25,29986.5,29986.5,15.0
2026-06-16 20:52,29990.0,29990.75,29988.0,29990.25,9.0
2026-06-16 20:53,29992.5,29992.5,29983.75,29983.75,10.0
2026-06-16 20:54,29985.25,29988.5,29984.5,29988.5,17.0
2026-06-16 20:55,29986.0,29987.5,29980.0,29983.25,42.0
2026-06-16 20:56,29985.0,29989.0,29985.0,29989.0,10.0
2026-06-16 20:57,29989.0,29990.25,29987.5,29989.25,17.0
2026-06-16 20:58,29990.25,29993.75,29984.5,29984.5,23.0
2026-06-16 20:59,29984.25,29995.5,29984.0,29986.5,25.0
2026-06-16 22:00,30006.75,30042.5,30005.5,30032.25,69.0
2026-06-16 22:01,30042.75,30050.0,30034.0,30034.0,10.0
2026-06-16 22:02,30028.0,30038.0,30025.75,30038.0,23.0
2026-06-16 22:03,30030.25,30036.0,30030.25,30035.0,7.0
2026-06-16 22:04,30031.75,30031.75,30015.5,30015.5,42.0
2026-06-16 22:05,30017.5,30028.0,30017.5,30026.5,14.0
2026-06-16 22:06,30031.75,30038.25,30027.75,30036.0,17.0
2026-06-16 22:07,30036.0,30038.25,30033.25,30034.75,11.0
2026-06-16 22:08,30037.25,30040.75,30037.25,30038.0,12.0
2026-06-16 22:09,30036.75,30041.0,30035.5,30041.0,7.0
2026-06-16 22:10,30045.25,30055.5,30042.0,30055.0,15.0
2026-06-16 22:11,30050.75,30054.0,30049.25,30052.25,8.0
2026-06-16 22:12,30053.5,30053.5,30047.5,30051.5,5.0
2026-06-16 22:13,30050.25,30052.0,30047.75,30049.0,8.0
2026-06-16 22:14,30045.0,30047.25,30042.75,30045.75,6.0
2026-06-16 22:15,30048.5,30051.75,30048.5,30051.75,6.0
2026-06-16 22:16,30049.5,30051.5,30048.5,30049.0,5.0
2026-06-16 22:17,30047.5,30047.5,30046.25,30046.25,4.0
2026-06-16 22:18,30045.0,30045.0,30045.0,30045.0,1.0
2026-06-16 22:19,30045.25,30045.25,30040.0,30040.0,48.0
2026-06-16 22:20,30045.0,30047.0,30043.0,30043.0,9.0
2026-06-16 22:21,30041.0,30042.25,30030.75,30031.5,16.0
2026-06-16 22:22,30031.75,30034.0,30031.75,30034.0,2.0
2026-06-16 22:23,30046.75,30054.0,30046.75,30054.0,4.0
2026-06-16 22:24,30049.5,30057.0,30049.5,30053.75,5.0
2026-06-16 22:25,30053.0,30058.5,30053.0,30058.5,7.0
2026-06-16 22:26,30059.75,30059.75,30054.5,30057.5,13.0
2026-06-16 22:27,30054.25,30054.75,30054.25,30054.75,2.0
2026-06-16 22:29,30055.5,30055.5,30050.5,30050.5,3.0
2026-06-16 22:30,30052.5,30056.0,30052.5,30054.0,6.0
2026-06-16 22:31,30056.0,30060.0,30053.75,30060.0,3.0
2026-06-16 22:32,30060.0,30062.75,30060.0,30062.75,4.0
2026-06-16 22:33,30063.0,30064.25,30059.25,30059.25,4.0
2026-06-16 22:34,30062.5,30062.5,30062.5,30062.5,1.0
2026-06-16 22:35,30060.25,30060.25,30060.25,30060.25,1.0
2026-06-16 22:37,30057.25,30059.5,30057.25,30058.75,3.0
2026-06-16 22:38,30061.5,30061.5,30056.5,30056.5,5.0
2026-06-16 22:39,30058.5,30058.5,30056.75,30057.75,4.0
2026-06-16 22:40,30056.5,30057.75,30056.0,30056.0,3.0
2026-06-16 22:42,30056.5,30056.5,30054.5,30054.5,5.0
2026-06-16 22:43,30053.75,30053.75,30046.0,30046.0,7.0
2026-06-16 22:44,30043.75,30049.25,30025.75,30045.25,71.0
2026-06-16 22:45,30046.25,30047.0,30044.0,30044.0,18.0
2026-06-16 22:46,30041.25,30041.5,30040.0,30041.5,10.0
2026-06-16 22:47,30044.25,30047.25,30044.25,30047.25,2.0
2026-06-16 22:49,30051.5,30051.5,30045.25,30045.25,4.0
2026-06-16 22:50,30048.75,30049.75,30046.25,30049.75,14.0
2026-06-16 22:51,30050.0,30050.0,30050.0,30050.0,10.0
2026-06-16 22:52,30052.5,30066.0,30052.5,30062.5,10.0
2026-06-16 22:53,30064.75,30067.0,30064.25,30067.0,10.0
2026-06-16 22:55,30068.25,30068.25,30068.25,30068.25,1.0
2026-06-16 22:56,30064.75,30071.5,30061.25,30071.5,16.0
2026-06-16 22:57,30069.5,30070.75,30069.5,30070.75,2.0
2026-06-16 22:58,30063.0,30063.0,30060.5,30060.5,2.0
2026-06-16 22:59,30060.5,30060.5,30060.0,30060.0,2.0
2026-06-16 23:00,30063.75,30063.75,30060.0,30060.0,2.0
2026-06-16 23:01,30057.5,30057.75,30054.0,30057.75,5.0
2026-06-16 23:02,30054.75,30055.0,30036.75,30044.25,33.0
2026-06-16 23:03,30045.5,30045.5,30042.5,30042.5,2.0
2026-06-16 23:04,30042.0,30046.5,30040.75,30046.5,5.0
2026-06-16 23:05,30046.5,30049.5,30041.5,30049.5,11.0
2026-06-16 23:06,30049.5,30051.0,30046.0,30046.25,12.0
2026-06-16 23:07,30043.0,30043.75,30031.25,30042.5,36.0
2026-06-16 23:08,30043.25,30048.0,30043.25,30046.5,4.0
2026-06-16 23:09,30048.0,30049.25,30045.5,30046.75,7.0
2026-06-16 23:10,30045.5,30047.75,30042.25,30042.25,5.0
2026-06-16 23:11,30031.0,30031.0,30021.0,30024.5,12.0
2026-06-16 23:12,30021.0,30021.0,30010.0,30018.75,8.0
2026-06-16 23:13,30026.5,30032.25,30025.75,30032.25,9.0
2026-06-16 23:14,30030.5,30030.5,30030.5,30030.5,1.0
2026-06-16 23:16,30030.5,30030.5,30026.75,30026.75,4.0
2026-06-16 23:17,30030.5,30034.75,30030.25,30032.5,5.0
2026-06-16 23:18,30032.25,30032.25,30032.0,30032.0,2.0
2026-06-16 23:19,30031.0,30031.0,30031.0,30031.0,2.0
2026-06-16 23:22,30014.75,30014.75,30014.75,30014.75,1.0
2026-06-16 23:23,30011.25,30014.75,30011.0,30014.75,3.0
2026-06-16 23:24,30020.25,30022.5,30019.5,30019.5,11.0
2026-06-16 23:25,30019.5,30019.5,30019.5,30019.5,1.0
2026-06-16 23:26,30020.0,30022.5,30019.0,30021.0,5.0
2026-06-16 23:27,30022.5,30022.5,30022.5,30022.5,1.0
2026-06-16 23:29,30018.5,30018.75,30018.5,30018.75,2.0
2026-06-16 23:30,30016.75,30019.75,30016.75,30019.75,3.0
2026-06-16 23:31,30019.75,30027.0,30019.75,30027.0,6.0
2026-06-16 23:32,30022.25,30022.25,30022.25,30022.25,2.0
2026-06-16 23:33,30021.0,30021.5,30021.0,30021.5,8.0
2026-06-16 23:34,30025.0,30027.75,30025.0,30027.75,3.0
2026-06-16 23:35,30029.75,30040.25,30029.75,30038.0,15.0
2026-06-16 23:36,30031.0,30031.0,30023.5,30023.5,6.0
2026-06-16 23:37,30011.75,30014.75,30011.0,30011.5,9.0
2026-06-16 23:38,30012.25,30012.25,30011.75,30011.75,2.0
2026-06-16 23:39,30014.5,30015.75,30014.0,30015.75,3.0
2026-06-16 23:40,30016.25,30016.25,30011.25,30011.25,3.0
2026-06-16 23:41,30012.25,30012.25,30009.5,30009.5,8.0
2026-06-16 23:42,30008.75,30012.0,30008.75,30012.0,7.0
2026-06-16 23:44,30015.25,30015.25,30015.25,30015.25,2.0
2026-06-16 23:45,30012.75,30014.75,30012.75,30014.75,2.0
2026-06-16 23:46,30018.5,30021.5,30018.25,30021.5,4.0
2026-06-16 23:47,30019.0,30019.0,30019.0,30019.0,2.0
2026-06-16 23:48,30023.0,30031.25,30023.0,30031.25,5.0
2026-06-16 23:49,30009.0,30012.25,30009.0,30012.25,3.0
2026-06-16 23:50,30004.0,30008.0,29996.75,29998.5,50.0
2026-06-16 23:51,30003.25,30018.25,30003.25,30018.25,12.0
2026-06-16 23:52,30017.0,30017.0,30003.5,30003.5,6.0
2026-06-16 23:54,30020.0,30021.5,30020.0,30021.5,2.0
2026-06-16 23:55,30021.5,30021.5,30003.5,30003.5,24.0
2026-06-16 23:56,30004.25,30004.25,30003.5,30003.5,3.0
2026-06-16 23:57,30003.0,30003.0,30003.0,30003.0,1.0
2026-06-16 23:59,30009.75,30012.75,30009.0,30012.75,5.0
2026-06-17 00:00,30024.0,30033.0,30024.0,30031.75,12.0
2026-06-17 00:01,30040.5,30055.5,30040.5,30051.75,25.0
2026-06-17 00:02,30050.5,30057.0,30046.75,30047.75,15.0
2026-06-17 00:03,30059.25,30066.75,30059.25,30066.75,6.0
2026-06-17 00:04,30061.25,30065.0,30058.0,30063.5,9.0
2026-06-17 00:05,30054.75,30054.75,30043.0,30045.0,20.0
2026-06-17 00:06,30043.75,30048.0,30043.75,30048.0,4.0
2026-06-17 00:07,30058.25,30058.25,30058.25,30058.25,1.0
2026-06-17 00:08,30051.75,30051.75,30043.75,30044.0,34.0
2026-06-17 00:09,30053.75,30057.25,30053.75,30057.25,6.0
2026-06-17 00:10,30059.25,30060.0,30059.25,30060.0,3.0
2026-06-17 00:11,30060.25,30060.25,30057.25,30057.25,3.0
2026-06-17 00:12,30056.0,30056.75,30051.5,30051.5,6.0
2026-06-17 00:13,30052.75,30057.5,30052.0,30057.5,4.0
2026-06-17 00:14,30057.0,30057.0,30041.5,30041.5,8.0
2026-06-17 00:15,30042.75,30055.75,30042.75,30055.75,6.0
2026-06-17 00:16,30056.0,30068.25,30056.0,30068.25,7.0
2026-06-17 00:17,30058.5,30058.5,30057.75,30057.75,2.0
2026-06-17 00:18,30063.75,30068.0,30062.0,30062.0,9.0
2026-06-17 00:19,30058.25,30059.5,30058.25,30059.5,7.0
2026-06-17 00:20,30057.0,30064.0,30057.0,30057.75,4.0
2026-06-17 00:21,30056.5,30060.75,30053.5,30060.75,8.0
2026-06-17 00:22,30051.75,30051.75,30051.75,30051.75,1.0
2026-06-17 00:23,30049.75,30049.75,30042.75,30047.25,7.0
2026-06-17 00:24,30048.5,30055.75,30047.5,30055.75,3.0
2026-06-17 00:25,30055.25,30056.25,30055.25,30056.25,2.0
2026-06-17 00:26,30061.75,30061.75,30061.75,30061.75,1.0
2026-06-17 00:27,30058.5,30060.75,30058.25,30060.5,9.0
2026-06-17 00:28,30058.5,30062.25,30058.5,30062.25,5.0
2026-06-17 00:29,30065.5,30065.5,30063.25,30063.25,2.0
2026-06-17 00:30,30061.0,30061.0,30060.5,30060.5,3.0
2026-06-17 00:31,30072.5,30081.75,30072.5,30081.75,9.0
2026-06-17 00:32,30081.75,30081.75,30074.5,30078.25,7.0
2026-06-17 00:33,30080.25,30080.25,30080.25,30080.25,1.0
2026-06-17 00:34,30080.25,30083.75,30077.25,30077.25,13.0
2026-06-17 00:35,30077.25,30079.0,30075.75,30076.5,12.0
2026-06-17 00:36,30079.25,30080.0,30079.25,30080.0,5.0
2026-06-17 00:37,30081.75,30086.75,30081.25,30085.25,6.0
2026-06-17 00:38,30079.0,30083.0,30079.0,30081.0,7.0
2026-06-17 00:39,30078.25,30082.25,30077.0,30078.25,6.0
2026-06-17 00:40,30082.0,30086.5,30081.75,30081.75,8.0
2026-06-17 00:41,30082.75,30082.75,30080.25,30080.25,2.0
2026-06-17 00:42,30079.25,30079.25,30076.0,30076.0,6.0
2026-06-17 00:43,30081.0,30081.0,30080.5,30080.5,3.0
2026-06-17 00:44,30080.75,30081.25,30078.0,30078.0,5.0
2026-06-17 00:45,30066.25,30066.25,30056.25,30062.5,10.0
2026-06-17 00:46,30062.25,30068.0,30062.25,30068.0,6.0
2026-06-17 00:47,30070.0,30070.0,30068.75,30068.75,2.0
2026-06-17 00:48,30072.5,30072.5,30072.5,30072.5,1.0
2026-06-17 00:49,30072.25,30074.0,30072.25,30072.25,3.0
2026-06-17 00:50,30069.5,30069.5,30062.0,30062.0,22.0
2026-06-17 00:51,30059.75,30059.75,30052.5,30055.5,9.0
2026-06-17 00:52,30058.5,30062.25,30058.0,30062.25,6.0
2026-06-17 00:53,30062.75,30062.75,30060.5,30060.5,3.0
2026-06-17 00:54,30062.5,30065.75,30060.0,30064.0,8.0
2026-06-17 00:55,30060.5,30062.25,30060.5,30061.5,4.0
2026-06-17 00:56,30060.0,30066.0,30059.5,30066.0,7.0
2026-06-17 00:57,30068.0,30068.0,30068.0,30068.0,2.0
2026-06-17 00:58,30067.75,30070.25,30067.75,30070.25,3.0
2026-06-17 00:59,30070.5,30072.0,30066.75,30066.75,12.0
2026-06-17 01:00,30066.75,30066.75,30057.25,30059.75,20.0
2026-06-17 01:01,30058.0,30059.75,30053.5,30059.75,40.0
2026-06-17 01:02,30061.0,30078.5,30061.0,30077.5,11.0
2026-06-17 01:03,30079.75,30081.75,30079.5,30081.75,8.0
2026-06-17 01:04,30083.0,30083.0,30079.5,30079.5,4.0
2026-06-17 01:05,30075.5,30089.25,30075.5,30089.25,5.0
2026-06-17 01:06,30089.5,30090.75,30083.75,30084.5,5.0
2026-06-17 01:07,30088.25,30090.25,30087.75,30087.75,4.0
2026-06-17 01:08,30091.5,30091.5,30089.0,30089.0,2.0
2026-06-17 01:09,30092.0,30092.0,30087.75,30090.0,5.0
2026-06-17 01:10,30087.0,30088.75,30087.0,30088.75,2.0
2026-06-17 01:11,30086.0,30086.0,30086.0,30086.0,2.0
2026-06-17 01:12,30091.0,30093.0,30091.0,30093.0,3.0
2026-06-17 01:13,30090.75,30093.75,30089.0,30093.75,8.0
2026-06-17 01:14,30087.5,30088.25,30086.25,30086.5,15.0
2026-06-17 01:15,30085.25,30085.25,30077.5,30078.75,12.0
2026-06-17 01:16,30075.0,30077.0,30074.25,30077.0,4.0
2026-06-17 01:17,30081.0,30084.75,30081.0,30084.75,6.0
2026-06-17 01:18,30085.5,30088.25,30085.5,30088.25,2.0
2026-06-17 01:19,30091.0,30093.5,30090.75,30093.0,7.0
2026-06-17 01:20,30093.0,30096.0,30093.0,30095.75,4.0
2026-06-17 01:21,30095.75,30095.75,30095.75,30095.75,2.0
2026-06-17 01:22,30090.25,30090.25,30089.5,30089.5,4.0
2026-06-17 01:23,30097.0,30102.75,30096.75,30102.75,28.0
2026-06-17 01:24,30101.5,30104.0,30098.75,30104.0,10.0
2026-06-17 01:25,30101.5,30101.5,30101.5,30101.5,1.0
2026-06-17 01:26,30105.0,30106.75,30104.0,30104.0,9.0
2026-06-17 01:27,30102.5,30104.0,30102.5,30103.25,3.0
2026-06-17 01:28,30103.5,30103.5,30103.5,30103.5,1.0
2026-06-17 01:29,30104.75,30104.75,30104.75,30104.75,2.0
2026-06-17 01:30,30101.0,30101.0,30099.25,30099.25,5.0
2026-06-17 01:31,30102.0,30106.0,30102.0,30106.0,5.0
2026-06-17 01:32,30098.75,30098.75,30096.25,30097.5,8.0
2026-06-17 01:33,30099.75,30103.5,30098.0,30103.5,3.0
2026-06-17 01:34,30104.25,30105.75,30103.75,30103.75,5.0
2026-06-17 01:35,30103.5,30113.5,30103.5,30113.5,42.0
2026-06-17 01:36,30111.5,30114.0,30108.75,30111.5,17.0
2026-06-17 01:37,30108.0,30111.0,30108.0,30111.0,9.0
2026-06-17 01:38,30112.25,30114.75,30108.0,30111.5,34.0
2026-06-17 01:39,30110.0,30116.0,30110.0,30114.75,9.0
2026-06-17 01:40,30114.5,30123.0,30114.5,30123.0,11.0
2026-06-17 01:41,30121.25,30124.0,30119.75,30122.75,15.0
2026-06-17 01:42,30120.5,30120.75,30114.0,30114.0,36.0
2026-06-17 01:43,30114.5,30115.75,30110.75,30113.25,7.0
2026-06-17 01:44,30112.25,30112.25,30103.5,30109.5,9.0
2026-06-17 01:45,30112.5,30116.25,30111.25,30116.25,6.0
2026-06-17 01:46,30116.0,30116.0,30111.75,30111.75,8.0
2026-06-17 01:47,30112.75,30120.0,30112.75,30115.25,11.0
2026-06-17 01:48,30115.0,30117.25,30114.5,30115.25,5.0
2026-06-17 01:49,30115.75,30121.5,30113.5,30113.5,7.0
2026-06-17 01:50,30115.0,30117.25,30115.0,30117.25,2.0
2026-06-17 01:52,30124.25,30124.25,30121.5,30121.5,2.0
2026-06-17 01:53,30121.5,30123.25,30120.25,30123.25,6.0
2026-06-17 01:54,30121.5,30121.5,30121.5,30121.5,1.0
2026-06-17 01:55,30126.25,30128.0,30123.75,30127.75,7.0
2026-06-17 01:56,30130.0,30130.0,30128.75,30129.25,3.0
2026-06-17 01:57,30133.5,30133.5,30132.25,30132.25,4.0
2026-06-17 01:58,30133.0,30133.0,30131.5,30131.75,5.0
2026-06-17 01:59,30130.75,30130.75,30129.75,30129.75,2.0
2026-06-17 02:00,30125.5,30125.5,30125.5,30125.5,1.0
2026-06-17 02:03,30132.0,30132.0,30132.0,30132.0,2.0
2026-06-17 02:04,30127.0,30127.0,30127.0,30127.0,1.0
2026-06-17 02:05,30125.0,30125.0,30125.0,30125.0,1.0
2026-06-17 02:06,30129.5,30129.5,30126.75,30126.75,2.0
2026-06-17 02:07,30129.0,30129.25,30129.0,30129.0,5.0
2026-06-17 02:08,30123.5,30133.0,30123.0,30133.0,17.0
2026-06-17 02:09,30132.75,30132.75,30132.5,30132.5,2.0
2026-06-17 02:10,30132.25,30132.25,30132.25,30132.25,1.0
2026-06-17 02:11,30130.0,30136.5,30129.25,30136.5,4.0
2026-06-17 02:12,30136.0,30136.5,30132.75,30132.75,4.0
2026-06-17 02:13,30135.0,30135.0,30135.0,30135.0,6.0
2026-06-17 02:14,30138.75,30140.0,30138.25,30140.0,9.0
2026-06-17 02:15,30135.0,30135.0,30126.25,30129.5,18.0
2026-06-17 02:16,30129.5,30132.75,30129.5,30132.0,6.0
2026-06-17 02:17,30131.25,30135.5,30131.25,30134.5,4.0
2026-06-17 02:20,30138.5,30138.5,30138.5,30138.5,1.0
2026-06-17 02:21,30140.0,30140.0,30138.75,30138.75,8.0
2026-06-17 02:22,30140.0,30142.5,30140.0,30142.5,4.0
2026-06-17 02:23,30143.25,30143.75,30142.75,30143.75,4.0
2026-06-17 02:24,30144.5,30144.5,30144.5,30144.5,1.0
2026-06-17 02:25,30140.75,30142.25,30140.75,30141.25,3.0
2026-06-17 02:26,30143.0,30144.75,30143.0,30144.75,5.0
2026-06-17 02:27,30143.5,30145.5,30143.5,30144.25,9.0
2026-06-17 02:28,30145.25,30146.25,30143.75,30145.5,15.0
2026-06-17 02:29,30143.5,30143.5,30134.25,30135.0,11.0
2026-06-17 02:30,30136.0,30137.0,30133.5,30133.5,3.0
2026-06-17 02:31,30131.25,30136.75,30131.25,30136.75,3.0
2026-06-17 02:32,30135.25,30135.75,30134.0,30134.0,3.0
2026-06-17 02:33,30130.25,30130.25,30130.25,30130.25,1.0
2026-06-17 02:34,30125.75,30127.75,30123.5,30127.75,7.0
2026-06-17 02:35,30125.5,30126.75,30123.75,30125.75,7.0
2026-06-17 02:36,30127.25,30131.0,30127.25,30131.0,12.0
2026-06-17 02:38,30126.75,30128.5,30126.0,30126.0,5.0
2026-06-17 02:39,30126.0,30126.0,30119.5,30119.5,11.0
2026-06-17 02:40,30126.75,30126.75,30124.0,30124.0,3.0
2026-06-17 02:41,30128.0,30128.0,30128.0,30128.0,2.0
2026-06-17 02:44,30134.5,30134.5,30134.5,30134.5,1.0
2026-06-17 02:45,30133.75,30134.0,30131.25,30133.25,11.0
2026-06-17 02:46,30133.0,30137.25,30133.0,30136.0,7.0
2026-06-17 02:47,30136.0,30136.0,30130.0,30130.0,5.0
2026-06-17 02:48,30129.5,30129.5,30121.25,30122.5,10.0
2026-06-17 02:49,30123.5,30123.5,30123.5,30123.5,4.0
2026-06-17 02:50,30127.25,30129.0,30125.25,30125.25,8.0
2026-06-17 02:51,30122.25,30122.25,30120.0,30121.75,5.0
2026-06-17 02:52,30118.5,30123.25,30118.5,30123.25,4.0
2026-06-17 02:53,30121.75,30124.0,30119.75,30123.75,7.0
2026-06-17 02:54,30122.5,30122.5,30118.75,30122.0,5.0
2026-06-17 02:55,30122.5,30128.5,30122.5,30124.25,14.0
2026-06-17 02:56,30129.5,30129.5,30129.5,30129.5,1.0
2026-06-17 02:57,30128.75,30130.0,30128.75,30129.75,6.0
2026-06-17 02:59,30129.75,30130.0,30129.75,30130.0,2.0
2026-06-17 03:00,30124.75,30124.75,30122.25,30122.25,2.0
2026-06-17 03:02,30133.0,30136.0,30133.0,30136.0,8.0
2026-06-17 03:03,30131.0,30135.0,30131.0,30135.0,4.0
2026-06-17 03:06,30133.0,30133.0,30133.0,30133.0,1.0
2026-06-17 03:07,30132.5,30132.5,30132.5,30132.5,1.0
2026-06-17 03:08,30135.5,30139.5,30135.5,30139.0,28.0
2026-06-17 03:09,30133.25,30134.0,30128.0,30128.0,3.0
2026-06-17 03:11,30129.0,30131.0,30129.0,30131.0,7.0
2026-06-17 03:13,30128.0,30128.0,30122.25,30122.5,12.0
2026-06-17 03:14,30122.5,30122.5,30122.5,30122.5,1.0
2026-06-17 03:15,30117.25,30120.0,30112.5,30117.25,12.0
2026-06-17 03:16,30109.25,30111.75,30108.0,30111.75,5.0
2026-06-17 03:18,30115.0,30115.0,30115.0,30115.0,1.0
2026-06-17 03:19,30117.5,30118.5,30117.5,30118.5,3.0
2026-06-17 03:20,30109.0,30109.0,30107.0,30107.25,7.0
2026-06-17 03:21,30104.75,30111.0,30104.75,30107.75,3.0
2026-06-17 03:22,30104.5,30107.0,30104.5,30107.0,6.0
2026-06-17 03:23,30107.25,30107.25,30103.25,30104.25,8.0
2026-06-17 03:24,30107.25,30110.75,30107.25,30110.75,3.0
2026-06-17 03:26,30113.0,30113.0,30113.0,30113.0,1.0
2026-06-17 03:29,30117.75,30118.25,30117.75,30118.25,2.0
2026-06-17 03:30,30115.5,30121.0,30115.5,30121.0,5.0
2026-06-17 03:31,30119.75,30122.75,30119.25,30122.75,12.0
2026-06-17 03:32,30121.0,30121.0,30116.25,30116.5,3.0
2026-06-17 03:35,30120.75,30125.0,30120.75,30124.5,11.0
2026-06-17 03:36,30125.5,30125.5,30125.5,30125.5,2.0
2026-06-17 03:39,30130.0,30131.0,30129.75,30129.75,9.0
2026-06-17 03:40,30130.5,30130.5,30130.5,30130.5,1.0
2026-06-17 03:42,30134.25,30150.25,30134.25,30148.0,42.0
2026-06-17 03:43,30147.5,30148.0,30147.5,30148.0,2.0
2026-06-17 03:44,30144.25,30144.25,30140.25,30140.25,11.0
2026-06-17 03:46,30144.5,30144.75,30142.75,30144.0,6.0
2026-06-17 03:47,30142.0,30142.0,30142.0,30142.0,1.0
2026-06-17 03:48,30146.75,30146.75,30146.25,30146.25,4.0
2026-06-17 03:49,30147.0,30147.0,30145.5,30145.5,3.0
2026-06-17 03:50,30141.5,30145.5,30141.5,30145.5,4.0
2026-06-17 03:51,30148.75,30149.5,30148.5,30149.5,5.0
2026-06-17 03:52,30151.0,30151.75,30151.0,30151.75,4.0
2026-06-17 03:53,30150.0,30153.0,30149.75,30153.0,6.0
2026-06-17 03:54,30150.0,30152.75,30150.0,30152.0,6.0
2026-06-17 03:55,30150.0,30153.5,30150.0,30153.5,3.0
2026-06-17 03:56,30149.5,30149.5,30149.5,30149.5,2.0
2026-06-17 03:57,30152.0,30152.0,30150.25,30150.25,2.0
2026-06-17 03:58,30150.0,30153.5,30150.0,30153.5,6.0
2026-06-17 03:59,30153.0,30153.0,30153.0,30153.0,1.0
2026-06-17 04:00,30153.5,30153.5,30153.5,30153.5,2.0
2026-06-17 04:01,30153.5,30153.5,30148.0,30148.0,6.0
2026-06-17 04:02,30150.75,30150.75,30150.5,30150.5,3.0
2026-06-17 04:04,30154.75,30154.75,30154.75,30154.75,1.0
2026-06-17 04:08,30155.25,30155.25,30152.75,30153.25,3.0
2026-06-17 04:09,30148.0,30148.0,30147.5,30147.5,3.0
2026-06-17 04:10,30149.75,30149.75,30149.75,30149.75,1.0
2026-06-17 04:11,30151.25,30153.75,30149.75,30153.75,5.0
2026-06-17 04:12,30152.5,30152.5,30152.5,30152.5,2.0
2026-06-17 04:17,30156.5,30156.5,30156.5,30156.5,1.0
2026-06-17 04:19,30158.25,30161.75,30158.25,30161.75,7.0
2026-06-17 04:21,30160.25,30160.25,30160.25,30160.25,1.0
2026-06-17 04:22,30161.0,30161.0,30161.0,30161.0,1.0
2026-06-17 04:23,30161.75,30163.25,30161.75,30162.75,6.0
2026-06-17 04:24,30164.75,30164.75,30163.5,30163.5,2.0
2026-06-17 04:25,30166.0,30166.0,30166.0,30166.0,2.0
2026-06-17 04:26,30167.0,30167.0,30167.0,30167.0,1.0
2026-06-17 04:27,30160.5,30160.5,30160.5,30160.5,1.0
2026-06-17 04:28,30164.5,30165.5,30163.5,30165.5,8.0
2026-06-17 04:29,30159.0,30159.75,30158.5,30159.75,3.0
2026-06-17 04:30,30158.0,30158.0,30156.5,30156.5,4.0
2026-06-17 04:31,30155.0,30155.5,30152.25,30152.25,8.0
2026-06-17 04:33,30150.0,30152.5,30147.0,30148.0,13.0
2026-06-17 04:34,30148.0,30150.75,30148.0,30148.0,6.0
2026-06-17 04:35,30147.25,30150.0,30146.75,30150.0,6.0
2026-06-17 04:36,30149.0,30151.75,30149.0,30150.5,12.0
2026-06-17 04:37,30149.0,30149.0,30149.0,30149.0,9.0
2026-06-17 04:38,30148.5,30148.5,30148.5,30148.5,1.0
2026-06-17 04:40,30144.25,30147.75,30142.75,30147.75,13.0
2026-06-17 04:41,30141.0,30141.0,30138.5,30140.25,13.0
2026-06-17 04:42,30138.5,30138.5,30134.25,30134.25,3.0
2026-06-17 04:43,30136.0,30136.0,30134.0,30134.0,2.0
2026-06-17 04:44,30138.5,30138.75,30138.5,30138.75,2.0
2026-06-17 04:45,30142.0,30144.25,30141.25,30144.25,15.0
2026-06-17 04:46,30149.25,30159.75,30149.25,30159.75,8.0
2026-06-17 04:48,30160.0,30162.5,30160.0,30162.5,2.0
2026-06-17 04:49,30164.5,30165.0,30162.0,30162.0,3.0
2026-06-17 04:50,30160.0,30160.0,30158.5,30160.0,3.0
2026-06-17 04:51,30163.5,30163.5,30163.5,30163.5,1.0
2026-06-17 04:52,30164.75,30164.75,30164.75,30164.75,1.0
2026-06-17 04:53,30163.0,30167.0,30163.0,30166.75,4.0
2026-06-17 04:54,30167.75,30167.75,30166.75,30166.75,4.0
2026-06-17 04:55,30168.0,30168.0,30165.0,30165.0,2.0
2026-06-17 04:59,30171.0,30171.0,30171.0,30171.0,1.0
2026-06-17 05:00,30171.0,30171.0,30170.25,30170.25,2.0
2026-06-17 05:01,30170.75,30177.75,30170.75,30177.25,32.0
2026-06-17 05:03,30183.75,30184.25,30183.75,30184.25,3.0
2026-06-17 05:04,30180.0,30180.0,30179.0,30179.0,2.0
2026-06-17 05:05,30184.75,30185.0,30176.75,30176.75,4.0
2026-06-17 05:06,30172.75,30172.75,30172.75,30172.75,1.0
2026-06-17 05:07,30175.5,30175.5,30175.5,30175.5,2.0
2026-06-17 05:09,30176.5,30177.0,30173.25,30173.25,12.0
2026-06-17 05:10,30174.0,30174.0,30174.0,30174.0,1.0
2026-06-17 05:11,30170.25,30170.25,30170.25,30170.25,2.0
2026-06-17 05:12,30170.75,30171.75,30168.5,30168.5,6.0
2026-06-17 05:13,30170.25,30170.25,30168.0,30168.0,8.0
2026-06-17 05:14,30172.0,30172.0,30169.5,30169.5,4.0
2026-06-17 05:15,30169.5,30170.0,30166.75,30170.0,7.0
2026-06-17 05:16,30172.0,30172.0,30172.0,30172.0,1.0
2026-06-17 05:17,30173.25,30177.5,30173.25,30176.5,4.0
2026-06-17 05:18,30176.0,30179.5,30176.0,30179.5,19.0
2026-06-17 05:19,30180.0,30184.0,30178.25,30184.0,5.0
2026-06-17 05:20,30180.75,30181.25,30180.75,30181.25,2.0
2026-06-17 05:22,30185.0,30190.0,30185.0,30190.0,4.0
2026-06-17 05:23,30187.0,30188.25,30182.0,30184.0,6.0
2026-06-17 05:24,30186.0,30186.0,30186.0,30186.0,1.0
2026-06-17 05:25,30188.5,30188.75,30188.25,30188.75,4.0
2026-06-17 05:26,30189.75,30190.0,30189.75,30190.0,3.0
2026-06-17 05:27,30186.25,30186.25,30186.25,30186.25,1.0
2026-06-17 05:29,30181.0,30181.0,30181.0,30181.0,1.0
2026-06-17 05:30,30178.0,30180.25,30172.5,30180.25,5.0
2026-06-17 05:31,30179.5,30181.0,30177.75,30178.5,4.0
2026-06-17 05:33,30185.0,30185.0,30182.75,30182.75,2.0
2026-06-17 05:34,30177.75,30181.25,30177.75,30181.25,2.0
2026-06-17 05:35,30188.0,30195.25,30188.0,30193.75,17.0
2026-06-17 05:36,30193.5,30194.5,30192.5,30194.25,5.0
2026-06-17 05:37,30195.25,30203.75,30194.5,30200.75,18.0
2026-06-17 05:38,30201.0,30203.0,30201.0,30203.0,3.0
2026-06-17 05:39,30204.75,30204.75,30202.25,30202.25,4.0
2026-06-17 05:40,30203.0,30203.0,30198.0,30198.0,5.0
2026-06-17 05:41,30198.0,30198.0,30197.75,30197.75,2.0
2026-06-17 05:42,30202.75,30204.25,30201.25,30204.25,5.0
2026-06-17 05:43,30201.5,30201.5,30198.0,30198.0,3.0
2026-06-17 05:46,30198.25,30202.25,30198.25,30202.25,3.0
2026-06-17 05:47,30202.0,30207.0,30202.0,30205.25,4.0
2026-06-17 05:48,30207.25,30207.5,30207.25,30207.5,4.0
2026-06-17 05:49,30208.0,30213.0,30208.0,30209.25,7.0
2026-06-17 05:50,30208.75,30209.75,30208.75,30209.75,4.0
2026-06-17 05:51,30209.0,30210.0,30208.75,30208.75,9.0
2026-06-17 05:52,30208.0,30208.0,30205.75,30205.75,4.0
2026-06-17 05:53,30206.75,30206.75,30206.75,30206.75,1.0
2026-06-17 05:55,30193.0,30193.0,30184.75,30184.75,11.0
2026-06-17 05:56,30185.75,30187.0,30184.25,30184.25,4.0
2026-06-17 05:57,30185.5,30192.5,30185.5,30191.0,11.0
2026-06-17 05:58,30192.25,30192.25,30189.0,30189.0,49.0
2026-06-17 05:59,30190.0,30190.5,30190.0,30190.5,2.0
2026-06-17 06:00,30187.0,30188.5,30179.5,30180.0,15.0
2026-06-17 06:01,30186.25,30187.75,30186.25,30187.5,3.0
2026-06-17 06:02,30192.0,30192.5,30192.0,30192.5,2.0
2026-06-17 06:03,30196.25,30198.25,30195.75,30198.25,5.0
2026-06-17 06:04,30199.0,30199.0,30197.0,30198.75,5.0
2026-06-17 06:05,30196.0,30196.0,30192.25,30192.25,3.0
2026-06-17 06:06,30190.0,30201.0,30189.5,30201.0,16.0
2026-06-17 06:07,30203.0,30207.0,30201.0,30207.0,8.0
2026-06-17 06:08,30205.0,30206.0,30204.0,30206.0,6.0
2026-06-17 06:09,30203.5,30203.5,30201.0,30201.0,5.0
2026-06-17 06:10,30204.5,30204.5,30197.75,30197.75,7.0
2026-06-17 06:11,30196.25,30196.25,30196.25,30196.25,1.0
2026-06-17 06:12,30193.0,30202.5,30191.0,30200.0,7.0
2026-06-17 06:13,30198.5,30198.5,30192.25,30192.25,3.0
2026-06-17 06:14,30192.25,30197.25,30192.25,30196.25,16.0
2026-06-17 06:16,30198.75,30201.25,30198.75,30201.25,2.0
2026-06-17 06:17,30199.25,30200.0,30198.5,30200.0,6.0
2026-06-17 06:18,30201.75,30201.75,30197.25,30197.25,2.0
2026-06-17 06:19,30192.0,30192.0,30192.0,30192.0,1.0
2026-06-17 06:20,30197.0,30197.0,30196.25,30196.25,3.0
2026-06-17 06:21,30197.0,30197.0,30191.5,30192.5,9.0
2026-06-17 06:22,30190.5,30190.75,30188.0,30188.0,5.0
2026-06-17 06:23,30187.75,30188.0,30186.75,30186.75,3.0
2026-06-17 06:24,30191.5,30191.5,30191.25,30191.25,2.0
2026-06-17 06:25,30193.25,30194.5,30185.25,30185.25,11.0
2026-06-17 06:26,30183.5,30183.5,30174.25,30174.25,11.0
2026-06-17 06:27,30184.0,30184.0,30180.0,30180.0,4.0
2026-06-17 06:28,30180.0,30180.5,30177.5,30178.25,9.0
2026-06-17 06:29,30177.5,30177.5,30175.0,30175.0,3.0
2026-06-17 06:30,30174.25,30178.0,30173.0,30177.25,12.0
2026-06-17 06:31,30178.0,30180.0,30178.0,30180.0,2.0
2026-06-17 06:32,30181.5,30181.5,30181.0,30181.0,4.0
2026-06-17 06:33,30173.25,30188.5,30171.25,30188.5,13.0
2026-06-17 06:34,30192.5,30204.25,30192.5,30204.25,18.0
2026-06-17 06:35,30203.25,30207.25,30203.25,30203.75,8.0
2026-06-17 06:36,30203.25,30203.5,30199.25,30199.25,6.0
2026-06-17 06:37,30200.0,30201.5,30200.0,30201.5,4.0
2026-06-17 06:38,30203.5,30203.5,30199.25,30199.25,3.0
2026-06-17 06:39,30201.25,30208.0,30201.25,30208.0,16.0
2026-06-17 06:40,30210.25,30210.25,30206.0,30206.0,4.0
2026-06-17 06:41,30206.25,30214.5,30206.25,30214.5,8.0
2026-06-17 06:42,30215.0,30216.5,30214.75,30214.75,5.0
2026-06-17 06:43,30219.0,30219.0,30216.75,30218.25,5.0
2026-06-17 06:44,30215.0,30221.0,30215.0,30221.0,6.0
2026-06-17 06:45,30219.25,30222.0,30219.0,30221.5,6.0
2026-06-17 06:46,30218.25,30219.5,30218.25,30219.5,3.0
2026-06-17 06:47,30220.25,30221.0,30218.5,30221.0,3.0
2026-06-17 06:48,30220.5,30223.0,30220.5,30222.75,3.0
2026-06-17 06:49,30223.0,30223.0,30223.0,30223.0,1.0
2026-06-17 06:50,30220.5,30220.5,30220.0,30220.0,7.0
2026-06-17 06:51,30219.25,30219.25,30219.0,30219.0,2.0
2026-06-17 06:52,30217.0,30217.0,30214.5,30214.5,6.0
2026-06-17 06:53,30218.75,30218.75,30218.75,30218.75,1.0
2026-06-17 06:54,30222.0,30222.0,30222.0,30222.0,1.0
2026-06-17 06:55,30218.25,30218.25,30218.25,30218.25,1.0
2026-06-17 06:57,30221.0,30227.75,30221.0,30226.25,9.0
2026-06-17 06:58,30228.25,30228.25,30228.25,30228.25,1.0
2026-06-17 06:59,30230.0,30230.0,30228.25,30228.25,3.0
2026-06-17 07:00,30232.0,30235.0,30231.5,30232.25,22.0
2026-06-17 07:01,30229.25,30233.0,30229.25,30233.0,4.0
2026-06-17 07:02,30236.25,30242.0,30236.25,30237.5,13.0
2026-06-17 07:03,30238.0,30243.75,30238.0,30242.25,6.0
2026-06-17 07:04,30244.5,30256.0,30242.5,30243.75,132.0
2026-06-17 07:05,30242.25,30246.75,30242.25,30244.75,71.0
2026-06-17 07:07,30240.25,30244.0,30240.25,30244.0,6.0
2026-06-17 07:08,30246.25,30248.5,30246.25,30248.0,11.0
2026-06-17 07:09,30246.25,30246.25,30245.25,30245.75,4.0
2026-06-17 07:10,30248.25,30249.25,30246.25,30246.25,18.0
2026-06-17 07:11,30251.0,30262.25,30251.0,30262.0,13.0
2026-06-17 07:12,30262.25,30262.25,30255.0,30255.0,3.0
2026-06-17 07:13,30254.0,30254.0,30253.75,30253.75,3.0
2026-06-17 07:14,30256.25,30259.75,30256.25,30259.75,2.0
2026-06-17 07:15,30258.5,30258.5,30258.5,30258.5,1.0
2026-06-17 07:16,30255.5,30255.5,30251.75,30251.75,6.0
2026-06-17 07:17,30250.75,30255.75,30250.0,30255.75,5.0
2026-06-17 07:18,30258.0,30258.0,30246.0,30246.0,16.0
2026-06-17 07:20,30241.0,30243.0,30235.25,30235.25,10.0
2026-06-17 07:21,30235.0,30238.75,30235.0,30238.75,5.0
2026-06-17 07:22,30240.5,30240.5,30240.25,30240.25,4.0
2026-06-17 07:23,30242.25,30242.5,30238.0,30238.25,10.0
2026-06-17 07:24,30230.0,30230.0,30225.25,30225.25,3.0
2026-06-17 07:25,30228.0,30229.5,30228.0,30229.5,2.0
2026-06-17 07:26,30229.5,30230.75,30227.25,30227.25,5.0
2026-06-17 07:27,30227.75,30227.75,30227.75,30227.75,1.0
2026-06-17 07:28,30230.0,30230.0,30227.0,30227.0,2.0
2026-06-17 07:29,30234.25,30234.25,30233.75,30233.75,2.0
2026-06-17 07:30,30236.75,30240.0,30234.5,30240.0,4.0
2026-06-17 07:31,30242.75,30244.5,30242.75,30244.0,4.0
2026-06-17 07:32,30244.75,30245.25,30242.0,30242.0,6.0
2026-06-17 07:33,30239.5,30239.5,30236.25,30236.5,8.0
2026-06-17 07:34,30233.75,30233.75,30233.75,30233.75,1.0
2026-06-17 07:35,30238.0,30245.25,30238.0,30243.75,4.0
2026-06-17 07:36,30246.0,30250.0,30245.0,30245.0,26.0
2026-06-17 07:37,30247.5,30247.5,30243.0,30244.0,12.0
2026-06-17 07:38,30245.5,30247.25,30245.5,30247.25,2.0
2026-06-17 07:39,30250.0,30253.75,30250.0,30253.25,8.0
2026-06-17 07:40,30254.5,30258.25,30251.25,30251.25,12.0
2026-06-17 07:41,30250.5,30250.5,30250.0,30250.0,2.0
2026-06-17 07:42,30250.25,30250.25,30250.25,30250.25,1.0
2026-06-17 07:44,30245.0,30245.0,30245.0,30245.0,1.0
2026-06-17 07:45,30242.5,30242.5,30241.75,30241.75,3.0
2026-06-17 07:46,30246.0,30246.0,30246.0,30246.0,1.0
2026-06-17 07:47,30244.5,30244.5,30243.25,30243.25,2.0
2026-06-17 07:48,30235.75,30235.75,30235.75,30235.75,2.0
2026-06-17 07:49,30235.5,30235.5,30235.0,30235.0,4.0
2026-06-17 07:50,30235.75,30239.75,30235.75,30239.75,4.0
2026-06-17 07:51,30238.25,30240.25,30238.25,30240.25,3.0
2026-06-17 07:52,30245.0,30245.0,30245.0,30245.0,1.0
2026-06-17 07:53,30251.0,30251.0,30251.0,30251.0,1.0
2026-06-17 07:55,30240.25,30240.25,30240.25,30240.25,1.0
2026-06-17 07:56,30249.5,30249.5,30248.0,30248.0,2.0
2026-06-17 07:57,30245.5,30246.25,30244.5,30245.5,6.0
2026-06-17 07:58,30244.25,30244.25,30244.25,30244.25,1.0
2026-06-17 07:59,30243.5,30247.25,30241.75,30242.25,13.0
2026-06-17 08:00,30247.0,30256.5,30245.25,30256.5,33.0
2026-06-17 08:01,30256.0,30259.5,30256.0,30257.75,13.0
2026-06-17 08:02,30257.75,30258.5,30252.75,30255.75,18.0
2026-06-17 08:03,30257.75,30257.75,30251.0,30251.0,8.0
2026-06-17 08:04,30249.0,30249.0,30236.5,30236.5,7.0
2026-06-17 08:05,30245.0,30260.25,30245.0,30258.75,18.0
2026-06-17 08:06,30253.5,30258.0,30253.5,30254.75,5.0
2026-06-17 08:07,30256.75,30257.25,30256.0,30256.75,7.0
2026-06-17 08:08,30259.75,30266.75,30256.5,30265.25,8.0
2026-06-17 08:09,30268.5,30268.5,30261.25,30267.25,7.0
2026-06-17 08:10,30261.75,30261.75,30239.0,30239.0,16.0
2026-06-17 08:11,30239.0,30239.75,30228.5,30236.5,10.0
2026-06-17 08:12,30237.25,30237.5,30233.5,30235.5,9.0
2026-06-17 08:13,30228.75,30239.5,30228.75,30234.75,9.0
2026-06-17 08:14,30230.5,30230.5,30223.0,30223.75,17.0
2026-06-17 08:15,30226.0,30233.0,30226.0,30230.75,13.0
2026-06-17 08:16,30230.75,30230.75,30230.75,30230.75,2.0
2026-06-17 08:17,30228.75,30230.25,30228.75,30230.25,5.0
2026-06-17 08:18,30227.5,30227.75,30221.0,30221.0,5.0
2026-06-17 08:19,30215.0,30215.0,30215.0,30215.0,1.0
2026-06-17 08:20,30213.25,30220.25,30211.25,30217.25,7.0
2026-06-17 08:21,30220.5,30222.0,30220.5,30222.0,10.0
2026-06-17 08:22,30222.0,30222.0,30216.0,30216.0,3.0
2026-06-17 08:23,30219.75,30222.0,30219.0,30222.0,6.0
2026-06-17 08:24,30225.0,30225.0,30221.75,30221.75,2.0
2026-06-17 08:25,30219.75,30219.75,30213.5,30213.5,7.0
2026-06-17 08:26,30219.75,30222.0,30219.75,30222.0,14.0
2026-06-17 08:27,30224.0,30224.0,30224.0,30224.0,1.0
2026-06-17 08:28,30225.5,30225.5,30214.75,30214.75,27.0
2026-06-17 08:29,30210.75,30211.0,30197.25,30201.75,45.0
2026-06-17 08:30,30202.0,30208.25,30200.5,30205.75,24.0
2026-06-17 08:31,30202.75,30202.75,30177.75,30177.75,68.0
2026-06-17 08:32,30179.75,30192.0,30179.75,30190.0,11.0
2026-06-17 08:33,30192.0,30192.0,30185.0,30185.0,15.0
2026-06-17 08:34,30191.75,30198.0,30191.75,30198.0,2.0
2026-06-17 08:35,30180.0,30182.0,30180.0,30181.75,3.0
2026-06-17 08:36,30177.0,30177.0,30177.0,30177.0,2.0
2026-06-17 08:37,30174.25,30177.0,30169.25,30169.5,13.0
2026-06-17 08:38,30168.75,30175.25,30168.75,30173.0,7.0
2026-06-17 08:39,30166.25,30166.25,30164.25,30164.25,2.0
2026-06-17 08:40,30162.75,30170.75,30162.75,30168.25,18.0
2026-06-17 08:41,30174.25,30180.0,30174.25,30174.25,4.0
2026-06-17 08:42,30184.75,30184.75,30182.75,30182.75,2.0
2026-06-17 08:43,30182.75,30184.5,30182.75,30184.5,6.0
2026-06-17 08:44,30172.25,30172.25,30171.75,30172.0,3.0
2026-06-17 08:45,30164.0,30167.5,30162.5,30166.0,22.0
2026-06-17 08:46,30160.25,30161.25,30153.0,30153.75,25.0
2026-06-17 08:47,30154.0,30163.5,30153.0,30161.75,27.0
2026-06-17 08:48,30160.5,30162.5,30152.5,30154.75,25.0
2026-06-17 08:49,30156.5,30161.5,30150.0,30150.0,10.0
2026-06-17 08:50,30153.25,30153.25,30150.5,30150.5,3.0
2026-06-17 08:51,30152.0,30156.25,30152.0,30155.75,3.0
2026-06-17 08:52,30159.75,30161.0,30159.75,30161.0,3.0
2026-06-17 08:53,30169.75,30169.75,30169.75,30169.75,1.0
2026-06-17 08:54,30175.0,30181.75,30175.0,30180.0,6.0
2026-06-17 08:55,30175.75,30175.75,30175.75,30175.75,1.0
2026-06-17 08:56,30175.75,30176.5,30175.75,30176.5,2.0
2026-06-17 08:57,30188.0,30188.0,30186.25,30186.75,3.0
2026-06-17 08:58,30193.5,30193.75,30193.5,30193.75,2.0
2026-06-17 08:59,30192.25,30192.25,30187.0,30188.25,5.0
2026-06-17 09:00,30195.75,30200.0,30193.0,30193.0,9.0
2026-06-17 09:02,30197.25,30201.75,30197.25,30200.5,4.0
2026-06-17 09:03,30200.0,30200.0,30195.25,30195.25,3.0
2026-06-17 09:04,30201.75,30207.0,30201.25,30201.25,6.0
2026-06-17 09:05,30190.5,30190.5,30190.5,30190.5,2.0
2026-06-17 09:06,30196.75,30196.75,30196.75,30196.75,1.0
2026-06-17 09:07,30199.75,30201.25,30196.5,30201.25,8.0
2026-06-17 09:09,30195.0,30195.0,30189.0,30189.0,2.0
2026-06-17 09:10,30186.75,30186.75,30173.75,30177.0,8.0
2026-06-17 09:11,30182.25,30182.25,30182.25,30182.25,1.0
2026-06-17 09:13,30188.25,30188.25,30188.25,30188.25,1.0
2026-06-17 09:14,30189.25,30189.25,30186.75,30187.5,3.0
2026-06-17 09:15,30189.5,30191.75,30187.0,30188.0,4.0
2026-06-17 09:16,30188.0,30191.25,30184.25,30184.25,4.0
2026-06-17 09:17,30176.75,30176.75,30176.75,30176.75,1.0
2026-06-17 09:18,30179.5,30179.5,30179.5,30179.5,2.0
2026-06-17 09:20,30179.25,30181.5,30179.25,30180.25,4.0
2026-06-17 09:21,30177.0,30180.75,30177.0,30180.75,3.0
2026-06-17 09:23,30188.75,30188.75,30188.75,30188.75,2.0
2026-06-17 09:24,30189.0,30189.0,30187.25,30187.25,3.0
2026-06-17 09:25,30192.0,30197.0,30192.0,30192.25,8.0
2026-06-17 09:27,30195.75,30199.75,30195.75,30199.75,2.0
2026-06-17 09:28,30197.75,30199.0,30189.75,30189.75,16.0
2026-06-17 09:29,30195.75,30195.75,30191.0,30192.5,4.0
2026-06-17 09:30,30198.0,30202.25,30198.0,30202.25,11.0
2026-06-17 09:31,30203.0,30205.25,30203.0,30205.25,3.0
2026-06-17 09:32,30202.0,30202.0,30195.75,30195.75,3.0
2026-06-17 09:33,30189.25,30189.25,30189.25,30189.25,1.0
2026-06-17 09:34,30188.75,30193.5,30178.5,30178.5,16.0
2026-06-17 09:36,30185.0,30185.0,30185.0,30185.0,1.0
2026-06-17 09:37,30184.75,30184.75,30180.0,30180.0,4.0
2026-06-17 09:38,30174.75,30174.75,30164.75,30164.75,5.0
2026-06-17 09:40,30177.75,30177.75,30177.75,30177.75,1.0
2026-06-17 09:41,30171.75,30173.5,30171.0,30173.5,3.0
2026-06-17 09:42,30179.75,30179.75,30175.0,30175.0,2.0
2026-06-17 09:43,30177.25,30177.25,30173.5,30173.75,3.0
2026-06-17 09:44,30170.0,30176.75,30170.0,30176.75,5.0
2026-06-17 09:45,30183.75,30185.5,30181.75,30185.5,8.0
2026-06-17 09:46,30181.0,30181.0,30176.75,30176.75,2.0
2026-06-17 09:47,30177.25,30177.25,30176.0,30176.0,2.0
2026-06-17 09:48,30174.25,30174.25,30169.0,30169.0,3.0
2026-06-17 09:49,30167.75,30167.75,30164.75,30164.75,2.0
2026-06-17 09:50,30158.5,30158.5,30157.75,30157.75,2.0
2026-06-17 09:51,30153.0,30154.0,30150.0,30150.0,5.0
2026-06-17 09:52,30148.5,30152.0,30146.5,30151.0,6.0
2026-06-17 09:53,30145.5,30145.5,30136.25,30137.75,16.0
2026-06-17 09:54,30135.0,30143.5,30129.5,30139.75,10.0
2026-06-17 09:55,30135.75,30135.75,30132.0,30132.0,2.0
2026-06-17 09:56,30132.75,30135.75,30132.75,30135.75,2.0
2026-06-17 09:57,30135.75,30138.25,30135.75,30138.25,3.0
2026-06-17 09:58,30139.25,30141.5,30139.25,30141.0,4.0
2026-06-17 09:59,30143.75,30143.75,30143.75,30143.75,2.0
2026-06-17 10:00,30141.25,30141.25,30130.0,30131.0,23.0
2026-06-17 10:01,30129.5,30129.5,30120.0,30125.25,23.0
2026-06-17 10:02,30123.75,30123.75,30109.5,30111.75,10.0
2026-06-17 10:03,30113.75,30117.25,30110.25,30114.5,25.0
2026-06-17 10:04,30117.5,30119.25,30114.5,30119.25,5.0
2026-06-17 10:05,30113.75,30114.25,30113.75,30114.25,2.0
2026-06-17 10:06,30116.75,30121.5,30116.75,30120.0,8.0
2026-06-17 10:07,30118.75,30118.75,30103.5,30109.5,20.0
2026-06-17 10:08,30111.75,30128.0,30111.75,30125.25,17.0
2026-06-17 10:09,30131.25,30132.5,30129.0,30129.0,11.0
2026-06-17 10:10,30129.0,30129.0,30121.25,30121.25,2.0
2026-06-17 10:11,30118.25,30118.5,30117.5,30117.5,3.0
2026-06-17 10:12,30121.75,30121.75,30121.75,30121.75,1.0
2026-06-17 10:13,30123.0,30126.0,30122.5,30122.5,6.0
2026-06-17 10:14,30127.75,30134.75,30127.25,30134.25,84.0
2026-06-17 10:16,30133.75,30136.5,30133.75,30136.25,3.0
2026-06-17 10:17,30132.5,30132.75,30132.5,30132.75,2.0
2026-06-17 10:19,30125.0,30125.0,30120.0,30120.0,9.0
2026-06-17 10:20,30120.0,30130.0,30120.0,30130.0,12.0
2026-06-17 10:21,30142.0,30143.25,30140.0,30143.25,7.0
2026-06-17 10:22,30144.25,30148.5,30143.25,30147.75,4.0
2026-06-17 10:23,30148.75,30152.75,30148.75,30152.75,16.0
2026-06-17 10:24,30151.0,30160.0,30150.5,30160.0,11.0
2026-06-17 10:25,30156.75,30156.75,30151.0,30152.75,29.0
2026-06-17 10:26,30150.0,30150.0,30148.0,30148.0,9.0
2026-06-17 10:27,30150.5,30151.25,30149.0,30149.0,8.0
2026-06-17 10:28,30149.5,30149.5,30149.5,30149.5,1.0
2026-06-17 10:29,30146.75,30146.75,30146.75,30146.75,1.0
2026-06-17 10:31,30150.0,30150.0,30150.0,30150.0,1.0
2026-06-17 10:32,30148.5,30148.5,30143.25,30143.25,6.0
2026-06-17 10:33,30146.75,30147.25,30146.75,30147.25,3.0
2026-06-17 10:34,30137.25,30137.25,30137.25,30137.25,1.0
2026-06-17 10:35,30140.0,30140.0,30140.0,30140.0,1.0
2026-06-17 10:37,30153.25,30153.25,30153.25,30153.25,5.0
2026-06-17 10:38,30148.0,30148.0,30144.25,30144.25,3.0
2026-06-17 10:39,30152.0,30152.0,30152.0,30152.0,1.0
2026-06-17 10:40,30143.75,30143.75,30143.75,30143.75,1.0
2026-06-17 10:42,30153.25,30155.75,30153.25,30154.75,111.0
2026-06-17 10:43,30156.75,30160.5,30156.75,30160.5,7.0
2026-06-17 10:44,30160.5,30166.0,30160.5,30166.0,6.0
2026-06-17 10:45,30167.0,30170.5,30165.25,30170.5,7.0
2026-06-17 10:46,30167.5,30168.25,30166.25,30166.25,6.0
2026-06-17 10:47,30165.0,30168.0,30163.75,30163.75,4.0
2026-06-17 10:48,30158.0,30158.0,30158.0,30158.0,1.0
2026-06-17 10:49,30160.0,30160.0,30160.0,30160.0,3.0
2026-06-17 10:50,30170.75,30177.0,30170.75,30177.0,6.0
2026-06-17 10:51,30180.0,30180.0,30177.25,30177.25,8.0
2026-06-17 10:52,30171.25,30172.75,30171.25,30172.75,7.0
2026-06-17 10:53,30167.75,30167.75,30160.75,30160.75,7.0
2026-06-17 10:54,30158.25,30158.25,30154.0,30154.0,4.0
2026-06-17 10:55,30164.25,30164.25,30164.25,30164.25,1.0
2026-06-17 10:56,30155.0,30155.0,30149.5,30149.5,4.0
2026-06-17 10:57,30154.75,30154.75,30150.75,30150.75,5.0
2026-06-17 10:58,30148.0,30148.0,30140.25,30142.25,10.0
2026-06-17 10:59,30143.0,30144.0,30143.0,30144.0,3.0
2026-06-17 11:00,30142.5,30144.25,30134.5,30136.5,11.0
2026-06-17 11:01,30129.75,30134.25,30129.75,30134.25,5.0
2026-06-17 11:02,30130.0,30130.0,30130.0,30130.0,2.0
2026-06-17 11:03,30132.0,30138.0,30132.0,30138.0,2.0
2026-06-17 11:04,30140.0,30140.0,30140.0,30140.0,1.0
2026-06-17 11:05,30147.5,30148.0,30147.5,30148.0,3.0
2026-06-17 11:06,30153.75,30159.25,30153.75,30159.25,4.0
2026-06-17 11:07,30162.5,30162.5,30162.5,30162.5,2.0
2026-06-17 11:08,30155.5,30156.75,30154.75,30156.75,6.0
2026-06-17 11:09,30154.0,30154.0,30148.75,30148.75,4.0
2026-06-17 11:10,30153.75,30154.0,30149.75,30149.75,3.0
2026-06-17 11:11,30155.5,30155.5,30154.75,30154.75,2.0
2026-06-17 11:14,30163.0,30163.0,30162.5,30162.5,2.0
2026-06-17 11:15,30162.25,30165.25,30159.0,30165.25,3.0
2026-06-17 11:16,30164.75,30164.75,30164.75,30164.75,1.0
2026-06-17 11:17,30165.75,30168.5,30165.75,30168.5,4.0
2026-06-17 11:18,30173.5,30173.5,30173.5,30173.5,8.0
2026-06-17 11:19,30172.75,30172.75,30169.75,30172.25,14.0
2026-06-17 11:20,30172.0,30176.0,30167.5,30176.0,9.0
2026-06-17 11:21,30165.0,30165.0,30165.0,30165.0,1.0
2026-06-17 11:22,30167.75,30167.75,30167.75,30167.75,1.0
2026-06-17 11:23,30169.0,30174.25,30168.25,30174.25,6.0
2026-06-17 11:24,30171.25,30171.5,30165.75,30168.75,10.0
2026-06-17 11:25,30162.5,30162.5,30162.5,30162.5,1.0
2026-06-17 11:26,30160.25,30160.75,30154.75,30154.75,10.0
2026-06-17 11:27,30154.0,30154.0,30153.75,30153.75,2.0
2026-06-17 11:28,30150.5,30150.5,30149.0,30149.25,4.0
2026-06-17 11:29,30150.0,30155.0,30149.0,30155.0,26.0
2026-06-17 11:30,30152.5,30152.5,30146.0,30146.0,3.0
2026-06-17 11:31,30150.0,30150.0,30149.75,30149.75,6.0
2026-06-17 11:32,30154.0,30154.0,30154.0,30154.0,3.0
2026-06-17 11:33,30150.0,30150.0,30150.0,30150.0,2.0
2026-06-17 11:34,30151.0,30151.0,30151.0,30151.0,2.0
2026-06-17 11:35,30146.75,30146.75,30146.75,30146.75,1.0
2026-06-17 11:36,30144.25,30148.5,30144.25,30148.5,2.0
2026-06-17 11:38,30143.5,30143.75,30143.5,30143.75,2.0
2026-06-17 11:39,30144.5,30144.5,30144.5,30144.5,1.0
2026-06-17 11:40,30143.0,30151.25,30143.0,30151.25,4.0
2026-06-17 11:41,30141.25,30141.25,30141.25,30141.25,2.0
2026-06-17 11:42,30134.0,30134.0,30124.75,30124.75,6.0
2026-06-17 11:43,30126.5,30126.5,30119.0,30124.0,14.0
2026-06-17 11:44,30122.75,30124.75,30119.25,30124.75,13.0
2026-06-17 11:45,30125.75,30126.0,30122.75,30126.0,9.0
2026-06-17 11:46,30124.5,30130.75,30124.5,30130.75,9.0
2026-06-17 11:47,30126.0,30126.0,30126.0,30126.0,1.0
2026-06-17 11:48,30118.75,30118.75,30106.0,30106.0,22.0
2026-06-17 11:49,30103.0,30108.75,30099.0,30108.25,18.0
2026-06-17 11:50,30105.5,30110.25,30105.5,30110.25,3.0
2026-06-17 11:51,30109.25,30109.25,30103.75,30104.0,9.0
2026-06-17 11:52,30105.75,30106.5,30100.25,30100.25,5.0
2026-06-17 11:53,30104.0,30104.0,30095.5,30095.5,5.0
2026-06-17 11:54,30094.0,30099.5,30092.75,30094.75,12.0
2026-06-17 11:55,30091.75,30091.75,30090.5,30090.5,4.0
2026-06-17 11:56,30090.25,30094.75,30075.25,30076.25,27.0
2026-06-17 11:57,30078.75,30085.5,30074.5,30085.5,20.0
2026-06-17 11:58,30088.0,30099.0,30088.0,30099.0,7.0
2026-06-17 11:59,30096.75,30099.5,30095.0,30099.5,10.0
2026-06-17 12:00,30105.0,30107.25,30102.5,30103.25,9.0
2026-06-17 12:01,30105.75,30112.75,30105.75,30112.5,9.0
2026-06-17 12:02,30111.0,30111.5,30107.0,30109.25,7.0
2026-06-17 12:03,30108.25,30119.25,30107.75,30117.5,38.0
2026-06-17 12:04,30120.75,30120.75,30116.25,30116.25,3.0
2026-06-17 12:05,30118.5,30118.5,30118.5,30118.5,1.0
2026-06-17 12:06,30111.0,30127.0,30111.0,30125.25,3.0
2026-06-17 12:07,30129.0,30134.75,30128.75,30134.75,12.0
2026-06-17 12:08,30132.0,30134.25,30132.0,30133.0,7.0
2026-06-17 12:09,30133.0,30133.25,30132.25,30133.25,6.0
2026-06-17 12:10,30136.75,30145.5,30136.75,30145.5,5.0
2026-06-17 12:11,30146.0,30146.0,30138.0,30138.0,13.0
2026-06-17 12:12,30139.5,30139.5,30129.75,30130.75,17.0
2026-06-17 12:13,30141.25,30141.25,30139.0,30139.0,2.0
2026-06-17 12:14,30137.0,30144.0,30135.75,30143.25,14.0
2026-06-17 12:15,30138.75,30145.0,30138.75,30140.0,5.0
2026-06-17 12:16,30138.75,30140.75,30129.25,30137.5,62.0
2026-06-17 12:17,30136.5,30136.5,30126.75,30126.75,10.0
2026-06-17 12:18,30130.5,30130.5,30129.0,30129.25,3.0
2026-06-17 12:19,30134.5,30139.25,30134.5,30138.25,25.0
2026-06-17 12:20,30138.25,30138.25,30131.75,30131.75,7.0
2026-06-17 12:21,30134.25,30147.5,30133.0,30147.5,13.0
2026-06-17 12:22,30145.25,30155.25,30145.25,30155.25,15.0
2026-06-17 12:23,30159.25,30159.25,30148.0,30148.0,7.0
2026-06-17 12:24,30151.0,30154.25,30150.75,30154.25,5.0
2026-06-17 12:25,30154.75,30154.75,30153.5,30153.5,2.0
2026-06-17 12:26,30160.5,30160.5,30160.5,30160.5,1.0
2026-06-17 12:27,30159.5,30159.5,30152.75,30152.75,8.0
2026-06-17 12:28,30151.5,30151.5,30146.25,30149.5,6.0
2026-06-17 12:29,30147.25,30147.25,30146.25,30147.0,3.0
2026-06-17 12:30,30144.5,30178.0,30140.5,30178.0,23.0
2026-06-17 12:31,30170.25,30177.5,30168.5,30177.5,18.0
2026-06-17 12:32,30175.0,30183.0,30175.0,30176.75,12.0
2026-06-17 12:33,30177.5,30179.5,30171.5,30176.5,19.0
2026-06-17 12:34,30172.75,30175.0,30168.25,30169.25,23.0
2026-06-17 12:35,30175.0,30177.0,30172.5,30177.0,15.0
2026-06-17 12:36,30180.0,30188.75,30180.0,30188.5,23.0
2026-06-17 12:37,30190.0,30194.75,30190.0,30193.5,12.0
2026-06-17 12:38,30198.25,30201.5,30191.75,30191.75,17.0
2026-06-17 12:39,30179.75,30181.25,30171.75,30171.75,17.0
2026-06-17 12:40,30164.5,30164.5,30159.5,30162.5,10.0
2026-06-17 12:41,30160.75,30169.75,30160.75,30169.75,4.0
2026-06-17 12:42,30170.0,30177.0,30169.0,30169.0,11.0
2026-06-17 12:43,30175.5,30175.5,30175.5,30175.5,1.0
2026-06-17 12:44,30187.0,30191.25,30187.0,30191.25,4.0
2026-06-17 12:45,30190.75,30190.75,30188.25,30190.75,9.0
2026-06-17 12:46,30190.0,30191.5,30190.0,30190.75,9.0
2026-06-17 12:47,30187.25,30187.25,30184.0,30184.0,3.0
2026-06-17 12:48,30195.0,30195.75,30177.75,30178.25,17.0
2026-06-17 12:49,30182.0,30182.0,30179.25,30179.25,2.0
2026-06-17 12:50,30181.25,30184.5,30180.0,30184.5,17.0
2026-06-17 12:51,30189.5,30192.0,30189.5,30191.75,6.0
2026-06-17 12:52,30190.0,30190.0,30186.25,30186.25,8.0
2026-06-17 12:53,30189.0,30189.0,30177.25,30177.25,4.0
2026-06-17 12:54,30179.75,30181.0,30179.5,30181.0,3.0
2026-06-17 12:55,30182.25,30182.25,30173.75,30174.0,15.0
2026-06-17 12:56,30181.0,30183.75,30180.25,30180.25,19.0
2026-06-17 12:57,30180.75,30180.75,30165.5,30169.25,9.0
2026-06-17 12:58,30169.5,30175.5,30169.5,30170.5,14.0
2026-06-17 12:59,30173.25,30175.0,30169.5,30173.5,14.0
2026-06-17 13:00,30173.0,30175.75,30160.0,30164.0,30.0
2026-06-17 13:01,30164.0,30168.0,30161.0,30161.0,10.0
2026-06-17 13:02,30160.0,30168.75,30159.5,30168.75,8.0
2026-06-17 13:03,30169.5,30171.75,30168.5,30171.75,11.0
2026-06-17 13:04,30171.5,30176.75,30170.75,30176.75,7.0
2026-06-17 13:05,30171.0,30171.0,30161.0,30161.0,6.0
2026-06-17 13:06,30159.5,30159.5,30153.0,30153.5,6.0
2026-06-17 13:07,30153.5,30157.5,30148.25,30154.0,16.0
2026-06-17 13:08,30159.0,30159.0,30154.0,30154.0,5.0
2026-06-17 13:09,30155.25,30156.25,30152.0,30153.75,10.0
2026-06-17 13:10,30153.0,30153.5,30153.0,30153.5,4.0
2026-06-17 13:11,30163.25,30170.25,30162.5,30162.5,19.0
2026-06-17 13:12,30170.75,30170.75,30167.5,30167.5,2.0
2026-06-17 13:13,30167.75,30171.75,30166.25,30170.75,9.0
2026-06-17 13:14,30171.5,30171.5,30163.0,30163.0,18.0
2026-06-17 13:15,30166.0,30176.0,30166.0,30175.0,14.0
2026-06-17 13:16,30175.75,30178.0,30174.25,30178.0,19.0
2026-06-17 13:17,30180.5,30181.25,30178.5,30180.0,8.0
2026-06-17 13:18,30177.25,30189.0,30177.25,30188.0,135.0
2026-06-17 13:19,30190.5,30192.75,30188.75,30189.25,12.0
2026-06-17 13:20,30187.5,30187.5,30178.0,30182.0,24.0
2026-06-17 13:21,30180.75,30182.0,30171.25,30171.25,14.0
2026-06-17 13:22,30172.25,30178.5,30172.25,30178.5,5.0
2026-06-17 13:23,30180.75,30181.75,30180.25,30180.5,11.0
2026-06-17 13:24,30177.25,30183.0,30177.25,30182.25,13.0
2026-06-17 13:25,30182.5,30199.0,30181.25,30190.5,70.0
2026-06-17 13:26,30187.75,30192.25,30184.0,30190.0,69.0
2026-06-17 13:27,30190.25,30198.5,30187.75,30197.0,48.0
2026-06-17 13:28,30200.0,30201.5,30175.25,30186.25,97.0
2026-06-17 13:29,30183.75,30213.75,30179.0,30207.75,95.0
2026-06-17 13:30,30207.75,30207.75,30150.75,30162.25,309.0
2026-06-17 13:31,30160.25,30169.75,30129.5,30129.75,270.0
2026-06-17 13:32,30132.0,30161.25,30128.5,30137.0,101.0
2026-06-17 13:33,30143.75,30145.0,30108.0,30113.0,82.0
2026-06-17 13:34,30115.25,30126.5,30105.0,30125.0,131.0
2026-06-17 13:35,30121.25,30141.5,30112.25,30141.5,117.0
2026-06-17 13:36,30130.5,30144.0,30113.0,30143.25,56.0
2026-06-17 13:37,30143.25,30157.0,30118.5,30121.25,46.0
2026-06-17 13:38,30131.75,30136.0,30085.0,30092.5,183.0
2026-06-17 13:39,30093.0,30102.75,30078.0,30092.0,198.0
2026-06-17 13:40,30092.75,30128.75,30084.5,30120.5,148.0
2026-06-17 13:41,30123.75,30160.25,30122.0,30154.25,152.0
2026-06-17 13:42,30152.0,30165.75,30145.75,30165.75,92.0
2026-06-17 13:43,30170.0,30207.75,30168.75,30207.75,119.0
2026-06-17 13:44,30204.0,30207.0,30190.5,30205.5,56.0
2026-06-17 13:45,30201.25,30224.5,30190.0,30190.5,136.0
2026-06-17 13:46,30189.25,30192.5,30171.75,30177.5,74.0
2026-06-17 13:47,30175.25,30192.0,30161.25,30163.5,126.0
2026-06-17 13:48,30171.0,30178.0,30160.0,30176.0,94.0
2026-06-17 13:49,30180.75,30183.0,30134.25,30134.25,78.0
2026-06-17 13:50,30137.25,30150.0,30112.5,30126.5,73.0
2026-06-17 13:51,30128.0,30166.25,30128.0,30150.75,73.0
2026-06-17 13:52,30148.5,30163.25,30126.75,30149.5,81.0
2026-06-17 13:53,30158.25,30158.25,30119.5,30149.75,48.0
2026-06-17 13:54,30147.0,30164.5,30141.0,30154.5,47.0
2026-06-17 13:55,30146.0,30147.75,30129.25,30129.25,47.0
2026-06-17 13:56,30131.0,30132.5,30097.25,30097.5,85.0
2026-06-17 13:57,30099.0,30099.0,30046.5,30058.25,176.0
2026-06-17 13:58,30058.75,30072.0,30053.25,30053.25,58.0
2026-06-17 13:59,30054.0,30054.0,30031.5,30031.5,72.0
2026-06-17 14:00,30031.0,30062.25,30020.0,30061.25,182.0
2026-06-17 14:01,30067.0,30069.0,30038.0,30058.75,134.0
2026-06-17 14:02,30054.25,30055.5,30005.75,30024.25,102.0
2026-06-17 14:03,30036.0,30078.0,30035.75,30075.5,112.0
2026-06-17 14:04,30071.75,30087.5,30050.75,30069.0,64.0
2026-06-17 14:05,30066.0,30069.0,30034.75,30046.5,81.0
2026-06-17 14:06,30047.0,30080.75,30040.75,30053.75,133.0
2026-06-17 14:07,30060.25,30091.5,30052.75,30087.5,80.0
2026-06-17 14:08,30087.5,30112.5,30078.0,30095.5,106.0
2026-06-17 14:09,30093.0,30101.0,30050.0,30069.25,76.0
2026-06-17 14:10,30075.0,30075.0,30046.0,30055.5,76.0
2026-06-17 14:11,30060.0,30086.75,30056.5,30077.25,51.0
2026-06-17 14:12,30081.75,30128.25,30081.5,30115.0,128.0
2026-06-17 14:13,30117.5,30125.75,30100.25,30110.5,62.0
2026-06-17 14:14,30107.25,30132.75,30104.5,30126.25,78.0
2026-06-17 14:15,30128.75,30148.0,30120.75,30145.25,83.0
2026-06-17 14:16,30142.5,30158.0,30141.25,30150.0,78.0
2026-06-17 14:17,30148.25,30156.5,30143.0,30156.0,64.0
2026-06-17 14:18,30159.5,30169.25,30131.75,30135.25,96.0
2026-06-17 14:19,30137.0,30168.0,30137.0,30158.0,65.0
2026-06-17 14:20,30156.75,30167.5,30141.75,30167.5,53.0
2026-06-17 14:21,30167.5,30172.5,30148.0,30163.0,50.0
2026-06-17 14:22,30163.25,30188.75,30162.75,30176.25,138.0
2026-06-17 14:23,30178.0,30208.75,30176.5,30203.0,224.0
2026-06-17 14:24,30204.25,30228.25,30202.25,30222.0,201.0
2026-06-17 14:25,30224.0,30225.75,30203.0,30208.5,100.0
2026-06-17 14:26,30209.5,30213.5,30188.5,30209.75,113.0
2026-06-17 14:27,30210.0,30210.0,30173.0,30192.25,59.0
2026-06-17 14:28,30191.5,30199.5,30175.5,30186.75,41.0
2026-06-17 14:29,30184.75,30198.0,30184.5,30193.75,21.0
2026-06-17 14:30,30193.25,30199.25,30163.25,30168.0,152.0
2026-06-17 14:31,30170.25,30170.5,30142.75,30157.25,36.0
2026-06-17 14:32,30159.5,30160.0,30127.75,30127.75,42.0
2026-06-17 14:33,30125.75,30139.0,30120.5,30126.25,35.0
2026-06-17 14:34,30134.25,30143.75,30114.5,30143.75,42.0
2026-06-17 14:35,30144.75,30161.25,30140.75,30142.25,50.0
2026-06-17 14:36,30135.0,30135.0,30103.0,30106.5,54.0
2026-06-17 14:37,30109.75,30129.0,30104.25,30126.0,44.0
2026-06-17 14:38,30117.5,30117.5,30094.0,30094.0,33.0
2026-06-17 14:39,30097.5,30124.5,30096.0,30109.0,46.0
2026-06-17 14:40,30111.5,30115.0,30078.0,30082.0,66.0
2026-06-17 14:41,30079.0,30093.5,30061.0,30091.5,48.0
2026-06-17 14:42,30093.25,30109.75,30090.0,30109.5,57.0
2026-06-17 14:43,30107.5,30129.75,30107.5,30128.0,54.0
2026-06-17 14:44,30129.0,30131.0,30107.5,30117.75,33.0
2026-06-17 14:45,30116.0,30124.25,30098.0,30114.75,100.0
2026-06-17 14:46,30114.75,30146.75,30108.75,30133.0,62.0
2026-06-17 14:47,30133.0,30138.75,29975.0,30022.75,725.0
2026-06-17 14:48,30026.0,30062.5,30026.0,30058.5,130.0
2026-06-17 14:49,30057.5,30077.0,30047.0,30055.25,74.0
2026-06-17 14:50,30055.25,30071.75,30041.0,30062.5,66.0
2026-06-17 14:51,30059.25,30095.0,30059.25,30075.25,70.0
2026-06-17 14:52,30071.5,30110.5,30071.5,30108.75,65.0
2026-06-17 14:53,30104.75,30104.75,30083.0,30102.0,48.0
2026-06-17 14:54,30101.25,30110.0,30101.0,30110.0,36.0
2026-06-17 14:55,30109.25,30109.25,30076.75,30076.75,56.0
2026-06-17 14:56,30081.5,30087.75,30067.5,30067.5,36.0
2026-06-17 14:57,30067.5,30076.5,30060.0,30062.25,32.0
2026-06-17 14:58,30063.75,30063.75,30042.5,30042.5,43.0
2026-06-17 14:59,30047.75,30061.5,30042.5,30043.0,37.0
2026-06-17 15:00,30046.5,30069.5,30038.0,30042.5,35.0
2026-06-17 15:01,30041.25,30055.25,30041.25,30054.5,29.0
2026-06-17 15:02,30055.0,30073.5,30055.0,30067.75,34.0
2026-06-17 15:03,30067.5,30083.5,30067.5,30078.25,38.0
2026-06-17 15:04,30075.25,30086.0,30057.0,30065.5,31.0
2026-06-17 15:05,30066.25,30085.0,30061.25,30069.0,38.0
2026-06-17 15:06,30072.5,30097.25,30072.5,30086.0,44.0
2026-06-17 15:07,30084.5,30086.25,30061.5,30068.0,32.0
2026-06-17 15:08,30062.5,30073.5,30047.5,30051.75,33.0
2026-06-17 15:09,30055.0,30057.75,30032.5,30044.75,26.0
2026-06-17 15:10,30043.75,30060.25,30040.5,30044.5,58.0
2026-06-17 15:11,30057.0,30076.75,30057.0,30061.25,32.0
2026-06-17 15:12,30067.25,30075.75,30067.25,30074.0,41.0
2026-06-17 15:13,30072.5,30079.5,30066.25,30078.5,30.0
2026-06-17 15:14,30078.75,30105.5,30078.75,30093.25,40.0
2026-06-17 15:15,30089.5,30104.5,30082.25,30104.5,21.0
2026-06-17 15:16,30106.0,30117.0,30106.0,30109.0,29.0
2026-06-17 15:17,30103.0,30123.0,30101.5,30123.0,14.0
2026-06-17 15:18,30118.5,30141.25,30118.5,30135.0,39.0
2026-06-17 15:19,30123.0,30124.25,30101.25,30102.75,33.0
2026-06-17 15:20,30104.25,30125.5,30094.0,30125.5,31.0
2026-06-17 15:21,30119.25,30125.25,30094.5,30096.25,21.0
2026-06-17 15:22,30095.5,30096.25,30080.75,30089.5,34.0
2026-06-17 15:23,30092.25,30099.5,30084.25,30098.0,36.0
2026-06-17 15:24,30097.25,30114.0,30093.75,30095.5,15.0
2026-06-17 15:25,30095.0,30095.0,30077.75,30090.75,22.0
2026-06-17 15:26,30100.5,30102.25,30088.75,30091.25,11.0
2026-06-17 15:27,30092.25,30100.75,30079.75,30092.5,26.0
2026-06-17 15:28,30088.5,30100.25,30088.5,30093.5,65.0
2026-06-17 15:29,30093.25,30101.0,30091.5,30097.0,69.0
2026-06-17 15:30,30099.75,30103.75,30087.25,30089.75,22.0
2026-06-17 15:31,30094.75,30097.5,30089.25,30095.5,17.0
2026-06-17 15:32,30098.25,30108.25,30092.0,30108.25,18.0
2026-06-17 15:33,30109.0,30127.5,30101.5,30121.25,38.0
2026-06-17 15:34,30121.5,30129.75,30112.0,30115.75,25.0
2026-06-17 15:35,30106.0,30118.0,30106.0,30118.0,20.0
2026-06-17 15:36,30116.75,30117.0,30108.5,30117.0,20.0
2026-06-17 15:37,30111.5,30111.5,30100.0,30110.25,34.0
2026-06-17 15:38,30106.75,30127.0,30105.5,30127.0,20.0
2026-06-17 15:39,30130.5,30134.5,30122.25,30127.75,41.0
2026-06-17 15:40,30126.5,30130.0,30109.25,30109.5,11.0
2026-06-17 15:41,30109.25,30109.25,30091.25,30091.25,29.0
2026-06-17 15:42,30097.75,30105.25,30097.25,30101.75,23.0
2026-06-17 15:43,30104.5,30106.75,30095.5,30095.5,12.0
2026-06-17 15:44,30095.0,30102.0,30092.0,30097.25,22.0
2026-06-17 15:45,30110.0,30111.25,30097.75,30097.75,12.0
2026-06-17 15:46,30101.25,30114.5,30101.25,30109.25,24.0
2026-06-17 15:47,30107.0,30109.75,30103.0,30109.5,24.0
2026-06-17 15:48,30104.0,30122.25,30104.0,30119.25,17.0
2026-06-17 15:49,30119.5,30127.25,30118.5,30127.0,16.0
2026-06-17 15:50,30128.25,30134.5,30115.25,30131.5,24.0
2026-06-17 15:51,30129.75,30135.5,30129.75,30131.25,12.0
2026-06-17 15:52,30123.0,30130.25,30122.75,30122.75,13.0
2026-06-17 15:53,30121.75,30121.75,30113.0,30114.75,9.0
2026-06-17 15:54,30113.75,30120.5,30112.0,30116.0,18.0
2026-06-17 15:55,30114.25,30114.75,30108.0,30114.75,7.0
2026-06-17 15:56,30123.25,30126.0,30117.25,30120.5,16.0
2026-06-17 15:57,30125.5,30138.0,30125.5,30132.25,16.0
2026-06-17 15:58,30131.25,30138.5,30127.25,30130.25,20.0
2026-06-17 15:59,30130.25,30134.75,30129.5,30134.75,4.0
2026-06-17 16:00,30138.25,30155.0,30135.0,30153.5,42.0
2026-06-17 16:01,30152.5,30152.75,30145.75,30149.75,13.0
2026-06-17 16:02,30152.0,30153.0,30144.75,30144.75,15.0
2026-06-17 16:03,30143.0,30151.0,30142.0,30148.25,12.0
2026-06-17 16:04,30143.5,30144.5,30127.75,30128.75,34.0
2026-06-17 16:05,30127.25,30135.75,30127.25,30134.25,21.0
2026-06-17 16:06,30138.25,30145.0,30134.5,30139.75,17.0
2026-06-17 16:07,30135.5,30136.5,30123.0,30134.5,14.0
2026-06-17 16:08,30137.0,30139.25,30132.75,30138.0,15.0
2026-06-17 16:09,30141.0,30141.0,30130.75,30135.0,17.0
2026-06-17 16:10,30133.25,30136.75,30129.25,30130.0,10.0
2026-06-17 16:11,30126.25,30130.25,30112.25,30116.0,21.0
2026-06-17 16:12,30116.0,30121.5,30112.0,30112.0,14.0
2026-06-17 16:13,30111.25,30125.0,30107.25,30121.25,23.0
2026-06-17 16:14,30119.75,30129.25,30119.5,30129.25,15.0
2026-06-17 16:15,30126.0,30130.5,30123.5,30130.5,6.0
2026-06-17 16:16,30130.5,30130.5,30113.0,30113.0,24.0
2026-06-17 16:17,30121.0,30123.5,30115.0,30115.0,9.0
2026-06-17 16:18,30116.0,30131.0,30116.0,30127.5,17.0
2026-06-17 16:19,30127.0,30139.5,30127.0,30139.5,6.0
2026-06-17 16:20,30141.0,30145.25,30132.0,30133.0,17.0
2026-06-17 16:21,30132.25,30141.5,30131.75,30139.25,10.0
2026-06-17 16:22,30141.25,30145.0,30136.5,30145.0,11.0
2026-06-17 16:23,30144.0,30149.0,30142.0,30145.5,11.0
2026-06-17 16:24,30143.0,30144.75,30140.75,30140.75,10.0
2026-06-17 16:25,30139.75,30139.75,30133.25,30137.0,12.0
2026-06-17 16:26,30139.75,30147.75,30139.75,30146.25,11.0
2026-06-17 16:27,30147.0,30155.0,30140.25,30143.75,34.0
2026-06-17 16:28,30149.0,30149.0,30143.0,30145.5,13.0
2026-06-17 16:29,30142.75,30144.0,30142.25,30144.0,10.0
2026-06-17 16:30,30144.75,30154.5,30144.75,30152.5,18.0
2026-06-17 16:31,30141.25,30141.25,30134.75,30134.75,15.0
2026-06-17 16:32,30135.75,30138.25,30133.75,30133.75,8.0
2026-06-17 16:33,30138.5,30139.0,30122.0,30122.0,17.0
2026-06-17 16:34,30123.5,30125.0,30118.25,30123.0,13.0
2026-06-17 16:35,30122.75,30132.75,30119.25,30132.75,8.0
2026-06-17 16:36,30132.0,30133.5,30123.0,30126.5,9.0
2026-06-17 16:37,30128.5,30142.0,30128.5,30142.0,12.0
2026-06-17 16:38,30138.5,30145.0,30138.0,30142.5,15.0
2026-06-17 16:39,30145.25,30145.25,30141.25,30144.5,8.0
2026-06-17 16:40,30132.75,30136.25,30107.75,30113.75,25.0
2026-06-17 16:41,30113.5,30116.75,30111.25,30115.75,8.0
2026-06-17 16:42,30115.75,30115.75,30106.75,30111.5,15.0
2026-06-17 16:43,30109.0,30118.75,30105.5,30117.5,20.0
2026-06-17 16:44,30118.25,30125.0,30116.5,30121.5,22.0
2026-06-17 16:45,30105.0,30107.0,30092.5,30099.0,33.0
2026-06-17 16:46,30099.25,30099.25,30092.25,30094.25,22.0
2026-06-17 16:47,30102.0,30106.0,30099.0,30100.25,16.0
2026-06-17 16:48,30100.25,30100.75,30083.75,30083.75,11.0
2026-06-17 16:49,30085.25,30098.0,30083.25,30093.0,17.0
2026-06-17 16:50,30088.5,30090.75,30084.0,30090.5,14.0
2026-06-17 16:51,30089.75,30104.5,30089.75,30098.25,10.0
2026-06-17 16:52,30096.25,30099.5,30094.25,30094.25,8.0
2026-06-17 16:53,30100.5,30100.75,30082.25,30085.75,18.0
2026-06-17 16:54,30087.25,30089.75,30084.0,30088.25,12.0
2026-06-17 16:55,30085.5,30098.0,30085.25,30096.75,14.0
2026-06-17 16:56,30092.0,30100.5,30088.5,30094.5,90.0
2026-06-17 16:57,30092.5,30095.0,30089.0,30091.75,8.0
2026-06-17 16:58,30092.5,30097.25,30089.75,30097.25,76.0
2026-06-17 16:59,30096.75,30096.75,30090.0,30092.25,116.0
2026-06-17 17:00,30085.75,30089.75,30074.0,30080.0,28.0
2026-06-17 17:01,30080.0,30080.0,30074.0,30074.75,15.0
2026-06-17 17:02,30072.0,30074.5,30060.0,30061.0,45.0
2026-06-17 17:03,30062.25,30066.75,30058.75,30061.5,18.0
2026-06-17 17:04,30061.5,30067.5,30048.75,30058.75,18.0
2026-06-17 17:05,30054.25,30059.0,30043.5,30059.0,14.0
2026-06-17 17:06,30056.25,30079.25,30056.25,30071.75,25.0
2026-06-17 17:07,30072.0,30072.0,30061.0,30065.0,18.0
2026-06-17 17:08,30062.0,30066.5,30009.75,30066.5,253.0
2026-06-17 17:09,30066.0,30069.0,30056.75,30066.75,24.0
2026-06-17 17:10,30064.5,30079.0,30064.5,30076.5,17.0
2026-06-17 17:11,30073.0,30075.75,30069.75,30071.75,13.0
2026-06-17 17:12,30063.5,30072.25,30063.5,30071.5,31.0
2026-06-17 17:13,30072.25,30073.75,30064.25,30064.25,16.0
2026-06-17 17:14,30063.25,30072.5,30063.25,30066.0,6.0
2026-06-17 17:15,30062.25,30062.25,30041.25,30041.25,30.0
2026-06-17 17:16,30043.25,30048.25,30041.5,30047.75,24.0
2026-06-17 17:17,30047.75,30058.0,30047.75,30058.0,16.0
2026-06-17 17:18,30059.0,30070.0,30050.5,30070.0,29.0
2026-06-17 17:19,30068.75,30074.0,30066.0,30071.25,21.0
2026-06-17 17:20,30071.25,30076.5,30062.0,30076.5,16.0
2026-06-17 17:21,30077.25,30083.0,30077.25,30081.0,17.0
2026-06-17 17:22,30085.0,30096.5,30085.0,30096.5,15.0
2026-06-17 17:23,30096.0,30099.5,30088.75,30088.75,20.0
2026-06-17 17:24,30089.75,30090.5,30086.0,30090.5,19.0
2026-06-17 17:25,30092.0,30092.0,30085.0,30092.0,26.0
2026-06-17 17:26,30098.0,30100.0,30092.0,30100.0,12.0
2026-06-17 17:27,30104.75,30112.0,30103.0,30104.0,22.0
2026-06-17 17:28,30103.5,30103.5,30099.0,30101.0,13.0
2026-06-17 17:29,30102.5,30109.0,30101.25,30104.25,11.0
2026-06-17 17:30,30098.25,30101.25,30083.0,30085.0,40.0
2026-06-17 17:31,30084.25,30084.25,30078.75,30078.75,15.0
2026-06-17 17:32,30082.0,30082.0,30074.0,30076.25,18.0
2026-06-17 17:33,30079.0,30090.0,30076.25,30090.0,11.0
2026-06-17 17:34,30086.75,30086.75,30084.25,30084.5,6.0
2026-06-17 17:35,30077.0,30079.0,30070.0,30079.0,14.0
2026-06-17 17:36,30081.0,30089.75,30077.5,30089.75,9.0
2026-06-17 17:37,30098.0,30101.25,30093.0,30093.75,9.0
2026-06-17 17:38,30092.75,30102.75,30090.75,30102.75,16.0
2026-06-17 17:39,30107.5,30107.75,30103.25,30103.5,17.0
2026-06-17 17:40,30099.0,30099.5,30093.5,30099.25,37.0
2026-06-17 17:41,30098.25,30099.0,30095.5,30099.0,19.0
2026-06-17 17:42,30099.5,30101.0,30091.75,30091.75,9.0
2026-06-17 17:43,30096.0,30096.75,30082.0,30082.0,9.0
2026-06-17 17:44,30080.0,30085.25,30080.0,30082.75,9.0
2026-06-17 17:45,30083.5,30087.5,30080.75,30086.75,9.0
2026-06-17 17:46,30086.25,30088.5,30077.5,30078.5,16.0
2026-06-17 17:47,30079.5,30083.75,30074.75,30079.5,23.0
2026-06-17 17:48,30079.5,30083.25,30078.5,30079.75,32.0
2026-06-17 17:49,30081.75,30102.5,30081.75,30102.25,12.0
2026-06-17 17:50,30100.0,30102.75,30092.0,30102.75,11.0
2026-06-17 17:51,30101.5,30116.75,30099.0,30116.75,23.0
2026-06-17 17:52,30121.0,30134.5,30118.5,30134.5,28.0
2026-06-17 17:53,30134.0,30148.0,30134.0,30148.0,26.0
2026-06-17 17:54,30143.0,30144.0,30135.75,30135.75,17.0
2026-06-17 17:55,30138.5,30138.5,30127.5,30127.5,23.0
2026-06-17 17:56,30127.5,30139.25,30121.0,30137.0,22.0
2026-06-17 17:57,30138.0,30138.0,30130.5,30132.0,18.0
2026-06-17 17:58,30133.75,30135.5,30131.25,30135.5,14.0
2026-06-17 17:59,30136.25,30166.5,30134.0,30166.5,30.0
2026-06-17 18:00,30146.25,30146.25,29991.75,29996.0,168.0
2026-06-17 18:01,29989.5,30042.75,29987.5,30017.25,84.0
2026-06-17 18:02,30016.5,30024.0,29948.0,29948.0,259.0
2026-06-17 18:03,29945.0,29958.0,29899.0,29927.5,186.0
2026-06-17 18:04,29919.5,29933.25,29868.0,29872.25,227.0
2026-06-17 18:05,29871.5,29873.0,29766.75,29766.75,298.0
2026-06-17 18:06,29772.75,29859.5,29768.25,29846.75,202.0
2026-06-17 18:07,29843.0,29889.5,29820.0,29867.75,232.0
2026-06-17 18:08,29872.5,29912.75,29872.5,29900.5,244.0
2026-06-17 18:09,29897.5,29966.5,29897.5,29950.25,211.0
2026-06-17 18:10,29949.5,29984.5,29930.5,29934.0,164.0
2026-06-17 18:11,29944.0,29969.0,29933.25,29963.5,113.0
2026-06-17 18:12,29960.75,29986.0,29950.5,29986.0,56.0
2026-06-17 18:13,29982.75,29982.75,29927.5,29931.75,123.0
2026-06-17 18:14,29941.25,29964.25,29917.75,29951.25,65.0
2026-06-17 18:15,29959.5,30026.25,29959.5,30022.25,95.0
2026-06-17 18:16,30024.75,30024.75,30001.0,30009.0,34.0
2026-06-17 18:17,29998.75,30006.25,29981.75,29994.25,65.0
2026-06-17 18:18,30001.5,30009.5,29994.25,30000.75,57.0
2026-06-17 18:19,30018.75,30031.75,30007.5,30022.0,32.0
2026-06-17 18:20,30017.0,30018.0,29979.75,29979.75,153.0
2026-06-17 18:21,29985.75,29995.25,29969.0,29984.75,63.0
2026-06-17 18:22,29986.25,29986.25,29954.5,29957.25,25.0
2026-06-17 18:23,29958.0,29966.25,29953.75,29959.75,33.0
2026-06-17 18:24,29955.0,29956.5,29917.25,29923.0,59.0
2026-06-17 18:25,29928.5,29929.25,29890.5,29908.25,80.0
2026-06-17 18:26,29904.5,29930.0,29904.5,29906.5,35.0
2026-06-17 18:27,29910.5,29910.5,29873.75,29886.0,110.0
2026-06-17 18:28,29899.0,29916.75,29895.0,29901.0,85.0
2026-06-17 18:29,29920.25,29950.0,29911.5,29939.25,99.0
2026-06-17 18:30,29929.0,29948.0,29915.25,29923.75,86.0
2026-06-17 18:31,29928.75,30005.0,29928.75,30002.5,106.0
2026-06-17 18:32,29997.75,30029.0,29901.25,29961.5,139.0
2026-06-17 18:33,29970.5,29988.5,29919.0,29937.5,89.0
2026-06-17 18:34,29937.75,29964.5,29913.5,29927.75,65.0
2026-06-17 18:35,29950.0,29973.25,29927.0,29948.0,45.0
2026-06-17 18:36,29947.5,30021.5,29947.5,30012.75,88.0
2026-06-17 18:37,30012.25,30030.25,29996.0,30003.0,128.0
2026-06-17 18:38,30006.5,30061.75,30006.5,30061.75,99.0
2026-06-17 18:39,30072.0,30089.5,30046.0,30053.5,84.0
2026-06-17 18:40,30053.0,30098.0,30053.0,30076.25,78.0
2026-06-17 18:41,30086.25,30114.5,30061.75,30098.75,61.0
2026-06-17 18:42,30095.75,30128.5,30091.5,30125.5,97.0
2026-06-17 18:43,30120.0,30187.0,30118.5,30180.0,512.0
2026-06-17 18:44,30178.0,30207.25,30167.25,30198.75,509.0
2026-06-17 18:45,30198.75,30201.75,30153.75,30156.5,168.0
2026-06-17 18:46,30160.5,30172.25,30125.75,30125.75,66.0
2026-06-17 18:47,30121.5,30183.0,30121.5,30181.0,61.0
2026-06-17 18:48,30176.25,30176.25,30127.25,30136.0,45.0
2026-06-17 18:49,30145.5,30151.5,30137.25,30148.0,19.0
2026-06-17 18:50,30144.75,30144.75,30113.0,30123.75,80.0
2026-06-17 18:51,30116.0,30141.25,30116.0,30127.5,61.0
2026-06-17 18:52,30123.75,30168.0,30119.25,30144.5,72.0
2026-06-17 18:53,30137.25,30137.25,30105.25,30105.25,49.0
2026-06-17 18:54,30109.0,30129.75,30097.0,30115.75,37.0
2026-06-17 18:55,30108.5,30108.5,30060.25,30060.75,25.0
2026-06-17 18:56,30060.0,30068.75,30005.0,30012.0,213.0
2026-06-17 18:57,30007.75,30019.25,29962.75,29992.25,331.0
2026-06-17 18:58,29993.5,30002.75,29911.25,29925.5,466.0
2026-06-17 18:59,29925.0,29984.75,29925.0,29962.5,224.0
2026-06-17 19:00,29961.0,30014.0,29960.0,30002.0,105.0
2026-06-17 19:01,29997.5,30006.5,29967.5,29967.5,43.0
2026-06-17 19:02,29978.5,30040.0,29977.75,29977.75,104.0
2026-06-17 19:03,29977.5,30005.5,29947.0,30001.5,67.0
2026-06-17 19:04,29994.75,30003.75,29968.0,29983.75,45.0
2026-06-17 19:05,29981.5,30000.25,29964.0,29979.0,33.0
2026-06-17 19:06,29997.75,30022.0,29994.0,29994.0,71.0
2026-06-17 19:07,29995.5,30018.0,29979.25,29991.75,62.0
2026-06-17 19:08,29991.5,30026.0,29990.0,29998.5,48.0
2026-06-17 19:09,29995.25,30007.0,29967.0,29978.75,52.0
2026-06-17 19:10,29979.5,29979.5,29932.5,29943.5,80.0
2026-06-17 19:11,29941.25,29944.25,29892.5,29900.0,61.0
2026-06-17 19:12,29906.0,29962.5,29892.75,29955.25,53.0
2026-06-17 19:13,29950.0,30061.0,29950.0,30056.0,184.0
2026-06-17 19:14,30042.5,30050.0,30030.0,30040.75,79.0
2026-06-17 19:15,30050.0,30050.0,29999.0,30004.0,48.0
2026-06-17 19:16,30011.75,30014.5,29966.75,29968.0,29.0
2026-06-17 19:17,29971.75,29983.5,29947.25,29947.25,40.0
2026-06-17 19:18,29942.0,29946.75,29916.0,29916.25,45.0
2026-06-17 19:19,29928.5,29948.5,29909.0,29909.0,116.0
2026-06-17 19:20,29909.5,29911.25,29850.0,29850.25,153.0
2026-06-17 19:21,29850.75,29851.0,29805.25,29819.5,134.0
2026-06-17 19:22,29830.25,29880.25,29828.5,29843.5,219.0
2026-06-17 19:23,29821.5,29852.75,29802.75,29838.0,96.0
2026-06-17 19:24,29834.5,29834.5,29789.25,29791.5,99.0
2026-06-17 19:25,29798.5,29861.0,29797.0,29854.0,56.0
2026-06-17 19:26,29862.5,29879.75,29854.0,29879.75,76.0
2026-06-17 19:27,29867.75,29895.5,29841.75,29850.25,62.0
2026-06-17 19:28,29847.75,29863.25,29818.25,29830.25,50.0
2026-06-17 19:29,29835.25,29836.75,29802.75,29823.0,69.0
2026-06-17 19:30,29822.0,29834.5,29788.0,29808.75,52.0
2026-06-17 19:31,29806.5,29852.5,29789.5,29802.25,111.0
2026-06-17 19:32,29800.25,29807.25,29751.75,29768.0,195.0
2026-06-17 19:33,29760.75,29804.25,29754.0,29765.75,158.0
2026-06-17 19:34,29769.5,29779.5,29746.0,29746.0,188.0
2026-06-17 19:35,29751.5,29790.5,29750.75,29762.25,97.0
2026-06-17 19:36,29758.25,29796.25,29758.25,29796.25,24.0
2026-06-17 19:37,29787.75,29809.25,29767.0,29767.0,91.0
2026-06-17 19:38,29767.75,29774.75,29693.75,29696.0,204.0
2026-06-17 19:39,29698.25,29715.75,29623.5,29653.25,253.0
2026-06-17 19:40,29654.0,29669.0,29638.0,29648.25,59.0
2026-06-17 19:41,29653.5,29670.0,29630.0,29633.0,105.0
2026-06-17 19:42,29630.25,29674.0,29621.25,29674.0,127.0
2026-06-17 19:43,29669.0,29679.5,29641.25,29658.75,98.0
2026-06-17 19:44,29661.75,29663.25,29628.0,29653.25,53.0
2026-06-17 19:45,29657.75,29693.25,29648.75,29648.75,171.0
2026-06-17 19:46,29658.5,29713.0,29645.75,29706.0,77.0
2026-06-17 19:47,29709.75,29716.25,29697.75,29716.0,45.0
2026-06-17 19:48,29709.0,29741.5,29709.0,29738.5,58.0
2026-06-17 19:49,29729.5,29734.5,29694.5,29704.5,95.0
2026-06-17 19:50,29703.5,29703.5,29635.5,29635.5,168.0
2026-06-17 19:51,29645.25,29648.5,29619.25,29636.75,196.0
2026-06-17 19:52,29630.0,29638.75,29621.75,29622.0,28.0
2026-06-17 19:53,29621.0,29663.0,29616.0,29636.25,38.0
2026-06-17 19:54,29641.75,29664.0,29636.75,29642.25,43.0
2026-06-17 19:55,29641.75,29734.25,29641.75,29714.0,99.0
2026-06-17 19:56,29714.5,29714.5,29689.0,29696.0,54.0
2026-06-17 19:57,29696.25,29700.0,29670.25,29677.75,61.0
2026-06-17 19:58,29687.5,29702.25,29680.0,29680.0,51.0
2026-06-17 19:59,29677.25,29698.25,29670.75,29681.0,395.0
2026-06-17 20:00,29681.5,29754.0,29678.75,29751.75,173.0
2026-06-17 20:01,29748.75,29779.75,29748.75,29756.75,173.0
2026-06-17 20:02,29760.25,29772.5,29755.5,29757.75,39.0
2026-06-17 20:03,29756.0,29756.0,29740.75,29745.75,47.0
2026-06-17 20:04,29747.0,29747.0,29725.0,29733.5,38.0
2026-06-17 20:05,29737.0,29740.0,29726.25,29726.25,8.0
2026-06-17 20:06,29727.0,29727.0,29719.0,29726.0,14.0
2026-06-17 20:07,29725.75,29725.75,29708.5,29710.0,13.0
2026-06-17 20:08,29710.25,29725.0,29710.25,29717.0,21.0
2026-06-17 20:09,29725.0,29739.0,29721.75,29738.0,17.0
2026-06-17 20:10,29745.0,29753.0,29738.0,29753.0,9.0
2026-06-17 20:11,29753.25,29760.0,29745.5,29745.75,11.0
2026-06-17 20:12,29735.75,29735.75,29722.5,29724.5,24.0
2026-06-17 20:13,29716.0,29723.0,29715.0,29718.5,20.0
2026-06-17 20:14,29722.25,29729.0,29718.0,29718.25,111.0
2026-06-17 20:15,29715.75,29716.75,29709.0,29714.5,50.0
2026-06-17 20:16,29717.0,29731.5,29715.75,29720.0,20.0
2026-06-17 20:17,29724.75,29749.0,29724.75,29749.0,15.0
2026-06-17 20:18,29755.75,29769.5,29755.75,29756.5,16.0
2026-06-17 20:19,29763.25,29780.0,29763.25,29780.0,11.0
2026-06-17 20:20,29789.0,29814.0,29789.0,29809.0,24.0
2026-06-17 20:21,29805.25,29805.5,29793.5,29800.0,4.0
2026-06-17 20:22,29796.0,29823.75,29796.0,29809.25,41.0
2026-06-17 20:23,29812.5,29816.0,29812.5,29816.0,2.0
2026-06-17 20:24,29806.0,29806.0,29799.5,29799.5,6.0
2026-06-17 20:25,29799.75,29805.0,29792.75,29798.75,7.0
2026-06-17 20:26,29816.5,29818.5,29816.5,29818.5,2.0
2026-06-17 20:27,29818.75,29823.75,29817.5,29818.0,9.0
2026-06-17 20:28,29821.75,29821.75,29805.25,29805.25,9.0
2026-06-17 20:29,29811.25,29815.0,29809.25,29812.0,6.0
2026-06-17 20:30,29813.75,29813.75,29807.5,29807.5,2.0
2026-06-17 20:31,29814.0,29824.5,29811.25,29824.5,6.0
2026-06-17 20:32,29823.25,29823.25,29814.5,29814.5,6.0
2026-06-17 20:33,29811.0,29811.0,29811.0,29811.0,2.0
2026-06-17 20:34,29805.0,29805.0,29805.0,29805.0,1.0
2026-06-17 20:35,29821.25,29825.0,29821.25,29825.0,5.0
2026-06-17 20:36,29819.0,29843.5,29819.0,29843.5,79.0
2026-06-17 20:37,29843.5,29847.75,29838.0,29847.75,37.0
2026-06-17 20:38,29844.25,29851.5,29843.0,29851.5,18.0
2026-06-17 20:39,29846.0,29850.25,29841.75,29845.0,39.0
2026-06-17 20:40,29838.0,29839.75,29838.0,29838.0,15.0
2026-06-17 20:41,29837.25,29837.25,29827.25,29831.25,19.0
2026-06-17 20:42,29828.75,29828.75,29821.75,29824.5,4.0
2026-06-17 20:43,29821.75,29823.75,29821.75,29823.75,7.0
2026-06-17 20:44,29827.5,29829.75,29819.5,29824.0,43.0
2026-06-17 20:45,29820.75,29821.25,29820.5,29821.25,8.0
2026-06-17 20:46,29819.0,29822.75,29818.75,29819.0,43.0
2026-06-17 20:47,29816.75,29816.75,29812.5,29812.5,35.0
2026-06-17 20:48,29814.0,29815.0,29806.0,29815.0,26.0
2026-06-17 20:49,29809.5,29809.5,29806.75,29806.75,3.0
2026-06-17 20:50,29802.5,29808.5,29802.25,29808.5,8.0
2026-06-17 20:51,29803.0,29806.75,29803.0,29806.75,8.0
2026-06-17 20:52,29807.5,29810.25,29802.5,29802.5,23.0
2026-06-17 20:53,29807.5,29807.5,29807.5,29807.5,2.0
2026-06-17 20:54,29814.5,29814.5,29814.5,29814.5,1.0
2026-06-17 20:55,29824.5,29825.0,29820.0,29820.0,17.0
2026-06-17 20:56,29819.0,29820.5,29813.25,29819.25,57.0
2026-06-17 20:57,29819.25,29820.0,29817.5,29820.0,6.0
2026-06-17 20:58,29821.75,29826.75,29821.75,29825.0,12.0
2026-06-17 20:59,29826.0,29839.75,29825.0,29839.75,29.0
2026-06-17 22:00,29758.5,29849.75,29758.5,29814.0,4.0
2026-06-17 22:01,29815.75,29815.75,29804.75,29806.0,5.0
2026-06-17 22:02,29800.5,29806.0,29787.75,29803.75,18.0
2026-06-17 22:03,29810.5,29810.5,29802.0,29806.0,4.0
2026-06-17 22:04,29799.5,29805.25,29792.0,29803.25,10.0
2026-06-17 22:05,29812.0,29826.75,29811.75,29826.5,30.0
2026-06-17 22:06,29826.25,29834.75,29826.25,29830.75,13.0
2026-06-17 22:07,29833.0,29833.0,29833.0,29833.0,11.0
2026-06-17 22:08,29833.0,29838.25,29831.75,29838.25,65.0
2026-06-17 22:09,29840.25,29871.25,29838.25,29869.75,29.0
2026-06-17 22:10,29869.75,29869.75,29867.25,29867.25,4.0
2026-06-17 22:11,29871.25,29871.25,29870.0,29870.0,7.0
2026-06-17 22:12,29872.75,29888.0,29872.75,29888.0,7.0
2026-06-17 22:13,29890.5,29890.5,29886.75,29886.75,4.0
2026-06-17 22:15,29883.0,29889.75,29883.0,29889.75,2.0
2026-06-17 22:16,29878.75,29878.75,29875.25,29878.0,6.0
2026-06-17 22:18,29875.75,29875.75,29873.0,29873.0,11.0
2026-06-17 22:19,29873.0,29873.0,29873.0,29873.0,1.0
2026-06-17 22:20,29881.0,29922.5,29881.0,29911.5,162.0
2026-06-17 22:21,29905.75,29905.75,29905.0,29905.0,13.0
2026-06-17 22:22,29906.5,29942.25,29905.0,29928.75,113.0
2026-06-17 22:23,29926.5,29941.5,29915.0,29935.5,66.0
2026-06-17 22:24,29936.0,29938.25,29936.0,29938.25,2.0
2026-06-17 22:25,29936.5,29948.25,29934.75,29940.25,15.0
2026-06-17 22:26,29943.25,29943.75,29933.0,29933.0,10.0
2026-06-17 22:27,29931.25,29931.25,29925.75,29925.75,9.0
2026-06-17 22:28,29930.5,29932.25,29921.25,29925.25,9.0
2026-06-17 22:29,29921.5,29921.75,29916.5,29921.75,10.0
2026-06-17 22:30,29917.75,29921.75,29916.0,29920.0,10.0
2026-06-17 22:31,29923.0,29926.0,29923.0,29926.0,8.0
2026-06-17 22:32,29925.0,29925.0,29921.5,29924.5,4.0
2026-06-17 22:33,29913.25,29917.5,29913.25,29915.0,5.0
2026-06-17 22:35,29918.25,29928.0,29918.25,29928.0,4.0
2026-06-17 22:38,29922.25,29922.25,29920.0,29920.0,2.0
2026-06-17 22:39,29929.0,29930.0,29929.0,29930.0,5.0
2026-06-17 22:41,29924.25,29924.25,29924.25,29924.25,1.0
2026-06-17 22:45,29921.25,29921.25,29920.25,29920.25,5.0
2026-06-17 22:47,29938.0,29938.75,29938.0,29938.75,6.0
2026-06-17 22:48,29934.75,29934.75,29934.75,29934.75,1.0
2026-06-17 22:49,29941.0,29941.5,29940.25,29941.5,7.0
2026-06-17 22:50,29939.0,29947.75,29938.0,29947.75,10.0
2026-06-17 22:52,29939.5,29939.5,29939.5,29939.5,1.0
2026-06-17 22:54,29947.75,29947.75,29945.0,29945.0,38.0
2026-06-17 22:55,29945.0,29945.0,29945.0,29945.0,3.0
2026-06-17 22:56,29940.0,29940.0,29932.5,29932.5,26.0
2026-06-17 22:57,29932.5,29932.5,29932.5,29932.5,11.0
2026-06-17 22:58,29931.0,29931.0,29924.75,29924.75,38.0
2026-06-17 22:59,29925.5,29925.5,29925.5,29925.5,5.0
2026-06-17 23:00,29925.5,29925.5,29922.25,29924.25,8.0
2026-06-17 23:01,29926.25,29926.25,29926.25,29926.25,1.0
2026-06-17 23:02,29931.0,29931.0,29931.0,29931.0,2.0
2026-06-17 23:04,29938.75,29938.75,29938.75,29938.75,5.0
2026-06-17 23:05,29929.75,29929.75,29906.0,29922.0,106.0
2026-06-17 23:06,29919.0,29922.75,29908.0,29922.75,33.0
2026-06-17 23:08,29934.0,29934.0,29931.25,29931.25,12.0
2026-06-17 23:09,29933.75,29934.0,29933.75,29934.0,13.0
2026-06-17 23:10,29936.0,29936.0,29936.0,29936.0,2.0
2026-06-17 23:11,29936.5,29936.5,29929.0,29930.0,40.0
2026-06-17 23:12,29932.5,29932.5,29928.0,29929.5,40.0
2026-06-17 23:13,29929.5,29932.5,29929.5,29931.75,30.0
2026-06-17 23:14,29931.75,29947.0,29931.75,29947.0,37.0
2026-06-17 23:15,29944.25,29950.75,29943.0,29950.75,14.0
2026-06-17 23:16,29946.0,29950.25,29945.75,29945.75,17.0
2026-06-17 23:17,29947.0,29957.0,29947.0,29957.0,4.0
2026-06-17 23:18,29959.0,29959.0,29952.25,29952.25,5.0
2026-06-17 23:19,29955.5,29958.25,29954.5,29957.0,4.0
2026-06-17 23:20,29960.0,29964.75,29959.25,29962.5,8.0
2026-06-17 23:21,29964.5,29970.25,29963.25,29967.75,18.0
2026-06-17 23:22,29967.0,29981.25,29967.0,29976.5,26.0
2026-06-17 23:23,29972.75,29979.0,29972.75,29978.75,6.0
2026-06-17 23:24,29975.25,29976.0,29975.25,29975.5,3.0
2026-06-17 23:25,29975.25,29976.0,29970.25,29976.0,9.0
2026-06-17 23:26,29975.75,29976.5,29975.25,29975.25,12.0
2026-06-17 23:27,29976.5,29979.75,29976.0,29978.75,23.0
2026-06-17 23:28,29977.75,29981.25,29976.0,29976.0,21.0
2026-06-17 23:29,29976.0,29976.0,29972.0,29972.0,4.0
2026-06-17 23:30,29976.0,29976.0,29973.5,29973.5,5.0
2026-06-17 23:31,29976.0,29984.5,29976.0,29979.5,17.0
2026-06-17 23:32,29978.5,29978.5,29976.0,29976.0,6.0
2026-06-17 23:35,29973.75,29973.75,29971.75,29971.75,3.0
2026-06-17 23:36,29970.5,29970.5,29963.25,29963.25,2.0
2026-06-17 23:37,29963.5,29963.5,29961.0,29961.0,4.0
2026-06-17 23:38,29963.0,29966.25,29959.0,29960.0,11.0
2026-06-17 23:39,29958.5,29958.5,29957.75,29957.75,2.0
2026-06-17 23:40,29965.0,29965.0,29959.0,29959.0,8.0
2026-06-17 23:41,29958.25,29958.25,29951.75,29952.0,6.0
2026-06-17 23:42,29957.25,29957.25,29954.5,29954.5,6.0
2026-06-17 23:43,29957.75,29960.0,29957.5,29959.75,13.0
2026-06-17 23:44,29954.75,29957.0,29950.5,29956.0,7.0
2026-06-17 23:46,29961.5,29962.75,29960.25,29960.25,3.0
2026-06-17 23:47,29963.5,29963.5,29953.5,29957.75,29.0
2026-06-17 23:48,29966.0,29966.0,29965.0,29965.0,4.0
2026-06-17 23:49,29965.0,29967.75,29963.25,29963.25,8.0
2026-06-17 23:50,29967.5,29967.5,29962.75,29967.5,10.0
2026-06-17 23:51,29960.75,29960.75,29959.75,29959.75,10.0
2026-06-17 23:52,29961.5,29975.0,29958.0,29975.0,18.0
2026-06-17 23:53,29973.0,29973.0,29973.0,29973.0,1.0
2026-06-17 23:55,29974.5,29974.75,29968.75,29968.75,4.0
2026-06-17 23:56,29968.75,29968.75,29968.75,29968.75,3.0
2026-06-17 23:57,29966.5,29970.0,29966.0,29968.0,28.0
2026-06-17 23:58,29968.0,29973.0,29965.75,29972.0,40.0
2026-06-17 23:59,29971.0,29988.0,29971.0,29987.0,19.0
2026-06-18 00:00,29994.75,30022.25,29994.75,30022.25,22.0
2026-06-18 00:01,30030.5,30041.75,30030.0,30041.75,7.0
2026-06-18 00:02,30044.5,30044.5,30035.75,30038.75,14.0
2026-06-18 00:03,30041.25,30050.0,30032.75,30032.75,6.0
2026-06-18 00:04,30035.25,30035.25,30027.5,30034.5,7.0
2026-06-18 00:05,30046.75,30054.0,30046.75,30054.0,5.0
2026-06-18 00:06,30064.75,30085.75,30064.75,30081.25,9.0
2026-06-18 00:07,30089.75,30089.75,30078.0,30078.0,7.0
2026-06-18 00:08,30075.0,30082.75,30072.75,30074.25,9.0
2026-06-18 00:09,30077.75,30078.5,30077.75,30078.5,4.0
2026-06-18 00:10,30083.5,30097.5,30083.5,30093.5,11.0
2026-06-18 00:11,30090.5,30095.75,30082.75,30082.75,20.0
2026-06-18 00:12,30080.25,30082.75,30070.25,30081.25,18.0
2026-06-18 00:13,30073.5,30103.5,30073.25,30101.75,28.0
2026-06-18 00:14,30099.25,30100.75,30098.25,30100.75,5.0
2026-06-18 00:15,30101.75,30109.75,30086.25,30086.25,11.0
2026-06-18 00:16,30086.0,30097.0,30086.0,30094.0,3.0
2026-06-18 00:17,30095.25,30095.25,30083.0,30090.0,19.0
2026-06-18 00:18,30092.75,30092.75,30079.0,30082.25,15.0
2026-06-18 00:19,30081.0,30081.0,30078.5,30078.5,2.0
2026-06-18 00:20,30078.75,30082.5,30075.25,30075.25,11.0
2026-06-18 00:21,30085.75,30088.0,30080.0,30080.0,3.0
2026-06-18 00:22,30072.75,30072.75,30062.25,30064.0,14.0
2026-06-18 00:23,30060.5,30070.25,30060.5,30070.25,5.0
2026-06-18 00:24,30063.75,30063.75,30060.25,30060.25,2.0
2026-06-18 00:25,30060.5,30060.5,30041.0,30042.75,21.0
2026-06-18 00:26,30040.75,30042.5,30033.75,30036.5,12.0
2026-06-18 00:27,30050.0,30050.0,30050.0,30050.0,1.0
2026-06-18 00:28,30046.25,30051.0,30045.5,30051.0,8.0
2026-06-18 00:29,30045.5,30055.75,30045.5,30055.75,3.0
2026-06-18 00:30,30062.25,30076.75,30056.0,30076.75,18.0
2026-06-18 00:31,30080.0,30083.0,30080.0,30083.0,3.0
2026-06-18 00:32,30085.0,30085.0,30074.75,30074.75,4.0
2026-06-18 00:33,30074.5,30074.5,30069.0,30070.0,7.0
2026-06-18 00:34,30080.5,30088.5,30078.0,30088.5,8.0
2026-06-18 00:35,30083.25,30083.25,30062.5,30062.5,5.0
2026-06-18 00:36,30066.0,30066.0,30066.0,30066.0,1.0
2026-06-18 00:37,30071.25,30071.25,30071.25,30071.25,1.0
2026-06-18 00:38,30076.0,30076.0,30075.25,30075.25,2.0
2026-06-18 00:39,30075.5,30092.0,30075.5,30092.0,6.0
2026-06-18 00:40,30092.0,30092.0,30076.5,30076.5,13.0
2026-06-18 00:41,30070.0,30073.0,30068.75,30073.0,3.0
2026-06-18 00:42,30085.75,30085.75,30085.75,30085.75,1.0
2026-06-18 00:43,30088.25,30088.25,30088.25,30088.25,1.0
2026-06-18 00:44,30085.75,30090.25,30085.75,30090.25,3.0
2026-06-18 00:45,30086.0,30086.0,30085.0,30085.0,3.0
2026-06-18 00:46,30081.25,30083.75,30081.0,30083.75,3.0
2026-06-18 00:47,30086.25,30086.5,30084.25,30084.25,7.0
2026-06-18 00:48,30075.0,30077.0,30075.0,30077.0,3.0
2026-06-18 00:50,30075.0,30075.0,30070.75,30070.75,3.0
2026-06-18 00:51,30067.25,30067.25,30057.75,30060.0,9.0
2026-06-18 00:52,30051.0,30053.0,30039.0,30039.75,17.0
2026-06-18 00:53,30041.0,30068.75,30037.75,30068.75,34.0
2026-06-18 00:54,30064.25,30068.0,30064.25,30064.5,3.0
2026-06-18 00:55,30062.5,30062.5,30054.75,30054.75,6.0
2026-06-18 00:56,30049.0,30049.0,30047.25,30047.5,5.0
2026-06-18 00:57,30054.75,30054.75,30045.75,30045.75,2.0
2026-06-18 00:59,30052.75,30052.75,30048.5,30049.0,3.0
2026-06-18 01:00,30050.0,30058.0,30045.75,30052.75,8.0
2026-06-18 01:01,30051.25,30054.5,30051.25,30054.5,3.0
2026-06-18 01:02,30076.5,30081.75,30075.0,30081.75,8.0
2026-06-18 01:03,30085.5,30100.0,30085.5,30097.75,6.0
2026-06-18 01:04,30100.0,30100.0,30086.5,30086.5,7.0
2026-06-18 01:05,30097.25,30100.0,30089.0,30089.0,9.0
2026-06-18 01:06,30086.5,30086.5,30086.5,30086.5,1.0
2026-06-18 01:07,30086.25,30086.25,30086.25,30086.25,1.0
2026-06-18 01:08,30093.0,30102.75,30093.0,30102.75,2.0
2026-06-18 01:09,30099.25,30099.25,30092.5,30092.5,6.0
2026-06-18 01:10,30104.5,30109.75,30104.5,30109.5,8.0
2026-06-18 01:11,30107.0,30115.25,30107.0,30115.25,13.0
2026-06-18 01:12,30107.75,30111.25,30104.0,30104.0,21.0
2026-06-18 01:13,30119.25,30119.25,30115.0,30116.5,4.0
2026-06-18 01:15,30102.25,30104.25,30092.0,30093.5,7.0
2026-06-18 01:17,30096.5,30096.5,30084.5,30084.5,5.0
2026-06-18 01:18,30074.0,30074.0,30073.75,30073.75,2.0
2026-06-18 01:19,30092.75,30092.75,30092.75,30092.75,1.0
2026-06-18 01:21,30099.0,30103.5,30099.0,30101.25,4.0
2026-06-18 01:22,30098.0,30098.0,30098.0,30098.0,1.0
2026-06-18 01:24,30092.25,30092.25,30092.0,30092.0,3.0
2026-06-18 01:25,30096.0,30097.5,30091.75,30097.5,10.0
2026-06-18 01:27,30111.0,30111.0,30111.0,30111.0,1.0
2026-06-18 01:28,30110.5,30110.5,30101.5,30101.5,2.0
2026-06-18 01:29,30096.5,30096.5,30088.0,30088.0,2.0
2026-06-18 01:30,30093.0,30093.0,30093.0,30093.0,1.0
2026-06-18 01:31,30091.5,30093.75,30085.5,30085.5,7.0
2026-06-18 01:33,30090.0,30090.25,30090.0,30090.25,2.0
2026-06-18 01:34,30099.75,30099.75,30099.75,30099.75,1.0
2026-06-18 01:35,30089.25,30089.25,30089.25,30089.25,1.0
2026-06-18 01:36,30087.75,30087.75,30075.25,30075.25,2.0
2026-06-18 01:37,30083.5,30085.25,30083.5,30085.25,2.0
2026-06-18 01:39,30075.5,30083.75,30075.5,30083.75,2.0
2026-06-18 01:40,30075.5,30082.25,30075.5,30082.25,5.0
2026-06-18 01:42,30076.75,30076.75,30073.0,30073.0,2.0
2026-06-18 01:43,30079.0,30079.0,30079.0,30079.0,1.0
2026-06-18 01:44,30085.75,30085.75,30080.5,30080.5,3.0
2026-06-18 01:45,30077.5,30077.75,30071.25,30077.75,6.0
2026-06-18 01:46,30075.5,30075.5,30064.0,30065.75,8.0
2026-06-18 01:47,30069.25,30072.0,30058.5,30058.5,8.0
2026-06-18 01:48,30058.5,30060.75,30052.75,30052.75,11.0
2026-06-18 01:49,30049.75,30066.0,30049.75,30066.0,10.0
2026-06-18 01:51,30065.0,30065.0,30057.0,30057.0,4.0
2026-06-18 01:52,30071.75,30071.75,30071.75,30071.75,1.0
2026-06-18 01:53,30069.5,30080.25,30066.0,30076.0,14.0
2026-06-18 01:54,30077.75,30077.75,30070.0,30070.0,7.0
2026-06-18 01:55,30065.0,30068.75,30065.0,30068.75,2.0
2026-06-18 01:56,30068.0,30068.0,30065.0,30065.0,4.0
2026-06-18 01:57,30059.25,30059.5,30053.0,30053.0,4.0
2026-06-18 01:58,30051.75,30059.0,30051.0,30058.75,4.0
2026-06-18 01:59,30063.0,30063.0,30063.0,30063.0,2.0
2026-06-18 02:00,30057.25,30057.25,30057.25,30057.25,1.0
2026-06-18 02:01,30069.5,30069.5,30069.5,30069.5,1.0
2026-06-18 02:02,30068.0,30068.0,30068.0,30068.0,2.0
2026-06-18 02:03,30069.75,30069.75,30067.0,30067.0,3.0
2026-06-18 02:04,30073.25,30077.5,30073.25,30077.5,3.0
2026-06-18 02:05,30088.0,30088.0,30088.0,30088.0,1.0
2026-06-18 02:08,30095.0,30095.0,30095.0,30095.0,1.0
2026-06-18 02:09,30102.5,30105.0,30099.75,30105.0,3.0
2026-06-18 02:10,30101.75,30101.75,30095.75,30095.75,5.0
2026-06-18 02:11,30086.75,30086.75,30086.75,30086.75,1.0
2026-06-18 02:13,30100.75,30108.75,30100.75,30108.75,2.0
2026-06-18 02:14,30103.5,30103.5,30103.5,30103.5,1.0
2026-06-18 02:15,30100.75,30100.75,30100.75,30100.75,1.0
2026-06-18 02:16,30092.0,30092.0,30092.0,30092.0,1.0
2026-06-18 02:17,30088.75,30088.75,30088.75,30088.75,1.0
2026-06-18 02:18,30093.25,30093.25,30083.25,30086.75,8.0
2026-06-18 02:19,30086.75,30087.0,30086.75,30087.0,2.0
2026-06-18 02:20,30085.5,30090.0,30085.5,30090.0,3.0
2026-06-18 02:21,30086.25,30086.25,30080.0,30080.0,5.0
2026-06-18 02:22,30078.0,30079.75,30077.0,30079.75,3.0
2026-06-18 02:24,30089.5,30089.5,30088.5,30088.5,2.0
2026-06-18 02:25,30086.0,30086.0,30082.5,30082.5,3.0
2026-06-18 02:27,30079.75,30079.75,30079.75,30079.75,2.0
2026-06-18 02:28,30079.5,30083.0,30078.5,30078.5,5.0
2026-06-18 02:30,30075.0,30075.0,30075.0,30075.0,2.0
2026-06-18 02:31,30074.75,30074.75,30068.0,30073.0,6.0
2026-06-18 02:32,30073.25,30075.5,30071.5,30071.75,6.0
2026-06-18 02:34,30086.5,30088.25,30079.25,30084.5,20.0
2026-06-18 02:35,30085.75,30088.0,30077.25,30077.25,5.0
2026-06-18 02:36,30074.5,30074.5,30074.5,30074.5,1.0
2026-06-18 02:38,30084.5,30084.5,30082.5,30082.5,4.0
2026-06-18 02:39,30085.5,30085.5,30084.0,30084.0,3.0
2026-06-18 02:40,30084.75,30084.75,30084.75,30084.75,2.0
2026-06-18 02:42,30084.25,30084.25,30081.0,30081.0,2.0
2026-06-18 02:43,30086.5,30087.75,30086.5,30087.75,2.0
2026-06-18 02:44,30084.5,30084.5,30082.75,30083.0,5.0
2026-06-18 02:45,30085.75,30086.75,30085.5,30086.75,5.0
2026-06-18 02:47,30080.75,30080.75,30074.0,30074.0,3.0
2026-06-18 02:48,30074.75,30074.75,30074.75,30074.75,1.0
2026-06-18 02:49,30081.75,30081.75,30077.75,30077.75,2.0
2026-06-18 02:50,30078.5,30093.0,30078.0,30093.0,4.0
2026-06-18 02:51,30090.25,30090.25,30090.25,30090.25,1.0
2026-06-18 02:53,30086.75,30086.75,30086.75,30086.75,1.0
2026-06-18 02:56,30082.75,30082.75,30082.75,30082.75,3.0
2026-06-18 02:57,30082.75,30088.0,30081.0,30083.75,21.0
2026-06-18 03:00,30088.25,30088.25,30088.25,30088.25,1.0
2026-06-18 03:07,30079.5,30079.5,30079.5,30079.5,1.0
2026-06-18 03:08,30071.25,30071.25,30067.25,30067.25,4.0
2026-06-18 03:10,30071.25,30071.25,30065.25,30065.25,3.0
2026-06-18 03:11,30067.0,30068.25,30064.25,30066.75,9.0
2026-06-18 03:12,30065.5,30065.5,30065.5,30065.5,1.0
2026-06-18 03:13,30062.25,30062.25,30058.25,30058.25,3.0
2026-06-18 03:19,30069.5,30072.75,30069.5,30072.75,6.0
2026-06-18 03:20,30071.75,30073.0,30066.75,30070.5,15.0
2026-06-18 03:21,30073.0,30073.0,30073.0,30073.0,1.0
2026-06-18 03:22,30081.25,30081.75,30081.25,30081.75,2.0
2026-06-18 03:27,30083.5,30083.5,30083.5,30083.5,1.0
2026-06-18 03:28,30085.0,30085.0,30085.0,30085.0,7.0
2026-06-18 03:29,30085.0,30085.0,30085.0,30085.0,3.0
2026-06-18 03:30,30085.0,30085.0,30085.0,30085.0,40.0
2026-06-18 03:31,30093.25,30096.0,30093.25,30096.0,2.0
2026-06-18 03:33,30086.25,30086.25,30086.25,30086.25,1.0
2026-06-18 03:34,30084.0,30084.0,30078.0,30078.0,3.0
2026-06-18 03:35,30073.75,30073.75,30073.75,30073.75,1.0
2026-06-18 03:36,30068.75,30068.75,30054.25,30054.25,6.0
2026-06-18 03:37,30053.75,30053.75,30052.75,30052.75,4.0
2026-06-18 03:38,30060.25,30060.25,30058.25,30058.5,4.0
2026-06-18 03:41,30055.0,30055.0,30052.0,30052.0,3.0
2026-06-18 03:42,30053.25,30053.25,30053.25,30053.25,1.0
2026-06-18 03:46,30065.5,30065.5,30057.75,30057.75,6.0
2026-06-18 03:49,30075.25,30075.25,30075.25,30075.25,1.0
2026-06-18 03:50,30075.5,30075.5,30075.0,30075.0,3.0
2026-06-18 03:56,30076.75,30082.75,30076.75,30082.5,10.0
2026-06-18 03:57,30081.5,30082.0,30080.5,30081.0,5.0
2026-06-18 03:58,30079.75,30079.75,30079.75,30079.75,1.0
2026-06-18 04:00,30079.5,30085.0,30079.5,30079.5,9.0
2026-06-18 04:02,30079.5,30079.75,30079.5,30079.75,2.0
2026-06-18 04:04,30076.25,30076.25,30070.5,30070.75,8.0
2026-06-18 04:08,30051.75,30052.5,30050.0,30052.5,4.0
2026-06-18 04:09,30053.0,30053.0,30053.0,30053.0,1.0
2026-06-18 04:11,30054.5,30054.5,30034.0,30034.0,5.0
2026-06-18 04:12,30038.75,30038.75,30038.75,30038.75,2.0
2026-06-18 04:13,30042.25,30042.25,30041.0,30041.0,4.0
2026-06-18 04:14,30041.25,30041.25,30036.0,30036.0,16.0
2026-06-18 04:16,30042.75,30042.75,30039.5,30039.5,3.0
2026-06-18 04:18,30036.5,30036.5,30030.0,30030.0,5.0
2026-06-18 04:19,30030.0,30030.0,30017.5,30017.5,6.0
2026-06-18 04:20,30018.0,30018.0,30010.0,30010.0,8.0
2026-06-18 04:21,30013.25,30022.25,30013.25,30022.25,6.0
2026-06-18 04:23,30020.0,30020.0,30020.0,30020.0,1.0
2026-06-18 04:24,30011.5,30011.5,30009.75,30010.0,11.0
2026-06-18 04:25,30010.0,30010.0,30010.0,30010.0,1.0
2026-06-18 04:26,30005.0,30005.0,30005.0,30005.0,11.0
2026-06-18 04:28,30005.0,30005.0,30005.0,30005.0,3.0
2026-06-18 04:29,30008.25,30013.0,30008.25,30013.0,6.0
2026-06-18 04:30,30004.0,30004.0,30004.0,30004.0,1.0
2026-06-18 04:31,30004.0,30004.5,29997.5,29997.5,13.0
2026-06-18 04:32,30003.75,30003.75,29999.5,30002.0,9.0
2026-06-18 04:33,30010.5,30010.5,29992.0,29992.0,79.0
2026-06-18 04:34,29991.25,29993.75,29988.25,29993.75,7.0
2026-06-18 04:35,29998.25,30005.0,29998.25,30005.0,10.0
2026-06-18 04:36,30005.0,30005.0,30004.75,30005.0,7.0
2026-06-18 04:37,30005.0,30005.0,30005.0,30005.0,2.0
2026-06-18 04:39,29990.0,29990.75,29990.0,29990.75,2.0
2026-06-18 04:40,29982.75,29982.75,29982.75,29982.75,1.0
2026-06-18 04:41,29985.75,29987.0,29985.75,29987.0,2.0
2026-06-18 04:43,29987.75,29987.75,29987.75,29987.75,3.0
2026-06-18 04:44,29973.5,29973.5,29973.5,29973.5,2.0
2026-06-18 04:45,29971.75,29971.75,29971.75,29971.75,1.0
2026-06-18 04:46,29977.25,29977.25,29977.25,29977.25,3.0
2026-06-18 04:47,29970.0,29974.25,29970.0,29974.25,5.0
2026-06-18 04:49,29983.75,29983.75,29982.0,29982.0,4.0
2026-06-18 04:50,29989.5,29989.5,29989.5,29989.5,1.0
2026-06-18 04:51,29995.25,29997.5,29995.25,29997.5,6.0
2026-06-18 04:52,29997.5,30002.5,29997.5,29998.25,5.0
2026-06-18 04:53,30005.0,30005.0,30002.25,30005.0,22.0
2026-06-18 04:55,30012.5,30012.5,30012.5,30012.5,1.0
2026-06-18 04:56,30015.0,30019.5,30015.0,30017.5,20.0
2026-06-18 05:01,30003.25,30003.25,30003.0,30003.0,2.0
2026-06-18 05:02,30027.25,30027.5,30027.25,30027.5,2.0
2026-06-18 05:05,30028.75,30033.75,30028.75,30030.5,6.0
2026-06-18 05:06,30027.25,30027.25,30027.25,30027.25,1.0
2026-06-18 05:10,30033.0,30033.0,30029.75,30032.25,3.0
2026-06-18 05:12,30029.0,30029.0,30029.0,30029.0,1.0
2026-06-18 05:13,30024.0,30024.0,30020.75,30022.25,3.0
2026-06-18 05:14,30011.0,30022.25,30011.0,30022.25,6.0
2026-06-18 05:15,30031.5,30031.5,30031.5,30031.5,1.0
2026-06-18 05:16,30031.5,30034.0,30031.5,30034.0,3.0
2026-06-18 05:18,30039.0,30039.0,30039.0,30039.0,1.0
2026-06-18 05:20,30036.0,30036.0,30036.0,30036.0,1.0
2026-06-18 05:25,30036.0,30036.0,30033.25,30033.25,2.0
2026-06-18 05:28,30044.25,30044.5,30044.25,30044.5,9.0
2026-06-18 05:29,30033.75,30033.75,30033.25,30033.25,2.0
2026-06-18 05:33,30046.25,30051.0,30046.25,30051.0,4.0
2026-06-18 05:35,30040.25,30045.5,30040.25,30045.5,2.0
2026-06-18 05:37,30028.25,30030.75,30027.5,30027.5,5.0
2026-06-18 05:38,30021.5,30030.0,30015.25,30030.0,6.0
2026-06-18 05:39,30031.0,30031.0,30031.0,30031.0,2.0
2026-06-18 05:40,30028.75,30033.0,30026.75,30032.75,5.0
2026-06-18 05:44,30037.5,30037.5,30037.5,30037.5,5.0
2026-06-18 05:46,30030.0,30030.0,30026.0,30028.5,3.0
2026-06-18 05:47,30028.5,30028.5,30025.25,30027.75,3.0
2026-06-18 05:48,30026.75,30026.75,30026.75,30026.75,1.0
2026-06-18 05:49,30024.5,30027.0,30023.5,30026.25,5.0
2026-06-18 05:50,30025.5,30025.5,30023.0,30025.5,3.0
2026-06-18 05:51,30022.25,30024.75,30013.75,30013.75,5.0
2026-06-18 05:52,30013.5,30020.5,30013.5,30020.5,5.0
2026-06-18 05:53,30019.75,30024.0,30019.75,30024.0,3.0
2026-06-18 05:54,30023.0,30023.25,30020.75,30023.25,4.0
2026-06-18 05:55,30026.25,30026.25,30025.75,30025.75,2.0
2026-06-18 05:56,30028.25,30028.25,30028.25,30028.25,1.0
2026-06-18 05:57,30035.75,30040.0,30035.25,30035.25,9.0
2026-06-18 05:58,30034.5,30034.5,30028.0,30028.0,6.0
2026-06-18 05:59,30030.5,30030.5,30030.5,30030.5,3.0
2026-06-18 06:00,30027.75,30027.75,30020.0,30022.5,4.0
2026-06-18 06:01,30019.25,30020.25,30007.5,30020.25,4.0
2026-06-18 06:02,30020.25,30021.75,30020.25,30021.75,2.0
2026-06-18 06:03,30026.75,30026.75,30026.75,30026.75,1.0
2026-06-18 06:04,30033.25,30035.75,30033.25,30035.75,4.0
2026-06-18 06:06,30031.25,30031.25,30030.0,30031.0,4.0
2026-06-18 06:07,30018.5,30018.5,30018.5,30018.5,1.0
2026-06-18 06:10,30005.5,30005.5,30005.5,30005.5,1.0
2026-06-18 06:11,30014.0,30014.0,30014.0,30014.0,1.0
2026-06-18 06:13,30010.75,30010.75,30010.75,30010.75,6.0
2026-06-18 06:14,30010.5,30021.0,30010.5,30020.25,6.0
2026-06-18 06:15,30030.0,30030.0,30030.0,30030.0,1.0
2026-06-18 06:17,30017.25,30019.5,30016.25,30018.75,5.0
2026-06-18 06:18,30015.5,30015.5,30015.5,30015.5,1.0
2026-06-18 06:21,30010.5,30015.0,30000.0,30015.0,25.0
2026-06-18 06:22,30018.0,30018.0,30018.0,30018.0,1.0
2026-06-18 06:25,30014.75,30022.0,30013.0,30022.0,7.0
2026-06-18 06:26,30030.0,30030.0,30030.0,30030.0,1.0
2026-06-18 06:27,30039.5,30039.5,30039.5,30039.5,1.0
2026-06-18 06:29,30055.0,30057.0,30055.0,30057.0,2.0
2026-06-18 06:34,30041.0,30046.0,30041.0,30046.0,2.0
2026-06-18 06:36,30038.25,30038.25,30038.25,30038.25,1.0
2026-06-18 06:38,30028.0,30030.0,30027.0,30030.0,4.0
2026-06-18 06:40,30025.75,30025.75,30025.75,30025.75,1.0
2026-06-18 06:41,30018.0,30018.0,30014.0,30016.5,3.0
2026-06-18 06:45,30043.0,30043.0,30043.0,30043.0,1.0
2026-06-18 06:46,30047.0,30047.0,30047.0,30047.0,1.0
2026-06-18 06:47,30047.0,30050.0,30047.0,30050.0,2.0
2026-06-18 06:48,30049.25,30049.25,30049.25,30049.25,1.0
2026-06-18 06:53,30052.5,30052.5,30052.5,30052.5,1.0
2026-06-18 06:56,30053.5,30053.5,30053.5,30053.5,3.0
2026-06-18 06:57,30058.75,30079.75,30058.75,30079.75,21.0
2026-06-18 06:58,30086.0,30098.0,30086.0,30091.0,23.0
2026-06-18 06:59,30093.0,30104.0,30093.0,30097.5,14.0
2026-06-18 07:00,30097.5,30104.0,30097.5,30104.0,7.0
2026-06-18 07:01,30097.5,30097.5,30097.5,30097.5,1.0
2026-06-18 07:02,30089.0,30098.75,30087.75,30098.75,13.0
2026-06-18 07:03,30101.75,30101.75,30100.5,30100.5,11.0
2026-06-18 07:06,30107.25,30107.25,30100.0,30100.0,6.0
2026-06-18 07:07,30100.0,30100.75,30100.0,30100.75,5.0
2026-06-18 07:08,30098.0,30098.0,30098.0,30098.0,1.0
2026-06-18 07:10,30102.5,30102.5,30100.0,30100.0,6.0
2026-06-18 07:12,30098.25,30098.25,30087.75,30087.75,4.0
2026-06-18 07:13,30085.0,30085.0,30085.0,30085.0,1.0
2026-06-18 07:14,30070.0,30070.0,30070.0,30070.0,4.0
2026-06-18 07:15,30075.0,30076.75,30075.0,30076.0,3.0
2026-06-18 07:16,30075.25,30075.25,30074.0,30074.0,2.0
2026-06-18 07:17,30070.5,30070.5,30068.75,30068.75,2.0
2026-06-18 07:18,30063.25,30063.25,30063.25,30063.25,1.0
2026-06-18 07:19,30081.75,30083.25,30081.75,30083.25,3.0
2026-06-18 07:20,30084.75,30090.0,30083.0,30085.0,6.0
2026-06-18 07:21,30084.0,30086.0,30081.75,30081.75,8.0
2026-06-18 07:24,30101.75,30101.75,30094.0,30094.0,5.0
2026-06-18 07:25,30094.0,30094.0,30094.0,30094.0,4.0
2026-06-18 07:26,30097.5,30106.5,30097.5,30106.5,5.0
2026-06-18 07:28,30110.0,30114.75,30108.75,30110.0,14.0
2026-06-18 07:29,30108.75,30115.0,30108.0,30115.0,6.0
2026-06-18 07:30,30097.75,30097.75,30097.5,30097.5,2.0
2026-06-18 07:34,30092.0,30092.0,30092.0,30092.0,2.0
2026-06-18 07:35,30095.0,30095.0,30095.0,30095.0,1.0
2026-06-18 07:36,30095.5,30095.5,30095.5,30095.5,1.0
2026-06-18 07:39,30104.25,30104.25,30102.0,30102.0,2.0
2026-06-18 07:40,30103.75,30103.75,30102.5,30102.5,2.0
2026-06-18 07:41,30100.0,30100.0,30100.0,30100.0,1.0
2026-06-18 07:44,30102.75,30103.5,30102.75,30103.5,3.0
2026-06-18 07:46,30106.25,30106.25,30106.25,30106.25,1.0
2026-06-18 07:47,30103.0,30107.25,30100.75,30100.75,14.0
2026-06-18 07:48,30101.5,30101.5,30097.0,30097.0,8.0
2026-06-18 07:49,30097.25,30097.25,30097.25,30097.25,3.0
2026-06-18 07:50,30105.0,30105.0,30103.5,30103.5,6.0
2026-06-18 07:51,30103.5,30103.5,30102.5,30102.5,5.0
2026-06-18 07:56,30100.0,30100.0,30100.0,30100.0,1.0
2026-06-18 07:58,30103.75,30120.0,30103.75,30120.0,8.0
2026-06-18 07:59,30121.0,30128.75,30119.0,30128.75,16.0
2026-06-18 08:00,30129.0,30141.25,30125.25,30141.25,9.0
2026-06-18 08:01,30141.75,30144.5,30141.75,30144.5,4.0
2026-06-18 08:02,30137.0,30137.0,30137.0,30137.0,1.0
2026-06-18 08:03,30141.0,30141.0,30132.0,30132.0,2.0
2026-06-18 08:05,30147.0,30150.0,30147.0,30150.0,10.0
2026-06-18 08:06,30151.0,30151.0,30149.75,30149.75,6.0
2026-06-18 08:07,30143.5,30156.0,30143.25,30156.0,11.0
2026-06-18 08:08,30158.25,30168.0,30158.25,30162.75,113.0
2026-06-18 08:09,30170.25,30175.5,30170.25,30175.5,15.0
2026-06-18 08:10,30178.75,30182.75,30177.0,30177.0,9.0
2026-06-18 08:11,30176.0,30177.0,30176.0,30176.0,3.0
2026-06-18 08:12,30177.0,30177.0,30177.0,30177.0,1.0
2026-06-18 08:13,30177.0,30179.75,30174.75,30174.75,3.0
2026-06-18 08:15,30166.0,30166.0,30160.0,30160.0,3.0
2026-06-18 08:16,30158.0,30158.0,30158.0,30158.0,1.0
2026-06-18 08:17,30165.0,30166.0,30161.0,30162.0,4.0
2026-06-18 08:18,30163.75,30163.75,30159.0,30159.5,21.0
2026-06-18 08:19,30163.25,30163.25,30153.5,30153.5,8.0
2026-06-18 08:20,30156.25,30157.0,30147.0,30147.0,13.0
2026-06-18 08:21,30145.0,30145.0,30145.0,30145.0,1.0
2026-06-18 08:22,30143.75,30144.0,30140.0,30140.0,7.0
2026-06-18 08:23,30135.0,30135.0,30129.25,30129.25,2.0
2026-06-18 08:24,30128.0,30128.25,30119.25,30120.25,8.0
2026-06-18 08:27,30120.0,30120.0,30115.0,30116.0,3.0
2026-06-18 08:29,30115.0,30123.75,30115.0,30123.75,4.0
2026-06-18 08:30,30121.75,30121.75,30121.75,30121.75,1.0
2026-06-18 08:32,30116.5,30117.0,30116.5,30117.0,4.0
2026-06-18 08:33,30121.75,30121.75,30120.5,30121.0,4.0
2026-06-18 08:36,30125.5,30125.5,30125.25,30125.25,2.0
2026-06-18 08:37,30116.5,30116.5,30116.5,30116.5,1.0
2026-06-18 08:39,30135.75,30135.75,30135.75,30135.75,5.0
2026-06-18 08:41,30140.25,30150.0,30140.25,30150.0,6.0
2026-06-18 08:42,30155.75,30156.0,30152.75,30156.0,7.0
2026-06-18 08:43,30150.0,30150.0,30144.0,30144.5,9.0
2026-06-18 08:46,30135.0,30135.0,30128.75,30128.75,2.0
2026-06-18 08:48,30125.0,30137.0,30125.0,30137.0,4.0
2026-06-18 08:49,30135.0,30135.0,30135.0,30135.0,2.0
2026-06-18 08:52,30130.75,30130.75,30115.0,30115.0,3.0
2026-06-18 08:53,30112.0,30112.0,30112.0,30112.0,1.0
2026-06-18 08:54,30117.5,30120.0,30117.5,30120.0,2.0
2026-06-18 08:56,30112.0,30112.0,30103.0,30103.0,7.0
2026-06-18 08:58,30087.5,30090.75,30083.25,30090.75,7.0
2026-06-18 09:01,30081.0,30081.0,30081.0,30081.0,6.0
2026-06-18 09:02,30097.0,30097.0,30097.0,30097.0,7.0
2026-06-18 09:03,30100.0,30108.25,30100.0,30108.25,5.0
2026-06-18 09:04,30109.75,30109.75,30109.75,30109.75,1.0
2026-06-18 09:05,30111.25,30111.25,30111.25,30111.25,1.0
2026-06-18 09:08,30117.0,30117.0,30108.0,30108.0,4.0
2026-06-18 09:09,30115.0,30121.0,30115.0,30121.0,4.0
2026-06-18 09:11,30100.0,30100.0,30100.0,30100.0,1.0
2026-06-18 09:12,30098.0,30098.0,30098.0,30098.0,1.0
2026-06-18 09:13,30117.0,30121.25,30117.0,30121.25,2.0
2026-06-18 09:14,30114.0,30114.0,30112.25,30112.25,3.0
2026-06-18 09:15,30123.5,30124.0,30123.5,30124.0,2.0
2026-06-18 09:17,30136.5,30136.5,30136.5,30136.5,1.0
2026-06-18 09:18,30130.25,30131.5,30130.25,30131.5,9.0
2026-06-18 09:19,30131.75,30131.75,30131.75,30131.75,1.0
2026-06-18 09:21,30120.0,30120.0,30118.0,30118.0,6.0
2026-06-18 09:22,30118.0,30118.0,30118.0,30118.0,1.0
2026-06-18 09:23,30122.0,30122.0,30118.0,30118.0,2.0
2026-06-18 09:29,30124.0,30124.0,30124.0,30124.0,2.0
2026-06-18 09:33,30125.0,30125.0,30125.0,30125.0,2.0
2026-06-18 09:36,30126.0,30126.75,30126.0,30126.75,5.0
2026-06-18 09:38,30140.0,30140.0,30140.0,30140.0,1.0
2026-06-18 09:39,30143.0,30143.0,30141.0,30141.0,5.0
2026-06-18 09:44,30151.25,30151.25,30148.75,30148.75,4.0
2026-06-18 09:51,30172.25,30172.25,30170.75,30170.75,6.0
2026-06-18 09:52,30175.5,30175.5,30175.5,30175.5,2.0
2026-06-18 09:55,30179.75,30179.75,30179.75,30179.75,1.0
2026-06-18 09:56,30182.0,30184.5,30182.0,30184.5,9.0
2026-06-18 09:58,30174.5,30174.5,30174.5,30174.5,14.0
2026-06-18 09:59,30174.0,30175.25,30174.0,30175.25,23.0
2026-06-18 10:01,30168.5,30169.25,30167.75,30169.25,5.0
2026-06-18 10:02,30169.25,30169.25,30167.0,30167.0,22.0
2026-06-18 10:05,30170.5,30171.25,30170.5,30171.25,3.0
2026-06-18 10:12,30159.75,30159.75,30159.75,30159.75,1.0
2026-06-18 10:13,30160.0,30160.0,30160.0,30160.0,1.0
2026-06-18 10:14,30172.0,30176.0,30169.5,30169.5,12.0
2026-06-18 10:15,30175.0,30175.75,30172.5,30172.5,8.0
2026-06-18 10:16,30176.25,30181.5,30172.75,30172.75,24.0
2026-06-18 10:17,30172.25,30172.25,30172.25,30172.25,1.0
2026-06-18 10:18,30170.75,30170.75,30170.75,30170.75,1.0
2026-06-18 10:19,30174.5,30174.5,30174.5,30174.5,1.0
2026-06-18 10:20,30177.0,30180.0,30177.0,30180.0,2.0
2026-06-18 10:21,30178.75,30178.75,30178.75,30178.75,1.0
2026-06-18 10:23,30171.0,30171.0,30169.0,30171.0,9.0
2026-06-18 10:24,30165.0,30165.0,30165.0,30165.0,1.0
2026-06-18 10:25,30164.75,30167.5,30164.75,30167.5,2.0
2026-06-18 10:29,30160.75,30163.75,30160.75,30163.75,2.0
2026-06-18 10:30,30166.25,30166.25,30166.25,30166.25,9.0
2026-06-18 10:32,30154.0,30154.0,30153.5,30153.5,5.0
2026-06-18 10:33,30148.75,30148.75,30148.75,30148.75,2.0
2026-06-18 10:37,30148.75,30148.75,30148.75,30148.75,1.0
2026-06-18 10:38,30148.75,30149.5,30147.0,30147.0,7.0
2026-06-18 10:39,30142.75,30142.75,30142.5,30142.5,2.0
2026-06-18 10:40,30144.0,30144.0,30142.5,30142.5,3.0
2026-06-18 10:42,30140.0,30140.0,30140.0,30140.0,1.0
2026-06-18 10:43,30125.0,30125.0,30124.5,30124.5,2.0
2026-06-18 10:44,30128.75,30128.75,30115.25,30115.25,4.0
2026-06-18 10:45,30115.5,30124.0,30115.5,30124.0,5.0
2026-06-18 10:47,30124.25,30124.25,30124.25,30124.25,1.0
2026-06-18 10:50,30123.0,30124.0,30123.0,30124.0,2.0
2026-06-18 10:52,30125.0,30126.5,30125.0,30126.5,9.0
2026-06-18 10:54,30119.0,30121.0,30119.0,30121.0,5.0
2026-06-18 11:00,30136.0,30138.0,30130.5,30131.25,4.0
2026-06-18 11:01,30119.25,30119.25,30119.25,30119.25,1.0
2026-06-18 11:02,30125.25,30132.0,30125.25,30132.0,3.0
2026-06-18 11:03,30133.5,30139.75,30133.5,30139.75,2.0
2026-06-18 11:05,30134.75,30134.75,30129.0,30129.0,14.0
2026-06-18 11:06,30116.0,30116.0,30100.0,30100.0,6.0
2026-06-18 11:07,30111.25,30111.25,30111.25,30111.25,1.0
2026-06-18 11:09,30100.0,30100.0,30090.0,30090.0,7.0
2026-06-18 11:10,30085.0,30085.0,30083.75,30083.75,6.0
2026-06-18 11:11,30085.5,30085.5,30074.75,30074.75,9.0
2026-06-18 11:12,30089.0,30093.25,30089.0,30093.25,2.0
2026-06-18 11:14,30089.0,30089.0,30085.75,30089.0,3.0
2026-06-18 11:15,30089.0,30089.0,30086.75,30086.75,5.0
2026-06-18 11:16,30092.5,30092.5,30092.5,30092.5,20.0
2026-06-18 11:17,30096.75,30096.75,30084.25,30084.25,3.0
2026-06-18 11:18,30074.75,30074.75,30071.0,30071.0,2.0
2026-06-18 11:19,30066.25,30066.25,30065.0,30065.0,5.0
2026-06-18 11:20,30074.0,30074.0,30072.0,30072.0,2.0
2026-06-18 11:21,30066.0,30068.25,30059.0,30063.25,6.0
2026-06-18 11:22,30057.0,30065.75,30057.0,30059.0,15.0
2026-06-18 11:23,30064.5,30066.5,30064.5,30065.0,24.0
2026-06-18 11:24,30060.0,30072.0,30060.0,30071.75,5.0
2026-06-18 11:25,30076.5,30076.5,30076.5,30076.5,2.0
2026-06-18 11:26,30087.25,30094.25,30087.25,30094.25,5.0
2026-06-18 11:27,30095.0,30100.0,30085.75,30085.75,5.0
2026-06-18 11:28,30097.5,30097.5,30084.25,30090.0,5.0
2026-06-18 11:30,30081.0,30085.75,30081.0,30085.75,3.0
2026-06-18 11:31,30092.0,30103.0,30092.0,30103.0,10.0
2026-06-18 11:32,30103.0,30103.0,30103.0,30103.0,1.0
2026-06-18 11:33,30092.75,30092.75,30092.75,30092.75,2.0
2026-06-18 11:35,30099.5,30099.5,30099.5,30099.5,1.0
2026-06-18 11:36,30088.25,30091.5,30088.25,30091.5,13.0
2026-06-18 11:37,30084.25,30085.25,30073.25,30073.25,4.0
2026-06-18 11:40,30060.0,30060.0,30060.0,30060.0,3.0
2026-06-18 11:41,30053.0,30058.5,30048.5,30051.75,16.0
2026-06-18 11:42,30058.0,30059.25,30058.0,30059.25,5.0
2026-06-18 11:43,30066.0,30066.0,30066.0,30066.0,5.0
2026-06-18 11:44,30074.5,30082.0,30074.5,30079.75,7.0
2026-06-18 11:46,30083.5,30083.5,30083.5,30083.5,1.0
2026-06-18 11:49,30073.25,30073.25,30072.5,30072.5,4.0
2026-06-18 11:50,30071.5,30074.0,30071.5,30074.0,4.0
2026-06-18 11:51,30094.0,30098.0,30094.0,30098.0,4.0
2026-06-18 11:52,30093.75,30100.0,30093.75,30100.0,4.0
2026-06-18 11:54,30101.0,30101.0,30101.0,30101.0,1.0
2026-06-18 11:55,30100.75,30100.75,30095.0,30095.0,2.0
2026-06-18 11:57,30103.25,30103.25,30103.25,30103.25,1.0
2026-06-18 11:58,30107.0,30107.25,30107.0,30107.25,2.0
2026-06-18 11:59,30106.75,30108.75,30104.5,30108.75,4.0
2026-06-18 12:00,30112.0,30115.5,30100.0,30100.0,4.0
2026-06-18 12:05,30101.25,30107.5,30100.5,30107.5,5.0
2026-06-18 12:06,30094.5,30094.75,30094.5,30094.75,4.0
2026-06-18 12:07,30091.0,30096.25,30090.25,30091.5,22.0
2026-06-18 12:08,30087.5,30087.5,30087.5,30087.5,1.0
2026-06-18 12:10,30102.0,30102.0,30102.0,30102.0,3.0
2026-06-18 12:11,30102.0,30102.0,30102.0,30102.0,9.0
2026-06-18 12:13,30115.25,30115.75,30115.25,30115.25,6.0
2026-06-18 12:14,30115.25,30120.25,30115.25,30120.25,21.0
2026-06-18 12:15,30125.5,30125.5,30125.5,30125.5,1.0
2026-06-18 12:16,30121.75,30121.75,30115.25,30115.25,3.0
2026-06-18 12:19,30118.5,30126.5,30118.5,30126.5,5.0
2026-06-18 12:20,30131.75,30138.5,30131.75,30138.5,3.0
2026-06-18 12:21,30130.0,30130.0,30130.0,30130.0,1.0
2026-06-18 12:22,30140.75,30140.75,30134.25,30134.25,4.0
2026-06-18 12:23,30131.25,30131.25,30131.25,30131.25,1.0
2026-06-18 12:24,30134.75,30147.75,30134.5,30146.75,8.0
2026-06-18 12:25,30150.0,30155.5,30150.0,30152.75,4.0
2026-06-18 12:26,30152.5,30158.0,30152.5,30158.0,2.0
2026-06-18 12:28,30154.5,30154.5,30154.5,30154.5,1.0
2026-06-18 12:29,30146.5,30146.5,30144.25,30144.25,5.0
2026-06-18 12:30,30151.5,30163.0,30151.5,30156.5,11.0
2026-06-18 12:31,30147.75,30153.25,30146.75,30152.25,14.0
2026-06-18 12:32,30152.5,30152.5,30148.25,30148.75,14.0
2026-06-18 12:33,30152.25,30152.25,30142.75,30142.75,9.0
2026-06-18 12:34,30138.25,30142.5,30137.25,30142.0,6.0
2026-06-18 12:35,30142.0,30151.0,30142.0,30150.0,6.0
2026-06-18 12:36,30156.0,30166.25,30156.0,30162.75,11.0
2026-06-18 12:37,30165.0,30169.75,30165.0,30169.75,5.0
2026-06-18 12:38,30163.25,30163.25,30160.0,30160.0,3.0
2026-06-18 12:39,30153.75,30153.75,30153.75,30153.75,1.0
2026-06-18 12:40,30154.0,30154.75,30154.0,30154.0,11.0
2026-06-18 12:41,30151.5,30151.5,30151.5,30151.5,1.0
2026-06-18 12:42,30159.75,30175.0,30159.75,30175.0,6.0
2026-06-18 12:43,30165.75,30165.75,30159.0,30164.25,8.0
2026-06-18 12:44,30162.75,30167.5,30162.75,30165.0,20.0
2026-06-18 12:45,30164.25,30165.75,30164.25,30165.75,2.0
2026-06-18 12:46,30168.5,30168.5,30168.5,30168.5,2.0
2026-06-18 12:47,30165.75,30171.0,30165.75,30171.0,2.0
2026-06-18 12:48,30175.0,30175.25,30175.0,30175.0,7.0
2026-06-18 12:49,30172.75,30184.0,30172.75,30184.0,55.0
2026-06-18 12:50,30182.75,30188.5,30175.75,30181.5,46.0
2026-06-18 12:51,30179.5,30182.25,30174.25,30175.5,51.0
2026-06-18 12:52,30176.75,30179.25,30174.5,30176.0,44.0
2026-06-18 12:53,30180.75,30186.0,30180.5,30182.0,44.0
2026-06-18 12:54,30186.5,30186.5,30180.0,30180.0,15.0
2026-06-18 12:55,30195.25,30195.25,30192.0,30193.75,46.0
2026-06-18 12:56,30196.0,30199.25,30190.0,30199.25,34.0
2026-06-18 12:57,30197.25,30220.5,30197.25,30214.5,76.0
2026-06-18 12:58,30214.5,30220.25,30207.0,30207.5,20.0
2026-06-18 13:00,30197.75,30197.75,30190.0,30190.0,23.0
2026-06-18 13:01,30185.25,30188.75,30184.0,30184.75,5.0
2026-06-18 13:02,30179.5,30181.5,30174.5,30174.5,9.0
2026-06-18 13:03,30167.0,30167.0,30152.25,30152.25,12.0
2026-06-18 13:04,30157.75,30165.0,30152.0,30152.5,19.0
2026-06-18 13:05,30156.75,30166.0,30156.0,30164.0,8.0
2026-06-18 13:06,30164.5,30171.0,30161.5,30164.0,35.0
2026-06-18 13:07,30164.0,30164.0,30161.0,30161.0,5.0
2026-06-18 13:08,30172.5,30173.75,30170.75,30172.75,9.0
2026-06-18 13:09,30179.5,30179.75,30179.5,30179.75,4.0
2026-06-18 13:10,30170.5,30177.5,30164.5,30177.5,8.0
2026-06-18 13:11,30180.5,30191.5,30178.75,30191.5,17.0
2026-06-18 13:12,30190.0,30192.0,30186.75,30188.5,12.0
2026-06-18 13:13,30195.5,30201.5,30194.0,30201.5,14.0
2026-06-18 13:14,30196.25,30196.25,30191.0,30191.0,3.0
2026-06-18 13:15,30196.75,30204.0,30196.75,30204.0,7.0
2026-06-18 13:16,30196.25,30206.25,30196.25,30206.25,9.0
2026-06-18 13:17,30204.25,30210.0,30204.25,30210.0,4.0
2026-06-18 13:18,30209.5,30214.0,30209.5,30214.0,7.0
2026-06-18 13:19,30209.25,30210.0,30202.5,30208.5,10.0
2026-06-18 13:21,30212.0,30215.25,30211.75,30215.0,8.0
2026-06-18 13:22,30218.0,30218.0,30213.0,30213.0,11.0
2026-06-18 13:23,30220.25,30229.5,30220.25,30225.5,22.0
2026-06-18 13:24,30218.0,30224.0,30210.0,30210.0,28.0
2026-06-18 13:25,30217.75,30258.75,30217.75,30258.75,70.0
2026-06-18 13:26,30256.25,30285.25,30252.25,30268.0,40.0
2026-06-18 13:27,30265.0,30277.5,30261.25,30263.25,58.0
2026-06-18 13:28,30274.0,30285.5,30267.5,30267.5,35.0
2026-06-18 13:29,30275.0,30285.75,30262.75,30275.25,48.0
