stamp,open,high,low,close,volume
2019-06-16 22:00,7481.0,7485.0,7476.0,7483.25,174.0
2019-06-16 22:01,7484.5,7489.5,7484.5,7488.5,144.0
2019-06-16 22:02,7488.75,7489.75,7487.5,7488.75,63.0
2019-06-16 22:03,7489.25,7492.0,7489.0,7492.0,53.0
2019-06-16 22:04,7492.0,7492.75,7487.0,7488.0,85.0
2019-06-16 22:05,7488.25,7490.5,7488.25,7490.5,12.0
2019-06-16 22:06,7491.5,7491.5,7489.25,7489.5,12.0
2019-06-16 22:07,7490.0,7490.0,7489.0,7489.0,6.0
2019-06-16 22:08,7489.0,7489.0,7489.0,7489.0,2.0
2019-06-16 22:09,7488.5,7489.25,7488.25,7488.25,8.0
2019-06-16 22:10,7488.75,7488.75,7487.0,7487.0,26.0
2019-06-16 22:11,7487.0,7487.75,7487.0,7487.75,6.0
2019-06-16 22:12,7487.75,7487.75,7486.75,7487.25,11.0
2019-06-16 22:13,7486.75,7487.0,7486.5,7486.75,4.0
2019-06-16 22:14,7487.25,7487.75,7487.25,7487.75,3.0
2019-06-16 22:15,7488.0,7488.75,7488.0,7488.75,14.0
2019-06-16 22:16,7489.75,7489.75,7488.5,7488.5,6.0
2019-06-16 22:17,7488.75,7492.25,7488.75,7492.25,7.0
2019-06-16 22:18,7491.5,7492.25,7490.75,7490.75,14.0
2019-06-16 22:19,7490.75,7490.75,7489.0,7489.5,9.0
2019-06-16 22:20,7490.75,7491.0,7490.75,7491.0,12.0
2019-06-16 22:21,7491.25,7491.5,7490.5,7491.25,17.0
2019-06-16 22:22,7490.75,7490.75,7490.25,7490.25,4.0
2019-06-16 22:23,7490.0,7490.25,7489.75,7490.25,7.0
2019-06-16 22:25,7491.25,7491.5,7490.75,7490.75,7.0
2019-06-16 22:26,7490.75,7490.75,7490.75,7490.75,1.0
2019-06-16 22:27,7490.75,7491.0,7490.75,7491.0,3.0
2019-06-16 22:28,7490.75,7490.75,7490.0,7490.25,7.0
2019-06-16 22:29,7490.0,7490.0,7490.0,7490.0,2.0
2019-06-16 22:30,7490.0,7491.25,7490.0,7491.25,14.0
2019-06-16 22:31,7490.75,7492.5,7490.5,7491.75,16.0
2019-06-16 22:32,7491.5,7494.75,7491.5,7493.0,34.0
2019-06-16 22:33,7493.75,7494.0,7493.5,7493.5,10.0
2019-06-16 22:34,7493.5,7493.5,7492.5,7493.0,12.0
2019-06-16 22:36,7492.75,7492.75,7492.0,7492.0,9.0
2019-06-16 22:37,7491.75,7491.75,7491.0,7491.0,10.0
2019-06-16 22:38,7491.0,7492.0,7491.0,7491.25,10.0
2019-06-16 22:39,7492.0,7492.5,7492.0,7492.5,6.0
2019-06-16 22:40,7492.0,7492.0,7492.0,7492.0,5.0
2019-06-16 22:41,7491.25,7491.25,7490.25,7490.5,17.0
2019-06-16 22:42,7490.5,7490.5,7490.25,7490.5,6.0
2019-06-16 22:43,7491.0,7493.25,7491.0,7493.25,36.0
2019-06-16 22:44,7493.25,7494.5,7492.25,7492.5,16.0
2019-06-16 22:45,7493.25,7494.5,7493.25,7494.5,16.0
2019-06-16 22:46,7494.0,7494.5,7494.0,7494.5,10.0
2019-06-16 22:47,7494.5,7494.5,7493.5,7493.5,12.0
2019-06-16 22:48,7493.0,7493.75,7492.75,7493.75,16.0
2019-06-16 22:49,7493.75,7493.75,7493.75,7493.75,2.0
2019-06-16 22:50,7493.75,7494.25,7493.75,7493.75,10.0
2019-06-16 22:51,7494.25,7494.75,7494.0,7494.25,10.0
2019-06-16 22:52,7494.0,7495.75,7494.0,7494.75,31.0
2019-06-16 22:53,7494.75,7494.75,7494.5,7494.75,18.0
2019-06-16 22:54,7494.5,7494.5,7491.25,7491.75,21.0
2019-06-16 22:55,7491.5,7492.25,7491.5,7492.25,7.0
2019-06-16 22:56,7492.25,7492.5,7492.0,7492.5,6.0
2019-06-16 22:57,7492.75,7493.0,7492.5,7492.75,13.0
2019-06-16 22:58,7492.5,7492.75,7492.25,7492.25,4.0
2019-06-16 22:59,7492.5,7492.5,7492.25,7492.5,12.0
2019-06-16 23:00,7492.25,7492.75,7492.25,7492.5,18.0
2019-06-16 23:01,7492.0,7492.0,7492.0,7492.0,4.0
2019-06-16 23:02,7491.75,7491.75,7491.75,7491.75,1.0
2019-06-16 23:03,7491.75,7491.75,7490.5,7490.5,8.0
2019-06-16 23:04,7490.5,7490.5,7489.75,7490.25,17.0
2019-06-16 23:05,7490.25,7490.25,7490.0,7490.25,6.0
2019-06-16 23:06,7490.0,7490.25,7489.0,7489.0,14.0
2019-06-16 23:07,7489.5,7490.0,7488.75,7489.5,28.0
2019-06-16 23:08,7489.75,7489.75,7489.25,7489.25,5.0
2019-06-16 23:09,7489.25,7490.25,7489.25,7490.25,7.0
2019-06-16 23:10,7490.5,7490.75,7490.25,7490.25,7.0
2019-06-16 23:11,7490.25,7490.75,7490.0,7490.75,6.0
2019-06-16 23:12,7490.5,7490.75,7490.25,7490.5,7.0
2019-06-16 23:13,7490.5,7490.5,7490.25,7490.25,4.0
2019-06-16 23:14,7490.5,7490.5,7490.0,7490.5,13.0
2019-06-16 23:15,7490.25,7490.25,7489.75,7490.25,5.0
2019-06-16 23:16,7490.5,7490.75,7490.5,7490.75,4.0
2019-06-16 23:17,7491.0,7491.0,7490.5,7490.75,21.0
2019-06-16 23:18,7490.75,7490.75,7490.75,7490.75,1.0
2019-06-16 23:19,7490.75,7490.75,7490.0,7490.0,4.0
2019-06-16 23:20,7490.0,7490.25,7489.75,7490.25,6.0
2019-06-16 23:22,7490.75,7490.75,7490.5,7490.5,3.0
2019-06-16 23:23,7490.25,7490.5,7489.5,7490.0,6.0
2019-06-16 23:24,7490.0,7490.0,7490.0,7490.0,1.0
2019-06-16 23:25,7490.25,7490.25,7490.25,7490.25,3.0
2019-06-16 23:26,7490.25,7490.5,7490.25,7490.25,7.0
2019-06-16 23:27,7491.0,7491.0,7490.25,7490.5,11.0
2019-06-16 23:28,7490.5,7490.75,7490.5,7490.5,6.0
2019-06-16 23:29,7490.75,7490.75,7490.5,7490.5,3.0
2019-06-16 23:31,7490.75,7490.75,7490.5,7490.5,2.0
2019-06-16 23:32,7490.0,7490.0,7489.5,7489.75,10.0
2019-06-16 23:33,7490.0,7490.5,7490.0,7490.5,3.0
2019-06-16 23:34,7490.5,7490.5,7490.5,7490.5,4.0
2019-06-16 23:35,7490.75,7491.0,7490.75,7491.0,14.0
2019-06-16 23:36,7491.0,7491.0,7490.75,7491.0,12.0
2019-06-16 23:37,7491.25,7494.0,7491.25,7494.0,35.0
2019-06-16 23:38,7494.0,7494.75,7493.75,7493.75,29.0
2019-06-16 23:39,7493.5,7494.75,7493.5,7494.5,17.0
2019-06-16 23:40,7495.0,7495.0,7494.25,7495.0,13.0
2019-06-16 23:41,7495.0,7495.25,7494.75,7494.75,4.0
2019-06-16 23:42,7494.75,7495.25,7494.5,7494.75,12.0
2019-06-16 23:43,7494.25,7494.5,7493.75,7494.5,26.0
2019-06-16 23:44,7494.25,7495.75,7494.25,7495.25,11.0
2019-06-16 23:45,7495.75,7499.5,7495.75,7499.0,82.0
2019-06-16 23:46,7499.0,7500.75,7499.0,7500.0,125.0
2019-06-16 23:47,7499.75,7503.5,7499.75,7500.75,97.0
2019-06-16 23:48,7500.25,7500.5,7498.5,7499.0,44.0
2019-06-16 23:49,7498.75,7499.75,7498.75,7499.25,22.0
2019-06-16 23:50,7499.0,7499.25,7498.0,7498.0,20.0
2019-06-16 23:51,7498.0,7498.25,7496.75,7497.5,28.0
2019-06-16 23:52,7498.0,7498.5,7498.0,7498.0,13.0
2019-06-16 23:53,7498.25,7498.25,7497.75,7497.75,4.0
2019-06-16 23:54,7497.75,7498.25,7497.75,7498.25,12.0
2019-06-16 23:55,7498.5,7498.5,7498.25,7498.5,5.0
2019-06-16 23:56,7498.0,7498.75,7498.0,7498.75,35.0
2019-06-16 23:57,7498.75,7498.75,7498.25,7498.25,9.0
2019-06-16 23:58,7498.25,7499.5,7498.25,7499.5,16.0
2019-06-16 23:59,7499.75,7499.75,7498.25,7498.25,13.0
2019-06-17 00:00,7498.0,7498.0,7495.5,7496.0,55.0
2019-06-17 00:01,7496.25,7497.75,7494.5,7495.0,55.0
2019-06-17 00:02,7494.25,7496.25,7493.5,7496.0,65.0
2019-06-17 00:03,7496.25,7498.0,7495.5,7497.0,40.0
2019-06-17 00:04,7497.0,7497.5,7496.0,7497.25,22.0
2019-06-17 00:05,7497.75,7498.0,7494.75,7495.0,43.0
2019-06-17 00:06,7494.75,7495.0,7493.25,7493.5,28.0
2019-06-17 00:07,7493.5,7494.0,7492.25,7493.25,39.0
2019-06-17 00:08,7493.0,7493.25,7492.25,7493.25,24.0
2019-06-17 00:09,7493.5,7494.5,7493.5,7494.25,10.0
2019-06-17 00:10,7494.5,7495.25,7493.5,7493.75,46.0
2019-06-17 00:11,7493.5,7495.0,7493.5,7495.0,41.0
2019-06-17 00:12,7494.75,7495.75,7494.5,7494.5,35.0
2019-06-17 00:13,7494.5,7495.0,7494.25,7494.75,21.0
2019-06-17 00:14,7494.25,7496.0,7493.75,7495.5,26.0
2019-06-17 00:15,7495.5,7496.0,7494.5,7495.0,41.0
2019-06-17 00:16,7494.0,7494.75,7493.75,7494.75,17.0
2019-06-17 00:17,7494.75,7494.75,7492.0,7492.5,69.0
2019-06-17 00:18,7492.5,7493.5,7492.0,7492.0,34.0
2019-06-17 00:19,7492.0,7492.75,7491.75,7492.5,22.0
2019-06-17 00:20,7492.75,7493.25,7492.25,7492.5,59.0
2019-06-17 00:21,7492.25,7492.25,7491.25,7491.25,29.0
2019-06-17 00:22,7491.0,7491.5,7490.5,7490.75,55.0
2019-06-17 00:23,7490.5,7491.25,7490.25,7491.0,46.0
2019-06-17 00:24,7491.0,7492.0,7490.25,7492.0,32.0
2019-06-17 00:25,7491.5,7491.75,7490.25,7490.75,29.0
2019-06-17 00:26,7491.0,7491.5,7490.75,7491.25,18.0
2019-06-17 00:27,7491.0,7491.75,7490.25,7490.25,34.0
2019-06-17 00:28,7490.75,7491.75,7490.5,7491.75,16.0
2019-06-17 00:29,7491.5,7492.0,7491.25,7491.75,16.0
2019-06-17 00:30,7491.5,7492.75,7491.5,7492.25,23.0
2019-06-17 00:31,7492.0,7492.25,7491.5,7492.25,16.0
2019-06-17 00:32,7492.75,7492.75,7491.75,7492.0,9.0
2019-06-17 00:33,7492.25,7493.25,7492.25,7493.25,14.0
2019-06-17 00:34,7493.0,7493.5,7492.5,7493.5,16.0
2019-06-17 00:35,7494.0,7496.5,7493.75,7496.5,61.0
2019-06-17 00:36,7496.25,7498.5,7496.25,7497.5,45.0
2019-06-17 00:37,7498.0,7498.25,7497.0,7497.5,18.0
2019-06-17 00:38,7497.25,7497.5,7496.75,7497.25,19.0
2019-06-17 00:39,7496.75,7497.75,7496.75,7497.0,20.0
2019-06-17 00:40,7497.0,7498.0,7496.25,7496.25,20.0
2019-06-17 00:41,7496.25,7497.0,7496.25,7497.0,19.0
2019-06-17 00:42,7496.5,7496.5,7495.5,7495.5,19.0
2019-06-17 00:43,7495.25,7496.0,7494.5,7495.0,43.0
2019-06-17 00:44,7495.0,7495.5,7494.75,7495.25,27.0
2019-06-17 00:45,7494.5,7496.0,7494.5,7496.0,53.0
2019-06-17 00:46,7495.25,7496.5,7495.25,7495.75,32.0
2019-06-17 00:47,7495.75,7496.75,7495.75,7496.5,13.0
2019-06-17 00:48,7496.0,7496.75,7495.75,7496.5,47.0
2019-06-17 00:49,7496.75,7497.0,7496.25,7496.5,20.0
2019-06-17 00:50,7496.5,7497.0,7496.25,7496.75,16.0
2019-06-17 00:51,7496.75,7496.75,7495.25,7496.5,20.0
2019-06-17 00:52,7496.25,7496.75,7495.5,7495.5,12.0
2019-06-17 00:53,7495.5,7495.75,7495.0,7495.0,11.0
2019-06-17 00:54,7495.25,7495.5,7495.0,7495.5,13.0
2019-06-17 00:55,7495.25,7495.25,7495.0,7495.0,15.0
2019-06-17 00:56,7495.25,7495.25,7494.75,7495.25,11.0
2019-06-17 00:57,7494.75,7496.0,7494.5,7495.75,14.0
2019-06-17 00:58,7495.75,7496.0,7495.5,7495.75,16.0
2019-06-17 00:59,7496.0,7496.0,7495.75,7496.0,20.0
2019-06-17 01:00,7496.0,7496.25,7492.25,7492.5,88.0
2019-06-17 01:01,7492.5,7494.25,7492.25,7493.75,68.0
2019-06-17 01:02,7493.5,7494.0,7493.0,7493.5,32.0
2019-06-17 01:03,7493.75,7493.75,7492.5,7493.25,38.0
2019-06-17 01:04,7493.25,7494.0,7493.0,7493.25,21.0
2019-06-17 01:05,7493.25,7494.25,7493.25,7494.0,26.0
2019-06-17 01:06,7493.75,7495.0,7493.75,7494.75,15.0
2019-06-17 01:07,7494.75,7495.75,7494.5,7494.75,28.0
2019-06-17 01:08,7494.75,7494.75,7493.25,7493.5,22.0
2019-06-17 01:09,7493.0,7493.75,7491.75,7492.25,43.0
2019-06-17 01:10,7492.5,7493.0,7492.0,7492.25,37.0
2019-06-17 01:11,7492.5,7493.0,7492.25,7492.25,9.0
2019-06-17 01:12,7492.5,7492.5,7492.0,7492.0,6.0
2019-06-17 01:13,7492.25,7492.25,7491.5,7491.5,17.0
2019-06-17 01:14,7491.25,7492.5,7491.25,7492.5,9.0
2019-06-17 01:15,7492.25,7497.5,7492.25,7496.25,68.0
2019-06-17 01:16,7496.25,7498.0,7496.0,7497.75,48.0
2019-06-17 01:17,7497.25,7499.75,7497.25,7499.0,103.0
2019-06-17 01:18,7498.75,7501.25,7498.5,7501.25,70.0
2019-06-17 01:19,7500.75,7501.0,7500.25,7500.75,56.0
2019-06-17 01:20,7501.0,7504.0,7500.75,7503.25,144.0
2019-06-17 01:21,7503.5,7503.75,7501.25,7501.75,79.0
2019-06-17 01:22,7502.0,7503.25,7502.0,7502.25,41.0
2019-06-17 01:23,7502.25,7503.75,7502.25,7503.25,73.0
2019-06-17 01:24,7503.5,7504.75,7503.5,7504.25,69.0
2019-06-17 01:25,7504.75,7507.0,7504.5,7506.5,123.0
2019-06-17 01:26,7505.75,7506.5,7504.75,7505.5,80.0
2019-06-17 01:27,7505.5,7505.75,7503.0,7503.5,61.0
2019-06-17 01:28,7503.75,7504.75,7503.75,7504.0,58.0
2019-06-17 01:29,7504.25,7504.25,7502.75,7503.25,27.0
2019-06-17 01:30,7503.0,7503.75,7502.25,7503.0,74.0
2019-06-17 01:31,7503.5,7504.0,7502.75,7503.25,19.0
2019-06-17 01:32,7504.0,7505.75,7503.75,7504.75,40.0
2019-06-17 01:33,7504.25,7505.0,7503.75,7505.0,26.0
2019-06-17 01:34,7504.5,7505.0,7504.25,7504.75,28.0
2019-06-17 01:35,7505.0,7505.5,7504.25,7505.0,38.0
2019-06-17 01:36,7505.5,7510.0,7505.5,7508.5,199.0
2019-06-17 01:37,7508.0,7511.25,7508.0,7509.25,71.0
2019-06-17 01:38,7509.75,7511.75,7509.5,7511.25,108.0
2019-06-17 01:39,7511.75,7513.5,7511.25,7512.75,131.0
2019-06-17 01:40,7512.5,7514.0,7512.0,7512.25,87.0
2019-06-17 01:41,7512.25,7513.0,7511.0,7511.75,82.0
2019-06-17 01:42,7512.0,7513.0,7512.0,7513.0,25.0
2019-06-17 01:43,7513.25,7513.5,7512.0,7512.5,37.0
2019-06-17 01:44,7513.0,7513.5,7512.0,7512.25,36.0
2019-06-17 01:45,7513.0,7514.75,7513.0,7514.5,110.0
2019-06-17 01:46,7514.0,7514.25,7512.75,7513.0,72.0
2019-06-17 01:47,7513.0,7514.0,7513.0,7513.75,63.0
2019-06-17 01:48,7513.75,7515.0,7513.5,7514.0,64.0
2019-06-17 01:49,7513.75,7514.25,7512.75,7513.75,45.0
2019-06-17 01:50,7513.75,7514.5,7513.25,7513.5,37.0
2019-06-17 01:51,7514.0,7514.75,7513.75,7513.75,65.0
2019-06-17 01:52,7514.0,7514.75,7514.0,7514.0,31.0
2019-06-17 01:53,7514.25,7514.25,7511.0,7511.5,96.0
2019-06-17 01:54,7512.0,7512.5,7511.75,7512.5,15.0
2019-06-17 01:55,7512.25,7512.5,7511.5,7512.5,53.0
2019-06-17 01:56,7512.5,7512.75,7512.25,7512.5,23.0
2019-06-17 01:57,7512.75,7513.25,7512.5,7512.5,50.0
2019-06-17 01:58,7512.75,7512.75,7512.0,7512.25,38.0
2019-06-17 01:59,7512.5,7512.75,7512.25,7512.75,14.0
2019-06-17 02:00,7512.75,7513.25,7511.5,7511.75,86.0
2019-06-17 02:01,7512.25,7512.5,7510.25,7511.0,82.0
2019-06-17 02:02,7511.25,7512.75,7511.25,7512.75,70.0
2019-06-17 02:03,7513.0,7513.25,7512.25,7512.75,38.0
2019-06-17 02:04,7512.75,7512.75,7512.0,7512.5,22.0
2019-06-17 02:05,7512.5,7512.75,7512.0,7512.0,14.0
2019-06-17 02:06,7512.0,7512.25,7511.25,7512.25,48.0
2019-06-17 02:07,7512.0,7512.5,7511.75,7512.25,26.0
2019-06-17 02:08,7512.25,7513.0,7512.0,7512.0,32.0
2019-06-17 02:09,7512.0,7512.5,7512.0,7512.0,22.0
2019-06-17 02:10,7512.25,7512.75,7511.5,7512.75,64.0
2019-06-17 02:11,7513.0,7513.5,7512.25,7512.25,37.0
2019-06-17 02:12,7512.25,7512.5,7512.25,7512.25,14.0
2019-06-17 02:13,7512.25,7512.25,7511.25,7511.25,17.0
2019-06-17 02:14,7511.5,7511.75,7511.25,7511.75,17.0
2019-06-17 02:15,7511.75,7512.25,7511.5,7511.5,44.0
2019-06-17 02:16,7511.25,7511.75,7511.0,7511.75,25.0
2019-06-17 02:17,7511.5,7511.75,7511.5,7511.75,9.0
2019-06-17 02:18,7511.5,7511.5,7510.75,7510.75,29.0
2019-06-17 02:19,7510.75,7511.0,7510.25,7510.5,37.0
2019-06-17 02:20,7510.25,7510.5,7508.75,7509.0,100.0
2019-06-17 02:21,7509.0,7510.0,7508.5,7508.75,53.0
2019-06-17 02:22,7508.75,7509.75,7508.75,7509.5,47.0
2019-06-17 02:23,7509.0,7510.5,7509.0,7510.25,60.0
2019-06-17 02:24,7510.25,7511.0,7510.0,7510.75,22.0
2019-06-17 02:25,7511.0,7511.0,7510.5,7510.5,48.0
2019-06-17 02:26,7510.75,7511.0,7510.5,7510.5,21.0
2019-06-17 02:27,7510.5,7511.0,7510.5,7510.75,17.0
2019-06-17 02:28,7510.75,7510.75,7510.0,7510.0,26.0
2019-06-17 02:29,7510.0,7510.5,7509.75,7510.25,17.0
2019-06-17 02:30,7510.0,7511.25,7510.0,7511.0,41.0
2019-06-17 02:31,7510.75,7510.75,7510.0,7510.0,37.0
2019-06-17 02:32,7510.0,7510.25,7509.75,7509.75,9.0
2019-06-17 02:33,7510.0,7510.0,7508.5,7509.25,53.0
2019-06-17 02:34,7509.25,7510.0,7509.25,7510.0,28.0
2019-06-17 02:35,7510.0,7510.0,7509.25,7510.0,24.0
2019-06-17 02:36,7510.25,7511.5,7510.0,7511.25,62.0
2019-06-17 02:37,7511.25,7511.5,7510.25,7510.5,40.0
2019-06-17 02:38,7510.5,7510.5,7509.25,7510.0,21.0
2019-06-17 02:39,7509.75,7510.0,7509.75,7510.0,11.0
2019-06-17 02:40,7509.75,7510.75,7509.75,7510.5,42.0
2019-06-17 02:41,7510.75,7510.75,7509.25,7509.5,59.0
2019-06-17 02:42,7509.75,7510.5,7509.75,7510.0,30.0
2019-06-17 02:43,7510.25,7511.0,7510.25,7510.75,49.0
2019-06-17 02:44,7510.5,7510.75,7510.5,7510.75,23.0
2019-06-17 02:45,7510.25,7511.25,7510.0,7510.75,22.0
2019-06-17 02:46,7511.0,7511.75,7511.0,7511.75,27.0
2019-06-17 02:47,7511.75,7511.75,7511.0,7511.25,28.0
2019-06-17 02:48,7511.5,7511.75,7511.25,7511.75,12.0
2019-06-17 02:49,7512.0,7512.25,7511.5,7511.5,48.0
2019-06-17 02:50,7511.5,7512.0,7511.5,7512.0,8.0
2019-06-17 02:51,7512.25,7512.25,7512.25,7512.25,6.0
2019-06-17 02:52,7512.25,7513.0,7512.0,7513.0,28.0
2019-06-17 02:53,7513.0,7513.25,7512.5,7512.5,29.0
2019-06-17 02:54,7512.5,7512.75,7512.25,7512.5,10.0
2019-06-17 02:55,7512.0,7512.25,7511.5,7512.25,26.0
2019-06-17 02:56,7512.25,7513.25,7511.75,7512.75,41.0
2019-06-17 02:57,7513.0,7514.0,7513.0,7513.75,49.0
2019-06-17 02:58,7513.5,7513.75,7513.0,7513.75,30.0
2019-06-17 02:59,7513.75,7513.75,7513.5,7513.5,8.0
2019-06-17 03:00,7513.25,7514.0,7513.0,7514.0,17.0
2019-06-17 03:01,7514.0,7514.0,7513.0,7513.0,37.0
2019-06-17 03:02,7513.0,7513.0,7512.25,7512.5,29.0
2019-06-17 03:03,7512.5,7513.0,7512.25,7513.0,29.0
2019-06-17 03:04,7512.5,7512.75,7512.25,7512.25,26.0
2019-06-17 03:05,7512.25,7512.75,7512.25,7512.75,9.0
2019-06-17 03:06,7512.75,7513.5,7512.75,7513.25,15.0
2019-06-17 03:07,7513.25,7513.25,7512.75,7513.25,30.0
2019-06-17 03:08,7513.0,7513.0,7512.5,7512.75,17.0
2019-06-17 03:09,7512.75,7512.75,7512.25,7512.25,37.0
2019-06-17 03:10,7512.25,7513.0,7512.0,7512.75,43.0
2019-06-17 03:11,7513.0,7513.25,7512.5,7513.25,44.0
2019-06-17 03:12,7513.75,7514.5,7513.5,7513.75,46.0
2019-06-17 03:13,7514.0,7514.75,7514.0,7514.75,27.0
2019-06-17 03:14,7514.5,7514.5,7514.25,7514.5,19.0
2019-06-17 03:15,7514.25,7514.75,7514.25,7514.5,9.0
2019-06-17 03:16,7514.75,7514.75,7513.25,7513.5,45.0
2019-06-17 03:17,7513.25,7513.5,7513.0,7513.25,20.0
2019-06-17 03:18,7513.25,7513.25,7512.0,7512.25,72.0
2019-06-17 03:19,7511.75,7511.75,7510.75,7511.0,44.0
2019-06-17 03:20,7511.0,7511.5,7510.75,7511.25,21.0
2019-06-17 03:21,7511.0,7511.0,7510.25,7510.75,26.0
2019-06-17 03:22,7510.75,7511.25,7510.75,7511.0,19.0
2019-06-17 03:23,7510.5,7511.0,7510.25,7510.75,11.0
2019-06-17 03:24,7510.75,7510.75,7510.0,7510.25,13.0
2019-06-17 03:25,7510.0,7510.5,7509.5,7510.25,23.0
2019-06-17 03:26,7509.5,7510.0,7509.5,7510.0,16.0
2019-06-17 03:27,7509.75,7509.75,7509.0,7509.25,13.0
2019-06-17 03:28,7509.25,7509.25,7508.25,7508.75,41.0
2019-06-17 03:29,7508.75,7509.25,7508.75,7509.25,41.0
2019-06-17 03:30,7509.0,7510.25,7509.0,7509.25,31.0
2019-06-17 03:31,7509.25,7510.0,7509.0,7509.75,20.0
2019-06-17 03:32,7510.0,7510.25,7509.75,7510.0,21.0
2019-06-17 03:33,7510.0,7510.75,7509.75,7510.75,21.0
2019-06-17 03:34,7511.0,7511.0,7510.75,7511.0,24.0
2019-06-17 03:35,7511.25,7511.5,7511.0,7511.5,38.0
2019-06-17 03:36,7511.25,7511.25,7510.75,7511.0,23.0
2019-06-17 03:37,7511.0,7511.25,7510.5,7511.25,36.0
2019-06-17 03:38,7511.25,7511.25,7511.0,7511.25,10.0
2019-06-17 03:39,7511.0,7511.5,7511.0,7511.0,15.0
2019-06-17 03:40,7511.25,7511.25,7510.75,7511.0,20.0
2019-06-17 03:41,7511.5,7511.5,7511.25,7511.25,4.0
2019-06-17 03:42,7511.25,7511.5,7511.0,7511.5,9.0
2019-06-17 03:43,7511.5,7511.75,7511.25,7511.75,4.0
2019-06-17 03:44,7512.0,7512.25,7511.75,7512.25,18.0
2019-06-17 03:45,7512.25,7512.25,7512.0,7512.0,16.0
2019-06-17 03:46,7512.0,7512.25,7512.0,7512.25,14.0
2019-06-17 03:47,7512.25,7512.75,7512.25,7512.75,5.0
2019-06-17 03:48,7512.25,7512.25,7512.0,7512.0,5.0
2019-06-17 03:49,7512.0,7512.0,7511.75,7512.0,15.0
2019-06-17 03:50,7511.75,7512.25,7511.75,7512.25,10.0
2019-06-17 03:51,7512.25,7512.25,7512.0,7512.0,8.0
2019-06-17 03:53,7512.0,7512.0,7512.0,7512.0,2.0
2019-06-17 03:54,7512.5,7512.5,7512.25,7512.25,3.0
2019-06-17 03:55,7512.0,7512.75,7512.0,7512.5,18.0
2019-06-17 03:56,7512.5,7512.5,7512.0,7512.0,3.0
2019-06-17 03:57,7511.75,7512.0,7511.25,7511.5,40.0
2019-06-17 03:58,7511.5,7511.75,7511.5,7511.75,6.0
2019-06-17 03:59,7511.75,7511.75,7511.0,7511.0,21.0
2019-06-17 04:00,7511.25,7511.25,7510.75,7510.75,12.0
2019-06-17 04:01,7511.0,7511.25,7510.75,7511.0,10.0
2019-06-17 04:02,7511.0,7511.75,7511.0,7511.75,9.0
2019-06-17 04:03,7511.75,7511.75,7511.5,7511.5,4.0
2019-06-17 04:04,7511.75,7511.75,7511.5,7511.5,7.0
2019-06-17 04:05,7511.75,7511.75,7511.75,7511.75,4.0
2019-06-17 04:06,7511.75,7511.75,7511.75,7511.75,13.0
2019-06-17 04:07,7511.5,7511.75,7511.5,7511.75,9.0
2019-06-17 04:08,7511.75,7511.75,7511.5,7511.5,3.0
2019-06-17 04:09,7511.5,7512.5,7511.5,7512.25,29.0
2019-06-17 04:10,7512.25,7512.25,7511.25,7511.25,27.0
2019-06-17 04:11,7511.25,7511.25,7511.0,7511.0,7.0
2019-06-17 04:12,7510.75,7510.75,7510.5,7510.5,13.0
2019-06-17 04:13,7510.5,7510.5,7510.5,7510.5,9.0
2019-06-17 04:14,7510.5,7510.5,7510.25,7510.25,4.0
2019-06-17 04:15,7510.75,7511.25,7510.5,7510.5,27.0
2019-06-17 04:16,7510.5,7510.5,7509.5,7509.75,28.0
2019-06-17 04:17,7510.0,7510.5,7508.75,7509.75,127.0
2019-06-17 04:18,7509.75,7509.75,7509.5,7509.5,7.0
2019-06-17 04:19,7509.5,7509.5,7509.25,7509.5,26.0
2019-06-17 04:20,7509.5,7510.0,7508.25,7509.25,125.0
2019-06-17 04:21,7508.75,7509.5,7507.75,7508.75,150.0
2019-06-17 04:22,7508.5,7508.5,7508.5,7508.5,2.0
2019-06-17 04:23,7508.5,7508.75,7508.5,7508.5,4.0
2019-06-17 04:24,7508.5,7508.75,7508.25,7508.75,9.0
2019-06-17 04:25,7508.75,7509.5,7508.75,7509.0,17.0
2019-06-17 04:26,7509.5,7509.5,7508.75,7509.0,10.0
2019-06-17 04:27,7509.25,7510.5,7508.25,7509.25,134.0
2019-06-17 04:28,7509.0,7509.5,7509.0,7509.0,19.0
2019-06-17 04:29,7509.0,7510.75,7509.0,7510.0,71.0
2019-06-17 04:30,7510.0,7510.0,7508.25,7508.75,79.0
2019-06-17 04:31,7508.75,7508.75,7508.25,7508.5,8.0
2019-06-17 04:32,7508.25,7508.25,7508.25,7508.25,8.0
2019-06-17 04:33,7508.25,7508.25,7508.25,7508.25,1.0
2019-06-17 04:34,7508.5,7508.75,7508.25,7508.5,6.0
2019-06-17 04:35,7508.75,7508.75,7508.75,7508.75,3.0
2019-06-17 04:36,7509.0,7510.25,7507.5,7508.75,239.0
2019-06-17 04:37,7508.5,7508.5,7508.25,7508.25,7.0
2019-06-17 04:38,7508.5,7508.5,7508.5,7508.5,1.0
2019-06-17 04:39,7508.5,7508.5,7508.25,7508.25,12.0
2019-06-17 04:40,7508.5,7509.25,7508.5,7509.25,13.0
2019-06-17 04:41,7509.25,7509.75,7509.0,7509.5,21.0
2019-06-17 04:42,7509.75,7510.0,7509.5,7510.0,36.0
2019-06-17 04:43,7510.0,7510.5,7508.5,7509.75,138.0
2019-06-17 04:44,7510.0,7511.0,7510.0,7510.25,31.0
2019-06-17 04:45,7510.25,7511.5,7509.5,7510.5,122.0
2019-06-17 04:46,7510.25,7510.25,7509.25,7509.75,57.0
2019-06-17 04:47,7509.75,7511.0,7509.0,7509.75,101.0
2019-06-17 04:48,7510.0,7510.0,7510.0,7510.0,3.0
2019-06-17 04:49,7510.25,7511.0,7510.25,7510.25,50.0
2019-06-17 04:51,7511.0,7511.0,7510.75,7510.75,3.0
2019-06-17 04:52,7511.0,7511.0,7511.0,7511.0,3.0
2019-06-17 04:53,7511.0,7511.0,7511.0,7511.0,2.0
2019-06-17 04:54,7510.75,7511.25,7510.5,7511.0,20.0
2019-06-17 04:55,7511.0,7511.25,7510.75,7510.75,4.0
2019-06-17 04:56,7510.75,7510.75,7510.5,7510.5,5.0
2019-06-17 04:57,7510.75,7511.0,7510.75,7511.0,2.0
2019-06-17 04:58,7511.0,7511.0,7510.75,7511.0,8.0
2019-06-17 04:59,7511.0,7511.0,7510.75,7511.0,8.0
2019-06-17 05:00,7510.75,7510.75,7509.0,7509.0,19.0
2019-06-17 05:01,7508.75,7509.75,7508.75,7509.5,19.0
2019-06-17 05:02,7509.75,7510.0,7509.5,7510.0,20.0
2019-06-17 05:03,7509.75,7510.0,7509.75,7509.75,11.0
2019-06-17 05:04,7509.75,7510.25,7509.75,7509.75,10.0
2019-06-17 05:05,7509.75,7511.0,7509.75,7510.75,18.0
2019-06-17 05:06,7511.25,7511.75,7511.0,7511.75,32.0
2019-06-17 05:07,7511.5,7512.5,7511.5,7512.0,31.0
2019-06-17 05:08,7512.0,7513.5,7512.0,7513.5,65.0
2019-06-17 05:09,7513.0,7514.0,7513.0,7513.75,39.0
2019-06-17 05:10,7513.5,7514.5,7513.5,7514.5,32.0
2019-06-17 05:11,7514.25,7515.0,7514.0,7514.5,56.0
2019-06-17 05:12,7514.75,7514.75,7514.25,7514.5,20.0
2019-06-17 05:13,7514.5,7514.5,7514.25,7514.5,17.0
2019-06-17 05:14,7514.75,7515.0,7514.5,7514.5,35.0
2019-06-17 05:15,7514.25,7514.25,7514.0,7514.25,38.0
2019-06-17 05:16,7514.25,7514.25,7513.75,7514.0,10.0
2019-06-17 05:17,7514.25,7514.5,7514.25,7514.25,7.0
2019-06-17 05:18,7514.25,7514.5,7514.25,7514.25,10.0
2019-06-17 05:19,7514.5,7514.75,7514.0,7514.0,43.0
2019-06-17 05:20,7514.0,7514.25,7514.0,7514.0,13.0
2019-06-17 05:21,7514.0,7514.0,7512.75,7512.75,30.0
2019-06-17 05:22,7513.0,7513.25,7512.5,7513.0,32.0
2019-06-17 05:23,7513.0,7513.25,7513.0,7513.0,5.0
2019-06-17 05:24,7513.0,7513.0,7513.0,7513.0,1.0
2019-06-17 05:25,7513.0,7513.0,7512.75,7513.0,8.0
2019-06-17 05:26,7512.75,7513.0,7512.5,7512.5,21.0
2019-06-17 05:27,7512.75,7512.75,7512.5,7512.5,4.0
2019-06-17 05:28,7512.25,7512.5,7511.75,7512.0,24.0
2019-06-17 05:29,7511.75,7511.75,7511.5,7511.5,18.0
2019-06-17 05:30,7511.75,7513.5,7511.75,7513.5,24.0
2019-06-17 05:31,7513.25,7514.5,7513.25,7514.0,41.0
2019-06-17 05:32,7514.0,7514.0,7513.25,7513.25,13.0
2019-06-17 05:33,7513.0,7513.25,7513.0,7513.0,13.0
2019-06-17 05:34,7513.5,7513.75,7513.5,7513.75,12.0
2019-06-17 05:35,7513.5,7514.5,7513.5,7514.25,28.0
2019-06-17 05:36,7514.5,7515.0,7514.5,7514.5,20.0
2019-06-17 05:37,7514.25,7514.5,7514.25,7514.25,8.0
2019-06-17 05:38,7514.25,7514.75,7514.25,7514.5,10.0
2019-06-17 05:39,7514.5,7515.0,7514.0,7514.0,28.0
2019-06-17 05:40,7513.75,7513.75,7512.5,7512.5,20.0
2019-06-17 05:41,7512.5,7512.5,7512.5,7512.5,2.0
2019-06-17 05:42,7512.75,7513.5,7512.75,7513.0,20.0
2019-06-17 05:43,7512.75,7513.0,7512.75,7513.0,8.0
2019-06-17 05:44,7512.75,7512.75,7511.75,7512.25,32.0
2019-06-17 05:45,7512.25,7512.25,7511.5,7511.75,22.0
2019-06-17 05:46,7511.75,7512.0,7511.75,7511.75,14.0
2019-06-17 05:47,7511.75,7512.25,7511.5,7512.25,18.0
2019-06-17 05:48,7512.0,7512.25,7512.0,7512.0,13.0
2019-06-17 05:49,7512.0,7512.75,7512.0,7512.5,11.0
2019-06-17 05:50,7512.25,7512.25,7511.75,7512.25,12.0
2019-06-17 05:51,7512.25,7512.25,7512.0,7512.25,7.0
2019-06-17 05:52,7512.25,7512.25,7512.25,7512.25,1.0
2019-06-17 05:53,7512.25,7512.5,7511.25,7511.5,31.0
2019-06-17 05:54,7511.5,7511.75,7511.5,7511.75,12.0
2019-06-17 05:55,7512.0,7512.0,7511.75,7512.0,8.0
2019-06-17 05:56,7512.0,7512.0,7511.0,7511.25,36.0
2019-06-17 05:57,7511.0,7511.25,7510.5,7510.5,23.0
2019-06-17 05:58,7510.25,7510.5,7510.0,7510.5,19.0
2019-06-17 05:59,7510.5,7510.5,7507.75,7508.75,93.0
2019-06-17 06:00,7508.75,7509.0,7506.5,7507.75,143.0
2019-06-17 06:01,7507.75,7507.75,7506.5,7507.5,59.0
2019-06-17 06:02,7507.0,7507.0,7506.25,7506.75,20.0
2019-06-17 06:03,7506.25,7506.5,7505.0,7505.25,87.0
2019-06-17 06:04,7505.0,7505.25,7503.25,7503.75,115.0
2019-06-17 06:05,7503.75,7505.0,7503.75,7504.5,56.0
2019-06-17 06:06,7504.75,7504.75,7504.5,7504.75,20.0
2019-06-17 06:07,7504.5,7504.75,7504.5,7504.5,29.0
2019-06-17 06:08,7504.5,7504.5,7503.5,7504.0,64.0
2019-06-17 06:09,7504.25,7504.75,7503.5,7504.75,53.0
2019-06-17 06:10,7504.5,7505.0,7503.75,7504.0,52.0
2019-06-17 06:11,7504.0,7504.25,7503.25,7503.25,25.0
2019-06-17 06:12,7503.25,7504.5,7503.25,7504.5,37.0
2019-06-17 06:13,7504.25,7504.75,7503.75,7504.0,15.0
2019-06-17 06:14,7503.75,7504.5,7503.75,7504.5,22.0
2019-06-17 06:15,7504.25,7504.75,7503.75,7503.75,21.0
2019-06-17 06:16,7504.5,7504.5,7504.25,7504.25,4.0
2019-06-17 06:17,7504.75,7504.75,7504.0,7504.0,12.0
2019-06-17 06:18,7504.0,7504.25,7504.0,7504.25,16.0
2019-06-17 06:19,7504.5,7504.5,7504.0,7504.25,9.0
2019-06-17 06:20,7504.5,7505.25,7504.0,7504.5,43.0
2019-06-17 06:21,7504.75,7505.5,7504.75,7505.0,83.0
2019-06-17 06:22,7505.0,7505.5,7505.0,7505.0,26.0
2019-06-17 06:23,7504.75,7506.75,7504.5,7505.75,200.0
2019-06-17 06:24,7505.5,7506.25,7505.5,7506.25,27.0
2019-06-17 06:25,7505.75,7506.25,7505.5,7505.75,29.0
2019-06-17 06:26,7506.0,7506.25,7505.75,7506.0,31.0
2019-06-17 06:27,7506.25,7506.5,7505.0,7505.0,32.0
2019-06-17 06:28,7505.5,7505.75,7504.75,7505.5,38.0
2019-06-17 06:29,7505.75,7505.75,7504.75,7505.0,25.0
2019-06-17 06:30,7505.5,7506.25,7504.75,7504.75,73.0
2019-06-17 06:31,7504.75,7504.75,7502.25,7502.5,167.0
2019-06-17 06:32,7502.25,7502.25,7501.0,7501.75,52.0
2019-06-17 06:33,7501.5,7501.75,7500.5,7500.75,46.0
2019-06-17 06:34,7500.5,7501.0,7500.0,7500.25,71.0
2019-06-17 06:35,7500.0,7500.25,7499.25,7500.25,60.0
2019-06-17 06:36,7500.0,7500.0,7499.25,7499.25,15.0
2019-06-17 06:37,7499.25,7499.75,7499.25,7499.5,15.0
2019-06-17 06:38,7499.5,7500.0,7499.25,7499.5,16.0
2019-06-17 06:39,7499.5,7500.25,7499.0,7500.0,17.0
2019-06-17 06:40,7499.75,7500.5,7499.75,7500.25,29.0
2019-06-17 06:41,7500.25,7500.5,7500.0,7500.25,19.0
2019-06-17 06:42,7500.5,7500.5,7500.25,7500.5,12.0
2019-06-17 06:43,7500.5,7500.5,7499.75,7500.0,11.0
2019-06-17 06:44,7500.0,7500.0,7499.25,7499.25,6.0
2019-06-17 06:45,7499.0,7499.75,7499.0,7499.75,8.0
2019-06-17 06:46,7500.0,7500.25,7499.75,7500.0,18.0
2019-06-17 06:47,7500.25,7501.0,7500.0,7501.0,24.0
2019-06-17 06:48,7500.5,7501.5,7500.25,7501.0,30.0
2019-06-17 06:49,7501.0,7501.0,7500.25,7501.0,11.0
2019-06-17 06:50,7501.0,7501.25,7500.75,7500.75,38.0
2019-06-17 06:51,7501.5,7502.75,7501.5,7502.75,38.0
2019-06-17 06:52,7502.75,7503.0,7502.25,7502.5,18.0
2019-06-17 06:53,7502.25,7502.25,7501.5,7502.0,12.0
2019-06-17 06:54,7501.75,7502.0,7501.75,7502.0,15.0
2019-06-17 06:55,7502.25,7503.0,7501.75,7502.0,37.0
2019-06-17 06:56,7502.25,7502.25,7501.0,7501.25,11.0
2019-06-17 06:57,7501.0,7501.0,7500.0,7500.5,45.0
2019-06-17 06:58,7500.0,7500.5,7499.25,7499.25,25.0
2019-06-17 06:59,7499.5,7499.75,7499.0,7499.25,24.0
2019-06-17 07:00,7499.25,7499.25,7495.5,7495.75,146.0
2019-06-17 07:01,7496.0,7496.75,7495.0,7496.75,100.0
2019-06-17 07:02,7496.5,7498.5,7496.5,7498.5,34.0
2019-06-17 07:03,7498.25,7500.0,7498.25,7499.75,37.0
2019-06-17 07:04,7499.25,7500.25,7496.75,7497.0,54.0
2019-06-17 07:05,7497.0,7497.75,7496.75,7497.0,37.0
2019-06-17 07:06,7496.75,7497.0,7493.5,7494.0,84.0
2019-06-17 07:07,7493.75,7494.5,7491.75,7492.25,61.0
2019-06-17 07:08,7491.75,7493.75,7491.5,7493.0,75.0
2019-06-17 07:09,7493.0,7493.0,7491.0,7491.5,67.0
2019-06-17 07:10,7491.25,7491.75,7490.0,7490.75,133.0
2019-06-17 07:11,7491.0,7491.0,7488.5,7488.5,70.0
2019-06-17 07:12,7488.5,7490.25,7487.75,7489.0,48.0
2019-06-17 07:13,7488.5,7491.5,7488.0,7491.5,60.0
2019-06-17 07:14,7491.25,7492.5,7491.25,7491.5,63.0
2019-06-17 07:15,7492.25,7492.75,7491.25,7491.75,31.0
2019-06-17 07:16,7492.0,7492.25,7491.5,7492.0,21.0
2019-06-17 07:17,7491.75,7492.0,7490.25,7491.5,52.0
2019-06-17 07:18,7492.0,7492.75,7491.75,7492.0,53.0
2019-06-17 07:19,7492.0,7492.75,7491.25,7491.25,38.0
2019-06-17 07:20,7492.0,7493.5,7492.0,7493.0,31.0
2019-06-17 07:21,7492.0,7492.0,7491.0,7491.0,31.0
2019-06-17 07:22,7491.0,7492.0,7490.75,7492.0,14.0
2019-06-17 07:23,7492.0,7493.0,7492.0,7492.25,29.0
2019-06-17 07:24,7492.0,7492.75,7491.75,7492.25,28.0
2019-06-17 07:25,7491.5,7493.5,7491.25,7493.25,49.0
2019-06-17 07:26,7493.25,7495.5,7493.0,7495.25,64.0
2019-06-17 07:27,7495.5,7501.25,7495.5,7501.0,170.0
2019-06-17 07:28,7501.0,7501.25,7499.0,7499.25,94.0
2019-06-17 07:29,7499.25,7501.0,7499.25,7500.25,38.0
2019-06-17 07:30,7499.75,7502.75,7499.75,7501.75,120.0
2019-06-17 07:31,7502.0,7502.5,7500.75,7502.5,70.0
2019-06-17 07:32,7502.75,7503.25,7500.5,7500.5,66.0
2019-06-17 07:33,7500.5,7501.0,7499.75,7500.25,35.0
2019-06-17 07:34,7500.0,7500.75,7499.75,7500.5,49.0
2019-06-17 07:35,7501.0,7501.25,7500.0,7501.0,27.0
2019-06-17 07:36,7501.0,7502.0,7500.75,7500.75,38.0
2019-06-17 07:37,7501.0,7501.25,7500.0,7500.0,30.0
2019-06-17 07:38,7500.0,7501.25,7500.0,7500.25,62.0
2019-06-17 07:39,7500.0,7501.75,7500.0,7501.0,37.0
2019-06-17 07:40,7501.25,7503.75,7501.25,7503.0,108.0
2019-06-17 07:41,7503.0,7503.0,7500.25,7501.0,54.0
2019-06-17 07:42,7501.75,7502.0,7501.5,7501.75,24.0
2019-06-17 07:43,7502.0,7502.5,7501.0,7501.0,57.0
2019-06-17 07:44,7501.5,7502.0,7498.0,7498.0,137.0
2019-06-17 07:45,7498.75,7500.75,7498.75,7500.75,33.0
2019-06-17 07:46,7501.5,7502.0,7500.5,7500.75,35.0
2019-06-17 07:47,7500.75,7501.5,7500.25,7500.75,19.0
2019-06-17 07:48,7501.0,7501.0,7499.75,7500.0,46.0
2019-06-17 07:49,7500.25,7500.5,7498.75,7499.5,87.0
2019-06-17 07:50,7499.0,7500.5,7498.5,7499.5,36.0
2019-06-17 07:51,7499.25,7499.75,7499.0,7499.25,20.0
2019-06-17 07:52,7499.75,7499.75,7497.5,7498.0,45.0
2019-06-17 07:53,7498.5,7499.0,7497.5,7497.5,21.0
2019-06-17 07:54,7497.75,7498.0,7497.5,7497.75,23.0
2019-06-17 07:55,7498.0,7498.0,7496.25,7496.25,31.0
2019-06-17 07:56,7495.75,7496.25,7495.25,7495.25,43.0
2019-06-17 07:57,7495.0,7495.25,7491.0,7491.75,109.0
2019-06-17 07:58,7491.75,7492.0,7491.0,7492.0,43.0
2019-06-17 07:59,7492.25,7492.75,7491.5,7492.75,44.0
2019-06-17 08:00,7493.0,7493.0,7490.5,7491.25,83.0
2019-06-17 08:01,7492.0,7492.0,7491.25,7492.0,57.0
2019-06-17 08:02,7491.75,7492.0,7490.25,7490.75,54.0
2019-06-17 08:03,7490.5,7490.5,7489.75,7490.25,43.0
2019-06-17 08:04,7490.0,7491.5,7490.0,7490.75,40.0
2019-06-17 08:05,7491.25,7492.75,7491.25,7492.5,51.0
2019-06-17 08:06,7492.75,7495.0,7492.5,7495.0,48.0
2019-06-17 08:07,7494.75,7496.25,7494.25,7496.0,52.0
2019-06-17 08:08,7496.25,7497.0,7496.0,7497.0,31.0
2019-06-17 08:09,7496.75,7496.75,7496.0,7496.75,23.0
2019-06-17 08:10,7496.75,7497.0,7496.25,7496.25,33.0
2019-06-17 08:11,7496.0,7497.0,7496.0,7496.75,21.0
2019-06-17 08:12,7496.0,7498.5,7496.0,7498.25,31.0
2019-06-17 08:13,7498.0,7498.0,7497.5,7497.5,35.0
2019-06-17 08:14,7497.5,7499.0,7497.5,7498.5,30.0
2019-06-17 08:15,7498.5,7499.0,7498.25,7498.5,40.0
2019-06-17 08:16,7498.75,7498.75,7497.5,7498.25,25.0
2019-06-17 08:17,7497.75,7498.5,7497.5,7498.25,24.0
2019-06-17 08:18,7498.0,7499.75,7498.0,7499.0,57.0
2019-06-17 08:19,7499.25,7499.25,7497.25,7497.25,17.0
2019-06-17 08:20,7497.25,7497.75,7497.0,7497.5,18.0
2019-06-17 08:21,7497.25,7498.5,7497.25,7497.75,24.0
2019-06-17 08:22,7497.75,7497.75,7496.25,7496.25,41.0
2019-06-17 08:23,7496.25,7496.5,7495.5,7496.5,25.0
2019-06-17 08:24,7495.5,7495.5,7494.5,7494.75,53.0
2019-06-17 08:25,7494.75,7495.0,7493.75,7493.75,51.0
2019-06-17 08:26,7494.0,7495.0,7493.75,7495.0,20.0
2019-06-17 08:27,7495.0,7495.0,7494.0,7494.5,15.0
2019-06-17 08:28,7494.0,7494.5,7494.0,7494.0,16.0
2019-06-17 08:29,7494.0,7495.0,7493.75,7494.0,38.0
2019-06-17 08:30,7494.5,7496.75,7494.5,7496.25,68.0
2019-06-17 08:31,7496.0,7496.0,7495.0,7495.5,18.0
2019-06-17 08:32,7495.75,7498.25,7495.75,7497.25,47.0
2019-06-17 08:33,7497.25,7497.5,7496.5,7496.75,24.0
2019-06-17 08:34,7496.5,7497.5,7496.5,7497.0,14.0
2019-06-17 08:35,7497.0,7497.5,7496.5,7496.75,26.0
2019-06-17 08:36,7496.75,7497.0,7496.25,7496.25,26.0
2019-06-17 08:37,7496.5,7496.5,7493.5,7494.0,60.0
2019-06-17 08:38,7494.0,7495.75,7494.0,7495.25,46.0
2019-06-17 08:39,7495.25,7496.5,7495.25,7496.25,26.0
2019-06-17 08:40,7495.75,7496.75,7495.75,7496.5,27.0
2019-06-17 08:41,7496.5,7497.75,7496.5,7497.5,21.0
2019-06-17 08:42,7497.25,7497.25,7496.5,7496.75,34.0
2019-06-17 08:43,7497.0,7497.25,7496.75,7497.0,22.0
2019-06-17 08:44,7497.25,7497.25,7497.0,7497.0,8.0
2019-06-17 08:45,7496.5,7496.5,7496.0,7496.0,12.0
2019-06-17 08:46,7495.5,7496.25,7495.5,7496.0,19.0
2019-06-17 08:47,7495.5,7495.5,7493.25,7493.5,100.0
2019-06-17 08:48,7493.75,7495.0,7493.75,7495.0,41.0
2019-06-17 08:49,7495.25,7495.25,7494.0,7494.0,18.0
2019-06-17 08:50,7494.25,7494.5,7493.75,7494.25,19.0
2019-06-17 08:51,7494.25,7495.75,7494.25,7495.75,25.0
2019-06-17 08:52,7496.0,7496.0,7495.5,7495.75,7.0
2019-06-17 08:53,7495.75,7498.0,7495.75,7497.75,43.0
2019-06-17 08:54,7497.75,7498.25,7497.75,7497.75,22.0
2019-06-17 08:55,7498.25,7499.0,7497.75,7497.75,28.0
2019-06-17 08:56,7497.5,7497.75,7497.25,7497.5,19.0
2019-06-17 08:57,7497.25,7497.5,7496.5,7497.0,32.0
2019-06-17 08:58,7497.0,7498.5,7496.75,7498.5,18.0
2019-06-17 08:59,7498.5,7498.75,7498.0,7498.25,36.0
2019-06-17 09:00,7499.0,7500.75,7498.5,7499.0,89.0
2019-06-17 09:01,7499.5,7499.75,7498.5,7499.5,48.0
2019-06-17 09:02,7499.5,7501.0,7499.25,7501.0,77.0
2019-06-17 09:03,7500.75,7504.5,7500.25,7503.5,141.0
2019-06-17 09:04,7503.75,7504.25,7502.25,7502.5,45.0
2019-06-17 09:05,7502.75,7504.0,7502.75,7503.75,28.0
2019-06-17 09:06,7504.0,7504.0,7502.5,7502.5,21.0
2019-06-17 09:07,7502.25,7502.5,7500.75,7501.25,68.0
2019-06-17 09:08,7501.25,7502.0,7501.0,7501.5,13.0
2019-06-17 09:09,7501.5,7503.75,7501.25,7503.5,72.0
2019-06-17 09:10,7503.75,7504.75,7502.0,7502.75,130.0
2019-06-17 09:11,7502.5,7503.75,7502.25,7502.25,85.0
2019-06-17 09:12,7502.25,7502.5,7500.5,7500.5,106.0
2019-06-17 09:13,7500.5,7501.5,7499.0,7499.25,119.0
2019-06-17 09:14,7499.5,7502.0,7499.5,7502.0,161.0
2019-06-17 09:15,7501.75,7502.25,7500.75,7500.75,135.0
2019-06-17 09:16,7500.75,7501.0,7499.75,7499.75,86.0
2019-06-17 09:17,7499.75,7499.75,7498.5,7499.0,188.0
2019-06-17 09:18,7499.0,7500.0,7498.5,7499.75,104.0
2019-06-17 09:19,7499.75,7500.75,7498.25,7498.75,221.0
2019-06-17 09:20,7499.0,7499.0,7496.75,7497.25,149.0
2019-06-17 09:21,7497.25,7498.75,7497.25,7498.25,20.0
2019-06-17 09:22,7498.5,7499.25,7497.75,7498.75,19.0
2019-06-17 09:23,7498.75,7498.75,7498.0,7498.0,19.0
2019-06-17 09:24,7498.0,7498.5,7497.5,7498.25,12.0
2019-06-17 09:25,7498.0,7498.25,7497.0,7497.25,29.0
2019-06-17 09:26,7497.75,7498.0,7496.5,7496.75,33.0
2019-06-17 09:27,7497.0,7498.25,7497.0,7498.25,32.0
2019-06-17 09:28,7498.25,7500.25,7498.25,7500.25,50.0
2019-06-17 09:29,7500.25,7500.5,7499.75,7500.25,18.0
2019-06-17 09:30,7500.25,7500.25,7499.75,7500.0,13.0
2019-06-17 09:31,7500.25,7500.5,7500.25,7500.25,10.0
2019-06-17 09:32,7500.5,7500.5,7499.75,7500.0,12.0
2019-06-17 09:33,7500.0,7500.25,7499.75,7500.25,8.0
2019-06-17 09:34,7500.25,7500.25,7499.75,7500.25,14.0
2019-06-17 09:35,7500.25,7500.25,7499.0,7499.25,22.0
2019-06-17 09:36,7499.75,7500.25,7499.75,7499.75,5.0
2019-06-17 09:37,7500.0,7500.0,7499.5,7499.5,12.0
2019-06-17 09:38,7499.25,7499.25,7497.25,7497.75,36.0
2019-06-17 09:39,7497.75,7497.75,7497.25,7497.5,11.0
2019-06-17 09:40,7497.75,7498.5,7497.0,7498.5,14.0
2019-06-17 09:41,7498.5,7498.5,7498.5,7498.5,2.0
2019-06-17 09:42,7498.5,7499.75,7498.5,7499.75,13.0
2019-06-17 09:43,7499.75,7499.75,7497.5,7497.75,20.0
2019-06-17 09:44,7497.0,7497.0,7494.5,7495.25,111.0
2019-06-17 09:45,7494.5,7494.5,7492.5,7493.25,90.0
2019-06-17 09:46,7493.75,7493.75,7492.25,7492.25,60.0
2019-06-17 09:47,7492.25,7492.75,7491.5,7492.25,57.0
2019-06-17 09:48,7492.25,7492.75,7492.0,7492.25,28.0
2019-06-17 09:49,7492.75,7494.25,7492.75,7493.75,50.0
2019-06-17 09:50,7493.5,7496.25,7493.5,7495.5,65.0
2019-06-17 09:51,7496.0,7496.0,7495.25,7495.5,20.0
2019-06-17 09:52,7496.0,7496.0,7495.0,7495.0,14.0
2019-06-17 09:53,7495.25,7495.75,7494.75,7495.0,13.0
2019-06-17 09:54,7495.25,7496.0,7495.25,7495.5,8.0
2019-06-17 09:55,7495.5,7496.5,7495.0,7495.25,25.0
2019-06-17 09:56,7495.0,7495.75,7495.0,7495.0,9.0
2019-06-17 09:57,7494.5,7495.0,7494.0,7494.0,9.0
2019-06-17 09:58,7493.75,7494.25,7493.75,7494.0,10.0
2019-06-17 09:59,7494.5,7494.5,7493.25,7494.5,25.0
2019-06-17 10:00,7494.75,7495.25,7494.25,7495.25,17.0
2019-06-17 10:01,7495.0,7495.5,7495.0,7495.25,18.0
2019-06-17 10:02,7495.0,7496.0,7494.75,7494.75,26.0
2019-06-17 10:03,7494.75,7494.75,7492.75,7492.75,35.0
2019-06-17 10:04,7492.75,7493.0,7492.0,7492.75,32.0
2019-06-17 10:05,7492.75,7492.75,7491.25,7491.25,28.0
2019-06-17 10:06,7491.25,7492.25,7491.0,7491.5,50.0
2019-06-17 10:07,7492.0,7492.5,7491.5,7492.25,19.0
2019-06-17 10:08,7492.75,7492.75,7491.5,7491.75,22.0
2019-06-17 10:09,7491.5,7491.5,7490.75,7491.25,5.0
2019-06-17 10:10,7491.75,7492.25,7490.75,7492.25,30.0
2019-06-17 10:11,7491.75,7492.25,7491.75,7492.0,18.0
2019-06-17 10:12,7491.5,7491.75,7489.5,7489.75,55.0
2019-06-17 10:13,7489.5,7489.5,7489.0,7489.5,39.0
2019-06-17 10:14,7489.25,7489.5,7489.0,7489.25,25.0
2019-06-17 10:15,7488.75,7489.0,7487.75,7489.0,48.0
2019-06-17 10:16,7489.0,7490.75,7488.5,7490.0,38.0
2019-06-17 10:17,7490.25,7490.25,7489.5,7489.75,11.0
2019-06-17 10:18,7490.0,7491.0,7490.0,7491.0,20.0
2019-06-17 10:19,7491.25,7491.25,7490.75,7490.75,13.0
2019-06-17 10:20,7490.75,7490.75,7490.25,7490.25,12.0
2019-06-17 10:21,7490.75,7490.75,7488.75,7488.75,33.0
2019-06-17 10:22,7488.75,7488.75,7488.25,7488.75,17.0
2019-06-17 10:23,7489.0,7490.25,7489.0,7490.25,13.0
2019-06-17 10:24,7490.0,7490.0,7489.25,7489.25,9.0
2019-06-17 10:25,7489.25,7490.5,7489.0,7490.25,13.0
2019-06-17 10:26,7490.25,7490.25,7490.0,7490.0,5.0
2019-06-17 10:27,7490.0,7490.0,7489.25,7489.25,10.0
2019-06-17 10:28,7489.0,7490.25,7488.75,7490.25,9.0
2019-06-17 10:29,7490.0,7490.25,7489.75,7489.75,13.0
2019-06-17 10:30,7489.5,7489.75,7488.5,7489.75,65.0
2019-06-17 10:31,7490.0,7491.0,7490.0,7490.25,13.0
2019-06-17 10:32,7490.0,7490.5,7489.25,7489.25,23.0
2019-06-17 10:33,7489.25,7490.25,7489.25,7489.5,21.0
2019-06-17 10:34,7489.25,7489.25,7488.25,7488.5,42.0
2019-06-17 10:35,7489.0,7489.5,7488.25,7489.5,8.0
2019-06-17 10:36,7488.75,7488.75,7488.5,7488.5,4.0
2019-06-17 10:37,7488.75,7489.25,7487.75,7488.25,20.0
2019-06-17 10:38,7488.25,7489.0,7488.25,7489.0,18.0
2019-06-17 10:39,7488.5,7488.5,7487.75,7487.75,11.0
2019-06-17 10:40,7487.25,7487.25,7486.5,7487.25,84.0
2019-06-17 10:41,7487.25,7489.25,7487.0,7489.25,34.0
2019-06-17 10:42,7489.25,7489.5,7488.75,7489.5,24.0
2019-06-17 10:43,7489.5,7489.75,7489.0,7489.5,19.0
2019-06-17 10:44,7489.5,7489.75,7489.0,7489.75,18.0
2019-06-17 10:45,7489.75,7490.5,7489.5,7490.25,22.0
2019-06-17 10:46,7490.5,7490.75,7489.75,7489.75,35.0
2019-06-17 10:47,7490.5,7490.5,7489.75,7489.75,16.0
2019-06-17 10:48,7490.0,7490.5,7490.0,7490.25,17.0
2019-06-17 10:49,7490.25,7490.5,7490.0,7490.5,18.0
2019-06-17 10:50,7490.25,7490.5,7489.5,7490.0,25.0
2019-06-17 10:51,7490.0,7491.25,7490.0,7490.25,46.0
2019-06-17 10:52,7489.75,7490.5,7489.5,7489.5,21.0
2019-06-17 10:53,7489.5,7489.5,7486.5,7486.75,81.0
2019-06-17 10:54,7486.5,7486.5,7484.25,7484.25,142.0
2019-06-17 10:55,7484.25,7484.75,7482.75,7484.5,111.0
2019-06-17 10:56,7484.75,7484.75,7483.25,7483.5,50.0
2019-06-17 10:57,7483.25,7485.0,7483.25,7485.0,40.0
2019-06-17 10:58,7485.0,7485.0,7484.0,7484.5,25.0
2019-06-17 10:59,7484.5,7486.25,7484.5,7485.75,48.0
2019-06-17 11:00,7486.0,7486.75,7486.0,7486.25,51.0
2019-06-17 11:01,7486.5,7486.75,7486.0,7486.5,34.0
2019-06-17 11:02,7486.75,7487.0,7486.25,7486.75,44.0
2019-06-17 11:03,7486.5,7487.75,7486.5,7487.5,38.0
2019-06-17 11:04,7487.0,7487.5,7486.5,7487.5,27.0
2019-06-17 11:05,7487.25,7487.75,7486.0,7486.25,40.0
2019-06-17 11:06,7486.25,7486.25,7484.75,7485.0,48.0
2019-06-17 11:07,7484.75,7485.0,7483.0,7483.5,45.0
2019-06-17 11:08,7483.5,7484.0,7482.75,7483.75,105.0
2019-06-17 11:09,7483.75,7484.75,7483.75,7483.75,35.0
2019-06-17 11:10,7483.75,7486.25,7483.75,7485.5,29.0
2019-06-17 11:11,7485.5,7487.75,7485.5,7487.75,35.0
2019-06-17 11:12,7487.75,7487.75,7487.0,7487.0,35.0
2019-06-17 11:13,7486.75,7487.0,7486.5,7486.5,24.0
2019-06-17 11:14,7486.5,7487.25,7486.0,7486.25,35.0
2019-06-17 11:15,7486.5,7487.5,7486.5,7487.5,22.0
2019-06-17 11:16,7487.5,7488.5,7487.5,7488.5,25.0
2019-06-17 11:17,7488.5,7489.75,7488.5,7488.5,101.0
2019-06-17 11:18,7488.5,7489.5,7488.5,7489.25,27.0
2019-06-17 11:19,7489.75,7491.25,7489.5,7490.75,55.0
2019-06-17 11:20,7491.0,7493.25,7491.0,7492.25,107.0
2019-06-17 11:21,7492.75,7494.25,7492.75,7494.25,80.0
2019-06-17 11:22,7494.0,7495.0,7493.5,7494.25,45.0
2019-06-17 11:23,7494.0,7494.0,7493.5,7493.75,34.0
2019-06-17 11:24,7493.5,7493.75,7493.0,7493.0,24.0
2019-06-17 11:25,7493.25,7494.0,7493.25,7493.5,28.0
2019-06-17 11:26,7493.25,7493.25,7491.75,7491.75,56.0
2019-06-17 11:27,7492.0,7492.25,7491.25,7492.0,41.0
2019-06-17 11:28,7491.75,7493.25,7491.75,7492.0,38.0
2019-06-17 11:29,7492.5,7493.0,7492.25,7492.25,20.0
2019-06-17 11:30,7492.5,7492.75,7490.75,7490.75,21.0
2019-06-17 11:31,7491.0,7493.25,7491.0,7492.25,53.0
2019-06-17 11:32,7492.25,7493.25,7491.75,7492.75,25.0
2019-06-17 11:33,7493.0,7493.5,7492.5,7493.0,25.0
2019-06-17 11:34,7493.0,7495.25,7493.0,7494.75,82.0
2019-06-17 11:35,7494.75,7494.75,7493.75,7494.25,30.0
2019-06-17 11:36,7494.0,7494.25,7493.5,7493.75,20.0
2019-06-17 11:37,7493.0,7493.5,7492.75,7492.75,27.0
2019-06-17 11:38,7492.75,7492.75,7491.0,7492.75,55.0
2019-06-17 11:39,7492.5,7492.5,7491.25,7492.0,28.0
2019-06-17 11:40,7492.0,7492.75,7491.75,7492.0,28.0
2019-06-17 11:41,7492.0,7493.75,7492.0,7492.75,24.0
2019-06-17 11:42,7494.0,7494.25,7493.0,7494.25,68.0
2019-06-17 11:43,7494.5,7495.75,7494.5,7495.0,63.0
2019-06-17 11:44,7495.25,7496.5,7495.25,7495.75,99.0
2019-06-17 11:45,7495.75,7496.25,7495.25,7495.5,24.0
2019-06-17 11:46,7495.25,7495.25,7494.25,7494.25,20.0
2019-06-17 11:47,7494.5,7494.5,7494.0,7494.5,35.0
2019-06-17 11:48,7494.25,7495.75,7494.25,7494.5,62.0
2019-06-17 11:49,7494.75,7495.0,7494.5,7494.75,31.0
2019-06-17 11:50,7494.75,7494.75,7493.5,7494.0,73.0
2019-06-17 11:51,7494.0,7494.75,7493.75,7494.5,35.0
2019-06-17 11:52,7494.75,7496.0,7494.5,7495.5,52.0
2019-06-17 11:53,7495.5,7496.5,7495.5,7496.25,46.0
2019-06-17 11:54,7496.25,7499.75,7496.25,7499.5,156.0
2019-06-17 11:55,7499.5,7502.0,7499.25,7502.0,168.0
2019-06-17 11:56,7502.25,7503.75,7502.0,7503.0,160.0
2019-06-17 11:57,7502.75,7503.0,7502.0,7502.5,52.0
2019-06-17 11:58,7502.5,7502.75,7501.5,7502.5,63.0
2019-06-17 11:59,7502.75,7502.75,7500.5,7500.5,64.0
2019-06-17 12:00,7501.0,7502.75,7500.5,7501.5,109.0
2019-06-17 12:01,7501.5,7501.75,7500.75,7501.0,35.0
2019-06-17 12:02,7500.75,7502.0,7500.75,7501.75,27.0
2019-06-17 12:03,7502.0,7502.5,7500.0,7500.25,55.0
2019-06-17 12:04,7500.25,7502.0,7499.5,7501.75,64.0
2019-06-17 12:05,7501.5,7502.0,7500.0,7502.0,29.0
2019-06-17 12:06,7502.25,7502.25,7500.75,7501.25,19.0
2019-06-17 12:07,7501.75,7502.25,7500.5,7502.25,35.0
2019-06-17 12:08,7502.25,7504.25,7502.0,7503.5,58.0
2019-06-17 12:09,7503.25,7503.5,7502.25,7503.25,43.0
2019-06-17 12:10,7503.25,7503.5,7502.25,7502.5,38.0
2019-06-17 12:11,7502.75,7503.0,7499.5,7500.25,76.0
2019-06-17 12:12,7500.25,7500.25,7498.0,7498.0,74.0
2019-06-17 12:13,7498.75,7501.5,7498.75,7500.0,73.0
2019-06-17 12:14,7500.25,7500.5,7496.25,7497.5,180.0
2019-06-17 12:15,7498.0,7498.5,7495.25,7497.0,236.0
2019-06-17 12:16,7497.0,7497.5,7495.25,7496.25,152.0
2019-06-17 12:17,7496.25,7498.0,7496.0,7497.5,33.0
2019-06-17 12:18,7497.0,7498.0,7497.0,7497.25,24.0
2019-06-17 12:19,7497.25,7498.75,7497.0,7498.75,27.0
2019-06-17 12:20,7498.25,7499.5,7498.0,7499.0,51.0
2019-06-17 12:21,7499.25,7499.25,7498.75,7499.25,25.0
2019-06-17 12:22,7499.0,7499.5,7498.75,7499.5,16.0
2019-06-17 12:23,7499.5,7500.75,7499.5,7500.75,33.0
2019-06-17 12:24,7501.0,7501.0,7500.0,7500.25,27.0
2019-06-17 12:25,7500.25,7500.25,7499.5,7499.5,26.0
2019-06-17 12:26,7500.0,7500.25,7499.0,7499.0,26.0
2019-06-17 12:27,7499.0,7499.25,7498.0,7498.25,24.0
2019-06-17 12:28,7498.5,7499.25,7498.0,7499.0,28.0
2019-06-17 12:29,7499.25,7499.25,7498.5,7499.0,19.0
2019-06-17 12:30,7499.0,7499.0,7495.75,7498.5,94.0
2019-06-17 12:31,7498.5,7500.75,7498.5,7499.25,95.0
2019-06-17 12:32,7499.25,7499.5,7494.0,7494.25,166.0
2019-06-17 12:33,7494.75,7496.5,7494.75,7496.25,52.0
2019-06-17 12:34,7496.25,7496.75,7495.0,7495.25,50.0
2019-06-17 12:35,7495.5,7496.5,7495.5,7496.0,33.0
2019-06-17 12:36,7496.25,7497.0,7495.0,7495.25,101.0
2019-06-17 12:37,7495.25,7496.25,7494.75,7496.25,34.0
2019-06-17 12:38,7495.75,7496.25,7494.75,7495.0,59.0
2019-06-17 12:39,7495.0,7495.0,7493.75,7494.75,62.0
2019-06-17 12:40,7494.5,7494.5,7492.5,7493.5,86.0
2019-06-17 12:41,7493.5,7494.75,7493.25,7493.5,43.0
2019-06-17 12:42,7493.75,7494.5,7493.75,7494.5,12.0
2019-06-17 12:43,7494.75,7495.5,7494.0,7495.25,48.0
2019-06-17 12:44,7495.75,7497.25,7495.5,7496.5,85.0
2019-06-17 12:45,7496.75,7497.75,7496.5,7497.75,61.0
2019-06-17 12:46,7498.0,7498.75,7497.25,7498.0,98.0
2019-06-17 12:47,7497.75,7498.5,7497.75,7498.0,57.0
2019-06-17 12:48,7497.75,7497.75,7496.5,7496.75,51.0
2019-06-17 12:49,7496.75,7497.0,7495.5,7496.75,74.0
2019-06-17 12:50,7496.5,7496.5,7494.25,7495.0,85.0
2019-06-17 12:51,7494.75,7497.25,7494.75,7496.75,73.0
2019-06-17 12:52,7497.25,7497.25,7496.25,7496.5,28.0
2019-06-17 12:53,7496.5,7496.75,7495.5,7496.25,51.0
2019-06-17 12:54,7496.25,7496.75,7493.5,7493.75,64.0
2019-06-17 12:55,7494.0,7494.0,7491.25,7491.25,229.0
2019-06-17 12:56,7491.5,7493.75,7490.75,7491.25,263.0
2019-06-17 12:57,7491.5,7491.75,7487.75,7488.0,243.0
2019-06-17 12:58,7488.0,7489.75,7487.5,7487.5,144.0
2019-06-17 12:59,7487.5,7490.0,7487.5,7489.5,109.0
2019-06-17 13:00,7489.5,7492.5,7488.75,7491.75,131.0
2019-06-17 13:01,7492.0,7493.5,7490.0,7493.0,234.0
2019-06-17 13:02,7493.75,7494.75,7493.25,7493.75,134.0
2019-06-17 13:03,7494.25,7498.25,7494.25,7498.25,115.0
2019-06-17 13:04,7498.0,7498.5,7496.5,7497.5,78.0
2019-06-17 13:05,7497.5,7498.75,7497.25,7498.75,61.0
2019-06-17 13:06,7499.0,7499.25,7497.5,7497.5,112.0
2019-06-17 13:07,7497.25,7497.5,7496.0,7497.0,77.0
2019-06-17 13:08,7497.5,7497.75,7496.75,7497.0,30.0
2019-06-17 13:09,7496.75,7497.25,7496.5,7496.75,52.0
2019-06-17 13:10,7496.75,7497.75,7496.75,7497.0,83.0
2019-06-17 13:11,7497.0,7498.75,7496.0,7496.0,106.0
2019-06-17 13:12,7496.25,7498.0,7496.25,7497.75,67.0
2019-06-17 13:13,7497.5,7497.75,7495.5,7495.5,94.0
2019-06-17 13:14,7495.75,7496.75,7495.0,7496.5,73.0
2019-06-17 13:15,7496.5,7497.5,7496.5,7497.5,75.0
2019-06-17 13:16,7497.25,7498.5,7497.0,7498.5,59.0
2019-06-17 13:17,7498.5,7498.5,7497.25,7497.75,41.0
2019-06-17 13:18,7497.5,7498.75,7497.5,7498.5,57.0
2019-06-17 13:19,7498.75,7499.5,7498.75,7499.5,28.0
2019-06-17 13:20,7499.5,7501.25,7499.5,7500.5,134.0
2019-06-17 13:21,7500.5,7501.25,7497.5,7498.0,164.0
2019-06-17 13:22,7498.25,7498.5,7497.0,7498.5,89.0
2019-06-17 13:23,7498.25,7499.0,7498.25,7498.75,62.0
2019-06-17 13:24,7499.0,7499.75,7498.75,7499.75,44.0
2019-06-17 13:25,7499.5,7500.25,7499.5,7500.25,102.0
2019-06-17 13:26,7500.25,7500.25,7499.0,7499.5,108.0
2019-06-17 13:27,7499.5,7500.0,7498.75,7499.25,47.0
2019-06-17 13:28,7498.75,7500.25,7497.75,7498.0,73.0
2019-06-17 13:29,7498.25,7499.25,7497.75,7498.0,110.0
2019-06-17 13:30,7498.25,7504.0,7498.0,7503.0,918.0
2019-06-17 13:31,7503.0,7508.25,7500.25,7500.5,869.0
2019-06-17 13:32,7500.25,7502.0,7491.0,7495.0,1127.0
2019-06-17 13:33,7495.0,7497.0,7491.75,7495.0,694.0
2019-06-17 13:34,7495.0,7507.5,7494.5,7507.0,967.0
2019-06-17 13:35,7507.25,7509.25,7502.25,7506.0,846.0
2019-06-17 13:36,7505.75,7508.75,7504.0,7507.5,504.0
2019-06-17 13:37,7507.25,7512.0,7507.0,7510.25,779.0
2019-06-17 13:38,7510.0,7512.0,7508.25,7512.0,821.0
2019-06-17 13:39,7511.75,7515.25,7508.25,7510.5,835.0
2019-06-17 13:40,7510.5,7522.75,7510.5,7518.25,1718.0
2019-06-17 13:41,7518.25,7521.5,7517.75,7521.0,412.0
2019-06-17 13:42,7521.25,7525.5,7519.0,7522.5,751.0
2019-06-17 13:43,7522.25,7527.0,7518.0,7518.5,769.0
2019-06-17 13:44,7518.25,7524.5,7517.75,7521.0,507.0
2019-06-17 13:45,7520.75,7526.0,7520.75,7525.5,385.0
2019-06-17 13:46,7525.5,7526.5,7523.5,7524.0,367.0
2019-06-17 13:47,7524.25,7526.5,7523.75,7526.25,202.0
2019-06-17 13:48,7526.0,7532.25,7525.0,7532.0,834.0
2019-06-17 13:49,7532.0,7534.25,7530.0,7531.0,598.0
2019-06-17 13:50,7531.0,7533.5,7529.5,7531.0,450.0
2019-06-17 13:51,7530.5,7531.5,7527.25,7530.5,418.0
2019-06-17 13:52,7530.0,7532.5,7527.5,7532.5,469.0
2019-06-17 13:53,7532.5,7539.75,7532.5,7537.25,1172.0
2019-06-17 13:54,7537.25,7542.5,7537.25,7539.5,949.0
2019-06-17 13:55,7539.25,7548.0,7538.5,7545.25,990.0
2019-06-17 13:56,7545.0,7545.0,7537.5,7539.5,751.0
2019-06-17 13:57,7539.5,7542.25,7536.25,7536.5,658.0
2019-06-17 13:58,7536.5,7539.25,7536.25,7537.75,315.0
2019-06-17 13:59,7537.25,7540.0,7535.0,7538.25,411.0
2019-06-17 14:00,7538.25,7540.0,7534.0,7535.75,415.0
2019-06-17 14:01,7536.0,7538.5,7535.5,7538.0,490.0
2019-06-17 14:02,7538.0,7541.5,7534.25,7534.5,637.0
2019-06-17 14:03,7534.25,7536.5,7532.5,7534.75,438.0
2019-06-17 14:04,7534.75,7538.25,7534.0,7537.25,493.0
2019-06-17 14:05,7537.25,7541.25,7537.25,7540.25,556.0
2019-06-17 14:06,7540.25,7544.5,7540.25,7542.75,554.0
2019-06-17 14:07,7543.0,7544.0,7541.5,7542.75,365.0
2019-06-17 14:08,7543.0,7543.25,7540.0,7543.0,292.0
2019-06-17 14:09,7543.0,7543.5,7540.0,7540.0,202.0
2019-06-17 14:10,7540.25,7540.5,7537.5,7538.0,378.0
2019-06-17 14:11,7538.5,7539.5,7537.5,7537.75,240.0
2019-06-17 14:12,7538.0,7539.5,7536.0,7537.25,240.0
2019-06-17 14:13,7537.5,7537.75,7534.5,7535.0,230.0
2019-06-17 14:14,7535.0,7537.5,7534.25,7535.75,199.0
2019-06-17 14:15,7536.0,7540.0,7536.0,7537.5,337.0
2019-06-17 14:16,7537.25,7537.75,7534.5,7535.25,234.0
2019-06-17 14:17,7535.75,7535.75,7527.75,7528.0,658.0
2019-06-17 14:18,7528.0,7531.75,7527.75,7530.25,396.0
2019-06-17 14:19,7530.75,7531.0,7528.5,7529.75,190.0
2019-06-17 14:20,7529.75,7530.75,7528.75,7529.75,204.0
2019-06-17 14:21,7530.5,7531.0,7528.5,7530.0,199.0
2019-06-17 14:22,7530.5,7531.5,7527.25,7529.75,362.0
2019-06-17 14:23,7530.0,7535.5,7529.25,7534.25,465.0
2019-06-17 14:24,7534.25,7536.75,7533.5,7536.25,287.0
2019-06-17 14:25,7536.5,7537.5,7534.0,7536.25,248.0
2019-06-17 14:26,7536.25,7537.5,7534.0,7537.5,297.0
2019-06-17 14:27,7537.75,7539.5,7535.5,7539.25,357.0
2019-06-17 14:28,7539.5,7543.5,7539.25,7539.75,815.0
2019-06-17 14:29,7540.0,7541.25,7539.0,7539.75,330.0
2019-06-17 14:30,7539.75,7542.0,7539.75,7541.0,157.0
2019-06-17 14:31,7541.0,7543.25,7540.5,7543.0,176.0
2019-06-17 14:32,7543.0,7544.25,7542.25,7543.0,286.0
2019-06-17 14:33,7543.5,7545.0,7543.25,7544.25,180.0
2019-06-17 14:34,7544.25,7545.75,7544.25,7545.0,337.0
2019-06-17 14:35,7545.25,7549.25,7545.25,7547.5,816.0
2019-06-17 14:36,7547.75,7548.5,7543.25,7543.5,380.0
2019-06-17 14:37,7543.5,7546.0,7543.5,7545.75,255.0
2019-06-17 14:38,7546.0,7546.5,7543.75,7545.5,256.0
2019-06-17 14:39,7545.25,7547.25,7544.25,7544.25,147.0
2019-06-17 14:40,7544.75,7547.75,7544.5,7546.5,214.0
2019-06-17 14:41,7547.0,7549.75,7547.0,7549.0,327.0
2019-06-17 14:42,7549.25,7549.25,7545.5,7545.5,242.0
2019-06-17 14:43,7545.5,7546.0,7541.5,7541.75,316.0
2019-06-17 14:44,7542.0,7543.25,7541.0,7542.5,283.0
2019-06-17 14:45,7542.75,7543.0,7536.5,7537.25,517.0
2019-06-17 14:46,7537.25,7539.0,7536.5,7538.25,318.0
2019-06-17 14:47,7538.25,7539.25,7537.5,7538.25,188.0
2019-06-17 14:48,7539.0,7540.5,7538.25,7539.0,280.0
2019-06-17 14:49,7539.0,7539.5,7536.5,7536.5,183.0
2019-06-17 14:50,7536.75,7540.75,7536.0,7540.5,404.0
2019-06-17 14:51,7540.75,7542.25,7540.5,7542.25,384.0
2019-06-17 14:52,7542.25,7542.5,7540.75,7542.5,237.0
2019-06-17 14:53,7542.25,7544.75,7541.75,7543.25,226.0
2019-06-17 14:54,7543.25,7543.5,7541.0,7541.75,285.0
2019-06-17 14:55,7542.0,7544.25,7540.0,7540.75,230.0
2019-06-17 14:56,7541.0,7542.0,7540.5,7541.25,75.0
2019-06-17 14:57,7541.25,7542.0,7539.25,7539.5,183.0
2019-06-17 14:58,7539.75,7542.75,7539.0,7542.75,163.0
2019-06-17 14:59,7543.0,7548.25,7542.75,7544.75,516.0
2019-06-17 15:00,7544.75,7546.25,7541.5,7546.0,253.0
2019-06-17 15:01,7546.25,7549.0,7546.25,7549.0,214.0
2019-06-17 15:02,7548.75,7550.75,7545.5,7549.0,528.0
2019-06-17 15:03,7548.75,7550.5,7547.5,7549.75,276.0
2019-06-17 15:04,7550.0,7550.25,7544.5,7546.0,317.0
2019-06-17 15:05,7545.75,7546.0,7542.0,7543.5,308.0
2019-06-17 15:06,7543.5,7544.0,7537.5,7538.5,432.0
2019-06-17 15:07,7539.0,7541.25,7537.25,7540.75,306.0
2019-06-17 15:08,7540.25,7542.25,7538.5,7540.75,174.0
2019-06-17 15:09,7541.25,7542.5,7540.0,7542.25,122.0
2019-06-17 15:10,7542.25,7544.5,7541.0,7543.25,154.0
2019-06-17 15:11,7543.0,7546.0,7543.0,7546.0,334.0
2019-06-17 15:12,7546.0,7546.25,7543.0,7544.75,212.0
2019-06-17 15:13,7544.5,7544.5,7540.0,7541.0,240.0
2019-06-17 15:14,7541.5,7542.75,7540.75,7542.0,118.0
2019-06-17 15:15,7541.75,7543.0,7541.0,7542.75,177.0
2019-06-17 15:16,7542.5,7543.5,7539.75,7542.5,194.0
2019-06-17 15:17,7542.0,7543.5,7542.0,7543.5,84.0
2019-06-17 15:18,7543.25,7546.25,7543.25,7545.25,143.0
2019-06-17 15:19,7545.25,7546.75,7543.75,7544.5,161.0
2019-06-17 15:20,7543.75,7545.0,7541.75,7542.0,181.0
2019-06-17 15:21,7542.0,7544.0,7541.25,7541.5,174.0
2019-06-17 15:22,7541.5,7542.0,7540.75,7541.25,91.0
2019-06-17 15:23,7541.0,7541.0,7538.25,7538.5,272.0
2019-06-17 15:24,7538.75,7538.75,7531.75,7533.5,689.0
2019-06-17 15:25,7533.75,7534.25,7530.5,7531.25,431.0
2019-06-17 15:26,7531.75,7535.25,7531.25,7534.5,339.0
2019-06-17 15:27,7534.75,7535.0,7532.0,7534.5,195.0
2019-06-17 15:28,7534.0,7536.0,7534.0,7535.5,208.0
2019-06-17 15:29,7535.5,7536.5,7533.5,7533.75,260.0
2019-06-17 15:30,7533.5,7535.5,7532.5,7535.5,440.0
2019-06-17 15:31,7535.75,7536.25,7533.25,7535.25,280.0
2019-06-17 15:32,7535.25,7536.25,7533.25,7536.25,252.0
2019-06-17 15:33,7536.25,7536.5,7534.0,7535.5,170.0
2019-06-17 15:34,7535.0,7536.5,7534.75,7534.75,131.0
2019-06-17 15:35,7535.25,7535.75,7533.5,7534.0,240.0
2019-06-17 15:36,7533.75,7534.5,7531.5,7532.25,233.0
2019-06-17 15:37,7531.5,7533.0,7530.25,7532.5,228.0
2019-06-17 15:38,7532.0,7532.25,7530.25,7530.75,228.0
2019-06-17 15:39,7530.5,7532.25,7529.5,7532.0,212.0
2019-06-17 15:40,7531.75,7534.5,7530.5,7534.5,170.0
2019-06-17 15:41,7534.0,7534.5,7532.25,7532.5,138.0
2019-06-17 15:42,7532.25,7533.75,7531.75,7532.25,97.0
2019-06-17 15:43,7532.0,7532.75,7531.0,7532.0,115.0
2019-06-17 15:44,7532.0,7535.0,7532.0,7534.5,325.0
2019-06-17 15:45,7534.25,7535.5,7533.0,7535.0,258.0
2019-06-17 15:46,7535.0,7537.0,7534.0,7535.75,216.0
2019-06-17 15:47,7535.5,7536.75,7535.5,7536.25,116.0
2019-06-17 15:48,7536.25,7537.25,7536.0,7536.5,142.0
2019-06-17 15:49,7536.5,7537.75,7536.5,7537.75,219.0
2019-06-17 15:50,7537.5,7537.75,7535.75,7536.25,336.0
2019-06-17 15:51,7536.25,7536.75,7535.0,7536.75,84.0
2019-06-17 15:52,7536.75,7537.0,7535.0,7535.0,74.0
2019-06-17 15:53,7535.25,7536.25,7531.0,7531.75,327.0
2019-06-17 15:54,7532.0,7532.0,7530.25,7530.5,174.0
2019-06-17 15:55,7530.25,7530.25,7526.5,7526.5,352.0
2019-06-17 15:56,7526.75,7528.0,7526.0,7527.75,242.0
2019-06-17 15:57,7527.75,7530.5,7527.25,7530.0,219.0
2019-06-17 15:58,7530.0,7532.25,7529.5,7530.25,171.0
2019-06-17 15:59,7530.25,7530.25,7527.75,7529.0,137.0
2019-06-17 16:00,7528.75,7531.75,7526.75,7531.0,240.0
2019-06-17 16:01,7531.25,7531.5,7528.75,7529.25,125.0
2019-06-17 16:02,7529.25,7529.25,7524.5,7525.5,355.0
2019-06-17 16:03,7525.75,7526.75,7524.25,7526.0,209.0
2019-06-17 16:04,7526.0,7527.0,7524.75,7525.0,167.0
2019-06-17 16:05,7525.25,7528.5,7524.75,7527.5,117.0
2019-06-17 16:06,7527.0,7528.0,7526.0,7528.0,73.0
2019-06-17 16:07,7527.75,7527.75,7526.5,7526.75,45.0
2019-06-17 16:08,7527.0,7527.75,7526.0,7526.5,65.0
2019-06-17 16:09,7526.5,7527.25,7526.0,7527.0,67.0
2019-06-17 16:10,7526.75,7527.25,7526.0,7527.0,110.0
2019-06-17 16:11,7527.0,7529.75,7526.75,7528.75,149.0
2019-06-17 16:12,7528.75,7530.25,7528.75,7529.75,60.0
2019-06-17 16:13,7530.0,7530.5,7529.5,7530.25,61.0
2019-06-17 16:14,7530.0,7530.5,7529.25,7530.5,90.0
2019-06-17 16:15,7530.25,7530.25,7529.25,7529.25,61.0
2019-06-17 16:16,7529.25,7531.0,7528.5,7531.0,101.0
2019-06-17 16:17,7531.0,7532.25,7530.75,7532.0,140.0
2019-06-17 16:18,7532.25,7532.25,7531.5,7531.75,63.0
2019-06-17 16:19,7531.5,7531.5,7530.5,7531.0,55.0
2019-06-17 16:20,7531.0,7531.25,7529.25,7529.5,82.0
2019-06-17 16:21,7529.5,7530.5,7528.75,7530.5,65.0
2019-06-17 16:22,7530.25,7531.0,7530.0,7530.5,47.0
2019-06-17 16:23,7530.5,7531.25,7530.25,7530.5,57.0
2019-06-17 16:24,7530.25,7531.25,7530.25,7530.75,60.0
2019-06-17 16:25,7531.0,7531.5,7529.25,7529.25,75.0
2019-06-17 16:26,7529.25,7529.5,7528.5,7528.75,47.0
2019-06-17 16:27,7528.5,7528.75,7526.75,7526.75,143.0
2019-06-17 16:28,7526.75,7527.5,7526.25,7526.5,77.0
2019-06-17 16:29,7527.25,7527.5,7525.5,7526.75,119.0
2019-06-17 16:30,7526.75,7527.0,7525.25,7526.0,121.0
2019-06-17 16:31,7526.25,7526.25,7523.5,7526.0,189.0
2019-06-17 16:32,7526.0,7528.75,7525.75,7528.75,178.0
2019-06-17 16:33,7528.75,7531.25,7528.0,7531.25,192.0
2019-06-17 16:34,7531.25,7531.5,7530.75,7530.75,87.0
2019-06-17 16:35,7530.75,7534.5,7530.0,7533.5,304.0
2019-06-17 16:36,7533.5,7533.5,7530.0,7530.25,184.0
2019-06-17 16:37,7530.25,7534.25,7530.25,7533.75,127.0
2019-06-17 16:38,7533.5,7533.5,7532.0,7533.0,52.0
2019-06-17 16:39,7533.25,7534.0,7532.75,7533.25,49.0
2019-06-17 16:40,7533.5,7533.75,7531.75,7532.5,60.0
2019-06-17 16:41,7532.5,7533.25,7532.25,7532.75,68.0
2019-06-17 16:42,7533.0,7533.5,7532.5,7533.25,69.0
2019-06-17 16:43,7533.25,7533.75,7532.75,7533.5,58.0
2019-06-17 16:44,7533.5,7534.0,7533.0,7534.0,41.0
2019-06-17 16:45,7534.5,7534.75,7533.25,7533.25,75.0
2019-06-17 16:46,7533.5,7533.75,7533.0,7533.25,73.0
2019-06-17 16:47,7533.5,7535.0,7533.25,7535.0,82.0
2019-06-17 16:48,7535.0,7535.5,7534.5,7535.0,130.0
2019-06-17 16:49,7534.5,7536.0,7534.5,7536.0,86.0
2019-06-17 16:50,7536.0,7536.75,7536.0,7536.75,118.0
2019-06-17 16:51,7536.5,7537.25,7536.25,7536.25,103.0
2019-06-17 16:52,7536.25,7536.25,7533.5,7535.25,187.0
2019-06-17 16:53,7535.5,7536.25,7534.75,7534.75,81.0
2019-06-17 16:54,7535.0,7535.0,7533.25,7533.75,90.0
2019-06-17 16:55,7533.75,7534.5,7532.25,7533.25,96.0
2019-06-17 16:56,7533.5,7535.0,7532.5,7534.0,78.0
2019-06-17 16:57,7534.0,7535.25,7533.25,7535.25,69.0
2019-06-17 16:58,7535.25,7536.0,7535.0,7535.25,71.0
2019-06-17 16:59,7535.25,7535.75,7534.25,7535.5,43.0
2019-06-17 17:00,7535.5,7537.75,7534.0,7537.5,137.0
2019-06-17 17:01,7537.75,7539.25,7537.25,7538.25,194.0
2019-06-17 17:02,7538.25,7539.0,7538.0,7539.0,88.0
2019-06-17 17:03,7538.75,7539.5,7538.25,7538.5,91.0
2019-06-17 17:04,7538.5,7539.0,7538.25,7538.5,36.0
2019-06-17 17:05,7538.5,7538.5,7535.75,7536.75,152.0
2019-06-17 17:06,7536.75,7538.0,7536.25,7537.25,58.0
2019-06-17 17:07,7537.0,7537.5,7537.0,7537.25,35.0
2019-06-17 17:08,7537.0,7537.75,7535.25,7535.5,78.0
2019-06-17 17:09,7535.25,7537.0,7534.25,7534.5,148.0
2019-06-17 17:10,7534.75,7537.0,7534.75,7536.25,96.0
2019-06-17 17:11,7536.25,7536.25,7534.75,7535.0,60.0
2019-06-17 17:12,7535.25,7537.25,7535.25,7536.0,51.0
2019-06-17 17:13,7535.75,7536.25,7535.0,7536.25,42.0
2019-06-17 17:14,7536.5,7537.75,7536.5,7537.25,64.0
2019-06-17 17:15,7537.25,7538.5,7537.25,7538.0,51.0
2019-06-17 17:16,7538.0,7538.25,7537.5,7537.5,63.0
2019-06-17 17:17,7537.25,7539.0,7536.5,7538.75,73.0
2019-06-17 17:18,7538.5,7540.0,7538.0,7538.25,124.0
2019-06-17 17:19,7538.25,7539.25,7538.25,7539.25,53.0
2019-06-17 17:20,7539.0,7539.75,7538.75,7539.25,54.0
2019-06-17 17:21,7538.75,7539.25,7537.75,7538.5,75.0
2019-06-17 17:22,7538.0,7538.0,7537.0,7537.75,115.0
2019-06-17 17:23,7537.25,7538.5,7537.25,7537.75,52.0
2019-06-17 17:24,7537.75,7538.0,7537.0,7537.25,83.0
2019-06-17 17:25,7537.0,7537.25,7535.5,7536.25,90.0
2019-06-17 17:26,7535.75,7535.75,7534.0,7534.0,56.0
2019-06-17 17:27,7534.0,7535.5,7534.0,7534.25,58.0
2019-06-17 17:28,7534.5,7536.0,7534.5,7534.75,41.0
2019-06-17 17:29,7534.5,7535.0,7534.0,7535.0,34.0
2019-06-17 17:30,7534.75,7536.0,7534.5,7535.75,68.0
2019-06-17 17:31,7535.0,7536.0,7535.0,7536.0,55.0
2019-06-17 17:32,7535.75,7537.0,7534.75,7536.5,79.0
2019-06-17 17:33,7536.5,7537.75,7536.5,7537.75,63.0
2019-06-17 17:34,7538.0,7539.75,7537.75,7539.0,90.0
2019-06-17 17:35,7539.25,7539.75,7538.5,7539.25,55.0
2019-06-17 17:36,7539.0,7540.5,7538.75,7540.0,111.0
2019-06-17 17:37,7540.25,7541.25,7540.0,7541.0,156.0
2019-06-17 17:38,7540.75,7541.0,7540.25,7540.75,64.0
2019-06-17 17:39,7540.75,7541.5,7540.5,7541.5,77.0
2019-06-17 17:40,7541.25,7541.25,7540.5,7541.25,72.0
2019-06-17 17:41,7541.5,7543.75,7541.5,7543.25,181.0
2019-06-17 17:42,7543.0,7543.25,7542.75,7543.0,38.0
2019-06-17 17:43,7543.0,7543.25,7542.5,7542.5,70.0
2019-06-17 17:44,7542.5,7543.0,7540.25,7540.5,141.0
2019-06-17 17:45,7540.5,7541.0,7539.5,7541.0,74.0
2019-06-17 17:46,7541.0,7542.75,7541.0,7542.0,50.0
2019-06-17 17:47,7542.0,7542.0,7541.75,7541.75,69.0
2019-06-17 17:48,7542.0,7542.0,7540.25,7540.75,78.0
2019-06-17 17:49,7540.75,7541.0,7540.5,7540.75,33.0
2019-06-17 17:50,7540.75,7541.25,7539.75,7540.0,81.0
2019-06-17 17:51,7539.75,7540.25,7539.25,7539.75,74.0
2019-06-17 17:52,7539.0,7540.75,7538.5,7540.5,62.0
2019-06-17 17:53,7540.25,7541.0,7540.0,7540.0,45.0
2019-06-17 17:54,7540.25,7541.25,7540.25,7541.25,50.0
2019-06-17 17:55,7541.25,7543.0,7541.25,7543.0,47.0
2019-06-17 17:56,7543.0,7543.0,7542.25,7542.25,33.0
2019-06-17 17:57,7542.5,7542.75,7541.75,7542.5,63.0
2019-06-17 17:58,7542.5,7542.75,7541.5,7542.25,41.0
2019-06-17 17:59,7542.25,7542.25,7540.75,7541.5,46.0
2019-06-17 18:00,7541.0,7542.5,7540.75,7542.5,53.0
2019-06-17 18:01,7542.25,7544.5,7541.75,7544.0,142.0
2019-06-17 18:02,7544.25,7545.75,7544.0,7545.5,194.0
2019-06-17 18:03,7545.5,7545.75,7544.5,7544.5,79.0
2019-06-17 18:04,7544.75,7546.25,7544.75,7545.75,70.0
2019-06-17 18:05,7545.5,7545.5,7543.25,7543.5,87.0
2019-06-17 18:06,7543.75,7543.75,7542.0,7542.5,86.0
2019-06-17 18:07,7542.25,7543.25,7540.5,7540.5,104.0
2019-06-17 18:08,7540.5,7541.0,7539.25,7540.75,120.0
2019-06-17 18:09,7540.25,7541.75,7540.25,7540.75,42.0
2019-06-17 18:10,7540.75,7541.25,7539.75,7539.75,70.0
2019-06-17 18:11,7539.75,7541.25,7539.5,7541.25,51.0
2019-06-17 18:12,7541.25,7542.25,7541.0,7541.5,52.0
2019-06-17 18:13,7541.25,7541.75,7541.25,7541.75,35.0
2019-06-17 18:14,7542.0,7542.0,7541.0,7542.0,46.0
2019-06-17 18:15,7542.0,7542.0,7541.5,7541.75,31.0
2019-06-17 18:16,7541.5,7543.0,7541.25,7542.75,45.0
2019-06-17 18:17,7542.5,7543.5,7542.25,7543.5,39.0
2019-06-17 18:18,7543.25,7543.75,7542.25,7542.25,61.0
2019-06-17 18:19,7542.5,7543.5,7541.25,7541.5,53.0
2019-06-17 18:20,7541.75,7542.0,7541.25,7542.0,40.0
2019-06-17 18:21,7541.5,7542.0,7540.75,7541.75,60.0
2019-06-17 18:22,7541.75,7542.75,7541.75,7542.5,53.0
2019-06-17 18:23,7542.75,7543.0,7541.25,7541.5,28.0
2019-06-17 18:24,7542.0,7543.5,7541.75,7542.0,80.0
2019-06-17 18:25,7542.0,7542.0,7540.5,7540.75,66.0
2019-06-17 18:26,7540.75,7541.0,7537.0,7538.25,235.0
2019-06-17 18:27,7538.0,7538.25,7535.75,7537.5,216.0
2019-06-17 18:28,7537.5,7538.25,7536.5,7537.0,91.0
2019-06-17 18:29,7537.25,7537.75,7535.5,7535.75,85.0
2019-06-17 18:30,7535.5,7538.75,7535.5,7537.75,114.0
2019-06-17 18:31,7538.0,7539.75,7537.5,7539.25,83.0
2019-06-17 18:32,7539.5,7540.0,7537.75,7538.0,64.0
2019-06-17 18:33,7538.0,7538.75,7537.5,7538.75,51.0
2019-06-17 18:34,7538.75,7539.0,7537.75,7538.75,38.0
2019-06-17 18:35,7539.0,7539.5,7539.0,7539.25,25.0
2019-06-17 18:36,7539.25,7540.0,7539.25,7540.0,37.0
2019-06-17 18:37,7539.75,7540.25,7539.25,7539.5,32.0
2019-06-17 18:38,7539.75,7540.0,7539.5,7540.0,39.0
2019-06-17 18:39,7540.0,7541.0,7540.0,7540.25,75.0
2019-06-17 18:40,7540.5,7541.75,7540.0,7541.75,65.0
2019-06-17 18:41,7542.0,7542.0,7540.5,7541.0,62.0
2019-06-17 18:42,7541.0,7541.0,7540.0,7540.75,36.0
2019-06-17 18:43,7541.0,7541.5,7540.0,7540.75,22.0
2019-06-17 18:44,7541.25,7541.5,7540.75,7541.25,26.0
2019-06-17 18:45,7540.75,7540.75,7538.5,7539.25,48.0
2019-06-17 18:46,7539.0,7540.25,7538.75,7539.0,99.0
2019-06-17 18:47,7538.75,7539.75,7538.75,7539.25,58.0
2019-06-17 18:48,7539.25,7539.25,7537.75,7538.0,55.0
2019-06-17 18:49,7538.0,7538.75,7537.5,7538.5,66.0
2019-06-17 18:50,7538.25,7538.25,7535.5,7536.0,114.0
2019-06-17 18:51,7536.0,7537.0,7535.75,7536.0,80.0
2019-06-17 18:52,7536.25,7537.25,7535.0,7536.0,96.0
2019-06-17 18:53,7535.75,7536.0,7534.75,7535.75,62.0
2019-06-17 18:54,7536.0,7536.25,7533.0,7534.0,119.0
2019-06-17 18:55,7534.25,7534.25,7532.75,7533.0,63.0
2019-06-17 18:56,7533.0,7534.75,7532.5,7534.5,90.0
2019-06-17 18:57,7534.25,7535.0,7533.25,7534.25,67.0
2019-06-17 18:58,7534.25,7535.25,7534.0,7534.5,51.0
2019-06-17 18:59,7534.75,7534.75,7533.5,7533.75,32.0
2019-06-17 19:00,7533.5,7533.5,7531.25,7531.5,176.0
2019-06-17 19:01,7531.5,7531.5,7528.75,7530.25,232.0
2019-06-17 19:02,7530.25,7532.25,7530.25,7532.25,112.0
2019-06-17 19:03,7532.0,7532.0,7530.0,7531.0,151.0
2019-06-17 19:04,7531.5,7534.0,7530.5,7533.5,134.0
2019-06-17 19:05,7533.75,7536.5,7533.25,7536.25,133.0
2019-06-17 19:06,7536.5,7536.75,7535.5,7535.75,64.0
2019-06-17 19:07,7536.0,7536.0,7535.25,7535.75,103.0
2019-06-17 19:08,7536.25,7536.25,7535.5,7536.0,42.0
2019-06-17 19:09,7536.0,7536.75,7535.75,7536.0,78.0
2019-06-17 19:10,7536.25,7536.5,7535.75,7536.0,31.0
2019-06-17 19:11,7536.25,7538.5,7536.25,7538.25,197.0
2019-06-17 19:12,7538.5,7538.5,7537.0,7537.25,89.0
2019-06-17 19:13,7537.5,7538.5,7537.25,7538.0,70.0
2019-06-17 19:14,7538.25,7538.25,7537.25,7537.75,46.0
2019-06-17 19:15,7537.25,7538.25,7537.25,7538.25,53.0
2019-06-17 19:16,7538.25,7540.5,7538.25,7539.0,121.0
2019-06-17 19:17,7539.25,7539.5,7537.75,7537.75,69.0
2019-06-17 19:18,7537.75,7538.25,7535.75,7536.0,89.0
2019-06-17 19:19,7536.25,7536.25,7535.0,7536.25,56.0
2019-06-17 19:20,7536.0,7537.0,7535.75,7536.75,70.0
2019-06-17 19:21,7537.0,7537.0,7534.25,7535.25,69.0
2019-06-17 19:22,7535.75,7536.75,7535.25,7536.5,53.0
2019-06-17 19:23,7536.5,7537.75,7536.25,7536.5,53.0
2019-06-17 19:24,7536.0,7537.5,7535.75,7537.0,59.0
2019-06-17 19:25,7537.0,7538.5,7536.75,7538.0,62.0
2019-06-17 19:26,7538.25,7541.25,7537.75,7541.25,106.0
2019-06-17 19:27,7541.0,7541.5,7540.25,7540.25,122.0
2019-06-17 19:28,7540.5,7540.75,7538.5,7539.0,80.0
2019-06-17 19:29,7539.25,7539.5,7538.25,7539.25,55.0
2019-06-17 19:30,7538.75,7539.0,7530.0,7531.0,384.0
2019-06-17 19:31,7530.5,7533.75,7530.25,7533.75,291.0
2019-06-17 19:32,7533.75,7534.5,7532.25,7534.0,96.0
2019-06-17 19:33,7534.25,7536.25,7533.5,7536.25,200.0
2019-06-17 19:34,7536.0,7536.5,7535.0,7535.25,101.0
2019-06-17 19:35,7535.25,7536.5,7534.25,7534.5,73.0
2019-06-17 19:36,7534.75,7534.75,7531.75,7531.75,83.0
2019-06-17 19:37,7532.75,7533.75,7532.0,7532.0,89.0
2019-06-17 19:38,7532.25,7532.5,7529.0,7529.25,107.0
2019-06-17 19:39,7529.25,7529.25,7526.0,7526.0,408.0
2019-06-17 19:40,7526.25,7529.25,7526.0,7526.75,199.0
2019-06-17 19:41,7527.0,7527.75,7526.0,7526.75,232.0
2019-06-17 19:42,7526.5,7528.75,7526.0,7528.0,103.0
2019-06-17 19:43,7528.0,7530.25,7527.25,7530.25,163.0
2019-06-17 19:44,7530.25,7530.25,7528.5,7528.75,87.0
2019-06-17 19:45,7528.5,7531.25,7527.75,7530.75,124.0
2019-06-17 19:46,7530.25,7530.5,7529.25,7530.0,54.0
2019-06-17 19:47,7530.0,7530.25,7529.0,7529.75,40.0
2019-06-17 19:48,7529.25,7531.5,7529.25,7531.0,160.0
2019-06-17 19:49,7530.75,7530.75,7528.5,7529.0,106.0
2019-06-17 19:50,7529.5,7529.5,7521.25,7523.25,504.0
2019-06-17 19:51,7523.75,7527.75,7523.0,7527.0,144.0
2019-06-17 19:52,7527.0,7527.75,7526.25,7526.25,154.0
2019-06-17 19:53,7526.25,7527.5,7525.5,7527.5,142.0
2019-06-17 19:54,7527.5,7529.5,7525.0,7525.5,267.0
2019-06-17 19:55,7525.5,7533.0,7525.25,7525.25,739.0
2019-06-17 19:56,7525.5,7526.25,7524.5,7525.75,193.0
2019-06-17 19:57,7526.0,7526.5,7523.0,7523.5,218.0
2019-06-17 19:58,7523.5,7524.5,7521.0,7524.5,549.0
2019-06-17 19:59,7524.5,7529.0,7520.5,7529.0,1732.0
2019-06-17 20:00,7528.75,7530.75,7526.75,7529.75,1186.0
2019-06-17 20:01,7530.0,7532.5,7529.75,7531.75,353.0
2019-06-17 20:02,7532.25,7532.75,7532.0,7532.5,165.0
2019-06-17 20:03,7532.5,7532.75,7531.0,7531.0,169.0
2019-06-17 20:04,7531.25,7533.0,7530.5,7533.0,172.0
2019-06-17 20:05,7533.0,7534.25,7532.5,7534.0,199.0
2019-06-17 20:06,7534.25,7535.5,7534.25,7535.0,137.0
2019-06-17 20:07,7535.25,7535.5,7535.0,7535.25,76.0
2019-06-17 20:08,7535.25,7536.0,7534.75,7536.0,198.0
2019-06-17 20:09,7536.0,7536.25,7533.25,7534.0,129.0
2019-06-17 20:10,7534.25,7534.75,7533.5,7533.5,34.0
2019-06-17 20:11,7533.75,7534.75,7533.5,7534.5,67.0
2019-06-17 20:12,7534.75,7536.0,7534.25,7534.75,53.0
2019-06-17 20:13,7535.0,7537.0,7534.75,7535.75,45.0
2019-06-17 20:14,7535.75,7536.0,7534.0,7534.25,161.0
2019-06-17 20:30,7534.5,7537.75,7534.0,7536.0,79.0
2019-06-17 20:31,7536.5,7536.5,7535.5,7535.5,34.0
2019-06-17 20:32,7535.75,7535.75,7535.25,7535.25,9.0
2019-06-17 20:33,7536.0,7536.0,7535.0,7535.0,8.0
2019-06-17 20:34,7535.75,7535.75,7535.75,7535.75,1.0
2019-06-17 20:35,7535.75,7535.75,7535.25,7535.25,7.0
2019-06-17 20:36,7535.75,7535.75,7535.25,7535.25,6.0
2019-06-17 20:37,7535.0,7535.25,7535.0,7535.0,3.0
2019-06-17 20:38,7534.25,7535.0,7534.25,7535.0,7.0
2019-06-17 20:39,7535.5,7535.5,7535.0,7535.0,2.0
2019-06-17 20:40,7535.5,7536.5,7535.0,7536.5,18.0
2019-06-17 20:41,7536.5,7536.5,7536.0,7536.0,6.0
2019-06-17 20:42,7536.0,7536.25,7536.0,7536.0,10.0
2019-06-17 20:43,7536.5,7536.5,7536.0,7536.25,17.0
2019-06-17 20:44,7536.0,7537.0,7536.0,7536.5,16.0
2019-06-17 20:45,7537.0,7537.5,7536.25,7536.75,38.0
2019-06-17 20:46,7537.25,7537.75,7536.5,7536.5,12.0
2019-06-17 20:47,7537.5,7538.0,7536.75,7538.0,18.0
2019-06-17 20:48,7537.75,7537.75,7537.25,7537.25,5.0
2019-06-17 20:49,7538.0,7538.5,7537.25,7538.5,20.0
2019-06-17 20:50,7538.5,7539.25,7536.75,7539.25,138.0
2019-06-17 20:51,7539.0,7539.0,7537.5,7538.75,14.0
2019-06-17 20:52,7538.0,7538.0,7538.0,7538.0,1.0
2019-06-17 20:53,7538.0,7539.75,7537.5,7539.0,41.0
2019-06-17 20:54,7538.75,7539.0,7538.5,7538.5,20.0
2019-06-17 20:55,7539.25,7539.5,7537.75,7538.5,41.0
2019-06-17 20:56,7538.75,7539.5,7538.0,7539.5,20.0
2019-06-17 20:57,7538.75,7538.75,7538.25,7538.25,5.0
2019-06-17 20:58,7539.0,7539.0,7539.0,7539.0,2.0
2019-06-17 20:59,7539.75,7542.25,7539.0,7540.0,56.0
2019-06-17 22:00,7542.25,7542.75,7541.75,7541.75,34.0
2019-06-17 22:01,7542.25,7542.5,7541.0,7541.0,20.0
2019-06-17 22:02,7541.0,7541.25,7539.75,7541.0,7.0
2019-06-17 22:03,7541.0,7542.5,7540.75,7542.5,13.0
2019-06-17 22:04,7542.25,7542.75,7542.0,7542.5,11.0
2019-06-17 22:05,7542.25,7542.75,7542.25,7542.25,6.0
2019-06-17 22:06,7542.25,7542.75,7542.0,7542.75,36.0
2019-06-17 22:07,7542.0,7542.5,7542.0,7542.25,6.0
2019-06-17 22:08,7542.75,7542.75,7542.25,7542.25,5.0
2019-06-17 22:09,7542.25,7542.25,7542.0,7542.0,9.0
2019-06-17 22:10,7542.0,7542.0,7542.0,7542.0,2.0
2019-06-17 22:11,7542.25,7542.5,7542.25,7542.5,8.0
2019-06-17 22:12,7542.0,7542.25,7542.0,7542.25,8.0
2019-06-17 22:13,7542.25,7542.25,7542.25,7542.25,2.0
2019-06-17 22:14,7542.25,7542.25,7542.0,7542.0,3.0
2019-06-17 22:15,7542.0,7542.5,7542.0,7542.5,5.0
2019-06-17 22:16,7542.0,7542.0,7542.0,7542.0,2.0
2019-06-17 22:17,7542.25,7542.75,7542.0,7542.25,12.0
2019-06-17 22:18,7542.5,7542.5,7542.5,7542.5,2.0
2019-06-17 22:19,7542.25,7542.25,7542.25,7542.25,1.0
2019-06-17 22:20,7542.25,7542.25,7542.0,7542.0,14.0
2019-06-17 22:21,7542.0,7542.0,7542.0,7542.0,1.0
2019-06-17 22:22,7542.0,7542.5,7542.0,7542.0,6.0
2019-06-17 22:23,7542.0,7542.5,7542.0,7542.5,4.0
2019-06-17 22:25,7542.25,7542.25,7542.0,7542.0,3.0
2019-06-17 22:26,7542.0,7542.0,7542.0,7542.0,11.0
2019-06-17 22:27,7541.75,7542.0,7541.75,7541.75,3.0
2019-06-17 22:28,7541.75,7542.0,7541.75,7541.75,6.0
2019-06-17 22:29,7541.75,7541.75,7541.75,7541.75,1.0
2019-06-17 22:31,7541.5,7541.5,7541.5,7541.5,1.0
2019-06-17 22:32,7541.5,7541.5,7541.25,7541.25,2.0
2019-06-17 22:33,7541.0,7541.0,7540.75,7540.75,5.0
2019-06-17 22:34,7540.75,7541.25,7540.75,7541.25,8.0
2019-06-17 22:35,7541.5,7541.5,7541.5,7541.5,2.0
2019-06-17 22:36,7540.75,7541.0,7540.75,7541.0,3.0
2019-06-17 22:37,7540.75,7541.0,7539.75,7541.0,20.0
2019-06-17 22:38,7541.25,7541.5,7540.75,7540.75,7.0
2019-06-17 22:39,7540.0,7540.5,7539.75,7540.5,5.0
2019-06-17 22:40,7540.0,7540.0,7539.75,7539.75,3.0
2019-06-17 22:41,7540.0,7540.0,7539.25,7539.5,8.0
2019-06-17 22:42,7539.75,7539.75,7538.75,7538.75,14.0
2019-06-17 22:43,7538.75,7539.0,7538.5,7538.5,5.0
2019-06-17 22:44,7538.5,7538.5,7537.5,7538.0,15.0
2019-06-17 22:45,7538.0,7539.0,7537.75,7539.0,20.0
2019-06-17 22:46,7539.75,7540.0,7539.75,7539.75,4.0
2019-06-17 22:47,7539.75,7539.75,7539.75,7539.75,4.0
2019-06-17 22:48,7539.75,7539.75,7539.75,7539.75,2.0
2019-06-17 22:50,7539.25,7539.25,7539.25,7539.25,2.0
2019-06-17 22:51,7539.0,7539.5,7538.75,7539.5,8.0
2019-06-17 22:53,7538.75,7538.75,7538.5,7538.5,5.0
2019-06-17 22:55,7538.25,7538.5,7538.25,7538.5,3.0
2019-06-17 22:56,7538.25,7538.25,7538.25,7538.25,1.0
2019-06-17 22:57,7538.25,7538.25,7538.25,7538.25,3.0
2019-06-17 22:58,7538.25,7538.75,7538.25,7538.75,6.0
2019-06-17 22:59,7539.0,7539.0,7537.5,7537.75,20.0
2019-06-17 23:00,7537.75,7537.75,7537.75,7537.75,3.0
2019-06-17 23:01,7537.75,7537.75,7537.75,7537.75,1.0
2019-06-17 23:02,7537.75,7538.25,7537.75,7538.25,11.0
2019-06-17 23:03,7539.0,7539.0,7538.25,7538.5,4.0
2019-06-17 23:04,7538.75,7539.0,7538.5,7538.5,5.0
2019-06-17 23:05,7538.75,7538.75,7538.5,7538.5,4.0
2019-06-17 23:06,7538.5,7539.0,7538.5,7538.75,10.0
2019-06-17 23:07,7538.75,7538.75,7538.5,7538.5,5.0
2019-06-17 23:09,7538.0,7538.25,7538.0,7538.25,2.0
2019-06-17 23:10,7538.5,7539.25,7538.5,7539.25,6.0
2019-06-17 23:11,7539.25,7540.0,7539.25,7539.75,14.0
2019-06-17 23:12,7540.25,7540.5,7540.0,7540.0,18.0
2019-06-17 23:13,7540.25,7540.25,7540.0,7540.0,9.0
2019-06-17 23:14,7540.5,7540.5,7540.5,7540.5,4.0
2019-06-17 23:15,7541.25,7542.75,7541.25,7541.25,26.0
2019-06-17 23:16,7541.25,7541.5,7541.25,7541.5,5.0
2019-06-17 23:17,7541.25,7541.25,7540.75,7541.25,23.0
2019-06-17 23:18,7541.25,7541.25,7541.0,7541.0,4.0
2019-06-17 23:19,7540.75,7541.0,7540.75,7541.0,7.0
2019-06-17 23:20,7541.25,7541.5,7541.25,7541.5,4.0
2019-06-17 23:21,7540.75,7540.75,7540.75,7540.75,1.0
2019-06-17 23:22,7541.0,7541.0,7541.0,7541.0,1.0
2019-06-17 23:23,7541.5,7541.75,7541.5,7541.75,5.0
2019-06-17 23:24,7541.0,7541.5,7541.0,7541.25,21.0
2019-06-17 23:25,7541.5,7542.0,7541.25,7541.75,28.0
2019-06-17 23:26,7541.75,7542.0,7541.75,7541.75,7.0
2019-06-17 23:27,7541.75,7541.75,7541.25,7541.25,13.0
2019-06-17 23:28,7540.75,7540.75,7540.75,7540.75,2.0
2019-06-17 23:29,7540.75,7540.75,7539.75,7540.5,12.0
2019-06-17 23:30,7540.25,7540.25,7539.75,7540.25,12.0
2019-06-17 23:31,7540.5,7540.5,7540.25,7540.5,11.0
2019-06-17 23:32,7540.25,7540.25,7540.25,7540.25,4.0
2019-06-17 23:33,7540.0,7540.0,7540.0,7540.0,7.0
2019-06-17 23:34,7540.25,7540.25,7540.25,7540.25,2.0
2019-06-17 23:35,7540.25,7540.25,7540.0,7540.0,6.0
2019-06-17 23:36,7539.75,7539.75,7539.25,7539.25,12.0
2019-06-17 23:37,7539.0,7539.0,7537.75,7537.75,19.0
2019-06-17 23:38,7538.25,7538.25,7537.5,7537.5,16.0
2019-06-17 23:39,7537.25,7537.5,7537.0,7537.5,18.0
2019-06-17 23:40,7537.25,7537.5,7537.0,7537.0,6.0
2019-06-17 23:41,7536.5,7537.5,7536.25,7537.25,32.0
2019-06-17 23:42,7537.75,7537.75,7537.75,7537.75,4.0
2019-06-17 23:43,7537.5,7538.0,7537.5,7538.0,4.0
2019-06-17 23:44,7537.75,7538.25,7537.75,7538.0,3.0
2019-06-17 23:45,7537.5,7537.5,7537.25,7537.5,6.0
2019-06-17 23:46,7537.5,7538.25,7537.5,7537.75,11.0
2019-06-17 23:47,7538.25,7538.5,7538.25,7538.5,6.0
2019-06-17 23:48,7538.5,7539.25,7538.5,7539.25,7.0
2019-06-17 23:49,7539.25,7539.5,7539.0,7539.25,6.0
2019-06-17 23:50,7539.0,7539.5,7539.0,7539.0,3.0
2019-06-17 23:51,7538.5,7538.5,7536.25,7536.75,8.0
2019-06-17 23:52,7536.5,7536.5,7535.0,7535.5,40.0
2019-06-17 23:53,7534.75,7536.0,7534.75,7535.75,12.0
2019-06-17 23:54,7536.0,7536.5,7535.5,7535.5,48.0
2019-06-17 23:55,7535.5,7536.0,7535.25,7536.0,16.0
2019-06-17 23:56,7535.75,7535.75,7535.75,7535.75,2.0
2019-06-17 23:57,7535.75,7536.75,7535.25,7536.75,17.0
2019-06-17 23:58,7536.5,7536.75,7536.5,7536.75,2.0
2019-06-17 23:59,7536.5,7536.75,7536.5,7536.75,4.0
2019-06-18 00:00,7537.0,7537.25,7535.25,7535.25,63.0
2019-06-18 00:01,7535.5,7538.25,7535.0,7536.25,50.0
2019-06-18 00:02,7536.25,7537.75,7535.5,7537.75,41.0
2019-06-18 00:03,7537.5,7537.5,7536.25,7536.75,28.0
2019-06-18 00:04,7537.0,7537.0,7536.5,7536.75,15.0
2019-06-18 00:05,7536.75,7538.5,7536.75,7537.75,23.0
2019-06-18 00:06,7538.0,7538.5,7537.25,7537.25,36.0
2019-06-18 00:07,7537.5,7539.0,7537.5,7539.0,34.0
2019-06-18 00:08,7539.25,7541.25,7539.25,7539.5,71.0
2019-06-18 00:09,7539.25,7539.75,7539.0,7539.0,32.0
2019-06-18 00:10,7539.25,7540.25,7538.5,7539.5,53.0
2019-06-18 00:11,7539.75,7540.5,7539.75,7540.0,43.0
2019-06-18 00:12,7540.0,7540.75,7539.75,7539.75,46.0
2019-06-18 00:13,7540.0,7541.25,7539.25,7540.5,69.0
2019-06-18 00:14,7540.5,7542.75,7540.5,7541.75,83.0
2019-06-18 00:15,7541.75,7542.0,7539.5,7540.25,89.0
2019-06-18 00:16,7540.75,7540.75,7539.0,7539.0,30.0
2019-06-18 00:17,7539.0,7539.75,7538.5,7539.75,22.0
2019-06-18 00:18,7539.75,7539.75,7539.25,7539.75,11.0
2019-06-18 00:19,7539.75,7540.25,7539.5,7539.5,23.0
2019-06-18 00:20,7540.0,7540.75,7540.0,7540.25,24.0
2019-06-18 00:21,7540.0,7540.25,7539.25,7540.25,27.0
2019-06-18 00:22,7540.5,7540.5,7540.0,7540.0,8.0
2019-06-18 00:23,7540.0,7540.5,7540.0,7540.25,8.0
2019-06-18 00:24,7540.0,7540.5,7540.0,7540.5,8.0
2019-06-18 00:25,7540.5,7540.5,7539.5,7539.5,15.0
2019-06-18 00:26,7539.5,7540.75,7539.5,7540.75,26.0
2019-06-18 00:27,7541.0,7542.25,7541.0,7541.5,42.0
2019-06-18 00:28,7541.5,7542.25,7541.0,7542.0,43.0
2019-06-18 00:29,7542.0,7542.25,7541.5,7541.5,11.0
2019-06-18 00:30,7541.5,7542.25,7541.5,7542.0,40.0
2019-06-18 00:31,7542.25,7542.25,7541.5,7541.5,10.0
2019-06-18 00:32,7541.0,7541.75,7541.0,7541.75,13.0
2019-06-18 00:33,7542.25,7542.5,7542.0,7542.0,24.0
2019-06-18 00:34,7542.0,7542.0,7541.5,7541.5,5.0
2019-06-18 00:35,7541.75,7541.75,7541.5,7541.5,13.0
2019-06-18 00:36,7541.75,7542.0,7541.5,7541.5,16.0
2019-06-18 00:37,7541.25,7541.5,7540.75,7541.5,21.0
2019-06-18 00:38,7541.5,7542.0,7541.5,7541.75,15.0
2019-06-18 00:39,7541.75,7541.75,7541.25,7541.25,9.0
2019-06-18 00:40,7541.0,7541.25,7540.5,7540.5,17.0
2019-06-18 00:41,7540.5,7541.0,7540.5,7540.75,15.0
2019-06-18 00:42,7540.75,7540.75,7539.5,7539.5,19.0
2019-06-18 00:43,7539.5,7539.5,7538.75,7539.25,17.0
2019-06-18 00:44,7539.75,7539.75,7538.75,7539.0,14.0
2019-06-18 00:45,7539.5,7540.0,7539.5,7539.5,28.0
2019-06-18 00:46,7539.25,7539.5,7538.75,7538.75,29.0
2019-06-18 00:47,7539.0,7539.75,7539.0,7539.5,9.0
2019-06-18 00:48,7540.0,7540.0,7539.75,7540.0,11.0
2019-06-18 00:49,7539.75,7540.25,7539.5,7540.0,26.0
2019-06-18 00:50,7540.25,7540.5,7540.25,7540.25,14.0
2019-06-18 00:51,7539.75,7539.75,7539.75,7539.75,8.0
2019-06-18 00:52,7539.75,7540.5,7539.75,7540.5,9.0
2019-06-18 00:53,7540.5,7540.5,7540.0,7540.25,14.0
2019-06-18 00:54,7540.25,7541.5,7540.25,7540.75,29.0
2019-06-18 00:55,7541.0,7541.0,7540.5,7540.75,17.0
2019-06-18 00:56,7540.75,7540.75,7540.5,7540.5,2.0
2019-06-18 00:57,7540.25,7541.25,7540.25,7541.0,18.0
2019-06-18 00:58,7540.75,7542.0,7540.75,7541.25,21.0
2019-06-18 00:59,7541.0,7541.0,7540.25,7540.75,29.0
2019-06-18 01:00,7541.25,7542.75,7539.75,7540.0,56.0
2019-06-18 01:01,7540.25,7541.5,7540.25,7541.0,36.0
2019-06-18 01:02,7541.0,7545.5,7541.0,7545.0,140.0
2019-06-18 01:03,7545.0,7547.25,7545.0,7547.25,108.0
2019-06-18 01:04,7547.0,7547.25,7545.75,7545.75,47.0
2019-06-18 01:05,7546.25,7546.5,7544.0,7544.0,50.0
2019-06-18 01:06,7544.25,7544.75,7544.0,7544.25,68.0
2019-06-18 01:07,7544.25,7544.75,7544.0,7544.0,25.0
2019-06-18 01:08,7544.5,7545.5,7544.25,7545.25,18.0
2019-06-18 01:09,7545.25,7545.25,7544.25,7544.25,22.0
2019-06-18 01:10,7544.75,7545.25,7544.25,7544.25,20.0
2019-06-18 01:11,7544.25,7545.5,7544.25,7545.5,64.0
2019-06-18 01:12,7545.5,7546.25,7545.25,7545.5,33.0
2019-06-18 01:13,7546.0,7546.25,7545.75,7545.75,14.0
2019-06-18 01:14,7545.25,7546.25,7543.75,7545.0,132.0
2019-06-18 01:15,7545.5,7548.25,7545.5,7547.75,108.0
2019-06-18 01:16,7548.0,7548.5,7546.5,7547.25,171.0
2019-06-18 01:17,7547.5,7547.75,7546.0,7546.75,17.0
2019-06-18 01:18,7546.5,7547.25,7545.25,7547.25,116.0
2019-06-18 01:19,7546.75,7547.0,7546.75,7546.75,8.0
2019-06-18 01:20,7547.25,7547.5,7546.0,7546.5,32.0
2019-06-18 01:21,7546.25,7547.75,7545.0,7546.0,140.0
2019-06-18 01:22,7546.75,7547.0,7545.5,7546.25,19.0
2019-06-18 01:23,7546.5,7547.0,7545.75,7546.25,57.0
2019-06-18 01:24,7546.0,7546.5,7544.75,7546.5,67.0
2019-06-18 01:25,7546.5,7548.0,7546.25,7546.75,68.0
2019-06-18 01:26,7547.0,7547.25,7545.5,7547.25,68.0
2019-06-18 01:27,7547.5,7548.0,7547.25,7548.0,17.0
2019-06-18 01:28,7548.0,7548.75,7547.75,7548.25,61.0
2019-06-18 01:29,7548.25,7548.25,7546.75,7547.0,17.0
2019-06-18 01:30,7546.75,7546.75,7544.5,7545.25,58.0
2019-06-18 01:31,7545.25,7546.5,7544.75,7544.75,39.0
2019-06-18 01:32,7544.75,7547.25,7544.0,7547.25,101.0
2019-06-18 01:33,7547.25,7548.5,7547.0,7547.0,51.0
2019-06-18 01:34,7547.0,7547.0,7545.5,7546.0,61.0
2019-06-18 01:35,7546.75,7546.75,7544.5,7545.0,46.0
2019-06-18 01:36,7545.0,7545.75,7543.5,7543.75,77.0
2019-06-18 01:37,7543.75,7544.0,7542.0,7542.25,105.0
2019-06-18 01:38,7542.0,7542.5,7541.5,7541.75,66.0
2019-06-18 01:39,7541.5,7541.5,7540.25,7540.5,91.0
2019-06-18 01:40,7540.75,7540.75,7539.5,7540.5,64.0
2019-06-18 01:41,7540.5,7541.25,7539.5,7541.25,87.0
2019-06-18 01:42,7540.75,7541.0,7540.5,7541.0,11.0
2019-06-18 01:43,7541.0,7542.25,7541.0,7541.75,54.0
2019-06-18 01:44,7541.5,7542.25,7540.5,7541.75,84.0
2019-06-18 01:45,7541.75,7542.0,7540.5,7540.5,36.0
2019-06-18 01:46,7540.75,7541.25,7540.5,7541.25,28.0
2019-06-18 01:47,7541.0,7541.25,7539.0,7539.25,41.0
2019-06-18 01:48,7539.0,7539.75,7538.0,7538.5,63.0
2019-06-18 01:49,7538.25,7539.5,7538.0,7538.25,62.0
2019-06-18 01:50,7538.0,7539.0,7538.0,7538.75,76.0
2019-06-18 01:51,7538.5,7538.75,7537.5,7538.0,58.0
2019-06-18 01:52,7537.75,7539.0,7537.75,7538.5,64.0
2019-06-18 01:53,7538.5,7539.25,7538.5,7539.0,42.0
2019-06-18 01:54,7538.75,7539.0,7538.25,7538.75,21.0
2019-06-18 01:55,7538.75,7540.0,7538.75,7539.0,44.0
2019-06-18 01:56,7539.0,7541.0,7539.0,7541.0,47.0
2019-06-18 01:57,7541.25,7541.25,7540.75,7540.75,33.0
2019-06-18 01:58,7541.0,7542.0,7540.75,7541.25,97.0
2019-06-18 01:59,7541.5,7541.5,7540.25,7540.75,28.0
2019-06-18 02:00,7540.75,7541.0,7540.25,7541.0,14.0
2019-06-18 02:01,7540.5,7540.5,7539.75,7539.75,27.0
2019-06-18 02:02,7539.5,7540.0,7539.25,7540.0,58.0
2019-06-18 02:03,7540.0,7542.75,7540.0,7542.5,56.0
2019-06-18 02:04,7542.75,7543.0,7542.0,7543.0,48.0
2019-06-18 02:05,7543.0,7543.5,7542.0,7542.5,53.0
2019-06-18 02:06,7542.75,7543.25,7542.75,7543.0,35.0
2019-06-18 02:07,7543.25,7543.25,7542.75,7543.0,30.0
2019-06-18 02:08,7543.0,7543.25,7542.75,7543.0,21.0
2019-06-18 02:09,7543.0,7545.0,7543.0,7543.75,67.0
2019-06-18 02:10,7543.75,7545.0,7543.75,7544.75,68.0
2019-06-18 02:11,7545.0,7546.5,7545.0,7546.0,57.0
2019-06-18 02:12,7546.25,7546.75,7545.0,7545.0,39.0
2019-06-18 02:13,7544.75,7545.0,7544.0,7544.0,31.0
2019-06-18 02:14,7544.0,7544.5,7543.75,7544.0,41.0
2019-06-18 02:15,7544.25,7545.25,7544.25,7544.5,34.0
2019-06-18 02:16,7544.75,7545.5,7544.75,7545.0,11.0
2019-06-18 02:17,7545.0,7545.0,7544.25,7544.5,22.0
2019-06-18 02:18,7544.5,7545.75,7544.5,7545.75,22.0
2019-06-18 02:19,7545.75,7545.75,7545.0,7545.25,22.0
2019-06-18 02:20,7545.25,7547.25,7545.25,7547.0,64.0
2019-06-18 02:21,7546.5,7547.0,7545.5,7546.25,42.0
2019-06-18 02:22,7546.25,7546.75,7546.25,7546.5,20.0
2019-06-18 02:23,7546.25,7547.25,7546.25,7546.5,39.0
2019-06-18 02:24,7546.75,7547.25,7546.75,7547.25,27.0
2019-06-18 02:25,7547.5,7547.5,7547.0,7547.25,45.0
2019-06-18 02:26,7546.75,7547.25,7546.25,7546.25,20.0
2019-06-18 02:27,7546.5,7547.0,7545.5,7546.0,44.0
2019-06-18 02:28,7546.5,7547.25,7546.5,7547.25,12.0
2019-06-18 02:29,7547.0,7547.0,7546.25,7547.0,20.0
2019-06-18 02:30,7547.0,7547.0,7545.75,7546.0,35.0
2019-06-18 02:31,7546.25,7546.5,7545.75,7545.75,21.0
2019-06-18 02:32,7545.75,7546.0,7545.75,7546.0,10.0
2019-06-18 02:33,7545.5,7545.75,7545.25,7545.5,7.0
2019-06-18 02:34,7545.5,7545.75,7544.5,7544.5,40.0
2019-06-18 02:35,7544.5,7544.5,7543.25,7544.25,81.0
2019-06-18 02:36,7544.75,7545.75,7544.5,7545.5,31.0
2019-06-18 02:37,7545.5,7546.0,7545.25,7545.75,44.0
2019-06-18 02:38,7545.5,7546.0,7545.0,7545.5,16.0
2019-06-18 02:39,7545.25,7546.25,7545.25,7546.0,27.0
2019-06-18 02:40,7546.75,7547.25,7546.25,7547.0,30.0
2019-06-18 02:41,7546.75,7547.5,7546.75,7547.25,14.0
2019-06-18 02:42,7547.5,7548.0,7546.75,7547.0,31.0
2019-06-18 02:43,7547.25,7547.25,7546.5,7546.5,12.0
2019-06-18 02:44,7546.75,7547.0,7546.0,7546.25,11.0
2019-06-18 02:45,7546.75,7547.0,7546.75,7546.75,13.0
2019-06-18 02:46,7546.5,7546.75,7546.5,7546.75,5.0
2019-06-18 02:47,7546.5,7546.5,7546.25,7546.25,4.0
2019-06-18 02:48,7546.5,7547.0,7546.25,7546.5,21.0
2019-06-18 02:49,7546.75,7547.25,7546.75,7547.25,25.0
2019-06-18 02:50,7547.25,7547.5,7545.75,7546.0,38.0
2019-06-18 02:51,7545.75,7545.75,7545.25,7545.5,24.0
2019-06-18 02:52,7545.75,7545.75,7545.5,7545.75,11.0
2019-06-18 02:53,7545.5,7546.0,7544.5,7545.0,62.0
2019-06-18 02:54,7545.0,7545.5,7545.0,7545.5,16.0
2019-06-18 02:55,7545.5,7545.75,7544.5,7545.0,65.0
2019-06-18 02:56,7545.0,7545.5,7545.0,7545.0,19.0
2019-06-18 02:57,7545.0,7545.0,7543.75,7544.0,37.0
2019-06-18 02:58,7544.75,7545.75,7544.5,7545.75,30.0
2019-06-18 02:59,7546.0,7546.25,7545.75,7546.0,21.0
2019-06-18 03:00,7546.0,7546.75,7546.0,7546.25,32.0
2019-06-18 03:01,7546.75,7546.75,7546.25,7546.25,13.0
2019-06-18 03:02,7546.5,7546.75,7546.0,7546.5,24.0
2019-06-18 03:03,7546.5,7547.5,7546.5,7546.75,34.0
2019-06-18 03:04,7547.0,7548.0,7547.0,7547.75,38.0
2019-06-18 03:05,7547.75,7548.0,7547.5,7547.5,29.0
2019-06-18 03:06,7547.5,7547.75,7546.75,7546.75,17.0
2019-06-18 03:07,7546.5,7546.75,7546.25,7546.75,8.0
2019-06-18 03:08,7546.75,7547.25,7546.25,7546.25,14.0
2019-06-18 03:09,7546.25,7546.25,7545.25,7545.25,28.0
2019-06-18 03:10,7545.5,7546.0,7545.5,7546.0,13.0
2019-06-18 03:11,7545.25,7546.0,7545.25,7546.0,12.0
2019-06-18 03:12,7545.75,7546.0,7544.5,7544.75,25.0
2019-06-18 03:13,7545.25,7545.75,7545.25,7545.25,30.0
2019-06-18 03:14,7545.0,7545.0,7544.75,7545.0,10.0
2019-06-18 03:15,7544.75,7545.25,7543.5,7543.75,27.0
2019-06-18 03:16,7543.25,7544.0,7542.75,7544.0,29.0
2019-06-18 03:17,7543.75,7544.0,7543.5,7543.75,15.0
2019-06-18 03:18,7543.25,7543.5,7543.0,7543.5,6.0
2019-06-18 03:19,7543.25,7543.5,7542.5,7543.5,6.0
2019-06-18 03:20,7544.0,7544.0,7543.75,7544.0,5.0
2019-06-18 03:21,7544.0,7544.0,7543.75,7543.75,8.0
2019-06-18 03:22,7543.75,7543.75,7543.5,7543.5,4.0
2019-06-18 03:23,7544.0,7544.0,7543.75,7543.75,4.0
2019-06-18 03:24,7543.0,7543.0,7543.0,7543.0,1.0
2019-06-18 03:25,7543.0,7543.5,7543.0,7543.5,5.0
2019-06-18 03:26,7543.0,7544.0,7543.0,7543.75,10.0
2019-06-18 03:27,7543.75,7543.75,7543.25,7543.25,4.0
2019-06-18 03:28,7543.0,7543.0,7543.0,7543.0,10.0
2019-06-18 03:29,7543.0,7543.25,7542.25,7542.25,27.0
2019-06-18 03:30,7542.25,7542.25,7541.75,7542.25,13.0
2019-06-18 03:31,7542.0,7542.0,7541.25,7541.25,14.0
2019-06-18 03:32,7540.75,7541.25,7540.0,7540.75,49.0
2019-06-18 03:33,7540.75,7540.75,7540.5,7540.5,9.0
2019-06-18 03:34,7540.5,7540.75,7540.0,7540.5,34.0
2019-06-18 03:35,7540.5,7540.75,7540.25,7540.75,11.0
2019-06-18 03:36,7540.75,7540.75,7540.5,7540.75,5.0
2019-06-18 03:37,7540.75,7540.75,7540.25,7540.25,21.0
2019-06-18 03:38,7540.25,7540.5,7540.0,7540.25,10.0
2019-06-18 03:39,7540.0,7540.0,7539.5,7539.5,26.0
2019-06-18 03:40,7539.5,7539.75,7539.25,7539.5,9.0
2019-06-18 03:41,7539.5,7540.0,7539.5,7539.75,11.0
2019-06-18 03:42,7539.75,7540.0,7539.75,7539.75,24.0
2019-06-18 03:43,7539.5,7539.75,7539.25,7539.5,21.0
2019-06-18 03:44,7539.0,7539.25,7538.0,7538.0,15.0
2019-06-18 03:45,7537.75,7538.0,7537.75,7538.0,7.0
2019-06-18 03:46,7538.25,7538.75,7538.0,7538.0,28.0
2019-06-18 03:47,7538.0,7538.5,7538.0,7538.25,7.0
2019-06-18 03:48,7538.25,7538.5,7537.75,7537.75,23.0
2019-06-18 03:49,7538.0,7539.75,7538.0,7539.75,28.0
2019-06-18 03:50,7539.5,7539.75,7539.0,7539.5,25.0
2019-06-18 03:51,7539.75,7540.0,7539.0,7539.0,32.0
2019-06-18 03:52,7539.0,7539.0,7538.25,7539.0,16.0
2019-06-18 03:53,7539.0,7539.25,7539.0,7539.0,7.0
2019-06-18 03:55,7539.5,7540.0,7539.5,7539.5,11.0
2019-06-18 03:56,7539.5,7539.75,7539.25,7539.75,4.0
2019-06-18 03:57,7539.75,7539.75,7539.25,7539.25,11.0
2019-06-18 03:58,7539.5,7539.5,7539.5,7539.5,4.0
2019-06-18 03:59,7539.5,7540.0,7539.5,7539.75,10.0
2019-06-18 04:00,7539.75,7540.5,7539.5,7539.5,23.0
2019-06-18 04:01,7540.0,7540.0,7540.0,7540.0,1.0
2019-06-18 04:02,7539.75,7540.0,7539.75,7539.75,4.0
2019-06-18 04:03,7539.75,7539.75,7539.25,7539.25,10.0
2019-06-18 04:04,7539.25,7539.5,7539.0,7539.0,14.0
2019-06-18 04:05,7539.0,7539.5,7538.75,7539.0,25.0
2019-06-18 04:06,7538.75,7538.75,7537.75,7537.75,32.0
2019-06-18 04:07,7538.0,7538.0,7536.75,7537.0,23.0
2019-06-18 04:08,7537.25,7537.25,7537.0,7537.0,10.0
2019-06-18 04:09,7537.0,7537.5,7537.0,7537.25,13.0
2019-06-18 04:10,7536.75,7537.25,7536.75,7537.0,12.0
2019-06-18 04:11,7537.25,7537.5,7537.25,7537.5,6.0
2019-06-18 04:12,7538.0,7538.0,7537.5,7537.5,16.0
2019-06-18 04:13,7537.5,7538.0,7537.5,7537.75,8.0
2019-06-18 04:14,7537.75,7537.75,7537.25,7537.25,8.0
2019-06-18 04:15,7537.25,7537.5,7537.25,7537.5,10.0
2019-06-18 04:16,7537.5,7537.5,7537.25,7537.5,3.0
2019-06-18 04:17,7537.5,7537.5,7536.75,7537.0,13.0
2019-06-18 04:18,7537.0,7537.5,7537.0,7537.5,7.0
2019-06-18 04:19,7537.25,7537.25,7536.5,7536.5,15.0
2019-06-18 04:20,7536.5,7537.0,7536.25,7537.0,28.0
2019-06-18 04:21,7537.0,7537.5,7536.75,7537.5,17.0
2019-06-18 04:22,7537.5,7538.25,7537.25,7538.0,33.0
2019-06-18 04:23,7538.25,7538.5,7538.0,7538.5,9.0
2019-06-18 04:24,7538.5,7538.5,7538.0,7538.0,7.0
2019-06-18 04:25,7538.0,7538.5,7538.0,7538.25,18.0
2019-06-18 04:26,7538.25,7538.75,7538.0,7538.25,23.0
2019-06-18 04:27,7538.0,7538.0,7537.25,7537.25,12.0
2019-06-18 04:28,7537.75,7538.0,7537.75,7537.75,6.0
2019-06-18 04:29,7537.75,7538.25,7537.75,7538.25,12.0
2019-06-18 04:30,7538.25,7538.5,7537.75,7538.25,23.0
2019-06-18 04:31,7538.5,7538.5,7538.25,7538.25,8.0
2019-06-18 04:32,7538.75,7539.0,7538.5,7539.0,6.0
2019-06-18 04:33,7538.75,7538.75,7538.0,7538.0,15.0
2019-06-18 04:34,7537.75,7538.0,7537.25,7537.5,19.0
2019-06-18 04:35,7538.0,7538.0,7538.0,7538.0,1.0
2019-06-18 04:36,7537.75,7537.75,7536.75,7536.75,24.0
2019-06-18 04:37,7536.25,7536.25,7535.75,7536.0,21.0
2019-06-18 04:38,7536.25,7536.25,7536.0,7536.25,10.0
2019-06-18 04:39,7536.0,7536.0,7535.5,7535.5,10.0
2019-06-18 04:40,7535.5,7535.75,7535.25,7535.5,16.0
2019-06-18 04:41,7535.5,7537.25,7535.5,7536.5,18.0
2019-06-18 04:42,7536.5,7536.75,7536.0,7536.25,22.0
2019-06-18 04:43,7536.25,7536.25,7536.0,7536.0,7.0
2019-06-18 04:44,7536.0,7536.0,7536.0,7536.0,7.0
2019-06-18 04:45,7536.0,7536.25,7535.75,7536.0,18.0
2019-06-18 04:46,7536.25,7536.5,7536.25,7536.5,12.0
2019-06-18 04:47,7536.25,7537.0,7536.25,7536.5,34.0
2019-06-18 04:48,7537.0,7538.0,7537.0,7537.0,38.0
2019-06-18 04:49,7537.25,7537.5,7537.0,7537.25,10.0
2019-06-18 04:50,7537.5,7537.5,7537.25,7537.5,12.0
2019-06-18 04:51,7537.25,7538.25,7537.25,7538.25,28.0
2019-06-18 04:52,7538.0,7538.0,7537.5,7537.5,7.0
2019-06-18 04:54,7538.0,7538.5,7538.0,7538.5,11.0
2019-06-18 04:55,7538.25,7538.25,7538.0,7538.0,3.0
2019-06-18 04:56,7537.75,7538.5,7537.75,7538.5,9.0
2019-06-18 04:57,7538.0,7539.25,7538.0,7539.25,20.0
2019-06-18 04:58,7539.25,7539.25,7538.5,7539.0,12.0
2019-06-18 04:59,7539.25,7539.5,7539.0,7539.25,18.0
2019-06-18 05:00,7539.5,7539.75,7539.25,7539.75,9.0
2019-06-18 05:01,7539.5,7539.5,7538.75,7538.75,7.0
2019-06-18 05:02,7538.5,7539.0,7538.25,7538.5,8.0
2019-06-18 05:03,7538.75,7539.5,7538.5,7539.5,14.0
2019-06-18 05:04,7539.75,7541.5,7539.75,7541.25,79.0
2019-06-18 05:05,7541.5,7541.5,7540.0,7540.5,25.0
2019-06-18 05:06,7540.75,7540.75,7540.25,7540.25,7.0
2019-06-18 05:07,7540.0,7540.0,7539.25,7539.5,17.0
2019-06-18 05:08,7539.25,7539.5,7538.75,7538.75,9.0
2019-06-18 05:09,7539.0,7539.5,7538.5,7539.25,62.0
2019-06-18 05:10,7539.25,7539.25,7538.25,7538.25,10.0
2019-06-18 05:11,7538.25,7538.5,7537.75,7538.5,16.0
2019-06-18 05:12,7538.5,7538.5,7537.5,7537.75,25.0
2019-06-18 05:13,7537.25,7537.25,7536.75,7537.25,17.0
2019-06-18 05:14,7537.25,7537.75,7537.25,7537.25,12.0
2019-06-18 05:15,7537.25,7537.25,7536.0,7536.0,29.0
2019-06-18 05:16,7535.75,7535.75,7535.5,7535.75,8.0
2019-06-18 05:17,7535.75,7535.75,7535.0,7535.0,16.0
2019-06-18 05:18,7535.0,7535.0,7533.5,7533.5,44.0
2019-06-18 05:19,7533.5,7534.25,7532.75,7534.25,47.0
2019-06-18 05:20,7534.25,7534.25,7533.25,7533.5,21.0
2019-06-18 05:21,7533.25,7533.25,7531.25,7532.75,76.0
2019-06-18 05:22,7532.75,7533.0,7531.0,7532.25,46.0
2019-06-18 05:23,7532.25,7532.5,7531.75,7532.5,25.0
2019-06-18 05:24,7532.5,7532.5,7531.25,7531.75,35.0
2019-06-18 05:25,7531.5,7531.5,7530.5,7530.75,52.0
2019-06-18 05:26,7530.25,7530.5,7529.0,7530.0,63.0
2019-06-18 05:27,7530.0,7530.5,7529.75,7530.25,28.0
2019-06-18 05:28,7530.75,7531.0,7530.25,7530.5,24.0
2019-06-18 05:29,7530.5,7531.75,7530.25,7531.75,26.0
2019-06-18 05:30,7531.75,7532.75,7531.25,7532.0,49.0
2019-06-18 05:31,7532.0,7533.0,7532.0,7532.5,18.0
2019-06-18 05:32,7532.5,7532.75,7532.25,7532.5,15.0
2019-06-18 05:33,7532.25,7532.25,7531.75,7532.0,19.0
2019-06-18 05:34,7532.25,7532.75,7532.0,7532.5,19.0
2019-06-18 05:35,7532.25,7532.5,7532.0,7532.25,23.0
2019-06-18 05:36,7532.25,7532.25,7531.5,7531.75,36.0
2019-06-18 05:37,7531.75,7532.5,7531.75,7532.0,15.0
2019-06-18 05:38,7531.75,7532.0,7531.0,7531.75,28.0
2019-06-18 05:39,7532.25,7533.25,7531.75,7533.25,31.0
2019-06-18 05:40,7533.0,7533.25,7532.5,7533.0,16.0
2019-06-18 05:41,7533.0,7533.0,7531.75,7531.75,23.0
2019-06-18 05:42,7531.5,7531.5,7531.0,7531.25,19.0
2019-06-18 05:43,7531.0,7531.0,7530.0,7530.0,22.0
2019-06-18 05:44,7529.75,7530.5,7529.75,7530.0,14.0
2019-06-18 05:45,7530.0,7531.0,7529.5,7531.0,24.0
2019-06-18 05:46,7530.75,7530.75,7530.0,7530.75,21.0
2019-06-18 05:47,7530.75,7531.75,7530.75,7531.5,20.0
2019-06-18 05:48,7531.5,7532.5,7531.25,7532.5,39.0
2019-06-18 05:49,7532.5,7533.5,7532.0,7533.25,62.0
2019-06-18 05:50,7533.5,7534.5,7533.5,7534.25,29.0
2019-06-18 05:51,7534.25,7534.75,7534.25,7534.25,25.0
2019-06-18 05:52,7534.75,7534.75,7534.75,7534.75,18.0
2019-06-18 05:53,7534.5,7534.5,7533.75,7533.75,31.0
2019-06-18 05:54,7533.75,7534.25,7533.75,7533.75,7.0
2019-06-18 05:55,7534.0,7534.25,7533.75,7534.25,10.0
2019-06-18 05:56,7534.0,7534.0,7533.25,7534.0,25.0
2019-06-18 05:57,7534.5,7534.5,7533.75,7533.75,20.0
2019-06-18 05:58,7534.0,7534.0,7533.75,7533.75,9.0
2019-06-18 05:59,7534.0,7534.25,7533.75,7533.75,21.0
2019-06-18 06:00,7534.0,7534.25,7533.0,7534.0,59.0
2019-06-18 06:01,7534.0,7535.25,7533.75,7535.0,36.0
2019-06-18 06:02,7535.25,7535.25,7534.75,7534.75,30.0
2019-06-18 06:03,7535.0,7535.75,7534.75,7535.75,19.0
2019-06-18 06:04,7536.0,7536.25,7535.5,7535.5,35.0
2019-06-18 06:05,7535.5,7535.75,7535.0,7535.25,50.0
2019-06-18 06:06,7535.25,7535.5,7534.25,7534.75,35.0
2019-06-18 06:07,7534.5,7534.75,7534.25,7534.5,10.0
2019-06-18 06:08,7534.75,7534.75,7534.25,7534.25,13.0
2019-06-18 06:09,7534.5,7535.25,7534.5,7535.0,10.0
2019-06-18 06:10,7535.5,7536.75,7535.25,7536.25,42.0
2019-06-18 06:11,7536.25,7536.75,7535.75,7536.5,16.0
2019-06-18 06:12,7536.25,7536.75,7536.0,7536.25,28.0
2019-06-18 06:13,7536.25,7537.25,7536.25,7537.25,34.0
2019-06-18 06:14,7537.5,7537.5,7536.5,7536.5,24.0
2019-06-18 06:15,7537.0,7537.5,7537.0,7537.25,16.0
2019-06-18 06:16,7537.0,7537.0,7536.0,7536.25,15.0
2019-06-18 06:17,7536.25,7536.75,7536.25,7536.5,13.0
2019-06-18 06:18,7536.25,7536.25,7536.0,7536.0,17.0
2019-06-18 06:19,7536.0,7536.25,7536.0,7536.25,10.0
2019-06-18 06:20,7536.25,7536.25,7535.25,7536.25,35.0
2019-06-18 06:21,7536.25,7537.5,7536.25,7537.25,31.0
2019-06-18 06:22,7537.25,7537.5,7536.5,7537.5,18.0
2019-06-18 06:23,7537.5,7539.0,7537.25,7537.5,54.0
2019-06-18 06:24,7537.75,7539.0,7537.5,7539.0,37.0
2019-06-18 06:25,7539.0,7539.25,7538.5,7538.75,28.0
2019-06-18 06:26,7538.5,7538.75,7538.5,7538.5,21.0
2019-06-18 06:27,7538.75,7539.25,7538.25,7539.0,44.0
2019-06-18 06:28,7539.0,7539.0,7538.75,7539.0,17.0
2019-06-18 06:29,7539.0,7539.0,7538.75,7539.0,20.0
2019-06-18 06:30,7539.0,7539.0,7537.75,7538.0,23.0
2019-06-18 06:31,7538.25,7538.5,7538.0,7538.5,10.0
2019-06-18 06:32,7539.0,7539.75,7539.0,7539.5,20.0
2019-06-18 06:33,7539.75,7540.0,7539.75,7540.0,34.0
2019-06-18 06:34,7539.75,7540.5,7539.5,7539.5,27.0
2019-06-18 06:35,7539.5,7539.5,7539.0,7539.25,26.0
2019-06-18 06:36,7540.0,7540.5,7540.0,7540.0,27.0
2019-06-18 06:37,7540.0,7540.5,7540.0,7540.0,30.0
2019-06-18 06:38,7540.25,7540.5,7539.5,7539.75,23.0
2019-06-18 06:39,7539.5,7540.0,7539.5,7540.0,15.0
2019-06-18 06:40,7540.0,7540.5,7539.5,7539.75,33.0
2019-06-18 06:41,7539.75,7540.25,7539.75,7540.25,16.0
2019-06-18 06:42,7540.25,7541.0,7540.0,7540.5,52.0
2019-06-18 06:43,7540.5,7540.75,7539.75,7539.75,25.0
2019-06-18 06:44,7539.75,7540.5,7539.75,7540.25,14.0
2019-06-18 06:45,7540.5,7541.0,7540.0,7540.25,18.0
2019-06-18 06:46,7540.25,7540.75,7539.75,7539.75,6.0
2019-06-18 06:47,7539.5,7540.25,7539.5,7540.25,14.0
2019-06-18 06:48,7540.25,7541.0,7540.0,7541.0,27.0
2019-06-18 06:49,7541.0,7541.25,7539.75,7539.75,36.0
2019-06-18 06:50,7540.0,7540.0,7539.75,7540.0,24.0
2019-06-18 06:51,7540.0,7540.75,7540.0,7540.75,11.0
2019-06-18 06:52,7540.5,7541.0,7540.5,7540.75,6.0
2019-06-18 06:53,7540.75,7540.75,7540.0,7540.0,11.0
2019-06-18 06:54,7540.0,7540.5,7539.5,7539.5,17.0
2019-06-18 06:55,7539.5,7540.25,7539.5,7540.25,8.0
2019-06-18 06:56,7540.25,7540.75,7540.25,7540.75,13.0
2019-06-18 06:57,7540.5,7540.75,7539.25,7539.5,36.0
2019-06-18 06:58,7539.75,7539.75,7539.0,7539.0,31.0
2019-06-18 06:59,7539.25,7539.75,7539.25,7539.5,13.0
2019-06-18 07:00,7539.5,7541.0,7538.75,7539.25,87.0
2019-06-18 07:01,7539.25,7539.25,7538.0,7538.25,104.0
2019-06-18 07:02,7538.75,7540.0,7537.5,7539.25,111.0
2019-06-18 07:03,7539.75,7539.75,7538.5,7538.5,7.0
2019-06-18 07:04,7538.0,7539.25,7538.0,7538.75,17.0
2019-06-18 07:05,7538.75,7538.75,7537.0,7538.5,96.0
2019-06-18 07:06,7538.0,7538.0,7536.25,7537.0,37.0
2019-06-18 07:07,7536.75,7537.5,7536.5,7536.5,41.0
2019-06-18 07:08,7536.5,7536.5,7534.5,7534.5,145.0
2019-06-18 07:09,7534.25,7535.5,7533.5,7534.0,152.0
2019-06-18 07:10,7533.75,7534.75,7532.75,7533.5,80.0
2019-06-18 07:11,7533.5,7533.75,7530.75,7530.75,64.0
2019-06-18 07:12,7530.5,7530.5,7527.25,7527.5,189.0
2019-06-18 07:13,7527.5,7530.25,7527.0,7529.25,273.0
2019-06-18 07:14,7529.25,7529.25,7524.25,7524.5,159.0
2019-06-18 07:15,7524.25,7524.5,7523.0,7524.5,118.0
2019-06-18 07:16,7524.5,7525.25,7521.75,7523.25,195.0
2019-06-18 07:17,7523.0,7525.0,7521.5,7524.5,95.0
2019-06-18 07:18,7524.5,7528.0,7524.5,7526.75,144.0
2019-06-18 07:19,7526.75,7527.75,7525.0,7525.0,70.0
2019-06-18 07:20,7525.25,7525.25,7520.0,7521.25,163.0
2019-06-18 07:21,7521.5,7524.25,7521.0,7523.75,73.0
2019-06-18 07:22,7523.5,7524.5,7523.25,7524.25,75.0
2019-06-18 07:23,7524.0,7525.5,7523.0,7525.0,47.0
2019-06-18 07:24,7525.0,7525.0,7523.5,7524.5,54.0
2019-06-18 07:25,7524.5,7524.5,7519.25,7521.25,79.0
2019-06-18 07:26,7520.5,7523.5,7520.5,7523.25,34.0
2019-06-18 07:27,7523.25,7523.5,7521.5,7521.5,12.0
2019-06-18 07:28,7521.25,7523.5,7521.0,7523.25,33.0
2019-06-18 07:29,7522.75,7524.5,7522.25,7524.5,54.0
2019-06-18 07:30,7524.25,7525.25,7521.0,7521.25,110.0
2019-06-18 07:31,7522.25,7522.25,7520.25,7521.5,28.0
2019-06-18 07:32,7521.25,7522.75,7521.25,7522.5,20.0
2019-06-18 07:33,7522.0,7522.25,7521.25,7522.25,59.0
2019-06-18 07:34,7522.0,7526.0,7522.0,7524.25,60.0
2019-06-18 07:35,7524.5,7525.0,7523.25,7524.0,76.0
2019-06-18 07:36,7524.0,7524.0,7523.25,7523.75,30.0
2019-06-18 07:37,7523.75,7523.75,7523.0,7523.5,43.0
2019-06-18 07:38,7523.5,7523.5,7521.5,7522.25,28.0
2019-06-18 07:39,7522.0,7523.0,7521.25,7522.75,24.0
2019-06-18 07:40,7523.0,7523.0,7521.75,7521.75,12.0
2019-06-18 07:41,7521.5,7521.5,7520.0,7520.25,82.0
2019-06-18 07:42,7520.25,7520.75,7516.5,7517.0,166.0
2019-06-18 07:43,7516.0,7520.25,7514.75,7520.25,204.0
2019-06-18 07:44,7520.0,7521.25,7519.75,7519.75,67.0
2019-06-18 07:45,7519.75,7520.75,7519.0,7520.5,44.0
2019-06-18 07:46,7520.25,7520.5,7519.0,7520.25,23.0
2019-06-18 07:47,7520.75,7524.0,7520.75,7523.75,42.0
2019-06-18 07:48,7523.75,7525.0,7523.25,7523.75,39.0
2019-06-18 07:49,7523.25,7523.5,7521.25,7522.5,23.0
2019-06-18 07:50,7521.75,7525.0,7521.75,7524.5,52.0
2019-06-18 07:51,7523.5,7524.25,7521.75,7524.25,50.0
2019-06-18 07:52,7523.25,7523.25,7522.0,7522.25,32.0
2019-06-18 07:53,7522.0,7523.0,7521.5,7522.0,22.0
2019-06-18 07:54,7522.5,7523.5,7521.75,7523.5,22.0
2019-06-18 07:55,7522.75,7523.0,7519.75,7519.75,103.0
2019-06-18 07:56,7519.5,7520.25,7518.75,7519.5,61.0
2019-06-18 07:57,7520.0,7520.25,7519.0,7520.25,37.0
2019-06-18 07:58,7520.25,7521.0,7519.75,7521.0,13.0
2019-06-18 07:59,7520.75,7522.75,7520.75,7522.75,37.0
2019-06-18 08:00,7522.5,7523.0,7520.5,7521.0,61.0
2019-06-18 08:01,7520.75,7525.75,7519.25,7525.75,122.0
2019-06-18 08:02,7525.0,7526.75,7523.5,7524.5,98.0
2019-06-18 08:03,7525.0,7525.25,7523.75,7524.25,30.0
2019-06-18 08:04,7524.0,7526.0,7523.75,7524.75,70.0
2019-06-18 08:05,7525.25,7525.75,7522.0,7522.75,47.0
2019-06-18 08:06,7523.25,7526.75,7523.25,7525.5,36.0
2019-06-18 08:07,7525.75,7528.0,7525.0,7527.75,38.0
2019-06-18 08:08,7527.5,7529.0,7526.5,7528.0,53.0
2019-06-18 08:09,7528.25,7529.5,7527.5,7528.5,55.0
2019-06-18 08:10,7529.25,7532.75,7528.25,7532.5,165.0
2019-06-18 08:11,7532.25,7537.0,7531.75,7536.25,254.0
2019-06-18 08:12,7536.25,7536.75,7533.5,7534.25,102.0
2019-06-18 08:13,7535.0,7538.5,7534.5,7538.5,89.0
2019-06-18 08:14,7538.0,7541.75,7538.0,7539.5,270.0
2019-06-18 08:15,7539.75,7544.5,7539.75,7544.25,169.0
2019-06-18 08:16,7544.5,7552.0,7544.0,7550.75,372.0
2019-06-18 08:17,7550.75,7555.0,7549.25,7553.0,235.0
2019-06-18 08:18,7553.5,7563.5,7553.5,7559.75,473.0
2019-06-18 08:19,7559.5,7560.25,7557.75,7557.75,288.0
2019-06-18 08:20,7557.5,7565.25,7557.5,7563.75,314.0
2019-06-18 08:21,7564.25,7569.0,7564.0,7568.75,293.0
2019-06-18 08:22,7569.0,7570.25,7564.25,7565.75,246.0
2019-06-18 08:23,7565.25,7566.25,7563.75,7565.25,130.0
2019-06-18 08:24,7565.25,7569.25,7565.0,7568.5,86.0
2019-06-18 08:25,7568.0,7572.5,7568.0,7571.5,190.0
2019-06-18 08:26,7572.25,7580.0,7572.25,7577.0,508.0
2019-06-18 08:27,7577.5,7578.75,7572.5,7574.25,179.0
2019-06-18 08:28,7574.25,7576.0,7572.75,7575.0,124.0
2019-06-18 08:29,7575.0,7575.75,7572.0,7575.0,197.0
2019-06-18 08:30,7574.5,7576.0,7574.0,7574.0,108.0
2019-06-18 08:31,7574.5,7574.75,7572.75,7574.0,73.0
2019-06-18 08:32,7574.0,7576.5,7572.0,7575.25,90.0
2019-06-18 08:33,7575.5,7577.5,7574.0,7574.5,109.0
2019-06-18 08:34,7575.5,7575.5,7573.0,7573.75,34.0
2019-06-18 08:35,7574.75,7575.5,7574.5,7575.5,76.0
2019-06-18 08:36,7575.75,7576.5,7573.75,7574.75,46.0
2019-06-18 08:37,7574.75,7574.75,7573.0,7574.0,63.0
2019-06-18 08:38,7573.5,7577.25,7573.5,7576.0,117.0
2019-06-18 08:39,7575.75,7576.5,7574.75,7574.75,43.0
2019-06-18 08:40,7575.5,7584.75,7575.5,7584.5,242.0
2019-06-18 08:41,7584.0,7584.0,7579.5,7581.75,195.0
2019-06-18 08:42,7582.0,7584.5,7581.5,7582.5,135.0
2019-06-18 08:43,7582.0,7587.0,7582.0,7587.0,147.0
2019-06-18 08:44,7587.0,7587.5,7583.0,7583.0,185.0
2019-06-18 08:45,7583.75,7584.0,7580.0,7580.0,92.0
2019-06-18 08:46,7580.0,7581.0,7578.25,7578.75,98.0
2019-06-18 08:47,7579.0,7579.25,7577.5,7578.25,119.0
2019-06-18 08:48,7577.75,7577.75,7575.25,7576.0,94.0
2019-06-18 08:49,7576.25,7577.25,7575.25,7577.25,62.0
2019-06-18 08:50,7576.75,7576.75,7572.25,7574.0,80.0
2019-06-18 08:51,7573.5,7573.5,7571.25,7571.5,93.0
2019-06-18 08:52,7571.75,7573.0,7567.25,7567.25,335.0
2019-06-18 08:53,7567.25,7571.0,7566.25,7569.5,192.0
2019-06-18 08:54,7569.75,7571.25,7569.25,7569.25,44.0
2019-06-18 08:55,7570.0,7572.5,7569.25,7570.5,135.0
2019-06-18 08:56,7571.25,7572.5,7569.25,7569.5,61.0
2019-06-18 08:57,7570.0,7570.75,7569.0,7570.25,34.0
2019-06-18 08:58,7571.5,7571.75,7570.75,7571.25,24.0
2019-06-18 08:59,7570.5,7574.0,7570.5,7573.0,102.0
2019-06-18 09:00,7573.0,7575.25,7572.25,7573.25,120.0
2019-06-18 09:01,7573.0,7575.0,7572.75,7574.25,26.0
2019-06-18 09:02,7574.5,7575.25,7574.0,7574.75,22.0
2019-06-18 09:03,7575.0,7575.75,7573.75,7574.25,67.0
2019-06-18 09:04,7574.5,7575.75,7574.0,7574.0,20.0
2019-06-18 09:05,7573.25,7574.5,7571.0,7572.0,83.0
2019-06-18 09:06,7572.75,7573.0,7569.75,7571.0,86.0
2019-06-18 09:07,7570.75,7571.25,7569.75,7571.0,27.0
2019-06-18 09:08,7570.5,7571.25,7570.0,7570.0,14.0
2019-06-18 09:09,7570.5,7572.75,7570.25,7571.5,95.0
2019-06-18 09:10,7572.25,7575.25,7572.25,7574.5,59.0
2019-06-18 09:11,7575.0,7578.0,7575.0,7577.75,124.0
2019-06-18 09:12,7578.0,7579.5,7574.5,7574.5,143.0
2019-06-18 09:13,7574.75,7574.75,7571.0,7571.0,79.0
2019-06-18 09:14,7571.0,7572.5,7571.0,7572.0,23.0
2019-06-18 09:15,7572.25,7575.0,7572.25,7575.0,37.0
2019-06-18 09:16,7574.75,7576.5,7574.5,7576.5,112.0
2019-06-18 09:17,7576.0,7579.5,7575.25,7579.0,68.0
2019-06-18 09:18,7579.25,7579.5,7578.75,7579.25,33.0
2019-06-18 09:19,7579.0,7579.25,7578.5,7578.75,16.0
2019-06-18 09:20,7579.0,7579.75,7576.75,7578.0,53.0
2019-06-18 09:21,7577.75,7578.0,7575.75,7575.75,31.0
2019-06-18 09:22,7576.0,7576.75,7575.25,7575.25,32.0
2019-06-18 09:23,7575.25,7579.0,7575.25,7578.75,73.0
2019-06-18 09:24,7578.25,7578.5,7577.25,7577.25,26.0
2019-06-18 09:25,7578.75,7579.25,7578.25,7578.5,19.0
2019-06-18 09:26,7578.25,7579.25,7578.0,7578.25,15.0
2019-06-18 09:27,7577.0,7577.5,7574.0,7574.75,35.0
2019-06-18 09:28,7575.5,7575.75,7575.0,7575.5,13.0
2019-06-18 09:29,7575.25,7575.75,7574.25,7574.25,27.0
2019-06-18 09:30,7574.75,7577.0,7574.75,7576.75,26.0
2019-06-18 09:31,7577.0,7577.25,7576.0,7576.0,22.0
2019-06-18 09:32,7576.0,7577.25,7573.25,7574.0,41.0
2019-06-18 09:33,7574.0,7575.0,7573.75,7574.75,16.0
2019-06-18 09:34,7574.5,7575.0,7574.0,7575.0,24.0
2019-06-18 09:35,7575.0,7575.0,7572.25,7572.25,59.0
2019-06-18 09:36,7572.25,7574.25,7572.0,7574.25,59.0
2019-06-18 09:37,7574.75,7575.75,7574.75,7574.75,36.0
2019-06-18 09:38,7574.5,7574.75,7574.25,7574.5,8.0
2019-06-18 09:39,7574.5,7575.75,7574.5,7575.75,12.0
2019-06-18 09:40,7575.25,7575.25,7574.25,7575.0,34.0
2019-06-18 09:41,7575.5,7576.0,7574.5,7574.75,12.0
2019-06-18 09:42,7574.75,7575.0,7574.25,7574.75,19.0
2019-06-18 09:43,7574.25,7574.5,7574.0,7574.5,11.0
2019-06-18 09:44,7575.0,7575.25,7574.25,7574.25,20.0
2019-06-18 09:45,7574.75,7576.0,7574.75,7575.0,18.0
2019-06-18 09:46,7574.75,7575.0,7574.25,7574.75,9.0
2019-06-18 09:47,7574.75,7576.0,7574.75,7575.25,12.0
2019-06-18 09:48,7574.0,7574.25,7572.5,7573.75,54.0
2019-06-18 09:49,7573.25,7573.25,7570.5,7570.75,65.0
2019-06-18 09:50,7571.0,7571.75,7570.25,7571.75,23.0
2019-06-18 09:51,7571.0,7572.0,7570.5,7572.0,20.0
2019-06-18 09:52,7571.75,7572.5,7571.75,7571.75,14.0
2019-06-18 09:53,7571.25,7572.0,7570.5,7571.25,13.0
2019-06-18 09:54,7571.5,7572.25,7570.5,7571.75,12.0
2019-06-18 09:55,7571.25,7575.25,7571.25,7573.25,72.0
2019-06-18 09:56,7573.5,7575.0,7573.25,7574.25,30.0
2019-06-18 09:57,7573.5,7573.5,7571.5,7571.5,23.0
2019-06-18 09:58,7572.25,7573.25,7572.25,7572.5,31.0
2019-06-18 09:59,7573.0,7574.25,7573.0,7574.25,16.0
2019-06-18 10:00,7574.5,7574.5,7573.5,7573.5,4.0
2019-06-18 10:01,7572.75,7572.75,7572.5,7572.75,5.0
2019-06-18 10:02,7572.5,7575.0,7572.5,7574.5,10.0
2019-06-18 10:03,7575.0,7576.0,7574.5,7575.5,23.0
2019-06-18 10:04,7575.0,7576.75,7574.75,7576.75,17.0
2019-06-18 10:05,7576.75,7577.0,7575.5,7576.25,24.0
2019-06-18 10:06,7576.25,7576.25,7574.75,7574.75,25.0
2019-06-18 10:07,7575.5,7575.75,7574.75,7574.75,20.0
2019-06-18 10:08,7574.5,7574.5,7574.25,7574.25,3.0
2019-06-18 10:09,7574.0,7575.0,7573.75,7575.0,10.0
2019-06-18 10:10,7574.0,7574.0,7572.0,7572.5,31.0
2019-06-18 10:11,7572.25,7572.5,7571.25,7572.0,13.0
2019-06-18 10:12,7572.25,7572.5,7570.75,7571.75,35.0
2019-06-18 10:13,7572.0,7572.25,7571.25,7572.0,13.0
2019-06-18 10:14,7571.5,7573.0,7571.0,7571.5,30.0
2019-06-18 10:15,7572.25,7572.75,7572.25,7572.75,2.0
2019-06-18 10:16,7572.25,7573.0,7572.0,7573.0,7.0
2019-06-18 10:17,7574.0,7575.0,7573.75,7574.5,14.0
2019-06-18 10:18,7574.25,7575.5,7574.0,7574.25,24.0
2019-06-18 10:19,7575.0,7575.75,7575.0,7575.25,10.0
2019-06-18 10:20,7575.5,7577.25,7575.5,7576.5,20.0
2019-06-18 10:21,7575.75,7576.0,7575.0,7575.25,21.0
2019-06-18 10:22,7575.5,7577.5,7575.5,7577.5,15.0
2019-06-18 10:23,7577.75,7577.75,7576.75,7577.25,15.0
2019-06-18 10:24,7577.5,7577.5,7576.25,7576.25,13.0
2019-06-18 10:25,7577.25,7578.75,7577.0,7578.5,48.0
2019-06-18 10:26,7579.0,7582.75,7579.0,7581.5,333.0
2019-06-18 10:27,7580.75,7582.5,7580.5,7581.25,43.0
2019-06-18 10:28,7581.5,7584.75,7581.5,7583.5,96.0
2019-06-18 10:29,7583.25,7586.25,7583.25,7585.75,67.0
2019-06-18 10:30,7585.25,7587.5,7584.5,7587.5,93.0
2019-06-18 10:31,7587.5,7587.75,7583.5,7583.75,78.0
2019-06-18 10:32,7584.0,7584.75,7582.25,7582.5,37.0
2019-06-18 10:33,7582.75,7585.0,7582.25,7584.25,47.0
2019-06-18 10:34,7584.75,7587.0,7584.25,7585.75,43.0
2019-06-18 10:35,7585.0,7585.0,7583.75,7584.5,20.0
2019-06-18 10:36,7584.25,7589.5,7584.25,7589.5,109.0
2019-06-18 10:37,7589.25,7590.75,7588.0,7588.0,166.0
2019-06-18 10:38,7587.75,7588.25,7587.0,7587.25,29.0
2019-06-18 10:39,7588.0,7589.5,7587.0,7589.25,33.0
2019-06-18 10:40,7589.25,7594.5,7589.0,7593.5,142.0
2019-06-18 10:41,7593.25,7595.0,7591.0,7591.75,146.0
2019-06-18 10:42,7591.25,7594.75,7590.0,7593.0,99.0
2019-06-18 10:43,7593.0,7593.5,7592.0,7593.5,38.0
2019-06-18 10:44,7593.75,7594.75,7593.0,7593.75,60.0
2019-06-18 10:45,7593.75,7596.75,7593.25,7595.0,150.0
2019-06-18 10:46,7595.25,7598.0,7595.25,7596.75,69.0
2019-06-18 10:47,7597.0,7598.0,7596.25,7596.75,80.0
2019-06-18 10:48,7596.5,7597.25,7596.25,7596.25,39.0
2019-06-18 10:49,7596.0,7597.75,7596.0,7597.0,66.0
2019-06-18 10:50,7597.5,7598.0,7596.0,7597.25,32.0
2019-06-18 10:51,7597.25,7598.5,7597.0,7598.5,39.0
2019-06-18 10:52,7598.25,7603.5,7598.25,7602.5,334.0
2019-06-18 10:53,7602.75,7608.5,7602.0,7607.75,351.0
2019-06-18 10:54,7607.25,7612.25,7606.75,7607.75,351.0
2019-06-18 10:55,7607.25,7607.75,7603.0,7604.25,151.0
2019-06-18 10:56,7604.25,7605.5,7601.5,7602.5,130.0
2019-06-18 10:57,7602.25,7603.5,7601.0,7601.25,85.0
2019-06-18 10:58,7601.75,7603.75,7601.25,7603.25,72.0
2019-06-18 10:59,7603.25,7606.5,7602.0,7606.0,96.0
2019-06-18 11:00,7605.75,7605.75,7601.75,7602.75,117.0
2019-06-18 11:01,7602.75,7602.75,7599.75,7601.25,58.0
2019-06-18 11:02,7601.5,7602.75,7600.25,7600.75,96.0
2019-06-18 11:03,7599.75,7600.75,7598.0,7599.25,45.0
2019-06-18 11:04,7598.75,7599.0,7597.0,7598.75,62.0
2019-06-18 11:05,7599.0,7599.75,7597.25,7599.75,143.0
2019-06-18 11:06,7599.25,7599.75,7598.5,7599.5,76.0
2019-06-18 11:07,7599.75,7600.75,7599.75,7600.5,70.0
2019-06-18 11:08,7600.75,7603.5,7600.75,7603.0,184.0
2019-06-18 11:09,7602.5,7603.25,7601.75,7601.75,101.0
2019-06-18 11:10,7601.5,7604.0,7601.0,7604.0,40.0
2019-06-18 11:11,7603.5,7605.5,7601.5,7605.0,167.0
2019-06-18 11:12,7605.5,7606.75,7604.75,7605.75,212.0
2019-06-18 11:13,7606.0,7606.5,7603.75,7604.75,80.0
2019-06-18 11:14,7605.0,7605.0,7602.5,7602.75,45.0
2019-06-18 11:15,7603.0,7604.25,7600.0,7600.0,85.0
2019-06-18 11:16,7600.25,7602.0,7600.25,7601.25,54.0
2019-06-18 11:17,7601.5,7603.0,7601.5,7602.25,20.0
2019-06-18 11:18,7601.75,7602.5,7601.5,7601.5,14.0
2019-06-18 11:19,7601.5,7601.5,7600.25,7601.25,42.0
2019-06-18 11:20,7600.75,7600.75,7600.0,7600.5,62.0
2019-06-18 11:21,7601.0,7601.25,7600.0,7600.0,27.0
2019-06-18 11:22,7600.0,7600.0,7597.25,7598.0,86.0
2019-06-18 11:23,7597.5,7599.25,7595.5,7596.0,88.0
2019-06-18 11:24,7596.0,7597.75,7594.75,7597.25,73.0
2019-06-18 11:25,7597.5,7599.0,7597.5,7598.25,50.0
2019-06-18 11:26,7598.0,7600.0,7597.25,7598.75,49.0
2019-06-18 11:27,7599.25,7600.75,7599.25,7600.75,23.0
2019-06-18 11:28,7600.25,7600.25,7597.25,7597.5,47.0
2019-06-18 11:29,7597.75,7598.5,7597.5,7598.0,18.0
2019-06-18 11:30,7598.0,7598.75,7597.5,7598.75,10.0
2019-06-18 11:31,7598.0,7598.75,7595.5,7596.75,69.0
2019-06-18 11:32,7597.0,7597.75,7597.0,7597.75,15.0
2019-06-18 11:33,7597.25,7597.25,7596.0,7596.5,17.0
2019-06-18 11:34,7597.0,7597.75,7596.25,7597.0,11.0
2019-06-18 11:35,7597.5,7600.75,7597.0,7600.0,68.0
2019-06-18 11:36,7599.75,7603.75,7599.75,7603.25,66.0
2019-06-18 11:37,7603.5,7605.0,7603.25,7604.5,91.0
2019-06-18 11:38,7604.0,7604.0,7603.0,7604.0,15.0
2019-06-18 11:39,7603.25,7605.0,7603.0,7605.0,60.0
2019-06-18 11:40,7604.5,7606.25,7604.5,7605.5,109.0
2019-06-18 11:41,7605.5,7605.75,7602.5,7603.25,75.0
2019-06-18 11:42,7603.25,7605.0,7602.5,7604.0,45.0
2019-06-18 11:43,7603.75,7603.75,7601.5,7603.25,49.0
2019-06-18 11:44,7603.25,7604.25,7603.25,7603.75,23.0
2019-06-18 11:45,7603.75,7604.0,7603.25,7603.5,25.0
2019-06-18 11:46,7603.75,7606.5,7603.75,7605.75,65.0
2019-06-18 11:47,7605.5,7608.0,7605.25,7607.5,69.0
2019-06-18 11:48,7607.75,7608.0,7604.75,7605.25,102.0
2019-06-18 11:49,7605.25,7606.5,7604.75,7606.5,37.0
2019-06-18 11:50,7605.75,7606.5,7605.25,7606.5,42.0
2019-06-18 11:51,7606.5,7610.0,7606.5,7610.0,101.0
2019-06-18 11:52,7610.0,7614.0,7609.75,7612.0,276.0
2019-06-18 11:53,7612.0,7614.25,7612.0,7613.75,141.0
2019-06-18 11:54,7613.75,7614.0,7612.5,7613.5,73.0
2019-06-18 11:55,7613.25,7614.0,7612.25,7613.0,69.0
2019-06-18 11:56,7613.0,7613.25,7612.25,7612.75,32.0
2019-06-18 11:57,7613.0,7613.5,7612.5,7612.75,65.0
2019-06-18 11:58,7612.75,7612.75,7610.75,7611.75,84.0
2019-06-18 11:59,7611.75,7612.5,7610.75,7610.75,66.0
2019-06-18 12:00,7610.25,7616.5,7609.75,7615.75,103.0
2019-06-18 12:01,7615.5,7615.5,7614.0,7615.0,56.0
2019-06-18 12:02,7615.25,7616.0,7611.25,7613.25,97.0
2019-06-18 12:03,7613.25,7615.5,7613.25,7615.0,75.0
2019-06-18 12:04,7614.25,7616.0,7614.0,7614.5,64.0
2019-06-18 12:05,7614.0,7617.5,7614.0,7616.25,132.0
2019-06-18 12:06,7616.75,7617.25,7614.0,7617.25,73.0
2019-06-18 12:07,7617.25,7618.0,7616.25,7617.0,80.0
2019-06-18 12:08,7617.5,7617.5,7614.5,7615.25,65.0
2019-06-18 12:09,7615.0,7615.25,7613.5,7614.0,48.0
2019-06-18 12:10,7613.75,7614.25,7613.0,7613.25,66.0
2019-06-18 12:11,7613.0,7615.25,7613.0,7614.25,29.0
2019-06-18 12:12,7614.5,7616.75,7614.5,7616.5,63.0
2019-06-18 12:13,7616.5,7617.0,7615.5,7616.0,113.0
2019-06-18 12:14,7616.5,7617.0,7614.5,7615.0,59.0
2019-06-18 12:15,7616.0,7616.75,7613.25,7614.0,50.0
2019-06-18 12:16,7614.5,7616.0,7614.5,7616.0,59.0
2019-06-18 12:17,7615.25,7616.75,7615.0,7616.25,41.0
2019-06-18 12:18,7616.0,7617.75,7616.0,7616.25,81.0
2019-06-18 12:19,7616.25,7617.75,7616.0,7617.75,65.0
2019-06-18 12:20,7617.75,7618.5,7615.25,7616.0,104.0
2019-06-18 12:21,7615.5,7615.75,7614.0,7615.75,79.0
2019-06-18 12:22,7616.0,7617.5,7616.0,7616.75,40.0
2019-06-18 12:23,7617.25,7617.5,7614.5,7615.75,26.0
2019-06-18 12:24,7615.75,7617.25,7615.5,7616.0,35.0
2019-06-18 12:25,7615.75,7616.5,7615.5,7616.0,25.0
2019-06-18 12:26,7617.5,7620.75,7616.75,7619.0,488.0
2019-06-18 12:27,7619.0,7620.0,7618.0,7618.75,71.0
2019-06-18 12:28,7619.0,7619.75,7618.5,7618.5,45.0
2019-06-18 12:29,7618.25,7619.25,7617.25,7618.0,57.0
2019-06-18 12:30,7617.5,7619.0,7616.5,7618.25,64.0
2019-06-18 12:31,7618.75,7619.75,7618.0,7619.0,24.0
2019-06-18 12:32,7619.5,7621.5,7619.0,7621.0,206.0
2019-06-18 12:33,7621.25,7622.25,7610.5,7612.75,307.0
2019-06-18 12:34,7613.25,7617.5,7612.75,7614.0,146.0
2019-06-18 12:35,7614.0,7616.25,7612.75,7615.0,132.0
2019-06-18 12:36,7615.0,7615.75,7613.5,7614.75,65.0
2019-06-18 12:37,7614.75,7620.0,7614.75,7620.0,63.0
2019-06-18 12:38,7619.25,7619.25,7615.5,7616.5,83.0
2019-06-18 12:39,7615.75,7617.75,7615.5,7617.0,40.0
2019-06-18 12:40,7616.0,7618.0,7614.5,7616.25,115.0
2019-06-18 12:41,7616.25,7616.25,7614.0,7615.0,59.0
2019-06-18 12:42,7614.5,7614.75,7613.0,7613.25,78.0
2019-06-18 12:43,7613.25,7613.75,7612.25,7612.5,57.0
2019-06-18 12:44,7612.25,7613.0,7611.25,7612.0,92.0
2019-06-18 12:45,7612.0,7612.75,7610.0,7610.0,100.0
2019-06-18 12:46,7610.0,7611.5,7609.5,7610.25,114.0
2019-06-18 12:47,7610.0,7610.75,7609.0,7609.5,61.0
2019-06-18 12:48,7609.75,7611.5,7609.0,7609.0,110.0
2019-06-18 12:49,7609.0,7610.5,7608.75,7610.5,58.0
2019-06-18 12:50,7611.0,7612.75,7610.75,7611.0,99.0
2019-06-18 12:51,7610.5,7612.0,7610.5,7612.0,49.0
2019-06-18 12:52,7611.5,7611.5,7609.0,7609.5,62.0
2019-06-18 12:53,7609.25,7613.0,7609.25,7613.0,49.0
2019-06-18 12:54,7613.0,7613.5,7611.5,7611.75,144.0
2019-06-18 12:55,7612.0,7615.75,7612.0,7615.75,108.0
2019-06-18 12:56,7615.75,7618.0,7615.5,7617.5,133.0
2019-06-18 12:57,7618.0,7620.0,7617.5,7619.5,119.0
2019-06-18 12:58,7620.0,7620.25,7615.75,7617.5,190.0
2019-06-18 12:59,7617.5,7617.75,7615.5,7616.25,101.0
2019-06-18 13:00,7616.0,7617.5,7615.25,7615.75,117.0
2019-06-18 13:01,7615.75,7619.25,7615.75,7619.25,75.0
2019-06-18 13:02,7618.5,7618.5,7617.25,7618.0,31.0
2019-06-18 13:03,7618.25,7619.75,7617.5,7618.0,75.0
2019-06-18 13:04,7618.5,7618.5,7617.0,7618.0,50.0
2019-06-18 13:05,7618.0,7618.5,7615.5,7615.75,155.0
2019-06-18 13:06,7615.5,7616.75,7613.5,7614.75,137.0
2019-06-18 13:07,7614.75,7615.0,7612.5,7613.0,98.0
2019-06-18 13:08,7613.0,7613.5,7611.5,7613.25,102.0
2019-06-18 13:09,7612.75,7613.25,7612.25,7613.25,47.0
2019-06-18 13:10,7613.0,7613.25,7612.25,7612.5,53.0
2019-06-18 13:11,7613.0,7615.5,7612.75,7614.75,52.0
2019-06-18 13:12,7615.0,7617.0,7614.75,7615.25,86.0
2019-06-18 13:13,7615.75,7616.75,7614.0,7616.5,51.0
2019-06-18 13:14,7616.25,7617.5,7613.0,7613.0,89.0
2019-06-18 13:15,7613.0,7617.25,7613.0,7617.25,38.0
2019-06-18 13:16,7616.75,7621.0,7616.75,7620.5,127.0
2019-06-18 13:17,7620.25,7620.75,7618.0,7618.5,106.0
2019-06-18 13:18,7617.5,7619.5,7617.5,7618.75,30.0
2019-06-18 13:19,7618.75,7618.75,7616.0,7616.75,34.0
2019-06-18 13:20,7616.0,7619.75,7616.0,7618.5,64.0
2019-06-18 13:21,7619.0,7619.0,7618.25,7619.0,21.0
2019-06-18 13:22,7618.5,7619.0,7616.5,7617.5,43.0
2019-06-18 13:23,7617.5,7617.5,7615.5,7617.25,102.0
2019-06-18 13:24,7616.5,7618.5,7616.25,7618.5,21.0
2019-06-18 13:25,7618.0,7618.75,7617.5,7618.5,47.0
2019-06-18 13:26,7618.5,7618.75,7617.5,7618.0,71.0
2019-06-18 13:27,7617.75,7618.0,7616.75,7617.0,76.0
2019-06-18 13:28,7616.75,7617.0,7613.25,7614.75,174.0
2019-06-18 13:29,7614.75,7616.5,7613.5,7616.5,175.0
2019-06-18 13:30,7616.5,7618.0,7603.0,7606.0,1071.0
2019-06-18 13:31,7606.5,7606.75,7599.75,7602.0,702.0
2019-06-18 13:32,7601.75,7606.75,7598.25,7605.5,617.0
2019-06-18 13:33,7605.75,7615.5,7604.5,7614.5,743.0
2019-06-18 13:34,7614.5,7616.75,7602.75,7605.5,913.0
2019-06-18 13:35,7605.5,7613.0,7605.5,7611.0,441.0
2019-06-18 13:36,7611.0,7611.0,7604.5,7608.0,648.0
2019-06-18 13:37,7608.75,7609.25,7601.75,7603.75,493.0
2019-06-18 13:38,7603.75,7607.5,7603.5,7605.0,373.0
2019-06-18 13:39,7606.0,7635.5,7603.0,7634.0,1071.0
2019-06-18 13:40,7632.75,7639.0,7626.5,7639.0,918.0
2019-06-18 13:41,7638.5,7644.0,7632.75,7642.0,1633.0
2019-06-18 13:42,7642.75,7662.75,7642.25,7658.0,2672.0
2019-06-18 13:43,7657.75,7668.25,7656.75,7667.5,972.0
2019-06-18 13:44,7666.75,7673.5,7658.25,7664.25,1649.0
2019-06-18 13:45,7663.5,7672.0,7660.75,7671.75,478.0
2019-06-18 13:46,7671.0,7674.5,7667.0,7671.5,688.0
2019-06-18 13:47,7671.0,7673.75,7668.75,7670.0,398.0
2019-06-18 13:48,7670.0,7680.75,7664.75,7677.25,1041.0
2019-06-18 13:49,7677.5,7679.0,7671.25,7676.0,679.0
2019-06-18 13:50,7676.0,7681.5,7675.0,7677.25,593.0
2019-06-18 13:51,7677.25,7680.75,7669.5,7678.75,937.0
2019-06-18 13:52,7680.0,7681.0,7671.25,7675.0,314.0
2019-06-18 13:53,7675.5,7678.5,7671.75,7672.25,390.0
2019-06-18 13:54,7673.0,7675.75,7670.75,7673.25,286.0
2019-06-18 13:55,7672.25,7673.5,7666.5,7668.0,381.0
2019-06-18 13:56,7668.25,7670.75,7662.25,7664.25,569.0
2019-06-18 13:57,7665.5,7668.5,7661.0,7664.0,593.0
2019-06-18 13:58,7664.0,7672.5,7661.75,7664.75,525.0
2019-06-18 13:59,7664.5,7670.5,7663.0,7667.0,463.0
2019-06-18 14:00,7666.75,7672.0,7663.75,7671.5,494.0
2019-06-18 14:01,7671.25,7684.5,7671.0,7679.25,876.0
2019-06-18 14:02,7678.5,7684.25,7678.0,7681.5,819.0
2019-06-18 14:03,7681.75,7683.0,7677.0,7681.0,613.0
2019-06-18 14:04,7681.25,7682.0,7678.0,7678.5,415.0
2019-06-18 14:05,7678.5,7681.75,7675.0,7678.25,628.0
2019-06-18 14:06,7678.25,7678.25,7669.0,7669.25,610.0
2019-06-18 14:07,7669.25,7675.0,7668.75,7673.25,528.0
2019-06-18 14:08,7673.0,7675.75,7670.25,7675.0,448.0
2019-06-18 14:09,7675.25,7676.25,7670.75,7670.75,376.0
2019-06-18 14:10,7670.75,7675.0,7670.0,7670.25,377.0
2019-06-18 14:11,7670.25,7679.25,7670.25,7676.25,469.0
2019-06-18 14:12,7676.5,7680.0,7674.5,7679.0,182.0
2019-06-18 14:13,7679.0,7682.5,7676.5,7679.5,456.0
2019-06-18 14:14,7679.0,7679.0,7674.0,7676.25,174.0
2019-06-18 14:15,7676.25,7677.0,7670.5,7673.0,426.0
2019-06-18 14:16,7673.0,7673.5,7669.25,7670.5,554.0
2019-06-18 14:17,7671.0,7673.5,7667.25,7671.25,282.0
2019-06-18 14:18,7671.0,7674.25,7670.25,7672.25,342.0
2019-06-18 14:19,7671.75,7674.25,7670.25,7672.75,159.0
2019-06-18 14:20,7672.75,7674.5,7670.5,7672.5,356.0
2019-06-18 14:21,7672.0,7672.75,7669.25,7669.75,226.0
2019-06-18 14:22,7669.0,7674.5,7668.0,7673.25,233.0
2019-06-18 14:23,7673.75,7674.25,7669.0,7669.5,332.0
2019-06-18 14:24,7669.5,7670.75,7666.5,7667.25,202.0
2019-06-18 14:25,7668.0,7671.5,7667.0,7668.75,418.0
2019-06-18 14:26,7668.5,7673.25,7668.5,7672.25,173.0
2019-06-18 14:27,7671.75,7674.75,7671.25,7674.5,330.0
2019-06-18 14:28,7674.5,7676.25,7673.0,7673.0,175.0
2019-06-18 14:29,7673.0,7676.25,7672.5,7674.0,384.0
2019-06-18 14:30,7674.5,7680.0,7674.5,7678.0,395.0
2019-06-18 14:31,7678.0,7680.5,7677.0,7679.0,197.0
2019-06-18 14:32,7679.0,7681.5,7678.0,7681.5,318.0
2019-06-18 14:33,7681.5,7682.5,7676.25,7677.75,386.0
2019-06-18 14:34,7677.75,7679.0,7676.25,7676.5,141.0
2019-06-18 14:35,7677.0,7678.5,7674.5,7677.0,287.0
2019-06-18 14:36,7676.75,7678.0,7675.5,7678.0,149.0
2019-06-18 14:37,7678.0,7685.25,7678.0,7684.5,464.0
2019-06-18 14:38,7684.75,7688.5,7683.5,7684.5,875.0
2019-06-18 14:39,7684.5,7686.0,7683.25,7684.75,180.0
2019-06-18 14:40,7684.75,7688.0,7682.75,7686.0,252.0
2019-06-18 14:41,7685.5,7686.5,7683.5,7684.75,155.0
2019-06-18 14:42,7684.75,7685.25,7683.0,7683.75,195.0
2019-06-18 14:43,7683.75,7684.25,7680.75,7683.25,323.0
2019-06-18 14:44,7683.5,7684.25,7681.75,7682.75,190.0
2019-06-18 14:45,7683.0,7684.25,7681.0,7682.75,200.0
2019-06-18 14:46,7683.0,7684.75,7682.0,7682.5,144.0
2019-06-18 14:47,7682.5,7683.75,7682.5,7683.25,206.0
2019-06-18 14:48,7683.25,7685.0,7681.25,7684.25,203.0
2019-06-18 14:49,7684.75,7686.5,7683.25,7685.5,238.0
2019-06-18 14:50,7685.5,7686.5,7682.25,7682.25,180.0
2019-06-18 14:51,7682.5,7682.5,7678.25,7680.0,354.0
2019-06-18 14:52,7680.25,7683.75,7680.0,7683.0,162.0
2019-06-18 14:53,7682.5,7687.0,7682.0,7686.75,241.0
2019-06-18 14:54,7687.5,7691.25,7687.25,7691.0,495.0
2019-06-18 14:55,7691.0,7692.0,7689.75,7691.5,328.0
2019-06-18 14:56,7691.0,7693.5,7689.5,7690.75,395.0
2019-06-18 14:57,7691.25,7691.5,7688.25,7688.25,204.0
2019-06-18 14:58,7688.25,7689.75,7687.5,7688.5,126.0
2019-06-18 14:59,7688.5,7689.0,7685.75,7686.75,168.0
2019-06-18 15:00,7686.75,7690.5,7686.25,7688.5,225.0
2019-06-18 15:01,7689.0,7690.5,7686.75,7689.0,132.0
2019-06-18 15:02,7688.5,7692.5,7688.0,7688.0,395.0
2019-06-18 15:03,7687.75,7689.0,7686.25,7687.0,310.0
2019-06-18 15:04,7686.75,7688.5,7686.75,7688.25,101.0
2019-06-18 15:05,7688.75,7690.0,7686.0,7690.0,218.0
2019-06-18 15:06,7689.5,7690.5,7687.5,7689.25,175.0
2019-06-18 15:07,7689.75,7691.25,7688.75,7689.75,168.0
2019-06-18 15:08,7689.5,7693.25,7688.75,7690.0,309.0
2019-06-18 15:09,7690.25,7690.75,7688.5,7690.5,157.0
2019-06-18 15:10,7690.25,7691.5,7689.5,7690.5,154.0
2019-06-18 15:11,7690.75,7692.5,7690.0,7691.25,180.0
2019-06-18 15:12,7691.25,7691.5,7686.5,7686.75,222.0
2019-06-18 15:13,7686.75,7687.0,7682.5,7683.0,365.0
2019-06-18 15:14,7682.75,7683.0,7679.0,7680.5,252.0
2019-06-18 15:15,7680.25,7681.75,7678.75,7681.75,180.0
2019-06-18 15:16,7681.5,7682.5,7680.25,7680.75,177.0
2019-06-18 15:17,7680.75,7681.75,7680.25,7681.75,102.0
2019-06-18 15:18,7681.5,7682.25,7679.75,7680.25,112.0
2019-06-18 15:19,7680.0,7681.5,7679.75,7680.75,100.0
2019-06-18 15:20,7680.75,7683.25,7680.5,7683.0,91.0
2019-06-18 15:21,7683.0,7683.5,7682.25,7683.25,117.0
2019-06-18 15:22,7683.0,7684.75,7681.25,7682.75,139.0
2019-06-18 15:23,7682.25,7688.0,7675.0,7675.0,302.0
2019-06-18 15:24,7673.5,7675.0,7663.5,7667.25,310.0
2019-06-18 15:25,7667.5,7676.75,7667.25,7676.75,588.0
2019-06-18 15:26,7676.25,7679.25,7674.25,7675.0,411.0
2019-06-18 15:27,7674.75,7677.75,7674.25,7675.25,392.0
2019-06-18 15:28,7674.75,7676.5,7672.75,7675.5,237.0
2019-06-18 15:29,7675.75,7677.0,7673.0,7673.5,294.0
2019-06-18 15:30,7674.0,7674.25,7670.25,7671.25,242.0
2019-06-18 15:31,7671.5,7676.0,7671.5,7675.5,174.0
2019-06-18 15:32,7675.5,7678.5,7672.25,7672.5,238.0
2019-06-18 15:33,7672.25,7673.0,7669.25,7671.5,205.0
2019-06-18 15:34,7671.5,7671.5,7666.25,7668.25,343.0
2019-06-18 15:35,7668.0,7670.75,7665.5,7669.75,194.0
2019-06-18 15:36,7669.75,7671.25,7668.5,7669.25,123.0
2019-06-18 15:37,7669.75,7671.25,7668.0,7670.75,103.0
2019-06-18 15:38,7670.75,7670.75,7666.75,7670.5,146.0
2019-06-18 15:39,7670.75,7671.0,7667.75,7668.5,78.0
2019-06-18 15:40,7668.75,7672.0,7668.0,7668.25,123.0
2019-06-18 15:41,7668.0,7669.0,7666.5,7667.0,176.0
2019-06-18 15:42,7667.0,7669.5,7666.5,7666.75,152.0
2019-06-18 15:43,7666.75,7666.75,7664.25,7666.0,179.0
2019-06-18 15:44,7665.75,7667.5,7664.25,7666.25,167.0
2019-06-18 15:45,7666.0,7668.0,7665.0,7667.75,206.0
2019-06-18 15:46,7668.0,7669.75,7667.75,7669.0,164.0
2019-06-18 15:47,7668.75,7669.0,7666.0,7666.25,192.0
2019-06-18 15:48,7666.5,7666.5,7659.25,7661.0,324.0
2019-06-18 15:49,7661.5,7662.25,7653.75,7656.75,655.0
2019-06-18 15:50,7656.5,7657.0,7654.0,7654.5,177.0
2019-06-18 15:51,7654.75,7655.0,7653.0,7654.5,364.0
2019-06-18 15:52,7654.0,7656.75,7654.0,7656.5,468.0
2019-06-18 15:53,7656.5,7658.25,7652.0,7652.5,355.0
2019-06-18 15:54,7652.25,7654.0,7650.0,7653.75,350.0
2019-06-18 15:55,7654.0,7656.75,7652.75,7653.75,258.0
2019-06-18 15:56,7653.75,7653.75,7650.0,7650.25,210.0
2019-06-18 15:57,7650.5,7653.25,7649.25,7652.0,162.0
2019-06-18 15:58,7652.0,7652.0,7649.25,7651.25,182.0
2019-06-18 15:59,7651.25,7652.5,7650.0,7650.25,159.0
2019-06-18 16:00,7650.25,7655.5,7649.75,7655.5,198.0
2019-06-18 16:01,7655.25,7657.5,7654.0,7656.75,187.0
2019-06-18 16:02,7656.75,7661.25,7656.25,7660.5,367.0
2019-06-18 16:03,7661.0,7661.0,7656.75,7657.75,160.0
2019-06-18 16:04,7657.5,7657.5,7655.25,7655.5,98.0
2019-06-18 16:05,7655.25,7658.75,7655.0,7658.25,89.0
2019-06-18 16:06,7658.25,7659.75,7657.0,7658.75,147.0
2019-06-18 16:07,7658.5,7659.25,7656.25,7656.25,89.0
2019-06-18 16:08,7656.25,7658.75,7656.25,7658.75,103.0
2019-06-18 16:09,7659.25,7660.0,7657.25,7659.75,68.0
2019-06-18 16:10,7660.0,7662.25,7658.5,7661.5,130.0
2019-06-18 16:11,7661.25,7661.25,7659.0,7660.0,77.0
2019-06-18 16:12,7660.0,7660.75,7658.5,7658.5,100.0
2019-06-18 16:13,7658.25,7658.75,7655.5,7656.25,149.0
2019-06-18 16:14,7656.0,7658.25,7655.75,7657.25,158.0
2019-06-18 16:15,7656.75,7656.75,7653.75,7654.5,78.0
2019-06-18 16:16,7653.75,7654.75,7652.25,7652.5,56.0
2019-06-18 16:17,7652.5,7653.75,7649.5,7649.5,126.0
2019-06-18 16:18,7649.75,7651.0,7645.0,7646.25,196.0
2019-06-18 16:19,7646.25,7649.5,7646.0,7649.0,113.0
2019-06-18 16:20,7649.0,7652.0,7648.5,7650.0,90.0
2019-06-18 16:21,7650.25,7650.5,7648.0,7648.25,50.0
2019-06-18 16:22,7648.0,7651.25,7647.5,7651.25,54.0
2019-06-18 16:23,7651.0,7651.5,7650.0,7650.0,45.0
2019-06-18 16:24,7649.75,7651.0,7648.75,7650.25,53.0
2019-06-18 16:25,7650.25,7653.0,7650.25,7653.0,53.0
2019-06-18 16:26,7653.0,7653.75,7652.25,7652.75,54.0
2019-06-18 16:27,7653.25,7654.0,7648.75,7649.25,112.0
2019-06-18 16:28,7649.5,7650.25,7646.5,7649.75,124.0
2019-06-18 16:29,7649.75,7651.75,7649.25,7650.75,65.0
2019-06-18 16:30,7650.25,7651.5,7649.75,7651.0,41.0
2019-06-18 16:31,7651.75,7652.5,7650.0,7651.25,40.0
2019-06-18 16:32,7651.25,7652.5,7650.5,7651.5,38.0
2019-06-18 16:33,7651.0,7652.5,7649.75,7652.5,84.0
2019-06-18 16:34,7652.0,7653.5,7649.25,7653.5,161.0
2019-06-18 16:35,7653.75,7655.25,7651.0,7651.25,109.0
2019-06-18 16:36,7651.5,7654.25,7651.5,7653.5,65.0
2019-06-18 16:37,7653.0,7656.25,7652.25,7654.5,79.0
2019-06-18 16:38,7654.0,7657.0,7653.25,7657.0,128.0
2019-06-18 16:39,7657.25,7658.0,7656.25,7656.75,83.0
2019-06-18 16:40,7657.0,7658.5,7655.75,7658.25,149.0
2019-06-18 16:41,7658.25,7658.75,7655.0,7656.0,99.0
2019-06-18 16:42,7655.5,7656.75,7654.5,7656.25,63.0
2019-06-18 16:43,7656.5,7657.75,7653.5,7654.25,67.0
2019-06-18 16:44,7654.75,7657.25,7654.75,7655.5,47.0
2019-06-18 16:45,7654.5,7654.5,7649.0,7651.0,157.0
2019-06-18 16:46,7651.0,7652.5,7649.25,7652.25,70.0
2019-06-18 16:47,7651.75,7653.25,7650.0,7652.75,38.0
2019-06-18 16:48,7651.75,7658.25,7651.75,7656.5,395.0
2019-06-18 16:49,7656.5,7661.75,7656.5,7659.75,433.0
2019-06-18 16:50,7660.0,7662.0,7657.75,7657.75,85.0
2019-06-18 16:51,7657.25,7657.5,7654.0,7654.5,72.0
2019-06-18 16:52,7655.0,7655.25,7653.25,7653.5,52.0
2019-06-18 16:53,7653.75,7655.0,7653.25,7654.0,40.0
2019-06-18 16:54,7654.5,7656.5,7652.0,7654.75,112.0
2019-06-18 16:55,7654.75,7656.75,7653.75,7656.0,29.0
2019-06-18 16:56,7656.25,7657.75,7655.5,7655.5,57.0
2019-06-18 16:57,7655.5,7656.0,7654.0,7654.25,29.0
2019-06-18 16:58,7654.0,7654.0,7651.5,7652.0,48.0
2019-06-18 16:59,7652.5,7653.0,7651.5,7651.75,81.0
2019-06-18 17:00,7652.0,7652.0,7645.25,7646.75,203.0
2019-06-18 17:01,7646.75,7648.5,7643.0,7643.75,272.0
2019-06-18 17:02,7644.0,7646.75,7644.0,7645.5,73.0
2019-06-18 17:03,7645.75,7646.5,7644.25,7644.25,47.0
2019-06-18 17:04,7645.0,7645.25,7639.0,7639.25,264.0
2019-06-18 17:05,7639.0,7639.5,7631.5,7637.25,505.0
2019-06-18 17:06,7637.5,7639.5,7637.0,7639.0,121.0
2019-06-18 17:07,7639.5,7641.25,7639.25,7641.0,157.0
2019-06-18 17:08,7641.25,7641.75,7639.5,7641.75,197.0
2019-06-18 17:09,7641.25,7643.0,7640.75,7641.5,283.0
2019-06-18 17:10,7641.0,7643.75,7640.0,7643.75,108.0
2019-06-18 17:11,7644.0,7644.75,7643.25,7644.0,71.0
2019-06-18 17:12,7644.0,7646.0,7643.75,7645.5,84.0
2019-06-18 17:13,7646.0,7646.75,7645.25,7646.25,59.0
2019-06-18 17:14,7646.25,7646.75,7644.0,7644.75,94.0
2019-06-18 17:15,7645.0,7647.25,7644.75,7644.75,68.0
2019-06-18 17:16,7645.0,7645.5,7643.5,7644.25,83.0
2019-06-18 17:17,7644.25,7645.25,7642.0,7642.0,61.0
2019-06-18 17:18,7642.0,7642.25,7639.0,7642.25,170.0
2019-06-18 17:19,7642.25,7645.5,7642.25,7644.25,84.0
2019-06-18 17:20,7644.0,7645.0,7643.25,7644.75,51.0
2019-06-18 17:21,7644.5,7645.5,7641.25,7642.25,67.0
2019-06-18 17:22,7642.5,7644.0,7640.75,7642.25,164.0
2019-06-18 17:23,7641.75,7643.5,7641.0,7642.25,58.0
2019-06-18 17:24,7642.25,7643.5,7641.25,7643.5,47.0
2019-06-18 17:25,7643.25,7643.5,7640.75,7640.75,34.0
2019-06-18 17:26,7640.5,7642.75,7639.75,7641.75,81.0
2019-06-18 17:27,7641.5,7642.75,7641.25,7642.0,70.0
2019-06-18 17:28,7642.25,7642.25,7639.25,7641.5,68.0
2019-06-18 17:29,7641.75,7642.0,7639.0,7639.0,42.0
2019-06-18 17:30,7639.0,7643.75,7638.0,7643.5,201.0
2019-06-18 17:31,7642.75,7643.25,7641.75,7642.25,57.0
2019-06-18 17:32,7641.75,7647.5,7641.75,7647.0,108.0
2019-06-18 17:33,7647.0,7647.75,7644.25,7644.5,170.0
2019-06-18 17:34,7645.0,7645.0,7640.75,7644.0,93.0
2019-06-18 17:35,7643.25,7645.5,7643.25,7645.25,18.0
2019-06-18 17:36,7645.0,7647.75,7645.0,7646.75,53.0
2019-06-18 17:37,7647.25,7647.25,7646.0,7646.5,35.0
2019-06-18 17:38,7646.0,7648.0,7644.5,7645.25,64.0
2019-06-18 17:39,7646.0,7647.25,7643.5,7643.75,101.0
2019-06-18 17:40,7644.25,7644.25,7641.5,7643.0,56.0
2019-06-18 17:41,7643.25,7644.75,7643.25,7644.0,17.0
2019-06-18 17:42,7643.75,7644.0,7638.75,7641.0,124.0
2019-06-18 17:43,7641.75,7642.25,7640.5,7642.25,31.0
2019-06-18 17:44,7642.75,7644.75,7642.75,7644.5,74.0
2019-06-18 17:45,7644.0,7646.75,7643.0,7645.5,87.0
2019-06-18 17:46,7645.5,7646.25,7644.75,7646.25,41.0
2019-06-18 17:47,7645.5,7645.75,7643.0,7643.5,50.0
2019-06-18 17:48,7643.25,7643.5,7641.0,7643.25,59.0
2019-06-18 17:49,7643.0,7644.0,7643.0,7644.0,11.0
2019-06-18 17:50,7644.25,7646.75,7644.25,7645.5,49.0
2019-06-18 17:51,7646.0,7647.5,7645.0,7646.75,57.0
2019-06-18 17:52,7646.25,7647.0,7645.25,7647.0,40.0
2019-06-18 17:53,7646.75,7647.75,7645.5,7647.25,77.0
2019-06-18 17:54,7647.0,7649.0,7647.0,7649.0,57.0
2019-06-18 17:55,7649.25,7649.75,7646.5,7648.25,91.0
2019-06-18 17:56,7648.25,7649.75,7648.25,7649.75,33.0
2019-06-18 17:57,7649.5,7651.25,7649.0,7650.25,75.0
2019-06-18 17:58,7650.0,7650.5,7648.75,7649.0,46.0
2019-06-18 17:59,7649.75,7650.75,7649.75,7650.0,23.0
2019-06-18 18:00,7650.25,7653.5,7650.25,7653.5,192.0
2019-06-18 18:01,7652.5,7656.25,7652.5,7655.5,140.0
2019-06-18 18:02,7656.0,7658.75,7656.0,7658.25,98.0
2019-06-18 18:03,7658.0,7658.75,7655.25,7656.0,104.0
2019-06-18 18:04,7655.5,7656.0,7653.0,7654.25,95.0
2019-06-18 18:05,7654.5,7655.0,7650.75,7652.0,133.0
2019-06-18 18:06,7651.0,7653.75,7650.25,7653.0,44.0
2019-06-18 18:07,7653.25,7653.5,7651.5,7652.75,39.0
2019-06-18 18:08,7652.75,7654.0,7652.0,7652.75,33.0
2019-06-18 18:09,7653.25,7654.5,7653.25,7654.5,18.0
2019-06-18 18:10,7654.5,7656.25,7651.25,7655.5,185.0
2019-06-18 18:11,7654.75,7656.5,7654.75,7655.75,25.0
2019-06-18 18:12,7655.75,7656.5,7654.75,7654.75,22.0
2019-06-18 18:13,7655.75,7657.0,7654.0,7656.75,66.0
2019-06-18 18:14,7656.25,7657.5,7655.5,7656.5,44.0
2019-06-18 18:15,7657.0,7657.0,7655.5,7656.25,42.0
2019-06-18 18:16,7656.0,7656.5,7655.25,7656.0,38.0
2019-06-18 18:17,7655.5,7656.0,7654.5,7655.5,22.0
2019-06-18 18:18,7655.75,7655.75,7653.25,7654.0,16.0
2019-06-18 18:19,7654.0,7655.75,7653.25,7654.0,23.0
2019-06-18 18:20,7654.25,7655.25,7653.75,7654.25,41.0
2019-06-18 18:21,7654.0,7655.5,7654.0,7655.5,30.0
2019-06-18 18:22,7655.25,7658.25,7654.75,7657.75,56.0
2019-06-18 18:23,7658.5,7660.75,7657.25,7659.5,220.0
2019-06-18 18:24,7659.5,7659.75,7657.75,7659.0,54.0
2019-06-18 18:25,7659.0,7660.0,7657.75,7658.5,40.0
2019-06-18 18:26,7658.0,7658.5,7658.0,7658.5,16.0
2019-06-18 18:27,7657.5,7657.5,7656.5,7656.75,35.0
2019-06-18 18:28,7657.75,7660.75,7657.5,7660.5,130.0
2019-06-18 18:29,7660.0,7660.25,7658.0,7658.75,73.0
2019-06-18 18:30,7658.25,7658.75,7656.0,7657.0,50.0
2019-06-18 18:31,7656.5,7658.5,7656.5,7657.75,27.0
2019-06-18 18:32,7658.0,7661.25,7658.0,7660.0,73.0
2019-06-18 18:33,7660.5,7660.75,7659.75,7660.0,32.0
2019-06-18 18:34,7660.0,7661.75,7660.0,7661.0,50.0
2019-06-18 18:35,7661.25,7662.25,7657.0,7657.5,98.0
2019-06-18 18:36,7657.5,7658.0,7656.25,7657.5,58.0
2019-06-18 18:37,7657.5,7657.5,7655.75,7657.5,42.0
2019-06-18 18:38,7657.5,7658.0,7656.25,7658.0,34.0
2019-06-18 18:39,7657.25,7658.25,7657.25,7658.25,30.0
2019-06-18 18:40,7658.75,7658.75,7656.0,7656.75,70.0
2019-06-18 18:41,7657.25,7658.0,7654.75,7655.5,99.0
2019-06-18 18:42,7656.0,7657.5,7653.0,7655.5,151.0
2019-06-18 18:43,7654.75,7657.25,7654.25,7655.0,51.0
2019-06-18 18:44,7654.25,7655.5,7654.0,7654.5,37.0
2019-06-18 18:45,7654.75,7654.75,7651.5,7651.75,57.0
2019-06-18 18:46,7652.25,7653.25,7651.5,7652.25,121.0
2019-06-18 18:47,7652.25,7654.25,7652.25,7653.5,113.0
2019-06-18 18:48,7653.5,7654.75,7653.0,7654.25,66.0
2019-06-18 18:49,7653.75,7653.75,7652.25,7653.0,46.0
2019-06-18 18:50,7653.5,7653.75,7651.5,7652.0,63.0
2019-06-18 18:51,7652.25,7652.25,7648.75,7650.75,135.0
2019-06-18 18:52,7650.75,7651.5,7649.25,7649.25,45.0
2019-06-18 18:53,7649.5,7651.5,7649.5,7651.25,51.0
2019-06-18 18:54,7650.75,7650.75,7649.25,7650.0,22.0
2019-06-18 18:55,7649.5,7652.0,7648.75,7651.5,74.0
2019-06-18 18:56,7652.0,7653.25,7651.25,7651.5,56.0
2019-06-18 18:57,7651.25,7652.25,7650.0,7650.75,47.0
2019-06-18 18:58,7650.75,7651.25,7650.0,7650.0,9.0
2019-06-18 18:59,7650.25,7651.0,7650.0,7651.0,15.0
2019-06-18 19:00,7650.75,7651.25,7646.5,7646.75,115.0
2019-06-18 19:01,7647.25,7651.5,7646.5,7650.75,106.0
2019-06-18 19:02,7651.5,7655.25,7651.25,7654.0,142.0
2019-06-18 19:03,7654.5,7654.5,7653.0,7653.25,33.0
2019-06-18 19:04,7653.5,7653.5,7651.5,7652.0,25.0
2019-06-18 19:05,7652.0,7652.0,7650.75,7651.5,23.0
2019-06-18 19:06,7651.5,7651.75,7650.75,7651.0,24.0
2019-06-18 19:07,7651.25,7652.25,7650.25,7651.75,49.0
2019-06-18 19:08,7651.5,7651.75,7648.0,7648.25,53.0
2019-06-18 19:09,7648.25,7649.5,7646.75,7648.75,69.0
2019-06-18 19:10,7648.75,7651.25,7648.75,7650.5,47.0
2019-06-18 19:11,7650.75,7651.5,7649.25,7650.5,25.0
2019-06-18 19:12,7650.5,7651.25,7649.75,7650.25,49.0
2019-06-18 19:13,7650.75,7650.75,7647.75,7648.5,49.0
2019-06-18 19:14,7648.5,7648.5,7646.25,7647.0,60.0
2019-06-18 19:15,7647.25,7647.25,7643.25,7644.5,181.0
2019-06-18 19:16,7644.75,7645.25,7642.75,7643.0,56.0
2019-06-18 19:17,7643.25,7647.0,7643.25,7646.5,54.0
2019-06-18 19:18,7647.0,7648.25,7646.5,7647.5,41.0
2019-06-18 19:19,7648.25,7650.0,7647.5,7649.5,62.0
2019-06-18 19:20,7648.75,7650.25,7648.0,7650.0,39.0
2019-06-18 19:21,7650.25,7650.25,7646.75,7646.75,71.0
2019-06-18 19:22,7647.0,7649.0,7647.0,7648.25,65.0
2019-06-18 19:23,7648.0,7649.25,7647.0,7647.5,37.0
2019-06-18 19:24,7647.0,7649.25,7647.0,7648.25,37.0
2019-06-18 19:25,7648.25,7650.25,7645.75,7650.0,75.0
2019-06-18 19:26,7650.25,7650.75,7648.0,7650.5,109.0
2019-06-18 19:27,7649.0,7649.5,7647.25,7648.75,77.0
2019-06-18 19:28,7648.75,7651.25,7648.0,7650.5,31.0
2019-06-18 19:29,7650.5,7650.5,7648.75,7649.25,57.0
2019-06-18 19:30,7649.75,7651.5,7645.5,7646.75,186.0
2019-06-18 19:31,7646.25,7646.25,7641.25,7642.0,250.0
2019-06-18 19:32,7643.0,7646.0,7640.25,7642.0,245.0
2019-06-18 19:33,7642.0,7644.75,7641.75,7642.5,143.0
2019-06-18 19:34,7641.5,7644.0,7641.5,7642.75,86.0
2019-06-18 19:35,7642.75,7644.0,7642.5,7643.75,72.0
2019-06-18 19:36,7643.75,7647.0,7643.75,7647.0,86.0
2019-06-18 19:37,7646.0,7647.25,7644.75,7645.75,62.0
2019-06-18 19:38,7646.0,7646.25,7641.0,7641.25,94.0
2019-06-18 19:39,7641.5,7642.25,7639.75,7640.0,65.0
2019-06-18 19:40,7640.5,7640.75,7637.0,7640.75,182.0
2019-06-18 19:41,7641.0,7645.0,7640.0,7645.0,120.0
2019-06-18 19:42,7644.5,7646.0,7643.75,7644.75,88.0
2019-06-18 19:43,7645.0,7645.5,7642.25,7643.0,60.0
2019-06-18 19:44,7644.0,7647.0,7644.0,7646.0,94.0
2019-06-18 19:45,7645.75,7648.25,7642.5,7644.5,226.0
2019-06-18 19:46,7645.5,7647.5,7644.25,7647.5,89.0
2019-06-18 19:47,7647.0,7648.0,7646.0,7646.75,91.0
2019-06-18 19:48,7646.25,7646.75,7644.0,7644.5,114.0
2019-06-18 19:49,7644.0,7645.0,7641.5,7643.25,143.0
2019-06-18 19:50,7643.5,7646.75,7640.75,7641.25,232.0
2019-06-18 19:51,7641.25,7641.75,7635.5,7637.25,303.0
2019-06-18 19:52,7637.5,7641.25,7637.5,7641.25,174.0
2019-06-18 19:53,7641.25,7642.75,7641.0,7642.5,159.0
2019-06-18 19:54,7642.75,7644.25,7637.5,7637.75,303.0
2019-06-18 19:55,7638.25,7639.0,7630.0,7635.0,702.0
2019-06-18 19:56,7634.75,7637.75,7634.25,7634.75,218.0
2019-06-18 19:57,7635.0,7635.5,7633.25,7634.25,273.0
2019-06-18 19:58,7634.25,7639.5,7633.75,7638.0,358.0
2019-06-18 19:59,7638.0,7639.75,7634.0,7638.75,806.0
2019-06-18 20:00,7638.75,7640.5,7637.25,7638.0,377.0
2019-06-18 20:01,7638.0,7640.75,7637.75,7639.75,362.0
2019-06-18 20:02,7639.5,7642.0,7639.5,7641.75,87.0
2019-06-18 20:03,7641.5,7642.0,7640.25,7641.0,141.0
2019-06-18 20:04,7640.5,7641.5,7640.25,7640.25,64.0
2019-06-18 20:05,7640.5,7640.5,7639.0,7639.5,116.0
2019-06-18 20:06,7639.25,7639.75,7638.0,7638.25,79.0
2019-06-18 20:07,7638.0,7639.0,7637.25,7639.0,62.0
2019-06-18 20:08,7639.0,7640.25,7637.0,7637.75,77.0
2019-06-18 20:09,7637.25,7639.0,7635.75,7639.0,93.0
2019-06-18 20:10,7638.5,7641.25,7638.5,7640.5,98.0
2019-06-18 20:11,7640.75,7642.75,7640.0,7642.5,44.0
2019-06-18 20:12,7642.5,7642.75,7641.75,7642.0,20.0
2019-06-18 20:13,7642.75,7644.25,7642.25,7642.25,74.0
2019-06-18 20:14,7642.25,7647.75,7641.5,7647.25,190.0
2019-06-18 20:30,7647.75,7650.25,7647.75,7649.0,51.0
2019-06-18 20:31,7648.75,7649.75,7648.75,7649.75,9.0
2019-06-18 20:32,7649.5,7649.75,7649.0,7649.0,4.0
2019-06-18 20:33,7649.75,7650.0,7649.25,7650.0,9.0
2019-06-18 20:34,7649.75,7650.25,7649.75,7650.25,5.0
2019-06-18 20:35,7650.0,7650.5,7649.75,7650.5,8.0
2019-06-18 20:36,7650.0,7650.25,7649.25,7650.0,22.0
2019-06-18 20:37,7650.5,7651.25,7650.5,7650.5,15.0
2019-06-18 20:38,7650.25,7650.5,7650.0,7650.5,4.0
2019-06-18 20:39,7650.25,7650.25,7649.75,7649.75,2.0
2019-06-18 20:40,7649.5,7650.5,7649.5,7650.5,6.0
2019-06-18 20:41,7649.75,7651.0,7649.75,7651.0,8.0
2019-06-18 20:43,7650.5,7650.75,7650.0,7650.0,8.0
2019-06-18 20:44,7649.75,7650.0,7649.75,7650.0,6.0
2019-06-18 20:45,7650.25,7650.5,7649.5,7650.0,13.0
2019-06-18 20:46,7650.0,7650.0,7650.0,7650.0,4.0
2019-06-18 20:47,7650.5,7650.5,7649.25,7649.25,12.0
2019-06-18 20:48,7649.5,7649.5,7649.5,7649.5,5.0
2019-06-18 20:49,7649.75,7650.25,7648.25,7648.25,28.0
2019-06-18 20:50,7648.5,7649.25,7648.0,7649.0,20.0
2019-06-18 20:51,7649.25,7649.5,7648.0,7648.0,10.0
2019-06-18 20:52,7648.25,7648.25,7648.0,7648.0,2.0
2019-06-18 20:53,7647.75,7648.0,7647.5,7647.75,4.0
2019-06-18 20:54,7647.75,7648.0,7647.5,7647.75,5.0
2019-06-18 20:55,7648.0,7648.25,7647.0,7647.5,19.0
2019-06-18 20:56,7647.75,7647.75,7646.75,7646.75,10.0
2019-06-18 20:57,7647.0,7648.0,7647.0,7648.0,5.0
2019-06-18 20:58,7648.5,7649.25,7648.25,7649.0,13.0
2019-06-18 20:59,7649.0,7649.25,7643.0,7643.5,59.0
2019-06-18 22:00,7641.0,7647.25,7641.0,7641.25,47.0
2019-06-18 22:01,7642.25,7642.25,7642.25,7642.25,4.0
2019-06-18 22:02,7643.75,7643.75,7641.75,7642.0,12.0
2019-06-18 22:03,7641.75,7641.75,7641.75,7641.75,1.0
2019-06-18 22:04,7641.75,7641.75,7641.75,7641.75,2.0
2019-06-18 22:05,7642.75,7646.25,7642.25,7642.25,25.0
2019-06-18 22:06,7642.0,7643.75,7641.75,7641.75,11.0
2019-06-18 22:07,7642.0,7643.5,7641.75,7643.5,5.0
2019-06-18 22:08,7643.5,7645.0,7643.5,7644.5,9.0
2019-06-18 22:09,7645.25,7645.25,7643.75,7644.0,6.0
2019-06-18 22:10,7644.0,7645.5,7643.75,7645.5,7.0
2019-06-18 22:11,7644.75,7646.25,7644.75,7646.25,8.0
2019-06-18 22:13,7645.75,7645.75,7645.25,7645.25,2.0
2019-06-18 22:14,7645.75,7645.75,7645.75,7645.75,1.0
2019-06-18 22:15,7646.0,7646.0,7645.75,7645.75,2.0
2019-06-18 22:16,7646.25,7646.75,7644.0,7645.0,26.0
2019-06-18 22:17,7645.0,7645.0,7644.5,7644.5,2.0
2019-06-18 22:18,7644.75,7645.0,7644.25,7645.0,6.0
2019-06-18 22:19,7645.5,7646.25,7645.5,7646.25,15.0
2019-06-18 22:20,7646.75,7648.0,7646.75,7647.5,12.0
2019-06-18 22:21,7646.0,7646.0,7646.0,7646.0,3.0
2019-06-18 22:25,7646.25,7646.25,7645.5,7645.5,2.0
2019-06-18 22:26,7645.5,7645.5,7645.5,7645.5,1.0
2019-06-18 22:27,7645.75,7645.75,7645.75,7645.75,1.0
2019-06-18 22:28,7646.0,7646.75,7646.0,7646.75,2.0
2019-06-18 22:29,7646.75,7647.75,7646.75,7647.5,7.0
2019-06-18 22:30,7647.75,7647.75,7647.5,7647.75,11.0
2019-06-18 22:31,7648.0,7649.0,7648.0,7648.0,18.0
2019-06-18 22:32,7647.5,7647.5,7647.5,7647.5,3.0
2019-06-18 22:33,7649.0,7649.25,7648.75,7648.75,4.0
2019-06-18 22:34,7648.5,7648.5,7648.5,7648.5,1.0
2019-06-18 22:36,7646.75,7647.0,7646.25,7646.25,4.0
2019-06-18 22:37,7646.0,7646.0,7646.0,7646.0,7.0
2019-06-18 22:38,7646.25,7647.25,7646.25,7647.25,8.0
2019-06-18 22:39,7647.25,7647.25,7647.25,7647.25,4.0
2019-06-18 22:41,7647.25,7647.25,7647.25,7647.25,2.0
2019-06-18 22:42,7648.75,7648.75,7648.25,7648.25,8.0
2019-06-18 22:43,7648.25,7648.25,7647.75,7648.25,9.0
2019-06-18 22:44,7648.25,7649.75,7648.25,7649.75,9.0
2019-06-18 22:45,7649.75,7651.75,7649.0,7651.0,32.0
2019-06-18 22:46,7650.5,7650.5,7649.5,7649.75,12.0
2019-06-18 22:47,7650.0,7650.75,7650.0,7650.5,13.0
2019-06-18 22:48,7650.5,7650.5,7650.5,7650.5,1.0
2019-06-18 22:49,7650.5,7652.5,7650.5,7651.25,54.0
2019-06-18 22:50,7650.75,7652.0,7650.75,7651.25,15.0
2019-06-18 22:51,7650.5,7650.5,7650.25,7650.25,11.0
2019-06-18 22:52,7651.0,7651.0,7650.75,7651.0,3.0
2019-06-18 22:53,7650.25,7650.5,7650.25,7650.25,4.0
2019-06-18 22:54,7650.0,7650.25,7648.75,7648.75,10.0
2019-06-18 22:55,7648.75,7649.5,7648.75,7649.25,5.0
2019-06-18 22:56,7649.25,7649.25,7649.0,7649.0,2.0
2019-06-18 22:57,7648.75,7649.25,7648.0,7649.25,10.0
2019-06-18 22:58,7649.5,7649.75,7649.25,7649.75,7.0
2019-06-18 22:59,7649.75,7649.75,7649.75,7649.75,3.0
2019-06-18 23:01,7649.25,7649.75,7649.25,7649.75,4.0
2019-06-18 23:02,7650.5,7650.75,7650.5,7650.75,2.0
2019-06-18 23:03,7650.5,7650.75,7650.5,7650.75,4.0
2019-06-18 23:04,7650.0,7650.25,7649.75,7650.25,3.0
2019-06-18 23:05,7650.0,7650.0,7650.0,7650.0,1.0
2019-06-18 23:06,7650.25,7650.25,7649.75,7650.0,6.0
2019-06-18 23:08,7650.0,7650.0,7650.0,7650.0,1.0
2019-06-18 23:09,7649.5,7649.75,7649.25,7649.75,5.0
2019-06-18 23:10,7649.5,7650.75,7649.5,7650.75,6.0
2019-06-18 23:11,7650.75,7650.75,7650.25,7650.25,3.0
2019-06-18 23:12,7649.75,7649.75,7649.25,7649.25,2.0
2019-06-18 23:13,7650.25,7650.5,7650.25,7650.5,4.0
2019-06-18 23:14,7650.25,7650.25,7650.25,7650.25,1.0
2019-06-18 23:16,7650.0,7651.0,7649.75,7651.0,6.0
2019-06-18 23:17,7650.75,7650.75,7650.5,7650.5,2.0
2019-06-18 23:18,7650.5,7650.5,7650.25,7650.5,6.0
2019-06-18 23:21,7652.25,7654.0,7652.25,7654.0,19.0
2019-06-18 23:22,7653.25,7654.75,7653.25,7654.25,21.0
2019-06-18 23:23,7654.5,7654.5,7654.5,7654.5,2.0
2019-06-18 23:24,7654.0,7654.0,7654.0,7654.0,2.0
2019-06-18 23:25,7654.25,7654.5,7654.25,7654.25,5.0
2019-06-18 23:26,7654.5,7654.75,7653.25,7653.25,12.0
2019-06-18 23:27,7653.25,7653.5,7652.25,7653.0,11.0
2019-06-18 23:28,7653.5,7653.5,7653.5,7653.5,1.0
2019-06-18 23:29,7653.25,7653.25,7653.25,7653.25,1.0
2019-06-18 23:30,7653.5,7653.5,7652.0,7652.0,8.0
2019-06-18 23:31,7652.25,7652.25,7652.0,7652.0,2.0
2019-06-18 23:32,7652.5,7653.0,7652.5,7652.75,12.0
2019-06-18 23:33,7652.75,7652.75,7652.75,7652.75,1.0
2019-06-18 23:34,7652.5,7653.25,7652.5,7653.25,3.0
2019-06-18 23:35,7653.0,7653.25,7653.0,7653.25,4.0
2019-06-18 23:36,7653.75,7653.75,7653.25,7653.25,2.0
2019-06-18 23:37,7653.75,7655.5,7653.75,7655.5,6.0
2019-06-18 23:38,7655.75,7656.5,7655.75,7655.75,14.0
2019-06-18 23:39,7655.0,7655.25,7654.75,7655.25,10.0
2019-06-18 23:40,7655.5,7655.75,7655.0,7655.5,5.0
2019-06-18 23:41,7656.0,7656.25,7654.75,7655.25,18.0
2019-06-18 23:42,7655.5,7656.25,7655.5,7656.25,2.0
2019-06-18 23:43,7656.0,7656.0,7655.75,7655.75,6.0
2019-06-18 23:44,7656.0,7656.0,7656.0,7656.0,1.0
2019-06-18 23:45,7655.5,7655.5,7655.5,7655.5,3.0
2019-06-18 23:46,7655.5,7658.25,7655.5,7658.25,14.0
2019-06-18 23:47,7658.5,7659.0,7657.75,7658.75,9.0
2019-06-18 23:48,7658.25,7658.25,7658.0,7658.0,8.0
2019-06-18 23:49,7657.75,7658.0,7657.75,7657.75,5.0
2019-06-18 23:50,7657.25,7657.25,7657.0,7657.25,16.0
2019-06-18 23:51,7657.25,7657.25,7657.25,7657.25,1.0
2019-06-18 23:52,7657.0,7657.0,7656.75,7656.75,4.0
2019-06-18 23:53,7657.5,7659.75,7657.5,7659.25,17.0
2019-06-18 23:54,7660.0,7660.0,7658.25,7658.5,23.0
2019-06-18 23:55,7658.5,7659.25,7658.0,7658.5,52.0
2019-06-18 23:56,7658.75,7658.75,7658.25,7658.25,3.0
2019-06-18 23:57,7658.5,7658.5,7658.0,7658.0,24.0
2019-06-18 23:58,7658.0,7658.0,7657.5,7657.75,18.0
2019-06-18 23:59,7657.5,7658.25,7657.5,7657.75,26.0
2019-06-19 00:00,7657.5,7657.75,7656.25,7656.25,32.0
2019-06-19 00:01,7656.0,7656.0,7654.25,7655.75,62.0
2019-06-19 00:02,7655.5,7660.0,7654.0,7660.0,115.0
2019-06-19 00:03,7659.25,7660.75,7657.5,7660.75,57.0
2019-06-19 00:04,7660.75,7661.75,7656.0,7656.0,93.0
2019-06-19 00:05,7656.0,7658.25,7655.75,7657.25,63.0
2019-06-19 00:06,7657.75,7658.25,7656.5,7656.75,53.0
2019-06-19 00:07,7656.75,7658.25,7656.75,7658.25,74.0
2019-06-19 00:08,7658.5,7659.25,7657.5,7659.25,57.0
2019-06-19 00:09,7659.25,7660.5,7659.25,7659.5,53.0
2019-06-19 00:10,7659.75,7660.5,7659.75,7660.5,32.0
2019-06-19 00:11,7660.75,7661.5,7659.75,7660.0,56.0
2019-06-19 00:12,7660.25,7660.5,7659.0,7659.0,36.0
2019-06-19 00:13,7659.25,7659.5,7658.0,7659.5,43.0
2019-06-19 00:14,7659.5,7659.5,7657.75,7658.0,42.0
2019-06-19 00:15,7657.5,7657.5,7656.0,7656.0,73.0
2019-06-19 00:16,7655.75,7656.25,7654.75,7654.75,36.0
2019-06-19 00:17,7654.75,7655.0,7653.75,7655.0,53.0
2019-06-19 00:18,7655.0,7655.25,7654.25,7655.0,32.0
2019-06-19 00:19,7655.0,7655.75,7654.75,7655.5,28.0
2019-06-19 00:20,7655.5,7656.5,7655.25,7656.0,47.0
2019-06-19 00:21,7656.0,7658.0,7656.0,7656.5,53.0
2019-06-19 00:22,7656.5,7658.25,7656.5,7657.75,49.0
2019-06-19 00:23,7656.75,7657.25,7656.5,7656.75,11.0
2019-06-19 00:24,7657.0,7658.0,7657.0,7657.75,28.0
2019-06-19 00:25,7657.5,7657.5,7655.5,7655.75,56.0
2019-06-19 00:26,7656.0,7658.75,7656.0,7658.25,63.0
2019-06-19 00:27,7658.25,7659.75,7658.25,7659.0,51.0
2019-06-19 00:28,7659.75,7660.0,7659.5,7659.5,27.0
2019-06-19 00:29,7659.5,7659.5,7658.25,7658.75,37.0
2019-06-19 00:30,7659.0,7663.25,7659.0,7661.25,208.0
2019-06-19 00:31,7661.5,7662.75,7661.5,7662.25,95.0
2019-06-19 00:32,7662.25,7662.25,7661.25,7662.0,18.0
2019-06-19 00:33,7661.75,7662.25,7661.0,7661.5,21.0
2019-06-19 00:34,7661.5,7661.75,7661.5,7661.5,20.0
2019-06-19 00:35,7661.5,7661.5,7660.75,7661.25,17.0
2019-06-19 00:36,7661.0,7661.0,7659.5,7660.75,59.0
2019-06-19 00:37,7660.5,7660.75,7659.5,7660.0,57.0
2019-06-19 00:38,7659.5,7659.5,7659.25,7659.5,23.0
2019-06-19 00:39,7659.5,7659.75,7659.25,7659.5,16.0
2019-06-19 00:40,7659.5,7660.25,7658.75,7659.0,34.0
2019-06-19 00:41,7659.25,7659.25,7658.75,7659.25,31.0
2019-06-19 00:42,7659.75,7660.25,7659.5,7660.25,18.0
2019-06-19 00:43,7660.25,7661.0,7660.25,7660.75,25.0
2019-06-19 00:44,7660.5,7661.0,7660.5,7661.0,2.0
2019-06-19 00:45,7660.75,7661.0,7660.75,7661.0,3.0
2019-06-19 00:46,7660.5,7660.5,7657.75,7657.75,54.0
2019-06-19 00:47,7658.0,7658.0,7656.75,7656.75,19.0
2019-06-19 00:48,7656.5,7657.0,7655.75,7656.75,31.0
2019-06-19 00:49,7656.75,7656.75,7655.25,7655.75,29.0
2019-06-19 00:50,7656.75,7656.75,7654.75,7656.25,75.0
2019-06-19 00:51,7655.75,7656.0,7655.25,7656.0,10.0
2019-06-19 00:52,7656.25,7656.25,7655.5,7656.0,8.0
2019-06-19 00:53,7656.75,7656.75,7656.25,7656.75,7.0
2019-06-19 00:54,7656.5,7656.75,7655.5,7656.0,18.0
2019-06-19 00:55,7656.5,7657.0,7656.5,7657.0,8.0
2019-06-19 00:56,7656.75,7656.75,7656.0,7656.25,9.0
2019-06-19 00:57,7657.0,7657.25,7657.0,7657.25,4.0
2019-06-19 00:58,7657.75,7659.25,7657.5,7658.75,23.0
2019-06-19 00:59,7659.25,7659.5,7658.5,7658.5,10.0
2019-06-19 01:00,7658.5,7658.75,7657.25,7657.75,14.0
2019-06-19 01:01,7658.25,7658.25,7655.25,7655.25,29.0
2019-06-19 01:02,7655.25,7656.5,7654.25,7655.75,48.0
2019-06-19 01:03,7655.75,7656.5,7655.75,7656.5,7.0
2019-06-19 01:04,7656.0,7656.0,7655.25,7655.25,2.0
2019-06-19 01:05,7654.75,7656.0,7654.5,7655.0,30.0
2019-06-19 01:06,7655.0,7655.0,7654.75,7654.75,11.0
2019-06-19 01:07,7655.0,7655.0,7653.75,7653.75,49.0
2019-06-19 01:08,7653.25,7654.0,7652.5,7653.75,61.0
2019-06-19 01:09,7653.75,7653.75,7652.75,7653.75,42.0
2019-06-19 01:10,7653.75,7655.25,7653.5,7654.75,28.0
2019-06-19 01:11,7655.25,7657.75,7655.25,7655.75,53.0
2019-06-19 01:12,7655.75,7656.0,7655.0,7655.25,31.0
2019-06-19 01:13,7655.25,7655.25,7654.5,7654.75,12.0
2019-06-19 01:14,7654.75,7655.75,7653.5,7655.75,31.0
2019-06-19 01:15,7656.0,7657.5,7655.75,7657.25,40.0
2019-06-19 01:16,7657.5,7658.75,7657.5,7658.5,39.0
2019-06-19 01:17,7659.0,7660.25,7658.0,7658.0,76.0
2019-06-19 01:18,7658.0,7658.5,7656.75,7656.75,55.0
2019-06-19 01:19,7656.75,7657.25,7656.5,7656.75,45.0
2019-06-19 01:20,7657.0,7657.25,7655.25,7655.75,43.0
2019-06-19 01:21,7655.75,7656.75,7653.25,7654.0,51.0
2019-06-19 01:22,7654.0,7655.0,7653.75,7655.0,47.0
2019-06-19 01:23,7655.25,7655.25,7653.75,7654.25,20.0
2019-06-19 01:24,7654.25,7655.5,7654.25,7654.75,52.0
2019-06-19 01:25,7654.75,7656.0,7654.75,7656.0,47.0
2019-06-19 01:26,7656.25,7657.75,7656.0,7657.5,58.0
2019-06-19 01:27,7657.75,7658.0,7657.25,7658.0,47.0
2019-06-19 01:28,7658.0,7659.0,7658.0,7658.25,72.0
2019-06-19 01:29,7658.5,7659.0,7658.0,7659.0,34.0
2019-06-19 01:30,7659.0,7661.0,7656.0,7656.75,120.0
2019-06-19 01:31,7656.5,7656.75,7653.25,7653.25,61.0
2019-06-19 01:32,7653.25,7653.25,7649.5,7650.25,80.0
2019-06-19 01:33,7650.25,7653.75,7650.25,7653.5,48.0
2019-06-19 01:34,7654.25,7657.75,7654.0,7655.75,43.0
2019-06-19 01:35,7656.25,7657.75,7656.25,7656.75,41.0
2019-06-19 01:36,7656.5,7657.5,7654.75,7654.75,58.0
2019-06-19 01:37,7654.5,7655.25,7654.5,7654.75,24.0
2019-06-19 01:38,7653.5,7655.25,7652.75,7652.75,36.0
2019-06-19 01:39,7652.5,7652.75,7651.25,7651.25,126.0
2019-06-19 01:40,7651.25,7652.75,7650.75,7652.25,80.0
2019-06-19 01:41,7652.0,7656.0,7652.0,7654.75,41.0
2019-06-19 01:42,7655.5,7655.5,7652.5,7653.75,73.0
2019-06-19 01:43,7653.5,7654.25,7652.25,7653.0,53.0
2019-06-19 01:44,7652.75,7653.25,7651.75,7651.75,42.0
2019-06-19 01:45,7651.75,7652.75,7651.0,7651.5,71.0
2019-06-19 01:46,7651.75,7652.0,7651.25,7651.5,34.0
2019-06-19 01:47,7651.25,7653.0,7649.5,7652.75,116.0
2019-06-19 01:48,7653.0,7653.0,7648.25,7649.0,85.0
2019-06-19 01:49,7648.0,7648.0,7644.5,7645.5,92.0
2019-06-19 01:50,7645.0,7648.0,7645.0,7648.0,65.0
2019-06-19 01:51,7647.5,7649.25,7647.25,7648.75,46.0
2019-06-19 01:52,7649.0,7649.5,7648.5,7649.0,36.0
2019-06-19 01:53,7649.0,7649.0,7648.0,7648.0,12.0
2019-06-19 01:54,7647.5,7648.0,7646.75,7647.75,29.0
2019-06-19 01:55,7648.0,7648.25,7648.0,7648.25,2.0
2019-06-19 01:56,7648.0,7648.25,7647.25,7647.25,7.0
2019-06-19 01:57,7646.75,7648.0,7646.5,7648.0,15.0
2019-06-19 01:58,7648.0,7650.5,7647.75,7650.5,45.0
2019-06-19 01:59,7650.5,7650.5,7649.25,7649.75,17.0
2019-06-19 02:00,7650.0,7650.0,7648.25,7648.75,22.0
2019-06-19 02:01,7649.0,7649.75,7649.0,7649.0,12.0
2019-06-19 02:02,7649.75,7649.75,7648.5,7648.75,11.0
2019-06-19 02:03,7649.75,7650.25,7649.0,7649.0,13.0
2019-06-19 02:04,7648.75,7648.75,7647.5,7647.75,12.0
2019-06-19 02:05,7647.25,7647.25,7645.25,7645.5,40.0
2019-06-19 02:06,7645.0,7647.0,7644.75,7646.75,26.0
2019-06-19 02:07,7647.0,7647.0,7645.75,7646.0,20.0
2019-06-19 02:08,7645.25,7646.25,7645.25,7645.75,31.0
2019-06-19 02:09,7645.75,7648.25,7645.75,7646.25,22.0
2019-06-19 02:10,7647.75,7647.75,7646.5,7647.25,7.0
2019-06-19 02:11,7647.75,7648.0,7646.5,7647.25,13.0
2019-06-19 02:12,7646.75,7648.0,7646.25,7648.0,25.0
2019-06-19 02:13,7648.25,7649.0,7647.5,7648.25,20.0
2019-06-19 02:14,7648.25,7649.0,7647.75,7648.75,23.0
2019-06-19 02:15,7648.75,7648.75,7646.75,7646.75,23.0
2019-06-19 02:16,7647.25,7648.75,7647.25,7648.75,25.0
2019-06-19 02:17,7648.25,7649.0,7648.25,7649.0,6.0
2019-06-19 02:18,7649.25,7649.25,7649.0,7649.25,10.0
2019-06-19 02:19,7649.0,7649.0,7648.0,7649.0,10.0
2019-06-19 02:20,7649.75,7650.0,7649.75,7650.0,3.0
2019-06-19 02:21,7650.75,7651.25,7650.5,7651.25,19.0
2019-06-19 02:22,7651.0,7651.5,7651.0,7651.25,6.0
2019-06-19 02:23,7651.25,7651.25,7651.25,7651.25,2.0
2019-06-19 02:24,7650.75,7650.75,7650.0,7650.25,10.0
2019-06-19 02:25,7650.75,7651.0,7650.25,7650.5,24.0
2019-06-19 02:26,7650.75,7651.25,7650.25,7651.0,19.0
2019-06-19 02:27,7651.0,7651.0,7650.75,7650.75,3.0
2019-06-19 02:28,7650.75,7651.5,7650.75,7651.5,6.0
2019-06-19 02:29,7650.75,7650.75,7650.5,7650.5,5.0
2019-06-19 02:30,7650.75,7652.0,7650.5,7650.5,14.0
2019-06-19 02:31,7650.75,7651.0,7650.5,7650.5,7.0
2019-06-19 02:32,7651.25,7652.0,7651.25,7652.0,8.0
2019-06-19 02:33,7652.0,7652.0,7651.75,7651.75,4.0
2019-06-19 02:34,7651.0,7651.0,7650.5,7650.5,3.0
2019-06-19 02:35,7650.5,7650.5,7648.5,7648.75,20.0
2019-06-19 02:36,7648.5,7648.5,7648.5,7648.5,1.0
2019-06-19 02:37,7648.75,7649.5,7648.75,7649.25,6.0
2019-06-19 02:38,7649.25,7649.25,7648.25,7649.25,5.0
2019-06-19 02:39,7650.0,7650.25,7650.0,7650.25,14.0
2019-06-19 02:40,7650.0,7650.0,7649.5,7649.5,5.0
2019-06-19 02:42,7650.5,7651.75,7650.5,7651.5,9.0
2019-06-19 02:43,7651.5,7652.0,7651.5,7651.5,8.0
2019-06-19 02:44,7651.5,7651.5,7650.0,7650.0,4.0
2019-06-19 02:45,7650.5,7651.5,7650.25,7650.75,10.0
2019-06-19 02:46,7650.75,7651.0,7650.75,7651.0,3.0
2019-06-19 02:47,7651.5,7651.5,7650.5,7651.5,6.0
2019-06-19 02:48,7650.75,7650.75,7650.5,7650.5,4.0
2019-06-19 02:49,7650.0,7650.0,7649.5,7650.0,11.0
2019-06-19 02:50,7650.5,7650.75,7650.5,7650.75,6.0
2019-06-19 02:51,7650.5,7650.75,7650.0,7650.0,4.0
2019-06-19 02:52,7649.5,7649.5,7649.5,7649.5,4.0
2019-06-19 02:54,7650.5,7650.5,7650.0,7650.0,3.0
2019-06-19 02:55,7650.5,7650.5,7650.25,7650.25,3.0
2019-06-19 02:56,7649.5,7649.5,7649.0,7649.0,2.0
2019-06-19 02:57,7648.5,7648.75,7647.75,7648.75,4.0
2019-06-19 02:58,7649.5,7649.5,7648.0,7648.0,8.0
2019-06-19 02:59,7648.0,7648.5,7648.0,7648.5,3.0
2019-06-19 03:00,7648.0,7648.0,7647.0,7647.0,15.0
2019-06-19 03:01,7647.0,7647.75,7647.0,7647.0,8.0
2019-06-19 03:02,7647.5,7647.5,7647.5,7647.5,2.0
2019-06-19 03:03,7647.75,7647.75,7647.75,7647.75,1.0
2019-06-19 03:04,7648.25,7648.5,7648.25,7648.5,3.0
2019-06-19 03:05,7648.25,7648.75,7648.0,7648.75,5.0
2019-06-19 03:06,7649.25,7649.5,7649.0,7649.5,4.0
2019-06-19 03:07,7649.5,7649.5,7649.0,7649.5,4.0
2019-06-19 03:08,7649.25,7649.75,7649.25,7649.75,2.0
2019-06-19 03:09,7650.0,7650.0,7649.5,7649.5,2.0
2019-06-19 03:10,7649.5,7649.5,7648.25,7649.0,6.0
2019-06-19 03:11,7649.5,7650.0,7649.5,7650.0,3.0
2019-06-19 03:12,7649.0,7649.0,7648.75,7648.75,3.0
2019-06-19 03:13,7648.5,7648.5,7648.25,7648.5,3.0
2019-06-19 03:14,7648.0,7648.0,7648.0,7648.0,3.0
2019-06-19 03:15,7649.0,7649.5,7649.0,7649.5,5.0
2019-06-19 03:16,7649.5,7650.25,7649.5,7650.25,3.0
2019-06-19 03:17,7650.5,7650.5,7650.0,7650.0,4.0
2019-06-19 03:18,7650.0,7650.25,7650.0,7650.0,4.0
2019-06-19 03:19,7650.25,7650.25,7650.25,7650.25,1.0
2019-06-19 03:20,7650.5,7650.5,7650.25,7650.25,4.0
2019-06-19 03:21,7650.5,7650.5,7650.25,7650.25,3.0
2019-06-19 03:22,7650.25,7650.5,7650.0,7650.0,3.0
2019-06-19 03:23,7650.0,7650.5,7650.0,7650.25,5.0
2019-06-19 03:25,7651.0,7651.0,7650.25,7650.25,4.0
2019-06-19 03:26,7650.0,7650.25,7650.0,7650.0,7.0
2019-06-19 03:27,7650.0,7651.75,7650.0,7650.75,15.0
2019-06-19 03:28,7651.0,7651.0,7651.0,7651.0,2.0
2019-06-19 03:29,7650.75,7650.75,7650.75,7650.75,1.0
2019-06-19 03:30,7650.75,7651.0,7650.5,7650.5,8.0
2019-06-19 03:31,7650.75,7650.75,7650.5,7650.5,7.0
2019-06-19 03:32,7650.0,7650.5,7649.75,7650.5,9.0
2019-06-19 03:33,7650.5,7651.0,7650.5,7651.0,7.0
2019-06-19 03:34,7649.5,7649.5,7649.5,7649.5,1.0
2019-06-19 03:35,7649.5,7649.5,7649.5,7649.5,3.0
2019-06-19 03:36,7649.0,7650.25,7649.0,7650.25,8.0
2019-06-19 03:38,7649.0,7649.25,7649.0,7649.25,3.0
2019-06-19 03:39,7649.25,7650.75,7649.25,7650.75,14.0
2019-06-19 03:40,7650.5,7650.5,7650.0,7650.25,10.0
2019-06-19 03:41,7649.75,7650.0,7649.75,7650.0,4.0
2019-06-19 03:42,7650.5,7650.5,7650.5,7650.5,4.0
2019-06-19 03:43,7650.25,7650.5,7650.25,7650.25,3.0
2019-06-19 03:44,7650.5,7650.5,7650.5,7650.5,2.0
2019-06-19 03:45,7651.0,7651.0,7650.5,7650.5,6.0
2019-06-19 03:46,7650.75,7650.75,7650.5,7650.5,6.0
2019-06-19 03:47,7650.25,7650.25,7649.75,7650.25,5.0
2019-06-19 03:48,7650.25,7650.25,7650.25,7650.25,2.0
2019-06-19 03:50,7650.25,7650.25,7650.25,7650.25,3.0
2019-06-19 03:51,7650.0,7650.25,7650.0,7650.0,5.0
2019-06-19 03:52,7650.75,7650.75,7650.5,7650.5,5.0
2019-06-19 03:54,7650.0,7650.0,7649.75,7649.75,4.0
2019-06-19 03:55,7649.75,7650.0,7649.25,7650.0,23.0
2019-06-19 03:56,7649.75,7650.25,7649.75,7650.25,12.0
2019-06-19 03:57,7650.5,7651.75,7650.5,7651.5,10.0
2019-06-19 03:58,7651.25,7651.25,7650.75,7651.0,10.0
2019-06-19 03:59,7650.75,7650.75,7650.5,7650.5,2.0
2019-06-19 04:00,7650.5,7650.5,7650.5,7650.5,6.0
2019-06-19 04:01,7650.5,7650.5,7650.0,7650.25,5.0
2019-06-19 04:02,7650.25,7650.25,7650.25,7650.25,3.0
2019-06-19 04:03,7650.0,7650.25,7649.25,7649.25,16.0
2019-06-19 04:04,7649.5,7649.75,7649.5,7649.5,7.0
2019-06-19 04:05,7649.0,7649.25,7648.75,7649.25,19.0
2019-06-19 04:06,7649.5,7649.5,7649.0,7649.25,13.0
2019-06-19 04:07,7649.25,7649.25,7649.25,7649.25,5.0
2019-06-19 04:08,7649.25,7649.25,7649.25,7649.25,1.0
2019-06-19 04:09,7649.25,7649.25,7648.5,7648.5,7.0
2019-06-19 04:10,7649.25,7649.75,7649.25,7649.75,7.0
2019-06-19 04:11,7649.75,7649.75,7649.5,7649.5,5.0
2019-06-19 04:12,7649.5,7649.5,7648.5,7648.75,24.0
2019-06-19 04:13,7649.25,7649.5,7649.25,7649.5,2.0
2019-06-19 04:14,7649.25,7649.25,7649.25,7649.25,1.0
2019-06-19 04:15,7649.5,7649.5,7649.25,7649.25,2.0
2019-06-19 04:17,7648.75,7648.75,7648.75,7648.75,1.0
2019-06-19 04:18,7648.75,7649.25,7648.5,7649.25,14.0
2019-06-19 04:19,7649.25,7649.25,7649.25,7649.25,2.0
2019-06-19 04:20,7649.5,7650.0,7649.5,7649.5,4.0
2019-06-19 04:22,7649.25,7649.25,7648.25,7648.75,12.0
2019-06-19 04:23,7648.0,7648.5,7648.0,7648.5,6.0
2019-06-19 04:24,7648.25,7648.25,7648.0,7648.0,5.0
2019-06-19 04:25,7648.0,7648.25,7648.0,7648.25,3.0
2019-06-19 04:28,7648.0,7648.0,7648.0,7648.0,3.0
2019-06-19 04:29,7648.25,7648.25,7647.75,7647.75,9.0
2019-06-19 04:30,7648.25,7648.75,7648.25,7648.25,12.0
2019-06-19 04:31,7648.0,7648.0,7648.0,7648.0,1.0
2019-06-19 04:32,7648.0,7648.0,7647.5,7647.5,10.0
2019-06-19 04:33,7647.5,7647.5,7647.25,7647.5,6.0
2019-06-19 04:34,7647.25,7647.5,7647.25,7647.5,9.0
2019-06-19 04:35,7647.5,7647.5,7646.5,7646.5,26.0
2019-06-19 04:36,7646.5,7646.75,7646.5,7646.5,7.0
2019-06-19 04:37,7646.75,7647.5,7646.75,7647.5,13.0
2019-06-19 04:38,7646.75,7646.75,7646.75,7646.75,1.0
2019-06-19 04:39,7646.5,7646.5,7645.25,7645.25,28.0
2019-06-19 04:40,7645.75,7646.25,7645.5,7646.25,11.0
2019-06-19 04:41,7646.25,7646.25,7646.0,7646.0,3.0
2019-06-19 04:42,7646.25,7646.25,7645.5,7646.0,19.0
2019-06-19 04:43,7646.0,7646.25,7645.75,7646.25,4.0
2019-06-19 04:45,7647.0,7647.25,7647.0,7647.25,8.0
2019-06-19 04:46,7647.25,7647.25,7647.25,7647.25,5.0
2019-06-19 04:47,7647.5,7648.0,7647.5,7648.0,16.0
2019-06-19 04:48,7648.0,7648.0,7647.75,7648.0,13.0
2019-06-19 04:49,7647.75,7647.75,7647.5,7647.5,4.0
2019-06-19 04:50,7647.5,7647.5,7647.5,7647.5,3.0
2019-06-19 04:51,7647.75,7648.25,7647.75,7648.25,5.0
2019-06-19 04:52,7648.5,7648.5,7648.5,7648.5,4.0
2019-06-19 04:53,7648.25,7648.25,7647.25,7647.25,7.0
2019-06-19 04:54,7647.0,7647.0,7647.0,7647.0,1.0
2019-06-19 04:55,7648.0,7648.0,7648.0,7648.0,1.0
2019-06-19 04:57,7648.75,7648.75,7648.5,7648.75,9.0
2019-06-19 04:58,7648.5,7648.75,7648.5,7648.75,2.0
2019-06-19 04:59,7648.75,7649.5,7648.75,7649.5,22.0
2019-06-19 05:00,7649.25,7649.75,7649.0,7649.0,16.0
2019-06-19 05:01,7648.5,7648.5,7647.75,7648.25,17.0
2019-06-19 05:03,7647.5,7647.75,7647.5,7647.75,4.0
2019-06-19 05:04,7648.0,7648.0,7648.0,7648.0,1.0
2019-06-19 05:05,7648.0,7648.0,7648.0,7648.0,1.0
2019-06-19 05:06,7649.25,7650.25,7648.75,7650.25,16.0
2019-06-19 05:07,7650.0,7651.25,7650.0,7650.25,24.0
2019-06-19 05:08,7650.25,7650.25,7650.0,7650.25,3.0
2019-06-19 05:09,7650.0,7651.0,7650.0,7650.25,15.0
2019-06-19 05:10,7650.5,7650.5,7649.75,7650.0,15.0
2019-06-19 05:11,7650.25,7650.25,7650.25,7650.25,1.0
2019-06-19 05:12,7650.25,7650.5,7650.25,7650.25,10.0
2019-06-19 05:13,7650.5,7650.75,7650.0,7650.75,15.0
2019-06-19 05:14,7650.5,7650.75,7650.25,7650.25,12.0
2019-06-19 05:15,7650.0,7650.25,7650.0,7650.25,11.0
2019-06-19 05:16,7650.0,7650.0,7649.5,7649.5,10.0
2019-06-19 05:17,7649.75,7649.75,7649.75,7649.75,5.0
2019-06-19 05:18,7650.0,7650.0,7649.75,7649.75,20.0
2019-06-19 05:19,7650.25,7651.0,7650.25,7650.5,21.0
2019-06-19 05:20,7650.75,7651.25,7650.25,7651.0,20.0
2019-06-19 05:21,7651.25,7652.75,7651.25,7652.25,29.0
2019-06-19 05:22,7652.25,7652.5,7652.25,7652.5,9.0
2019-06-19 05:23,7652.0,7652.25,7651.75,7652.25,10.0
2019-06-19 05:24,7651.75,7652.0,7651.75,7652.0,2.0
2019-06-19 05:25,7652.0,7652.0,7651.25,7651.25,6.0
2019-06-19 05:26,7651.5,7652.0,7651.5,7652.0,7.0
2019-06-19 05:27,7652.25,7654.0,7652.25,7653.5,26.0
2019-06-19 05:28,7653.25,7653.5,7652.75,7653.0,18.0
2019-06-19 05:29,7653.0,7653.0,7652.5,7652.5,6.0
2019-06-19 05:30,7652.75,7652.75,7652.5,7652.75,8.0
2019-06-19 05:31,7653.0,7653.75,7652.5,7652.5,28.0
2019-06-19 05:32,7652.5,7652.75,7652.0,7652.0,7.0
2019-06-19 05:33,7652.0,7652.5,7651.75,7652.25,13.0
2019-06-19 05:34,7652.0,7652.0,7651.5,7651.5,6.0
2019-06-19 05:35,7651.25,7651.25,7651.0,7651.0,9.0
2019-06-19 05:36,7651.0,7651.5,7650.75,7651.0,20.0
2019-06-19 05:37,7651.0,7651.0,7650.5,7650.75,11.0
2019-06-19 05:38,7650.75,7650.75,7649.75,7650.0,24.0
2019-06-19 05:39,7650.0,7651.5,7650.0,7651.25,37.0
2019-06-19 05:40,7651.0,7651.0,7650.0,7650.25,24.0
2019-06-19 05:41,7650.25,7650.25,7649.5,7649.75,16.0
2019-06-19 05:42,7649.5,7650.0,7649.5,7650.0,15.0
2019-06-19 05:43,7650.0,7650.0,7649.75,7650.0,19.0
2019-06-19 05:44,7649.75,7650.25,7649.75,7650.25,12.0
2019-06-19 05:45,7649.75,7651.5,7649.75,7651.25,36.0
2019-06-19 05:46,7651.0,7651.75,7651.0,7651.75,12.0
2019-06-19 05:47,7651.5,7651.5,7651.5,7651.5,1.0
2019-06-19 05:48,7651.5,7651.5,7651.0,7651.5,8.0
2019-06-19 05:49,7651.75,7651.75,7651.5,7651.5,2.0
2019-06-19 05:50,7651.5,7651.75,7651.0,7651.25,15.0
2019-06-19 05:51,7651.0,7651.0,7649.25,7649.5,38.0
2019-06-19 05:52,7649.5,7650.0,7649.5,7650.0,9.0
2019-06-19 05:53,7649.5,7649.5,7649.0,7649.25,10.0
2019-06-19 05:54,7649.25,7649.5,7648.75,7648.75,18.0
2019-06-19 05:55,7648.5,7649.5,7648.5,7648.75,33.0
2019-06-19 05:56,7648.75,7649.0,7648.75,7649.0,3.0
2019-06-19 05:57,7649.5,7650.75,7649.5,7649.75,20.0
2019-06-19 05:58,7649.75,7649.75,7648.5,7649.0,4.0
2019-06-19 05:59,7648.75,7649.5,7648.75,7649.5,24.0
2019-06-19 06:00,7649.0,7650.0,7648.5,7649.0,48.0
2019-06-19 06:01,7649.5,7651.5,7649.5,7651.5,21.0
2019-06-19 06:02,7651.25,7651.5,7650.75,7651.0,30.0
2019-06-19 06:03,7651.0,7651.5,7651.0,7651.25,5.0
2019-06-19 06:04,7651.5,7651.5,7650.75,7650.75,3.0
2019-06-19 06:05,7651.0,7651.0,7650.75,7651.0,11.0
2019-06-19 06:06,7650.5,7650.75,7650.25,7650.75,21.0
2019-06-19 06:07,7650.25,7650.75,7649.75,7650.75,38.0
2019-06-19 06:08,7650.75,7651.0,7650.5,7650.5,13.0
2019-06-19 06:09,7650.25,7650.25,7649.5,7649.5,10.0
2019-06-19 06:10,7649.75,7649.75,7648.25,7648.25,27.0
2019-06-19 06:11,7648.25,7649.0,7648.0,7648.75,51.0
2019-06-19 06:12,7648.5,7649.75,7648.25,7649.75,21.0
2019-06-19 06:13,7649.75,7650.25,7649.25,7649.5,29.0
2019-06-19 06:14,7649.75,7650.0,7649.75,7650.0,3.0
2019-06-19 06:15,7650.5,7650.75,7650.25,7650.5,13.0
2019-06-19 06:16,7650.25,7650.75,7649.75,7650.5,16.0
2019-06-19 06:17,7650.75,7651.75,7650.75,7651.0,15.0
2019-06-19 06:18,7651.0,7651.5,7651.0,7651.0,11.0
2019-06-19 06:19,7650.75,7652.25,7650.75,7652.25,9.0
2019-06-19 06:20,7652.25,7652.5,7651.5,7651.5,22.0
2019-06-19 06:21,7651.0,7651.75,7651.0,7651.75,17.0
2019-06-19 06:22,7651.5,7651.5,7651.0,7651.25,9.0
2019-06-19 06:23,7651.0,7651.0,7651.0,7651.0,9.0
2019-06-19 06:24,7651.0,7652.0,7651.0,7651.5,16.0
2019-06-19 06:25,7652.25,7652.5,7652.25,7652.25,4.0
2019-06-19 06:26,7652.5,7653.75,7652.5,7653.5,12.0
2019-06-19 06:27,7653.25,7653.75,7653.0,7653.0,18.0
2019-06-19 06:28,7653.0,7654.75,7653.0,7654.75,45.0
2019-06-19 06:29,7655.0,7655.25,7654.5,7654.5,16.0
2019-06-19 06:30,7654.25,7654.75,7654.0,7654.75,8.0
2019-06-19 06:31,7655.0,7655.0,7653.75,7653.75,14.0
2019-06-19 06:32,7653.75,7653.75,7653.25,7653.25,10.0
2019-06-19 06:33,7653.25,7653.25,7651.0,7651.0,22.0
2019-06-19 06:34,7651.0,7651.5,7650.75,7651.25,6.0
2019-06-19 06:35,7651.5,7651.5,7651.25,7651.25,10.0
2019-06-19 06:36,7650.5,7650.5,7649.5,7650.25,11.0
2019-06-19 06:37,7650.25,7650.25,7650.25,7650.25,2.0
2019-06-19 06:38,7650.5,7650.5,7649.75,7650.25,6.0
2019-06-19 06:39,7650.0,7650.25,7649.5,7649.75,10.0
2019-06-19 06:40,7649.75,7649.75,7649.25,7649.25,6.0
2019-06-19 06:41,7649.0,7649.25,7648.75,7649.25,12.0
2019-06-19 06:42,7650.25,7650.5,7650.0,7650.25,11.0
2019-06-19 06:43,7650.5,7651.5,7650.5,7650.5,35.0
2019-06-19 06:44,7650.25,7650.25,7648.75,7648.75,14.0
2019-06-19 06:45,7649.0,7649.25,7648.75,7648.75,11.0
2019-06-19 06:46,7649.0,7649.0,7648.75,7649.0,7.0
2019-06-19 06:47,7649.5,7649.75,7649.5,7649.75,10.0
2019-06-19 06:48,7650.25,7650.5,7650.25,7650.5,12.0
2019-06-19 06:49,7651.25,7651.5,7651.0,7651.5,27.0
2019-06-19 06:50,7652.0,7652.25,7650.25,7650.75,32.0
2019-06-19 06:51,7650.5,7650.5,7650.5,7650.5,1.0
2019-06-19 06:52,7650.5,7651.0,7650.25,7650.75,18.0
2019-06-19 06:53,7650.5,7650.75,7650.5,7650.5,10.0
2019-06-19 06:54,7650.25,7650.5,7650.0,7650.5,11.0
2019-06-19 06:55,7650.25,7650.5,7650.0,7650.25,15.0
2019-06-19 06:56,7649.75,7649.75,7648.5,7648.75,25.0
2019-06-19 06:57,7648.75,7649.75,7648.75,7649.25,16.0
2019-06-19 06:58,7649.5,7650.0,7649.5,7649.5,37.0
2019-06-19 06:59,7648.75,7649.0,7648.25,7648.25,6.0
2019-06-19 07:00,7648.25,7650.5,7647.0,7650.5,128.0
2019-06-19 07:01,7650.75,7652.0,7650.75,7652.0,41.0
2019-06-19 07:02,7652.25,7653.5,7651.75,7653.5,51.0
2019-06-19 07:03,7653.25,7654.75,7653.25,7654.5,46.0
2019-06-19 07:04,7654.5,7655.25,7654.25,7655.0,41.0
2019-06-19 07:05,7655.0,7655.25,7654.5,7654.5,32.0
2019-06-19 07:06,7654.75,7655.0,7652.25,7652.75,62.0
2019-06-19 07:07,7652.75,7653.5,7652.0,7652.75,48.0
2019-06-19 07:08,7652.5,7653.5,7652.25,7653.5,15.0
2019-06-19 07:09,7653.25,7653.25,7651.0,7651.5,46.0
2019-06-19 07:10,7651.5,7651.75,7650.0,7650.5,40.0
2019-06-19 07:11,7650.5,7650.5,7649.75,7649.75,32.0
2019-06-19 07:12,7649.5,7649.5,7648.5,7648.5,20.0
2019-06-19 07:13,7648.75,7649.25,7648.0,7648.0,39.0
2019-06-19 07:14,7648.25,7649.0,7648.0,7649.0,24.0
2019-06-19 07:15,7648.5,7649.5,7647.5,7649.5,46.0
2019-06-19 07:16,7649.75,7650.25,7649.0,7649.25,20.0
2019-06-19 07:17,7649.0,7649.25,7648.75,7649.0,23.0
2019-06-19 07:18,7649.0,7649.25,7648.75,7649.25,24.0
2019-06-19 07:19,7649.5,7650.75,7649.5,7650.75,36.0
2019-06-19 07:20,7650.25,7650.25,7649.5,7649.5,28.0
2019-06-19 07:21,7650.0,7650.0,7649.0,7649.75,15.0
2019-06-19 07:22,7650.0,7650.0,7648.5,7649.25,30.0
2019-06-19 07:23,7649.25,7649.75,7649.25,7649.5,19.0
2019-06-19 07:24,7649.0,7649.0,7648.75,7649.0,7.0
2019-06-19 07:25,7648.75,7649.75,7648.5,7649.5,40.0
2019-06-19 07:26,7649.25,7649.75,7648.5,7649.0,17.0
2019-06-19 07:27,7648.5,7648.75,7648.0,7648.0,10.0
2019-06-19 07:28,7647.75,7649.0,7647.5,7649.0,26.0
2019-06-19 07:29,7649.75,7652.25,7649.75,7651.5,47.0
2019-06-19 07:30,7651.5,7653.5,7651.5,7653.25,25.0
2019-06-19 07:31,7653.25,7654.75,7653.25,7654.5,43.0
2019-06-19 07:32,7654.25,7654.5,7651.25,7653.25,121.0
2019-06-19 07:33,7652.5,7654.5,7652.5,7654.0,19.0
2019-06-19 07:34,7653.75,7655.25,7653.75,7654.5,41.0
2019-06-19 07:35,7654.25,7654.25,7652.5,7653.0,13.0
2019-06-19 07:36,7652.5,7652.5,7651.75,7651.75,4.0
2019-06-19 07:37,7651.75,7653.5,7651.5,7653.0,25.0
2019-06-19 07:38,7653.5,7653.5,7653.25,7653.25,6.0
2019-06-19 07:39,7653.5,7653.5,7653.5,7653.5,1.0
2019-06-19 07:40,7653.0,7653.5,7652.25,7653.5,25.0
2019-06-19 07:41,7653.0,7653.25,7652.5,7652.5,11.0
2019-06-19 07:42,7652.5,7652.5,7652.0,7652.5,20.0
2019-06-19 07:43,7652.25,7652.25,7651.0,7651.25,15.0
2019-06-19 07:44,7651.25,7651.5,7650.5,7651.0,6.0
2019-06-19 07:45,7651.5,7651.5,7650.75,7650.75,13.0
2019-06-19 07:46,7650.0,7650.0,7649.5,7650.0,10.0
2019-06-19 07:47,7650.0,7650.75,7649.75,7649.75,6.0
2019-06-19 07:48,7650.25,7650.75,7649.75,7650.0,26.0
2019-06-19 07:49,7650.0,7650.25,7649.75,7650.25,10.0
2019-06-19 07:50,7649.5,7649.75,7649.0,7649.75,16.0
2019-06-19 07:51,7650.5,7650.5,7649.75,7649.75,15.0
2019-06-19 07:52,7650.0,7650.5,7649.75,7650.5,14.0
2019-06-19 07:53,7650.25,7650.5,7649.25,7649.25,15.0
2019-06-19 07:54,7649.5,7650.5,7649.25,7650.5,14.0
2019-06-19 07:55,7650.75,7651.75,7650.75,7651.0,14.0
2019-06-19 07:56,7651.5,7651.5,7650.25,7650.75,14.0
2019-06-19 07:57,7650.75,7651.5,7650.25,7651.5,18.0
2019-06-19 07:58,7652.0,7652.5,7651.75,7651.75,17.0
2019-06-19 07:59,7651.0,7651.0,7650.5,7650.5,9.0
2019-06-19 08:00,7650.75,7650.75,7649.75,7650.25,20.0
2019-06-19 08:01,7650.0,7654.5,7650.0,7654.0,147.0
2019-06-19 08:02,7654.0,7654.5,7652.25,7652.25,28.0
2019-06-19 08:03,7652.5,7652.75,7651.0,7651.5,47.0
2019-06-19 08:04,7651.5,7652.0,7651.0,7651.5,35.0
2019-06-19 08:05,7651.75,7652.25,7651.5,7652.0,14.0
2019-06-19 08:06,7651.5,7651.5,7651.0,7651.25,13.0
2019-06-19 08:07,7650.5,7651.5,7650.5,7651.5,8.0
2019-06-19 08:08,7651.0,7651.75,7650.75,7651.5,17.0
2019-06-19 08:09,7650.75,7651.75,7650.75,7651.25,22.0
2019-06-19 08:10,7651.25,7651.5,7651.0,7651.0,13.0
2019-06-19 08:11,7651.25,7651.5,7650.75,7651.5,34.0
2019-06-19 08:12,7651.5,7651.75,7651.25,7651.5,26.0
2019-06-19 08:13,7651.75,7651.75,7650.5,7651.0,60.0
2019-06-19 08:14,7651.0,7651.5,7651.0,7651.25,17.0
2019-06-19 08:15,7651.25,7651.75,7650.75,7651.5,86.0
2019-06-19 08:16,7651.25,7651.75,7651.25,7651.25,24.0
2019-06-19 08:17,7651.25,7651.5,7651.25,7651.5,15.0
2019-06-19 08:18,7651.75,7651.75,7650.75,7651.5,46.0
2019-06-19 08:19,7651.25,7651.5,7649.5,7649.5,68.0
2019-06-19 08:20,7649.5,7651.75,7647.25,7651.5,108.0
2019-06-19 08:21,7651.5,7651.5,7650.75,7651.0,24.0
2019-06-19 08:22,7651.0,7651.75,7651.0,7651.5,10.0
2019-06-19 08:23,7651.0,7651.75,7651.0,7651.25,53.0
2019-06-19 08:24,7651.0,7653.0,7650.75,7652.75,147.0
2019-06-19 08:25,7652.25,7654.0,7652.0,7652.75,177.0
2019-06-19 08:26,7652.75,7654.25,7652.25,7652.75,141.0
2019-06-19 08:27,7652.0,7654.25,7652.0,7654.25,126.0
2019-06-19 08:28,7653.5,7653.75,7653.25,7653.75,10.0
2019-06-19 08:29,7654.0,7654.0,7652.5,7652.5,5.0
2019-06-19 08:30,7651.75,7653.25,7650.5,7653.0,61.0
2019-06-19 08:31,7653.25,7653.75,7652.5,7652.5,26.0
2019-06-19 08:32,7651.5,7652.5,7651.25,7651.25,16.0
2019-06-19 08:33,7651.25,7651.25,7650.0,7650.25,106.0
2019-06-19 08:34,7650.0,7651.0,7650.0,7650.75,12.0
2019-06-19 08:35,7651.0,7651.25,7650.0,7650.75,14.0
2019-06-19 08:36,7650.75,7650.75,7649.25,7649.25,41.0
2019-06-19 08:37,7649.5,7650.5,7649.5,7650.25,6.0
2019-06-19 08:38,7649.75,7650.0,7649.5,7650.0,3.0
2019-06-19 08:39,7650.75,7650.75,7649.75,7650.0,4.0
2019-06-19 08:40,7650.0,7651.0,7649.75,7650.75,20.0
2019-06-19 08:41,7650.5,7650.5,7649.5,7649.75,10.0
2019-06-19 08:42,7649.5,7651.25,7649.5,7649.75,31.0
2019-06-19 08:43,7650.0,7650.0,7649.25,7649.25,14.0
2019-06-19 08:44,7649.5,7649.5,7649.0,7649.0,33.0
2019-06-19 08:45,7648.5,7648.5,7647.0,7648.5,59.0
2019-06-19 08:46,7648.5,7649.0,7647.75,7647.75,16.0
2019-06-19 08:47,7648.25,7649.0,7647.75,7648.5,14.0
2019-06-19 08:48,7648.25,7648.75,7648.25,7648.25,12.0
2019-06-19 08:49,7648.25,7648.5,7648.0,7648.0,10.0
2019-06-19 08:50,7648.25,7648.25,7647.25,7647.5,14.0
2019-06-19 08:51,7647.25,7647.25,7644.75,7644.75,49.0
2019-06-19 08:52,7644.0,7645.0,7642.75,7645.0,77.0
2019-06-19 08:53,7645.0,7645.25,7644.5,7644.75,19.0
2019-06-19 08:54,7644.75,7644.75,7642.25,7642.25,52.0
2019-06-19 08:55,7642.25,7643.25,7640.75,7640.75,53.0
2019-06-19 08:56,7640.75,7643.25,7639.75,7643.0,103.0
2019-06-19 08:57,7643.0,7644.75,7642.5,7644.75,38.0
2019-06-19 08:58,7644.75,7644.75,7643.25,7643.75,8.0
2019-06-19 08:59,7644.25,7644.25,7643.75,7644.0,9.0
2019-06-19 09:00,7644.0,7644.0,7643.0,7643.25,17.0
2019-06-19 09:01,7643.0,7643.25,7643.0,7643.25,4.0
2019-06-19 09:02,7643.75,7644.5,7643.75,7644.25,18.0
2019-06-19 09:03,7644.5,7644.5,7643.5,7644.0,6.0
2019-06-19 09:04,7644.25,7645.5,7644.25,7645.25,19.0
2019-06-19 09:05,7645.0,7645.5,7644.75,7645.5,10.0
2019-06-19 09:06,7645.0,7645.75,7644.5,7645.75,24.0
2019-06-19 09:07,7645.5,7646.0,7645.25,7646.0,7.0
2019-06-19 09:08,7646.0,7647.75,7646.0,7647.75,21.0
2019-06-19 09:09,7647.5,7647.5,7646.75,7647.0,21.0
2019-06-19 09:10,7647.0,7649.5,7647.0,7648.75,31.0
2019-06-19 09:11,7648.75,7652.25,7648.5,7652.0,58.0
2019-06-19 09:12,7651.75,7652.25,7651.0,7651.0,15.0
2019-06-19 09:13,7650.75,7650.75,7649.0,7650.25,42.0
2019-06-19 09:14,7650.25,7650.25,7648.5,7649.25,14.0
2019-06-19 09:15,7648.5,7648.5,7647.75,7648.5,9.0
2019-06-19 09:16,7648.75,7648.75,7647.75,7647.75,9.0
2019-06-19 09:17,7647.5,7647.5,7646.5,7647.0,15.0
2019-06-19 09:18,7646.0,7647.75,7646.0,7646.75,22.0
2019-06-19 09:19,7647.0,7647.25,7645.0,7645.0,15.0
2019-06-19 09:20,7645.0,7645.25,7644.5,7644.75,63.0
2019-06-19 09:21,7645.0,7645.75,7644.25,7644.75,68.0
2019-06-19 09:22,7645.75,7647.0,7645.75,7646.5,25.0
2019-06-19 09:23,7646.5,7646.5,7645.25,7646.25,14.0
2019-06-19 09:24,7645.75,7646.0,7645.75,7646.0,6.0
2019-06-19 09:25,7646.0,7646.75,7646.0,7646.75,3.0
2019-06-19 09:26,7647.0,7648.25,7647.0,7647.75,18.0
2019-06-19 09:27,7648.25,7650.75,7635.25,7641.0,376.0
2019-06-19 09:28,7640.0,7641.75,7637.0,7639.25,35.0
2019-06-19 09:29,7640.75,7641.5,7639.75,7641.5,14.0
2019-06-19 09:30,7641.5,7642.5,7641.0,7642.5,16.0
2019-06-19 09:31,7642.25,7643.25,7642.25,7643.25,9.0
2019-06-19 09:32,7643.5,7643.5,7642.75,7642.75,9.0
2019-06-19 09:33,7643.0,7644.25,7643.0,7643.0,16.0
2019-06-19 09:34,7643.0,7644.25,7643.0,7644.0,13.0
2019-06-19 09:35,7644.25,7644.25,7643.75,7644.0,10.0
2019-06-19 09:36,7643.5,7644.75,7642.5,7644.75,36.0
2019-06-19 09:37,7645.0,7646.25,7645.0,7646.0,26.0
2019-06-19 09:38,7646.25,7646.5,7645.5,7646.5,13.0
2019-06-19 09:39,7646.75,7646.75,7646.0,7646.0,10.0
2019-06-19 09:40,7646.75,7647.0,7646.0,7646.0,19.0
2019-06-19 09:41,7646.0,7646.0,7644.5,7645.75,14.0
2019-06-19 09:42,7646.25,7646.5,7645.5,7646.5,8.0
2019-06-19 09:43,7646.75,7646.75,7644.0,7644.25,23.0
2019-06-19 09:44,7644.25,7644.75,7644.0,7644.75,5.0
2019-06-19 09:45,7644.75,7644.75,7644.75,7644.75,4.0
2019-06-19 09:46,7644.75,7645.0,7644.5,7645.0,3.0
2019-06-19 09:47,7645.5,7646.75,7645.5,7646.0,34.0
2019-06-19 09:48,7647.25,7649.25,7647.25,7649.0,65.0
2019-06-19 09:49,7648.5,7648.5,7648.25,7648.5,13.0
2019-06-19 09:50,7648.5,7648.5,7647.75,7648.25,9.0
2019-06-19 09:51,7648.25,7648.75,7648.0,7648.75,7.0
2019-06-19 09:52,7649.25,7649.25,7648.25,7648.25,9.0
2019-06-19 09:53,7648.0,7648.0,7647.0,7647.5,16.0
2019-06-19 09:54,7647.25,7647.75,7647.0,7647.75,13.0
2019-06-19 09:55,7648.25,7649.25,7648.25,7648.25,33.0
2019-06-19 09:56,7649.25,7649.75,7648.5,7648.5,9.0
2019-06-19 09:57,7649.5,7649.75,7648.25,7648.25,6.0
2019-06-19 09:58,7647.5,7648.25,7647.5,7647.75,5.0
2019-06-19 09:59,7648.0,7648.5,7648.0,7648.5,2.0
2019-06-19 10:00,7649.0,7649.0,7646.25,7646.25,13.0
2019-06-19 10:01,7646.5,7647.0,7645.5,7646.5,17.0
2019-06-19 10:02,7645.75,7647.0,7645.75,7647.0,18.0
2019-06-19 10:03,7646.0,7646.0,7646.0,7646.0,1.0
2019-06-19 10:04,7646.5,7646.5,7646.25,7646.5,4.0
2019-06-19 10:05,7646.0,7646.5,7645.25,7645.5,18.0
2019-06-19 10:06,7645.25,7645.25,7644.75,7645.0,11.0
2019-06-19 10:07,7644.5,7644.5,7642.25,7643.25,20.0
2019-06-19 10:08,7643.5,7643.75,7642.75,7643.0,14.0
2019-06-19 10:09,7643.25,7643.5,7642.25,7642.5,6.0
2019-06-19 10:10,7643.0,7643.5,7641.5,7643.5,19.0
2019-06-19 10:11,7643.0,7643.5,7642.75,7643.25,6.0
2019-06-19 10:12,7644.5,7645.25,7644.5,7645.25,4.0
2019-06-19 10:13,7645.5,7646.5,7645.5,7646.5,5.0
2019-06-19 10:14,7647.25,7647.25,7647.25,7647.25,1.0
2019-06-19 10:15,7645.0,7645.5,7645.0,7645.25,12.0
2019-06-19 10:16,7645.25,7645.5,7645.0,7645.5,14.0
2019-06-19 10:18,7644.5,7647.75,7644.25,7647.75,15.0
2019-06-19 10:19,7647.25,7648.5,7647.25,7648.5,20.0
2019-06-19 10:20,7648.25,7649.5,7648.25,7649.0,27.0
2019-06-19 10:21,7649.0,7649.5,7647.0,7647.0,45.0
2019-06-19 10:22,7646.25,7648.5,7646.0,7648.25,13.0
2019-06-19 10:23,7649.0,7649.0,7649.0,7649.0,1.0
2019-06-19 10:24,7649.75,7649.75,7648.75,7649.0,7.0
2019-06-19 10:25,7648.25,7648.5,7648.25,7648.5,2.0
2019-06-19 10:26,7649.0,7649.0,7648.25,7649.0,9.0
2019-06-19 10:27,7648.75,7649.75,7648.75,7649.5,7.0
2019-06-19 10:28,7649.5,7649.5,7649.5,7649.5,3.0
2019-06-19 10:29,7649.0,7649.25,7649.0,7649.25,5.0
2019-06-19 10:30,7649.75,7649.75,7649.25,7649.25,4.0
2019-06-19 10:31,7649.75,7652.25,7649.75,7651.75,94.0
2019-06-19 10:32,7652.5,7654.25,7652.25,7653.5,49.0
2019-06-19 10:33,7653.5,7653.5,7652.25,7652.25,20.0
2019-06-19 10:34,7652.25,7652.25,7651.0,7652.25,10.0
2019-06-19 10:35,7653.0,7653.5,7653.0,7653.0,12.0
2019-06-19 10:36,7653.25,7653.5,7653.0,7653.5,4.0
2019-06-19 10:37,7653.5,7654.0,7653.0,7653.0,14.0
2019-06-19 10:38,7653.0,7653.0,7652.0,7652.25,39.0
2019-06-19 10:39,7652.0,7652.0,7651.5,7651.75,20.0
2019-06-19 10:40,7650.5,7651.25,7649.25,7649.25,27.0
2019-06-19 10:41,7649.5,7650.0,7649.5,7650.0,7.0
2019-06-19 10:42,7650.25,7650.25,7648.0,7648.0,5.0
2019-06-19 10:43,7648.0,7648.25,7647.5,7647.75,7.0
2019-06-19 10:44,7647.75,7648.0,7647.75,7648.0,4.0
2019-06-19 10:45,7648.0,7648.0,7645.75,7646.75,20.0
2019-06-19 10:46,7647.0,7647.75,7647.0,7647.25,6.0
2019-06-19 10:47,7648.0,7649.25,7648.0,7649.25,5.0
2019-06-19 10:48,7648.25,7648.25,7648.25,7648.25,1.0
2019-06-19 10:49,7648.0,7648.5,7648.0,7648.5,4.0
2019-06-19 10:50,7648.25,7650.0,7648.0,7649.75,27.0
2019-06-19 10:51,7650.5,7651.5,7650.5,7651.5,19.0
2019-06-19 10:52,7651.75,7652.0,7651.25,7651.75,8.0
2019-06-19 10:53,7652.25,7652.25,7651.25,7652.25,6.0
2019-06-19 10:54,7652.0,7652.0,7650.75,7650.75,2.0
2019-06-19 10:55,7651.75,7651.75,7651.0,7651.0,2.0
2019-06-19 10:56,7651.25,7651.25,7651.25,7651.25,1.0
2019-06-19 10:57,7651.0,7651.0,7649.75,7650.25,9.0
2019-06-19 10:58,7649.25,7651.25,7649.25,7651.25,5.0
2019-06-19 10:59,7651.25,7651.25,7651.25,7651.25,2.0
2019-06-19 11:00,7651.0,7651.0,7648.75,7650.75,15.0
2019-06-19 11:02,7649.5,7650.25,7649.5,7650.25,2.0
2019-06-19 11:03,7650.0,7650.0,7649.0,7649.0,5.0
2019-06-19 11:04,7649.5,7649.5,7648.25,7649.25,6.0
2019-06-19 11:05,7648.5,7648.5,7644.75,7645.5,49.0
2019-06-19 11:06,7645.5,7647.75,7645.5,7645.5,20.0
2019-06-19 11:07,7646.5,7646.5,7645.75,7646.0,7.0
2019-06-19 11:08,7645.75,7645.75,7644.0,7644.25,16.0
2019-06-19 11:09,7644.25,7644.25,7642.5,7643.75,35.0
2019-06-19 11:10,7644.0,7644.25,7643.5,7643.75,11.0
2019-06-19 11:11,7643.75,7644.25,7643.75,7643.75,8.0
2019-06-19 11:12,7644.5,7645.25,7644.5,7645.25,7.0
2019-06-19 11:13,7645.0,7646.0,7645.0,7645.75,10.0
2019-06-19 11:14,7645.75,7646.5,7645.75,7646.5,25.0
2019-06-19 11:15,7646.75,7646.75,7643.5,7643.5,47.0
2019-06-19 11:16,7644.25,7644.5,7644.25,7644.5,4.0
2019-06-19 11:17,7645.25,7645.25,7645.0,7645.0,4.0
2019-06-19 11:18,7646.25,7646.25,7644.75,7644.75,4.0
2019-06-19 11:19,7645.0,7645.25,7644.25,7645.0,24.0
2019-06-19 11:20,7644.5,7645.25,7644.5,7645.25,9.0
2019-06-19 11:21,7645.25,7646.0,7644.75,7645.0,10.0
2019-06-19 11:22,7645.5,7646.5,7645.5,7646.0,14.0
2019-06-19 11:23,7646.0,7646.0,7645.25,7645.5,10.0
2019-06-19 11:24,7645.5,7645.5,7645.5,7645.5,1.0
2019-06-19 11:25,7645.75,7645.75,7644.5,7644.5,3.0
2019-06-19 11:26,7644.25,7644.75,7644.25,7644.5,7.0
2019-06-19 11:27,7645.25,7645.5,7645.25,7645.5,3.0
2019-06-19 11:28,7646.25,7646.5,7645.75,7645.75,8.0
2019-06-19 11:29,7646.0,7646.0,7645.75,7645.75,2.0
2019-06-19 11:30,7645.75,7645.75,7645.5,7645.5,2.0
2019-06-19 11:31,7645.5,7646.75,7645.5,7646.5,9.0
2019-06-19 11:32,7646.5,7646.5,7646.25,7646.25,3.0
2019-06-19 11:33,7645.75,7646.0,7645.75,7646.0,2.0
2019-06-19 11:34,7646.0,7646.25,7645.5,7645.5,7.0
2019-06-19 11:35,7645.75,7645.75,7645.75,7645.75,2.0
2019-06-19 11:36,7645.5,7645.5,7644.75,7645.5,10.0
2019-06-19 11:37,7645.5,7645.75,7644.5,7644.5,12.0
2019-06-19 11:38,7644.75,7646.25,7644.75,7645.5,7.0
2019-06-19 11:39,7646.0,7646.75,7646.0,7646.75,5.0
2019-06-19 11:40,7646.75,7647.75,7646.5,7647.75,13.0
2019-06-19 11:41,7648.75,7649.25,7648.25,7648.5,11.0
2019-06-19 11:42,7649.25,7650.0,7649.25,7650.0,14.0
2019-06-19 11:43,7650.75,7650.75,7650.0,7650.25,18.0
2019-06-19 11:44,7649.25,7649.25,7649.25,7649.25,1.0
2019-06-19 11:45,7649.75,7650.25,7649.75,7650.25,2.0
2019-06-19 11:46,7650.0,7650.25,7650.0,7650.0,3.0
2019-06-19 11:47,7649.75,7650.0,7649.0,7649.5,15.0
2019-06-19 11:48,7649.5,7650.25,7649.5,7649.75,6.0
2019-06-19 11:49,7650.5,7652.0,7650.25,7651.75,13.0
2019-06-19 11:50,7652.0,7652.0,7650.75,7651.0,13.0
2019-06-19 11:51,7651.25,7651.25,7651.25,7651.25,2.0
2019-06-19 11:52,7652.0,7653.5,7651.5,7652.25,26.0
2019-06-19 11:53,7652.5,7652.5,7651.25,7651.25,16.0
2019-06-19 11:54,7652.25,7652.5,7652.25,7652.5,4.0
2019-06-19 11:55,7652.75,7653.25,7652.75,7652.75,9.0
2019-06-19 11:56,7653.0,7653.0,7651.25,7651.5,9.0
2019-06-19 11:57,7652.0,7652.5,7651.5,7652.5,5.0
2019-06-19 11:59,7653.0,7653.5,7652.75,7653.5,9.0
2019-06-19 12:00,7653.5,7653.5,7651.5,7651.5,18.0
2019-06-19 12:01,7650.25,7651.25,7650.25,7651.0,15.0
2019-06-19 12:02,7651.25,7651.75,7651.25,7651.75,4.0
2019-06-19 12:03,7651.75,7652.0,7651.75,7651.75,9.0
2019-06-19 12:04,7651.75,7651.75,7648.75,7650.5,27.0
2019-06-19 12:05,7650.25,7654.0,7650.25,7653.25,20.0
2019-06-19 12:06,7652.5,7653.25,7652.5,7653.25,9.0
2019-06-19 12:07,7653.0,7653.0,7652.5,7652.5,15.0
2019-06-19 12:08,7652.25,7653.25,7652.0,7653.25,31.0
2019-06-19 12:09,7653.0,7653.5,7652.25,7653.0,10.0
2019-06-19 12:10,7652.0,7653.0,7652.0,7652.75,11.0
2019-06-19 12:11,7652.0,7652.0,7651.0,7651.0,3.0
2019-06-19 12:12,7652.25,7653.5,7652.25,7653.5,6.0
2019-06-19 12:13,7651.5,7651.75,7651.25,7651.75,3.0
2019-06-19 12:14,7652.0,7653.0,7652.0,7653.0,5.0
2019-06-19 12:15,7652.0,7652.5,7650.75,7652.5,23.0
2019-06-19 12:16,7652.75,7652.75,7649.5,7650.75,14.0
2019-06-19 12:17,7650.0,7652.75,7650.0,7652.75,8.0
2019-06-19 12:18,7651.25,7651.25,7650.5,7650.5,4.0
2019-06-19 12:19,7651.5,7652.0,7651.5,7652.0,9.0
2019-06-19 12:20,7650.75,7650.75,7648.75,7649.5,20.0
2019-06-19 12:21,7649.5,7652.75,7649.25,7652.75,36.0
2019-06-19 12:22,7651.5,7652.5,7651.0,7652.5,14.0
2019-06-19 12:23,7652.0,7652.75,7651.5,7651.5,11.0
2019-06-19 12:24,7652.0,7654.25,7652.0,7654.25,33.0
2019-06-19 12:25,7653.5,7653.75,7653.0,7653.75,14.0
2019-06-19 12:26,7653.5,7653.75,7652.75,7653.5,12.0
2019-06-19 12:27,7654.0,7654.25,7653.25,7653.75,19.0
2019-06-19 12:28,7653.75,7654.25,7653.5,7654.0,18.0
2019-06-19 12:29,7653.5,7654.0,7653.0,7653.25,12.0
2019-06-19 12:30,7652.75,7653.25,7652.0,7652.0,12.0
2019-06-19 12:31,7651.75,7652.5,7651.25,7651.75,20.0
2019-06-19 12:32,7651.5,7653.0,7651.25,7653.0,15.0
2019-06-19 12:33,7652.5,7654.25,7652.25,7653.75,18.0
2019-06-19 12:34,7654.25,7654.75,7653.75,7653.75,13.0
2019-06-19 12:35,7653.25,7653.75,7652.0,7652.5,23.0
2019-06-19 12:36,7652.5,7653.75,7652.5,7653.75,26.0
2019-06-19 12:37,7653.5,7654.75,7653.5,7654.5,19.0
2019-06-19 12:38,7654.75,7655.25,7654.25,7654.75,28.0
2019-06-19 12:39,7654.75,7657.5,7654.5,7657.0,39.0
2019-06-19 12:40,7657.25,7658.25,7657.0,7657.5,68.0
2019-06-19 12:41,7657.0,7657.25,7656.25,7657.0,21.0
2019-06-19 12:42,7656.5,7657.0,7656.5,7657.0,9.0
2019-06-19 12:43,7656.5,7656.5,7654.25,7655.75,34.0
2019-06-19 12:44,7655.5,7655.5,7655.0,7655.0,5.0
2019-06-19 12:45,7655.5,7656.0,7655.25,7655.75,12.0
2019-06-19 12:46,7655.75,7656.0,7654.0,7655.75,36.0
2019-06-19 12:47,7655.5,7657.0,7654.75,7657.0,16.0
2019-06-19 12:48,7656.25,7657.5,7656.25,7657.5,19.0
2019-06-19 12:49,7656.75,7657.25,7656.0,7656.75,22.0
2019-06-19 12:50,7656.5,7656.5,7655.25,7655.5,9.0
2019-06-19 12:51,7655.0,7655.5,7654.75,7655.5,6.0
2019-06-19 12:52,7654.75,7655.0,7654.25,7654.25,8.0
2019-06-19 12:53,7654.5,7655.0,7654.5,7654.5,13.0
2019-06-19 12:54,7654.75,7656.75,7654.75,7656.0,14.0
2019-06-19 12:55,7654.5,7654.75,7653.75,7654.5,12.0
2019-06-19 12:56,7654.5,7655.5,7654.0,7655.5,22.0
2019-06-19 12:57,7655.5,7656.0,7654.5,7655.0,27.0
2019-06-19 12:58,7654.75,7655.0,7654.25,7655.0,21.0
2019-06-19 12:59,7655.25,7655.5,7654.25,7655.0,20.0
2019-06-19 13:00,7654.5,7654.75,7652.75,7652.75,19.0
2019-06-19 13:01,7652.75,7653.5,7652.0,7652.5,38.0
2019-06-19 13:02,7652.75,7654.25,7652.75,7653.75,29.0
2019-06-19 13:03,7653.5,7653.75,7653.0,7653.75,8.0
2019-06-19 13:04,7653.75,7654.75,7653.5,7653.5,21.0
2019-06-19 13:05,7653.25,7654.0,7653.25,7654.0,12.0
2019-06-19 13:06,7653.5,7654.25,7653.0,7654.25,17.0
2019-06-19 13:07,7654.75,7655.0,7654.0,7654.0,13.0
2019-06-19 13:08,7654.0,7654.75,7654.0,7654.25,10.0
2019-06-19 13:09,7654.5,7654.75,7653.5,7654.0,15.0
2019-06-19 13:10,7654.0,7654.5,7653.5,7654.25,20.0
2019-06-19 13:11,7654.0,7654.75,7654.0,7654.75,19.0
2019-06-19 13:12,7655.0,7655.5,7655.0,7655.25,16.0
2019-06-19 13:13,7655.75,7655.75,7654.25,7655.0,25.0
2019-06-19 13:14,7655.25,7656.5,7655.25,7655.5,18.0
2019-06-19 13:15,7655.75,7656.0,7655.0,7655.75,79.0
2019-06-19 13:16,7655.25,7656.25,7655.25,7655.75,25.0
2019-06-19 13:17,7655.75,7655.75,7654.25,7655.0,23.0
2019-06-19 13:18,7655.0,7655.0,7654.75,7654.75,4.0
2019-06-19 13:19,7654.5,7655.0,7654.0,7655.0,17.0
2019-06-19 13:20,7655.5,7655.75,7655.25,7655.75,11.0
2019-06-19 13:21,7655.5,7655.5,7654.25,7654.5,33.0
2019-06-19 13:22,7654.5,7654.5,7653.0,7653.0,38.0
2019-06-19 13:23,7653.0,7654.75,7653.0,7654.25,21.0
2019-06-19 13:24,7654.0,7654.0,7652.75,7652.75,29.0
2019-06-19 13:25,7652.75,7653.25,7651.25,7651.25,18.0
2019-06-19 13:26,7651.25,7652.0,7650.25,7650.25,54.0
2019-06-19 13:27,7650.25,7652.0,7650.25,7652.0,45.0
2019-06-19 13:28,7651.5,7652.0,7650.75,7652.0,36.0
2019-06-19 13:29,7651.75,7652.5,7651.25,7651.25,51.0
2019-06-19 13:30,7651.5,7656.25,7648.25,7655.75,494.0
2019-06-19 13:31,7655.75,7657.25,7650.5,7650.75,536.0
2019-06-19 13:32,7650.5,7650.75,7643.5,7648.0,470.0
2019-06-19 13:33,7648.25,7652.0,7643.0,7645.0,437.0
2019-06-19 13:34,7645.25,7648.25,7642.5,7642.75,322.0
2019-06-19 13:35,7642.5,7644.75,7632.5,7633.5,536.0
2019-06-19 13:36,7633.5,7635.0,7624.25,7628.75,627.0
2019-06-19 13:37,7628.5,7628.5,7620.75,7622.75,409.0
2019-06-19 13:38,7622.75,7631.25,7622.25,7629.0,766.0
2019-06-19 13:39,7629.0,7632.0,7626.25,7626.25,311.0
2019-06-19 13:40,7626.0,7626.5,7617.75,7622.5,596.0
2019-06-19 13:41,7622.75,7622.75,7611.5,7617.75,684.0
2019-06-19 13:42,7617.75,7622.25,7615.25,7619.0,549.0
2019-06-19 13:43,7619.25,7620.75,7614.5,7617.0,251.0
2019-06-19 13:44,7617.25,7622.5,7617.25,7619.25,309.0
2019-06-19 13:45,7619.25,7621.0,7615.5,7618.0,231.0
2019-06-19 13:46,7617.75,7618.75,7615.0,7617.25,271.0
2019-06-19 13:47,7617.0,7624.75,7615.5,7623.75,470.0
2019-06-19 13:48,7623.75,7626.0,7622.0,7624.75,272.0
2019-06-19 13:49,7624.5,7628.0,7623.0,7625.5,315.0
2019-06-19 13:50,7624.75,7627.0,7620.5,7627.0,215.0
2019-06-19 13:51,7627.0,7628.25,7625.75,7626.5,153.0
2019-06-19 13:52,7627.5,7630.5,7627.5,7630.0,255.0
2019-06-19 13:53,7629.5,7630.5,7626.5,7628.25,156.0
2019-06-19 13:54,7627.75,7629.75,7623.25,7627.25,251.0
2019-06-19 13:55,7627.0,7629.25,7625.0,7625.75,253.0
2019-06-19 13:56,7625.75,7628.25,7623.5,7627.25,171.0
2019-06-19 13:57,7627.25,7630.0,7627.25,7628.0,187.0
2019-06-19 13:58,7627.75,7633.0,7627.5,7630.75,317.0
2019-06-19 13:59,7630.75,7633.75,7630.5,7632.25,362.0
2019-06-19 14:00,7632.25,7635.25,7632.25,7634.75,258.0
2019-06-19 14:01,7634.75,7634.75,7630.75,7631.75,162.0
2019-06-19 14:02,7631.75,7632.75,7627.0,7629.5,282.0
2019-06-19 14:03,7629.25,7630.75,7626.75,7627.5,189.0
2019-06-19 14:04,7627.75,7634.25,7625.25,7632.75,317.0
2019-06-19 14:05,7632.5,7636.0,7632.25,7634.25,184.0
2019-06-19 14:06,7634.0,7634.0,7630.5,7632.0,230.0
2019-06-19 14:07,7631.5,7632.0,7628.25,7630.0,231.0
2019-06-19 14:08,7630.5,7631.5,7628.75,7630.0,115.0
2019-06-19 14:09,7629.5,7629.5,7626.0,7628.0,239.0
2019-06-19 14:10,7628.0,7628.75,7625.25,7628.5,127.0
2019-06-19 14:11,7628.5,7632.5,7628.0,7630.5,214.0
2019-06-19 14:12,7630.5,7630.75,7628.0,7630.75,149.0
2019-06-19 14:13,7631.0,7632.75,7630.5,7630.75,149.0
2019-06-19 14:14,7630.75,7634.0,7630.0,7632.5,152.0
2019-06-19 14:15,7632.75,7633.0,7630.0,7630.75,87.0
2019-06-19 14:16,7630.75,7630.75,7623.75,7625.25,203.0
2019-06-19 14:17,7625.5,7626.5,7623.0,7623.25,194.0
2019-06-19 14:18,7623.0,7624.75,7621.5,7624.5,186.0
2019-06-19 14:19,7624.75,7626.5,7624.0,7624.5,112.0
2019-06-19 14:20,7624.25,7626.5,7623.0,7624.75,134.0
2019-06-19 14:21,7624.75,7629.0,7624.25,7626.75,304.0
2019-06-19 14:22,7626.25,7627.25,7624.25,7627.0,90.0
2019-06-19 14:23,7626.75,7627.5,7625.5,7627.0,88.0
2019-06-19 14:24,7628.0,7628.0,7624.25,7625.75,137.0
2019-06-19 14:25,7626.0,7628.0,7625.0,7625.0,94.0
2019-06-19 14:26,7626.0,7627.0,7624.75,7625.25,107.0
2019-06-19 14:27,7626.0,7626.25,7621.75,7622.0,181.0
2019-06-19 14:28,7622.25,7623.0,7620.75,7621.0,175.0
2019-06-19 14:29,7621.25,7624.0,7621.25,7621.5,104.0
2019-06-19 14:30,7622.0,7625.5,7622.0,7624.5,228.0
2019-06-19 14:31,7625.0,7625.25,7622.75,7624.0,93.0
2019-06-19 14:32,7624.25,7625.0,7622.75,7623.75,86.0
2019-06-19 14:33,7624.0,7624.75,7620.5,7621.5,140.0
2019-06-19 14:34,7621.25,7621.75,7620.0,7620.5,243.0
2019-06-19 14:35,7620.5,7623.0,7620.0,7620.25,173.0
2019-06-19 14:36,7620.0,7622.25,7618.75,7621.75,154.0
2019-06-19 14:37,7621.25,7624.0,7620.5,7623.5,130.0
2019-06-19 14:38,7623.75,7624.75,7623.25,7624.0,119.0
2019-06-19 14:39,7624.0,7625.25,7621.75,7622.0,119.0
2019-06-19 14:40,7622.75,7623.25,7617.75,7620.5,174.0
2019-06-19 14:41,7620.0,7622.0,7619.75,7620.0,70.0
2019-06-19 14:42,7620.25,7620.25,7617.25,7619.75,141.0
2019-06-19 14:43,7620.0,7620.75,7619.5,7619.5,94.0
2019-06-19 14:44,7619.5,7624.0,7619.5,7624.0,79.0
2019-06-19 14:45,7624.0,7625.75,7623.5,7625.0,80.0
2019-06-19 14:46,7625.5,7627.0,7624.5,7626.5,176.0
2019-06-19 14:47,7627.0,7627.5,7624.75,7625.75,73.0
2019-06-19 14:48,7625.75,7627.75,7624.25,7625.25,104.0
2019-06-19 14:49,7625.5,7625.5,7623.0,7623.75,45.0
2019-06-19 14:50,7625.0,7629.25,7624.75,7629.25,125.0
2019-06-19 14:51,7629.25,7629.5,7627.5,7628.5,130.0
2019-06-19 14:52,7628.5,7628.5,7625.5,7625.75,91.0
2019-06-19 14:53,7626.0,7626.0,7622.5,7622.5,135.0
2019-06-19 14:54,7623.0,7624.75,7622.5,7624.0,66.0
2019-06-19 14:55,7624.25,7624.25,7622.5,7623.5,62.0
2019-06-19 14:56,7623.5,7624.25,7621.5,7621.75,89.0
2019-06-19 14:57,7621.75,7625.0,7621.75,7622.25,107.0
2019-06-19 14:58,7622.0,7622.0,7619.5,7620.25,149.0
2019-06-19 14:59,7620.5,7623.5,7619.25,7623.25,148.0
2019-06-19 15:00,7623.25,7625.0,7623.0,7623.5,116.0
2019-06-19 15:01,7623.75,7626.0,7623.75,7625.0,74.0
2019-06-19 15:02,7625.25,7627.75,7625.0,7627.0,115.0
2019-06-19 15:03,7627.0,7627.0,7624.0,7625.5,70.0
2019-06-19 15:04,7625.5,7626.75,7625.25,7625.5,70.0
2019-06-19 15:05,7626.0,7628.5,7626.0,7628.0,73.0
2019-06-19 15:06,7628.0,7628.75,7626.5,7626.75,75.0
2019-06-19 15:07,7627.0,7627.25,7626.0,7626.5,69.0
2019-06-19 15:08,7626.5,7628.5,7626.0,7628.0,93.0
2019-06-19 15:09,7628.5,7629.0,7626.0,7626.0,107.0
2019-06-19 15:10,7626.0,7627.0,7625.5,7626.0,56.0
2019-06-19 15:11,7625.75,7627.75,7625.25,7627.5,66.0
2019-06-19 15:12,7627.0,7629.5,7626.75,7628.5,73.0
2019-06-19 15:13,7628.25,7630.5,7627.75,7630.5,92.0
2019-06-19 15:14,7630.5,7631.5,7629.75,7630.25,107.0
2019-06-19 15:15,7630.25,7630.5,7629.5,7629.75,61.0
2019-06-19 15:16,7630.0,7630.0,7626.75,7628.5,104.0
2019-06-19 15:17,7628.75,7630.0,7628.0,7628.25,47.0
2019-06-19 15:18,7628.0,7628.5,7626.0,7627.25,118.0
2019-06-19 15:19,7627.0,7628.5,7626.75,7628.0,55.0
2019-06-19 15:20,7627.25,7631.0,7627.25,7630.75,106.0
2019-06-19 15:21,7631.0,7631.25,7630.0,7630.0,112.0
2019-06-19 15:22,7630.0,7631.25,7629.75,7630.75,81.0
2019-06-19 15:23,7631.0,7632.75,7631.0,7632.25,138.0
2019-06-19 15:24,7632.25,7633.75,7632.25,7633.5,99.0
2019-06-19 15:25,7633.25,7633.75,7632.5,7632.5,103.0
2019-06-19 15:26,7632.5,7632.75,7630.75,7631.5,106.0
2019-06-19 15:27,7631.75,7632.0,7630.75,7631.75,72.0
2019-06-19 15:28,7631.75,7632.0,7631.0,7631.5,61.0
2019-06-19 15:29,7631.5,7636.25,7631.5,7636.0,201.0
2019-06-19 15:30,7636.0,7636.5,7633.75,7635.5,173.0
2019-06-19 15:31,7635.75,7637.0,7634.5,7634.5,78.0
2019-06-19 15:32,7634.75,7635.75,7634.75,7635.75,44.0
2019-06-19 15:33,7635.75,7636.5,7633.5,7634.25,90.0
2019-06-19 15:34,7634.5,7635.75,7632.0,7632.5,113.0
2019-06-19 15:35,7632.5,7633.5,7631.25,7633.0,121.0
2019-06-19 15:36,7633.25,7633.5,7629.75,7630.75,109.0
2019-06-19 15:37,7630.5,7631.75,7629.0,7630.75,133.0
2019-06-19 15:38,7630.75,7630.75,7629.25,7629.25,45.0
2019-06-19 15:39,7629.25,7630.75,7629.25,7630.5,69.0
2019-06-19 15:40,7630.5,7630.75,7628.75,7630.75,175.0
2019-06-19 15:41,7631.0,7632.25,7631.0,7632.0,84.0
2019-06-19 15:42,7632.25,7633.5,7632.0,7632.75,91.0
2019-06-19 15:43,7632.75,7634.0,7632.25,7632.75,96.0
2019-06-19 15:44,7633.0,7634.25,7633.0,7634.0,88.0
2019-06-19 15:45,7634.0,7634.0,7631.5,7631.5,72.0
2019-06-19 15:46,7631.5,7631.5,7630.75,7631.25,42.0
2019-06-19 15:47,7632.0,7632.75,7630.75,7631.75,132.0
2019-06-19 15:48,7631.5,7634.0,7630.5,7633.5,91.0
2019-06-19 15:49,7633.75,7633.75,7631.75,7632.75,79.0
2019-06-19 15:50,7632.5,7632.5,7630.5,7630.75,55.0
2019-06-19 15:51,7630.5,7631.25,7630.0,7631.0,37.0
2019-06-19 15:52,7631.0,7633.25,7630.75,7633.0,64.0
2019-06-19 15:53,7633.0,7635.5,7632.5,7634.5,157.0
2019-06-19 15:54,7634.5,7634.75,7632.75,7632.75,80.0
2019-06-19 15:55,7633.0,7633.75,7632.5,7633.25,46.0
2019-06-19 15:56,7633.25,7633.5,7632.25,7633.0,139.0
2019-06-19 15:57,7633.0,7633.0,7631.75,7632.25,47.0
2019-06-19 15:58,7632.0,7634.0,7632.0,7633.0,62.0
2019-06-19 15:59,7632.75,7633.75,7632.5,7633.75,75.0
2019-06-19 16:00,7633.75,7635.0,7633.75,7634.25,82.0
2019-06-19 16:01,7634.75,7634.75,7631.75,7631.75,153.0
2019-06-19 16:02,7632.0,7632.25,7631.25,7631.5,36.0
2019-06-19 16:03,7631.5,7632.25,7631.25,7632.25,64.0
2019-06-19 16:04,7632.75,7633.0,7632.0,7632.5,43.0
2019-06-19 16:05,7632.75,7633.25,7631.75,7632.0,42.0
2019-06-19 16:06,7632.0,7632.25,7630.75,7631.0,52.0
2019-06-19 16:07,7631.0,7631.0,7627.5,7629.0,171.0
2019-06-19 16:08,7628.75,7630.75,7628.5,7628.75,155.0
2019-06-19 16:09,7628.5,7628.75,7624.5,7626.5,184.0
2019-06-19 16:10,7626.25,7628.5,7626.0,7628.25,61.0
2019-06-19 16:11,7628.0,7629.25,7627.5,7628.75,40.0
2019-06-19 16:12,7628.75,7629.75,7628.25,7629.0,71.0
2019-06-19 16:13,7629.0,7630.5,7628.75,7630.0,70.0
2019-06-19 16:14,7630.0,7631.25,7629.75,7630.5,63.0
2019-06-19 16:15,7630.25,7631.0,7629.0,7629.0,28.0
2019-06-19 16:16,7628.75,7629.0,7627.5,7628.0,73.0
2019-06-19 16:17,7628.0,7630.75,7627.75,7629.0,125.0
2019-06-19 16:18,7629.0,7631.25,7629.0,7630.75,45.0
2019-06-19 16:19,7631.25,7631.75,7630.25,7630.25,42.0
2019-06-19 16:20,7630.5,7630.5,7628.75,7629.25,20.0
2019-06-19 16:21,7629.5,7630.0,7628.5,7629.0,34.0
2019-06-19 16:22,7629.25,7630.25,7629.25,7629.75,17.0
2019-06-19 16:23,7629.75,7630.75,7629.5,7630.25,27.0
2019-06-19 16:24,7630.0,7632.0,7630.0,7632.0,25.0
2019-06-19 16:25,7631.75,7632.25,7631.25,7631.25,33.0
2019-06-19 16:26,7631.75,7631.75,7631.25,7631.25,8.0
2019-06-19 16:27,7631.0,7632.0,7630.5,7632.0,18.0
2019-06-19 16:28,7631.75,7631.75,7630.5,7630.5,14.0
2019-06-19 16:29,7630.5,7630.75,7630.25,7630.75,16.0
2019-06-19 16:30,7630.75,7631.0,7629.5,7630.0,28.0
2019-06-19 16:31,7629.5,7629.5,7628.25,7629.25,24.0
2019-06-19 16:32,7629.25,7629.25,7627.75,7628.0,55.0
2019-06-19 16:33,7628.5,7630.0,7628.25,7629.25,43.0
2019-06-19 16:34,7629.25,7629.25,7627.0,7627.25,66.0
2019-06-19 16:35,7627.5,7627.75,7626.75,7627.5,42.0
2019-06-19 16:36,7627.25,7630.25,7627.25,7627.75,181.0
2019-06-19 16:37,7628.25,7629.5,7628.25,7628.25,60.0
2019-06-19 16:38,7628.0,7628.75,7627.25,7628.25,42.0
2019-06-19 16:39,7628.75,7629.25,7628.25,7628.75,19.0
2019-06-19 16:40,7628.75,7630.0,7626.5,7626.75,126.0
2019-06-19 16:41,7627.25,7627.75,7627.0,7627.75,27.0
2019-06-19 16:42,7627.25,7628.0,7627.25,7627.5,20.0
2019-06-19 16:43,7628.25,7628.25,7628.0,7628.0,6.0
2019-06-19 16:44,7628.0,7628.25,7627.25,7628.0,16.0
2019-06-19 16:45,7628.0,7628.0,7627.25,7627.5,15.0
2019-06-19 16:46,7627.5,7628.5,7627.5,7627.5,15.0
2019-06-19 16:47,7628.75,7628.75,7628.0,7628.5,12.0
2019-06-19 16:48,7628.0,7628.0,7626.75,7627.75,33.0
2019-06-19 16:49,7627.5,7628.0,7627.25,7627.75,16.0
2019-06-19 16:50,7627.5,7627.75,7626.75,7627.25,21.0
2019-06-19 16:51,7627.0,7627.5,7626.25,7627.0,37.0
2019-06-19 16:52,7626.5,7626.75,7625.25,7626.0,79.0
2019-06-19 16:53,7625.5,7626.5,7625.25,7626.5,27.0
2019-06-19 16:54,7626.25,7626.75,7625.75,7626.75,18.0
2019-06-19 16:55,7626.5,7627.5,7626.0,7627.25,22.0
2019-06-19 16:56,7627.25,7627.5,7626.5,7626.5,18.0
2019-06-19 16:57,7626.75,7627.0,7626.5,7626.5,96.0
2019-06-19 16:58,7627.25,7628.25,7626.5,7627.25,52.0
2019-06-19 16:59,7627.5,7628.25,7627.25,7628.25,8.0
2019-06-19 17:00,7627.75,7627.75,7626.5,7627.0,38.0
2019-06-19 17:01,7626.25,7626.5,7626.0,7626.25,20.0
2019-06-19 17:02,7626.5,7628.25,7625.75,7627.5,48.0
2019-06-19 17:03,7627.25,7628.75,7627.0,7628.25,55.0
2019-06-19 17:04,7627.5,7628.0,7626.25,7627.0,70.0
2019-06-19 17:05,7626.75,7627.25,7626.75,7626.75,11.0
2019-06-19 17:06,7627.0,7628.5,7627.0,7628.5,13.0
2019-06-19 17:07,7628.25,7628.25,7625.75,7625.75,35.0
2019-06-19 17:08,7626.0,7626.25,7623.5,7624.0,72.0
2019-06-19 17:09,7624.25,7625.25,7624.25,7624.5,27.0
2019-06-19 17:10,7624.5,7625.5,7623.75,7624.0,45.0
2019-06-19 17:11,7624.0,7624.25,7622.0,7622.75,39.0
2019-06-19 17:12,7622.5,7623.5,7622.5,7623.25,22.0
2019-06-19 17:13,7623.0,7623.0,7620.5,7620.5,70.0
2019-06-19 17:14,7620.5,7621.25,7619.0,7620.25,118.0
2019-06-19 17:15,7620.25,7621.0,7619.25,7620.25,42.0
2019-06-19 17:16,7619.5,7620.25,7618.25,7619.25,102.0
2019-06-19 17:17,7619.0,7619.25,7618.0,7619.25,39.0
2019-06-19 17:18,7618.75,7619.25,7617.75,7617.75,44.0
2019-06-19 17:19,7618.25,7620.0,7617.5,7617.75,51.0
2019-06-19 17:20,7617.25,7617.25,7615.0,7616.5,107.0
2019-06-19 17:21,7615.5,7616.0,7615.0,7615.25,38.0
2019-06-19 17:22,7615.0,7617.75,7614.75,7617.75,127.0
2019-06-19 17:23,7617.75,7621.0,7617.25,7620.5,103.0
2019-06-19 17:24,7620.75,7621.25,7619.5,7620.5,42.0
2019-06-19 17:25,7620.0,7621.0,7619.5,7620.25,27.0
2019-06-19 17:26,7620.25,7622.0,7620.25,7621.5,50.0
2019-06-19 17:27,7622.0,7622.25,7621.75,7622.0,17.0
2019-06-19 17:28,7622.25,7623.25,7621.5,7622.75,67.0
2019-06-19 17:29,7622.75,7623.5,7622.5,7622.5,27.0
2019-06-19 17:30,7623.0,7623.5,7622.0,7622.5,33.0
2019-06-19 17:31,7622.75,7624.5,7622.0,7624.0,73.0
2019-06-19 17:32,7624.0,7624.5,7623.5,7624.25,37.0
2019-06-19 17:33,7624.0,7624.5,7623.5,7624.0,22.0
2019-06-19 17:34,7624.25,7624.5,7624.0,7624.0,18.0
2019-06-19 17:35,7624.0,7624.25,7623.75,7624.0,21.0
2019-06-19 17:36,7624.25,7625.0,7623.75,7624.25,48.0
2019-06-19 17:37,7624.0,7626.25,7624.0,7626.25,64.0
2019-06-19 17:38,7626.25,7626.5,7625.5,7625.5,18.0
2019-06-19 17:39,7625.75,7625.75,7624.5,7625.5,45.0
2019-06-19 17:40,7625.5,7626.0,7624.5,7624.75,37.0
2019-06-19 17:41,7625.0,7625.5,7623.5,7624.25,31.0
2019-06-19 17:42,7624.0,7624.5,7623.25,7624.5,52.0
2019-06-19 17:43,7624.25,7624.25,7623.0,7623.25,37.0
2019-06-19 17:44,7623.5,7623.5,7621.25,7621.25,40.0
2019-06-19 17:45,7621.5,7622.0,7621.5,7621.75,19.0
2019-06-19 17:46,7621.5,7622.0,7621.0,7621.0,20.0
2019-06-19 17:47,7621.25,7621.5,7620.25,7620.75,23.0
2019-06-19 17:48,7620.75,7621.5,7620.5,7620.5,11.0
2019-06-19 17:49,7620.25,7622.0,7619.25,7622.0,32.0
2019-06-19 17:50,7621.75,7626.5,7621.0,7626.25,46.0
2019-06-19 17:51,7626.5,7630.5,7625.75,7630.0,116.0
2019-06-19 17:52,7630.25,7630.25,7627.75,7627.75,42.0
2019-06-19 17:53,7627.5,7628.0,7625.75,7627.25,47.0
2019-06-19 17:54,7627.0,7627.0,7626.25,7626.25,10.0
2019-06-19 17:55,7625.75,7627.0,7625.0,7625.0,54.0
2019-06-19 17:56,7625.0,7626.0,7623.75,7624.5,36.0
2019-06-19 17:57,7623.25,7623.25,7621.0,7621.0,40.0
2019-06-19 17:58,7621.0,7623.25,7619.0,7619.5,50.0
2019-06-19 17:59,7619.5,7628.75,7619.5,7628.5,50.0
2019-06-19 18:00,7622.75,7636.25,7601.75,7631.75,331.0
2019-06-19 18:01,7631.25,7663.0,7628.0,7657.75,623.0
2019-06-19 18:02,7657.75,7658.5,7647.25,7648.0,265.0
2019-06-19 18:03,7646.25,7656.25,7644.0,7654.75,244.0
2019-06-19 18:04,7654.5,7671.5,7652.75,7670.0,397.0
2019-06-19 18:05,7670.0,7685.75,7669.25,7681.0,441.0
2019-06-19 18:06,7681.0,7685.0,7678.75,7680.75,357.0
2019-06-19 18:07,7680.5,7682.25,7668.25,7669.75,306.0
2019-06-19 18:08,7671.25,7671.75,7652.0,7652.75,345.0
2019-06-19 18:09,7652.75,7662.75,7652.75,7656.25,172.0
2019-06-19 18:10,7656.75,7660.0,7650.5,7651.75,182.0
2019-06-19 18:11,7651.75,7653.5,7643.75,7645.25,195.0
2019-06-19 18:12,7645.75,7656.0,7645.75,7646.0,190.0
2019-06-19 18:13,7646.5,7655.0,7646.25,7647.25,186.0
2019-06-19 18:14,7646.5,7652.5,7644.75,7647.75,119.0
2019-06-19 18:15,7648.75,7651.25,7646.25,7650.0,95.0
2019-06-19 18:16,7650.0,7655.25,7648.5,7653.25,119.0
2019-06-19 18:17,7653.75,7656.0,7649.75,7653.25,73.0
2019-06-19 18:18,7653.25,7656.75,7652.0,7654.75,71.0
2019-06-19 18:19,7654.75,7655.25,7652.0,7652.5,58.0
2019-06-19 18:20,7652.25,7654.0,7645.25,7645.25,128.0
2019-06-19 18:21,7645.75,7651.0,7644.0,7647.75,119.0
2019-06-19 18:22,7647.5,7648.75,7645.25,7648.75,43.0
2019-06-19 18:23,7647.5,7647.5,7645.5,7646.0,53.0
2019-06-19 18:24,7646.5,7646.5,7634.75,7636.0,293.0
2019-06-19 18:25,7635.75,7637.25,7630.75,7637.0,233.0
2019-06-19 18:26,7637.25,7637.25,7631.75,7636.0,93.0
2019-06-19 18:27,7635.75,7636.75,7632.0,7633.25,55.0
2019-06-19 18:28,7633.0,7641.25,7633.0,7640.5,160.0
2019-06-19 18:29,7640.5,7640.75,7637.75,7640.75,60.0
2019-06-19 18:30,7641.0,7647.25,7635.75,7645.0,170.0
2019-06-19 18:31,7645.25,7649.75,7645.0,7647.75,156.0
2019-06-19 18:32,7647.0,7659.25,7647.0,7657.75,194.0
2019-06-19 18:33,7658.75,7664.0,7658.25,7659.25,201.0
2019-06-19 18:34,7658.0,7660.0,7652.75,7655.25,201.0
2019-06-19 18:35,7655.25,7655.25,7645.75,7645.75,119.0
2019-06-19 18:36,7645.5,7657.75,7645.0,7656.0,134.0
2019-06-19 18:37,7655.75,7656.5,7647.0,7647.5,101.0
2019-06-19 18:38,7647.75,7651.0,7644.5,7649.0,101.0
2019-06-19 18:39,7647.75,7647.75,7632.5,7633.25,152.0
2019-06-19 18:40,7635.25,7636.5,7624.75,7633.0,285.0
2019-06-19 18:41,7632.75,7643.0,7632.5,7638.5,223.0
2019-06-19 18:42,7638.5,7642.75,7633.25,7634.5,93.0
2019-06-19 18:43,7635.25,7642.25,7631.75,7640.0,73.0
2019-06-19 18:44,7638.5,7642.75,7637.75,7641.25,62.0
2019-06-19 18:45,7642.0,7646.5,7637.75,7643.5,123.0
2019-06-19 18:46,7643.0,7643.0,7636.75,7639.5,68.0
2019-06-19 18:47,7639.75,7639.75,7634.0,7638.25,75.0
2019-06-19 18:48,7638.75,7641.75,7634.0,7634.75,55.0
2019-06-19 18:49,7634.75,7636.5,7630.75,7632.75,99.0
2019-06-19 18:50,7634.0,7640.25,7630.25,7638.75,122.0
2019-06-19 18:51,7637.25,7643.0,7635.25,7641.5,94.0
2019-06-19 18:52,7642.25,7647.5,7639.5,7646.75,180.0
2019-06-19 18:53,7647.0,7647.5,7642.75,7644.5,150.0
2019-06-19 18:54,7644.25,7648.25,7643.25,7648.0,152.0
2019-06-19 18:55,7648.25,7649.25,7640.0,7641.75,334.0
2019-06-19 18:56,7642.0,7647.5,7641.75,7646.0,162.0
2019-06-19 18:57,7645.5,7648.75,7645.5,7647.25,130.0
2019-06-19 18:58,7646.75,7649.75,7643.5,7644.25,228.0
2019-06-19 18:59,7643.5,7646.5,7642.0,7646.0,187.0
2019-06-19 19:00,7645.75,7647.5,7643.0,7646.75,117.0
2019-06-19 19:01,7646.75,7654.25,7646.75,7654.25,286.0
2019-06-19 19:02,7654.0,7658.5,7652.5,7658.25,341.0
2019-06-19 19:03,7658.25,7658.5,7653.25,7656.0,244.0
2019-06-19 19:04,7656.25,7658.75,7655.75,7657.5,258.0
2019-06-19 19:05,7657.75,7659.25,7654.0,7655.0,232.0
2019-06-19 19:06,7655.25,7655.25,7652.75,7654.0,202.0
2019-06-19 19:07,7654.75,7657.25,7652.5,7654.0,268.0
2019-06-19 19:08,7654.5,7655.0,7652.25,7653.25,84.0
2019-06-19 19:09,7653.5,7660.5,7653.5,7657.25,186.0
2019-06-19 19:10,7657.25,7659.5,7654.0,7656.0,222.0
2019-06-19 19:11,7656.25,7658.25,7654.5,7654.75,126.0
2019-06-19 19:12,7655.0,7658.75,7655.0,7658.5,149.0
2019-06-19 19:13,7659.0,7661.75,7656.75,7661.5,274.0
2019-06-19 19:14,7661.5,7665.75,7660.75,7663.75,300.0
2019-06-19 19:15,7663.5,7665.5,7661.75,7664.25,155.0
2019-06-19 19:16,7664.5,7665.0,7661.0,7661.0,153.0
2019-06-19 19:17,7660.75,7662.0,7657.75,7661.0,299.0
2019-06-19 19:18,7661.0,7665.25,7661.0,7665.25,165.0
2019-06-19 19:19,7665.25,7669.5,7664.25,7668.0,288.0
2019-06-19 19:20,7668.0,7672.75,7668.0,7670.75,208.0
2019-06-19 19:21,7670.75,7673.75,7668.75,7669.5,328.0
2019-06-19 19:22,7669.25,7669.25,7665.5,7666.0,210.0
2019-06-19 19:23,7666.25,7668.0,7665.75,7667.0,112.0
2019-06-19 19:24,7667.0,7670.25,7667.0,7670.0,160.0
2019-06-19 19:25,7669.75,7670.75,7668.75,7670.5,106.0
2019-06-19 19:26,7671.25,7671.5,7669.0,7669.5,88.0
2019-06-19 19:27,7669.5,7669.5,7665.5,7666.0,155.0
2019-06-19 19:28,7665.75,7666.75,7664.75,7666.25,249.0
2019-06-19 19:29,7666.5,7667.75,7666.0,7666.5,122.0
2019-06-19 19:30,7666.5,7670.75,7666.25,7670.5,183.0
2019-06-19 19:31,7670.25,7671.5,7669.5,7671.25,134.0
2019-06-19 19:32,7671.25,7672.5,7667.5,7667.75,229.0
2019-06-19 19:33,7668.0,7668.75,7666.0,7667.0,233.0
2019-06-19 19:34,7667.25,7670.0,7665.75,7669.25,258.0
2019-06-19 19:35,7669.0,7669.25,7662.25,7662.25,332.0
2019-06-19 19:36,7662.5,7666.75,7662.0,7665.0,121.0
2019-06-19 19:37,7664.75,7666.0,7663.75,7663.75,62.0
2019-06-19 19:38,7664.0,7665.5,7660.75,7660.75,78.0
2019-06-19 19:39,7661.0,7663.0,7658.0,7658.5,203.0
2019-06-19 19:40,7659.0,7661.0,7656.25,7660.25,280.0
2019-06-19 19:41,7660.5,7668.75,7660.25,7668.25,188.0
2019-06-19 19:42,7668.25,7676.75,7668.25,7674.5,337.0
2019-06-19 19:43,7674.25,7678.25,7673.25,7675.75,306.0
2019-06-19 19:44,7675.5,7675.5,7669.75,7672.25,149.0
2019-06-19 19:45,7672.0,7680.5,7672.0,7680.25,299.0
2019-06-19 19:46,7680.75,7681.5,7678.25,7679.5,194.0
2019-06-19 19:47,7679.75,7683.75,7679.75,7680.5,168.0
2019-06-19 19:48,7681.25,7681.5,7677.25,7679.75,136.0
2019-06-19 19:49,7679.25,7679.25,7675.0,7676.0,189.0
2019-06-19 19:50,7676.25,7681.25,7675.25,7677.25,272.0
2019-06-19 19:51,7677.25,7680.0,7675.75,7678.75,193.0
2019-06-19 19:52,7678.75,7679.25,7675.25,7675.75,177.0
2019-06-19 19:53,7676.75,7677.25,7674.25,7677.0,168.0
2019-06-19 19:54,7677.5,7682.5,7677.25,7677.75,416.0
2019-06-19 19:55,7678.0,7678.25,7671.25,7674.25,790.0
2019-06-19 19:56,7674.5,7675.75,7672.5,7673.25,298.0
2019-06-19 19:57,7673.5,7673.75,7669.25,7672.0,359.0
2019-06-19 19:58,7672.25,7673.5,7671.25,7672.25,333.0
2019-06-19 19:59,7672.25,7674.25,7667.25,7668.0,631.0
2019-06-19 20:00,7668.25,7673.0,7666.75,7671.5,353.0
2019-06-19 20:01,7671.5,7672.75,7670.25,7671.0,142.0
2019-06-19 20:02,7671.5,7672.25,7669.5,7672.0,77.0
2019-06-19 20:03,7672.25,7674.5,7671.75,7674.0,67.0
2019-06-19 20:04,7674.25,7674.75,7673.25,7673.5,26.0
2019-06-19 20:05,7673.75,7674.0,7673.0,7674.0,38.0
2019-06-19 20:06,7673.75,7674.5,7673.5,7673.75,28.0
2019-06-19 20:07,7674.0,7674.0,7673.25,7673.25,74.0
2019-06-19 20:08,7673.5,7674.0,7672.75,7673.25,54.0
2019-06-19 20:09,7672.5,7673.25,7672.25,7673.0,28.0
2019-06-19 20:10,7672.75,7674.0,7672.75,7673.25,160.0
2019-06-19 20:11,7673.0,7674.75,7672.75,7674.75,154.0
2019-06-19 20:12,7673.75,7676.0,7673.75,7675.0,139.0
2019-06-19 20:13,7675.0,7676.25,7673.75,7674.25,113.0
2019-06-19 20:14,7674.25,7675.5,7673.0,7674.5,108.0
2019-06-19 20:30,7673.5,7674.0,7672.75,7674.0,18.0
2019-06-19 20:31,7673.5,7673.5,7672.25,7672.25,5.0
2019-06-19 20:32,7672.0,7673.25,7672.0,7673.0,30.0
2019-06-19 20:33,7673.0,7673.25,7673.0,7673.25,5.0
2019-06-19 20:34,7672.75,7674.0,7672.75,7674.0,4.0
2019-06-19 20:36,7674.25,7674.25,7673.5,7673.5,3.0
2019-06-19 20:37,7673.75,7673.75,7672.75,7672.75,3.0
2019-06-19 20:38,7672.5,7673.0,7672.5,7673.0,2.0
2019-06-19 20:39,7673.0,7673.0,7672.75,7672.75,2.0
2019-06-19 20:40,7673.0,7673.0,7672.75,7672.75,3.0
2019-06-19 20:41,7673.25,7673.25,7672.25,7672.25,2.0
2019-06-19 20:42,7672.5,7672.5,7672.0,7672.0,10.0
2019-06-19 20:43,7671.75,7671.75,7671.5,7671.75,4.0
2019-06-19 20:44,7671.25,7671.75,7671.0,7671.0,32.0
2019-06-19 20:45,7670.5,7671.0,7670.0,7671.0,18.0
2019-06-19 20:46,7670.75,7670.75,7669.25,7669.5,25.0
2019-06-19 20:47,7670.0,7670.0,7669.0,7669.0,2.0
2019-06-19 20:48,7670.0,7670.0,7670.0,7670.0,3.0
2019-06-19 20:49,7670.75,7670.75,7670.75,7670.75,1.0
2019-06-19 20:50,7670.75,7671.75,7670.25,7671.25,28.0
2019-06-19 20:51,7670.75,7671.75,7670.75,7671.25,4.0
2019-06-19 20:52,7671.25,7671.5,7671.0,7671.5,9.0
2019-06-19 20:53,7671.75,7671.75,7669.75,7669.75,9.0
2019-06-19 20:54,7670.25,7671.0,7670.25,7671.0,9.0
2019-06-19 20:55,7670.5,7670.5,7669.5,7669.75,3.0
2019-06-19 20:56,7670.0,7670.0,7669.25,7669.25,8.0
2019-06-19 20:57,7669.0,7669.0,7669.0,7669.0,2.0
2019-06-19 20:58,7668.75,7670.0,7668.25,7670.0,16.0
2019-06-19 20:59,7669.25,7670.25,7669.25,7669.25,16.0
2019-06-19 22:00,7668.0,7669.25,7660.0,7667.75,61.0
2019-06-19 22:01,7667.0,7667.75,7665.5,7665.75,44.0
2019-06-19 22:02,7666.25,7666.25,7665.75,7666.25,16.0
2019-06-19 22:03,7666.0,7670.0,7665.75,7667.75,40.0
2019-06-19 22:04,7668.25,7670.0,7668.25,7670.0,8.0
2019-06-19 22:05,7670.5,7671.75,7670.5,7671.5,7.0
2019-06-19 22:06,7671.5,7671.5,7669.75,7669.75,7.0
2019-06-19 22:07,7670.25,7670.25,7670.25,7670.25,1.0
2019-06-19 22:08,7671.75,7671.75,7670.5,7670.5,7.0
2019-06-19 22:09,7671.25,7675.5,7671.25,7675.5,38.0
2019-06-19 22:10,7674.75,7674.75,7674.75,7674.75,3.0
2019-06-19 22:12,7673.25,7673.25,7672.75,7672.75,4.0
2019-06-19 22:13,7672.5,7672.5,7672.25,7672.25,2.0
2019-06-19 22:15,7674.0,7675.0,7674.0,7675.0,12.0
2019-06-19 22:16,7675.0,7675.0,7674.25,7674.25,5.0
2019-06-19 22:17,7673.75,7673.75,7673.75,7673.75,1.0
2019-06-19 22:18,7673.25,7673.25,7673.25,7673.25,1.0
2019-06-19 22:21,7672.75,7672.75,7672.5,7672.5,3.0
2019-06-19 22:22,7672.5,7673.0,7672.0,7673.0,9.0
2019-06-19 22:23,7673.5,7673.75,7672.75,7672.75,5.0
2019-06-19 22:24,7673.5,7673.5,7673.5,7673.5,1.0
2019-06-19 22:25,7672.75,7672.75,7672.75,7672.75,1.0
2019-06-19 22:27,7673.5,7673.5,7673.5,7673.5,1.0
2019-06-19 22:28,7674.0,7674.0,7674.0,7674.0,2.0
2019-06-19 22:30,7674.75,7675.0,7673.25,7673.25,18.0
2019-06-19 22:31,7674.25,7674.25,7673.0,7673.0,3.0
2019-06-19 22:32,7674.0,7674.0,7674.0,7674.0,2.0
2019-06-19 22:35,7674.25,7674.75,7674.0,7674.75,6.0
2019-06-19 22:36,7674.5,7674.5,7674.5,7674.5,2.0
2019-06-19 22:37,7675.25,7677.75,7675.25,7677.75,17.0
2019-06-19 22:38,7677.75,7678.25,7677.5,7678.25,8.0
2019-06-19 22:39,7677.75,7678.25,7677.75,7677.75,5.0
2019-06-19 22:40,7677.5,7677.75,7677.25,7677.75,13.0
2019-06-19 22:41,7677.5,7679.75,7677.5,7679.75,6.0
2019-06-19 22:42,7679.75,7679.75,7678.75,7678.75,2.0
2019-06-19 22:43,7679.0,7679.0,7678.75,7678.75,11.0
2019-06-19 22:44,7679.0,7679.0,7677.75,7678.0,33.0
2019-06-19 22:45,7678.5,7682.5,7678.5,7682.5,22.0
2019-06-19 22:46,7682.5,7682.5,7681.0,7682.0,9.0
2019-06-19 22:47,7682.0,7686.5,7682.0,7685.75,152.0
2019-06-19 22:48,7686.0,7688.0,7685.25,7687.25,39.0
2019-06-19 22:49,7687.25,7687.25,7686.75,7686.75,2.0
2019-06-19 22:50,7687.5,7690.25,7687.25,7690.25,34.0
2019-06-19 22:51,7689.75,7690.25,7688.5,7688.5,5.0
2019-06-19 22:52,7688.75,7689.0,7687.25,7688.75,23.0
2019-06-19 22:53,7689.25,7689.25,7688.25,7689.25,9.0
2019-06-19 22:54,7689.25,7689.75,7688.25,7688.25,10.0
2019-06-19 22:55,7687.75,7687.75,7687.5,7687.5,5.0
2019-06-19 22:56,7686.25,7686.25,7686.25,7686.25,1.0
2019-06-19 22:57,7685.75,7686.75,7685.75,7686.75,5.0
2019-06-19 22:58,7686.5,7687.0,7686.5,7687.0,6.0
2019-06-19 22:59,7686.5,7686.5,7686.5,7686.5,1.0
2019-06-19 23:00,7686.0,7686.0,7685.25,7685.5,4.0
2019-06-19 23:01,7685.75,7687.25,7685.75,7687.25,20.0
2019-06-19 23:03,7687.25,7687.25,7687.25,7687.25,1.0
2019-06-19 23:04,7687.5,7687.5,7687.0,7687.0,5.0
2019-06-19 23:06,7686.25,7686.75,7686.0,7686.75,6.0
2019-06-19 23:07,7686.25,7686.25,7685.75,7685.75,3.0
2019-06-19 23:08,7685.75,7685.75,7685.75,7685.75,1.0
2019-06-19 23:09,7686.25,7686.25,7685.75,7685.75,6.0
2019-06-19 23:10,7686.0,7686.75,7686.0,7686.75,2.0
2019-06-19 23:11,7686.75,7686.75,7686.75,7686.75,1.0
2019-06-19 23:12,7687.0,7688.5,7686.75,7688.5,10.0
2019-06-19 23:13,7689.0,7689.0,7689.0,7689.0,1.0
2019-06-19 23:14,7689.75,7690.0,7687.25,7687.75,18.0
2019-06-19 23:15,7687.0,7689.25,7687.0,7689.25,7.0
2019-06-19 23:16,7689.5,7690.25,7689.25,7690.25,11.0
2019-06-19 23:17,7690.5,7695.0,7690.5,7692.5,55.0
2019-06-19 23:18,7692.25,7692.25,7692.0,7692.0,2.0
2019-06-19 23:19,7691.25,7691.75,7691.25,7691.5,4.0
2019-06-19 23:20,7691.0,7692.25,7691.0,7692.25,12.0
2019-06-19 23:21,7691.5,7691.5,7691.0,7691.0,4.0
2019-06-19 23:22,7690.75,7690.75,7689.75,7690.5,8.0
2019-06-19 23:23,7691.0,7691.0,7690.75,7690.75,3.0
2019-06-19 23:24,7691.25,7691.5,7691.25,7691.5,2.0
2019-06-19 23:25,7691.0,7692.0,7691.0,7692.0,22.0
2019-06-19 23:26,7692.5,7692.75,7692.5,7692.75,2.0
2019-06-19 23:27,7693.5,7694.5,7693.5,7694.5,6.0
2019-06-19 23:28,7692.75,7694.25,7692.5,7694.25,5.0
2019-06-19 23:29,7694.25,7694.25,7693.75,7693.75,2.0
2019-06-19 23:30,7693.5,7693.5,7691.0,7691.0,9.0
2019-06-19 23:31,7691.0,7696.5,7690.5,7696.25,31.0
2019-06-19 23:32,7696.5,7697.75,7695.0,7697.75,13.0
2019-06-19 23:33,7697.25,7697.25,7695.5,7696.25,11.0
2019-06-19 23:34,7696.0,7696.0,7695.25,7696.0,7.0
2019-06-19 23:35,7695.5,7696.25,7695.5,7696.0,5.0
2019-06-19 23:36,7696.25,7696.25,7696.25,7696.25,1.0
2019-06-19 23:37,7695.25,7695.5,7695.0,7695.5,6.0
2019-06-19 23:38,7695.25,7695.75,7695.25,7695.25,3.0
2019-06-19 23:39,7695.0,7695.0,7694.75,7694.75,8.0
2019-06-19 23:40,7694.75,7695.25,7694.0,7694.25,10.0
2019-06-19 23:42,7694.25,7694.25,7694.0,7694.0,3.0
2019-06-19 23:43,7693.25,7694.75,7693.25,7694.75,8.0
2019-06-19 23:44,7695.0,7697.0,7695.0,7695.5,25.0
2019-06-19 23:45,7696.0,7697.75,7694.5,7697.75,56.0
2019-06-19 23:46,7698.5,7701.25,7697.25,7701.0,114.0
2019-06-19 23:47,7700.25,7701.0,7700.25,7700.75,20.0
2019-06-19 23:48,7700.75,7701.25,7700.75,7701.25,13.0
2019-06-19 23:49,7700.75,7700.75,7700.0,7700.0,13.0
2019-06-19 23:50,7700.0,7700.75,7699.5,7700.25,30.0
2019-06-19 23:51,7700.0,7700.75,7700.0,7700.75,6.0
2019-06-19 23:52,7701.25,7702.0,7701.0,7701.25,42.0
2019-06-19 23:53,7701.25,7704.0,7701.0,7702.5,48.0
2019-06-19 23:54,7702.5,7702.5,7702.0,7702.0,3.0
2019-06-19 23:55,7701.5,7701.5,7699.25,7699.25,29.0
2019-06-19 23:56,7699.25,7699.5,7697.75,7698.5,42.0
2019-06-19 23:57,7698.5,7700.0,7698.5,7699.25,16.0
2019-06-19 23:58,7699.25,7700.5,7699.25,7699.75,18.0
2019-06-19 23:59,7700.25,7700.75,7699.5,7700.25,20.0
2019-06-20 00:00,7699.75,7700.5,7697.75,7698.75,45.0
2019-06-20 00:01,7698.75,7701.75,7696.75,7700.0,72.0
2019-06-20 00:02,7700.5,7702.5,7700.5,7702.0,28.0
2019-06-20 00:03,7702.0,7703.25,7699.5,7699.75,40.0
2019-06-20 00:04,7699.75,7700.25,7698.25,7699.75,33.0
2019-06-20 00:05,7700.75,7703.0,7700.75,7702.25,53.0
2019-06-20 00:06,7703.25,7703.5,7700.75,7701.0,68.0
2019-06-20 00:07,7701.25,7704.0,7700.5,7700.75,75.0
2019-06-20 00:08,7701.0,7703.0,7700.0,7702.5,55.0
2019-06-20 00:09,7702.5,7702.5,7701.0,7701.0,20.0
2019-06-20 00:10,7701.25,7702.0,7701.25,7701.75,29.0
2019-06-20 00:11,7702.25,7704.25,7702.25,7704.0,67.0
2019-06-20 00:12,7704.75,7706.25,7704.5,7704.75,44.0
2019-06-20 00:13,7703.75,7704.0,7703.0,7703.0,15.0
2019-06-20 00:14,7702.5,7702.75,7702.0,7702.0,35.0
2019-06-20 00:15,7702.0,7702.25,7699.75,7700.0,35.0
2019-06-20 00:16,7700.5,7700.5,7699.5,7700.0,25.0
2019-06-20 00:17,7699.75,7701.0,7699.75,7700.5,56.0
2019-06-20 00:18,7700.5,7701.0,7699.5,7701.0,14.0
2019-06-20 00:19,7700.5,7701.0,7700.0,7701.0,8.0
2019-06-20 00:20,7701.5,7702.0,7701.0,7702.0,7.0
2019-06-20 00:21,7701.5,7702.25,7701.0,7701.75,20.0
2019-06-20 00:22,7701.0,7701.0,7701.0,7701.0,3.0
2019-06-20 00:23,7701.75,7701.75,7701.75,7701.75,2.0
2019-06-20 00:24,7701.0,7701.5,7700.5,7700.5,13.0
2019-06-20 00:25,7700.25,7700.25,7699.0,7700.0,14.0
2019-06-20 00:26,7699.25,7701.0,7699.25,7701.0,12.0
2019-06-20 00:27,7700.25,7701.0,7700.25,7701.0,10.0
2019-06-20 00:28,7701.5,7701.75,7701.5,7701.5,6.0
2019-06-20 00:29,7701.25,7701.75,7700.75,7701.75,6.0
2019-06-20 00:30,7702.25,7703.75,7702.25,7702.5,28.0
2019-06-20 00:31,7702.5,7702.5,7701.5,7701.75,8.0
2019-06-20 00:32,7702.5,7702.5,7702.0,7702.0,4.0
2019-06-20 00:33,7702.5,7702.5,7702.5,7702.5,2.0
2019-06-20 00:34,7703.5,7703.75,7701.5,7702.75,9.0
2019-06-20 00:35,7702.25,7702.25,7701.5,7702.0,5.0
2019-06-20 00:36,7701.25,7702.5,7701.25,7701.75,5.0
2019-06-20 00:37,7702.5,7703.5,7702.5,7703.5,9.0
2019-06-20 00:38,7702.75,7705.25,7702.75,7705.25,14.0
2019-06-20 00:39,7703.75,7704.5,7703.25,7704.5,10.0
2019-06-20 00:40,7705.25,7705.25,7704.25,7704.25,4.0
2019-06-20 00:41,7705.0,7708.5,7705.0,7708.0,28.0
2019-06-20 00:42,7707.75,7712.0,7707.5,7709.75,54.0
2019-06-20 00:43,7710.25,7710.75,7708.0,7708.25,20.0
2019-06-20 00:44,7708.75,7709.25,7708.0,7708.25,31.0
2019-06-20 00:45,7707.75,7707.75,7706.25,7707.5,14.0
2019-06-20 00:46,7706.0,7706.5,7705.75,7706.0,20.0
2019-06-20 00:47,7705.5,7706.25,7704.5,7705.5,14.0
2019-06-20 00:48,7706.0,7706.0,7705.75,7705.75,4.0
2019-06-20 00:49,7705.75,7706.25,7705.75,7706.0,3.0
2019-06-20 00:50,7707.75,7708.75,7707.75,7708.0,6.0
2019-06-20 00:51,7707.75,7708.0,7705.75,7708.0,9.0
2019-06-20 00:52,7708.5,7709.5,7708.5,7708.75,10.0
2019-06-20 00:54,7708.75,7709.0,7708.75,7709.0,3.0
2019-06-20 00:55,7708.5,7708.75,7707.0,7707.5,13.0
2019-06-20 00:56,7706.75,7708.5,7706.75,7708.5,10.0
2019-06-20 00:57,7707.75,7707.75,7706.75,7707.0,9.0
2019-06-20 00:58,7706.5,7707.0,7706.0,7707.0,13.0
2019-06-20 00:59,7708.25,7708.5,7708.0,7708.5,5.0
2019-06-20 01:00,7709.0,7710.25,7709.0,7709.75,14.0
2019-06-20 01:01,7710.5,7711.0,7708.75,7710.75,23.0
2019-06-20 01:02,7711.5,7714.0,7711.5,7714.0,40.0
2019-06-20 01:03,7712.75,7716.0,7712.25,7716.0,40.0
2019-06-20 01:04,7715.0,7719.75,7715.0,7717.5,60.0
2019-06-20 01:05,7717.25,7718.25,7715.25,7715.25,34.0
2019-06-20 01:06,7716.0,7716.0,7714.25,7716.0,19.0
2019-06-20 01:07,7715.25,7716.25,7714.75,7715.25,14.0
2019-06-20 01:08,7715.25,7717.25,7715.25,7716.25,15.0
2019-06-20 01:09,7717.5,7721.0,7717.5,7719.25,88.0
2019-06-20 01:10,7718.25,7718.25,7715.75,7715.75,22.0
2019-06-20 01:11,7715.75,7716.0,7714.75,7715.75,11.0
2019-06-20 01:12,7715.25,7715.75,7714.75,7715.25,7.0
2019-06-20 01:13,7716.0,7716.0,7715.5,7715.5,4.0
2019-06-20 01:14,7715.75,7717.0,7715.75,7716.5,13.0
2019-06-20 01:15,7715.0,7715.75,7715.0,7715.0,6.0
2019-06-20 01:16,7715.5,7716.5,7713.75,7714.25,17.0
2019-06-20 01:17,7713.5,7715.75,7713.5,7715.0,21.0
2019-06-20 01:18,7713.25,7713.5,7711.5,7712.0,38.0
2019-06-20 01:19,7711.75,7711.75,7711.0,7711.5,28.0
2019-06-20 01:20,7710.75,7712.25,7709.5,7712.25,25.0
2019-06-20 01:21,7713.25,7714.0,7711.75,7711.75,17.0
2019-06-20 01:22,7712.25,7712.75,7712.0,7712.0,8.0
2019-06-20 01:23,7711.0,7713.5,7711.0,7713.5,12.0
2019-06-20 01:24,7713.5,7715.25,7712.75,7713.5,22.0
2019-06-20 01:25,7712.0,7715.5,7712.0,7714.25,10.0
2019-06-20 01:26,7714.0,7716.25,7714.0,7716.0,20.0
2019-06-20 01:27,7717.0,7717.5,7716.5,7717.0,15.0
2019-06-20 01:28,7717.5,7718.5,7717.5,7718.5,9.0
2019-06-20 01:29,7718.5,7718.75,7716.5,7717.0,21.0
2019-06-20 01:30,7716.0,7716.75,7715.0,7716.75,11.0
2019-06-20 01:31,7717.25,7717.5,7716.0,7716.0,10.0
2019-06-20 01:32,7717.25,7717.25,7717.25,7717.25,1.0
2019-06-20 01:33,7717.5,7719.0,7717.5,7718.0,24.0
2019-06-20 01:34,7718.75,7718.75,7718.25,7718.5,11.0
2019-06-20 01:35,7717.75,7718.75,7717.75,7718.75,7.0
2019-06-20 01:36,7717.5,7717.5,7716.0,7716.5,12.0
2019-06-20 01:37,7717.0,7718.0,7717.0,7717.25,11.0
2019-06-20 01:38,7717.5,7719.0,7717.5,7719.0,26.0
2019-06-20 01:39,7718.75,7719.0,7718.0,7718.5,7.0
2019-06-20 01:40,7718.0,7718.5,7717.0,7717.5,24.0
2019-06-20 01:41,7718.0,7719.5,7716.75,7716.75,27.0
2019-06-20 01:42,7716.5,7716.5,7714.25,7714.25,17.0
2019-06-20 01:43,7714.5,7715.5,7714.25,7715.5,50.0
2019-06-20 01:44,7715.5,7716.25,7715.0,7716.25,12.0
2019-06-20 01:45,7716.25,7717.5,7716.25,7717.25,18.0
2019-06-20 01:46,7717.5,7717.5,7716.0,7717.0,34.0
2019-06-20 01:47,7716.25,7717.75,7716.0,7716.0,15.0
2019-06-20 01:48,7717.0,7717.5,7715.75,7715.75,13.0
2019-06-20 01:49,7715.5,7715.75,7714.75,7715.75,78.0
2019-06-20 01:50,7715.75,7717.0,7714.75,7717.0,90.0
2019-06-20 01:51,7718.0,7718.0,7717.25,7717.75,7.0
2019-06-20 01:52,7718.0,7718.5,7716.5,7718.5,15.0
2019-06-20 01:53,7718.25,7718.25,7718.25,7718.25,1.0
2019-06-20 01:54,7719.0,7719.25,7718.75,7719.0,5.0
2019-06-20 01:55,7719.5,7720.75,7719.5,7720.5,13.0
2019-06-20 01:56,7719.5,7719.5,7718.25,7719.5,10.0
2019-06-20 01:57,7719.75,7719.75,7719.5,7719.5,7.0
2019-06-20 01:58,7718.75,7720.25,7718.75,7719.75,7.0
2019-06-20 01:59,7719.5,7722.0,7719.25,7722.0,12.0
2019-06-20 02:00,7721.5,7721.75,7718.75,7719.25,33.0
2019-06-20 02:01,7719.75,7721.25,7719.75,7721.25,3.0
2019-06-20 02:02,7721.25,7721.5,7719.5,7719.5,6.0
2019-06-20 02:03,7717.75,7718.5,7716.5,7716.75,12.0
2019-06-20 02:04,7717.0,7717.75,7715.75,7715.75,41.0
2019-06-20 02:05,7717.0,7717.5,7716.5,7716.75,11.0
2019-06-20 02:06,7716.75,7716.75,7715.75,7715.75,6.0
2019-06-20 02:07,7716.0,7717.25,7716.0,7716.75,7.0
2019-06-20 02:08,7717.75,7718.5,7717.0,7718.0,43.0
2019-06-20 02:09,7718.0,7718.5,7717.75,7717.75,3.0
2019-06-20 02:10,7717.75,7718.25,7717.75,7718.25,2.0
2019-06-20 02:11,7718.75,7718.75,7717.75,7718.25,9.0
2019-06-20 02:12,7719.0,7719.0,7719.0,7719.0,11.0
2019-06-20 02:13,7719.25,7719.75,7718.25,7719.5,26.0
2019-06-20 02:14,7719.25,7720.25,7719.25,7720.25,76.0
2019-06-20 02:15,7720.5,7721.75,7720.5,7721.75,17.0
2019-06-20 02:16,7721.0,7721.75,7720.75,7721.25,64.0
2019-06-20 02:17,7721.5,7721.5,7720.75,7721.25,29.0
2019-06-20 02:18,7721.25,7721.25,7720.25,7720.25,4.0
2019-06-20 02:19,7721.25,7721.25,7721.0,7721.0,3.0
2019-06-20 02:20,7721.0,7721.5,7719.25,7720.5,32.0
2019-06-20 02:21,7720.75,7724.0,7720.75,7723.25,31.0
2019-06-20 02:22,7723.5,7724.5,7723.5,7724.25,9.0
2019-06-20 02:23,7724.5,7729.0,7724.5,7728.75,66.0
2019-06-20 02:24,7728.75,7732.0,7727.5,7727.5,70.0
2019-06-20 02:25,7727.25,7727.75,7726.5,7726.5,15.0
2019-06-20 02:26,7726.75,7727.5,7725.75,7725.75,5.0
2019-06-20 02:27,7725.0,7726.75,7725.0,7726.75,6.0
2019-06-20 02:28,7726.25,7728.25,7726.25,7728.0,181.0
2019-06-20 02:29,7729.0,7729.75,7727.5,7728.0,8.0
2019-06-20 02:30,7727.5,7727.75,7726.25,7726.5,7.0
2019-06-20 02:31,7726.75,7726.75,7726.25,7726.5,6.0
2019-06-20 02:32,7727.0,7727.0,7726.75,7726.75,2.0
2019-06-20 02:33,7727.75,7728.0,7727.0,7728.0,7.0
2019-06-20 02:34,7727.5,7727.5,7727.5,7727.5,1.0
2019-06-20 02:35,7727.75,7727.75,7727.75,7727.75,1.0
2019-06-20 02:36,7728.0,7730.0,7728.0,7729.25,57.0
2019-06-20 02:37,7730.0,7730.5,7729.25,7729.25,7.0
2019-06-20 02:38,7728.5,7728.5,7728.5,7728.5,1.0
2019-06-20 02:39,7728.5,7729.0,7728.25,7728.25,15.0
2019-06-20 02:40,7728.0,7728.5,7728.0,7728.0,7.0
2019-06-20 02:42,7729.0,7729.5,7729.0,7729.5,2.0
2019-06-20 02:43,7729.5,7729.5,7729.5,7729.5,2.0
2019-06-20 02:44,7728.25,7728.75,7727.75,7727.75,9.0
2019-06-20 02:45,7727.25,7727.25,7726.25,7726.25,25.0
2019-06-20 02:46,7726.25,7727.0,7726.25,7727.0,5.0
2019-06-20 02:47,7727.0,7729.0,7727.0,7728.25,19.0
2019-06-20 02:48,7728.0,7729.25,7728.0,7729.0,3.0
2019-06-20 02:49,7728.5,7728.5,7728.25,7728.25,5.0
2019-06-20 02:50,7729.0,7729.0,7729.0,7729.0,3.0
2019-06-20 02:51,7728.5,7728.75,7728.0,7728.75,13.0
2019-06-20 02:53,7728.0,7728.0,7727.0,7727.25,8.0
2019-06-20 02:54,7726.25,7727.0,7725.75,7726.0,10.0
2019-06-20 02:55,7727.75,7727.75,7727.0,7727.0,6.0
2019-06-20 02:56,7727.0,7727.0,7727.0,7727.0,4.0
2019-06-20 02:57,7727.75,7728.0,7727.75,7728.0,2.0
2019-06-20 02:58,7727.0,7727.0,7726.0,7726.25,6.0
2019-06-20 02:59,7726.25,7726.25,7724.5,7725.0,15.0
2019-06-20 03:00,7725.0,7725.75,7725.0,7725.75,8.0
2019-06-20 03:01,7725.25,7726.5,7725.25,7726.0,9.0
2019-06-20 03:02,7726.5,7726.5,7726.5,7726.5,2.0
2019-06-20 03:03,7725.75,7726.75,7725.75,7726.75,12.0
2019-06-20 03:04,7727.5,7728.25,7727.5,7727.75,11.0
2019-06-20 03:05,7728.5,7728.75,7727.75,7728.25,11.0
2019-06-20 03:06,7728.25,7728.25,7727.25,7727.25,3.0
2019-06-20 03:07,7727.25,7727.25,7726.25,7726.75,7.0
2019-06-20 03:08,7727.25,7727.25,7726.75,7726.75,14.0
2019-06-20 03:09,7727.5,7727.5,7727.25,7727.5,3.0
2019-06-20 03:10,7727.5,7728.0,7727.5,7727.75,10.0
2019-06-20 03:11,7728.25,7729.25,7728.0,7729.0,8.0
2019-06-20 03:12,7729.25,7730.5,7729.25,7730.25,23.0
2019-06-20 03:13,7730.5,7731.5,7730.0,7731.5,13.0
2019-06-20 03:14,7731.5,7732.25,7731.25,7731.5,11.0
2019-06-20 03:15,7732.0,7732.75,7731.0,7732.75,36.0
2019-06-20 03:16,7732.25,7732.25,7731.75,7732.0,8.0
2019-06-20 03:17,7731.5,7732.5,7731.5,7732.25,17.0
2019-06-20 03:18,7732.5,7732.75,7731.25,7732.0,12.0
2019-06-20 03:19,7732.0,7732.0,7732.0,7732.0,2.0
2019-06-20 03:20,7731.25,7733.25,7731.0,7733.0,27.0
2019-06-20 03:21,7732.75,7736.0,7732.75,7734.75,60.0
2019-06-20 03:22,7734.5,7734.5,7733.5,7733.5,8.0
2019-06-20 03:23,7733.5,7733.75,7732.5,7732.75,17.0
2019-06-20 03:24,7732.75,7733.5,7732.25,7733.5,8.0
2019-06-20 03:25,7733.5,7734.75,7733.5,7734.75,15.0
2019-06-20 03:26,7734.75,7734.75,7734.0,7734.0,9.0
2019-06-20 03:27,7734.0,7734.25,7733.5,7734.0,19.0
2019-06-20 03:28,7734.5,7735.0,7734.0,7734.0,16.0
2019-06-20 03:29,7733.5,7734.0,7732.25,7732.5,18.0
2019-06-20 03:30,7732.75,7733.0,7732.0,7732.0,23.0
2019-06-20 03:31,7732.25,7732.75,7732.0,7732.75,3.0
2019-06-20 03:32,7733.25,7734.0,7733.25,7734.0,13.0
2019-06-20 03:33,7733.75,7734.75,7733.75,7734.5,4.0
2019-06-20 03:34,7734.0,7734.25,7733.75,7733.75,4.0
2019-06-20 03:35,7733.25,7733.5,7733.25,7733.5,5.0
2019-06-20 03:36,7733.25,7733.25,7732.75,7733.25,5.0
2019-06-20 03:37,7733.5,7733.5,7733.25,7733.5,5.0
2019-06-20 03:38,7733.25,7733.25,7733.25,7733.25,2.0
2019-06-20 03:39,7733.75,7735.0,7733.75,7733.75,61.0
2019-06-20 03:40,7734.0,7734.25,7734.0,7734.25,14.0
2019-06-20 03:41,7733.75,7734.0,7733.5,7733.5,6.0
2019-06-20 03:42,7733.25,7734.25,7733.25,7734.25,10.0
2019-06-20 03:43,7735.0,7735.75,7735.0,7735.5,7.0
2019-06-20 03:44,7735.5,7736.5,7735.5,7735.75,19.0
2019-06-20 03:45,7735.75,7736.5,7735.5,7736.25,13.0
2019-06-20 03:46,7736.25,7737.5,7736.0,7736.75,20.0
2019-06-20 03:47,7736.5,7737.0,7736.5,7736.5,5.0
2019-06-20 03:48,7736.25,7736.75,7736.25,7736.75,4.0
2019-06-20 03:49,7737.25,7739.0,7737.25,7737.75,33.0
2019-06-20 03:50,7738.25,7738.5,7737.5,7738.0,9.0
2019-06-20 03:51,7736.75,7736.75,7736.75,7736.75,2.0
2019-06-20 03:52,7736.25,7736.5,7735.0,7735.0,18.0
2019-06-20 03:53,7735.5,7736.0,7735.25,7736.0,8.0
2019-06-20 03:54,7735.75,7736.0,7735.5,7735.5,5.0
2019-06-20 03:55,7735.25,7735.25,7735.25,7735.25,2.0
2019-06-20 03:56,7736.0,7736.5,7736.0,7736.5,3.0
2019-06-20 03:57,7736.75,7737.0,7736.75,7737.0,3.0
2019-06-20 03:58,7737.0,7737.25,7735.5,7735.75,11.0
2019-06-20 03:59,7735.75,7736.0,7735.75,7736.0,6.0
2019-06-20 04:00,7735.0,7735.0,7734.5,7734.5,8.0
2019-06-20 04:01,7735.0,7735.25,7735.0,7735.25,4.0
2019-06-20 04:02,7735.25,7735.25,7735.25,7735.25,1.0
2019-06-20 04:03,7736.0,7736.0,7736.0,7736.0,5.0
2019-06-20 04:04,7736.0,7736.0,7734.5,7734.5,4.0
2019-06-20 04:05,7735.0,7735.0,7735.0,7735.0,2.0
2019-06-20 04:06,7735.0,7735.5,7735.0,7735.0,4.0
2019-06-20 04:07,7735.0,7735.0,7734.0,7734.0,6.0
2019-06-20 04:08,7734.25,7734.25,7734.25,7734.25,1.0
2019-06-20 04:09,7734.0,7734.0,7732.5,7733.75,32.0
2019-06-20 04:10,7733.75,7734.25,7733.75,7734.25,5.0
2019-06-20 04:11,7733.25,7734.0,7733.25,7734.0,3.0
2019-06-20 04:13,7733.75,7733.75,7733.75,7733.75,1.0
2019-06-20 04:14,7733.5,7733.5,7733.5,7733.5,1.0
2019-06-20 04:15,7733.25,7733.25,7732.75,7733.25,5.0
2019-06-20 04:16,7733.0,7733.0,7733.0,7733.0,7.0
2019-06-20 04:17,7733.0,7733.5,7733.0,7733.5,2.0
2019-06-20 04:18,7734.5,7734.5,7734.5,7734.5,1.0
2019-06-20 04:21,7733.5,7733.5,7733.5,7733.5,1.0
2019-06-20 04:23,7733.5,7734.0,7733.5,7733.75,5.0
2019-06-20 04:24,7733.5,7733.5,7733.5,7733.5,5.0
2019-06-20 04:25,7733.25,7733.25,7733.0,7733.0,4.0
2019-06-20 04:26,7733.0,7733.0,7732.5,7732.5,17.0
2019-06-20 04:27,7732.75,7733.25,7732.75,7733.25,3.0
2019-06-20 04:28,7733.25,7733.75,7733.25,7733.75,3.0
2019-06-20 04:29,7733.0,7733.25,7733.0,7733.25,4.0
2019-06-20 04:30,7733.25,7734.0,7733.25,7734.0,3.0
2019-06-20 04:31,7733.75,7733.75,7733.5,7733.5,2.0
2019-06-20 04:33,7732.75,7732.75,7731.5,7732.0,21.0
2019-06-20 04:34,7732.0,7732.0,7731.75,7732.0,14.0
2019-06-20 04:35,7732.0,7732.75,7732.0,7732.75,3.0
2019-06-20 04:36,7733.0,7733.0,7732.75,7732.75,3.0
2019-06-20 04:37,7732.5,7732.75,7732.25,7732.75,6.0
2019-06-20 04:38,7732.75,7732.75,7732.0,7732.25,5.0
2019-06-20 04:39,7732.25,7732.5,7732.25,7732.5,2.0
2019-06-20 04:40,7733.0,7733.25,7733.0,7733.25,7.0
2019-06-20 04:41,7733.0,7733.0,7732.5,7732.5,3.0
2019-06-20 04:42,7732.0,7732.25,7732.0,7732.25,5.0
2019-06-20 04:43,7732.0,7732.0,7732.0,7732.0,2.0
2019-06-20 04:45,7731.75,7731.75,7730.5,7731.0,14.0
2019-06-20 04:47,7731.0,7731.0,7730.0,7730.0,14.0
2019-06-20 04:48,7730.0,7730.25,7730.0,7730.0,8.0
2019-06-20 04:49,7730.25,7730.25,7730.0,7730.0,8.0
2019-06-20 04:50,7730.0,7730.75,7729.25,7730.75,14.0
2019-06-20 04:51,7731.25,7731.5,7730.5,7730.5,9.0
2019-06-20 04:52,7729.75,7730.5,7729.75,7730.5,12.0
2019-06-20 04:53,7730.5,7730.5,7730.0,7730.0,8.0
2019-06-20 04:55,7731.0,7731.5,7731.0,7731.25,8.0
2019-06-20 04:56,7731.25,7731.5,7731.0,7731.0,16.0
2019-06-20 04:57,7731.5,7731.75,7731.5,7731.75,2.0
2019-06-20 04:58,7732.0,7732.75,7732.0,7732.75,8.0
2019-06-20 04:59,7732.5,7735.25,7732.5,7735.25,43.0
2019-06-20 05:00,7735.0,7735.0,7735.0,7735.0,10.0
2019-06-20 05:01,7734.75,7734.75,7733.75,7733.75,11.0
2019-06-20 05:02,7734.25,7734.25,7734.25,7734.25,7.0
2019-06-20 05:03,7734.25,7734.25,7733.75,7733.75,6.0
2019-06-20 05:04,7733.25,7733.25,7732.75,7732.75,24.0
2019-06-20 05:05,7733.0,7733.75,7732.75,7732.75,12.0
2019-06-20 05:06,7733.0,7734.0,7733.0,7734.0,18.0
2019-06-20 05:07,7734.25,7734.25,7732.75,7732.75,9.0
2019-06-20 05:08,7732.5,7732.5,7732.5,7732.5,7.0
2019-06-20 05:09,7732.0,7732.0,7731.25,7731.25,10.0
2019-06-20 05:10,7731.25,7732.0,7729.75,7730.5,14.0
2019-06-20 05:11,7730.25,7730.25,7730.25,7730.25,4.0
2019-06-20 05:12,7730.25,7730.25,7726.75,7727.0,35.0
2019-06-20 05:13,7727.0,7727.75,7726.5,7727.5,14.0
2019-06-20 05:14,7727.75,7729.0,7727.75,7728.75,11.0
2019-06-20 05:15,7728.25,7728.5,7727.0,7727.0,13.0
2019-06-20 05:16,7727.0,7728.0,7727.0,7728.0,7.0
2019-06-20 05:17,7728.0,7728.25,7727.75,7728.25,4.0
2019-06-20 05:18,7728.0,7728.25,7727.5,7727.5,10.0
2019-06-20 05:19,7727.25,7727.25,7725.5,7725.5,26.0
2019-06-20 05:20,7726.0,7726.75,7725.5,7726.75,12.0
2019-06-20 05:21,7726.5,7727.25,7726.25,7727.0,21.0
2019-06-20 05:22,7727.75,7727.75,7727.75,7727.75,2.0
2019-06-20 05:23,7728.0,7728.0,7726.75,7727.0,16.0
2019-06-20 05:24,7727.25,7728.25,7727.25,7728.25,3.0
2019-06-20 05:25,7728.25,7729.25,7728.25,7729.0,10.0
2019-06-20 05:26,7729.25,7729.5,7729.25,7729.5,8.0
2019-06-20 05:27,7729.25,7729.75,7729.0,7729.5,10.0
2019-06-20 05:28,7730.0,7731.25,7730.0,7731.0,17.0
2019-06-20 05:29,7730.5,7730.5,7729.75,7729.75,7.0
2019-06-20 05:30,7729.5,7730.0,7729.5,7729.5,7.0
2019-06-20 05:31,7731.0,7731.0,7730.0,7730.75,5.0
2019-06-20 05:32,7731.0,7731.0,7730.5,7730.5,10.0
2019-06-20 05:33,7731.0,7731.75,7731.0,7731.5,10.0
2019-06-20 05:34,7732.0,7732.0,7731.25,7731.75,14.0
2019-06-20 05:35,7732.0,7732.0,7730.5,7731.5,15.0
2019-06-20 05:36,7731.5,7731.5,7730.5,7730.5,12.0
2019-06-20 05:37,7731.25,7731.5,7729.5,7730.0,30.0
2019-06-20 05:38,7730.0,7730.0,7729.75,7729.75,11.0
2019-06-20 05:39,7729.0,7729.5,7729.0,7729.5,6.0
2019-06-20 05:40,7729.5,7730.0,7729.5,7729.75,7.0
2019-06-20 05:41,7731.25,7731.25,7729.75,7730.75,16.0
2019-06-20 05:42,7731.25,7732.0,7731.25,7732.0,6.0
2019-06-20 05:43,7731.5,7731.75,7731.0,7731.75,7.0
2019-06-20 05:44,7731.25,7731.25,7730.0,7730.0,14.0
2019-06-20 05:45,7731.75,7731.75,7731.75,7731.75,4.0
2019-06-20 05:46,7731.5,7731.5,7731.5,7731.5,3.0
2019-06-20 05:47,7731.75,7731.75,7731.5,7731.5,6.0
2019-06-20 05:48,7731.5,7732.0,7731.25,7731.5,10.0
2019-06-20 05:49,7731.75,7731.75,7730.5,7730.5,11.0
2019-06-20 05:50,7730.25,7731.5,7730.25,7731.5,11.0
2019-06-20 05:51,7731.5,7731.5,7731.5,7731.5,4.0
2019-06-20 05:52,7730.75,7731.25,7728.75,7728.75,10.0
2019-06-20 05:53,7728.75,7728.75,7728.75,7728.75,5.0
2019-06-20 05:54,7728.25,7728.75,7728.0,7728.75,6.0
2019-06-20 05:55,7728.75,7728.75,7728.0,7728.0,7.0
2019-06-20 05:56,7728.5,7729.5,7728.0,7728.0,24.0
2019-06-20 05:57,7727.75,7728.0,7727.0,7727.25,17.0
2019-06-20 05:58,7727.0,7727.5,7727.0,7727.5,7.0
2019-06-20 05:59,7727.75,7727.75,7726.5,7727.0,16.0
2019-06-20 06:00,7726.5,7727.0,7725.0,7725.25,45.0
2019-06-20 06:01,7725.0,7725.75,7724.5,7724.75,36.0
2019-06-20 06:02,7725.5,7726.0,7724.75,7724.75,34.0
2019-06-20 06:03,7725.25,7725.5,7724.5,7724.5,22.0
2019-06-20 06:04,7725.0,7727.25,7724.5,7727.25,26.0
2019-06-20 06:05,7727.25,7730.0,7727.25,7729.5,42.0
2019-06-20 06:06,7729.25,7729.5,7728.25,7728.5,24.0
2019-06-20 06:07,7728.25,7729.25,7728.0,7729.25,12.0
2019-06-20 06:08,7729.25,7730.75,7729.25,7730.5,19.0
2019-06-20 06:09,7731.25,7732.0,7729.75,7730.0,24.0
2019-06-20 06:10,7730.5,7730.75,7730.25,7730.25,11.0
2019-06-20 06:11,7730.5,7731.5,7730.25,7731.5,18.0
2019-06-20 06:12,7731.0,7731.5,7730.5,7730.75,15.0
2019-06-20 06:13,7730.75,7731.25,7730.75,7730.75,7.0
2019-06-20 06:14,7730.5,7730.5,7728.5,7729.0,16.0
2019-06-20 06:15,7729.0,7730.5,7729.0,7730.25,18.0
2019-06-20 06:16,7730.75,7731.0,7730.5,7731.0,23.0
2019-06-20 06:17,7731.0,7731.75,7730.0,7731.75,39.0
2019-06-20 06:18,7732.0,7732.0,7731.25,7732.0,20.0
2019-06-20 06:19,7730.75,7730.75,7730.5,7730.75,5.0
2019-06-20 06:20,7730.5,7731.5,7729.0,7729.75,38.0
2019-06-20 06:21,7730.75,7730.75,7730.5,7730.5,4.0
2019-06-20 06:22,7732.0,7732.25,7731.75,7732.0,10.0
2019-06-20 06:23,7732.0,7733.75,7732.0,7733.0,59.0
2019-06-20 06:24,7733.5,7733.5,7732.25,7733.0,58.0
2019-06-20 06:25,7733.0,7735.0,7733.0,7734.75,27.0
2019-06-20 06:26,7735.0,7738.75,7734.75,7738.25,190.0
2019-06-20 06:27,7738.25,7739.5,7737.75,7739.5,31.0
2019-06-20 06:28,7739.5,7741.5,7738.5,7740.0,83.0
2019-06-20 06:29,7740.25,7742.5,7740.25,7741.25,60.0
2019-06-20 06:30,7741.25,7741.25,7740.25,7741.0,26.0
2019-06-20 06:31,7741.25,7745.75,7741.25,7745.0,71.0
2019-06-20 06:32,7744.75,7747.25,7744.75,7747.25,58.0
2019-06-20 06:33,7747.0,7747.0,7743.0,7743.0,48.0
2019-06-20 06:34,7742.5,7742.5,7742.0,7742.25,8.0
2019-06-20 06:35,7741.75,7742.25,7740.75,7741.0,14.0
2019-06-20 06:36,7741.25,7741.25,7738.5,7739.0,49.0
2019-06-20 06:37,7739.25,7739.5,7738.25,7739.0,20.0
2019-06-20 06:38,7738.75,7738.75,7737.5,7738.0,19.0
2019-06-20 06:39,7738.75,7740.75,7738.0,7740.5,22.0
2019-06-20 06:40,7740.5,7741.25,7739.25,7739.75,21.0
2019-06-20 06:41,7740.25,7740.75,7740.0,7740.5,6.0
2019-06-20 06:42,7739.5,7739.5,7739.5,7739.5,4.0
2019-06-20 06:43,7739.25,7740.75,7739.25,7740.75,17.0
2019-06-20 06:44,7741.25,7743.5,7741.25,7742.5,30.0
2019-06-20 06:45,7744.0,7744.5,7743.5,7743.5,17.0
2019-06-20 06:46,7743.75,7746.0,7743.75,7744.5,20.0
2019-06-20 06:47,7743.25,7744.0,7742.5,7744.0,10.0
2019-06-20 06:48,7743.5,7745.75,7743.5,7745.5,39.0
2019-06-20 06:49,7746.0,7748.75,7746.0,7747.75,33.0
2019-06-20 06:50,7748.0,7748.5,7747.0,7747.5,18.0
2019-06-20 06:51,7748.25,7749.0,7747.0,7747.0,13.0
2019-06-20 06:52,7746.75,7747.75,7744.75,7745.25,36.0
2019-06-20 06:53,7746.0,7747.5,7746.0,7747.25,9.0
2019-06-20 06:54,7747.5,7749.0,7747.5,7748.0,20.0
2019-06-20 06:55,7747.75,7747.75,7747.0,7747.0,10.0
2019-06-20 06:56,7746.0,7748.5,7746.0,7748.0,9.0
2019-06-20 06:57,7747.5,7748.75,7746.5,7746.5,16.0
2019-06-20 06:58,7746.25,7747.5,7746.25,7747.0,10.0
2019-06-20 06:59,7746.0,7746.25,7745.0,7745.0,15.0
2019-06-20 07:00,7745.0,7749.0,7745.0,7747.75,32.0
2019-06-20 07:01,7748.0,7748.0,7746.25,7747.0,15.0
2019-06-20 07:02,7746.5,7748.5,7746.5,7746.5,23.0
2019-06-20 07:03,7746.0,7747.0,7745.75,7747.0,8.0
2019-06-20 07:04,7746.75,7746.75,7745.0,7745.5,9.0
2019-06-20 07:05,7745.75,7747.5,7745.75,7747.25,30.0
2019-06-20 07:06,7747.25,7747.25,7745.5,7745.75,37.0
2019-06-20 07:07,7746.25,7746.75,7745.75,7746.75,14.0
2019-06-20 07:08,7746.5,7747.0,7746.0,7747.0,7.0
2019-06-20 07:09,7747.5,7747.75,7745.75,7747.75,24.0
2019-06-20 07:10,7747.75,7750.75,7747.75,7749.5,46.0
2019-06-20 07:11,7750.75,7751.25,7748.75,7749.0,32.0
2019-06-20 07:12,7748.75,7750.75,7748.75,7750.75,9.0
2019-06-20 07:13,7751.0,7751.0,7748.75,7749.5,13.0
2019-06-20 07:14,7748.75,7749.75,7748.25,7748.5,13.0
2019-06-20 07:15,7748.75,7749.0,7747.75,7748.75,14.0
2019-06-20 07:16,7749.25,7750.5,7748.75,7750.25,9.0
2019-06-20 07:17,7750.0,7750.75,7750.0,7750.75,17.0
2019-06-20 07:18,7751.25,7753.0,7750.5,7751.0,38.0
2019-06-20 07:19,7751.0,7751.75,7750.0,7751.25,45.0
2019-06-20 07:20,7751.5,7752.0,7749.75,7750.25,21.0
2019-06-20 07:21,7750.25,7750.75,7750.25,7750.75,4.0
2019-06-20 07:22,7750.0,7750.0,7747.75,7748.25,24.0
2019-06-20 07:23,7748.0,7748.25,7747.25,7748.25,16.0
2019-06-20 07:24,7748.0,7750.25,7748.0,7749.25,24.0
2019-06-20 07:25,7749.75,7749.75,7749.0,7749.0,14.0
2019-06-20 07:26,7748.5,7749.75,7748.5,7749.75,9.0
2019-06-20 07:27,7750.0,7756.5,7750.0,7756.5,172.0
2019-06-20 07:28,7756.25,7757.25,7754.25,7755.0,180.0
2019-06-20 07:29,7755.25,7756.0,7755.0,7755.25,36.0
2019-06-20 07:30,7755.25,7755.25,7753.5,7753.5,24.0
2019-06-20 07:31,7753.75,7755.75,7753.75,7755.0,34.0
2019-06-20 07:32,7754.5,7756.0,7754.5,7755.75,15.0
2019-06-20 07:33,7755.5,7758.5,7755.5,7757.75,33.0
2019-06-20 07:34,7757.75,7760.25,7756.5,7756.5,38.0
2019-06-20 07:35,7757.25,7757.25,7754.75,7755.5,26.0
2019-06-20 07:36,7755.25,7757.25,7755.25,7757.25,21.0
2019-06-20 07:37,7757.5,7760.0,7756.5,7756.75,156.0
2019-06-20 07:38,7756.0,7756.25,7754.25,7754.75,42.0
2019-06-20 07:39,7755.0,7755.25,7754.25,7754.25,6.0
2019-06-20 07:40,7754.0,7754.75,7753.75,7754.5,8.0
2019-06-20 07:41,7754.0,7756.0,7754.0,7756.0,14.0
2019-06-20 07:42,7755.5,7756.0,7755.0,7755.0,9.0
2019-06-20 07:43,7756.0,7758.25,7756.0,7758.25,12.0
2019-06-20 07:44,7758.75,7758.75,7756.25,7756.25,6.0
2019-06-20 07:45,7757.25,7757.75,7757.25,7757.75,3.0
2019-06-20 07:46,7758.25,7758.5,7757.25,7757.5,28.0
2019-06-20 07:47,7758.0,7760.5,7758.0,7758.25,78.0
2019-06-20 07:48,7756.25,7756.25,7754.5,7754.75,10.0
2019-06-20 07:49,7754.75,7755.25,7754.0,7754.75,21.0
2019-06-20 07:50,7755.5,7755.5,7754.25,7754.25,12.0
2019-06-20 07:51,7753.25,7753.25,7752.0,7752.0,17.0
2019-06-20 07:52,7752.0,7752.5,7751.25,7752.0,20.0
2019-06-20 07:53,7752.5,7754.25,7751.75,7753.25,19.0
2019-06-20 07:54,7753.0,7753.25,7752.0,7753.25,30.0
2019-06-20 07:55,7752.0,7752.0,7751.25,7751.25,17.0
2019-06-20 07:56,7752.0,7752.0,7751.25,7751.75,13.0
2019-06-20 07:57,7752.5,7754.0,7752.0,7753.25,24.0
2019-06-20 07:58,7753.0,7753.5,7752.25,7752.25,5.0
2019-06-20 07:59,7751.75,7752.0,7749.25,7749.75,69.0
2019-06-20 08:00,7749.75,7750.25,7746.75,7747.25,186.0
2019-06-20 08:01,7747.5,7748.75,7747.0,7748.5,91.0
2019-06-20 08:02,7749.5,7750.5,7749.5,7750.5,8.0
2019-06-20 08:03,7751.75,7751.75,7751.0,7751.0,11.0
2019-06-20 08:04,7752.25,7753.0,7752.0,7752.25,12.0
2019-06-20 08:05,7753.0,7753.0,7752.25,7752.25,3.0
2019-06-20 08:06,7752.5,7753.5,7752.5,7753.5,4.0
2019-06-20 08:07,7753.25,7753.5,7753.0,7753.0,4.0
2019-06-20 08:08,7754.0,7754.25,7753.25,7753.75,14.0
2019-06-20 08:09,7754.25,7754.25,7753.0,7753.0,9.0
2019-06-20 08:10,7753.0,7753.5,7752.0,7752.25,17.0
2019-06-20 08:11,7752.25,7755.5,7752.25,7755.25,31.0
2019-06-20 08:12,7755.25,7756.0,7755.0,7755.0,44.0
2019-06-20 08:13,7755.25,7756.0,7752.75,7752.75,20.0
2019-06-20 08:14,7751.75,7752.25,7750.0,7750.0,16.0
2019-06-20 08:15,7750.5,7752.25,7750.0,7752.0,20.0
2019-06-20 08:16,7752.75,7752.75,7752.75,7752.75,1.0
2019-06-20 08:17,7751.0,7751.0,7748.75,7749.0,18.0
2019-06-20 08:18,7749.0,7750.0,7748.0,7750.0,14.0
2019-06-20 08:19,7749.5,7749.5,7749.5,7749.5,9.0
2019-06-20 08:20,7748.75,7749.5,7748.75,7749.5,6.0
2019-06-20 08:21,7750.25,7751.0,7750.25,7750.25,5.0
2019-06-20 08:22,7750.75,7750.75,7750.75,7750.75,1.0
2019-06-20 08:23,7751.0,7751.0,7750.25,7750.75,10.0
2019-06-20 08:24,7751.0,7754.0,7751.0,7752.0,60.0
2019-06-20 08:25,7752.0,7753.25,7752.0,7752.25,12.0
2019-06-20 08:26,7753.0,7754.75,7753.0,7753.75,31.0
2019-06-20 08:27,7754.0,7754.75,7753.0,7754.75,33.0
2019-06-20 08:28,7754.25,7754.75,7752.75,7754.75,43.0
2019-06-20 08:29,7755.0,7755.25,7754.75,7755.0,9.0
2019-06-20 08:30,7755.5,7756.75,7755.25,7756.75,24.0
2019-06-20 08:31,7756.0,7757.25,7756.0,7756.75,18.0
2019-06-20 08:32,7756.75,7760.5,7756.75,7760.25,42.0
2019-06-20 08:33,7759.75,7763.5,7759.25,7763.0,86.0
2019-06-20 08:34,7763.5,7764.25,7761.25,7764.25,146.0
2019-06-20 08:35,7763.75,7764.0,7762.0,7763.0,102.0
2019-06-20 08:36,7762.75,7763.5,7762.25,7763.25,49.0
2019-06-20 08:37,7764.0,7764.0,7761.25,7761.5,103.0
2019-06-20 08:38,7760.75,7761.25,7760.25,7761.0,40.0
2019-06-20 08:39,7760.5,7761.25,7760.5,7761.0,6.0
2019-06-20 08:40,7761.5,7762.5,7760.5,7760.5,39.0
2019-06-20 08:41,7760.5,7761.25,7760.25,7761.0,10.0
2019-06-20 08:42,7761.0,7762.5,7761.0,7762.5,6.0
2019-06-20 08:43,7762.75,7763.75,7762.75,7763.75,10.0
2019-06-20 08:44,7764.0,7766.25,7764.0,7765.25,43.0
2019-06-20 08:45,7765.75,7766.0,7765.0,7765.0,19.0
2019-06-20 08:46,7765.0,7765.0,7764.5,7764.75,23.0
2019-06-20 08:47,7764.25,7766.5,7764.25,7765.75,24.0
2019-06-20 08:48,7765.5,7765.5,7764.75,7764.75,13.0
2019-06-20 08:49,7764.0,7765.0,7763.75,7765.0,9.0
2019-06-20 08:50,7765.5,7765.5,7764.0,7764.5,13.0
2019-06-20 08:51,7764.75,7765.0,7764.25,7764.5,10.0
2019-06-20 08:52,7764.0,7764.25,7762.75,7764.0,24.0
2019-06-20 08:53,7763.0,7763.5,7763.0,7763.5,4.0
2019-06-20 08:54,7762.75,7763.0,7761.75,7762.5,23.0
2019-06-20 08:55,7762.75,7763.25,7762.25,7763.25,12.0
2019-06-20 08:56,7763.5,7765.0,7763.5,7764.5,20.0
2019-06-20 08:57,7765.0,7765.5,7764.75,7765.0,17.0
2019-06-20 08:58,7763.5,7764.25,7762.75,7763.75,8.0
2019-06-20 08:59,7764.0,7764.25,7763.5,7763.5,5.0
2019-06-20 09:00,7762.75,7765.25,7762.75,7765.25,19.0
2019-06-20 09:01,7765.5,7766.5,7765.0,7766.5,26.0
2019-06-20 09:02,7767.25,7769.5,7765.0,7765.0,67.0
2019-06-20 09:03,7764.0,7764.0,7764.0,7764.0,1.0
2019-06-20 09:04,7764.0,7764.75,7763.75,7764.0,9.0
2019-06-20 09:05,7765.0,7766.0,7765.0,7766.0,22.0
2019-06-20 09:06,7766.25,7766.75,7766.25,7766.25,6.0
2019-06-20 09:07,7766.5,7766.5,7766.5,7766.5,1.0
2019-06-20 09:08,7766.5,7767.75,7766.5,7766.75,6.0
2019-06-20 09:09,7767.25,7768.0,7767.25,7768.0,2.0
2019-06-20 09:10,7766.75,7767.0,7765.5,7766.5,21.0
2019-06-20 09:11,7767.25,7767.5,7767.25,7767.25,7.0
2019-06-20 09:12,7768.0,7769.5,7767.25,7769.5,19.0
2019-06-20 09:13,7769.5,7770.75,7769.25,7770.25,37.0
2019-06-20 09:14,7770.5,7770.5,7769.0,7769.5,13.0
2019-06-20 09:15,7769.0,7770.0,7769.0,7770.0,15.0
2019-06-20 09:16,7769.75,7770.25,7768.75,7770.0,22.0
2019-06-20 09:17,7770.25,7771.5,7769.5,7769.5,26.0
2019-06-20 09:18,7770.25,7770.25,7769.75,7770.25,4.0
2019-06-20 09:19,7771.0,7771.25,7770.75,7770.75,6.0
2019-06-20 09:20,7771.0,7771.0,7769.25,7770.0,22.0
2019-06-20 09:21,7769.5,7770.5,7769.5,7770.0,10.0
2019-06-20 09:22,7770.75,7770.75,7770.0,7770.0,4.0
2019-06-20 09:23,7769.75,7769.75,7767.75,7768.0,36.0
2019-06-20 09:24,7768.25,7768.5,7767.25,7767.75,14.0
2019-06-20 09:25,7768.25,7768.75,7767.75,7768.25,6.0
2019-06-20 09:26,7768.25,7769.5,7768.25,7769.5,3.0
2019-06-20 09:27,7769.5,7770.5,7769.5,7770.0,7.0
2019-06-20 09:28,7769.5,7771.5,7769.5,7771.0,25.0
2019-06-20 09:29,7770.75,7771.5,7770.0,7770.0,24.0
2019-06-20 09:30,7769.5,7771.25,7768.75,7770.5,75.0
2019-06-20 09:31,7770.5,7772.0,7769.5,7771.75,89.0
2019-06-20 09:32,7772.75,7773.0,7772.5,7772.5,9.0
2019-06-20 09:33,7773.0,7774.0,7773.0,7774.0,19.0
2019-06-20 09:34,7774.0,7774.0,7772.5,7773.0,9.0
2019-06-20 09:35,7772.75,7772.75,7770.5,7770.75,154.0
2019-06-20 09:36,7771.0,7771.0,7768.5,7769.0,61.0
2019-06-20 09:37,7769.5,7770.0,7767.75,7767.75,32.0
2019-06-20 09:38,7768.75,7769.25,7768.5,7768.5,31.0
2019-06-20 09:39,7769.0,7769.5,7768.75,7768.75,15.0
2019-06-20 09:40,7768.5,7768.75,7767.75,7767.75,18.0
2019-06-20 09:41,7767.0,7768.75,7766.75,7768.75,12.0
2019-06-20 09:42,7768.75,7768.75,7767.5,7768.0,52.0
2019-06-20 09:43,7768.0,7768.5,7767.25,7767.5,39.0
2019-06-20 09:44,7767.75,7769.5,7767.75,7769.5,11.0
2019-06-20 09:45,7770.0,7770.0,7767.75,7768.0,12.0
2019-06-20 09:46,7767.75,7769.5,7767.75,7769.5,4.0
2019-06-20 09:47,7769.75,7769.75,7769.5,7769.75,11.0
2019-06-20 09:48,7769.0,7770.75,7769.0,7769.25,12.0
2019-06-20 09:49,7769.25,7769.25,7768.0,7768.0,3.0
2019-06-20 09:50,7768.0,7768.0,7768.0,7768.0,1.0
2019-06-20 09:51,7768.5,7768.5,7766.75,7766.75,6.0
2019-06-20 09:52,7767.0,7768.0,7767.0,7768.0,4.0
2019-06-20 09:53,7767.75,7768.25,7767.75,7768.25,4.0
2019-06-20 09:54,7768.5,7768.75,7768.5,7768.5,4.0
2019-06-20 09:55,7769.5,7769.75,7768.0,7769.25,17.0
2019-06-20 09:56,7769.5,7769.5,7769.5,7769.5,1.0
2019-06-20 09:57,7769.75,7770.0,7767.5,7768.0,12.0
2019-06-20 09:58,7768.25,7768.25,7767.75,7768.0,8.0
2019-06-20 09:59,7768.0,7768.25,7768.0,7768.25,2.0
2019-06-20 10:00,7768.75,7768.75,7767.25,7767.25,5.0
2019-06-20 10:01,7767.0,7767.5,7767.0,7767.25,7.0
2019-06-20 10:02,7766.75,7767.25,7766.5,7767.0,17.0
2019-06-20 10:03,7767.0,7767.25,7766.75,7767.0,13.0
2019-06-20 10:04,7767.0,7768.0,7767.0,7768.0,19.0
2019-06-20 10:05,7768.0,7768.25,7767.5,7767.5,61.0
2019-06-20 10:06,7767.5,7768.0,7767.0,7767.5,13.0
2019-06-20 10:07,7767.0,7767.0,7767.0,7767.0,4.0
2019-06-20 10:08,7767.5,7768.0,7767.0,7767.75,6.0
2019-06-20 10:09,7767.5,7769.0,7767.25,7769.0,11.0
2019-06-20 10:10,7768.0,7768.75,7768.0,7768.75,2.0
2019-06-20 10:11,7769.0,7769.0,7768.25,7768.25,5.0
2019-06-20 10:12,7768.75,7768.75,7768.25,7768.5,13.0
2019-06-20 10:13,7768.5,7769.75,7768.5,7768.75,17.0
2019-06-20 10:14,7769.75,7769.75,7769.25,7769.25,6.0
2019-06-20 10:15,7769.0,7770.25,7769.0,7769.25,13.0
2019-06-20 10:16,7769.5,7770.5,7769.5,7770.5,4.0
2019-06-20 10:17,7770.25,7770.5,7769.5,7769.5,12.0
2019-06-20 10:18,7769.75,7769.75,7769.75,7769.75,6.0
2019-06-20 10:19,7769.75,7769.75,7769.5,7769.75,29.0
2019-06-20 10:20,7769.25,7769.25,7769.0,7769.0,4.0
2019-06-20 10:21,7769.5,7770.25,7769.5,7769.75,11.0
2019-06-20 10:22,7770.25,7772.0,7770.25,7771.75,21.0
2019-06-20 10:23,7772.0,7773.5,7772.0,7773.5,11.0
2019-06-20 10:24,7773.0,7773.75,7773.0,7773.5,10.0
2019-06-20 10:25,7773.5,7774.5,7773.5,7774.5,9.0
2019-06-20 10:26,7773.75,7774.25,7772.5,7772.75,18.0
2019-06-20 10:27,7773.0,7773.0,7771.0,7771.0,20.0
2019-06-20 10:28,7770.25,7771.25,7769.75,7770.25,20.0
2019-06-20 10:29,7769.5,7769.75,7768.75,7769.25,10.0
2019-06-20 10:30,7768.5,7769.0,7768.25,7768.25,5.0
2019-06-20 10:31,7768.0,7768.0,7766.0,7766.5,36.0
2019-06-20 10:32,7766.5,7766.75,7766.0,7766.25,14.0
2019-06-20 10:33,7766.0,7766.75,7766.0,7766.0,16.0
2019-06-20 10:34,7765.75,7766.0,7765.75,7766.0,4.0
2019-06-20 10:35,7766.25,7767.75,7766.0,7766.0,50.0
2019-06-20 10:36,7766.5,7767.0,7766.25,7767.0,10.0
2019-06-20 10:37,7767.5,7768.0,7767.25,7768.0,9.0
2019-06-20 10:38,7767.75,7767.75,7767.75,7767.75,4.0
2019-06-20 10:39,7767.0,7767.0,7765.75,7765.75,11.0
2019-06-20 10:40,7765.5,7765.5,7764.75,7765.0,24.0
2019-06-20 10:41,7764.5,7765.5,7764.0,7765.5,28.0
2019-06-20 10:42,7766.25,7766.25,7765.5,7765.75,10.0
2019-06-20 10:43,7765.75,7766.5,7765.75,7766.25,7.0
2019-06-20 10:44,7767.0,7767.75,7767.0,7767.75,5.0
2019-06-20 10:45,7768.0,7768.0,7765.0,7765.0,14.0
2019-06-20 10:46,7765.5,7765.5,7765.5,7765.5,4.0
2019-06-20 10:47,7765.5,7765.5,7765.25,7765.5,13.0
2019-06-20 10:48,7765.75,7766.25,7765.25,7765.75,13.0
2019-06-20 10:49,7765.25,7765.5,7764.25,7764.25,47.0
2019-06-20 10:50,7765.0,7765.5,7764.75,7765.5,11.0
2019-06-20 10:51,7765.25,7765.75,7765.0,7765.0,7.0
2019-06-20 10:52,7765.0,7765.5,7764.75,7765.5,13.0
2019-06-20 10:53,7764.75,7765.0,7764.75,7764.75,6.0
2019-06-20 10:54,7765.5,7765.5,7765.0,7765.0,2.0
2019-06-20 10:55,7765.75,7766.0,7765.0,7765.0,29.0
2019-06-20 10:56,7766.25,7768.5,7766.25,7768.0,39.0
2019-06-20 10:57,7766.75,7767.75,7766.75,7767.75,9.0
2019-06-20 10:58,7767.0,7767.0,7766.25,7766.25,8.0
2019-06-20 10:59,7766.25,7766.25,7764.25,7764.75,28.0
2019-06-20 11:00,7764.25,7764.75,7763.75,7763.75,15.0
2019-06-20 11:01,7765.25,7766.0,7765.25,7766.0,4.0
2019-06-20 11:02,7766.0,7768.25,7766.0,7767.5,57.0
2019-06-20 11:03,7767.5,7767.5,7766.5,7767.0,12.0
2019-06-20 11:04,7767.0,7768.75,7767.0,7768.75,24.0
2019-06-20 11:05,7769.0,7770.25,7769.0,7770.0,12.0
2019-06-20 11:06,7770.0,7770.75,7769.5,7770.5,20.0
2019-06-20 11:07,7770.25,7770.25,7769.25,7769.75,19.0
2019-06-20 11:08,7769.75,7771.0,7769.75,7770.25,34.0
2019-06-20 11:09,7769.75,7769.75,7766.5,7768.25,42.0
2019-06-20 11:10,7768.75,7768.75,7767.5,7767.75,25.0
2019-06-20 11:11,7768.25,7768.25,7768.25,7768.25,2.0
2019-06-20 11:12,7769.0,7770.0,7769.0,7770.0,8.0
2019-06-20 11:13,7769.5,7769.5,7767.5,7768.0,38.0
2019-06-20 11:14,7767.5,7768.0,7767.5,7768.0,20.0
2019-06-20 11:15,7767.25,7767.25,7765.5,7766.0,28.0
2019-06-20 11:16,7766.0,7768.25,7765.75,7768.25,10.0
2019-06-20 11:17,7768.5,7769.75,7768.5,7769.25,9.0
2019-06-20 11:18,7769.25,7769.25,7768.75,7768.75,8.0
2019-06-20 11:19,7769.25,7769.25,7767.75,7768.25,6.0
2019-06-20 11:20,7768.25,7768.75,7767.0,7767.5,11.0
2019-06-20 11:21,7767.5,7767.5,7766.75,7767.0,8.0
2019-06-20 11:22,7767.0,7768.25,7767.0,7768.25,5.0
2019-06-20 11:23,7768.0,7768.5,7768.0,7768.25,9.0
2019-06-20 11:24,7769.75,7771.5,7769.75,7771.25,28.0
2019-06-20 11:25,7771.5,7772.0,7770.5,7770.5,19.0
2019-06-20 11:26,7771.0,7771.0,7770.5,7770.5,5.0
2019-06-20 11:27,7770.0,7770.0,7769.75,7769.75,5.0
2019-06-20 11:28,7769.25,7769.75,7769.0,7769.0,6.0
2019-06-20 11:29,7768.0,7769.5,7768.0,7769.5,4.0
2019-06-20 11:30,7768.75,7770.75,7768.75,7770.75,6.0
2019-06-20 11:31,7770.5,7771.25,7770.5,7771.0,4.0
2019-06-20 11:32,7771.0,7771.5,7771.0,7771.0,9.0
2019-06-20 11:33,7771.25,7771.25,7770.0,7770.75,6.0
2019-06-20 11:34,7770.75,7771.0,7770.75,7771.0,3.0
2019-06-20 11:35,7771.25,7771.5,7770.5,7770.5,14.0
2019-06-20 11:36,7771.5,7771.75,7771.25,7771.75,5.0
2019-06-20 11:37,7772.0,7772.0,7771.25,7771.25,16.0
2019-06-20 11:38,7771.25,7772.25,7770.75,7772.25,8.0
2019-06-20 11:39,7772.5,7774.75,7771.75,7774.25,61.0
2019-06-20 11:40,7774.0,7774.5,7773.75,7774.5,14.0
2019-06-20 11:41,7774.5,7780.25,7774.25,7775.25,192.0
2019-06-20 11:42,7776.25,7776.25,7775.5,7776.25,5.0
2019-06-20 11:43,7776.5,7777.75,7776.5,7777.25,11.0
2019-06-20 11:44,7777.25,7777.75,7776.75,7777.75,11.0
2019-06-20 11:45,7777.25,7778.5,7776.75,7777.5,20.0
2019-06-20 11:46,7778.0,7778.0,7776.25,7777.5,14.0
2019-06-20 11:47,7777.5,7778.0,7775.0,7775.25,18.0
2019-06-20 11:48,7775.5,7776.25,7775.25,7775.25,12.0
2019-06-20 11:49,7775.25,7775.75,7774.5,7774.75,30.0
2019-06-20 11:50,7774.75,7774.75,7772.25,7772.75,50.0
2019-06-20 11:51,7772.75,7773.0,7772.25,7772.75,20.0
2019-06-20 11:52,7772.75,7773.25,7772.5,7772.75,11.0
2019-06-20 11:53,7773.0,7773.0,7772.5,7773.0,11.0
2019-06-20 11:54,7773.0,7773.25,7773.0,7773.0,7.0
2019-06-20 11:55,7772.0,7772.75,7771.5,7771.5,32.0
2019-06-20 11:56,7771.5,7771.5,7769.5,7771.5,53.0
2019-06-20 11:57,7771.25,7771.25,7770.25,7770.25,17.0
2019-06-20 11:58,7770.5,7771.0,7770.5,7770.75,6.0
2019-06-20 11:59,7771.25,7771.25,7770.75,7771.0,4.0
2019-06-20 12:00,7770.5,7773.5,7770.5,7771.75,44.0
2019-06-20 12:01,7772.75,7774.75,7772.75,7773.0,35.0
2019-06-20 12:02,7774.5,7776.25,7774.25,7775.75,29.0
2019-06-20 12:03,7776.25,7777.25,7776.0,7777.0,20.0
2019-06-20 12:04,7777.0,7777.5,7776.5,7777.5,9.0
2019-06-20 12:05,7777.0,7778.5,7776.75,7777.5,19.0
2019-06-20 12:06,7776.75,7776.75,7773.25,7773.5,21.0
2019-06-20 12:07,7773.5,7774.0,7772.25,7774.0,20.0
2019-06-20 12:08,7774.0,7775.25,7773.75,7773.75,16.0
2019-06-20 12:09,7772.5,7773.0,7772.25,7772.75,20.0
2019-06-20 12:10,7772.5,7776.75,7772.5,7776.0,43.0
2019-06-20 12:11,7773.25,7773.25,7772.0,7772.5,11.0
2019-06-20 12:12,7772.25,7773.5,7772.25,7773.5,8.0
2019-06-20 12:13,7774.5,7774.5,7774.0,7774.0,8.0
2019-06-20 12:14,7774.0,7775.5,7772.75,7774.25,14.0
2019-06-20 12:15,7774.5,7775.0,7774.0,7774.5,11.0
2019-06-20 12:16,7774.75,7775.25,7773.75,7773.75,21.0
2019-06-20 12:17,7773.75,7774.75,7773.5,7774.5,13.0
2019-06-20 12:18,7774.5,7774.5,7774.0,7774.0,18.0
2019-06-20 12:19,7774.75,7775.0,7774.0,7774.75,12.0
2019-06-20 12:20,7775.0,7777.0,7774.75,7774.75,83.0
2019-06-20 12:21,7775.0,7775.5,7774.5,7775.0,21.0
2019-06-20 12:22,7774.5,7775.25,7774.25,7775.0,59.0
2019-06-20 12:23,7775.0,7779.25,7775.0,7777.75,25.0
2019-06-20 12:24,7777.0,7778.75,7777.0,7778.75,9.0
2019-06-20 12:25,7779.25,7779.25,7777.75,7777.75,10.0
2019-06-20 12:26,7777.25,7778.75,7777.25,7777.25,5.0
2019-06-20 12:27,7777.75,7778.5,7777.25,7778.25,15.0
2019-06-20 12:28,7778.5,7779.25,7778.0,7778.0,12.0
2019-06-20 12:29,7777.75,7778.75,7777.25,7778.0,10.0
2019-06-20 12:30,7778.0,7781.0,7778.0,7780.0,25.0
2019-06-20 12:31,7780.5,7783.5,7779.75,7783.5,52.0
2019-06-20 12:32,7783.5,7784.25,7781.25,7784.25,48.0
2019-06-20 12:33,7784.0,7789.0,7783.5,7787.5,138.0
2019-06-20 12:34,7787.0,7792.25,7785.5,7792.25,79.0
2019-06-20 12:35,7791.75,7793.0,7787.25,7787.25,193.0
2019-06-20 12:36,7787.75,7790.25,7787.5,7788.25,112.0
2019-06-20 12:37,7788.0,7788.0,7786.75,7788.0,34.0
2019-06-20 12:38,7787.25,7787.5,7784.75,7785.25,54.0
2019-06-20 12:39,7785.5,7786.25,7785.5,7785.75,26.0
2019-06-20 12:40,7785.25,7787.25,7785.25,7786.5,25.0
2019-06-20 12:41,7786.0,7786.0,7783.25,7784.25,45.0
2019-06-20 12:42,7785.0,7785.75,7785.0,7785.0,4.0
2019-06-20 12:43,7785.25,7785.25,7784.0,7784.75,13.0
2019-06-20 12:44,7784.0,7784.0,7783.0,7783.0,8.0
2019-06-20 12:45,7784.0,7784.0,7783.5,7783.5,3.0
2019-06-20 12:46,7784.75,7785.25,7783.25,7785.25,21.0
2019-06-20 12:47,7785.0,7785.25,7782.75,7783.5,24.0
2019-06-20 12:48,7783.25,7783.5,7782.5,7782.5,14.0
2019-06-20 12:49,7782.5,7784.0,7782.25,7784.0,15.0
2019-06-20 12:50,7783.5,7784.0,7781.75,7782.25,17.0
2019-06-20 12:51,7782.25,7782.5,7782.25,7782.25,5.0
2019-06-20 12:52,7782.5,7782.5,7781.25,7782.0,13.0
2019-06-20 12:53,7781.75,7783.5,7781.5,7783.25,35.0
2019-06-20 12:54,7783.0,7783.25,7782.5,7783.0,18.0
2019-06-20 12:55,7782.25,7783.75,7782.0,7783.25,6.0
2019-06-20 12:56,7783.25,7786.0,7783.25,7786.0,32.0
2019-06-20 12:57,7786.25,7786.25,7783.5,7783.75,37.0
2019-06-20 12:58,7783.5,7783.75,7783.0,7783.75,11.0
2019-06-20 12:59,7783.75,7784.0,7783.25,7783.25,27.0
2019-06-20 13:00,7783.25,7784.75,7783.25,7784.75,20.0
2019-06-20 13:01,7784.5,7787.0,7784.5,7786.0,15.0
2019-06-20 13:02,7786.5,7787.25,7785.75,7787.25,26.0
2019-06-20 13:03,7787.5,7788.0,7786.0,7786.0,31.0
2019-06-20 13:04,7786.75,7789.5,7786.75,7789.25,44.0
2019-06-20 13:05,7789.25,7789.75,7789.0,7789.25,45.0
2019-06-20 13:06,7790.0,7790.0,7788.5,7788.5,34.0
2019-06-20 13:07,7788.5,7788.75,7787.0,7787.0,35.0
2019-06-20 13:08,7787.0,7787.75,7786.5,7787.25,15.0
2019-06-20 13:09,7786.5,7787.25,7786.5,7787.25,18.0
2019-06-20 13:10,7787.0,7787.5,7786.0,7786.25,43.0
2019-06-20 13:11,7786.0,7786.75,7784.75,7786.0,81.0
2019-06-20 13:12,7786.0,7787.5,7786.0,7786.75,30.0
2019-06-20 13:13,7786.25,7788.75,7786.25,7788.0,22.0
2019-06-20 13:14,7787.5,7787.5,7786.5,7787.25,7.0
2019-06-20 13:15,7786.75,7787.0,7786.0,7786.0,15.0
2019-06-20 13:16,7786.5,7788.75,7786.25,7787.75,15.0
2019-06-20 13:17,7788.5,7789.25,7788.0,7789.25,20.0
2019-06-20 13:18,7789.0,7789.5,7787.0,7787.0,127.0
2019-06-20 13:19,7787.25,7787.25,7785.5,7785.5,33.0
2019-06-20 13:20,7785.5,7785.5,7781.25,7781.25,64.0
2019-06-20 13:21,7781.25,7781.5,7779.75,7780.75,65.0
2019-06-20 13:22,7780.5,7782.0,7780.5,7781.75,36.0
2019-06-20 13:23,7782.0,7782.0,7781.0,7781.5,16.0
2019-06-20 13:24,7782.0,7782.25,7779.5,7780.5,38.0
2019-06-20 13:25,7780.0,7780.75,7780.0,7780.5,30.0
2019-06-20 13:26,7780.75,7780.75,7777.5,7778.0,72.0
2019-06-20 13:27,7778.0,7778.5,7777.0,7777.25,56.0
2019-06-20 13:28,7777.0,7777.0,7772.5,7772.75,154.0
2019-06-20 13:29,7772.75,7774.0,7772.5,7773.0,113.0
2019-06-20 13:30,7773.5,7775.5,7768.25,7770.25,521.0
2019-06-20 13:31,7769.0,7769.0,7763.5,7764.5,361.0
2019-06-20 13:32,7764.0,7764.25,7758.25,7761.25,509.0
2019-06-20 13:33,7761.75,7762.0,7751.75,7754.5,414.0
2019-06-20 13:34,7754.75,7762.0,7750.5,7753.5,748.0
2019-06-20 13:35,7754.25,7758.25,7751.0,7752.5,442.0
2019-06-20 13:36,7752.25,7752.25,7746.75,7749.0,371.0
2019-06-20 13:37,7749.25,7754.0,7749.25,7751.25,351.0
2019-06-20 13:38,7751.0,7757.0,7751.0,7755.75,284.0
2019-06-20 13:39,7755.5,7760.0,7754.0,7759.25,436.0
2019-06-20 13:40,7759.25,7761.75,7756.75,7757.75,452.0
2019-06-20 13:41,7758.0,7761.0,7754.0,7760.5,231.0
2019-06-20 13:42,7759.75,7761.0,7758.75,7760.25,189.0
2019-06-20 13:43,7760.25,7763.0,7757.75,7757.75,213.0
2019-06-20 13:44,7757.5,7758.5,7750.75,7752.25,280.0
2019-06-20 13:45,7752.75,7756.75,7748.5,7749.75,312.0
2019-06-20 13:46,7750.75,7757.0,7749.5,7756.75,374.0
2019-06-20 13:47,7756.75,7760.0,7754.25,7759.75,306.0
2019-06-20 13:48,7760.0,7762.25,7759.25,7760.0,147.0
2019-06-20 13:49,7761.0,7762.25,7759.75,7761.25,88.0
2019-06-20 13:50,7761.5,7765.5,7761.25,7764.0,361.0
2019-06-20 13:51,7764.25,7766.75,7763.25,7764.0,252.0
2019-06-20 13:52,7764.5,7765.75,7760.25,7762.75,127.0
2019-06-20 13:53,7763.0,7763.75,7760.0,7762.25,147.0
2019-06-20 13:54,7762.75,7767.5,7762.25,7766.5,225.0
2019-06-20 13:55,7767.0,7768.0,7766.0,7767.25,148.0
2019-06-20 13:56,7767.5,7767.75,7763.0,7763.0,174.0
2019-06-20 13:57,7763.25,7766.25,7761.25,7765.75,181.0
2019-06-20 13:58,7765.5,7766.5,7764.0,7766.5,49.0
2019-06-20 13:59,7766.25,7768.0,7760.25,7762.75,99.0
2019-06-20 14:00,7763.0,7764.25,7757.5,7760.25,297.0
2019-06-20 14:01,7759.75,7766.25,7758.75,7765.75,204.0
2019-06-20 14:02,7765.25,7766.0,7761.75,7765.5,122.0
2019-06-20 14:03,7765.75,7766.5,7762.75,7764.5,132.0
2019-06-20 14:04,7764.75,7766.5,7761.75,7766.0,89.0
2019-06-20 14:05,7766.25,7766.5,7760.0,7761.5,147.0
2019-06-20 14:06,7761.25,7762.0,7756.0,7757.5,178.0
2019-06-20 14:07,7758.0,7758.0,7754.75,7756.0,129.0
2019-06-20 14:08,7756.25,7760.0,7756.25,7758.75,202.0
2019-06-20 14:09,7759.0,7761.0,7757.75,7758.75,164.0
2019-06-20 14:10,7759.25,7760.0,7755.75,7758.0,124.0
2019-06-20 14:11,7758.75,7766.0,7756.75,7766.0,247.0
2019-06-20 14:12,7766.0,7770.0,7766.0,7768.25,370.0
2019-06-20 14:13,7768.25,7768.25,7762.0,7762.75,155.0
2019-06-20 14:14,7762.5,7763.75,7759.0,7759.5,134.0
2019-06-20 14:15,7760.25,7762.5,7757.0,7758.25,128.0
2019-06-20 14:16,7758.75,7760.0,7753.25,7754.0,163.0
2019-06-20 14:17,7753.5,7753.5,7749.25,7751.0,243.0
2019-06-20 14:18,7751.5,7752.5,7749.5,7749.5,88.0
2019-06-20 14:19,7749.75,7750.75,7744.5,7745.0,185.0
2019-06-20 14:20,7745.0,7745.0,7737.75,7740.0,378.0
2019-06-20 14:21,7739.75,7740.5,7736.0,7736.25,355.0
2019-06-20 14:22,7736.25,7736.25,7733.0,7734.0,230.0
2019-06-20 14:23,7734.75,7742.5,7734.75,7740.0,349.0
2019-06-20 14:24,7740.0,7745.75,7740.0,7744.5,271.0
2019-06-20 14:25,7745.0,7750.0,7745.0,7748.75,166.0
2019-06-20 14:26,7748.0,7749.0,7744.0,7744.5,64.0
2019-06-20 14:27,7744.5,7745.0,7742.25,7743.75,73.0
2019-06-20 14:28,7743.5,7745.5,7740.0,7745.5,153.0
2019-06-20 14:29,7745.0,7745.0,7736.0,7737.75,87.0
2019-06-20 14:30,7738.0,7742.25,7738.0,7740.0,206.0
2019-06-20 14:31,7740.25,7742.0,7738.25,7742.0,173.0
2019-06-20 14:32,7742.0,7742.25,7738.75,7739.25,85.0
2019-06-20 14:33,7739.5,7741.0,7739.0,7740.0,105.0
2019-06-20 14:34,7739.75,7741.25,7736.25,7736.25,215.0
2019-06-20 14:35,7736.5,7738.75,7736.0,7738.75,146.0
2019-06-20 14:36,7738.75,7740.25,7735.5,7736.25,177.0
2019-06-20 14:37,7736.0,7736.25,7729.0,7730.0,306.0
2019-06-20 14:38,7730.0,7732.25,7727.0,7732.0,263.0
2019-06-20 14:39,7732.0,7733.75,7730.0,7730.75,261.0
2019-06-20 14:40,7731.0,7732.0,7729.25,7730.0,136.0
2019-06-20 14:41,7729.75,7734.75,7729.25,7734.75,97.0
2019-06-20 14:42,7735.0,7738.75,7734.25,7734.5,203.0
2019-06-20 14:43,7735.0,7737.75,7735.0,7737.25,72.0
2019-06-20 14:44,7737.75,7739.75,7737.5,7739.25,90.0
2019-06-20 14:45,7739.0,7742.0,7738.5,7741.5,170.0
2019-06-20 14:46,7742.0,7743.25,7740.5,7740.5,101.0
2019-06-20 14:47,7740.75,7740.75,7735.0,7738.0,156.0
2019-06-20 14:48,7737.25,7741.75,7737.0,7740.25,97.0
2019-06-20 14:49,7740.5,7741.0,7738.75,7739.0,57.0
2019-06-20 14:50,7739.25,7743.0,7739.0,7743.0,174.0
2019-06-20 14:51,7742.25,7742.25,7736.0,7739.0,117.0
2019-06-20 14:52,7739.0,7740.75,7737.0,7740.5,114.0
2019-06-20 14:53,7741.0,7742.0,7740.25,7741.25,50.0
2019-06-20 14:54,7742.0,7742.5,7737.5,7737.5,79.0
2019-06-20 14:55,7738.5,7740.5,7737.0,7737.5,55.0
2019-06-20 14:56,7738.0,7738.25,7733.75,7735.25,88.0
2019-06-20 14:57,7735.75,7736.25,7730.5,7730.75,122.0
2019-06-20 14:58,7731.0,7732.5,7730.25,7732.5,72.0
2019-06-20 14:59,7732.5,7733.0,7726.25,7727.75,228.0
2019-06-20 15:00,7728.25,7736.25,7726.5,7734.75,163.0
2019-06-20 15:01,7735.5,7736.25,7732.0,7736.25,96.0
2019-06-20 15:02,7736.0,7739.25,7734.5,7735.0,109.0
2019-06-20 15:03,7735.0,7735.0,7729.5,7729.75,99.0
2019-06-20 15:04,7729.0,7729.5,7726.0,7728.75,150.0
2019-06-20 15:05,7729.5,7735.5,7729.5,7731.0,173.0
2019-06-20 15:06,7732.25,7735.5,7732.25,7733.75,86.0
2019-06-20 15:07,7734.0,7737.0,7734.0,7736.5,85.0
2019-06-20 15:08,7737.25,7741.5,7737.25,7739.0,123.0
2019-06-20 15:09,7738.5,7739.75,7735.75,7737.25,71.0
2019-06-20 15:10,7737.5,7739.0,7732.75,7734.5,114.0
2019-06-20 15:11,7734.75,7737.75,7732.75,7737.25,103.0
2019-06-20 15:12,7737.25,7737.25,7733.75,7734.5,71.0
2019-06-20 15:13,7734.75,7735.0,7732.0,7734.25,74.0
2019-06-20 15:14,7734.25,7734.25,7729.75,7730.0,90.0
2019-06-20 15:15,7729.5,7730.25,7725.0,7725.0,191.0
2019-06-20 15:16,7725.5,7726.75,7723.75,7725.0,123.0
2019-06-20 15:17,7725.25,7726.75,7719.75,7720.5,219.0
2019-06-20 15:18,7720.5,7721.75,7713.5,7715.0,222.0
2019-06-20 15:19,7715.25,7718.5,7715.25,7717.5,62.0
2019-06-20 15:20,7718.5,7721.0,7716.25,7718.25,86.0
2019-06-20 15:21,7718.5,7718.75,7713.75,7716.5,104.0
2019-06-20 15:22,7716.75,7720.25,7716.25,7720.25,103.0
2019-06-20 15:23,7721.0,7723.75,7721.0,7722.25,114.0
2019-06-20 15:24,7722.5,7723.25,7720.25,7722.25,117.0
2019-06-20 15:25,7723.0,7723.0,7720.25,7721.75,55.0
2019-06-20 15:26,7722.0,7724.5,7721.75,7722.5,62.0
2019-06-20 15:27,7722.25,7722.25,7716.25,7716.25,71.0
2019-06-20 15:28,7716.5,7720.0,7714.75,7716.25,151.0
2019-06-20 15:29,7716.25,7718.25,7715.5,7717.75,79.0
2019-06-20 15:30,7717.5,7720.25,7716.0,7719.0,104.0
2019-06-20 15:31,7719.75,7720.0,7718.5,7718.75,60.0
2019-06-20 15:32,7718.0,7718.25,7713.25,7714.75,69.0
2019-06-20 15:33,7714.25,7714.25,7711.5,7713.25,110.0
2019-06-20 15:34,7713.25,7714.5,7712.0,7712.0,75.0
2019-06-20 15:35,7711.75,7717.5,7710.5,7716.25,175.0
2019-06-20 15:36,7716.0,7716.0,7712.25,7712.5,70.0
2019-06-20 15:37,7712.75,7716.5,7712.75,7715.0,60.0
2019-06-20 15:38,7715.0,7717.5,7714.75,7716.75,74.0
2019-06-20 15:39,7717.25,7720.0,7717.25,7719.0,75.0
2019-06-20 15:40,7719.25,7720.75,7717.5,7717.75,76.0
2019-06-20 15:41,7717.75,7717.75,7715.75,7715.75,51.0
2019-06-20 15:42,7715.5,7716.75,7712.5,7716.0,86.0
2019-06-20 15:43,7716.0,7717.25,7714.25,7716.5,73.0
2019-06-20 15:44,7717.5,7725.75,7717.25,7723.25,265.0
2019-06-20 15:45,7723.0,7730.0,7721.5,7726.5,301.0
2019-06-20 15:46,7727.25,7728.0,7725.5,7726.25,59.0
2019-06-20 15:47,7726.25,7727.0,7724.5,7726.25,35.0
2019-06-20 15:48,7726.75,7729.25,7726.5,7728.0,118.0
2019-06-20 15:49,7728.0,7728.25,7725.5,7726.75,56.0
2019-06-20 15:50,7726.75,7729.0,7726.75,7728.0,42.0
2019-06-20 15:51,7728.5,7730.25,7728.5,7730.0,73.0
2019-06-20 15:52,7729.75,7730.5,7726.25,7726.25,98.0
2019-06-20 15:53,7726.25,7729.0,7725.5,7728.5,85.0
2019-06-20 15:54,7728.25,7729.75,7728.0,7729.75,45.0
2019-06-20 15:55,7730.0,7730.25,7728.0,7729.25,55.0
2019-06-20 15:56,7729.5,7729.5,7727.75,7729.25,40.0
2019-06-20 15:57,7729.25,7729.5,7726.75,7726.75,42.0
2019-06-20 15:58,7726.5,7727.25,7723.0,7723.5,128.0
2019-06-20 15:59,7724.0,7726.0,7723.5,7726.0,61.0
2019-06-20 16:00,7726.25,7727.5,7724.0,7724.25,44.0
2019-06-20 16:01,7724.75,7724.75,7722.0,7722.75,68.0
2019-06-20 16:02,7722.5,7723.25,7721.5,7721.75,47.0
2019-06-20 16:03,7721.25,7724.25,7721.0,7723.5,47.0
2019-06-20 16:04,7723.25,7723.25,7721.0,7722.0,84.0
2019-06-20 16:05,7721.75,7723.5,7721.0,7721.75,128.0
2019-06-20 16:06,7720.5,7723.25,7720.0,7723.0,34.0
2019-06-20 16:07,7723.5,7723.75,7720.75,7721.0,81.0
2019-06-20 16:08,7721.0,7721.5,7718.0,7718.0,72.0
2019-06-20 16:09,7718.0,7719.25,7714.0,7714.0,118.0
2019-06-20 16:10,7714.5,7714.5,7702.25,7706.25,371.0
2019-06-20 16:11,7706.75,7712.0,7706.25,7707.5,269.0
2019-06-20 16:12,7706.5,7707.25,7703.0,7707.25,133.0
2019-06-20 16:13,7705.5,7705.5,7698.25,7698.75,125.0
2019-06-20 16:14,7698.5,7701.75,7695.0,7697.5,399.0
2019-06-20 16:15,7696.75,7698.25,7694.5,7696.75,76.0
2019-06-20 16:16,7696.0,7698.75,7688.5,7688.5,214.0
2019-06-20 16:17,7689.25,7697.5,7689.25,7692.5,155.0
2019-06-20 16:18,7691.75,7691.75,7684.5,7686.5,221.0
2019-06-20 16:19,7686.0,7686.75,7679.0,7686.0,218.0
2019-06-20 16:20,7685.25,7689.5,7682.25,7689.0,276.0
2019-06-20 16:21,7689.25,7690.75,7686.75,7689.75,199.0
2019-06-20 16:22,7690.0,7691.5,7687.75,7691.0,79.0
2019-06-20 16:23,7691.25,7697.5,7691.0,7697.5,201.0
2019-06-20 16:24,7697.75,7701.0,7696.0,7701.0,202.0
2019-06-20 16:25,7700.25,7703.75,7696.25,7697.25,319.0
2019-06-20 16:26,7698.25,7708.5,7698.0,7707.25,377.0
2019-06-20 16:27,7706.5,7707.25,7703.5,7706.5,157.0
2019-06-20 16:28,7706.0,7708.25,7704.0,7704.0,128.0
2019-06-20 16:29,7703.75,7709.5,7703.75,7708.25,79.0
2019-06-20 16:30,7707.75,7710.25,7707.0,7708.75,152.0
2019-06-20 16:31,7709.25,7711.75,7707.0,7711.75,87.0
2019-06-20 16:32,7711.0,7714.0,7710.75,7711.75,160.0
2019-06-20 16:33,7710.25,7710.25,7706.0,7706.75,77.0
2019-06-20 16:34,7706.0,7706.5,7703.75,7704.5,54.0
2019-06-20 16:35,7704.25,7704.5,7699.25,7701.5,126.0
2019-06-20 16:36,7701.25,7703.25,7699.25,7701.25,74.0
2019-06-20 16:37,7700.75,7701.25,7698.5,7701.0,261.0
2019-06-20 16:38,7700.75,7704.5,7700.5,7701.0,134.0
2019-06-20 16:39,7701.0,7702.75,7698.25,7700.25,107.0
2019-06-20 16:40,7699.5,7701.0,7698.75,7699.75,54.0
2019-06-20 16:41,7699.5,7701.0,7699.0,7701.0,34.0
2019-06-20 16:42,7701.5,7707.0,7701.5,7706.0,144.0
2019-06-20 16:43,7704.25,7707.0,7702.5,7707.0,90.0
2019-06-20 16:44,7706.5,7708.0,7705.75,7706.75,112.0
2019-06-20 16:45,7707.25,7707.25,7703.75,7705.25,38.0
2019-06-20 16:46,7705.25,7708.25,7704.5,7705.0,64.0
2019-06-20 16:47,7705.5,7707.25,7704.75,7706.25,49.0
2019-06-20 16:48,7707.0,7707.5,7706.25,7707.5,73.0
2019-06-20 16:49,7708.0,7709.25,7706.5,7708.0,76.0
2019-06-20 16:50,7708.25,7710.25,7704.75,7705.5,79.0
2019-06-20 16:51,7705.0,7707.75,7704.75,7706.0,71.0
2019-06-20 16:52,7705.75,7706.0,7702.5,7705.5,122.0
2019-06-20 16:53,7706.0,7706.25,7702.25,7702.75,81.0
2019-06-20 16:54,7703.25,7704.0,7700.0,7700.25,72.0
2019-06-20 16:55,7700.75,7700.75,7696.5,7698.5,101.0
2019-06-20 16:56,7700.25,7705.0,7699.5,7705.0,80.0
2019-06-20 16:57,7705.5,7708.25,7705.0,7707.0,75.0
2019-06-20 16:58,7707.25,7708.25,7706.5,7708.0,67.0
2019-06-20 16:59,7707.5,7711.75,7707.5,7709.0,211.0
2019-06-20 17:00,7709.5,7712.25,7709.25,7712.0,44.0
2019-06-20 17:01,7712.25,7712.25,7707.25,7708.0,54.0
2019-06-20 17:02,7708.0,7708.75,7705.75,7706.5,50.0
2019-06-20 17:03,7707.5,7708.75,7707.5,7707.5,34.0
2019-06-20 17:04,7707.5,7711.75,7705.75,7705.75,62.0
2019-06-20 17:05,7707.25,7708.0,7706.75,7707.0,39.0
2019-06-20 17:06,7707.0,7708.25,7705.5,7708.25,45.0
2019-06-20 17:07,7707.75,7709.5,7706.25,7708.75,51.0
2019-06-20 17:08,7708.75,7713.0,7708.75,7712.75,75.0
2019-06-20 17:09,7712.25,7713.25,7711.0,7712.5,51.0
2019-06-20 17:10,7712.75,7712.75,7709.25,7709.25,30.0
2019-06-20 17:11,7708.5,7710.75,7708.5,7710.75,27.0
2019-06-20 17:12,7710.5,7711.75,7709.75,7710.75,32.0
2019-06-20 17:13,7711.5,7711.75,7710.5,7710.5,34.0
2019-06-20 17:14,7710.25,7712.0,7710.25,7711.0,34.0
2019-06-20 17:15,7711.0,7711.75,7710.5,7710.5,17.0
2019-06-20 17:16,7710.0,7710.5,7707.25,7707.25,60.0
2019-06-20 17:17,7707.0,7710.5,7707.0,7710.0,148.0
2019-06-20 17:18,7710.25,7710.75,7709.0,7709.75,31.0
2019-06-20 17:19,7709.0,7710.75,7707.25,7710.5,95.0
2019-06-20 17:20,7710.25,7711.5,7709.75,7710.0,33.0
2019-06-20 17:21,7711.5,7712.0,7710.0,7710.0,44.0
2019-06-20 17:22,7710.5,7711.25,7707.5,7708.5,53.0
2019-06-20 17:23,7708.0,7710.5,7707.5,7710.5,34.0
2019-06-20 17:24,7710.0,7715.5,7710.0,7715.0,194.0
2019-06-20 17:25,7714.75,7716.5,7713.25,7714.5,104.0
2019-06-20 17:26,7714.5,7716.0,7713.0,7716.0,37.0
2019-06-20 17:27,7716.25,7719.75,7715.5,7718.25,218.0
2019-06-20 17:28,7718.0,7722.75,7717.75,7722.25,113.0
2019-06-20 17:29,7722.25,7723.75,7721.5,7722.25,89.0
2019-06-20 17:30,7722.5,7724.75,7722.5,7724.75,123.0
2019-06-20 17:31,7724.75,7725.0,7723.75,7723.75,46.0
2019-06-20 17:32,7723.25,7725.5,7721.5,7724.5,183.0
2019-06-20 17:33,7725.0,7725.0,7721.0,7721.25,197.0
2019-06-20 17:34,7721.0,7721.0,7718.5,7718.5,53.0
2019-06-20 17:35,7718.75,7718.75,7714.75,7715.75,70.0
2019-06-20 17:36,7715.0,7717.0,7715.0,7716.5,35.0
2019-06-20 17:37,7717.0,7717.75,7715.75,7717.0,51.0
2019-06-20 17:38,7717.0,7717.5,7714.5,7716.25,60.0
2019-06-20 17:39,7716.0,7717.0,7715.75,7717.0,6.0
2019-06-20 17:40,7716.0,7716.0,7714.5,7716.0,21.0
2019-06-20 17:41,7715.75,7716.75,7715.5,7716.25,41.0
2019-06-20 17:42,7715.5,7715.5,7714.25,7714.5,17.0
2019-06-20 17:43,7714.25,7714.25,7709.5,7711.5,81.0
2019-06-20 17:44,7711.5,7713.75,7711.5,7712.75,26.0
2019-06-20 17:45,7713.0,7713.75,7711.75,7713.25,89.0
2019-06-20 17:46,7713.75,7714.75,7713.75,7714.5,33.0
2019-06-20 17:47,7714.0,7714.5,7714.0,7714.5,10.0
2019-06-20 17:48,7713.75,7713.75,7712.25,7713.0,21.0
2019-06-20 17:49,7714.25,7715.75,7714.0,7715.75,27.0
2019-06-20 17:50,7715.75,7717.25,7714.0,7714.5,43.0
2019-06-20 17:51,7714.25,7714.75,7713.25,7713.25,18.0
2019-06-20 17:52,7712.5,7713.25,7711.25,7711.75,67.0
2019-06-20 17:53,7712.5,7713.75,7712.0,7713.75,77.0
2019-06-20 17:54,7714.25,7714.25,7710.5,7711.0,95.0
2019-06-20 17:55,7711.75,7714.0,7710.5,7714.0,33.0
2019-06-20 17:56,7714.5,7714.5,7711.25,7712.0,35.0
2019-06-20 17:57,7712.0,7712.75,7711.75,7712.75,8.0
2019-06-20 17:58,7713.0,7714.25,7712.75,7714.0,19.0
2019-06-20 17:59,7714.0,7715.5,7712.25,7712.5,42.0
2019-06-20 18:00,7712.5,7714.75,7708.5,7714.75,47.0
2019-06-20 18:01,7715.0,7718.75,7715.0,7716.75,71.0
2019-06-20 18:02,7716.75,7717.5,7714.75,7717.0,40.0
2019-06-20 18:03,7716.5,7716.75,7715.75,7716.75,10.0
2019-06-20 18:04,7716.75,7716.75,7715.5,7716.25,9.0
2019-06-20 18:05,7716.0,7718.0,7716.0,7717.25,20.0
2019-06-20 18:06,7717.25,7717.25,7715.75,7716.25,27.0
2019-06-20 18:07,7717.0,7718.5,7717.0,7718.0,30.0
2019-06-20 18:08,7718.25,7720.25,7718.0,7720.25,67.0
2019-06-20 18:09,7719.5,7720.5,7717.75,7719.25,20.0
2019-06-20 18:10,7719.75,7719.75,7716.25,7717.0,21.0
2019-06-20 18:11,7717.0,7717.5,7716.5,7717.5,7.0
2019-06-20 18:12,7717.75,7718.5,7717.25,7718.5,15.0
2019-06-20 18:13,7718.0,7721.0,7716.75,7721.0,96.0
2019-06-20 18:14,7720.75,7720.75,7718.0,7718.25,66.0
2019-06-20 18:15,7716.75,7717.25,7715.5,7716.5,30.0
2019-06-20 18:16,7719.5,7721.25,7719.25,7719.75,71.0
2019-06-20 18:17,7719.75,7721.0,7719.75,7721.0,28.0
2019-06-20 18:18,7721.75,7722.75,7720.75,7722.0,78.0
2019-06-20 18:19,7722.0,7723.25,7721.5,7722.25,70.0
2019-06-20 18:20,7722.0,7723.0,7720.0,7721.75,78.0
2019-06-20 18:21,7722.0,7724.25,7720.5,7721.0,50.0
2019-06-20 18:22,7720.0,7720.75,7718.75,7718.75,13.0
2019-06-20 18:23,7719.5,7719.5,7717.75,7718.0,12.0
2019-06-20 18:24,7718.25,7718.75,7717.0,7718.5,32.0
2019-06-20 18:25,7717.5,7717.75,7716.25,7717.5,22.0
2019-06-20 18:26,7717.75,7717.75,7716.75,7717.0,10.0
2019-06-20 18:27,7716.75,7718.25,7716.75,7717.75,9.0
2019-06-20 18:28,7718.75,7720.25,7718.5,7718.75,39.0
2019-06-20 18:29,7718.25,7720.0,7717.5,7718.5,26.0
2019-06-20 18:30,7718.25,7719.0,7717.5,7718.0,19.0
2019-06-20 18:31,7718.0,7721.0,7718.0,7720.75,40.0
2019-06-20 18:32,7720.5,7721.5,7719.0,7719.0,38.0
2019-06-20 18:33,7718.75,7720.0,7718.25,7720.0,40.0
2019-06-20 18:34,7719.75,7719.75,7717.5,7718.75,20.0
2019-06-20 18:35,7719.25,7720.0,7719.25,7719.75,40.0
2019-06-20 18:36,7718.75,7719.25,7718.0,7718.25,41.0
2019-06-20 18:37,7718.5,7719.5,7718.5,7718.75,17.0
2019-06-20 18:38,7718.75,7719.25,7718.25,7718.75,24.0
2019-06-20 18:39,7718.75,7718.75,7717.5,7718.75,84.0
2019-06-20 18:40,7718.25,7719.25,7718.25,7718.5,28.0
2019-06-20 18:41,7719.5,7719.75,7718.5,7719.5,23.0
2019-06-20 18:42,7719.5,7720.75,7719.0,7720.25,73.0
2019-06-20 18:43,7720.25,7722.0,7720.25,7722.0,21.0
2019-06-20 18:44,7722.5,7722.75,7717.75,7718.0,31.0
2019-06-20 18:45,7719.0,7721.75,7719.0,7721.5,15.0
2019-06-20 18:46,7721.75,7722.75,7721.5,7721.75,16.0
2019-06-20 18:47,7721.5,7723.0,7721.5,7722.0,50.0
2019-06-20 18:48,7721.25,7722.5,7721.0,7722.5,15.0
2019-06-20 18:49,7722.75,7722.75,7721.75,7722.5,30.0
2019-06-20 18:50,7722.5,7722.5,7720.5,7721.5,17.0
2019-06-20 18:51,7721.0,7724.5,7721.0,7724.25,72.0
2019-06-20 18:52,7724.5,7725.0,7721.75,7722.75,42.0
2019-06-20 18:53,7722.75,7722.75,7721.5,7722.5,19.0
2019-06-20 18:54,7722.75,7724.75,7721.75,7724.25,40.0
2019-06-20 18:55,7723.5,7723.5,7721.0,7721.75,26.0
2019-06-20 18:56,7721.75,7722.5,7721.0,7722.0,16.0
2019-06-20 18:57,7722.5,7723.25,7722.0,7722.25,26.0
2019-06-20 18:58,7722.75,7723.0,7722.25,7722.25,9.0
2019-06-20 18:59,7722.25,7723.5,7722.0,7722.75,29.0
2019-06-20 19:00,7723.0,7723.5,7718.5,7718.75,74.0
2019-06-20 19:01,7718.75,7718.75,7714.25,7715.75,67.0
2019-06-20 19:02,7715.25,7716.25,7713.75,7715.5,19.0
2019-06-20 19:03,7715.75,7718.25,7715.25,7718.0,27.0
2019-06-20 19:04,7718.75,7718.75,7717.0,7717.25,15.0
2019-06-20 19:05,7716.75,7716.75,7714.25,7714.25,14.0
2019-06-20 19:06,7714.5,7714.5,7711.75,7713.25,77.0
2019-06-20 19:07,7713.0,7715.0,7712.5,7714.75,46.0
2019-06-20 19:08,7714.5,7717.25,7714.25,7716.75,29.0
2019-06-20 19:09,7716.25,7716.25,7714.25,7714.5,13.0
2019-06-20 19:10,7717.25,7719.0,7717.25,7719.0,11.0
2019-06-20 19:11,7718.5,7719.5,7718.0,7719.0,22.0
2019-06-20 19:12,7719.0,7719.5,7718.5,7719.0,29.0
2019-06-20 19:13,7719.5,7721.25,7719.5,7721.25,20.0
2019-06-20 19:14,7721.25,7721.25,7720.0,7720.25,14.0
2019-06-20 19:15,7720.5,7720.5,7718.0,7720.25,41.0
2019-06-20 19:16,7720.0,7721.5,7720.0,7721.0,27.0
2019-06-20 19:17,7721.25,7723.0,7721.25,7723.0,21.0
2019-06-20 19:18,7723.25,7724.0,7722.0,7723.5,34.0
2019-06-20 19:19,7723.75,7724.0,7723.0,7723.75,20.0
2019-06-20 19:20,7724.0,7726.5,7724.0,7725.75,76.0
2019-06-20 19:21,7726.0,7728.5,7725.5,7727.0,117.0
2019-06-20 19:22,7727.75,7728.75,7726.25,7726.25,48.0
2019-06-20 19:23,7726.75,7726.75,7724.5,7726.0,39.0
2019-06-20 19:24,7725.0,7725.5,7724.5,7725.5,20.0
2019-06-20 19:25,7725.75,7726.75,7725.5,7726.5,24.0
2019-06-20 19:26,7726.75,7728.75,7726.75,7728.5,20.0
2019-06-20 19:27,7728.5,7730.75,7727.25,7730.75,73.0
2019-06-20 19:28,7730.5,7733.0,7729.75,7731.0,93.0
2019-06-20 19:29,7730.5,7730.5,7728.5,7728.75,17.0
2019-06-20 19:30,7728.75,7731.5,7728.25,7731.0,44.0
2019-06-20 19:31,7730.0,7730.0,7726.25,7726.25,96.0
2019-06-20 19:32,7726.25,7728.5,7725.25,7727.75,46.0
2019-06-20 19:33,7727.75,7727.75,7726.75,7727.5,34.0
2019-06-20 19:34,7727.0,7727.5,7726.25,7727.0,30.0
2019-06-20 19:35,7727.0,7728.0,7726.75,7728.0,46.0
2019-06-20 19:36,7728.5,7732.0,7728.5,7732.0,65.0
2019-06-20 19:37,7732.25,7732.5,7729.75,7731.0,60.0
2019-06-20 19:38,7731.0,7732.0,7730.5,7730.75,32.0
2019-06-20 19:39,7730.75,7730.75,7729.75,7729.75,15.0
2019-06-20 19:40,7730.0,7730.5,7729.75,7729.75,50.0
2019-06-20 19:41,7729.75,7732.5,7729.75,7732.5,94.0
2019-06-20 19:42,7733.0,7736.5,7732.5,7735.75,226.0
2019-06-20 19:43,7735.5,7737.25,7735.5,7736.75,65.0
2019-06-20 19:44,7737.25,7739.0,7736.0,7737.75,136.0
2019-06-20 19:45,7737.5,7737.75,7736.75,7737.0,89.0
2019-06-20 19:46,7736.0,7740.0,7736.0,7738.25,198.0
2019-06-20 19:47,7738.25,7740.5,7737.75,7740.25,136.0
2019-06-20 19:48,7740.0,7743.5,7739.25,7740.75,229.0
2019-06-20 19:49,7741.0,7743.0,7739.5,7742.0,97.0
2019-06-20 19:50,7741.75,7744.5,7741.0,7744.0,299.0
2019-06-20 19:51,7743.75,7744.5,7742.25,7743.25,225.0
2019-06-20 19:52,7743.0,7745.0,7742.75,7744.5,153.0
2019-06-20 19:53,7744.25,7746.5,7743.75,7746.0,237.0
2019-06-20 19:54,7746.5,7747.5,7743.0,7745.25,322.0
2019-06-20 19:55,7745.25,7749.0,7744.0,7744.5,457.0
2019-06-20 19:56,7744.5,7745.25,7743.0,7744.5,155.0
2019-06-20 19:57,7744.75,7745.0,7743.0,7743.75,102.0
2019-06-20 19:58,7744.0,7745.5,7743.5,7743.5,198.0
2019-06-20 19:59,7743.5,7745.0,7735.5,7735.5,818.0
2019-06-20 20:00,7735.75,7746.5,7735.75,7745.25,459.0
2019-06-20 20:01,7745.25,7750.25,7745.25,7747.5,97.0
2019-06-20 20:02,7748.0,7748.0,7746.75,7746.75,29.0
2019-06-20 20:03,7747.25,7747.25,7745.5,7747.25,13.0
2019-06-20 20:04,7746.0,7746.25,7739.75,7741.25,68.0
2019-06-20 20:05,7741.25,7741.25,7738.5,7740.0,25.0
2019-06-20 20:06,7739.25,7740.25,7739.0,7739.25,29.0
2019-06-20 20:07,7740.0,7741.0,7739.5,7741.0,6.0
2019-06-20 20:08,7741.0,7741.0,7739.5,7739.5,18.0
2019-06-20 20:09,7739.5,7739.5,7736.25,7736.5,51.0
2019-06-20 20:10,7737.25,7737.75,7735.5,7735.75,59.0
2019-06-20 20:11,7736.0,7737.25,7734.75,7737.25,62.0
2019-06-20 20:12,7737.5,7740.75,7737.5,7739.5,33.0
2019-06-20 20:13,7739.5,7740.25,7738.75,7739.25,15.0
2019-06-20 20:14,7739.5,7748.25,7739.5,7746.75,36.0
2019-06-20 20:30,7742.5,7742.75,7737.25,7738.75,13.0
2019-06-20 20:31,7738.5,7739.0,7738.5,7738.5,41.0
2019-06-20 20:32,7738.5,7742.25,7738.5,7742.25,3.0
2019-06-20 20:33,7740.0,7740.25,7740.0,7740.25,2.0
2019-06-20 20:34,7738.75,7740.5,7738.5,7740.5,7.0
2019-06-20 20:35,7740.75,7741.5,7740.75,7741.5,7.0
2019-06-20 20:36,7737.75,7738.0,7737.0,7738.0,7.0
2019-06-20 20:37,7737.0,7739.25,7737.0,7739.25,6.0
2019-06-20 20:38,7738.0,7738.0,7738.0,7738.0,5.0
2019-06-20 20:40,7737.0,7737.25,7737.0,7737.25,2.0
2019-06-20 20:41,7736.5,7736.5,7736.5,7736.5,1.0
2019-06-20 20:43,7738.5,7738.5,7738.5,7738.5,4.0
2019-06-20 20:44,7739.25,7740.0,7735.75,7735.75,8.0
2019-06-20 20:45,7737.5,7738.0,7736.75,7738.0,6.0
2019-06-20 20:46,7736.0,7736.0,7736.0,7736.0,1.0
2019-06-20 20:47,7735.75,7735.75,7735.25,7735.5,4.0
2019-06-20 20:48,7736.75,7736.75,7736.75,7736.75,1.0
2019-06-20 20:50,7739.0,7740.0,7736.75,7740.0,20.0
2019-06-20 20:51,7739.0,7739.0,7739.0,7739.0,1.0
2019-06-20 20:53,7739.25,7739.25,7739.25,7739.25,1.0
2019-06-20 20:54,7737.75,7737.75,7737.75,7737.75,1.0
2019-06-20 20:55,7737.75,7737.75,7734.5,7734.5,17.0
2019-06-20 20:59,7737.0,7738.25,7735.75,7738.25,7.0
2019-06-20 22:00,7737.0,7737.0,7735.0,7735.0,13.0
2019-06-20 22:01,7735.0,7735.0,7732.25,7732.25,10.0
2019-06-20 22:03,7734.0,7735.5,7734.0,7734.0,3.0
2019-06-20 22:04,7736.0,7736.0,7736.0,7736.0,1.0
2019-06-20 22:05,7734.25,7734.25,7733.25,7733.25,2.0
2019-06-20 22:06,7733.25,7733.25,7733.25,7733.25,30.0
2019-06-20 22:08,7733.0,7734.0,7731.0,7734.0,9.0
2019-06-20 22:10,7732.0,7732.0,7730.75,7730.75,3.0
2019-06-20 22:12,7733.0,7733.75,7733.0,7733.75,5.0
2019-06-20 22:13,7733.75,7733.75,7733.75,7733.75,1.0
2019-06-20 22:16,7734.0,7734.0,7734.0,7734.0,1.0
2019-06-20 22:18,7733.25,7733.25,7732.75,7732.75,4.0
2019-06-20 22:20,7732.75,7732.75,7732.75,7732.75,2.0
2019-06-20 22:21,7732.0,7732.0,7732.0,7732.0,1.0
2019-06-20 22:22,7732.0,7732.0,7731.75,7731.75,2.0
2019-06-20 22:24,7733.5,7735.25,7733.5,7735.25,5.0
2019-06-20 22:29,7735.5,7735.5,7735.5,7735.5,1.0
2019-06-20 22:33,7735.25,7735.25,7733.75,7733.75,4.0
2019-06-20 22:37,7734.0,7734.25,7734.0,7734.25,2.0
2019-06-20 22:38,7733.25,7733.25,7733.25,7733.25,1.0
2019-06-20 22:39,7732.0,7732.0,7732.0,7732.0,1.0
2019-06-20 22:40,7732.0,7732.0,7729.75,7731.0,19.0
2019-06-20 22:41,7731.0,7731.25,7729.5,7731.25,7.0
2019-06-20 22:44,7731.0,7731.0,7731.0,7731.0,5.0
2019-06-20 22:45,7730.5,7731.0,7730.5,7731.0,3.0
2019-06-20 22:46,7730.0,7730.25,7730.0,7730.25,4.0
2019-06-20 22:49,7731.0,7731.0,7731.0,7731.0,3.0
2019-06-20 22:50,7731.5,7731.5,7731.5,7731.5,1.0
2019-06-20 22:51,7730.0,7731.0,7730.0,7731.0,5.0
2019-06-20 22:52,7731.75,7731.75,7731.75,7731.75,3.0
2019-06-20 22:54,7731.5,7731.5,7731.5,7731.5,1.0
2019-06-20 22:56,7732.75,7732.75,7732.75,7732.75,1.0
2019-06-20 22:57,7733.0,7733.0,7733.0,7733.0,1.0
2019-06-20 22:58,7732.5,7732.5,7732.5,7732.5,2.0
2019-06-20 23:00,7731.75,7731.75,7731.75,7731.75,1.0
2019-06-20 23:01,7732.0,7732.0,7731.0,7731.0,2.0
2019-06-20 23:02,7731.5,7731.5,7729.5,7729.5,6.0
2019-06-20 23:03,7730.25,7730.25,7730.25,7730.25,1.0
2019-06-20 23:04,7729.25,7730.5,7729.25,7730.5,3.0
2019-06-20 23:05,7730.25,7730.25,7729.5,7729.5,3.0
2019-06-20 23:06,7729.5,7730.25,7729.0,7729.0,13.0
2019-06-20 23:07,7729.0,7729.0,7728.5,7728.5,17.0
2019-06-20 23:09,7729.5,7729.5,7729.5,7729.5,1.0
2019-06-20 23:10,7728.75,7729.5,7728.75,7729.5,3.0
2019-06-20 23:12,7730.0,7730.0,7729.25,7729.25,2.0
2019-06-20 23:15,7730.25,7730.25,7730.25,7730.25,1.0
2019-06-20 23:16,7730.0,7730.0,7730.0,7730.0,1.0
2019-06-20 23:18,7730.0,7730.5,7729.25,7730.5,7.0
2019-06-20 23:19,7730.0,7730.0,7730.0,7730.0,1.0
2019-06-20 23:20,7730.25,7730.25,7730.25,7730.25,1.0
2019-06-20 23:22,7730.25,7730.25,7730.25,7730.25,1.0
2019-06-20 23:23,7731.0,7731.5,7731.0,7731.5,2.0
2019-06-20 23:25,7731.75,7734.75,7731.75,7734.75,10.0
2019-06-20 23:26,7734.75,7737.0,7734.75,7737.0,14.0
2019-06-20 23:27,7736.5,7737.5,7735.5,7736.25,8.0
2019-06-20 23:30,7736.25,7738.0,7736.25,7738.0,8.0
2019-06-20 23:31,7737.75,7738.5,7737.75,7738.5,5.0
2019-06-20 23:33,7738.25,7739.75,7737.75,7739.25,9.0
2019-06-20 23:34,7739.5,7740.0,7739.25,7740.0,8.0
2019-06-20 23:35,7739.25,7740.25,7739.25,7740.25,7.0
2019-06-20 23:36,7740.0,7740.0,7739.25,7739.5,10.0
2019-06-20 23:37,7739.75,7739.75,7737.75,7737.75,10.0
2019-06-20 23:38,7738.5,7738.5,7737.5,7737.5,4.0
2019-06-20 23:39,7736.25,7737.0,7736.25,7737.0,2.0
2019-06-20 23:41,7738.5,7738.5,7737.0,7737.0,3.0
2019-06-20 23:44,7737.75,7737.75,7737.75,7737.75,1.0
2019-06-20 23:45,7737.0,7737.0,7737.0,7737.0,1.0
2019-06-20 23:46,7736.0,7736.0,7735.5,7735.5,3.0
2019-06-20 23:48,7736.25,7736.25,7736.25,7736.25,1.0
2019-06-20 23:50,7737.0,7737.0,7737.0,7737.0,1.0
2019-06-20 23:54,7736.25,7736.25,7736.25,7736.25,1.0
2019-06-20 23:55,7736.0,7736.0,7736.0,7736.0,1.0
2019-06-21 00:00,7735.25,7735.25,7733.75,7733.75,4.0
2019-06-21 00:01,7734.25,7734.25,7734.25,7734.25,1.0
2019-06-21 00:02,7733.5,7733.5,7733.25,7733.25,2.0
2019-06-21 00:03,7731.25,7731.25,7728.0,7728.75,17.0
2019-06-21 00:04,7729.75,7730.25,7729.75,7730.25,2.0
2019-06-21 00:05,7731.25,7732.75,7731.25,7732.5,5.0
2019-06-21 00:07,7733.75,7733.75,7733.75,7733.75,1.0
2019-06-21 00:08,7733.25,7734.25,7733.25,7734.25,4.0
2019-06-21 00:10,7733.25,7733.25,7733.0,7733.0,2.0
2019-06-21 00:11,7732.25,7732.25,7732.25,7732.25,1.0
2019-06-21 00:12,7731.75,7733.25,7731.75,7733.25,3.0
2019-06-21 00:13,7734.5,7736.5,7734.5,7736.5,7.0
2019-06-21 00:15,7736.5,7737.75,7736.5,7737.75,10.0
2019-06-21 00:16,7737.25,7741.75,7737.25,7741.25,19.0
2019-06-21 00:17,7743.0,7743.25,7741.25,7741.5,6.0
2019-06-21 00:18,7741.25,7741.25,7740.75,7740.75,4.0
2019-06-21 00:19,7740.25,7740.25,7738.75,7738.75,3.0
2019-06-21 00:20,7738.5,7738.5,7738.5,7738.5,1.0
2019-06-21 00:21,7737.5,7737.5,7737.5,7737.5,1.0
2019-06-21 00:22,7734.75,7734.75,7734.75,7734.75,1.0
2019-06-21 00:23,7734.75,7734.75,7734.75,7734.75,1.0
2019-06-21 00:24,7734.75,7734.75,7734.75,7734.75,4.0
2019-06-21 00:25,7735.25,7735.25,7735.25,7735.25,2.0
2019-06-21 00:26,7734.25,7734.25,7734.25,7734.25,2.0
2019-06-21 00:27,7733.75,7735.0,7733.75,7735.0,6.0
2019-06-21 00:28,7735.0,7735.0,7735.0,7735.0,1.0
2019-06-21 00:29,7736.0,7736.0,7736.0,7736.0,3.0
2019-06-21 00:31,7734.25,7734.5,7734.0,7734.5,4.0
2019-06-21 00:32,7737.25,7737.25,7737.25,7737.25,1.0
2019-06-21 00:33,7736.75,7736.75,7736.75,7736.75,1.0
2019-06-21 00:34,7737.75,7737.75,7737.75,7737.75,1.0
2019-06-21 00:37,7738.75,7741.0,7738.75,7740.75,4.0
2019-06-21 00:39,7739.5,7739.75,7739.5,7739.75,2.0
2019-06-21 00:40,7739.25,7739.25,7739.25,7739.25,1.0
2019-06-21 00:41,7738.25,7738.25,7738.25,7738.25,1.0
2019-06-21 00:43,7735.25,7735.25,7735.25,7735.25,1.0
2019-06-21 00:45,7734.75,7734.75,7734.0,7734.75,7.0
2019-06-21 00:47,7736.5,7736.5,7736.25,7736.25,2.0
2019-06-21 00:49,7736.0,7736.25,7736.0,7736.25,2.0
2019-06-21 00:50,7735.75,7735.75,7735.75,7735.75,1.0
2019-06-21 00:53,7734.75,7734.75,7734.75,7734.75,1.0
2019-06-21 00:54,7734.75,7734.75,7734.75,7734.75,1.0
2019-06-21 01:00,7733.25,7734.25,7733.25,7734.25,2.0
2019-06-21 01:01,7736.75,7737.0,7736.75,7737.0,2.0
2019-06-21 01:02,7736.25,7736.25,7736.25,7736.25,1.0
2019-06-21 01:03,7734.75,7734.75,7733.25,7733.25,2.0
2019-06-21 01:04,7732.5,7732.5,7729.75,7731.75,6.0
2019-06-21 01:05,7733.75,7734.0,7733.75,7734.0,3.0
2019-06-21 01:06,7732.75,7732.75,7732.75,7732.75,1.0
2019-06-21 01:07,7732.75,7732.75,7732.75,7732.75,1.0
2019-06-21 01:08,7731.25,7731.25,7731.25,7731.25,1.0
2019-06-21 01:11,7729.75,7729.75,7729.75,7729.75,1.0
2019-06-21 01:13,7728.5,7728.5,7728.5,7728.5,1.0
2019-06-21 01:14,7729.25,7730.5,7729.25,7730.5,3.0
2019-06-21 01:15,7728.25,7728.25,7726.25,7727.75,31.0
2019-06-21 01:16,7728.75,7732.0,7728.75,7732.0,4.0
2019-06-21 01:17,7731.75,7732.0,7731.25,7731.25,7.0
2019-06-21 01:18,7732.0,7732.0,7730.5,7730.5,3.0
2019-06-21 01:20,7730.0,7730.0,7729.0,7729.0,4.0
2019-06-21 01:21,7729.0,7729.5,7729.0,7729.5,7.0
2019-06-21 01:24,7729.5,7729.5,7729.5,7729.5,1.0
2019-06-21 01:26,7731.0,7731.0,7731.0,7731.0,2.0
2019-06-21 01:27,7730.75,7731.0,7730.25,7731.0,5.0
2019-06-21 01:28,7730.25,7730.25,7730.25,7730.25,1.0
2019-06-21 01:29,7728.75,7729.75,7728.75,7729.5,8.0
2019-06-21 01:30,7729.0,7729.25,7729.0,7729.25,2.0
2019-06-21 01:31,7730.75,7731.75,7730.75,7730.75,8.0
2019-06-21 01:32,7731.0,7732.0,7730.25,7732.0,3.0
2019-06-21 01:34,7733.25,7734.0,7733.25,7734.0,8.0
2019-06-21 01:35,7734.75,7734.75,7734.0,7734.0,3.0
2019-06-21 01:37,7734.75,7734.75,7731.25,7733.25,13.0
2019-06-21 01:39,7732.5,7732.5,7731.75,7732.5,4.0
2019-06-21 01:40,7733.25,7733.25,7733.25,7733.25,1.0
2019-06-21 01:41,7734.75,7736.5,7734.75,7735.25,6.0
2019-06-21 01:43,7735.0,7735.0,7733.75,7734.75,5.0
2019-06-21 01:45,7732.75,7732.75,7732.5,7732.5,3.0
2019-06-21 01:46,7731.5,7731.5,7731.0,7731.0,3.0
2019-06-21 01:47,7730.25,7731.0,7730.0,7730.0,5.0
2019-06-21 01:48,7730.25,7730.5,7730.25,7730.5,2.0
2019-06-21 01:49,7729.5,7729.5,7729.0,7729.0,3.0
2019-06-21 01:50,7728.5,7729.5,7728.0,7728.0,10.0
2019-06-21 01:51,7728.75,7728.75,7727.5,7727.5,5.0
2019-06-21 01:52,7727.0,7727.0,7727.0,7727.0,1.0
2019-06-21 01:53,7728.75,7728.75,7728.75,7728.75,2.0
2019-06-21 01:57,7727.0,7727.0,7726.25,7726.25,4.0
2019-06-21 01:58,7726.5,7729.5,7726.5,7726.75,13.0
2019-06-21 01:59,7726.25,7727.5,7726.25,7727.25,6.0
2019-06-21 02:00,7726.75,7728.0,7726.5,7728.0,8.0
2019-06-21 02:01,7727.0,7727.0,7725.0,7725.75,8.0
2019-06-21 02:03,7727.25,7727.25,7727.25,7727.25,1.0
2019-06-21 02:04,7726.5,7726.5,7726.5,7726.5,1.0
2019-06-21 02:05,7726.5,7727.25,7725.75,7727.25,6.0
2019-06-21 02:06,7728.0,7728.0,7727.5,7727.5,3.0
2019-06-21 02:07,7728.25,7728.25,7728.25,7728.25,1.0
2019-06-21 02:09,7728.5,7729.25,7728.5,7729.25,4.0
2019-06-21 02:10,7730.25,7730.25,7729.5,7729.5,4.0
2019-06-21 02:11,7730.0,7731.25,7730.0,7731.25,5.0
2019-06-21 02:12,7731.0,7731.0,7730.25,7730.25,4.0
2019-06-21 02:13,7730.0,7730.0,7729.5,7729.75,4.0
2019-06-21 02:14,7729.75,7729.75,7729.75,7729.75,2.0
2019-06-21 02:15,7729.25,7729.25,7729.25,7729.25,1.0
2019-06-21 02:16,7728.75,7730.25,7728.75,7729.5,4.0
2019-06-21 02:19,7730.25,7730.25,7730.25,7730.25,2.0
2019-06-21 02:22,7728.0,7728.0,7728.0,7728.0,2.0
2019-06-21 02:23,7728.75,7729.25,7728.75,7729.25,2.0
2019-06-21 02:24,7729.5,7729.5,7729.5,7729.5,1.0
2019-06-21 02:25,7729.75,7734.75,7729.75,7734.75,71.0
2019-06-21 02:26,7734.5,7734.75,7733.5,7733.5,5.0
2019-06-21 02:28,7732.5,7732.5,7732.5,7732.5,1.0
2019-06-21 02:31,7731.0,7731.0,7731.0,7731.0,1.0
2019-06-21 02:32,7727.75,7727.75,7727.75,7727.75,1.0
2019-06-21 02:33,7729.25,7729.25,7729.25,7729.25,1.0
2019-06-21 02:35,7732.0,7732.75,7732.0,7732.75,2.0
2019-06-21 02:37,7731.75,7732.25,7731.75,7732.25,2.0
2019-06-21 02:38,7731.25,7731.25,7731.25,7731.25,1.0
2019-06-21 02:40,7729.25,7729.25,7729.25,7729.25,1.0
2019-06-21 02:42,7727.25,7727.25,7727.25,7727.25,1.0
2019-06-21 02:43,7726.25,7726.75,7725.75,7725.75,6.0
2019-06-21 02:44,7725.0,7725.0,7724.25,7725.0,4.0
2019-06-21 02:45,7725.0,7725.25,7724.0,7725.25,3.0
2019-06-21 02:46,7724.0,7724.0,7722.5,7724.0,10.0
2019-06-21 02:47,7722.25,7722.25,7722.25,7722.25,1.0
2019-06-21 02:50,7723.25,7723.25,7721.25,7721.25,9.0
2019-06-21 02:51,7721.25,7721.25,7717.5,7719.5,35.0
2019-06-21 02:52,7720.25,7723.25,7720.25,7723.25,29.0
2019-06-21 02:53,7722.25,7722.25,7722.25,7722.25,1.0
2019-06-21 02:54,7723.0,7723.25,7723.0,7723.25,2.0
2019-06-21 02:55,7724.25,7724.25,7723.25,7723.5,6.0
2019-06-21 02:56,7723.25,7723.25,7723.25,7723.25,1.0
2019-06-21 02:57,7724.25,7724.5,7724.25,7724.5,27.0
2019-06-21 02:58,7724.5,7725.0,7724.5,7724.5,25.0
2019-06-21 02:59,7724.25,7724.25,7723.5,7724.25,17.0
2019-06-21 03:00,7724.25,7725.0,7724.0,7725.0,14.0
2019-06-21 03:01,7724.5,7725.0,7724.25,7724.25,3.0
2019-06-21 03:02,7724.75,7724.75,7724.0,7724.5,6.0
2019-06-21 03:03,7725.0,7726.5,7725.0,7725.5,3.0
2019-06-21 03:04,7725.25,7725.25,7724.0,7724.25,3.0
2019-06-21 03:05,7724.0,7724.25,7724.0,7724.25,5.0
2019-06-21 03:06,7724.25,7724.75,7724.25,7724.75,2.0
2019-06-21 03:07,7724.25,7724.75,7724.25,7724.75,4.0
2019-06-21 03:09,7724.25,7724.25,7723.0,7723.0,50.0
2019-06-21 03:13,7722.75,7722.75,7722.25,7722.25,3.0
2019-06-21 03:14,7723.25,7723.25,7723.25,7723.25,1.0
2019-06-21 03:15,7723.5,7723.5,7723.0,7723.0,2.0
2019-06-21 03:16,7722.25,7722.25,7719.5,7719.5,4.0
2019-06-21 03:17,7719.25,7720.25,7719.25,7720.25,2.0
2019-06-21 03:18,7720.5,7720.5,7720.5,7720.5,1.0
2019-06-21 03:19,7721.25,7721.25,7720.5,7720.5,2.0
2019-06-21 03:21,7720.25,7721.25,7720.25,7721.25,12.0
2019-06-21 03:22,7722.0,7722.5,7721.25,7721.25,5.0
2019-06-21 03:23,7720.25,7720.25,7718.5,7718.5,8.0
2019-06-21 03:24,7718.5,7718.5,7718.25,7718.25,4.0
2019-06-21 03:25,7718.75,7720.0,7718.75,7719.0,16.0
2019-06-21 03:26,7719.0,7720.0,7719.0,7720.0,38.0
2019-06-21 03:27,7720.0,7720.0,7719.0,7719.0,5.0
2019-06-21 03:28,7719.25,7719.25,7719.0,7719.0,19.0
2019-06-21 03:31,7718.25,7718.25,7717.75,7718.25,3.0
2019-06-21 03:32,7718.0,7718.0,7718.0,7718.0,2.0
2019-06-21 03:33,7717.0,7717.0,7717.0,7717.0,1.0
2019-06-21 03:34,7716.25,7716.25,7714.25,7716.0,26.0
2019-06-21 03:35,7715.75,7716.5,7715.5,7716.5,5.0
2019-06-21 03:36,7718.0,7718.0,7718.0,7718.0,1.0
2019-06-21 03:37,7719.25,7719.25,7719.25,7719.25,2.0
2019-06-21 03:38,7719.0,7719.0,7719.0,7719.0,1.0
2019-06-21 03:41,7719.0,7719.0,7719.0,7719.0,1.0
2019-06-21 03:42,7719.0,7719.0,7718.25,7718.25,3.0
2019-06-21 03:43,7719.0,7719.0,7719.0,7719.0,4.0
2019-06-21 03:45,7719.0,7719.0,7719.0,7719.0,1.0
2019-06-21 03:46,7720.25,7720.5,7720.25,7720.5,2.0
2019-06-21 03:48,7720.5,7720.5,7720.5,7720.5,2.0
2019-06-21 03:49,7720.25,7720.25,7720.25,7720.25,2.0
2019-06-21 03:50,7720.25,7721.25,7720.25,7721.25,5.0
2019-06-21 03:51,7720.25,7720.5,7719.5,7719.5,40.0
2019-06-21 03:52,7719.0,7719.25,7719.0,7719.25,4.0
2019-06-21 03:54,7719.5,7719.5,7719.5,7719.5,1.0
2019-06-21 03:56,7720.0,7722.0,7720.0,7722.0,3.0
2019-06-21 03:57,7723.0,7723.0,7723.0,7723.0,14.0
2019-06-21 03:58,7723.0,7723.5,7723.0,7723.25,17.0
2019-06-21 03:59,7723.25,7723.25,7723.0,7723.0,29.0
2019-06-21 04:00,7723.5,7724.25,7723.5,7724.25,5.0
2019-06-21 04:01,7723.75,7723.75,7723.75,7723.75,1.0
2019-06-21 04:03,7723.25,7723.25,7723.25,7723.25,1.0
2019-06-21 04:05,7722.25,7722.25,7721.25,7721.25,3.0
2019-06-21 04:06,7721.0,7721.25,7721.0,7721.0,4.0
2019-06-21 04:07,7721.0,7721.0,7721.0,7721.0,1.0
2019-06-21 04:15,7721.25,7721.25,7721.25,7721.25,1.0
2019-06-21 04:16,7720.5,7720.5,7719.5,7719.5,3.0
2019-06-21 04:17,7718.5,7718.5,7718.5,7718.5,2.0
2019-06-21 04:18,7718.25,7718.25,7718.0,7718.0,2.0
2019-06-21 04:19,7719.25,7719.25,7719.25,7719.25,1.0
2019-06-21 04:20,7719.25,7720.0,7719.25,7720.0,3.0
2019-06-21 04:22,7719.25,7719.25,7718.5,7718.5,3.0
2019-06-21 04:24,7718.5,7718.5,7718.5,7718.5,2.0
2019-06-21 04:25,7718.75,7718.75,7718.75,7718.75,1.0
2019-06-21 04:26,7719.25,7719.75,7719.25,7719.75,3.0
2019-06-21 04:27,7720.75,7720.75,7720.75,7720.75,1.0
2019-06-21 04:28,7719.25,7719.25,7719.25,7719.25,1.0
2019-06-21 04:30,7719.25,7719.25,7719.0,7719.0,3.0
2019-06-21 04:32,7718.5,7718.5,7717.5,7717.5,3.0
2019-06-21 04:33,7716.25,7716.25,7716.25,7716.25,1.0
2019-06-21 04:34,7717.25,7717.25,7717.25,7717.25,1.0
2019-06-21 04:35,7715.5,7715.5,7715.5,7715.5,1.0
2019-06-21 04:36,7715.0,7715.0,7715.0,7715.0,1.0
2019-06-21 04:39,7716.25,7716.25,7716.25,7716.25,1.0
2019-06-21 04:40,7717.75,7717.75,7717.75,7717.75,1.0
2019-06-21 04:46,7718.5,7718.75,7718.5,7718.75,2.0
2019-06-21 04:50,7719.5,7719.5,7719.5,7719.5,1.0
2019-06-21 04:51,7719.0,7719.0,7719.0,7719.0,1.0
2019-06-21 04:52,7718.75,7718.75,7718.75,7718.75,1.0
2019-06-21 04:55,7716.25,7716.25,7715.25,7715.25,4.0
2019-06-21 04:56,7714.5,7714.5,7711.0,7711.0,19.0
2019-06-21 04:58,7712.75,7712.75,7711.25,7711.25,2.0
2019-06-21 04:59,7711.0,7711.75,7711.0,7711.75,4.0
2019-06-21 05:01,7712.0,7712.0,7710.25,7711.25,7.0
2019-06-21 05:02,7710.25,7710.25,7709.5,7709.5,2.0
2019-06-21 05:03,7708.25,7710.25,7708.25,7710.25,3.0
2019-06-21 05:09,7710.0,7710.0,7710.0,7710.0,1.0
2019-06-21 05:10,7710.0,7710.0,7709.5,7709.5,4.0
2019-06-21 05:11,7708.75,7708.75,7706.25,7706.25,3.0
2019-06-21 05:12,7707.25,7708.25,7707.25,7708.25,2.0
2019-06-21 05:13,7706.75,7706.75,7706.75,7706.75,1.0
2019-06-21 05:14,7704.75,7705.0,7704.75,7705.0,3.0
2019-06-21 05:15,7705.75,7709.0,7705.75,7709.0,3.0
2019-06-21 05:17,7708.25,7708.25,7707.25,7707.25,2.0
2019-06-21 05:20,7705.25,7705.25,7705.25,7705.25,1.0
2019-06-21 05:22,7705.5,7707.0,7705.5,7707.0,2.0
2019-06-21 05:24,7704.75,7704.75,7704.75,7704.75,1.0
2019-06-21 05:25,7704.0,7704.0,7703.0,7703.0,2.0
2019-06-21 05:28,7701.75,7702.5,7701.5,7702.5,4.0
2019-06-21 05:30,7704.5,7704.5,7702.25,7702.25,2.0
2019-06-21 05:32,7703.25,7703.25,7703.25,7703.25,5.0
2019-06-21 05:33,7703.75,7703.75,7702.5,7702.5,10.0
2019-06-21 05:37,7702.5,7703.25,7702.5,7703.25,2.0
2019-06-21 05:39,7704.5,7706.0,7704.5,7706.0,2.0
2019-06-21 05:41,7706.0,7707.25,7706.0,7706.25,17.0
2019-06-21 05:43,7705.0,7705.0,7705.0,7705.0,1.0
2019-06-21 05:46,7705.75,7705.75,7705.75,7705.75,1.0
2019-06-21 05:53,7707.5,7707.5,7706.0,7706.0,2.0
2019-06-21 05:55,7708.5,7710.75,7708.5,7710.75,6.0
2019-06-21 05:59,7708.0,7708.0,7708.0,7708.0,1.0
2019-06-21 06:00,7708.25,7708.25,7708.25,7708.25,1.0
2019-06-21 06:05,7708.5,7708.5,7708.5,7708.5,1.0
2019-06-21 06:12,7708.5,7708.5,7708.5,7708.5,1.0
2019-06-21 06:18,7711.25,7716.75,7710.0,7716.75,14.0
2019-06-21 06:19,7717.75,7717.75,7717.75,7717.75,1.0
2019-06-21 06:22,7717.0,7717.0,7717.0,7717.0,1.0
2019-06-21 06:24,7719.5,7723.25,7719.5,7721.25,28.0
2019-06-21 06:25,7720.0,7720.5,7720.0,7720.5,6.0
2019-06-21 06:26,7721.5,7721.75,7721.5,7721.75,10.0
2019-06-21 06:30,7722.0,7722.0,7720.0,7721.25,22.0
2019-06-21 06:34,7719.25,7719.25,7717.25,7717.25,3.0
2019-06-21 06:35,7718.25,7719.0,7718.0,7719.0,3.0
2019-06-21 06:36,7720.25,7720.25,7720.25,7720.25,1.0
2019-06-21 06:39,7723.5,7724.25,7721.75,7722.75,5.0
2019-06-21 06:41,7724.25,7727.25,7724.0,7727.25,55.0
2019-06-21 06:42,7725.75,7727.5,7725.75,7727.5,2.0
2019-06-21 06:44,7727.75,7727.75,7727.75,7727.75,1.0
2019-06-21 06:46,7727.25,7727.25,7726.5,7726.5,4.0
2019-06-21 06:47,7726.5,7726.5,7726.5,7726.5,1.0
2019-06-21 06:50,7727.75,7728.0,7727.25,7727.25,3.0
2019-06-21 06:51,7727.0,7727.0,7726.5,7726.5,11.0
2019-06-21 06:52,7726.25,7726.25,7726.25,7726.25,1.0
2019-06-21 06:54,7726.25,7726.25,7726.25,7726.25,1.0
2019-06-21 06:55,7727.0,7727.0,7726.25,7726.25,35.0
2019-06-21 06:56,7725.5,7725.5,7722.75,7722.75,3.0
2019-06-21 06:58,7722.75,7724.75,7722.5,7724.75,4.0
2019-06-21 07:00,7726.25,7728.0,7726.25,7728.0,2.0
2019-06-21 07:01,7725.0,7725.0,7721.0,7721.0,7.0
2019-06-21 07:02,7721.5,7721.5,7721.5,7721.5,1.0
2019-06-21 07:03,7723.25,7725.75,7723.25,7725.75,3.0
2019-06-21 07:06,7727.25,7727.25,7727.25,7727.25,1.0
2019-06-21 07:09,7724.75,7725.25,7724.75,7725.25,5.0
2019-06-21 07:10,7723.75,7723.75,7722.25,7722.25,13.0
2019-06-21 07:11,7722.25,7724.75,7721.75,7724.75,9.0
2019-06-21 07:13,7723.0,7723.0,7722.5,7722.5,2.0
2019-06-21 07:15,7723.0,7729.25,7723.0,7729.25,6.0
2019-06-21 07:16,7727.25,7731.25,7727.25,7731.25,4.0
2019-06-21 07:17,7732.75,7732.75,7729.25,7729.25,24.0
2019-06-21 07:20,7727.25,7728.0,7727.25,7728.0,2.0
2019-06-21 07:22,7727.0,7727.25,7727.0,7727.25,5.0
2019-06-21 07:23,7727.75,7727.75,7727.75,7727.75,4.0
2019-06-21 07:24,7725.75,7725.75,7725.75,7725.75,3.0
2019-06-21 07:25,7727.5,7729.0,7727.5,7729.0,20.0
2019-06-21 07:26,7728.75,7729.0,7728.5,7729.0,21.0
2019-06-21 07:29,7728.75,7728.75,7728.75,7728.75,1.0
2019-06-21 07:30,7729.25,7733.75,7729.25,7733.75,5.0
2019-06-21 07:31,7731.75,7732.25,7730.25,7732.25,38.0
2019-06-21 07:32,7732.25,7732.25,7731.5,7732.25,38.0
2019-06-21 07:33,7733.25,7734.75,7733.25,7734.25,5.0
2019-06-21 07:34,7735.0,7736.0,7735.0,7736.0,2.0
2019-06-21 07:35,7736.0,7736.0,7736.0,7736.0,2.0
2019-06-21 07:36,7737.0,7737.0,7734.5,7734.5,7.0
2019-06-21 07:37,7733.75,7733.75,7733.75,7733.75,4.0
2019-06-21 07:38,7733.25,7733.25,7733.25,7733.25,12.0
2019-06-21 07:39,7734.0,7737.25,7734.0,7735.75,39.0
2019-06-21 07:40,7734.5,7734.75,7734.0,7734.75,4.0
2019-06-21 07:43,7736.0,7738.5,7736.0,7738.5,5.0
2019-06-21 07:44,7742.0,7742.75,7741.0,7741.0,4.0
2019-06-21 07:45,7739.75,7739.75,7739.75,7739.75,3.0
2019-06-21 07:46,7739.75,7742.0,7739.25,7742.0,4.0
2019-06-21 07:48,7739.25,7739.25,7737.25,7737.25,6.0
2019-06-21 07:49,7738.25,7739.25,7738.25,7739.25,2.0
2019-06-21 07:50,7739.75,7740.75,7739.75,7740.75,11.0
2019-06-21 07:51,7739.75,7739.75,7739.75,7739.75,5.0
2019-06-21 07:53,7736.25,7738.25,7736.25,7737.75,54.0
2019-06-21 07:54,7738.75,7739.0,7738.75,7739.0,2.0
2019-06-21 07:56,7739.25,7739.25,7736.25,7736.25,8.0
2019-06-21 07:57,7736.25,7736.5,7735.75,7736.5,11.0
2019-06-21 07:58,7736.5,7737.75,7736.5,7737.75,3.0
2019-06-21 07:59,7736.75,7737.75,7736.25,7737.75,17.0
2019-06-21 08:00,7736.75,7736.75,7735.25,7735.25,2.0
2019-06-21 08:01,7734.0,7734.0,7732.0,7732.0,3.0
2019-06-21 08:02,7731.25,7731.25,7731.0,7731.0,6.0
2019-06-21 08:03,7729.0,7729.0,7725.0,7725.75,17.0
2019-06-21 08:04,7725.75,7725.75,7724.0,7724.0,5.0
2019-06-21 08:05,7724.5,7724.5,7723.75,7723.75,8.0
2019-06-21 08:06,7723.5,7723.5,7723.5,7723.5,4.0
2019-06-21 08:07,7725.75,7725.75,7725.75,7725.75,2.0
2019-06-21 08:08,7726.5,7727.75,7726.25,7727.75,3.0
2019-06-21 08:09,7726.25,7726.25,7726.25,7726.25,2.0
2019-06-21 08:10,7729.75,7729.75,7729.75,7729.75,1.0
2019-06-21 08:11,7729.75,7729.75,7729.75,7729.75,1.0
2019-06-21 08:12,7728.75,7728.75,7727.0,7727.0,2.0
2019-06-21 08:13,7726.5,7726.5,7726.25,7726.25,2.0
2019-06-21 08:14,7727.25,7727.25,7727.25,7727.25,1.0
2019-06-21 08:15,7730.25,7731.25,7730.25,7731.25,13.0
2019-06-21 08:16,7729.0,7729.0,7729.0,7729.0,1.0
2019-06-21 08:17,7727.25,7727.25,7727.0,7727.0,9.0
2019-06-21 08:25,7727.0,7727.75,7727.0,7727.75,2.0
2019-06-21 08:27,7729.0,7729.0,7728.75,7728.75,5.0
2019-06-21 08:30,7728.0,7729.0,7728.0,7729.0,7.0
2019-06-21 08:31,7729.0,7730.25,7729.0,7729.75,5.0
2019-06-21 08:33,7730.0,7730.0,7729.75,7729.75,2.0
2019-06-21 08:34,7730.5,7730.5,7728.75,7728.75,2.0
2019-06-21 08:35,7730.25,7731.75,7730.25,7730.25,16.0
2019-06-21 08:37,7728.5,7728.5,7728.0,7728.0,2.0
2019-06-21 08:38,7729.0,7729.75,7728.5,7729.75,23.0
2019-06-21 08:39,7728.0,7728.0,7728.0,7728.0,1.0
2019-06-21 08:42,7726.5,7726.5,7726.5,7726.5,5.0
2019-06-21 08:44,7723.5,7724.25,7723.0,7723.0,11.0
2019-06-21 08:46,7726.75,7726.75,7726.75,7726.75,1.0
2019-06-21 08:47,7729.0,7729.0,7729.0,7729.0,1.0
2019-06-21 08:53,7724.25,7724.25,7724.25,7724.25,3.0
2019-06-21 08:54,7725.0,7725.0,7725.0,7725.0,2.0
2019-06-21 08:55,7725.25,7730.0,7724.25,7724.25,61.0
2019-06-21 08:56,7724.25,7724.25,7724.25,7724.25,1.0
2019-06-21 08:58,7723.75,7723.75,7723.5,7723.5,2.0
2019-06-21 08:59,7724.25,7724.25,7724.25,7724.25,1.0
2019-06-21 09:01,7725.25,7725.25,7725.25,7725.25,2.0
2019-06-21 09:02,7725.25,7725.25,7725.25,7725.25,3.0
2019-06-21 09:07,7727.25,7727.25,7727.0,7727.0,5.0
2019-06-21 09:08,7728.0,7728.0,7727.25,7727.25,3.0
2019-06-21 09:09,7728.5,7728.5,7728.5,7728.5,2.0
2019-06-21 09:12,7727.5,7727.5,7727.5,7727.5,1.0
2019-06-21 09:14,7725.0,7725.0,7725.0,7725.0,1.0
2019-06-21 09:15,7728.5,7728.5,7728.5,7728.5,1.0
2019-06-21 09:16,7729.0,7729.0,7729.0,7729.0,11.0
2019-06-21 09:17,7729.5,7729.75,7729.25,7729.25,3.0
2019-06-21 09:20,7728.25,7730.75,7728.25,7730.75,13.0
2019-06-21 09:21,7732.25,7732.75,7731.25,7731.25,6.0
2019-06-21 09:22,7730.75,7730.75,7730.75,7730.75,1.0
2019-06-21 09:23,7731.0,7731.75,7729.5,7729.5,8.0
2019-06-21 09:25,7731.75,7733.0,7731.75,7733.0,11.0
2019-06-21 09:28,7734.0,7736.5,7734.0,7735.75,7.0
2019-06-21 09:29,7736.0,7736.0,7736.0,7736.0,10.0
2019-06-21 09:30,7735.5,7735.75,7735.5,7735.75,3.0
2019-06-21 09:31,7731.0,7731.0,7729.5,7730.75,13.0
2019-06-21 09:32,7731.5,7732.0,7731.5,7732.0,3.0
2019-06-21 09:33,7730.5,7730.5,7730.5,7730.5,6.0
2019-06-21 09:36,7727.25,7727.25,7727.25,7727.25,1.0
2019-06-21 09:42,7729.0,7729.25,7729.0,7729.25,3.0
2019-06-21 09:44,7729.25,7729.25,7729.25,7729.25,8.0
2019-06-21 09:49,7729.25,7729.25,7729.25,7729.25,1.0
2019-06-21 09:50,7728.0,7728.0,7721.0,7724.25,15.0
2019-06-21 09:51,7721.75,7723.25,7721.5,7723.25,4.0
2019-06-21 09:52,7723.5,7726.0,7723.5,7725.75,14.0
2019-06-21 09:53,7724.25,7725.25,7724.25,7724.25,11.0
2019-06-21 09:54,7724.75,7724.75,7723.75,7723.75,5.0
2019-06-21 09:55,7723.5,7725.0,7723.5,7725.0,5.0
2019-06-21 09:57,7728.75,7729.0,7728.25,7728.25,3.0
2019-06-21 09:59,7730.0,7730.0,7730.0,7730.0,2.0
2019-06-21 10:00,7727.25,7727.25,7726.5,7726.5,3.0
2019-06-21 10:01,7724.25,7724.25,7722.5,7722.5,2.0
2019-06-21 10:03,7722.75,7723.5,7722.0,7722.0,4.0
2019-06-21 10:05,7728.5,7728.5,7728.5,7728.5,1.0
2019-06-21 10:08,7728.5,7728.5,7728.5,7728.5,1.0
2019-06-21 10:10,7726.75,7727.5,7725.75,7725.75,4.0
2019-06-21 10:12,7721.25,7721.25,7721.25,7721.25,2.0
2019-06-21 10:13,7721.0,7721.5,7721.0,7721.5,2.0
2019-06-21 10:14,7720.0,7720.0,7719.5,7719.5,4.0
2019-06-21 10:16,7721.5,7721.5,7721.5,7721.5,1.0
2019-06-21 10:20,7718.5,7718.5,7718.5,7718.5,1.0
2019-06-21 10:23,7716.75,7717.5,7716.75,7717.5,2.0
2019-06-21 10:24,7719.0,7719.0,7719.0,7719.0,1.0
2019-06-21 10:25,7718.25,7718.25,7718.25,7718.25,2.0
2019-06-21 10:27,7718.25,7718.25,7718.25,7718.25,1.0
2019-06-21 10:28,7718.25,7718.25,7718.25,7718.25,1.0
2019-06-21 10:29,7717.5,7717.5,7717.5,7717.5,1.0
2019-06-21 10:30,7719.25,7719.25,7719.25,7719.25,1.0
2019-06-21 10:31,7719.0,7719.0,7719.0,7719.0,1.0
2019-06-21 10:35,7721.25,7721.25,7721.25,7721.25,5.0
2019-06-21 10:36,7721.25,7723.5,7721.25,7723.5,3.0
2019-06-21 10:37,7723.5,7723.5,7723.5,7723.5,1.0
2019-06-21 10:39,7720.5,7721.75,7717.25,7717.25,10.0
2019-06-21 10:40,7718.25,7718.25,7717.25,7717.25,11.0
2019-06-21 10:41,7719.75,7719.75,7719.75,7719.75,1.0
2019-06-21 10:46,7722.5,7722.5,7722.5,7722.5,1.0
2019-06-21 10:47,7724.25,7727.5,7724.25,7726.5,6.0
2019-06-21 10:56,7726.0,7726.5,7726.0,7726.5,6.0
2019-06-21 10:57,7728.0,7728.25,7728.0,7728.25,2.0
2019-06-21 10:59,7728.25,7728.25,7725.75,7725.75,4.0
2019-06-21 11:02,7730.25,7730.25,7730.25,7730.25,1.0
2019-06-21 11:03,7728.75,7728.75,7728.75,7728.75,1.0
2019-06-21 11:04,7729.75,7731.0,7729.5,7729.5,12.0
2019-06-21 11:08,7727.25,7727.25,7727.25,7727.25,1.0
2019-06-21 11:09,7727.5,7727.5,7727.5,7727.5,1.0
2019-06-21 11:10,7725.75,7725.75,7725.75,7725.75,1.0
2019-06-21 11:12,7724.0,7724.0,7723.0,7724.0,5.0
2019-06-21 11:13,7723.25,7723.25,7722.75,7722.75,2.0
2019-06-21 11:14,7723.75,7723.75,7719.75,7719.75,3.0
2019-06-21 11:15,7721.25,7721.25,7721.25,7721.25,1.0
2019-06-21 11:16,7724.25,7725.0,7724.25,7725.0,2.0
2019-06-21 11:17,7723.75,7723.75,7723.75,7723.75,1.0
2019-06-21 11:18,7721.25,7721.25,7721.25,7721.25,1.0
2019-06-21 11:20,7720.25,7720.25,7718.75,7718.75,3.0
2019-06-21 11:21,7718.25,7718.25,7718.25,7718.25,1.0
2019-06-21 11:23,7721.0,7721.0,7719.75,7719.75,7.0
2019-06-21 11:27,7717.5,7717.5,7717.5,7717.5,1.0
2019-06-21 11:30,7716.75,7716.75,7716.75,7716.75,1.0
2019-06-21 11:31,7716.5,7717.25,7716.5,7717.25,2.0
2019-06-21 11:32,7716.5,7716.5,7716.5,7716.5,1.0
2019-06-21 11:33,7717.25,7717.25,7717.25,7717.25,1.0
2019-06-21 11:34,7719.25,7719.25,7716.5,7717.75,5.0
2019-06-21 11:36,7716.0,7718.0,7716.0,7717.75,95.0
2019-06-21 11:38,7720.75,7721.25,7720.75,7721.25,2.0
2019-06-21 11:39,7721.25,7721.25,7721.25,7721.25,3.0
2019-06-21 11:42,7718.25,7718.25,7716.75,7716.75,31.0
2019-06-21 11:43,7716.75,7718.75,7716.75,7718.75,89.0
2019-06-21 11:44,7719.75,7719.75,7718.5,7718.5,4.0
2019-06-21 11:45,7717.25,7718.75,7717.25,7718.25,31.0
2019-06-21 11:46,7718.0,7718.0,7718.0,7718.0,23.0
2019-06-21 11:47,7718.25,7718.25,7718.0,7718.0,11.0
2019-06-21 11:49,7719.25,7719.25,7718.25,7718.25,4.0
2019-06-21 11:50,7720.0,7720.0,7720.0,7720.0,1.0
2019-06-21 11:52,7720.75,7720.75,7720.75,7720.75,2.0
2019-06-21 11:55,7718.0,7718.0,7718.0,7718.0,1.0
2019-06-21 11:59,7718.0,7718.0,7717.25,7717.25,3.0
2019-06-21 12:00,7719.25,7719.25,7719.25,7719.25,1.0
2019-06-21 12:05,7719.0,7720.25,7718.0,7720.25,5.0
2019-06-21 12:07,7717.75,7717.75,7714.5,7714.75,5.0
2019-06-21 12:09,7714.0,7714.0,7713.75,7713.75,3.0
2019-06-21 12:11,7713.25,7713.25,7711.75,7712.25,3.0
2019-06-21 12:13,7713.75,7714.25,7713.75,7714.25,2.0
2019-06-21 12:14,7712.25,7712.25,7712.0,7712.0,2.0
2019-06-21 12:15,7710.75,7711.25,7710.0,7711.25,5.0
2019-06-21 12:16,7712.75,7712.75,7712.75,7712.75,1.0
2019-06-21 12:17,7713.0,7713.0,7713.0,7713.0,1.0
2019-06-21 12:20,7713.0,7716.25,7713.0,7714.0,15.0
2019-06-21 12:21,7711.75,7711.75,7711.75,7711.75,1.0
2019-06-21 12:22,7710.5,7710.5,7710.5,7710.5,1.0
2019-06-21 12:25,7711.5,7711.5,7711.5,7711.5,1.0
2019-06-21 12:26,7711.5,7711.5,7711.5,7711.5,1.0
2019-06-21 12:27,7711.5,7711.5,7711.5,7711.5,6.0
2019-06-21 12:28,7710.25,7710.25,7710.25,7710.25,2.0
2019-06-21 12:29,7710.0,7710.0,7710.0,7710.0,2.0
2019-06-21 12:30,7709.5,7719.0,7709.5,7718.25,6.0
2019-06-21 12:31,7718.75,7721.0,7718.75,7720.25,6.0
2019-06-21 12:32,7719.25,7719.25,7716.75,7716.75,3.0
2019-06-21 12:33,7717.5,7721.5,7717.5,7721.5,6.0
2019-06-21 12:34,7722.25,7722.25,7721.25,7721.25,3.0
2019-06-21 12:35,7714.75,7714.75,7708.25,7714.75,7.0
2019-06-21 12:36,7713.75,7715.75,7713.75,7715.75,2.0
2019-06-21 12:37,7717.25,7717.5,7716.75,7716.75,3.0
2019-06-21 12:38,7716.25,7717.75,7716.25,7717.75,2.0
2019-06-21 12:39,7717.25,7717.25,7717.25,7717.25,1.0
2019-06-21 12:40,7715.0,7715.0,7714.25,7714.25,2.0
2019-06-21 12:43,7717.25,7717.25,7715.75,7716.75,4.0
2019-06-21 12:44,7716.25,7719.75,7716.25,7719.75,11.0
2019-06-21 12:47,7715.0,7715.0,7713.75,7713.75,3.0
2019-06-21 12:48,7718.25,7718.25,7717.5,7717.5,9.0
2019-06-21 12:49,7717.75,7720.0,7717.75,7720.0,45.0
2019-06-21 12:50,7720.0,7720.25,7714.75,7714.75,24.0
2019-06-21 12:51,7716.75,7716.75,7714.25,7714.25,3.0
2019-06-21 12:52,7714.25,7716.5,7713.5,7716.5,4.0
2019-06-21 12:53,7717.25,7717.75,7717.25,7717.75,3.0
2019-06-21 12:55,7717.25,7723.25,7717.25,7718.75,14.0
2019-06-21 12:56,7718.0,7718.0,7718.0,7718.0,5.0
2019-06-21 12:57,7719.25,7719.25,7718.75,7718.75,3.0
2019-06-21 12:58,7719.75,7720.5,7719.75,7720.0,21.0
2019-06-21 12:59,7721.25,7721.25,7720.25,7720.25,2.0
2019-06-21 13:00,7717.75,7719.25,7717.25,7719.0,15.0
2019-06-21 13:01,7716.5,7718.0,7716.5,7718.0,11.0
2019-06-21 13:02,7719.5,7720.75,7717.5,7717.5,18.0
2019-06-21 13:03,7717.25,7717.25,7715.75,7716.75,4.0
2019-06-21 13:04,7717.5,7717.5,7717.5,7717.5,1.0
2019-06-21 13:05,7716.0,7716.0,7715.0,7715.0,3.0
2019-06-21 13:06,7713.75,7715.0,7713.75,7715.0,2.0
2019-06-21 13:07,7714.5,7714.5,7713.25,7713.25,3.0
2019-06-21 13:08,7713.5,7713.5,7713.0,7713.25,4.0
2019-06-21 13:11,7715.25,7716.75,7715.25,7716.75,2.0
2019-06-21 13:13,7719.5,7719.5,7716.75,7716.75,3.0
2019-06-21 13:14,7714.75,7714.75,7714.75,7714.75,1.0
2019-06-21 13:17,7715.75,7715.75,7715.0,7715.0,3.0
2019-06-21 13:18,7718.25,7722.5,7718.25,7720.25,9.0
2019-06-21 13:19,7722.0,7722.0,7721.25,7721.25,4.0
2019-06-21 13:20,7721.0,7723.0,7721.0,7723.0,4.0
2019-06-21 13:21,7720.0,7725.0,7720.0,7721.5,10.0
2019-06-21 13:23,7719.5,7719.5,7719.5,7719.5,2.0
2019-06-21 13:24,7721.25,7721.75,7721.25,7721.75,3.0
2019-06-21 13:25,7721.0,7732.0,7721.0,7724.75,33.0
2019-06-21 13:26,7723.75,7723.75,7723.75,7723.75,1.0
2019-06-21 13:27,7724.75,7724.75,7721.25,7721.25,3.0
2019-06-21 13:28,7724.75,7734.0,7718.25,7718.25,108.0
2019-06-21 13:29,7724.5,7732.0,7724.5,7726.25,9.0
