stamp,open,high,low,close,volume
2020-09-13 22:00,11104.0,11125.75,11104.0,11104.25,209.0
2020-09-13 22:01,11104.25,11130.5,11104.0,11127.0,152.0
2020-09-13 22:02,11126.5,11128.0,11114.5,11115.25,70.0
2020-09-13 22:03,11118.5,11119.0,11107.75,11113.75,70.0
2020-09-13 22:04,11114.25,11122.75,11113.0,11120.0,82.0
2020-09-13 22:05,11118.75,11122.5,11116.0,11116.25,55.0
2020-09-13 22:06,11116.0,11116.75,11115.0,11116.5,29.0
2020-09-13 22:07,11116.75,11123.0,11116.75,11121.5,57.0
2020-09-13 22:08,11122.25,11131.25,11120.75,11129.75,100.0
2020-09-13 22:09,11130.75,11136.0,11129.5,11136.0,98.0
2020-09-13 22:10,11136.5,11140.0,11133.0,11133.5,73.0
2020-09-13 22:11,11133.5,11138.0,11132.5,11136.5,27.0
2020-09-13 22:12,11136.75,11138.5,11135.5,11137.25,30.0
2020-09-13 22:13,11137.0,11140.0,11135.5,11140.0,35.0
2020-09-13 22:14,11140.0,11149.25,11140.0,11147.5,105.0
2020-09-13 22:15,11148.0,11154.5,11145.0,11146.5,116.0
2020-09-13 22:16,11146.5,11149.25,11145.25,11145.25,40.0
2020-09-13 22:17,11145.75,11147.5,11145.25,11145.5,19.0
2020-09-13 22:18,11147.0,11148.75,11147.0,11148.5,16.0
2020-09-13 22:19,11148.0,11150.0,11148.0,11150.0,17.0
2020-09-13 22:20,11148.25,11150.0,11145.75,11146.0,64.0
2020-09-13 22:21,11147.25,11149.25,11146.25,11149.25,27.0
2020-09-13 22:22,11150.0,11151.75,11147.75,11149.0,41.0
2020-09-13 22:23,11148.75,11152.25,11148.75,11152.0,18.0
2020-09-13 22:24,11151.75,11151.75,11148.75,11149.5,20.0
2020-09-13 22:25,11149.25,11150.25,11146.75,11148.0,25.0
2020-09-13 22:26,11148.75,11150.25,11147.25,11147.25,11.0
2020-09-13 22:27,11147.0,11170.0,11147.0,11170.0,279.0
2020-09-13 22:28,11170.25,11172.0,11162.0,11164.25,78.0
2020-09-13 22:29,11163.75,11165.0,11160.25,11160.25,39.0
2020-09-13 22:30,11162.25,11175.0,11162.25,11170.0,178.0
2020-09-13 22:31,11171.25,11171.5,11169.0,11169.5,58.0
2020-09-13 22:32,11168.75,11170.25,11167.25,11169.25,28.0
2020-09-13 22:33,11169.5,11170.5,11166.5,11168.0,19.0
2020-09-13 22:34,11167.25,11169.0,11167.0,11168.25,20.0
2020-09-13 22:35,11169.75,11170.75,11166.75,11170.0,33.0
2020-09-13 22:36,11170.75,11171.0,11168.5,11170.0,32.0
2020-09-13 22:37,11169.0,11171.5,11164.75,11164.75,33.0
2020-09-13 22:38,11164.0,11168.0,11162.25,11164.0,51.0
2020-09-13 22:39,11163.75,11169.25,11163.75,11169.0,19.0
2020-09-13 22:40,11169.75,11170.5,11166.0,11170.25,37.0
2020-09-13 22:41,11171.25,11174.25,11169.25,11169.25,74.0
2020-09-13 22:42,11169.25,11182.5,11169.25,11177.25,109.0
2020-09-13 22:43,11178.5,11179.5,11175.0,11175.75,64.0
2020-09-13 22:44,11174.75,11177.25,11174.5,11175.75,49.0
2020-09-13 22:45,11177.25,11188.0,11175.25,11187.0,109.0
2020-09-13 22:46,11185.0,11189.75,11183.75,11188.25,55.0
2020-09-13 22:47,11187.75,11190.75,11187.75,11189.5,73.0
2020-09-13 22:48,11188.25,11189.5,11186.0,11186.75,32.0
2020-09-13 22:49,11186.5,11191.0,11186.5,11189.25,38.0
2020-09-13 22:50,11189.5,11198.5,11186.5,11187.75,147.0
2020-09-13 22:51,11186.5,11187.75,11185.0,11185.0,86.0
2020-09-13 22:52,11185.5,11186.25,11185.0,11185.25,22.0
2020-09-13 22:53,11185.25,11185.75,11184.25,11184.75,34.0
2020-09-13 22:54,11185.5,11186.0,11182.25,11183.5,39.0
2020-09-13 22:55,11184.0,11185.25,11184.0,11184.75,14.0
2020-09-13 22:56,11184.75,11184.75,11181.5,11181.5,30.0
2020-09-13 22:57,11182.0,11182.25,11176.75,11178.75,55.0
2020-09-13 22:58,11179.75,11179.75,11178.25,11179.0,14.0
2020-09-13 22:59,11179.25,11179.5,11177.75,11177.75,15.0
2020-09-13 23:00,11179.25,11183.75,11179.25,11182.75,53.0
2020-09-13 23:01,11184.0,11184.25,11180.0,11180.0,22.0
2020-09-13 23:02,11180.0,11180.0,11169.5,11171.5,123.0
2020-09-13 23:03,11171.0,11175.25,11170.75,11175.25,39.0
2020-09-13 23:04,11176.0,11176.0,11173.25,11173.25,13.0
2020-09-13 23:05,11172.5,11173.0,11169.5,11171.25,30.0
2020-09-13 23:06,11170.75,11172.0,11169.75,11171.0,26.0
2020-09-13 23:07,11170.5,11170.75,11168.0,11168.5,43.0
2020-09-13 23:08,11168.5,11172.25,11166.5,11171.5,59.0
2020-09-13 23:09,11172.25,11174.5,11170.25,11170.25,35.0
2020-09-13 23:10,11171.0,11173.25,11167.0,11168.25,34.0
2020-09-13 23:11,11167.25,11172.5,11166.5,11171.25,25.0
2020-09-13 23:12,11171.5,11173.0,11169.5,11171.0,93.0
2020-09-13 23:13,11171.5,11172.5,11164.25,11166.25,74.0
2020-09-13 23:14,11166.25,11168.5,11165.5,11168.5,27.0
2020-09-13 23:15,11168.0,11168.5,11165.5,11166.25,32.0
2020-09-13 23:16,11166.25,11168.0,11165.5,11166.25,34.0
2020-09-13 23:17,11167.0,11167.0,11163.75,11164.25,34.0
2020-09-13 23:18,11163.0,11163.75,11155.25,11155.25,107.0
2020-09-13 23:19,11155.75,11164.0,11155.0,11158.5,112.0
2020-09-13 23:20,11159.25,11166.5,11158.5,11165.25,51.0
2020-09-13 23:21,11164.5,11167.25,11163.25,11166.0,25.0
2020-09-13 23:22,11165.0,11165.75,11164.25,11165.5,10.0
2020-09-13 23:23,11166.0,11166.0,11165.0,11165.0,4.0
2020-09-13 23:24,11164.5,11167.5,11164.5,11164.5,23.0
2020-09-13 23:25,11164.5,11164.5,11164.25,11164.25,5.0
2020-09-13 23:26,11164.5,11168.0,11164.0,11168.0,31.0
2020-09-13 23:27,11167.0,11170.75,11167.0,11170.0,42.0
2020-09-13 23:28,11170.5,11171.75,11169.25,11170.5,31.0
2020-09-13 23:29,11170.75,11174.5,11170.0,11173.75,36.0
2020-09-13 23:30,11174.25,11176.0,11171.0,11174.5,35.0
2020-09-13 23:31,11173.75,11174.25,11171.5,11173.25,33.0
2020-09-13 23:32,11172.5,11173.0,11170.75,11171.0,44.0
2020-09-13 23:33,11170.25,11171.5,11169.0,11170.25,22.0
2020-09-13 23:34,11170.25,11172.0,11170.25,11172.0,7.0
2020-09-13 23:35,11173.0,11173.25,11172.25,11172.75,5.0
2020-09-13 23:36,11171.75,11174.0,11171.75,11174.0,6.0
2020-09-13 23:37,11173.75,11173.75,11167.5,11169.25,20.0
2020-09-13 23:38,11169.75,11171.25,11168.0,11170.25,37.0
2020-09-13 23:39,11170.0,11171.25,11169.75,11170.75,12.0
2020-09-13 23:40,11171.5,11171.75,11165.5,11168.25,60.0
2020-09-13 23:41,11166.5,11172.0,11166.5,11171.0,46.0
2020-09-13 23:42,11172.0,11173.25,11168.25,11171.5,14.0
2020-09-13 23:43,11171.5,11172.25,11169.75,11171.25,12.0
2020-09-13 23:44,11172.0,11172.0,11170.25,11171.25,10.0
2020-09-13 23:45,11171.0,11172.25,11167.25,11169.0,28.0
2020-09-13 23:46,11170.25,11172.75,11170.0,11170.75,32.0
2020-09-13 23:47,11170.25,11171.25,11170.0,11170.0,17.0
2020-09-13 23:48,11169.75,11169.75,11167.75,11169.5,8.0
2020-09-13 23:49,11169.5,11174.5,11169.5,11173.25,16.0
2020-09-13 23:50,11174.5,11188.25,11174.5,11183.75,161.0
2020-09-13 23:51,11184.25,11191.5,11184.25,11189.75,74.0
2020-09-13 23:52,11189.5,11193.5,11187.25,11188.0,73.0
2020-09-13 23:53,11188.25,11190.25,11183.75,11185.0,57.0
2020-09-13 23:54,11186.25,11190.25,11186.25,11188.0,24.0
2020-09-13 23:55,11187.5,11190.5,11185.5,11190.5,37.0
2020-09-13 23:56,11190.75,11191.0,11187.5,11188.25,34.0
2020-09-13 23:57,11189.0,11189.75,11187.75,11188.25,10.0
2020-09-13 23:58,11189.25,11190.25,11184.25,11186.0,65.0
2020-09-13 23:59,11185.0,11187.0,11183.5,11187.0,24.0
2020-09-14 00:00,11185.75,11188.0,11184.5,11185.75,37.0
2020-09-14 00:01,11185.25,11187.25,11183.75,11185.0,45.0
2020-09-14 00:02,11184.75,11187.25,11184.75,11185.75,16.0
2020-09-14 00:03,11187.75,11188.0,11181.5,11183.0,34.0
2020-09-14 00:04,11182.25,11182.25,11177.25,11179.5,56.0
2020-09-14 00:05,11180.25,11182.75,11180.25,11181.5,20.0
2020-09-14 00:06,11180.5,11182.25,11179.0,11182.25,24.0
2020-09-14 00:07,11182.5,11188.0,11182.5,11186.75,85.0
2020-09-14 00:08,11185.25,11186.5,11183.75,11183.75,17.0
2020-09-14 00:09,11184.75,11185.75,11183.0,11183.0,25.0
2020-09-14 00:10,11182.5,11186.0,11182.25,11183.75,25.0
2020-09-14 00:11,11182.75,11183.5,11181.75,11182.5,17.0
2020-09-14 00:12,11182.25,11185.25,11182.25,11182.25,16.0
2020-09-14 00:13,11182.0,11183.25,11181.5,11182.5,8.0
2020-09-14 00:14,11182.0,11182.0,11172.25,11173.0,68.0
2020-09-14 00:15,11173.25,11174.5,11163.75,11166.25,102.0
2020-09-14 00:16,11166.5,11174.75,11166.5,11171.75,41.0
2020-09-14 00:17,11170.0,11170.0,11166.75,11169.5,19.0
2020-09-14 00:18,11169.5,11173.0,11169.25,11173.0,17.0
2020-09-14 00:19,11173.25,11177.0,11173.25,11177.0,26.0
2020-09-14 00:20,11176.25,11176.25,11169.0,11171.0,40.0
2020-09-14 00:21,11170.75,11173.5,11170.0,11172.25,21.0
2020-09-14 00:22,11171.25,11174.0,11169.5,11173.75,16.0
2020-09-14 00:23,11173.75,11174.0,11172.0,11172.0,5.0
2020-09-14 00:24,11168.75,11171.25,11168.0,11169.5,46.0
2020-09-14 00:25,11171.0,11174.25,11171.0,11173.0,34.0
2020-09-14 00:26,11170.0,11170.5,11168.5,11170.5,19.0
2020-09-14 00:27,11170.0,11171.25,11168.5,11171.25,17.0
2020-09-14 00:28,11170.0,11171.5,11169.0,11170.0,10.0
2020-09-14 00:29,11170.0,11171.0,11169.25,11170.0,18.0
2020-09-14 00:30,11169.75,11171.75,11166.75,11168.25,26.0
2020-09-14 00:31,11166.5,11167.5,11163.5,11167.25,37.0
2020-09-14 00:32,11167.5,11171.25,11167.5,11169.75,19.0
2020-09-14 00:33,11170.0,11170.25,11169.25,11169.25,8.0
2020-09-14 00:34,11169.25,11169.75,11163.5,11163.5,31.0
2020-09-14 00:35,11164.25,11169.0,11163.0,11168.5,33.0
2020-09-14 00:36,11169.5,11169.75,11165.0,11167.0,33.0
2020-09-14 00:37,11166.0,11167.5,11165.75,11166.75,25.0
2020-09-14 00:38,11167.25,11167.75,11167.25,11167.5,16.0
2020-09-14 00:39,11168.0,11169.5,11166.5,11169.5,21.0
2020-09-14 00:40,11169.75,11174.25,11169.75,11173.25,40.0
2020-09-14 00:41,11173.75,11174.0,11171.0,11171.0,11.0
2020-09-14 00:42,11171.0,11173.75,11171.0,11172.75,20.0
2020-09-14 00:43,11173.75,11173.75,11170.0,11171.0,44.0
2020-09-14 00:44,11171.25,11176.75,11171.25,11172.5,111.0
2020-09-14 00:45,11172.75,11181.75,11172.75,11178.75,108.0
2020-09-14 00:46,11178.0,11180.75,11176.75,11180.5,107.0
2020-09-14 00:47,11180.75,11180.75,11177.0,11180.0,143.0
2020-09-14 00:48,11180.0,11180.75,11174.5,11175.75,103.0
2020-09-14 00:49,11175.0,11178.25,11173.0,11173.5,76.0
2020-09-14 00:50,11173.75,11178.0,11169.5,11178.0,90.0
2020-09-14 00:51,11178.25,11178.5,11173.5,11176.5,77.0
2020-09-14 00:52,11176.5,11179.0,11174.5,11175.5,122.0
2020-09-14 00:53,11175.5,11178.0,11173.5,11175.75,71.0
2020-09-14 00:54,11176.0,11177.25,11176.0,11177.25,6.0
2020-09-14 00:55,11178.75,11180.25,11177.75,11177.75,23.0
2020-09-14 00:56,11177.75,11180.75,11173.25,11175.75,119.0
2020-09-14 00:57,11176.25,11176.5,11171.25,11176.5,26.0
2020-09-14 00:58,11176.0,11176.25,11173.5,11173.5,19.0
2020-09-14 00:59,11173.25,11175.0,11172.75,11172.75,9.0
2020-09-14 01:00,11172.5,11172.5,11165.75,11170.75,110.0
2020-09-14 01:01,11170.0,11173.25,11170.0,11171.25,25.0
2020-09-14 01:02,11172.0,11176.0,11172.0,11175.0,22.0
2020-09-14 01:03,11175.0,11177.25,11172.0,11173.5,65.0
2020-09-14 01:04,11174.5,11177.0,11173.75,11175.75,23.0
2020-09-14 01:05,11175.75,11175.75,11172.0,11172.0,16.0
2020-09-14 01:06,11172.75,11175.5,11172.75,11175.0,11.0
2020-09-14 01:07,11176.5,11183.0,11176.0,11181.75,52.0
2020-09-14 01:08,11181.75,11189.25,11181.75,11188.5,158.0
2020-09-14 01:09,11187.75,11190.5,11186.75,11189.25,52.0
2020-09-14 01:10,11189.25,11190.0,11188.0,11188.0,33.0
2020-09-14 01:11,11187.5,11188.5,11184.0,11184.75,33.0
2020-09-14 01:12,11185.25,11187.25,11184.25,11185.25,29.0
2020-09-14 01:13,11185.5,11185.5,11181.0,11183.0,32.0
2020-09-14 01:14,11183.25,11185.0,11182.25,11184.0,23.0
2020-09-14 01:15,11184.5,11186.25,11183.0,11184.5,44.0
2020-09-14 01:16,11184.75,11185.25,11181.75,11182.0,39.0
2020-09-14 01:17,11183.75,11186.25,11183.75,11184.75,19.0
2020-09-14 01:18,11185.0,11187.25,11185.0,11186.0,22.0
2020-09-14 01:19,11187.25,11188.5,11184.75,11184.75,31.0
2020-09-14 01:20,11183.0,11183.25,11180.25,11180.25,44.0
2020-09-14 01:21,11180.25,11181.5,11177.5,11179.5,35.0
2020-09-14 01:22,11180.75,11182.0,11180.0,11180.0,12.0
2020-09-14 01:23,11179.25,11179.25,11176.75,11178.75,40.0
2020-09-14 01:24,11178.5,11180.25,11178.25,11178.25,12.0
2020-09-14 01:25,11177.75,11182.25,11177.0,11181.0,16.0
2020-09-14 01:26,11182.25,11187.0,11182.25,11183.0,31.0
2020-09-14 01:27,11183.0,11185.75,11181.25,11183.0,24.0
2020-09-14 01:28,11183.25,11186.0,11182.5,11182.75,20.0
2020-09-14 01:29,11184.0,11184.0,11181.5,11181.5,4.0
2020-09-14 01:30,11182.5,11186.5,11182.5,11185.0,28.0
2020-09-14 01:31,11184.0,11190.0,11184.0,11188.25,104.0
2020-09-14 01:32,11189.75,11189.75,11187.0,11188.5,44.0
2020-09-14 01:33,11187.25,11190.75,11185.75,11185.75,226.0
2020-09-14 01:34,11186.25,11189.25,11184.5,11189.25,40.0
2020-09-14 01:35,11189.25,11190.25,11184.5,11186.0,47.0
2020-09-14 01:36,11185.5,11188.5,11182.5,11186.75,32.0
2020-09-14 01:37,11186.0,11187.0,11182.5,11182.5,25.0
2020-09-14 01:38,11183.25,11185.5,11181.25,11184.0,16.0
2020-09-14 01:39,11184.0,11186.5,11183.0,11183.0,18.0
2020-09-14 01:40,11182.75,11184.25,11182.0,11183.0,14.0
2020-09-14 01:41,11182.0,11185.75,11180.25,11184.25,34.0
2020-09-14 01:42,11183.25,11190.25,11183.25,11188.0,25.0
2020-09-14 01:43,11187.0,11190.75,11187.0,11188.5,12.0
2020-09-14 01:44,11187.5,11187.75,11183.5,11183.5,55.0
2020-09-14 01:45,11182.75,11186.0,11182.75,11184.75,14.0
2020-09-14 01:46,11184.0,11189.25,11183.0,11188.25,41.0
2020-09-14 01:47,11189.0,11190.75,11188.75,11189.75,33.0
2020-09-14 01:48,11189.75,11191.25,11186.0,11186.0,35.0
2020-09-14 01:49,11186.75,11186.75,11184.25,11185.75,17.0
2020-09-14 01:50,11186.25,11189.75,11186.25,11188.5,18.0
2020-09-14 01:51,11188.25,11188.25,11184.5,11185.75,31.0
2020-09-14 01:52,11185.5,11186.25,11184.75,11185.75,20.0
2020-09-14 01:53,11185.5,11188.5,11185.5,11187.5,15.0
2020-09-14 01:54,11187.5,11189.0,11187.25,11189.0,9.0
2020-09-14 01:55,11189.0,11190.25,11186.75,11187.25,44.0
2020-09-14 01:56,11187.0,11188.0,11186.25,11187.5,10.0
2020-09-14 01:57,11188.5,11189.75,11187.5,11189.5,26.0
2020-09-14 01:58,11189.5,11190.5,11189.0,11189.5,26.0
2020-09-14 01:59,11189.75,11192.0,11188.75,11192.0,54.0
2020-09-14 02:00,11192.0,11192.75,11190.0,11190.0,72.0
2020-09-14 02:01,11190.25,11192.0,11190.0,11191.5,16.0
2020-09-14 02:02,11191.0,11191.5,11189.75,11191.5,22.0
2020-09-14 02:03,11192.0,11201.5,11192.0,11199.5,191.0
2020-09-14 02:04,11200.0,11204.0,11198.5,11203.75,103.0
2020-09-14 02:05,11204.25,11209.5,11204.0,11207.0,92.0
2020-09-14 02:06,11207.5,11208.5,11205.5,11206.75,34.0
2020-09-14 02:07,11206.75,11212.25,11206.75,11210.5,42.0
2020-09-14 02:08,11209.75,11210.25,11205.5,11206.5,55.0
2020-09-14 02:09,11207.0,11207.0,11205.0,11206.5,32.0
2020-09-14 02:10,11207.5,11208.75,11206.5,11208.5,28.0
2020-09-14 02:11,11208.25,11209.25,11207.0,11207.75,21.0
2020-09-14 02:12,11208.75,11209.25,11207.75,11208.0,14.0
2020-09-14 02:13,11208.0,11208.25,11205.75,11207.0,26.0
2020-09-14 02:14,11206.75,11209.5,11206.25,11209.25,27.0
2020-09-14 02:15,11209.75,11211.75,11208.75,11210.0,42.0
2020-09-14 02:16,11211.25,11213.25,11210.0,11210.75,50.0
2020-09-14 02:17,11211.0,11211.0,11209.75,11209.75,20.0
2020-09-14 02:18,11210.75,11211.75,11209.75,11211.25,21.0
2020-09-14 02:19,11211.25,11211.75,11210.75,11211.0,7.0
2020-09-14 02:20,11211.0,11211.75,11210.0,11211.5,19.0
2020-09-14 02:21,11211.0,11213.25,11211.0,11212.75,47.0
2020-09-14 02:22,11213.0,11216.0,11212.25,11213.5,79.0
2020-09-14 02:23,11215.0,11216.0,11213.75,11214.0,59.0
2020-09-14 02:24,11214.75,11215.75,11213.25,11213.5,33.0
2020-09-14 02:25,11213.0,11218.5,11213.0,11217.25,77.0
2020-09-14 02:26,11217.25,11219.75,11217.25,11219.5,57.0
2020-09-14 02:27,11219.0,11219.5,11214.25,11214.25,59.0
2020-09-14 02:28,11214.5,11215.75,11213.5,11214.5,33.0
2020-09-14 02:29,11214.0,11215.5,11213.25,11215.25,32.0
2020-09-14 02:30,11216.0,11220.0,11216.0,11218.0,62.0
2020-09-14 02:31,11217.75,11218.5,11214.25,11214.75,31.0
2020-09-14 02:32,11215.75,11215.75,11209.0,11209.0,83.0
2020-09-14 02:33,11208.75,11211.0,11208.25,11210.75,52.0
2020-09-14 02:34,11210.0,11211.75,11208.25,11211.75,68.0
2020-09-14 02:35,11210.5,11212.75,11210.5,11212.25,31.0
2020-09-14 02:36,11213.0,11213.0,11209.25,11211.25,35.0
2020-09-14 02:37,11211.5,11216.5,11211.5,11214.75,68.0
2020-09-14 02:38,11215.0,11216.25,11213.75,11215.75,50.0
2020-09-14 02:39,11216.5,11218.75,11214.75,11215.5,57.0
2020-09-14 02:40,11214.5,11216.0,11212.0,11212.0,73.0
2020-09-14 02:41,11211.5,11211.5,11207.5,11209.75,59.0
2020-09-14 02:42,11209.25,11212.75,11209.25,11211.5,40.0
2020-09-14 02:43,11210.25,11211.25,11209.75,11210.5,10.0
2020-09-14 02:44,11210.75,11212.75,11210.25,11211.0,21.0
2020-09-14 02:45,11210.75,11210.75,11209.0,11209.25,18.0
2020-09-14 02:46,11209.5,11209.5,11205.5,11208.0,93.0
2020-09-14 02:47,11208.75,11213.5,11208.0,11212.0,42.0
2020-09-14 02:48,11212.0,11213.25,11212.0,11212.75,15.0
2020-09-14 02:49,11213.25,11213.25,11210.75,11211.5,14.0
2020-09-14 02:50,11212.25,11212.25,11211.5,11211.5,6.0
2020-09-14 02:51,11212.0,11213.5,11212.0,11213.0,30.0
2020-09-14 02:52,11213.25,11217.75,11213.25,11216.25,50.0
2020-09-14 02:53,11216.0,11221.75,11216.0,11220.25,111.0
2020-09-14 02:54,11220.5,11224.5,11220.25,11223.0,91.0
2020-09-14 02:55,11223.0,11225.0,11222.25,11224.75,79.0
2020-09-14 02:56,11224.25,11226.5,11224.0,11225.0,78.0
2020-09-14 02:57,11225.0,11227.75,11224.0,11224.5,70.0
2020-09-14 02:58,11225.25,11225.5,11222.75,11223.5,40.0
2020-09-14 02:59,11223.0,11225.5,11222.75,11224.0,164.0
2020-09-14 03:00,11223.5,11225.25,11222.75,11225.25,34.0
2020-09-14 03:01,11225.5,11228.5,11225.5,11226.0,65.0
2020-09-14 03:02,11226.0,11226.0,11224.0,11224.75,9.0
2020-09-14 03:03,11225.0,11227.0,11225.0,11225.25,16.0
2020-09-14 03:04,11226.0,11229.25,11225.5,11228.75,34.0
2020-09-14 03:05,11228.75,11229.75,11228.0,11229.5,61.0
2020-09-14 03:06,11230.0,11230.0,11225.75,11225.75,38.0
2020-09-14 03:07,11226.0,11226.0,11223.0,11225.0,50.0
2020-09-14 03:08,11225.75,11228.5,11225.75,11227.0,31.0
2020-09-14 03:09,11226.5,11226.5,11223.5,11223.5,27.0
2020-09-14 03:10,11223.5,11225.0,11222.75,11225.0,18.0
2020-09-14 03:11,11225.0,11227.25,11223.75,11226.25,21.0
2020-09-14 03:12,11226.75,11228.0,11226.0,11226.5,27.0
2020-09-14 03:13,11227.0,11228.0,11226.75,11227.0,10.0
2020-09-14 03:14,11226.5,11226.75,11225.5,11225.75,21.0
2020-09-14 03:15,11226.25,11243.0,11226.25,11242.25,266.0
2020-09-14 03:16,11241.5,11241.5,11234.75,11235.0,142.0
2020-09-14 03:17,11235.75,11237.75,11234.0,11235.75,26.0
2020-09-14 03:18,11236.25,11237.25,11235.25,11236.25,45.0
2020-09-14 03:19,11235.0,11235.75,11233.0,11233.5,49.0
2020-09-14 03:20,11233.5,11239.5,11233.5,11237.25,33.0
2020-09-14 03:21,11236.5,11237.25,11234.0,11235.0,27.0
2020-09-14 03:22,11235.5,11237.0,11234.5,11235.75,28.0
2020-09-14 03:23,11235.25,11238.25,11235.0,11236.75,32.0
2020-09-14 03:24,11237.0,11237.5,11234.0,11235.5,47.0
2020-09-14 03:25,11235.25,11236.25,11234.0,11234.75,15.0
2020-09-14 03:26,11234.25,11234.25,11232.25,11232.25,14.0
2020-09-14 03:27,11232.5,11232.5,11229.75,11230.75,49.0
2020-09-14 03:28,11230.0,11231.75,11230.0,11231.0,24.0
2020-09-14 03:29,11230.5,11233.0,11230.0,11233.0,8.0
2020-09-14 03:30,11234.0,11234.0,11231.0,11232.5,24.0
2020-09-14 03:31,11232.5,11233.5,11228.5,11229.75,51.0
2020-09-14 03:32,11229.25,11231.25,11229.25,11229.25,29.0
2020-09-14 03:33,11229.5,11230.25,11229.25,11230.0,25.0
2020-09-14 03:34,11230.0,11230.25,11229.5,11230.0,15.0
2020-09-14 03:35,11230.5,11231.75,11229.75,11229.75,33.0
2020-09-14 03:36,11229.5,11231.5,11228.5,11231.25,25.0
2020-09-14 03:37,11230.5,11232.25,11230.25,11231.5,23.0
2020-09-14 03:38,11232.5,11234.75,11232.5,11234.0,17.0
2020-09-14 03:39,11233.5,11233.75,11231.25,11231.25,18.0
2020-09-14 03:40,11231.25,11232.0,11230.25,11230.75,19.0
2020-09-14 03:41,11231.25,11231.75,11231.25,11231.75,4.0
2020-09-14 03:42,11230.75,11231.25,11227.5,11227.75,26.0
2020-09-14 03:43,11227.75,11229.75,11227.75,11229.75,18.0
2020-09-14 03:44,11229.5,11230.25,11227.5,11227.5,11.0
2020-09-14 03:45,11227.75,11230.25,11227.75,11230.25,18.0
2020-09-14 03:46,11230.5,11232.0,11230.5,11230.5,9.0
2020-09-14 03:47,11231.5,11232.25,11230.75,11232.0,14.0
2020-09-14 03:48,11231.0,11232.75,11231.0,11232.0,8.0
2020-09-14 03:49,11231.0,11231.0,11228.0,11228.5,25.0
2020-09-14 03:50,11228.25,11228.25,11226.75,11228.0,36.0
2020-09-14 03:51,11228.25,11228.5,11227.0,11227.75,23.0
2020-09-14 03:52,11227.75,11227.75,11226.0,11227.0,19.0
2020-09-14 03:53,11226.5,11227.0,11225.5,11226.5,19.0
2020-09-14 03:54,11226.25,11226.25,11223.5,11223.5,34.0
2020-09-14 03:55,11224.5,11225.25,11218.5,11222.5,130.0
2020-09-14 03:56,11222.25,11229.0,11221.5,11228.75,70.0
2020-09-14 03:57,11229.25,11230.5,11227.0,11227.75,36.0
2020-09-14 03:58,11228.0,11228.25,11226.0,11226.75,16.0
2020-09-14 03:59,11227.25,11227.25,11223.0,11223.0,32.0
2020-09-14 04:00,11223.25,11224.75,11220.25,11222.25,114.0
2020-09-14 04:01,11221.5,11224.5,11221.5,11222.75,36.0
2020-09-14 04:02,11222.5,11222.5,11218.75,11219.5,29.0
2020-09-14 04:03,11219.5,11221.5,11219.5,11221.5,14.0
2020-09-14 04:04,11222.0,11223.5,11222.0,11223.0,10.0
2020-09-14 04:05,11222.0,11222.0,11220.25,11220.25,13.0
2020-09-14 04:06,11220.25,11222.75,11220.0,11222.25,10.0
2020-09-14 04:07,11221.0,11221.0,11219.5,11220.25,8.0
2020-09-14 04:08,11220.0,11220.0,11214.0,11217.5,67.0
2020-09-14 04:09,11216.25,11220.5,11215.25,11219.5,29.0
2020-09-14 04:10,11219.75,11222.25,11219.5,11221.0,14.0
2020-09-14 04:11,11220.75,11223.25,11219.5,11223.0,22.0
2020-09-14 04:12,11223.5,11226.25,11222.75,11224.5,56.0
2020-09-14 04:13,11224.75,11227.25,11222.25,11222.25,48.0
2020-09-14 04:14,11222.25,11223.75,11221.25,11223.75,12.0
2020-09-14 04:15,11223.75,11224.75,11220.75,11222.75,30.0
2020-09-14 04:16,11223.0,11223.25,11222.5,11222.5,4.0
2020-09-14 04:17,11222.5,11226.0,11222.5,11224.5,14.0
2020-09-14 04:18,11224.25,11226.5,11224.25,11225.75,19.0
2020-09-14 04:19,11224.75,11226.0,11224.75,11225.25,6.0
2020-09-14 04:20,11224.0,11226.0,11222.75,11224.25,51.0
2020-09-14 04:21,11223.5,11224.0,11222.75,11223.25,15.0
2020-09-14 04:22,11224.0,11224.0,11220.25,11222.25,38.0
2020-09-14 04:23,11222.0,11222.0,11217.75,11219.25,35.0
2020-09-14 04:24,11218.5,11218.5,11217.0,11217.75,17.0
2020-09-14 04:25,11218.0,11219.5,11217.75,11218.0,12.0
2020-09-14 04:26,11217.5,11219.0,11214.0,11218.5,52.0
2020-09-14 04:27,11218.75,11221.25,11217.5,11221.25,22.0
2020-09-14 04:28,11221.5,11223.25,11221.25,11222.75,23.0
2020-09-14 04:29,11223.0,11224.5,11222.5,11224.0,13.0
2020-09-14 04:30,11223.0,11229.5,11223.0,11227.0,45.0
2020-09-14 04:31,11228.25,11230.75,11228.25,11230.0,36.0
2020-09-14 04:32,11230.0,11231.5,11227.75,11229.0,28.0
2020-09-14 04:33,11229.0,11229.75,11228.5,11228.5,9.0
2020-09-14 04:34,11228.5,11230.75,11228.5,11230.75,10.0
2020-09-14 04:35,11231.25,11234.0,11229.5,11230.5,57.0
2020-09-14 04:36,11229.25,11229.25,11226.25,11227.0,26.0
2020-09-14 04:37,11228.0,11229.0,11226.25,11229.0,16.0
2020-09-14 04:38,11227.75,11227.75,11225.25,11226.25,7.0
2020-09-14 04:39,11225.75,11229.25,11225.75,11229.25,16.0
2020-09-14 04:40,11229.5,11230.75,11229.0,11229.5,36.0
2020-09-14 04:41,11229.5,11229.5,11226.0,11227.5,16.0
2020-09-14 04:42,11226.25,11226.25,11225.0,11225.5,13.0
2020-09-14 04:43,11226.5,11226.5,11224.0,11224.0,20.0
2020-09-14 04:44,11224.0,11226.5,11224.0,11226.0,12.0
2020-09-14 04:45,11226.75,11226.75,11224.0,11224.75,15.0
2020-09-14 04:46,11224.0,11224.0,11220.25,11223.0,56.0
2020-09-14 04:47,11220.75,11221.25,11218.5,11218.5,41.0
2020-09-14 04:48,11217.75,11221.5,11217.5,11220.0,60.0
2020-09-14 04:49,11220.0,11220.0,11217.25,11217.25,36.0
2020-09-14 04:50,11217.5,11218.0,11217.0,11217.0,25.0
2020-09-14 04:51,11217.0,11219.5,11217.0,11218.75,21.0
2020-09-14 04:52,11217.75,11223.75,11217.75,11222.25,52.0
2020-09-14 04:53,11222.25,11224.5,11222.25,11223.75,23.0
2020-09-14 04:54,11223.75,11224.0,11222.75,11223.25,10.0
2020-09-14 04:55,11223.75,11226.25,11223.75,11225.5,29.0
2020-09-14 04:56,11225.25,11225.25,11224.0,11224.25,8.0
2020-09-14 04:57,11223.75,11223.75,11221.5,11222.0,25.0
2020-09-14 04:58,11221.25,11222.0,11220.0,11220.0,17.0
2020-09-14 04:59,11218.75,11220.25,11218.25,11220.25,23.0
2020-09-14 05:00,11220.5,11222.5,11219.75,11220.25,28.0
2020-09-14 05:01,11220.25,11222.25,11219.75,11221.75,14.0
2020-09-14 05:02,11221.5,11221.5,11218.25,11218.75,23.0
2020-09-14 05:03,11218.75,11219.5,11217.75,11218.5,10.0
2020-09-14 05:04,11218.5,11219.25,11216.75,11218.0,33.0
2020-09-14 05:05,11217.5,11220.75,11217.0,11220.25,17.0
2020-09-14 05:06,11221.5,11223.5,11220.75,11221.0,20.0
2020-09-14 05:07,11221.5,11221.5,11218.5,11219.0,20.0
2020-09-14 05:08,11219.75,11220.25,11218.75,11220.0,14.0
2020-09-14 05:09,11219.5,11220.25,11219.0,11219.0,7.0
2020-09-14 05:10,11219.5,11219.5,11215.0,11217.5,43.0
2020-09-14 05:11,11218.0,11218.0,11215.25,11215.5,23.0
2020-09-14 05:12,11216.5,11218.0,11216.0,11218.0,27.0
2020-09-14 05:13,11218.25,11218.25,11217.25,11217.5,14.0
2020-09-14 05:14,11218.0,11221.25,11217.0,11220.0,27.0
2020-09-14 05:15,11220.0,11220.0,11218.25,11218.25,12.0
2020-09-14 05:16,11218.0,11219.0,11217.0,11218.0,12.0
2020-09-14 05:17,11217.5,11217.5,11216.75,11217.5,5.0
2020-09-14 05:18,11217.0,11217.75,11216.5,11217.25,7.0
2020-09-14 05:19,11217.75,11218.0,11216.25,11217.0,12.0
2020-09-14 05:20,11216.25,11219.0,11216.25,11218.5,14.0
2020-09-14 05:21,11218.5,11220.5,11218.5,11219.5,25.0
2020-09-14 05:22,11220.25,11221.25,11219.25,11220.75,8.0
2020-09-14 05:23,11220.25,11222.5,11220.25,11221.5,17.0
2020-09-14 05:24,11221.0,11224.5,11221.0,11223.75,21.0
2020-09-14 05:25,11223.25,11228.5,11223.0,11223.0,56.0
2020-09-14 05:26,11223.0,11223.75,11221.0,11221.0,29.0
2020-09-14 05:27,11222.0,11222.0,11220.0,11220.0,13.0
2020-09-14 05:28,11219.25,11220.5,11219.0,11220.0,12.0
2020-09-14 05:29,11220.0,11220.5,11219.0,11219.25,14.0
2020-09-14 05:30,11220.0,11222.75,11218.75,11222.0,28.0
2020-09-14 05:31,11222.0,11222.0,11220.0,11220.0,10.0
2020-09-14 05:32,11219.75,11220.0,11214.5,11214.75,38.0
2020-09-14 05:33,11215.75,11215.75,11206.0,11214.75,191.0
2020-09-14 05:34,11214.75,11214.75,11208.75,11210.25,79.0
2020-09-14 05:35,11210.25,11214.75,11210.25,11213.75,32.0
2020-09-14 05:36,11214.0,11218.5,11212.5,11216.75,37.0
2020-09-14 05:37,11216.25,11229.0,11216.25,11227.75,120.0
2020-09-14 05:38,11227.75,11229.75,11227.25,11227.5,74.0
2020-09-14 05:39,11228.25,11229.0,11227.0,11228.25,29.0
2020-09-14 05:40,11229.0,11236.25,11228.25,11236.0,116.0
2020-09-14 05:41,11236.5,11241.5,11235.0,11240.0,177.0
2020-09-14 05:42,11240.0,11245.5,11239.0,11242.25,143.0
2020-09-14 05:43,11242.5,11247.0,11241.75,11242.5,199.0
2020-09-14 05:44,11243.25,11246.5,11242.5,11245.5,84.0
2020-09-14 05:45,11245.75,11248.75,11245.5,11248.5,78.0
2020-09-14 05:46,11248.25,11250.5,11246.0,11249.25,122.0
2020-09-14 05:47,11248.0,11248.0,11246.25,11248.0,45.0
2020-09-14 05:48,11248.25,11249.25,11246.25,11247.0,50.0
2020-09-14 05:49,11247.5,11250.75,11247.25,11249.25,34.0
2020-09-14 05:50,11248.75,11252.25,11248.0,11248.75,81.0
2020-09-14 05:51,11248.0,11252.25,11246.75,11251.5,46.0
2020-09-14 05:52,11251.5,11253.0,11249.0,11252.75,62.0
2020-09-14 05:53,11252.5,11254.25,11250.5,11252.25,58.0
2020-09-14 05:54,11251.75,11251.75,11248.5,11251.25,56.0
2020-09-14 05:55,11251.25,11252.25,11248.75,11250.25,47.0
2020-09-14 05:56,11249.25,11250.0,11247.25,11247.75,38.0
2020-09-14 05:57,11246.75,11253.0,11245.75,11251.75,90.0
2020-09-14 05:58,11251.0,11251.0,11249.0,11249.75,19.0
2020-09-14 05:59,11248.75,11248.75,11245.75,11246.5,84.0
2020-09-14 06:00,11246.0,11249.0,11245.75,11247.5,119.0
2020-09-14 06:01,11247.0,11256.25,11247.0,11255.75,141.0
2020-09-14 06:02,11255.75,11256.0,11252.75,11254.5,87.0
2020-09-14 06:03,11254.5,11254.5,11250.5,11251.5,34.0
2020-09-14 06:04,11251.25,11252.75,11250.25,11252.25,47.0
2020-09-14 06:05,11250.75,11255.0,11250.0,11253.75,50.0
2020-09-14 06:06,11254.25,11254.25,11249.25,11249.25,46.0
2020-09-14 06:07,11249.0,11249.5,11246.5,11246.5,64.0
2020-09-14 06:08,11247.5,11248.5,11245.5,11247.0,107.0
2020-09-14 06:09,11247.75,11249.0,11244.25,11245.0,72.0
2020-09-14 06:10,11246.25,11246.25,11242.5,11244.25,70.0
2020-09-14 06:11,11243.75,11248.0,11243.75,11248.0,43.0
2020-09-14 06:12,11246.5,11250.0,11244.0,11250.0,76.0
2020-09-14 06:13,11248.75,11249.25,11244.5,11245.5,50.0
2020-09-14 06:14,11245.75,11245.75,11243.75,11245.25,29.0
2020-09-14 06:15,11245.25,11245.5,11239.5,11241.0,83.0
2020-09-14 06:16,11241.0,11243.0,11239.5,11242.25,59.0
2020-09-14 06:17,11242.25,11244.0,11240.75,11242.5,48.0
2020-09-14 06:18,11242.5,11244.0,11242.5,11243.25,30.0
2020-09-14 06:19,11243.25,11249.75,11240.5,11249.0,95.0
2020-09-14 06:20,11249.0,11252.75,11246.75,11247.0,175.0
2020-09-14 06:21,11247.25,11249.25,11245.75,11247.5,32.0
2020-09-14 06:22,11248.0,11252.75,11247.75,11251.0,49.0
2020-09-14 06:23,11251.75,11260.75,11251.25,11256.0,179.0
2020-09-14 06:24,11257.5,11257.5,11252.75,11255.5,120.0
2020-09-14 06:25,11255.0,11256.0,11250.0,11250.0,115.0
2020-09-14 06:26,11250.0,11251.0,11247.25,11247.75,59.0
2020-09-14 06:27,11247.5,11249.0,11246.5,11246.5,43.0
2020-09-14 06:28,11247.0,11247.5,11245.0,11247.25,47.0
2020-09-14 06:29,11248.0,11248.0,11244.5,11246.25,61.0
2020-09-14 06:30,11247.75,11249.25,11247.25,11248.75,34.0
2020-09-14 06:31,11249.0,11249.0,11245.0,11245.75,61.0
2020-09-14 06:32,11245.5,11245.75,11241.25,11241.5,68.0
2020-09-14 06:33,11242.0,11243.25,11241.5,11242.0,27.0
2020-09-14 06:34,11243.0,11245.0,11242.0,11244.25,26.0
2020-09-14 06:35,11244.75,11248.25,11243.25,11248.25,46.0
2020-09-14 06:36,11247.5,11249.5,11245.25,11245.25,23.0
2020-09-14 06:37,11245.0,11246.25,11244.25,11244.25,31.0
2020-09-14 06:38,11244.75,11245.5,11244.0,11245.0,16.0
2020-09-14 06:39,11245.0,11245.0,11242.75,11243.0,10.0
2020-09-14 06:40,11242.5,11246.5,11239.0,11245.5,62.0
2020-09-14 06:41,11245.25,11247.0,11243.5,11244.75,19.0
2020-09-14 06:42,11246.0,11248.5,11246.0,11247.0,19.0
2020-09-14 06:43,11247.75,11247.75,11244.0,11244.5,16.0
2020-09-14 06:44,11244.25,11245.5,11243.25,11244.0,12.0
2020-09-14 06:45,11244.5,11244.75,11242.0,11243.5,35.0
2020-09-14 06:46,11243.75,11247.5,11243.75,11247.5,26.0
2020-09-14 06:47,11247.0,11248.5,11247.0,11248.5,28.0
2020-09-14 06:48,11248.75,11259.0,11248.75,11258.25,132.0
2020-09-14 06:49,11258.5,11260.5,11256.0,11259.25,110.0
2020-09-14 06:50,11259.5,11259.75,11257.5,11258.25,45.0
2020-09-14 06:51,11259.25,11264.5,11257.0,11258.25,130.0
2020-09-14 06:52,11257.5,11258.5,11251.75,11252.25,62.0
2020-09-14 06:53,11251.75,11254.25,11250.75,11252.0,63.0
2020-09-14 06:54,11251.75,11254.25,11251.75,11254.0,28.0
2020-09-14 06:55,11254.75,11255.0,11251.75,11253.0,32.0
2020-09-14 06:56,11252.75,11254.75,11251.75,11254.25,14.0
2020-09-14 06:57,11254.0,11261.5,11254.0,11260.0,66.0
2020-09-14 06:58,11260.25,11262.5,11257.75,11259.5,75.0
2020-09-14 06:59,11259.5,11262.25,11256.75,11257.5,66.0
2020-09-14 07:00,11257.0,11263.0,11256.75,11260.5,153.0
2020-09-14 07:01,11259.5,11269.0,11259.5,11266.5,185.0
2020-09-14 07:02,11267.0,11271.25,11266.25,11267.25,131.0
2020-09-14 07:03,11266.5,11266.5,11262.0,11262.0,66.0
2020-09-14 07:04,11262.0,11264.75,11259.0,11261.25,124.0
2020-09-14 07:05,11262.25,11262.5,11258.0,11260.5,110.0
2020-09-14 07:06,11261.5,11270.25,11260.75,11265.75,141.0
2020-09-14 07:07,11265.0,11269.5,11264.0,11268.0,106.0
2020-09-14 07:08,11267.5,11269.75,11265.5,11266.0,74.0
2020-09-14 07:09,11267.25,11268.5,11264.25,11265.75,89.0
2020-09-14 07:10,11266.0,11269.25,11265.0,11268.0,49.0
2020-09-14 07:11,11267.0,11267.0,11262.0,11262.75,77.0
2020-09-14 07:12,11263.0,11266.5,11261.5,11265.0,112.0
2020-09-14 07:13,11264.25,11266.5,11263.5,11266.0,68.0
2020-09-14 07:14,11265.0,11273.5,11265.0,11270.75,135.0
2020-09-14 07:15,11271.75,11273.25,11268.75,11269.5,94.0
2020-09-14 07:16,11270.5,11272.0,11267.5,11267.75,63.0
2020-09-14 07:17,11268.75,11269.75,11266.0,11266.5,57.0
2020-09-14 07:18,11267.75,11267.75,11261.75,11262.0,93.0
2020-09-14 07:19,11261.75,11261.75,11258.25,11260.0,100.0
2020-09-14 07:20,11259.5,11261.0,11255.25,11258.75,86.0
2020-09-14 07:21,11258.0,11262.25,11257.5,11261.75,128.0
2020-09-14 07:22,11262.5,11265.75,11262.25,11263.75,141.0
2020-09-14 07:23,11264.0,11269.0,11263.5,11267.25,103.0
2020-09-14 07:24,11267.0,11268.25,11264.0,11265.5,79.0
2020-09-14 07:25,11265.25,11270.25,11265.0,11267.25,102.0
2020-09-14 07:26,11266.25,11266.5,11260.0,11263.75,182.0
2020-09-14 07:27,11264.25,11265.0,11261.0,11264.0,67.0
2020-09-14 07:28,11263.5,11265.25,11261.25,11261.25,100.0
2020-09-14 07:29,11260.75,11262.25,11258.0,11261.5,116.0
2020-09-14 07:30,11261.25,11264.0,11256.75,11256.75,155.0
2020-09-14 07:31,11258.25,11259.0,11251.25,11253.0,234.0
2020-09-14 07:32,11252.25,11261.25,11251.5,11257.75,98.0
2020-09-14 07:33,11257.0,11257.5,11253.25,11257.5,40.0
2020-09-14 07:34,11257.0,11257.0,11254.25,11254.25,29.0
2020-09-14 07:35,11253.25,11253.75,11248.0,11249.25,118.0
2020-09-14 07:36,11248.25,11255.5,11248.25,11252.25,134.0
2020-09-14 07:37,11251.0,11253.75,11248.0,11252.25,78.0
2020-09-14 07:38,11252.25,11256.0,11250.0,11254.5,127.0
2020-09-14 07:39,11254.75,11260.5,11254.0,11259.75,103.0
2020-09-14 07:40,11258.75,11260.5,11255.0,11257.75,78.0
2020-09-14 07:41,11257.0,11257.25,11251.25,11253.75,108.0
2020-09-14 07:42,11254.0,11255.5,11251.0,11254.0,121.0
2020-09-14 07:43,11255.0,11255.0,11250.0,11253.75,57.0
2020-09-14 07:44,11252.5,11255.5,11249.0,11252.0,81.0
2020-09-14 07:45,11252.25,11255.5,11250.75,11250.75,68.0
2020-09-14 07:46,11250.0,11252.5,11249.25,11251.25,52.0
2020-09-14 07:47,11251.25,11251.25,11247.5,11248.5,35.0
2020-09-14 07:48,11249.25,11255.75,11248.75,11255.25,77.0
2020-09-14 07:49,11254.5,11258.25,11253.25,11257.5,93.0
2020-09-14 07:50,11256.0,11256.0,11254.5,11254.75,14.0
2020-09-14 07:51,11254.25,11255.25,11253.25,11253.25,26.0
2020-09-14 07:52,11252.25,11254.5,11250.5,11250.5,32.0
2020-09-14 07:53,11250.25,11254.0,11249.25,11252.75,42.0
2020-09-14 07:54,11253.5,11253.5,11250.0,11252.0,23.0
2020-09-14 07:55,11252.25,11256.5,11251.5,11256.5,38.0
2020-09-14 07:56,11256.75,11259.5,11255.25,11256.25,60.0
2020-09-14 07:57,11256.75,11259.0,11254.5,11254.5,42.0
2020-09-14 07:58,11254.0,11254.5,11249.0,11251.5,107.0
2020-09-14 07:59,11250.5,11254.0,11249.25,11250.75,35.0
2020-09-14 08:00,11250.5,11255.75,11250.25,11255.75,95.0
2020-09-14 08:01,11256.25,11256.75,11253.0,11256.75,52.0
2020-09-14 08:02,11256.0,11261.0,11256.0,11260.75,79.0
2020-09-14 08:03,11260.5,11275.5,11260.0,11274.0,327.0
2020-09-14 08:04,11274.0,11274.75,11268.5,11269.0,92.0
2020-09-14 08:05,11269.25,11269.5,11266.25,11267.5,50.0
2020-09-14 08:06,11266.25,11272.0,11266.25,11271.0,32.0
2020-09-14 08:07,11271.75,11277.5,11269.25,11270.25,135.0
2020-09-14 08:08,11270.5,11270.5,11266.0,11266.0,75.0
2020-09-14 08:09,11265.75,11267.5,11261.5,11261.5,81.0
2020-09-14 08:10,11261.5,11264.25,11258.5,11259.25,85.0
2020-09-14 08:11,11258.25,11259.25,11254.5,11258.25,110.0
2020-09-14 08:12,11258.0,11260.0,11256.0,11257.0,48.0
2020-09-14 08:13,11257.0,11259.0,11252.5,11255.5,66.0
2020-09-14 08:14,11255.5,11258.5,11254.75,11257.5,33.0
2020-09-14 08:15,11257.75,11258.5,11256.25,11257.5,31.0
2020-09-14 08:16,11257.25,11263.25,11257.0,11261.75,56.0
2020-09-14 08:17,11261.75,11261.75,11254.5,11257.5,55.0
2020-09-14 08:18,11256.75,11257.0,11253.25,11254.0,39.0
2020-09-14 08:19,11254.75,11255.25,11250.0,11254.75,86.0
2020-09-14 08:20,11254.25,11254.25,11248.0,11248.5,87.0
2020-09-14 08:21,11248.0,11251.75,11242.25,11245.75,205.0
2020-09-14 08:22,11245.5,11250.75,11245.0,11247.0,126.0
2020-09-14 08:23,11248.25,11248.5,11244.0,11244.75,103.0
2020-09-14 08:24,11245.0,11248.75,11244.25,11247.0,65.0
2020-09-14 08:25,11247.0,11248.0,11243.5,11246.0,49.0
2020-09-14 08:26,11245.5,11246.75,11242.5,11244.25,76.0
2020-09-14 08:27,11243.25,11244.75,11240.25,11241.0,66.0
2020-09-14 08:28,11241.25,11244.0,11241.0,11242.5,51.0
2020-09-14 08:29,11242.0,11242.0,11238.0,11239.5,103.0
2020-09-14 08:30,11238.75,11238.75,11233.25,11234.0,103.0
2020-09-14 08:31,11234.75,11238.0,11230.75,11231.75,80.0
2020-09-14 08:32,11232.0,11232.75,11223.0,11225.0,180.0
2020-09-14 08:33,11225.25,11227.0,11223.0,11224.5,106.0
2020-09-14 08:34,11223.25,11227.75,11216.0,11216.0,197.0
2020-09-14 08:35,11216.5,11216.75,11208.0,11215.5,277.0
2020-09-14 08:36,11215.0,11222.5,11214.5,11222.5,189.0
2020-09-14 08:37,11222.75,11225.75,11221.75,11225.75,102.0
2020-09-14 08:38,11225.75,11225.75,11213.5,11214.75,136.0
2020-09-14 08:39,11215.5,11217.5,11209.5,11215.5,147.0
2020-09-14 08:40,11214.75,11224.0,11214.75,11224.0,151.0
2020-09-14 08:41,11222.5,11225.0,11216.5,11216.5,77.0
2020-09-14 08:42,11217.0,11217.25,11208.5,11208.75,128.0
2020-09-14 08:43,11209.0,11218.25,11205.0,11216.5,165.0
2020-09-14 08:44,11215.5,11219.25,11210.75,11213.5,133.0
2020-09-14 08:45,11212.5,11212.5,11205.0,11209.5,143.0
2020-09-14 08:46,11208.0,11214.75,11206.75,11213.25,77.0
2020-09-14 08:47,11215.0,11215.25,11212.5,11214.0,28.0
2020-09-14 08:48,11214.75,11217.75,11212.0,11216.75,81.0
2020-09-14 08:49,11217.25,11219.75,11215.5,11219.25,46.0
2020-09-14 08:50,11218.0,11218.5,11210.5,11212.5,77.0
2020-09-14 08:51,11212.5,11213.25,11210.5,11212.5,47.0
2020-09-14 08:52,11212.75,11212.75,11210.25,11211.75,36.0
2020-09-14 08:53,11211.25,11211.25,11206.0,11208.0,86.0
2020-09-14 08:54,11207.5,11208.75,11205.0,11206.5,77.0
2020-09-14 08:55,11206.75,11208.0,11205.5,11206.75,37.0
2020-09-14 08:56,11207.5,11209.0,11205.75,11207.0,27.0
2020-09-14 08:57,11208.25,11216.25,11208.25,11215.5,174.0
2020-09-14 08:58,11215.75,11216.25,11211.0,11212.75,79.0
2020-09-14 08:59,11212.5,11216.25,11212.0,11215.5,54.0
2020-09-14 09:00,11215.75,11215.75,11211.25,11214.0,61.0
2020-09-14 09:01,11216.0,11216.75,11214.0,11214.25,40.0
2020-09-14 09:02,11214.0,11216.75,11211.75,11214.5,61.0
2020-09-14 09:03,11214.75,11223.25,11214.75,11222.75,122.0
2020-09-14 09:04,11223.0,11224.0,11220.75,11222.25,65.0
2020-09-14 09:05,11221.25,11222.5,11219.5,11221.0,42.0
2020-09-14 09:06,11221.0,11222.5,11220.0,11221.5,38.0
2020-09-14 09:07,11221.0,11229.5,11221.0,11225.75,163.0
2020-09-14 09:08,11226.5,11226.5,11222.25,11223.0,51.0
2020-09-14 09:09,11222.25,11223.0,11219.0,11220.0,69.0
2020-09-14 09:10,11220.25,11222.25,11218.5,11221.5,63.0
2020-09-14 09:11,11220.75,11222.25,11219.25,11221.0,50.0
2020-09-14 09:12,11220.75,11222.25,11219.25,11220.25,42.0
2020-09-14 09:13,11220.25,11221.75,11212.5,11218.0,171.0
2020-09-14 09:14,11218.0,11224.75,11217.0,11220.0,103.0
2020-09-14 09:15,11220.0,11220.0,11215.5,11215.5,82.0
2020-09-14 09:16,11215.5,11217.0,11213.25,11216.0,50.0
2020-09-14 09:17,11216.5,11216.5,11213.75,11215.25,41.0
2020-09-14 09:18,11215.0,11217.0,11214.5,11216.25,31.0
2020-09-14 09:19,11216.0,11216.0,11213.75,11215.0,45.0
2020-09-14 09:20,11215.5,11215.5,11209.5,11211.0,54.0
2020-09-14 09:21,11210.25,11212.25,11203.5,11204.0,158.0
2020-09-14 09:22,11204.25,11213.75,11204.25,11212.5,86.0
2020-09-14 09:23,11212.25,11221.5,11212.25,11218.75,121.0
2020-09-14 09:24,11218.75,11225.75,11217.75,11222.0,122.0
2020-09-14 09:25,11223.0,11224.5,11220.0,11223.0,55.0
2020-09-14 09:26,11221.5,11225.25,11221.5,11224.0,51.0
2020-09-14 09:27,11223.75,11223.75,11220.0,11223.0,50.0
2020-09-14 09:28,11223.0,11223.0,11220.5,11220.75,42.0
2020-09-14 09:29,11220.0,11223.75,11218.5,11221.75,94.0
2020-09-14 09:30,11222.75,11224.0,11221.25,11222.25,58.0
2020-09-14 09:31,11223.0,11223.25,11221.0,11221.5,26.0
2020-09-14 09:32,11221.5,11221.5,11219.25,11220.0,42.0
2020-09-14 09:33,11219.25,11222.5,11219.25,11222.25,16.0
2020-09-14 09:34,11222.25,11222.25,11216.75,11218.0,62.0
2020-09-14 09:35,11218.5,11219.5,11213.5,11214.0,54.0
2020-09-14 09:36,11213.5,11213.5,11205.0,11205.5,169.0
2020-09-14 09:37,11205.75,11207.0,11193.75,11194.5,250.0
2020-09-14 09:38,11195.5,11195.5,11184.5,11190.25,356.0
2020-09-14 09:39,11189.75,11192.25,11189.25,11190.25,164.0
2020-09-14 09:40,11190.75,11194.0,11190.5,11193.75,96.0
2020-09-14 09:41,11192.75,11194.0,11183.75,11184.0,113.0
2020-09-14 09:42,11184.75,11190.5,11183.5,11190.25,140.0
2020-09-14 09:43,11189.25,11192.25,11184.75,11185.25,121.0
2020-09-14 09:44,11186.0,11190.0,11185.75,11187.75,86.0
2020-09-14 09:45,11188.0,11188.5,11186.0,11186.5,51.0
2020-09-14 09:46,11185.75,11188.5,11185.25,11187.75,63.0
2020-09-14 09:47,11187.75,11192.25,11187.0,11191.5,75.0
2020-09-14 09:48,11190.75,11192.0,11185.75,11186.25,50.0
2020-09-14 09:49,11188.0,11191.75,11186.5,11188.75,42.0
2020-09-14 09:50,11189.25,11189.5,11187.25,11188.5,27.0
2020-09-14 09:51,11187.75,11196.75,11187.0,11195.5,132.0
2020-09-14 09:52,11194.5,11201.25,11192.75,11200.0,248.0
2020-09-14 09:53,11199.5,11201.25,11196.75,11200.5,85.0
2020-09-14 09:54,11201.25,11201.25,11196.0,11199.25,66.0
2020-09-14 09:55,11199.75,11200.75,11197.5,11200.0,46.0
2020-09-14 09:56,11200.5,11200.5,11196.75,11197.75,29.0
2020-09-14 09:57,11197.5,11200.5,11197.5,11199.75,66.0
2020-09-14 09:58,11200.5,11200.5,11194.25,11196.25,88.0
2020-09-14 09:59,11196.75,11197.0,11191.5,11191.75,51.0
2020-09-14 10:00,11192.25,11196.75,11191.0,11196.25,88.0
2020-09-14 10:01,11196.75,11199.25,11195.75,11198.25,52.0
2020-09-14 10:02,11199.0,11213.25,11199.0,11208.75,196.0
2020-09-14 10:03,11209.0,11209.5,11203.25,11207.25,160.0
2020-09-14 10:04,11208.0,11208.0,11201.5,11207.25,91.0
2020-09-14 10:05,11206.75,11210.0,11204.75,11206.5,56.0
2020-09-14 10:06,11208.0,11211.0,11206.75,11210.0,40.0
2020-09-14 10:07,11211.25,11217.0,11211.25,11217.0,81.0
2020-09-14 10:08,11217.0,11218.5,11214.0,11217.0,81.0
2020-09-14 10:09,11216.25,11216.5,11213.5,11213.75,62.0
2020-09-14 10:10,11213.5,11216.0,11209.5,11211.75,91.0
2020-09-14 10:11,11212.25,11214.75,11210.75,11214.25,24.0
2020-09-14 10:12,11215.5,11217.25,11212.5,11215.0,34.0
2020-09-14 10:13,11214.75,11216.25,11214.5,11216.0,22.0
2020-09-14 10:14,11215.5,11215.5,11210.25,11212.5,51.0
2020-09-14 10:15,11211.75,11211.75,11207.25,11207.25,51.0
2020-09-14 10:16,11208.0,11212.5,11206.75,11211.25,34.0
2020-09-14 10:17,11212.5,11213.25,11211.5,11213.0,20.0
2020-09-14 10:18,11211.5,11214.25,11210.75,11214.0,19.0
2020-09-14 10:19,11213.25,11218.5,11213.25,11216.75,49.0
2020-09-14 10:20,11217.0,11217.75,11213.25,11215.75,50.0
2020-09-14 10:21,11215.25,11215.25,11213.25,11213.25,21.0
2020-09-14 10:22,11212.5,11213.25,11208.25,11209.0,70.0
2020-09-14 10:23,11209.0,11211.5,11204.25,11205.75,100.0
2020-09-14 10:24,11204.5,11205.0,11196.25,11197.75,159.0
2020-09-14 10:25,11197.5,11202.5,11195.75,11199.0,80.0
2020-09-14 10:26,11197.75,11199.0,11197.0,11197.5,53.0
2020-09-14 10:27,11197.5,11203.5,11196.5,11200.0,44.0
2020-09-14 10:28,11200.0,11201.75,11199.0,11200.0,23.0
2020-09-14 10:29,11202.0,11207.25,11202.0,11207.25,117.0
2020-09-14 10:30,11207.75,11210.25,11205.75,11207.0,97.0
2020-09-14 10:31,11208.0,11208.5,11203.0,11204.25,61.0
2020-09-14 10:32,11204.5,11207.25,11204.25,11207.0,30.0
2020-09-14 10:33,11207.25,11211.0,11207.25,11209.0,26.0
2020-09-14 10:34,11210.0,11211.0,11208.0,11208.5,19.0
2020-09-14 10:35,11209.5,11211.0,11209.5,11211.0,12.0
2020-09-14 10:36,11211.0,11217.75,11211.0,11216.0,138.0
2020-09-14 10:37,11216.0,11217.0,11213.5,11213.5,33.0
2020-09-14 10:38,11213.75,11216.75,11212.0,11214.0,53.0
2020-09-14 10:39,11214.5,11216.5,11213.0,11216.25,22.0
2020-09-14 10:40,11216.0,11223.0,11216.0,11221.0,105.0
2020-09-14 10:41,11220.75,11230.75,11220.75,11225.25,281.0
2020-09-14 10:42,11225.0,11227.5,11222.75,11224.0,126.0
2020-09-14 10:43,11223.75,11226.5,11223.5,11225.75,35.0
2020-09-14 10:44,11226.0,11227.75,11225.75,11226.0,36.0
2020-09-14 10:45,11225.75,11229.0,11223.75,11223.75,97.0
2020-09-14 10:46,11223.5,11226.5,11221.5,11226.0,101.0
2020-09-14 10:47,11226.5,11231.25,11225.5,11230.75,140.0
2020-09-14 10:48,11230.0,11233.0,11228.25,11231.25,135.0
2020-09-14 10:49,11231.0,11232.25,11229.0,11229.0,43.0
2020-09-14 10:50,11229.0,11233.0,11229.0,11233.0,49.0
2020-09-14 10:51,11232.5,11233.25,11230.0,11230.0,78.0
2020-09-14 10:52,11230.5,11231.25,11229.75,11230.5,35.0
2020-09-14 10:53,11230.5,11242.5,11230.25,11241.25,136.0
2020-09-14 10:54,11241.5,11241.75,11237.75,11240.75,154.0
2020-09-14 10:55,11241.25,11241.75,11238.75,11241.5,92.0
2020-09-14 10:56,11240.75,11249.25,11240.75,11247.75,217.0
2020-09-14 10:57,11247.25,11248.5,11245.0,11247.25,52.0
2020-09-14 10:58,11246.5,11252.0,11246.5,11248.75,119.0
2020-09-14 10:59,11249.25,11253.25,11248.0,11251.5,73.0
2020-09-14 11:00,11251.5,11251.5,11244.0,11244.0,162.0
2020-09-14 11:01,11244.75,11245.5,11241.75,11243.25,93.0
2020-09-14 11:02,11243.25,11243.25,11237.25,11239.0,108.0
2020-09-14 11:03,11239.0,11239.0,11234.0,11236.75,110.0
2020-09-14 11:04,11238.0,11238.0,11232.25,11233.75,86.0
2020-09-14 11:05,11234.5,11243.0,11234.5,11243.0,125.0
2020-09-14 11:06,11243.25,11243.5,11239.75,11239.75,61.0
2020-09-14 11:07,11239.75,11242.5,11239.25,11241.5,49.0
2020-09-14 11:08,11241.0,11241.0,11239.0,11239.0,20.0
2020-09-14 11:09,11238.75,11241.5,11238.25,11241.0,39.0
2020-09-14 11:10,11241.25,11241.25,11239.5,11239.5,72.0
2020-09-14 11:11,11238.25,11238.5,11231.75,11232.75,88.0
2020-09-14 11:12,11232.5,11236.25,11231.5,11236.0,87.0
2020-09-14 11:13,11235.25,11240.75,11235.25,11240.0,52.0
2020-09-14 11:14,11239.0,11240.75,11236.5,11236.5,33.0
2020-09-14 11:15,11237.25,11239.75,11235.0,11237.0,33.0
2020-09-14 11:16,11236.5,11239.5,11236.5,11238.5,13.0
2020-09-14 11:17,11238.75,11238.75,11235.5,11236.0,31.0
2020-09-14 11:18,11236.75,11236.75,11233.5,11233.5,39.0
2020-09-14 11:19,11233.0,11235.5,11233.0,11234.75,50.0
2020-09-14 11:20,11234.0,11238.0,11231.5,11237.25,72.0
2020-09-14 11:21,11236.75,11240.75,11236.5,11240.75,55.0
2020-09-14 11:22,11240.0,11240.75,11237.0,11237.25,92.0
2020-09-14 11:23,11236.5,11239.5,11235.5,11238.0,24.0
2020-09-14 11:24,11238.75,11240.75,11238.75,11238.75,37.0
2020-09-14 11:25,11239.0,11240.75,11236.5,11238.5,61.0
2020-09-14 11:26,11238.5,11239.75,11238.0,11239.0,23.0
2020-09-14 11:27,11238.75,11238.75,11235.25,11236.5,35.0
2020-09-14 11:28,11238.0,11238.25,11235.75,11237.25,19.0
2020-09-14 11:29,11237.25,11237.25,11235.0,11236.25,28.0
2020-09-14 11:30,11235.25,11238.5,11229.5,11229.5,103.0
2020-09-14 11:31,11229.5,11230.25,11227.0,11227.25,75.0
2020-09-14 11:32,11227.25,11233.5,11223.5,11232.0,102.0
2020-09-14 11:33,11231.75,11233.0,11229.0,11229.25,61.0
2020-09-14 11:34,11229.5,11229.5,11227.5,11228.25,12.0
2020-09-14 11:35,11228.5,11230.0,11227.0,11227.75,29.0
2020-09-14 11:36,11227.75,11228.0,11217.0,11219.25,188.0
2020-09-14 11:37,11220.25,11224.0,11217.75,11218.0,103.0
2020-09-14 11:38,11218.5,11224.0,11217.75,11221.5,79.0
2020-09-14 11:39,11220.75,11226.75,11220.75,11224.75,97.0
2020-09-14 11:40,11225.0,11231.0,11223.25,11227.5,83.0
2020-09-14 11:41,11227.25,11227.25,11222.0,11223.5,71.0
2020-09-14 11:42,11222.5,11222.5,11212.0,11215.5,146.0
2020-09-14 11:43,11216.75,11217.75,11211.5,11212.5,67.0
2020-09-14 11:44,11211.0,11214.25,11209.0,11211.25,126.0
2020-09-14 11:45,11211.75,11214.0,11210.0,11211.75,98.0
2020-09-14 11:46,11212.0,11215.25,11211.25,11214.25,98.0
2020-09-14 11:47,11214.25,11216.0,11210.75,11211.75,30.0
2020-09-14 11:48,11211.25,11211.25,11206.25,11210.25,101.0
2020-09-14 11:49,11210.0,11211.0,11206.75,11210.75,55.0
2020-09-14 11:50,11210.25,11215.25,11210.0,11212.75,83.0
2020-09-14 11:51,11212.5,11217.25,11212.5,11216.5,49.0
2020-09-14 11:52,11215.75,11218.75,11213.75,11217.0,78.0
2020-09-14 11:53,11216.25,11216.5,11213.5,11214.0,39.0
2020-09-14 11:54,11215.0,11220.0,11213.5,11218.25,91.0
2020-09-14 11:55,11216.5,11217.0,11210.25,11210.25,48.0
2020-09-14 11:56,11210.25,11211.75,11207.25,11209.75,88.0
2020-09-14 11:57,11209.5,11210.25,11204.0,11207.25,185.0
2020-09-14 11:58,11206.0,11209.0,11205.75,11208.0,38.0
2020-09-14 11:59,11207.5,11207.5,11204.0,11204.0,88.0
2020-09-14 12:00,11204.25,11204.25,11191.25,11193.75,252.0
2020-09-14 12:01,11193.0,11196.75,11188.25,11192.25,165.0
2020-09-14 12:02,11191.75,11195.75,11188.5,11195.75,156.0
2020-09-14 12:03,11196.0,11198.0,11193.0,11193.0,75.0
2020-09-14 12:04,11193.25,11194.5,11189.5,11191.5,66.0
2020-09-14 12:05,11192.25,11194.25,11188.0,11192.25,91.0
2020-09-14 12:06,11193.0,11197.25,11192.5,11196.75,88.0
2020-09-14 12:07,11197.5,11197.5,11194.5,11196.5,59.0
2020-09-14 12:08,11197.25,11197.75,11195.5,11197.0,31.0
2020-09-14 12:09,11197.5,11201.25,11197.0,11200.25,66.0
2020-09-14 12:10,11199.75,11203.5,11198.25,11203.25,81.0
2020-09-14 12:11,11202.75,11204.75,11201.0,11203.25,86.0
2020-09-14 12:12,11203.75,11203.75,11201.25,11201.75,68.0
2020-09-14 12:13,11202.25,11206.0,11202.0,11202.5,91.0
2020-09-14 12:14,11201.75,11204.0,11200.0,11200.75,78.0
2020-09-14 12:15,11200.25,11202.25,11194.25,11200.75,157.0
2020-09-14 12:16,11201.0,11211.5,11200.5,11209.0,258.0
2020-09-14 12:17,11209.25,11209.5,11205.25,11206.25,119.0
2020-09-14 12:18,11207.25,11208.75,11204.0,11205.5,64.0
2020-09-14 12:19,11204.75,11210.0,11204.75,11209.0,36.0
2020-09-14 12:20,11208.5,11212.5,11206.0,11208.25,110.0
2020-09-14 12:21,11209.5,11211.0,11208.0,11211.0,54.0
2020-09-14 12:22,11211.5,11212.25,11209.75,11211.0,49.0
2020-09-14 12:23,11211.5,11216.5,11210.25,11215.5,120.0
2020-09-14 12:24,11216.25,11217.5,11212.0,11212.5,106.0
2020-09-14 12:25,11211.75,11214.5,11211.75,11213.25,61.0
2020-09-14 12:26,11212.5,11215.0,11211.5,11211.75,52.0
2020-09-14 12:27,11211.0,11211.5,11209.0,11209.0,55.0
2020-09-14 12:28,11209.0,11211.75,11207.75,11208.5,114.0
2020-09-14 12:29,11207.75,11208.25,11205.5,11206.5,92.0
2020-09-14 12:30,11207.0,11209.0,11205.75,11209.0,55.0
2020-09-14 12:31,11208.75,11216.75,11208.75,11215.0,101.0
2020-09-14 12:32,11216.0,11216.0,11213.75,11215.25,51.0
2020-09-14 12:33,11215.25,11215.25,11210.25,11211.25,51.0
2020-09-14 12:34,11210.75,11211.25,11201.0,11201.5,160.0
2020-09-14 12:35,11201.0,11208.5,11200.5,11207.25,115.0
2020-09-14 12:36,11207.5,11211.25,11206.5,11209.75,56.0
2020-09-14 12:37,11210.5,11217.25,11209.5,11216.25,140.0
2020-09-14 12:38,11215.75,11215.75,11212.0,11214.0,43.0
2020-09-14 12:39,11213.0,11215.5,11212.25,11213.0,56.0
2020-09-14 12:40,11213.5,11218.0,11213.0,11215.75,131.0
2020-09-14 12:41,11215.75,11217.0,11215.0,11215.75,100.0
2020-09-14 12:42,11216.25,11219.5,11215.25,11217.5,92.0
2020-09-14 12:43,11217.5,11219.25,11216.5,11219.25,82.0
2020-09-14 12:44,11218.0,11220.0,11217.0,11217.25,70.0
2020-09-14 12:45,11218.25,11218.25,11214.0,11216.75,120.0
2020-09-14 12:46,11216.75,11216.75,11212.25,11216.5,62.0
2020-09-14 12:47,11216.75,11228.75,11216.75,11225.25,274.0
2020-09-14 12:48,11225.0,11226.75,11223.75,11226.0,98.0
2020-09-14 12:49,11225.75,11229.0,11224.75,11227.0,116.0
2020-09-14 12:50,11228.0,11229.5,11222.0,11223.5,240.0
2020-09-14 12:51,11223.25,11224.25,11215.25,11217.5,188.0
2020-09-14 12:52,11217.25,11218.0,11210.75,11212.0,130.0
2020-09-14 12:53,11212.25,11214.75,11210.25,11212.75,108.0
2020-09-14 12:54,11212.75,11215.0,11211.5,11213.5,69.0
2020-09-14 12:55,11213.25,11218.25,11213.25,11216.25,71.0
2020-09-14 12:56,11216.25,11216.25,11200.0,11205.5,283.0
2020-09-14 12:57,11206.0,11208.0,11201.25,11201.5,230.0
2020-09-14 12:58,11203.0,11204.0,11198.5,11200.0,168.0
2020-09-14 12:59,11200.75,11208.0,11200.75,11205.5,171.0
2020-09-14 13:00,11205.75,11214.0,11205.0,11213.25,121.0
2020-09-14 13:01,11213.5,11213.5,11209.5,11210.5,62.0
2020-09-14 13:02,11209.5,11210.25,11202.0,11204.0,112.0
2020-09-14 13:03,11203.0,11204.0,11199.25,11199.5,78.0
2020-09-14 13:04,11199.25,11208.0,11199.25,11207.0,68.0
2020-09-14 13:05,11207.5,11211.25,11205.5,11209.0,53.0
2020-09-14 13:06,11209.5,11211.75,11206.5,11206.5,64.0
2020-09-14 13:07,11207.0,11207.25,11201.25,11203.75,76.0
2020-09-14 13:08,11203.75,11212.5,11203.75,11212.5,181.0
2020-09-14 13:09,11212.0,11220.5,11211.75,11214.5,298.0
2020-09-14 13:10,11215.5,11219.5,11212.0,11219.5,69.0
2020-09-14 13:11,11219.5,11222.25,11217.25,11221.0,84.0
2020-09-14 13:12,11220.0,11221.75,11218.25,11220.75,105.0
2020-09-14 13:13,11220.75,11220.75,11217.5,11220.5,153.0
2020-09-14 13:14,11221.0,11224.5,11219.75,11221.5,142.0
2020-09-14 13:15,11221.5,11225.75,11221.0,11224.0,132.0
2020-09-14 13:16,11223.75,11227.5,11223.75,11224.0,189.0
2020-09-14 13:17,11224.0,11228.25,11224.0,11227.5,120.0
2020-09-14 13:18,11227.0,11231.75,11227.0,11229.5,227.0
2020-09-14 13:19,11228.5,11230.5,11227.75,11229.75,230.0
2020-09-14 13:20,11230.5,11241.0,11229.75,11235.75,429.0
2020-09-14 13:21,11235.0,11242.5,11235.0,11239.75,378.0
2020-09-14 13:22,11240.75,11242.5,11239.0,11239.5,84.0
2020-09-14 13:23,11240.0,11242.75,11236.75,11242.25,118.0
2020-09-14 13:24,11242.5,11246.0,11242.5,11243.75,91.0
2020-09-14 13:25,11243.5,11243.5,11236.75,11238.0,112.0
2020-09-14 13:26,11239.5,11239.5,11234.25,11235.0,205.0
2020-09-14 13:27,11235.25,11240.0,11234.75,11238.0,109.0
2020-09-14 13:28,11238.0,11242.25,11238.0,11239.75,101.0
2020-09-14 13:29,11239.5,11243.75,11237.5,11242.5,199.0
2020-09-14 13:30,11242.75,11256.25,11235.75,11244.5,1155.0
2020-09-14 13:31,11244.25,11265.0,11242.25,11243.25,984.0
2020-09-14 13:32,11242.75,11257.25,11242.75,11246.75,750.0
2020-09-14 13:33,11245.5,11246.25,11224.0,11240.5,1438.0
2020-09-14 13:34,11241.0,11246.25,11218.75,11222.25,1000.0
2020-09-14 13:35,11223.25,11234.25,11207.5,11209.25,1213.0
2020-09-14 13:36,11208.75,11233.25,11208.5,11233.25,966.0
2020-09-14 13:37,11232.75,11244.75,11227.75,11230.5,993.0
2020-09-14 13:38,11229.75,11233.0,11218.25,11220.0,775.0
2020-09-14 13:39,11220.5,11242.0,11213.75,11237.25,816.0
2020-09-14 13:40,11237.5,11269.75,11230.5,11268.75,1332.0
2020-09-14 13:41,11269.25,11273.25,11257.75,11268.25,882.0
2020-09-14 13:42,11268.75,11279.5,11259.0,11278.75,875.0
2020-09-14 13:43,11279.0,11283.0,11267.25,11272.75,846.0
2020-09-14 13:44,11273.0,11284.25,11269.75,11280.0,626.0
2020-09-14 13:45,11281.0,11293.5,11280.25,11292.25,1155.0
2020-09-14 13:46,11292.25,11304.75,11287.75,11303.25,942.0
2020-09-14 13:47,11303.0,11309.5,11298.5,11306.75,961.0
2020-09-14 13:48,11307.25,11314.25,11304.0,11305.5,1100.0
2020-09-14 13:49,11304.25,11307.75,11295.5,11307.75,926.0
2020-09-14 13:50,11307.75,11316.75,11298.0,11300.0,915.0
2020-09-14 13:51,11299.5,11309.0,11298.5,11302.25,579.0
2020-09-14 13:52,11303.0,11307.5,11295.75,11299.25,434.0
2020-09-14 13:53,11299.75,11302.0,11289.0,11291.5,586.0
2020-09-14 13:54,11292.0,11298.75,11286.25,11286.75,551.0
2020-09-14 13:55,11287.5,11296.75,11287.0,11293.5,469.0
2020-09-14 13:56,11294.0,11307.25,11294.0,11303.5,651.0
2020-09-14 13:57,11304.0,11308.25,11298.5,11305.25,427.0
2020-09-14 13:58,11305.0,11307.75,11299.25,11304.25,471.0
2020-09-14 13:59,11304.25,11307.5,11290.5,11298.0,442.0
2020-09-14 14:00,11298.5,11309.0,11282.5,11284.25,828.0
2020-09-14 14:01,11284.75,11298.25,11282.25,11297.75,619.0
2020-09-14 14:02,11298.0,11322.0,11298.0,11313.0,1025.0
2020-09-14 14:03,11312.75,11320.0,11308.0,11314.75,544.0
2020-09-14 14:04,11314.0,11320.0,11307.5,11319.0,418.0
2020-09-14 14:05,11319.0,11321.5,11313.0,11318.5,453.0
2020-09-14 14:06,11319.25,11326.5,11315.5,11319.75,660.0
2020-09-14 14:07,11318.75,11320.0,11308.0,11316.5,454.0
2020-09-14 14:08,11316.75,11320.0,11310.25,11317.5,369.0
2020-09-14 14:09,11318.75,11329.5,11316.75,11327.5,724.0
2020-09-14 14:10,11327.0,11333.5,11321.75,11329.5,673.0
2020-09-14 14:11,11329.5,11337.5,11326.0,11326.75,698.0
2020-09-14 14:12,11327.75,11329.5,11323.0,11329.5,341.0
2020-09-14 14:13,11328.25,11339.25,11325.25,11333.75,358.0
2020-09-14 14:14,11333.5,11335.0,11328.25,11333.0,326.0
2020-09-14 14:15,11332.75,11344.5,11327.75,11344.25,579.0
2020-09-14 14:16,11342.5,11346.25,11336.75,11342.75,414.0
2020-09-14 14:17,11342.5,11346.75,11333.5,11337.0,452.0
2020-09-14 14:18,11337.0,11344.0,11332.25,11343.5,341.0
2020-09-14 14:19,11343.5,11346.75,11338.5,11342.75,402.0
2020-09-14 14:20,11343.25,11348.75,11337.5,11339.0,370.0
2020-09-14 14:21,11338.5,11347.25,11338.0,11343.75,237.0
2020-09-14 14:22,11344.25,11345.5,11333.75,11342.25,299.0
2020-09-14 14:23,11342.25,11349.0,11336.25,11340.75,431.0
2020-09-14 14:24,11341.5,11346.5,11337.75,11342.25,311.0
2020-09-14 14:25,11342.75,11344.25,11336.0,11341.5,272.0
2020-09-14 14:26,11342.25,11351.25,11341.75,11348.75,406.0
2020-09-14 14:27,11350.0,11351.75,11346.75,11347.0,295.0
2020-09-14 14:28,11346.25,11353.5,11345.0,11353.25,257.0
2020-09-14 14:29,11353.0,11362.75,11352.5,11356.0,609.0
2020-09-14 14:30,11355.5,11358.75,11345.75,11347.25,562.0
2020-09-14 14:31,11347.0,11348.0,11331.0,11332.5,676.0
2020-09-14 14:32,11333.0,11334.5,11321.5,11334.0,736.0
2020-09-14 14:33,11334.25,11340.0,11332.5,11332.5,374.0
2020-09-14 14:34,11333.0,11336.25,11324.0,11332.5,393.0
2020-09-14 14:35,11333.5,11343.5,11332.0,11340.5,361.0
2020-09-14 14:36,11342.0,11346.25,11338.75,11339.75,273.0
2020-09-14 14:37,11340.75,11347.0,11338.75,11345.75,301.0
2020-09-14 14:38,11346.0,11350.0,11333.75,11334.75,411.0
2020-09-14 14:39,11335.0,11342.5,11331.25,11333.25,251.0
2020-09-14 14:40,11332.75,11339.5,11326.5,11327.0,341.0
2020-09-14 14:41,11327.25,11332.5,11322.0,11330.0,475.0
2020-09-14 14:42,11330.0,11336.75,11325.25,11334.5,326.0
2020-09-14 14:43,11335.0,11341.75,11333.5,11340.75,233.0
2020-09-14 14:44,11341.25,11347.5,11331.25,11333.5,417.0
2020-09-14 14:45,11334.0,11339.75,11324.75,11327.75,417.0
2020-09-14 14:46,11327.75,11330.5,11320.0,11321.25,574.0
2020-09-14 14:47,11321.5,11322.75,11315.25,11319.5,522.0
2020-09-14 14:48,11319.0,11326.25,11315.0,11315.5,371.0
2020-09-14 14:49,11315.75,11324.0,11315.0,11317.5,369.0
2020-09-14 14:50,11317.75,11326.5,11316.25,11320.0,387.0
2020-09-14 14:51,11320.0,11330.0,11317.25,11329.75,341.0
2020-09-14 14:52,11328.5,11337.75,11328.5,11331.25,327.0
2020-09-14 14:53,11330.75,11333.25,11326.0,11332.5,180.0
2020-09-14 14:54,11333.25,11336.75,11329.75,11332.0,179.0
2020-09-14 14:55,11331.5,11333.0,11320.0,11321.5,344.0
2020-09-14 14:56,11322.25,11331.75,11321.5,11329.5,208.0
2020-09-14 14:57,11329.75,11339.75,11329.75,11335.0,230.0
2020-09-14 14:58,11334.5,11343.0,11334.0,11341.0,204.0
2020-09-14 14:59,11340.75,11346.5,11340.0,11343.5,196.0
2020-09-14 15:00,11344.0,11347.25,11336.25,11341.0,313.0
2020-09-14 15:01,11341.0,11344.0,11333.5,11333.5,281.0
2020-09-14 15:02,11334.75,11342.0,11333.25,11338.5,133.0
2020-09-14 15:03,11338.25,11340.5,11329.75,11331.25,258.0
2020-09-14 15:04,11331.25,11342.25,11330.0,11340.25,326.0
2020-09-14 15:05,11340.5,11348.0,11337.25,11347.25,551.0
2020-09-14 15:06,11347.0,11352.75,11345.75,11348.25,550.0
2020-09-14 15:07,11348.25,11351.75,11345.75,11350.5,200.0
2020-09-14 15:08,11350.0,11350.5,11341.0,11342.5,327.0
2020-09-14 15:09,11342.5,11348.0,11338.0,11339.0,354.0
2020-09-14 15:10,11338.5,11340.5,11316.5,11320.0,611.0
2020-09-14 15:11,11320.25,11324.0,11311.0,11311.75,600.0
2020-09-14 15:12,11311.5,11313.0,11304.75,11305.25,736.0
2020-09-14 15:13,11305.25,11314.25,11300.75,11312.25,695.0
2020-09-14 15:14,11312.25,11316.0,11308.0,11312.25,530.0
2020-09-14 15:15,11313.0,11323.75,11309.0,11319.5,359.0
2020-09-14 15:16,11319.0,11326.75,11318.75,11326.25,211.0
2020-09-14 15:17,11326.75,11334.25,11325.5,11330.0,400.0
2020-09-14 15:18,11330.0,11333.25,11328.5,11330.5,194.0
2020-09-14 15:19,11329.75,11330.5,11326.0,11326.25,150.0
2020-09-14 15:20,11326.0,11337.25,11325.75,11331.25,324.0
2020-09-14 15:21,11333.0,11341.25,11332.75,11336.5,368.0
2020-09-14 15:22,11336.75,11341.0,11327.0,11330.25,368.0
2020-09-14 15:23,11330.5,11340.0,11328.25,11331.75,246.0
2020-09-14 15:24,11332.5,11339.5,11331.25,11336.0,211.0
2020-09-14 15:25,11336.25,11340.0,11332.25,11337.25,305.0
2020-09-14 15:26,11337.0,11340.75,11332.75,11334.25,306.0
2020-09-14 15:27,11334.25,11337.5,11331.25,11332.0,202.0
2020-09-14 15:28,11332.5,11341.75,11332.0,11339.5,230.0
2020-09-14 15:29,11339.5,11346.75,11338.25,11345.75,333.0
2020-09-14 15:30,11346.0,11353.75,11345.75,11353.75,517.0
2020-09-14 15:31,11353.5,11354.5,11345.5,11347.0,279.0
2020-09-14 15:32,11346.5,11350.5,11345.5,11346.0,223.0
2020-09-14 15:33,11345.75,11346.0,11333.0,11335.75,460.0
2020-09-14 15:34,11335.75,11342.5,11332.5,11342.0,327.0
2020-09-14 15:35,11342.5,11351.25,11342.25,11343.75,298.0
2020-09-14 15:36,11343.75,11346.5,11341.75,11343.0,121.0
2020-09-14 15:37,11342.75,11345.75,11333.0,11336.0,311.0
2020-09-14 15:38,11336.5,11340.0,11324.25,11328.0,479.0
2020-09-14 15:39,11329.0,11345.5,11329.0,11343.5,389.0
2020-09-14 15:40,11343.5,11348.0,11342.5,11347.75,221.0
2020-09-14 15:41,11347.25,11349.5,11342.75,11345.75,248.0
2020-09-14 15:42,11345.5,11349.5,11344.0,11346.5,159.0
2020-09-14 15:43,11347.5,11353.0,11346.75,11351.25,316.0
2020-09-14 15:44,11351.75,11352.5,11345.25,11349.25,142.0
2020-09-14 15:45,11349.25,11353.0,11339.0,11339.75,299.0
2020-09-14 15:46,11340.0,11347.0,11338.25,11341.25,203.0
2020-09-14 15:47,11342.5,11345.5,11327.5,11332.75,370.0
2020-09-14 15:48,11331.25,11335.0,11323.0,11327.0,351.0
2020-09-14 15:49,11327.25,11332.5,11324.5,11328.25,171.0
2020-09-14 15:50,11328.25,11337.5,11328.0,11337.0,219.0
2020-09-14 15:51,11336.5,11340.75,11327.0,11328.75,280.0
2020-09-14 15:52,11329.25,11341.0,11328.0,11339.5,348.0
2020-09-14 15:53,11340.0,11345.0,11337.75,11342.25,186.0
2020-09-14 15:54,11342.25,11345.0,11339.5,11342.25,108.0
2020-09-14 15:55,11342.5,11345.0,11338.75,11343.25,127.0
2020-09-14 15:56,11344.0,11344.0,11337.25,11342.0,156.0
2020-09-14 15:57,11341.5,11346.0,11335.25,11345.5,226.0
2020-09-14 15:58,11344.75,11348.0,11340.5,11346.75,157.0
2020-09-14 15:59,11346.5,11347.25,11337.75,11339.0,140.0
2020-09-14 16:00,11338.5,11347.25,11328.5,11346.0,489.0
2020-09-14 16:01,11346.75,11353.5,11346.25,11352.25,321.0
2020-09-14 16:02,11352.75,11352.75,11346.75,11349.5,193.0
2020-09-14 16:03,11349.25,11352.5,11347.0,11350.5,163.0
2020-09-14 16:04,11351.0,11355.75,11349.25,11349.75,309.0
2020-09-14 16:05,11350.0,11353.0,11340.75,11348.0,203.0
2020-09-14 16:06,11347.75,11348.25,11340.25,11344.0,176.0
2020-09-14 16:07,11343.25,11345.0,11335.0,11338.5,272.0
2020-09-14 16:08,11338.75,11342.25,11335.5,11340.75,94.0
2020-09-14 16:09,11341.0,11344.25,11340.0,11343.75,114.0
2020-09-14 16:10,11344.25,11347.75,11339.25,11339.25,134.0
2020-09-14 16:11,11340.25,11341.25,11335.0,11338.0,123.0
2020-09-14 16:12,11338.25,11340.75,11333.75,11339.0,135.0
2020-09-14 16:13,11338.0,11338.0,11331.75,11336.5,112.0
2020-09-14 16:14,11337.25,11337.25,11319.25,11321.5,370.0
2020-09-14 16:15,11322.0,11325.0,11317.25,11318.25,310.0
2020-09-14 16:16,11318.5,11328.0,11318.5,11328.0,413.0
2020-09-14 16:17,11327.5,11330.0,11324.0,11327.75,221.0
2020-09-14 16:18,11327.75,11329.0,11322.5,11324.25,164.0
2020-09-14 16:19,11324.25,11324.25,11310.0,11311.0,299.0
2020-09-14 16:20,11311.25,11312.25,11300.5,11302.25,569.0
2020-09-14 16:21,11301.25,11303.5,11292.75,11298.5,549.0
2020-09-14 16:22,11298.25,11303.0,11295.25,11301.75,459.0
2020-09-14 16:23,11302.75,11303.25,11293.75,11295.5,312.0
2020-09-14 16:24,11295.25,11301.75,11293.75,11300.5,289.0
2020-09-14 16:25,11299.75,11304.75,11295.25,11303.0,232.0
2020-09-14 16:26,11301.75,11309.0,11300.0,11306.75,237.0
2020-09-14 16:27,11306.75,11311.75,11305.25,11308.0,257.0
2020-09-14 16:28,11308.5,11309.0,11291.5,11291.5,296.0
2020-09-14 16:29,11291.75,11300.75,11290.75,11297.5,274.0
2020-09-14 16:30,11297.75,11309.0,11297.5,11305.25,193.0
2020-09-14 16:31,11304.0,11304.0,11292.25,11292.5,225.0
2020-09-14 16:32,11293.0,11293.5,11285.25,11286.5,465.0
2020-09-14 16:33,11286.5,11290.0,11284.25,11287.5,251.0
2020-09-14 16:34,11287.0,11289.25,11281.25,11282.5,236.0
2020-09-14 16:35,11281.75,11288.75,11277.25,11284.75,383.0
2020-09-14 16:36,11283.75,11291.0,11281.75,11291.0,176.0
2020-09-14 16:37,11291.0,11296.5,11290.0,11291.25,224.0
2020-09-14 16:38,11292.0,11292.0,11279.75,11281.5,289.0
2020-09-14 16:39,11281.5,11285.75,11281.0,11282.75,146.0
2020-09-14 16:40,11281.75,11292.25,11280.0,11290.75,258.0
2020-09-14 16:41,11290.0,11294.5,11286.5,11291.25,199.0
2020-09-14 16:42,11291.25,11298.5,11291.25,11295.25,275.0
2020-09-14 16:43,11294.75,11304.75,11291.25,11302.75,389.0
2020-09-14 16:44,11302.75,11305.5,11297.5,11298.0,197.0
2020-09-14 16:45,11298.75,11300.5,11293.5,11294.75,179.0
2020-09-14 16:46,11296.5,11301.0,11295.0,11296.0,132.0
2020-09-14 16:47,11294.5,11300.5,11290.5,11299.0,137.0
2020-09-14 16:48,11299.0,11303.25,11289.75,11290.0,225.0
2020-09-14 16:49,11289.75,11293.0,11286.0,11286.25,239.0
2020-09-14 16:50,11286.75,11298.0,11283.75,11296.25,237.0
2020-09-14 16:51,11297.0,11298.5,11291.5,11298.25,177.0
2020-09-14 16:52,11297.0,11297.0,11287.5,11292.75,253.0
2020-09-14 16:53,11293.25,11293.5,11285.25,11286.75,176.0
2020-09-14 16:54,11286.25,11289.75,11268.5,11272.75,675.0
2020-09-14 16:55,11273.0,11277.25,11270.25,11272.25,283.0
2020-09-14 16:56,11273.25,11280.0,11272.25,11273.75,170.0
2020-09-14 16:57,11273.5,11278.75,11271.0,11274.5,217.0
2020-09-14 16:58,11274.5,11281.75,11272.5,11279.0,225.0
2020-09-14 16:59,11280.0,11289.25,11278.5,11287.75,310.0
2020-09-14 17:00,11287.5,11300.75,11287.0,11298.25,451.0
2020-09-14 17:01,11299.75,11301.25,11295.25,11298.75,213.0
2020-09-14 17:02,11298.75,11299.0,11288.0,11288.5,211.0
2020-09-14 17:03,11289.0,11293.5,11285.25,11286.25,128.0
2020-09-14 17:04,11286.75,11288.0,11274.0,11275.5,385.0
2020-09-14 17:05,11276.0,11280.75,11270.0,11270.0,310.0
2020-09-14 17:06,11270.5,11274.75,11254.0,11256.25,1263.0
2020-09-14 17:07,11256.75,11265.25,11255.0,11261.75,309.0
2020-09-14 17:08,11261.75,11262.0,11255.0,11256.0,259.0
2020-09-14 17:09,11256.25,11260.0,11254.5,11259.0,235.0
2020-09-14 17:10,11260.5,11265.75,11255.0,11263.0,326.0
2020-09-14 17:11,11262.75,11263.0,11251.5,11253.75,320.0
2020-09-14 17:12,11254.0,11261.5,11251.75,11254.5,269.0
2020-09-14 17:13,11255.5,11263.5,11255.5,11262.25,133.0
2020-09-14 17:14,11262.25,11266.0,11257.75,11258.25,167.0
2020-09-14 17:15,11258.5,11258.5,11241.75,11246.25,620.0
2020-09-14 17:16,11246.25,11247.25,11230.25,11233.0,575.0
2020-09-14 17:17,11231.75,11240.75,11231.5,11237.5,465.0
2020-09-14 17:18,11238.0,11240.75,11226.5,11228.25,431.0
2020-09-14 17:19,11228.25,11229.0,11219.5,11225.25,762.0
2020-09-14 17:20,11224.5,11234.5,11224.5,11232.75,326.0
2020-09-14 17:21,11232.75,11233.5,11226.0,11226.0,193.0
2020-09-14 17:22,11226.25,11227.0,11212.5,11213.5,492.0
2020-09-14 17:23,11212.75,11227.0,11210.75,11225.5,338.0
2020-09-14 17:24,11226.25,11231.0,11224.75,11227.5,367.0
2020-09-14 17:25,11226.25,11231.0,11219.25,11229.75,282.0
2020-09-14 17:26,11230.0,11231.25,11224.75,11228.0,240.0
2020-09-14 17:27,11228.0,11235.25,11219.25,11235.25,307.0
2020-09-14 17:28,11234.5,11241.75,11234.0,11241.25,369.0
2020-09-14 17:29,11240.75,11241.75,11234.25,11237.5,236.0
2020-09-14 17:30,11237.75,11244.75,11227.5,11229.0,475.0
2020-09-14 17:31,11230.0,11232.5,11212.25,11212.75,402.0
2020-09-14 17:32,11212.0,11214.75,11187.5,11193.0,1337.0
2020-09-14 17:33,11192.75,11209.5,11192.5,11200.5,511.0
2020-09-14 17:34,11201.5,11214.75,11201.5,11210.75,291.0
2020-09-14 17:35,11211.0,11217.5,11204.75,11214.0,294.0
2020-09-14 17:36,11213.5,11222.0,11212.25,11221.5,433.0
2020-09-14 17:37,11220.25,11232.5,11220.25,11226.0,524.0
2020-09-14 17:38,11225.0,11226.25,11216.5,11218.0,299.0
2020-09-14 17:39,11220.25,11230.0,11217.5,11227.25,161.0
2020-09-14 17:40,11228.5,11235.25,11223.5,11225.25,297.0
2020-09-14 17:41,11225.0,11234.25,11221.5,11225.75,195.0
2020-09-14 17:42,11225.75,11237.5,11225.0,11232.75,316.0
2020-09-14 17:43,11233.0,11237.0,11230.0,11236.5,248.0
2020-09-14 17:44,11236.0,11238.0,11230.5,11231.25,149.0
2020-09-14 17:45,11231.0,11245.5,11223.25,11243.0,491.0
2020-09-14 17:46,11243.25,11246.25,11242.0,11242.0,272.0
2020-09-14 17:47,11241.75,11252.0,11240.0,11250.0,283.0
2020-09-14 17:48,11248.5,11257.25,11247.5,11255.5,316.0
2020-09-14 17:49,11255.5,11258.0,11252.0,11253.5,189.0
2020-09-14 17:50,11253.5,11255.25,11248.5,11252.0,172.0
2020-09-14 17:51,11252.0,11260.5,11252.0,11258.0,221.0
2020-09-14 17:52,11258.0,11260.0,11254.75,11256.5,84.0
2020-09-14 17:53,11257.25,11259.0,11254.5,11258.75,83.0
2020-09-14 17:54,11259.25,11262.0,11257.5,11257.5,166.0
2020-09-14 17:55,11258.0,11262.75,11256.5,11259.25,126.0
2020-09-14 17:56,11258.75,11260.0,11254.25,11255.75,119.0
2020-09-14 17:57,11255.5,11260.5,11255.25,11260.0,57.0
2020-09-14 17:58,11258.75,11260.0,11252.5,11253.5,188.0
2020-09-14 17:59,11253.25,11260.5,11253.25,11255.25,122.0
2020-09-14 18:00,11255.25,11255.75,11239.0,11241.0,408.0
2020-09-14 18:01,11242.25,11248.25,11232.0,11233.25,323.0
2020-09-14 18:02,11233.5,11245.5,11233.0,11240.0,155.0
2020-09-14 18:03,11239.75,11244.75,11238.5,11239.25,122.0
2020-09-14 18:04,11240.25,11254.75,11240.25,11254.75,183.0
2020-09-14 18:05,11254.0,11268.5,11252.0,11268.0,490.0
2020-09-14 18:06,11267.25,11274.0,11265.75,11272.5,287.0
2020-09-14 18:07,11272.25,11275.75,11268.5,11275.75,313.0
2020-09-14 18:08,11275.0,11278.25,11272.5,11273.25,217.0
2020-09-14 18:09,11274.0,11277.5,11270.5,11274.75,142.0
2020-09-14 18:10,11276.5,11277.75,11267.5,11267.75,207.0
2020-09-14 18:11,11267.75,11276.5,11267.0,11276.25,154.0
2020-09-14 18:12,11275.5,11280.75,11270.0,11280.25,220.0
2020-09-14 18:13,11280.0,11280.0,11275.5,11277.0,147.0
2020-09-14 18:14,11277.0,11278.25,11271.75,11276.0,110.0
2020-09-14 18:15,11276.25,11279.25,11271.0,11277.5,126.0
2020-09-14 18:16,11276.5,11276.75,11268.75,11273.5,227.0
2020-09-14 18:17,11273.25,11279.0,11271.5,11273.75,104.0
2020-09-14 18:18,11275.0,11278.75,11270.5,11270.5,189.0
2020-09-14 18:19,11270.5,11272.5,11264.75,11271.75,203.0
2020-09-14 18:20,11272.75,11276.0,11269.25,11275.25,197.0
2020-09-14 18:21,11275.0,11279.0,11271.75,11273.0,112.0
2020-09-14 18:22,11272.5,11292.0,11272.5,11289.0,529.0
2020-09-14 18:23,11288.0,11289.25,11283.0,11284.25,146.0
2020-09-14 18:24,11285.0,11286.5,11279.75,11283.25,163.0
2020-09-14 18:25,11284.0,11284.0,11258.75,11259.75,475.0
2020-09-14 18:26,11261.0,11265.75,11258.5,11262.5,328.0
2020-09-14 18:27,11263.25,11264.75,11254.25,11256.0,183.0
2020-09-14 18:28,11255.25,11262.0,11253.75,11258.0,133.0
2020-09-14 18:29,11257.75,11260.0,11249.25,11254.5,206.0
2020-09-14 18:30,11256.0,11260.75,11250.0,11251.75,178.0
2020-09-14 18:31,11251.75,11262.75,11251.25,11261.75,211.0
2020-09-14 18:32,11262.75,11269.25,11261.25,11262.0,258.0
2020-09-14 18:33,11262.75,11271.0,11259.5,11265.25,175.0
2020-09-14 18:34,11264.5,11270.25,11256.0,11260.75,203.0
2020-09-14 18:35,11261.0,11263.0,11250.5,11252.5,224.0
2020-09-14 18:36,11252.75,11257.25,11250.0,11252.75,202.0
2020-09-14 18:37,11253.0,11255.25,11249.75,11250.75,155.0
2020-09-14 18:38,11251.0,11253.25,11247.5,11252.75,155.0
2020-09-14 18:39,11252.0,11253.25,11248.0,11252.0,131.0
2020-09-14 18:40,11252.5,11259.5,11250.25,11256.5,370.0
2020-09-14 18:41,11258.5,11268.0,11231.5,11233.0,800.0
2020-09-14 18:42,11234.0,11242.5,11231.0,11236.25,377.0
2020-09-14 18:43,11236.0,11248.25,11235.25,11247.0,243.0
2020-09-14 18:44,11247.5,11253.5,11247.25,11250.25,343.0
2020-09-14 18:45,11250.5,11252.75,11236.5,11238.0,303.0
2020-09-14 18:46,11237.5,11245.75,11237.5,11240.25,174.0
2020-09-14 18:47,11241.0,11253.25,11241.0,11252.25,220.0
2020-09-14 18:48,11252.5,11253.25,11245.25,11250.25,154.0
2020-09-14 18:49,11249.5,11249.5,11239.75,11245.75,165.0
2020-09-14 18:50,11248.25,11253.75,11243.0,11253.0,208.0
2020-09-14 18:51,11253.5,11271.5,11251.5,11269.25,427.0
2020-09-14 18:52,11268.25,11271.25,11263.0,11271.25,207.0
2020-09-14 18:53,11271.5,11273.0,11267.5,11268.5,240.0
2020-09-14 18:54,11268.75,11269.5,11245.25,11245.25,405.0
2020-09-14 18:55,11245.0,11247.25,11226.75,11230.5,855.0
2020-09-14 18:56,11230.75,11241.5,11228.5,11234.5,364.0
2020-09-14 18:57,11235.0,11245.75,11233.25,11243.0,315.0
2020-09-14 18:58,11244.25,11255.0,11237.25,11255.0,433.0
2020-09-14 18:59,11255.5,11265.0,11255.25,11261.5,492.0
2020-09-14 19:00,11262.75,11270.0,11253.5,11261.5,341.0
2020-09-14 19:01,11261.75,11265.25,11255.75,11262.75,262.0
2020-09-14 19:02,11262.25,11266.25,11253.75,11265.25,217.0
2020-09-14 19:03,11264.75,11264.75,11253.0,11254.25,262.0
2020-09-14 19:04,11254.25,11254.25,11245.75,11254.25,380.0
2020-09-14 19:05,11253.5,11263.75,11247.25,11256.0,282.0
2020-09-14 19:06,11256.75,11265.25,11253.25,11260.5,193.0
2020-09-14 19:07,11260.75,11263.5,11245.25,11257.25,402.0
2020-09-14 19:08,11257.5,11257.5,11248.5,11257.25,202.0
2020-09-14 19:09,11255.75,11264.75,11255.5,11258.75,209.0
2020-09-14 19:10,11257.75,11257.75,11247.75,11250.75,284.0
2020-09-14 19:11,11251.0,11255.75,11247.5,11253.0,240.0
2020-09-14 19:12,11253.5,11260.75,11249.0,11256.0,296.0
2020-09-14 19:13,11255.75,11261.25,11248.0,11249.0,355.0
2020-09-14 19:14,11248.75,11258.0,11247.75,11256.0,287.0
2020-09-14 19:15,11255.5,11256.25,11248.0,11248.25,408.0
2020-09-14 19:16,11248.0,11251.5,11242.25,11247.5,418.0
2020-09-14 19:17,11247.5,11259.75,11247.25,11259.0,334.0
2020-09-14 19:18,11260.0,11279.0,11260.0,11277.25,801.0
2020-09-14 19:19,11277.25,11279.5,11272.5,11277.0,225.0
2020-09-14 19:20,11276.75,11278.0,11268.0,11268.5,225.0
2020-09-14 19:21,11268.75,11273.25,11260.0,11261.0,235.0
2020-09-14 19:22,11260.5,11265.25,11250.75,11251.5,298.0
2020-09-14 19:23,11251.5,11252.25,11238.0,11244.0,481.0
2020-09-14 19:24,11244.25,11252.25,11241.25,11245.5,216.0
2020-09-14 19:25,11245.25,11254.75,11241.5,11246.0,240.0
2020-09-14 19:26,11247.5,11253.25,11244.75,11251.75,203.0
2020-09-14 19:27,11252.75,11267.0,11248.75,11267.0,362.0
2020-09-14 19:28,11267.25,11270.0,11264.0,11265.5,286.0
2020-09-14 19:29,11264.75,11267.25,11259.5,11263.75,175.0
2020-09-14 19:30,11264.5,11275.75,11263.75,11273.0,349.0
2020-09-14 19:31,11273.0,11273.0,11263.25,11263.75,225.0
2020-09-14 19:32,11263.0,11268.75,11263.0,11263.75,308.0
2020-09-14 19:33,11263.5,11266.5,11259.25,11259.25,457.0
2020-09-14 19:34,11258.75,11270.0,11258.0,11268.25,201.0
2020-09-14 19:35,11268.25,11275.75,11264.25,11275.0,380.0
2020-09-14 19:36,11274.5,11278.0,11271.25,11271.75,325.0
2020-09-14 19:37,11271.25,11281.5,11271.25,11281.5,379.0
2020-09-14 19:38,11281.0,11295.25,11279.75,11294.5,496.0
2020-09-14 19:39,11295.5,11297.0,11287.0,11291.0,353.0
2020-09-14 19:40,11290.0,11301.25,11289.5,11300.5,445.0
2020-09-14 19:41,11301.0,11301.0,11291.0,11299.0,192.0
2020-09-14 19:42,11298.75,11308.5,11296.0,11307.0,500.0
2020-09-14 19:43,11306.0,11306.0,11297.25,11304.75,257.0
2020-09-14 19:44,11306.25,11310.75,11305.0,11307.0,293.0
2020-09-14 19:45,11306.75,11309.5,11300.75,11303.0,235.0
2020-09-14 19:46,11303.75,11305.0,11296.5,11305.0,278.0
2020-09-14 19:47,11303.75,11314.25,11297.75,11313.5,302.0
2020-09-14 19:48,11313.5,11321.75,11311.0,11317.75,347.0
2020-09-14 19:49,11317.0,11324.5,11316.25,11321.0,369.0
2020-09-14 19:50,11320.75,11320.75,11299.75,11307.25,808.0
2020-09-14 19:51,11308.25,11310.75,11293.5,11295.0,353.0
2020-09-14 19:52,11294.75,11295.75,11288.0,11293.5,358.0
2020-09-14 19:53,11293.25,11295.5,11285.0,11286.75,318.0
2020-09-14 19:54,11289.0,11294.0,11281.75,11283.5,442.0
2020-09-14 19:55,11285.0,11287.75,11279.75,11283.25,375.0
2020-09-14 19:56,11282.75,11284.75,11274.0,11279.5,532.0
2020-09-14 19:57,11280.75,11283.0,11274.5,11277.75,232.0
2020-09-14 19:58,11278.0,11281.25,11273.25,11280.25,450.0
2020-09-14 19:59,11281.5,11286.25,11269.75,11275.0,1622.0
2020-09-14 20:00,11274.5,11280.75,11271.0,11280.0,641.0
2020-09-14 20:01,11279.75,11283.75,11277.25,11281.75,248.0
2020-09-14 20:02,11282.25,11288.5,11281.75,11283.75,147.0
2020-09-14 20:03,11284.0,11285.25,11281.25,11282.0,104.0
2020-09-14 20:04,11282.25,11283.75,11280.5,11281.75,74.0
2020-09-14 20:05,11282.25,11290.0,11280.0,11289.75,127.0
2020-09-14 20:06,11289.75,11291.75,11288.0,11290.75,81.0
2020-09-14 20:07,11289.5,11296.25,11289.5,11294.25,120.0
2020-09-14 20:08,11293.75,11293.75,11288.5,11290.75,89.0
2020-09-14 20:09,11293.25,11295.25,11290.5,11290.5,57.0
2020-09-14 20:10,11291.75,11298.25,11289.75,11297.5,114.0
2020-09-14 20:11,11297.5,11298.75,11293.0,11293.5,63.0
2020-09-14 20:12,11293.0,11296.0,11292.0,11295.25,64.0
2020-09-14 20:13,11294.25,11294.25,11287.75,11290.5,106.0
2020-09-14 20:14,11290.5,11291.75,11277.0,11282.25,264.0
2020-09-14 20:30,11282.5,11286.25,11279.25,11280.5,102.0
2020-09-14 20:31,11279.25,11281.25,11276.0,11281.25,39.0
2020-09-14 20:32,11284.25,11284.25,11280.75,11281.25,17.0
2020-09-14 20:33,11281.5,11283.75,11280.25,11281.5,28.0
2020-09-14 20:34,11282.0,11283.25,11281.25,11282.5,19.0
2020-09-14 20:35,11282.5,11284.25,11281.25,11282.25,20.0
2020-09-14 20:36,11282.0,11282.0,11270.75,11273.25,66.0
2020-09-14 20:37,11273.25,11276.0,11273.25,11276.0,19.0
2020-09-14 20:38,11276.75,11279.0,11276.25,11279.0,19.0
2020-09-14 20:39,11279.25,11279.5,11278.25,11278.5,8.0
2020-09-14 20:40,11278.75,11280.75,11278.75,11280.75,12.0
2020-09-14 20:41,11279.75,11280.75,11279.5,11280.5,6.0
2020-09-14 20:42,11279.5,11280.25,11279.5,11280.25,3.0
2020-09-14 20:43,11280.5,11281.25,11279.0,11279.0,11.0
2020-09-14 20:44,11278.75,11279.25,11275.0,11277.0,30.0
2020-09-14 20:45,11275.75,11276.75,11274.75,11276.0,18.0
2020-09-14 20:46,11275.5,11276.0,11272.5,11273.25,45.0
2020-09-14 20:47,11273.5,11274.25,11270.0,11273.5,35.0
2020-09-14 20:48,11273.0,11274.0,11272.5,11274.0,12.0
2020-09-14 20:49,11273.75,11273.75,11272.0,11273.0,13.0
2020-09-14 20:50,11272.0,11273.5,11270.5,11270.5,26.0
2020-09-14 20:51,11271.0,11272.5,11270.0,11271.25,20.0
2020-09-14 20:52,11272.5,11272.5,11270.5,11271.5,13.0
2020-09-14 20:53,11272.0,11272.0,11270.75,11271.0,14.0
2020-09-14 20:54,11271.25,11271.75,11269.5,11269.5,24.0
2020-09-14 20:55,11269.75,11271.75,11266.5,11268.75,53.0
2020-09-14 20:56,11268.75,11270.75,11268.5,11270.75,17.0
2020-09-14 20:57,11270.75,11271.0,11269.5,11269.75,16.0
2020-09-14 20:58,11269.75,11272.5,11269.75,11272.25,24.0
2020-09-14 20:59,11273.0,11275.0,11272.75,11275.0,42.0
2020-09-14 22:00,11278.5,11293.25,11278.5,11289.25,95.0
2020-09-14 22:01,11291.5,11295.0,11290.5,11294.5,82.0
2020-09-14 22:02,11294.5,11295.75,11288.0,11288.0,53.0
2020-09-14 22:03,11287.75,11293.0,11287.25,11292.25,68.0
2020-09-14 22:04,11292.0,11293.75,11291.75,11291.75,28.0
2020-09-14 22:05,11292.0,11296.75,11292.0,11293.75,55.0
2020-09-14 22:06,11295.0,11296.0,11291.25,11292.75,26.0
2020-09-14 22:07,11292.25,11294.75,11291.75,11294.75,34.0
2020-09-14 22:08,11295.25,11295.75,11293.5,11295.0,25.0
2020-09-14 22:09,11294.25,11295.0,11292.75,11295.0,12.0
2020-09-14 22:10,11294.75,11295.5,11292.75,11293.5,11.0
2020-09-14 22:11,11292.75,11294.5,11291.75,11292.5,15.0
2020-09-14 22:12,11292.5,11295.5,11292.25,11292.75,21.0
2020-09-14 22:13,11292.75,11292.75,11291.75,11291.75,3.0
2020-09-14 22:14,11291.5,11292.5,11290.0,11290.0,22.0
2020-09-14 22:15,11290.0,11293.5,11289.5,11291.25,34.0
2020-09-14 22:16,11291.75,11291.75,11291.0,11291.0,5.0
2020-09-14 22:17,11292.25,11295.25,11291.25,11295.0,26.0
2020-09-14 22:18,11295.0,11301.0,11295.0,11300.0,89.0
2020-09-14 22:19,11300.75,11305.75,11300.75,11303.5,50.0
2020-09-14 22:20,11304.25,11307.0,11303.0,11304.25,49.0
2020-09-14 22:21,11305.25,11306.25,11301.75,11301.75,8.0
2020-09-14 22:22,11302.75,11311.5,11302.75,11308.5,81.0
2020-09-14 22:23,11309.25,11310.75,11304.0,11308.0,32.0
2020-09-14 22:24,11308.5,11309.25,11307.5,11309.0,23.0
2020-09-14 22:25,11309.75,11310.0,11307.25,11307.25,13.0
2020-09-14 22:26,11308.25,11310.5,11308.25,11309.5,9.0
2020-09-14 22:27,11310.25,11310.75,11309.75,11310.0,12.0
2020-09-14 22:28,11310.0,11311.25,11309.25,11310.75,7.0
2020-09-14 22:29,11309.75,11311.5,11309.25,11310.0,30.0
2020-09-14 22:30,11311.75,11312.0,11308.75,11308.75,9.0
2020-09-14 22:31,11308.75,11308.75,11306.75,11307.75,16.0
2020-09-14 22:32,11307.75,11309.25,11307.75,11309.25,9.0
2020-09-14 22:33,11308.25,11309.5,11307.75,11309.5,12.0
2020-09-14 22:34,11308.25,11311.5,11308.25,11310.25,8.0
2020-09-14 22:35,11311.0,11311.0,11308.5,11308.75,9.0
2020-09-14 22:36,11309.75,11310.0,11308.25,11308.25,7.0
2020-09-14 22:37,11308.25,11310.5,11308.25,11309.75,13.0
2020-09-14 22:38,11310.75,11310.75,11310.75,11310.75,1.0
2020-09-14 22:39,11310.75,11311.75,11310.0,11310.0,17.0
2020-09-14 22:40,11311.25,11311.25,11311.25,11311.25,2.0
2020-09-14 22:41,11311.0,11311.0,11310.0,11310.75,8.0
2020-09-14 22:42,11310.0,11310.0,11309.5,11309.5,5.0
2020-09-14 22:43,11309.75,11310.0,11309.75,11310.0,4.0
2020-09-14 22:44,11311.0,11312.25,11310.75,11312.25,14.0
2020-09-14 22:45,11312.25,11316.75,11311.0,11311.0,54.0
2020-09-14 22:46,11312.0,11312.0,11309.0,11309.25,37.0
2020-09-14 22:47,11309.25,11312.75,11308.0,11311.25,27.0
2020-09-14 22:48,11311.5,11311.75,11310.0,11310.0,6.0
2020-09-14 22:49,11310.0,11311.25,11310.0,11310.0,3.0
2020-09-14 22:50,11310.0,11311.5,11310.0,11310.75,4.0
2020-09-14 22:51,11311.5,11313.5,11311.5,11313.0,8.0
2020-09-14 22:52,11313.25,11315.25,11312.5,11315.25,11.0
2020-09-14 22:53,11315.0,11315.25,11313.5,11313.5,14.0
2020-09-14 22:54,11314.0,11315.25,11313.75,11313.75,7.0
2020-09-14 22:55,11312.75,11315.0,11311.75,11313.0,34.0
2020-09-14 22:56,11313.0,11313.0,11312.25,11313.0,7.0
2020-09-14 22:57,11313.25,11314.0,11313.0,11314.0,5.0
2020-09-14 22:58,11314.0,11314.0,11313.5,11314.0,4.0
2020-09-14 22:59,11314.0,11315.25,11313.75,11315.0,20.0
2020-09-14 23:00,11314.5,11314.5,11313.25,11314.25,7.0
2020-09-14 23:01,11313.25,11313.25,11312.75,11312.75,8.0
2020-09-14 23:02,11312.75,11312.75,11311.0,11311.5,31.0
2020-09-14 23:03,11310.0,11310.0,11307.0,11307.0,55.0
2020-09-14 23:04,11307.75,11309.5,11307.75,11308.5,8.0
2020-09-14 23:05,11309.75,11310.25,11309.25,11309.25,6.0
2020-09-14 23:06,11308.75,11308.75,11307.0,11307.0,16.0
2020-09-14 23:07,11307.0,11309.0,11306.75,11307.75,33.0
2020-09-14 23:08,11307.75,11307.75,11307.75,11307.75,1.0
2020-09-14 23:09,11309.0,11309.0,11299.25,11301.25,45.0
2020-09-14 23:10,11301.75,11304.5,11301.75,11304.0,18.0
2020-09-14 23:11,11303.75,11306.0,11303.25,11303.75,8.0
2020-09-14 23:12,11304.75,11304.75,11304.75,11304.75,1.0
2020-09-14 23:13,11306.0,11306.0,11306.0,11306.0,1.0
2020-09-14 23:14,11308.5,11309.75,11308.5,11309.5,6.0
2020-09-14 23:15,11308.5,11309.25,11307.75,11308.25,6.0
2020-09-14 23:16,11307.75,11307.75,11306.0,11307.25,8.0
2020-09-14 23:17,11306.5,11306.5,11299.5,11301.25,40.0
2020-09-14 23:18,11302.5,11302.5,11300.5,11301.25,11.0
2020-09-14 23:19,11302.0,11302.5,11301.25,11302.5,4.0
2020-09-14 23:20,11302.5,11303.5,11301.0,11302.5,7.0
2020-09-14 23:21,11301.75,11304.75,11301.25,11304.75,9.0
2020-09-14 23:22,11305.0,11305.25,11303.75,11304.0,7.0
2020-09-14 23:23,11304.0,11304.0,11302.0,11302.0,3.0
2020-09-14 23:24,11304.0,11304.0,11303.25,11303.25,3.0
2020-09-14 23:25,11303.25,11303.25,11294.5,11297.5,42.0
2020-09-14 23:26,11297.75,11298.0,11295.75,11297.25,31.0
2020-09-14 23:27,11297.25,11298.0,11296.0,11296.75,24.0
2020-09-14 23:28,11296.25,11297.0,11295.0,11295.75,16.0
2020-09-14 23:29,11295.75,11296.5,11294.75,11295.0,14.0
2020-09-14 23:30,11295.25,11300.25,11295.25,11297.5,52.0
2020-09-14 23:31,11298.75,11299.0,11297.25,11298.0,14.0
2020-09-14 23:32,11296.25,11297.25,11295.5,11296.25,8.0
2020-09-14 23:33,11296.25,11298.0,11295.5,11298.0,9.0
2020-09-14 23:34,11297.5,11298.25,11296.25,11296.25,6.0
2020-09-14 23:35,11297.25,11297.25,11297.25,11297.25,6.0
2020-09-14 23:36,11296.5,11298.5,11296.5,11298.5,7.0
2020-09-14 23:37,11298.75,11299.25,11295.75,11295.75,12.0
2020-09-14 23:38,11296.75,11298.0,11295.5,11296.5,22.0
2020-09-14 23:39,11297.25,11298.5,11297.25,11298.5,12.0
2020-09-14 23:40,11299.0,11299.5,11294.25,11295.75,28.0
2020-09-14 23:41,11295.25,11296.0,11292.0,11292.25,43.0
2020-09-14 23:42,11292.75,11292.75,11290.25,11290.25,40.0
2020-09-14 23:43,11291.25,11291.5,11286.5,11287.5,68.0
2020-09-14 23:44,11287.0,11288.5,11287.0,11287.0,17.0
2020-09-14 23:45,11288.25,11288.75,11286.5,11287.75,26.0
2020-09-14 23:46,11288.5,11288.5,11287.5,11288.25,4.0
2020-09-14 23:47,11288.5,11289.0,11286.25,11286.25,12.0
2020-09-14 23:48,11287.0,11288.0,11283.25,11288.0,43.0
2020-09-14 23:49,11288.75,11289.5,11286.25,11286.75,22.0
2020-09-14 23:50,11286.75,11287.75,11285.5,11287.75,8.0
2020-09-14 23:51,11286.75,11286.75,11285.75,11286.75,3.0
2020-09-14 23:52,11285.75,11289.0,11285.75,11288.25,11.0
2020-09-14 23:53,11288.5,11291.75,11288.0,11291.25,27.0
2020-09-14 23:54,11291.75,11294.75,11288.5,11294.0,46.0
2020-09-14 23:55,11294.5,11295.25,11293.25,11294.25,21.0
2020-09-14 23:56,11294.25,11296.5,11293.0,11295.25,22.0
2020-09-14 23:57,11295.0,11295.75,11295.0,11295.75,6.0
2020-09-14 23:58,11296.0,11298.0,11296.0,11296.75,26.0
2020-09-14 23:59,11297.25,11298.5,11295.75,11298.25,41.0
2020-09-15 00:00,11298.75,11299.75,11295.0,11296.75,37.0
2020-09-15 00:01,11298.0,11301.0,11295.0,11299.5,33.0
2020-09-15 00:02,11299.5,11301.0,11298.0,11299.75,19.0
2020-09-15 00:03,11300.25,11306.75,11300.25,11304.0,132.0
2020-09-15 00:04,11306.25,11306.5,11304.75,11306.25,20.0
2020-09-15 00:05,11307.0,11307.25,11304.0,11304.0,26.0
2020-09-15 00:06,11305.0,11307.0,11302.0,11302.0,29.0
2020-09-15 00:07,11302.0,11304.25,11301.25,11303.25,20.0
2020-09-15 00:08,11304.0,11305.0,11303.5,11303.5,16.0
2020-09-15 00:09,11302.75,11304.0,11301.25,11301.25,19.0
2020-09-15 00:10,11302.0,11304.75,11302.0,11304.5,19.0
2020-09-15 00:11,11304.25,11304.25,11303.25,11303.25,5.0
2020-09-15 00:12,11303.0,11303.0,11300.25,11300.25,9.0
2020-09-15 00:13,11299.5,11299.75,11294.5,11295.75,42.0
2020-09-15 00:14,11296.25,11298.0,11291.0,11294.0,60.0
2020-09-15 00:15,11294.5,11295.0,11290.5,11291.25,26.0
2020-09-15 00:16,11290.0,11293.25,11288.0,11293.0,51.0
2020-09-15 00:17,11293.0,11295.0,11292.5,11294.75,12.0
2020-09-15 00:18,11294.25,11294.5,11293.0,11294.25,10.0
2020-09-15 00:19,11293.75,11293.75,11280.75,11281.75,120.0
2020-09-15 00:20,11281.25,11281.25,11262.5,11266.0,280.0
2020-09-15 00:21,11265.75,11273.0,11263.5,11271.25,80.0
2020-09-15 00:22,11271.75,11273.25,11268.25,11273.25,25.0
2020-09-15 00:23,11273.25,11273.25,11261.0,11261.75,98.0
2020-09-15 00:24,11263.5,11266.25,11257.75,11263.25,74.0
2020-09-15 00:25,11262.25,11265.0,11260.75,11263.5,41.0
2020-09-15 00:26,11264.25,11265.0,11260.75,11263.25,29.0
2020-09-15 00:27,11263.5,11264.0,11255.75,11258.0,62.0
2020-09-15 00:28,11257.75,11261.0,11257.5,11260.75,29.0
2020-09-15 00:29,11260.75,11262.25,11259.0,11260.5,25.0
2020-09-15 00:30,11261.25,11265.75,11258.0,11258.5,95.0
2020-09-15 00:31,11257.0,11260.0,11255.25,11259.5,51.0
2020-09-15 00:32,11259.25,11261.0,11252.25,11256.0,82.0
2020-09-15 00:33,11255.25,11256.0,11252.5,11253.5,45.0
2020-09-15 00:34,11253.25,11256.5,11250.75,11256.5,60.0
2020-09-15 00:35,11254.75,11258.25,11254.25,11256.75,44.0
2020-09-15 00:36,11258.0,11260.5,11258.0,11259.75,26.0
2020-09-15 00:37,11259.25,11259.75,11257.75,11258.0,50.0
2020-09-15 00:38,11258.0,11260.5,11258.0,11260.5,17.0
2020-09-15 00:39,11259.75,11260.0,11258.25,11259.25,7.0
2020-09-15 00:40,11259.75,11260.5,11259.0,11259.5,10.0
2020-09-15 00:41,11259.0,11259.5,11256.25,11259.0,25.0
2020-09-15 00:42,11260.0,11260.0,11256.75,11257.5,37.0
2020-09-15 00:43,11257.75,11258.75,11253.0,11256.5,40.0
2020-09-15 00:44,11257.0,11257.0,11253.0,11253.0,30.0
2020-09-15 00:45,11254.5,11255.75,11247.75,11249.25,76.0
2020-09-15 00:46,11249.25,11252.5,11248.75,11251.0,26.0
2020-09-15 00:47,11251.0,11253.5,11251.0,11253.5,18.0
2020-09-15 00:48,11253.5,11253.5,11248.0,11248.0,19.0
2020-09-15 00:49,11249.25,11253.0,11249.25,11252.25,11.0
2020-09-15 00:50,11251.25,11254.25,11250.5,11254.25,26.0
2020-09-15 00:51,11255.75,11255.75,11253.0,11253.5,29.0
2020-09-15 00:52,11254.75,11261.25,11253.75,11260.0,70.0
2020-09-15 00:53,11261.25,11263.0,11260.75,11262.25,60.0
2020-09-15 00:54,11261.75,11265.75,11260.5,11263.75,61.0
2020-09-15 00:55,11263.5,11264.5,11260.25,11261.25,53.0
2020-09-15 00:56,11261.25,11261.25,11257.5,11260.5,49.0
2020-09-15 00:57,11260.75,11263.5,11259.5,11263.5,31.0
2020-09-15 00:58,11263.5,11263.5,11260.0,11261.0,13.0
2020-09-15 00:59,11262.0,11266.0,11260.75,11263.75,40.0
2020-09-15 01:00,11264.25,11266.25,11262.0,11262.0,29.0
2020-09-15 01:01,11260.5,11268.0,11260.5,11268.0,33.0
2020-09-15 01:02,11268.25,11269.5,11262.25,11263.5,43.0
2020-09-15 01:03,11262.0,11263.5,11257.75,11258.75,44.0
2020-09-15 01:04,11257.5,11258.5,11253.0,11257.75,73.0
2020-09-15 01:05,11257.75,11257.75,11250.0,11251.75,57.0
2020-09-15 01:06,11252.5,11253.5,11249.5,11250.75,26.0
2020-09-15 01:07,11249.5,11253.75,11248.0,11251.75,41.0
2020-09-15 01:08,11253.0,11254.5,11252.75,11253.0,27.0
2020-09-15 01:09,11253.25,11254.5,11251.25,11253.75,37.0
2020-09-15 01:10,11254.0,11256.75,11253.5,11256.75,19.0
2020-09-15 01:11,11255.5,11256.75,11254.5,11255.25,22.0
2020-09-15 01:12,11255.5,11260.5,11255.5,11259.5,26.0
2020-09-15 01:13,11260.25,11264.5,11260.25,11262.0,29.0
2020-09-15 01:14,11263.25,11264.5,11259.0,11260.5,30.0
2020-09-15 01:15,11258.5,11262.75,11256.25,11261.25,53.0
2020-09-15 01:16,11263.5,11270.75,11262.75,11269.75,87.0
2020-09-15 01:17,11269.5,11270.0,11265.75,11268.5,51.0
2020-09-15 01:18,11270.0,11274.5,11270.0,11273.25,64.0
2020-09-15 01:19,11273.25,11274.25,11270.5,11273.75,41.0
2020-09-15 01:20,11274.0,11275.5,11272.0,11273.5,38.0
2020-09-15 01:21,11272.0,11273.0,11271.0,11273.0,16.0
2020-09-15 01:22,11271.25,11275.0,11271.25,11274.0,76.0
2020-09-15 01:23,11274.75,11274.75,11271.25,11272.5,16.0
2020-09-15 01:24,11272.0,11272.0,11268.5,11268.75,22.0
2020-09-15 01:25,11269.0,11271.25,11266.75,11270.25,89.0
2020-09-15 01:26,11270.25,11271.5,11268.25,11271.5,13.0
2020-09-15 01:27,11270.5,11272.0,11268.5,11270.25,149.0
2020-09-15 01:28,11271.0,11272.0,11267.75,11267.75,110.0
2020-09-15 01:29,11267.75,11271.0,11266.75,11269.0,31.0
2020-09-15 01:30,11269.75,11272.75,11267.75,11271.75,48.0
2020-09-15 01:31,11271.5,11278.0,11271.5,11275.0,125.0
2020-09-15 01:32,11273.5,11273.75,11269.5,11271.75,29.0
2020-09-15 01:33,11272.0,11273.5,11268.0,11268.75,27.0
2020-09-15 01:34,11268.25,11271.25,11267.75,11268.75,69.0
2020-09-15 01:35,11268.0,11268.5,11266.5,11268.25,28.0
2020-09-15 01:36,11268.75,11269.5,11264.5,11265.75,96.0
2020-09-15 01:37,11264.75,11266.75,11262.5,11265.75,47.0
2020-09-15 01:38,11266.75,11271.0,11265.25,11271.0,23.0
2020-09-15 01:39,11271.0,11274.0,11269.5,11270.0,37.0
2020-09-15 01:40,11269.0,11274.0,11268.75,11271.75,44.0
2020-09-15 01:41,11272.75,11273.25,11271.25,11271.75,19.0
2020-09-15 01:42,11271.75,11275.25,11270.0,11274.25,20.0
2020-09-15 01:43,11273.25,11274.25,11272.5,11274.25,11.0
2020-09-15 01:44,11275.75,11275.75,11272.5,11272.75,35.0
2020-09-15 01:45,11274.25,11279.0,11274.25,11277.0,52.0
2020-09-15 01:46,11277.25,11278.25,11276.5,11278.25,13.0
2020-09-15 01:47,11278.75,11279.25,11276.25,11278.0,26.0
2020-09-15 01:48,11278.75,11280.75,11278.0,11279.25,31.0
2020-09-15 01:49,11279.75,11282.0,11279.5,11282.0,17.0
2020-09-15 01:50,11282.0,11286.25,11281.0,11285.5,72.0
2020-09-15 01:51,11286.75,11288.25,11282.75,11283.0,95.0
2020-09-15 01:52,11283.5,11284.0,11281.0,11281.75,51.0
2020-09-15 01:53,11281.25,11281.75,11279.5,11281.25,25.0
2020-09-15 01:54,11282.25,11282.25,11278.0,11280.0,43.0
2020-09-15 01:55,11278.75,11291.5,11278.75,11288.5,132.0
2020-09-15 01:56,11288.75,11290.75,11288.75,11290.0,44.0
2020-09-15 01:57,11289.75,11291.5,11289.0,11289.75,53.0
2020-09-15 01:58,11290.75,11290.75,11288.25,11288.75,12.0
2020-09-15 01:59,11287.75,11290.25,11287.75,11290.25,12.0
2020-09-15 02:00,11290.0,11296.5,11290.0,11292.25,78.0
2020-09-15 02:01,11294.0,11297.5,11292.75,11295.25,75.0
2020-09-15 02:02,11295.25,11296.25,11292.0,11292.0,31.0
2020-09-15 02:03,11293.25,11295.0,11292.25,11293.5,17.0
2020-09-15 02:04,11294.25,11295.75,11292.25,11293.5,19.0
2020-09-15 02:05,11294.25,11295.0,11292.5,11294.0,39.0
2020-09-15 02:06,11294.25,11296.75,11293.75,11295.75,47.0
2020-09-15 02:07,11296.0,11297.75,11293.5,11295.25,62.0
2020-09-15 02:08,11294.5,11295.5,11292.75,11295.5,48.0
2020-09-15 02:09,11295.0,11296.5,11294.5,11296.5,17.0
2020-09-15 02:10,11296.25,11296.25,11294.5,11294.5,6.0
2020-09-15 02:11,11294.0,11295.0,11293.25,11293.5,48.0
2020-09-15 02:12,11293.25,11295.75,11293.25,11294.75,35.0
2020-09-15 02:13,11293.5,11294.75,11291.5,11292.25,56.0
2020-09-15 02:14,11292.75,11294.0,11289.0,11294.0,62.0
2020-09-15 02:15,11294.0,11296.25,11292.75,11293.5,44.0
2020-09-15 02:16,11293.75,11293.75,11290.75,11291.75,26.0
2020-09-15 02:17,11291.5,11296.5,11290.0,11295.0,41.0
2020-09-15 02:18,11294.75,11301.75,11294.5,11300.25,98.0
2020-09-15 02:19,11301.0,11301.25,11297.25,11298.0,27.0
2020-09-15 02:20,11298.5,11299.0,11294.0,11294.0,30.0
2020-09-15 02:21,11293.0,11293.75,11291.0,11293.5,45.0
2020-09-15 02:22,11293.75,11296.25,11293.5,11294.5,17.0
2020-09-15 02:23,11295.5,11298.25,11295.5,11297.75,40.0
2020-09-15 02:24,11297.5,11299.25,11296.5,11297.25,25.0
2020-09-15 02:25,11296.25,11297.25,11296.0,11297.25,4.0
2020-09-15 02:26,11297.25,11297.25,11295.0,11295.0,7.0
2020-09-15 02:27,11295.0,11297.75,11295.0,11297.75,28.0
2020-09-15 02:28,11297.25,11297.5,11296.5,11296.75,17.0
2020-09-15 02:29,11296.5,11297.25,11295.75,11296.5,19.0
2020-09-15 02:30,11295.25,11301.0,11295.25,11299.75,36.0
2020-09-15 02:31,11301.0,11301.0,11297.5,11298.75,25.0
2020-09-15 02:32,11297.75,11297.75,11292.0,11293.0,35.0
2020-09-15 02:33,11293.5,11296.25,11293.5,11295.25,23.0
2020-09-15 02:34,11294.25,11297.0,11294.25,11296.5,21.0
2020-09-15 02:35,11296.25,11296.25,11293.0,11294.0,24.0
2020-09-15 02:36,11292.5,11293.0,11291.25,11291.75,24.0
2020-09-15 02:37,11291.25,11294.25,11289.25,11291.5,41.0
2020-09-15 02:38,11291.25,11295.0,11291.25,11293.25,23.0
2020-09-15 02:39,11293.0,11293.5,11290.0,11290.25,12.0
2020-09-15 02:40,11289.75,11292.0,11289.75,11292.0,19.0
2020-09-15 02:41,11292.5,11293.75,11292.0,11293.75,9.0
2020-09-15 02:42,11294.25,11294.25,11293.5,11293.5,6.0
2020-09-15 02:43,11295.0,11296.0,11293.5,11293.75,11.0
2020-09-15 02:44,11294.75,11294.75,11292.5,11292.75,14.0
2020-09-15 02:45,11294.5,11294.5,11291.0,11291.0,5.0
2020-09-15 02:46,11291.0,11291.0,11286.25,11287.75,41.0
2020-09-15 02:47,11288.25,11291.25,11288.25,11290.5,18.0
2020-09-15 02:48,11290.5,11290.5,11287.5,11288.0,24.0
2020-09-15 02:49,11287.5,11290.5,11287.5,11290.5,17.0
2020-09-15 02:50,11289.75,11292.0,11287.5,11290.25,24.0
2020-09-15 02:51,11290.5,11291.25,11290.0,11291.25,6.0
2020-09-15 02:52,11289.75,11290.5,11289.0,11290.0,15.0
2020-09-15 02:53,11289.75,11292.75,11289.75,11292.75,23.0
2020-09-15 02:54,11291.0,11291.75,11289.0,11289.0,25.0
2020-09-15 02:55,11291.25,11291.25,11289.75,11290.5,9.0
2020-09-15 02:56,11290.5,11294.5,11290.5,11294.5,29.0
2020-09-15 02:57,11294.5,11300.5,11294.5,11298.0,130.0
2020-09-15 02:58,11298.25,11298.5,11297.25,11298.5,17.0
2020-09-15 02:59,11298.0,11298.5,11296.5,11298.25,13.0
2020-09-15 03:00,11299.0,11302.0,11298.25,11302.0,40.0
2020-09-15 03:01,11301.25,11301.75,11299.75,11299.75,26.0
2020-09-15 03:02,11300.0,11302.25,11299.75,11301.5,17.0
2020-09-15 03:03,11301.25,11304.0,11301.0,11304.0,30.0
2020-09-15 03:04,11303.75,11304.75,11303.25,11304.75,16.0
2020-09-15 03:05,11304.0,11304.0,11299.75,11301.0,28.0
2020-09-15 03:06,11300.75,11302.75,11300.75,11301.25,16.0
2020-09-15 03:07,11301.25,11302.5,11300.0,11302.5,18.0
2020-09-15 03:08,11302.75,11303.75,11301.75,11303.25,20.0
2020-09-15 03:09,11302.75,11304.25,11302.5,11304.25,13.0
2020-09-15 03:10,11305.0,11305.5,11303.5,11304.0,22.0
2020-09-15 03:11,11303.5,11305.0,11303.5,11305.0,12.0
2020-09-15 03:12,11305.25,11306.25,11303.75,11303.75,15.0
2020-09-15 03:13,11303.75,11305.0,11303.5,11303.5,19.0
2020-09-15 03:14,11304.0,11304.0,11302.75,11303.25,7.0
2020-09-15 03:15,11303.75,11305.0,11303.75,11305.0,10.0
2020-09-15 03:16,11304.75,11304.75,11303.5,11303.5,9.0
2020-09-15 03:17,11303.0,11303.0,11303.0,11303.0,1.0
2020-09-15 03:18,11303.5,11303.5,11301.5,11302.25,20.0
2020-09-15 03:19,11302.5,11304.75,11302.5,11304.5,17.0
2020-09-15 03:20,11304.75,11306.25,11304.5,11306.25,21.0
2020-09-15 03:21,11306.25,11307.75,11306.25,11306.75,49.0
2020-09-15 03:22,11305.75,11307.0,11303.5,11304.25,22.0
2020-09-15 03:23,11303.25,11303.25,11300.25,11302.75,26.0
2020-09-15 03:24,11303.25,11306.5,11303.25,11306.5,22.0
2020-09-15 03:25,11306.5,11306.5,11305.0,11305.0,8.0
2020-09-15 03:26,11305.5,11306.75,11304.75,11304.75,13.0
2020-09-15 03:27,11304.75,11307.0,11304.75,11307.0,13.0
2020-09-15 03:28,11307.5,11308.25,11305.5,11306.5,34.0
2020-09-15 03:29,11307.0,11307.75,11306.25,11307.0,52.0
2020-09-15 03:30,11307.0,11308.25,11304.75,11304.75,35.0
2020-09-15 03:31,11305.25,11305.25,11304.25,11304.5,13.0
2020-09-15 03:32,11304.5,11304.75,11303.25,11303.75,16.0
2020-09-15 03:33,11303.25,11303.25,11301.5,11301.75,25.0
2020-09-15 03:34,11302.5,11302.5,11301.75,11302.0,14.0
2020-09-15 03:35,11301.5,11301.5,11298.5,11299.75,47.0
2020-09-15 03:36,11299.5,11300.25,11298.0,11298.0,13.0
2020-09-15 03:37,11298.5,11300.0,11297.0,11299.75,27.0
2020-09-15 03:38,11299.5,11301.75,11299.5,11301.75,9.0
2020-09-15 03:39,11301.75,11302.0,11300.5,11301.0,12.0
2020-09-15 03:40,11301.5,11302.25,11301.25,11302.25,12.0
2020-09-15 03:41,11302.0,11302.0,11300.5,11300.75,8.0
2020-09-15 03:43,11300.0,11300.0,11298.75,11299.5,22.0
2020-09-15 03:44,11299.75,11300.75,11299.75,11300.25,8.0
2020-09-15 03:45,11299.75,11299.75,11298.75,11299.0,11.0
2020-09-15 03:46,11298.0,11299.75,11297.25,11299.75,21.0
2020-09-15 03:47,11301.0,11302.0,11300.25,11300.25,7.0
2020-09-15 03:48,11299.5,11300.25,11299.0,11300.0,11.0
2020-09-15 03:49,11300.0,11301.0,11300.0,11301.0,14.0
2020-09-15 03:50,11301.0,11301.0,11299.5,11300.75,12.0
2020-09-15 03:51,11301.0,11303.75,11301.0,11302.0,24.0
2020-09-15 03:52,11301.0,11301.25,11300.5,11301.25,10.0
2020-09-15 03:53,11302.25,11302.75,11301.25,11301.25,6.0
2020-09-15 03:54,11300.25,11302.0,11300.25,11302.0,2.0
2020-09-15 03:55,11302.75,11304.25,11302.75,11303.25,13.0
2020-09-15 03:56,11301.75,11303.25,11301.25,11303.25,6.0
2020-09-15 03:57,11303.0,11304.25,11302.0,11302.0,17.0
2020-09-15 03:58,11301.25,11302.5,11301.25,11302.0,7.0
2020-09-15 03:59,11301.75,11302.25,11301.5,11302.25,9.0
2020-09-15 04:00,11301.25,11302.0,11300.0,11300.0,12.0
2020-09-15 04:01,11300.0,11301.0,11298.75,11300.25,25.0
2020-09-15 04:02,11300.0,11300.5,11298.5,11298.5,12.0
2020-09-15 04:03,11298.75,11299.5,11298.25,11298.25,13.0
2020-09-15 04:04,11298.0,11299.25,11298.0,11299.25,14.0
2020-09-15 04:05,11300.0,11302.25,11300.0,11301.25,23.0
2020-09-15 04:06,11301.0,11301.75,11300.5,11300.5,12.0
2020-09-15 04:07,11300.25,11300.75,11300.25,11300.75,3.0
2020-09-15 04:08,11301.0,11301.0,11299.75,11301.0,8.0
2020-09-15 04:09,11301.25,11301.25,11300.5,11300.75,3.0
2020-09-15 04:10,11300.25,11301.0,11300.25,11301.0,2.0
2020-09-15 04:11,11301.25,11301.25,11301.0,11301.0,5.0
2020-09-15 04:12,11302.25,11302.25,11302.0,11302.0,8.0
2020-09-15 04:13,11302.0,11308.0,11301.75,11306.25,58.0
2020-09-15 04:14,11306.25,11307.0,11305.0,11306.5,25.0
2020-09-15 04:15,11306.5,11306.5,11305.0,11305.0,10.0
2020-09-15 04:16,11304.75,11306.0,11304.75,11306.0,2.0
2020-09-15 04:17,11305.25,11306.25,11305.0,11305.0,7.0
2020-09-15 04:18,11305.25,11305.5,11304.25,11305.5,14.0
2020-09-15 04:19,11306.0,11307.75,11305.25,11305.25,14.0
2020-09-15 04:20,11305.5,11305.75,11304.75,11305.25,9.0
2020-09-15 04:21,11304.75,11306.5,11304.75,11305.5,23.0
2020-09-15 04:22,11306.25,11308.25,11306.25,11307.0,27.0
2020-09-15 04:23,11308.0,11308.25,11307.5,11307.5,15.0
2020-09-15 04:24,11308.5,11308.5,11307.25,11307.25,4.0
2020-09-15 04:25,11308.25,11311.75,11308.25,11309.75,64.0
2020-09-15 04:26,11310.25,11315.0,11310.25,11313.75,70.0
2020-09-15 04:27,11313.75,11315.5,11313.75,11315.5,34.0
2020-09-15 04:28,11315.5,11318.5,11314.75,11317.25,82.0
2020-09-15 04:29,11316.75,11318.0,11315.75,11316.0,15.0
2020-09-15 04:30,11316.5,11316.5,11314.5,11315.0,14.0
2020-09-15 04:31,11316.0,11316.0,11315.5,11315.5,3.0
2020-09-15 04:32,11315.75,11315.75,11313.75,11314.75,8.0
2020-09-15 04:33,11314.5,11315.75,11313.5,11313.5,20.0
2020-09-15 04:34,11314.25,11314.75,11313.25,11313.75,16.0
2020-09-15 04:35,11313.75,11315.0,11313.25,11314.0,22.0
2020-09-15 04:36,11314.75,11315.0,11313.75,11313.75,11.0
2020-09-15 04:37,11313.5,11314.75,11312.75,11314.5,31.0
2020-09-15 04:38,11313.75,11313.75,11313.0,11313.25,6.0
2020-09-15 04:39,11314.0,11314.0,11314.0,11314.0,1.0
2020-09-15 04:40,11314.5,11317.75,11314.5,11317.75,18.0
2020-09-15 04:41,11318.0,11319.25,11316.25,11316.25,13.0
2020-09-15 04:42,11317.5,11322.0,11317.0,11320.75,57.0
2020-09-15 04:43,11320.5,11324.25,11320.5,11322.25,31.0
2020-09-15 04:44,11322.0,11323.0,11321.25,11322.0,24.0
2020-09-15 04:45,11321.25,11321.25,11319.0,11320.0,16.0
2020-09-15 04:46,11319.75,11319.75,11319.0,11319.0,3.0
2020-09-15 04:47,11319.0,11319.75,11318.5,11319.75,9.0
2020-09-15 04:48,11320.0,11320.0,11319.5,11319.5,8.0
2020-09-15 04:49,11320.0,11320.0,11319.25,11319.25,2.0
2020-09-15 04:50,11319.0,11319.25,11317.0,11317.75,26.0
2020-09-15 04:51,11317.25,11317.25,11316.0,11317.0,20.0
2020-09-15 04:52,11317.5,11319.0,11317.5,11319.0,8.0
2020-09-15 04:53,11318.5,11320.0,11318.5,11320.0,6.0
2020-09-15 04:54,11320.0,11322.0,11320.0,11322.0,13.0
2020-09-15 04:55,11322.25,11322.25,11321.25,11322.25,9.0
2020-09-15 04:56,11322.0,11322.0,11320.5,11320.5,7.0
2020-09-15 04:57,11319.25,11324.75,11319.25,11324.0,30.0
2020-09-15 04:58,11323.5,11330.75,11323.5,11327.75,107.0
2020-09-15 04:59,11327.0,11329.0,11326.5,11329.0,28.0
2020-09-15 05:00,11328.25,11332.0,11328.0,11329.75,50.0
2020-09-15 05:01,11330.5,11332.5,11329.5,11329.75,32.0
2020-09-15 05:02,11329.5,11333.25,11329.5,11331.0,30.0
2020-09-15 05:03,11330.25,11331.25,11330.0,11330.0,12.0
2020-09-15 05:04,11330.0,11330.0,11328.0,11328.0,61.0
2020-09-15 05:05,11329.25,11330.25,11328.75,11328.75,24.0
2020-09-15 05:06,11328.75,11329.0,11327.25,11328.0,25.0
2020-09-15 05:07,11328.0,11330.0,11324.75,11326.5,59.0
2020-09-15 05:08,11326.5,11327.0,11325.25,11325.75,36.0
2020-09-15 05:09,11326.5,11326.75,11324.75,11326.75,17.0
2020-09-15 05:10,11327.5,11329.25,11327.25,11327.25,24.0
2020-09-15 05:11,11327.0,11327.75,11323.75,11323.75,37.0
2020-09-15 05:12,11324.0,11324.0,11322.25,11323.25,27.0
2020-09-15 05:13,11322.0,11323.25,11321.0,11323.25,28.0
2020-09-15 05:14,11322.0,11322.0,11320.5,11321.75,33.0
2020-09-15 05:15,11320.5,11321.25,11319.75,11320.0,19.0
2020-09-15 05:16,11320.75,11322.0,11320.5,11321.0,14.0
2020-09-15 05:17,11322.0,11322.0,11321.25,11322.0,13.0
2020-09-15 05:18,11322.25,11322.75,11321.25,11322.5,46.0
2020-09-15 05:19,11323.0,11323.5,11321.25,11322.25,78.0
2020-09-15 05:20,11322.0,11323.25,11321.25,11323.25,28.0
2020-09-15 05:21,11323.0,11324.0,11322.75,11322.75,64.0
2020-09-15 05:22,11322.75,11323.5,11322.75,11323.25,4.0
2020-09-15 05:23,11322.75,11322.75,11322.0,11322.0,10.0
2020-09-15 05:24,11321.75,11324.0,11321.5,11323.5,30.0
2020-09-15 05:25,11323.25,11323.75,11322.5,11323.0,38.0
2020-09-15 05:26,11324.25,11324.25,11322.5,11323.25,42.0
2020-09-15 05:27,11323.5,11325.0,11322.75,11325.0,45.0
2020-09-15 05:28,11325.25,11326.75,11323.75,11324.25,83.0
2020-09-15 05:29,11324.0,11325.0,11323.0,11324.25,67.0
2020-09-15 05:30,11325.25,11329.0,11323.5,11329.0,105.0
2020-09-15 05:31,11329.25,11329.25,11326.0,11326.0,55.0
2020-09-15 05:32,11326.5,11328.0,11326.5,11327.0,9.0
2020-09-15 05:33,11326.5,11327.25,11324.5,11326.0,19.0
2020-09-15 05:34,11325.0,11325.0,11324.0,11325.0,7.0
2020-09-15 05:35,11324.25,11324.75,11321.5,11321.5,27.0
2020-09-15 05:36,11321.0,11322.0,11319.25,11319.75,25.0
2020-09-15 05:37,11320.5,11320.5,11316.75,11317.5,31.0
2020-09-15 05:38,11317.5,11318.0,11316.75,11318.0,22.0
2020-09-15 05:39,11317.5,11318.75,11317.25,11317.25,14.0
2020-09-15 05:40,11317.5,11318.0,11314.0,11316.0,31.0
2020-09-15 05:41,11316.75,11318.0,11316.75,11318.0,15.0
2020-09-15 05:42,11317.75,11319.0,11317.75,11319.0,10.0
2020-09-15 05:43,11319.0,11319.25,11315.75,11317.25,21.0
2020-09-15 05:44,11318.25,11318.25,11311.0,11314.0,85.0
2020-09-15 05:45,11314.25,11316.5,11313.75,11316.0,51.0
2020-09-15 05:46,11315.5,11317.5,11314.5,11315.5,68.0
2020-09-15 05:47,11315.0,11320.5,11314.25,11317.5,72.0
2020-09-15 05:48,11319.75,11323.5,11319.75,11321.75,55.0
2020-09-15 05:49,11322.0,11326.5,11320.25,11326.5,129.0
2020-09-15 05:50,11325.75,11326.5,11321.0,11322.25,67.0
2020-09-15 05:51,11321.5,11323.25,11320.25,11322.75,93.0
2020-09-15 05:52,11324.0,11327.0,11323.25,11327.0,53.0
2020-09-15 05:53,11327.0,11327.0,11324.25,11324.75,32.0
2020-09-15 05:54,11325.0,11326.25,11324.5,11326.25,16.0
2020-09-15 05:55,11325.5,11326.5,11325.0,11326.5,7.0
2020-09-15 05:56,11325.5,11328.75,11325.5,11326.25,31.0
2020-09-15 05:57,11326.75,11329.75,11326.75,11328.5,21.0
2020-09-15 05:58,11328.75,11330.5,11328.0,11329.25,39.0
2020-09-15 05:59,11329.0,11333.25,11328.75,11332.5,57.0
2020-09-15 06:00,11332.0,11334.0,11328.25,11329.75,102.0
2020-09-15 06:01,11329.75,11329.75,11321.75,11325.0,84.0
2020-09-15 06:02,11326.25,11328.5,11326.0,11328.0,39.0
2020-09-15 06:03,11328.0,11331.0,11326.75,11330.5,45.0
2020-09-15 06:04,11331.0,11336.25,11328.75,11336.0,89.0
2020-09-15 06:05,11336.0,11340.75,11334.5,11340.0,126.0
2020-09-15 06:06,11339.25,11343.75,11338.25,11340.25,133.0
2020-09-15 06:07,11340.0,11342.5,11340.0,11340.25,25.0
2020-09-15 06:08,11339.5,11341.0,11337.5,11338.5,58.0
2020-09-15 06:09,11338.5,11339.25,11335.5,11337.0,78.0
2020-09-15 06:10,11337.75,11339.75,11336.75,11337.5,152.0
2020-09-15 06:11,11337.5,11337.5,11335.0,11335.5,68.0
2020-09-15 06:12,11335.75,11337.0,11333.5,11335.25,200.0
2020-09-15 06:13,11335.5,11338.5,11333.75,11338.0,157.0
2020-09-15 06:14,11337.75,11339.25,11334.75,11334.75,167.0
2020-09-15 06:15,11334.75,11338.0,11334.0,11338.0,67.0
2020-09-15 06:16,11336.75,11338.75,11334.75,11337.25,116.0
2020-09-15 06:17,11337.75,11338.75,11335.25,11335.25,106.0
2020-09-15 06:18,11336.25,11337.0,11331.5,11333.25,109.0
2020-09-15 06:19,11333.5,11334.0,11331.0,11331.75,46.0
2020-09-15 06:20,11332.0,11334.75,11332.0,11333.0,40.0
2020-09-15 06:21,11333.25,11334.75,11333.25,11334.0,39.0
2020-09-15 06:22,11334.25,11336.25,11334.25,11336.25,33.0
2020-09-15 06:23,11337.0,11338.0,11335.0,11336.0,55.0
2020-09-15 06:24,11336.0,11336.5,11334.25,11336.5,14.0
2020-09-15 06:25,11337.5,11338.0,11336.5,11336.5,10.0
2020-09-15 06:26,11335.5,11335.5,11333.0,11334.75,10.0
2020-09-15 06:27,11334.75,11335.0,11334.25,11335.0,7.0
2020-09-15 06:28,11335.5,11336.25,11334.25,11335.75,17.0
2020-09-15 06:29,11336.25,11336.5,11335.0,11335.5,21.0
2020-09-15 06:30,11336.25,11336.25,11332.75,11334.0,19.0
2020-09-15 06:31,11332.0,11333.5,11331.0,11332.5,25.0
2020-09-15 06:32,11332.5,11332.5,11327.25,11328.75,100.0
2020-09-15 06:33,11329.75,11329.75,11329.0,11329.25,10.0
2020-09-15 06:34,11329.25,11331.0,11329.25,11331.0,17.0
2020-09-15 06:35,11331.0,11331.5,11330.25,11331.5,16.0
2020-09-15 06:36,11332.0,11332.0,11329.0,11330.0,16.0
2020-09-15 06:37,11329.5,11331.5,11329.5,11331.25,21.0
2020-09-15 06:38,11331.25,11332.75,11331.0,11331.75,18.0
2020-09-15 06:39,11331.0,11332.5,11329.5,11330.25,20.0
2020-09-15 06:40,11328.75,11328.75,11324.5,11325.5,57.0
2020-09-15 06:41,11325.25,11326.75,11322.75,11326.0,47.0
2020-09-15 06:42,11326.5,11331.25,11325.75,11330.25,23.0
2020-09-15 06:43,11330.0,11331.0,11328.75,11330.5,31.0
2020-09-15 06:44,11331.25,11332.75,11330.25,11330.25,38.0
2020-09-15 06:45,11328.25,11328.5,11323.0,11323.75,44.0
2020-09-15 06:46,11324.0,11327.25,11323.5,11325.75,105.0
2020-09-15 06:47,11326.25,11328.5,11325.75,11327.75,30.0
2020-09-15 06:48,11327.25,11328.0,11326.75,11326.75,8.0
2020-09-15 06:49,11325.25,11325.75,11324.25,11325.0,11.0
2020-09-15 06:50,11325.0,11325.25,11319.5,11322.0,57.0
2020-09-15 06:51,11321.75,11322.75,11319.25,11321.75,21.0
2020-09-15 06:52,11321.5,11322.0,11320.75,11321.5,22.0
2020-09-15 06:53,11321.75,11322.75,11318.75,11322.0,51.0
2020-09-15 06:54,11321.25,11326.25,11321.25,11325.75,55.0
2020-09-15 06:55,11324.75,11326.25,11320.0,11322.0,51.0
2020-09-15 06:56,11321.75,11323.75,11321.0,11322.5,27.0
2020-09-15 06:57,11322.75,11324.25,11319.5,11320.75,33.0
2020-09-15 06:58,11319.5,11320.5,11317.75,11319.0,63.0
2020-09-15 06:59,11320.0,11323.0,11316.75,11322.75,69.0
2020-09-15 07:00,11322.25,11327.5,11319.75,11326.75,112.0
2020-09-15 07:01,11327.5,11327.5,11324.5,11324.75,35.0
2020-09-15 07:02,11326.0,11329.5,11324.5,11326.5,48.0
2020-09-15 07:03,11325.5,11329.0,11321.5,11323.0,50.0
2020-09-15 07:04,11323.5,11325.75,11320.0,11323.75,52.0
2020-09-15 07:05,11323.0,11326.75,11319.75,11326.0,52.0
2020-09-15 07:06,11327.0,11327.0,11323.5,11324.0,42.0
2020-09-15 07:07,11323.5,11325.75,11314.0,11317.0,107.0
2020-09-15 07:08,11317.0,11318.25,11314.5,11317.0,92.0
2020-09-15 07:09,11317.0,11319.75,11315.25,11318.25,80.0
2020-09-15 07:10,11319.0,11319.0,11307.25,11310.0,144.0
2020-09-15 07:11,11310.75,11311.0,11307.0,11308.5,101.0
2020-09-15 07:12,11309.5,11312.5,11307.25,11311.75,124.0
2020-09-15 07:13,11311.5,11313.25,11308.75,11311.5,79.0
2020-09-15 07:14,11311.5,11312.25,11308.5,11310.0,70.0
2020-09-15 07:15,11309.5,11313.25,11308.0,11311.25,79.0
2020-09-15 07:16,11311.5,11316.0,11311.5,11315.5,101.0
2020-09-15 07:17,11315.25,11315.25,11312.75,11314.0,43.0
2020-09-15 07:18,11314.0,11320.75,11314.0,11320.5,109.0
2020-09-15 07:19,11319.75,11323.5,11319.0,11322.0,78.0
2020-09-15 07:20,11322.75,11324.5,11321.25,11323.75,74.0
2020-09-15 07:21,11324.5,11331.5,11324.5,11329.5,138.0
2020-09-15 07:22,11330.25,11335.25,11329.75,11334.75,116.0
2020-09-15 07:23,11334.5,11335.5,11331.0,11333.5,68.0
2020-09-15 07:24,11334.75,11334.75,11330.5,11333.25,55.0
2020-09-15 07:25,11331.25,11334.0,11330.0,11330.0,61.0
2020-09-15 07:26,11329.75,11332.75,11328.75,11332.75,36.0
2020-09-15 07:27,11331.0,11331.75,11328.0,11329.5,44.0
2020-09-15 07:28,11328.25,11330.25,11326.5,11327.5,42.0
2020-09-15 07:29,11328.25,11328.5,11324.25,11327.75,64.0
2020-09-15 07:30,11326.5,11328.0,11324.0,11327.25,41.0
2020-09-15 07:31,11325.0,11328.5,11321.25,11328.25,108.0
2020-09-15 07:32,11328.75,11330.25,11325.25,11325.75,49.0
2020-09-15 07:33,11325.0,11326.0,11320.25,11321.0,89.0
2020-09-15 07:34,11320.25,11324.25,11320.0,11323.5,81.0
2020-09-15 07:35,11323.75,11328.75,11320.75,11324.5,78.0
2020-09-15 07:36,11325.75,11327.75,11321.75,11327.75,41.0
2020-09-15 07:37,11326.0,11331.0,11326.0,11329.5,53.0
2020-09-15 07:38,11331.0,11332.25,11327.75,11331.5,41.0
2020-09-15 07:39,11331.5,11331.5,11326.75,11327.75,31.0
2020-09-15 07:40,11327.25,11327.25,11320.75,11323.75,90.0
2020-09-15 07:41,11322.0,11326.25,11322.0,11323.75,43.0
2020-09-15 07:42,11324.25,11326.25,11321.25,11325.25,49.0
2020-09-15 07:43,11326.5,11329.0,11323.75,11323.75,24.0
2020-09-15 07:44,11324.0,11324.0,11321.5,11321.5,33.0
2020-09-15 07:45,11321.5,11321.5,11315.25,11318.75,117.0
2020-09-15 07:46,11319.75,11319.75,11313.0,11315.75,67.0
2020-09-15 07:47,11316.0,11321.0,11316.0,11320.0,40.0
2020-09-15 07:48,11321.25,11324.25,11320.0,11322.75,27.0
2020-09-15 07:49,11323.5,11324.25,11320.75,11322.25,35.0
2020-09-15 07:50,11321.5,11321.5,11318.5,11319.0,35.0
2020-09-15 07:51,11319.25,11322.0,11319.25,11321.25,19.0
2020-09-15 07:52,11320.25,11325.75,11320.0,11323.25,31.0
2020-09-15 07:53,11324.5,11328.75,11323.25,11328.5,58.0
2020-09-15 07:54,11328.75,11331.5,11327.5,11330.5,49.0
2020-09-15 07:55,11331.0,11331.0,11326.75,11328.75,48.0
2020-09-15 07:56,11327.5,11328.75,11327.0,11328.0,14.0
2020-09-15 07:57,11328.0,11328.0,11325.5,11326.25,20.0
2020-09-15 07:58,11326.75,11328.75,11321.5,11328.75,43.0
2020-09-15 07:59,11328.25,11332.0,11327.5,11329.75,60.0
2020-09-15 08:00,11329.5,11335.25,11326.75,11335.0,143.0
2020-09-15 08:01,11334.25,11347.75,11334.25,11345.25,213.0
2020-09-15 08:02,11344.0,11346.5,11340.0,11340.0,135.0
2020-09-15 08:03,11339.5,11342.5,11339.0,11341.0,89.0
2020-09-15 08:04,11341.5,11344.5,11337.25,11339.25,94.0
2020-09-15 08:05,11340.0,11341.5,11337.0,11339.0,84.0
2020-09-15 08:06,11338.5,11344.25,11338.5,11343.75,47.0
2020-09-15 08:07,11343.75,11345.0,11341.25,11343.25,70.0
2020-09-15 08:08,11344.5,11344.5,11340.75,11340.75,35.0
2020-09-15 08:09,11342.0,11344.25,11341.0,11342.0,58.0
2020-09-15 08:10,11340.75,11344.0,11338.75,11340.0,57.0
2020-09-15 08:11,11340.0,11344.0,11340.0,11342.0,29.0
2020-09-15 08:12,11342.25,11342.75,11340.25,11340.25,23.0
2020-09-15 08:13,11340.25,11342.25,11336.5,11338.75,44.0
2020-09-15 08:14,11337.75,11338.5,11330.0,11334.25,92.0
2020-09-15 08:15,11334.5,11334.75,11329.0,11331.0,75.0
2020-09-15 08:16,11331.0,11332.25,11328.75,11331.25,68.0
2020-09-15 08:17,11331.0,11337.75,11331.0,11332.5,71.0
2020-09-15 08:18,11333.0,11337.5,11332.75,11334.75,34.0
2020-09-15 08:19,11335.5,11337.75,11332.5,11337.75,47.0
2020-09-15 08:20,11337.75,11339.5,11335.0,11339.25,33.0
2020-09-15 08:21,11339.5,11341.5,11339.0,11340.25,43.0
2020-09-15 08:22,11341.5,11343.75,11340.25,11342.5,59.0
2020-09-15 08:23,11342.5,11343.25,11341.0,11341.25,28.0
2020-09-15 08:24,11341.0,11342.5,11339.75,11342.5,43.0
2020-09-15 08:25,11342.25,11344.25,11341.25,11341.5,31.0
2020-09-15 08:26,11341.75,11342.25,11338.5,11340.0,42.0
2020-09-15 08:27,11339.0,11341.5,11336.5,11341.5,47.0
2020-09-15 08:28,11342.0,11342.0,11339.0,11341.5,40.0
2020-09-15 08:29,11340.75,11341.5,11338.5,11339.25,41.0
2020-09-15 08:30,11340.0,11340.0,11337.0,11338.0,47.0
2020-09-15 08:31,11337.25,11340.75,11335.25,11339.75,51.0
2020-09-15 08:32,11340.0,11341.75,11338.5,11339.5,28.0
2020-09-15 08:33,11338.75,11340.75,11337.0,11338.75,77.0
2020-09-15 08:34,11339.25,11339.75,11337.75,11337.75,13.0
2020-09-15 08:35,11337.5,11341.5,11336.5,11340.25,49.0
2020-09-15 08:36,11340.25,11342.5,11338.5,11342.25,22.0
2020-09-15 08:37,11340.0,11349.5,11339.75,11341.75,160.0
2020-09-15 08:38,11342.25,11348.25,11341.75,11345.0,78.0
2020-09-15 08:39,11346.75,11347.0,11344.0,11344.0,34.0
2020-09-15 08:40,11345.25,11347.0,11344.0,11346.25,37.0
2020-09-15 08:41,11346.25,11350.5,11346.25,11349.75,75.0
2020-09-15 08:42,11349.5,11351.0,11345.0,11346.25,76.0
2020-09-15 08:43,11347.0,11350.0,11346.25,11346.25,33.0
2020-09-15 08:44,11346.75,11349.25,11346.75,11349.0,31.0
2020-09-15 08:45,11349.0,11349.0,11346.25,11347.75,46.0
2020-09-15 08:46,11348.0,11350.5,11345.25,11350.5,54.0
2020-09-15 08:47,11351.25,11352.0,11348.75,11348.75,57.0
2020-09-15 08:48,11349.25,11351.25,11347.5,11349.75,45.0
2020-09-15 08:49,11349.75,11353.5,11349.75,11353.5,34.0
2020-09-15 08:50,11353.25,11353.5,11350.75,11350.75,69.0
2020-09-15 08:51,11351.0,11351.25,11348.25,11350.25,54.0
2020-09-15 08:52,11349.25,11350.5,11348.25,11348.75,29.0
2020-09-15 08:53,11349.0,11353.75,11348.25,11351.25,86.0
2020-09-15 08:54,11352.0,11352.0,11349.5,11349.75,31.0
2020-09-15 08:55,11349.75,11352.0,11349.75,11351.5,16.0
2020-09-15 08:56,11352.0,11352.0,11349.5,11350.5,19.0
2020-09-15 08:57,11349.25,11351.0,11349.25,11350.75,38.0
2020-09-15 08:58,11349.75,11349.75,11346.5,11349.5,47.0
2020-09-15 08:59,11349.0,11351.25,11349.0,11350.0,19.0
2020-09-15 09:00,11349.5,11354.5,11347.0,11352.0,52.0
2020-09-15 09:01,11351.75,11356.75,11351.5,11355.25,97.0
2020-09-15 09:02,11356.0,11360.0,11356.0,11357.75,58.0
2020-09-15 09:03,11358.25,11360.0,11357.25,11358.75,54.0
2020-09-15 09:04,11358.25,11360.0,11357.5,11359.0,37.0
2020-09-15 09:05,11359.75,11360.5,11355.5,11356.0,57.0
2020-09-15 09:06,11356.75,11359.0,11355.25,11355.25,74.0
2020-09-15 09:07,11355.25,11358.25,11355.25,11357.25,33.0
2020-09-15 09:08,11356.75,11358.0,11355.5,11358.0,32.0
2020-09-15 09:09,11358.5,11368.5,11358.5,11366.25,149.0
2020-09-15 09:10,11368.5,11370.0,11365.75,11365.75,91.0
2020-09-15 09:11,11365.5,11367.75,11362.75,11363.5,90.0
2020-09-15 09:12,11363.75,11367.0,11361.5,11366.25,61.0
2020-09-15 09:13,11366.25,11367.75,11364.25,11366.25,53.0
2020-09-15 09:14,11367.5,11369.0,11365.0,11365.0,66.0
2020-09-15 09:15,11364.75,11367.0,11362.5,11363.5,38.0
2020-09-15 09:16,11363.5,11365.25,11362.25,11362.5,55.0
2020-09-15 09:17,11361.5,11363.5,11360.75,11361.25,56.0
2020-09-15 09:18,11361.25,11363.75,11361.0,11362.5,54.0
2020-09-15 09:19,11362.25,11364.0,11362.0,11362.75,60.0
2020-09-15 09:20,11362.75,11366.75,11362.75,11365.75,35.0
2020-09-15 09:21,11366.25,11369.5,11366.25,11367.75,79.0
2020-09-15 09:22,11367.25,11372.0,11367.25,11370.0,114.0
2020-09-15 09:23,11370.5,11376.0,11370.5,11372.75,100.0
2020-09-15 09:24,11373.0,11375.5,11372.5,11373.0,55.0
2020-09-15 09:25,11372.5,11375.5,11372.0,11375.0,42.0
2020-09-15 09:26,11374.5,11380.25,11374.5,11379.75,133.0
2020-09-15 09:27,11379.0,11382.75,11377.5,11380.5,117.0
2020-09-15 09:28,11380.25,11384.25,11380.0,11380.75,58.0
2020-09-15 09:29,11381.25,11385.5,11378.5,11383.5,52.0
2020-09-15 09:30,11384.0,11384.0,11381.5,11382.75,61.0
2020-09-15 09:31,11382.25,11388.25,11381.75,11387.25,150.0
2020-09-15 09:32,11388.5,11388.75,11386.0,11387.0,38.0
2020-09-15 09:33,11387.0,11387.75,11383.75,11384.5,92.0
2020-09-15 09:34,11384.5,11385.5,11381.25,11381.25,85.0
2020-09-15 09:35,11382.0,11385.5,11381.25,11384.5,60.0
2020-09-15 09:36,11385.75,11385.75,11381.5,11382.75,49.0
2020-09-15 09:37,11382.0,11384.0,11380.25,11383.5,60.0
2020-09-15 09:38,11383.25,11386.25,11382.75,11383.5,54.0
2020-09-15 09:39,11384.0,11386.25,11384.0,11385.0,25.0
2020-09-15 09:40,11385.25,11387.0,11384.5,11387.0,19.0
2020-09-15 09:41,11386.75,11390.25,11384.25,11384.25,81.0
2020-09-15 09:42,11384.0,11386.25,11383.5,11384.75,62.0
2020-09-15 09:43,11384.5,11388.0,11383.5,11384.75,37.0
2020-09-15 09:44,11384.75,11387.5,11383.25,11387.25,38.0
2020-09-15 09:45,11386.75,11392.5,11384.5,11389.75,150.0
2020-09-15 09:46,11389.75,11395.0,11388.25,11393.0,136.0
2020-09-15 09:47,11393.5,11397.0,11392.0,11396.75,80.0
2020-09-15 09:48,11395.75,11399.75,11395.75,11398.75,94.0
2020-09-15 09:49,11400.0,11400.5,11396.25,11398.0,66.0
2020-09-15 09:50,11398.0,11398.75,11395.75,11398.0,54.0
2020-09-15 09:51,11398.0,11398.5,11396.25,11396.5,38.0
2020-09-15 09:52,11395.75,11397.75,11394.0,11395.5,42.0
2020-09-15 09:53,11395.0,11395.0,11392.25,11392.25,30.0
2020-09-15 09:54,11392.0,11393.75,11391.25,11393.5,34.0
2020-09-15 09:55,11393.0,11398.0,11392.5,11393.25,90.0
2020-09-15 09:56,11392.25,11392.75,11388.0,11388.75,64.0
2020-09-15 09:57,11387.25,11391.25,11387.0,11389.5,57.0
2020-09-15 09:58,11389.5,11389.5,11387.75,11388.5,22.0
2020-09-15 09:59,11388.75,11392.0,11387.5,11392.0,63.0
2020-09-15 10:00,11391.75,11393.5,11386.0,11386.75,91.0
2020-09-15 10:01,11385.75,11385.75,11382.25,11384.75,98.0
2020-09-15 10:02,11385.0,11388.25,11383.5,11384.5,53.0
2020-09-15 10:03,11384.25,11385.25,11382.0,11385.25,36.0
2020-09-15 10:04,11384.25,11384.25,11382.25,11383.25,21.0
2020-09-15 10:05,11383.5,11384.5,11381.5,11381.5,36.0
2020-09-15 10:06,11381.0,11384.25,11379.0,11383.75,86.0
2020-09-15 10:07,11383.0,11385.25,11381.25,11385.0,72.0
2020-09-15 10:08,11385.25,11386.0,11382.5,11384.0,43.0
2020-09-15 10:09,11384.5,11384.5,11382.25,11382.75,24.0
2020-09-15 10:10,11383.75,11385.5,11382.5,11384.0,51.0
2020-09-15 10:11,11384.0,11384.5,11383.0,11383.0,20.0
2020-09-15 10:12,11383.5,11384.25,11382.75,11384.25,25.0
2020-09-15 10:13,11383.5,11386.5,11383.5,11386.5,20.0
2020-09-15 10:14,11386.5,11387.0,11384.0,11386.0,32.0
2020-09-15 10:15,11385.75,11385.75,11383.5,11385.0,36.0
2020-09-15 10:16,11384.75,11386.0,11384.25,11386.0,23.0
2020-09-15 10:17,11385.5,11388.0,11385.5,11386.75,37.0
2020-09-15 10:18,11386.75,11387.0,11381.75,11383.0,41.0
2020-09-15 10:19,11381.75,11382.75,11376.0,11378.5,65.0
2020-09-15 10:20,11378.0,11380.0,11375.25,11376.25,43.0
2020-09-15 10:21,11377.25,11377.75,11370.5,11373.5,133.0
2020-09-15 10:22,11374.0,11377.5,11373.75,11376.25,51.0
2020-09-15 10:23,11376.0,11376.0,11373.0,11374.0,24.0
2020-09-15 10:24,11373.25,11374.0,11371.25,11372.5,42.0
2020-09-15 10:25,11372.5,11372.75,11369.0,11369.5,77.0
2020-09-15 10:26,11368.75,11375.5,11368.5,11374.5,71.0
2020-09-15 10:27,11373.5,11373.5,11370.75,11372.5,23.0
2020-09-15 10:28,11372.25,11372.25,11370.0,11370.0,13.0
2020-09-15 10:29,11370.5,11375.5,11369.5,11373.0,88.0
2020-09-15 10:30,11372.25,11376.75,11371.5,11374.25,35.0
2020-09-15 10:31,11374.75,11375.0,11370.0,11371.5,53.0
2020-09-15 10:32,11371.0,11371.0,11367.75,11369.0,56.0
2020-09-15 10:33,11369.0,11371.25,11369.0,11371.25,23.0
2020-09-15 10:34,11371.0,11373.75,11371.0,11373.5,25.0
2020-09-15 10:35,11372.25,11375.5,11372.25,11374.5,33.0
2020-09-15 10:36,11374.5,11374.5,11373.25,11373.25,11.0
2020-09-15 10:37,11372.75,11374.5,11371.5,11373.25,43.0
2020-09-15 10:38,11372.5,11372.5,11369.25,11369.5,28.0
2020-09-15 10:39,11369.5,11372.25,11369.25,11370.75,28.0
2020-09-15 10:40,11370.25,11372.75,11368.5,11371.25,30.0
2020-09-15 10:41,11371.0,11372.25,11370.25,11372.25,21.0
2020-09-15 10:42,11373.0,11379.25,11373.0,11377.75,63.0
2020-09-15 10:43,11378.75,11379.25,11377.25,11377.5,44.0
2020-09-15 10:44,11377.75,11379.0,11376.75,11378.25,28.0
2020-09-15 10:45,11377.25,11377.25,11375.25,11375.25,19.0
2020-09-15 10:46,11375.0,11377.0,11374.75,11377.0,32.0
2020-09-15 10:47,11377.25,11377.5,11376.0,11376.5,17.0
2020-09-15 10:48,11377.5,11378.25,11376.5,11376.5,24.0
2020-09-15 10:49,11377.0,11381.25,11377.0,11380.25,59.0
2020-09-15 10:50,11381.25,11381.25,11379.0,11380.5,35.0
2020-09-15 10:51,11380.25,11383.75,11380.0,11382.5,43.0
2020-09-15 10:52,11383.25,11391.5,11383.0,11388.5,204.0
2020-09-15 10:53,11387.5,11388.75,11386.0,11388.5,46.0
2020-09-15 10:54,11388.5,11389.5,11386.75,11388.5,24.0
2020-09-15 10:55,11387.75,11390.5,11385.25,11389.25,57.0
2020-09-15 10:56,11390.0,11390.0,11387.25,11388.25,26.0
2020-09-15 10:57,11388.75,11389.75,11387.5,11388.25,12.0
2020-09-15 10:58,11388.25,11388.5,11386.25,11387.0,41.0
2020-09-15 10:59,11387.75,11388.0,11385.75,11387.75,46.0
2020-09-15 11:00,11387.5,11387.5,11384.25,11386.0,67.0
2020-09-15 11:01,11385.25,11390.25,11385.0,11389.0,84.0
2020-09-15 11:02,11389.5,11390.25,11386.75,11386.75,46.0
2020-09-15 11:03,11386.5,11386.75,11379.5,11380.25,110.0
2020-09-15 11:04,11381.25,11386.5,11380.5,11386.25,70.0
2020-09-15 11:05,11386.5,11387.5,11385.75,11387.25,38.0
2020-09-15 11:06,11387.5,11391.75,11387.5,11391.75,62.0
2020-09-15 11:07,11390.5,11393.25,11390.5,11392.75,66.0
2020-09-15 11:08,11392.0,11394.5,11391.0,11393.25,33.0
2020-09-15 11:09,11394.5,11396.0,11390.0,11390.0,51.0
2020-09-15 11:10,11389.5,11390.25,11388.25,11388.25,52.0
2020-09-15 11:11,11388.25,11388.75,11387.25,11388.0,56.0
2020-09-15 11:12,11387.75,11391.75,11387.5,11391.75,24.0
2020-09-15 11:13,11391.5,11391.75,11387.0,11387.75,53.0
2020-09-15 11:14,11388.0,11388.0,11384.25,11385.0,196.0
2020-09-15 11:15,11384.5,11387.5,11384.5,11385.25,67.0
2020-09-15 11:16,11385.0,11389.25,11385.0,11386.75,28.0
2020-09-15 11:17,11388.0,11393.0,11387.25,11391.5,55.0
2020-09-15 11:18,11390.5,11391.0,11387.25,11388.0,22.0
2020-09-15 11:19,11387.0,11393.0,11386.5,11391.25,75.0
2020-09-15 11:20,11391.0,11394.25,11391.0,11393.5,41.0
2020-09-15 11:21,11394.0,11397.25,11394.0,11395.0,80.0
2020-09-15 11:22,11395.75,11395.75,11394.0,11395.5,35.0
2020-09-15 11:23,11395.75,11395.75,11389.0,11389.0,42.0
2020-09-15 11:24,11389.25,11389.25,11385.75,11387.25,60.0
2020-09-15 11:25,11387.25,11390.0,11386.5,11388.5,62.0
2020-09-15 11:26,11389.0,11389.0,11383.25,11385.0,64.0
2020-09-15 11:27,11385.75,11387.25,11385.0,11386.75,29.0
2020-09-15 11:28,11386.75,11389.75,11386.75,11388.0,34.0
2020-09-15 11:29,11388.25,11396.5,11388.0,11395.0,111.0
2020-09-15 11:30,11395.0,11410.5,11392.75,11408.0,312.0
2020-09-15 11:31,11408.5,11412.75,11407.5,11412.25,158.0
2020-09-15 11:32,11412.5,11412.5,11409.5,11409.75,66.0
2020-09-15 11:33,11410.5,11411.25,11406.75,11409.0,80.0
2020-09-15 11:34,11409.25,11410.0,11406.0,11406.5,51.0
2020-09-15 11:35,11405.75,11407.75,11405.5,11406.75,42.0
2020-09-15 11:36,11407.5,11410.0,11404.5,11409.25,36.0
2020-09-15 11:37,11411.0,11413.0,11410.5,11411.0,60.0
2020-09-15 11:38,11410.75,11412.25,11410.5,11411.25,27.0
2020-09-15 11:39,11412.0,11412.5,11410.25,11411.75,22.0
2020-09-15 11:40,11412.0,11413.75,11408.5,11408.5,56.0
2020-09-15 11:41,11409.5,11409.5,11404.75,11406.75,98.0
2020-09-15 11:42,11406.75,11407.5,11404.0,11406.0,54.0
2020-09-15 11:43,11405.5,11405.5,11401.0,11402.75,54.0
2020-09-15 11:44,11402.5,11405.25,11400.75,11402.5,66.0
2020-09-15 11:45,11403.5,11406.0,11401.5,11405.25,41.0
2020-09-15 11:46,11405.5,11406.5,11403.75,11404.75,51.0
2020-09-15 11:47,11405.25,11406.75,11404.25,11406.0,36.0
2020-09-15 11:48,11405.5,11408.25,11405.5,11407.25,51.0
2020-09-15 11:49,11407.0,11407.0,11400.75,11401.0,39.0
2020-09-15 11:50,11401.25,11401.25,11398.25,11399.75,90.0
2020-09-15 11:51,11398.5,11400.0,11398.0,11399.75,27.0
2020-09-15 11:52,11400.0,11400.0,11397.5,11398.0,48.0
2020-09-15 11:53,11397.75,11400.5,11397.25,11400.0,34.0
2020-09-15 11:54,11400.25,11400.25,11398.75,11399.75,20.0
2020-09-15 11:55,11398.5,11399.0,11397.5,11397.5,18.0
2020-09-15 11:56,11399.0,11402.25,11399.0,11402.25,21.0
2020-09-15 11:57,11402.75,11403.75,11401.0,11401.25,25.0
2020-09-15 11:58,11400.5,11401.0,11395.0,11396.75,51.0
2020-09-15 11:59,11397.0,11399.75,11395.0,11398.5,70.0
2020-09-15 12:00,11397.75,11406.5,11397.75,11400.75,91.0
2020-09-15 12:01,11401.25,11401.75,11396.25,11397.0,89.0
2020-09-15 12:02,11397.25,11400.5,11396.5,11398.25,33.0
2020-09-15 12:03,11398.0,11402.0,11397.0,11401.0,43.0
2020-09-15 12:04,11400.75,11404.0,11400.25,11401.25,123.0
2020-09-15 12:05,11401.75,11401.75,11398.25,11398.5,33.0
2020-09-15 12:06,11398.75,11401.0,11398.0,11400.75,27.0
2020-09-15 12:07,11401.0,11405.0,11401.0,11403.0,48.0
2020-09-15 12:08,11404.25,11408.25,11403.0,11406.75,117.0
2020-09-15 12:09,11405.75,11407.75,11405.25,11405.25,47.0
2020-09-15 12:10,11405.75,11406.0,11401.25,11405.0,63.0
2020-09-15 12:11,11405.5,11410.25,11405.5,11409.25,64.0
2020-09-15 12:12,11410.0,11411.0,11409.25,11409.25,37.0
2020-09-15 12:13,11409.75,11410.5,11408.25,11409.0,65.0
2020-09-15 12:14,11410.0,11410.25,11408.5,11409.0,23.0
2020-09-15 12:15,11408.75,11411.25,11402.0,11403.0,123.0
2020-09-15 12:16,11402.0,11403.5,11400.25,11403.25,70.0
2020-09-15 12:17,11403.25,11403.75,11400.5,11402.5,76.0
2020-09-15 12:18,11402.25,11403.5,11401.5,11401.5,37.0
2020-09-15 12:19,11402.25,11403.75,11399.75,11403.75,57.0
2020-09-15 12:20,11404.0,11404.0,11400.25,11401.75,26.0
2020-09-15 12:21,11402.5,11405.25,11402.5,11405.0,37.0
2020-09-15 12:22,11404.5,11406.75,11402.5,11403.5,44.0
2020-09-15 12:23,11402.75,11403.25,11398.0,11400.0,68.0
2020-09-15 12:24,11399.25,11400.75,11399.25,11400.75,46.0
2020-09-15 12:25,11400.0,11401.5,11398.5,11401.0,34.0
2020-09-15 12:26,11400.75,11403.25,11400.75,11402.5,19.0
2020-09-15 12:27,11403.25,11405.75,11402.25,11404.25,69.0
2020-09-15 12:28,11403.75,11408.5,11403.75,11408.25,78.0
2020-09-15 12:29,11408.25,11408.5,11406.0,11407.0,50.0
2020-09-15 12:30,11407.25,11410.5,11405.5,11406.75,79.0
2020-09-15 12:31,11406.25,11408.75,11404.0,11407.25,77.0
2020-09-15 12:32,11408.25,11411.0,11405.25,11411.0,111.0
2020-09-15 12:33,11411.25,11416.5,11410.5,11414.25,319.0
2020-09-15 12:34,11414.5,11420.0,11413.0,11418.0,195.0
2020-09-15 12:35,11417.25,11418.0,11402.75,11406.75,491.0
2020-09-15 12:36,11406.75,11410.0,11404.75,11409.5,116.0
2020-09-15 12:37,11410.5,11414.75,11410.5,11413.0,113.0
2020-09-15 12:38,11413.0,11416.5,11413.0,11415.5,99.0
2020-09-15 12:39,11414.75,11419.25,11414.75,11417.75,96.0
2020-09-15 12:40,11418.25,11419.75,11417.0,11419.0,32.0
2020-09-15 12:41,11418.25,11421.5,11416.75,11420.5,119.0
2020-09-15 12:42,11420.25,11425.0,11420.0,11421.75,110.0
2020-09-15 12:43,11422.25,11426.0,11422.0,11424.75,85.0
2020-09-15 12:44,11423.75,11426.0,11423.5,11424.25,69.0
2020-09-15 12:45,11423.25,11425.0,11417.5,11421.5,399.0
2020-09-15 12:46,11421.25,11427.0,11419.75,11423.5,166.0
2020-09-15 12:47,11423.0,11423.0,11419.25,11419.75,95.0
2020-09-15 12:48,11419.5,11421.75,11416.25,11416.75,194.0
2020-09-15 12:49,11416.5,11418.5,11416.0,11418.25,99.0
2020-09-15 12:50,11417.25,11418.25,11414.25,11415.25,99.0
2020-09-15 12:51,11414.75,11417.25,11414.5,11415.5,111.0
2020-09-15 12:52,11416.25,11418.0,11415.5,11418.0,100.0
2020-09-15 12:53,11417.5,11419.25,11417.0,11418.75,67.0
2020-09-15 12:54,11418.5,11419.75,11417.25,11418.25,73.0
2020-09-15 12:55,11418.0,11422.25,11418.0,11421.0,82.0
2020-09-15 12:56,11421.5,11421.75,11411.0,11412.25,315.0
2020-09-15 12:57,11412.75,11413.25,11406.0,11406.0,254.0
2020-09-15 12:58,11407.5,11412.0,11407.25,11412.0,55.0
2020-09-15 12:59,11412.25,11415.25,11410.5,11415.25,48.0
2020-09-15 13:00,11414.0,11419.25,11412.5,11418.0,107.0
2020-09-15 13:01,11418.75,11418.75,11415.0,11416.5,32.0
2020-09-15 13:02,11415.75,11416.25,11413.25,11415.75,45.0
2020-09-15 13:03,11415.5,11422.75,11415.5,11421.25,88.0
2020-09-15 13:04,11422.0,11423.25,11421.0,11422.75,64.0
2020-09-15 13:05,11422.5,11425.0,11419.75,11422.75,105.0
2020-09-15 13:06,11422.5,11425.5,11422.0,11424.25,66.0
2020-09-15 13:07,11423.75,11430.0,11423.5,11429.25,166.0
2020-09-15 13:08,11428.5,11430.5,11423.5,11424.5,122.0
2020-09-15 13:09,11425.0,11426.75,11423.25,11423.25,32.0
2020-09-15 13:10,11424.0,11424.5,11420.0,11421.5,85.0
2020-09-15 13:11,11421.5,11425.5,11420.75,11424.75,48.0
2020-09-15 13:12,11425.25,11427.5,11423.5,11424.5,73.0
2020-09-15 13:13,11423.75,11425.75,11422.75,11425.75,55.0
2020-09-15 13:14,11425.25,11426.75,11423.0,11423.25,58.0
2020-09-15 13:15,11424.5,11425.5,11420.5,11423.5,59.0
2020-09-15 13:16,11424.75,11428.25,11424.5,11428.25,82.0
2020-09-15 13:17,11428.25,11429.0,11426.75,11428.75,71.0
2020-09-15 13:18,11428.75,11430.0,11427.5,11428.5,63.0
2020-09-15 13:19,11427.0,11431.75,11427.0,11431.5,75.0
2020-09-15 13:20,11431.5,11434.75,11430.25,11434.5,201.0
2020-09-15 13:21,11434.25,11436.75,11427.75,11428.5,245.0
2020-09-15 13:22,11428.75,11431.5,11427.0,11429.75,96.0
2020-09-15 13:23,11431.0,11432.0,11429.25,11429.5,65.0
2020-09-15 13:24,11429.25,11430.0,11425.25,11426.75,86.0
2020-09-15 13:25,11427.25,11428.5,11424.5,11426.75,90.0
2020-09-15 13:26,11426.25,11426.25,11422.5,11424.5,116.0
2020-09-15 13:27,11423.75,11426.0,11422.75,11424.25,209.0
2020-09-15 13:28,11424.75,11431.5,11424.75,11429.5,170.0
2020-09-15 13:29,11429.75,11433.5,11429.25,11431.5,200.0
2020-09-15 13:30,11431.75,11438.75,11414.75,11418.75,751.0
2020-09-15 13:31,11419.0,11432.25,11414.5,11423.25,438.0
2020-09-15 13:32,11423.25,11436.5,11417.0,11429.0,457.0
2020-09-15 13:33,11429.5,11430.75,11416.0,11426.0,323.0
2020-09-15 13:34,11426.75,11429.75,11415.75,11422.25,343.0
2020-09-15 13:35,11423.25,11427.25,11415.75,11420.75,518.0
2020-09-15 13:36,11422.0,11441.25,11421.5,11433.0,718.0
2020-09-15 13:37,11432.75,11448.5,11432.0,11443.75,557.0
2020-09-15 13:38,11444.75,11449.5,11433.75,11435.5,417.0
2020-09-15 13:39,11435.0,11453.5,11434.75,11451.25,384.0
2020-09-15 13:40,11451.5,11458.5,11447.5,11455.0,599.0
2020-09-15 13:41,11456.25,11461.5,11449.75,11454.5,461.0
2020-09-15 13:42,11454.5,11455.25,11446.0,11448.0,321.0
2020-09-15 13:43,11448.5,11462.5,11447.5,11459.25,309.0
2020-09-15 13:44,11459.25,11460.0,11444.0,11445.0,318.0
2020-09-15 13:45,11444.75,11448.75,11436.0,11440.5,425.0
2020-09-15 13:46,11440.0,11449.0,11439.25,11443.5,351.0
2020-09-15 13:47,11444.25,11453.75,11443.75,11450.75,303.0
2020-09-15 13:48,11450.5,11462.0,11450.5,11459.25,501.0
2020-09-15 13:49,11458.75,11463.25,11451.0,11453.0,538.0
2020-09-15 13:50,11453.5,11467.5,11449.75,11450.5,543.0
2020-09-15 13:51,11450.25,11457.0,11446.0,11449.5,345.0
2020-09-15 13:52,11450.0,11460.5,11450.0,11454.75,260.0
2020-09-15 13:53,11455.75,11464.5,11455.5,11462.0,307.0
2020-09-15 13:54,11462.75,11472.5,11462.75,11470.25,427.0
2020-09-15 13:55,11470.25,11476.75,11468.25,11474.25,446.0
2020-09-15 13:56,11473.75,11476.75,11468.5,11472.75,276.0
2020-09-15 13:57,11474.25,11474.25,11466.25,11468.0,212.0
2020-09-15 13:58,11471.25,11476.5,11470.5,11472.5,214.0
2020-09-15 13:59,11472.0,11482.5,11472.0,11481.75,323.0
2020-09-15 14:00,11481.25,11485.75,11474.75,11479.0,462.0
2020-09-15 14:01,11479.25,11485.75,11476.75,11482.75,230.0
2020-09-15 14:02,11482.75,11485.25,11479.0,11480.5,195.0
2020-09-15 14:03,11480.5,11483.0,11475.75,11477.25,198.0
2020-09-15 14:04,11476.25,11482.0,11470.25,11471.75,257.0
2020-09-15 14:05,11470.25,11474.5,11462.75,11462.75,372.0
2020-09-15 14:06,11462.5,11462.5,11453.75,11460.5,572.0
2020-09-15 14:07,11460.5,11467.0,11458.75,11463.5,257.0
2020-09-15 14:08,11464.75,11465.75,11455.0,11459.0,182.0
2020-09-15 14:09,11458.5,11468.0,11456.25,11466.75,288.0
2020-09-15 14:10,11467.25,11477.5,11465.0,11466.75,256.0
2020-09-15 14:11,11466.75,11473.25,11466.75,11469.25,170.0
2020-09-15 14:12,11469.5,11472.75,11451.25,11455.75,339.0
2020-09-15 14:13,11455.75,11459.75,11446.5,11449.75,342.0
2020-09-15 14:14,11449.75,11452.75,11441.0,11446.5,411.0
2020-09-15 14:15,11446.5,11451.75,11431.5,11433.0,645.0
2020-09-15 14:16,11433.5,11440.0,11433.5,11436.75,284.0
2020-09-15 14:17,11437.75,11441.25,11435.0,11439.75,256.0
2020-09-15 14:18,11439.75,11444.25,11437.25,11438.75,390.0
2020-09-15 14:19,11438.25,11438.25,11426.0,11428.25,448.0
2020-09-15 14:20,11428.0,11436.25,11425.0,11433.0,369.0
2020-09-15 14:21,11431.5,11433.25,11423.5,11426.25,391.0
2020-09-15 14:22,11425.0,11427.5,11418.0,11426.5,323.0
2020-09-15 14:23,11426.5,11437.75,11424.5,11429.75,404.0
2020-09-15 14:24,11429.75,11429.75,11409.5,11412.5,629.0
2020-09-15 14:25,11410.75,11421.0,11410.0,11418.0,301.0
2020-09-15 14:26,11417.5,11428.0,11412.0,11424.5,305.0
2020-09-15 14:27,11424.5,11433.5,11423.25,11432.0,380.0
2020-09-15 14:28,11432.0,11434.0,11425.25,11432.25,199.0
2020-09-15 14:29,11431.75,11439.5,11430.5,11436.25,284.0
2020-09-15 14:30,11436.25,11440.75,11429.0,11434.0,232.0
2020-09-15 14:31,11434.5,11442.75,11433.75,11442.75,149.0
2020-09-15 14:32,11442.75,11442.75,11431.25,11435.75,219.0
2020-09-15 14:33,11433.75,11437.0,11423.0,11428.5,343.0
2020-09-15 14:34,11428.75,11436.0,11423.75,11435.5,228.0
2020-09-15 14:35,11435.25,11450.5,11435.25,11449.5,543.0
2020-09-15 14:36,11448.25,11448.75,11439.0,11440.25,421.0
2020-09-15 14:37,11441.25,11444.5,11439.5,11441.0,183.0
2020-09-15 14:38,11441.75,11442.5,11426.25,11430.75,318.0
2020-09-15 14:39,11429.5,11431.0,11412.5,11418.75,633.0
2020-09-15 14:40,11418.75,11418.75,11398.0,11401.5,754.0
2020-09-15 14:41,11402.5,11407.75,11396.75,11401.25,422.0
2020-09-15 14:42,11401.5,11407.25,11398.75,11405.25,456.0
2020-09-15 14:43,11405.0,11406.0,11389.5,11391.0,649.0
2020-09-15 14:44,11391.0,11391.5,11382.0,11387.25,571.0
2020-09-15 14:45,11390.0,11397.25,11385.5,11393.75,425.0
2020-09-15 14:46,11393.25,11405.0,11389.0,11405.0,295.0
2020-09-15 14:47,11405.25,11407.5,11399.0,11407.25,258.0
2020-09-15 14:48,11407.0,11409.75,11402.25,11407.75,163.0
2020-09-15 14:49,11407.5,11409.75,11401.0,11408.5,238.0
2020-09-15 14:50,11408.75,11417.5,11403.25,11414.5,604.0
2020-09-15 14:51,11414.75,11415.75,11407.25,11411.5,387.0
2020-09-15 14:52,11410.5,11410.5,11398.0,11407.25,299.0
2020-09-15 14:53,11407.5,11420.75,11406.0,11419.75,336.0
2020-09-15 14:54,11420.75,11424.75,11417.5,11422.25,313.0
2020-09-15 14:55,11422.0,11427.75,11419.75,11423.5,302.0
2020-09-15 14:56,11423.0,11426.0,11418.25,11418.75,275.0
2020-09-15 14:57,11418.0,11421.75,11415.5,11420.25,317.0
2020-09-15 14:58,11421.5,11425.5,11418.75,11423.25,257.0
2020-09-15 14:59,11422.25,11433.75,11422.25,11432.0,351.0
2020-09-15 15:00,11432.25,11435.0,11428.0,11429.0,408.0
2020-09-15 15:01,11428.75,11432.75,11425.25,11428.75,263.0
2020-09-15 15:02,11429.0,11439.25,11426.75,11437.5,330.0
2020-09-15 15:03,11437.75,11448.75,11434.25,11445.0,371.0
2020-09-15 15:04,11444.0,11451.0,11442.0,11449.5,291.0
2020-09-15 15:05,11449.25,11455.5,11445.0,11453.5,457.0
2020-09-15 15:06,11454.25,11457.75,11451.0,11452.5,248.0
2020-09-15 15:07,11452.25,11457.0,11449.25,11451.25,305.0
2020-09-15 15:08,11452.25,11456.25,11449.0,11451.0,179.0
2020-09-15 15:09,11451.5,11457.5,11450.25,11457.5,215.0
2020-09-15 15:10,11457.5,11463.25,11457.5,11461.25,545.0
2020-09-15 15:11,11460.0,11460.5,11450.5,11452.5,254.0
2020-09-15 15:12,11453.5,11457.0,11450.5,11453.5,168.0
2020-09-15 15:13,11454.0,11463.25,11453.75,11455.5,236.0
2020-09-15 15:14,11456.0,11457.75,11451.75,11453.0,124.0
2020-09-15 15:15,11451.75,11457.75,11448.0,11449.75,215.0
2020-09-15 15:16,11450.25,11452.0,11440.25,11443.75,386.0
2020-09-15 15:17,11443.75,11446.0,11441.5,11443.75,153.0
2020-09-15 15:18,11443.75,11445.0,11439.25,11443.25,166.0
2020-09-15 15:19,11443.5,11451.25,11442.5,11449.25,189.0
2020-09-15 15:20,11448.75,11452.5,11446.0,11449.25,268.0
2020-09-15 15:21,11449.25,11449.25,11442.0,11442.5,208.0
2020-09-15 15:22,11442.0,11447.0,11440.5,11447.0,144.0
2020-09-15 15:23,11447.25,11450.75,11446.5,11450.5,86.0
2020-09-15 15:24,11450.25,11450.5,11442.25,11445.0,103.0
2020-09-15 15:25,11443.25,11446.5,11435.5,11443.25,354.0
2020-09-15 15:26,11443.0,11447.75,11437.25,11441.0,277.0
2020-09-15 15:27,11440.75,11447.5,11438.75,11446.5,104.0
2020-09-15 15:28,11447.0,11454.5,11446.5,11454.0,179.0
2020-09-15 15:29,11453.25,11457.0,11452.0,11452.75,108.0
2020-09-15 15:30,11453.0,11459.0,11452.0,11454.25,196.0
2020-09-15 15:31,11455.5,11467.0,11453.75,11465.25,271.0
2020-09-15 15:32,11465.25,11472.25,11463.5,11470.75,400.0
2020-09-15 15:33,11471.25,11473.25,11468.0,11470.5,168.0
2020-09-15 15:34,11470.75,11470.75,11465.5,11468.25,158.0
2020-09-15 15:35,11467.25,11473.0,11464.0,11466.5,183.0
2020-09-15 15:36,11467.5,11470.0,11463.0,11465.25,181.0
2020-09-15 15:37,11465.0,11470.0,11461.5,11462.75,201.0
2020-09-15 15:38,11462.25,11464.25,11459.75,11463.25,207.0
2020-09-15 15:39,11463.5,11470.5,11463.5,11470.5,273.0
2020-09-15 15:40,11470.25,11472.5,11466.5,11468.25,240.0
2020-09-15 15:41,11468.25,11469.75,11465.0,11467.75,129.0
2020-09-15 15:42,11467.5,11470.5,11462.5,11467.0,203.0
2020-09-15 15:43,11467.0,11469.75,11465.25,11467.5,188.0
2020-09-15 15:44,11468.25,11469.0,11459.25,11459.75,231.0
2020-09-15 15:45,11460.25,11461.75,11451.0,11454.5,358.0
2020-09-15 15:46,11453.5,11460.25,11451.0,11455.75,262.0
2020-09-15 15:47,11456.5,11461.5,11455.75,11458.5,124.0
2020-09-15 15:48,11459.0,11460.0,11456.0,11460.0,81.0
2020-09-15 15:49,11460.75,11465.0,11455.75,11457.0,181.0
2020-09-15 15:50,11456.5,11459.75,11442.0,11447.25,460.0
2020-09-15 15:51,11446.25,11447.25,11441.25,11443.0,265.0
2020-09-15 15:52,11442.75,11448.5,11439.5,11441.25,312.0
2020-09-15 15:53,11441.25,11447.0,11437.5,11437.5,234.0
2020-09-15 15:54,11437.25,11446.0,11437.25,11443.0,234.0
2020-09-15 15:55,11444.0,11454.75,11443.5,11451.25,332.0
2020-09-15 15:56,11452.25,11460.0,11452.25,11457.0,193.0
2020-09-15 15:57,11456.25,11456.75,11446.25,11450.75,264.0
2020-09-15 15:58,11450.5,11454.75,11447.5,11454.0,157.0
2020-09-15 15:59,11454.5,11457.25,11453.75,11457.25,117.0
2020-09-15 16:00,11456.5,11465.0,11455.0,11465.0,162.0
2020-09-15 16:01,11465.0,11469.5,11462.25,11467.0,201.0
2020-09-15 16:02,11466.5,11468.0,11463.75,11466.75,60.0
2020-09-15 16:03,11467.0,11476.0,11464.0,11475.25,357.0
2020-09-15 16:04,11475.25,11480.25,11474.0,11474.75,465.0
2020-09-15 16:05,11474.75,11480.25,11474.25,11478.0,253.0
2020-09-15 16:06,11477.75,11480.0,11474.25,11478.0,216.0
2020-09-15 16:07,11478.25,11480.0,11476.0,11477.25,96.0
2020-09-15 16:08,11476.75,11476.75,11468.0,11468.5,290.0
2020-09-15 16:09,11469.0,11471.5,11463.25,11469.0,183.0
2020-09-15 16:10,11468.5,11470.75,11462.5,11468.25,146.0
2020-09-15 16:11,11468.5,11472.0,11462.5,11464.0,201.0
2020-09-15 16:12,11464.5,11465.0,11458.5,11461.75,190.0
2020-09-15 16:13,11463.5,11466.25,11462.0,11463.5,168.0
2020-09-15 16:14,11463.25,11470.0,11461.25,11468.5,114.0
2020-09-15 16:15,11468.75,11472.25,11467.0,11469.75,103.0
2020-09-15 16:16,11470.0,11471.0,11467.0,11470.0,119.0
2020-09-15 16:17,11470.5,11471.5,11466.0,11466.75,56.0
2020-09-15 16:18,11466.75,11470.75,11465.5,11469.75,65.0
2020-09-15 16:19,11468.5,11474.25,11467.75,11473.5,89.0
2020-09-15 16:20,11473.25,11477.75,11470.5,11471.25,85.0
2020-09-15 16:21,11470.75,11470.75,11467.0,11469.25,45.0
2020-09-15 16:22,11468.5,11470.5,11463.0,11468.25,241.0
2020-09-15 16:23,11468.0,11472.75,11464.5,11472.75,93.0
2020-09-15 16:24,11472.0,11472.5,11465.25,11466.0,157.0
2020-09-15 16:25,11464.5,11464.5,11456.0,11461.0,249.0
2020-09-15 16:26,11461.25,11473.25,11461.25,11472.75,240.0
2020-09-15 16:27,11472.5,11476.5,11470.5,11471.25,153.0
2020-09-15 16:28,11472.5,11475.75,11470.5,11473.75,124.0
2020-09-15 16:29,11473.75,11476.5,11470.25,11472.0,136.0
2020-09-15 16:30,11473.25,11477.75,11471.75,11476.5,135.0
2020-09-15 16:31,11476.75,11479.25,11475.5,11476.75,121.0
2020-09-15 16:32,11476.5,11476.75,11471.5,11472.75,232.0
2020-09-15 16:33,11473.75,11474.0,11467.0,11468.5,127.0
2020-09-15 16:34,11468.75,11469.5,11465.5,11466.5,77.0
2020-09-15 16:35,11468.0,11473.75,11468.0,11468.0,135.0
2020-09-15 16:36,11468.0,11469.5,11466.0,11469.25,80.0
2020-09-15 16:37,11468.75,11468.75,11461.75,11465.75,82.0
2020-09-15 16:38,11466.75,11469.75,11465.5,11468.5,74.0
2020-09-15 16:39,11468.25,11470.5,11465.75,11470.5,39.0
2020-09-15 16:40,11470.25,11475.0,11470.0,11474.75,151.0
2020-09-15 16:41,11475.25,11478.5,11474.25,11476.0,84.0
2020-09-15 16:42,11477.0,11481.75,11476.25,11477.5,165.0
2020-09-15 16:43,11477.25,11483.25,11477.25,11482.0,105.0
2020-09-15 16:44,11483.25,11488.5,11483.25,11484.75,246.0
2020-09-15 16:45,11485.0,11486.0,11481.75,11482.75,123.0
2020-09-15 16:46,11483.25,11486.0,11482.5,11483.0,108.0
2020-09-15 16:47,11483.0,11483.75,11477.0,11477.5,164.0
2020-09-15 16:48,11478.75,11482.0,11477.25,11481.25,97.0
2020-09-15 16:49,11480.75,11480.75,11476.25,11476.5,87.0
2020-09-15 16:50,11476.5,11477.0,11472.75,11476.25,144.0
2020-09-15 16:51,11476.5,11481.25,11476.5,11477.5,100.0
2020-09-15 16:52,11479.0,11481.0,11478.5,11479.75,60.0
2020-09-15 16:53,11479.75,11483.5,11479.25,11482.5,106.0
2020-09-15 16:54,11481.75,11485.75,11480.5,11485.0,143.0
2020-09-15 16:55,11485.5,11489.5,11482.25,11487.75,158.0
2020-09-15 16:56,11488.5,11489.75,11484.0,11484.5,167.0
2020-09-15 16:57,11484.0,11484.0,11477.75,11481.5,122.0
2020-09-15 16:58,11481.5,11487.0,11480.5,11486.75,95.0
2020-09-15 16:59,11485.5,11486.0,11483.75,11485.0,50.0
2020-09-15 17:00,11485.5,11491.0,11484.75,11489.75,183.0
2020-09-15 17:01,11490.5,11495.5,11489.0,11491.5,368.0
2020-09-15 17:02,11491.75,11495.25,11491.25,11494.0,92.0
2020-09-15 17:03,11493.0,11493.0,11487.0,11487.0,114.0
2020-09-15 17:04,11487.5,11487.5,11469.25,11473.25,300.0
2020-09-15 17:05,11473.75,11477.5,11470.5,11475.0,145.0
2020-09-15 17:06,11474.5,11481.0,11473.0,11473.0,144.0
2020-09-15 17:07,11474.5,11481.25,11473.75,11480.25,85.0
2020-09-15 17:08,11481.0,11488.25,11479.0,11484.5,101.0
2020-09-15 17:09,11486.25,11487.0,11481.5,11483.0,55.0
2020-09-15 17:10,11482.5,11491.75,11482.25,11486.25,106.0
2020-09-15 17:11,11486.25,11490.25,11485.5,11489.25,64.0
2020-09-15 17:12,11489.5,11493.0,11487.0,11488.0,79.0
2020-09-15 17:13,11488.5,11490.25,11487.0,11487.75,64.0
2020-09-15 17:14,11487.75,11488.75,11481.0,11482.5,118.0
2020-09-15 17:15,11483.75,11489.0,11483.0,11483.5,91.0
2020-09-15 17:16,11483.5,11488.5,11480.75,11488.5,69.0
2020-09-15 17:17,11487.75,11491.75,11487.25,11489.75,99.0
2020-09-15 17:18,11489.75,11489.75,11482.0,11482.75,199.0
2020-09-15 17:19,11484.75,11489.25,11483.75,11484.75,86.0
2020-09-15 17:20,11484.75,11488.0,11476.75,11477.5,239.0
2020-09-15 17:21,11477.75,11478.75,11469.25,11474.75,252.0
2020-09-15 17:22,11475.0,11475.5,11465.75,11470.25,225.0
2020-09-15 17:23,11469.5,11475.75,11469.5,11475.0,116.0
2020-09-15 17:24,11475.25,11479.5,11475.0,11478.75,127.0
2020-09-15 17:25,11477.5,11478.0,11471.0,11478.0,134.0
2020-09-15 17:26,11477.5,11477.75,11471.5,11471.5,42.0
2020-09-15 17:27,11473.25,11475.75,11471.0,11474.75,60.0
2020-09-15 17:28,11476.0,11482.0,11475.75,11477.75,163.0
2020-09-15 17:29,11476.75,11477.5,11472.75,11475.75,100.0
2020-09-15 17:30,11475.5,11478.25,11470.0,11471.0,113.0
2020-09-15 17:31,11471.25,11475.75,11471.0,11474.5,132.0
2020-09-15 17:32,11473.75,11476.0,11465.75,11468.75,135.0
2020-09-15 17:33,11468.75,11473.75,11468.75,11471.75,84.0
2020-09-15 17:34,11471.25,11479.0,11470.75,11479.0,124.0
2020-09-15 17:35,11479.0,11479.5,11473.25,11477.25,60.0
2020-09-15 17:36,11475.75,11482.25,11475.75,11481.5,82.0
2020-09-15 17:37,11480.75,11483.75,11477.5,11481.0,147.0
2020-09-15 17:38,11480.75,11484.75,11478.75,11484.5,68.0
2020-09-15 17:39,11484.5,11485.0,11478.0,11479.0,97.0
2020-09-15 17:40,11478.5,11481.75,11473.0,11477.5,132.0
2020-09-15 17:41,11476.5,11483.25,11476.5,11481.25,56.0
2020-09-15 17:42,11482.0,11483.0,11480.5,11482.0,41.0
2020-09-15 17:43,11482.25,11484.0,11480.5,11480.75,67.0
2020-09-15 17:44,11481.0,11483.0,11479.5,11480.0,104.0
2020-09-15 17:45,11481.0,11482.0,11473.0,11476.0,125.0
2020-09-15 17:46,11477.0,11482.0,11476.5,11480.75,77.0
2020-09-15 17:47,11481.0,11482.0,11478.0,11480.25,101.0
2020-09-15 17:48,11480.5,11484.25,11477.75,11479.5,151.0
2020-09-15 17:49,11480.0,11482.75,11476.75,11481.5,85.0
2020-09-15 17:50,11481.25,11482.0,11477.75,11480.25,74.0
2020-09-15 17:51,11481.0,11482.5,11477.5,11478.0,71.0
2020-09-15 17:52,11478.5,11479.75,11475.0,11476.75,91.0
2020-09-15 17:53,11475.5,11481.0,11475.25,11479.5,76.0
2020-09-15 17:54,11479.75,11481.75,11476.75,11478.25,51.0
2020-09-15 17:55,11480.25,11480.25,11475.5,11479.25,52.0
2020-09-15 17:56,11479.75,11483.25,11479.75,11482.25,139.0
2020-09-15 17:57,11482.25,11482.25,11473.25,11476.0,182.0
2020-09-15 17:58,11474.75,11474.75,11464.0,11464.75,274.0
2020-09-15 17:59,11466.75,11469.75,11463.25,11465.5,126.0
2020-09-15 18:00,11466.5,11470.5,11462.0,11465.25,319.0
2020-09-15 18:01,11465.0,11466.75,11459.5,11465.25,249.0
2020-09-15 18:02,11465.0,11465.5,11447.25,11448.25,305.0
2020-09-15 18:03,11448.25,11453.0,11441.0,11443.0,348.0
2020-09-15 18:04,11443.5,11447.5,11442.5,11446.0,263.0
2020-09-15 18:05,11447.25,11452.0,11446.0,11449.0,219.0
2020-09-15 18:06,11449.0,11450.0,11438.0,11438.25,147.0
2020-09-15 18:07,11437.75,11442.0,11433.25,11435.75,353.0
2020-09-15 18:08,11435.5,11435.5,11421.5,11422.5,441.0
2020-09-15 18:09,11422.5,11427.0,11419.25,11425.5,318.0
2020-09-15 18:10,11426.0,11435.0,11425.75,11433.5,265.0
2020-09-15 18:11,11432.0,11435.5,11427.75,11434.75,183.0
2020-09-15 18:12,11432.75,11439.75,11428.5,11439.5,365.0
2020-09-15 18:13,11439.25,11441.5,11434.0,11440.25,167.0
2020-09-15 18:14,11440.25,11443.75,11437.25,11443.5,191.0
2020-09-15 18:15,11443.5,11444.0,11437.0,11443.5,230.0
2020-09-15 18:16,11443.5,11445.0,11438.0,11440.25,163.0
2020-09-15 18:17,11440.5,11443.5,11435.75,11441.25,124.0
2020-09-15 18:18,11442.0,11443.5,11436.0,11436.0,90.0
2020-09-15 18:19,11436.75,11442.5,11434.75,11437.0,99.0
2020-09-15 18:20,11436.5,11445.75,11436.5,11441.25,155.0
2020-09-15 18:21,11441.0,11442.0,11437.0,11441.75,146.0
2020-09-15 18:22,11439.5,11440.5,11427.5,11435.75,291.0
2020-09-15 18:23,11436.0,11446.25,11436.0,11445.0,225.0
2020-09-15 18:24,11445.0,11447.0,11441.75,11445.5,149.0
2020-09-15 18:25,11444.75,11445.75,11435.25,11435.5,205.0
2020-09-15 18:26,11435.0,11438.0,11426.0,11435.75,285.0
2020-09-15 18:27,11435.75,11446.25,11435.75,11442.75,196.0
2020-09-15 18:28,11442.5,11445.5,11439.25,11443.0,150.0
2020-09-15 18:29,11442.25,11443.0,11436.5,11442.25,115.0
2020-09-15 18:30,11442.0,11443.0,11436.25,11437.0,118.0
2020-09-15 18:31,11436.5,11439.5,11432.0,11436.25,118.0
2020-09-15 18:32,11432.5,11433.0,11417.5,11421.5,322.0
2020-09-15 18:33,11420.75,11431.25,11420.0,11431.0,187.0
2020-09-15 18:34,11431.25,11431.75,11424.75,11428.0,87.0
2020-09-15 18:35,11429.0,11441.5,11428.0,11440.0,197.0
2020-09-15 18:36,11439.75,11443.75,11438.75,11442.0,113.0
2020-09-15 18:37,11441.5,11443.5,11436.75,11443.0,80.0
2020-09-15 18:38,11442.25,11442.25,11435.75,11436.0,72.0
2020-09-15 18:39,11435.25,11442.25,11433.0,11440.75,135.0
2020-09-15 18:40,11440.0,11445.75,11440.0,11444.75,235.0
2020-09-15 18:41,11443.75,11449.75,11441.25,11449.25,289.0
2020-09-15 18:42,11448.5,11456.0,11447.75,11454.0,418.0
2020-09-15 18:43,11454.0,11454.0,11450.0,11452.5,68.0
2020-09-15 18:44,11452.5,11452.5,11448.0,11450.25,104.0
2020-09-15 18:45,11449.75,11455.0,11447.25,11453.5,183.0
2020-09-15 18:46,11453.0,11455.0,11451.25,11454.0,132.0
2020-09-15 18:47,11453.75,11455.0,11448.5,11453.25,128.0
2020-09-15 18:48,11453.75,11455.5,11448.5,11452.75,132.0
2020-09-15 18:49,11453.5,11457.5,11453.0,11456.25,118.0
2020-09-15 18:50,11455.75,11458.5,11453.25,11456.0,111.0
2020-09-15 18:51,11456.0,11460.0,11454.25,11457.0,118.0
2020-09-15 18:52,11456.5,11462.25,11456.25,11458.25,142.0
2020-09-15 18:53,11458.5,11463.5,11458.25,11461.25,76.0
2020-09-15 18:54,11460.5,11463.0,11458.75,11462.25,77.0
2020-09-15 18:55,11462.25,11463.25,11455.0,11455.75,139.0
2020-09-15 18:56,11455.25,11461.75,11454.5,11460.5,98.0
2020-09-15 18:57,11459.5,11459.75,11450.0,11451.5,147.0
2020-09-15 18:58,11451.75,11455.25,11446.0,11449.0,310.0
2020-09-15 18:59,11450.0,11455.5,11450.0,11454.75,97.0
2020-09-15 19:00,11455.25,11456.5,11447.0,11447.75,123.0
2020-09-15 19:01,11448.25,11452.0,11443.75,11447.25,136.0
2020-09-15 19:02,11447.0,11447.0,11437.0,11437.75,252.0
2020-09-15 19:03,11437.5,11442.75,11434.25,11442.75,180.0
2020-09-15 19:04,11442.75,11445.5,11430.5,11431.0,204.0
2020-09-15 19:05,11431.5,11432.0,11410.0,11410.0,516.0
2020-09-15 19:06,11410.0,11416.25,11402.0,11403.75,316.0
2020-09-15 19:07,11404.25,11407.5,11398.25,11400.5,358.0
2020-09-15 19:08,11399.25,11414.25,11392.0,11405.0,699.0
2020-09-15 19:09,11405.75,11408.75,11401.75,11407.75,190.0
2020-09-15 19:10,11405.0,11408.5,11397.75,11406.0,313.0
2020-09-15 19:11,11406.75,11408.0,11399.0,11403.75,171.0
2020-09-15 19:12,11404.5,11414.75,11404.0,11411.75,342.0
2020-09-15 19:13,11411.0,11411.25,11402.75,11404.5,323.0
2020-09-15 19:14,11405.5,11410.0,11399.0,11399.75,216.0
2020-09-15 19:15,11399.5,11408.25,11397.5,11401.5,239.0
2020-09-15 19:16,11401.5,11412.25,11401.25,11409.5,221.0
2020-09-15 19:17,11410.0,11415.25,11406.5,11412.25,211.0
2020-09-15 19:18,11412.25,11414.75,11404.5,11407.75,166.0
2020-09-15 19:19,11407.0,11409.75,11402.25,11409.25,203.0
2020-09-15 19:20,11408.25,11411.5,11401.0,11406.5,178.0
2020-09-15 19:21,11406.5,11408.5,11396.0,11404.75,239.0
2020-09-15 19:22,11402.25,11410.5,11401.75,11401.75,250.0
2020-09-15 19:23,11401.5,11405.75,11394.5,11395.0,236.0
2020-09-15 19:24,11394.25,11404.25,11392.0,11404.25,193.0
2020-09-15 19:25,11404.5,11411.0,11399.0,11409.5,445.0
2020-09-15 19:26,11409.25,11418.0,11408.25,11417.5,397.0
2020-09-15 19:27,11417.25,11418.75,11412.25,11416.75,359.0
2020-09-15 19:28,11417.0,11426.25,11416.75,11423.25,520.0
2020-09-15 19:29,11423.25,11426.75,11422.5,11423.5,181.0
2020-09-15 19:30,11423.25,11429.0,11410.0,11412.5,344.0
2020-09-15 19:31,11412.75,11416.75,11409.5,11410.0,167.0
2020-09-15 19:32,11409.5,11411.0,11397.25,11399.0,322.0
2020-09-15 19:33,11399.25,11404.5,11384.0,11385.5,549.0
2020-09-15 19:34,11387.0,11390.25,11380.0,11388.75,357.0
2020-09-15 19:35,11388.75,11400.25,11383.5,11398.25,329.0
2020-09-15 19:36,11400.0,11400.0,11390.75,11391.25,180.0
2020-09-15 19:37,11390.0,11390.5,11366.75,11368.25,584.0
2020-09-15 19:38,11367.75,11376.0,11367.75,11371.25,411.0
2020-09-15 19:39,11372.25,11380.75,11371.0,11378.5,394.0
2020-09-15 19:40,11378.0,11378.5,11364.25,11367.75,451.0
2020-09-15 19:41,11368.0,11379.75,11367.0,11379.75,402.0
2020-09-15 19:42,11379.5,11392.25,11377.5,11387.5,545.0
2020-09-15 19:43,11386.5,11392.75,11385.25,11388.75,297.0
2020-09-15 19:44,11387.25,11389.75,11379.5,11380.5,262.0
2020-09-15 19:45,11380.75,11393.0,11373.5,11391.75,320.0
2020-09-15 19:46,11392.75,11400.75,11391.75,11400.0,403.0
2020-09-15 19:47,11400.0,11401.5,11394.0,11397.25,281.0
2020-09-15 19:48,11394.75,11398.5,11391.5,11395.75,305.0
2020-09-15 19:49,11394.5,11406.0,11394.0,11405.25,422.0
2020-09-15 19:50,11404.75,11404.75,11394.0,11400.0,396.0
2020-09-15 19:51,11400.5,11406.0,11399.5,11406.0,232.0
2020-09-15 19:52,11406.25,11416.25,11406.0,11414.25,356.0
2020-09-15 19:53,11414.5,11425.5,11414.5,11423.5,393.0
2020-09-15 19:54,11423.5,11438.0,11420.0,11433.75,673.0
2020-09-15 19:55,11433.75,11435.25,11428.75,11432.5,454.0
2020-09-15 19:56,11432.75,11438.5,11429.0,11432.0,378.0
2020-09-15 19:57,11432.5,11437.0,11429.25,11434.5,338.0
2020-09-15 19:58,11434.5,11441.0,11430.75,11440.0,403.0
2020-09-15 19:59,11440.5,11444.5,11435.25,11438.25,955.0
2020-09-15 20:00,11437.75,11453.25,11436.5,11452.5,492.0
2020-09-15 20:01,11453.25,11461.0,11452.5,11461.0,205.0
2020-09-15 20:02,11460.75,11462.75,11456.25,11461.75,316.0
2020-09-15 20:03,11461.5,11462.75,11458.25,11460.75,122.0
2020-09-15 20:04,11461.0,11462.75,11460.0,11461.25,147.0
2020-09-15 20:05,11460.25,11460.75,11459.0,11459.75,88.0
2020-09-15 20:06,11460.25,11472.25,11459.0,11472.0,202.0
2020-09-15 20:07,11471.25,11472.25,11468.0,11470.25,155.0
2020-09-15 20:08,11471.25,11474.5,11470.0,11473.0,84.0
2020-09-15 20:09,11473.0,11474.25,11468.25,11468.25,72.0
2020-09-15 20:10,11469.0,11469.25,11465.0,11466.75,62.0
2020-09-15 20:11,11467.25,11468.5,11464.75,11466.5,52.0
2020-09-15 20:12,11465.25,11466.25,11462.0,11464.5,88.0
2020-09-15 20:13,11463.25,11468.5,11461.0,11465.5,73.0
2020-09-15 20:14,11465.0,11467.5,11463.0,11467.0,118.0
2020-09-15 20:30,11462.5,11465.75,11462.5,11465.75,45.0
2020-09-15 20:31,11464.5,11465.5,11464.5,11464.5,9.0
2020-09-15 20:32,11465.25,11465.75,11464.0,11465.5,10.0
2020-09-15 20:33,11465.5,11466.75,11463.5,11463.5,28.0
2020-09-15 20:34,11464.25,11464.5,11463.5,11463.75,15.0
2020-09-15 20:35,11463.75,11465.25,11463.25,11464.5,30.0
2020-09-15 20:36,11464.25,11464.75,11464.0,11464.75,8.0
2020-09-15 20:37,11464.75,11466.0,11464.5,11465.25,14.0
2020-09-15 20:38,11465.25,11467.5,11465.25,11466.75,6.0
2020-09-15 20:39,11467.5,11468.0,11463.0,11464.5,27.0
2020-09-15 20:40,11465.5,11466.0,11458.25,11460.25,35.0
2020-09-15 20:41,11459.25,11460.25,11459.25,11460.0,9.0
2020-09-15 20:42,11460.75,11462.0,11460.25,11462.0,13.0
2020-09-15 20:43,11462.25,11462.25,11461.0,11461.0,4.0
2020-09-15 20:44,11462.0,11462.0,11460.75,11460.75,5.0
2020-09-15 20:45,11460.75,11462.25,11460.5,11461.0,6.0
2020-09-15 20:46,11461.75,11461.75,11456.5,11458.5,41.0
2020-09-15 20:47,11459.25,11460.25,11459.0,11459.75,8.0
2020-09-15 20:48,11460.5,11462.0,11460.0,11461.75,13.0
2020-09-15 20:49,11462.0,11462.25,11461.0,11462.25,12.0
2020-09-15 20:50,11462.5,11463.0,11461.25,11461.75,25.0
2020-09-15 20:51,11461.75,11463.25,11461.25,11462.25,15.0
2020-09-15 20:53,11462.5,11462.5,11461.25,11461.25,15.0
2020-09-15 20:54,11461.75,11464.5,11461.75,11464.0,17.0
2020-09-15 20:55,11463.0,11463.5,11460.25,11462.25,27.0
2020-09-15 20:57,11463.75,11465.0,11463.75,11464.0,13.0
2020-09-15 20:58,11464.25,11465.0,11463.75,11464.0,37.0
2020-09-15 20:59,11464.25,11464.25,11460.5,11462.5,54.0
2020-09-15 22:00,11467.5,11470.75,11466.25,11469.75,43.0
2020-09-15 22:01,11469.75,11474.25,11469.75,11474.25,51.0
2020-09-15 22:02,11474.25,11476.5,11473.0,11474.0,31.0
2020-09-15 22:03,11474.5,11477.25,11474.5,11476.5,19.0
2020-09-15 22:04,11473.0,11474.75,11473.0,11473.75,12.0
2020-09-15 22:05,11474.25,11474.25,11473.25,11473.5,7.0
2020-09-15 22:06,11473.25,11474.5,11472.5,11474.5,21.0
2020-09-15 22:07,11474.0,11474.25,11472.75,11473.75,10.0
2020-09-15 22:08,11472.75,11476.0,11472.75,11475.75,20.0
2020-09-15 22:09,11475.25,11475.25,11473.5,11473.5,6.0
2020-09-15 22:10,11473.0,11473.0,11472.0,11473.0,9.0
2020-09-15 22:11,11473.25,11473.25,11473.25,11473.25,2.0
2020-09-15 22:12,11472.25,11472.75,11471.25,11471.25,24.0
2020-09-15 22:13,11471.25,11472.0,11470.5,11472.0,16.0
2020-09-15 22:14,11472.75,11474.25,11472.75,11474.25,4.0
2020-09-15 22:15,11474.5,11476.5,11474.25,11476.5,26.0
2020-09-15 22:16,11475.25,11476.0,11475.0,11475.5,14.0
2020-09-15 22:17,11474.5,11475.0,11473.5,11474.25,4.0
2020-09-15 22:18,11473.5,11473.5,11471.0,11471.25,20.0
2020-09-15 22:19,11470.75,11471.25,11470.75,11471.25,5.0
2020-09-15 22:20,11472.25,11473.5,11472.25,11473.5,2.0
2020-09-15 22:21,11474.25,11474.5,11472.25,11472.75,14.0
2020-09-15 22:22,11474.0,11474.5,11473.5,11473.5,8.0
2020-09-15 22:23,11473.5,11474.5,11473.5,11474.25,18.0
2020-09-15 22:24,11474.75,11475.5,11473.75,11473.75,5.0
2020-09-15 22:26,11474.25,11474.25,11474.25,11474.25,2.0
2020-09-15 22:27,11474.25,11474.25,11473.75,11473.75,2.0
2020-09-15 22:28,11474.5,11474.5,11474.25,11474.25,2.0
2020-09-15 22:29,11474.0,11474.0,11473.75,11473.75,3.0
2020-09-15 22:30,11474.75,11475.0,11471.75,11471.75,11.0
2020-09-15 22:31,11471.0,11471.75,11471.0,11471.75,3.0
2020-09-15 22:32,11473.25,11473.25,11473.25,11473.25,1.0
2020-09-15 22:33,11473.75,11473.75,11473.25,11473.25,2.0
2020-09-15 22:34,11473.75,11473.75,11472.0,11472.0,5.0
2020-09-15 22:35,11472.0,11472.5,11471.25,11471.25,6.0
2020-09-15 22:36,11470.5,11470.75,11466.25,11467.0,23.0
2020-09-15 22:37,11467.0,11467.0,11461.0,11461.75,67.0
2020-09-15 22:38,11461.5,11463.0,11461.0,11463.0,24.0
2020-09-15 22:39,11463.25,11465.25,11463.0,11465.25,18.0
2020-09-15 22:40,11465.25,11466.0,11465.25,11466.0,7.0
2020-09-15 22:41,11468.25,11468.25,11468.0,11468.0,2.0
2020-09-15 22:42,11468.25,11468.75,11468.25,11468.75,4.0
2020-09-15 22:43,11469.0,11469.0,11467.75,11468.0,9.0
2020-09-15 22:44,11467.25,11467.25,11465.0,11465.75,16.0
2020-09-15 22:45,11466.25,11466.25,11466.25,11466.25,2.0
2020-09-15 22:46,11465.5,11466.5,11465.5,11465.5,4.0
2020-09-15 22:47,11467.25,11468.0,11467.25,11468.0,3.0
2020-09-15 22:48,11468.5,11468.5,11468.0,11468.0,2.0
2020-09-15 22:49,11468.0,11468.0,11468.0,11468.0,4.0
2020-09-15 22:50,11468.0,11468.5,11467.5,11467.5,7.0
2020-09-15 22:51,11468.25,11468.75,11468.25,11468.75,2.0
2020-09-15 22:52,11467.75,11467.75,11465.5,11465.5,8.0
2020-09-15 22:53,11466.75,11466.75,11465.0,11465.75,6.0
2020-09-15 22:54,11465.5,11467.0,11464.75,11467.0,5.0
2020-09-15 22:55,11467.0,11467.0,11467.0,11467.0,1.0
2020-09-15 22:56,11466.0,11466.0,11465.5,11466.0,3.0
2020-09-15 22:57,11466.0,11466.0,11466.0,11466.0,1.0
2020-09-15 22:58,11467.25,11468.5,11467.25,11468.5,6.0
2020-09-15 22:59,11467.75,11469.25,11467.75,11469.25,6.0
2020-09-15 23:00,11470.0,11470.0,11468.75,11469.5,24.0
2020-09-15 23:01,11468.5,11469.5,11468.25,11469.5,7.0
2020-09-15 23:02,11469.0,11469.25,11468.5,11469.25,3.0
2020-09-15 23:03,11469.5,11470.25,11469.5,11470.0,4.0
2020-09-15 23:04,11468.0,11468.75,11467.5,11467.75,5.0
2020-09-15 23:05,11467.75,11467.75,11466.0,11466.0,5.0
2020-09-15 23:06,11465.5,11466.0,11464.75,11466.0,4.0
2020-09-15 23:07,11465.25,11465.5,11464.75,11465.5,4.0
2020-09-15 23:08,11466.75,11466.75,11466.75,11466.75,1.0
2020-09-15 23:09,11466.0,11466.0,11463.25,11463.25,11.0
2020-09-15 23:10,11463.25,11463.25,11454.5,11456.75,59.0
2020-09-15 23:11,11457.25,11457.25,11453.25,11457.25,30.0
2020-09-15 23:12,11456.25,11458.25,11455.5,11456.5,37.0
2020-09-15 23:13,11457.5,11458.0,11455.0,11456.75,17.0
2020-09-15 23:14,11457.0,11457.25,11455.5,11457.25,11.0
2020-09-15 23:15,11457.25,11458.25,11453.25,11453.25,22.0
2020-09-15 23:16,11453.75,11455.0,11450.5,11452.0,49.0
2020-09-15 23:17,11452.0,11453.25,11448.75,11452.5,29.0
2020-09-15 23:18,11452.5,11453.0,11450.5,11453.0,12.0
2020-09-15 23:19,11452.0,11452.5,11448.0,11449.25,26.0
2020-09-15 23:20,11448.75,11449.25,11442.75,11442.75,98.0
2020-09-15 23:21,11442.5,11444.25,11441.25,11441.25,23.0
2020-09-15 23:22,11441.75,11443.0,11439.0,11441.5,99.0
2020-09-15 23:23,11441.75,11442.25,11438.0,11441.0,79.0
2020-09-15 23:24,11440.0,11443.25,11438.25,11439.0,39.0
2020-09-15 23:25,11438.0,11440.0,11436.25,11438.75,87.0
2020-09-15 23:26,11439.0,11441.5,11433.0,11441.25,161.0
2020-09-15 23:27,11441.5,11442.0,11440.0,11440.5,25.0
2020-09-15 23:28,11440.75,11443.5,11438.75,11439.25,59.0
2020-09-15 23:29,11439.5,11442.5,11438.25,11439.5,39.0
2020-09-15 23:30,11439.75,11440.0,11431.25,11433.75,75.0
2020-09-15 23:31,11434.0,11435.5,11433.5,11434.0,20.0
2020-09-15 23:32,11435.0,11437.5,11430.0,11432.25,58.0
2020-09-15 23:33,11432.25,11435.0,11429.0,11429.0,42.0
2020-09-15 23:34,11429.5,11430.0,11425.25,11430.0,37.0
2020-09-15 23:35,11430.5,11434.0,11430.5,11433.75,21.0
2020-09-15 23:36,11433.75,11435.0,11430.75,11430.75,28.0
2020-09-15 23:37,11430.75,11430.75,11423.25,11425.25,39.0
2020-09-15 23:38,11426.5,11431.0,11426.5,11429.25,38.0
2020-09-15 23:39,11428.5,11428.5,11422.25,11427.75,59.0
2020-09-15 23:40,11427.0,11430.0,11426.25,11427.75,16.0
2020-09-15 23:41,11427.5,11428.25,11425.5,11425.5,101.0
2020-09-15 23:42,11425.5,11425.75,11423.25,11425.25,24.0
2020-09-15 23:43,11425.5,11426.25,11423.25,11425.5,19.0
2020-09-15 23:44,11428.25,11429.0,11427.25,11429.0,14.0
2020-09-15 23:45,11430.0,11433.25,11426.25,11429.0,41.0
2020-09-15 23:46,11429.75,11429.75,11424.75,11425.25,21.0
2020-09-15 23:47,11424.75,11424.75,11417.5,11421.5,61.0
2020-09-15 23:48,11424.0,11424.5,11421.0,11424.5,14.0
2020-09-15 23:49,11424.0,11426.25,11424.0,11425.75,11.0
2020-09-15 23:50,11425.0,11427.0,11424.25,11427.0,12.0
2020-09-15 23:51,11426.75,11431.5,11426.25,11430.5,19.0
2020-09-15 23:52,11430.0,11433.0,11429.25,11432.0,19.0
2020-09-15 23:53,11432.75,11434.75,11432.75,11434.5,23.0
2020-09-15 23:54,11435.0,11435.0,11431.5,11433.0,25.0
2020-09-15 23:55,11432.75,11437.0,11432.75,11436.0,38.0
2020-09-15 23:56,11435.25,11438.25,11434.75,11438.25,20.0
2020-09-15 23:57,11436.75,11438.0,11434.5,11435.25,32.0
2020-09-15 23:58,11436.5,11437.5,11436.5,11437.5,8.0
2020-09-15 23:59,11437.0,11437.0,11435.5,11436.25,12.0
2020-09-16 00:00,11435.25,11435.75,11428.5,11430.5,30.0
2020-09-16 00:01,11429.25,11433.5,11427.5,11433.0,28.0
2020-09-16 00:02,11433.0,11433.5,11431.75,11431.75,10.0
2020-09-16 00:03,11430.75,11433.5,11429.25,11433.5,13.0
2020-09-16 00:04,11434.75,11437.5,11434.75,11436.75,21.0
2020-09-16 00:05,11437.75,11437.75,11425.0,11425.25,33.0
2020-09-16 00:06,11424.25,11424.75,11417.75,11422.25,44.0
2020-09-16 00:07,11422.0,11424.75,11422.0,11424.5,12.0
2020-09-16 00:08,11418.0,11422.0,11417.25,11420.75,27.0
2020-09-16 00:09,11421.75,11423.25,11421.25,11423.25,7.0
2020-09-16 00:10,11423.25,11427.0,11423.0,11426.25,23.0
2020-09-16 00:11,11427.0,11427.0,11423.0,11423.25,16.0
2020-09-16 00:12,11424.75,11425.5,11420.0,11420.25,15.0
2020-09-16 00:13,11420.75,11422.0,11420.5,11421.25,12.0
2020-09-16 00:14,11419.25,11419.25,11412.25,11413.5,78.0
2020-09-16 00:15,11416.25,11419.5,11415.0,11418.75,31.0
2020-09-16 00:16,11417.5,11417.5,11403.5,11409.0,156.0
2020-09-16 00:17,11407.75,11412.75,11407.5,11410.75,26.0
2020-09-16 00:18,11410.0,11417.0,11406.75,11416.5,81.0
2020-09-16 00:19,11415.25,11420.0,11413.75,11418.25,19.0
2020-09-16 00:20,11420.25,11420.5,11418.5,11418.5,12.0
2020-09-16 00:21,11418.0,11420.5,11418.0,11419.25,12.0
2020-09-16 00:22,11417.75,11420.25,11417.0,11419.0,7.0
2020-09-16 00:23,11420.0,11420.25,11419.0,11420.25,18.0
2020-09-16 00:24,11421.0,11421.0,11418.5,11418.5,11.0
2020-09-16 00:25,11419.75,11423.75,11417.75,11422.5,47.0
2020-09-16 00:26,11421.75,11423.0,11419.75,11421.25,28.0
2020-09-16 00:27,11420.0,11421.0,11416.0,11418.0,15.0
2020-09-16 00:28,11418.0,11421.5,11416.25,11421.5,21.0
2020-09-16 00:29,11421.25,11424.75,11421.25,11424.5,33.0
2020-09-16 00:30,11423.25,11428.25,11423.25,11425.5,58.0
2020-09-16 00:31,11425.0,11425.75,11421.0,11421.0,22.0
2020-09-16 00:32,11422.5,11426.25,11422.25,11426.0,15.0
2020-09-16 00:33,11425.0,11426.25,11425.0,11425.5,11.0
2020-09-16 00:34,11426.25,11430.5,11426.25,11429.25,40.0
2020-09-16 00:35,11429.25,11430.25,11427.75,11429.0,23.0
2020-09-16 00:36,11429.0,11430.0,11426.5,11426.5,19.0
2020-09-16 00:37,11426.75,11428.5,11426.75,11427.0,9.0
2020-09-16 00:38,11427.0,11429.25,11427.0,11429.25,5.0
2020-09-16 00:39,11430.0,11433.75,11430.0,11430.75,22.0
2020-09-16 00:40,11431.25,11433.5,11431.25,11432.25,11.0
2020-09-16 00:41,11432.25,11432.25,11428.75,11431.5,12.0
2020-09-16 00:42,11431.0,11431.25,11430.75,11430.75,5.0
2020-09-16 00:43,11434.0,11434.5,11433.0,11433.0,7.0
2020-09-16 00:44,11433.5,11434.5,11430.25,11430.25,17.0
2020-09-16 00:45,11431.5,11432.25,11430.5,11432.25,24.0
2020-09-16 00:46,11432.25,11432.25,11432.25,11432.25,2.0
2020-09-16 00:47,11430.75,11433.0,11430.0,11431.0,21.0
2020-09-16 00:48,11432.25,11432.25,11431.5,11431.5,11.0
2020-09-16 00:49,11431.5,11431.5,11429.5,11429.5,13.0
2020-09-16 00:50,11430.5,11431.25,11430.25,11430.25,6.0
2020-09-16 00:51,11429.75,11431.0,11427.0,11427.75,23.0
2020-09-16 00:52,11428.0,11432.0,11427.0,11431.5,27.0
2020-09-16 00:53,11430.75,11432.0,11429.25,11432.0,20.0
2020-09-16 00:54,11432.0,11438.25,11432.0,11438.25,47.0
2020-09-16 00:55,11437.75,11438.0,11435.0,11435.25,32.0
2020-09-16 00:56,11434.5,11435.5,11433.5,11434.5,23.0
2020-09-16 00:57,11435.25,11437.0,11435.25,11435.25,19.0
2020-09-16 00:58,11435.25,11436.25,11435.25,11436.25,2.0
2020-09-16 00:59,11436.0,11436.75,11434.75,11435.5,13.0
2020-09-16 01:00,11435.75,11436.25,11435.0,11435.25,6.0
2020-09-16 01:01,11434.75,11434.75,11427.75,11431.25,70.0
2020-09-16 01:02,11431.0,11431.0,11427.5,11427.75,8.0
2020-09-16 01:03,11428.0,11429.25,11427.0,11429.25,20.0
2020-09-16 01:04,11429.0,11430.0,11427.5,11429.25,10.0
2020-09-16 01:05,11428.5,11429.0,11426.75,11428.5,11.0
2020-09-16 01:06,11427.0,11427.0,11420.25,11420.5,45.0
2020-09-16 01:07,11421.0,11426.75,11421.0,11425.75,29.0
2020-09-16 01:08,11425.75,11431.5,11425.75,11429.0,104.0
2020-09-16 01:09,11428.5,11431.75,11428.0,11430.0,26.0
2020-09-16 01:10,11430.5,11430.5,11428.5,11428.75,9.0
2020-09-16 01:11,11428.75,11428.75,11422.25,11425.25,36.0
2020-09-16 01:12,11426.75,11427.75,11423.5,11424.5,15.0
2020-09-16 01:13,11423.25,11426.75,11423.25,11426.75,11.0
2020-09-16 01:14,11425.75,11425.75,11423.25,11423.25,9.0
2020-09-16 01:15,11422.25,11429.0,11419.75,11429.0,33.0
2020-09-16 01:16,11429.25,11433.0,11429.25,11430.25,21.0
2020-09-16 01:17,11430.75,11434.5,11430.75,11432.0,22.0
2020-09-16 01:18,11431.25,11434.5,11430.25,11434.5,10.0
2020-09-16 01:19,11434.75,11435.5,11432.25,11432.25,14.0
2020-09-16 01:20,11431.0,11434.5,11431.0,11432.5,24.0
2020-09-16 01:21,11432.75,11434.5,11432.0,11433.75,26.0
2020-09-16 01:22,11432.75,11432.75,11430.0,11430.75,32.0
2020-09-16 01:23,11430.75,11430.75,11428.0,11429.25,16.0
2020-09-16 01:24,11429.75,11429.75,11426.5,11427.25,18.0
2020-09-16 01:25,11426.5,11427.0,11422.5,11423.5,16.0
2020-09-16 01:26,11424.75,11429.25,11424.75,11428.5,14.0
2020-09-16 01:27,11430.0,11430.0,11430.0,11430.0,1.0
2020-09-16 01:28,11427.5,11430.0,11427.5,11430.0,5.0
2020-09-16 01:29,11429.25,11429.25,11427.0,11428.25,18.0
2020-09-16 01:30,11427.0,11433.0,11426.0,11433.0,72.0
2020-09-16 01:31,11432.5,11437.0,11431.5,11436.0,65.0
2020-09-16 01:32,11435.25,11436.75,11432.25,11433.75,23.0
2020-09-16 01:33,11434.25,11434.25,11431.0,11431.0,7.0
2020-09-16 01:34,11430.0,11435.0,11429.5,11433.25,12.0
2020-09-16 01:35,11432.5,11433.5,11432.25,11433.5,6.0
2020-09-16 01:36,11433.5,11437.5,11433.0,11436.75,9.0
2020-09-16 01:37,11436.25,11436.25,11434.5,11435.0,7.0
2020-09-16 01:38,11434.5,11435.25,11432.5,11435.25,10.0
2020-09-16 01:39,11433.75,11434.5,11430.75,11434.5,10.0
2020-09-16 01:40,11433.25,11445.75,11433.25,11445.75,63.0
2020-09-16 01:41,11445.5,11450.5,11443.75,11445.5,64.0
2020-09-16 01:42,11445.0,11447.25,11443.75,11446.0,41.0
2020-09-16 01:43,11446.25,11447.75,11446.0,11447.25,9.0
2020-09-16 01:44,11447.25,11449.0,11446.5,11446.5,12.0
2020-09-16 01:45,11446.25,11446.5,11444.5,11446.5,9.0
2020-09-16 01:46,11447.0,11447.0,11442.25,11443.5,16.0
2020-09-16 01:47,11442.75,11444.25,11441.75,11444.25,23.0
2020-09-16 01:48,11442.75,11445.25,11442.25,11444.75,15.0
2020-09-16 01:49,11444.75,11444.75,11443.0,11444.25,4.0
2020-09-16 01:50,11443.5,11446.25,11443.5,11444.25,13.0
2020-09-16 01:51,11445.0,11445.0,11442.5,11442.75,16.0
2020-09-16 01:52,11443.0,11444.0,11443.0,11443.5,4.0
2020-09-16 01:53,11444.0,11444.25,11441.0,11444.0,15.0
2020-09-16 01:54,11443.5,11448.25,11443.5,11448.0,24.0
2020-09-16 01:55,11447.25,11447.25,11446.25,11446.25,8.0
2020-09-16 01:56,11446.75,11448.75,11446.75,11447.25,8.0
2020-09-16 01:57,11447.25,11452.75,11446.75,11452.5,58.0
2020-09-16 01:58,11452.5,11457.75,11452.5,11457.75,82.0
2020-09-16 01:59,11457.25,11457.25,11453.5,11455.25,13.0
2020-09-16 02:00,11455.75,11459.0,11454.5,11457.0,39.0
2020-09-16 02:01,11457.0,11457.5,11455.0,11457.5,15.0
2020-09-16 02:02,11457.5,11458.5,11455.5,11457.25,26.0
2020-09-16 02:03,11458.0,11462.75,11458.0,11462.75,98.0
2020-09-16 02:04,11463.0,11469.5,11462.25,11465.25,114.0
2020-09-16 02:05,11465.25,11468.75,11462.25,11463.5,64.0
2020-09-16 02:06,11462.25,11466.0,11460.75,11465.5,35.0
2020-09-16 02:07,11465.5,11467.25,11463.75,11464.5,51.0
2020-09-16 02:08,11467.0,11467.0,11462.0,11462.75,40.0
2020-09-16 02:09,11462.75,11467.5,11462.75,11467.5,18.0
2020-09-16 02:10,11467.25,11467.25,11465.75,11466.75,23.0
2020-09-16 02:11,11466.5,11472.75,11466.5,11468.25,98.0
2020-09-16 02:12,11469.0,11477.25,11469.0,11473.75,91.0
2020-09-16 02:13,11473.5,11475.75,11472.0,11474.5,65.0
2020-09-16 02:14,11473.75,11486.5,11473.75,11482.5,329.0
2020-09-16 02:15,11484.5,11485.0,11478.25,11478.75,63.0
2020-09-16 02:16,11478.5,11481.75,11478.5,11480.25,25.0
2020-09-16 02:17,11479.5,11479.75,11477.75,11479.0,22.0
2020-09-16 02:18,11478.75,11479.75,11477.75,11479.75,28.0
2020-09-16 02:19,11479.5,11482.75,11479.5,11481.0,36.0
2020-09-16 02:20,11479.5,11479.5,11477.75,11479.25,12.0
2020-09-16 02:21,11478.5,11478.5,11476.25,11478.0,20.0
2020-09-16 02:22,11478.25,11478.75,11476.0,11476.0,19.0
2020-09-16 02:23,11475.0,11476.0,11473.0,11476.0,60.0
2020-09-16 02:24,11475.75,11477.5,11475.0,11476.5,26.0
2020-09-16 02:25,11476.5,11476.5,11474.75,11475.5,17.0
2020-09-16 02:26,11474.5,11478.75,11474.5,11478.5,34.0
2020-09-16 02:27,11478.75,11481.5,11477.5,11479.25,16.0
2020-09-16 02:28,11479.5,11479.5,11476.75,11477.5,6.0
2020-09-16 02:29,11477.25,11477.25,11477.25,11477.25,4.0
2020-09-16 02:30,11477.5,11477.5,11473.75,11473.75,16.0
2020-09-16 02:31,11475.5,11478.75,11475.25,11478.0,15.0
2020-09-16 02:32,11477.25,11477.25,11475.0,11476.0,7.0
2020-09-16 02:33,11474.75,11474.75,11474.5,11474.5,3.0
2020-09-16 02:34,11476.25,11476.25,11473.0,11473.0,22.0
2020-09-16 02:35,11474.75,11474.75,11472.25,11473.5,11.0
2020-09-16 02:36,11475.5,11477.25,11474.0,11474.0,11.0
2020-09-16 02:37,11474.5,11475.5,11473.5,11475.0,8.0
2020-09-16 02:38,11473.5,11473.5,11471.25,11471.25,20.0
2020-09-16 02:39,11472.25,11474.25,11472.0,11474.0,5.0
2020-09-16 02:40,11475.0,11479.5,11475.0,11479.5,19.0
2020-09-16 02:41,11479.25,11483.25,11479.25,11481.0,20.0
2020-09-16 02:42,11482.25,11482.25,11480.5,11480.5,8.0
2020-09-16 02:43,11480.5,11483.25,11480.5,11481.5,17.0
2020-09-16 02:44,11481.25,11482.25,11480.5,11480.5,8.0
2020-09-16 02:45,11480.25,11481.0,11479.75,11480.0,5.0
2020-09-16 02:46,11480.75,11481.25,11480.75,11481.0,7.0
2020-09-16 02:47,11481.0,11483.5,11480.25,11480.25,26.0
2020-09-16 02:48,11480.5,11480.5,11477.25,11477.25,15.0
2020-09-16 02:49,11478.0,11481.25,11476.0,11478.5,31.0
2020-09-16 02:50,11478.0,11478.0,11473.0,11473.0,13.0
2020-09-16 02:51,11474.25,11474.75,11472.0,11472.0,13.0
2020-09-16 02:52,11472.75,11474.25,11472.0,11474.25,10.0
2020-09-16 02:53,11473.0,11473.0,11471.75,11471.75,3.0
2020-09-16 02:54,11473.0,11473.0,11473.0,11473.0,1.0
2020-09-16 02:55,11473.5,11474.75,11473.25,11474.75,14.0
2020-09-16 02:56,11473.75,11474.25,11473.75,11473.75,6.0
2020-09-16 02:57,11475.0,11476.75,11474.75,11475.5,8.0
2020-09-16 02:58,11475.5,11475.5,11473.5,11473.5,2.0
2020-09-16 02:59,11475.0,11475.0,11474.25,11474.25,3.0
2020-09-16 03:00,11474.5,11475.5,11474.25,11474.25,4.0
2020-09-16 03:01,11475.0,11475.0,11474.0,11474.0,3.0
2020-09-16 03:02,11473.0,11474.25,11472.75,11474.25,6.0
2020-09-16 03:03,11473.0,11474.25,11473.0,11474.0,3.0
2020-09-16 03:04,11475.0,11480.0,11475.0,11480.0,22.0
2020-09-16 03:05,11479.75,11482.0,11478.75,11482.0,17.0
2020-09-16 03:06,11481.75,11490.0,11481.75,11490.0,46.0
2020-09-16 03:07,11491.25,11510.75,11491.0,11505.0,190.0
2020-09-16 03:08,11503.5,11505.25,11502.25,11503.5,35.0
2020-09-16 03:09,11504.5,11504.75,11501.5,11501.75,32.0
2020-09-16 03:10,11501.75,11503.0,11500.5,11502.0,49.0
2020-09-16 03:11,11502.5,11504.25,11501.0,11502.0,24.0
2020-09-16 03:12,11501.75,11502.0,11499.0,11501.25,10.0
2020-09-16 03:13,11502.0,11502.5,11501.25,11501.5,18.0
2020-09-16 03:14,11503.0,11510.75,11503.0,11509.0,45.0
2020-09-16 03:15,11510.0,11510.0,11504.25,11506.75,21.0
2020-09-16 03:16,11506.25,11506.25,11503.0,11503.75,21.0
2020-09-16 03:17,11503.25,11503.5,11502.0,11503.5,8.0
2020-09-16 03:18,11502.0,11502.5,11501.5,11502.5,8.0
2020-09-16 03:19,11503.5,11504.0,11503.0,11504.0,7.0
2020-09-16 03:20,11502.5,11504.25,11502.0,11503.5,10.0
2020-09-16 03:21,11503.5,11503.5,11502.0,11503.25,8.0
2020-09-16 03:22,11502.5,11508.25,11502.25,11506.5,27.0
2020-09-16 03:23,11506.0,11509.0,11506.0,11508.75,15.0
2020-09-16 03:24,11506.0,11506.5,11505.0,11506.5,6.0
2020-09-16 03:25,11505.75,11507.75,11505.75,11507.75,5.0
2020-09-16 03:26,11505.0,11507.75,11504.5,11507.75,7.0
2020-09-16 03:27,11507.0,11507.0,11503.5,11504.25,7.0
2020-09-16 03:28,11502.75,11503.5,11502.0,11503.5,14.0
2020-09-16 03:29,11503.75,11503.75,11503.75,11503.75,1.0
2020-09-16 03:30,11503.5,11503.75,11502.75,11503.75,4.0
2020-09-16 03:31,11503.0,11503.0,11500.25,11500.25,20.0
2020-09-16 03:32,11501.5,11501.5,11496.5,11499.75,17.0
2020-09-16 03:33,11499.0,11499.0,11495.75,11496.0,17.0
2020-09-16 03:34,11496.75,11499.0,11496.75,11497.25,5.0
2020-09-16 03:35,11497.5,11498.5,11495.5,11495.75,18.0
2020-09-16 03:36,11495.5,11495.5,11494.25,11495.25,9.0
2020-09-16 03:37,11497.5,11500.5,11497.5,11499.25,16.0
2020-09-16 03:38,11499.5,11500.0,11497.0,11497.5,9.0
2020-09-16 03:39,11496.0,11498.5,11496.0,11498.5,6.0
2020-09-16 03:40,11498.25,11502.0,11498.25,11499.0,16.0
2020-09-16 03:41,11499.5,11499.5,11496.0,11497.0,7.0
2020-09-16 03:42,11497.25,11498.0,11497.25,11498.0,2.0
2020-09-16 03:43,11498.25,11500.0,11498.25,11499.0,8.0
2020-09-16 03:44,11498.25,11499.5,11498.25,11499.5,8.0
2020-09-16 03:45,11499.0,11499.0,11499.0,11499.0,1.0
2020-09-16 03:46,11499.5,11499.5,11496.0,11496.0,5.0
2020-09-16 03:47,11496.25,11496.75,11496.25,11496.75,8.0
2020-09-16 03:49,11501.0,11501.0,11501.0,11501.0,1.0
2020-09-16 03:50,11501.25,11502.75,11500.5,11502.0,7.0
2020-09-16 03:51,11502.0,11502.0,11500.25,11500.5,9.0
2020-09-16 03:52,11499.75,11499.75,11497.5,11497.5,5.0
2020-09-16 03:53,11498.5,11499.5,11498.25,11499.25,6.0
2020-09-16 03:54,11498.5,11500.5,11498.25,11500.25,34.0
2020-09-16 03:55,11500.75,11502.0,11500.5,11500.5,32.0
2020-09-16 03:56,11500.0,11501.75,11500.0,11501.5,10.0
2020-09-16 03:57,11501.0,11505.5,11501.0,11504.75,30.0
2020-09-16 03:58,11503.5,11505.0,11502.0,11503.0,22.0
2020-09-16 03:59,11503.25,11507.25,11503.25,11505.75,11.0
2020-09-16 04:00,11501.25,11502.5,11501.25,11501.25,4.0
2020-09-16 04:01,11501.25,11501.25,11498.25,11500.25,18.0
2020-09-16 04:02,11498.25,11499.0,11497.5,11497.75,13.0
2020-09-16 04:03,11497.0,11498.75,11495.75,11498.25,17.0
2020-09-16 04:04,11497.5,11497.5,11497.5,11497.5,2.0
2020-09-16 04:05,11497.5,11498.25,11497.0,11497.0,22.0
2020-09-16 04:06,11497.25,11497.25,11497.0,11497.0,2.0
2020-09-16 04:07,11497.0,11498.25,11496.75,11498.25,5.0
2020-09-16 04:08,11497.5,11497.5,11496.75,11496.75,5.0
2020-09-16 04:09,11496.5,11497.0,11496.0,11496.5,14.0
2020-09-16 04:10,11498.0,11498.0,11498.0,11498.0,5.0
2020-09-16 04:11,11497.25,11498.25,11497.25,11498.25,3.0
2020-09-16 04:12,11497.0,11497.0,11497.0,11497.0,1.0
2020-09-16 04:13,11497.0,11497.0,11497.0,11497.0,1.0
2020-09-16 04:14,11497.5,11498.75,11497.5,11497.5,6.0
2020-09-16 04:15,11496.5,11498.25,11496.0,11498.25,4.0
2020-09-16 04:16,11498.25,11503.25,11498.25,11501.75,55.0
2020-09-16 04:17,11501.5,11502.25,11500.75,11502.25,16.0
2020-09-16 04:18,11503.0,11504.5,11503.0,11504.5,20.0
2020-09-16 04:19,11502.75,11502.75,11499.5,11499.5,11.0
2020-09-16 04:20,11499.0,11499.0,11499.0,11499.0,1.0
2020-09-16 04:21,11498.5,11499.25,11498.0,11498.0,3.0
2020-09-16 04:22,11498.25,11498.25,11498.25,11498.25,1.0
2020-09-16 04:23,11498.25,11498.5,11498.25,11498.5,2.0
2020-09-16 04:24,11499.5,11499.5,11499.5,11499.5,2.0
2020-09-16 04:25,11498.5,11500.25,11498.5,11500.25,5.0
2020-09-16 04:26,11500.25,11501.5,11499.75,11499.75,8.0
2020-09-16 04:27,11497.75,11497.75,11497.5,11497.5,3.0
2020-09-16 04:28,11497.0,11498.0,11497.0,11497.25,6.0
2020-09-16 04:29,11497.0,11497.5,11497.0,11497.5,3.0
2020-09-16 04:30,11496.25,11496.25,11491.25,11494.0,32.0
2020-09-16 04:31,11494.25,11495.0,11493.25,11495.0,10.0
2020-09-16 04:33,11493.0,11493.75,11492.25,11493.0,10.0
2020-09-16 04:34,11493.0,11496.0,11493.0,11495.0,18.0
2020-09-16 04:35,11495.0,11495.0,11492.25,11492.25,8.0
2020-09-16 04:36,11493.5,11493.5,11492.25,11493.0,7.0
2020-09-16 04:37,11492.5,11492.5,11490.75,11491.25,10.0
2020-09-16 04:38,11490.25,11494.25,11487.5,11493.0,26.0
2020-09-16 04:39,11491.75,11492.25,11490.75,11491.0,10.0
2020-09-16 04:40,11491.75,11491.75,11490.75,11491.5,5.0
2020-09-16 04:41,11490.25,11490.25,11488.25,11489.0,19.0
2020-09-16 04:42,11487.75,11489.75,11487.75,11489.75,7.0
2020-09-16 04:43,11490.0,11490.5,11489.25,11489.25,5.0
2020-09-16 04:44,11490.5,11490.5,11488.5,11490.0,12.0
2020-09-16 04:45,11491.5,11493.0,11491.0,11492.25,13.0
2020-09-16 04:46,11492.25,11493.0,11492.25,11493.0,3.0
2020-09-16 04:47,11493.0,11493.0,11492.25,11492.25,6.0
2020-09-16 04:48,11492.5,11492.5,11492.5,11492.5,2.0
2020-09-16 04:49,11493.0,11496.25,11493.0,11495.5,20.0
2020-09-16 04:50,11495.0,11495.0,11493.0,11493.75,6.0
2020-09-16 04:51,11493.0,11493.0,11491.5,11491.5,5.0
2020-09-16 04:52,11491.5,11492.25,11490.75,11492.25,5.0
2020-09-16 04:53,11491.75,11491.75,11490.5,11490.75,7.0
2020-09-16 04:54,11490.0,11491.75,11490.0,11491.75,4.0
2020-09-16 04:55,11491.75,11491.75,11491.75,11491.75,2.0
2020-09-16 04:57,11489.25,11490.0,11489.25,11490.0,5.0
2020-09-16 04:58,11489.25,11489.5,11489.25,11489.5,2.0
2020-09-16 04:59,11489.0,11489.75,11488.75,11489.75,6.0
2020-09-16 05:00,11488.0,11488.0,11483.5,11484.0,49.0
2020-09-16 05:01,11483.5,11484.75,11483.25,11484.0,12.0
2020-09-16 05:02,11484.75,11487.0,11484.75,11487.0,9.0
2020-09-16 05:03,11488.25,11489.0,11486.25,11489.0,7.0
2020-09-16 05:04,11487.0,11487.0,11484.0,11485.0,13.0
2020-09-16 05:05,11485.0,11486.0,11484.5,11486.0,6.0
2020-09-16 05:06,11485.0,11485.0,11481.5,11481.75,21.0
2020-09-16 05:07,11481.25,11482.0,11480.25,11482.0,10.0
2020-09-16 05:08,11483.75,11486.25,11483.75,11485.5,7.0
2020-09-16 05:09,11485.0,11488.0,11485.0,11485.5,15.0
2020-09-16 05:10,11485.5,11486.0,11485.5,11485.75,4.0
2020-09-16 05:11,11486.5,11491.75,11486.5,11489.0,18.0
2020-09-16 05:12,11489.25,11489.25,11487.5,11487.5,5.0
2020-09-16 05:13,11487.25,11487.25,11484.5,11485.75,14.0
2020-09-16 05:14,11485.75,11486.0,11483.0,11484.5,25.0
2020-09-16 05:15,11484.5,11484.5,11482.25,11483.0,28.0
2020-09-16 05:16,11484.25,11486.0,11483.25,11486.0,8.0
2020-09-16 05:17,11485.0,11485.5,11484.25,11485.5,10.0
2020-09-16 05:18,11484.75,11485.0,11483.75,11485.0,11.0
2020-09-16 05:19,11483.75,11484.25,11483.75,11484.25,7.0
2020-09-16 05:20,11484.75,11486.0,11484.25,11486.0,5.0
2020-09-16 05:21,11486.0,11486.0,11484.5,11485.75,12.0
2020-09-16 05:22,11486.5,11488.0,11485.5,11486.25,9.0
2020-09-16 05:23,11486.25,11487.0,11485.0,11485.0,4.0
2020-09-16 05:24,11485.0,11486.75,11485.0,11486.75,5.0
2020-09-16 05:25,11486.75,11487.0,11483.0,11483.0,18.0
2020-09-16 05:26,11483.0,11484.25,11482.0,11484.25,11.0
2020-09-16 05:27,11484.0,11484.0,11480.75,11482.0,34.0
2020-09-16 05:28,11481.25,11482.5,11478.5,11480.75,19.0
2020-09-16 05:29,11480.25,11482.75,11480.25,11481.75,9.0
2020-09-16 05:30,11483.5,11488.5,11483.5,11487.0,22.0
2020-09-16 05:31,11487.0,11489.0,11487.0,11487.5,8.0
2020-09-16 05:32,11485.75,11486.25,11485.75,11485.75,12.0
2020-09-16 05:33,11486.25,11487.75,11483.75,11485.5,40.0
2020-09-16 05:34,11486.0,11486.0,11482.75,11484.0,22.0
2020-09-16 05:35,11484.0,11488.25,11484.0,11488.0,48.0
2020-09-16 05:36,11488.25,11489.5,11487.0,11488.25,54.0
2020-09-16 05:37,11488.5,11489.0,11486.75,11488.5,39.0
2020-09-16 05:38,11489.5,11492.0,11489.25,11489.75,40.0
2020-09-16 05:39,11488.75,11489.25,11488.0,11489.25,9.0
2020-09-16 05:40,11488.5,11489.75,11488.5,11489.75,6.0
2020-09-16 05:41,11490.25,11490.25,11489.25,11489.5,5.0
2020-09-16 05:42,11488.5,11488.75,11487.75,11488.75,8.0
2020-09-16 05:43,11487.0,11487.0,11484.5,11485.0,11.0
2020-09-16 05:44,11483.25,11483.25,11478.0,11480.0,58.0
2020-09-16 05:45,11478.75,11479.5,11472.0,11472.75,36.0
2020-09-16 05:46,11472.75,11476.5,11472.0,11476.5,22.0
2020-09-16 05:47,11477.25,11478.0,11477.25,11478.0,2.0
2020-09-16 05:48,11477.25,11477.25,11477.0,11477.0,4.0
2020-09-16 05:49,11475.75,11477.25,11475.75,11477.25,3.0
2020-09-16 05:50,11478.5,11481.75,11478.0,11479.5,38.0
2020-09-16 05:51,11480.25,11481.5,11479.0,11481.5,6.0
2020-09-16 05:52,11481.5,11481.5,11478.0,11478.0,4.0
2020-09-16 05:53,11478.75,11478.75,11477.0,11477.0,4.0
2020-09-16 05:54,11475.75,11475.75,11468.0,11471.0,51.0
2020-09-16 05:55,11469.75,11473.0,11468.25,11471.5,23.0
2020-09-16 05:56,11472.5,11473.75,11472.5,11473.5,6.0
2020-09-16 05:57,11474.0,11475.5,11474.0,11474.75,12.0
2020-09-16 05:58,11475.0,11475.0,11472.5,11474.0,22.0
2020-09-16 05:59,11474.75,11474.75,11473.0,11473.5,10.0
2020-09-16 06:00,11474.25,11478.5,11474.25,11476.5,34.0
2020-09-16 06:01,11476.5,11476.5,11472.75,11473.5,11.0
2020-09-16 06:02,11473.5,11473.5,11473.0,11473.25,8.0
2020-09-16 06:03,11477.25,11483.0,11477.25,11482.25,26.0
2020-09-16 06:04,11483.0,11483.25,11481.0,11481.0,8.0
2020-09-16 06:05,11480.75,11482.5,11480.75,11482.5,7.0
2020-09-16 06:06,11482.25,11482.25,11479.5,11479.5,11.0
2020-09-16 06:07,11479.75,11479.75,11477.75,11477.75,13.0
2020-09-16 06:08,11478.75,11478.75,11475.5,11475.75,19.0
2020-09-16 06:09,11475.75,11476.5,11474.5,11474.5,12.0
2020-09-16 06:10,11474.0,11474.0,11471.5,11471.5,24.0
2020-09-16 06:11,11469.75,11472.0,11465.25,11465.25,63.0
2020-09-16 06:12,11465.25,11465.25,11460.0,11461.0,42.0
2020-09-16 06:13,11462.0,11466.5,11462.0,11465.5,22.0
2020-09-16 06:14,11466.25,11466.25,11462.25,11464.5,24.0
2020-09-16 06:15,11465.0,11465.5,11463.0,11465.25,13.0
2020-09-16 06:16,11465.25,11468.5,11464.25,11467.5,27.0
2020-09-16 06:17,11468.0,11469.25,11466.25,11466.75,7.0
2020-09-16 06:18,11467.5,11469.0,11466.75,11468.75,18.0
2020-09-16 06:19,11470.0,11471.25,11468.75,11468.75,12.0
2020-09-16 06:20,11469.75,11470.75,11469.5,11470.0,5.0
2020-09-16 06:21,11469.75,11469.75,11465.5,11467.5,11.0
2020-09-16 06:22,11469.75,11477.75,11469.75,11475.25,31.0
2020-09-16 06:23,11475.5,11476.5,11474.75,11475.0,21.0
2020-09-16 06:24,11475.0,11479.0,11475.0,11478.25,8.0
2020-09-16 06:25,11477.75,11477.75,11475.75,11475.75,13.0
2020-09-16 06:26,11478.0,11478.75,11476.0,11476.0,11.0
2020-09-16 06:27,11477.25,11477.25,11476.75,11477.0,4.0
2020-09-16 06:28,11476.0,11477.25,11473.25,11475.75,24.0
2020-09-16 06:29,11474.75,11474.75,11473.0,11474.75,3.0
2020-09-16 06:30,11475.5,11477.5,11475.0,11477.5,20.0
2020-09-16 06:31,11477.75,11484.75,11477.75,11482.5,34.0
2020-09-16 06:32,11483.0,11492.5,11483.0,11489.75,74.0
2020-09-16 06:33,11491.5,11491.5,11487.0,11487.0,46.0
2020-09-16 06:34,11487.75,11489.5,11486.5,11489.0,17.0
2020-09-16 06:35,11489.0,11490.0,11488.0,11488.75,15.0
2020-09-16 06:36,11487.75,11487.75,11487.0,11487.25,10.0
2020-09-16 06:37,11488.25,11496.25,11487.0,11490.0,85.0
2020-09-16 06:38,11490.25,11491.5,11490.0,11490.0,8.0
2020-09-16 06:39,11490.0,11490.5,11489.0,11489.25,10.0
2020-09-16 06:40,11489.25,11489.25,11486.25,11487.0,25.0
2020-09-16 06:41,11485.25,11487.75,11484.0,11485.5,18.0
2020-09-16 06:42,11485.5,11487.0,11485.5,11486.0,6.0
2020-09-16 06:43,11488.75,11490.75,11486.0,11486.0,27.0
2020-09-16 06:44,11484.0,11485.5,11482.25,11483.5,18.0
2020-09-16 06:45,11483.5,11484.75,11483.25,11484.75,11.0
2020-09-16 06:46,11486.0,11486.0,11483.25,11483.25,24.0
2020-09-16 06:47,11484.5,11485.5,11483.5,11484.25,11.0
2020-09-16 06:48,11484.25,11487.5,11484.25,11486.0,12.0
2020-09-16 06:49,11486.0,11486.75,11484.0,11484.0,13.0
2020-09-16 06:50,11483.5,11484.0,11480.25,11482.5,19.0
2020-09-16 06:51,11483.25,11483.25,11481.0,11481.25,6.0
2020-09-16 06:52,11481.0,11481.0,11476.5,11477.75,29.0
2020-09-16 06:53,11478.5,11479.5,11477.25,11479.25,17.0
2020-09-16 06:54,11480.75,11481.5,11480.0,11480.5,26.0
2020-09-16 06:55,11480.25,11484.25,11480.25,11484.25,13.0
2020-09-16 06:56,11484.25,11488.0,11482.75,11488.0,25.0
2020-09-16 06:57,11488.75,11490.75,11488.5,11488.75,29.0
2020-09-16 06:58,11487.25,11489.0,11487.25,11488.75,9.0
2020-09-16 06:59,11490.75,11493.25,11487.75,11491.0,84.0
2020-09-16 07:00,11490.0,11490.25,11480.25,11487.0,71.0
2020-09-16 07:01,11487.0,11492.25,11486.25,11490.75,43.0
2020-09-16 07:02,11490.25,11492.25,11488.25,11491.5,25.0
2020-09-16 07:03,11492.0,11498.25,11490.75,11498.25,41.0
2020-09-16 07:04,11497.5,11497.75,11495.25,11495.75,31.0
2020-09-16 07:05,11498.0,11498.5,11494.5,11495.0,60.0
2020-09-16 07:06,11495.0,11495.5,11492.5,11492.5,41.0
2020-09-16 07:07,11492.0,11492.25,11490.25,11490.25,16.0
2020-09-16 07:08,11490.25,11491.5,11488.5,11489.75,27.0
2020-09-16 07:09,11489.25,11491.5,11487.75,11491.5,12.0
2020-09-16 07:10,11492.5,11495.0,11491.75,11495.0,21.0
2020-09-16 07:11,11493.5,11495.0,11493.5,11495.0,3.0
2020-09-16 07:12,11495.25,11496.0,11491.5,11492.5,18.0
2020-09-16 07:13,11493.0,11500.0,11490.75,11498.75,43.0
2020-09-16 07:14,11498.75,11499.0,11497.0,11497.0,34.0
2020-09-16 07:15,11497.0,11499.0,11496.0,11496.0,26.0
2020-09-16 07:16,11496.0,11497.5,11493.0,11496.5,35.0
2020-09-16 07:17,11497.0,11497.0,11494.25,11495.75,8.0
2020-09-16 07:18,11496.25,11497.0,11496.0,11496.0,5.0
2020-09-16 07:19,11497.25,11499.0,11495.5,11499.0,52.0
2020-09-16 07:20,11499.5,11499.75,11497.25,11497.5,19.0
2020-09-16 07:21,11498.25,11502.25,11496.75,11501.25,51.0
2020-09-16 07:22,11501.5,11502.5,11496.75,11497.25,42.0
2020-09-16 07:23,11497.5,11497.75,11496.0,11497.25,20.0
2020-09-16 07:24,11497.25,11499.5,11497.25,11498.75,5.0
2020-09-16 07:25,11498.5,11498.5,11493.75,11493.75,17.0
2020-09-16 07:26,11493.5,11494.75,11491.5,11491.75,54.0
2020-09-16 07:27,11491.0,11495.0,11490.0,11493.5,39.0
2020-09-16 07:28,11494.5,11494.75,11493.5,11494.25,8.0
2020-09-16 07:29,11495.75,11496.0,11494.5,11495.0,9.0
2020-09-16 07:30,11496.0,11497.75,11495.25,11497.5,15.0
2020-09-16 07:31,11496.75,11497.5,11494.5,11494.5,16.0
2020-09-16 07:32,11494.5,11498.0,11494.5,11498.0,10.0
2020-09-16 07:33,11498.0,11501.5,11496.0,11496.0,26.0
2020-09-16 07:34,11494.5,11496.25,11491.5,11492.75,33.0
2020-09-16 07:35,11492.75,11495.25,11490.75,11493.75,44.0
2020-09-16 07:36,11492.25,11492.25,11487.0,11487.5,49.0
2020-09-16 07:37,11487.75,11492.75,11487.75,11491.5,15.0
2020-09-16 07:38,11490.25,11491.0,11490.25,11491.0,7.0
2020-09-16 07:39,11490.5,11492.5,11489.75,11489.75,34.0
2020-09-16 07:40,11490.0,11490.25,11486.0,11487.75,36.0
2020-09-16 07:41,11488.0,11489.0,11487.75,11488.25,14.0
2020-09-16 07:42,11488.0,11493.0,11488.0,11490.0,57.0
2020-09-16 07:43,11490.5,11492.5,11490.25,11490.25,13.0
2020-09-16 07:44,11490.75,11491.5,11490.25,11490.75,10.0
2020-09-16 07:45,11490.75,11490.75,11488.75,11489.5,16.0
2020-09-16 07:46,11489.25,11492.0,11488.5,11491.5,25.0
2020-09-16 07:47,11492.25,11492.25,11487.75,11492.0,16.0
2020-09-16 07:48,11492.25,11493.75,11491.75,11493.25,20.0
2020-09-16 07:49,11493.75,11493.75,11490.0,11492.5,30.0
2020-09-16 07:50,11492.25,11494.5,11492.0,11492.25,22.0
2020-09-16 07:51,11493.75,11494.75,11492.25,11494.75,14.0
2020-09-16 07:52,11493.75,11507.5,11493.75,11502.75,134.0
2020-09-16 07:53,11503.25,11504.0,11499.25,11500.5,27.0
2020-09-16 07:54,11502.25,11505.0,11500.5,11500.5,26.0
2020-09-16 07:55,11500.5,11503.5,11499.5,11503.25,23.0
2020-09-16 07:56,11503.25,11503.25,11498.0,11499.75,19.0
2020-09-16 07:57,11499.75,11504.0,11499.25,11502.75,15.0
2020-09-16 07:58,11503.0,11503.0,11501.25,11502.5,7.0
2020-09-16 07:59,11502.5,11502.5,11500.5,11500.5,9.0
2020-09-16 08:00,11502.0,11502.5,11493.0,11496.0,24.0
2020-09-16 08:01,11495.5,11497.5,11494.75,11496.5,24.0
2020-09-16 08:02,11496.0,11497.25,11493.25,11495.75,38.0
2020-09-16 08:03,11494.5,11497.5,11494.5,11496.75,8.0
2020-09-16 08:04,11498.25,11501.0,11497.0,11498.5,30.0
2020-09-16 08:05,11500.0,11506.0,11497.25,11503.75,107.0
2020-09-16 08:06,11503.5,11505.25,11501.25,11504.0,58.0
2020-09-16 08:07,11504.75,11511.5,11504.25,11510.75,93.0
2020-09-16 08:08,11509.75,11529.25,11509.75,11519.25,255.0
2020-09-16 08:09,11520.0,11520.75,11518.0,11519.75,50.0
2020-09-16 08:10,11520.5,11523.75,11519.5,11523.25,28.0
2020-09-16 08:11,11523.0,11523.25,11519.75,11522.5,30.0
2020-09-16 08:12,11523.5,11524.25,11521.0,11521.25,50.0
2020-09-16 08:13,11522.25,11523.5,11520.75,11521.5,35.0
2020-09-16 08:14,11522.5,11526.75,11522.0,11525.75,23.0
2020-09-16 08:15,11526.0,11531.75,11526.0,11528.0,85.0
2020-09-16 08:16,11527.0,11528.25,11526.75,11526.75,23.0
2020-09-16 08:17,11526.75,11529.0,11526.75,11527.5,38.0
2020-09-16 08:18,11528.5,11528.75,11526.0,11527.5,20.0
2020-09-16 08:19,11527.5,11528.75,11524.75,11528.25,77.0
2020-09-16 08:20,11528.75,11532.75,11528.5,11531.5,98.0
2020-09-16 08:21,11529.75,11531.75,11529.25,11531.25,50.0
2020-09-16 08:22,11532.0,11539.75,11531.0,11536.5,114.0
2020-09-16 08:23,11537.25,11537.75,11535.0,11537.75,43.0
2020-09-16 08:24,11537.25,11542.0,11536.5,11541.25,54.0
2020-09-16 08:25,11541.5,11541.5,11537.5,11540.0,44.0
2020-09-16 08:26,11539.75,11539.75,11535.25,11536.5,67.0
2020-09-16 08:27,11536.25,11536.5,11535.0,11535.0,39.0
2020-09-16 08:28,11535.5,11536.5,11534.75,11536.5,27.0
2020-09-16 08:29,11536.0,11537.25,11534.5,11535.75,53.0
2020-09-16 08:30,11534.75,11534.75,11531.75,11532.0,38.0
2020-09-16 08:31,11531.5,11532.75,11531.5,11531.5,14.0
2020-09-16 08:32,11531.5,11532.75,11531.0,11531.75,14.0
2020-09-16 08:33,11531.0,11532.25,11530.5,11532.25,19.0
2020-09-16 08:34,11531.25,11532.75,11529.0,11532.75,41.0
2020-09-16 08:35,11531.75,11532.5,11531.25,11532.0,12.0
2020-09-16 08:36,11532.0,11533.5,11531.25,11533.25,14.0
2020-09-16 08:37,11532.75,11533.25,11532.0,11532.75,11.0
2020-09-16 08:38,11533.75,11535.0,11533.25,11534.75,34.0
2020-09-16 08:39,11533.0,11533.0,11530.75,11532.0,17.0
2020-09-16 08:40,11532.5,11532.75,11531.5,11532.25,32.0
2020-09-16 08:41,11533.5,11537.0,11533.25,11537.0,20.0
2020-09-16 08:42,11537.0,11543.0,11536.0,11540.0,152.0
2020-09-16 08:43,11540.0,11540.75,11537.25,11537.25,52.0
2020-09-16 08:44,11537.5,11539.5,11536.0,11536.0,26.0
2020-09-16 08:45,11536.5,11536.5,11533.5,11535.0,33.0
2020-09-16 08:46,11535.0,11536.0,11534.0,11534.0,24.0
2020-09-16 08:47,11534.25,11534.5,11532.5,11534.25,20.0
2020-09-16 08:48,11537.75,11538.0,11535.0,11535.75,14.0
2020-09-16 08:49,11536.25,11539.5,11534.75,11535.5,30.0
2020-09-16 08:50,11535.75,11537.25,11532.5,11535.0,27.0
2020-09-16 08:51,11535.75,11537.25,11531.75,11532.25,41.0
2020-09-16 08:52,11532.5,11533.0,11532.0,11532.25,10.0
2020-09-16 08:53,11533.0,11533.5,11531.0,11532.75,10.0
2020-09-16 08:54,11532.0,11535.5,11530.0,11535.0,35.0
2020-09-16 08:55,11535.5,11539.5,11535.5,11538.5,41.0
2020-09-16 08:56,11539.5,11541.0,11534.75,11535.5,60.0
2020-09-16 08:57,11535.5,11535.5,11528.5,11528.5,48.0
2020-09-16 08:58,11529.5,11531.25,11527.75,11530.0,79.0
2020-09-16 08:59,11529.75,11533.5,11528.75,11533.5,22.0
2020-09-16 09:00,11534.25,11535.0,11532.75,11534.0,14.0
2020-09-16 09:01,11536.5,11546.25,11534.5,11541.25,95.0
2020-09-16 09:02,11542.25,11543.75,11539.5,11542.5,41.0
2020-09-16 09:03,11541.25,11542.0,11536.5,11536.5,40.0
2020-09-16 09:04,11536.75,11539.0,11534.5,11538.25,26.0
2020-09-16 09:05,11537.25,11537.25,11532.5,11535.75,20.0
2020-09-16 09:06,11535.25,11538.0,11532.0,11532.75,36.0
2020-09-16 09:07,11532.5,11535.5,11530.25,11534.25,71.0
2020-09-16 09:08,11535.0,11535.0,11532.75,11533.0,5.0
2020-09-16 09:09,11533.25,11533.25,11528.25,11531.5,68.0
2020-09-16 09:10,11530.75,11530.75,11527.25,11527.25,17.0
2020-09-16 09:11,11526.75,11531.75,11526.25,11528.5,55.0
2020-09-16 09:12,11527.75,11536.5,11527.5,11535.0,36.0
2020-09-16 09:13,11532.75,11532.75,11529.0,11529.0,36.0
2020-09-16 09:14,11529.75,11531.0,11527.75,11528.25,18.0
2020-09-16 09:15,11527.5,11529.75,11527.5,11529.75,16.0
2020-09-16 09:16,11528.5,11530.0,11527.75,11528.5,18.0
2020-09-16 09:17,11528.75,11528.75,11523.0,11523.0,55.0
2020-09-16 09:18,11522.5,11524.75,11520.75,11522.25,87.0
2020-09-16 09:19,11522.25,11526.25,11522.25,11523.25,26.0
2020-09-16 09:20,11523.0,11524.0,11522.0,11522.5,21.0
2020-09-16 09:21,11522.5,11523.5,11519.25,11522.75,45.0
2020-09-16 09:22,11523.0,11530.75,11523.0,11529.5,51.0
2020-09-16 09:23,11529.25,11529.25,11526.25,11529.0,25.0
2020-09-16 09:24,11529.25,11530.75,11528.25,11530.75,11.0
2020-09-16 09:25,11531.0,11532.5,11530.0,11531.0,26.0
2020-09-16 09:26,11532.0,11532.75,11530.75,11531.0,8.0
2020-09-16 09:27,11530.5,11534.25,11530.5,11530.75,30.0
2020-09-16 09:28,11530.75,11534.0,11529.0,11534.0,35.0
2020-09-16 09:29,11533.25,11534.25,11531.5,11532.0,14.0
2020-09-16 09:30,11530.75,11532.75,11530.0,11532.25,31.0
2020-09-16 09:31,11533.75,11533.75,11530.75,11532.0,15.0
2020-09-16 09:32,11532.75,11532.75,11529.5,11529.75,19.0
2020-09-16 09:33,11529.25,11531.75,11529.25,11530.75,18.0
2020-09-16 09:34,11530.25,11531.25,11526.75,11527.75,34.0
2020-09-16 09:35,11527.75,11528.5,11525.5,11525.5,18.0
2020-09-16 09:36,11525.5,11528.5,11525.5,11526.25,20.0
2020-09-16 09:37,11526.25,11529.75,11524.5,11529.75,24.0
2020-09-16 09:38,11528.5,11532.25,11528.25,11532.0,18.0
2020-09-16 09:39,11532.0,11532.25,11527.75,11529.5,19.0
2020-09-16 09:40,11531.25,11533.25,11531.25,11533.25,20.0
2020-09-16 09:41,11533.75,11535.0,11532.5,11533.5,22.0
2020-09-16 09:42,11532.0,11532.5,11530.0,11530.0,21.0
2020-09-16 09:43,11528.75,11529.75,11525.75,11526.75,17.0
2020-09-16 09:44,11526.0,11528.25,11525.0,11525.25,17.0
2020-09-16 09:45,11525.0,11527.5,11525.0,11527.25,22.0
2020-09-16 09:46,11528.25,11528.75,11524.75,11526.0,28.0
2020-09-16 09:47,11526.5,11530.25,11526.5,11528.0,34.0
2020-09-16 09:48,11528.25,11529.25,11527.0,11527.25,17.0
2020-09-16 09:49,11526.5,11528.25,11525.25,11525.5,21.0
2020-09-16 09:50,11524.5,11526.25,11520.25,11520.25,49.0
2020-09-16 09:51,11520.25,11522.25,11516.75,11520.5,72.0
2020-09-16 09:52,11521.0,11523.0,11520.0,11522.5,22.0
2020-09-16 09:53,11521.0,11521.0,11517.25,11519.25,53.0
2020-09-16 09:54,11519.25,11522.0,11519.25,11520.0,18.0
2020-09-16 09:55,11520.25,11520.75,11517.25,11517.25,10.0
2020-09-16 09:56,11517.75,11521.0,11515.75,11520.75,44.0
2020-09-16 09:57,11520.75,11524.25,11520.75,11522.25,34.0
2020-09-16 09:58,11522.25,11523.0,11521.75,11523.0,11.0
2020-09-16 09:59,11522.75,11522.75,11519.25,11519.5,7.0
2020-09-16 10:00,11520.0,11521.5,11519.0,11521.5,24.0
2020-09-16 10:01,11520.75,11520.75,11514.5,11516.5,46.0
2020-09-16 10:02,11517.0,11517.25,11516.25,11517.25,15.0
2020-09-16 10:03,11517.25,11517.75,11516.25,11516.25,9.0
2020-09-16 10:04,11517.0,11517.25,11514.25,11514.25,30.0
2020-09-16 10:05,11516.25,11516.25,11508.75,11511.25,61.0
2020-09-16 10:06,11511.0,11511.0,11505.25,11510.75,100.0
2020-09-16 10:07,11511.0,11515.5,11510.0,11512.5,41.0
2020-09-16 10:08,11511.75,11512.5,11510.5,11511.5,81.0
2020-09-16 10:09,11511.75,11514.25,11511.0,11513.0,46.0
2020-09-16 10:10,11513.5,11514.5,11513.5,11514.25,17.0
2020-09-16 10:11,11513.75,11515.25,11512.25,11515.25,30.0
2020-09-16 10:12,11516.25,11516.25,11510.5,11511.0,27.0
2020-09-16 10:13,11511.0,11511.5,11509.5,11510.0,45.0
2020-09-16 10:14,11510.75,11510.75,11509.5,11510.25,14.0
2020-09-16 10:15,11509.75,11512.75,11509.5,11512.75,22.0
2020-09-16 10:16,11513.25,11515.25,11510.5,11512.25,35.0
2020-09-16 10:17,11512.5,11512.5,11509.5,11510.5,13.0
2020-09-16 10:18,11510.25,11510.25,11508.25,11510.0,15.0
2020-09-16 10:19,11511.0,11512.5,11510.5,11512.5,21.0
2020-09-16 10:20,11511.5,11513.5,11511.25,11513.25,34.0
2020-09-16 10:21,11512.5,11513.0,11508.5,11510.25,45.0
2020-09-16 10:22,11510.25,11511.0,11508.25,11510.25,20.0
2020-09-16 10:23,11509.5,11511.75,11507.5,11507.5,59.0
2020-09-16 10:24,11507.25,11511.0,11506.5,11510.25,28.0
2020-09-16 10:25,11509.25,11511.5,11508.75,11511.0,20.0
2020-09-16 10:26,11510.25,11510.25,11508.75,11509.0,9.0
2020-09-16 10:27,11509.0,11510.0,11505.0,11508.75,64.0
2020-09-16 10:28,11510.25,11512.25,11510.25,11511.0,14.0
2020-09-16 10:29,11511.75,11512.75,11510.5,11511.0,28.0
2020-09-16 10:30,11512.0,11512.0,11508.25,11510.5,21.0
2020-09-16 10:31,11511.5,11511.5,11509.0,11510.75,23.0
2020-09-16 10:32,11510.25,11511.75,11510.25,11511.75,8.0
2020-09-16 10:33,11512.5,11512.5,11507.25,11507.5,19.0
2020-09-16 10:34,11508.0,11510.0,11506.75,11507.25,28.0
2020-09-16 10:35,11506.75,11514.75,11506.75,11514.0,25.0
2020-09-16 10:36,11514.0,11517.0,11512.75,11516.0,41.0
2020-09-16 10:37,11517.25,11519.75,11516.25,11518.75,45.0
2020-09-16 10:38,11519.75,11520.0,11517.5,11520.0,32.0
2020-09-16 10:39,11520.0,11522.5,11519.75,11520.0,55.0
2020-09-16 10:40,11520.0,11521.5,11518.75,11520.5,33.0
2020-09-16 10:41,11520.0,11521.0,11519.75,11521.0,15.0
2020-09-16 10:42,11520.25,11520.75,11518.5,11520.0,25.0
2020-09-16 10:43,11520.0,11523.25,11518.5,11523.25,37.0
2020-09-16 10:44,11523.5,11524.25,11522.5,11523.25,32.0
2020-09-16 10:45,11523.5,11523.5,11521.75,11521.75,16.0
2020-09-16 10:46,11521.5,11535.25,11518.5,11531.0,139.0
2020-09-16 10:47,11531.5,11534.0,11531.25,11532.5,58.0
2020-09-16 10:48,11531.5,11535.25,11529.0,11530.5,62.0
2020-09-16 10:49,11531.5,11536.75,11531.5,11533.0,45.0
2020-09-16 10:50,11534.0,11536.25,11532.0,11536.25,39.0
2020-09-16 10:51,11536.25,11550.0,11535.25,11546.5,293.0
2020-09-16 10:52,11548.0,11548.0,11542.25,11543.75,78.0
2020-09-16 10:53,11544.75,11545.0,11542.5,11545.0,34.0
2020-09-16 10:54,11544.25,11544.25,11541.75,11543.25,21.0
2020-09-16 10:55,11543.75,11546.0,11543.75,11544.0,20.0
2020-09-16 10:56,11543.5,11546.5,11542.75,11545.0,50.0
2020-09-16 10:57,11541.5,11541.5,11537.0,11538.75,59.0
2020-09-16 10:58,11539.5,11541.75,11537.25,11537.75,28.0
2020-09-16 10:59,11537.75,11538.75,11536.5,11536.5,22.0
2020-09-16 11:00,11537.25,11537.25,11533.25,11535.25,39.0
2020-09-16 11:01,11535.5,11535.75,11530.75,11531.75,51.0
2020-09-16 11:02,11531.75,11533.0,11528.5,11530.25,38.0
2020-09-16 11:03,11529.0,11529.75,11525.25,11527.5,75.0
2020-09-16 11:04,11525.25,11525.25,11522.5,11525.25,31.0
2020-09-16 11:05,11526.0,11528.75,11526.0,11526.75,37.0
2020-09-16 11:06,11527.5,11527.75,11522.5,11522.5,45.0
2020-09-16 11:07,11522.5,11522.5,11516.5,11519.75,80.0
2020-09-16 11:08,11518.75,11519.25,11515.25,11517.75,65.0
2020-09-16 11:09,11517.75,11521.75,11517.75,11521.25,29.0
2020-09-16 11:10,11520.75,11521.0,11520.0,11520.75,15.0
2020-09-16 11:11,11520.25,11522.0,11518.75,11518.75,18.0
2020-09-16 11:12,11520.0,11520.0,11511.25,11514.25,70.0
2020-09-16 11:13,11513.5,11513.75,11509.75,11511.0,29.0
2020-09-16 11:14,11510.0,11513.75,11508.75,11513.75,65.0
2020-09-16 11:15,11511.75,11515.5,11509.5,11509.5,30.0
2020-09-16 11:16,11509.5,11511.75,11508.25,11511.75,48.0
2020-09-16 11:17,11511.0,11513.5,11511.0,11512.5,23.0
2020-09-16 11:18,11512.5,11512.5,11501.25,11504.0,139.0
2020-09-16 11:19,11503.75,11503.75,11500.5,11500.5,25.0
2020-09-16 11:20,11500.5,11501.25,11499.75,11500.0,43.0
2020-09-16 11:21,11501.0,11501.75,11491.5,11491.5,128.0
2020-09-16 11:22,11491.25,11493.0,11486.25,11490.75,167.0
2020-09-16 11:23,11489.75,11491.25,11480.0,11481.0,157.0
2020-09-16 11:24,11480.75,11486.0,11480.25,11484.5,82.0
2020-09-16 11:25,11484.5,11487.5,11482.0,11485.5,112.0
2020-09-16 11:26,11485.75,11491.5,11484.5,11486.25,82.0
2020-09-16 11:27,11489.0,11490.0,11484.75,11486.25,31.0
2020-09-16 11:28,11486.75,11490.75,11485.5,11488.75,36.0
2020-09-16 11:29,11488.25,11488.25,11477.0,11477.0,99.0
2020-09-16 11:30,11478.0,11485.5,11477.5,11483.5,73.0
2020-09-16 11:31,11483.25,11484.5,11480.5,11482.5,50.0
2020-09-16 11:32,11483.25,11487.0,11482.5,11486.0,94.0
2020-09-16 11:33,11486.0,11486.5,11483.75,11485.5,23.0
2020-09-16 11:34,11483.75,11485.5,11483.25,11483.25,24.0
2020-09-16 11:35,11483.25,11484.0,11481.0,11482.75,32.0
2020-09-16 11:36,11481.75,11481.75,11474.5,11475.0,94.0
2020-09-16 11:37,11475.5,11478.25,11475.0,11476.0,26.0
2020-09-16 11:38,11475.0,11477.0,11470.5,11477.0,109.0
2020-09-16 11:39,11477.0,11480.0,11475.25,11478.0,92.0
2020-09-16 11:40,11478.25,11479.0,11471.25,11474.25,70.0
2020-09-16 11:41,11474.5,11479.0,11473.0,11478.75,74.0
2020-09-16 11:42,11479.0,11482.75,11479.0,11482.0,49.0
2020-09-16 11:43,11482.0,11487.5,11481.75,11484.25,56.0
2020-09-16 11:44,11484.25,11488.25,11484.25,11486.0,42.0
2020-09-16 11:45,11486.25,11489.0,11485.75,11487.0,41.0
2020-09-16 11:46,11486.75,11486.75,11484.0,11484.75,16.0
2020-09-16 11:47,11485.0,11494.25,11483.25,11492.5,172.0
2020-09-16 11:48,11493.0,11498.25,11492.5,11496.75,149.0
2020-09-16 11:49,11496.5,11496.5,11493.75,11494.25,27.0
2020-09-16 11:50,11496.0,11496.0,11492.5,11493.5,23.0
2020-09-16 11:51,11493.5,11497.0,11493.5,11494.0,38.0
2020-09-16 11:52,11494.5,11498.0,11494.5,11496.25,28.0
2020-09-16 11:53,11496.25,11496.75,11494.75,11496.0,13.0
2020-09-16 11:54,11494.75,11496.0,11494.0,11494.0,12.0
2020-09-16 11:55,11493.5,11496.25,11493.5,11496.0,26.0
2020-09-16 11:56,11495.0,11496.75,11494.75,11494.75,10.0
2020-09-16 11:57,11493.75,11494.5,11492.25,11493.25,15.0
2020-09-16 11:58,11493.5,11493.5,11485.75,11486.25,86.0
2020-09-16 11:59,11485.5,11504.0,11483.5,11502.25,149.0
2020-09-16 12:00,11502.25,11504.75,11497.25,11502.5,118.0
2020-09-16 12:01,11502.0,11503.0,11496.25,11496.25,45.0
2020-09-16 12:02,11496.25,11496.5,11492.0,11493.75,55.0
2020-09-16 12:03,11492.75,11494.5,11489.75,11491.5,55.0
2020-09-16 12:04,11491.25,11492.5,11487.75,11488.5,68.0
2020-09-16 12:05,11487.75,11493.0,11487.5,11490.75,32.0
2020-09-16 12:06,11490.0,11496.0,11490.0,11496.0,25.0
2020-09-16 12:07,11496.0,11502.0,11496.0,11501.25,80.0
2020-09-16 12:08,11501.25,11502.0,11497.5,11498.5,43.0
2020-09-16 12:09,11498.5,11500.75,11498.5,11499.75,13.0
2020-09-16 12:10,11498.75,11499.5,11496.0,11498.5,13.0
2020-09-16 12:11,11498.0,11498.0,11496.0,11496.75,10.0
2020-09-16 12:12,11498.0,11498.0,11494.25,11495.5,16.0
2020-09-16 12:13,11494.75,11495.75,11494.75,11495.75,11.0
2020-09-16 12:14,11495.25,11501.75,11493.5,11501.25,63.0
2020-09-16 12:15,11500.0,11502.25,11499.5,11499.5,37.0
2020-09-16 12:16,11500.25,11502.5,11499.75,11500.5,34.0
2020-09-16 12:17,11501.25,11501.25,11496.75,11498.75,14.0
2020-09-16 12:18,11498.75,11499.25,11494.25,11499.25,31.0
2020-09-16 12:19,11499.5,11500.25,11498.0,11498.0,16.0
2020-09-16 12:20,11498.5,11499.25,11496.75,11497.5,16.0
2020-09-16 12:21,11497.25,11499.25,11497.25,11498.5,8.0
2020-09-16 12:22,11497.75,11503.0,11496.75,11503.0,59.0
2020-09-16 12:23,11503.0,11503.0,11494.5,11496.0,136.0
2020-09-16 12:24,11496.0,11497.25,11494.5,11496.75,43.0
2020-09-16 12:25,11498.0,11499.0,11497.5,11497.5,56.0
2020-09-16 12:26,11497.5,11498.0,11496.75,11498.0,4.0
2020-09-16 12:27,11499.25,11501.25,11498.5,11499.5,25.0
2020-09-16 12:28,11499.5,11503.0,11499.5,11500.5,21.0
2020-09-16 12:29,11500.5,11500.5,11498.75,11498.75,9.0
2020-09-16 12:30,11498.75,11501.25,11494.5,11497.75,45.0
2020-09-16 12:31,11498.5,11500.75,11495.0,11496.75,65.0
2020-09-16 12:32,11495.75,11496.0,11484.5,11487.5,134.0
2020-09-16 12:33,11487.25,11491.5,11486.5,11488.0,51.0
2020-09-16 12:34,11487.75,11488.5,11485.75,11487.25,49.0
2020-09-16 12:35,11486.0,11487.0,11484.0,11485.25,44.0
2020-09-16 12:36,11484.75,11491.75,11484.75,11489.5,56.0
2020-09-16 12:37,11489.5,11490.75,11488.0,11488.5,42.0
2020-09-16 12:38,11487.5,11487.75,11486.25,11487.75,14.0
2020-09-16 12:39,11488.25,11488.25,11478.25,11480.0,134.0
2020-09-16 12:40,11481.25,11485.75,11481.25,11483.25,49.0
2020-09-16 12:41,11482.0,11483.25,11482.0,11483.0,11.0
2020-09-16 12:42,11482.0,11483.75,11481.75,11483.75,25.0
2020-09-16 12:43,11483.25,11486.25,11482.5,11486.25,47.0
2020-09-16 12:44,11485.5,11493.25,11485.5,11491.5,137.0
2020-09-16 12:45,11490.25,11490.5,11488.75,11490.0,27.0
2020-09-16 12:46,11490.75,11493.5,11490.0,11493.5,38.0
2020-09-16 12:47,11492.75,11496.5,11492.0,11492.25,52.0
2020-09-16 12:48,11492.0,11493.0,11486.75,11493.0,89.0
2020-09-16 12:49,11491.5,11493.25,11488.75,11488.75,70.0
2020-09-16 12:50,11489.25,11489.25,11485.0,11485.75,51.0
2020-09-16 12:51,11487.0,11489.5,11487.0,11489.0,37.0
2020-09-16 12:52,11488.75,11491.5,11488.5,11490.75,45.0
2020-09-16 12:53,11490.25,11493.0,11490.25,11493.0,53.0
2020-09-16 12:54,11493.75,11495.25,11491.75,11491.75,42.0
2020-09-16 12:55,11491.75,11492.25,11488.5,11489.25,37.0
2020-09-16 12:56,11489.25,11494.0,11489.25,11493.5,37.0
2020-09-16 12:57,11493.75,11496.0,11492.5,11492.75,37.0
2020-09-16 12:58,11492.25,11492.25,11487.25,11488.25,69.0
2020-09-16 12:59,11488.0,11489.75,11486.5,11488.5,43.0
2020-09-16 13:00,11487.25,11487.75,11482.0,11482.25,92.0
2020-09-16 13:01,11483.5,11484.75,11482.25,11484.0,35.0
2020-09-16 13:02,11483.0,11483.25,11480.0,11482.0,70.0
2020-09-16 13:03,11483.25,11486.75,11483.0,11486.5,54.0
2020-09-16 13:04,11485.75,11487.25,11484.75,11485.0,73.0
2020-09-16 13:05,11484.75,11484.75,11478.0,11479.5,69.0
2020-09-16 13:06,11479.5,11480.75,11474.25,11476.25,87.0
2020-09-16 13:07,11476.5,11478.0,11474.0,11474.0,46.0
2020-09-16 13:08,11475.75,11477.0,11472.75,11476.25,68.0
2020-09-16 13:09,11476.0,11481.0,11476.0,11479.75,49.0
2020-09-16 13:10,11479.0,11479.0,11473.25,11477.25,69.0
2020-09-16 13:11,11477.75,11478.25,11473.5,11473.5,40.0
2020-09-16 13:12,11474.25,11476.0,11471.0,11475.25,78.0
2020-09-16 13:13,11475.5,11475.75,11473.25,11473.25,29.0
2020-09-16 13:14,11472.75,11473.5,11467.5,11468.25,67.0
2020-09-16 13:15,11468.25,11468.5,11464.75,11468.25,85.0
2020-09-16 13:16,11467.5,11471.5,11462.0,11470.0,102.0
2020-09-16 13:17,11470.0,11470.5,11468.75,11469.5,44.0
2020-09-16 13:18,11470.0,11474.25,11470.0,11473.5,87.0
2020-09-16 13:19,11474.25,11478.25,11473.75,11477.75,37.0
2020-09-16 13:20,11478.0,11478.0,11473.25,11473.25,39.0
2020-09-16 13:21,11472.75,11474.25,11470.75,11470.75,35.0
2020-09-16 13:22,11471.75,11472.0,11469.75,11470.5,26.0
2020-09-16 13:23,11471.5,11472.0,11468.75,11468.75,60.0
2020-09-16 13:24,11468.5,11469.25,11466.0,11466.0,44.0
2020-09-16 13:25,11466.0,11468.75,11465.25,11467.0,54.0
2020-09-16 13:26,11466.0,11466.0,11457.5,11458.25,185.0
2020-09-16 13:27,11459.5,11461.0,11457.25,11458.0,98.0
2020-09-16 13:28,11458.75,11470.0,11458.5,11469.5,191.0
2020-09-16 13:29,11470.0,11470.75,11465.25,11466.25,132.0
2020-09-16 13:30,11466.25,11477.5,11461.5,11463.75,410.0
2020-09-16 13:31,11463.75,11480.0,11463.0,11472.75,360.0
2020-09-16 13:32,11473.25,11486.25,11471.75,11475.0,360.0
2020-09-16 13:33,11473.5,11480.0,11463.75,11475.0,333.0
2020-09-16 13:34,11477.0,11486.5,11463.5,11463.75,444.0
2020-09-16 13:35,11463.75,11475.75,11463.5,11468.5,413.0
2020-09-16 13:36,11470.0,11476.75,11452.0,11453.75,392.0
2020-09-16 13:37,11454.5,11459.0,11448.75,11451.75,472.0
2020-09-16 13:38,11451.25,11471.75,11451.25,11469.0,349.0
2020-09-16 13:39,11468.75,11483.75,11468.75,11479.0,307.0
2020-09-16 13:40,11479.25,11491.5,11477.75,11486.5,422.0
2020-09-16 13:41,11485.25,11486.25,11466.5,11471.75,381.0
2020-09-16 13:42,11471.5,11473.25,11462.0,11470.25,274.0
2020-09-16 13:43,11467.5,11467.5,11455.75,11461.75,257.0
2020-09-16 13:44,11461.25,11461.25,11436.0,11437.75,639.0
2020-09-16 13:45,11437.5,11449.0,11437.5,11446.0,493.0
2020-09-16 13:46,11446.25,11446.25,11431.25,11439.25,323.0
2020-09-16 13:47,11439.25,11448.25,11439.25,11446.25,254.0
2020-09-16 13:48,11446.5,11452.75,11435.75,11441.0,214.0
2020-09-16 13:49,11440.0,11440.25,11423.5,11428.75,370.0
2020-09-16 13:50,11429.5,11430.25,11410.0,11416.25,445.0
2020-09-16 13:51,11416.25,11438.25,11416.25,11435.25,429.0
2020-09-16 13:52,11436.25,11441.0,11432.5,11440.75,199.0
2020-09-16 13:53,11442.0,11451.25,11441.0,11445.5,294.0
2020-09-16 13:54,11446.25,11448.75,11437.5,11448.75,157.0
2020-09-16 13:55,11448.25,11457.0,11448.25,11452.5,297.0
2020-09-16 13:56,11452.5,11460.5,11451.75,11454.0,208.0
2020-09-16 13:57,11454.5,11458.75,11452.0,11453.5,138.0
2020-09-16 13:58,11453.25,11456.0,11446.0,11446.75,225.0
2020-09-16 13:59,11447.25,11462.0,11446.5,11459.75,103.0
2020-09-16 14:00,11459.25,11469.75,11453.0,11453.25,227.0
2020-09-16 14:01,11453.25,11462.25,11449.25,11460.0,215.0
2020-09-16 14:02,11459.25,11461.5,11454.75,11457.25,108.0
2020-09-16 14:03,11458.25,11458.75,11445.25,11451.25,205.0
2020-09-16 14:04,11452.0,11456.75,11448.5,11451.75,145.0
2020-09-16 14:05,11451.5,11451.5,11440.0,11444.5,184.0
2020-09-16 14:06,11442.25,11446.25,11436.0,11442.25,170.0
2020-09-16 14:07,11442.25,11454.0,11436.5,11451.75,239.0
2020-09-16 14:08,11453.5,11459.5,11447.5,11448.25,171.0
2020-09-16 14:09,11450.75,11457.0,11449.75,11454.0,102.0
2020-09-16 14:10,11454.25,11467.25,11449.5,11466.5,292.0
2020-09-16 14:11,11465.0,11467.25,11462.5,11465.25,122.0
2020-09-16 14:12,11465.25,11465.25,11453.25,11454.25,146.0
2020-09-16 14:13,11456.0,11461.75,11442.0,11443.0,202.0
2020-09-16 14:14,11443.75,11448.0,11440.0,11447.75,132.0
2020-09-16 14:15,11448.0,11455.75,11430.5,11437.5,325.0
2020-09-16 14:16,11437.5,11439.0,11429.0,11434.75,189.0
2020-09-16 14:17,11436.25,11436.5,11425.0,11426.0,291.0
2020-09-16 14:18,11426.5,11427.25,11411.0,11411.75,267.0
2020-09-16 14:19,11411.0,11420.5,11408.5,11412.75,198.0
2020-09-16 14:20,11416.0,11428.5,11412.75,11424.75,175.0
2020-09-16 14:21,11426.0,11428.0,11420.0,11420.5,103.0
2020-09-16 14:22,11419.5,11419.5,11400.25,11414.0,378.0
2020-09-16 14:23,11414.25,11429.5,11413.25,11425.25,286.0
2020-09-16 14:24,11425.0,11430.0,11423.75,11427.75,194.0
2020-09-16 14:25,11428.25,11429.25,11417.5,11419.25,201.0
2020-09-16 14:26,11418.25,11418.25,11410.0,11413.0,173.0
2020-09-16 14:27,11414.25,11422.0,11413.0,11415.5,203.0
2020-09-16 14:28,11415.25,11422.75,11406.25,11422.0,171.0
2020-09-16 14:29,11422.0,11431.0,11422.0,11427.0,166.0
2020-09-16 14:30,11426.75,11432.25,11423.0,11430.25,207.0
2020-09-16 14:31,11430.25,11432.25,11423.25,11426.0,98.0
2020-09-16 14:32,11424.75,11426.5,11408.5,11413.0,248.0
2020-09-16 14:33,11414.25,11414.75,11400.75,11406.0,239.0
2020-09-16 14:34,11404.5,11411.25,11395.0,11409.0,488.0
2020-09-16 14:35,11409.5,11413.5,11405.0,11406.75,238.0
2020-09-16 14:36,11405.75,11406.75,11384.25,11389.25,436.0
2020-09-16 14:37,11388.25,11393.5,11384.25,11385.75,178.0
2020-09-16 14:38,11386.75,11395.5,11380.75,11395.5,273.0
2020-09-16 14:39,11395.0,11399.0,11388.0,11391.0,198.0
2020-09-16 14:40,11391.0,11400.75,11389.25,11395.75,180.0
2020-09-16 14:41,11395.5,11401.0,11392.75,11397.5,109.0
2020-09-16 14:42,11398.25,11400.75,11385.5,11385.5,114.0
2020-09-16 14:43,11385.75,11392.25,11385.0,11388.75,70.0
2020-09-16 14:44,11389.25,11389.5,11372.5,11374.0,384.0
2020-09-16 14:45,11375.75,11381.25,11353.75,11356.0,526.0
2020-09-16 14:46,11356.5,11362.5,11354.75,11358.0,323.0
2020-09-16 14:47,11361.25,11363.75,11350.75,11363.25,232.0
2020-09-16 14:48,11361.75,11366.75,11358.75,11360.25,151.0
2020-09-16 14:49,11363.0,11369.75,11358.75,11369.5,246.0
2020-09-16 14:50,11369.5,11372.25,11363.5,11365.5,230.0
2020-09-16 14:51,11367.0,11383.5,11367.0,11380.5,280.0
2020-09-16 14:52,11381.5,11388.5,11379.75,11388.0,206.0
2020-09-16 14:53,11387.0,11391.75,11385.75,11388.25,164.0
2020-09-16 14:54,11388.5,11388.5,11381.75,11382.0,179.0
2020-09-16 14:55,11381.5,11395.5,11378.0,11394.5,242.0
2020-09-16 14:56,11395.0,11398.5,11390.5,11397.0,154.0
2020-09-16 14:57,11396.5,11399.5,11393.25,11397.0,179.0
2020-09-16 14:58,11397.75,11398.25,11391.75,11392.25,101.0
2020-09-16 14:59,11392.0,11392.25,11385.5,11386.0,185.0
2020-09-16 15:00,11386.0,11394.25,11383.25,11391.5,176.0
2020-09-16 15:01,11390.25,11396.25,11386.0,11390.0,146.0
2020-09-16 15:02,11390.75,11403.5,11390.75,11400.5,180.0
2020-09-16 15:03,11400.25,11405.0,11395.0,11404.5,281.0
2020-09-16 15:04,11404.5,11406.75,11401.25,11404.25,319.0
2020-09-16 15:05,11404.25,11404.25,11395.5,11397.5,227.0
2020-09-16 15:06,11397.5,11402.25,11396.0,11400.75,140.0
2020-09-16 15:07,11402.0,11409.5,11402.0,11403.25,272.0
2020-09-16 15:08,11404.25,11408.0,11398.75,11406.5,291.0
2020-09-16 15:09,11406.25,11406.5,11398.5,11400.25,147.0
2020-09-16 15:10,11401.0,11403.0,11391.5,11393.75,189.0
2020-09-16 15:11,11392.75,11398.0,11385.75,11395.0,241.0
2020-09-16 15:12,11394.75,11404.25,11394.75,11401.0,159.0
2020-09-16 15:13,11401.5,11416.5,11401.25,11414.0,288.0
2020-09-16 15:14,11415.0,11424.5,11413.75,11422.0,275.0
2020-09-16 15:15,11422.75,11430.0,11420.5,11429.25,320.0
2020-09-16 15:16,11427.5,11437.75,11423.75,11434.25,372.0
2020-09-16 15:17,11434.75,11435.0,11428.25,11429.75,236.0
2020-09-16 15:18,11430.75,11434.75,11430.0,11430.5,123.0
2020-09-16 15:19,11430.5,11435.5,11427.75,11435.5,118.0
2020-09-16 15:20,11435.0,11442.25,11434.25,11436.5,221.0
2020-09-16 15:21,11437.25,11437.5,11430.5,11433.75,193.0
2020-09-16 15:22,11433.75,11439.25,11432.0,11435.75,148.0
2020-09-16 15:23,11435.75,11436.75,11430.5,11435.25,125.0
2020-09-16 15:24,11433.0,11442.0,11431.0,11438.0,201.0
2020-09-16 15:25,11438.25,11438.25,11426.5,11434.0,352.0
2020-09-16 15:26,11433.25,11434.25,11430.0,11433.25,91.0
2020-09-16 15:27,11433.25,11438.5,11431.5,11433.0,227.0
2020-09-16 15:28,11433.25,11434.25,11425.5,11428.75,143.0
2020-09-16 15:29,11429.0,11436.25,11428.0,11428.5,158.0
2020-09-16 15:30,11430.25,11433.25,11425.75,11426.25,182.0
2020-09-16 15:31,11426.0,11431.25,11424.5,11430.25,218.0
2020-09-16 15:32,11429.75,11436.75,11429.75,11435.5,201.0
2020-09-16 15:33,11434.75,11444.5,11434.5,11442.75,221.0
2020-09-16 15:34,11442.25,11447.25,11439.25,11440.75,217.0
2020-09-16 15:35,11440.0,11443.75,11435.25,11437.75,138.0
2020-09-16 15:36,11437.0,11441.75,11437.0,11439.0,98.0
2020-09-16 15:37,11439.25,11446.0,11438.0,11443.25,156.0
2020-09-16 15:38,11443.5,11443.5,11434.5,11435.0,265.0
2020-09-16 15:39,11435.0,11438.5,11428.75,11429.25,188.0
2020-09-16 15:40,11430.5,11434.0,11426.0,11434.0,162.0
2020-09-16 15:41,11434.25,11435.25,11432.25,11433.25,113.0
2020-09-16 15:42,11432.75,11432.75,11425.0,11429.0,136.0
2020-09-16 15:43,11429.5,11432.75,11425.5,11428.75,123.0
2020-09-16 15:44,11429.75,11430.0,11420.75,11423.25,200.0
2020-09-16 15:45,11423.0,11429.0,11419.5,11419.75,206.0
2020-09-16 15:46,11420.5,11426.5,11420.0,11421.0,201.0
2020-09-16 15:47,11422.25,11423.5,11413.5,11415.0,152.0
2020-09-16 15:48,11415.0,11416.5,11412.0,11413.0,143.0
2020-09-16 15:49,11415.0,11420.0,11414.5,11419.25,128.0
2020-09-16 15:50,11419.25,11419.5,11411.25,11413.0,149.0
2020-09-16 15:51,11412.25,11417.5,11412.25,11413.75,133.0
2020-09-16 15:52,11414.25,11415.0,11407.5,11411.0,288.0
2020-09-16 15:53,11411.5,11413.25,11409.5,11409.75,71.0
2020-09-16 15:54,11409.75,11413.0,11408.75,11412.25,103.0
2020-09-16 15:55,11413.25,11413.5,11405.25,11406.75,145.0
2020-09-16 15:56,11406.25,11406.25,11401.75,11404.25,145.0
2020-09-16 15:57,11403.75,11403.75,11400.0,11402.75,125.0
2020-09-16 15:58,11401.75,11408.0,11400.25,11405.25,130.0
2020-09-16 15:59,11405.5,11406.5,11398.25,11398.5,104.0
2020-09-16 16:00,11398.75,11409.5,11398.25,11406.75,186.0
2020-09-16 16:01,11406.5,11409.25,11405.25,11407.0,142.0
2020-09-16 16:02,11407.25,11409.75,11405.0,11409.5,61.0
2020-09-16 16:03,11409.0,11416.75,11409.0,11415.0,178.0
2020-09-16 16:04,11415.25,11416.75,11413.75,11415.0,91.0
2020-09-16 16:05,11415.0,11417.25,11409.5,11410.25,143.0
2020-09-16 16:06,11410.0,11410.0,11402.0,11406.75,183.0
2020-09-16 16:07,11407.0,11409.0,11402.75,11403.25,86.0
2020-09-16 16:08,11403.0,11408.75,11402.75,11406.25,71.0
2020-09-16 16:09,11406.25,11412.75,11405.25,11412.75,58.0
2020-09-16 16:10,11413.0,11419.25,11411.0,11411.5,162.0
2020-09-16 16:11,11411.0,11411.0,11402.75,11406.0,154.0
2020-09-16 16:12,11405.75,11410.5,11401.25,11402.5,206.0
2020-09-16 16:13,11402.75,11405.25,11386.75,11389.75,517.0
2020-09-16 16:14,11389.5,11394.25,11387.5,11393.25,204.0
2020-09-16 16:15,11393.5,11397.0,11389.0,11390.25,95.0
2020-09-16 16:16,11390.25,11390.25,11379.75,11382.75,214.0
2020-09-16 16:17,11383.0,11385.0,11378.0,11380.25,165.0
2020-09-16 16:18,11379.25,11379.5,11375.75,11379.5,160.0
2020-09-16 16:19,11380.0,11384.25,11379.75,11383.75,100.0
2020-09-16 16:20,11383.0,11386.75,11382.75,11384.25,85.0
2020-09-16 16:21,11385.0,11389.0,11384.0,11385.0,63.0
2020-09-16 16:22,11384.25,11384.75,11381.75,11382.25,53.0
2020-09-16 16:23,11384.0,11388.75,11383.25,11388.0,66.0
2020-09-16 16:24,11387.5,11389.75,11385.0,11385.25,82.0
2020-09-16 16:25,11385.5,11385.5,11377.75,11378.25,179.0
2020-09-16 16:26,11378.75,11385.25,11378.25,11383.75,79.0
2020-09-16 16:27,11384.0,11385.0,11376.0,11376.75,80.0
2020-09-16 16:28,11375.75,11389.25,11372.5,11389.25,158.0
2020-09-16 16:29,11389.25,11394.5,11388.75,11390.5,138.0
2020-09-16 16:30,11390.5,11390.5,11382.5,11382.5,93.0
2020-09-16 16:31,11383.0,11386.0,11380.25,11384.75,88.0
2020-09-16 16:32,11383.75,11385.0,11371.75,11374.25,202.0
2020-09-16 16:33,11374.75,11379.5,11374.75,11379.5,57.0
2020-09-16 16:34,11378.75,11378.75,11372.0,11374.0,113.0
2020-09-16 16:35,11374.5,11382.0,11373.25,11376.0,153.0
2020-09-16 16:36,11376.5,11377.0,11368.75,11373.0,132.0
2020-09-16 16:37,11372.75,11374.75,11369.5,11373.75,82.0
2020-09-16 16:38,11373.5,11380.5,11368.75,11380.0,180.0
2020-09-16 16:39,11379.75,11385.75,11378.0,11384.75,132.0
2020-09-16 16:40,11383.25,11383.25,11375.75,11379.5,164.0
2020-09-16 16:41,11379.75,11382.25,11376.25,11377.5,82.0
2020-09-16 16:42,11377.25,11382.25,11372.5,11372.75,138.0
2020-09-16 16:43,11372.25,11372.5,11365.0,11366.0,180.0
2020-09-16 16:44,11367.25,11373.0,11367.25,11372.75,96.0
2020-09-16 16:45,11372.5,11376.75,11369.25,11371.75,120.0
2020-09-16 16:46,11371.0,11372.0,11367.0,11368.5,76.0
2020-09-16 16:47,11369.0,11371.0,11366.25,11366.5,97.0
2020-09-16 16:48,11366.75,11366.75,11356.5,11358.75,620.0
2020-09-16 16:49,11356.75,11360.75,11356.0,11359.0,77.0
2020-09-16 16:50,11358.5,11364.5,11357.5,11362.75,98.0
2020-09-16 16:51,11362.25,11365.5,11360.75,11362.75,239.0
2020-09-16 16:52,11361.25,11361.5,11357.5,11360.0,75.0
2020-09-16 16:53,11360.75,11362.25,11360.0,11361.5,27.0
2020-09-16 16:54,11360.75,11368.25,11360.0,11367.25,92.0
2020-09-16 16:55,11367.25,11378.75,11367.0,11377.25,202.0
2020-09-16 16:56,11377.0,11379.5,11376.25,11376.75,61.0
2020-09-16 16:57,11376.5,11385.0,11375.25,11383.75,125.0
2020-09-16 16:58,11383.25,11383.75,11380.0,11383.0,99.0
2020-09-16 16:59,11383.0,11383.0,11372.5,11372.5,134.0
2020-09-16 17:00,11372.0,11372.75,11367.75,11367.75,161.0
2020-09-16 17:01,11367.25,11373.0,11362.75,11372.0,123.0
2020-09-16 17:02,11372.5,11387.5,11372.5,11383.5,143.0
2020-09-16 17:03,11384.5,11384.5,11379.25,11379.5,59.0
2020-09-16 17:04,11378.5,11383.25,11377.5,11381.25,50.0
2020-09-16 17:05,11382.25,11385.25,11379.25,11379.75,62.0
2020-09-16 17:06,11379.0,11379.0,11368.75,11369.0,88.0
2020-09-16 17:07,11368.75,11373.0,11367.25,11368.75,64.0
2020-09-16 17:08,11368.0,11369.5,11364.25,11365.25,82.0
2020-09-16 17:09,11365.75,11370.0,11364.75,11368.0,32.0
2020-09-16 17:10,11368.25,11368.25,11358.25,11359.5,145.0
2020-09-16 17:11,11359.25,11361.0,11347.75,11351.5,202.0
2020-09-16 17:12,11351.0,11357.5,11350.75,11355.5,100.0
2020-09-16 17:13,11355.75,11362.0,11355.75,11360.5,106.0
2020-09-16 17:14,11360.5,11373.5,11360.5,11372.75,156.0
2020-09-16 17:15,11372.25,11375.0,11367.25,11371.5,96.0
2020-09-16 17:16,11371.75,11372.75,11364.75,11367.0,112.0
2020-09-16 17:17,11364.75,11370.25,11362.5,11362.75,56.0
2020-09-16 17:18,11362.75,11365.75,11359.5,11364.5,140.0
2020-09-16 17:19,11364.0,11365.25,11356.75,11363.75,144.0
2020-09-16 17:20,11363.75,11363.75,11353.0,11354.25,184.0
2020-09-16 17:21,11353.5,11355.25,11349.75,11351.75,182.0
2020-09-16 17:22,11352.25,11362.25,11351.0,11362.25,170.0
2020-09-16 17:23,11361.0,11364.0,11359.0,11363.0,58.0
2020-09-16 17:24,11363.5,11364.75,11351.75,11355.0,153.0
2020-09-16 17:25,11355.0,11357.25,11351.0,11355.75,74.0
2020-09-16 17:26,11354.5,11354.5,11338.25,11342.0,472.0
2020-09-16 17:27,11342.75,11347.0,11342.0,11343.75,130.0
2020-09-16 17:28,11346.5,11350.0,11342.75,11343.25,100.0
2020-09-16 17:29,11343.75,11345.5,11336.5,11344.5,187.0
2020-09-16 17:30,11344.5,11346.0,11339.75,11346.0,90.0
2020-09-16 17:31,11346.25,11347.25,11334.75,11335.0,162.0
2020-09-16 17:32,11335.25,11336.75,11327.25,11328.25,286.0
2020-09-16 17:33,11328.0,11333.25,11327.0,11330.75,136.0
2020-09-16 17:34,11333.0,11340.25,11330.75,11339.25,188.0
2020-09-16 17:35,11338.25,11338.25,11328.0,11329.0,120.0
2020-09-16 17:36,11330.5,11332.5,11325.5,11329.25,110.0
2020-09-16 17:37,11329.25,11332.75,11326.75,11329.75,112.0
2020-09-16 17:38,11329.25,11334.0,11326.75,11327.0,74.0
2020-09-16 17:39,11328.25,11333.75,11327.5,11329.0,77.0
2020-09-16 17:40,11329.25,11334.5,11322.0,11324.5,179.0
2020-09-16 17:41,11325.75,11329.25,11323.25,11326.75,124.0
2020-09-16 17:42,11327.0,11338.75,11325.25,11338.0,168.0
2020-09-16 17:43,11337.75,11341.75,11336.5,11337.75,106.0
2020-09-16 17:44,11336.75,11341.75,11335.5,11340.0,128.0
2020-09-16 17:45,11339.25,11347.25,11338.5,11347.25,156.0
2020-09-16 17:46,11346.5,11350.0,11343.5,11348.0,140.0
2020-09-16 17:47,11346.75,11346.75,11340.5,11344.0,99.0
2020-09-16 17:48,11344.25,11348.5,11343.75,11346.25,80.0
2020-09-16 17:49,11344.75,11345.25,11337.75,11338.25,76.0
2020-09-16 17:50,11339.0,11346.0,11335.5,11346.0,49.0
2020-09-16 17:51,11346.25,11347.25,11339.5,11346.25,64.0
2020-09-16 17:52,11346.0,11348.5,11342.75,11348.0,85.0
2020-09-16 17:53,11348.5,11354.0,11347.25,11354.0,118.0
2020-09-16 17:54,11353.75,11356.5,11350.75,11355.0,135.0
2020-09-16 17:55,11354.75,11354.75,11349.0,11351.75,67.0
2020-09-16 17:56,11353.25,11353.25,11349.75,11352.75,22.0
2020-09-16 17:57,11351.75,11359.0,11350.75,11357.0,65.0
2020-09-16 17:58,11358.0,11362.75,11358.0,11362.75,36.0
2020-09-16 17:59,11362.75,11373.5,11362.75,11372.75,197.0
2020-09-16 18:00,11369.0,11379.0,11350.75,11365.5,334.0
2020-09-16 18:01,11366.5,11384.5,11361.0,11384.5,330.0
2020-09-16 18:02,11384.0,11398.75,11380.0,11387.0,401.0
2020-09-16 18:03,11387.25,11389.5,11371.25,11376.5,324.0
2020-09-16 18:04,11376.0,11377.5,11364.75,11366.25,190.0
2020-09-16 18:05,11368.75,11373.5,11365.5,11369.0,193.0
2020-09-16 18:06,11369.75,11371.75,11358.25,11363.25,228.0
2020-09-16 18:07,11363.0,11371.75,11361.0,11370.0,182.0
2020-09-16 18:08,11369.0,11378.0,11365.0,11373.75,146.0
2020-09-16 18:09,11370.75,11371.75,11359.75,11368.5,191.0
2020-09-16 18:10,11369.5,11376.25,11361.25,11370.5,154.0
2020-09-16 18:11,11369.0,11382.5,11367.75,11379.25,281.0
2020-09-16 18:12,11379.0,11391.5,11377.5,11389.0,201.0
2020-09-16 18:13,11388.25,11401.0,11386.25,11397.5,187.0
2020-09-16 18:14,11397.5,11406.75,11395.75,11404.5,170.0
2020-09-16 18:15,11404.0,11424.5,11402.5,11423.5,273.0
2020-09-16 18:16,11423.0,11433.0,11417.0,11430.75,452.0
2020-09-16 18:17,11430.75,11444.0,11430.0,11439.75,433.0
2020-09-16 18:18,11439.25,11441.75,11430.75,11432.0,208.0
2020-09-16 18:19,11431.0,11431.75,11421.25,11422.25,331.0
2020-09-16 18:20,11422.0,11427.5,11417.25,11420.0,150.0
2020-09-16 18:21,11422.0,11426.75,11420.0,11423.75,114.0
2020-09-16 18:22,11424.75,11426.75,11412.75,11412.75,136.0
2020-09-16 18:23,11412.5,11419.25,11412.0,11414.0,113.0
2020-09-16 18:24,11415.5,11417.5,11410.25,11414.25,106.0
2020-09-16 18:25,11412.0,11419.5,11404.0,11405.75,123.0
2020-09-16 18:26,11405.5,11410.5,11400.0,11402.75,117.0
2020-09-16 18:27,11403.75,11408.5,11401.0,11406.0,126.0
2020-09-16 18:28,11406.5,11412.25,11402.5,11410.0,141.0
2020-09-16 18:29,11407.0,11418.5,11407.0,11416.5,210.0
2020-09-16 18:30,11417.5,11435.25,11417.5,11429.25,357.0
2020-09-16 18:31,11429.25,11429.25,11405.75,11415.0,247.0
2020-09-16 18:32,11415.75,11416.5,11408.75,11410.0,99.0
2020-09-16 18:33,11410.75,11411.25,11397.75,11403.0,236.0
2020-09-16 18:34,11404.25,11415.75,11404.25,11410.75,93.0
2020-09-16 18:35,11409.0,11413.0,11400.0,11406.0,328.0
2020-09-16 18:36,11405.0,11425.0,11405.0,11422.0,227.0
2020-09-16 18:37,11421.75,11421.75,11413.0,11416.0,160.0
2020-09-16 18:38,11417.5,11433.0,11417.25,11431.5,306.0
2020-09-16 18:39,11429.75,11438.75,11428.25,11437.0,250.0
2020-09-16 18:40,11437.0,11437.75,11430.75,11436.75,167.0
2020-09-16 18:41,11436.5,11436.5,11422.25,11428.25,212.0
2020-09-16 18:42,11427.5,11428.0,11421.25,11423.25,99.0
2020-09-16 18:43,11423.75,11428.0,11411.75,11414.25,183.0
2020-09-16 18:44,11414.25,11418.0,11402.0,11403.5,216.0
2020-09-16 18:45,11404.5,11408.75,11381.5,11384.25,619.0
2020-09-16 18:46,11383.75,11392.5,11382.75,11385.25,338.0
2020-09-16 18:47,11384.5,11394.5,11382.0,11384.0,228.0
2020-09-16 18:48,11383.5,11386.0,11376.25,11382.0,378.0
2020-09-16 18:49,11381.25,11390.0,11381.25,11388.75,145.0
2020-09-16 18:50,11386.75,11387.5,11369.0,11379.25,223.0
2020-09-16 18:51,11378.25,11378.25,11354.5,11361.25,461.0
2020-09-16 18:52,11362.0,11366.5,11355.0,11358.5,361.0
2020-09-16 18:53,11358.5,11359.25,11344.25,11346.0,309.0
2020-09-16 18:54,11348.25,11353.25,11345.75,11350.5,157.0
2020-09-16 18:55,11350.0,11360.0,11345.0,11360.0,182.0
2020-09-16 18:56,11359.75,11367.75,11356.0,11364.75,265.0
2020-09-16 18:57,11362.0,11362.75,11346.25,11357.0,192.0
2020-09-16 18:58,11356.75,11360.75,11350.5,11356.0,74.0
2020-09-16 18:59,11357.25,11363.5,11353.5,11361.75,137.0
2020-09-16 19:00,11361.75,11377.5,11354.75,11376.0,163.0
2020-09-16 19:01,11376.75,11382.25,11370.5,11375.5,193.0
2020-09-16 19:02,11376.25,11376.25,11364.5,11371.75,128.0
2020-09-16 19:03,11371.25,11371.75,11362.5,11369.25,131.0
2020-09-16 19:04,11369.25,11374.0,11364.75,11364.75,55.0
2020-09-16 19:05,11364.25,11364.25,11344.5,11345.25,307.0
2020-09-16 19:06,11343.75,11358.0,11338.5,11356.5,256.0
2020-09-16 19:07,11358.25,11363.75,11352.0,11353.5,179.0
2020-09-16 19:08,11354.25,11355.75,11342.5,11345.5,107.0
2020-09-16 19:09,11346.75,11348.75,11330.5,11332.75,345.0
2020-09-16 19:10,11332.75,11343.5,11306.0,11309.5,446.0
2020-09-16 19:11,11309.0,11313.0,11291.75,11299.75,607.0
2020-09-16 19:12,11298.5,11309.5,11298.5,11305.5,346.0
2020-09-16 19:13,11306.25,11313.5,11299.25,11313.5,435.0
2020-09-16 19:14,11313.0,11320.0,11309.75,11313.25,245.0
2020-09-16 19:15,11313.0,11313.0,11291.75,11298.5,568.0
2020-09-16 19:16,11299.0,11304.25,11295.75,11304.25,142.0
2020-09-16 19:17,11303.0,11313.75,11297.75,11301.75,219.0
2020-09-16 19:18,11303.0,11325.25,11302.75,11324.5,227.0
2020-09-16 19:19,11325.75,11336.0,11318.0,11334.75,214.0
2020-09-16 19:20,11333.5,11333.5,11317.5,11322.75,259.0
2020-09-16 19:21,11324.75,11331.5,11323.25,11325.0,169.0
2020-09-16 19:22,11325.0,11325.0,11313.25,11316.0,193.0
2020-09-16 19:23,11314.5,11320.25,11308.25,11314.0,173.0
2020-09-16 19:24,11315.25,11315.25,11293.75,11298.5,182.0
2020-09-16 19:25,11298.5,11309.25,11295.5,11307.0,274.0
2020-09-16 19:26,11305.75,11312.5,11303.5,11310.0,105.0
2020-09-16 19:27,11310.5,11311.5,11285.75,11288.5,311.0
2020-09-16 19:28,11288.0,11301.5,11286.0,11298.5,195.0
2020-09-16 19:29,11300.0,11300.75,11290.0,11293.5,109.0
2020-09-16 19:30,11293.25,11297.25,11280.25,11281.25,288.0
2020-09-16 19:31,11280.25,11283.0,11262.25,11263.5,569.0
2020-09-16 19:32,11263.5,11275.0,11254.25,11254.25,312.0
2020-09-16 19:33,11254.5,11271.5,11250.5,11268.0,483.0
2020-09-16 19:34,11268.75,11283.0,11266.0,11283.0,286.0
2020-09-16 19:35,11283.0,11301.0,11281.5,11300.0,382.0
2020-09-16 19:36,11299.5,11300.75,11294.25,11295.25,191.0
2020-09-16 19:37,11296.0,11296.5,11271.0,11271.5,330.0
2020-09-16 19:38,11275.25,11279.5,11269.5,11272.5,361.0
2020-09-16 19:39,11271.75,11271.75,11256.25,11262.5,303.0
2020-09-16 19:40,11263.0,11263.0,11248.75,11254.75,341.0
2020-09-16 19:41,11256.25,11269.25,11255.0,11266.0,178.0
2020-09-16 19:42,11264.0,11269.0,11258.0,11265.75,166.0
2020-09-16 19:43,11266.0,11280.75,11265.25,11276.5,191.0
2020-09-16 19:44,11279.25,11283.5,11274.0,11278.5,119.0
2020-09-16 19:45,11280.25,11287.0,11275.25,11284.5,229.0
2020-09-16 19:46,11285.25,11302.75,11285.0,11300.5,288.0
2020-09-16 19:47,11301.5,11320.0,11301.0,11318.5,449.0
2020-09-16 19:48,11318.5,11318.5,11303.25,11304.25,175.0
2020-09-16 19:49,11304.25,11312.75,11289.5,11289.5,291.0
2020-09-16 19:50,11293.5,11301.0,11284.75,11289.75,274.0
2020-09-16 19:51,11289.0,11290.0,11266.75,11273.5,238.0
2020-09-16 19:52,11275.5,11281.5,11269.5,11269.5,83.0
2020-09-16 19:53,11268.25,11276.25,11267.25,11273.75,138.0
2020-09-16 19:54,11275.5,11279.5,11261.5,11263.5,169.0
2020-09-16 19:55,11264.25,11270.25,11252.5,11257.25,395.0
2020-09-16 19:56,11255.0,11261.75,11242.0,11246.25,290.0
2020-09-16 19:57,11247.5,11265.5,11247.5,11260.5,345.0
2020-09-16 19:58,11259.5,11260.5,11248.5,11252.5,161.0
2020-09-16 19:59,11252.0,11258.75,11242.75,11249.75,597.0
2020-09-16 20:00,11248.75,11256.25,11245.25,11248.75,434.0
2020-09-16 20:01,11249.25,11251.75,11237.5,11240.5,238.0
2020-09-16 20:02,11241.25,11248.25,11239.25,11245.5,99.0
2020-09-16 20:03,11246.5,11248.75,11241.25,11241.25,106.0
2020-09-16 20:04,11243.25,11251.5,11242.75,11251.0,81.0
2020-09-16 20:05,11251.0,11252.5,11244.0,11244.0,86.0
2020-09-16 20:06,11243.5,11244.25,11239.25,11243.25,88.0
2020-09-16 20:07,11242.0,11252.75,11242.0,11250.0,72.0
2020-09-16 20:08,11250.75,11257.25,11249.25,11256.25,80.0
2020-09-16 20:09,11257.5,11263.0,11257.0,11263.0,102.0
2020-09-16 20:10,11262.5,11265.25,11259.0,11259.5,70.0
2020-09-16 20:11,11259.75,11263.75,11259.75,11262.75,18.0
2020-09-16 20:12,11264.0,11267.0,11262.75,11265.0,28.0
2020-09-16 20:13,11266.5,11275.0,11266.5,11273.25,43.0
2020-09-16 20:14,11274.0,11274.0,11265.75,11267.25,71.0
2020-09-16 20:30,11264.75,11264.75,11252.75,11252.75,40.0
2020-09-16 20:31,11250.25,11254.5,11249.75,11250.25,47.0
2020-09-16 20:32,11249.25,11254.25,11248.5,11253.0,25.0
2020-09-16 20:33,11252.25,11254.5,11251.5,11254.5,12.0
2020-09-16 20:34,11253.25,11258.25,11253.25,11258.25,10.0
2020-09-16 20:35,11257.5,11263.0,11257.0,11262.75,14.0
2020-09-16 20:36,11262.0,11270.25,11261.25,11270.25,26.0
2020-09-16 20:37,11269.5,11277.75,11268.5,11274.0,38.0
2020-09-16 20:38,11274.0,11277.25,11270.75,11276.5,106.0
2020-09-16 20:39,11276.0,11277.5,11275.0,11275.5,17.0
2020-09-16 20:40,11275.5,11281.75,11275.5,11279.5,112.0
2020-09-16 20:41,11280.0,11280.0,11280.0,11280.0,2.0
2020-09-16 20:42,11278.75,11279.75,11274.75,11275.5,27.0
2020-09-16 20:43,11272.5,11272.5,11272.5,11272.5,1.0
2020-09-16 20:45,11274.0,11274.0,11271.25,11272.25,12.0
2020-09-16 20:46,11272.25,11272.25,11270.5,11270.5,12.0
2020-09-16 20:47,11270.5,11273.25,11270.25,11272.75,15.0
2020-09-16 20:48,11274.5,11274.5,11274.5,11274.5,2.0
2020-09-16 20:49,11274.25,11276.0,11274.25,11276.0,9.0
2020-09-16 20:50,11274.75,11276.5,11274.75,11275.5,6.0
2020-09-16 20:51,11274.75,11276.25,11274.25,11274.75,8.0
2020-09-16 20:52,11276.25,11276.75,11274.75,11274.75,6.0
2020-09-16 20:53,11271.75,11272.0,11268.5,11270.75,12.0
2020-09-16 20:56,11271.0,11271.0,11269.0,11269.0,6.0
2020-09-16 20:57,11267.75,11268.5,11267.25,11268.25,4.0
2020-09-16 20:59,11267.5,11267.5,11264.0,11264.0,4.0
2020-09-16 22:00,11269.5,11279.5,11258.5,11259.25,74.0
2020-09-16 22:01,11258.5,11262.5,11257.5,11262.0,39.0
2020-09-16 22:02,11264.0,11270.75,11264.0,11270.75,21.0
2020-09-16 22:03,11271.25,11279.0,11271.25,11278.5,35.0
2020-09-16 22:04,11275.0,11278.25,11274.75,11276.25,11.0
2020-09-16 22:05,11275.0,11279.5,11275.0,11279.25,9.0
2020-09-16 22:06,11279.0,11281.25,11277.25,11280.0,17.0
2020-09-16 22:07,11281.5,11282.25,11281.0,11281.75,9.0
2020-09-16 22:08,11281.25,11282.0,11281.25,11282.0,5.0
2020-09-16 22:09,11282.5,11285.0,11281.75,11281.75,14.0
2020-09-16 22:10,11280.75,11284.0,11280.75,11283.75,6.0
2020-09-16 22:11,11283.75,11284.75,11283.75,11284.5,15.0
2020-09-16 22:12,11284.0,11285.0,11284.0,11285.0,4.0
2020-09-16 22:13,11286.5,11292.25,11286.5,11292.25,14.0
2020-09-16 22:14,11292.5,11294.25,11290.5,11293.0,13.0
2020-09-16 22:15,11292.25,11294.25,11292.25,11293.0,8.0
2020-09-16 22:16,11293.5,11293.5,11292.25,11292.75,4.0
2020-09-16 22:17,11292.25,11295.0,11292.25,11295.0,15.0
2020-09-16 22:18,11294.5,11295.75,11293.5,11293.75,7.0
2020-09-16 22:19,11294.75,11296.5,11294.25,11294.25,9.0
2020-09-16 22:20,11294.25,11294.25,11293.5,11294.0,7.0
2020-09-16 22:21,11294.75,11295.0,11294.5,11294.5,3.0
2020-09-16 22:22,11295.25,11295.25,11291.75,11291.75,14.0
2020-09-16 22:23,11292.0,11293.0,11292.0,11293.0,5.0
2020-09-16 22:24,11293.0,11296.5,11293.0,11296.5,3.0
2020-09-16 22:25,11294.5,11294.5,11294.0,11294.0,7.0
2020-09-16 22:26,11295.0,11296.25,11294.5,11296.25,5.0
2020-09-16 22:27,11297.0,11298.0,11296.0,11296.0,9.0
2020-09-16 22:28,11296.0,11296.0,11296.0,11296.0,4.0
2020-09-16 22:29,11296.25,11296.5,11293.0,11293.0,5.0
2020-09-16 22:30,11294.25,11296.0,11294.25,11294.5,6.0
2020-09-16 22:31,11296.5,11296.5,11295.0,11295.0,2.0
2020-09-16 22:32,11294.0,11294.25,11292.25,11294.25,3.0
2020-09-16 22:33,11294.25,11294.25,11293.75,11293.75,2.0
2020-09-16 22:34,11294.5,11296.5,11294.25,11296.0,7.0
2020-09-16 22:36,11295.0,11295.0,11293.5,11294.0,3.0
2020-09-16 22:37,11295.0,11295.0,11294.5,11294.5,2.0
2020-09-16 22:38,11294.75,11296.25,11294.75,11295.75,5.0
2020-09-16 22:39,11297.25,11298.25,11297.25,11298.25,4.0
2020-09-16 22:40,11297.5,11298.25,11297.5,11298.0,6.0
2020-09-16 22:41,11297.25,11297.25,11297.25,11297.25,2.0
2020-09-16 22:42,11299.25,11301.0,11299.25,11301.0,13.0
2020-09-16 22:43,11300.5,11300.5,11300.5,11300.5,1.0
2020-09-16 22:44,11301.75,11302.5,11300.5,11300.5,10.0
2020-09-16 22:45,11302.0,11302.0,11302.0,11302.0,2.0
2020-09-16 22:46,11300.25,11300.75,11300.25,11300.75,2.0
2020-09-16 22:48,11300.0,11300.0,11296.75,11296.75,9.0
2020-09-16 22:49,11296.0,11297.25,11295.5,11297.25,8.0
2020-09-16 22:50,11296.75,11298.0,11296.75,11298.0,2.0
2020-09-16 22:51,11298.25,11298.25,11293.75,11293.75,4.0
2020-09-16 22:52,11293.75,11294.5,11293.0,11294.5,13.0
2020-09-16 22:53,11292.75,11293.0,11292.75,11292.75,7.0
2020-09-16 22:54,11293.0,11293.5,11293.0,11293.5,4.0
2020-09-16 22:55,11293.0,11293.0,11292.0,11292.25,9.0
2020-09-16 22:56,11293.5,11293.5,11292.25,11292.25,8.0
2020-09-16 22:57,11293.0,11294.0,11291.5,11291.5,9.0
2020-09-16 22:58,11292.5,11292.5,11289.5,11290.5,25.0
2020-09-16 22:59,11290.5,11292.0,11290.5,11292.0,5.0
2020-09-16 23:00,11291.5,11291.5,11290.5,11290.5,3.0
2020-09-16 23:01,11292.0,11293.0,11292.0,11292.5,11.0
2020-09-16 23:03,11292.0,11295.0,11292.0,11295.0,11.0
2020-09-16 23:04,11296.5,11296.75,11295.0,11295.0,7.0
2020-09-16 23:05,11294.5,11294.5,11293.75,11293.75,13.0
2020-09-16 23:06,11293.0,11293.0,11291.75,11291.75,8.0
2020-09-16 23:07,11291.0,11291.75,11291.0,11291.75,3.0
2020-09-16 23:08,11293.0,11293.5,11292.25,11292.5,6.0
2020-09-16 23:09,11292.75,11292.75,11291.5,11291.5,7.0
2020-09-16 23:10,11290.75,11290.75,11290.25,11290.75,6.0
2020-09-16 23:11,11292.25,11292.75,11292.25,11292.75,3.0
2020-09-16 23:12,11292.75,11294.0,11292.75,11293.0,7.0
2020-09-16 23:13,11297.0,11297.0,11297.0,11297.0,1.0
2020-09-16 23:14,11299.25,11299.25,11297.5,11297.5,6.0
2020-09-16 23:15,11297.0,11297.25,11296.0,11296.0,5.0
2020-09-16 23:16,11295.25,11295.5,11295.25,11295.5,2.0
2020-09-16 23:17,11297.25,11297.25,11293.5,11293.5,18.0
2020-09-16 23:18,11297.0,11297.0,11297.0,11297.0,3.0
2020-09-16 23:19,11296.0,11296.0,11295.0,11295.0,6.0
2020-09-16 23:20,11295.75,11298.25,11295.75,11298.25,3.0
2020-09-16 23:21,11297.5,11297.75,11295.75,11295.75,7.0
2020-09-16 23:22,11297.5,11297.5,11296.5,11296.5,4.0
2020-09-16 23:23,11296.25,11296.5,11296.25,11296.5,2.0
2020-09-16 23:24,11294.5,11294.5,11293.75,11293.75,5.0
2020-09-16 23:25,11294.0,11294.0,11292.0,11293.5,7.0
2020-09-16 23:26,11293.5,11293.5,11293.5,11293.5,1.0
2020-09-16 23:27,11293.0,11293.0,11293.0,11293.0,1.0
2020-09-16 23:28,11292.5,11293.75,11292.5,11293.5,5.0
2020-09-16 23:29,11294.25,11294.25,11294.25,11294.25,1.0
2020-09-16 23:30,11291.5,11292.75,11291.25,11292.75,5.0
2020-09-16 23:31,11293.0,11293.0,11293.0,11293.0,1.0
2020-09-16 23:33,11291.0,11292.25,11290.75,11292.25,7.0
2020-09-16 23:35,11292.5,11292.75,11292.0,11292.0,4.0
2020-09-16 23:36,11290.5,11291.25,11290.0,11290.5,8.0
2020-09-16 23:37,11288.25,11288.25,11283.25,11284.5,38.0
2020-09-16 23:38,11284.5,11284.5,11276.5,11279.0,39.0
2020-09-16 23:39,11278.25,11280.25,11277.5,11279.25,19.0
2020-09-16 23:40,11279.0,11280.5,11279.0,11280.5,5.0
2020-09-16 23:41,11280.75,11282.75,11280.25,11282.75,9.0
2020-09-16 23:42,11281.5,11282.25,11281.5,11282.25,2.0
2020-09-16 23:43,11279.75,11279.75,11279.25,11279.25,3.0
2020-09-16 23:44,11280.25,11281.0,11280.0,11280.75,7.0
2020-09-16 23:45,11280.75,11280.75,11275.5,11276.25,14.0
2020-09-16 23:46,11276.25,11280.0,11276.25,11278.5,11.0
2020-09-16 23:47,11279.75,11279.75,11279.75,11279.75,1.0
2020-09-16 23:48,11279.5,11282.0,11279.25,11282.0,8.0
2020-09-16 23:49,11281.0,11281.5,11280.25,11281.5,9.0
2020-09-16 23:50,11281.75,11283.0,11281.75,11283.0,2.0
2020-09-16 23:51,11283.5,11283.5,11283.0,11283.5,8.0
2020-09-16 23:52,11284.5,11284.75,11283.25,11283.25,5.0
2020-09-16 23:53,11282.0,11283.75,11282.0,11282.25,6.0
2020-09-16 23:54,11284.5,11285.25,11284.5,11284.5,9.0
2020-09-16 23:55,11285.5,11285.5,11284.5,11285.0,6.0
2020-09-16 23:56,11284.0,11285.25,11284.0,11285.25,9.0
2020-09-16 23:57,11282.75,11282.75,11278.5,11278.75,18.0
2020-09-16 23:58,11278.0,11279.25,11275.25,11276.5,12.0
2020-09-16 23:59,11277.5,11281.75,11277.0,11281.75,10.0
2020-09-17 00:00,11282.25,11286.75,11280.25,11282.75,42.0
2020-09-17 00:01,11282.75,11284.0,11275.5,11275.5,34.0
2020-09-17 00:02,11275.75,11275.75,11269.0,11271.0,53.0
2020-09-17 00:03,11270.0,11272.75,11270.0,11272.25,19.0
2020-09-17 00:04,11272.25,11273.0,11269.75,11271.75,38.0
2020-09-17 00:05,11271.75,11272.5,11270.25,11270.25,24.0
2020-09-17 00:06,11270.75,11274.25,11266.5,11273.5,32.0
2020-09-17 00:07,11273.25,11274.0,11271.0,11271.25,16.0
2020-09-17 00:08,11270.0,11273.5,11270.0,11273.5,10.0
2020-09-17 00:09,11273.5,11273.5,11271.0,11271.75,8.0
2020-09-17 00:10,11273.0,11273.0,11269.75,11271.25,8.0
2020-09-17 00:11,11269.5,11269.5,11257.75,11262.25,55.0
2020-09-17 00:12,11261.75,11263.0,11261.25,11262.75,37.0
2020-09-17 00:13,11262.75,11267.0,11262.75,11266.75,16.0
2020-09-17 00:14,11265.5,11268.25,11265.5,11266.25,17.0
2020-09-17 00:15,11265.5,11266.0,11261.0,11262.25,16.0
2020-09-17 00:16,11260.75,11260.75,11257.0,11257.5,57.0
2020-09-17 00:17,11256.75,11257.25,11254.75,11254.75,107.0
2020-09-17 00:18,11253.75,11260.75,11252.25,11257.75,89.0
2020-09-17 00:19,11256.0,11257.5,11254.75,11256.75,33.0
2020-09-17 00:20,11256.5,11256.5,11251.75,11252.5,46.0
2020-09-17 00:21,11253.0,11253.0,11226.5,11231.25,287.0
2020-09-17 00:22,11233.0,11233.5,11215.5,11220.0,299.0
2020-09-17 00:23,11220.75,11225.25,11217.5,11225.25,61.0
2020-09-17 00:24,11224.5,11224.5,11206.5,11209.75,85.0
2020-09-17 00:25,11210.0,11212.75,11201.75,11209.0,95.0
2020-09-17 00:26,11209.5,11212.0,11207.5,11211.0,49.0
2020-09-17 00:27,11211.25,11211.25,11198.75,11203.25,129.0
2020-09-17 00:28,11203.25,11205.75,11201.25,11205.75,40.0
2020-09-17 00:29,11203.5,11204.25,11201.5,11202.0,15.0
2020-09-17 00:30,11202.0,11205.0,11200.5,11201.0,36.0
2020-09-17 00:31,11200.25,11201.0,11195.0,11195.0,52.0
2020-09-17 00:32,11196.25,11198.75,11196.25,11197.0,22.0
2020-09-17 00:33,11197.0,11197.5,11182.5,11183.0,154.0
2020-09-17 00:34,11186.75,11190.75,11183.25,11185.5,70.0
2020-09-17 00:35,11185.0,11193.75,11184.0,11192.25,49.0
2020-09-17 00:36,11192.25,11193.5,11190.75,11193.0,24.0
2020-09-17 00:37,11191.75,11191.75,11187.75,11190.0,26.0
2020-09-17 00:38,11189.25,11190.75,11187.0,11189.0,22.0
2020-09-17 00:39,11188.5,11190.0,11187.0,11187.0,13.0
2020-09-17 00:40,11190.0,11195.25,11190.0,11193.75,12.0
2020-09-17 00:41,11193.5,11193.5,11192.25,11193.0,15.0
2020-09-17 00:42,11193.0,11193.75,11189.25,11192.5,37.0
2020-09-17 00:43,11194.5,11198.5,11193.0,11197.25,50.0
2020-09-17 00:44,11199.0,11200.25,11196.75,11197.25,64.0
2020-09-17 00:45,11197.25,11198.25,11195.0,11195.0,10.0
2020-09-17 00:46,11196.0,11196.75,11193.0,11195.25,14.0
2020-09-17 00:47,11196.75,11196.75,11194.0,11196.0,5.0
2020-09-17 00:48,11195.0,11195.0,11189.0,11190.5,30.0
2020-09-17 00:49,11191.5,11196.25,11191.5,11195.25,17.0
2020-09-17 00:50,11195.25,11195.25,11192.25,11193.5,27.0
2020-09-17 00:51,11195.5,11197.75,11195.25,11196.0,21.0
2020-09-17 00:52,11195.25,11197.5,11195.25,11196.0,20.0
2020-09-17 00:53,11197.5,11197.75,11194.75,11196.75,20.0
2020-09-17 00:54,11196.0,11204.5,11195.5,11199.25,146.0
2020-09-17 00:55,11200.0,11200.25,11198.25,11198.25,6.0
2020-09-17 00:56,11199.5,11202.0,11199.0,11202.0,18.0
2020-09-17 00:57,11200.5,11202.75,11200.5,11202.0,9.0
2020-09-17 00:58,11203.5,11203.5,11202.0,11202.25,8.0
2020-09-17 00:59,11202.25,11202.25,11200.5,11201.25,6.0
2020-09-17 01:00,11202.0,11211.75,11200.5,11211.75,101.0
2020-09-17 01:01,11211.5,11211.5,11206.5,11208.0,16.0
2020-09-17 01:02,11207.5,11209.25,11206.5,11209.25,8.0
2020-09-17 01:03,11210.0,11216.0,11210.0,11215.5,58.0
2020-09-17 01:04,11215.75,11215.75,11212.5,11213.25,26.0
2020-09-17 01:05,11214.0,11215.0,11212.75,11212.75,13.0
2020-09-17 01:06,11212.75,11214.5,11212.5,11213.25,6.0
2020-09-17 01:07,11213.25,11213.25,11211.0,11212.75,6.0
2020-09-17 01:08,11213.5,11214.25,11213.25,11213.5,7.0
2020-09-17 01:09,11216.0,11216.5,11214.75,11216.5,13.0
2020-09-17 01:10,11216.75,11218.5,11211.25,11213.5,55.0
2020-09-17 01:11,11212.5,11212.5,11208.25,11210.25,54.0
2020-09-17 01:12,11214.75,11219.0,11214.75,11217.75,14.0
2020-09-17 01:13,11215.75,11215.75,11215.75,11215.75,2.0
2020-09-17 01:14,11215.75,11215.75,11212.0,11212.0,17.0
2020-09-17 01:15,11213.5,11213.5,11210.25,11210.25,9.0
2020-09-17 01:16,11211.0,11214.0,11211.0,11212.5,26.0
2020-09-17 01:17,11213.25,11214.75,11213.0,11214.0,19.0
2020-09-17 01:18,11214.25,11224.25,11214.25,11221.5,82.0
2020-09-17 01:19,11221.5,11223.0,11220.25,11221.75,28.0
2020-09-17 01:20,11222.5,11222.5,11216.75,11217.0,23.0
2020-09-17 01:21,11217.5,11218.0,11213.75,11213.75,33.0
2020-09-17 01:22,11214.25,11219.75,11214.25,11219.75,6.0
2020-09-17 01:23,11219.5,11220.75,11217.25,11217.25,23.0
2020-09-17 01:24,11219.0,11221.5,11216.25,11220.0,26.0
2020-09-17 01:25,11220.75,11222.25,11218.75,11220.75,8.0
2020-09-17 01:26,11221.5,11222.5,11221.0,11222.25,23.0
2020-09-17 01:27,11222.25,11226.0,11221.0,11224.75,56.0
2020-09-17 01:28,11224.0,11224.75,11222.5,11222.5,20.0
2020-09-17 01:29,11220.75,11221.5,11220.5,11221.5,9.0
2020-09-17 01:30,11223.0,11227.75,11223.0,11226.25,13.0
2020-09-17 01:31,11227.0,11229.0,11224.5,11227.25,17.0
2020-09-17 01:32,11228.0,11231.0,11228.0,11231.0,15.0
2020-09-17 01:33,11231.25,11236.5,11230.5,11231.5,34.0
2020-09-17 01:34,11231.5,11231.5,11230.5,11231.5,9.0
2020-09-17 01:35,11231.75,11232.25,11227.5,11228.25,25.0
2020-09-17 01:36,11227.75,11230.75,11227.25,11230.75,13.0
2020-09-17 01:37,11231.25,11232.5,11230.0,11231.5,17.0
2020-09-17 01:38,11230.75,11231.5,11227.25,11228.25,10.0
2020-09-17 01:40,11228.75,11231.0,11228.25,11228.5,7.0
2020-09-17 01:41,11228.5,11228.5,11224.5,11225.0,21.0
2020-09-17 01:42,11225.75,11226.0,11221.0,11221.75,21.0
2020-09-17 01:43,11221.75,11221.75,11212.5,11214.0,87.0
2020-09-17 01:44,11216.0,11216.25,11206.5,11208.75,21.0
2020-09-17 01:45,11208.5,11213.25,11206.5,11212.5,78.0
2020-09-17 01:46,11212.75,11213.25,11209.0,11210.5,22.0
2020-09-17 01:47,11203.75,11203.75,11197.5,11201.25,40.0
2020-09-17 01:48,11201.25,11201.25,11197.75,11198.5,17.0
2020-09-17 01:49,11198.75,11199.25,11196.0,11198.25,15.0
2020-09-17 01:50,11194.75,11194.75,11182.5,11192.0,82.0
2020-09-17 01:51,11191.0,11191.0,11180.0,11183.5,65.0
2020-09-17 01:52,11182.25,11191.75,11182.0,11191.75,24.0
2020-09-17 01:53,11192.25,11193.25,11190.25,11193.0,14.0
2020-09-17 01:54,11191.0,11192.25,11188.75,11190.75,15.0
2020-09-17 01:55,11193.0,11193.0,11177.75,11185.25,39.0
2020-09-17 01:56,11187.0,11188.0,11165.5,11174.5,174.0
2020-09-17 01:57,11171.0,11171.75,11163.0,11167.5,61.0
2020-09-17 01:58,11163.75,11169.75,11160.25,11168.25,79.0
2020-09-17 01:59,11169.0,11171.0,11165.75,11165.75,53.0
2020-09-17 02:00,11165.75,11169.75,11156.75,11163.25,75.0
2020-09-17 02:01,11159.25,11162.25,11151.0,11154.0,60.0
2020-09-17 02:02,11153.75,11157.25,11148.25,11151.0,77.0
2020-09-17 02:03,11150.25,11150.25,11144.25,11147.25,36.0
2020-09-17 02:04,11146.5,11155.75,11146.5,11155.75,42.0
2020-09-17 02:05,11154.25,11155.0,11150.25,11152.5,25.0
2020-09-17 02:06,11152.25,11158.75,11152.25,11156.25,40.0
2020-09-17 02:07,11154.0,11157.25,11153.25,11157.25,28.0
2020-09-17 02:08,11155.5,11155.5,11152.0,11152.75,6.0
2020-09-17 02:09,11152.0,11152.0,11140.0,11140.5,67.0
2020-09-17 02:10,11140.0,11152.25,11140.0,11151.0,85.0
2020-09-17 02:11,11149.75,11152.5,11149.0,11149.0,8.0
2020-09-17 02:12,11153.75,11155.5,11150.25,11150.25,8.0
2020-09-17 02:13,11146.5,11151.25,11146.5,11151.0,7.0
2020-09-17 02:14,11149.0,11154.0,11147.25,11150.5,19.0
2020-09-17 02:15,11150.5,11151.25,11133.0,11139.75,56.0
2020-09-17 02:16,11141.25,11145.0,11136.75,11141.5,43.0
2020-09-17 02:17,11142.0,11145.0,11140.0,11142.5,38.0
2020-09-17 02:18,11143.0,11145.0,11137.5,11137.5,68.0
2020-09-17 02:19,11136.0,11136.75,11126.0,11127.25,76.0
2020-09-17 02:20,11126.5,11135.5,11123.5,11135.5,56.0
2020-09-17 02:21,11135.25,11139.75,11133.0,11139.75,35.0
2020-09-17 02:22,11139.75,11140.5,11134.75,11137.0,23.0
2020-09-17 02:23,11133.0,11135.75,11131.25,11135.75,32.0
2020-09-17 02:24,11139.0,11143.5,11138.25,11141.25,34.0
2020-09-17 02:25,11137.0,11137.0,11129.0,11129.0,49.0
2020-09-17 02:26,11128.5,11133.75,11128.5,11133.75,20.0
2020-09-17 02:27,11129.0,11131.75,11127.25,11131.75,12.0
2020-09-17 02:28,11129.75,11131.75,11128.5,11131.75,11.0
2020-09-17 02:29,11132.25,11135.0,11130.25,11130.25,19.0
2020-09-17 02:30,11132.5,11144.25,11131.0,11139.75,77.0
2020-09-17 02:31,11139.25,11141.5,11133.0,11134.5,17.0
2020-09-17 02:32,11139.0,11139.0,11135.25,11135.25,4.0
2020-09-17 02:33,11140.75,11145.75,11140.75,11145.25,21.0
2020-09-17 02:34,11145.25,11145.25,11140.5,11142.75,12.0
2020-09-17 02:35,11145.0,11148.0,11145.0,11147.0,18.0
2020-09-17 02:36,11148.5,11150.0,11148.25,11148.25,14.0
2020-09-17 02:37,11149.25,11149.5,11147.25,11148.25,6.0
2020-09-17 02:38,11148.25,11148.25,11144.5,11145.75,10.0
2020-09-17 02:39,11145.75,11150.25,11145.75,11150.25,10.0
2020-09-17 02:40,11148.75,11151.0,11143.0,11145.5,32.0
2020-09-17 02:41,11146.75,11146.75,11144.25,11145.25,5.0
2020-09-17 02:42,11145.25,11145.25,11142.75,11142.75,9.0
2020-09-17 02:43,11142.25,11146.5,11142.25,11146.0,9.0
2020-09-17 02:44,11146.0,11147.0,11144.25,11146.5,14.0
2020-09-17 02:45,11145.0,11146.0,11134.5,11137.5,26.0
2020-09-17 02:46,11136.75,11138.25,11127.0,11127.0,33.0
2020-09-17 02:47,11131.5,11134.0,11129.5,11134.0,12.0
2020-09-17 02:48,11132.5,11133.0,11128.0,11132.25,9.0
2020-09-17 02:49,11131.0,11133.75,11130.25,11133.75,13.0
2020-09-17 02:50,11136.75,11138.5,11131.0,11132.25,69.0
2020-09-17 02:51,11133.25,11133.25,11116.5,11121.0,51.0
2020-09-17 02:52,11121.0,11129.75,11121.0,11129.5,30.0
2020-09-17 02:53,11130.75,11130.75,11126.75,11127.0,29.0
2020-09-17 02:54,11125.75,11125.75,11119.75,11123.25,24.0
2020-09-17 02:55,11123.5,11130.25,11123.5,11128.5,15.0
2020-09-17 02:56,11130.5,11134.0,11130.25,11130.75,26.0
2020-09-17 02:57,11128.75,11128.75,11124.25,11125.5,25.0
2020-09-17 02:58,11125.25,11125.5,11120.25,11122.0,15.0
2020-09-17 02:59,11124.75,11131.25,11124.75,11130.25,12.0
2020-09-17 03:00,11130.25,11136.0,11129.75,11133.0,21.0
2020-09-17 03:01,11130.25,11134.0,11130.25,11131.75,13.0
2020-09-17 03:02,11132.0,11135.5,11131.5,11134.75,7.0
2020-09-17 03:03,11134.75,11136.75,11134.0,11136.75,7.0
2020-09-17 03:05,11135.5,11137.0,11132.25,11132.25,7.0
2020-09-17 03:06,11134.75,11141.25,11134.0,11141.25,19.0
2020-09-17 03:07,11141.75,11141.75,11134.5,11135.25,7.0
2020-09-17 03:08,11137.5,11137.5,11136.0,11136.0,4.0
2020-09-17 03:09,11135.25,11135.25,11126.5,11128.5,15.0
2020-09-17 03:10,11126.25,11127.25,11118.0,11127.25,51.0
2020-09-17 03:11,11126.25,11126.5,11123.25,11125.5,9.0
2020-09-17 03:12,11123.5,11123.5,11107.25,11115.0,50.0
2020-09-17 03:13,11115.75,11115.75,11108.75,11110.0,29.0
2020-09-17 03:14,11107.25,11113.0,11105.25,11112.75,52.0
2020-09-17 03:15,11110.0,11110.0,11101.0,11101.0,61.0
2020-09-17 03:16,11102.25,11106.25,11097.0,11103.0,67.0
2020-09-17 03:17,11104.0,11104.0,11101.0,11103.25,7.0
2020-09-17 03:18,11104.75,11104.75,11100.5,11101.0,7.0
2020-09-17 03:19,11096.0,11104.5,11095.0,11100.0,42.0
2020-09-17 03:20,11093.5,11093.5,11081.0,11084.5,77.0
2020-09-17 03:21,11085.25,11097.75,11083.5,11096.25,38.0
2020-09-17 03:22,11095.0,11098.5,11093.5,11097.75,16.0
2020-09-17 03:23,11095.0,11095.75,11095.0,11095.75,4.0
2020-09-17 03:24,11097.25,11103.25,11097.25,11098.75,28.0
2020-09-17 03:25,11101.75,11104.0,11100.25,11104.0,11.0
2020-09-17 03:26,11102.25,11103.75,11101.5,11101.5,7.0
2020-09-17 03:27,11103.0,11103.0,11100.25,11100.25,8.0
2020-09-17 03:28,11104.25,11104.5,11101.0,11101.0,27.0
2020-09-17 03:29,11101.0,11102.5,11100.25,11102.5,6.0
2020-09-17 03:30,11100.0,11101.75,11093.25,11098.75,13.0
2020-09-17 03:31,11100.25,11111.25,11100.25,11111.25,50.0
2020-09-17 03:32,11111.5,11112.25,11108.75,11111.5,30.0
2020-09-17 03:33,11111.25,11116.25,11111.25,11113.75,43.0
2020-09-17 03:34,11115.0,11115.0,11112.75,11112.75,5.0
2020-09-17 03:35,11112.5,11114.25,11110.0,11114.25,16.0
2020-09-17 03:36,11113.75,11115.0,11113.75,11115.0,3.0
2020-09-17 03:37,11115.0,11115.0,11112.75,11112.75,3.0
2020-09-17 03:38,11115.5,11121.5,11115.5,11120.5,26.0
2020-09-17 03:39,11120.25,11125.0,11119.5,11122.0,25.0
2020-09-17 03:40,11118.25,11126.25,11118.0,11125.75,11.0
2020-09-17 03:41,11124.75,11124.75,11123.0,11123.25,12.0
2020-09-17 03:42,11123.25,11124.5,11120.0,11123.5,24.0
2020-09-17 03:43,11124.75,11124.75,11122.5,11123.5,6.0
2020-09-17 03:44,11125.75,11126.25,11123.5,11126.25,11.0
2020-09-17 03:45,11124.0,11125.0,11124.0,11125.0,3.0
2020-09-17 03:46,11125.0,11128.25,11125.0,11128.25,6.0
2020-09-17 03:48,11124.0,11124.0,11120.25,11122.75,8.0
2020-09-17 03:49,11122.0,11122.0,11120.25,11121.25,7.0
2020-09-17 03:50,11122.75,11122.75,11122.75,11122.75,4.0
2020-09-17 03:51,11124.5,11128.0,11124.5,11128.0,9.0
2020-09-17 03:52,11129.0,11134.0,11129.0,11133.75,25.0
2020-09-17 03:53,11133.75,11134.0,11129.75,11131.5,24.0
2020-09-17 03:54,11131.75,11135.25,11131.0,11132.25,14.0
2020-09-17 03:55,11130.0,11130.0,11127.0,11127.0,6.0
2020-09-17 03:56,11127.0,11128.0,11124.25,11127.0,23.0
2020-09-17 03:57,11127.25,11128.0,11127.25,11128.0,2.0
2020-09-17 03:58,11129.25,11129.25,11127.75,11127.75,3.0
2020-09-17 03:59,11127.25,11130.0,11127.25,11129.25,5.0
2020-09-17 04:00,11131.0,11132.75,11131.0,11132.75,2.0
2020-09-17 04:01,11133.75,11143.75,11133.75,11143.5,35.0
2020-09-17 04:02,11142.75,11144.5,11141.5,11143.0,17.0
2020-09-17 04:03,11143.25,11143.25,11137.25,11137.5,8.0
2020-09-17 04:04,11139.0,11139.25,11137.5,11138.25,11.0
2020-09-17 04:05,11138.75,11138.75,11138.75,11138.75,1.0
2020-09-17 04:06,11138.25,11138.25,11137.0,11137.0,3.0
2020-09-17 04:07,11135.5,11135.5,11133.25,11134.75,15.0
2020-09-17 04:08,11135.5,11137.5,11135.25,11135.25,10.0
2020-09-17 04:09,11131.0,11131.0,11127.75,11130.0,15.0
2020-09-17 04:10,11128.75,11131.5,11124.75,11124.75,20.0
2020-09-17 04:11,11121.75,11123.0,11115.75,11117.5,23.0
2020-09-17 04:12,11114.5,11116.0,11111.5,11112.75,19.0
2020-09-17 04:13,11110.75,11120.5,11110.75,11120.25,16.0
2020-09-17 04:14,11120.25,11121.25,11120.25,11121.25,3.0
2020-09-17 04:15,11119.75,11120.25,11116.75,11120.25,9.0
2020-09-17 04:16,11122.0,11126.5,11122.0,11125.0,11.0
2020-09-17 04:17,11123.5,11123.5,11121.75,11122.25,8.0
2020-09-17 04:18,11117.5,11119.0,11117.5,11119.0,3.0
2020-09-17 04:19,11120.0,11121.0,11117.25,11117.25,44.0
2020-09-17 04:20,11120.25,11120.25,11113.75,11113.75,13.0
2020-09-17 04:21,11116.0,11116.75,11114.5,11114.5,7.0
2020-09-17 04:22,11116.5,11131.0,11116.5,11128.5,38.0
2020-09-17 04:23,11128.75,11132.25,11128.75,11130.0,11.0
2020-09-17 04:24,11127.75,11128.25,11127.25,11127.25,12.0
2020-09-17 04:25,11128.75,11128.75,11127.75,11127.75,3.0
2020-09-17 04:27,11130.75,11131.5,11130.0,11130.0,4.0
2020-09-17 04:28,11133.0,11136.0,11133.0,11134.5,23.0
2020-09-17 04:29,11134.75,11135.0,11132.25,11135.0,10.0
2020-09-17 04:30,11134.5,11140.5,11132.5,11140.0,21.0
2020-09-17 04:31,11139.25,11140.75,11137.75,11138.0,12.0
2020-09-17 04:32,11136.25,11137.5,11133.75,11133.75,8.0
2020-09-17 04:33,11135.0,11135.5,11133.75,11135.5,3.0
2020-09-17 04:34,11134.5,11134.5,11134.5,11134.5,2.0
2020-09-17 04:35,11133.75,11133.75,11132.5,11132.5,3.0
2020-09-17 04:36,11131.25,11131.5,11129.25,11129.25,27.0
2020-09-17 04:37,11128.0,11129.25,11128.0,11129.25,4.0
2020-09-17 04:38,11129.25,11129.25,11121.25,11121.75,15.0
2020-09-17 04:39,11125.0,11125.0,11122.0,11122.5,8.0
2020-09-17 04:40,11127.25,11129.0,11125.0,11129.0,10.0
2020-09-17 04:41,11126.75,11126.75,11126.75,11126.75,1.0
2020-09-17 04:42,11128.5,11128.5,11124.75,11124.75,2.0
2020-09-17 04:43,11125.5,11127.5,11125.5,11127.5,2.0
2020-09-17 04:44,11128.5,11128.5,11128.5,11128.5,1.0
2020-09-17 04:45,11127.25,11127.25,11126.5,11126.5,3.0
2020-09-17 04:46,11129.25,11135.5,11129.25,11135.5,13.0
2020-09-17 04:47,11136.0,11139.25,11134.5,11137.5,27.0
2020-09-17 04:48,11140.0,11140.0,11140.0,11140.0,3.0
2020-09-17 04:49,11139.75,11139.75,11137.75,11139.75,6.0
2020-09-17 04:50,11140.75,11142.0,11138.25,11138.25,17.0
2020-09-17 04:51,11139.75,11140.0,11133.5,11133.5,8.0
2020-09-17 04:52,11131.0,11132.25,11128.75,11130.75,13.0
2020-09-17 04:53,11129.75,11130.0,11127.75,11130.0,7.0
2020-09-17 04:54,11127.0,11127.0,11125.5,11125.75,9.0
2020-09-17 04:55,11125.25,11127.25,11125.25,11127.25,3.0
2020-09-17 04:56,11123.75,11124.5,11122.75,11122.75,6.0
2020-09-17 04:57,11121.75,11126.25,11121.75,11122.5,11.0
2020-09-17 04:58,11120.5,11121.75,11113.5,11114.75,35.0
2020-09-17 04:59,11114.75,11118.5,11114.75,11115.75,26.0
2020-09-17 05:00,11117.25,11121.5,11112.75,11118.75,21.0
2020-09-17 05:01,11121.25,11128.0,11121.25,11125.5,36.0
2020-09-17 05:02,11126.75,11126.75,11121.75,11123.25,10.0
2020-09-17 05:03,11125.5,11130.0,11125.0,11130.0,8.0
2020-09-17 05:04,11132.25,11135.25,11131.75,11135.25,16.0
2020-09-17 05:05,11135.25,11136.75,11133.25,11133.25,9.0
2020-09-17 05:06,11131.5,11134.5,11131.5,11134.0,4.0
2020-09-17 05:07,11134.5,11139.75,11134.5,11138.25,16.0
2020-09-17 05:08,11139.0,11146.0,11139.0,11144.25,26.0
2020-09-17 05:09,11143.75,11143.75,11137.0,11138.0,8.0
2020-09-17 05:10,11138.25,11138.25,11136.5,11137.75,5.0
2020-09-17 05:11,11140.5,11150.25,11140.5,11149.25,26.0
2020-09-17 05:12,11150.25,11150.25,11146.0,11148.75,9.0
2020-09-17 05:13,11148.5,11157.75,11148.0,11152.75,24.0
2020-09-17 05:14,11151.75,11153.5,11149.0,11149.75,14.0
2020-09-17 05:15,11154.75,11154.75,11153.75,11153.75,4.0
2020-09-17 05:16,11155.25,11155.5,11151.25,11151.25,22.0
2020-09-17 05:17,11152.25,11154.0,11152.25,11153.5,9.0
2020-09-17 05:18,11154.75,11157.5,11154.75,11157.5,7.0
2020-09-17 05:19,11155.0,11155.0,11147.5,11148.25,13.0
2020-09-17 05:20,11149.0,11153.0,11149.0,11150.25,10.0
2020-09-17 05:21,11149.0,11149.0,11146.0,11147.5,13.0
2020-09-17 05:22,11147.25,11147.25,11144.0,11145.25,20.0
2020-09-17 05:23,11146.0,11147.0,11144.75,11145.25,13.0
2020-09-17 05:24,11146.75,11147.75,11146.5,11147.75,7.0
2020-09-17 05:25,11150.5,11153.0,11150.0,11152.75,13.0
2020-09-17 05:26,11153.25,11155.0,11151.75,11151.75,26.0
2020-09-17 05:27,11153.0,11154.0,11152.0,11153.0,11.0
2020-09-17 05:28,11154.25,11154.25,11152.0,11152.5,10.0
2020-09-17 05:29,11150.75,11152.0,11147.5,11152.0,28.0
2020-09-17 05:30,11154.75,11163.75,11154.75,11157.75,35.0
2020-09-17 05:31,11157.25,11157.25,11148.25,11148.25,26.0
2020-09-17 05:32,11149.5,11149.5,11143.0,11147.5,31.0
2020-09-17 05:33,11146.75,11146.75,11145.25,11145.75,3.0
2020-09-17 05:34,11141.0,11145.5,11140.0,11145.25,6.0
2020-09-17 05:35,11145.5,11145.5,11143.75,11143.75,5.0
2020-09-17 05:36,11142.25,11147.5,11142.25,11147.25,6.0
2020-09-17 05:37,11145.75,11149.75,11145.75,11149.0,9.0
2020-09-17 05:38,11149.0,11151.25,11148.25,11148.75,12.0
2020-09-17 05:39,11147.25,11148.75,11145.75,11147.5,7.0
2020-09-17 05:40,11150.5,11153.25,11150.5,11151.25,9.0
2020-09-17 05:41,11152.75,11155.5,11152.75,11155.5,6.0
2020-09-17 05:42,11155.75,11158.0,11155.75,11157.25,8.0
2020-09-17 05:43,11151.75,11151.75,11151.75,11151.75,4.0
2020-09-17 05:44,11149.5,11151.0,11149.5,11149.5,3.0
2020-09-17 05:45,11149.0,11149.0,11144.5,11144.5,9.0
2020-09-17 05:46,11146.75,11146.75,11146.75,11146.75,1.0
2020-09-17 05:47,11143.0,11143.0,11141.25,11142.75,6.0
2020-09-17 05:48,11143.75,11143.75,11143.0,11143.75,9.0
2020-09-17 05:49,11136.25,11143.0,11135.25,11140.5,13.0
2020-09-17 05:50,11142.5,11145.0,11141.25,11145.0,9.0
2020-09-17 05:51,11146.0,11146.0,11143.75,11143.75,4.0
2020-09-17 05:52,11146.0,11147.25,11146.0,11147.25,8.0
2020-09-17 05:53,11143.5,11146.0,11141.5,11146.0,15.0
2020-09-17 05:54,11143.0,11144.25,11137.5,11139.0,34.0
2020-09-17 05:55,11140.25,11143.0,11140.25,11141.0,8.0
2020-09-17 05:56,11139.75,11139.75,11131.75,11131.75,30.0
2020-09-17 05:57,11131.5,11140.5,11131.5,11139.0,20.0
2020-09-17 05:58,11136.25,11136.25,11134.0,11135.5,5.0
2020-09-17 05:59,11135.25,11140.5,11135.25,11137.75,9.0
2020-09-17 06:00,11137.0,11142.75,11115.0,11123.25,49.0
2020-09-17 06:01,11121.75,11125.75,11121.75,11122.75,23.0
2020-09-17 06:02,11122.0,11122.0,11116.75,11120.25,36.0
2020-09-17 06:03,11125.5,11125.5,11120.25,11122.25,14.0
2020-09-17 06:04,11122.75,11122.75,11107.25,11112.25,44.0
2020-09-17 06:05,11110.5,11110.5,11100.0,11104.0,69.0
2020-09-17 06:06,11100.25,11108.5,11100.0,11100.0,36.0
2020-09-17 06:07,11099.5,11099.5,11085.25,11086.0,54.0
2020-09-17 06:08,11086.0,11094.25,11083.5,11090.25,49.0
2020-09-17 06:09,11092.5,11094.75,11080.0,11081.25,58.0
2020-09-17 06:10,11082.5,11083.5,11073.5,11074.0,35.0
2020-09-17 06:11,11074.5,11081.25,11074.0,11080.75,33.0
2020-09-17 06:12,11082.75,11084.5,11077.75,11079.0,48.0
2020-09-17 06:13,11080.75,11080.75,11073.0,11077.75,26.0
2020-09-17 06:14,11077.5,11079.0,11077.5,11077.75,9.0
2020-09-17 06:15,11076.0,11076.0,11065.0,11068.0,68.0
2020-09-17 06:16,11068.0,11070.25,11061.25,11062.0,28.0
2020-09-17 06:17,11062.5,11062.5,11043.25,11052.0,157.0
2020-09-17 06:18,11047.75,11059.25,11044.75,11053.75,63.0
2020-09-17 06:19,11057.5,11062.0,11057.25,11060.25,19.0
2020-09-17 06:20,11057.25,11057.25,11046.75,11050.75,43.0
2020-09-17 06:21,11050.75,11057.25,11048.0,11049.25,29.0
2020-09-17 06:22,11048.25,11050.75,11041.5,11047.0,48.0
2020-09-17 06:23,11048.5,11054.5,11047.75,11051.5,42.0
2020-09-17 06:24,11050.75,11053.5,11050.75,11052.0,18.0
2020-09-17 06:25,11044.5,11044.5,11034.5,11037.25,45.0
2020-09-17 06:26,11040.0,11044.5,11037.0,11039.25,26.0
2020-09-17 06:27,11039.5,11047.5,11034.25,11042.5,33.0
2020-09-17 06:28,11044.0,11045.0,11037.25,11039.0,24.0
2020-09-17 06:29,11041.25,11041.25,11034.25,11034.25,73.0
2020-09-17 06:30,11034.0,11035.75,11025.0,11025.0,88.0
2020-09-17 06:31,11026.0,11034.25,11023.25,11033.5,45.0
2020-09-17 06:32,11032.5,11039.25,11032.5,11039.25,43.0
2020-09-17 06:33,11037.25,11041.0,11035.5,11038.0,42.0
2020-09-17 06:34,11040.0,11043.5,11038.0,11043.0,34.0
2020-09-17 06:35,11042.5,11044.75,11039.5,11040.5,48.0
2020-09-17 06:36,11040.0,11040.0,11034.0,11034.75,15.0
2020-09-17 06:37,11038.75,11043.5,11037.75,11038.75,13.0
2020-09-17 06:38,11034.25,11035.75,11022.0,11023.0,60.0
2020-09-17 06:39,11021.5,11029.5,11016.0,11023.75,146.0
2020-09-17 06:40,11022.25,11028.25,11016.0,11028.0,92.0
2020-09-17 06:41,11030.5,11033.25,11025.0,11028.0,42.0
2020-09-17 06:42,11026.0,11032.5,11026.0,11032.5,22.0
2020-09-17 06:43,11032.0,11034.0,11030.25,11030.25,44.0
2020-09-17 06:44,11026.5,11031.0,11026.5,11028.75,4.0
2020-09-17 06:45,11028.0,11032.75,11026.0,11032.75,19.0
2020-09-17 06:46,11034.75,11041.0,11034.0,11040.75,22.0
2020-09-17 06:47,11040.75,11048.25,11040.25,11047.5,60.0
2020-09-17 06:48,11047.5,11052.25,11046.25,11048.0,42.0
2020-09-17 06:49,11048.5,11057.25,11048.5,11055.0,44.0
2020-09-17 06:50,11055.5,11055.5,11051.0,11054.5,36.0
2020-09-17 06:51,11054.5,11062.75,11053.0,11062.75,49.0
2020-09-17 06:52,11062.5,11064.25,11060.75,11062.75,27.0
2020-09-17 06:53,11059.75,11059.75,11050.0,11051.5,51.0
2020-09-17 06:54,11052.75,11052.75,11047.75,11050.0,32.0
2020-09-17 06:55,11048.5,11048.5,11045.25,11045.5,15.0
2020-09-17 06:56,11047.0,11052.75,11046.75,11051.5,54.0
2020-09-17 06:57,11052.75,11060.25,11052.75,11058.0,31.0
2020-09-17 06:58,11056.75,11058.0,11055.25,11055.25,25.0
2020-09-17 06:59,11055.25,11058.0,11054.5,11058.0,46.0
2020-09-17 07:00,11058.25,11066.25,11055.0,11055.25,112.0
2020-09-17 07:01,11054.0,11054.25,11049.0,11053.5,32.0
2020-09-17 07:02,11051.0,11060.25,11051.0,11058.75,21.0
2020-09-17 07:03,11059.0,11064.0,11058.25,11059.5,26.0
2020-09-17 07:04,11057.25,11057.25,11050.5,11053.75,17.0
2020-09-17 07:05,11050.0,11061.0,11036.5,11059.25,83.0
2020-09-17 07:06,11061.0,11074.5,11060.5,11072.25,106.0
2020-09-17 07:07,11072.25,11080.5,11069.25,11078.5,70.0
2020-09-17 07:08,11077.0,11089.0,11077.0,11086.5,121.0
2020-09-17 07:09,11082.25,11087.0,11078.5,11084.5,83.0
2020-09-17 07:10,11086.75,11089.5,11076.0,11083.75,115.0
2020-09-17 07:11,11086.0,11086.5,11075.5,11079.25,49.0
2020-09-17 07:12,11079.0,11088.0,11077.0,11088.0,57.0
2020-09-17 07:13,11086.75,11090.5,11084.0,11084.5,37.0
2020-09-17 07:14,11082.0,11082.75,11076.75,11076.75,26.0
2020-09-17 07:15,11077.0,11085.25,11076.25,11085.0,28.0
2020-09-17 07:16,11083.5,11095.0,11083.5,11085.75,54.0
2020-09-17 07:17,11082.5,11084.25,11076.75,11079.75,41.0
2020-09-17 07:18,11080.5,11087.75,11079.0,11085.0,19.0
2020-09-17 07:19,11084.5,11087.25,11079.75,11083.75,29.0
2020-09-17 07:20,11083.0,11085.25,11081.75,11083.0,12.0
2020-09-17 07:21,11082.75,11083.0,11081.25,11083.0,9.0
2020-09-17 07:22,11081.5,11081.5,11071.0,11076.0,31.0
2020-09-17 07:23,11077.75,11081.5,11071.0,11077.0,24.0
2020-09-17 07:24,11071.0,11079.0,11071.0,11076.75,53.0
2020-09-17 07:25,11075.5,11075.5,11062.0,11068.25,37.0
2020-09-17 07:26,11071.5,11072.5,11067.25,11069.5,16.0
2020-09-17 07:27,11070.25,11087.5,11068.75,11079.75,47.0
2020-09-17 07:28,11078.5,11081.25,11076.0,11081.25,11.0
2020-09-17 07:29,11081.75,11089.0,11081.75,11087.5,31.0
2020-09-17 07:30,11087.25,11096.25,11085.0,11091.5,27.0
2020-09-17 07:31,11092.5,11095.25,11088.5,11095.25,10.0
2020-09-17 07:32,11093.25,11100.75,11092.5,11100.5,34.0
2020-09-17 07:33,11100.5,11100.5,11096.5,11097.75,30.0
2020-09-17 07:34,11098.5,11102.25,11098.5,11100.75,12.0
2020-09-17 07:35,11102.5,11102.5,11097.0,11100.0,7.0
2020-09-17 07:36,11098.0,11099.75,11094.75,11095.5,37.0
2020-09-17 07:37,11094.75,11095.5,11091.0,11091.0,13.0
2020-09-17 07:38,11093.25,11094.0,11092.5,11092.5,7.0
2020-09-17 07:39,11096.25,11101.25,11095.5,11099.5,11.0
2020-09-17 07:40,11099.5,11099.5,11093.5,11093.5,24.0
2020-09-17 07:41,11092.75,11095.5,11092.5,11095.5,12.0
2020-09-17 07:42,11097.0,11097.0,11092.75,11094.75,7.0
2020-09-17 07:43,11094.25,11094.25,11089.0,11089.0,9.0
2020-09-17 07:44,11089.5,11091.0,11084.75,11084.75,22.0
2020-09-17 07:45,11086.0,11091.5,11079.0,11079.0,31.0
2020-09-17 07:46,11079.0,11083.25,11077.0,11083.25,14.0
2020-09-17 07:47,11082.5,11087.5,11082.5,11087.5,5.0
2020-09-17 07:48,11083.5,11084.5,11076.5,11076.5,13.0
2020-09-17 07:49,11076.5,11077.75,11068.0,11071.5,51.0
2020-09-17 07:50,11071.5,11074.5,11068.5,11070.0,18.0
2020-09-17 07:51,11070.0,11070.0,11068.5,11068.5,3.0
2020-09-17 07:52,11071.5,11075.5,11071.5,11075.5,4.0
2020-09-17 07:53,11077.5,11086.5,11075.25,11083.5,31.0
2020-09-17 07:54,11084.0,11085.25,11084.0,11085.0,8.0
2020-09-17 07:55,11081.75,11090.0,11080.5,11088.0,6.0
2020-09-17 07:56,11088.75,11095.25,11088.75,11095.25,20.0
2020-09-17 07:57,11091.25,11091.25,11085.0,11086.25,15.0
2020-09-17 07:58,11084.75,11084.75,11083.0,11083.0,5.0
2020-09-17 07:59,11083.5,11083.5,11082.0,11082.0,3.0
2020-09-17 08:00,11080.5,11093.25,11080.5,11093.25,28.0
2020-09-17 08:01,11091.75,11093.75,11088.5,11092.5,8.0
2020-09-17 08:02,11098.75,11100.75,11098.5,11100.0,15.0
2020-09-17 08:03,11098.5,11098.5,11093.25,11093.25,11.0
2020-09-17 08:04,11094.0,11094.0,11088.75,11088.75,19.0
2020-09-17 08:05,11091.0,11091.5,11090.25,11090.25,3.0
2020-09-17 08:06,11101.0,11107.0,11100.75,11102.25,25.0
2020-09-17 08:07,11105.75,11108.25,11105.75,11107.5,6.0
2020-09-17 08:08,11108.5,11110.0,11106.0,11109.25,22.0
2020-09-17 08:09,11112.0,11115.0,11109.5,11111.75,39.0
2020-09-17 08:10,11113.25,11117.25,11110.0,11110.5,19.0
2020-09-17 08:11,11108.5,11110.5,11104.25,11104.25,20.0
2020-09-17 08:12,11105.25,11105.25,11101.5,11101.5,6.0
2020-09-17 08:13,11099.25,11100.0,11094.25,11098.0,29.0
2020-09-17 08:14,11098.0,11098.0,11090.5,11090.5,11.0
2020-09-17 08:15,11092.5,11097.0,11092.5,11094.0,8.0
2020-09-17 08:16,11093.5,11096.5,11091.75,11094.25,8.0
2020-09-17 08:17,11095.5,11095.5,11095.5,11095.5,1.0
2020-09-17 08:18,11097.5,11105.5,11097.5,11102.5,38.0
2020-09-17 08:19,11102.0,11105.25,11097.25,11105.25,8.0
2020-09-17 08:20,11102.25,11114.5,11102.25,11114.5,12.0
2020-09-17 08:21,11112.75,11112.75,11106.75,11108.25,21.0
2020-09-17 08:22,11109.5,11115.0,11106.75,11115.0,15.0
2020-09-17 08:23,11110.75,11122.5,11110.75,11115.5,41.0
2020-09-17 08:24,11115.0,11116.5,11112.0,11116.5,20.0
2020-09-17 08:25,11115.0,11116.75,11114.75,11115.75,14.0
2020-09-17 08:26,11117.25,11125.75,11115.5,11123.25,20.0
2020-09-17 08:27,11119.75,11126.25,11118.0,11123.5,29.0
2020-09-17 08:28,11122.25,11126.0,11120.25,11126.0,16.0
2020-09-17 08:29,11126.25,11128.75,11123.5,11126.25,54.0
2020-09-17 08:30,11127.75,11134.5,11127.75,11132.25,75.0
2020-09-17 08:31,11130.25,11130.25,11123.0,11123.25,24.0
2020-09-17 08:32,11120.75,11120.75,11113.5,11117.25,55.0
2020-09-17 08:33,11116.25,11117.75,11116.25,11117.75,4.0
2020-09-17 08:34,11118.75,11119.5,11115.25,11119.5,12.0
2020-09-17 08:35,11118.0,11119.25,11115.75,11119.25,5.0
2020-09-17 08:36,11118.0,11118.0,11111.75,11112.0,7.0
2020-09-17 08:37,11112.0,11112.0,11106.75,11109.0,15.0
2020-09-17 08:38,11107.5,11111.5,11107.5,11111.5,6.0
2020-09-17 08:39,11106.75,11107.5,11106.0,11106.0,7.0
2020-09-17 08:40,11105.25,11111.25,11105.25,11110.5,12.0
2020-09-17 08:41,11115.25,11118.75,11115.25,11118.0,8.0
2020-09-17 08:42,11115.0,11115.0,11115.0,11115.0,1.0
2020-09-17 08:43,11116.25,11121.75,11116.25,11120.25,3.0
2020-09-17 08:44,11119.5,11121.25,11118.75,11121.25,17.0
2020-09-17 08:45,11120.0,11121.0,11119.5,11119.5,3.0
2020-09-17 08:46,11115.0,11117.25,11115.0,11116.5,3.0
2020-09-17 08:47,11115.0,11120.25,11112.25,11112.25,14.0
2020-09-17 08:48,11112.0,11112.75,11111.25,11111.5,13.0
2020-09-17 08:49,11111.5,11113.5,11110.5,11112.0,15.0
2020-09-17 08:50,11109.25,11120.5,11109.25,11120.25,16.0
2020-09-17 08:51,11119.0,11122.5,11118.75,11122.5,6.0
2020-09-17 08:52,11122.5,11125.0,11121.75,11125.0,9.0
2020-09-17 08:53,11122.5,11127.0,11122.5,11125.5,4.0
2020-09-17 08:54,11124.0,11130.25,11124.0,11126.25,17.0
2020-09-17 08:55,11127.0,11129.25,11124.0,11124.0,15.0
2020-09-17 08:56,11124.0,11125.0,11122.0,11123.25,21.0
2020-09-17 08:57,11126.25,11126.25,11125.5,11126.0,3.0
2020-09-17 08:58,11125.5,11126.75,11124.25,11125.75,6.0
2020-09-17 08:59,11125.5,11126.5,11125.0,11126.5,8.0
2020-09-17 09:00,11131.5,11133.75,11126.25,11130.0,22.0
2020-09-17 09:01,11130.25,11135.75,11129.75,11134.5,20.0
2020-09-17 09:02,11127.75,11129.0,11127.5,11127.5,12.0
2020-09-17 09:03,11127.5,11128.75,11125.0,11125.5,26.0
2020-09-17 09:04,11124.0,11126.75,11121.0,11121.75,16.0
2020-09-17 09:05,11124.0,11128.0,11123.25,11127.0,25.0
2020-09-17 09:06,11126.25,11127.75,11124.5,11127.0,14.0
2020-09-17 09:07,11126.25,11130.75,11119.5,11121.75,14.0
2020-09-17 09:08,11118.75,11126.25,11118.75,11125.75,23.0
2020-09-17 09:09,11125.5,11127.0,11117.75,11120.25,14.0
2020-09-17 09:10,11121.0,11122.75,11120.0,11120.0,10.0
2020-09-17 09:11,11119.5,11124.0,11117.25,11117.25,16.0
2020-09-17 09:12,11116.0,11127.5,11116.0,11125.75,30.0
2020-09-17 09:13,11128.0,11136.0,11127.5,11135.5,56.0
2020-09-17 09:14,11133.25,11135.5,11128.25,11128.5,68.0
2020-09-17 09:15,11130.25,11132.75,11129.5,11129.5,44.0
2020-09-17 09:16,11128.5,11130.75,11123.75,11130.75,69.0
2020-09-17 09:17,11130.0,11134.5,11127.25,11132.5,54.0
2020-09-17 09:18,11134.5,11134.5,11130.25,11131.75,47.0
2020-09-17 09:19,11132.0,11133.0,11124.0,11130.75,66.0
2020-09-17 09:20,11131.0,11146.75,11131.0,11146.0,54.0
2020-09-17 09:21,11143.75,11149.0,11142.75,11143.5,60.0
2020-09-17 09:22,11144.5,11151.5,11141.25,11149.5,81.0
2020-09-17 09:23,11149.75,11149.75,11144.25,11149.25,48.0
2020-09-17 09:24,11151.0,11157.0,11151.0,11154.0,54.0
2020-09-17 09:25,11153.25,11153.25,11143.5,11147.5,64.0
2020-09-17 09:26,11143.5,11144.25,11141.0,11142.5,7.0
2020-09-17 09:27,11142.0,11144.0,11141.5,11144.0,6.0
2020-09-17 09:28,11143.5,11143.5,11137.75,11140.25,10.0
2020-09-17 09:29,11137.0,11138.0,11136.75,11136.75,5.0
2020-09-17 09:30,11138.25,11146.0,11138.25,11145.5,8.0
2020-09-17 09:31,11146.5,11148.0,11145.0,11145.0,5.0
2020-09-17 09:32,11143.0,11146.5,11143.0,11146.5,8.0
2020-09-17 09:33,11147.25,11148.75,11145.75,11148.75,4.0
2020-09-17 09:35,11145.75,11147.0,11143.5,11144.0,9.0
2020-09-17 09:36,11145.25,11152.5,11145.25,11152.5,17.0
2020-09-17 09:37,11151.75,11156.5,11151.0,11156.5,27.0
2020-09-17 09:38,11157.0,11158.75,11155.0,11155.0,7.0
2020-09-17 09:39,11151.0,11153.5,11147.5,11153.5,8.0
2020-09-17 09:40,11152.5,11155.5,11152.5,11155.25,9.0
2020-09-17 09:41,11155.0,11161.75,11154.75,11161.75,37.0
2020-09-17 09:42,11158.75,11164.75,11158.75,11164.75,18.0
2020-09-17 09:43,11164.5,11173.25,11161.5,11169.5,68.0
2020-09-17 09:44,11171.75,11171.75,11166.75,11170.5,7.0
2020-09-17 09:45,11172.0,11188.0,11172.0,11180.5,75.0
2020-09-17 09:46,11178.5,11179.75,11174.75,11175.5,30.0
2020-09-17 09:47,11174.75,11174.75,11169.75,11172.75,18.0
2020-09-17 09:48,11174.5,11178.5,11174.5,11176.0,5.0
2020-09-17 09:49,11176.25,11178.0,11174.25,11174.25,8.0
2020-09-17 09:50,11171.75,11171.75,11166.0,11166.0,14.0
2020-09-17 09:51,11166.5,11166.5,11163.25,11164.75,15.0
2020-09-17 09:52,11164.0,11164.0,11161.5,11163.0,22.0
2020-09-17 09:53,11165.25,11165.25,11162.75,11164.0,12.0
2020-09-17 09:54,11165.75,11166.75,11165.75,11166.75,2.0
2020-09-17 09:55,11165.25,11165.25,11162.5,11162.5,12.0
2020-09-17 09:56,11163.75,11173.75,11163.75,11173.75,14.0
2020-09-17 09:57,11175.75,11177.0,11170.5,11177.0,15.0
2020-09-17 09:58,11178.5,11182.0,11178.5,11179.75,14.0
2020-09-17 09:59,11179.5,11180.0,11176.75,11176.75,8.0
2020-09-17 10:00,11175.25,11177.0,11170.0,11171.25,14.0
2020-09-17 10:01,11172.0,11172.0,11171.25,11171.25,5.0
2020-09-17 10:02,11171.25,11171.25,11169.25,11169.75,3.0
2020-09-17 10:03,11161.25,11164.25,11157.25,11157.25,18.0
2020-09-17 10:04,11157.25,11159.25,11157.25,11158.0,36.0
2020-09-17 10:05,11161.5,11161.5,11157.75,11158.25,10.0
2020-09-17 10:06,11157.0,11165.25,11157.0,11165.25,11.0
2020-09-17 10:07,11164.5,11176.5,11164.5,11176.5,49.0
2020-09-17 10:08,11172.0,11172.0,11169.75,11169.75,3.0
2020-09-17 10:09,11167.0,11170.0,11165.0,11165.0,9.0
2020-09-17 10:10,11162.5,11162.5,11155.75,11155.75,12.0
2020-09-17 10:11,11154.75,11154.75,11146.0,11148.5,22.0
2020-09-17 10:12,11147.75,11154.0,11142.0,11150.75,67.0
2020-09-17 10:13,11152.5,11161.25,11151.75,11161.25,8.0
2020-09-17 10:14,11158.75,11167.25,11156.5,11158.5,18.0
2020-09-17 10:15,11158.25,11158.25,11151.75,11151.75,4.0
2020-09-17 10:16,11154.75,11160.75,11154.75,11160.0,16.0
2020-09-17 10:17,11156.25,11156.25,11152.25,11152.25,11.0
2020-09-17 10:18,11153.0,11154.75,11149.5,11152.5,7.0
2020-09-17 10:19,11150.75,11150.75,11148.5,11148.5,2.0
2020-09-17 10:20,11152.5,11157.75,11152.5,11156.0,8.0
2020-09-17 10:21,11155.25,11155.25,11151.5,11155.25,6.0
2020-09-17 10:23,11155.5,11168.75,11155.5,11157.0,27.0
2020-09-17 10:24,11159.25,11159.25,11159.25,11159.25,1.0
2020-09-17 10:26,11161.0,11161.0,11160.0,11160.0,2.0
2020-09-17 10:27,11161.0,11161.0,11161.0,11161.0,1.0
2020-09-17 10:29,11156.75,11156.75,11156.75,11156.75,12.0
2020-09-17 10:30,11160.75,11164.25,11160.75,11161.75,6.0
2020-09-17 10:31,11164.75,11166.0,11164.75,11165.75,4.0
2020-09-17 10:32,11168.0,11170.5,11168.0,11169.5,48.0
2020-09-17 10:33,11164.75,11165.25,11164.75,11165.25,3.0
2020-09-17 10:34,11161.75,11162.75,11158.5,11158.75,7.0
2020-09-17 10:35,11159.5,11159.5,11159.5,11159.5,2.0
2020-09-17 10:36,11159.5,11159.5,11159.5,11159.5,1.0
2020-09-17 10:37,11156.75,11157.25,11156.5,11157.25,16.0
2020-09-17 10:38,11159.5,11159.5,11158.75,11158.75,2.0
2020-09-17 10:39,11155.5,11155.5,11155.5,11155.5,1.0
2020-09-17 10:40,11156.0,11157.0,11156.0,11157.0,7.0
2020-09-17 10:41,11155.0,11155.0,11148.75,11151.75,22.0
2020-09-17 10:42,11150.75,11151.75,11146.5,11146.5,23.0
2020-09-17 10:43,11149.5,11150.25,11147.75,11150.25,7.0
2020-09-17 10:44,11152.0,11152.0,11152.0,11152.0,1.0
2020-09-17 10:45,11150.5,11150.5,11143.25,11143.25,12.0
2020-09-17 10:46,11139.5,11139.5,11126.0,11131.0,58.0
2020-09-17 10:47,11128.0,11133.0,11128.0,11132.0,15.0
2020-09-17 10:48,11130.25,11132.25,11130.25,11131.5,6.0
2020-09-17 10:49,11130.25,11130.25,11124.75,11127.5,22.0
2020-09-17 10:50,11130.25,11130.5,11122.5,11124.75,23.0
2020-09-17 10:51,11121.75,11121.75,11113.0,11113.25,57.0
2020-09-17 10:52,11115.75,11118.0,11111.0,11111.5,16.0
2020-09-17 10:53,11113.75,11115.5,11109.25,11112.75,16.0
2020-09-17 10:54,11110.25,11110.5,11106.25,11110.5,23.0
2020-09-17 10:55,11108.25,11110.75,11106.0,11107.0,19.0
2020-09-17 10:56,11106.0,11106.0,11095.0,11096.25,79.0
2020-09-17 10:57,11099.25,11100.0,11087.75,11087.75,31.0
2020-09-17 10:58,11087.75,11096.25,11087.25,11091.0,24.0
2020-09-17 10:59,11091.75,11091.75,11084.0,11087.25,23.0
2020-09-17 11:00,11085.0,11094.75,11076.75,11092.0,100.0
2020-09-17 11:01,11096.0,11098.25,11094.75,11097.25,21.0
2020-09-17 11:02,11095.25,11095.25,11090.0,11091.5,5.0
2020-09-17 11:03,11091.25,11098.0,11091.25,11095.0,10.0
2020-09-17 11:04,11095.75,11100.0,11094.0,11099.5,42.0
2020-09-17 11:05,11097.75,11103.75,11097.25,11099.25,19.0
2020-09-17 11:06,11099.5,11101.0,11095.0,11096.25,26.0
2020-09-17 11:07,11094.0,11101.25,11094.0,11097.5,15.0
2020-09-17 11:08,11097.25,11098.75,11091.25,11094.75,24.0
2020-09-17 11:09,11094.0,11102.25,11094.0,11102.0,16.0
2020-09-17 11:10,11104.0,11112.75,11102.5,11108.25,88.0
2020-09-17 11:11,11108.25,11112.5,11108.0,11111.5,32.0
2020-09-17 11:12,11110.5,11112.75,11109.0,11112.75,17.0
2020-09-17 11:13,11112.0,11112.25,11110.0,11110.75,12.0
2020-09-17 11:14,11110.0,11116.5,11110.0,11114.75,43.0
2020-09-17 11:15,11114.5,11114.5,11109.5,11113.5,35.0
2020-09-17 11:16,11114.0,11117.75,11113.25,11116.0,40.0
2020-09-17 11:17,11117.0,11118.5,11115.0,11115.25,45.0
2020-09-17 11:18,11115.5,11116.0,11109.5,11109.5,25.0
2020-09-17 11:19,11109.0,11109.0,11100.25,11103.5,39.0
2020-09-17 11:20,11103.75,11103.75,11098.0,11099.25,26.0
2020-09-17 11:21,11099.25,11103.5,11098.5,11103.5,19.0
2020-09-17 11:22,11102.5,11102.75,11090.0,11091.0,54.0
2020-09-17 11:23,11091.5,11092.0,11077.0,11079.5,81.0
2020-09-17 11:24,11078.25,11084.5,11072.25,11082.5,72.0
2020-09-17 11:25,11084.5,11091.5,11082.75,11088.75,27.0
2020-09-17 11:26,11085.0,11086.0,11079.0,11085.25,26.0
2020-09-17 11:27,11087.5,11088.75,11077.75,11082.75,42.0
2020-09-17 11:28,11082.0,11097.75,11082.0,11095.75,89.0
2020-09-17 11:29,11097.25,11097.25,11079.5,11082.0,52.0
2020-09-17 11:30,11083.5,11089.5,11079.5,11088.0,44.0
2020-09-17 11:31,11089.5,11089.5,11082.75,11084.5,14.0
2020-09-17 11:32,11084.5,11089.5,11084.5,11087.25,16.0
2020-09-17 11:33,11090.0,11090.25,11085.25,11085.5,80.0
2020-09-17 11:34,11086.0,11087.75,11084.0,11084.0,59.0
2020-09-17 11:35,11082.25,11092.75,11082.25,11090.25,142.0
2020-09-17 11:36,11092.0,11099.0,11090.25,11094.25,101.0
2020-09-17 11:37,11095.0,11095.0,11085.0,11086.0,24.0
2020-09-17 11:38,11084.25,11087.5,11076.0,11080.5,95.0
2020-09-17 11:39,11078.25,11082.0,11072.5,11076.75,39.0
2020-09-17 11:40,11082.5,11085.0,11080.5,11083.25,23.0
2020-09-17 11:41,11083.75,11084.0,11075.25,11078.75,19.0
2020-09-17 11:42,11079.25,11090.0,11079.25,11090.0,41.0
2020-09-17 11:43,11084.25,11091.0,11084.25,11088.0,32.0
2020-09-17 11:44,11083.25,11083.25,11054.0,11061.25,169.0
2020-09-17 11:45,11060.0,11067.0,11060.0,11063.25,47.0
2020-09-17 11:46,11062.5,11067.5,11062.25,11067.0,15.0
2020-09-17 11:47,11066.5,11066.5,11053.75,11058.5,67.0
2020-09-17 11:48,11061.5,11061.5,11045.0,11047.75,95.0
2020-09-17 11:49,11044.5,11057.25,11044.5,11053.25,33.0
2020-09-17 11:50,11050.5,11051.75,11042.0,11051.75,39.0
2020-09-17 11:51,11055.0,11062.0,11044.5,11045.5,81.0
2020-09-17 11:52,11045.5,11048.5,11044.25,11048.5,14.0
2020-09-17 11:53,11046.5,11052.25,11043.5,11049.5,29.0
2020-09-17 11:54,11050.75,11052.75,11046.0,11047.75,25.0
2020-09-17 11:55,11045.5,11046.75,11041.75,11043.25,22.0
2020-09-17 11:56,11043.25,11047.5,11037.75,11045.0,45.0
2020-09-17 11:57,11044.5,11045.5,11042.0,11042.25,27.0
2020-09-17 11:58,11042.25,11051.0,11042.25,11050.5,52.0
2020-09-17 11:59,11051.5,11053.0,11049.25,11049.5,61.0
2020-09-17 12:00,11051.0,11052.0,11044.0,11046.0,32.0
2020-09-17 12:01,11044.25,11052.25,11044.25,11052.25,18.0
2020-09-17 12:02,11052.5,11053.75,11047.0,11047.0,9.0
2020-09-17 12:03,11043.0,11044.5,11022.0,11027.5,117.0
2020-09-17 12:04,11028.0,11030.25,11024.0,11028.25,45.0
2020-09-17 12:05,11028.25,11035.0,11027.75,11035.0,37.0
2020-09-17 12:06,11033.5,11035.25,11030.0,11034.25,19.0
2020-09-17 12:07,11031.75,11032.75,11021.0,11023.0,29.0
2020-09-17 12:08,11021.75,11030.75,11014.25,11020.0,62.0
2020-09-17 12:09,11018.5,11026.5,11013.0,11020.75,92.0
2020-09-17 12:10,11017.75,11025.75,11016.75,11025.75,12.0
2020-09-17 12:11,11025.0,11028.0,11022.75,11023.75,51.0
2020-09-17 12:12,11022.75,11030.5,11021.25,11029.25,14.0
2020-09-17 12:13,11029.75,11033.0,11027.5,11030.25,12.0
2020-09-17 12:14,11033.5,11035.0,11032.0,11033.25,27.0
2020-09-17 12:15,11036.0,11041.5,11033.75,11041.5,36.0
2020-09-17 12:16,11040.75,11044.5,11040.25,11040.25,31.0
2020-09-17 12:17,11041.5,11041.5,11030.5,11036.25,66.0
2020-09-17 12:18,11036.75,11040.5,11036.0,11038.25,17.0
2020-09-17 12:19,11039.75,11040.25,11026.25,11028.75,25.0
2020-09-17 12:20,11030.0,11030.0,11022.0,11023.25,31.0
2020-09-17 12:21,11029.0,11030.5,11028.0,11028.25,35.0
2020-09-17 12:22,11029.75,11033.5,11029.75,11033.5,9.0
2020-09-17 12:23,11034.5,11040.0,11030.0,11039.25,30.0
2020-09-17 12:24,11041.0,11047.25,11038.25,11046.0,56.0
2020-09-17 12:25,11043.75,11049.75,11036.0,11041.25,64.0
2020-09-17 12:26,11038.75,11038.75,11029.0,11032.0,31.0
2020-09-17 12:27,11031.5,11038.0,11029.75,11038.0,31.0
2020-09-17 12:28,11038.25,11042.5,11038.0,11038.0,17.0
2020-09-17 12:29,11040.0,11040.25,11031.25,11034.25,24.0
2020-09-17 12:30,11038.75,11038.75,11018.5,11020.5,118.0
2020-09-17 12:31,11009.5,11018.0,11001.75,11016.25,239.0
2020-09-17 12:32,11013.5,11016.0,11007.25,11012.75,26.0
2020-09-17 12:33,11012.75,11022.75,11003.25,11007.25,90.0
2020-09-17 12:34,11004.5,11006.0,11001.5,11004.25,21.0
2020-09-17 12:35,11006.5,11012.25,11000.5,11000.5,44.0
2020-09-17 12:36,11001.0,11011.5,11000.0,11008.75,82.0
2020-09-17 12:37,11004.75,11019.5,11003.75,11018.5,55.0
2020-09-17 12:38,11018.0,11019.25,11010.0,11014.25,71.0
2020-09-17 12:39,11016.75,11020.0,11015.0,11015.0,13.0
2020-09-17 12:40,11020.0,11022.5,11001.0,11004.25,48.0
2020-09-17 12:41,11006.25,11011.25,11006.25,11011.0,19.0
2020-09-17 12:42,11012.5,11013.5,11003.5,11007.25,47.0
2020-09-17 12:43,11013.0,11017.25,11007.25,11017.25,11.0
2020-09-17 12:44,11018.0,11018.0,11012.25,11014.5,12.0
2020-09-17 12:45,11013.75,11013.75,11009.5,11012.5,5.0
2020-09-17 12:46,11017.25,11025.25,11009.5,11019.25,42.0
2020-09-17 12:47,11022.0,11022.75,11018.25,11018.25,26.0
2020-09-17 12:48,11019.5,11027.25,11019.25,11023.25,31.0
2020-09-17 12:49,11023.25,11024.5,11017.25,11019.75,22.0
2020-09-17 12:50,11014.0,11016.75,11010.0,11016.75,12.0
2020-09-17 12:51,11012.0,11013.0,11008.25,11008.25,7.0
2020-09-17 12:52,11008.25,11014.25,11005.0,11005.0,28.0
2020-09-17 12:53,11009.5,11009.5,11002.25,11003.0,29.0
2020-09-17 12:54,11001.5,11001.5,10988.5,10995.5,111.0
2020-09-17 12:55,10996.0,10998.5,10981.5,10987.25,147.0
2020-09-17 12:56,10988.0,10998.5,10985.75,10991.25,47.0
2020-09-17 12:57,10991.0,10991.0,10983.0,10986.5,15.0
2020-09-17 12:58,10986.0,10998.0,10984.25,10991.0,44.0
2020-09-17 12:59,10988.25,10994.5,10986.25,10993.5,27.0
2020-09-17 13:00,10994.5,10994.5,10974.0,10980.0,126.0
2020-09-17 13:01,10983.25,10984.5,10975.0,10977.0,30.0
2020-09-17 13:02,10974.5,10980.0,10968.75,10974.5,134.0
2020-09-17 13:03,10978.5,10978.5,10967.25,10971.75,40.0
2020-09-17 13:04,10969.5,10975.75,10969.5,10970.75,36.0
2020-09-17 13:05,10969.5,10970.0,10953.75,10955.0,57.0
2020-09-17 13:06,10954.5,10960.5,10947.25,10947.25,114.0
2020-09-17 13:07,10945.0,10953.0,10943.25,10951.25,43.0
2020-09-17 13:08,10950.75,10953.5,10944.0,10944.0,25.0
2020-09-17 13:09,10947.0,10954.75,10946.75,10948.75,61.0
2020-09-17 13:10,10950.25,10951.25,10942.25,10942.5,82.0
2020-09-17 13:11,10944.25,10949.75,10934.25,10945.0,225.0
2020-09-17 13:12,10950.0,10954.0,10942.25,10942.25,83.0
2020-09-17 13:13,10940.5,10940.5,10918.75,10927.5,189.0
2020-09-17 13:14,10928.5,10932.5,10923.75,10927.75,142.0
2020-09-17 13:15,10929.0,10940.5,10927.25,10935.25,103.0
2020-09-17 13:16,10936.0,10946.5,10934.75,10945.25,84.0
2020-09-17 13:17,10946.75,10951.75,10942.75,10947.75,137.0
2020-09-17 13:18,10948.75,10954.0,10948.75,10953.5,101.0
2020-09-17 13:19,10954.0,10962.75,10951.25,10959.25,191.0
2020-09-17 13:20,10959.5,10961.5,10956.5,10960.5,124.0
2020-09-17 13:21,10960.75,10962.75,10957.5,10962.75,53.0
2020-09-17 13:22,10963.0,10965.0,10958.25,10959.0,50.0
2020-09-17 13:23,10959.0,10960.75,10953.25,10957.0,102.0
2020-09-17 13:24,10958.0,10963.75,10956.75,10962.75,75.0
2020-09-17 13:25,10963.25,10965.25,10960.0,10960.0,112.0
2020-09-17 13:26,10960.0,10965.0,10959.5,10965.0,45.0
2020-09-17 13:27,10965.5,10968.75,10963.5,10964.75,143.0
2020-09-17 13:28,10965.25,10977.5,10962.5,10975.75,346.0
2020-09-17 13:29,10975.75,10977.5,10962.5,10962.5,193.0
2020-09-17 13:30,10963.75,10980.0,10959.75,10972.75,833.0
2020-09-17 13:31,10976.0,11010.25,10973.5,11007.0,881.0
2020-09-17 13:32,11007.0,11008.5,10992.0,11004.25,632.0
2020-09-17 13:33,11004.25,11019.0,11003.75,11008.0,374.0
2020-09-17 13:34,11008.5,11016.0,10994.5,10996.0,357.0
2020-09-17 13:35,10996.0,11022.75,10986.75,11021.5,558.0
2020-09-17 13:36,11021.0,11036.25,11016.75,11033.25,607.0
2020-09-17 13:37,11032.5,11041.75,11014.75,11041.75,525.0
2020-09-17 13:38,11040.25,11040.25,11023.5,11032.0,328.0
2020-09-17 13:39,11033.0,11033.0,11009.75,11011.5,420.0
2020-09-17 13:40,11010.0,11027.25,11008.25,11012.5,272.0
2020-09-17 13:41,11012.25,11021.5,10999.0,11002.0,348.0
2020-09-17 13:42,11000.25,11019.0,10996.75,11015.25,325.0
2020-09-17 13:43,11016.75,11029.75,11013.25,11014.0,302.0
2020-09-17 13:44,11013.75,11021.5,11000.75,11004.0,303.0
2020-09-17 13:45,11006.0,11030.25,11006.0,11026.5,207.0
2020-09-17 13:46,11027.5,11040.5,11017.5,11038.5,245.0
2020-09-17 13:47,11039.25,11046.5,11031.0,11038.0,488.0
2020-09-17 13:48,11037.25,11037.25,11020.25,11021.0,190.0
2020-09-17 13:49,11020.25,11031.5,11015.0,11022.0,196.0
2020-09-17 13:50,11020.5,11062.5,11020.5,11060.75,464.0
2020-09-17 13:51,11060.0,11068.25,11055.5,11061.75,350.0
2020-09-17 13:52,11061.75,11078.0,11060.5,11074.5,308.0
2020-09-17 13:53,11074.0,11076.0,11067.0,11067.0,152.0
2020-09-17 13:54,11068.75,11082.0,11068.75,11070.25,249.0
2020-09-17 13:55,11070.75,11078.75,11070.75,11075.0,98.0
2020-09-17 13:56,11075.75,11077.75,11063.5,11065.25,152.0
2020-09-17 13:57,11066.0,11070.5,11056.5,11059.5,114.0
2020-09-17 13:58,11062.0,11079.25,11058.0,11072.75,172.0
2020-09-17 13:59,11072.75,11079.0,11069.25,11077.25,62.0
2020-09-17 14:00,11079.25,11090.75,11075.75,11083.5,215.0
2020-09-17 14:01,11081.25,11085.75,11075.25,11076.75,195.0
2020-09-17 14:02,11074.75,11076.0,11056.0,11063.25,342.0
2020-09-17 14:03,11063.25,11074.75,11063.25,11068.75,122.0
2020-09-17 14:04,11069.5,11077.5,11067.0,11072.75,65.0
2020-09-17 14:05,11073.75,11102.25,11066.5,11099.5,198.0
2020-09-17 14:06,11099.0,11102.5,11092.75,11100.0,373.0
2020-09-17 14:07,11098.5,11106.75,11097.0,11100.5,168.0
2020-09-17 14:08,11100.5,11114.75,11097.5,11111.5,155.0
2020-09-17 14:09,11111.0,11112.0,11097.0,11097.0,108.0
2020-09-17 14:10,11097.5,11114.75,11091.0,11114.0,156.0
2020-09-17 14:11,11115.5,11123.75,11114.75,11115.75,221.0
2020-09-17 14:12,11115.0,11115.25,11104.25,11104.5,133.0
2020-09-17 14:13,11105.0,11105.0,11090.5,11097.5,168.0
2020-09-17 14:14,11094.75,11107.5,11093.25,11103.0,104.0
2020-09-17 14:15,11103.25,11105.5,11088.25,11095.5,153.0
2020-09-17 14:16,11095.5,11102.5,11076.75,11080.25,269.0
2020-09-17 14:17,11081.0,11085.0,11071.25,11075.5,167.0
2020-09-17 14:18,11077.25,11085.0,11074.25,11077.0,145.0
2020-09-17 14:19,11077.25,11097.0,11076.75,11087.5,129.0
2020-09-17 14:20,11085.5,11109.25,11081.75,11108.75,232.0
2020-09-17 14:21,11107.25,11110.0,11100.0,11109.0,179.0
2020-09-17 14:22,11106.75,11110.25,11077.75,11078.5,238.0
2020-09-17 14:23,11079.0,11079.0,11047.0,11054.25,454.0
2020-09-17 14:24,11057.25,11058.0,11041.75,11044.0,210.0
2020-09-17 14:25,11043.25,11045.5,11027.25,11030.0,304.0
2020-09-17 14:26,11030.0,11036.0,11021.0,11028.0,283.0
2020-09-17 14:27,11029.25,11039.25,11028.5,11037.0,196.0
2020-09-17 14:28,11039.5,11045.0,11030.0,11044.75,114.0
2020-09-17 14:29,11045.5,11052.25,11039.0,11052.25,206.0
2020-09-17 14:30,11049.5,11052.75,11034.0,11043.0,191.0
2020-09-17 14:31,11043.0,11043.0,11032.75,11033.5,105.0
2020-09-17 14:32,11033.75,11055.5,11033.75,11039.5,176.0
2020-09-17 14:33,11037.0,11042.5,11024.5,11040.5,156.0
2020-09-17 14:34,11044.0,11073.5,11043.75,11072.25,177.0
2020-09-17 14:35,11075.25,11082.0,11061.0,11061.0,184.0
2020-09-17 14:36,11067.75,11068.75,11057.75,11057.75,93.0
2020-09-17 14:37,11056.5,11067.0,11046.25,11064.25,118.0
2020-09-17 14:38,11067.75,11080.0,11057.25,11080.0,126.0
2020-09-17 14:39,11079.5,11092.25,11078.0,11091.0,123.0
2020-09-17 14:40,11086.25,11091.75,11081.75,11091.0,89.0
2020-09-17 14:41,11091.25,11092.0,11083.0,11088.0,55.0
2020-09-17 14:42,11089.75,11118.0,11086.25,11118.0,362.0
2020-09-17 14:43,11118.75,11120.0,11109.0,11115.0,176.0
2020-09-17 14:44,11114.75,11123.0,11108.0,11115.5,120.0
2020-09-17 14:45,11114.75,11142.5,11114.75,11135.5,401.0
2020-09-17 14:46,11136.75,11136.75,11126.0,11127.0,162.0
2020-09-17 14:47,11128.75,11136.5,11126.75,11134.75,87.0
2020-09-17 14:48,11136.0,11142.75,11123.5,11124.5,178.0
2020-09-17 14:49,11124.25,11132.5,11122.5,11128.5,126.0
2020-09-17 14:50,11129.25,11136.75,11125.0,11130.0,153.0
2020-09-17 14:51,11133.5,11140.5,11126.5,11129.75,136.0
2020-09-17 14:52,11128.0,11133.25,11121.75,11131.75,113.0
2020-09-17 14:53,11130.5,11138.25,11125.75,11130.75,69.0
2020-09-17 14:54,11130.5,11141.5,11124.75,11135.75,151.0
2020-09-17 14:55,11135.25,11136.25,11116.25,11116.5,131.0
2020-09-17 14:56,11118.75,11125.5,11115.75,11115.75,103.0
2020-09-17 14:57,11119.25,11124.25,11111.25,11113.25,69.0
2020-09-17 14:58,11112.5,11118.0,11097.75,11101.25,199.0
2020-09-17 14:59,11102.0,11104.75,11095.5,11099.25,146.0
2020-09-17 15:00,11100.0,11117.75,11100.0,11114.25,112.0
2020-09-17 15:01,11114.25,11130.5,11114.25,11125.75,131.0
2020-09-17 15:02,11125.75,11140.25,11125.75,11136.0,200.0
2020-09-17 15:03,11136.0,11136.0,11126.75,11132.25,128.0
2020-09-17 15:04,11134.5,11139.75,11130.25,11136.75,106.0
2020-09-17 15:05,11137.75,11141.25,11133.0,11135.25,108.0
2020-09-17 15:06,11138.0,11150.5,11132.0,11148.75,276.0
2020-09-17 15:07,11148.0,11153.25,11144.0,11145.75,208.0
2020-09-17 15:08,11144.0,11144.75,11130.5,11142.0,197.0
2020-09-17 15:09,11141.5,11144.75,11134.5,11138.5,111.0
2020-09-17 15:10,11139.5,11151.25,11133.0,11149.75,104.0
2020-09-17 15:11,11151.25,11152.75,11141.25,11141.25,145.0
2020-09-17 15:12,11141.0,11141.0,11132.25,11133.5,118.0
2020-09-17 15:13,11135.75,11142.5,11133.25,11133.25,91.0
2020-09-17 15:14,11133.25,11141.5,11123.0,11141.5,197.0
2020-09-17 15:15,11143.75,11164.25,11143.25,11157.5,206.0
2020-09-17 15:16,11160.0,11160.25,11150.75,11151.75,149.0
2020-09-17 15:17,11152.25,11152.25,11120.5,11122.0,359.0
2020-09-17 15:18,11124.25,11126.0,11113.5,11118.5,267.0
2020-09-17 15:19,11119.5,11123.5,11111.5,11118.0,294.0
2020-09-17 15:20,11117.75,11120.0,11108.25,11109.75,258.0
2020-09-17 15:21,11110.5,11113.0,11100.75,11103.75,189.0
2020-09-17 15:22,11104.5,11106.75,11099.25,11100.25,137.0
2020-09-17 15:23,11101.75,11112.5,11101.25,11110.25,126.0
2020-09-17 15:24,11110.25,11112.5,11092.0,11097.75,434.0
2020-09-17 15:25,11098.25,11103.0,11094.5,11094.5,178.0
2020-09-17 15:26,11094.75,11107.0,11092.0,11104.5,269.0
2020-09-17 15:27,11103.75,11116.25,11103.0,11110.5,111.0
2020-09-17 15:28,11113.25,11122.75,11107.5,11109.25,146.0
2020-09-17 15:29,11109.5,11114.25,11104.5,11114.0,130.0
2020-09-17 15:30,11113.5,11121.0,11107.25,11110.0,175.0
2020-09-17 15:31,11110.5,11117.25,11104.5,11115.0,109.0
2020-09-17 15:32,11114.75,11136.75,11114.5,11126.0,175.0
2020-09-17 15:33,11126.75,11127.75,11098.0,11102.75,231.0
2020-09-17 15:34,11103.75,11103.75,11086.25,11091.0,360.0
2020-09-17 15:35,11095.5,11101.0,11091.25,11092.5,148.0
2020-09-17 15:36,11092.25,11100.0,11085.25,11097.75,184.0
2020-09-17 15:37,11097.75,11107.75,11094.75,11107.25,80.0
2020-09-17 15:38,11106.0,11106.0,11098.75,11102.25,94.0
2020-09-17 15:39,11102.25,11106.0,11095.0,11101.25,84.0
2020-09-17 15:40,11104.5,11114.25,11085.75,11088.25,137.0
2020-09-17 15:41,11087.5,11087.5,11071.25,11074.75,283.0
2020-09-17 15:42,11074.75,11080.25,11066.5,11074.25,228.0
2020-09-17 15:43,11075.75,11075.75,11064.0,11066.25,209.0
2020-09-17 15:44,11067.25,11068.25,11055.5,11057.0,189.0
2020-09-17 15:45,11060.75,11066.5,11051.5,11053.75,202.0
2020-09-17 15:46,11055.5,11060.25,11050.0,11057.5,138.0
2020-09-17 15:47,11059.5,11061.75,11045.25,11045.5,152.0
2020-09-17 15:48,11045.0,11051.0,11040.75,11048.0,115.0
2020-09-17 15:49,11049.0,11056.75,11040.0,11040.0,128.0
2020-09-17 15:50,11042.25,11048.0,11033.5,11034.75,124.0
2020-09-17 15:51,11034.75,11037.75,11026.0,11027.25,221.0
2020-09-17 15:52,11027.25,11029.0,11023.75,11025.25,161.0
2020-09-17 15:53,11025.0,11040.25,11023.25,11037.25,190.0
2020-09-17 15:54,11037.5,11040.0,11032.75,11039.75,142.0
2020-09-17 15:55,11042.75,11047.5,11038.0,11038.75,204.0
2020-09-17 15:56,11038.0,11038.0,11015.0,11016.0,376.0
2020-09-17 15:57,11016.0,11022.75,11014.5,11018.0,220.0
2020-09-17 15:58,11017.5,11029.25,11016.75,11027.5,78.0
2020-09-17 15:59,11025.5,11027.0,11017.25,11019.0,101.0
2020-09-17 16:00,11020.0,11022.75,11014.5,11015.25,160.0
2020-09-17 16:01,11019.5,11038.25,11019.0,11035.5,180.0
2020-09-17 16:02,11036.25,11037.25,11025.0,11037.25,91.0
2020-09-17 16:03,11034.0,11034.0,11020.5,11033.5,96.0
2020-09-17 16:04,11034.25,11045.0,11034.25,11040.25,93.0
2020-09-17 16:05,11042.5,11045.0,11033.0,11033.0,135.0
2020-09-17 16:06,11033.5,11033.5,11023.5,11025.0,105.0
2020-09-17 16:07,11027.5,11031.5,11005.5,11005.75,243.0
2020-09-17 16:08,11007.25,11017.0,11003.75,11006.0,281.0
2020-09-17 16:09,11005.25,11011.5,10998.0,11003.0,242.0
2020-09-17 16:10,11003.0,11011.5,10992.0,10994.0,209.0
2020-09-17 16:11,10995.5,10998.75,10976.0,10977.25,431.0
2020-09-17 16:12,10976.5,10984.0,10964.5,10968.75,531.0
2020-09-17 16:13,10970.5,10981.75,10970.5,10978.25,220.0
2020-09-17 16:14,10977.5,10978.75,10960.75,10976.25,342.0
2020-09-17 16:15,10975.75,10982.5,10970.0,10978.5,188.0
2020-09-17 16:16,10979.0,10992.0,10979.0,10984.5,200.0
2020-09-17 16:17,10984.25,10984.25,10956.25,10958.75,280.0
2020-09-17 16:18,10957.5,10966.25,10949.0,10963.25,268.0
2020-09-17 16:19,10965.5,10977.0,10965.0,10971.0,273.0
2020-09-17 16:20,10971.75,10973.5,10954.0,10961.0,257.0
2020-09-17 16:21,10961.75,10980.75,10961.75,10976.0,206.0
2020-09-17 16:22,10977.0,10981.0,10973.0,10979.75,92.0
2020-09-17 16:23,10977.75,10978.75,10972.25,10977.0,58.0
2020-09-17 16:24,10976.0,10976.0,10956.5,10971.25,208.0
2020-09-17 16:25,10973.5,10973.5,10951.25,10955.0,196.0
2020-09-17 16:26,10955.5,10967.25,10946.75,10962.75,252.0
2020-09-17 16:27,10965.75,10976.0,10961.5,10975.5,116.0
2020-09-17 16:28,10977.0,10978.5,10965.75,10970.75,146.0
2020-09-17 16:29,10972.5,10980.5,10971.0,10979.25,115.0
2020-09-17 16:30,10978.75,10978.75,10962.5,10977.5,94.0
2020-09-17 16:31,10979.25,10995.75,10979.25,10981.75,277.0
2020-09-17 16:32,10981.0,10981.0,10968.0,10977.0,197.0
2020-09-17 16:33,10978.0,10983.5,10969.75,10969.75,118.0
2020-09-17 16:34,10969.5,10982.5,10963.0,10980.0,88.0
2020-09-17 16:35,10981.5,10989.75,10965.75,10978.0,153.0
2020-09-17 16:36,10978.25,10980.25,10970.25,10977.25,58.0
2020-09-17 16:37,10980.25,10980.25,10964.25,10975.75,88.0
2020-09-17 16:38,10974.0,10996.75,10971.75,10991.25,182.0
2020-09-17 16:39,10990.5,10992.75,10981.25,10983.25,159.0
2020-09-17 16:40,10983.25,10992.5,10976.75,10991.75,133.0
2020-09-17 16:41,10993.0,10994.0,10967.5,10971.5,123.0
2020-09-17 16:42,10975.5,10983.75,10967.0,10967.0,130.0
2020-09-17 16:43,10968.75,10973.5,10956.5,10959.5,166.0
2020-09-17 16:44,10961.0,10976.5,10953.75,10971.75,212.0
2020-09-17 16:45,10970.75,10975.0,10959.5,10962.25,110.0
2020-09-17 16:46,10961.75,10962.25,10936.75,10943.5,336.0
2020-09-17 16:47,10943.25,10953.75,10933.0,10936.75,242.0
2020-09-17 16:48,10938.75,10947.75,10936.75,10939.5,160.0
2020-09-17 16:49,10946.0,10959.0,10943.5,10943.5,211.0
2020-09-17 16:50,10946.75,10947.25,10930.0,10938.0,205.0
2020-09-17 16:51,10939.0,10962.75,10938.75,10962.0,166.0
2020-09-17 16:52,10962.0,10963.5,10950.0,10958.0,151.0
2020-09-17 16:53,10956.25,10963.75,10950.75,10961.0,121.0
2020-09-17 16:54,10960.75,10980.25,10958.25,10974.5,211.0
2020-09-17 16:55,10974.5,10991.75,10968.25,10990.5,142.0
2020-09-17 16:56,10992.0,10993.25,10982.0,10990.75,143.0
2020-09-17 16:57,10994.0,10995.75,10986.0,10990.25,114.0
2020-09-17 16:58,10994.25,10995.25,10988.75,10991.5,50.0
2020-09-17 16:59,10991.25,11000.5,10984.25,11000.5,119.0
2020-09-17 17:00,10998.0,11008.0,10989.75,11004.5,119.0
2020-09-17 17:01,11004.75,11006.25,10997.0,11000.75,79.0
2020-09-17 17:02,11000.75,11000.75,10990.75,10997.0,102.0
2020-09-17 17:03,10997.0,11005.75,10997.0,10998.5,53.0
2020-09-17 17:04,10997.75,11004.75,10997.25,10997.25,43.0
2020-09-17 17:05,10997.0,11000.25,10984.0,11000.25,128.0
2020-09-17 17:06,10999.25,11006.5,10998.75,11005.25,82.0
2020-09-17 17:07,11004.25,11018.75,11004.25,11009.25,210.0
2020-09-17 17:08,11009.25,11015.25,11004.5,11015.25,132.0
2020-09-17 17:09,11015.75,11015.75,11003.5,11006.25,62.0
2020-09-17 17:10,11009.0,11011.5,10999.5,11005.5,136.0
2020-09-17 17:11,11005.5,11006.0,10998.25,10999.75,88.0
2020-09-17 17:12,11001.25,11010.0,10998.0,10998.0,153.0
2020-09-17 17:13,11005.0,11005.25,10992.25,10994.75,92.0
2020-09-17 17:14,11001.0,11003.25,10993.5,10998.0,181.0
2020-09-17 17:15,10999.5,11005.75,10981.5,10984.25,185.0
2020-09-17 17:16,10985.75,10989.0,10966.25,10968.75,203.0
2020-09-17 17:17,10969.0,10977.75,10969.0,10975.5,96.0
2020-09-17 17:18,10976.25,10979.75,10971.0,10973.5,72.0
2020-09-17 17:19,10974.0,10976.0,10970.0,10971.75,66.0
2020-09-17 17:20,10973.5,10978.25,10966.75,10976.0,96.0
2020-09-17 17:21,10977.75,10987.5,10977.0,10986.5,105.0
2020-09-17 17:22,10984.5,10986.0,10981.25,10983.5,101.0
2020-09-17 17:23,10982.0,10982.75,10969.5,10969.5,63.0
2020-09-17 17:24,10972.75,10984.75,10972.75,10983.0,52.0
2020-09-17 17:25,10985.75,10994.0,10985.75,10994.0,47.0
2020-09-17 17:26,10995.25,10996.5,10991.25,10992.0,47.0
2020-09-17 17:27,10990.75,10991.25,10981.0,10987.5,44.0
2020-09-17 17:28,10984.0,10992.75,10981.5,10990.5,27.0
2020-09-17 17:29,10989.0,11006.0,10989.0,11002.0,100.0
2020-09-17 17:30,11003.25,11011.5,10997.5,11011.5,136.0
2020-09-17 17:31,11010.25,11023.5,11010.25,11022.5,98.0
2020-09-17 17:32,11020.75,11027.75,11018.75,11025.5,44.0
2020-09-17 17:33,11025.75,11031.5,11022.75,11029.75,64.0
2020-09-17 17:34,11032.25,11033.5,11028.5,11030.5,40.0
2020-09-17 17:35,11030.25,11037.5,11026.5,11037.5,58.0
2020-09-17 17:36,11037.75,11040.5,11034.5,11037.75,116.0
2020-09-17 17:37,11035.5,11038.5,11027.75,11027.75,63.0
2020-09-17 17:38,11028.75,11028.75,11020.0,11024.25,60.0
2020-09-17 17:39,11023.25,11032.75,11023.25,11030.0,70.0
2020-09-17 17:40,11030.75,11034.5,11024.25,11025.5,121.0
2020-09-17 17:41,11028.75,11033.5,11022.0,11023.5,48.0
2020-09-17 17:42,11025.25,11038.5,11024.25,11036.5,41.0
2020-09-17 17:43,11036.5,11047.0,11035.0,11045.0,58.0
2020-09-17 17:44,11047.25,11047.25,11041.5,11042.75,54.0
2020-09-17 17:45,11041.25,11044.75,11039.5,11042.25,54.0
2020-09-17 17:46,11040.25,11043.0,11036.25,11036.25,72.0
2020-09-17 17:47,11034.5,11037.25,11029.25,11035.5,107.0
2020-09-17 17:48,11033.25,11045.25,11032.5,11044.0,83.0
2020-09-17 17:49,11044.5,11053.75,11041.25,11051.0,122.0
2020-09-17 17:50,11050.5,11050.75,11031.5,11036.25,88.0
2020-09-17 17:51,11037.25,11039.25,11033.75,11036.5,38.0
2020-09-17 17:52,11039.0,11045.0,11036.25,11037.25,32.0
2020-09-17 17:53,11037.75,11050.5,11035.0,11040.0,82.0
2020-09-17 17:54,11039.25,11044.0,11027.25,11036.25,102.0
2020-09-17 17:55,11036.0,11040.0,11026.25,11026.25,54.0
2020-09-17 17:56,11025.75,11027.5,11014.5,11026.5,158.0
2020-09-17 17:57,11024.25,11030.0,11014.5,11018.0,108.0
2020-09-17 17:58,11019.0,11024.75,11017.5,11024.75,56.0
2020-09-17 17:59,11025.25,11031.25,11017.25,11019.5,47.0
2020-09-17 18:00,11023.0,11034.75,11022.25,11027.75,61.0
2020-09-17 18:01,11029.75,11031.25,11019.0,11026.75,41.0
2020-09-17 18:02,11025.25,11042.5,11025.25,11042.0,50.0
2020-09-17 18:03,11042.25,11043.75,11036.25,11036.5,56.0
2020-09-17 18:04,11035.5,11043.75,11034.0,11041.75,35.0
2020-09-17 18:05,11040.5,11049.5,11038.5,11046.25,58.0
2020-09-17 18:06,11046.0,11049.0,11043.25,11046.5,38.0
2020-09-17 18:07,11048.25,11051.0,11048.25,11050.5,74.0
2020-09-17 18:08,11050.5,11051.75,11043.0,11043.0,84.0
2020-09-17 18:09,11041.5,11048.75,11040.75,11044.5,20.0
2020-09-17 18:10,11045.75,11047.5,11039.0,11044.5,41.0
2020-09-17 18:11,11046.0,11060.5,11043.25,11049.5,138.0
2020-09-17 18:12,11049.5,11056.25,11048.75,11053.25,26.0
2020-09-17 18:13,11052.75,11058.0,11052.0,11056.5,18.0
2020-09-17 18:14,11059.0,11059.5,11052.75,11054.75,53.0
2020-09-17 18:15,11056.0,11059.0,11054.25,11056.5,48.0
2020-09-17 18:16,11058.5,11058.75,11049.0,11049.75,69.0
2020-09-17 18:17,11053.0,11057.25,11043.75,11044.5,57.0
2020-09-17 18:18,11043.25,11044.0,11038.5,11041.5,85.0
2020-09-17 18:19,11040.5,11046.75,11039.75,11046.25,54.0
2020-09-17 18:20,11046.25,11047.75,11033.5,11037.5,170.0
2020-09-17 18:21,11039.0,11042.25,11028.5,11033.0,74.0
2020-09-17 18:22,11034.0,11036.25,11030.75,11035.25,63.0
2020-09-17 18:23,11032.5,11041.5,11031.0,11041.25,93.0
2020-09-17 18:24,11040.0,11040.0,11029.25,11033.25,66.0
2020-09-17 18:25,11032.75,11038.5,11026.75,11038.5,122.0
2020-09-17 18:26,11033.75,11035.5,11029.5,11032.5,61.0
2020-09-17 18:27,11031.25,11031.25,11020.0,11020.0,67.0
2020-09-17 18:28,11017.25,11018.0,11000.0,11002.5,163.0
2020-09-17 18:29,11001.5,11007.25,10990.25,10990.5,154.0
2020-09-17 18:30,10990.75,10995.0,10985.0,10991.75,139.0
2020-09-17 18:31,10991.75,11000.75,10991.75,10998.25,75.0
2020-09-17 18:32,10997.25,11001.75,10991.5,10998.0,74.0
2020-09-17 18:33,10999.0,11001.5,10996.0,10997.75,39.0
2020-09-17 18:34,10996.5,10998.0,10987.5,10990.0,95.0
2020-09-17 18:35,10989.5,10996.25,10985.25,10991.25,82.0
2020-09-17 18:36,10993.5,10996.0,10981.5,10983.25,89.0
2020-09-17 18:37,10985.0,10994.25,10985.0,10989.0,53.0
2020-09-17 18:38,10987.5,10990.5,10984.5,10984.5,24.0
2020-09-17 18:39,10983.75,10983.75,10973.0,10975.25,74.0
2020-09-17 18:40,10976.75,10980.0,10969.25,10974.25,70.0
2020-09-17 18:41,10975.75,10994.5,10975.75,10989.0,106.0
2020-09-17 18:42,10991.25,10994.5,10989.75,10990.0,33.0
2020-09-17 18:43,10990.75,10995.5,10990.75,10995.0,28.0
2020-09-17 18:44,10992.5,11003.0,10992.5,10999.0,64.0
2020-09-17 18:45,10995.5,11001.75,10995.0,11000.75,28.0
2020-09-17 18:46,10998.25,10998.25,10993.75,10996.0,10.0
2020-09-17 18:47,10996.0,11002.75,10995.5,11002.75,20.0
2020-09-17 18:48,11002.5,11014.5,11002.5,11010.75,93.0
2020-09-17 18:49,11010.75,11011.0,11004.75,11005.0,76.0
2020-09-17 18:50,11005.5,11010.75,10996.75,10998.25,91.0
2020-09-17 18:51,10999.0,11002.0,10993.0,10999.5,45.0
2020-09-17 18:52,10997.0,10997.0,10989.25,10995.0,48.0
2020-09-17 18:53,10994.25,11000.25,10994.25,11000.25,11.0
2020-09-17 18:54,10999.5,11012.5,10997.25,11009.5,39.0
2020-09-17 18:55,11006.75,11020.75,11004.75,11018.75,37.0
2020-09-17 18:56,11014.75,11014.75,11007.75,11011.25,17.0
2020-09-17 18:57,11013.0,11013.0,11003.75,11008.0,38.0
2020-09-17 18:58,11011.0,11013.0,11009.75,11011.5,13.0
2020-09-17 18:59,11010.25,11010.5,11001.0,11007.25,22.0
2020-09-17 19:00,11012.75,11012.75,10990.5,10992.75,51.0
2020-09-17 19:01,10992.75,10997.0,10989.0,10989.0,36.0
2020-09-17 19:02,10994.0,10994.0,10979.5,10984.5,51.0
2020-09-17 19:03,10978.5,10979.5,10971.0,10971.0,50.0
2020-09-17 19:04,10971.75,10971.75,10963.0,10965.25,80.0
2020-09-17 19:05,10966.0,10969.5,10962.5,10966.25,63.0
2020-09-17 19:06,10969.0,10975.25,10967.25,10970.75,104.0
2020-09-17 19:07,10970.25,10982.75,10970.25,10978.75,45.0
2020-09-17 19:08,10980.25,10989.0,10979.25,10985.5,37.0
2020-09-17 19:09,10986.75,10992.0,10985.5,10986.5,29.0
2020-09-17 19:10,10988.5,11004.5,10988.5,11000.25,71.0
2020-09-17 19:11,10999.75,11024.75,10997.25,11021.25,109.0
2020-09-17 19:12,11021.25,11021.25,11011.75,11016.5,32.0
2020-09-17 19:13,11015.5,11039.0,11014.5,11034.0,184.0
2020-09-17 19:14,11034.0,11041.0,11031.5,11037.75,50.0
2020-09-17 19:15,11037.5,11042.25,11030.25,11033.75,31.0
2020-09-17 19:16,11029.25,11046.25,11026.5,11045.25,110.0
2020-09-17 19:17,11045.25,11045.25,11031.75,11036.5,38.0
2020-09-17 19:18,11036.25,11040.75,11033.25,11035.75,38.0
2020-09-17 19:19,11035.5,11035.5,11024.75,11025.0,34.0
2020-09-17 19:20,11030.0,11040.75,11028.0,11040.75,38.0
2020-09-17 19:21,11041.0,11041.5,11027.25,11032.5,44.0
2020-09-17 19:22,11029.25,11035.0,11022.0,11022.0,40.0
2020-09-17 19:23,11024.25,11032.75,11024.25,11026.0,39.0
2020-09-17 19:24,11025.5,11025.5,11006.75,11006.75,77.0
2020-09-17 19:25,11007.5,11008.5,10992.0,10992.5,58.0
2020-09-17 19:26,10992.75,10995.0,10985.5,10989.25,73.0
2020-09-17 19:27,10991.0,10991.75,10982.25,10988.25,37.0
2020-09-17 19:28,10986.25,10990.0,10982.75,10983.0,37.0
2020-09-17 19:29,10990.75,10994.25,10989.5,10989.5,50.0
2020-09-17 19:30,10987.75,10996.25,10982.5,10996.25,119.0
2020-09-17 19:31,10995.0,11011.0,10991.75,11011.0,68.0
2020-09-17 19:32,11012.0,11026.0,11010.0,11021.5,172.0
2020-09-17 19:33,11021.5,11036.5,11020.0,11027.75,97.0
2020-09-17 19:34,11030.0,11038.5,11030.0,11037.75,68.0
2020-09-17 19:35,11038.0,11047.25,11032.5,11043.0,66.0
2020-09-17 19:36,11044.75,11051.0,11041.25,11043.0,74.0
2020-09-17 19:37,11044.0,11046.5,11032.0,11033.0,68.0
2020-09-17 19:38,11031.0,11042.0,11028.75,11039.75,52.0
2020-09-17 19:39,11042.25,11056.25,11042.25,11056.25,59.0
2020-09-17 19:40,11060.0,11071.25,11054.5,11061.5,76.0
2020-09-17 19:41,11058.5,11065.0,11053.5,11061.0,41.0
2020-09-17 19:42,11059.75,11065.5,11057.0,11058.75,29.0
2020-09-17 19:43,11060.75,11062.75,11056.25,11058.0,29.0
2020-09-17 19:44,11059.0,11063.5,11044.0,11047.5,65.0
2020-09-17 19:45,11053.5,11054.0,11040.0,11046.5,33.0
2020-09-17 19:46,11046.0,11047.25,11034.0,11035.0,41.0
2020-09-17 19:47,11039.0,11050.75,11037.0,11050.75,47.0
2020-09-17 19:48,11051.0,11072.5,11048.25,11071.25,62.0
2020-09-17 19:49,11069.0,11071.0,11062.25,11062.25,47.0
2020-09-17 19:50,11058.75,11079.5,11054.25,11073.5,158.0
2020-09-17 19:51,11076.0,11076.0,11057.0,11064.5,59.0
2020-09-17 19:52,11062.25,11069.75,11061.0,11066.5,65.0
2020-09-17 19:53,11065.75,11078.75,11063.75,11072.5,127.0
2020-09-17 19:54,11069.0,11076.0,11067.5,11073.75,88.0
2020-09-17 19:55,11073.75,11081.5,11071.25,11081.5,181.0
2020-09-17 19:56,11082.5,11083.25,11058.75,11060.5,168.0
2020-09-17 19:57,11061.0,11065.5,11057.0,11065.0,139.0
2020-09-17 19:58,11065.75,11070.0,11063.75,11065.5,111.0
2020-09-17 19:59,11065.5,11087.75,11063.25,11082.25,330.0
2020-09-17 20:00,11081.25,11106.0,11079.5,11105.0,307.0
2020-09-17 20:01,11106.75,11116.25,11102.75,11104.75,220.0
2020-09-17 20:02,11103.75,11106.75,11098.25,11102.0,75.0
2020-09-17 20:03,11101.5,11104.25,11100.0,11101.25,37.0
2020-09-17 20:04,11101.0,11102.75,11095.0,11095.0,57.0
2020-09-17 20:05,11095.0,11098.5,11093.0,11094.5,63.0
2020-09-17 20:06,11093.25,11094.75,11093.25,11094.0,20.0
2020-09-17 20:07,11094.5,11094.5,11089.25,11090.25,23.0
2020-09-17 20:08,11088.5,11090.5,11087.75,11089.25,20.0
2020-09-17 20:09,11089.25,11094.25,11089.25,11093.0,25.0
2020-09-17 20:10,11091.25,11102.0,11091.25,11101.75,47.0
2020-09-17 20:11,11101.25,11101.25,11099.0,11099.5,15.0
2020-09-17 20:12,11099.25,11099.25,11094.25,11096.25,7.0
2020-09-17 20:13,11097.75,11097.75,11090.75,11095.5,41.0
2020-09-17 20:14,11096.0,11096.0,11087.5,11090.5,31.0
2020-09-17 20:30,11096.0,11096.0,11088.25,11088.25,9.0
2020-09-17 20:31,11088.25,11088.25,11087.75,11087.75,8.0
2020-09-17 20:32,11088.75,11097.75,11088.75,11096.25,18.0
2020-09-17 20:33,11099.0,11099.0,11099.0,11099.0,1.0
2020-09-17 20:34,11096.5,11096.5,11095.0,11095.0,3.0
2020-09-17 20:35,11095.75,11095.75,11094.75,11094.75,4.0
2020-09-17 20:36,11095.75,11095.75,11095.75,11095.75,1.0
2020-09-17 20:37,11093.5,11096.0,11093.0,11095.5,8.0
2020-09-17 20:38,11093.75,11095.0,11093.75,11095.0,2.0
2020-09-17 20:39,11094.5,11094.5,11094.5,11094.5,1.0
2020-09-17 20:40,11095.0,11095.0,11095.0,11095.0,1.0
2020-09-17 20:41,11096.0,11096.0,11093.5,11093.5,4.0
2020-09-17 20:43,11093.75,11094.25,11091.0,11094.25,7.0
2020-09-17 20:45,11091.25,11091.25,11084.25,11085.25,14.0
2020-09-17 20:46,11085.25,11086.25,11085.25,11086.25,2.0
2020-09-17 20:47,11085.25,11085.75,11081.5,11081.5,8.0
2020-09-17 20:48,11090.25,11090.25,11090.25,11090.25,1.0
2020-09-17 20:51,11083.25,11083.5,11083.25,11083.5,2.0
2020-09-17 20:52,11082.75,11084.25,11082.5,11084.25,4.0
2020-09-17 20:56,11081.25,11082.0,11079.75,11082.0,4.0
2020-09-17 20:57,11082.0,11083.0,11082.0,11083.0,6.0
2020-09-17 20:58,11082.5,11082.5,11081.0,11081.75,9.0
2020-09-17 20:59,11080.75,11085.75,11080.25,11085.75,7.0
2020-09-17 22:00,11082.0,11082.0,11070.0,11078.5,9.0
2020-09-17 22:01,11080.25,11084.0,11078.0,11084.0,15.0
2020-09-17 22:02,11079.25,11079.25,11079.0,11079.0,3.0
2020-09-17 22:04,11078.0,11078.0,11078.0,11078.0,1.0
2020-09-17 22:06,11077.5,11077.5,11074.25,11076.5,4.0
2020-09-17 22:07,11073.25,11074.0,11073.25,11073.75,3.0
2020-09-17 22:08,11074.25,11075.0,11074.25,11074.25,3.0
2020-09-17 22:09,11072.25,11072.25,11071.25,11071.5,3.0
2020-09-17 22:10,11072.5,11073.25,11072.0,11072.5,8.0
2020-09-17 22:11,11074.0,11078.0,11074.0,11077.25,8.0
2020-09-17 22:12,11077.75,11084.0,11077.75,11084.0,7.0
2020-09-17 22:13,11084.25,11085.75,11083.25,11084.0,4.0
2020-09-17 22:14,11082.5,11082.5,11082.25,11082.25,3.0
2020-09-17 22:15,11083.0,11083.0,11083.0,11083.0,2.0
2020-09-17 22:16,11082.25,11082.25,11082.25,11082.25,1.0
2020-09-17 22:17,11083.0,11083.0,11083.0,11083.0,2.0
2020-09-17 22:19,11083.0,11083.0,11081.25,11081.25,3.0
2020-09-17 22:20,11081.5,11084.75,11081.5,11084.75,4.0
2020-09-17 22:21,11088.0,11090.75,11088.0,11090.75,5.0
2020-09-17 22:22,11091.0,11091.0,11091.0,11091.0,3.0
2020-09-17 22:23,11088.0,11090.75,11087.75,11090.75,3.0
2020-09-17 22:24,11091.0,11091.0,11091.0,11091.0,1.0
2020-09-17 22:25,11089.0,11089.0,11088.75,11088.75,2.0
2020-09-17 22:26,11089.75,11091.5,11089.75,11091.5,2.0
2020-09-17 22:28,11092.75,11093.25,11092.75,11093.25,2.0
2020-09-17 22:30,11089.5,11089.5,11089.5,11089.5,1.0
2020-09-17 22:33,11093.75,11096.5,11093.75,11096.5,6.0
2020-09-17 22:34,11094.75,11094.75,11094.75,11094.75,2.0
2020-09-17 22:37,11094.0,11094.25,11093.25,11094.25,4.0
2020-09-17 22:38,11093.25,11094.25,11093.25,11094.25,3.0
2020-09-17 22:39,11094.5,11094.5,11093.25,11093.25,4.0
2020-09-17 22:40,11095.75,11097.25,11095.75,11097.25,3.0
2020-09-17 22:41,11099.0,11100.0,11099.0,11100.0,2.0
2020-09-17 22:42,11101.0,11101.0,11101.0,11101.0,4.0
2020-09-17 22:43,11104.0,11104.0,11102.5,11104.0,8.0
2020-09-17 22:44,11103.0,11104.0,11101.0,11101.0,3.0
2020-09-17 22:45,11104.0,11104.0,11104.0,11104.0,1.0
2020-09-17 22:46,11105.5,11105.5,11105.5,11105.5,1.0
2020-09-17 22:47,11104.0,11104.0,11104.0,11104.0,2.0
2020-09-17 22:49,11107.0,11107.0,11107.0,11107.0,1.0
2020-09-17 22:50,11104.0,11104.0,11104.0,11104.0,1.0
2020-09-17 22:52,11109.25,11109.25,11109.25,11109.25,2.0
2020-09-17 22:55,11109.75,11112.75,11109.75,11112.5,5.0
2020-09-17 22:56,11113.0,11113.0,11113.0,11113.0,6.0
2020-09-17 22:57,11112.75,11112.75,11111.5,11111.5,11.0
2020-09-17 22:58,11110.75,11111.5,11110.75,11111.5,2.0
2020-09-17 22:59,11112.0,11112.0,11112.0,11112.0,1.0
2020-09-17 23:00,11112.0,11115.75,11112.0,11115.75,16.0
2020-09-17 23:01,11117.25,11117.25,11117.25,11117.25,1.0
2020-09-17 23:02,11115.75,11118.25,11115.75,11117.0,5.0
2020-09-17 23:03,11118.75,11126.0,11118.75,11126.0,5.0
2020-09-17 23:04,11128.0,11131.5,11128.0,11130.5,10.0
2020-09-17 23:05,11127.75,11127.75,11125.0,11127.0,11.0
2020-09-17 23:06,11127.0,11127.0,11126.75,11126.75,6.0
2020-09-17 23:07,11123.75,11123.75,11123.5,11123.5,2.0
2020-09-17 23:09,11123.5,11124.75,11123.5,11123.5,11.0
2020-09-17 23:10,11123.5,11123.5,11123.5,11123.5,1.0
2020-09-17 23:11,11124.75,11125.0,11124.75,11125.0,2.0
2020-09-17 23:12,11122.5,11123.25,11122.5,11122.5,5.0
2020-09-17 23:13,11123.0,11123.0,11123.0,11123.0,1.0
2020-09-17 23:14,11120.5,11120.5,11120.25,11120.25,2.0
2020-09-17 23:16,11123.25,11123.25,11123.25,11123.25,9.0
2020-09-17 23:17,11122.5,11123.25,11122.5,11123.25,16.0
2020-09-17 23:18,11122.0,11122.0,11120.25,11120.25,2.0
2020-09-17 23:19,11122.5,11122.5,11122.0,11122.0,2.0
2020-09-17 23:21,11122.0,11122.0,11121.75,11122.0,3.0
2020-09-17 23:22,11123.25,11123.25,11123.25,11123.25,1.0
2020-09-17 23:23,11120.75,11120.75,11120.25,11120.25,2.0
2020-09-17 23:24,11120.0,11120.0,11119.25,11119.5,4.0
2020-09-17 23:25,11124.75,11126.25,11124.75,11125.75,3.0
2020-09-17 23:26,11126.25,11126.25,11123.5,11125.0,4.0
2020-09-17 23:29,11122.0,11122.0,11122.0,11122.0,1.0
2020-09-17 23:30,11122.25,11122.25,11122.25,11122.25,1.0
2020-09-17 23:34,11119.5,11119.5,11119.5,11119.5,1.0
2020-09-17 23:35,11122.0,11122.0,11122.0,11122.0,1.0
2020-09-17 23:36,11119.5,11119.5,11113.75,11117.25,15.0
2020-09-17 23:37,11117.25,11117.25,11117.25,11117.25,1.0
2020-09-17 23:38,11112.0,11113.0,11110.25,11110.25,13.0
2020-09-17 23:39,11108.75,11113.25,11108.75,11113.25,8.0
2020-09-17 23:41,11113.0,11113.0,11109.0,11109.0,3.0
2020-09-17 23:42,11108.5,11111.5,11108.5,11109.5,5.0
2020-09-17 23:43,11109.75,11109.75,11105.25,11105.25,6.0
2020-09-17 23:44,11105.5,11105.5,11104.0,11104.0,2.0
2020-09-17 23:45,11102.5,11102.5,11095.75,11096.0,7.0
2020-09-17 23:46,11094.25,11098.0,11092.5,11094.5,14.0
2020-09-17 23:47,11096.75,11098.75,11095.75,11095.75,5.0
2020-09-17 23:48,11094.75,11094.75,11093.75,11093.75,5.0
2020-09-17 23:49,11092.25,11093.5,11091.75,11092.25,8.0
2020-09-17 23:50,11091.75,11094.75,11091.75,11094.75,4.0
2020-09-17 23:51,11095.25,11095.25,11095.25,11095.25,1.0
2020-09-17 23:52,11101.0,11101.75,11101.0,11101.75,5.0
2020-09-17 23:53,11100.25,11101.5,11100.0,11100.0,3.0
2020-09-17 23:54,11098.25,11099.0,11098.25,11099.0,6.0
2020-09-17 23:55,11097.25,11097.25,11097.25,11097.25,1.0
2020-09-17 23:56,11096.5,11096.5,11096.5,11096.5,1.0
2020-09-17 23:57,11097.5,11097.5,11090.5,11090.5,5.0
2020-09-17 23:58,11091.75,11091.75,11087.5,11087.5,4.0
2020-09-17 23:59,11087.25,11087.25,11084.25,11084.25,5.0
2020-09-18 00:00,11080.0,11093.25,11080.0,11093.25,9.0
2020-09-18 00:01,11086.5,11086.5,11083.5,11084.25,6.0
2020-09-18 00:02,11081.75,11081.75,11081.75,11081.75,1.0
2020-09-18 00:03,11087.5,11087.75,11087.5,11087.75,2.0
2020-09-18 00:04,11089.0,11089.75,11086.0,11089.75,9.0
2020-09-18 00:05,11087.5,11087.5,11084.0,11084.0,4.0
2020-09-18 00:06,11089.5,11095.25,11089.5,11095.25,6.0
2020-09-18 00:07,11099.25,11102.75,11099.25,11102.0,15.0
2020-09-18 00:08,11102.75,11105.0,11102.25,11102.25,3.0
2020-09-18 00:09,11103.0,11105.25,11103.0,11105.25,3.0
2020-09-18 00:10,11104.25,11110.0,11104.25,11110.0,6.0
2020-09-18 00:11,11108.5,11108.75,11107.75,11108.75,8.0
2020-09-18 00:12,11111.25,11112.25,11109.0,11112.25,11.0
2020-09-18 00:13,11115.0,11116.75,11115.0,11116.75,5.0
2020-09-18 00:14,11115.75,11116.0,11114.25,11114.25,4.0
2020-09-18 00:15,11116.5,11117.25,11108.5,11108.5,11.0
2020-09-18 00:16,11114.25,11114.25,11112.75,11112.75,7.0
2020-09-18 00:17,11109.75,11109.75,11107.5,11107.5,5.0
2020-09-18 00:18,11108.75,11112.0,11108.75,11112.0,4.0
2020-09-18 00:19,11109.75,11110.0,11109.75,11110.0,6.0
2020-09-18 00:20,11108.0,11108.75,11107.0,11108.75,10.0
2020-09-18 00:21,11106.5,11106.5,11104.0,11104.0,8.0
2020-09-18 00:22,11100.75,11102.5,11099.25,11100.0,8.0
2020-09-18 00:23,11096.0,11100.25,11095.25,11100.25,4.0
2020-09-18 00:24,11096.25,11096.25,11096.25,11096.25,1.0
2020-09-18 00:25,11098.0,11099.5,11098.0,11099.5,3.0
2020-09-18 00:26,11095.5,11095.5,11095.0,11095.0,4.0
2020-09-18 00:27,11095.25,11095.25,11095.0,11095.0,5.0
2020-09-18 00:28,11098.0,11098.0,11098.0,11098.0,1.0
2020-09-18 00:29,11093.0,11093.0,11080.0,11085.25,9.0
2020-09-18 00:30,11083.5,11092.25,11083.5,11092.25,8.0
2020-09-18 00:31,11098.0,11099.25,11096.75,11099.25,10.0
2020-09-18 00:32,11099.25,11099.25,11099.0,11099.0,2.0
2020-09-18 00:33,11099.0,11101.5,11099.0,11101.5,3.0
2020-09-18 00:34,11102.75,11108.25,11102.75,11105.5,5.0
2020-09-18 00:35,11104.25,11107.25,11104.25,11107.25,7.0
2020-09-18 00:36,11106.75,11106.75,11106.75,11106.75,1.0
2020-09-18 00:38,11101.75,11101.75,11097.0,11097.0,7.0
2020-09-18 00:39,11097.0,11098.0,11093.25,11098.0,10.0
2020-09-18 00:40,11095.0,11095.0,11093.25,11094.25,6.0
2020-09-18 00:41,11093.0,11093.0,11090.0,11090.0,5.0
2020-09-18 00:42,11089.75,11089.75,11084.0,11086.5,16.0
2020-09-18 00:43,11087.5,11088.25,11087.5,11088.25,2.0
2020-09-18 00:44,11089.0,11089.25,11087.5,11087.5,4.0
2020-09-18 00:45,11090.25,11093.25,11083.25,11083.25,12.0
2020-09-18 00:46,11081.75,11088.75,11081.75,11084.75,5.0
2020-09-18 00:47,11090.5,11090.5,11087.25,11087.25,4.0
2020-09-18 00:48,11085.75,11085.75,11085.75,11085.75,1.0
2020-09-18 00:49,11078.75,11078.75,11075.0,11075.25,4.0
2020-09-18 00:50,11078.25,11078.25,11078.25,11078.25,1.0
2020-09-18 00:51,11080.25,11080.25,11064.0,11065.0,25.0
2020-09-18 00:52,11063.25,11069.75,11063.0,11069.75,16.0
2020-09-18 00:53,11071.0,11072.25,11069.0,11069.0,4.0
2020-09-18 00:54,11072.25,11072.25,11072.25,11072.25,1.0
2020-09-18 00:55,11073.75,11074.5,11066.5,11066.5,9.0
2020-09-18 00:56,11070.0,11072.0,11070.0,11072.0,4.0
2020-09-18 00:57,11072.5,11072.5,11072.5,11072.5,2.0
2020-09-18 00:58,11069.0,11069.0,11065.0,11065.0,3.0
2020-09-18 00:59,11069.0,11074.25,11069.0,11074.25,2.0
2020-09-18 01:00,11076.25,11078.25,11073.25,11078.25,4.0
2020-09-18 01:01,11078.25,11084.0,11078.25,11084.0,5.0
2020-09-18 01:02,11085.75,11095.5,11085.75,11095.5,29.0
2020-09-18 01:03,11095.75,11095.75,11093.25,11095.75,7.0
2020-09-18 01:04,11095.0,11095.0,11094.5,11094.5,2.0
2020-09-18 01:05,11095.25,11104.25,11095.25,11101.0,19.0
2020-09-18 01:06,11103.0,11104.0,11098.25,11098.25,4.0
2020-09-18 01:07,11098.25,11098.25,11088.5,11090.0,11.0
2020-09-18 01:08,11086.75,11086.75,11085.5,11085.75,9.0
2020-09-18 01:09,11084.0,11084.0,11077.75,11081.5,8.0
2020-09-18 01:10,11081.5,11083.0,11081.5,11083.0,3.0
2020-09-18 01:11,11077.25,11077.25,11068.5,11071.75,14.0
2020-09-18 01:12,11070.25,11070.25,11064.25,11069.75,23.0
2020-09-18 01:13,11067.75,11068.25,11056.5,11060.5,16.0
2020-09-18 01:14,11063.0,11063.0,11063.0,11063.0,1.0
2020-09-18 01:15,11069.0,11069.0,11058.75,11058.75,14.0
2020-09-18 01:16,11065.75,11065.75,11061.5,11061.5,8.0
2020-09-18 01:17,11059.0,11059.0,11050.0,11051.5,24.0
2020-09-18 01:18,11052.75,11052.75,11052.5,11052.5,2.0
2020-09-18 01:19,11057.5,11059.5,11057.25,11059.5,6.0
2020-09-18 01:20,11060.0,11060.0,11060.0,11060.0,1.0
2020-09-18 01:22,11055.5,11055.5,11053.25,11053.25,8.0
2020-09-18 01:23,11063.5,11063.5,11061.5,11061.5,2.0
2020-09-18 01:24,11062.5,11062.5,11062.5,11062.5,1.0
2020-09-18 01:25,11064.5,11067.5,11062.25,11062.25,14.0
2020-09-18 01:26,11060.5,11060.5,11055.0,11055.0,2.0
2020-09-18 01:27,11063.25,11063.75,11058.5,11058.5,7.0
2020-09-18 01:28,11055.75,11055.75,11040.25,11043.0,24.0
2020-09-18 01:29,11042.75,11048.25,11039.75,11048.25,57.0
2020-09-18 01:30,11048.25,11053.75,11044.75,11044.75,8.0
2020-09-18 01:31,11044.0,11044.0,11038.0,11038.0,15.0
2020-09-18 01:32,11037.25,11044.5,11037.25,11042.5,4.0
2020-09-18 01:33,11038.5,11040.5,11038.5,11040.5,7.0
2020-09-18 01:34,11042.5,11044.5,11042.5,11044.5,3.0
2020-09-18 01:35,11042.25,11042.25,11037.75,11037.75,2.0
2020-09-18 01:36,11043.5,11043.5,11042.0,11042.0,2.0
2020-09-18 01:37,11042.0,11054.25,11042.0,11054.25,4.0
2020-09-18 01:38,11054.25,11056.0,11054.25,11054.75,4.0
2020-09-18 01:39,11056.0,11056.0,11056.0,11056.0,1.0
2020-09-18 01:40,11055.25,11057.5,11054.0,11057.5,10.0
2020-09-18 01:41,11053.0,11053.0,11050.0,11050.0,3.0
2020-09-18 01:42,11053.5,11053.5,11053.5,11053.5,1.0
2020-09-18 01:43,11060.0,11064.5,11060.0,11064.5,10.0
2020-09-18 01:44,11064.5,11064.5,11064.5,11064.5,2.0
2020-09-18 01:45,11061.75,11061.75,11059.75,11059.75,2.0
2020-09-18 01:46,11060.75,11060.75,11060.25,11060.25,6.0
2020-09-18 01:47,11065.0,11066.5,11065.0,11066.5,3.0
2020-09-18 01:48,11066.0,11066.0,11066.0,11066.0,1.0
2020-09-18 01:49,11065.5,11065.5,11065.5,11065.5,1.0
2020-09-18 01:50,11069.5,11073.75,11069.5,11073.75,5.0
2020-09-18 01:51,11076.0,11078.25,11075.25,11078.25,4.0
2020-09-18 01:53,11082.5,11082.5,11081.0,11081.0,3.0
2020-09-18 01:54,11081.25,11081.25,11080.25,11080.25,5.0
2020-09-18 01:55,11082.75,11084.25,11081.25,11082.75,6.0
2020-09-18 01:56,11082.0,11082.0,11081.75,11081.75,3.0
2020-09-18 01:57,11080.75,11080.75,11080.75,11080.75,1.0
2020-09-18 01:58,11083.75,11086.5,11083.75,11086.0,11.0
2020-09-18 01:59,11086.75,11086.75,11086.75,11086.75,1.0
2020-09-18 02:00,11086.25,11089.0,11086.25,11089.0,4.0
2020-09-18 02:01,11085.75,11085.75,11085.75,11085.75,2.0
2020-09-18 02:02,11085.75,11085.75,11085.0,11085.0,11.0
2020-09-18 02:03,11083.75,11083.75,11077.25,11077.25,17.0
2020-09-18 02:04,11077.25,11077.25,11077.25,11077.25,1.0
2020-09-18 02:05,11078.75,11078.75,11077.0,11077.0,9.0
2020-09-18 02:07,11084.25,11086.5,11082.25,11082.25,4.0
2020-09-18 02:08,11084.25,11086.0,11084.25,11086.0,7.0
2020-09-18 02:09,11084.5,11084.5,11081.25,11081.25,5.0
2020-09-18 02:10,11079.5,11079.75,11076.0,11076.0,5.0
2020-09-18 02:11,11073.75,11073.75,11072.5,11072.5,3.0
2020-09-18 02:12,11072.75,11072.75,11072.25,11072.25,5.0
2020-09-18 02:13,11075.75,11075.75,11073.0,11073.0,2.0
2020-09-18 02:14,11079.0,11079.0,11079.0,11079.0,1.0
2020-09-18 02:15,11080.0,11089.0,11080.0,11089.0,7.0
2020-09-18 02:16,11090.5,11093.5,11089.75,11090.5,11.0
2020-09-18 02:17,11090.5,11091.0,11090.5,11090.5,3.0
2020-09-18 02:18,11091.0,11097.0,11091.0,11097.0,19.0
2020-09-18 02:19,11098.0,11100.25,11094.0,11097.75,6.0
2020-09-18 02:20,11096.25,11101.0,11096.25,11099.25,5.0
2020-09-18 02:21,11096.5,11096.5,11096.25,11096.25,3.0
2020-09-18 02:22,11096.5,11096.5,11096.5,11096.5,1.0
2020-09-18 02:23,11097.75,11097.75,11097.0,11097.75,7.0
2020-09-18 02:24,11097.75,11100.0,11097.0,11097.0,48.0
2020-09-18 02:25,11096.75,11100.0,11096.0,11100.0,9.0
2020-09-18 02:26,11098.5,11098.5,11097.5,11097.5,4.0
2020-09-18 02:27,11098.0,11098.0,11092.0,11092.0,13.0
2020-09-18 02:28,11095.5,11095.5,11094.25,11094.25,2.0
2020-09-18 02:30,11095.5,11096.5,11095.0,11096.5,3.0
2020-09-18 02:31,11093.5,11093.5,11090.25,11093.25,6.0
2020-09-18 02:32,11094.5,11097.75,11094.5,11097.75,2.0
2020-09-18 02:33,11096.5,11096.5,11096.5,11096.5,1.0
2020-09-18 02:34,11096.0,11096.0,11092.5,11092.5,6.0
2020-09-18 02:35,11092.5,11096.25,11092.25,11093.0,13.0
2020-09-18 02:36,11095.75,11095.75,11095.75,11095.75,1.0
2020-09-18 02:39,11094.0,11095.25,11094.0,11095.25,2.0
2020-09-18 02:41,11096.25,11096.25,11092.5,11092.5,5.0
2020-09-18 02:42,11093.25,11094.75,11093.25,11094.75,4.0
2020-09-18 02:43,11096.75,11098.5,11096.75,11098.5,4.0
2020-09-18 02:44,11105.0,11108.0,11105.0,11106.0,12.0
2020-09-18 02:45,11103.0,11103.0,11099.75,11101.0,9.0
2020-09-18 02:46,11102.5,11104.5,11102.5,11104.5,3.0
2020-09-18 02:47,11098.75,11098.75,11098.75,11098.75,1.0
2020-09-18 02:48,11097.0,11097.0,11094.5,11094.5,6.0
2020-09-18 02:49,11095.0,11097.25,11095.0,11097.25,7.0
2020-09-18 02:51,11091.5,11096.25,11091.5,11096.25,4.0
2020-09-18 02:52,11092.5,11092.5,11089.25,11089.25,4.0
2020-09-18 02:53,11091.25,11094.5,11091.25,11093.0,5.0
2020-09-18 02:54,11091.5,11091.5,11091.5,11091.5,1.0
2020-09-18 02:55,11092.5,11098.5,11092.5,11098.5,2.0
2020-09-18 02:56,11100.5,11100.5,11098.5,11098.5,12.0
2020-09-18 02:58,11100.0,11100.75,11100.0,11100.75,2.0
2020-09-18 02:59,11098.75,11098.75,11098.75,11098.75,1.0
2020-09-18 03:00,11108.5,11110.0,11108.0,11110.0,4.0
2020-09-18 03:01,11107.0,11107.75,11107.0,11107.75,6.0
2020-09-18 03:02,11106.75,11116.0,11106.75,11116.0,14.0
2020-09-18 03:05,11108.0,11108.0,11107.0,11107.75,3.0
2020-09-18 03:07,11111.25,11111.25,11111.25,11111.25,1.0
2020-09-18 03:08,11115.5,11118.25,11113.75,11118.25,11.0
2020-09-18 03:09,11118.25,11122.0,11118.25,11122.0,5.0
2020-09-18 03:10,11125.75,11130.5,11125.75,11130.5,11.0
2020-09-18 03:11,11130.75,11130.75,11130.75,11130.75,1.0
2020-09-18 03:12,11124.5,11124.5,11124.25,11124.25,2.0
2020-09-18 03:13,11122.5,11124.0,11121.0,11121.0,3.0
2020-09-18 03:14,11120.75,11122.25,11120.75,11122.25,2.0
2020-09-18 03:15,11123.5,11125.5,11123.5,11124.25,11.0
2020-09-18 03:16,11123.5,11123.5,11116.75,11116.75,15.0
2020-09-18 03:17,11119.5,11119.5,11119.5,11119.5,1.0
2020-09-18 03:19,11115.0,11117.75,11114.75,11117.75,4.0
2020-09-18 03:20,11120.5,11120.5,11120.5,11120.5,1.0
2020-09-18 03:21,11121.75,11122.0,11120.75,11120.75,3.0
2020-09-18 03:22,11119.75,11119.75,11116.25,11117.0,6.0
2020-09-18 03:23,11120.0,11120.0,11120.0,11120.0,1.0
2020-09-18 03:24,11120.25,11125.0,11120.25,11122.5,203.0
2020-09-18 03:25,11122.75,11124.5,11122.25,11122.25,4.0
2020-09-18 03:26,11121.0,11121.0,11115.5,11116.5,9.0
2020-09-18 03:27,11118.5,11118.5,11116.0,11116.0,7.0
2020-09-18 03:28,11115.75,11117.25,11115.5,11117.25,3.0
2020-09-18 03:29,11117.5,11117.5,11117.5,11117.5,1.0
2020-09-18 03:30,11115.25,11118.25,11115.25,11118.25,6.0
2020-09-18 03:31,11119.5,11125.0,11119.5,11125.0,10.0
2020-09-18 03:32,11126.25,11126.25,11116.75,11116.75,10.0
2020-09-18 03:33,11115.25,11115.25,11110.75,11111.5,18.0
2020-09-18 03:34,11110.75,11111.0,11109.5,11110.5,6.0
2020-09-18 03:35,11110.0,11110.5,11108.5,11108.5,5.0
2020-09-18 03:36,11108.75,11108.75,11107.5,11108.25,5.0
2020-09-18 03:37,11106.75,11106.75,11105.25,11106.5,5.0
2020-09-18 03:38,11109.5,11109.5,11105.5,11105.5,4.0
2020-09-18 03:39,11105.5,11107.5,11105.25,11107.5,3.0
2020-09-18 03:40,11109.5,11110.0,11109.0,11109.0,5.0
2020-09-18 03:41,11107.5,11107.5,11107.5,11107.5,1.0
2020-09-18 03:42,11106.25,11106.25,11105.25,11105.25,2.0
2020-09-18 03:43,11105.0,11110.0,11103.0,11110.0,12.0
2020-09-18 03:44,11107.0,11107.0,11107.0,11107.0,1.0
2020-09-18 03:45,11110.5,11111.25,11110.5,11111.25,5.0
2020-09-18 03:46,11111.5,11111.5,11110.0,11110.5,5.0
2020-09-18 03:47,11110.25,11110.25,11107.25,11107.5,14.0
2020-09-18 03:48,11106.25,11107.0,11106.25,11107.0,4.0
2020-09-18 03:49,11108.25,11108.25,11108.25,11108.25,1.0
2020-09-18 03:51,11108.75,11110.0,11108.75,11110.0,2.0
2020-09-18 03:52,11107.25,11107.25,11107.25,11107.25,3.0
2020-09-18 03:53,11108.75,11111.0,11108.75,11111.0,3.0
2020-09-18 03:55,11107.0,11107.0,11105.5,11105.5,2.0
2020-09-18 03:56,11106.25,11106.25,11101.75,11101.75,14.0
2020-09-18 03:57,11101.5,11101.5,11100.25,11101.0,10.0
2020-09-18 03:58,11102.25,11102.25,11093.5,11093.5,9.0
2020-09-18 03:59,11090.5,11094.0,11088.75,11094.0,13.0
2020-09-18 04:00,11094.0,11094.0,11090.25,11091.75,7.0
2020-09-18 04:01,11091.75,11091.75,11091.25,11091.25,4.0
2020-09-18 04:02,11090.0,11090.0,11083.0,11084.25,12.0
2020-09-18 04:03,11084.5,11087.75,11084.5,11087.75,10.0
2020-09-18 04:04,11087.5,11092.5,11087.5,11092.0,4.0
2020-09-18 04:05,11091.75,11092.0,11091.0,11091.0,7.0
2020-09-18 04:06,11090.75,11090.75,11085.5,11085.5,11.0
2020-09-18 04:07,11086.75,11086.75,11086.75,11086.75,1.0
2020-09-18 04:08,11087.25,11092.25,11087.25,11092.25,2.0
2020-09-18 04:10,11091.5,11091.5,11091.5,11091.5,1.0
2020-09-18 04:11,11093.25,11095.0,11092.25,11095.0,7.0
2020-09-18 04:12,11094.75,11094.75,11094.75,11094.75,1.0
2020-09-18 04:13,11089.25,11089.25,11088.5,11088.5,3.0
2020-09-18 04:14,11092.0,11092.0,11091.5,11091.5,2.0
2020-09-18 04:16,11087.5,11087.5,11085.25,11085.25,4.0
2020-09-18 04:17,11090.5,11090.5,11090.5,11090.5,1.0
2020-09-18 04:18,11092.75,11094.0,11092.75,11094.0,2.0
2020-09-18 04:19,11099.5,11100.25,11099.5,11100.25,2.0
2020-09-18 04:22,11099.25,11099.25,11099.25,11099.25,1.0
2020-09-18 04:24,11098.75,11098.75,11098.75,11098.75,1.0
2020-09-18 04:26,11098.75,11100.25,11098.75,11100.25,4.0
2020-09-18 04:27,11098.0,11098.0,11096.75,11096.75,2.0
2020-09-18 04:28,11096.0,11096.0,11096.0,11096.0,1.0
2020-09-18 04:30,11098.0,11098.0,11098.0,11098.0,2.0
2020-09-18 04:31,11100.75,11102.5,11100.75,11102.5,7.0
2020-09-18 04:32,11103.25,11108.5,11103.25,11108.25,6.0
2020-09-18 04:33,11109.0,11109.0,11109.0,11109.0,1.0
2020-09-18 04:35,11107.75,11108.25,11107.75,11108.25,2.0
2020-09-18 04:36,11110.5,11111.0,11109.75,11111.0,4.0
2020-09-18 04:37,11109.75,11109.75,11109.75,11109.75,1.0
2020-09-18 04:38,11110.5,11113.0,11110.5,11113.0,4.0
2020-09-18 04:39,11113.25,11118.75,11113.25,11118.0,9.0
2020-09-18 04:41,11115.0,11115.0,11115.0,11115.0,1.0
2020-09-18 04:42,11114.75,11121.75,11114.75,11121.75,8.0
2020-09-18 04:43,11124.25,11124.75,11124.25,11124.75,3.0
2020-09-18 04:44,11126.0,11132.0,11126.0,11132.0,5.0
2020-09-18 04:45,11130.0,11130.0,11129.5,11129.5,5.0
2020-09-18 04:47,11123.25,11123.25,11123.25,11123.25,1.0
2020-09-18 04:48,11127.75,11127.75,11127.75,11127.75,1.0
2020-09-18 04:49,11126.75,11126.75,11125.75,11125.75,6.0
2020-09-18 04:50,11119.75,11119.75,11118.25,11119.75,3.0
2020-09-18 04:52,11119.5,11119.5,11119.5,11119.5,4.0
2020-09-18 04:53,11117.5,11117.5,11116.0,11116.0,3.0
2020-09-18 04:54,11117.5,11117.5,11117.5,11117.5,1.0
2020-09-18 04:55,11120.25,11120.25,11116.0,11116.0,6.0
2020-09-18 05:00,11117.0,11118.75,11117.0,11118.75,3.0
2020-09-18 05:02,11124.75,11124.75,11124.75,11124.75,1.0
2020-09-18 05:05,11119.0,11124.5,11119.0,11124.5,2.0
2020-09-18 05:06,11124.0,11124.0,11121.5,11121.5,2.0
2020-09-18 05:07,11117.5,11117.5,11113.0,11113.0,6.0
2020-09-18 05:08,11111.0,11112.0,11111.0,11112.0,3.0
2020-09-18 05:11,11110.75,11110.75,11110.75,11110.75,1.0
2020-09-18 05:12,11105.25,11105.25,11101.0,11102.25,8.0
2020-09-18 05:13,11103.0,11105.75,11102.25,11105.75,3.0
2020-09-18 05:14,11108.0,11108.25,11099.75,11100.25,12.0
2020-09-18 05:15,11095.0,11096.75,11091.5,11096.75,8.0
2020-09-18 05:16,11096.75,11101.25,11096.75,11100.25,5.0
2020-09-18 05:17,11097.25,11097.25,11097.25,11097.25,1.0
2020-09-18 05:20,11099.0,11103.5,11099.0,11103.5,5.0
2020-09-18 05:21,11107.0,11107.75,11107.0,11107.75,2.0
2020-09-18 05:23,11109.0,11109.0,11109.0,11109.0,1.0
2020-09-18 05:24,11113.0,11114.25,11113.0,11114.25,3.0
2020-09-18 05:25,11115.5,11118.0,11115.5,11118.0,20.0
2020-09-18 05:27,11118.0,11118.0,11118.0,11118.0,2.0
2020-09-18 05:28,11122.25,11124.25,11120.75,11124.0,4.0
2020-09-18 05:29,11124.0,11127.0,11124.0,11127.0,8.0
2020-09-18 05:30,11130.0,11132.0,11129.25,11131.75,9.0
2020-09-18 05:31,11126.5,11126.5,11121.0,11121.0,2.0
2020-09-18 05:32,11127.0,11127.0,11127.0,11127.0,1.0
2020-09-18 05:33,11125.0,11125.0,11123.0,11123.0,5.0
2020-09-18 05:34,11121.5,11121.5,11117.5,11118.25,6.0
2020-09-18 05:35,11118.25,11118.25,11117.5,11117.5,2.0
2020-09-18 05:36,11120.0,11120.25,11120.0,11120.25,2.0
2020-09-18 05:37,11120.5,11121.25,11120.5,11121.25,2.0
2020-09-18 05:38,11122.0,11122.0,11120.5,11120.5,3.0
2020-09-18 05:39,11120.25,11122.5,11120.25,11122.5,3.0
2020-09-18 05:40,11121.25,11121.25,11119.5,11120.0,3.0
2020-09-18 05:41,11117.0,11117.0,11116.0,11116.0,2.0
2020-09-18 05:42,11116.75,11119.75,11116.75,11119.75,3.0
2020-09-18 05:43,11126.75,11128.5,11126.75,11128.5,3.0
2020-09-18 05:44,11125.5,11125.5,11125.5,11125.5,1.0
2020-09-18 05:46,11125.25,11127.5,11124.0,11126.25,6.0
2020-09-18 05:47,11121.5,11121.5,11121.5,11121.5,1.0
2020-09-18 05:48,11123.75,11123.75,11118.75,11118.75,22.0
2020-09-18 05:49,11117.5,11117.5,11117.5,11117.5,1.0
2020-09-18 05:50,11115.5,11117.0,11110.5,11112.75,43.0
2020-09-18 05:51,11114.0,11115.5,11114.0,11115.5,5.0
2020-09-18 05:55,11120.0,11121.0,11120.0,11121.0,2.0
2020-09-18 05:56,11128.75,11143.0,11128.75,11143.0,23.0
2020-09-18 05:57,11142.75,11143.0,11142.75,11143.0,2.0
2020-09-18 05:58,11142.5,11142.5,11139.5,11139.5,3.0
2020-09-18 05:59,11141.5,11141.5,11139.75,11140.0,6.0
2020-09-18 06:00,11141.5,11144.75,11139.75,11139.75,11.0
2020-09-18 06:02,11137.25,11137.75,11132.75,11132.75,5.0
2020-09-18 06:03,11133.5,11139.5,11133.25,11139.5,12.0
2020-09-18 06:04,11140.5,11140.5,11140.5,11140.5,1.0
2020-09-18 06:05,11141.5,11144.75,11141.5,11144.75,10.0
2020-09-18 06:06,11145.75,11147.0,11144.25,11144.25,5.0
2020-09-18 06:07,11145.5,11145.5,11145.5,11145.5,1.0
2020-09-18 06:08,11143.75,11148.0,11143.75,11148.0,8.0
2020-09-18 06:10,11143.5,11147.5,11142.75,11142.75,13.0
2020-09-18 06:11,11144.0,11144.0,11144.0,11144.0,5.0
2020-09-18 06:12,11150.0,11155.75,11150.0,11154.0,12.0
2020-09-18 06:13,11154.0,11160.0,11154.0,11160.0,7.0
2020-09-18 06:14,11160.0,11160.0,11153.5,11153.5,4.0
2020-09-18 06:15,11154.0,11155.0,11152.75,11152.75,19.0
2020-09-18 06:16,11155.0,11155.0,11155.0,11155.0,3.0
2020-09-18 06:17,11151.0,11151.75,11150.0,11151.75,3.0
2020-09-18 06:18,11147.25,11147.25,11141.25,11143.0,7.0
2020-09-18 06:22,11139.5,11139.5,11139.5,11139.5,1.0
2020-09-18 06:23,11144.25,11144.25,11144.25,11144.25,2.0
2020-09-18 06:24,11143.25,11144.75,11143.25,11144.75,2.0
2020-09-18 06:25,11145.25,11145.25,11145.25,11145.25,5.0
2020-09-18 06:26,11151.25,11151.25,11151.25,11151.25,1.0
2020-09-18 06:27,11153.75,11153.75,11153.75,11153.75,1.0
2020-09-18 06:29,11148.25,11148.25,11148.25,11148.25,1.0
2020-09-18 06:31,11147.0,11147.0,11142.25,11143.0,14.0
2020-09-18 06:32,11145.0,11145.0,11145.0,11145.0,1.0
2020-09-18 06:34,11147.25,11151.0,11147.25,11151.0,13.0
2020-09-18 06:35,11149.5,11149.5,11149.5,11149.5,1.0
2020-09-18 06:36,11150.25,11150.25,11150.25,11150.25,2.0
2020-09-18 06:37,11154.75,11155.0,11153.0,11155.0,9.0
2020-09-18 06:38,11155.25,11156.0,11154.75,11156.0,6.0
2020-09-18 06:39,11158.0,11160.0,11158.0,11160.0,4.0
2020-09-18 06:41,11165.75,11166.0,11165.75,11166.0,2.0
2020-09-18 06:42,11158.25,11158.5,11150.25,11150.25,6.0
2020-09-18 06:44,11145.0,11145.0,11145.0,11145.0,1.0
2020-09-18 06:47,11145.25,11145.25,11145.25,11145.25,1.0
2020-09-18 06:49,11145.25,11145.25,11145.25,11145.25,1.0
2020-09-18 06:50,11142.5,11142.5,11139.25,11139.25,9.0
2020-09-18 06:52,11139.25,11139.25,11139.25,11139.25,1.0
2020-09-18 06:53,11138.25,11138.25,11135.0,11135.0,5.0
2020-09-18 06:54,11135.5,11135.5,11135.0,11135.0,2.0
2020-09-18 06:56,11143.0,11143.0,11143.0,11143.0,1.0
2020-09-18 06:58,11140.5,11140.5,11133.75,11133.75,2.0
2020-09-18 07:00,11132.5,11132.5,11124.75,11124.75,11.0
2020-09-18 07:01,11122.0,11122.0,11114.25,11115.0,5.0
2020-09-18 07:02,11115.5,11124.25,11113.75,11124.25,18.0
2020-09-18 07:03,11124.75,11124.75,11122.0,11122.5,5.0
2020-09-18 07:04,11126.75,11128.25,11125.25,11126.75,9.0
2020-09-18 07:05,11128.75,11129.75,11128.0,11128.0,6.0
2020-09-18 07:06,11130.25,11139.75,11130.25,11139.5,16.0
2020-09-18 07:07,11135.0,11135.0,11135.0,11135.0,1.0
2020-09-18 07:08,11135.75,11138.0,11130.0,11130.0,3.0
2020-09-18 07:09,11129.75,11129.75,11119.0,11120.0,3.0
2020-09-18 07:10,11118.5,11123.5,11115.0,11121.25,4.0
2020-09-18 07:11,11125.0,11125.0,11123.5,11123.5,2.0
2020-09-18 07:12,11118.0,11118.0,11118.0,11118.0,1.0
2020-09-18 07:13,11115.5,11115.5,11115.5,11115.5,1.0
2020-09-18 07:14,11122.0,11122.25,11120.0,11120.0,3.0
2020-09-18 07:15,11118.0,11118.0,11118.0,11118.0,1.0
2020-09-18 07:16,11132.0,11132.0,11130.25,11130.25,2.0
2020-09-18 07:22,11130.25,11130.25,11130.25,11130.25,1.0
2020-09-18 07:23,11138.75,11139.0,11138.75,11139.0,3.0
2020-09-18 07:25,11142.5,11142.5,11139.5,11139.5,26.0
2020-09-18 07:28,11139.5,11139.5,11139.5,11139.5,1.0
2020-09-18 07:29,11135.0,11135.0,11135.0,11135.0,1.0
2020-09-18 07:31,11129.5,11129.5,11118.5,11118.5,9.0
2020-09-18 07:32,11115.0,11115.0,11102.25,11104.25,21.0
2020-09-18 07:33,11106.75,11108.0,11105.25,11107.5,4.0
2020-09-18 07:34,11110.0,11110.25,11108.25,11108.25,3.0
2020-09-18 07:35,11112.5,11112.5,11111.0,11111.0,2.0
2020-09-18 07:36,11115.25,11118.5,11115.0,11115.0,12.0
2020-09-18 07:38,11114.25,11121.5,11114.25,11121.5,6.0
2020-09-18 07:39,11119.0,11119.0,11119.0,11119.0,1.0
2020-09-18 07:40,11112.0,11112.0,11101.75,11106.0,7.0
2020-09-18 07:41,11110.25,11116.75,11109.5,11116.75,6.0
2020-09-18 07:42,11113.25,11113.25,11112.5,11112.5,5.0
2020-09-18 07:43,11111.25,11111.25,11111.25,11111.25,1.0
2020-09-18 07:44,11108.5,11113.25,11108.5,11113.25,3.0
2020-09-18 07:48,11105.0,11105.0,11105.0,11105.0,1.0
2020-09-18 07:49,11104.5,11104.75,11104.0,11104.0,5.0
2020-09-18 07:50,11111.0,11111.0,11110.25,11110.25,2.0
2020-09-18 07:51,11103.25,11103.25,11101.25,11101.25,3.0
2020-09-18 07:52,11102.25,11102.25,11092.25,11095.0,12.0
2020-09-18 07:53,11099.75,11099.75,11092.25,11092.25,3.0
2020-09-18 07:54,11095.5,11099.75,11094.5,11097.0,5.0
2020-09-18 07:55,11091.0,11091.0,11084.75,11084.75,19.0
2020-09-18 07:56,11087.5,11087.5,11087.25,11087.25,3.0
2020-09-18 07:57,11096.25,11099.25,11096.25,11099.25,4.0
2020-09-18 07:58,11097.25,11106.5,11096.75,11105.0,11.0
2020-09-18 07:59,11104.75,11106.0,11104.75,11106.0,2.0
2020-09-18 08:00,11100.75,11100.75,11094.25,11096.75,10.0
2020-09-18 08:01,11103.25,11103.25,11096.5,11097.5,11.0
2020-09-18 08:02,11104.25,11104.25,11104.25,11104.25,1.0
2020-09-18 08:03,11108.25,11110.0,11105.25,11106.0,5.0
2020-09-18 08:04,11109.75,11109.75,11108.0,11109.5,8.0
2020-09-18 08:05,11110.0,11110.0,11107.75,11107.75,2.0
2020-09-18 08:06,11108.75,11112.0,11108.75,11112.0,6.0
2020-09-18 08:07,11110.75,11111.75,11110.75,11111.5,7.0
2020-09-18 08:08,11112.0,11112.0,11112.0,11112.0,1.0
2020-09-18 08:09,11115.0,11116.0,11111.5,11111.5,9.0
2020-09-18 08:10,11108.0,11111.25,11098.75,11111.25,24.0
2020-09-18 08:11,11115.0,11122.25,11115.0,11120.0,6.0
2020-09-18 08:12,11119.75,11119.75,11119.75,11119.75,1.0
2020-09-18 08:13,11121.0,11127.0,11121.0,11127.0,5.0
2020-09-18 08:14,11123.25,11128.0,11123.0,11128.0,16.0
2020-09-18 08:15,11128.5,11130.0,11124.75,11130.0,19.0
2020-09-18 08:16,11129.75,11130.5,11125.75,11125.75,3.0
2020-09-18 08:17,11130.0,11134.0,11127.25,11134.0,4.0
2020-09-18 08:18,11136.0,11139.75,11136.0,11139.5,3.0
2020-09-18 08:19,11137.75,11137.75,11137.5,11137.5,3.0
2020-09-18 08:20,11134.25,11134.25,11134.25,11134.25,1.0
2020-09-18 08:22,11128.5,11129.75,11128.5,11129.75,2.0
2020-09-18 08:24,11131.0,11131.25,11131.0,11131.25,3.0
2020-09-18 08:25,11131.25,11131.25,11128.5,11128.5,4.0
2020-09-18 08:26,11128.75,11128.75,11128.0,11128.0,2.0
2020-09-18 08:27,11129.0,11129.0,11129.0,11129.0,1.0
2020-09-18 08:28,11129.25,11130.0,11129.25,11130.0,2.0
2020-09-18 08:29,11130.0,11130.0,11128.75,11130.0,5.0
2020-09-18 08:30,11130.25,11130.25,11130.25,11130.25,1.0
2020-09-18 08:31,11130.0,11130.0,11130.0,11130.0,1.0
2020-09-18 08:32,11124.5,11124.5,11120.5,11120.75,5.0
2020-09-18 08:33,11119.75,11119.75,11119.75,11119.75,2.0
2020-09-18 08:35,11113.0,11113.0,11113.0,11113.0,2.0
2020-09-18 08:36,11113.0,11113.0,11111.0,11111.0,4.0
2020-09-18 08:37,11110.25,11116.75,11110.25,11116.75,21.0
2020-09-18 08:38,11116.75,11121.75,11116.75,11121.75,6.0
2020-09-18 08:39,11126.25,11126.25,11126.25,11126.25,1.0
2020-09-18 08:40,11123.5,11123.5,11123.5,11123.5,1.0
2020-09-18 08:41,11122.75,11122.75,11122.75,11122.75,1.0
2020-09-18 08:42,11125.0,11125.0,11125.0,11125.0,1.0
2020-09-18 08:44,11128.75,11129.0,11128.75,11129.0,2.0
2020-09-18 08:45,11124.75,11124.75,11124.75,11124.75,2.0
2020-09-18 08:46,11123.0,11123.75,11119.0,11123.75,6.0
2020-09-18 08:47,11128.5,11129.5,11124.5,11124.5,4.0
2020-09-18 08:48,11122.75,11123.5,11121.5,11122.0,12.0
2020-09-18 08:49,11122.25,11122.25,11116.25,11116.25,8.0
2020-09-18 08:52,11115.0,11115.0,11115.0,11115.0,2.0
2020-09-18 08:53,11118.75,11121.25,11117.5,11121.25,5.0
2020-09-18 08:54,11123.25,11123.25,11122.0,11122.0,2.0
2020-09-18 08:59,11122.25,11122.25,11122.25,11122.25,1.0
2020-09-18 09:04,11131.5,11131.5,11131.5,11131.5,1.0
2020-09-18 09:05,11128.0,11128.0,11128.0,11128.0,2.0
2020-09-18 09:07,11116.25,11116.25,11116.25,11116.25,1.0
2020-09-18 09:08,11122.5,11122.5,11122.5,11122.5,1.0
2020-09-18 09:09,11121.5,11121.5,11121.5,11121.5,1.0
2020-09-18 09:11,11127.25,11127.25,11127.25,11127.25,1.0
2020-09-18 09:13,11134.5,11137.5,11134.5,11137.5,3.0
2020-09-18 09:15,11141.5,11141.5,11141.5,11141.5,1.0
2020-09-18 09:16,11140.5,11140.5,11140.5,11140.5,1.0
2020-09-18 09:17,11139.25,11139.25,11139.25,11139.25,1.0
2020-09-18 09:21,11139.5,11139.5,11139.5,11139.5,1.0
2020-09-18 09:24,11134.25,11134.25,11134.0,11134.0,2.0
2020-09-18 09:25,11134.75,11134.75,11134.75,11134.75,1.0
2020-09-18 09:26,11134.75,11134.75,11134.75,11134.75,1.0
2020-09-18 09:27,11137.5,11140.75,11137.5,11140.75,5.0
2020-09-18 09:28,11146.0,11146.0,11146.0,11146.0,1.0
2020-09-18 09:29,11143.75,11146.5,11142.75,11146.5,8.0
2020-09-18 09:30,11146.5,11146.5,11145.0,11146.25,5.0
2020-09-18 09:31,11149.5,11157.0,11149.0,11157.0,29.0
2020-09-18 09:32,11155.5,11155.5,11152.75,11152.75,4.0
2020-09-18 09:33,11152.0,11153.0,11151.25,11153.0,4.0
2020-09-18 09:34,11156.0,11158.5,11153.75,11153.75,5.0
2020-09-18 09:35,11154.25,11154.25,11152.75,11154.0,5.0
2020-09-18 09:36,11150.0,11150.0,11148.0,11148.0,3.0
2020-09-18 09:38,11156.25,11157.0,11156.25,11157.0,2.0
2020-09-18 09:39,11159.25,11160.0,11159.25,11159.75,5.0
2020-09-18 09:40,11159.0,11159.0,11159.0,11159.0,6.0
2020-09-18 09:42,11153.0,11153.0,11151.25,11151.25,3.0
2020-09-18 09:44,11153.0,11153.0,11153.0,11153.0,3.0
2020-09-18 09:45,11154.0,11154.0,11154.0,11154.0,1.0
2020-09-18 09:46,11155.5,11156.0,11155.5,11156.0,2.0
2020-09-18 09:48,11148.5,11148.5,11148.5,11148.5,1.0
2020-09-18 09:49,11146.25,11146.25,11146.25,11146.25,1.0
2020-09-18 09:50,11142.25,11142.25,11142.25,11142.25,1.0
2020-09-18 09:51,11135.25,11135.25,11130.0,11130.0,9.0
2020-09-18 09:54,11137.75,11137.75,11137.75,11137.75,1.0
2020-09-18 09:55,11138.75,11144.25,11138.75,11144.0,14.0
2020-09-18 09:57,11130.25,11130.25,11130.25,11130.25,1.0
2020-09-18 09:58,11131.0,11131.0,11131.0,11131.0,1.0
2020-09-18 09:59,11126.5,11126.5,11126.5,11126.5,2.0
2020-09-18 10:00,11127.0,11127.0,11122.5,11122.5,4.0
2020-09-18 10:01,11123.5,11123.5,11123.5,11123.5,1.0
2020-09-18 10:02,11127.0,11127.0,11127.0,11127.0,1.0
2020-09-18 10:03,11129.5,11129.5,11123.75,11123.75,5.0
2020-09-18 10:04,11121.0,11121.0,11121.0,11121.0,1.0
2020-09-18 10:06,11129.0,11129.0,11129.0,11129.0,1.0
2020-09-18 10:12,11130.25,11130.25,11130.0,11130.0,2.0
2020-09-18 10:14,11129.75,11129.75,11129.75,11129.75,1.0
2020-09-18 10:17,11129.75,11132.0,11126.0,11126.0,15.0
2020-09-18 10:18,11125.0,11125.0,11125.0,11125.0,1.0
2020-09-18 10:19,11127.0,11127.0,11127.0,11127.0,1.0
2020-09-18 10:21,11130.75,11130.75,11130.75,11130.75,4.0
2020-09-18 10:22,11133.0,11135.25,11133.0,11135.25,3.0
2020-09-18 10:24,11138.0,11142.0,11138.0,11142.0,4.0
2020-09-18 10:26,11142.0,11142.25,11142.0,11142.25,3.0
2020-09-18 10:29,11141.5,11141.5,11138.25,11138.25,2.0
2020-09-18 10:30,11138.25,11142.0,11138.25,11141.25,14.0
2020-09-18 10:31,11138.25,11138.25,11138.25,11138.25,1.0
2020-09-18 10:33,11142.25,11142.25,11142.25,11142.25,1.0
2020-09-18 10:34,11143.0,11143.5,11143.0,11143.5,2.0
2020-09-18 10:36,11141.25,11141.25,11140.25,11140.25,2.0
2020-09-18 10:37,11138.25,11139.75,11138.25,11139.75,3.0
2020-09-18 10:38,11138.25,11138.5,11138.25,11138.5,2.0
2020-09-18 10:40,11136.5,11136.5,11136.5,11136.5,1.0
2020-09-18 10:41,11137.75,11137.75,11134.0,11134.0,2.0
2020-09-18 10:44,11129.0,11131.5,11128.75,11131.5,3.0
2020-09-18 10:46,11130.0,11130.0,11127.5,11127.5,2.0
2020-09-18 10:47,11124.75,11124.75,11123.5,11123.5,3.0
2020-09-18 10:49,11122.5,11122.5,11122.5,11122.5,1.0
2020-09-18 10:50,11126.5,11126.75,11126.5,11126.75,2.0
2020-09-18 10:54,11123.0,11123.0,11119.25,11119.25,4.0
2020-09-18 10:56,11129.0,11129.0,11129.0,11129.0,1.0
2020-09-18 10:57,11129.0,11130.0,11129.0,11130.0,2.0
2020-09-18 10:58,11130.0,11130.0,11130.0,11130.0,1.0
2020-09-18 10:59,11128.5,11128.5,11128.5,11128.5,1.0
2020-09-18 11:00,11128.5,11128.5,11128.5,11128.5,3.0
2020-09-18 11:01,11126.75,11126.75,11126.0,11126.0,2.0
2020-09-18 11:02,11128.75,11135.25,11128.75,11135.25,8.0
2020-09-18 11:04,11139.5,11142.25,11139.5,11140.5,13.0
2020-09-18 11:05,11138.75,11138.75,11138.0,11138.0,2.0
2020-09-18 11:06,11141.0,11141.0,11141.0,11141.0,1.0
2020-09-18 11:08,11135.5,11135.5,11134.5,11135.5,6.0
2020-09-18 11:09,11138.5,11140.25,11138.5,11140.25,4.0
2020-09-18 11:10,11141.25,11141.25,11137.75,11137.75,2.0
2020-09-18 11:11,11138.5,11138.5,11138.5,11138.5,2.0
2020-09-18 11:12,11143.25,11143.25,11142.0,11142.0,7.0
2020-09-18 11:14,11147.75,11147.75,11147.75,11147.75,4.0
2020-09-18 11:15,11147.0,11147.0,11147.0,11147.0,3.0
2020-09-18 11:16,11147.0,11147.0,11145.0,11146.0,3.0
2020-09-18 11:17,11146.0,11146.75,11145.5,11145.5,4.0
2020-09-18 11:18,11147.0,11147.0,11145.25,11145.25,2.0
2020-09-18 11:20,11140.0,11140.0,11137.0,11138.25,3.0
2020-09-18 11:21,11140.0,11145.0,11139.5,11145.0,4.0
2020-09-18 11:22,11141.25,11144.0,11141.25,11144.0,4.0
2020-09-18 11:23,11143.25,11149.0,11143.25,11149.0,6.0
2020-09-18 11:24,11150.5,11150.5,11150.5,11150.5,2.0
2020-09-18 11:25,11150.0,11151.0,11150.0,11151.0,2.0
2020-09-18 11:26,11150.0,11153.0,11150.0,11153.0,10.0
2020-09-18 11:28,11153.0,11153.25,11153.0,11153.25,3.0
2020-09-18 11:30,11157.25,11157.25,11146.75,11152.0,14.0
2020-09-18 11:31,11149.0,11150.75,11149.0,11150.75,2.0
2020-09-18 11:32,11157.0,11160.5,11157.0,11160.0,11.0
2020-09-18 11:33,11161.75,11161.75,11161.75,11161.75,1.0
2020-09-18 11:34,11162.25,11168.5,11161.5,11162.5,14.0
2020-09-18 11:35,11161.25,11161.25,11157.0,11157.0,10.0
2020-09-18 11:36,11157.75,11157.75,11153.25,11156.5,26.0
2020-09-18 11:37,11153.0,11156.5,11153.0,11154.75,40.0
2020-09-18 11:38,11156.0,11156.0,11151.75,11151.75,6.0
2020-09-18 11:39,11150.25,11150.25,11150.25,11150.25,1.0
2020-09-18 11:40,11149.25,11152.0,11149.0,11149.0,5.0
2020-09-18 11:41,11149.25,11150.25,11146.0,11146.0,5.0
2020-09-18 11:42,11142.75,11143.25,11142.25,11143.25,8.0
2020-09-18 11:43,11145.25,11147.25,11145.25,11147.0,43.0
2020-09-18 11:44,11145.75,11146.5,11145.25,11146.5,3.0
2020-09-18 11:45,11146.25,11146.25,11142.0,11142.0,21.0
2020-09-18 11:46,11142.0,11142.0,11140.75,11140.75,2.0
2020-09-18 11:47,11142.75,11147.0,11142.75,11147.0,2.0
2020-09-18 11:48,11157.5,11164.0,11156.25,11164.0,8.0
2020-09-18 11:49,11159.5,11159.5,11159.5,11159.5,3.0
2020-09-18 11:50,11161.25,11161.25,11159.5,11160.75,3.0
2020-09-18 11:51,11159.25,11159.25,11159.0,11159.0,3.0
2020-09-18 11:52,11161.25,11161.25,11146.75,11148.0,9.0
2020-09-18 11:53,11145.25,11146.25,11143.0,11145.25,8.0
2020-09-18 11:54,11148.5,11148.5,11148.5,11148.5,1.0
2020-09-18 11:55,11146.0,11146.0,11142.5,11142.5,7.0
2020-09-18 11:56,11141.25,11142.0,11137.0,11139.75,12.0
2020-09-18 11:57,11142.0,11143.5,11142.0,11143.5,4.0
2020-09-18 11:58,11143.75,11144.0,11143.75,11144.0,2.0
2020-09-18 12:00,11145.75,11150.0,11144.5,11150.0,8.0
2020-09-18 12:01,11140.25,11140.25,11139.0,11139.0,3.0
2020-09-18 12:02,11136.0,11136.0,11130.75,11130.75,7.0
2020-09-18 12:03,11132.25,11134.0,11132.25,11134.0,3.0
2020-09-18 12:04,11134.25,11134.25,11132.25,11132.25,5.0
2020-09-18 12:05,11135.0,11135.0,11134.25,11134.25,2.0
2020-09-18 12:06,11136.25,11138.0,11136.25,11138.0,6.0
2020-09-18 12:07,11138.25,11138.5,11137.5,11137.5,4.0
2020-09-18 12:08,11137.5,11137.5,11137.5,11137.5,2.0
2020-09-18 12:09,11136.75,11136.75,11135.5,11135.5,2.0
2020-09-18 12:10,11135.0,11135.0,11135.0,11135.0,3.0
2020-09-18 12:12,11133.0,11133.0,11131.0,11131.0,2.0
2020-09-18 12:13,11131.5,11132.75,11131.5,11132.75,2.0
2020-09-18 12:14,11131.75,11131.75,11131.75,11131.75,1.0
2020-09-18 12:15,11130.0,11130.5,11128.0,11130.5,10.0
2020-09-18 12:16,11129.25,11133.75,11129.25,11131.25,6.0
2020-09-18 12:17,11133.5,11136.75,11133.5,11136.25,8.0
2020-09-18 12:18,11139.0,11141.0,11139.0,11139.5,5.0
2020-09-18 12:19,11139.75,11144.25,11139.75,11143.5,5.0
2020-09-18 12:20,11142.75,11142.75,11141.25,11141.25,2.0
2020-09-18 12:21,11138.75,11138.75,11138.75,11138.75,1.0
2020-09-18 12:22,11132.0,11132.0,11132.0,11132.0,1.0
2020-09-18 12:23,11131.75,11131.75,11131.75,11131.75,1.0
2020-09-18 12:24,11132.5,11132.5,11132.25,11132.25,2.0
2020-09-18 12:25,11135.25,11140.0,11135.25,11140.0,4.0
2020-09-18 12:27,11134.75,11134.75,11134.75,11134.75,2.0
2020-09-18 12:28,11133.0,11134.0,11132.25,11134.0,8.0
2020-09-18 12:29,11132.25,11137.5,11132.25,11137.5,11.0
2020-09-18 12:30,11140.5,11140.5,11136.5,11136.5,2.0
2020-09-18 12:31,11138.0,11139.0,11138.0,11138.5,3.0
2020-09-18 12:32,11138.5,11139.75,11138.5,11139.75,3.0
2020-09-18 12:33,11141.25,11143.5,11141.25,11143.5,4.0
2020-09-18 12:34,11145.0,11145.5,11145.0,11145.5,7.0
2020-09-18 12:35,11145.0,11152.5,11145.0,11152.25,15.0
2020-09-18 12:36,11151.75,11151.75,11149.75,11151.75,6.0
2020-09-18 12:37,11152.75,11154.0,11152.75,11153.5,6.0
2020-09-18 12:38,11153.25,11153.25,11151.5,11152.0,4.0
2020-09-18 12:39,11151.0,11151.0,11147.75,11150.25,10.0
2020-09-18 12:40,11152.0,11152.75,11152.0,11152.75,2.0
2020-09-18 12:41,11151.25,11151.25,11151.25,11151.25,1.0
2020-09-18 12:42,11151.5,11152.25,11148.75,11148.75,28.0
2020-09-18 12:43,11148.5,11148.5,11148.5,11148.5,1.0
2020-09-18 12:44,11152.0,11152.0,11152.0,11152.0,1.0
2020-09-18 12:45,11155.0,11156.25,11155.0,11156.25,3.0
2020-09-18 12:46,11150.75,11152.75,11150.5,11152.75,6.0
2020-09-18 12:47,11151.25,11151.25,11151.0,11151.0,2.0
2020-09-18 12:49,11152.75,11154.75,11152.75,11154.75,9.0
2020-09-18 12:50,11153.0,11153.0,11149.25,11149.25,16.0
2020-09-18 12:51,11149.25,11151.0,11149.25,11150.0,8.0
2020-09-18 12:52,11149.5,11149.5,11144.75,11146.0,28.0
2020-09-18 12:53,11145.5,11146.5,11145.5,11146.5,2.0
2020-09-18 12:54,11146.0,11146.0,11145.0,11145.0,3.0
2020-09-18 12:55,11148.0,11148.0,11148.0,11148.0,1.0
2020-09-18 12:56,11151.0,11151.5,11151.0,11151.5,2.0
2020-09-18 12:57,11149.0,11149.0,11146.25,11146.25,2.0
2020-09-18 12:58,11146.5,11155.75,11146.5,11155.75,4.0
2020-09-18 12:59,11156.25,11156.5,11154.75,11156.5,14.0
2020-09-18 13:00,11155.75,11158.0,11155.75,11158.0,2.0
2020-09-18 13:01,11160.0,11162.0,11160.0,11160.0,6.0
2020-09-18 13:02,11159.0,11159.75,11159.0,11159.0,4.0
2020-09-18 13:03,11157.25,11157.25,11157.25,11157.25,2.0
2020-09-18 13:04,11156.5,11160.75,11156.5,11160.75,3.0
2020-09-18 13:05,11162.25,11162.25,11162.25,11162.25,2.0
2020-09-18 13:06,11159.75,11159.75,11158.5,11158.5,2.0
2020-09-18 13:07,11163.0,11164.25,11163.0,11164.25,2.0
2020-09-18 13:08,11166.0,11167.0,11166.0,11167.0,8.0
2020-09-18 13:09,11166.0,11170.0,11166.0,11166.5,6.0
2020-09-18 13:10,11171.5,11179.25,11171.5,11174.0,16.0
2020-09-18 13:11,11171.0,11171.0,11171.0,11171.0,1.0
2020-09-18 13:12,11171.0,11171.0,11171.0,11171.0,2.0
2020-09-18 13:13,11170.25,11170.25,11170.25,11170.25,1.0
2020-09-18 13:14,11164.25,11164.25,11164.0,11164.0,3.0
2020-09-18 13:15,11164.5,11164.5,11158.75,11158.75,4.0
2020-09-18 13:16,11155.5,11155.5,11151.0,11151.0,12.0
2020-09-18 13:17,11152.0,11155.0,11151.75,11155.0,4.0
2020-09-18 13:18,11156.75,11157.5,11155.0,11156.5,4.0
2020-09-18 13:19,11150.25,11150.25,11145.5,11145.5,4.0
2020-09-18 13:20,11150.25,11154.0,11149.0,11149.0,11.0
2020-09-18 13:21,11149.0,11149.0,11145.0,11145.5,13.0
2020-09-18 13:22,11143.0,11143.0,11141.5,11142.0,9.0
2020-09-18 13:23,11141.25,11149.0,11141.25,11148.25,4.0
2020-09-18 13:24,11150.25,11150.25,11147.5,11147.5,4.0
2020-09-18 13:25,11142.25,11146.75,11141.25,11146.75,16.0
2020-09-18 13:26,11142.5,11155.0,11142.5,11155.0,10.0
2020-09-18 13:27,11151.5,11152.0,11144.25,11152.0,26.0
2020-09-18 13:28,11147.0,11148.5,11137.75,11137.75,21.0
2020-09-18 13:29,11136.75,11139.75,11123.5,11133.25,60.0
