stamp,open,high,low,close,volume
2022-09-11 22:00,12626.0,12650.0,12626.0,12641.25,603.0
2022-09-11 22:01,12641.25,12642.0,12636.25,12641.0,205.0
2022-09-11 22:02,12641.5,12651.25,12641.5,12649.75,273.0
2022-09-11 22:03,12649.75,12679.25,12649.75,12674.25,559.0
2022-09-11 22:04,12674.75,12675.25,12666.75,12671.75,201.0
2022-09-11 22:05,12672.5,12678.75,12666.75,12669.25,214.0
2022-09-11 22:06,12669.5,12675.5,12667.75,12671.5,146.0
2022-09-11 22:07,12671.75,12672.25,12655.5,12658.5,338.0
2022-09-11 22:08,12658.5,12659.5,12654.75,12655.0,110.0
2022-09-11 22:09,12654.75,12656.25,12653.5,12654.0,133.0
2022-09-11 22:10,12654.0,12655.75,12653.5,12654.0,48.0
2022-09-11 22:11,12654.0,12654.75,12648.5,12648.5,128.0
2022-09-11 22:12,12648.75,12649.75,12647.25,12649.0,106.0
2022-09-11 22:13,12648.75,12649.25,12646.25,12646.25,23.0
2022-09-11 22:14,12646.75,12646.75,12645.0,12646.0,33.0
2022-09-11 22:15,12646.25,12650.25,12646.25,12650.25,64.0
2022-09-11 22:16,12649.0,12656.0,12648.0,12654.25,140.0
2022-09-11 22:17,12655.25,12657.25,12654.5,12655.0,56.0
2022-09-11 22:18,12655.0,12655.75,12653.0,12654.0,75.0
2022-09-11 22:19,12653.5,12653.5,12650.25,12650.25,50.0
2022-09-11 22:20,12650.25,12651.25,12645.75,12646.25,57.0
2022-09-11 22:21,12646.5,12646.5,12643.0,12644.75,114.0
2022-09-11 22:22,12644.75,12650.0,12643.75,12647.75,73.0
2022-09-11 22:23,12648.5,12649.25,12645.5,12647.0,67.0
2022-09-11 22:24,12646.0,12648.0,12645.75,12648.0,33.0
2022-09-11 22:25,12647.0,12647.0,12646.25,12646.5,9.0
2022-09-11 22:26,12646.5,12646.5,12644.75,12645.0,19.0
2022-09-11 22:27,12645.0,12645.0,12644.5,12645.0,11.0
2022-09-11 22:28,12645.0,12645.0,12641.75,12642.25,38.0
2022-09-11 22:29,12642.75,12643.5,12642.25,12643.25,15.0
2022-09-11 22:30,12644.0,12647.75,12644.0,12647.5,46.0
2022-09-11 22:31,12647.5,12648.5,12647.0,12647.25,54.0
2022-09-11 22:32,12647.5,12647.5,12645.5,12645.75,16.0
2022-09-11 22:33,12645.75,12645.75,12641.25,12642.25,25.0
2022-09-11 22:34,12642.25,12643.0,12641.0,12641.5,27.0
2022-09-11 22:35,12642.25,12642.25,12642.0,12642.25,11.0
2022-09-11 22:36,12642.0,12642.75,12640.75,12642.75,12.0
2022-09-11 22:37,12642.0,12642.0,12640.25,12641.25,30.0
2022-09-11 22:38,12642.0,12642.0,12640.5,12641.75,19.0
2022-09-11 22:39,12641.0,12641.75,12641.0,12641.25,15.0
2022-09-11 22:40,12640.75,12641.0,12640.25,12640.5,30.0
2022-09-11 22:41,12640.75,12642.0,12639.5,12641.5,44.0
2022-09-11 22:42,12641.75,12643.0,12641.0,12643.0,32.0
2022-09-11 22:43,12642.5,12643.25,12642.25,12643.0,54.0
2022-09-11 22:44,12642.75,12642.75,12641.0,12642.5,23.0
2022-09-11 22:45,12642.75,12643.75,12642.5,12643.5,38.0
2022-09-11 22:46,12643.5,12647.25,12643.0,12647.0,98.0
2022-09-11 22:47,12647.0,12647.25,12646.5,12646.5,17.0
2022-09-11 22:48,12646.75,12648.25,12646.5,12648.25,32.0
2022-09-11 22:49,12648.25,12651.0,12648.0,12650.75,61.0
2022-09-11 22:50,12651.5,12652.25,12651.0,12652.0,23.0
2022-09-11 22:51,12651.5,12654.25,12651.5,12654.25,34.0
2022-09-11 22:52,12654.0,12656.75,12653.75,12656.0,50.0
2022-09-11 22:53,12656.0,12656.5,12655.0,12655.25,34.0
2022-09-11 22:54,12655.25,12655.25,12650.75,12651.5,29.0
2022-09-11 22:55,12651.75,12651.75,12646.5,12646.5,65.0
2022-09-11 22:56,12647.5,12647.75,12645.0,12645.0,40.0
2022-09-11 22:57,12645.0,12645.0,12642.5,12642.5,24.0
2022-09-11 22:58,12642.75,12642.75,12640.5,12640.5,49.0
2022-09-11 22:59,12641.0,12641.25,12640.25,12640.5,32.0
2022-09-11 23:00,12640.5,12642.0,12640.25,12641.75,33.0
2022-09-11 23:01,12642.0,12643.75,12641.75,12643.75,44.0
2022-09-11 23:02,12643.75,12644.75,12643.25,12644.75,21.0
2022-09-11 23:03,12644.75,12646.5,12644.75,12646.25,29.0
2022-09-11 23:04,12646.25,12646.75,12645.75,12646.5,18.0
2022-09-11 23:05,12646.25,12646.5,12644.0,12645.5,41.0
2022-09-11 23:06,12645.0,12645.5,12644.5,12644.75,20.0
2022-09-11 23:07,12645.0,12645.0,12643.75,12643.75,8.0
2022-09-11 23:08,12644.0,12644.25,12643.75,12644.0,7.0
2022-09-11 23:09,12644.5,12644.5,12643.0,12643.0,33.0
2022-09-11 23:10,12643.0,12643.25,12641.0,12641.0,45.0
2022-09-11 23:11,12642.25,12642.25,12641.5,12642.0,10.0
2022-09-11 23:12,12642.0,12642.75,12640.25,12641.5,30.0
2022-09-11 23:13,12641.25,12642.5,12641.0,12641.5,28.0
2022-09-11 23:14,12642.0,12642.0,12639.25,12640.0,23.0
2022-09-11 23:15,12639.75,12639.75,12632.25,12632.5,161.0
2022-09-11 23:16,12633.5,12633.75,12631.0,12631.5,56.0
2022-09-11 23:17,12631.75,12631.75,12628.25,12630.25,74.0
2022-09-11 23:18,12630.0,12630.25,12629.25,12629.5,22.0
2022-09-11 23:19,12630.25,12631.25,12629.5,12631.25,21.0
2022-09-11 23:20,12631.75,12632.25,12630.75,12631.75,22.0
2022-09-11 23:21,12632.0,12632.75,12631.5,12632.75,13.0
2022-09-11 23:22,12632.75,12633.25,12632.5,12633.25,16.0
2022-09-11 23:23,12633.25,12633.25,12632.5,12632.75,15.0
2022-09-11 23:24,12632.75,12632.75,12629.25,12629.25,37.0
2022-09-11 23:25,12629.0,12631.0,12627.25,12630.0,74.0
2022-09-11 23:26,12629.75,12629.75,12627.0,12628.0,58.0
2022-09-11 23:27,12628.75,12630.0,12628.0,12629.5,31.0
2022-09-11 23:28,12629.75,12633.75,12629.5,12633.75,47.0
2022-09-11 23:29,12633.25,12635.5,12632.5,12634.5,59.0
2022-09-11 23:30,12634.25,12635.0,12632.75,12633.5,40.0
2022-09-11 23:31,12633.25,12633.75,12633.25,12633.5,12.0
2022-09-11 23:32,12633.25,12633.25,12630.0,12631.25,44.0
2022-09-11 23:33,12631.75,12634.5,12631.75,12634.5,32.0
2022-09-11 23:34,12634.0,12637.0,12632.75,12636.25,44.0
2022-09-11 23:35,12636.5,12638.0,12636.0,12638.0,39.0
2022-09-11 23:36,12638.0,12641.75,12637.5,12641.75,77.0
2022-09-11 23:37,12641.75,12642.0,12640.25,12640.25,27.0
2022-09-11 23:38,12640.25,12640.25,12635.0,12635.75,58.0
2022-09-11 23:39,12636.25,12638.5,12636.25,12638.5,35.0
2022-09-11 23:40,12637.5,12637.75,12635.75,12635.75,19.0
2022-09-11 23:41,12635.25,12635.25,12629.75,12630.75,59.0
2022-09-11 23:42,12630.25,12632.75,12630.25,12632.75,23.0
2022-09-11 23:43,12632.5,12633.0,12632.25,12632.5,18.0
2022-09-11 23:44,12633.25,12634.25,12633.0,12634.0,21.0
2022-09-11 23:45,12635.0,12636.5,12634.5,12635.25,26.0
2022-09-11 23:46,12635.5,12636.75,12635.0,12636.75,9.0
2022-09-11 23:47,12637.0,12638.5,12636.0,12636.0,37.0
2022-09-11 23:48,12636.0,12640.75,12636.0,12640.0,47.0
2022-09-11 23:49,12639.75,12641.75,12638.0,12639.5,74.0
2022-09-11 23:50,12637.5,12638.75,12637.25,12637.25,22.0
2022-09-11 23:51,12637.25,12639.5,12637.25,12639.5,36.0
2022-09-11 23:52,12638.75,12638.75,12638.0,12638.25,34.0
2022-09-11 23:53,12638.25,12638.25,12633.0,12634.5,62.0
2022-09-11 23:54,12634.5,12636.5,12634.0,12635.75,18.0
2022-09-11 23:55,12635.0,12636.5,12634.75,12635.0,29.0
2022-09-11 23:56,12635.0,12636.5,12634.75,12636.0,24.0
2022-09-11 23:57,12635.25,12635.25,12632.25,12632.25,27.0
2022-09-11 23:58,12632.75,12633.0,12631.5,12632.0,37.0
2022-09-11 23:59,12631.5,12632.25,12630.5,12632.0,76.0
2022-09-12 00:00,12631.5,12631.5,12627.75,12630.5,105.0
2022-09-12 00:01,12631.5,12631.5,12628.25,12629.25,77.0
2022-09-12 00:02,12629.5,12630.0,12628.25,12628.25,31.0
2022-09-12 00:03,12628.0,12628.0,12619.0,12619.0,180.0
2022-09-12 00:04,12619.0,12621.0,12617.75,12619.75,128.0
2022-09-12 00:05,12619.25,12620.75,12618.25,12619.25,65.0
2022-09-12 00:06,12618.75,12618.75,12612.25,12615.25,130.0
2022-09-12 00:07,12616.0,12619.75,12615.25,12618.25,83.0
2022-09-12 00:08,12617.5,12618.0,12611.5,12613.0,125.0
2022-09-12 00:09,12613.0,12615.5,12610.0,12611.0,124.0
2022-09-12 00:10,12610.75,12615.75,12610.0,12613.5,113.0
2022-09-12 00:11,12614.0,12616.5,12611.0,12612.5,154.0
2022-09-12 00:12,12612.75,12616.75,12612.25,12616.75,67.0
2022-09-12 00:13,12617.25,12617.25,12613.75,12615.0,50.0
2022-09-12 00:14,12614.25,12614.25,12606.5,12608.0,124.0
2022-09-12 00:15,12608.25,12611.25,12607.5,12609.0,101.0
2022-09-12 00:16,12609.5,12614.25,12609.25,12613.5,99.0
2022-09-12 00:17,12614.25,12616.0,12611.5,12611.5,76.0
2022-09-12 00:18,12612.0,12615.5,12611.75,12614.5,68.0
2022-09-12 00:19,12615.25,12618.5,12614.75,12617.0,71.0
2022-09-12 00:20,12616.5,12619.75,12616.25,12618.0,81.0
2022-09-12 00:21,12618.25,12621.25,12618.25,12620.75,47.0
2022-09-12 00:22,12622.0,12622.25,12618.5,12620.0,74.0
2022-09-12 00:23,12620.0,12620.0,12615.75,12616.5,67.0
2022-09-12 00:24,12617.5,12618.25,12613.5,12618.25,54.0
2022-09-12 00:25,12618.25,12620.75,12617.75,12620.75,45.0
2022-09-12 00:26,12620.25,12621.0,12617.25,12617.25,50.0
2022-09-12 00:27,12617.25,12620.25,12616.5,12616.5,41.0
2022-09-12 00:28,12617.25,12617.5,12613.0,12613.5,56.0
2022-09-12 00:29,12614.0,12616.0,12613.0,12615.5,27.0
2022-09-12 00:30,12614.5,12614.75,12611.5,12612.5,34.0
2022-09-12 00:31,12612.0,12616.5,12610.5,12616.25,77.0
2022-09-12 00:32,12616.5,12617.25,12615.5,12616.5,35.0
2022-09-12 00:33,12616.0,12616.25,12611.5,12613.0,43.0
2022-09-12 00:34,12613.0,12613.25,12609.75,12610.5,51.0
2022-09-12 00:35,12610.5,12613.75,12610.5,12613.25,39.0
2022-09-12 00:36,12613.0,12613.75,12610.5,12611.75,30.0
2022-09-12 00:37,12610.5,12612.75,12609.75,12612.75,27.0
2022-09-12 00:38,12611.5,12611.5,12606.75,12606.75,43.0
2022-09-12 00:39,12607.5,12611.25,12606.0,12608.5,76.0
2022-09-12 00:40,12608.5,12610.0,12607.75,12609.5,26.0
2022-09-12 00:41,12608.5,12611.5,12608.25,12611.25,27.0
2022-09-12 00:42,12610.75,12611.0,12607.5,12608.0,61.0
2022-09-12 00:43,12608.0,12613.5,12601.25,12601.25,441.0
2022-09-12 00:44,12601.0,12607.25,12600.0,12607.25,117.0
2022-09-12 00:45,12607.75,12608.0,12605.25,12605.75,37.0
2022-09-12 00:46,12606.75,12611.75,12606.75,12608.0,54.0
2022-09-12 00:47,12609.25,12613.0,12609.25,12612.25,55.0
2022-09-12 00:48,12611.75,12613.75,12611.0,12613.75,49.0
2022-09-12 00:49,12613.0,12614.0,12610.25,12611.75,41.0
2022-09-12 00:50,12611.75,12612.5,12611.75,12611.75,20.0
2022-09-12 00:51,12612.0,12613.25,12610.5,12610.75,35.0
2022-09-12 00:52,12611.0,12611.0,12609.25,12611.0,19.0
2022-09-12 00:53,12610.5,12613.5,12609.5,12613.5,41.0
2022-09-12 00:54,12614.0,12614.25,12612.75,12613.75,31.0
2022-09-12 00:55,12612.75,12614.75,12612.5,12613.25,54.0
2022-09-12 00:56,12613.0,12613.0,12611.0,12611.0,18.0
2022-09-12 00:57,12611.75,12615.5,12611.0,12614.75,36.0
2022-09-12 00:58,12614.75,12615.0,12613.75,12614.0,34.0
2022-09-12 00:59,12614.0,12614.0,12612.0,12612.0,22.0
2022-09-12 01:00,12613.0,12613.0,12610.0,12610.0,54.0
2022-09-12 01:01,12609.75,12610.0,12607.5,12607.5,69.0
2022-09-12 01:02,12606.75,12607.75,12602.25,12602.25,96.0
2022-09-12 01:03,12602.25,12606.5,12602.0,12604.25,70.0
2022-09-12 01:04,12603.75,12604.5,12600.5,12601.0,95.0
2022-09-12 01:05,12601.25,12604.0,12601.25,12602.0,37.0
2022-09-12 01:06,12601.75,12603.0,12601.5,12602.5,50.0
2022-09-12 01:07,12601.75,12601.75,12597.25,12599.0,124.0
2022-09-12 01:08,12600.25,12602.0,12599.0,12600.25,92.0
2022-09-12 01:09,12601.25,12601.75,12598.25,12599.75,59.0
2022-09-12 01:10,12599.25,12600.5,12599.0,12600.5,32.0
2022-09-12 01:11,12600.75,12604.0,12600.75,12604.0,49.0
2022-09-12 01:12,12603.25,12605.75,12602.5,12605.5,76.0
2022-09-12 01:13,12605.0,12606.5,12604.75,12605.75,44.0
2022-09-12 01:14,12605.25,12606.0,12604.0,12604.25,59.0
2022-09-12 01:15,12603.75,12605.0,12601.75,12601.75,73.0
2022-09-12 01:16,12601.75,12602.25,12596.75,12597.5,133.0
2022-09-12 01:17,12597.0,12599.75,12595.75,12597.25,94.0
2022-09-12 01:18,12596.25,12598.75,12594.25,12596.0,109.0
2022-09-12 01:19,12596.25,12599.0,12596.0,12597.0,114.0
2022-09-12 01:20,12597.25,12600.25,12597.0,12597.75,68.0
2022-09-12 01:21,12597.5,12599.75,12597.25,12598.0,49.0
2022-09-12 01:22,12597.75,12598.0,12594.75,12596.5,62.0
2022-09-12 01:23,12597.5,12600.0,12596.25,12599.25,46.0
2022-09-12 01:24,12599.75,12600.0,12597.25,12597.25,31.0
2022-09-12 01:25,12598.5,12603.0,12598.5,12601.75,78.0
2022-09-12 01:26,12601.0,12603.75,12600.5,12603.25,44.0
2022-09-12 01:27,12602.75,12605.0,12602.75,12603.25,47.0
2022-09-12 01:28,12603.5,12606.25,12602.5,12606.25,60.0
2022-09-12 01:29,12606.5,12607.25,12605.5,12607.0,47.0
2022-09-12 01:30,12606.5,12606.75,12604.25,12604.75,48.0
2022-09-12 01:31,12605.0,12605.5,12603.75,12603.75,36.0
2022-09-12 01:32,12603.5,12604.75,12601.25,12601.25,51.0
2022-09-12 01:33,12602.0,12602.75,12601.0,12602.25,37.0
2022-09-12 01:34,12602.75,12606.75,12602.75,12605.0,60.0
2022-09-12 01:35,12605.25,12608.0,12604.75,12606.5,51.0
2022-09-12 01:36,12606.75,12610.75,12606.5,12610.0,75.0
2022-09-12 01:37,12610.25,12614.5,12610.25,12613.0,139.0
2022-09-12 01:38,12613.0,12616.0,12611.0,12611.25,93.0
2022-09-12 01:39,12611.0,12612.5,12610.75,12611.0,56.0
2022-09-12 01:40,12611.0,12613.75,12611.0,12613.5,46.0
2022-09-12 01:41,12613.75,12614.5,12613.25,12614.0,29.0
2022-09-12 01:42,12614.0,12616.25,12614.0,12615.0,62.0
2022-09-12 01:43,12615.75,12616.0,12614.5,12615.75,27.0
2022-09-12 01:44,12615.25,12616.25,12615.0,12615.0,27.0
2022-09-12 01:45,12615.5,12616.25,12615.0,12615.75,23.0
2022-09-12 01:46,12615.25,12615.75,12613.25,12613.75,63.0
2022-09-12 01:47,12613.75,12614.75,12612.5,12613.25,44.0
2022-09-12 01:48,12612.5,12614.25,12612.0,12613.25,34.0
2022-09-12 01:49,12613.0,12614.25,12613.0,12614.0,35.0
2022-09-12 01:50,12614.75,12615.0,12613.0,12613.0,18.0
2022-09-12 01:51,12613.5,12615.0,12612.25,12613.0,27.0
2022-09-12 01:52,12613.0,12615.0,12612.75,12614.75,27.0
2022-09-12 01:53,12614.75,12616.25,12614.25,12616.25,42.0
2022-09-12 01:54,12616.0,12616.0,12614.25,12615.75,17.0
2022-09-12 01:55,12615.25,12615.75,12614.25,12614.25,16.0
2022-09-12 01:56,12614.25,12615.75,12614.25,12614.5,10.0
2022-09-12 01:57,12614.75,12617.0,12614.5,12616.25,43.0
2022-09-12 01:58,12617.0,12617.5,12615.5,12616.25,48.0
2022-09-12 01:59,12616.75,12616.75,12615.5,12615.5,21.0
2022-09-12 02:00,12616.5,12616.5,12614.0,12614.25,57.0
2022-09-12 02:01,12614.75,12615.75,12614.0,12615.0,24.0
2022-09-12 02:02,12615.5,12617.75,12614.75,12617.25,33.0
2022-09-12 02:03,12617.5,12618.25,12611.75,12613.5,116.0
2022-09-12 02:04,12612.5,12613.0,12606.0,12607.0,161.0
2022-09-12 02:05,12607.75,12608.0,12605.75,12607.5,54.0
2022-09-12 02:06,12607.0,12607.0,12601.0,12602.25,114.0
2022-09-12 02:07,12602.0,12602.0,12600.25,12600.75,68.0
2022-09-12 02:08,12600.25,12602.25,12599.25,12599.75,48.0
2022-09-12 02:09,12599.75,12602.0,12599.5,12601.0,25.0
2022-09-12 02:10,12601.0,12602.5,12600.25,12601.0,38.0
2022-09-12 02:11,12601.0,12602.5,12601.0,12602.5,35.0
2022-09-12 02:12,12602.25,12602.75,12601.25,12602.75,33.0
2022-09-12 02:13,12602.0,12602.25,12601.0,12601.0,30.0
2022-09-12 02:14,12601.75,12602.75,12598.75,12599.0,32.0
2022-09-12 02:15,12599.5,12602.25,12599.5,12600.75,38.0
2022-09-12 02:16,12600.5,12602.0,12599.5,12600.5,23.0
2022-09-12 02:17,12599.75,12600.5,12599.0,12599.5,35.0
2022-09-12 02:18,12600.0,12600.5,12598.75,12599.25,19.0
2022-09-12 02:19,12599.25,12599.25,12593.5,12596.0,119.0
2022-09-12 02:20,12596.5,12597.75,12595.5,12597.5,42.0
2022-09-12 02:21,12597.0,12599.25,12597.0,12597.25,31.0
2022-09-12 02:22,12597.5,12600.25,12596.5,12599.75,32.0
2022-09-12 02:23,12599.5,12600.5,12598.5,12600.5,23.0
2022-09-12 02:24,12600.5,12601.25,12599.75,12600.25,51.0
2022-09-12 02:25,12600.5,12602.25,12600.0,12602.25,50.0
2022-09-12 02:26,12602.25,12603.25,12601.25,12602.75,55.0
2022-09-12 02:27,12603.25,12604.25,12602.25,12603.25,59.0
2022-09-12 02:28,12604.0,12606.75,12603.25,12605.5,103.0
2022-09-12 02:29,12605.25,12606.75,12605.25,12606.25,19.0
2022-09-12 02:30,12606.25,12607.75,12606.25,12606.75,31.0
2022-09-12 02:31,12606.25,12606.75,12605.5,12606.5,8.0
2022-09-12 02:32,12606.75,12607.25,12605.75,12605.75,12.0
2022-09-12 02:33,12605.5,12605.5,12602.25,12603.0,81.0
2022-09-12 02:34,12602.75,12603.75,12602.25,12602.5,27.0
2022-09-12 02:35,12602.0,12603.0,12600.25,12600.5,38.0
2022-09-12 02:36,12600.5,12600.5,12598.0,12599.0,39.0
2022-09-12 02:37,12599.25,12599.25,12595.25,12596.75,61.0
2022-09-12 02:38,12596.5,12596.75,12591.25,12591.5,129.0
2022-09-12 02:39,12592.5,12594.75,12591.5,12593.25,62.0
2022-09-12 02:40,12593.5,12594.5,12586.0,12586.25,207.0
2022-09-12 02:41,12586.25,12586.75,12582.75,12584.75,188.0
2022-09-12 02:42,12585.0,12587.5,12583.75,12584.25,92.0
2022-09-12 02:43,12584.25,12584.75,12580.25,12582.75,117.0
2022-09-12 02:44,12583.0,12585.5,12582.5,12585.5,45.0
2022-09-12 02:45,12585.0,12586.25,12584.75,12586.25,78.0
2022-09-12 02:46,12586.5,12589.0,12586.25,12587.75,67.0
2022-09-12 02:47,12587.75,12589.25,12587.0,12589.0,23.0
2022-09-12 02:48,12588.5,12593.25,12588.5,12592.0,127.0
2022-09-12 02:49,12592.25,12592.75,12591.25,12591.75,23.0
2022-09-12 02:50,12591.25,12592.75,12590.5,12590.75,84.0
2022-09-12 02:51,12591.0,12591.75,12587.0,12588.5,121.0
2022-09-12 02:52,12588.75,12589.25,12588.0,12588.5,22.0
2022-09-12 02:53,12588.0,12588.0,12585.5,12587.5,51.0
2022-09-12 02:54,12586.75,12588.0,12585.5,12586.75,41.0
2022-09-12 02:55,12587.5,12590.0,12587.5,12588.75,35.0
2022-09-12 02:56,12589.25,12590.75,12588.5,12590.5,38.0
2022-09-12 02:57,12589.5,12590.5,12589.5,12590.0,21.0
2022-09-12 02:58,12590.25,12594.25,12590.25,12593.0,75.0
2022-09-12 02:59,12593.75,12595.25,12592.0,12593.0,61.0
2022-09-12 03:00,12591.75,12591.75,12589.5,12590.5,43.0
2022-09-12 03:01,12590.5,12594.5,12589.75,12594.5,46.0
2022-09-12 03:02,12594.5,12596.25,12591.75,12591.75,55.0
2022-09-12 03:03,12591.75,12591.75,12585.5,12589.25,114.0
2022-09-12 03:04,12590.25,12590.25,12586.0,12587.5,53.0
2022-09-12 03:05,12588.25,12589.25,12586.0,12586.0,53.0
2022-09-12 03:06,12585.75,12589.75,12585.75,12589.75,29.0
2022-09-12 03:07,12588.5,12590.25,12588.25,12588.75,64.0
2022-09-12 03:08,12588.75,12593.0,12588.75,12591.5,57.0
2022-09-12 03:09,12592.25,12596.0,12592.0,12594.25,82.0
2022-09-12 03:10,12593.5,12594.5,12593.25,12593.25,33.0
2022-09-12 03:11,12593.25,12593.75,12590.25,12590.25,40.0
2022-09-12 03:12,12590.75,12592.5,12590.75,12591.5,20.0
2022-09-12 03:13,12592.0,12593.0,12590.5,12590.5,29.0
2022-09-12 03:14,12591.25,12592.5,12591.0,12591.25,15.0
2022-09-12 03:15,12591.0,12592.5,12591.0,12592.5,14.0
2022-09-12 03:16,12592.5,12592.75,12590.75,12592.25,18.0
2022-09-12 03:17,12592.0,12593.0,12592.0,12592.5,14.0
2022-09-12 03:18,12593.0,12594.75,12593.0,12594.5,55.0
2022-09-12 03:19,12594.25,12595.0,12592.75,12592.75,27.0
2022-09-12 03:20,12592.75,12595.0,12592.75,12593.75,24.0
2022-09-12 03:21,12594.0,12594.0,12593.5,12593.5,16.0
2022-09-12 03:22,12593.25,12594.0,12592.0,12594.0,26.0
2022-09-12 03:23,12594.0,12594.75,12592.5,12594.75,22.0
2022-09-12 03:24,12595.25,12595.25,12591.75,12592.25,29.0
2022-09-12 03:25,12592.0,12592.0,12587.75,12588.25,93.0
2022-09-12 03:26,12588.0,12590.0,12586.75,12589.75,47.0
2022-09-12 03:27,12588.75,12589.25,12588.5,12588.5,11.0
2022-09-12 03:28,12588.5,12589.0,12586.25,12586.25,37.0
2022-09-12 03:29,12586.25,12587.75,12586.25,12587.0,18.0
2022-09-12 03:30,12586.5,12587.5,12582.75,12582.75,81.0
2022-09-12 03:31,12583.5,12584.25,12580.5,12583.0,101.0
2022-09-12 03:32,12583.25,12585.75,12582.0,12583.25,92.0
2022-09-12 03:33,12583.5,12587.25,12583.0,12584.25,52.0
2022-09-12 03:34,12584.25,12585.0,12581.5,12581.5,31.0
2022-09-12 03:35,12581.5,12582.5,12578.25,12579.25,150.0
2022-09-12 03:36,12579.5,12581.0,12579.0,12579.75,37.0
2022-09-12 03:37,12580.0,12582.0,12579.5,12581.75,35.0
2022-09-12 03:38,12582.0,12582.5,12579.25,12579.75,71.0
2022-09-12 03:39,12579.75,12580.5,12579.0,12579.5,42.0
2022-09-12 03:40,12579.75,12581.25,12578.0,12578.25,68.0
2022-09-12 03:41,12578.0,12579.25,12577.75,12578.75,27.0
2022-09-12 03:42,12578.75,12579.0,12576.75,12578.5,55.0
2022-09-12 03:43,12578.0,12579.75,12578.0,12578.25,19.0
2022-09-12 03:44,12578.0,12578.0,12576.5,12577.25,41.0
2022-09-12 03:45,12577.75,12581.25,12577.75,12580.25,76.0
2022-09-12 03:46,12580.0,12580.5,12579.0,12579.0,23.0
2022-09-12 03:47,12580.0,12581.0,12579.0,12579.0,58.0
2022-09-12 03:48,12580.0,12582.75,12580.0,12581.75,44.0
2022-09-12 03:49,12582.5,12583.5,12582.5,12582.75,31.0
2022-09-12 03:50,12582.5,12584.25,12582.5,12583.75,32.0
2022-09-12 03:51,12583.5,12584.25,12582.5,12583.0,23.0
2022-09-12 03:52,12583.75,12583.75,12583.75,12583.75,1.0
2022-09-12 03:53,12583.5,12584.5,12583.5,12583.75,17.0
2022-09-12 03:54,12584.0,12585.25,12583.75,12584.5,34.0
2022-09-12 03:55,12584.0,12584.5,12583.25,12584.0,19.0
2022-09-12 03:56,12584.0,12584.5,12583.75,12584.0,18.0
2022-09-12 03:57,12584.25,12584.5,12584.0,12584.5,3.0
2022-09-12 03:58,12584.75,12586.0,12583.75,12586.0,40.0
2022-09-12 03:59,12585.5,12585.5,12584.25,12584.25,24.0
2022-09-12 04:00,12585.0,12585.75,12584.5,12584.75,30.0
2022-09-12 04:01,12584.75,12586.0,12584.5,12586.0,27.0
2022-09-12 04:02,12585.5,12586.0,12583.75,12584.25,38.0
2022-09-12 04:03,12584.0,12587.75,12583.75,12587.5,45.0
2022-09-12 04:04,12586.75,12589.0,12586.5,12588.75,58.0
2022-09-12 04:05,12588.75,12589.5,12588.25,12588.5,25.0
2022-09-12 04:06,12588.5,12589.25,12586.75,12586.75,27.0
2022-09-12 04:07,12586.5,12588.25,12586.25,12588.25,20.0
2022-09-12 04:08,12588.25,12588.5,12588.0,12588.0,8.0
2022-09-12 04:09,12588.0,12588.5,12585.75,12586.0,47.0
2022-09-12 04:10,12585.75,12585.75,12583.75,12585.0,76.0
2022-09-12 04:11,12584.5,12584.75,12580.0,12583.0,87.0
2022-09-12 04:12,12583.0,12585.25,12582.0,12585.0,55.0
2022-09-12 04:13,12584.5,12585.0,12583.75,12583.75,21.0
2022-09-12 04:14,12584.0,12585.25,12583.75,12584.75,26.0
2022-09-12 04:15,12584.75,12585.0,12583.75,12583.75,17.0
2022-09-12 04:16,12583.75,12584.5,12583.0,12583.0,9.0
2022-09-12 04:17,12583.0,12583.0,12581.25,12581.5,29.0
2022-09-12 04:18,12582.0,12582.5,12580.5,12580.5,22.0
2022-09-12 04:19,12581.25,12582.25,12580.5,12580.5,16.0
2022-09-12 04:20,12580.25,12580.5,12579.5,12580.25,39.0
2022-09-12 04:21,12580.5,12580.5,12578.25,12578.75,35.0
2022-09-12 04:22,12578.75,12581.25,12578.75,12581.25,22.0
2022-09-12 04:23,12581.25,12583.5,12580.75,12580.75,51.0
2022-09-12 04:24,12580.75,12584.0,12580.75,12583.25,31.0
2022-09-12 04:25,12583.0,12583.5,12582.0,12583.0,23.0
2022-09-12 04:26,12582.0,12582.75,12581.25,12581.75,33.0
2022-09-12 04:27,12582.25,12582.5,12578.0,12579.25,40.0
2022-09-12 04:28,12579.25,12579.25,12578.75,12579.25,16.0
2022-09-12 04:29,12579.0,12579.0,12573.25,12575.0,154.0
2022-09-12 04:30,12575.0,12577.75,12573.75,12577.75,83.0
2022-09-12 04:31,12577.5,12581.75,12577.0,12581.5,52.0
2022-09-12 04:32,12581.75,12583.5,12581.5,12582.5,48.0
2022-09-12 04:33,12582.5,12583.75,12582.5,12583.75,23.0
2022-09-12 04:34,12583.0,12584.75,12582.75,12584.75,19.0
2022-09-12 04:35,12583.75,12586.5,12583.25,12585.75,76.0
2022-09-12 04:36,12585.0,12587.0,12584.25,12585.75,58.0
2022-09-12 04:37,12585.25,12585.75,12584.5,12585.25,19.0
2022-09-12 04:38,12585.5,12585.5,12584.5,12584.75,16.0
2022-09-12 04:39,12585.0,12585.75,12584.75,12585.25,15.0
2022-09-12 04:40,12585.75,12587.25,12585.25,12587.0,27.0
2022-09-12 04:41,12587.0,12587.25,12586.0,12586.0,20.0
2022-09-12 04:42,12586.75,12587.75,12585.75,12586.5,31.0
2022-09-12 04:43,12587.25,12588.0,12585.0,12586.0,41.0
2022-09-12 04:44,12586.75,12586.75,12585.0,12586.0,20.0
2022-09-12 04:45,12587.0,12587.5,12585.5,12585.75,15.0
2022-09-12 04:46,12586.0,12587.75,12585.75,12587.0,23.0
2022-09-12 04:47,12587.0,12589.0,12587.0,12588.5,24.0
2022-09-12 04:48,12588.5,12589.75,12588.5,12588.75,44.0
2022-09-12 04:49,12588.25,12589.0,12588.25,12589.0,18.0
2022-09-12 04:50,12589.0,12589.0,12587.5,12587.5,22.0
2022-09-12 04:51,12587.25,12589.5,12587.0,12589.0,43.0
2022-09-12 04:52,12589.5,12591.25,12589.5,12589.75,32.0
2022-09-12 04:53,12589.25,12590.5,12588.0,12590.25,69.0
2022-09-12 04:54,12590.75,12591.25,12589.0,12589.25,18.0
2022-09-12 04:55,12589.0,12589.75,12587.75,12587.75,28.0
2022-09-12 04:56,12587.5,12587.75,12584.25,12586.25,87.0
2022-09-12 04:57,12586.0,12587.25,12585.25,12586.0,38.0
2022-09-12 04:58,12585.25,12585.25,12583.0,12583.75,39.0
2022-09-12 04:59,12583.75,12583.75,12581.75,12581.75,49.0
2022-09-12 05:00,12582.0,12586.0,12581.25,12585.0,83.0
2022-09-12 05:01,12585.5,12586.0,12584.5,12584.75,12.0
2022-09-12 05:02,12584.75,12585.75,12583.5,12585.75,23.0
2022-09-12 05:03,12586.5,12589.75,12586.5,12589.25,55.0
2022-09-12 05:04,12589.0,12589.25,12588.0,12588.75,27.0
2022-09-12 05:05,12588.0,12588.0,12585.0,12585.0,23.0
2022-09-12 05:06,12585.5,12586.0,12584.5,12584.5,24.0
2022-09-12 05:07,12584.5,12584.5,12581.75,12582.75,41.0
2022-09-12 05:08,12583.0,12583.75,12582.5,12583.75,25.0
2022-09-12 05:09,12583.25,12584.75,12583.25,12584.5,31.0
2022-09-12 05:10,12585.0,12586.75,12584.5,12584.5,17.0
2022-09-12 05:11,12583.75,12585.75,12583.75,12585.0,13.0
2022-09-12 05:12,12585.75,12586.0,12583.0,12584.5,28.0
2022-09-12 05:13,12584.0,12586.0,12584.0,12586.0,14.0
2022-09-12 05:14,12585.75,12585.75,12585.0,12585.25,18.0
2022-09-12 05:15,12585.5,12587.25,12585.0,12587.0,15.0
2022-09-12 05:16,12587.75,12591.0,12587.0,12588.75,67.0
2022-09-12 05:17,12588.75,12589.0,12587.5,12587.75,20.0
2022-09-12 05:18,12587.75,12589.25,12587.75,12589.0,6.0
2022-09-12 05:19,12589.5,12591.25,12589.0,12591.25,39.0
2022-09-12 05:20,12590.25,12594.75,12590.25,12593.75,105.0
2022-09-12 05:21,12593.75,12597.25,12593.75,12597.0,117.0
2022-09-12 05:22,12596.5,12597.5,12595.75,12595.75,35.0
2022-09-12 05:23,12595.75,12596.0,12593.0,12593.5,60.0
2022-09-12 05:24,12592.75,12596.5,12592.75,12596.5,33.0
2022-09-12 05:25,12595.5,12598.5,12595.5,12596.5,48.0
2022-09-12 05:26,12596.25,12596.25,12592.75,12593.75,60.0
2022-09-12 05:27,12593.5,12595.75,12593.25,12595.25,31.0
2022-09-12 05:28,12595.5,12598.0,12595.5,12598.0,71.0
2022-09-12 05:29,12598.0,12598.75,12596.5,12597.5,98.0
2022-09-12 05:30,12596.0,12597.75,12595.25,12597.0,38.0
2022-09-12 05:31,12596.75,12598.75,12596.75,12597.75,34.0
2022-09-12 05:32,12596.75,12598.25,12595.25,12598.0,27.0
2022-09-12 05:33,12598.25,12599.25,12597.75,12597.75,31.0
2022-09-12 05:34,12597.25,12597.25,12595.5,12595.75,40.0
2022-09-12 05:35,12596.75,12597.5,12596.25,12597.25,20.0
2022-09-12 05:36,12596.25,12597.75,12595.0,12597.75,36.0
2022-09-12 05:37,12597.5,12598.0,12596.75,12596.75,19.0
2022-09-12 05:38,12596.0,12596.0,12590.75,12592.75,86.0
2022-09-12 05:39,12593.5,12596.0,12592.75,12596.0,25.0
2022-09-12 05:40,12596.0,12598.0,12596.0,12598.0,53.0
2022-09-12 05:41,12598.25,12601.0,12598.25,12599.5,75.0
2022-09-12 05:42,12599.75,12600.25,12597.5,12600.0,121.0
2022-09-12 05:43,12600.25,12601.75,12599.75,12601.75,61.0
2022-09-12 05:44,12601.25,12603.5,12600.5,12602.75,113.0
2022-09-12 05:45,12602.75,12603.25,12601.25,12601.25,40.0
2022-09-12 05:46,12601.0,12602.0,12600.0,12600.25,36.0
2022-09-12 05:47,12600.75,12600.75,12597.5,12598.25,61.0
2022-09-12 05:48,12597.75,12598.75,12597.0,12597.25,93.0
2022-09-12 05:49,12597.75,12599.0,12597.75,12598.0,60.0
2022-09-12 05:50,12597.75,12598.75,12595.5,12595.5,47.0
2022-09-12 05:51,12595.75,12595.75,12593.25,12593.75,54.0
2022-09-12 05:52,12593.5,12593.5,12591.25,12592.5,46.0
2022-09-12 05:53,12592.5,12596.0,12592.5,12595.5,29.0
2022-09-12 05:54,12596.0,12598.75,12595.5,12597.5,42.0
2022-09-12 05:55,12598.0,12600.5,12597.5,12599.75,42.0
2022-09-12 05:56,12600.0,12602.0,12598.75,12601.25,37.0
2022-09-12 05:57,12600.75,12602.75,12600.25,12602.75,41.0
2022-09-12 05:58,12602.5,12604.75,12602.25,12603.5,66.0
2022-09-12 05:59,12603.25,12607.5,12603.25,12607.5,70.0
2022-09-12 06:00,12607.5,12609.75,12602.25,12603.25,224.0
2022-09-12 06:01,12603.0,12604.75,12595.25,12598.75,167.0
2022-09-12 06:02,12598.75,12602.25,12598.0,12599.5,104.0
2022-09-12 06:03,12598.5,12598.75,12595.5,12596.5,65.0
2022-09-12 06:04,12596.5,12597.25,12594.75,12594.75,49.0
2022-09-12 06:05,12594.75,12598.75,12594.0,12595.25,82.0
2022-09-12 06:06,12595.25,12595.5,12589.75,12592.0,100.0
2022-09-12 06:07,12592.5,12596.0,12592.0,12594.5,85.0
2022-09-12 06:08,12595.0,12595.25,12593.25,12593.5,40.0
2022-09-12 06:09,12594.25,12596.0,12594.25,12595.0,45.0
2022-09-12 06:10,12594.5,12597.0,12591.75,12591.75,49.0
2022-09-12 06:11,12592.5,12592.75,12584.25,12585.25,214.0
2022-09-12 06:12,12585.25,12586.5,12583.75,12586.0,121.0
2022-09-12 06:13,12586.5,12589.75,12586.0,12588.0,100.0
2022-09-12 06:14,12587.5,12589.25,12587.25,12588.0,31.0
2022-09-12 06:15,12587.0,12587.25,12584.5,12585.75,70.0
2022-09-12 06:16,12586.0,12587.75,12583.75,12586.5,70.0
2022-09-12 06:17,12586.0,12588.25,12586.0,12587.0,31.0
2022-09-12 06:18,12588.0,12588.75,12586.75,12587.25,15.0
2022-09-12 06:19,12587.0,12587.0,12584.0,12586.75,75.0
2022-09-12 06:20,12585.75,12586.5,12584.25,12584.75,38.0
2022-09-12 06:21,12584.25,12586.0,12583.5,12584.75,43.0
2022-09-12 06:22,12584.25,12586.25,12583.25,12585.75,40.0
2022-09-12 06:23,12585.5,12589.0,12584.25,12586.75,104.0
2022-09-12 06:24,12586.25,12587.75,12583.75,12584.5,72.0
2022-09-12 06:25,12584.5,12586.25,12582.0,12586.0,91.0
2022-09-12 06:26,12586.0,12588.75,12584.5,12588.75,42.0
2022-09-12 06:27,12588.0,12589.75,12585.0,12586.75,102.0
2022-09-12 06:28,12587.25,12588.5,12584.75,12587.75,64.0
2022-09-12 06:29,12586.75,12588.0,12585.5,12586.5,42.0
2022-09-12 06:30,12587.25,12587.5,12583.25,12586.5,58.0
2022-09-12 06:31,12587.0,12589.0,12586.0,12589.0,48.0
2022-09-12 06:32,12589.25,12593.0,12589.0,12593.0,85.0
2022-09-12 06:33,12592.5,12596.75,12592.5,12596.75,103.0
2022-09-12 06:34,12597.0,12598.0,12595.5,12596.5,68.0
2022-09-12 06:35,12597.0,12606.0,12596.5,12605.25,165.0
2022-09-12 06:36,12605.5,12615.75,12604.5,12615.25,266.0
2022-09-12 06:37,12614.5,12622.0,12609.75,12622.0,328.0
2022-09-12 06:38,12622.0,12633.5,12621.5,12630.25,462.0
2022-09-12 06:39,12630.75,12633.75,12627.75,12628.0,192.0
2022-09-12 06:40,12628.75,12633.25,12627.0,12627.5,191.0
2022-09-12 06:41,12627.25,12629.25,12626.0,12628.75,108.0
2022-09-12 06:42,12628.0,12630.75,12627.75,12630.5,76.0
2022-09-12 06:43,12631.25,12633.75,12630.0,12633.25,135.0
2022-09-12 06:44,12634.0,12634.25,12630.25,12630.75,89.0
2022-09-12 06:45,12630.75,12631.75,12626.5,12630.0,118.0
2022-09-12 06:46,12630.75,12634.25,12630.25,12633.75,79.0
2022-09-12 06:47,12634.5,12637.75,12633.5,12636.75,125.0
2022-09-12 06:48,12636.75,12639.75,12636.0,12638.25,162.0
2022-09-12 06:49,12638.25,12639.75,12637.25,12638.5,87.0
2022-09-12 06:50,12637.25,12642.75,12637.25,12642.25,109.0
2022-09-12 06:51,12642.25,12643.5,12638.75,12639.25,109.0
2022-09-12 06:52,12639.25,12639.25,12632.5,12633.25,112.0
2022-09-12 06:53,12634.0,12638.75,12634.0,12635.25,82.0
2022-09-12 06:54,12634.75,12635.0,12632.25,12634.0,79.0
2022-09-12 06:55,12633.0,12636.0,12631.0,12631.5,62.0
2022-09-12 06:56,12631.0,12635.0,12630.5,12634.25,61.0
2022-09-12 06:57,12634.5,12635.0,12633.5,12633.5,28.0
2022-09-12 06:58,12633.5,12640.5,12632.25,12639.75,146.0
2022-09-12 06:59,12640.0,12640.5,12638.5,12638.5,40.0
2022-09-12 07:00,12638.0,12640.25,12631.0,12638.0,237.0
2022-09-12 07:01,12638.25,12638.5,12630.0,12630.0,185.0
2022-09-12 07:02,12630.25,12640.0,12629.25,12638.0,173.0
2022-09-12 07:03,12639.0,12640.0,12631.25,12634.0,145.0
2022-09-12 07:04,12634.25,12635.25,12631.5,12634.5,166.0
2022-09-12 07:05,12633.25,12638.5,12629.75,12632.0,155.0
2022-09-12 07:06,12632.25,12636.5,12631.75,12634.25,130.0
2022-09-12 07:07,12635.25,12639.5,12634.0,12634.5,114.0
2022-09-12 07:08,12634.75,12638.25,12631.75,12637.25,134.0
2022-09-12 07:09,12637.75,12639.0,12634.5,12636.25,92.0
2022-09-12 07:10,12636.75,12640.75,12634.25,12634.75,103.0
2022-09-12 07:11,12635.25,12638.75,12634.5,12635.25,87.0
2022-09-12 07:12,12634.75,12638.25,12634.0,12636.75,78.0
2022-09-12 07:13,12634.75,12635.75,12630.75,12632.75,74.0
2022-09-12 07:14,12632.75,12635.75,12630.25,12634.25,146.0
2022-09-12 07:15,12634.25,12635.25,12631.5,12635.25,95.0
2022-09-12 07:16,12634.5,12638.25,12629.25,12629.5,126.0
2022-09-12 07:17,12629.5,12633.0,12629.25,12632.75,89.0
2022-09-12 07:18,12633.0,12635.75,12631.25,12634.0,112.0
2022-09-12 07:19,12634.25,12634.25,12620.75,12621.0,414.0
2022-09-12 07:20,12621.75,12626.75,12621.25,12626.0,133.0
2022-09-12 07:21,12626.25,12632.0,12623.25,12626.75,151.0
2022-09-12 07:22,12626.5,12639.5,12626.25,12639.5,238.0
2022-09-12 07:23,12639.25,12646.25,12638.0,12646.0,359.0
2022-09-12 07:24,12646.25,12651.25,12645.75,12650.0,278.0
2022-09-12 07:25,12649.75,12653.25,12649.25,12653.25,202.0
2022-09-12 07:26,12653.5,12656.25,12653.0,12655.25,272.0
2022-09-12 07:27,12654.75,12656.25,12652.75,12653.0,144.0
2022-09-12 07:28,12653.5,12655.25,12650.0,12652.25,199.0
2022-09-12 07:29,12651.5,12651.5,12646.25,12649.25,165.0
2022-09-12 07:30,12649.25,12652.5,12648.0,12649.75,119.0
2022-09-12 07:31,12651.0,12655.5,12650.5,12653.5,144.0
2022-09-12 07:32,12653.25,12655.5,12650.25,12651.5,108.0
2022-09-12 07:33,12651.5,12654.75,12650.0,12653.25,124.0
2022-09-12 07:34,12653.0,12657.25,12652.75,12656.75,147.0
2022-09-12 07:35,12656.25,12658.0,12653.75,12654.75,139.0
2022-09-12 07:36,12654.25,12655.0,12650.0,12650.75,75.0
2022-09-12 07:37,12649.75,12652.25,12648.0,12649.25,154.0
2022-09-12 07:38,12649.5,12653.25,12648.0,12649.0,58.0
2022-09-12 07:39,12649.0,12651.25,12648.5,12650.0,60.0
2022-09-12 07:40,12649.25,12653.25,12649.0,12651.75,62.0
2022-09-12 07:41,12652.25,12657.0,12651.5,12656.0,109.0
2022-09-12 07:42,12655.25,12657.5,12652.75,12657.0,95.0
2022-09-12 07:43,12657.0,12657.5,12654.75,12656.5,61.0
2022-09-12 07:44,12656.5,12658.0,12655.5,12657.5,74.0
2022-09-12 07:45,12657.25,12658.5,12650.0,12652.0,181.0
2022-09-12 07:46,12651.0,12656.75,12649.5,12655.75,153.0
2022-09-12 07:47,12655.75,12664.5,12655.5,12661.5,376.0
2022-09-12 07:48,12661.5,12663.75,12660.75,12663.0,159.0
2022-09-12 07:49,12663.0,12667.75,12663.0,12664.75,244.0
2022-09-12 07:50,12663.75,12668.0,12663.25,12665.75,127.0
2022-09-12 07:51,12666.5,12666.5,12659.75,12660.0,107.0
2022-09-12 07:52,12660.0,12660.0,12655.0,12657.25,129.0
2022-09-12 07:53,12657.75,12660.0,12653.5,12654.0,98.0
2022-09-12 07:54,12653.75,12654.75,12648.0,12648.0,151.0
2022-09-12 07:55,12647.75,12651.75,12645.5,12649.25,205.0
2022-09-12 07:56,12650.25,12652.25,12648.75,12650.25,117.0
2022-09-12 07:57,12649.0,12654.75,12648.75,12653.75,70.0
2022-09-12 07:58,12653.75,12654.0,12648.75,12649.25,58.0
2022-09-12 07:59,12649.25,12651.25,12647.75,12648.5,67.0
2022-09-12 08:00,12648.0,12653.5,12646.5,12648.0,118.0
2022-09-12 08:01,12648.0,12649.25,12645.5,12648.0,183.0
2022-09-12 08:02,12647.75,12648.25,12641.5,12645.25,151.0
2022-09-12 08:03,12646.0,12648.0,12644.25,12647.5,119.0
2022-09-12 08:04,12648.0,12652.0,12645.75,12646.0,155.0
2022-09-12 08:05,12647.0,12648.25,12645.0,12645.75,75.0
2022-09-12 08:06,12647.0,12647.0,12640.5,12644.0,150.0
2022-09-12 08:07,12643.5,12647.75,12643.5,12647.75,77.0
2022-09-12 08:08,12647.25,12647.75,12637.0,12637.25,176.0
2022-09-12 08:09,12637.5,12638.0,12628.25,12635.75,315.0
2022-09-12 08:10,12635.75,12642.5,12635.75,12640.5,157.0
2022-09-12 08:11,12639.75,12643.0,12637.25,12637.75,150.0
2022-09-12 08:12,12638.0,12638.0,12633.75,12636.25,85.0
2022-09-12 08:13,12635.75,12638.0,12635.75,12636.25,55.0
2022-09-12 08:14,12637.0,12637.5,12634.5,12636.25,109.0
2022-09-12 08:15,12637.0,12641.25,12637.0,12639.75,158.0
2022-09-12 08:16,12639.75,12640.75,12637.0,12637.75,111.0
2022-09-12 08:17,12638.25,12640.25,12637.0,12639.0,69.0
2022-09-12 08:18,12639.25,12640.25,12638.0,12639.25,66.0
2022-09-12 08:19,12640.0,12644.5,12639.0,12644.25,110.0
2022-09-12 08:20,12643.25,12649.5,12643.0,12648.0,209.0
2022-09-12 08:21,12648.0,12649.5,12645.5,12646.0,167.0
2022-09-12 08:22,12648.0,12650.0,12646.75,12649.0,94.0
2022-09-12 08:23,12649.25,12649.5,12647.0,12647.5,69.0
2022-09-12 08:24,12647.25,12647.5,12646.0,12646.75,56.0
2022-09-12 08:25,12646.25,12651.0,12646.25,12649.5,72.0
2022-09-12 08:26,12648.5,12648.5,12646.5,12648.25,61.0
2022-09-12 08:27,12647.75,12648.25,12641.0,12644.75,100.0
2022-09-12 08:28,12644.5,12648.0,12643.75,12645.5,95.0
2022-09-12 08:29,12644.5,12647.75,12644.25,12647.25,56.0
2022-09-12 08:30,12648.0,12652.75,12647.25,12652.25,189.0
2022-09-12 08:31,12652.25,12655.5,12650.0,12653.75,117.0
2022-09-12 08:32,12653.5,12656.25,12652.75,12655.75,108.0
2022-09-12 08:33,12655.5,12655.75,12653.5,12653.75,90.0
2022-09-12 08:34,12653.75,12656.75,12653.5,12656.0,53.0
2022-09-12 08:35,12655.5,12658.25,12655.0,12657.25,96.0
2022-09-12 08:36,12657.25,12664.0,12656.25,12664.0,223.0
2022-09-12 08:37,12663.5,12665.0,12661.0,12662.25,163.0
2022-09-12 08:38,12662.5,12673.5,12661.75,12672.25,509.0
2022-09-12 08:39,12672.75,12676.75,12672.5,12676.0,255.0
2022-09-12 08:40,12676.0,12676.75,12673.5,12673.75,130.0
2022-09-12 08:41,12673.5,12678.25,12673.0,12677.75,219.0
2022-09-12 08:42,12678.0,12687.25,12677.5,12681.5,571.0
2022-09-12 08:43,12681.25,12685.5,12680.75,12685.5,164.0
2022-09-12 08:44,12685.25,12686.0,12681.75,12684.25,113.0
2022-09-12 08:45,12684.25,12685.75,12682.0,12683.25,132.0
2022-09-12 08:46,12683.75,12684.5,12680.0,12680.5,154.0
2022-09-12 08:47,12680.0,12684.0,12678.75,12683.75,142.0
2022-09-12 08:48,12683.25,12684.5,12678.75,12680.25,96.0
2022-09-12 08:49,12680.25,12682.25,12679.5,12680.5,65.0
2022-09-12 08:50,12680.75,12682.5,12679.25,12682.5,83.0
2022-09-12 08:51,12682.75,12683.75,12680.75,12682.25,55.0
2022-09-12 08:52,12682.0,12683.25,12679.0,12679.5,103.0
2022-09-12 08:53,12679.75,12683.75,12678.75,12681.75,82.0
2022-09-12 08:54,12682.0,12685.0,12682.0,12684.5,144.0
2022-09-12 08:55,12684.0,12686.25,12683.75,12685.25,94.0
2022-09-12 08:56,12685.25,12685.75,12683.5,12684.0,52.0
2022-09-12 08:57,12683.75,12687.0,12683.75,12686.25,128.0
2022-09-12 08:58,12686.0,12686.0,12684.25,12685.0,61.0
2022-09-12 08:59,12685.0,12685.75,12682.5,12684.75,66.0
2022-09-12 09:00,12684.5,12686.5,12682.0,12684.25,89.0
2022-09-12 09:01,12684.75,12687.0,12684.5,12685.0,122.0
2022-09-12 09:02,12684.75,12685.75,12682.5,12684.0,67.0
2022-09-12 09:03,12684.0,12684.0,12682.0,12683.25,59.0
2022-09-12 09:04,12683.25,12690.0,12682.5,12686.75,311.0
2022-09-12 09:05,12686.75,12689.0,12685.75,12685.75,87.0
2022-09-12 09:06,12685.5,12689.0,12682.25,12683.25,213.0
2022-09-12 09:07,12684.0,12686.5,12684.0,12685.75,32.0
2022-09-12 09:08,12685.0,12694.5,12685.0,12692.0,272.0
2022-09-12 09:09,12691.75,12692.25,12689.75,12690.25,54.0
2022-09-12 09:10,12689.25,12690.25,12688.25,12689.5,67.0
2022-09-12 09:11,12688.75,12691.5,12688.75,12690.5,67.0
2022-09-12 09:12,12691.0,12691.0,12684.0,12687.0,175.0
2022-09-12 09:13,12686.25,12687.75,12684.25,12685.0,53.0
2022-09-12 09:14,12684.5,12688.75,12683.5,12687.5,147.0
2022-09-12 09:15,12688.25,12689.25,12686.25,12689.0,40.0
2022-09-12 09:16,12688.75,12688.75,12684.5,12686.75,57.0
2022-09-12 09:17,12687.25,12688.25,12684.75,12686.5,84.0
2022-09-12 09:18,12687.0,12690.0,12685.5,12688.5,53.0
2022-09-12 09:19,12688.5,12694.0,12688.5,12689.25,180.0
2022-09-12 09:20,12689.25,12694.0,12688.25,12693.0,176.0
2022-09-12 09:21,12693.25,12697.0,12693.0,12696.0,135.0
2022-09-12 09:22,12696.25,12697.0,12692.0,12692.75,168.0
2022-09-12 09:23,12693.0,12693.0,12690.25,12690.75,117.0
2022-09-12 09:24,12690.75,12691.0,12685.25,12686.0,126.0
2022-09-12 09:25,12686.5,12687.75,12685.0,12686.75,55.0
2022-09-12 09:26,12687.0,12688.0,12686.0,12687.25,63.0
2022-09-12 09:27,12687.5,12687.5,12685.5,12687.25,42.0
2022-09-12 09:28,12686.75,12689.75,12683.0,12683.25,121.0
2022-09-12 09:29,12683.0,12683.25,12680.0,12680.25,182.0
2022-09-12 09:30,12680.5,12680.5,12673.0,12675.25,273.0
2022-09-12 09:31,12675.0,12676.5,12673.0,12674.5,136.0
2022-09-12 09:32,12674.5,12675.5,12670.0,12670.75,135.0
2022-09-12 09:33,12670.75,12674.5,12670.25,12674.5,82.0
2022-09-12 09:34,12674.0,12675.75,12672.75,12675.25,79.0
2022-09-12 09:35,12674.5,12676.75,12674.0,12674.5,56.0
2022-09-12 09:36,12675.0,12676.25,12674.5,12675.25,38.0
2022-09-12 09:37,12676.0,12676.75,12674.75,12675.75,42.0
2022-09-12 09:38,12675.0,12676.25,12674.0,12675.25,31.0
2022-09-12 09:39,12675.25,12677.5,12673.25,12677.5,49.0
2022-09-12 09:40,12677.25,12678.0,12676.0,12677.75,33.0
2022-09-12 09:41,12678.0,12679.25,12677.5,12679.25,11.0
2022-09-12 09:42,12678.75,12679.0,12677.0,12677.25,38.0
2022-09-12 09:43,12677.25,12679.5,12676.0,12676.5,35.0
2022-09-12 09:44,12676.25,12677.5,12674.0,12674.25,43.0
2022-09-12 09:45,12674.5,12675.75,12672.25,12673.0,35.0
2022-09-12 09:46,12673.75,12679.0,12673.75,12674.0,105.0
2022-09-12 09:47,12674.75,12677.25,12674.75,12676.0,36.0
2022-09-12 09:48,12676.25,12678.25,12676.25,12677.0,30.0
2022-09-12 09:49,12677.0,12677.5,12674.75,12674.75,54.0
2022-09-12 09:50,12674.75,12676.0,12671.5,12672.0,46.0
2022-09-12 09:51,12672.5,12673.0,12670.0,12670.0,57.0
2022-09-12 09:52,12670.25,12673.0,12668.0,12670.75,111.0
2022-09-12 09:53,12671.5,12673.5,12671.5,12672.75,21.0
2022-09-12 09:54,12672.25,12673.75,12670.75,12672.0,38.0
2022-09-12 09:55,12672.0,12672.5,12667.75,12667.75,60.0
2022-09-12 09:56,12668.5,12670.5,12666.5,12667.0,75.0
2022-09-12 09:57,12666.75,12667.25,12663.75,12664.75,112.0
2022-09-12 09:58,12664.5,12668.25,12664.5,12666.0,118.0
2022-09-12 09:59,12666.75,12669.0,12666.0,12666.25,72.0
2022-09-12 10:00,12665.75,12665.75,12660.5,12661.0,179.0
2022-09-12 10:01,12661.0,12662.25,12655.5,12660.5,444.0
2022-09-12 10:02,12661.0,12662.25,12659.0,12661.75,88.0
2022-09-12 10:03,12662.25,12662.25,12659.25,12661.0,105.0
2022-09-12 10:04,12660.25,12663.0,12658.75,12662.25,64.0
2022-09-12 10:05,12662.5,12662.5,12658.0,12660.25,160.0
2022-09-12 10:06,12660.0,12660.75,12655.5,12655.75,237.0
2022-09-12 10:07,12655.75,12658.75,12652.75,12656.75,104.0
2022-09-12 10:08,12656.25,12656.25,12652.25,12652.25,73.0
2022-09-12 10:09,12652.75,12654.5,12651.5,12652.75,60.0
2022-09-12 10:10,12653.0,12658.25,12653.0,12656.5,91.0
2022-09-12 10:11,12656.75,12657.5,12653.75,12656.0,100.0
2022-09-12 10:12,12655.0,12655.5,12652.0,12652.0,47.0
2022-09-12 10:13,12653.5,12654.25,12652.25,12653.75,25.0
2022-09-12 10:14,12653.0,12654.0,12646.0,12647.0,143.0
2022-09-12 10:15,12647.0,12647.25,12642.75,12645.25,216.0
2022-09-12 10:16,12645.5,12652.25,12644.0,12651.5,113.0
2022-09-12 10:17,12652.0,12653.5,12651.5,12653.5,97.0
2022-09-12 10:18,12652.75,12654.0,12651.25,12653.25,67.0
2022-09-12 10:19,12652.25,12652.25,12648.0,12650.5,101.0
2022-09-12 10:20,12650.25,12653.0,12647.75,12652.25,80.0
2022-09-12 10:21,12652.5,12652.75,12651.75,12652.5,29.0
2022-09-12 10:22,12652.25,12654.0,12649.5,12654.0,47.0
2022-09-12 10:23,12653.25,12653.25,12650.5,12651.75,50.0
2022-09-12 10:24,12652.0,12653.75,12651.75,12652.0,41.0
2022-09-12 10:25,12652.0,12657.0,12651.5,12656.25,75.0
2022-09-12 10:26,12656.5,12657.75,12654.0,12654.25,117.0
2022-09-12 10:27,12653.75,12655.25,12653.0,12653.75,70.0
2022-09-12 10:28,12653.5,12653.5,12650.5,12652.5,44.0
2022-09-12 10:29,12652.75,12656.5,12652.75,12655.5,38.0
2022-09-12 10:30,12655.75,12657.75,12653.0,12653.0,64.0
2022-09-12 10:31,12653.75,12658.5,12653.25,12658.25,41.0
2022-09-12 10:32,12658.25,12662.25,12656.0,12657.5,162.0
2022-09-12 10:33,12657.5,12659.75,12657.0,12657.0,45.0
2022-09-12 10:34,12657.5,12661.0,12657.5,12660.0,47.0
2022-09-12 10:35,12659.25,12660.75,12657.0,12657.5,62.0
2022-09-12 10:36,12658.5,12660.25,12656.75,12658.75,52.0
2022-09-12 10:37,12659.0,12659.75,12656.5,12658.75,74.0
2022-09-12 10:38,12657.75,12658.0,12653.75,12656.25,75.0
2022-09-12 10:39,12655.5,12660.5,12655.5,12659.75,66.0
2022-09-12 10:40,12658.75,12660.0,12657.0,12657.25,44.0
2022-09-12 10:41,12657.75,12658.5,12655.25,12656.0,46.0
2022-09-12 10:42,12656.25,12659.0,12655.0,12659.0,39.0
2022-09-12 10:43,12659.0,12659.25,12658.0,12658.75,24.0
2022-09-12 10:44,12658.75,12659.5,12656.75,12659.5,22.0
2022-09-12 10:45,12658.75,12661.0,12658.25,12660.0,69.0
2022-09-12 10:46,12660.0,12661.0,12657.75,12660.5,35.0
2022-09-12 10:47,12660.75,12660.75,12659.0,12660.0,26.0
2022-09-12 10:48,12658.75,12659.25,12654.5,12654.75,63.0
2022-09-12 10:49,12654.75,12657.0,12652.5,12656.25,72.0
2022-09-12 10:50,12655.75,12656.75,12653.0,12653.25,44.0
2022-09-12 10:51,12654.0,12657.0,12653.5,12657.0,26.0
2022-09-12 10:52,12657.5,12657.75,12655.5,12656.75,18.0
2022-09-12 10:53,12657.5,12657.5,12653.0,12656.5,46.0
2022-09-12 10:54,12656.5,12661.0,12656.5,12659.75,60.0
2022-09-12 10:55,12660.25,12661.0,12657.75,12657.75,81.0
2022-09-12 10:56,12657.5,12657.5,12654.0,12655.0,72.0
2022-09-12 10:57,12655.0,12656.75,12654.5,12654.75,25.0
2022-09-12 10:58,12655.25,12655.5,12651.5,12653.25,99.0
2022-09-12 10:59,12653.75,12654.75,12652.25,12652.25,26.0
2022-09-12 11:00,12651.5,12652.75,12647.25,12647.75,171.0
2022-09-12 11:01,12648.0,12648.5,12642.0,12643.25,141.0
2022-09-12 11:02,12643.25,12648.25,12642.25,12647.75,157.0
2022-09-12 11:03,12648.5,12650.0,12647.25,12649.75,74.0
2022-09-12 11:04,12649.25,12651.75,12644.0,12646.0,108.0
2022-09-12 11:05,12645.5,12649.5,12645.5,12648.0,74.0
2022-09-12 11:06,12649.0,12649.75,12646.5,12649.0,70.0
2022-09-12 11:07,12649.75,12658.5,12649.5,12658.5,221.0
2022-09-12 11:08,12658.0,12660.0,12653.75,12654.75,198.0
2022-09-12 11:09,12655.25,12656.5,12653.25,12654.75,81.0
2022-09-12 11:10,12654.0,12654.5,12650.0,12652.25,87.0
2022-09-12 11:11,12652.25,12653.75,12652.0,12653.75,67.0
2022-09-12 11:12,12653.25,12659.25,12653.25,12658.5,122.0
2022-09-12 11:13,12658.0,12658.75,12653.0,12653.0,76.0
2022-09-12 11:14,12652.75,12653.0,12644.75,12646.5,155.0
2022-09-12 11:15,12646.75,12658.25,12646.75,12657.0,147.0
2022-09-12 11:16,12656.75,12658.5,12655.75,12657.25,76.0
2022-09-12 11:17,12658.5,12660.25,12658.0,12659.5,87.0
2022-09-12 11:18,12660.25,12661.5,12658.25,12659.25,85.0
2022-09-12 11:19,12658.75,12658.75,12655.75,12657.75,68.0
2022-09-12 11:20,12658.0,12658.75,12654.5,12656.5,109.0
2022-09-12 11:21,12656.75,12659.75,12656.5,12658.5,49.0
2022-09-12 11:22,12658.0,12659.5,12657.5,12657.5,22.0
2022-09-12 11:23,12658.5,12660.0,12658.5,12659.25,30.0
2022-09-12 11:24,12659.25,12660.25,12658.25,12659.25,49.0
2022-09-12 11:25,12660.0,12663.75,12660.0,12662.5,90.0
2022-09-12 11:26,12663.0,12663.25,12659.25,12660.0,84.0
2022-09-12 11:27,12660.25,12664.75,12660.25,12663.5,63.0
2022-09-12 11:28,12663.5,12665.0,12663.0,12665.0,47.0
2022-09-12 11:29,12665.0,12666.75,12663.25,12663.75,127.0
2022-09-12 11:30,12663.25,12663.25,12659.0,12659.25,95.0
2022-09-12 11:31,12658.75,12660.5,12654.25,12654.25,96.0
2022-09-12 11:32,12654.0,12656.25,12652.75,12654.75,104.0
2022-09-12 11:33,12655.5,12657.75,12654.75,12657.0,57.0
2022-09-12 11:34,12656.75,12658.75,12653.75,12658.75,60.0
2022-09-12 11:35,12659.75,12662.5,12658.75,12661.75,89.0
2022-09-12 11:36,12661.25,12662.75,12661.0,12662.0,70.0
2022-09-12 11:37,12661.5,12664.0,12659.75,12663.0,107.0
2022-09-12 11:38,12662.75,12666.75,12661.25,12661.25,76.0
2022-09-12 11:39,12661.0,12661.0,12657.75,12660.25,99.0
2022-09-12 11:40,12660.75,12661.0,12658.5,12659.25,89.0
2022-09-12 11:41,12660.25,12663.25,12659.5,12662.5,51.0
2022-09-12 11:42,12662.0,12665.5,12661.0,12665.5,81.0
2022-09-12 11:43,12664.75,12670.25,12664.75,12669.0,108.0
2022-09-12 11:44,12668.25,12672.25,12667.0,12669.5,132.0
2022-09-12 11:45,12669.5,12671.0,12665.75,12670.0,215.0
2022-09-12 11:46,12669.25,12670.0,12667.25,12667.25,53.0
2022-09-12 11:47,12667.75,12669.0,12665.75,12667.0,85.0
2022-09-12 11:48,12667.5,12671.5,12667.25,12670.5,65.0
2022-09-12 11:49,12670.75,12671.75,12670.0,12670.25,81.0
2022-09-12 11:50,12670.0,12671.5,12668.5,12671.25,68.0
2022-09-12 11:51,12670.25,12670.75,12667.75,12670.0,69.0
2022-09-12 11:52,12669.75,12675.25,12669.5,12673.75,215.0
2022-09-12 11:53,12673.5,12675.0,12672.75,12674.25,91.0
2022-09-12 11:54,12674.25,12676.5,12674.0,12675.5,84.0
2022-09-12 11:55,12676.25,12679.5,12674.75,12678.75,211.0
2022-09-12 11:56,12678.75,12679.25,12675.0,12676.0,92.0
2022-09-12 11:57,12676.0,12679.0,12676.0,12679.0,50.0
2022-09-12 11:58,12678.0,12683.0,12677.0,12679.25,206.0
2022-09-12 11:59,12678.75,12678.75,12674.0,12676.25,89.0
2022-09-12 12:00,12676.0,12678.75,12673.0,12676.75,233.0
2022-09-12 12:01,12676.5,12676.75,12671.75,12671.75,97.0
2022-09-12 12:02,12671.75,12673.0,12671.0,12671.0,70.0
2022-09-12 12:03,12671.75,12672.5,12670.5,12670.75,94.0
2022-09-12 12:04,12671.0,12671.25,12665.75,12666.5,185.0
2022-09-12 12:05,12667.0,12670.25,12667.0,12668.0,65.0
2022-09-12 12:06,12669.25,12670.0,12666.0,12667.25,74.0
2022-09-12 12:07,12666.5,12668.75,12665.25,12666.0,99.0
2022-09-12 12:08,12666.75,12667.25,12657.5,12661.25,324.0
2022-09-12 12:09,12661.5,12663.25,12656.5,12657.0,194.0
2022-09-12 12:10,12657.0,12660.25,12656.25,12658.5,128.0
2022-09-12 12:11,12658.25,12659.25,12656.0,12656.0,94.0
2022-09-12 12:12,12656.75,12663.0,12656.75,12662.5,131.0
2022-09-12 12:13,12662.0,12663.5,12658.5,12663.5,138.0
2022-09-12 12:14,12663.0,12663.5,12660.5,12661.25,41.0
2022-09-12 12:15,12662.25,12662.25,12650.5,12650.75,277.0
2022-09-12 12:16,12650.0,12651.75,12647.25,12648.75,173.0
2022-09-12 12:17,12650.0,12651.0,12645.0,12648.25,162.0
2022-09-12 12:18,12648.0,12649.25,12646.0,12646.75,85.0
2022-09-12 12:19,12646.5,12647.5,12646.0,12646.0,54.0
2022-09-12 12:20,12645.5,12651.5,12642.75,12645.5,221.0
2022-09-12 12:21,12645.5,12645.5,12637.0,12637.5,330.0
2022-09-12 12:22,12636.5,12637.0,12631.75,12633.5,251.0
2022-09-12 12:23,12633.0,12635.0,12631.0,12633.25,188.0
2022-09-12 12:24,12633.0,12634.75,12628.25,12629.25,193.0
2022-09-12 12:25,12629.25,12631.5,12625.5,12629.0,479.0
2022-09-12 12:26,12628.75,12630.75,12625.25,12626.0,200.0
2022-09-12 12:27,12625.75,12630.25,12623.25,12629.5,170.0
2022-09-12 12:28,12629.75,12629.75,12622.25,12624.25,184.0
2022-09-12 12:29,12624.75,12627.0,12610.25,12614.5,569.0
2022-09-12 12:30,12613.5,12624.0,12612.25,12620.0,486.0
2022-09-12 12:31,12619.75,12626.25,12619.75,12622.75,222.0
2022-09-12 12:32,12623.25,12625.75,12621.5,12622.5,165.0
2022-09-12 12:33,12623.0,12623.75,12620.0,12622.0,150.0
2022-09-12 12:34,12621.5,12626.0,12621.5,12626.0,109.0
2022-09-12 12:35,12626.0,12628.5,12623.75,12627.0,121.0
2022-09-12 12:36,12628.25,12629.75,12627.5,12629.5,154.0
2022-09-12 12:37,12629.75,12633.0,12629.0,12632.0,136.0
2022-09-12 12:38,12632.5,12632.5,12626.0,12626.75,201.0
2022-09-12 12:39,12627.75,12632.25,12627.75,12630.5,187.0
2022-09-12 12:40,12630.0,12631.25,12627.5,12627.5,100.0
2022-09-12 12:41,12627.5,12630.75,12626.75,12627.75,138.0
2022-09-12 12:42,12629.25,12632.25,12627.0,12631.25,107.0
2022-09-12 12:43,12631.25,12632.25,12628.25,12629.5,85.0
2022-09-12 12:44,12630.0,12630.75,12628.75,12630.75,44.0
2022-09-12 12:45,12630.25,12631.5,12629.0,12629.75,119.0
2022-09-12 12:46,12630.25,12633.75,12627.75,12628.5,171.0
2022-09-12 12:47,12628.0,12632.75,12626.0,12631.5,174.0
2022-09-12 12:48,12631.25,12641.0,12631.0,12640.5,380.0
2022-09-12 12:49,12640.75,12642.0,12637.5,12640.0,211.0
2022-09-12 12:50,12640.75,12642.25,12639.0,12640.5,144.0
2022-09-12 12:51,12640.5,12641.25,12638.25,12638.25,78.0
2022-09-12 12:52,12639.0,12641.75,12638.25,12640.75,140.0
2022-09-12 12:53,12641.5,12642.25,12640.0,12640.5,91.0
2022-09-12 12:54,12640.25,12640.75,12637.75,12638.5,109.0
2022-09-12 12:55,12637.75,12642.25,12637.25,12642.25,127.0
2022-09-12 12:56,12642.25,12645.75,12641.5,12644.25,198.0
2022-09-12 12:57,12644.25,12646.75,12641.25,12641.75,176.0
2022-09-12 12:58,12642.25,12643.5,12639.5,12643.25,141.0
2022-09-12 12:59,12643.25,12645.75,12641.5,12643.25,113.0
2022-09-12 13:00,12643.25,12643.5,12634.75,12636.5,222.0
2022-09-12 13:01,12635.75,12636.75,12632.25,12634.0,226.0
2022-09-12 13:02,12633.0,12633.5,12629.25,12631.25,179.0
2022-09-12 13:03,12631.0,12636.5,12630.0,12634.5,169.0
2022-09-12 13:04,12634.5,12640.5,12634.5,12638.25,135.0
2022-09-12 13:05,12638.0,12642.5,12636.75,12640.5,164.0
2022-09-12 13:06,12640.5,12644.25,12640.5,12641.25,125.0
2022-09-12 13:07,12642.0,12643.0,12640.0,12641.25,48.0
2022-09-12 13:08,12641.0,12644.75,12641.0,12641.0,82.0
2022-09-12 13:09,12641.75,12645.5,12641.75,12643.5,76.0
2022-09-12 13:10,12643.25,12648.0,12641.5,12645.0,232.0
2022-09-12 13:11,12644.25,12647.0,12640.75,12643.5,215.0
2022-09-12 13:12,12643.5,12644.75,12638.75,12639.25,148.0
2022-09-12 13:13,12639.5,12644.25,12639.25,12643.75,100.0
2022-09-12 13:14,12644.0,12651.5,12642.25,12650.5,280.0
2022-09-12 13:15,12651.0,12651.5,12646.5,12649.25,229.0
2022-09-12 13:16,12648.75,12652.0,12645.5,12646.25,222.0
2022-09-12 13:17,12646.75,12649.25,12645.75,12649.25,67.0
2022-09-12 13:18,12649.5,12649.75,12647.0,12647.0,48.0
2022-09-12 13:19,12646.25,12649.0,12643.5,12648.75,175.0
2022-09-12 13:20,12648.75,12651.5,12645.25,12647.0,294.0
2022-09-12 13:21,12648.0,12651.0,12646.5,12650.25,122.0
2022-09-12 13:22,12650.0,12650.25,12646.0,12646.0,91.0
2022-09-12 13:23,12646.0,12649.75,12646.0,12649.0,63.0
2022-09-12 13:24,12649.25,12650.75,12647.5,12648.5,98.0
2022-09-12 13:25,12649.25,12650.25,12646.5,12647.75,152.0
2022-09-12 13:26,12647.0,12650.0,12646.75,12649.25,117.0
2022-09-12 13:27,12649.25,12652.25,12644.75,12648.0,225.0
2022-09-12 13:28,12648.0,12650.25,12645.75,12647.25,191.0
2022-09-12 13:29,12647.75,12651.25,12647.75,12650.0,208.0
2022-09-12 13:30,12650.25,12662.0,12641.5,12660.75,1969.0
2022-09-12 13:31,12661.25,12663.75,12650.0,12660.75,1335.0
2022-09-12 13:32,12662.25,12679.75,12662.25,12673.0,1343.0
2022-09-12 13:33,12673.0,12682.5,12671.5,12677.25,837.0
2022-09-12 13:34,12677.5,12685.75,12674.5,12677.25,805.0
2022-09-12 13:35,12677.5,12677.5,12655.75,12656.0,2017.0
2022-09-12 13:36,12656.0,12668.5,12655.0,12663.5,1135.0
2022-09-12 13:37,12662.5,12665.25,12647.5,12650.5,1420.0
2022-09-12 13:38,12650.0,12664.25,12646.25,12659.5,1343.0
2022-09-12 13:39,12659.25,12669.75,12659.25,12668.0,819.0
2022-09-12 13:40,12668.25,12690.25,12667.0,12689.25,1969.0
2022-09-12 13:41,12689.5,12699.5,12688.5,12689.5,1395.0
2022-09-12 13:42,12689.5,12693.5,12684.75,12692.25,710.0
2022-09-12 13:43,12691.75,12695.75,12686.75,12689.75,701.0
2022-09-12 13:44,12690.25,12691.5,12679.75,12683.25,796.0
2022-09-12 13:45,12684.75,12693.5,12680.25,12684.75,604.0
2022-09-12 13:46,12685.5,12685.5,12678.25,12683.25,564.0
2022-09-12 13:47,12683.25,12696.0,12682.75,12694.75,685.0
2022-09-12 13:48,12694.5,12702.75,12682.5,12684.25,1356.0
2022-09-12 13:49,12684.0,12692.75,12681.25,12690.5,551.0
2022-09-12 13:50,12691.0,12695.75,12687.5,12692.75,446.0
2022-09-12 13:51,12692.0,12696.25,12687.0,12692.25,435.0
2022-09-12 13:52,12693.0,12707.25,12691.25,12704.75,910.0
2022-09-12 13:53,12705.0,12706.5,12699.75,12702.25,568.0
2022-09-12 13:54,12702.25,12710.0,12699.75,12709.5,685.0
2022-09-12 13:55,12710.0,12727.0,12709.25,12726.5,1582.0
2022-09-12 13:56,12726.5,12735.5,12722.0,12734.5,1316.0
2022-09-12 13:57,12734.5,12738.5,12731.0,12733.25,1143.0
2022-09-12 13:58,12732.75,12736.5,12730.25,12735.25,701.0
2022-09-12 13:59,12736.25,12737.75,12729.5,12736.5,860.0
2022-09-12 14:00,12736.5,12742.5,12731.5,12742.5,1430.0
2022-09-12 14:01,12742.0,12744.0,12726.75,12733.5,1367.0
2022-09-12 14:02,12733.25,12735.75,12723.5,12725.5,694.0
2022-09-12 14:03,12726.0,12732.5,12723.25,12729.5,672.0
2022-09-12 14:04,12729.75,12733.5,12724.25,12729.75,708.0
2022-09-12 14:05,12730.0,12731.75,12721.5,12730.25,859.0
2022-09-12 14:06,12730.25,12742.75,12728.75,12742.0,1332.0
2022-09-12 14:07,12742.0,12742.5,12731.25,12736.75,998.0
2022-09-12 14:08,12737.0,12746.25,12734.75,12743.75,1013.0
2022-09-12 14:09,12743.75,12745.75,12735.0,12742.5,1083.0
2022-09-12 14:10,12743.0,12744.25,12733.0,12737.5,835.0
2022-09-12 14:11,12737.5,12739.25,12732.0,12734.25,513.0
2022-09-12 14:12,12734.5,12735.5,12725.5,12727.75,878.0
2022-09-12 14:13,12727.5,12731.75,12724.5,12728.25,854.0
2022-09-12 14:14,12728.75,12728.75,12723.25,12727.75,737.0
2022-09-12 14:15,12728.25,12735.25,12727.0,12731.5,855.0
2022-09-12 14:16,12731.75,12739.25,12729.25,12735.5,638.0
2022-09-12 14:17,12736.25,12745.75,12735.5,12745.5,779.0
2022-09-12 14:18,12745.25,12753.0,12743.25,12751.0,1170.0
2022-09-12 14:19,12751.0,12756.25,12747.5,12748.5,1360.0
2022-09-12 14:20,12749.0,12755.0,12743.5,12751.0,1077.0
2022-09-12 14:21,12750.5,12755.25,12738.5,12739.5,969.0
2022-09-12 14:22,12739.5,12745.25,12736.25,12743.25,675.0
2022-09-12 14:23,12743.75,12745.75,12738.5,12742.0,673.0
2022-09-12 14:24,12742.25,12750.25,12739.5,12747.75,557.0
2022-09-12 14:25,12748.25,12755.75,12748.25,12754.0,650.0
2022-09-12 14:26,12754.25,12754.25,12741.25,12743.5,742.0
2022-09-12 14:27,12744.0,12745.25,12735.75,12736.5,579.0
2022-09-12 14:28,12737.0,12742.75,12735.0,12741.5,532.0
2022-09-12 14:29,12741.25,12745.25,12736.25,12740.5,647.0
2022-09-12 14:30,12740.75,12745.75,12732.0,12733.75,772.0
2022-09-12 14:31,12735.5,12744.75,12733.5,12743.25,526.0
2022-09-12 14:32,12743.25,12747.75,12741.0,12747.25,400.0
2022-09-12 14:33,12747.5,12748.0,12730.75,12732.25,791.0
2022-09-12 14:34,12732.75,12741.0,12730.5,12735.75,774.0
2022-09-12 14:35,12735.5,12740.25,12731.0,12734.25,753.0
2022-09-12 14:36,12734.5,12735.0,12726.5,12733.75,832.0
2022-09-12 14:37,12734.25,12747.25,12733.75,12743.0,675.0
2022-09-12 14:38,12743.0,12743.75,12725.75,12727.0,763.0
2022-09-12 14:39,12727.0,12734.5,12727.0,12732.5,390.0
2022-09-12 14:40,12732.5,12733.25,12722.25,12722.5,735.0
2022-09-12 14:41,12722.5,12725.75,12712.25,12715.0,1479.0
2022-09-12 14:42,12715.75,12716.25,12709.5,12710.25,895.0
2022-09-12 14:43,12709.75,12720.5,12708.25,12714.25,769.0
2022-09-12 14:44,12714.25,12720.25,12713.0,12719.25,593.0
2022-09-12 14:45,12719.25,12728.25,12718.0,12724.0,870.0
2022-09-12 14:46,12724.0,12727.0,12718.75,12721.25,514.0
2022-09-12 14:47,12721.25,12727.0,12715.0,12724.5,680.0
2022-09-12 14:48,12725.0,12728.0,12721.75,12725.0,601.0
2022-09-12 14:49,12725.0,12731.5,12724.5,12730.75,469.0
2022-09-12 14:50,12731.25,12732.25,12723.25,12727.75,717.0
2022-09-12 14:51,12728.0,12728.0,12721.75,12723.0,344.0
2022-09-12 14:52,12722.5,12734.75,12721.25,12726.0,662.0
2022-09-12 14:53,12726.0,12726.0,12711.25,12716.25,1031.0
2022-09-12 14:54,12715.5,12716.25,12710.5,12714.25,605.0
2022-09-12 14:55,12714.75,12722.75,12708.25,12722.0,915.0
2022-09-12 14:56,12721.5,12723.5,12714.5,12720.0,452.0
2022-09-12 14:57,12720.5,12720.5,12710.75,12713.0,598.0
2022-09-12 14:58,12713.0,12714.25,12701.75,12702.75,1059.0
2022-09-12 14:59,12702.75,12705.5,12694.0,12703.0,1669.0
2022-09-12 15:00,12703.5,12707.5,12693.25,12705.25,972.0
2022-09-12 15:01,12705.25,12706.75,12690.25,12690.5,714.0
2022-09-12 15:02,12690.5,12690.5,12680.75,12680.75,1229.0
2022-09-12 15:03,12680.75,12685.0,12674.5,12677.5,957.0
2022-09-12 15:04,12677.5,12685.75,12676.5,12684.0,697.0
2022-09-12 15:05,12684.25,12691.0,12681.5,12684.0,969.0
2022-09-12 15:06,12684.75,12688.25,12680.0,12682.0,955.0
2022-09-12 15:07,12681.5,12686.75,12676.25,12684.5,674.0
2022-09-12 15:08,12683.5,12689.25,12681.0,12686.75,544.0
2022-09-12 15:09,12686.5,12688.5,12682.25,12683.25,323.0
2022-09-12 15:10,12682.0,12693.75,12681.75,12689.0,605.0
2022-09-12 15:11,12690.0,12691.0,12676.75,12685.5,643.0
2022-09-12 15:12,12685.75,12690.0,12679.75,12681.5,691.0
2022-09-12 15:13,12682.0,12686.0,12678.0,12685.25,561.0
2022-09-12 15:14,12685.0,12696.75,12682.25,12696.5,782.0
2022-09-12 15:15,12696.75,12697.25,12689.0,12689.0,646.0
2022-09-12 15:16,12688.75,12694.5,12685.0,12691.0,661.0
2022-09-12 15:17,12692.0,12695.0,12684.25,12687.5,686.0
2022-09-12 15:18,12686.25,12701.0,12686.25,12700.0,803.0
2022-09-12 15:19,12700.0,12705.75,12696.75,12701.75,971.0
2022-09-12 15:20,12701.75,12705.0,12698.0,12702.25,956.0
2022-09-12 15:21,12703.25,12711.5,12703.0,12708.75,681.0
2022-09-12 15:22,12709.0,12710.75,12702.5,12709.25,437.0
2022-09-12 15:23,12709.25,12712.0,12705.25,12711.5,277.0
2022-09-12 15:24,12712.25,12720.5,12711.5,12720.25,816.0
2022-09-12 15:25,12719.75,12723.25,12717.75,12722.5,589.0
2022-09-12 15:26,12721.75,12727.0,12720.0,12721.75,586.0
2022-09-12 15:27,12722.0,12725.0,12719.75,12724.0,310.0
2022-09-12 15:28,12724.25,12727.25,12722.25,12726.25,341.0
2022-09-12 15:29,12726.75,12733.5,12726.5,12733.0,690.0
2022-09-12 15:30,12733.5,12736.5,12729.5,12733.75,788.0
2022-09-12 15:31,12735.0,12735.0,12720.25,12726.0,724.0
2022-09-12 15:32,12726.0,12737.25,12724.25,12735.0,583.0
2022-09-12 15:33,12734.25,12738.25,12730.5,12737.75,424.0
2022-09-12 15:34,12738.0,12739.0,12730.75,12734.0,533.0
2022-09-12 15:35,12733.75,12734.25,12722.0,12726.25,604.0
2022-09-12 15:36,12726.25,12727.25,12719.0,12722.25,490.0
2022-09-12 15:37,12721.75,12726.0,12716.5,12717.75,518.0
2022-09-12 15:38,12717.75,12717.75,12701.0,12707.5,1298.0
2022-09-12 15:39,12707.75,12716.0,12706.5,12714.0,811.0
2022-09-12 15:40,12715.0,12725.5,12714.25,12719.5,708.0
2022-09-12 15:41,12719.5,12722.0,12714.5,12720.5,444.0
2022-09-12 15:42,12721.0,12721.0,12710.75,12713.25,468.0
2022-09-12 15:43,12713.5,12717.5,12710.0,12713.5,283.0
2022-09-12 15:44,12714.0,12718.25,12707.75,12713.5,486.0
2022-09-12 15:45,12714.0,12718.75,12711.5,12715.75,305.0
2022-09-12 15:46,12715.75,12721.5,12706.25,12706.25,594.0
2022-09-12 15:47,12706.75,12713.5,12705.0,12706.25,409.0
2022-09-12 15:48,12706.5,12708.25,12698.0,12703.5,696.0
2022-09-12 15:49,12703.0,12706.25,12697.0,12706.0,414.0
2022-09-12 15:50,12706.25,12707.25,12700.0,12701.25,495.0
2022-09-12 15:51,12701.0,12703.25,12693.25,12699.25,589.0
2022-09-12 15:52,12699.25,12704.25,12696.25,12701.5,427.0
2022-09-12 15:53,12700.5,12700.5,12692.75,12694.0,406.0
2022-09-12 15:54,12693.5,12693.75,12679.25,12684.75,1094.0
2022-09-12 15:55,12684.25,12685.0,12675.5,12677.75,903.0
2022-09-12 15:56,12677.5,12677.75,12643.0,12652.75,2256.0
2022-09-12 15:57,12653.5,12668.0,12649.75,12666.25,1131.0
2022-09-12 15:58,12666.0,12672.25,12662.5,12669.0,649.0
2022-09-12 15:59,12668.25,12671.5,12660.25,12661.75,583.0
2022-09-12 16:00,12662.5,12668.25,12659.5,12663.5,648.0
2022-09-12 16:01,12663.75,12667.75,12658.0,12662.75,586.0
2022-09-12 16:02,12662.75,12667.25,12657.75,12658.0,504.0
2022-09-12 16:03,12658.5,12660.5,12653.0,12658.0,821.0
2022-09-12 16:04,12658.0,12658.0,12651.0,12656.25,628.0
2022-09-12 16:05,12655.5,12663.0,12655.25,12660.5,487.0
2022-09-12 16:06,12661.0,12662.25,12653.0,12660.25,608.0
2022-09-12 16:07,12660.0,12673.75,12659.75,12671.75,802.0
2022-09-12 16:08,12671.75,12675.5,12663.0,12665.75,709.0
2022-09-12 16:09,12665.75,12665.75,12646.75,12649.5,1229.0
2022-09-12 16:10,12649.25,12650.25,12637.75,12645.25,1229.0
2022-09-12 16:11,12645.5,12667.75,12644.0,12662.5,1337.0
2022-09-12 16:12,12662.5,12669.0,12660.75,12663.0,994.0
2022-09-12 16:13,12663.0,12667.25,12661.25,12665.5,468.0
2022-09-12 16:14,12665.75,12672.0,12664.75,12668.75,546.0
2022-09-12 16:15,12668.25,12673.75,12651.75,12656.25,1106.0
2022-09-12 16:16,12656.5,12674.75,12655.0,12673.25,658.0
2022-09-12 16:17,12673.25,12674.25,12668.25,12672.75,487.0
2022-09-12 16:18,12673.0,12677.25,12666.75,12668.0,543.0
2022-09-12 16:19,12668.0,12669.0,12662.75,12664.25,370.0
2022-09-12 16:20,12664.75,12672.25,12657.5,12670.25,983.0
2022-09-12 16:21,12670.75,12683.5,12661.5,12672.75,991.0
2022-09-12 16:22,12671.75,12682.0,12671.75,12679.75,812.0
2022-09-12 16:23,12679.0,12687.5,12677.5,12683.75,836.0
2022-09-12 16:24,12684.25,12688.5,12682.75,12684.0,661.0
2022-09-12 16:25,12683.25,12683.75,12672.0,12675.0,812.0
2022-09-12 16:26,12674.5,12678.5,12673.0,12677.25,356.0
2022-09-12 16:27,12677.0,12685.5,12677.0,12681.5,444.0
2022-09-12 16:28,12682.0,12687.0,12678.75,12684.25,410.0
2022-09-12 16:29,12685.0,12689.0,12682.0,12687.75,473.0
2022-09-12 16:30,12688.0,12688.25,12682.0,12684.25,433.0
2022-09-12 16:31,12684.75,12697.0,12684.0,12690.5,830.0
2022-09-12 16:32,12690.0,12697.0,12689.75,12695.5,444.0
2022-09-12 16:33,12695.5,12700.0,12694.25,12694.75,654.0
2022-09-12 16:34,12694.5,12694.5,12688.25,12692.0,370.0
2022-09-12 16:35,12691.75,12692.0,12673.0,12679.0,839.0
2022-09-12 16:36,12678.0,12689.5,12676.75,12686.25,530.0
2022-09-12 16:37,12687.25,12702.5,12683.0,12694.25,725.0
2022-09-12 16:38,12694.25,12698.75,12692.0,12694.0,441.0
2022-09-12 16:39,12694.25,12698.0,12693.0,12697.5,342.0
2022-09-12 16:40,12696.75,12698.75,12694.25,12697.25,310.0
2022-09-12 16:41,12698.0,12703.0,12697.5,12702.25,634.0
2022-09-12 16:42,12702.5,12702.5,12697.0,12702.25,387.0
2022-09-12 16:43,12702.25,12706.5,12700.5,12702.25,594.0
2022-09-12 16:44,12702.25,12706.5,12701.25,12705.75,355.0
2022-09-12 16:45,12706.0,12707.0,12696.25,12699.75,571.0
2022-09-12 16:46,12701.0,12703.25,12696.0,12700.0,375.0
2022-09-12 16:47,12699.5,12709.25,12696.75,12701.5,679.0
2022-09-12 16:48,12701.25,12703.5,12686.75,12700.0,970.0
2022-09-12 16:49,12699.25,12703.5,12697.5,12697.75,466.0
2022-09-12 16:50,12698.25,12704.5,12697.75,12702.25,271.0
2022-09-12 16:51,12702.75,12708.5,12700.25,12705.5,303.0
2022-09-12 16:52,12706.25,12710.25,12704.0,12709.0,676.0
2022-09-12 16:53,12709.0,12712.0,12708.0,12709.5,302.0
2022-09-12 16:54,12708.75,12712.0,12708.75,12710.0,162.0
2022-09-12 16:55,12710.5,12714.0,12708.5,12712.75,387.0
2022-09-12 16:56,12712.75,12717.0,12712.5,12714.25,327.0
2022-09-12 16:57,12713.75,12714.25,12707.25,12712.25,333.0
2022-09-12 16:58,12711.25,12714.75,12710.0,12711.25,243.0
2022-09-12 16:59,12711.5,12715.0,12710.75,12714.0,221.0
2022-09-12 17:00,12714.0,12717.75,12710.0,12711.0,468.0
2022-09-12 17:01,12711.0,12711.0,12683.5,12691.25,954.0
2022-09-12 17:02,12691.25,12699.5,12686.5,12697.25,799.0
2022-09-12 17:03,12697.0,12706.75,12691.75,12700.25,588.0
2022-09-12 17:04,12700.0,12705.75,12700.0,12701.75,318.0
2022-09-12 17:05,12702.25,12707.0,12698.5,12705.0,403.0
2022-09-12 17:06,12704.75,12713.25,12704.75,12712.75,359.0
2022-09-12 17:07,12712.5,12721.0,12711.75,12717.75,702.0
2022-09-12 17:08,12717.75,12724.5,12717.0,12723.0,596.0
2022-09-12 17:09,12722.75,12724.75,12720.5,12723.5,355.0
2022-09-12 17:10,12723.75,12724.5,12719.5,12720.5,319.0
2022-09-12 17:11,12720.5,12724.5,12719.0,12723.0,394.0
2022-09-12 17:12,12723.5,12730.25,12722.25,12727.25,1026.0
2022-09-12 17:13,12727.5,12728.25,12723.5,12724.25,317.0
2022-09-12 17:14,12724.5,12727.5,12722.5,12724.75,242.0
2022-09-12 17:15,12725.5,12728.5,12722.75,12725.5,240.0
2022-09-12 17:16,12725.75,12727.25,12723.75,12723.75,242.0
2022-09-12 17:17,12723.25,12724.75,12720.25,12722.5,480.0
2022-09-12 17:18,12722.25,12729.0,12721.25,12727.5,316.0
2022-09-12 17:19,12727.25,12728.25,12719.5,12721.75,278.0
2022-09-12 17:20,12722.0,12725.5,12718.5,12719.0,313.0
2022-09-12 17:21,12719.0,12721.25,12710.75,12715.25,523.0
2022-09-12 17:22,12715.5,12724.0,12715.5,12722.75,405.0
2022-09-12 17:23,12722.5,12726.75,12719.25,12720.25,299.0
2022-09-12 17:24,12720.0,12723.75,12714.0,12716.5,263.0
2022-09-12 17:25,12716.5,12720.0,12714.5,12715.25,277.0
2022-09-12 17:26,12715.0,12717.75,12710.75,12715.25,353.0
2022-09-12 17:27,12715.5,12728.25,12715.5,12726.75,577.0
2022-09-12 17:28,12726.75,12732.0,12724.25,12730.75,592.0
2022-09-12 17:29,12730.75,12734.5,12728.25,12732.5,312.0
2022-09-12 17:30,12732.5,12736.25,12730.5,12733.25,454.0
2022-09-12 17:31,12733.25,12734.75,12726.75,12727.75,341.0
2022-09-12 17:32,12727.75,12730.75,12723.25,12725.25,462.0
2022-09-12 17:33,12725.0,12729.5,12725.0,12729.0,251.0
2022-09-12 17:34,12729.75,12736.75,12729.75,12736.5,386.0
2022-09-12 17:35,12736.0,12736.5,12729.5,12729.75,307.0
2022-09-12 17:36,12730.25,12730.75,12723.25,12724.75,343.0
2022-09-12 17:37,12724.25,12728.75,12721.75,12727.5,346.0
2022-09-12 17:38,12727.25,12729.0,12723.25,12728.0,254.0
2022-09-12 17:39,12728.5,12729.25,12721.25,12723.0,311.0
2022-09-12 17:40,12722.5,12727.0,12720.75,12723.75,275.0
2022-09-12 17:41,12723.25,12724.5,12719.25,12721.75,192.0
2022-09-12 17:42,12722.5,12723.75,12717.25,12722.5,265.0
2022-09-12 17:43,12723.25,12723.25,12717.0,12717.5,182.0
2022-09-12 17:44,12717.75,12719.0,12711.25,12713.75,413.0
2022-09-12 17:45,12714.0,12715.5,12711.0,12713.0,225.0
2022-09-12 17:46,12713.0,12718.5,12710.75,12717.5,297.0
2022-09-12 17:47,12718.0,12724.75,12717.75,12723.25,346.0
2022-09-12 17:48,12723.25,12724.25,12718.75,12720.25,160.0
2022-09-12 17:49,12720.25,12725.75,12719.5,12723.5,249.0
2022-09-12 17:50,12723.75,12731.0,12721.75,12730.5,316.0
2022-09-12 17:51,12730.75,12734.5,12726.75,12733.75,307.0
2022-09-12 17:52,12734.0,12735.0,12730.75,12732.5,228.0
2022-09-12 17:53,12733.0,12740.25,12733.0,12738.75,388.0
2022-09-12 17:54,12738.75,12744.5,12738.25,12741.5,390.0
2022-09-12 17:55,12741.0,12741.75,12737.75,12739.25,207.0
2022-09-12 17:56,12738.25,12740.25,12735.5,12739.25,263.0
2022-09-12 17:57,12738.75,12740.25,12736.25,12736.5,322.0
2022-09-12 17:58,12736.0,12739.5,12735.25,12737.5,233.0
2022-09-12 17:59,12737.5,12740.75,12736.0,12738.25,243.0
2022-09-12 18:00,12738.5,12741.5,12733.5,12736.5,385.0
2022-09-12 18:01,12736.0,12736.0,12727.75,12727.75,474.0
2022-09-12 18:02,12727.5,12730.0,12725.0,12726.75,316.0
2022-09-12 18:03,12726.5,12729.75,12724.75,12727.25,249.0
2022-09-12 18:04,12727.0,12727.0,12721.5,12724.25,296.0
2022-09-12 18:05,12724.75,12728.0,12720.0,12724.75,280.0
2022-09-12 18:06,12724.5,12724.75,12719.0,12722.5,306.0
2022-09-12 18:07,12722.5,12723.5,12718.0,12722.5,326.0
2022-09-12 18:08,12722.75,12723.75,12718.5,12721.5,213.0
2022-09-12 18:09,12721.0,12723.25,12717.25,12717.25,238.0
2022-09-12 18:10,12717.25,12718.75,12713.75,12717.0,420.0
2022-09-12 18:11,12716.75,12720.0,12716.25,12718.0,199.0
2022-09-12 18:12,12718.0,12726.75,12718.0,12723.5,375.0
2022-09-12 18:13,12724.5,12727.75,12723.0,12725.25,341.0
2022-09-12 18:14,12724.25,12731.0,12724.0,12730.75,223.0
2022-09-12 18:15,12730.0,12735.25,12726.75,12734.0,343.0
2022-09-12 18:16,12733.5,12737.75,12730.5,12731.0,399.0
2022-09-12 18:17,12730.75,12731.0,12705.25,12707.5,916.0
2022-09-12 18:18,12707.75,12709.5,12701.0,12703.0,723.0
2022-09-12 18:19,12703.0,12708.25,12699.25,12707.75,403.0
2022-09-12 18:20,12708.0,12720.25,12706.0,12716.5,604.0
2022-09-12 18:21,12716.5,12717.5,12706.25,12707.0,380.0
2022-09-12 18:22,12707.0,12707.75,12694.5,12695.0,580.0
2022-09-12 18:23,12694.75,12702.0,12692.0,12700.25,779.0
2022-09-12 18:24,12701.25,12719.25,12700.0,12705.25,937.0
2022-09-12 18:25,12705.5,12711.75,12694.5,12701.75,758.0
2022-09-12 18:26,12701.75,12703.25,12695.5,12702.0,394.0
2022-09-12 18:27,12702.5,12705.5,12698.0,12699.25,314.0
2022-09-12 18:28,12698.25,12700.75,12691.5,12692.5,491.0
2022-09-12 18:29,12692.5,12695.75,12689.5,12693.5,436.0
2022-09-12 18:30,12692.5,12698.25,12686.0,12695.0,603.0
2022-09-12 18:31,12695.25,12699.5,12692.25,12696.0,369.0
2022-09-12 18:32,12695.0,12698.5,12685.5,12690.25,520.0
2022-09-12 18:33,12690.0,12693.25,12683.5,12684.75,436.0
2022-09-12 18:34,12684.75,12690.0,12680.5,12689.0,463.0
2022-09-12 18:35,12688.75,12696.75,12688.25,12690.5,569.0
2022-09-12 18:36,12690.25,12699.5,12688.75,12697.25,416.0
2022-09-12 18:37,12696.25,12705.5,12694.25,12702.5,823.0
2022-09-12 18:38,12702.0,12708.5,12700.5,12705.25,380.0
2022-09-12 18:39,12705.25,12707.75,12701.25,12706.75,347.0
2022-09-12 18:40,12706.0,12709.25,12700.0,12701.75,464.0
2022-09-12 18:41,12701.5,12711.25,12699.25,12708.0,487.0
2022-09-12 18:42,12708.25,12710.5,12703.75,12708.75,479.0
2022-09-12 18:43,12709.0,12709.75,12703.75,12707.5,280.0
2022-09-12 18:44,12707.25,12709.75,12704.75,12708.5,216.0
2022-09-12 18:45,12708.5,12711.25,12705.0,12711.25,243.0
2022-09-12 18:46,12711.25,12718.75,12709.25,12716.75,475.0
2022-09-12 18:47,12716.75,12719.75,12715.25,12715.75,336.0
2022-09-12 18:48,12716.25,12721.75,12714.75,12719.75,367.0
2022-09-12 18:49,12719.5,12721.25,12716.5,12720.0,278.0
2022-09-12 18:50,12719.75,12722.75,12717.0,12720.0,243.0
2022-09-12 18:51,12720.25,12721.5,12716.75,12721.25,204.0
2022-09-12 18:52,12721.25,12723.25,12718.0,12719.75,220.0
2022-09-12 18:53,12720.0,12720.0,12712.5,12717.0,326.0
2022-09-12 18:54,12717.0,12717.5,12710.5,12712.0,397.0
2022-09-12 18:55,12711.75,12716.5,12710.5,12715.75,262.0
2022-09-12 18:56,12716.5,12718.75,12714.5,12715.75,199.0
2022-09-12 18:57,12715.25,12719.75,12715.25,12717.75,244.0
2022-09-12 18:58,12717.5,12719.75,12714.25,12716.0,510.0
2022-09-12 18:59,12715.25,12716.75,12707.0,12712.5,573.0
2022-09-12 19:00,12712.5,12715.0,12706.0,12707.25,330.0
2022-09-12 19:01,12707.5,12716.5,12706.5,12716.0,300.0
2022-09-12 19:02,12715.75,12716.5,12701.25,12708.75,379.0
2022-09-12 19:03,12708.25,12712.0,12707.75,12708.5,238.0
2022-09-12 19:04,12707.5,12714.75,12707.5,12712.25,367.0
2022-09-12 19:05,12712.25,12717.75,12710.25,12716.5,335.0
2022-09-12 19:06,12715.75,12719.75,12711.75,12719.5,255.0
2022-09-12 19:07,12719.75,12728.25,12717.75,12727.75,472.0
2022-09-12 19:08,12727.25,12733.0,12721.75,12733.0,633.0
2022-09-12 19:09,12732.75,12733.5,12730.0,12732.0,379.0
2022-09-12 19:10,12732.0,12735.5,12728.75,12730.0,284.0
2022-09-12 19:11,12730.5,12735.0,12729.0,12732.75,322.0
2022-09-12 19:12,12733.0,12735.5,12729.5,12731.5,238.0
2022-09-12 19:13,12731.25,12737.5,12729.25,12733.5,339.0
2022-09-12 19:14,12733.5,12733.5,12727.5,12731.5,245.0
2022-09-12 19:15,12731.0,12732.25,12725.0,12725.75,224.0
2022-09-12 19:16,12725.0,12725.75,12719.25,12721.0,342.0
2022-09-12 19:17,12720.75,12725.25,12718.25,12723.5,217.0
2022-09-12 19:18,12725.0,12726.0,12717.5,12718.0,260.0
2022-09-12 19:19,12718.0,12721.5,12716.25,12719.5,200.0
2022-09-12 19:20,12719.75,12720.5,12713.5,12719.75,277.0
2022-09-12 19:21,12720.0,12726.75,12719.0,12723.25,251.0
2022-09-12 19:22,12723.0,12724.0,12718.25,12720.0,211.0
2022-09-12 19:23,12720.75,12723.75,12719.0,12720.75,214.0
2022-09-12 19:24,12720.25,12721.75,12712.5,12714.25,374.0
2022-09-12 19:25,12714.25,12716.0,12707.25,12714.5,435.0
2022-09-12 19:26,12714.75,12719.0,12713.5,12715.25,300.0
2022-09-12 19:27,12715.0,12717.25,12708.75,12710.5,262.0
2022-09-12 19:28,12710.75,12720.25,12710.5,12718.0,210.0
2022-09-12 19:29,12718.5,12722.5,12713.75,12715.0,391.0
2022-09-12 19:30,12715.25,12717.25,12711.0,12715.75,326.0
2022-09-12 19:31,12715.5,12721.25,12713.25,12718.25,233.0
2022-09-12 19:32,12718.0,12722.5,12715.25,12722.5,239.0
2022-09-12 19:33,12722.75,12723.5,12711.75,12713.25,335.0
2022-09-12 19:34,12712.75,12714.5,12706.5,12710.25,265.0
2022-09-12 19:35,12710.0,12711.25,12706.5,12706.75,290.0
2022-09-12 19:36,12706.75,12708.75,12704.5,12707.5,249.0
2022-09-12 19:37,12707.25,12714.25,12705.25,12714.25,333.0
2022-09-12 19:38,12714.75,12720.0,12714.25,12717.0,350.0
2022-09-12 19:39,12716.75,12718.0,12711.0,12716.0,228.0
2022-09-12 19:40,12715.75,12715.75,12707.0,12709.75,277.0
2022-09-12 19:41,12710.0,12715.0,12707.25,12714.5,240.0
2022-09-12 19:42,12715.25,12726.25,12714.5,12723.5,520.0
2022-09-12 19:43,12723.5,12733.25,12723.5,12731.75,428.0
2022-09-12 19:44,12732.0,12737.25,12731.75,12736.0,370.0
2022-09-12 19:45,12736.0,12736.0,12730.5,12731.25,367.0
2022-09-12 19:46,12730.5,12736.5,12724.75,12735.0,281.0
2022-09-12 19:47,12733.5,12735.25,12716.75,12727.75,498.0
2022-09-12 19:48,12728.0,12728.75,12719.25,12721.25,242.0
2022-09-12 19:49,12720.75,12732.75,12720.75,12731.0,292.0
2022-09-12 19:50,12730.5,12736.0,12722.25,12735.25,802.0
2022-09-12 19:51,12734.0,12734.25,12722.5,12726.75,630.0
2022-09-12 19:52,12726.0,12730.5,12722.75,12727.0,416.0
2022-09-12 19:53,12727.25,12727.75,12722.75,12724.0,355.0
2022-09-12 19:54,12724.0,12732.5,12720.5,12724.25,1258.0
2022-09-12 19:55,12724.0,12737.25,12721.5,12730.25,969.0
2022-09-12 19:56,12729.75,12735.25,12728.25,12733.5,318.0
2022-09-12 19:57,12734.0,12736.5,12731.75,12734.25,424.0
2022-09-12 19:58,12734.5,12735.0,12728.25,12734.25,668.0
2022-09-12 19:59,12734.5,12744.25,12734.0,12742.5,2402.0
2022-09-12 20:00,12742.25,12753.25,12739.25,12750.5,1155.0
2022-09-12 20:01,12750.25,12764.0,12749.75,12762.75,1051.0
2022-09-12 20:02,12762.5,12765.25,12756.75,12757.0,453.0
2022-09-12 20:03,12757.25,12759.0,12755.5,12756.5,416.0
2022-09-12 20:04,12757.25,12759.25,12754.5,12754.5,245.0
2022-09-12 20:05,12755.5,12756.75,12749.75,12751.75,197.0
2022-09-12 20:06,12751.75,12755.5,12751.75,12755.0,117.0
2022-09-12 20:07,12755.0,12757.75,12755.0,12756.0,89.0
2022-09-12 20:08,12756.75,12758.25,12756.25,12757.5,110.0
2022-09-12 20:09,12757.0,12761.5,12756.75,12761.0,135.0
2022-09-12 20:10,12760.5,12762.75,12758.75,12761.5,137.0
2022-09-12 20:11,12761.5,12764.0,12760.25,12763.0,140.0
2022-09-12 20:12,12763.0,12766.5,12762.75,12764.5,113.0
2022-09-12 20:13,12764.5,12765.75,12761.5,12764.0,99.0
2022-09-12 20:14,12763.75,12764.5,12762.25,12764.25,99.0
2022-09-12 20:15,12764.25,12768.5,12763.5,12767.5,116.0
2022-09-12 20:16,12768.0,12768.5,12767.25,12767.75,33.0
2022-09-12 20:17,12767.5,12768.75,12766.75,12767.5,57.0
2022-09-12 20:18,12766.75,12767.0,12765.75,12765.75,29.0
2022-09-12 20:19,12766.75,12766.75,12765.0,12765.75,42.0
2022-09-12 20:20,12765.75,12767.75,12765.75,12766.25,85.0
2022-09-12 20:21,12766.75,12770.75,12765.25,12770.25,175.0
2022-09-12 20:22,12769.25,12772.5,12766.25,12769.25,210.0
2022-09-12 20:23,12769.25,12772.25,12769.0,12770.75,117.0
2022-09-12 20:24,12770.25,12773.75,12770.25,12773.5,37.0
2022-09-12 20:25,12773.0,12773.75,12772.0,12772.75,72.0
2022-09-12 20:26,12773.5,12773.5,12771.5,12771.75,54.0
2022-09-12 20:27,12771.75,12772.25,12771.0,12771.25,60.0
2022-09-12 20:28,12771.5,12773.0,12771.25,12772.5,29.0
2022-09-12 20:29,12773.25,12773.5,12770.5,12770.5,78.0
2022-09-12 20:30,12771.25,12771.75,12770.0,12770.25,39.0
2022-09-12 20:31,12770.25,12771.0,12770.0,12770.0,21.0
2022-09-12 20:32,12769.75,12772.25,12769.75,12771.25,49.0
2022-09-12 20:33,12770.75,12771.5,12770.25,12770.25,26.0
2022-09-12 20:34,12770.25,12770.25,12769.0,12769.0,35.0
2022-09-12 20:35,12769.5,12771.25,12769.25,12769.5,30.0
2022-09-12 20:36,12769.5,12769.75,12767.25,12768.5,46.0
2022-09-12 20:37,12768.0,12769.0,12767.75,12767.75,14.0
2022-09-12 20:38,12767.75,12768.5,12767.5,12767.75,10.0
2022-09-12 20:39,12767.75,12769.25,12767.0,12768.5,39.0
2022-09-12 20:40,12769.0,12769.0,12767.75,12768.75,8.0
2022-09-12 20:41,12769.25,12770.0,12768.25,12769.5,36.0
2022-09-12 20:42,12769.75,12770.0,12769.0,12769.0,15.0
2022-09-12 20:43,12768.75,12769.75,12768.25,12769.5,27.0
2022-09-12 20:44,12769.5,12769.5,12768.0,12768.5,22.0
2022-09-12 20:45,12768.0,12770.25,12767.75,12770.25,79.0
2022-09-12 20:46,12770.25,12770.25,12769.5,12770.25,8.0
2022-09-12 20:47,12769.75,12770.0,12769.25,12769.5,17.0
2022-09-12 20:48,12769.5,12770.5,12769.25,12770.5,12.0
2022-09-12 20:49,12770.0,12770.5,12768.5,12769.5,50.0
2022-09-12 20:50,12770.0,12771.25,12769.5,12770.75,50.0
2022-09-12 20:51,12770.0,12770.0,12769.5,12769.75,14.0
2022-09-12 20:52,12769.75,12770.25,12769.75,12769.75,31.0
2022-09-12 20:53,12769.75,12771.0,12769.75,12771.0,8.0
2022-09-12 20:54,12770.25,12772.0,12770.0,12772.0,49.0
2022-09-12 20:55,12772.0,12773.25,12770.25,12773.25,72.0
2022-09-12 20:56,12772.5,12772.75,12771.0,12771.5,22.0
2022-09-12 20:57,12771.5,12771.5,12770.75,12771.5,22.0
2022-09-12 20:58,12771.5,12772.75,12771.0,12772.0,27.0
2022-09-12 20:59,12771.25,12773.25,12770.5,12771.25,45.0
2022-09-12 22:00,12769.5,12776.0,12767.0,12774.0,248.0
2022-09-12 22:01,12774.25,12775.0,12769.0,12771.75,55.0
2022-09-12 22:02,12772.75,12772.75,12766.75,12767.0,66.0
2022-09-12 22:03,12767.75,12770.5,12765.0,12767.0,93.0
2022-09-12 22:04,12767.0,12768.25,12766.75,12767.25,28.0
2022-09-12 22:05,12767.75,12768.5,12766.75,12766.75,30.0
2022-09-12 22:06,12767.25,12767.25,12765.75,12766.25,18.0
2022-09-12 22:07,12766.5,12766.5,12765.5,12766.0,13.0
2022-09-12 22:08,12765.5,12766.0,12765.0,12766.0,17.0
2022-09-12 22:09,12766.0,12766.5,12765.25,12766.25,22.0
2022-09-12 22:10,12766.25,12766.75,12765.0,12765.75,13.0
2022-09-12 22:11,12765.75,12766.5,12765.0,12766.5,41.0
2022-09-12 22:12,12766.25,12766.5,12765.25,12765.25,20.0
2022-09-12 22:13,12766.75,12766.75,12765.75,12766.0,8.0
2022-09-12 22:14,12766.25,12768.25,12766.25,12767.75,19.0
2022-09-12 22:15,12767.25,12769.25,12767.25,12768.5,16.0
2022-09-12 22:16,12769.25,12769.75,12768.75,12769.25,12.0
2022-09-12 22:17,12768.75,12769.25,12767.75,12767.75,7.0
2022-09-12 22:18,12767.75,12767.75,12767.0,12767.25,14.0
2022-09-12 22:19,12766.5,12767.5,12766.25,12766.25,17.0
2022-09-12 22:20,12766.25,12766.75,12766.25,12766.75,4.0
2022-09-12 22:21,12767.0,12767.0,12766.0,12766.5,17.0
2022-09-12 22:22,12766.25,12766.25,12760.75,12763.0,111.0
2022-09-12 22:23,12762.5,12762.75,12761.0,12761.25,21.0
2022-09-12 22:24,12760.75,12761.0,12759.5,12760.0,30.0
2022-09-12 22:25,12759.5,12761.75,12759.5,12761.75,17.0
2022-09-12 22:26,12761.25,12762.0,12761.25,12761.25,9.0
2022-09-12 22:27,12761.5,12762.25,12761.25,12762.25,13.0
2022-09-12 22:28,12762.5,12763.25,12762.25,12762.25,13.0
2022-09-12 22:29,12762.5,12763.75,12762.5,12763.75,8.0
2022-09-12 22:30,12763.0,12763.0,12758.25,12759.0,58.0
2022-09-12 22:31,12758.75,12759.25,12757.75,12758.0,22.0
2022-09-12 22:32,12758.25,12759.25,12758.0,12758.0,15.0
2022-09-12 22:33,12758.75,12759.25,12757.25,12757.25,16.0
2022-09-12 22:34,12758.0,12758.0,12755.25,12755.75,37.0
2022-09-12 22:35,12756.0,12756.75,12754.75,12756.75,43.0
2022-09-12 22:36,12755.75,12755.75,12752.75,12755.0,47.0
2022-09-12 22:37,12755.0,12755.75,12754.5,12755.75,10.0
2022-09-12 22:38,12756.25,12757.25,12756.25,12756.5,21.0
2022-09-12 22:39,12756.25,12756.5,12755.5,12756.5,14.0
2022-09-12 22:40,12756.5,12760.75,12756.5,12759.5,59.0
2022-09-12 22:41,12760.25,12760.25,12758.0,12758.0,11.0
2022-09-12 22:42,12758.0,12758.5,12757.5,12758.5,9.0
2022-09-12 22:43,12758.5,12759.75,12758.5,12758.5,12.0
2022-09-12 22:44,12758.75,12759.75,12758.75,12759.75,20.0
2022-09-12 22:45,12760.5,12760.5,12759.0,12759.0,8.0
2022-09-12 22:46,12759.5,12759.75,12759.0,12759.5,11.0
2022-09-12 22:47,12759.5,12760.0,12759.5,12760.0,4.0
2022-09-12 22:48,12760.75,12761.0,12760.0,12760.25,10.0
2022-09-12 22:49,12760.0,12760.5,12759.75,12760.5,6.0
2022-09-12 22:50,12761.0,12761.5,12760.5,12760.5,9.0
2022-09-12 22:51,12760.5,12761.0,12760.5,12761.0,3.0
2022-09-12 22:52,12760.75,12761.5,12760.5,12761.5,16.0
2022-09-12 22:53,12760.75,12761.5,12760.75,12761.25,6.0
2022-09-12 22:54,12761.0,12761.0,12760.25,12760.25,4.0
2022-09-12 22:55,12760.5,12761.5,12760.25,12760.5,8.0
2022-09-12 22:56,12760.0,12761.5,12760.0,12761.5,11.0
2022-09-12 22:57,12761.5,12761.5,12760.75,12760.75,4.0
2022-09-12 22:58,12761.0,12762.5,12761.0,12762.5,6.0
2022-09-12 22:59,12762.75,12763.5,12762.5,12762.5,16.0
2022-09-12 23:00,12762.5,12763.0,12759.5,12762.0,45.0
2022-09-12 23:01,12761.25,12761.5,12760.75,12760.75,7.0
2022-09-12 23:02,12760.75,12762.5,12760.75,12762.5,27.0
2022-09-12 23:03,12762.75,12762.75,12761.5,12761.5,18.0
2022-09-12 23:04,12761.25,12762.5,12761.25,12762.5,6.0
2022-09-12 23:05,12763.5,12768.75,12763.5,12766.5,43.0
2022-09-12 23:06,12766.75,12768.5,12766.75,12768.25,16.0
2022-09-12 23:07,12768.5,12769.75,12768.25,12769.75,27.0
2022-09-12 23:08,12769.25,12770.0,12769.25,12769.5,17.0
2022-09-12 23:09,12769.5,12770.25,12767.75,12767.75,13.0
2022-09-12 23:10,12767.75,12768.0,12767.75,12768.0,4.0
2022-09-12 23:11,12768.0,12768.0,12767.25,12767.25,10.0
2022-09-12 23:12,12767.0,12768.75,12766.75,12768.25,12.0
2022-09-12 23:13,12769.0,12769.25,12768.0,12768.0,13.0
2022-09-12 23:14,12768.5,12768.5,12767.0,12767.25,13.0
2022-09-12 23:15,12767.5,12768.0,12766.75,12767.5,10.0
2022-09-12 23:16,12767.5,12767.5,12767.0,12767.5,4.0
2022-09-12 23:17,12767.0,12767.25,12766.0,12766.0,19.0
2022-09-12 23:18,12765.5,12766.25,12765.5,12765.75,16.0
2022-09-12 23:19,12765.75,12765.75,12764.5,12764.5,10.0
2022-09-12 23:20,12764.75,12764.75,12764.5,12764.5,2.0
2022-09-12 23:21,12764.75,12764.75,12764.25,12764.25,8.0
2022-09-12 23:22,12764.0,12765.0,12764.0,12765.0,9.0
2022-09-12 23:23,12765.5,12768.0,12765.5,12768.0,15.0
2022-09-12 23:24,12768.75,12768.75,12768.0,12768.0,16.0
2022-09-12 23:25,12768.5,12768.75,12768.5,12768.75,4.0
2022-09-12 23:26,12768.0,12769.0,12768.0,12768.0,21.0
2022-09-12 23:27,12768.25,12768.75,12767.5,12767.5,18.0
2022-09-12 23:28,12768.0,12768.0,12767.75,12767.75,8.0
2022-09-12 23:29,12767.75,12768.5,12767.75,12768.0,19.0
2022-09-12 23:30,12768.5,12769.75,12768.0,12769.75,19.0
2022-09-12 23:31,12769.75,12770.0,12768.75,12768.75,17.0
2022-09-12 23:32,12768.75,12769.25,12768.25,12768.75,9.0
2022-09-12 23:33,12768.5,12768.75,12768.0,12768.25,9.0
2022-09-12 23:34,12768.0,12769.0,12767.75,12768.0,12.0
2022-09-12 23:35,12768.25,12768.75,12766.25,12766.25,23.0
2022-09-12 23:36,12766.0,12766.0,12763.75,12763.75,29.0
2022-09-12 23:37,12763.75,12765.5,12761.75,12761.75,31.0
2022-09-12 23:38,12761.75,12762.0,12761.0,12762.0,17.0
2022-09-12 23:39,12761.75,12762.75,12761.0,12762.75,21.0
2022-09-12 23:40,12763.0,12763.25,12761.25,12763.0,14.0
2022-09-12 23:41,12762.25,12762.5,12761.75,12762.5,11.0
2022-09-12 23:42,12762.25,12762.75,12762.25,12762.25,8.0
2022-09-12 23:43,12762.0,12763.5,12762.0,12762.5,25.0
2022-09-12 23:44,12762.75,12763.0,12761.75,12762.25,27.0
2022-09-12 23:45,12762.25,12763.5,12762.25,12763.25,32.0
2022-09-12 23:46,12763.25,12763.75,12759.5,12760.75,84.0
2022-09-12 23:47,12761.25,12761.25,12758.0,12759.25,42.0
2022-09-12 23:48,12759.5,12760.5,12759.0,12760.5,22.0
2022-09-12 23:49,12759.75,12760.0,12758.5,12759.25,18.0
2022-09-12 23:50,12759.0,12759.5,12758.25,12759.5,19.0
2022-09-12 23:51,12758.75,12762.0,12758.5,12762.0,33.0
2022-09-12 23:52,12761.5,12764.0,12761.5,12763.5,40.0
2022-09-12 23:53,12763.75,12763.75,12761.5,12763.5,23.0
2022-09-12 23:54,12763.5,12763.5,12760.75,12762.0,38.0
2022-09-12 23:55,12761.75,12761.75,12760.5,12761.5,22.0
2022-09-12 23:56,12761.5,12762.5,12760.5,12760.5,38.0
2022-09-12 23:57,12761.5,12763.5,12760.75,12762.25,38.0
2022-09-12 23:58,12762.25,12763.75,12761.75,12763.75,33.0
2022-09-12 23:59,12764.0,12764.0,12761.75,12762.75,36.0
2022-09-13 00:00,12763.0,12767.0,12761.75,12765.75,123.0
2022-09-13 00:01,12764.75,12770.25,12762.75,12765.25,164.0
2022-09-13 00:02,12764.75,12768.0,12761.25,12766.25,90.0
2022-09-13 00:03,12766.5,12767.0,12760.5,12760.5,53.0
2022-09-13 00:04,12759.5,12761.0,12759.25,12760.25,65.0
2022-09-13 00:05,12761.25,12763.75,12758.75,12759.5,77.0
2022-09-13 00:06,12758.75,12761.75,12758.75,12760.5,49.0
2022-09-13 00:07,12761.25,12765.25,12761.25,12763.75,53.0
2022-09-13 00:08,12764.5,12769.25,12763.5,12766.25,73.0
2022-09-13 00:09,12767.5,12771.0,12767.25,12770.25,90.0
2022-09-13 00:10,12769.75,12770.0,12767.0,12768.0,39.0
2022-09-13 00:11,12767.75,12767.75,12765.5,12766.0,54.0
2022-09-13 00:12,12767.0,12767.25,12762.75,12764.5,45.0
2022-09-13 00:13,12764.5,12766.5,12763.25,12764.5,35.0
2022-09-13 00:14,12764.75,12764.75,12761.75,12762.75,22.0
2022-09-13 00:15,12763.25,12764.75,12761.75,12762.0,33.0
2022-09-13 00:16,12762.25,12763.0,12757.25,12758.25,75.0
2022-09-13 00:17,12757.25,12757.25,12751.25,12753.75,154.0
2022-09-13 00:18,12754.0,12756.75,12752.5,12754.0,67.0
2022-09-13 00:19,12752.75,12755.0,12752.75,12754.25,15.0
2022-09-13 00:20,12754.5,12755.75,12753.0,12753.25,44.0
2022-09-13 00:21,12753.5,12757.5,12753.5,12756.5,46.0
2022-09-13 00:22,12757.0,12757.75,12754.0,12754.0,34.0
2022-09-13 00:23,12753.75,12755.5,12753.0,12753.0,31.0
2022-09-13 00:24,12753.25,12755.5,12752.75,12754.0,24.0
2022-09-13 00:25,12754.25,12754.25,12752.0,12753.25,40.0
2022-09-13 00:26,12754.0,12757.25,12754.0,12754.5,88.0
2022-09-13 00:27,12755.25,12756.0,12753.0,12754.0,45.0
2022-09-13 00:28,12753.75,12754.0,12752.0,12752.0,32.0
2022-09-13 00:29,12751.75,12753.75,12750.0,12752.25,65.0
2022-09-13 00:30,12753.25,12754.5,12752.5,12754.5,49.0
2022-09-13 00:31,12754.5,12755.0,12753.0,12754.5,32.0
2022-09-13 00:32,12755.0,12756.75,12754.75,12754.75,19.0
2022-09-13 00:33,12755.75,12759.25,12755.25,12755.5,77.0
2022-09-13 00:34,12755.5,12758.0,12754.25,12756.0,36.0
2022-09-13 00:35,12756.25,12757.75,12755.0,12755.0,34.0
2022-09-13 00:36,12755.5,12756.5,12755.0,12756.5,20.0
2022-09-13 00:37,12756.75,12757.25,12753.75,12754.5,33.0
2022-09-13 00:38,12755.5,12757.25,12755.25,12756.5,19.0
2022-09-13 00:39,12756.0,12759.0,12756.0,12757.25,44.0
2022-09-13 00:40,12758.25,12759.5,12758.0,12759.25,26.0
2022-09-13 00:41,12759.25,12763.75,12759.25,12762.0,58.0
2022-09-13 00:42,12761.5,12765.5,12761.25,12762.75,57.0
2022-09-13 00:43,12762.5,12762.75,12759.75,12762.25,33.0
2022-09-13 00:44,12761.5,12761.75,12760.0,12761.75,18.0
2022-09-13 00:45,12760.75,12763.25,12760.75,12763.0,28.0
2022-09-13 00:46,12763.5,12766.25,12762.5,12765.0,41.0
2022-09-13 00:47,12765.25,12766.0,12764.0,12764.5,36.0
2022-09-13 00:48,12765.0,12765.5,12763.75,12765.0,68.0
2022-09-13 00:49,12764.5,12765.25,12764.0,12765.0,13.0
2022-09-13 00:50,12764.0,12765.0,12762.5,12764.5,24.0
2022-09-13 00:51,12764.5,12764.75,12764.0,12764.75,15.0
2022-09-13 00:52,12764.5,12766.0,12762.5,12764.5,90.0
2022-09-13 00:53,12764.75,12766.0,12764.75,12765.25,14.0
2022-09-13 00:54,12766.0,12769.0,12765.75,12768.75,48.0
2022-09-13 00:55,12768.5,12769.5,12766.0,12766.25,32.0
2022-09-13 00:56,12766.25,12766.25,12764.75,12765.25,63.0
2022-09-13 00:57,12765.5,12766.0,12758.25,12758.25,92.0
2022-09-13 00:58,12759.0,12761.5,12758.75,12760.75,41.0
2022-09-13 00:59,12759.75,12760.5,12757.75,12758.5,26.0
2022-09-13 01:00,12757.75,12760.5,12756.5,12760.0,48.0
2022-09-13 01:01,12760.25,12762.75,12759.5,12760.5,39.0
2022-09-13 01:02,12761.0,12762.0,12760.0,12762.0,13.0
2022-09-13 01:03,12762.75,12766.25,12762.75,12763.25,50.0
2022-09-13 01:04,12762.75,12762.75,12760.5,12762.0,24.0
2022-09-13 01:05,12761.25,12764.75,12761.25,12763.5,28.0
2022-09-13 01:06,12763.25,12763.5,12761.25,12761.5,19.0
2022-09-13 01:07,12762.0,12763.75,12762.0,12762.75,18.0
2022-09-13 01:08,12762.75,12763.0,12759.75,12760.5,32.0
2022-09-13 01:09,12760.75,12761.5,12759.25,12761.0,44.0
2022-09-13 01:10,12761.75,12762.25,12760.5,12760.75,16.0
2022-09-13 01:11,12760.25,12763.5,12760.25,12763.0,23.0
2022-09-13 01:12,12762.5,12762.5,12760.75,12761.5,12.0
2022-09-13 01:13,12761.25,12761.75,12759.75,12760.25,13.0
2022-09-13 01:14,12760.75,12761.25,12759.5,12759.75,25.0
2022-09-13 01:15,12759.0,12760.5,12753.75,12759.25,120.0
2022-09-13 01:16,12759.0,12760.25,12757.5,12758.0,58.0
2022-09-13 01:17,12756.5,12758.5,12756.25,12758.5,21.0
2022-09-13 01:18,12758.5,12759.5,12757.0,12757.25,32.0
2022-09-13 01:19,12757.25,12757.25,12753.75,12755.0,47.0
2022-09-13 01:20,12755.0,12756.0,12753.0,12753.75,79.0
2022-09-13 01:21,12753.5,12757.0,12753.5,12756.25,36.0
2022-09-13 01:22,12756.25,12756.25,12752.75,12752.75,17.0
2022-09-13 01:23,12752.25,12755.75,12751.75,12755.0,49.0
2022-09-13 01:24,12754.5,12756.0,12754.25,12755.5,25.0
2022-09-13 01:25,12755.25,12757.5,12754.0,12757.5,57.0
2022-09-13 01:26,12757.5,12760.75,12757.0,12760.75,109.0
2022-09-13 01:27,12760.5,12761.5,12757.75,12757.75,59.0
2022-09-13 01:28,12757.5,12757.75,12753.25,12753.75,70.0
2022-09-13 01:29,12754.0,12755.5,12753.0,12754.75,60.0
2022-09-13 01:30,12755.0,12755.75,12750.0,12751.75,126.0
2022-09-13 01:31,12752.0,12752.25,12749.0,12751.75,95.0
2022-09-13 01:32,12751.0,12751.5,12748.5,12749.75,126.0
2022-09-13 01:33,12749.0,12750.5,12747.75,12749.0,80.0
2022-09-13 01:34,12747.75,12749.0,12745.5,12747.0,86.0
2022-09-13 01:35,12746.75,12747.75,12744.0,12745.75,90.0
2022-09-13 01:36,12746.5,12747.75,12745.0,12746.0,38.0
2022-09-13 01:37,12745.5,12746.25,12743.25,12744.5,119.0
2022-09-13 01:38,12744.25,12746.0,12742.25,12746.0,78.0
2022-09-13 01:39,12745.5,12747.5,12745.0,12747.25,53.0
2022-09-13 01:40,12747.25,12747.5,12743.75,12744.25,43.0
2022-09-13 01:41,12744.0,12746.75,12743.25,12745.75,36.0
2022-09-13 01:42,12745.5,12747.0,12744.5,12745.25,33.0
2022-09-13 01:43,12744.5,12746.25,12744.0,12745.25,35.0
2022-09-13 01:44,12746.25,12749.5,12745.75,12746.25,53.0
2022-09-13 01:45,12747.5,12747.5,12743.0,12745.75,32.0
2022-09-13 01:46,12746.25,12747.5,12745.75,12747.0,42.0
2022-09-13 01:47,12747.75,12748.0,12745.75,12747.5,21.0
2022-09-13 01:48,12746.75,12748.5,12746.75,12748.0,37.0
2022-09-13 01:49,12747.0,12748.5,12746.5,12748.25,20.0
2022-09-13 01:50,12748.5,12749.0,12747.0,12747.5,25.0
2022-09-13 01:51,12747.0,12751.25,12746.0,12750.75,49.0
2022-09-13 01:52,12750.0,12751.75,12749.5,12750.75,62.0
2022-09-13 01:53,12751.25,12751.25,12747.75,12749.5,34.0
2022-09-13 01:54,12749.25,12754.0,12749.0,12753.0,92.0
2022-09-13 01:55,12753.25,12754.0,12751.25,12751.25,71.0
2022-09-13 01:56,12751.25,12752.75,12750.75,12752.25,50.0
2022-09-13 01:57,12752.25,12753.5,12750.5,12750.5,55.0
2022-09-13 01:58,12750.5,12751.75,12750.0,12751.5,58.0
2022-09-13 01:59,12751.0,12752.0,12750.0,12751.0,35.0
2022-09-13 02:00,12750.75,12751.0,12747.5,12748.75,55.0
2022-09-13 02:01,12748.25,12749.25,12746.5,12747.5,58.0
2022-09-13 02:02,12747.5,12748.75,12747.0,12747.25,37.0
2022-09-13 02:03,12747.0,12749.5,12746.25,12748.5,48.0
2022-09-13 02:04,12748.75,12750.25,12748.25,12748.25,43.0
2022-09-13 02:05,12748.5,12749.5,12747.75,12749.0,41.0
2022-09-13 02:06,12749.75,12751.0,12748.25,12749.25,51.0
2022-09-13 02:07,12748.5,12749.0,12746.25,12747.25,44.0
2022-09-13 02:08,12746.75,12749.0,12746.25,12747.75,39.0
2022-09-13 02:09,12748.0,12748.0,12741.25,12741.75,152.0
2022-09-13 02:10,12741.0,12741.75,12739.5,12740.0,88.0
2022-09-13 02:11,12740.0,12742.5,12739.25,12741.0,57.0
2022-09-13 02:12,12741.0,12742.0,12739.0,12739.75,50.0
2022-09-13 02:13,12740.25,12740.25,12736.75,12736.75,96.0
2022-09-13 02:14,12737.25,12739.75,12736.75,12737.5,92.0
2022-09-13 02:15,12737.25,12740.0,12736.75,12739.75,57.0
2022-09-13 02:16,12739.0,12739.5,12738.5,12738.5,25.0
2022-09-13 02:17,12738.5,12740.5,12738.5,12740.5,29.0
2022-09-13 02:18,12740.0,12742.75,12739.25,12741.0,67.0
2022-09-13 02:19,12740.75,12742.75,12740.75,12741.5,38.0
2022-09-13 02:20,12741.0,12742.5,12738.75,12742.5,42.0
2022-09-13 02:21,12741.75,12743.0,12741.25,12741.25,56.0
2022-09-13 02:22,12741.5,12742.75,12740.75,12742.75,28.0
2022-09-13 02:23,12742.25,12743.75,12742.0,12742.5,36.0
2022-09-13 02:24,12741.75,12742.0,12740.5,12741.5,63.0
2022-09-13 02:25,12741.25,12743.75,12740.75,12741.75,59.0
2022-09-13 02:26,12742.25,12743.5,12741.5,12743.25,61.0
2022-09-13 02:27,12743.5,12744.5,12742.5,12742.5,39.0
2022-09-13 02:28,12742.25,12744.0,12741.75,12743.75,64.0
2022-09-13 02:29,12744.0,12746.5,12743.75,12745.5,65.0
2022-09-13 02:30,12745.25,12748.0,12745.0,12747.5,54.0
2022-09-13 02:31,12747.75,12747.75,12746.0,12746.25,43.0
2022-09-13 02:32,12746.25,12747.0,12744.25,12744.75,52.0
2022-09-13 02:33,12745.25,12747.25,12744.75,12746.75,42.0
2022-09-13 02:34,12746.75,12746.75,12744.75,12745.5,32.0
2022-09-13 02:35,12744.75,12747.75,12744.75,12747.75,33.0
2022-09-13 02:36,12747.0,12748.0,12745.5,12748.0,40.0
2022-09-13 02:37,12748.0,12749.5,12748.0,12748.5,61.0
2022-09-13 02:38,12748.5,12749.5,12747.75,12748.0,20.0
2022-09-13 02:39,12747.75,12748.5,12746.75,12748.5,25.0
2022-09-13 02:40,12747.75,12747.75,12746.75,12746.75,41.0
2022-09-13 02:41,12746.75,12748.75,12746.75,12747.25,35.0
2022-09-13 02:42,12748.0,12749.75,12747.75,12749.25,51.0
2022-09-13 02:43,12748.75,12751.75,12748.25,12749.75,86.0
2022-09-13 02:44,12750.0,12750.5,12749.75,12750.25,31.0
2022-09-13 02:45,12750.0,12751.25,12748.75,12748.75,62.0
2022-09-13 02:46,12748.25,12751.0,12748.0,12750.25,77.0
2022-09-13 02:47,12750.75,12751.0,12749.5,12750.0,38.0
2022-09-13 02:48,12750.0,12752.0,12750.0,12751.75,43.0
2022-09-13 02:49,12752.0,12753.5,12752.0,12752.5,66.0
2022-09-13 02:50,12751.75,12754.75,12751.75,12754.75,43.0
2022-09-13 02:51,12754.75,12755.0,12753.25,12753.75,36.0
2022-09-13 02:52,12754.0,12760.5,12754.0,12759.75,126.0
2022-09-13 02:53,12759.75,12760.5,12758.0,12758.0,62.0
2022-09-13 02:54,12757.75,12760.5,12757.75,12760.25,48.0
2022-09-13 02:55,12760.25,12761.5,12759.75,12760.0,41.0
2022-09-13 02:56,12760.25,12760.75,12759.25,12760.0,39.0
2022-09-13 02:57,12760.75,12761.0,12758.0,12759.25,64.0
2022-09-13 02:58,12759.75,12760.5,12758.75,12759.75,38.0
2022-09-13 02:59,12760.5,12761.0,12759.0,12760.0,52.0
2022-09-13 03:00,12760.0,12760.5,12758.0,12758.0,23.0
2022-09-13 03:01,12757.25,12759.75,12757.25,12759.75,10.0
2022-09-13 03:02,12759.0,12759.25,12757.75,12759.25,8.0
2022-09-13 03:03,12758.0,12759.25,12758.0,12758.5,11.0
2022-09-13 03:04,12758.25,12761.5,12758.25,12761.5,17.0
2022-09-13 03:05,12762.0,12763.5,12761.5,12763.0,64.0
2022-09-13 03:06,12763.25,12763.25,12762.0,12763.25,18.0
2022-09-13 03:07,12763.25,12764.5,12761.75,12764.5,48.0
2022-09-13 03:08,12763.5,12763.5,12761.5,12762.5,22.0
2022-09-13 03:09,12762.25,12763.5,12760.5,12762.5,36.0
2022-09-13 03:10,12761.75,12762.75,12761.25,12761.5,21.0
2022-09-13 03:11,12761.0,12762.25,12761.0,12761.75,8.0
2022-09-13 03:12,12762.5,12763.0,12762.25,12762.5,16.0
2022-09-13 03:13,12763.25,12764.0,12761.25,12764.0,28.0
2022-09-13 03:14,12764.25,12764.25,12762.0,12762.75,15.0
2022-09-13 03:15,12762.75,12763.75,12762.5,12763.75,21.0
2022-09-13 03:16,12762.75,12763.25,12761.0,12761.75,23.0
2022-09-13 03:17,12761.25,12761.25,12759.75,12760.0,52.0
2022-09-13 03:18,12760.25,12761.25,12758.25,12758.75,47.0
2022-09-13 03:19,12759.25,12759.5,12757.75,12758.25,38.0
2022-09-13 03:20,12758.75,12758.75,12757.75,12757.75,17.0
2022-09-13 03:21,12757.75,12758.25,12757.25,12758.0,12.0
2022-09-13 03:22,12758.25,12758.25,12757.25,12757.5,7.0
2022-09-13 03:23,12758.0,12759.25,12757.5,12758.25,22.0
2022-09-13 03:24,12758.0,12758.0,12755.0,12755.75,54.0
2022-09-13 03:25,12756.5,12757.5,12755.75,12755.75,31.0
2022-09-13 03:26,12755.75,12756.75,12755.0,12755.0,9.0
2022-09-13 03:27,12755.0,12755.5,12754.25,12754.5,18.0
2022-09-13 03:28,12754.5,12754.75,12754.0,12754.75,13.0
2022-09-13 03:29,12754.25,12755.25,12754.0,12754.0,19.0
2022-09-13 03:30,12754.75,12755.25,12751.25,12752.25,34.0
2022-09-13 03:31,12752.75,12753.25,12752.25,12752.75,17.0
2022-09-13 03:32,12752.25,12754.5,12752.25,12753.5,25.0
2022-09-13 03:33,12753.5,12754.25,12752.5,12752.5,17.0
2022-09-13 03:34,12753.0,12753.5,12752.0,12752.75,8.0
2022-09-13 03:35,12752.5,12753.0,12752.0,12752.0,11.0
2022-09-13 03:36,12752.25,12752.5,12751.75,12752.5,9.0
2022-09-13 03:37,12752.5,12753.25,12752.5,12752.75,27.0
2022-09-13 03:38,12752.5,12753.0,12752.0,12752.25,13.0
2022-09-13 03:39,12752.0,12752.75,12752.0,12752.75,4.0
2022-09-13 03:40,12752.0,12753.75,12752.0,12753.5,12.0
2022-09-13 03:41,12753.75,12755.0,12753.75,12754.0,16.0
2022-09-13 03:42,12754.0,12754.0,12752.5,12754.0,17.0
2022-09-13 03:43,12753.5,12755.0,12753.25,12754.0,18.0
2022-09-13 03:44,12754.75,12755.75,12754.75,12754.75,16.0
2022-09-13 03:45,12755.25,12760.25,12754.5,12759.25,81.0
2022-09-13 03:46,12759.5,12760.5,12758.5,12759.75,32.0
2022-09-13 03:47,12760.75,12762.75,12760.25,12762.75,42.0
2022-09-13 03:48,12762.25,12762.25,12759.75,12761.0,30.0
2022-09-13 03:49,12761.5,12762.0,12760.75,12761.25,9.0
2022-09-13 03:50,12761.75,12762.75,12761.75,12762.5,28.0
2022-09-13 03:51,12762.0,12762.5,12761.25,12761.25,36.0
2022-09-13 03:52,12760.75,12761.0,12758.5,12758.5,27.0
2022-09-13 03:53,12757.75,12758.5,12757.25,12757.25,16.0
2022-09-13 03:54,12757.0,12759.75,12757.0,12758.5,51.0
2022-09-13 03:55,12757.75,12758.25,12756.5,12756.5,18.0
2022-09-13 03:56,12756.5,12756.75,12755.75,12755.75,11.0
2022-09-13 03:57,12755.5,12756.0,12755.25,12755.5,15.0
2022-09-13 03:58,12756.0,12756.75,12755.0,12755.0,13.0
2022-09-13 03:59,12754.5,12754.75,12753.75,12753.75,21.0
2022-09-13 04:00,12754.5,12755.25,12753.0,12753.0,14.0
2022-09-13 04:01,12753.25,12754.25,12753.0,12753.5,10.0
2022-09-13 04:02,12753.75,12754.5,12753.0,12753.5,18.0
2022-09-13 04:03,12753.5,12753.5,12752.0,12753.0,30.0
2022-09-13 04:04,12753.0,12753.0,12751.5,12751.5,10.0
2022-09-13 04:05,12752.0,12752.5,12751.5,12751.5,17.0
2022-09-13 04:06,12751.25,12751.5,12749.5,12750.0,32.0
2022-09-13 04:07,12749.5,12749.5,12746.25,12748.25,92.0
2022-09-13 04:08,12748.25,12748.5,12747.75,12748.5,10.0
2022-09-13 04:09,12748.75,12748.75,12743.75,12743.75,40.0
2022-09-13 04:10,12743.5,12745.5,12742.0,12745.5,57.0
2022-09-13 04:11,12745.5,12747.75,12744.5,12744.5,23.0
2022-09-13 04:12,12744.25,12744.25,12741.5,12742.75,36.0
2022-09-13 04:13,12742.25,12743.5,12742.0,12743.5,12.0
2022-09-13 04:14,12743.75,12744.0,12743.0,12743.25,10.0
2022-09-13 04:15,12744.0,12744.0,12743.25,12743.75,6.0
2022-09-13 04:16,12744.75,12745.75,12743.5,12745.5,19.0
2022-09-13 04:17,12745.5,12745.5,12743.5,12744.0,52.0
2022-09-13 04:18,12745.0,12745.75,12745.0,12745.75,17.0
2022-09-13 04:19,12745.75,12747.25,12745.5,12747.25,30.0
2022-09-13 04:20,12747.0,12748.0,12746.75,12747.75,30.0
2022-09-13 04:21,12748.25,12749.75,12748.25,12749.0,24.0
2022-09-13 04:22,12749.0,12749.0,12747.25,12747.25,18.0
2022-09-13 04:23,12746.75,12747.25,12746.5,12747.0,22.0
2022-09-13 04:24,12747.0,12749.75,12745.5,12749.0,43.0
2022-09-13 04:25,12749.5,12749.75,12748.25,12748.25,14.0
2022-09-13 04:26,12749.0,12749.0,12748.5,12748.75,12.0
2022-09-13 04:27,12748.75,12748.75,12748.75,12748.75,4.0
2022-09-13 04:28,12748.5,12749.25,12748.5,12748.5,10.0
2022-09-13 04:29,12749.5,12751.25,12748.25,12748.25,27.0
2022-09-13 04:30,12748.5,12751.0,12748.0,12751.0,16.0
2022-09-13 04:31,12750.25,12751.0,12750.25,12750.5,5.0
2022-09-13 04:32,12750.5,12752.0,12749.75,12751.25,32.0
2022-09-13 04:33,12751.0,12751.25,12750.5,12751.0,8.0
2022-09-13 04:34,12751.0,12751.0,12750.5,12750.5,8.0
2022-09-13 04:35,12750.5,12750.5,12749.0,12749.0,15.0
2022-09-13 04:36,12749.0,12749.5,12749.0,12749.25,3.0
2022-09-13 04:37,12749.0,12750.75,12749.0,12750.75,12.0
2022-09-13 04:38,12749.75,12749.75,12749.75,12749.75,1.0
2022-09-13 04:39,12749.25,12749.75,12749.0,12749.0,7.0
2022-09-13 04:40,12749.0,12749.0,12748.5,12748.75,3.0
2022-09-13 04:41,12748.5,12749.75,12747.75,12749.75,9.0
2022-09-13 04:42,12749.75,12750.0,12749.0,12749.0,8.0
2022-09-13 04:43,12749.25,12749.25,12746.0,12746.0,21.0
2022-09-13 04:44,12745.75,12746.25,12745.0,12745.5,27.0
2022-09-13 04:45,12746.0,12746.25,12746.0,12746.25,5.0
2022-09-13 04:46,12745.75,12745.75,12743.5,12744.0,26.0
2022-09-13 04:47,12743.5,12744.5,12743.5,12744.0,18.0
2022-09-13 04:48,12744.75,12746.0,12744.75,12745.0,11.0
2022-09-13 04:49,12743.5,12743.5,12742.5,12743.25,24.0
2022-09-13 04:50,12743.5,12744.0,12742.5,12743.25,23.0
2022-09-13 04:51,12744.5,12745.75,12744.0,12745.5,8.0
2022-09-13 04:52,12745.0,12745.0,12744.0,12744.75,12.0
2022-09-13 04:53,12745.5,12746.0,12744.75,12745.75,18.0
2022-09-13 04:54,12745.25,12746.75,12745.25,12746.75,9.0
2022-09-13 04:55,12747.0,12748.5,12746.75,12748.0,29.0
2022-09-13 04:56,12748.5,12748.5,12746.75,12747.75,6.0
2022-09-13 04:57,12747.25,12747.5,12747.25,12747.5,2.0
2022-09-13 04:58,12748.0,12748.0,12748.0,12748.0,1.0
2022-09-13 04:59,12748.5,12749.0,12748.5,12748.75,16.0
2022-09-13 05:00,12748.75,12749.5,12745.25,12745.25,33.0
2022-09-13 05:01,12745.5,12748.5,12745.5,12747.0,42.0
2022-09-13 05:02,12747.0,12747.75,12746.25,12747.5,16.0
2022-09-13 05:03,12748.0,12748.0,12746.0,12746.5,20.0
2022-09-13 05:04,12746.0,12746.0,12742.75,12743.25,43.0
2022-09-13 05:05,12744.0,12745.0,12743.25,12745.0,17.0
2022-09-13 05:06,12745.25,12745.5,12743.75,12743.75,19.0
2022-09-13 05:07,12743.75,12744.5,12743.5,12743.5,10.0
2022-09-13 05:08,12743.25,12745.75,12742.75,12745.25,75.0
2022-09-13 05:09,12745.25,12747.0,12745.0,12745.75,35.0
2022-09-13 05:10,12746.0,12746.0,12744.75,12746.0,6.0
2022-09-13 05:11,12746.25,12748.5,12746.25,12748.25,38.0
2022-09-13 05:12,12748.5,12748.75,12746.5,12748.5,53.0
2022-09-13 05:13,12748.5,12751.0,12748.0,12751.0,32.0
2022-09-13 05:14,12751.25,12752.5,12750.5,12751.0,35.0
2022-09-13 05:15,12751.5,12754.0,12751.5,12753.5,27.0
2022-09-13 05:16,12754.25,12755.0,12753.25,12754.5,26.0
2022-09-13 05:17,12754.0,12755.0,12753.25,12754.25,33.0
2022-09-13 05:18,12754.25,12754.5,12751.75,12751.75,19.0
2022-09-13 05:19,12751.75,12753.0,12751.75,12753.0,16.0
2022-09-13 05:20,12753.25,12754.0,12752.75,12753.0,8.0
2022-09-13 05:21,12752.5,12752.5,12751.0,12751.0,15.0
2022-09-13 05:22,12751.25,12752.75,12750.0,12750.75,18.0
2022-09-13 05:23,12751.0,12751.75,12751.0,12751.75,6.0
2022-09-13 05:24,12750.5,12751.0,12749.25,12750.0,19.0
2022-09-13 05:25,12751.0,12751.75,12750.75,12750.75,5.0
2022-09-13 05:26,12751.25,12751.25,12751.0,12751.0,2.0
2022-09-13 05:27,12751.25,12752.75,12751.25,12752.0,13.0
2022-09-13 05:28,12752.5,12753.25,12751.5,12751.75,26.0
2022-09-13 05:29,12752.25,12754.25,12751.0,12753.0,35.0
2022-09-13 05:30,12752.5,12753.0,12751.0,12752.25,29.0
2022-09-13 05:31,12752.0,12753.25,12751.75,12751.75,11.0
2022-09-13 05:32,12752.5,12753.75,12752.5,12753.75,18.0
2022-09-13 05:33,12753.75,12756.5,12753.25,12756.25,38.0
2022-09-13 05:34,12755.75,12759.0,12755.75,12758.0,60.0
2022-09-13 05:35,12758.75,12758.75,12757.25,12758.25,31.0
2022-09-13 05:36,12758.0,12758.25,12756.5,12756.75,34.0
2022-09-13 05:37,12756.75,12758.0,12756.25,12756.25,17.0
2022-09-13 05:38,12756.0,12758.5,12755.5,12758.0,13.0
2022-09-13 05:39,12758.5,12758.5,12757.0,12758.25,38.0
2022-09-13 05:40,12757.25,12758.5,12756.75,12758.5,11.0
2022-09-13 05:41,12758.75,12760.0,12758.75,12758.75,48.0
2022-09-13 05:42,12759.25,12761.5,12759.0,12761.0,33.0
2022-09-13 05:43,12761.25,12763.25,12759.25,12759.5,68.0
2022-09-13 05:44,12759.5,12760.25,12757.25,12757.25,37.0
2022-09-13 05:45,12758.0,12758.25,12756.25,12757.25,25.0
2022-09-13 05:46,12757.0,12758.25,12757.0,12757.25,18.0
2022-09-13 05:47,12757.25,12758.25,12755.5,12756.75,48.0
2022-09-13 05:48,12756.75,12761.0,12756.75,12759.75,87.0
2022-09-13 05:49,12759.25,12761.25,12758.25,12761.0,34.0
2022-09-13 05:50,12761.5,12762.0,12760.5,12761.0,41.0
2022-09-13 05:51,12761.0,12766.0,12761.0,12765.5,94.0
2022-09-13 05:52,12765.75,12767.5,12765.25,12766.0,39.0
2022-09-13 05:53,12766.75,12768.25,12766.75,12768.0,23.0
2022-09-13 05:54,12767.5,12773.5,12767.5,12772.5,202.0
2022-09-13 05:55,12772.5,12773.0,12768.5,12768.75,47.0
2022-09-13 05:56,12768.5,12768.75,12765.5,12766.75,53.0
2022-09-13 05:57,12766.75,12768.25,12766.5,12767.25,14.0
2022-09-13 05:58,12768.0,12770.0,12767.25,12768.5,24.0
2022-09-13 05:59,12769.25,12774.25,12769.25,12772.0,118.0
2022-09-13 06:00,12772.0,12774.5,12766.25,12773.5,235.0
2022-09-13 06:01,12773.5,12778.0,12773.5,12776.75,237.0
2022-09-13 06:02,12777.75,12784.0,12776.75,12782.75,206.0
2022-09-13 06:03,12782.75,12784.25,12780.5,12781.0,88.0
2022-09-13 06:04,12781.0,12782.0,12778.5,12779.5,68.0
2022-09-13 06:05,12779.25,12788.5,12779.25,12787.0,160.0
2022-09-13 06:06,12787.25,12789.5,12785.25,12786.0,59.0
2022-09-13 06:07,12786.0,12787.5,12785.5,12786.75,42.0
2022-09-13 06:08,12786.5,12789.25,12786.5,12787.25,40.0
2022-09-13 06:09,12787.75,12791.75,12786.5,12791.25,102.0
2022-09-13 06:10,12791.5,12796.0,12791.5,12795.0,201.0
2022-09-13 06:11,12794.75,12795.5,12791.5,12793.0,96.0
2022-09-13 06:12,12793.75,12798.75,12791.25,12798.5,125.0
2022-09-13 06:13,12797.75,12798.75,12796.25,12798.0,92.0
2022-09-13 06:14,12797.5,12799.0,12796.0,12797.75,66.0
2022-09-13 06:15,12797.0,12798.75,12795.25,12795.5,78.0
2022-09-13 06:16,12795.5,12796.0,12792.25,12793.5,78.0
2022-09-13 06:17,12793.5,12795.0,12793.0,12793.0,56.0
2022-09-13 06:18,12792.5,12794.25,12791.75,12793.0,53.0
2022-09-13 06:19,12792.75,12794.75,12791.5,12791.75,52.0
2022-09-13 06:20,12791.5,12795.75,12789.25,12795.75,120.0
2022-09-13 06:21,12795.75,12798.5,12794.5,12795.5,129.0
2022-09-13 06:22,12796.25,12798.25,12795.25,12797.75,61.0
2022-09-13 06:23,12797.75,12804.0,12796.75,12803.75,161.0
2022-09-13 06:24,12803.5,12806.25,12799.5,12800.25,176.0
2022-09-13 06:25,12799.25,12800.75,12798.25,12798.25,60.0
2022-09-13 06:26,12799.0,12800.0,12798.25,12799.0,66.0
2022-09-13 06:27,12798.75,12801.0,12798.25,12800.0,84.0
2022-09-13 06:28,12800.75,12803.75,12800.25,12802.75,27.0
2022-09-13 06:29,12802.0,12802.0,12798.75,12799.5,72.0
2022-09-13 06:30,12799.25,12800.75,12797.75,12798.25,51.0
2022-09-13 06:31,12798.75,12800.0,12796.0,12796.0,59.0
2022-09-13 06:32,12796.5,12801.25,12796.5,12800.75,53.0
2022-09-13 06:33,12800.5,12800.5,12797.25,12797.25,30.0
2022-09-13 06:34,12797.75,12800.75,12797.75,12798.75,45.0
2022-09-13 06:35,12799.75,12799.75,12797.5,12799.25,33.0
2022-09-13 06:36,12799.0,12800.0,12798.75,12799.75,14.0
2022-09-13 06:37,12799.75,12799.75,12797.25,12798.0,28.0
2022-09-13 06:38,12798.75,12802.5,12798.75,12801.0,47.0
2022-09-13 06:39,12800.0,12803.0,12799.25,12802.75,35.0
2022-09-13 06:40,12802.75,12802.75,12799.25,12800.5,50.0
2022-09-13 06:41,12800.5,12800.75,12798.0,12798.0,34.0
2022-09-13 06:42,12797.75,12798.0,12790.25,12791.0,178.0
2022-09-13 06:43,12791.5,12792.0,12789.5,12791.0,51.0
2022-09-13 06:44,12791.0,12791.75,12790.0,12790.75,59.0
2022-09-13 06:45,12790.0,12790.0,12785.25,12786.25,120.0
2022-09-13 06:46,12786.25,12786.5,12781.75,12783.0,85.0
2022-09-13 06:47,12783.5,12787.75,12783.25,12786.25,53.0
2022-09-13 06:48,12787.0,12787.0,12784.0,12784.75,36.0
2022-09-13 06:49,12784.5,12785.75,12784.0,12785.75,34.0
2022-09-13 06:50,12784.5,12784.5,12781.0,12782.75,57.0
2022-09-13 06:51,12783.0,12786.0,12783.0,12786.0,50.0
2022-09-13 06:52,12785.25,12787.25,12784.5,12785.5,63.0
2022-09-13 06:53,12785.5,12785.5,12783.0,12783.75,20.0
2022-09-13 06:54,12783.5,12788.5,12783.5,12787.0,55.0
2022-09-13 06:55,12787.25,12787.25,12784.75,12786.0,32.0
2022-09-13 06:56,12786.25,12787.75,12786.25,12787.0,24.0
2022-09-13 06:57,12787.5,12787.5,12784.75,12786.0,40.0
2022-09-13 06:58,12786.75,12786.75,12786.0,12786.0,10.0
2022-09-13 06:59,12785.0,12788.75,12783.75,12787.5,46.0
2022-09-13 07:00,12787.0,12800.5,12785.75,12797.75,280.0
2022-09-13 07:01,12796.75,12801.25,12795.75,12798.25,118.0
2022-09-13 07:02,12797.75,12805.0,12795.75,12801.25,159.0
2022-09-13 07:03,12800.5,12802.0,12797.0,12797.0,93.0
2022-09-13 07:04,12797.5,12799.0,12793.5,12796.0,106.0
2022-09-13 07:05,12796.5,12797.75,12791.5,12792.0,90.0
2022-09-13 07:06,12792.25,12792.25,12783.75,12786.5,175.0
2022-09-13 07:07,12786.75,12789.25,12785.5,12789.0,75.0
2022-09-13 07:08,12789.5,12790.25,12780.25,12780.5,192.0
2022-09-13 07:09,12780.25,12781.0,12773.75,12773.75,158.0
2022-09-13 07:10,12773.75,12778.5,12773.5,12778.5,117.0
2022-09-13 07:11,12777.25,12777.5,12774.0,12776.0,94.0
2022-09-13 07:12,12776.25,12779.25,12774.0,12776.5,61.0
2022-09-13 07:13,12776.5,12776.5,12771.5,12771.5,86.0
2022-09-13 07:14,12772.25,12775.0,12770.75,12771.5,86.0
2022-09-13 07:15,12771.0,12777.75,12768.5,12776.0,142.0
2022-09-13 07:16,12775.75,12776.25,12771.5,12771.75,101.0
2022-09-13 07:17,12772.0,12775.75,12770.75,12773.5,49.0
2022-09-13 07:18,12773.5,12775.0,12770.5,12774.0,59.0
2022-09-13 07:19,12775.0,12778.0,12772.25,12772.5,108.0
2022-09-13 07:20,12772.0,12778.0,12772.0,12777.0,77.0
2022-09-13 07:21,12777.75,12780.0,12775.75,12779.0,65.0
2022-09-13 07:22,12779.25,12779.75,12778.25,12779.75,29.0
2022-09-13 07:23,12780.5,12783.0,12778.75,12781.25,69.0
2022-09-13 07:24,12780.75,12780.75,12776.75,12778.5,70.0
2022-09-13 07:25,12778.0,12778.0,12772.25,12777.75,89.0
2022-09-13 07:26,12778.0,12779.75,12776.0,12779.75,29.0
2022-09-13 07:27,12779.5,12785.0,12779.5,12784.0,122.0
2022-09-13 07:28,12783.5,12786.25,12782.5,12784.25,69.0
2022-09-13 07:29,12783.5,12785.25,12781.75,12781.75,43.0
2022-09-13 07:30,12783.25,12789.0,12783.25,12786.0,110.0
2022-09-13 07:31,12787.0,12787.5,12782.5,12785.75,97.0
2022-09-13 07:32,12786.25,12790.75,12786.25,12790.75,68.0
2022-09-13 07:33,12789.5,12794.5,12789.25,12792.0,113.0
2022-09-13 07:34,12792.75,12792.75,12787.75,12789.25,59.0
2022-09-13 07:35,12788.75,12790.0,12786.25,12788.0,96.0
2022-09-13 07:36,12789.0,12790.0,12787.0,12788.25,61.0
2022-09-13 07:37,12787.25,12790.75,12784.5,12784.5,111.0
2022-09-13 07:38,12784.5,12786.5,12779.25,12781.25,135.0
2022-09-13 07:39,12781.25,12790.75,12781.25,12790.25,125.0
2022-09-13 07:40,12790.0,12793.0,12787.0,12787.75,127.0
2022-09-13 07:41,12787.5,12787.5,12783.25,12784.25,44.0
2022-09-13 07:42,12784.25,12789.25,12783.0,12788.5,78.0
2022-09-13 07:43,12788.75,12792.0,12787.75,12790.75,38.0
2022-09-13 07:44,12790.0,12791.75,12788.0,12788.0,60.0
2022-09-13 07:45,12790.0,12792.25,12786.25,12790.25,59.0
2022-09-13 07:46,12789.5,12794.25,12786.25,12794.25,89.0
2022-09-13 07:47,12793.75,12800.5,12793.75,12798.75,127.0
2022-09-13 07:48,12798.75,12799.5,12797.0,12799.25,46.0
2022-09-13 07:49,12799.25,12808.75,12798.5,12806.75,259.0
2022-09-13 07:50,12807.25,12809.75,12804.0,12807.75,155.0
2022-09-13 07:51,12808.5,12808.75,12804.5,12806.75,70.0
2022-09-13 07:52,12807.0,12810.25,12804.0,12805.25,113.0
2022-09-13 07:53,12806.25,12806.25,12801.75,12803.0,76.0
2022-09-13 07:54,12804.0,12807.5,12803.5,12807.5,60.0
2022-09-13 07:55,12807.5,12807.5,12804.5,12806.0,54.0
2022-09-13 07:56,12805.25,12805.75,12801.0,12802.0,73.0
2022-09-13 07:57,12802.0,12805.75,12801.25,12801.5,24.0
2022-09-13 07:58,12802.5,12803.5,12799.0,12800.25,71.0
2022-09-13 07:59,12800.0,12803.0,12799.0,12801.25,71.0
2022-09-13 08:00,12803.0,12804.0,12801.0,12804.0,67.0
2022-09-13 08:01,12804.0,12804.5,12801.25,12804.0,29.0
2022-09-13 08:02,12802.75,12804.75,12802.0,12802.0,45.0
2022-09-13 08:03,12802.75,12802.75,12797.75,12801.25,71.0
2022-09-13 08:04,12800.25,12801.0,12796.75,12799.75,95.0
2022-09-13 08:05,12800.0,12800.0,12796.75,12797.5,37.0
2022-09-13 08:06,12798.0,12799.0,12795.5,12795.75,40.0
2022-09-13 08:07,12795.75,12797.5,12794.0,12795.25,62.0
2022-09-13 08:08,12794.75,12794.75,12788.25,12789.75,121.0
2022-09-13 08:09,12788.5,12796.75,12788.0,12791.5,316.0
2022-09-13 08:10,12791.25,12797.25,12790.25,12793.0,103.0
2022-09-13 08:11,12792.25,12796.75,12791.5,12796.25,47.0
2022-09-13 08:12,12796.0,12798.25,12794.5,12797.25,66.0
2022-09-13 08:13,12797.75,12798.75,12794.25,12794.25,53.0
2022-09-13 08:14,12794.0,12794.0,12791.25,12792.25,61.0
2022-09-13 08:15,12791.5,12797.25,12790.25,12797.25,65.0
2022-09-13 08:16,12797.25,12798.25,12795.5,12795.5,30.0
2022-09-13 08:17,12794.25,12795.5,12790.5,12795.25,65.0
2022-09-13 08:18,12795.5,12796.0,12791.75,12795.25,43.0
2022-09-13 08:19,12796.5,12797.0,12791.75,12795.25,60.0
2022-09-13 08:20,12795.75,12797.75,12795.5,12795.5,50.0
2022-09-13 08:21,12794.5,12794.5,12789.0,12789.75,57.0
2022-09-13 08:22,12790.0,12795.0,12790.0,12795.0,49.0
2022-09-13 08:23,12794.5,12797.25,12794.0,12795.0,19.0
2022-09-13 08:24,12795.5,12801.5,12795.5,12799.25,69.0
2022-09-13 08:25,12799.25,12801.25,12797.75,12798.5,61.0
2022-09-13 08:26,12797.5,12799.0,12794.5,12795.0,44.0
2022-09-13 08:27,12794.25,12797.75,12794.25,12796.5,38.0
2022-09-13 08:28,12796.0,12799.5,12796.0,12799.0,35.0
2022-09-13 08:29,12798.5,12799.0,12796.0,12796.0,38.0
2022-09-13 08:30,12796.0,12798.5,12795.25,12796.75,53.0
2022-09-13 08:31,12796.5,12798.0,12794.5,12797.25,78.0
2022-09-13 08:32,12797.0,12797.5,12794.75,12797.0,55.0
2022-09-13 08:33,12795.75,12798.25,12795.75,12797.0,22.0
2022-09-13 08:34,12797.0,12798.25,12792.75,12793.5,48.0
2022-09-13 08:35,12793.75,12794.0,12790.75,12791.5,60.0
2022-09-13 08:36,12790.75,12792.0,12789.0,12792.0,46.0
2022-09-13 08:37,12792.0,12792.5,12789.75,12792.0,39.0
2022-09-13 08:38,12792.25,12793.75,12789.25,12789.25,72.0
2022-09-13 08:39,12789.0,12789.0,12786.0,12787.0,73.0
2022-09-13 08:40,12788.5,12790.25,12785.5,12785.75,39.0
2022-09-13 08:41,12785.0,12785.75,12783.0,12783.25,92.0
2022-09-13 08:42,12784.25,12787.5,12783.0,12785.5,80.0
2022-09-13 08:43,12785.75,12789.75,12785.75,12789.75,32.0
2022-09-13 08:44,12789.0,12789.0,12786.25,12787.0,28.0
2022-09-13 08:45,12787.75,12788.0,12784.5,12786.5,41.0
2022-09-13 08:46,12785.75,12793.5,12785.5,12793.0,75.0
2022-09-13 08:47,12793.25,12794.5,12788.0,12793.5,74.0
2022-09-13 08:48,12795.0,12795.5,12791.25,12793.5,37.0
2022-09-13 08:49,12793.25,12797.5,12793.25,12797.5,48.0
2022-09-13 08:50,12796.75,12798.25,12795.0,12795.0,58.0
2022-09-13 08:51,12795.5,12795.75,12793.25,12794.0,23.0
2022-09-13 08:52,12794.5,12796.75,12790.5,12791.75,36.0
2022-09-13 08:53,12791.5,12793.0,12786.5,12786.5,100.0
2022-09-13 08:54,12787.75,12789.25,12786.25,12787.25,64.0
2022-09-13 08:55,12787.5,12789.75,12786.5,12787.25,42.0
2022-09-13 08:56,12787.25,12789.5,12786.75,12787.75,38.0
2022-09-13 08:57,12788.75,12790.5,12787.75,12788.75,34.0
2022-09-13 08:58,12789.0,12793.5,12789.0,12793.25,38.0
2022-09-13 08:59,12792.25,12794.75,12791.5,12793.5,69.0
2022-09-13 09:00,12793.5,12797.0,12788.0,12788.75,109.0
2022-09-13 09:01,12789.25,12791.75,12786.25,12789.0,65.0
2022-09-13 09:02,12790.0,12792.0,12786.75,12792.0,51.0
2022-09-13 09:03,12791.0,12792.5,12788.75,12792.5,34.0
2022-09-13 09:04,12792.5,12794.75,12792.0,12793.5,42.0
2022-09-13 09:05,12794.75,12797.25,12792.75,12793.25,84.0
2022-09-13 09:06,12794.0,12796.25,12793.0,12793.0,44.0
2022-09-13 09:07,12794.0,12794.0,12789.5,12789.5,52.0
2022-09-13 09:08,12789.25,12793.25,12789.0,12793.0,33.0
2022-09-13 09:09,12792.75,12793.75,12791.0,12791.75,20.0
2022-09-13 09:10,12791.5,12793.5,12790.0,12790.0,29.0
2022-09-13 09:11,12790.0,12791.0,12789.0,12789.0,42.0
2022-09-13 09:12,12788.5,12789.5,12786.75,12787.25,81.0
2022-09-13 09:13,12786.5,12786.75,12780.25,12782.5,131.0
2022-09-13 09:14,12781.5,12783.0,12780.5,12782.25,64.0
2022-09-13 09:15,12782.75,12785.75,12782.0,12783.0,53.0
2022-09-13 09:16,12782.5,12786.5,12782.5,12785.25,34.0
2022-09-13 09:17,12785.5,12786.25,12784.0,12786.0,16.0
2022-09-13 09:18,12787.0,12787.0,12785.5,12786.25,24.0
2022-09-13 09:19,12786.75,12787.0,12782.75,12783.0,50.0
2022-09-13 09:20,12784.0,12784.0,12782.75,12783.5,12.0
2022-09-13 09:21,12782.75,12785.25,12782.0,12783.75,24.0
2022-09-13 09:22,12785.5,12785.75,12784.0,12784.0,12.0
2022-09-13 09:23,12783.5,12783.5,12781.0,12782.0,31.0
2022-09-13 09:24,12782.5,12784.0,12780.75,12783.25,27.0
2022-09-13 09:25,12782.5,12784.0,12780.25,12781.25,47.0
2022-09-13 09:26,12780.75,12781.5,12778.25,12781.5,62.0
2022-09-13 09:27,12781.75,12783.25,12777.75,12778.5,65.0
2022-09-13 09:28,12778.75,12781.25,12777.5,12781.0,48.0
2022-09-13 09:29,12781.0,12781.75,12779.25,12781.0,75.0
2022-09-13 09:30,12780.5,12785.0,12780.5,12785.0,49.0
2022-09-13 09:31,12785.0,12790.0,12785.0,12787.5,98.0
2022-09-13 09:32,12787.75,12789.25,12785.0,12785.5,69.0
2022-09-13 09:33,12785.75,12787.0,12783.75,12783.75,38.0
2022-09-13 09:34,12783.75,12786.0,12783.75,12784.25,33.0
2022-09-13 09:35,12783.0,12783.0,12778.75,12778.75,66.0
2022-09-13 09:36,12778.25,12783.0,12775.25,12777.75,208.0
2022-09-13 09:37,12778.5,12783.0,12778.0,12781.5,41.0
2022-09-13 09:38,12782.5,12782.75,12780.25,12780.25,35.0
2022-09-13 09:39,12780.5,12782.0,12779.25,12782.0,60.0
2022-09-13 09:40,12781.0,12782.25,12780.5,12781.5,15.0
2022-09-13 09:41,12782.25,12782.5,12780.5,12780.75,20.0
2022-09-13 09:42,12781.0,12784.75,12781.0,12783.75,32.0
2022-09-13 09:43,12784.25,12788.5,12784.25,12787.75,92.0
2022-09-13 09:44,12787.75,12787.75,12783.25,12783.75,60.0
2022-09-13 09:45,12784.25,12785.0,12783.0,12784.25,31.0
2022-09-13 09:46,12784.75,12785.5,12783.25,12784.0,27.0
2022-09-13 09:47,12783.5,12784.0,12780.0,12782.75,60.0
2022-09-13 09:48,12782.75,12784.0,12779.75,12781.25,31.0
2022-09-13 09:49,12781.5,12781.5,12777.75,12779.0,50.0
2022-09-13 09:50,12779.0,12780.0,12778.25,12778.75,29.0
2022-09-13 09:51,12779.0,12779.75,12777.75,12779.25,24.0
2022-09-13 09:52,12779.75,12782.0,12778.75,12780.0,50.0
2022-09-13 09:53,12780.75,12784.75,12780.75,12784.75,28.0
2022-09-13 09:54,12784.25,12788.0,12783.75,12787.5,85.0
2022-09-13 09:55,12787.5,12789.75,12783.75,12786.75,186.0
2022-09-13 09:56,12787.25,12790.75,12787.0,12790.75,47.0
2022-09-13 09:57,12791.0,12793.25,12790.0,12790.75,41.0
2022-09-13 09:58,12790.75,12792.0,12789.0,12789.75,56.0
2022-09-13 09:59,12789.75,12790.75,12789.5,12789.75,12.0
2022-09-13 10:00,12788.75,12789.25,12787.75,12789.25,29.0
2022-09-13 10:01,12787.5,12787.5,12782.5,12783.25,72.0
2022-09-13 10:02,12783.25,12785.0,12783.25,12784.25,24.0
2022-09-13 10:03,12783.75,12786.25,12783.0,12785.0,21.0
2022-09-13 10:04,12784.75,12784.75,12782.75,12783.75,29.0
2022-09-13 10:05,12783.5,12784.75,12783.5,12784.75,17.0
2022-09-13 10:06,12785.75,12788.0,12784.75,12786.75,31.0
2022-09-13 10:07,12786.75,12788.25,12783.75,12783.75,54.0
2022-09-13 10:08,12783.75,12785.5,12783.75,12785.5,6.0
2022-09-13 10:09,12785.5,12786.0,12785.5,12786.0,7.0
2022-09-13 10:10,12787.5,12789.25,12787.0,12788.0,17.0
2022-09-13 10:11,12788.5,12791.0,12788.5,12790.25,68.0
2022-09-13 10:12,12789.75,12792.0,12789.0,12790.75,110.0
2022-09-13 10:13,12790.5,12792.25,12790.5,12790.5,71.0
2022-09-13 10:14,12790.25,12791.5,12786.5,12787.5,80.0
2022-09-13 10:15,12787.25,12788.75,12787.0,12788.0,51.0
2022-09-13 10:16,12787.25,12795.0,12786.5,12794.75,101.0
2022-09-13 10:17,12794.0,12797.75,12793.25,12796.5,102.0
2022-09-13 10:18,12797.0,12797.0,12794.0,12794.5,58.0
2022-09-13 10:19,12794.5,12796.5,12793.5,12796.0,87.0
2022-09-13 10:20,12795.75,12796.0,12793.0,12793.5,71.0
2022-09-13 10:21,12793.5,12794.0,12790.5,12790.5,115.0
2022-09-13 10:22,12790.75,12792.75,12788.0,12791.0,99.0
2022-09-13 10:23,12791.25,12794.75,12789.0,12794.0,107.0
2022-09-13 10:24,12793.5,12793.5,12791.5,12793.25,53.0
2022-09-13 10:25,12792.25,12795.5,12791.0,12793.75,75.0
2022-09-13 10:26,12793.5,12796.5,12793.0,12794.75,61.0
2022-09-13 10:27,12795.0,12797.75,12794.75,12797.25,67.0
2022-09-13 10:28,12796.75,12798.5,12796.75,12797.5,34.0
2022-09-13 10:29,12797.5,12798.5,12793.5,12793.5,105.0
2022-09-13 10:30,12794.0,12797.5,12793.75,12797.5,47.0
2022-09-13 10:31,12798.0,12799.0,12797.0,12798.25,46.0
2022-09-13 10:32,12798.25,12806.5,12798.25,12804.0,195.0
2022-09-13 10:33,12803.75,12803.75,12802.25,12802.25,71.0
2022-09-13 10:34,12802.0,12806.5,12801.5,12806.5,42.0
2022-09-13 10:35,12805.75,12805.75,12802.0,12803.25,46.0
2022-09-13 10:36,12803.75,12805.0,12802.75,12803.75,23.0
2022-09-13 10:37,12804.25,12806.75,12804.25,12806.75,31.0
2022-09-13 10:38,12806.5,12809.75,12806.25,12807.0,133.0
2022-09-13 10:39,12807.0,12812.0,12807.0,12809.25,143.0
2022-09-13 10:40,12809.0,12809.0,12806.25,12807.0,37.0
2022-09-13 10:41,12809.0,12810.5,12807.5,12809.0,69.0
2022-09-13 10:42,12808.75,12808.75,12807.5,12808.25,21.0
2022-09-13 10:43,12807.75,12807.75,12804.5,12804.75,35.0
2022-09-13 10:44,12805.0,12805.75,12803.0,12803.5,40.0
2022-09-13 10:45,12804.0,12805.0,12802.5,12802.75,38.0
2022-09-13 10:46,12803.75,12807.25,12803.5,12806.25,49.0
2022-09-13 10:47,12805.75,12808.25,12805.75,12808.25,22.0
2022-09-13 10:48,12807.0,12809.25,12807.0,12808.5,31.0
2022-09-13 10:49,12808.5,12810.75,12808.5,12810.0,60.0
2022-09-13 10:50,12809.5,12817.0,12809.5,12816.25,240.0
2022-09-13 10:51,12816.25,12818.0,12814.25,12818.0,121.0
2022-09-13 10:52,12818.0,12820.75,12816.5,12819.75,179.0
2022-09-13 10:53,12818.75,12818.75,12816.75,12816.75,63.0
2022-09-13 10:54,12816.75,12818.0,12815.5,12817.75,62.0
2022-09-13 10:55,12817.5,12821.0,12817.25,12821.0,64.0
2022-09-13 10:56,12821.0,12823.25,12819.75,12823.25,104.0
2022-09-13 10:57,12822.75,12823.0,12820.0,12821.25,64.0
2022-09-13 10:58,12820.5,12820.5,12816.0,12817.75,172.0
2022-09-13 10:59,12818.0,12822.0,12817.5,12817.75,102.0
2022-09-13 11:00,12817.25,12821.0,12816.75,12821.0,115.0
2022-09-13 11:01,12821.0,12822.75,12820.0,12821.5,110.0
2022-09-13 11:02,12822.0,12822.75,12821.25,12822.0,52.0
2022-09-13 11:03,12822.5,12828.5,12822.0,12828.0,117.0
2022-09-13 11:04,12828.0,12829.5,12826.5,12828.25,102.0
2022-09-13 11:05,12828.25,12830.0,12827.75,12827.75,94.0
2022-09-13 11:06,12828.5,12829.5,12826.75,12828.5,91.0
2022-09-13 11:07,12828.25,12831.0,12828.0,12831.0,67.0
2022-09-13 11:08,12830.5,12833.5,12829.75,12833.5,131.0
2022-09-13 11:09,12833.0,12833.25,12828.0,12830.75,151.0
2022-09-13 11:10,12830.5,12833.0,12829.75,12830.25,80.0
2022-09-13 11:11,12829.5,12830.75,12825.25,12828.0,204.0
2022-09-13 11:12,12827.5,12828.0,12822.25,12823.5,183.0
2022-09-13 11:13,12823.5,12827.0,12823.25,12826.5,70.0
2022-09-13 11:14,12826.25,12827.5,12825.5,12825.75,26.0
2022-09-13 11:15,12825.75,12826.25,12822.5,12822.75,34.0
2022-09-13 11:16,12822.75,12822.75,12820.25,12822.5,124.0
2022-09-13 11:17,12822.5,12824.75,12822.5,12824.25,54.0
2022-09-13 11:18,12824.0,12825.5,12823.0,12824.0,79.0
2022-09-13 11:19,12824.0,12824.75,12819.75,12821.5,95.0
2022-09-13 11:20,12822.0,12824.5,12820.75,12823.25,66.0
2022-09-13 11:21,12824.0,12824.25,12821.5,12823.25,57.0
2022-09-13 11:22,12823.25,12825.0,12822.5,12822.5,31.0
2022-09-13 11:23,12822.5,12824.0,12822.25,12822.25,28.0
2022-09-13 11:24,12822.0,12823.5,12820.75,12821.5,58.0
2022-09-13 11:25,12822.0,12823.75,12822.0,12822.75,40.0
2022-09-13 11:26,12823.0,12824.75,12822.75,12824.75,27.0
2022-09-13 11:27,12824.75,12827.0,12822.25,12823.5,86.0
2022-09-13 11:28,12823.25,12824.75,12823.0,12824.5,19.0
2022-09-13 11:29,12824.5,12829.25,12823.75,12828.75,80.0
2022-09-13 11:30,12829.0,12830.5,12824.25,12828.0,103.0
2022-09-13 11:31,12828.25,12831.5,12826.75,12828.25,76.0
2022-09-13 11:32,12828.25,12829.75,12828.0,12828.75,37.0
2022-09-13 11:33,12828.75,12831.25,12828.25,12829.75,100.0
2022-09-13 11:34,12830.0,12837.5,12826.5,12837.0,165.0
2022-09-13 11:35,12838.0,12839.75,12834.0,12839.75,137.0
2022-09-13 11:36,12840.0,12842.25,12836.5,12839.25,175.0
2022-09-13 11:37,12840.0,12840.0,12835.75,12839.0,77.0
2022-09-13 11:38,12839.25,12840.0,12836.0,12836.0,51.0
2022-09-13 11:39,12836.5,12836.5,12830.5,12831.5,107.0
2022-09-13 11:40,12832.0,12833.25,12830.5,12833.0,54.0
2022-09-13 11:41,12831.5,12831.75,12828.25,12829.25,68.0
2022-09-13 11:42,12829.0,12829.75,12828.0,12828.0,57.0
2022-09-13 11:43,12827.75,12831.25,12827.75,12829.25,69.0
2022-09-13 11:44,12829.25,12831.5,12828.75,12829.0,51.0
2022-09-13 11:45,12829.0,12829.0,12825.75,12826.25,84.0
2022-09-13 11:46,12826.5,12827.5,12823.5,12827.25,75.0
2022-09-13 11:47,12827.75,12830.0,12827.25,12829.25,62.0
2022-09-13 11:48,12829.0,12829.0,12825.25,12825.25,33.0
2022-09-13 11:49,12825.25,12828.0,12825.25,12826.25,38.0
2022-09-13 11:50,12827.25,12828.5,12824.75,12826.75,72.0
2022-09-13 11:51,12827.0,12829.25,12826.25,12828.75,41.0
2022-09-13 11:52,12828.25,12830.0,12826.75,12829.5,26.0
2022-09-13 11:53,12829.75,12836.25,12828.0,12836.0,161.0
2022-09-13 11:54,12835.25,12836.25,12830.75,12832.0,111.0
2022-09-13 11:55,12832.25,12833.75,12829.25,12829.5,67.0
2022-09-13 11:56,12830.0,12834.75,12829.75,12834.0,57.0
2022-09-13 11:57,12834.5,12836.5,12833.0,12833.0,42.0
2022-09-13 11:58,12833.25,12833.25,12830.5,12831.5,55.0
2022-09-13 11:59,12831.25,12832.5,12830.75,12831.75,39.0
2022-09-13 12:00,12832.0,12834.25,12828.0,12830.25,59.0
2022-09-13 12:01,12830.0,12831.5,12825.75,12825.75,47.0
2022-09-13 12:02,12826.0,12827.5,12824.0,12826.75,69.0
2022-09-13 12:03,12827.75,12829.75,12825.75,12829.25,68.0
2022-09-13 12:04,12829.5,12837.25,12829.5,12837.0,124.0
2022-09-13 12:05,12837.0,12837.25,12833.0,12833.75,50.0
2022-09-13 12:06,12833.75,12836.5,12833.25,12835.5,89.0
2022-09-13 12:07,12835.5,12846.75,12835.0,12844.5,224.0
2022-09-13 12:08,12844.75,12849.0,12842.75,12846.0,160.0
2022-09-13 12:09,12845.0,12846.0,12842.5,12844.0,78.0
2022-09-13 12:10,12843.0,12844.0,12837.0,12838.0,129.0
2022-09-13 12:11,12837.75,12838.75,12828.75,12830.75,341.0
2022-09-13 12:12,12831.25,12834.0,12829.5,12831.25,312.0
2022-09-13 12:13,12830.25,12830.25,12825.25,12829.5,244.0
2022-09-13 12:14,12828.5,12828.5,12824.5,12825.5,92.0
2022-09-13 12:15,12825.25,12826.0,12819.5,12821.5,345.0
2022-09-13 12:16,12822.0,12822.75,12817.75,12821.25,324.0
2022-09-13 12:17,12821.25,12822.75,12819.25,12821.5,101.0
2022-09-13 12:18,12821.25,12825.0,12821.25,12823.25,106.0
2022-09-13 12:19,12822.0,12824.25,12821.0,12823.5,178.0
2022-09-13 12:20,12822.75,12824.75,12814.5,12816.25,286.0
2022-09-13 12:21,12816.25,12821.5,12815.5,12820.25,219.0
2022-09-13 12:22,12819.75,12829.75,12817.75,12829.25,342.0
2022-09-13 12:23,12829.0,12833.5,12827.75,12829.25,232.0
2022-09-13 12:24,12829.0,12834.0,12829.0,12833.5,292.0
2022-09-13 12:25,12833.75,12838.0,12830.5,12833.5,234.0
2022-09-13 12:26,12832.5,12859.0,12832.5,12858.0,522.0
2022-09-13 12:27,12858.75,12858.75,12846.0,12851.5,285.0
2022-09-13 12:28,12851.5,12851.75,12842.5,12842.75,204.0
2022-09-13 12:29,12842.75,12845.75,12827.75,12833.5,205.0
2022-09-13 12:30,12846.75,12889.0,12555.5,12556.75,4412.0
2022-09-13 12:31,12555.0,12558.0,12480.0,12502.5,2564.0
2022-09-13 12:32,12503.5,12508.5,12462.25,12466.5,2879.0
2022-09-13 12:33,12465.5,12491.25,12455.5,12476.5,2492.0
2022-09-13 12:34,12478.75,12523.0,12478.75,12511.5,2081.0
2022-09-13 12:35,12513.0,12522.25,12503.5,12513.5,1380.0
2022-09-13 12:36,12513.75,12513.75,12465.25,12478.25,1397.0
2022-09-13 12:37,12478.25,12484.0,12461.25,12462.5,1110.0
2022-09-13 12:38,12462.0,12463.0,12433.0,12440.25,1773.0
2022-09-13 12:39,12441.0,12453.0,12427.25,12438.5,1454.0
2022-09-13 12:40,12438.25,12442.25,12423.0,12430.0,1402.0
2022-09-13 12:41,12429.25,12439.25,12418.75,12431.5,1107.0
2022-09-13 12:42,12432.25,12449.5,12429.0,12443.5,925.0
2022-09-13 12:43,12442.75,12450.25,12433.75,12433.75,863.0
2022-09-13 12:44,12434.75,12446.5,12431.0,12445.5,879.0
2022-09-13 12:45,12445.25,12455.0,12435.25,12451.75,872.0
2022-09-13 12:46,12451.75,12467.75,12448.5,12466.25,925.0
2022-09-13 12:47,12466.5,12467.5,12455.75,12458.0,892.0
2022-09-13 12:48,12458.5,12466.5,12445.5,12446.75,697.0
2022-09-13 12:49,12446.75,12450.5,12441.25,12446.0,614.0
2022-09-13 12:50,12445.5,12448.5,12438.75,12447.25,717.0
2022-09-13 12:51,12448.75,12456.0,12437.75,12440.5,873.0
2022-09-13 12:52,12440.0,12445.75,12434.5,12439.25,1036.0
2022-09-13 12:53,12438.25,12440.25,12425.5,12430.75,936.0
2022-09-13 12:54,12430.0,12430.75,12398.25,12405.0,1511.0
2022-09-13 12:55,12405.75,12412.5,12401.0,12404.75,766.0
2022-09-13 12:56,12404.0,12405.5,12389.5,12397.5,809.0
2022-09-13 12:57,12397.0,12408.25,12384.25,12405.75,759.0
2022-09-13 12:58,12405.0,12406.75,12385.75,12387.25,675.0
2022-09-13 12:59,12387.0,12390.5,12375.75,12375.75,755.0
2022-09-13 13:00,12376.5,12382.75,12370.0,12376.5,1065.0
2022-09-13 13:01,12374.5,12375.75,12366.25,12367.25,826.0
2022-09-13 13:02,12367.75,12383.25,12366.0,12378.5,882.0
2022-09-13 13:03,12379.25,12388.5,12373.25,12385.75,716.0
2022-09-13 13:04,12386.25,12390.5,12379.25,12387.75,506.0
2022-09-13 13:05,12387.5,12389.75,12380.0,12385.25,441.0
2022-09-13 13:06,12386.0,12390.0,12376.25,12379.0,705.0
2022-09-13 13:07,12378.5,12392.5,12377.0,12386.25,369.0
2022-09-13 13:08,12386.5,12393.0,12371.5,12371.75,528.0
2022-09-13 13:09,12371.5,12389.75,12371.25,12383.25,491.0
2022-09-13 13:10,12381.5,12383.5,12374.0,12377.5,404.0
2022-09-13 13:11,12377.5,12381.5,12373.25,12379.5,353.0
2022-09-13 13:12,12379.25,12380.0,12367.25,12373.75,629.0
2022-09-13 13:13,12374.5,12375.0,12356.75,12358.25,586.0
2022-09-13 13:14,12357.25,12359.75,12350.5,12355.0,597.0
2022-09-13 13:15,12354.75,12354.75,12348.0,12350.0,567.0
2022-09-13 13:16,12350.5,12362.25,12347.75,12359.75,628.0
2022-09-13 13:17,12359.75,12363.5,12353.75,12355.25,557.0
2022-09-13 13:18,12354.0,12359.0,12351.5,12354.75,525.0
2022-09-13 13:19,12355.75,12369.25,12351.0,12369.25,601.0
2022-09-13 13:20,12368.5,12377.5,12364.25,12371.5,721.0
2022-09-13 13:21,12370.75,12382.75,12370.5,12377.5,499.0
2022-09-13 13:22,12377.0,12381.25,12370.0,12374.25,456.0
2022-09-13 13:23,12376.25,12383.0,12374.5,12383.0,526.0
2022-09-13 13:24,12382.0,12388.75,12381.25,12387.5,492.0
2022-09-13 13:25,12387.25,12387.25,12368.0,12368.0,502.0
2022-09-13 13:26,12367.5,12376.75,12366.0,12374.25,388.0
2022-09-13 13:27,12374.0,12379.5,12367.5,12374.0,440.0
2022-09-13 13:28,12374.5,12376.75,12370.5,12372.75,432.0
2022-09-13 13:29,12372.5,12375.75,12370.0,12374.5,467.0
2022-09-13 13:30,12375.0,12391.0,12361.75,12386.5,2856.0
2022-09-13 13:31,12387.25,12418.75,12379.25,12417.75,2028.0
2022-09-13 13:32,12418.25,12427.0,12399.25,12407.5,1920.0
2022-09-13 13:33,12407.25,12407.25,12381.5,12402.25,1293.0
2022-09-13 13:34,12402.75,12408.75,12376.5,12385.0,1414.0
2022-09-13 13:35,12385.75,12386.25,12342.0,12343.5,2156.0
2022-09-13 13:36,12343.5,12351.25,12338.0,12339.5,1633.0
2022-09-13 13:37,12339.25,12340.5,12326.0,12331.0,1407.0
2022-09-13 13:38,12331.0,12332.5,12321.5,12331.5,1323.0
2022-09-13 13:39,12331.75,12356.75,12328.5,12351.25,1535.0
2022-09-13 13:40,12351.5,12352.25,12333.25,12350.0,1451.0
2022-09-13 13:41,12348.75,12366.25,12342.75,12359.25,1766.0
2022-09-13 13:42,12358.5,12370.5,12354.0,12364.0,1638.0
2022-09-13 13:43,12364.75,12371.0,12346.25,12346.25,1436.0
2022-09-13 13:44,12346.75,12360.0,12332.5,12341.5,1676.0
2022-09-13 13:45,12341.75,12345.75,12330.25,12332.25,1424.0
2022-09-13 13:46,12332.0,12345.25,12326.25,12337.25,1653.0
2022-09-13 13:47,12337.0,12358.0,12329.0,12355.5,1353.0
2022-09-13 13:48,12355.75,12362.0,12343.0,12355.25,1126.0
2022-09-13 13:49,12355.5,12365.25,12349.5,12350.0,1108.0
2022-09-13 13:50,12350.5,12373.0,12348.5,12363.75,1566.0
2022-09-13 13:51,12364.25,12372.5,12351.75,12372.5,1012.0
2022-09-13 13:52,12372.5,12372.5,12350.25,12353.5,1242.0
2022-09-13 13:53,12353.5,12366.75,12339.5,12344.0,1080.0
2022-09-13 13:54,12343.25,12350.25,12337.25,12340.0,955.0
2022-09-13 13:55,12340.25,12345.25,12328.25,12330.75,1354.0
2022-09-13 13:56,12331.5,12333.0,12306.5,12321.5,1653.0
2022-09-13 13:57,12321.0,12330.0,12318.5,12325.5,914.0
2022-09-13 13:58,12325.0,12334.5,12313.75,12315.5,1001.0
2022-09-13 13:59,12315.25,12328.5,12305.25,12307.0,1283.0
2022-09-13 14:00,12306.0,12315.75,12297.0,12298.75,1774.0
2022-09-13 14:01,12298.5,12302.25,12281.75,12286.25,1822.0
2022-09-13 14:02,12286.0,12290.25,12277.5,12288.25,1183.0
2022-09-13 14:03,12288.25,12301.0,12287.0,12291.5,949.0
2022-09-13 14:04,12293.25,12301.0,12277.0,12282.0,926.0
2022-09-13 14:05,12282.5,12299.75,12277.75,12290.5,1121.0
2022-09-13 14:06,12290.75,12310.75,12279.5,12306.75,1260.0
2022-09-13 14:07,12307.75,12312.75,12301.0,12304.0,800.0
2022-09-13 14:08,12305.25,12309.75,12295.0,12297.5,760.0
2022-09-13 14:09,12297.25,12312.5,12287.75,12307.0,941.0
2022-09-13 14:10,12305.5,12308.0,12294.25,12302.0,747.0
2022-09-13 14:11,12302.0,12311.75,12292.5,12297.25,773.0
2022-09-13 14:12,12295.75,12306.75,12291.0,12293.25,876.0
2022-09-13 14:13,12293.5,12300.0,12288.5,12298.25,614.0
2022-09-13 14:14,12299.0,12321.75,12299.0,12306.25,934.0
2022-09-13 14:15,12305.75,12309.25,12292.0,12293.25,852.0
2022-09-13 14:16,12294.25,12308.0,12293.0,12300.5,592.0
2022-09-13 14:17,12301.5,12305.0,12291.0,12294.5,597.0
2022-09-13 14:18,12294.25,12329.25,12293.25,12320.25,1249.0
2022-09-13 14:19,12319.75,12325.25,12314.0,12323.5,1381.0
2022-09-13 14:20,12322.25,12324.25,12300.0,12310.5,1093.0
2022-09-13 14:21,12310.25,12311.75,12293.75,12294.0,762.0
2022-09-13 14:22,12293.75,12299.75,12282.5,12290.5,1417.0
2022-09-13 14:23,12290.0,12295.0,12280.0,12289.75,975.0
2022-09-13 14:24,12289.75,12292.0,12283.5,12288.25,564.0
2022-09-13 14:25,12289.0,12296.25,12280.75,12285.75,662.0
2022-09-13 14:26,12285.0,12300.0,12279.75,12281.5,1104.0
2022-09-13 14:27,12281.0,12299.25,12281.0,12297.75,556.0
2022-09-13 14:28,12297.0,12307.0,12295.75,12301.25,833.0
2022-09-13 14:29,12301.5,12305.75,12293.0,12293.75,596.0
2022-09-13 14:30,12293.75,12302.75,12287.0,12295.25,672.0
2022-09-13 14:31,12295.0,12299.5,12290.25,12295.25,468.0
2022-09-13 14:32,12295.0,12299.25,12272.75,12281.75,1403.0
2022-09-13 14:33,12282.5,12311.75,12282.5,12294.0,1478.0
2022-09-13 14:34,12294.25,12295.5,12273.0,12280.0,1045.0
2022-09-13 14:35,12280.75,12282.5,12275.25,12276.75,520.0
2022-09-13 14:36,12277.75,12280.75,12266.0,12268.25,800.0
2022-09-13 14:37,12269.25,12275.5,12262.5,12263.75,853.0
2022-09-13 14:38,12264.75,12268.25,12257.25,12259.0,916.0
2022-09-13 14:39,12259.5,12262.0,12255.75,12256.0,483.0
2022-09-13 14:40,12256.0,12261.5,12247.25,12247.25,849.0
2022-09-13 14:41,12247.75,12256.25,12247.75,12249.75,571.0
2022-09-13 14:42,12249.5,12250.25,12240.5,12240.5,822.0
2022-09-13 14:43,12240.75,12248.0,12236.5,12246.0,742.0
2022-09-13 14:44,12245.75,12249.75,12236.25,12244.0,779.0
2022-09-13 14:45,12244.0,12245.5,12236.5,12242.5,524.0
2022-09-13 14:46,12242.25,12243.0,12233.25,12240.0,568.0
2022-09-13 14:47,12239.5,12243.25,12235.5,12238.75,614.0
2022-09-13 14:48,12238.0,12241.5,12230.75,12232.75,810.0
2022-09-13 14:49,12233.0,12233.25,12221.5,12223.25,973.0
2022-09-13 14:50,12223.5,12223.75,12214.25,12222.0,926.0
2022-09-13 14:51,12222.0,12222.25,12210.0,12214.25,630.0
2022-09-13 14:52,12214.0,12227.0,12211.25,12224.25,746.0
2022-09-13 14:53,12224.75,12227.75,12212.75,12226.25,768.0
2022-09-13 14:54,12225.5,12231.0,12223.75,12224.75,650.0
2022-09-13 14:55,12225.0,12231.75,12223.25,12230.0,503.0
2022-09-13 14:56,12229.5,12235.25,12227.5,12232.25,483.0
2022-09-13 14:57,12232.0,12236.0,12230.5,12230.5,479.0
2022-09-13 14:58,12230.5,12235.0,12227.75,12227.75,390.0
2022-09-13 14:59,12227.5,12231.25,12224.75,12228.75,369.0
2022-09-13 15:00,12227.75,12228.5,12219.25,12220.0,743.0
2022-09-13 15:01,12220.5,12237.75,12219.5,12234.75,595.0
2022-09-13 15:02,12233.25,12236.25,12218.5,12220.5,740.0
2022-09-13 15:03,12220.25,12227.25,12214.75,12217.5,499.0
2022-09-13 15:04,12217.25,12224.25,12216.0,12221.25,390.0
2022-09-13 15:05,12221.25,12230.25,12218.0,12228.0,523.0
2022-09-13 15:06,12228.5,12230.5,12217.0,12218.0,386.0
2022-09-13 15:07,12217.75,12218.0,12210.25,12213.25,520.0
2022-09-13 15:08,12213.75,12215.5,12202.0,12203.25,702.0
2022-09-13 15:09,12204.0,12220.25,12202.5,12218.0,726.0
2022-09-13 15:10,12218.25,12222.0,12209.25,12210.25,427.0
2022-09-13 15:11,12210.0,12211.0,12195.25,12198.25,1180.0
2022-09-13 15:12,12198.75,12215.5,12195.75,12210.5,955.0
2022-09-13 15:13,12209.5,12214.25,12207.75,12211.75,725.0
2022-09-13 15:14,12211.25,12216.0,12202.25,12202.25,583.0
2022-09-13 15:15,12202.0,12205.25,12199.0,12201.75,485.0
2022-09-13 15:16,12201.5,12212.75,12190.5,12211.0,947.0
2022-09-13 15:17,12211.25,12211.5,12199.25,12201.25,588.0
2022-09-13 15:18,12201.25,12211.75,12198.75,12208.5,517.0
2022-09-13 15:19,12209.0,12209.0,12194.75,12196.5,519.0
2022-09-13 15:20,12196.25,12205.75,12192.5,12193.25,522.0
2022-09-13 15:21,12193.5,12203.5,12192.0,12201.0,829.0
2022-09-13 15:22,12201.5,12206.25,12192.0,12195.0,553.0
2022-09-13 15:23,12194.25,12199.25,12188.0,12190.75,648.0
2022-09-13 15:24,12191.0,12192.0,12181.5,12184.25,559.0
2022-09-13 15:25,12184.0,12196.0,12182.0,12190.25,455.0
2022-09-13 15:26,12189.75,12192.75,12186.75,12190.5,300.0
2022-09-13 15:27,12191.0,12195.0,12184.0,12184.25,419.0
2022-09-13 15:28,12184.25,12190.25,12181.25,12190.0,345.0
2022-09-13 15:29,12190.0,12196.0,12182.75,12194.25,535.0
2022-09-13 15:30,12194.0,12198.0,12186.75,12192.5,588.0
2022-09-13 15:31,12192.25,12206.0,12190.25,12202.5,517.0
2022-09-13 15:32,12202.25,12208.75,12201.75,12205.0,520.0
2022-09-13 15:33,12205.0,12206.0,12193.0,12198.25,426.0
2022-09-13 15:34,12197.75,12206.0,12196.75,12206.0,371.0
2022-09-13 15:35,12205.75,12208.75,12200.25,12203.75,389.0
2022-09-13 15:36,12204.25,12211.0,12203.5,12209.75,479.0
2022-09-13 15:37,12209.75,12210.75,12200.0,12205.75,365.0
2022-09-13 15:38,12205.25,12211.5,12205.0,12211.0,357.0
2022-09-13 15:39,12210.5,12213.25,12206.25,12211.75,514.0
2022-09-13 15:40,12212.25,12212.25,12202.75,12203.5,555.0
2022-09-13 15:41,12203.75,12205.0,12200.0,12200.0,474.0
2022-09-13 15:42,12200.0,12200.5,12189.25,12192.75,679.0
2022-09-13 15:43,12193.0,12197.25,12184.25,12195.25,732.0
2022-09-13 15:44,12195.0,12204.0,12188.5,12202.5,587.0
2022-09-13 15:45,12202.25,12202.25,12185.75,12190.25,726.0
2022-09-13 15:46,12190.5,12199.25,12184.75,12198.25,567.0
2022-09-13 15:47,12198.5,12201.75,12190.25,12195.5,434.0
2022-09-13 15:48,12196.0,12200.75,12190.75,12200.5,466.0
2022-09-13 15:49,12201.0,12202.5,12189.75,12190.75,372.0
2022-09-13 15:50,12191.0,12198.75,12187.75,12197.0,398.0
2022-09-13 15:51,12197.5,12199.75,12192.5,12194.75,336.0
2022-09-13 15:52,12195.25,12203.0,12194.0,12202.0,269.0
2022-09-13 15:53,12202.5,12207.75,12201.25,12203.5,420.0
2022-09-13 15:54,12203.5,12210.25,12202.5,12206.25,316.0
2022-09-13 15:55,12205.25,12210.25,12202.75,12208.0,348.0
2022-09-13 15:56,12208.5,12212.0,12201.75,12208.0,382.0
2022-09-13 15:57,12208.5,12209.25,12200.75,12202.5,320.0
2022-09-13 15:58,12201.75,12203.0,12192.0,12194.75,625.0
2022-09-13 15:59,12195.0,12196.0,12189.5,12195.75,510.0
2022-09-13 16:00,12195.25,12197.25,12182.75,12183.5,507.0
2022-09-13 16:01,12183.25,12204.5,12183.25,12199.25,604.0
2022-09-13 16:02,12199.75,12207.75,12199.0,12206.5,361.0
2022-09-13 16:03,12207.5,12213.75,12205.25,12211.0,567.0
2022-09-13 16:04,12211.25,12215.5,12210.75,12213.5,668.0
2022-09-13 16:05,12212.75,12216.0,12207.5,12209.5,609.0
2022-09-13 16:06,12209.0,12219.25,12202.0,12215.0,607.0
2022-09-13 16:07,12214.25,12224.0,12213.75,12221.5,634.0
2022-09-13 16:08,12221.0,12226.25,12217.0,12225.5,546.0
2022-09-13 16:09,12225.0,12226.25,12220.5,12225.5,290.0
2022-09-13 16:10,12225.25,12225.25,12217.75,12218.25,320.0
2022-09-13 16:11,12218.0,12223.5,12217.75,12221.5,221.0
2022-09-13 16:12,12221.0,12228.75,12219.75,12228.0,361.0
2022-09-13 16:13,12228.0,12232.25,12225.5,12228.0,530.0
2022-09-13 16:14,12228.5,12233.25,12228.0,12233.0,360.0
2022-09-13 16:15,12232.0,12238.75,12230.75,12236.75,572.0
2022-09-13 16:16,12236.5,12236.75,12231.25,12234.5,349.0
2022-09-13 16:17,12234.25,12238.25,12226.5,12237.75,480.0
2022-09-13 16:18,12238.0,12238.25,12229.5,12229.5,236.0
2022-09-13 16:19,12230.5,12231.25,12225.5,12227.0,403.0
2022-09-13 16:20,12227.75,12229.5,12220.25,12222.25,339.0
2022-09-13 16:21,12222.5,12223.0,12217.25,12219.25,359.0
2022-09-13 16:22,12219.25,12228.0,12219.25,12225.75,225.0
2022-09-13 16:23,12226.0,12229.5,12221.0,12222.25,279.0
2022-09-13 16:24,12222.5,12223.0,12217.25,12218.75,249.0
2022-09-13 16:25,12218.75,12220.25,12209.5,12210.0,352.0
2022-09-13 16:26,12210.5,12213.25,12205.25,12208.25,376.0
2022-09-13 16:27,12207.5,12207.5,12202.5,12205.25,341.0
2022-09-13 16:28,12205.0,12207.0,12197.75,12203.75,391.0
2022-09-13 16:29,12204.5,12206.75,12201.5,12203.5,225.0
2022-09-13 16:30,12203.75,12206.0,12199.5,12202.25,431.0
2022-09-13 16:31,12202.0,12202.25,12197.75,12199.0,260.0
2022-09-13 16:32,12198.5,12205.25,12196.25,12201.0,365.0
2022-09-13 16:33,12201.5,12207.0,12195.5,12203.5,402.0
2022-09-13 16:34,12204.25,12214.5,12204.25,12214.25,399.0
2022-09-13 16:35,12214.0,12224.25,12212.5,12222.0,500.0
2022-09-13 16:36,12221.5,12223.75,12218.25,12222.25,240.0
2022-09-13 16:37,12222.5,12223.5,12217.5,12223.25,181.0
2022-09-13 16:38,12222.75,12225.75,12221.25,12225.25,189.0
2022-09-13 16:39,12225.25,12225.25,12219.25,12223.0,199.0
2022-09-13 16:40,12223.25,12224.75,12219.0,12221.75,215.0
2022-09-13 16:41,12222.5,12229.5,12217.0,12228.75,192.0
2022-09-13 16:42,12228.75,12229.0,12221.25,12225.5,214.0
2022-09-13 16:43,12224.25,12225.75,12217.0,12217.75,259.0
2022-09-13 16:44,12217.5,12222.25,12216.25,12220.0,290.0
2022-09-13 16:45,12220.0,12220.75,12216.5,12216.5,204.0
2022-09-13 16:46,12217.0,12223.75,12216.25,12222.0,197.0
2022-09-13 16:47,12222.25,12222.75,12210.75,12211.5,300.0
2022-09-13 16:48,12211.75,12219.75,12210.5,12218.75,224.0
2022-09-13 16:49,12219.0,12224.75,12218.0,12223.5,266.0
2022-09-13 16:50,12223.25,12224.5,12216.75,12223.75,165.0
2022-09-13 16:51,12223.5,12225.5,12219.5,12223.0,201.0
2022-09-13 16:52,12224.25,12227.0,12221.25,12223.5,259.0
2022-09-13 16:53,12224.0,12230.75,12221.25,12223.5,461.0
2022-09-13 16:54,12223.75,12224.75,12218.0,12223.5,382.0
2022-09-13 16:55,12223.5,12224.5,12216.25,12218.25,213.0
2022-09-13 16:56,12217.75,12218.0,12210.5,12214.0,246.0
2022-09-13 16:57,12213.75,12214.75,12208.75,12211.0,235.0
2022-09-13 16:58,12210.25,12214.0,12210.0,12213.5,157.0
2022-09-13 16:59,12213.0,12214.0,12210.5,12212.5,175.0
2022-09-13 17:00,12211.75,12212.75,12198.25,12201.5,434.0
2022-09-13 17:01,12200.5,12215.0,12197.25,12214.0,410.0
2022-09-13 17:02,12214.75,12234.25,12211.5,12215.75,923.0
2022-09-13 17:03,12216.0,12216.75,12202.5,12213.25,635.0
2022-09-13 17:04,12212.0,12217.75,12209.5,12216.75,322.0
2022-09-13 17:05,12216.75,12231.25,12213.0,12230.5,520.0
2022-09-13 17:06,12229.25,12235.75,12227.25,12231.75,518.0
2022-09-13 17:07,12230.75,12235.75,12221.25,12223.25,394.0
2022-09-13 17:08,12223.75,12225.25,12220.0,12223.25,289.0
2022-09-13 17:09,12222.5,12223.0,12218.5,12218.5,198.0
2022-09-13 17:10,12218.0,12226.0,12216.5,12218.75,337.0
2022-09-13 17:11,12218.25,12226.75,12214.75,12226.0,449.0
2022-09-13 17:12,12226.5,12237.0,12225.75,12236.0,403.0
2022-09-13 17:13,12236.0,12237.5,12225.25,12227.25,394.0
2022-09-13 17:14,12227.25,12234.0,12226.5,12231.75,337.0
2022-09-13 17:15,12231.0,12241.75,12228.5,12240.75,626.0
2022-09-13 17:16,12240.25,12242.75,12236.0,12239.75,302.0
2022-09-13 17:17,12239.5,12240.75,12227.25,12229.75,413.0
2022-09-13 17:18,12230.25,12230.25,12220.0,12222.0,541.0
2022-09-13 17:19,12221.25,12225.5,12220.75,12222.0,230.0
2022-09-13 17:20,12222.25,12228.75,12222.0,12227.25,250.0
2022-09-13 17:21,12228.0,12229.25,12221.5,12229.0,339.0
2022-09-13 17:22,12228.75,12235.5,12228.75,12233.5,222.0
2022-09-13 17:23,12233.75,12240.0,12233.25,12238.5,342.0
2022-09-13 17:24,12239.5,12248.25,12238.75,12243.25,540.0
2022-09-13 17:25,12243.5,12246.75,12239.75,12241.5,212.0
2022-09-13 17:26,12240.5,12249.75,12240.5,12249.0,384.0
2022-09-13 17:27,12248.75,12254.25,12247.0,12250.25,466.0
2022-09-13 17:28,12250.0,12255.25,12249.5,12253.0,336.0
2022-09-13 17:29,12253.5,12253.5,12249.75,12251.5,188.0
2022-09-13 17:30,12251.0,12251.0,12241.25,12242.5,418.0
2022-09-13 17:31,12242.5,12253.5,12241.0,12251.25,440.0
2022-09-13 17:32,12251.75,12255.75,12239.25,12241.75,518.0
2022-09-13 17:33,12242.0,12245.0,12237.5,12238.5,326.0
2022-09-13 17:34,12238.5,12249.5,12238.25,12248.0,241.0
2022-09-13 17:35,12247.75,12253.5,12244.75,12245.25,279.0
2022-09-13 17:36,12245.0,12247.0,12235.5,12240.0,376.0
2022-09-13 17:37,12240.0,12240.5,12231.5,12234.0,415.0
2022-09-13 17:38,12235.0,12238.5,12232.0,12237.75,172.0
2022-09-13 17:39,12238.25,12245.5,12237.75,12245.25,293.0
2022-09-13 17:40,12246.25,12250.75,12243.25,12248.0,239.0
2022-09-13 17:41,12248.25,12248.25,12242.75,12246.25,207.0
2022-09-13 17:42,12246.0,12247.0,12237.5,12238.5,195.0
2022-09-13 17:43,12239.0,12240.25,12228.75,12237.5,548.0
2022-09-13 17:44,12237.5,12238.75,12231.25,12232.0,173.0
2022-09-13 17:45,12232.5,12236.5,12229.0,12234.5,240.0
2022-09-13 17:46,12233.5,12233.5,12224.25,12225.25,416.0
2022-09-13 17:47,12226.0,12230.5,12224.5,12227.25,238.0
2022-09-13 17:48,12226.5,12231.5,12226.0,12228.25,192.0
2022-09-13 17:49,12227.5,12235.0,12225.5,12233.5,300.0
2022-09-13 17:50,12233.75,12236.25,12224.0,12226.25,329.0
2022-09-13 17:51,12226.0,12226.0,12220.75,12221.25,405.0
2022-09-13 17:52,12221.5,12223.75,12218.0,12221.0,300.0
2022-09-13 17:53,12221.0,12223.5,12211.25,12212.75,431.0
2022-09-13 17:54,12213.25,12217.0,12211.5,12215.5,570.0
2022-09-13 17:55,12215.0,12221.0,12214.0,12221.0,329.0
2022-09-13 17:56,12221.0,12224.25,12214.25,12214.5,360.0
2022-09-13 17:57,12214.5,12215.75,12209.5,12213.75,345.0
2022-09-13 17:58,12213.25,12216.0,12211.25,12214.75,259.0
2022-09-13 17:59,12214.75,12215.0,12208.5,12209.5,295.0
2022-09-13 18:00,12210.0,12216.5,12205.25,12205.25,444.0
2022-09-13 18:01,12205.75,12208.75,12198.25,12201.25,549.0
2022-09-13 18:02,12200.5,12206.25,12197.0,12201.5,412.0
2022-09-13 18:03,12202.0,12204.5,12186.0,12189.0,615.0
2022-09-13 18:04,12189.5,12199.25,12188.0,12198.75,401.0
2022-09-13 18:05,12199.0,12206.25,12198.0,12201.5,370.0
2022-09-13 18:06,12201.0,12205.75,12200.0,12204.25,209.0
2022-09-13 18:07,12203.5,12207.5,12201.75,12202.5,185.0
2022-09-13 18:08,12202.25,12204.25,12196.5,12196.75,282.0
2022-09-13 18:09,12196.5,12199.5,12191.75,12192.75,370.0
2022-09-13 18:10,12192.5,12194.5,12188.25,12191.25,344.0
2022-09-13 18:11,12191.25,12195.5,12186.75,12187.25,313.0
2022-09-13 18:12,12187.75,12194.75,12187.0,12192.75,142.0
2022-09-13 18:13,12193.75,12203.25,12192.5,12201.5,321.0
2022-09-13 18:14,12201.25,12207.0,12200.75,12204.0,289.0
2022-09-13 18:15,12203.75,12205.0,12196.5,12201.25,269.0
2022-09-13 18:16,12200.5,12210.0,12198.0,12206.0,284.0
2022-09-13 18:17,12206.5,12210.75,12206.0,12206.5,235.0
2022-09-13 18:18,12206.0,12207.0,12199.25,12201.25,303.0
2022-09-13 18:19,12201.25,12205.5,12199.25,12204.0,140.0
2022-09-13 18:20,12203.5,12211.0,12202.75,12207.0,222.0
2022-09-13 18:21,12208.0,12208.0,12192.5,12194.5,435.0
2022-09-13 18:22,12194.75,12202.5,12193.5,12201.0,309.0
2022-09-13 18:23,12200.5,12202.25,12193.25,12195.5,294.0
2022-09-13 18:24,12195.0,12196.25,12188.25,12189.0,443.0
2022-09-13 18:25,12188.75,12193.5,12187.5,12188.75,258.0
2022-09-13 18:26,12188.0,12188.25,12172.5,12177.75,1288.0
2022-09-13 18:27,12177.75,12177.75,12169.5,12175.75,532.0
2022-09-13 18:28,12175.75,12177.0,12170.75,12175.0,497.0
2022-09-13 18:29,12175.0,12175.0,12169.0,12173.0,239.0
2022-09-13 18:30,12173.0,12177.0,12170.25,12171.5,276.0
2022-09-13 18:31,12171.25,12175.0,12168.25,12169.0,329.0
2022-09-13 18:32,12168.5,12171.5,12166.75,12170.5,399.0
2022-09-13 18:33,12171.0,12173.0,12166.75,12169.0,280.0
2022-09-13 18:34,12168.75,12173.25,12168.0,12168.75,207.0
2022-09-13 18:35,12168.5,12171.25,12163.5,12164.5,345.0
2022-09-13 18:36,12164.0,12169.75,12163.75,12167.5,196.0
2022-09-13 18:37,12168.0,12171.0,12165.75,12167.0,226.0
2022-09-13 18:38,12167.25,12168.5,12159.5,12162.0,352.0
2022-09-13 18:39,12161.75,12164.75,12159.25,12160.5,350.0
2022-09-13 18:40,12159.75,12164.75,12155.0,12156.5,331.0
2022-09-13 18:41,12156.5,12159.25,12155.75,12158.0,251.0
2022-09-13 18:42,12157.75,12158.75,12154.25,12156.25,240.0
2022-09-13 18:43,12156.5,12157.0,12151.5,12154.75,307.0
2022-09-13 18:44,12155.5,12155.75,12150.5,12151.0,262.0
2022-09-13 18:45,12151.0,12153.25,12146.75,12151.25,380.0
2022-09-13 18:46,12151.25,12156.75,12149.75,12150.25,408.0
2022-09-13 18:47,12150.75,12151.5,12145.75,12148.0,369.0
2022-09-13 18:48,12148.25,12151.75,12145.5,12146.5,348.0
2022-09-13 18:49,12146.5,12149.5,12145.25,12145.5,173.0
2022-09-13 18:50,12146.25,12150.0,12145.5,12146.5,295.0
2022-09-13 18:51,12147.0,12148.0,12142.0,12143.75,389.0
2022-09-13 18:52,12143.25,12143.75,12132.5,12132.5,549.0
2022-09-13 18:53,12133.0,12133.75,12126.75,12128.0,871.0
2022-09-13 18:54,12127.75,12131.25,12125.75,12126.75,329.0
2022-09-13 18:55,12126.75,12146.5,12126.25,12137.5,748.0
2022-09-13 18:56,12137.75,12146.5,12135.75,12141.25,653.0
2022-09-13 18:57,12142.25,12146.5,12132.5,12132.5,452.0
2022-09-13 18:58,12132.5,12132.5,12125.0,12125.5,489.0
2022-09-13 18:59,12125.25,12140.5,12125.25,12134.0,953.0
2022-09-13 19:00,12133.25,12140.75,12131.5,12132.5,415.0
2022-09-13 19:01,12130.75,12136.25,12128.5,12132.5,297.0
2022-09-13 19:02,12132.0,12139.25,12129.5,12136.25,302.0
2022-09-13 19:03,12135.75,12140.5,12133.75,12138.25,322.0
2022-09-13 19:04,12137.25,12137.25,12125.0,12126.5,373.0
2022-09-13 19:05,12126.75,12131.5,12123.5,12125.75,419.0
2022-09-13 19:06,12125.25,12131.25,12123.5,12126.5,270.0
2022-09-13 19:07,12126.0,12128.5,12112.75,12118.0,929.0
2022-09-13 19:08,12117.25,12119.5,12113.5,12115.0,353.0
2022-09-13 19:09,12114.5,12117.75,12113.25,12116.0,300.0
2022-09-13 19:10,12116.25,12119.5,12111.25,12111.75,384.0
2022-09-13 19:11,12112.0,12112.75,12094.5,12096.5,890.0
2022-09-13 19:12,12096.75,12104.5,12096.5,12101.75,643.0
2022-09-13 19:13,12102.25,12102.5,12097.25,12100.0,322.0
2022-09-13 19:14,12099.75,12104.75,12099.25,12101.75,341.0
2022-09-13 19:15,12101.5,12109.5,12100.25,12107.5,546.0
2022-09-13 19:16,12108.0,12109.75,12102.75,12104.75,277.0
2022-09-13 19:17,12104.75,12105.25,12100.0,12100.5,344.0
2022-09-13 19:18,12101.0,12108.25,12101.0,12105.5,277.0
2022-09-13 19:19,12105.25,12110.0,12102.25,12104.0,277.0
2022-09-13 19:20,12104.5,12112.25,12103.75,12106.5,445.0
2022-09-13 19:21,12106.25,12109.5,12097.75,12101.0,527.0
2022-09-13 19:22,12101.75,12103.75,12099.75,12100.25,252.0
2022-09-13 19:23,12100.25,12108.25,12090.25,12102.25,966.0
2022-09-13 19:24,12102.0,12104.75,12098.5,12099.0,353.0
2022-09-13 19:25,12100.0,12103.5,12090.0,12094.5,526.0
2022-09-13 19:26,12094.5,12102.25,12091.25,12091.5,269.0
2022-09-13 19:27,12091.25,12095.25,12087.75,12092.5,389.0
2022-09-13 19:28,12092.0,12092.0,12077.75,12081.75,1089.0
2022-09-13 19:29,12081.0,12082.5,12073.25,12074.25,554.0
2022-09-13 19:30,12074.25,12076.0,12068.75,12074.5,673.0
2022-09-13 19:31,12075.0,12075.5,12064.25,12064.5,482.0
2022-09-13 19:32,12064.25,12065.75,12052.5,12053.75,1193.0
2022-09-13 19:33,12054.0,12054.25,12033.5,12036.75,1145.0
2022-09-13 19:34,12036.75,12040.25,12026.5,12038.5,1342.0
2022-09-13 19:35,12038.75,12044.25,12017.25,12020.0,1267.0
2022-09-13 19:36,12020.0,12024.75,12010.25,12022.0,913.0
2022-09-13 19:37,12020.75,12046.5,12020.75,12044.75,1195.0
2022-09-13 19:38,12044.75,12046.75,12036.5,12042.0,698.0
2022-09-13 19:39,12041.25,12049.25,12040.0,12043.75,865.0
2022-09-13 19:40,12044.5,12045.25,12032.5,12034.5,612.0
2022-09-13 19:41,12034.25,12039.25,12029.0,12037.5,537.0
2022-09-13 19:42,12038.0,12038.25,12026.75,12031.75,613.0
2022-09-13 19:43,12031.5,12035.5,12016.75,12016.75,857.0
2022-09-13 19:44,12016.5,12031.25,12014.25,12027.75,725.0
2022-09-13 19:45,12027.25,12029.5,12013.0,12016.25,539.0
2022-09-13 19:46,12016.25,12022.5,12011.5,12017.0,624.0
2022-09-13 19:47,12017.5,12019.5,12003.25,12003.25,955.0
2022-09-13 19:48,12003.75,12038.0,12003.25,12034.0,1187.0
2022-09-13 19:49,12032.5,12034.75,12021.0,12024.75,462.0
2022-09-13 19:50,12025.5,12038.0,12023.5,12037.75,969.0
2022-09-13 19:51,12038.5,12050.75,12036.5,12046.75,1256.0
2022-09-13 19:52,12046.75,12049.75,12031.75,12037.25,1070.0
2022-09-13 19:53,12037.25,12041.5,12027.5,12034.25,983.0
2022-09-13 19:54,12034.25,12043.5,12021.0,12042.75,1441.0
2022-09-13 19:55,12042.0,12043.5,12019.25,12021.5,1410.0
2022-09-13 19:56,12021.25,12055.25,12019.5,12054.75,1079.0
2022-09-13 19:57,12055.0,12062.25,12044.75,12061.25,896.0
2022-09-13 19:58,12061.5,12064.5,12048.75,12050.0,840.0
2022-09-13 19:59,12049.0,12049.0,12027.25,12040.75,4229.0
2022-09-13 20:00,12040.75,12058.25,12039.75,12051.0,1055.0
2022-09-13 20:01,12051.5,12055.75,12048.75,12054.0,423.0
2022-09-13 20:02,12054.5,12055.25,12046.25,12049.5,394.0
2022-09-13 20:03,12050.25,12051.5,12047.25,12051.0,121.0
2022-09-13 20:04,12050.75,12056.25,12049.5,12053.5,128.0
2022-09-13 20:05,12054.5,12054.5,12048.75,12051.25,114.0
2022-09-13 20:06,12050.75,12053.75,12048.0,12052.75,122.0
2022-09-13 20:07,12052.25,12055.5,12051.5,12052.5,64.0
2022-09-13 20:08,12053.5,12054.25,12052.0,12054.25,61.0
2022-09-13 20:09,12054.5,12055.0,12049.75,12050.75,66.0
2022-09-13 20:10,12049.75,12054.5,12049.25,12054.25,93.0
2022-09-13 20:11,12054.75,12055.75,12051.0,12051.0,48.0
2022-09-13 20:12,12050.75,12052.25,12046.25,12047.5,126.0
2022-09-13 20:13,12047.75,12048.0,12044.5,12046.75,163.0
2022-09-13 20:14,12046.25,12047.0,12041.25,12041.5,107.0
2022-09-13 20:15,12042.75,12045.5,12038.75,12041.25,166.0
2022-09-13 20:16,12040.75,12041.25,12036.0,12037.0,68.0
2022-09-13 20:17,12037.0,12038.0,12033.25,12033.75,103.0
2022-09-13 20:18,12033.5,12036.25,12033.0,12035.75,49.0
2022-09-13 20:19,12034.25,12034.75,12033.0,12034.25,34.0
2022-09-13 20:20,12034.5,12034.5,12032.0,12033.0,47.0
2022-09-13 20:21,12033.5,12034.5,12031.75,12031.75,59.0
2022-09-13 20:22,12031.25,12032.5,12031.25,12032.5,20.0
2022-09-13 20:23,12033.25,12038.25,12033.25,12037.75,51.0
2022-09-13 20:24,12037.5,12038.5,12036.0,12037.25,59.0
2022-09-13 20:25,12036.75,12036.75,12030.75,12030.75,46.0
2022-09-13 20:26,12030.25,12031.0,12028.25,12030.0,47.0
2022-09-13 20:27,12030.25,12030.75,12028.0,12029.75,40.0
2022-09-13 20:28,12030.25,12032.75,12030.25,12031.5,31.0
2022-09-13 20:29,12032.25,12035.75,12031.5,12035.75,20.0
2022-09-13 20:30,12036.25,12037.25,12034.25,12034.25,43.0
2022-09-13 20:31,12033.0,12035.75,12032.75,12035.75,33.0
2022-09-13 20:32,12034.75,12037.25,12034.25,12036.0,33.0
2022-09-13 20:33,12037.0,12039.5,12034.75,12034.75,66.0
2022-09-13 20:34,12035.5,12036.0,12034.25,12035.0,20.0
2022-09-13 20:35,12035.25,12037.0,12035.0,12036.75,64.0
2022-09-13 20:36,12036.75,12038.25,12035.75,12036.25,39.0
2022-09-13 20:37,12036.5,12041.25,12036.5,12041.25,29.0
2022-09-13 20:38,12041.0,12041.0,12039.25,12039.75,50.0
2022-09-13 20:39,12040.75,12041.75,12038.75,12040.0,69.0
2022-09-13 20:40,12040.75,12040.75,12037.0,12038.5,34.0
2022-09-13 20:41,12038.75,12039.5,12038.0,12039.5,41.0
2022-09-13 20:42,12039.5,12039.5,12035.0,12035.0,39.0
2022-09-13 20:43,12036.25,12038.5,12035.0,12036.25,51.0
2022-09-13 20:44,12036.25,12040.0,12036.25,12039.0,45.0
2022-09-13 20:45,12038.75,12042.5,12038.0,12042.5,80.0
2022-09-13 20:46,12042.0,12042.25,12040.75,12041.0,24.0
2022-09-13 20:47,12040.5,12043.5,12040.5,12043.5,22.0
2022-09-13 20:48,12043.5,12045.5,12041.5,12041.5,35.0
2022-09-13 20:49,12042.25,12049.0,12042.0,12048.0,122.0
2022-09-13 20:50,12048.0,12048.25,12044.0,12045.0,60.0
2022-09-13 20:51,12044.5,12045.0,12043.0,12043.0,70.0
2022-09-13 20:52,12043.75,12045.5,12042.75,12045.0,43.0
2022-09-13 20:53,12045.5,12045.5,12043.0,12044.5,49.0
2022-09-13 20:54,12045.5,12047.25,12045.0,12047.25,32.0
2022-09-13 20:55,12047.25,12047.5,12045.5,12046.5,22.0
2022-09-13 20:56,12046.25,12048.25,12045.25,12048.25,7.0
2022-09-13 20:57,12049.5,12049.5,12046.25,12049.0,22.0
2022-09-13 20:58,12049.75,12049.75,12047.0,12047.25,16.0
2022-09-13 20:59,12047.0,12050.0,12045.25,12047.75,75.0
2022-09-13 22:00,12050.25,12054.75,12049.5,12052.75,58.0
2022-09-13 22:01,12053.5,12056.0,12050.25,12050.25,80.0
2022-09-13 22:02,12050.0,12050.0,12040.0,12041.75,176.0
2022-09-13 22:03,12042.25,12042.25,12037.5,12037.5,28.0
2022-09-13 22:04,12037.0,12038.25,12031.0,12031.25,82.0
2022-09-13 22:05,12031.5,12035.0,12028.75,12033.5,64.0
2022-09-13 22:06,12035.0,12037.5,12033.75,12037.5,39.0
2022-09-13 22:07,12038.0,12038.75,12034.0,12034.0,54.0
2022-09-13 22:08,12034.25,12041.0,12034.25,12039.75,67.0
2022-09-13 22:09,12040.25,12046.75,12040.25,12044.75,82.0
2022-09-13 22:10,12045.25,12045.25,12040.0,12040.75,67.0
2022-09-13 22:11,12041.75,12043.5,12041.75,12043.5,14.0
2022-09-13 22:12,12043.5,12044.25,12043.5,12044.25,11.0
2022-09-13 22:13,12044.25,12045.25,12043.25,12043.5,16.0
2022-09-13 22:14,12043.5,12043.5,12041.75,12042.5,13.0
2022-09-13 22:15,12043.0,12043.25,12041.25,12043.25,17.0
2022-09-13 22:16,12044.0,12049.75,12043.25,12049.75,37.0
2022-09-13 22:17,12049.25,12049.5,12047.0,12048.5,23.0
2022-09-13 22:18,12048.5,12051.25,12048.5,12051.25,32.0
2022-09-13 22:19,12051.5,12052.5,12050.75,12052.5,38.0
2022-09-13 22:20,12051.75,12052.75,12050.75,12052.5,59.0
2022-09-13 22:21,12052.5,12055.25,12052.5,12053.5,64.0
2022-09-13 22:22,12053.0,12053.25,12051.25,12051.5,14.0
2022-09-13 22:23,12051.25,12052.75,12050.5,12051.75,14.0
2022-09-13 22:24,12051.0,12051.0,12047.75,12047.75,45.0
2022-09-13 22:25,12047.5,12051.75,12047.5,12051.25,31.0
2022-09-13 22:26,12051.75,12052.0,12049.0,12050.5,50.0
2022-09-13 22:27,12050.0,12050.25,12048.75,12049.25,24.0
2022-09-13 22:28,12049.0,12051.75,12049.0,12051.75,23.0
2022-09-13 22:29,12052.0,12052.75,12051.75,12052.75,19.0
2022-09-13 22:30,12053.0,12053.75,12050.5,12050.5,21.0
2022-09-13 22:31,12051.0,12054.75,12050.0,12054.0,32.0
2022-09-13 22:32,12055.0,12059.0,12054.5,12055.75,71.0
2022-09-13 22:33,12056.25,12062.25,12056.25,12061.5,22.0
2022-09-13 22:34,12061.25,12061.25,12056.0,12059.0,106.0
2022-09-13 22:35,12058.25,12067.5,12058.25,12065.75,172.0
2022-09-13 22:36,12065.25,12065.25,12060.0,12060.0,25.0
2022-09-13 22:37,12060.0,12061.0,12059.25,12060.75,30.0
2022-09-13 22:38,12061.25,12062.75,12061.0,12061.25,18.0
2022-09-13 22:39,12061.25,12063.0,12061.25,12063.0,4.0
2022-09-13 22:40,12063.25,12064.25,12062.5,12064.25,18.0
2022-09-13 22:41,12063.75,12067.5,12063.25,12067.5,57.0
2022-09-13 22:42,12067.25,12068.75,12066.25,12068.5,52.0
2022-09-13 22:43,12069.0,12069.0,12066.0,12066.5,45.0
2022-09-13 22:44,12066.5,12069.75,12066.5,12068.5,36.0
2022-09-13 22:45,12068.25,12070.75,12067.75,12067.75,39.0
2022-09-13 22:46,12067.75,12067.75,12064.75,12067.0,30.0
2022-09-13 22:47,12067.75,12067.75,12066.0,12066.0,12.0
2022-09-13 22:48,12066.25,12067.0,12065.75,12065.75,16.0
2022-09-13 22:49,12065.25,12065.25,12062.0,12063.0,37.0
2022-09-13 22:50,12063.5,12064.75,12063.5,12064.0,12.0
2022-09-13 22:51,12064.0,12064.25,12061.75,12062.5,24.0
2022-09-13 22:52,12062.75,12065.75,12062.75,12065.75,20.0
2022-09-13 22:53,12065.5,12067.0,12065.5,12065.75,10.0
2022-09-13 22:54,12066.5,12067.0,12066.5,12067.0,15.0
2022-09-13 22:55,12067.75,12068.25,12067.75,12068.0,11.0
2022-09-13 22:56,12068.25,12072.75,12067.75,12071.75,35.0
2022-09-13 22:57,12072.25,12072.5,12071.5,12072.5,16.0
2022-09-13 22:58,12072.25,12074.0,12070.0,12070.25,64.0
2022-09-13 22:59,12070.0,12070.5,12067.0,12067.0,31.0
2022-09-13 23:00,12066.75,12067.25,12063.0,12063.5,44.0
2022-09-13 23:01,12063.25,12063.5,12061.75,12063.25,37.0
2022-09-13 23:02,12063.75,12065.0,12063.5,12064.5,7.0
2022-09-13 23:03,12064.5,12064.5,12055.25,12057.0,124.0
2022-09-13 23:04,12056.25,12057.0,12053.25,12055.0,97.0
2022-09-13 23:05,12055.25,12055.25,12052.0,12053.75,60.0
2022-09-13 23:06,12053.0,12053.25,12048.25,12049.0,68.0
2022-09-13 23:07,12049.0,12050.75,12048.25,12050.5,63.0
2022-09-13 23:08,12051.0,12051.0,12048.25,12048.25,48.0
2022-09-13 23:09,12048.5,12052.25,12048.5,12049.25,46.0
2022-09-13 23:10,12050.5,12051.5,12045.75,12046.5,159.0
2022-09-13 23:11,12047.25,12047.75,12045.25,12047.75,38.0
2022-09-13 23:12,12048.5,12052.5,12048.5,12051.25,29.0
2022-09-13 23:13,12053.0,12053.0,12048.5,12048.75,22.0
2022-09-13 23:14,12047.75,12047.75,12041.0,12041.0,76.0
2022-09-13 23:15,12041.25,12042.25,12039.75,12039.75,45.0
2022-09-13 23:16,12039.75,12041.25,12039.75,12041.0,38.0
2022-09-13 23:17,12041.0,12043.5,12040.75,12041.75,41.0
2022-09-13 23:18,12041.5,12044.25,12041.5,12043.0,44.0
2022-09-13 23:19,12042.75,12042.75,12042.0,12042.5,18.0
2022-09-13 23:20,12042.0,12043.5,12041.75,12042.5,18.0
2022-09-13 23:21,12043.25,12045.0,12043.25,12045.0,11.0
2022-09-13 23:22,12044.5,12051.5,12044.5,12051.5,24.0
2022-09-13 23:23,12052.5,12053.0,12050.75,12051.0,28.0
2022-09-13 23:24,12051.25,12052.25,12051.25,12052.0,20.0
2022-09-13 23:25,12052.0,12055.5,12052.0,12055.5,17.0
2022-09-13 23:26,12055.5,12055.5,12053.75,12054.0,18.0
2022-09-13 23:27,12054.75,12055.5,12052.0,12053.25,31.0
2022-09-13 23:28,12053.5,12055.75,12053.5,12055.25,26.0
2022-09-13 23:29,12055.25,12055.25,12053.25,12053.25,28.0
2022-09-13 23:30,12053.25,12056.0,12050.75,12050.75,40.0
2022-09-13 23:31,12050.5,12052.0,12049.75,12049.75,22.0
2022-09-13 23:32,12050.0,12051.0,12046.75,12047.5,34.0
2022-09-13 23:33,12046.5,12048.5,12046.5,12047.75,30.0
2022-09-13 23:34,12048.5,12049.0,12047.75,12049.0,22.0
2022-09-13 23:35,12049.25,12052.0,12049.0,12051.0,40.0
2022-09-13 23:36,12050.75,12055.0,12050.75,12054.75,18.0
2022-09-13 23:37,12056.25,12056.75,12052.75,12055.5,29.0
2022-09-13 23:38,12055.0,12055.5,12054.0,12054.5,21.0
2022-09-13 23:39,12055.25,12057.0,12055.25,12056.75,14.0
2022-09-13 23:40,12056.25,12058.5,12056.0,12057.25,20.0
2022-09-13 23:41,12057.25,12059.0,12057.25,12057.75,15.0
2022-09-13 23:42,12058.25,12060.0,12057.75,12057.75,29.0
2022-09-13 23:43,12058.0,12058.25,12049.75,12049.75,39.0
2022-09-13 23:44,12052.0,12053.0,12050.75,12051.0,24.0
2022-09-13 23:45,12050.0,12053.25,12049.5,12052.0,43.0
2022-09-13 23:46,12052.75,12053.75,12050.25,12052.5,27.0
2022-09-13 23:47,12051.75,12053.0,12050.75,12052.0,51.0
2022-09-13 23:48,12052.0,12055.0,12052.0,12055.0,39.0
2022-09-13 23:49,12055.5,12057.0,12055.0,12056.75,30.0
2022-09-13 23:50,12056.75,12057.0,12055.25,12056.25,37.0
2022-09-13 23:51,12056.5,12056.5,12052.75,12053.75,31.0
2022-09-13 23:52,12054.5,12057.0,12054.5,12057.0,24.0
2022-09-13 23:53,12057.5,12058.0,12055.5,12056.0,22.0
2022-09-13 23:54,12056.25,12058.75,12056.25,12058.75,21.0
2022-09-13 23:55,12059.0,12060.25,12058.5,12058.75,24.0
2022-09-13 23:56,12059.25,12064.5,12059.0,12062.5,60.0
2022-09-13 23:57,12061.75,12064.0,12059.25,12059.75,35.0
2022-09-13 23:58,12059.0,12061.25,12058.75,12061.0,37.0
2022-09-13 23:59,12060.0,12060.25,12058.25,12058.25,48.0
2022-09-14 00:00,12058.75,12060.75,12054.0,12054.5,95.0
2022-09-14 00:01,12055.0,12055.0,12048.75,12048.75,112.0
2022-09-14 00:02,12049.0,12051.25,12043.5,12045.25,136.0
2022-09-14 00:03,12045.0,12046.75,12042.25,12046.25,86.0
2022-09-14 00:04,12046.75,12052.0,12046.75,12049.0,94.0
2022-09-14 00:05,12048.5,12048.5,12043.25,12045.75,84.0
2022-09-14 00:06,12045.5,12046.5,12043.75,12045.0,49.0
2022-09-14 00:07,12043.75,12044.0,12040.0,12043.75,89.0
2022-09-14 00:08,12043.5,12046.5,12041.25,12045.0,78.0
2022-09-14 00:09,12043.5,12047.5,12041.5,12046.75,64.0
2022-09-14 00:10,12044.75,12046.25,12043.5,12046.25,35.0
2022-09-14 00:11,12046.0,12053.0,12046.0,12048.25,65.0
2022-09-14 00:12,12047.5,12052.25,12047.5,12050.5,54.0
2022-09-14 00:13,12050.5,12050.5,12040.0,12044.75,98.0
2022-09-14 00:14,12044.75,12048.0,12043.75,12046.25,50.0
2022-09-14 00:15,12046.25,12046.25,12040.75,12043.25,59.0
2022-09-14 00:16,12042.0,12045.25,12040.75,12042.75,62.0
2022-09-14 00:17,12042.0,12042.0,12026.0,12027.25,248.0
2022-09-14 00:18,12028.5,12033.25,12025.75,12028.75,221.0
2022-09-14 00:19,12028.0,12033.25,12026.75,12031.25,71.0
2022-09-14 00:20,12030.75,12034.75,12029.0,12029.5,68.0
2022-09-14 00:21,12029.75,12032.25,12025.25,12026.25,82.0
2022-09-14 00:22,12026.25,12028.0,12020.5,12028.0,162.0
2022-09-14 00:23,12028.75,12031.75,12025.75,12025.75,59.0
2022-09-14 00:24,12025.25,12026.5,12022.25,12026.0,75.0
2022-09-14 00:25,12026.0,12033.25,12023.75,12032.5,48.0
2022-09-14 00:26,12032.0,12035.75,12030.5,12033.75,45.0
2022-09-14 00:27,12033.5,12035.0,12032.5,12033.5,37.0
2022-09-14 00:28,12034.75,12040.5,12034.75,12037.75,68.0
2022-09-14 00:29,12039.75,12042.5,12039.0,12039.75,65.0
2022-09-14 00:30,12039.0,12042.0,12037.75,12040.25,57.0
2022-09-14 00:31,12039.75,12040.0,12038.25,12038.75,55.0
2022-09-14 00:32,12038.0,12038.0,12026.5,12032.5,155.0
2022-09-14 00:33,12032.5,12034.0,12029.0,12029.5,47.0
2022-09-14 00:34,12030.5,12031.25,12025.5,12025.5,76.0
2022-09-14 00:35,12025.0,12028.25,12021.25,12024.25,166.0
2022-09-14 00:36,12024.25,12024.5,12017.0,12024.5,190.0
2022-09-14 00:37,12024.25,12024.25,12014.75,12016.75,198.0
2022-09-14 00:38,12016.75,12019.0,12015.5,12017.0,95.0
2022-09-14 00:39,12015.75,12018.25,12012.75,12017.25,67.0
2022-09-14 00:40,12017.5,12017.5,12012.0,12015.0,140.0
2022-09-14 00:41,12014.5,12014.5,12009.5,12010.25,64.0
2022-09-14 00:42,12010.25,12018.75,12009.25,12018.5,109.0
2022-09-14 00:43,12018.5,12022.5,12018.5,12020.5,134.0
2022-09-14 00:44,12020.25,12022.75,12019.25,12019.25,41.0
2022-09-14 00:45,12019.25,12020.5,12012.25,12012.75,71.0
2022-09-14 00:46,12012.25,12017.5,12011.5,12017.0,67.0
2022-09-14 00:47,12017.25,12018.25,12012.5,12016.0,121.0
2022-09-14 00:48,12014.5,12017.25,12013.75,12016.0,49.0
2022-09-14 00:49,12016.25,12017.5,12013.5,12016.5,65.0
2022-09-14 00:50,12016.25,12018.5,12015.75,12016.75,68.0
2022-09-14 00:51,12017.25,12025.0,12017.25,12024.25,92.0
2022-09-14 00:52,12024.5,12026.0,12022.25,12024.75,72.0
2022-09-14 00:53,12023.5,12026.25,12023.5,12023.5,35.0
2022-09-14 00:54,12024.5,12025.25,12020.75,12021.5,47.0
2022-09-14 00:55,12022.25,12022.25,12017.0,12019.5,71.0
2022-09-14 00:56,12019.0,12021.75,12018.25,12018.25,40.0
2022-09-14 00:57,12019.25,12024.0,12018.0,12018.25,47.0
2022-09-14 00:58,12019.0,12023.0,12019.0,12021.25,54.0
2022-09-14 00:59,12023.0,12030.75,12023.0,12028.75,78.0
2022-09-14 01:00,12028.5,12037.5,12028.5,12035.5,184.0
2022-09-14 01:01,12035.0,12039.0,12034.25,12035.75,74.0
2022-09-14 01:02,12035.25,12039.75,12034.25,12035.5,98.0
2022-09-14 01:03,12035.0,12037.0,12034.5,12035.75,46.0
2022-09-14 01:04,12036.0,12038.0,12034.25,12037.75,88.0
2022-09-14 01:05,12037.25,12038.0,12035.0,12036.25,70.0
2022-09-14 01:06,12036.25,12036.75,12032.5,12032.75,64.0
2022-09-14 01:07,12033.25,12033.5,12026.25,12027.5,172.0
2022-09-14 01:08,12027.75,12029.5,12025.75,12026.75,73.0
2022-09-14 01:09,12027.0,12027.75,12025.5,12027.25,17.0
2022-09-14 01:10,12027.0,12030.75,12024.5,12029.0,34.0
2022-09-14 01:11,12029.0,12039.5,12028.5,12037.75,167.0
2022-09-14 01:12,12038.0,12041.75,12035.75,12037.75,159.0
2022-09-14 01:13,12037.75,12040.0,12037.75,12039.75,33.0
2022-09-14 01:14,12040.0,12040.5,12038.25,12038.5,27.0
2022-09-14 01:15,12038.25,12042.75,12035.75,12040.75,82.0
2022-09-14 01:16,12041.0,12045.0,12040.25,12041.0,72.0
2022-09-14 01:17,12040.25,12041.75,12038.75,12041.75,43.0
2022-09-14 01:18,12041.25,12043.0,12040.75,12042.25,30.0
2022-09-14 01:19,12042.5,12045.75,12042.5,12045.75,49.0
2022-09-14 01:20,12046.5,12050.75,12046.5,12048.5,139.0
2022-09-14 01:21,12049.0,12050.0,12047.25,12047.5,68.0
2022-09-14 01:22,12047.75,12050.75,12046.5,12050.25,38.0
2022-09-14 01:23,12051.0,12053.0,12050.5,12052.0,77.0
2022-09-14 01:24,12052.0,12053.0,12049.25,12049.5,29.0
2022-09-14 01:25,12049.5,12049.75,12047.25,12047.25,48.0
2022-09-14 01:26,12047.25,12049.0,12046.25,12047.5,52.0
2022-09-14 01:27,12048.5,12050.5,12048.5,12050.0,40.0
2022-09-14 01:28,12050.5,12054.0,12050.5,12052.0,41.0
2022-09-14 01:29,12053.25,12054.5,12051.75,12053.25,28.0
2022-09-14 01:30,12053.25,12056.5,12053.25,12056.25,64.0
2022-09-14 01:31,12056.0,12059.25,12055.25,12056.75,94.0
2022-09-14 01:32,12055.75,12056.0,12052.25,12052.75,42.0
2022-09-14 01:33,12052.5,12055.0,12052.25,12052.75,65.0
2022-09-14 01:34,12053.75,12055.0,12052.5,12054.0,38.0
2022-09-14 01:35,12052.0,12052.5,12046.5,12047.5,88.0
2022-09-14 01:36,12047.5,12048.75,12045.75,12046.25,50.0
2022-09-14 01:37,12046.5,12046.5,12042.25,12045.5,84.0
2022-09-14 01:38,12044.75,12046.25,12041.75,12045.75,59.0
2022-09-14 01:39,12045.75,12056.25,12045.75,12055.5,87.0
2022-09-14 01:40,12057.25,12057.25,12053.25,12055.25,36.0
2022-09-14 01:41,12053.75,12053.75,12049.0,12049.25,52.0
2022-09-14 01:42,12048.5,12050.5,12048.25,12050.5,20.0
2022-09-14 01:43,12050.75,12051.75,12046.5,12047.0,41.0
2022-09-14 01:44,12047.75,12048.0,12044.5,12044.5,50.0
2022-09-14 01:45,12044.75,12044.75,12042.0,12043.75,46.0
2022-09-14 01:46,12044.25,12045.75,12042.5,12045.75,44.0
2022-09-14 01:47,12044.75,12050.25,12044.5,12048.5,51.0
2022-09-14 01:48,12049.75,12052.0,12049.25,12049.25,48.0
2022-09-14 01:49,12048.75,12051.25,12046.5,12051.25,28.0
2022-09-14 01:50,12051.5,12055.25,12051.5,12052.25,48.0
2022-09-14 01:51,12052.5,12053.0,12050.0,12050.5,34.0
2022-09-14 01:52,12052.0,12054.0,12050.5,12052.75,40.0
2022-09-14 01:53,12053.25,12055.0,12051.0,12054.0,42.0
2022-09-14 01:54,12054.25,12055.5,12052.0,12052.0,31.0
2022-09-14 01:55,12054.0,12054.0,12050.5,12051.0,24.0
2022-09-14 01:56,12049.75,12055.5,12048.75,12055.5,37.0
2022-09-14 01:57,12056.0,12059.0,12055.75,12057.5,43.0
2022-09-14 01:58,12057.5,12057.5,12054.25,12054.25,19.0
2022-09-14 01:59,12053.25,12054.25,12051.5,12052.75,17.0
2022-09-14 02:00,12052.75,12055.0,12050.5,12055.0,30.0
2022-09-14 02:01,12055.0,12057.75,12054.5,12057.0,44.0
2022-09-14 02:02,12055.75,12062.0,12055.5,12059.5,65.0
2022-09-14 02:03,12059.0,12061.75,12057.5,12061.0,45.0
2022-09-14 02:04,12061.25,12061.25,12058.25,12060.0,35.0
2022-09-14 02:05,12059.75,12063.0,12059.5,12063.0,38.0
2022-09-14 02:06,12062.5,12066.75,12061.75,12063.25,75.0
2022-09-14 02:07,12062.25,12064.0,12060.5,12062.0,63.0
2022-09-14 02:08,12062.0,12064.25,12061.25,12061.25,71.0
2022-09-14 02:09,12062.0,12065.25,12059.75,12062.25,105.0
2022-09-14 02:10,12062.75,12064.25,12061.5,12064.0,28.0
2022-09-14 02:11,12065.0,12067.0,12065.0,12065.5,38.0
2022-09-14 02:12,12066.25,12067.5,12064.5,12067.0,58.0
2022-09-14 02:13,12067.0,12069.75,12067.0,12069.25,53.0
2022-09-14 02:14,12069.0,12076.0,12068.75,12074.25,199.0
2022-09-14 02:15,12074.0,12076.25,12072.25,12072.5,72.0
2022-09-14 02:16,12071.75,12071.75,12068.0,12069.75,55.0
2022-09-14 02:17,12070.0,12072.25,12069.5,12069.5,19.0
2022-09-14 02:18,12070.75,12071.75,12070.25,12070.25,25.0
2022-09-14 02:19,12071.25,12072.25,12071.25,12072.0,23.0
2022-09-14 02:20,12071.75,12074.0,12071.75,12073.5,22.0
2022-09-14 02:21,12073.25,12077.0,12072.5,12072.5,71.0
2022-09-14 02:22,12072.0,12072.0,12067.5,12068.5,61.0
2022-09-14 02:23,12068.25,12069.75,12067.0,12067.5,82.0
2022-09-14 02:24,12067.5,12067.5,12065.5,12067.0,40.0
2022-09-14 02:25,12067.25,12068.0,12066.0,12067.75,26.0
2022-09-14 02:26,12067.5,12067.5,12065.75,12065.75,30.0
2022-09-14 02:27,12066.0,12066.25,12066.0,12066.25,2.0
2022-09-14 02:28,12066.0,12066.5,12064.75,12066.25,24.0
2022-09-14 02:29,12066.5,12067.0,12065.0,12065.5,36.0
2022-09-14 02:30,12066.0,12067.75,12065.75,12066.25,30.0
2022-09-14 02:31,12067.25,12068.0,12065.5,12067.5,22.0
2022-09-14 02:32,12068.5,12069.75,12063.25,12065.75,67.0
2022-09-14 02:33,12065.0,12065.0,12062.0,12062.75,30.0
2022-09-14 02:34,12062.75,12064.0,12061.5,12062.75,36.0
2022-09-14 02:35,12062.75,12064.0,12059.0,12059.0,73.0
2022-09-14 02:36,12059.25,12059.25,12056.5,12057.5,29.0
2022-09-14 02:37,12056.5,12058.5,12056.5,12058.25,35.0
2022-09-14 02:38,12057.75,12058.75,12057.0,12057.5,19.0
2022-09-14 02:39,12057.0,12061.0,12056.75,12060.5,37.0
2022-09-14 02:40,12060.5,12060.5,12059.5,12059.75,16.0
2022-09-14 02:41,12059.25,12059.5,12056.0,12056.5,26.0
2022-09-14 02:42,12056.5,12057.25,12056.5,12057.25,11.0
2022-09-14 02:43,12058.25,12059.25,12057.75,12059.25,13.0
2022-09-14 02:44,12060.5,12060.5,12058.0,12058.75,25.0
2022-09-14 02:45,12059.25,12061.0,12058.75,12058.75,34.0
2022-09-14 02:46,12059.25,12061.25,12059.25,12060.25,11.0
2022-09-14 02:47,12060.0,12064.0,12059.75,12064.0,37.0
2022-09-14 02:48,12063.5,12065.25,12063.5,12063.75,36.0
2022-09-14 02:49,12063.75,12065.25,12063.75,12064.25,9.0
2022-09-14 02:50,12065.0,12065.25,12061.0,12061.75,31.0
2022-09-14 02:51,12061.75,12062.0,12059.0,12060.0,21.0
2022-09-14 02:52,12060.5,12060.5,12058.0,12058.5,27.0
2022-09-14 02:53,12057.75,12058.75,12057.0,12058.75,14.0
2022-09-14 02:54,12059.0,12060.0,12056.25,12056.5,26.0
2022-09-14 02:55,12056.5,12057.25,12055.75,12056.25,17.0
2022-09-14 02:56,12055.5,12058.25,12055.5,12057.5,28.0
2022-09-14 02:57,12057.5,12060.5,12056.75,12060.5,21.0
2022-09-14 02:58,12060.5,12060.75,12060.0,12060.0,10.0
2022-09-14 02:59,12058.75,12060.25,12058.5,12059.75,16.0
2022-09-14 03:00,12058.75,12065.25,12057.5,12065.0,49.0
2022-09-14 03:01,12066.0,12069.5,12065.75,12067.75,85.0
2022-09-14 03:02,12067.5,12069.25,12065.0,12065.0,38.0
2022-09-14 03:03,12064.75,12066.0,12064.0,12065.25,25.0
2022-09-14 03:04,12064.75,12066.0,12058.25,12061.0,113.0
2022-09-14 03:05,12060.5,12066.75,12060.5,12064.5,58.0
2022-09-14 03:06,12064.0,12068.25,12064.0,12067.75,37.0
2022-09-14 03:07,12067.5,12068.75,12065.75,12066.5,24.0
2022-09-14 03:08,12066.5,12068.0,12065.0,12067.5,42.0
2022-09-14 03:09,12067.0,12069.25,12065.25,12065.75,28.0
2022-09-14 03:10,12066.0,12066.0,12064.25,12066.0,19.0
2022-09-14 03:11,12064.75,12067.25,12064.75,12066.5,12.0
2022-09-14 03:12,12067.0,12068.75,12066.25,12067.75,64.0
2022-09-14 03:13,12068.75,12069.75,12068.25,12069.0,32.0
2022-09-14 03:14,12069.0,12069.0,12066.5,12067.25,24.0
2022-09-14 03:15,12067.25,12067.25,12063.25,12064.0,26.0
2022-09-14 03:16,12063.5,12064.0,12061.0,12062.5,19.0
2022-09-14 03:17,12061.75,12062.25,12061.25,12061.5,15.0
2022-09-14 03:18,12061.25,12061.25,12059.25,12060.5,16.0
2022-09-14 03:19,12059.5,12062.0,12058.75,12062.0,40.0
2022-09-14 03:20,12062.0,12063.5,12060.75,12061.25,22.0
2022-09-14 03:21,12060.5,12061.75,12059.75,12060.25,21.0
2022-09-14 03:22,12059.0,12059.25,12057.5,12057.5,26.0
2022-09-14 03:23,12056.5,12058.75,12056.5,12057.75,29.0
2022-09-14 03:24,12058.5,12059.25,12057.5,12059.25,30.0
2022-09-14 03:25,12059.75,12060.75,12059.0,12060.0,26.0
2022-09-14 03:26,12060.25,12061.75,12059.5,12061.75,16.0
2022-09-14 03:27,12062.75,12065.75,12061.5,12065.75,43.0
2022-09-14 03:28,12065.75,12069.25,12065.25,12068.25,44.0
2022-09-14 03:29,12068.75,12068.75,12065.75,12067.0,37.0
2022-09-14 03:30,12067.75,12068.0,12064.0,12064.25,30.0
2022-09-14 03:31,12063.25,12065.0,12061.75,12063.75,38.0
2022-09-14 03:32,12064.5,12065.0,12060.5,12063.5,43.0
2022-09-14 03:33,12062.75,12062.75,12060.75,12061.75,36.0
2022-09-14 03:34,12062.25,12062.25,12058.0,12060.75,19.0
2022-09-14 03:35,12061.25,12062.0,12057.75,12058.25,22.0
2022-09-14 03:36,12058.0,12058.25,12054.5,12054.5,53.0
2022-09-14 03:37,12054.75,12054.75,12050.5,12051.75,88.0
2022-09-14 03:38,12051.75,12056.0,12051.75,12056.0,42.0
2022-09-14 03:39,12056.25,12056.75,12055.25,12056.25,17.0
2022-09-14 03:40,12056.0,12057.25,12054.5,12054.5,20.0
2022-09-14 03:41,12054.25,12054.25,12051.5,12051.5,38.0
2022-09-14 03:42,12051.25,12052.25,12049.75,12049.75,47.0
2022-09-14 03:43,12049.5,12051.75,12047.75,12049.0,63.0
2022-09-14 03:44,12048.75,12048.75,12046.5,12048.0,32.0
2022-09-14 03:45,12048.5,12052.25,12048.25,12051.25,64.0
2022-09-14 03:46,12051.75,12052.5,12049.0,12049.5,35.0
2022-09-14 03:47,12049.5,12049.5,12044.5,12047.5,61.0
2022-09-14 03:48,12048.0,12050.5,12048.0,12049.0,33.0
2022-09-14 03:49,12049.5,12050.25,12049.0,12049.25,23.0
2022-09-14 03:50,12050.0,12051.0,12049.5,12049.75,22.0
2022-09-14 03:51,12050.25,12051.0,12049.0,12050.25,22.0
2022-09-14 03:52,12049.75,12049.75,12047.25,12047.5,14.0
2022-09-14 03:53,12048.5,12048.5,12046.0,12046.0,17.0
2022-09-14 03:54,12046.5,12046.75,12045.5,12046.5,30.0
2022-09-14 03:55,12046.25,12046.75,12044.5,12045.5,26.0
2022-09-14 03:56,12046.0,12046.5,12044.75,12045.5,16.0
2022-09-14 03:57,12046.0,12051.25,12046.0,12051.25,47.0
2022-09-14 03:58,12051.25,12052.0,12050.75,12052.0,15.0
2022-09-14 03:59,12052.0,12052.75,12051.5,12052.25,23.0
2022-09-14 04:00,12052.75,12053.5,12050.75,12052.0,26.0
2022-09-14 04:01,12051.5,12052.5,12051.25,12052.0,32.0
2022-09-14 04:02,12053.0,12055.5,12053.0,12054.5,68.0
2022-09-14 04:03,12054.75,12055.5,12053.25,12055.5,16.0
2022-09-14 04:04,12055.0,12057.75,12055.0,12057.5,35.0
2022-09-14 04:05,12057.25,12058.5,12055.75,12056.75,47.0
2022-09-14 04:06,12056.75,12056.75,12054.25,12055.0,18.0
2022-09-14 04:07,12054.5,12056.75,12053.75,12056.75,14.0
2022-09-14 04:08,12056.0,12056.0,12053.5,12054.5,15.0
2022-09-14 04:09,12054.0,12054.0,12050.75,12051.0,27.0
2022-09-14 04:10,12052.0,12052.5,12051.0,12051.0,13.0
2022-09-14 04:11,12051.0,12052.5,12051.0,12052.5,18.0
2022-09-14 04:12,12053.25,12056.0,12053.0,12055.25,16.0
2022-09-14 04:13,12055.25,12057.0,12055.25,12056.5,15.0
2022-09-14 04:14,12056.5,12056.5,12051.75,12052.25,27.0
2022-09-14 04:15,12052.75,12053.0,12051.5,12052.5,16.0
2022-09-14 04:16,12052.75,12053.25,12052.25,12052.25,12.0
2022-09-14 04:17,12051.0,12051.25,12051.0,12051.25,3.0
2022-09-14 04:18,12051.0,12051.0,12048.5,12048.5,22.0
2022-09-14 04:19,12048.0,12049.25,12048.0,12048.5,23.0
2022-09-14 04:20,12048.5,12049.5,12047.5,12049.5,14.0
2022-09-14 04:21,12049.75,12053.0,12049.0,12053.0,28.0
2022-09-14 04:22,12053.0,12053.0,12049.75,12049.75,25.0
2022-09-14 04:23,12050.0,12050.0,12047.0,12048.5,15.0
2022-09-14 04:24,12048.5,12048.75,12045.25,12046.25,39.0
2022-09-14 04:25,12046.5,12047.5,12046.0,12047.5,16.0
2022-09-14 04:26,12047.0,12048.5,12047.0,12048.5,17.0
2022-09-14 04:27,12048.25,12048.75,12047.0,12048.5,20.0
2022-09-14 04:28,12047.5,12051.0,12047.5,12050.5,19.0
2022-09-14 04:29,12050.75,12050.75,12049.0,12049.0,10.0
2022-09-14 04:30,12049.5,12055.0,12049.5,12055.0,34.0
2022-09-14 04:31,12054.25,12063.75,12054.25,12063.25,63.0
2022-09-14 04:32,12060.5,12062.5,12059.25,12062.5,89.0
2022-09-14 04:33,12062.25,12065.25,12060.5,12063.5,51.0
2022-09-14 04:34,12064.0,12065.0,12060.5,12063.75,50.0
2022-09-14 04:35,12064.0,12065.0,12062.25,12062.5,25.0
2022-09-14 04:36,12063.25,12065.0,12063.0,12063.25,50.0
2022-09-14 04:37,12063.0,12064.25,12061.75,12061.75,20.0
2022-09-14 04:38,12061.0,12064.5,12060.25,12063.75,24.0
2022-09-14 04:39,12063.5,12064.25,12062.0,12063.25,33.0
2022-09-14 04:40,12063.5,12063.75,12062.5,12062.75,11.0
2022-09-14 04:41,12061.75,12062.75,12059.25,12061.25,27.0
2022-09-14 04:42,12061.5,12063.25,12061.0,12063.0,33.0
2022-09-14 04:43,12062.25,12062.5,12059.0,12060.5,40.0
2022-09-14 04:44,12059.5,12062.5,12059.5,12062.25,12.0
2022-09-14 04:45,12061.0,12062.0,12059.0,12060.0,14.0
2022-09-14 04:46,12060.5,12061.25,12059.75,12061.25,31.0
2022-09-14 04:47,12062.0,12062.5,12061.25,12062.25,26.0
2022-09-14 04:48,12061.25,12061.25,12054.25,12055.25,73.0
2022-09-14 04:49,12054.75,12056.75,12052.25,12055.25,21.0
2022-09-14 04:50,12055.5,12058.25,12054.5,12058.25,25.0
2022-09-14 04:51,12057.75,12057.75,12055.75,12056.0,13.0
2022-09-14 04:52,12055.75,12056.0,12054.5,12056.0,14.0
2022-09-14 04:53,12055.25,12057.25,12055.25,12056.0,19.0
2022-09-14 04:54,12057.25,12059.0,12057.25,12057.25,22.0
2022-09-14 04:55,12056.25,12058.0,12054.75,12056.25,25.0
2022-09-14 04:56,12056.25,12057.5,12055.5,12056.0,10.0
2022-09-14 04:57,12056.25,12059.25,12056.0,12058.0,25.0
2022-09-14 04:58,12058.0,12058.75,12057.75,12058.25,16.0
2022-09-14 04:59,12058.0,12060.75,12058.0,12059.5,14.0
2022-09-14 05:00,12059.75,12061.25,12057.0,12060.0,38.0
2022-09-14 05:01,12060.0,12063.5,12057.0,12062.5,31.0
2022-09-14 05:02,12063.25,12064.25,12062.0,12062.5,26.0
2022-09-14 05:03,12063.25,12063.25,12060.75,12061.5,28.0
2022-09-14 05:04,12061.5,12061.5,12059.0,12059.5,20.0
2022-09-14 05:05,12059.75,12065.0,12059.75,12065.0,70.0
2022-09-14 05:06,12065.0,12065.25,12060.75,12060.75,29.0
2022-09-14 05:07,12061.0,12061.0,12057.0,12058.5,21.0
2022-09-14 05:08,12057.25,12059.5,12054.75,12057.5,68.0
2022-09-14 05:09,12057.0,12059.25,12057.0,12057.25,18.0
2022-09-14 05:10,12056.5,12058.75,12056.0,12058.0,36.0
2022-09-14 05:11,12058.25,12059.5,12056.0,12059.5,21.0
2022-09-14 05:12,12059.25,12063.25,12059.25,12062.0,22.0
2022-09-14 05:13,12062.0,12064.0,12062.0,12063.0,20.0
2022-09-14 05:14,12062.5,12062.5,12060.5,12061.0,12.0
2022-09-14 05:15,12060.75,12061.5,12060.25,12061.25,14.0
2022-09-14 05:16,12060.75,12060.75,12057.75,12057.75,20.0
2022-09-14 05:17,12057.25,12058.5,12055.75,12057.25,30.0
2022-09-14 05:18,12055.75,12055.75,12052.25,12055.0,65.0
2022-09-14 05:19,12054.5,12060.5,12054.5,12059.5,39.0
2022-09-14 05:20,12058.75,12058.75,12058.0,12058.75,7.0
2022-09-14 05:21,12058.5,12059.0,12057.5,12058.75,13.0
2022-09-14 05:22,12058.25,12059.75,12056.5,12059.5,20.0
2022-09-14 05:23,12059.25,12061.25,12059.0,12060.0,32.0
2022-09-14 05:24,12059.5,12061.5,12058.5,12061.0,17.0
2022-09-14 05:25,12061.25,12062.25,12058.75,12058.75,24.0
2022-09-14 05:26,12059.5,12060.5,12059.0,12059.75,10.0
2022-09-14 05:27,12059.25,12060.25,12058.25,12059.5,17.0
2022-09-14 05:28,12060.5,12063.25,12060.25,12062.0,42.0
2022-09-14 05:29,12062.5,12064.75,12062.5,12063.5,28.0
2022-09-14 05:30,12063.75,12063.75,12060.25,12061.75,35.0
2022-09-14 05:31,12061.5,12063.0,12061.5,12062.5,6.0
2022-09-14 05:32,12062.0,12064.5,12062.0,12063.5,21.0
2022-09-14 05:33,12063.0,12066.25,12062.75,12066.0,102.0
2022-09-14 05:34,12066.5,12071.75,12066.25,12071.25,195.0
2022-09-14 05:35,12070.75,12071.75,12069.0,12071.0,38.0
2022-09-14 05:36,12071.25,12071.25,12067.25,12069.0,89.0
2022-09-14 05:37,12069.0,12069.75,12067.5,12068.75,31.0
2022-09-14 05:38,12069.0,12069.0,12066.75,12067.5,32.0
2022-09-14 05:39,12067.25,12069.25,12067.25,12069.0,14.0
2022-09-14 05:40,12068.25,12068.25,12066.0,12066.5,16.0
2022-09-14 05:41,12066.75,12067.0,12063.0,12063.5,68.0
2022-09-14 05:42,12063.75,12064.25,12059.5,12060.0,51.0
2022-09-14 05:43,12060.0,12060.0,12053.0,12053.75,66.0
2022-09-14 05:44,12053.5,12053.5,12051.25,12052.75,39.0
2022-09-14 05:45,12051.75,12051.75,12047.0,12047.0,72.0
2022-09-14 05:46,12047.5,12051.25,12046.25,12047.25,54.0
2022-09-14 05:47,12046.75,12046.75,12043.0,12043.75,71.0
2022-09-14 05:48,12043.75,12045.25,12043.25,12044.0,28.0
2022-09-14 05:49,12044.25,12044.25,12041.5,12042.75,38.0
2022-09-14 05:50,12044.0,12046.5,12044.0,12046.25,49.0
2022-09-14 05:51,12046.0,12046.0,12039.25,12043.0,64.0
2022-09-14 05:52,12042.75,12045.5,12035.0,12042.5,176.0
2022-09-14 05:53,12043.25,12044.25,12036.25,12038.0,73.0
2022-09-14 05:54,12038.0,12040.0,12037.75,12037.75,39.0
2022-09-14 05:55,12037.25,12039.0,12033.75,12033.75,102.0
2022-09-14 05:56,12033.5,12034.0,12030.25,12031.5,81.0
2022-09-14 05:57,12031.75,12032.0,12028.0,12028.5,118.0
2022-09-14 05:58,12029.0,12031.5,12024.25,12026.5,149.0
2022-09-14 05:59,12027.25,12029.75,12023.5,12026.0,131.0
2022-09-14 06:00,12025.5,12033.25,12024.5,12029.75,167.0
2022-09-14 06:01,12028.75,12038.0,12028.75,12033.5,146.0
2022-09-14 06:02,12033.5,12033.75,12024.75,12024.75,147.0
2022-09-14 06:03,12025.25,12029.75,12019.75,12021.75,196.0
2022-09-14 06:04,12021.0,12023.5,12018.0,12020.0,102.0
2022-09-14 06:05,12020.25,12024.75,12020.25,12021.25,99.0
2022-09-14 06:06,12021.75,12023.25,12017.5,12018.5,101.0
2022-09-14 06:07,12019.0,12027.5,12019.0,12027.0,133.0
2022-09-14 06:08,12027.75,12037.25,12027.75,12030.75,184.0
2022-09-14 06:09,12030.75,12034.5,12029.25,12031.75,117.0
2022-09-14 06:10,12031.75,12034.75,12024.75,12029.0,109.0
2022-09-14 06:11,12029.5,12032.5,12027.5,12032.5,59.0
2022-09-14 06:12,12032.5,12035.0,12031.25,12035.0,85.0
2022-09-14 06:13,12035.5,12040.75,12033.5,12039.0,97.0
2022-09-14 06:14,12039.0,12045.5,12036.5,12045.0,134.0
2022-09-14 06:15,12044.25,12048.25,12038.0,12039.0,126.0
2022-09-14 06:16,12038.0,12041.25,12036.75,12038.25,88.0
2022-09-14 06:17,12038.0,12042.75,12034.75,12042.0,67.0
2022-09-14 06:18,12041.0,12047.75,12041.0,12047.5,52.0
2022-09-14 06:19,12048.0,12048.25,12041.5,12042.5,85.0
2022-09-14 06:20,12042.75,12043.5,12037.0,12041.5,107.0
2022-09-14 06:21,12043.0,12043.0,12038.75,12040.0,49.0
2022-09-14 06:22,12040.5,12041.0,12036.25,12036.75,69.0
2022-09-14 06:23,12037.25,12042.75,12037.25,12042.75,54.0
2022-09-14 06:24,12044.0,12049.5,12043.0,12049.5,87.0
2022-09-14 06:25,12048.75,12060.5,12048.25,12059.75,196.0
2022-09-14 06:26,12059.5,12064.25,12057.25,12061.5,353.0
2022-09-14 06:27,12061.25,12066.25,12059.75,12062.25,211.0
2022-09-14 06:28,12063.25,12069.5,12063.25,12067.75,252.0
2022-09-14 06:29,12068.0,12069.0,12064.5,12065.25,77.0
2022-09-14 06:30,12065.75,12071.5,12065.75,12071.5,135.0
2022-09-14 06:31,12070.25,12075.5,12070.25,12074.25,137.0
2022-09-14 06:32,12074.75,12074.75,12065.75,12066.5,64.0
2022-09-14 06:33,12066.75,12068.25,12063.5,12066.75,109.0
2022-09-14 06:34,12066.25,12069.5,12066.25,12068.25,70.0
2022-09-14 06:35,12068.0,12068.5,12063.5,12065.75,68.0
2022-09-14 06:36,12065.5,12068.25,12062.75,12064.25,49.0
2022-09-14 06:37,12063.75,12066.5,12063.25,12065.25,57.0
2022-09-14 06:38,12065.25,12067.75,12062.25,12063.0,57.0
2022-09-14 06:39,12063.75,12064.75,12062.25,12064.5,49.0
2022-09-14 06:40,12063.25,12069.0,12061.0,12068.5,102.0
2022-09-14 06:41,12069.0,12072.0,12065.25,12066.0,97.0
2022-09-14 06:42,12065.0,12065.25,12058.75,12060.25,75.0
2022-09-14 06:43,12060.0,12061.25,12055.75,12056.5,110.0
2022-09-14 06:44,12057.0,12059.0,12056.0,12057.5,63.0
2022-09-14 06:45,12058.0,12062.5,12058.0,12061.0,85.0
2022-09-14 06:46,12061.75,12062.25,12058.75,12058.75,45.0
2022-09-14 06:47,12059.25,12059.5,12055.5,12055.5,41.0
2022-09-14 06:48,12055.0,12057.75,12054.25,12057.5,78.0
2022-09-14 06:49,12058.0,12060.25,12058.0,12059.0,55.0
2022-09-14 06:50,12058.5,12062.75,12058.5,12062.25,115.0
2022-09-14 06:51,12062.75,12064.75,12061.75,12063.25,57.0
2022-09-14 06:52,12064.25,12065.5,12062.25,12062.75,32.0
2022-09-14 06:53,12062.75,12065.75,12062.75,12063.5,61.0
2022-09-14 06:54,12063.75,12068.5,12062.5,12068.5,75.0
2022-09-14 06:55,12068.5,12073.5,12068.0,12068.0,124.0
2022-09-14 06:56,12068.0,12068.0,12064.25,12067.5,51.0
2022-09-14 06:57,12067.5,12072.0,12063.5,12065.5,99.0
2022-09-14 06:58,12066.25,12068.25,12062.5,12064.25,111.0
2022-09-14 06:59,12063.5,12064.0,12060.75,12061.25,94.0
2022-09-14 07:00,12061.5,12079.25,12060.5,12075.0,395.0
2022-09-14 07:01,12075.5,12077.0,12071.5,12073.75,138.0
2022-09-14 07:02,12074.25,12094.0,12073.0,12092.75,399.0
2022-09-14 07:03,12092.5,12093.25,12087.0,12087.25,226.0
2022-09-14 07:04,12088.25,12093.25,12085.5,12088.25,133.0
2022-09-14 07:05,12088.25,12100.25,12086.25,12099.0,288.0
2022-09-14 07:06,12098.5,12103.75,12095.5,12103.5,273.0
2022-09-14 07:07,12105.0,12106.0,12099.25,12104.25,253.0
2022-09-14 07:08,12104.0,12106.0,12099.75,12105.0,230.0
2022-09-14 07:09,12104.5,12104.5,12094.75,12101.25,143.0
2022-09-14 07:10,12101.25,12103.0,12096.5,12098.0,158.0
2022-09-14 07:11,12098.5,12098.5,12090.75,12093.0,210.0
2022-09-14 07:12,12093.5,12097.0,12087.25,12088.75,228.0
2022-09-14 07:13,12089.75,12091.0,12084.25,12085.75,167.0
2022-09-14 07:14,12086.25,12091.25,12084.0,12087.25,185.0
2022-09-14 07:15,12087.0,12092.25,12084.75,12091.25,123.0
2022-09-14 07:16,12091.25,12091.25,12069.0,12075.25,278.0
2022-09-14 07:17,12076.5,12079.5,12068.25,12069.0,132.0
2022-09-14 07:18,12068.0,12070.0,12060.0,12062.75,172.0
2022-09-14 07:19,12063.25,12064.25,12053.75,12055.25,197.0
2022-09-14 07:20,12056.25,12066.25,12052.5,12064.75,212.0
2022-09-14 07:21,12064.5,12068.25,12059.5,12060.5,164.0
2022-09-14 07:22,12059.75,12061.25,12046.75,12048.5,208.0
2022-09-14 07:23,12048.75,12048.75,12036.5,12037.25,215.0
2022-09-14 07:24,12037.5,12042.25,12037.0,12040.75,120.0
2022-09-14 07:25,12040.0,12044.25,12036.0,12040.25,175.0
2022-09-14 07:26,12039.25,12048.75,12039.25,12047.75,128.0
2022-09-14 07:27,12046.75,12048.75,12036.75,12037.5,166.0
2022-09-14 07:28,12037.5,12045.0,12037.0,12038.75,140.0
2022-09-14 07:29,12041.25,12049.0,12038.75,12043.0,217.0
2022-09-14 07:30,12042.75,12058.75,12042.0,12057.25,279.0
2022-09-14 07:31,12057.0,12062.0,12054.5,12061.25,178.0
2022-09-14 07:32,12062.0,12068.75,12059.5,12061.75,246.0
2022-09-14 07:33,12062.5,12065.5,12059.0,12060.75,116.0
2022-09-14 07:34,12061.0,12067.5,12061.0,12064.75,63.0
2022-09-14 07:35,12066.0,12067.5,12061.25,12061.5,83.0
2022-09-14 07:36,12061.0,12066.25,12059.75,12066.25,106.0
2022-09-14 07:37,12065.75,12074.25,12065.75,12071.25,210.0
2022-09-14 07:38,12071.25,12072.0,12061.5,12061.75,70.0
2022-09-14 07:39,12061.25,12067.0,12059.75,12062.25,96.0
2022-09-14 07:40,12062.0,12065.5,12059.5,12062.25,97.0
2022-09-14 07:41,12063.25,12075.5,12062.75,12074.25,140.0
2022-09-14 07:42,12073.0,12078.5,12071.25,12074.75,153.0
2022-09-14 07:43,12074.5,12077.5,12071.5,12073.5,69.0
2022-09-14 07:44,12074.25,12080.25,12074.25,12079.0,101.0
2022-09-14 07:45,12077.5,12079.5,12072.0,12072.5,87.0
2022-09-14 07:46,12072.75,12080.5,12072.75,12080.5,101.0
2022-09-14 07:47,12080.5,12081.0,12072.75,12072.75,88.0
2022-09-14 07:48,12072.75,12077.0,12070.0,12074.5,123.0
2022-09-14 07:49,12075.0,12075.75,12070.0,12074.5,90.0
2022-09-14 07:50,12073.75,12073.75,12068.75,12072.25,50.0
2022-09-14 07:51,12073.5,12077.5,12073.0,12076.25,52.0
2022-09-14 07:52,12076.25,12077.75,12070.5,12070.5,149.0
2022-09-14 07:53,12070.5,12076.5,12070.25,12074.0,85.0
2022-09-14 07:54,12074.5,12081.25,12074.5,12079.5,103.0
2022-09-14 07:55,12080.75,12088.0,12080.5,12082.75,208.0
2022-09-14 07:56,12082.5,12086.0,12080.0,12085.25,107.0
2022-09-14 07:57,12086.5,12086.75,12078.75,12080.0,85.0
2022-09-14 07:58,12079.5,12080.75,12074.5,12075.25,142.0
2022-09-14 07:59,12073.75,12081.25,12072.75,12081.0,100.0
2022-09-14 08:00,12081.5,12086.0,12077.25,12082.5,199.0
2022-09-14 08:01,12081.25,12086.0,12076.0,12084.25,117.0
2022-09-14 08:02,12084.75,12097.0,12083.0,12095.0,226.0
2022-09-14 08:03,12095.25,12100.5,12094.75,12097.75,191.0
2022-09-14 08:04,12095.5,12101.5,12094.5,12098.75,153.0
2022-09-14 08:05,12098.0,12101.25,12095.25,12099.0,91.0
2022-09-14 08:06,12098.75,12100.0,12094.5,12096.25,140.0
2022-09-14 08:07,12097.5,12107.75,12097.5,12106.25,151.0
2022-09-14 08:08,12105.25,12107.5,12103.25,12104.25,179.0
2022-09-14 08:09,12104.5,12104.5,12099.5,12103.75,138.0
2022-09-14 08:10,12104.25,12106.75,12101.5,12102.5,55.0
2022-09-14 08:11,12101.5,12108.0,12101.0,12101.5,84.0
2022-09-14 08:12,12102.75,12104.25,12101.5,12102.25,61.0
2022-09-14 08:13,12102.0,12105.75,12102.0,12102.75,56.0
2022-09-14 08:14,12101.25,12105.75,12099.25,12104.25,187.0
2022-09-14 08:15,12103.75,12106.0,12102.5,12103.0,79.0
2022-09-14 08:16,12102.75,12106.25,12102.75,12104.75,97.0
2022-09-14 08:17,12105.0,12106.75,12100.75,12101.25,94.0
2022-09-14 08:18,12101.0,12108.0,12100.5,12104.25,125.0
2022-09-14 08:19,12105.75,12106.5,12104.25,12106.25,31.0
2022-09-14 08:20,12106.25,12115.25,12106.25,12113.75,134.0
2022-09-14 08:21,12113.5,12115.75,12104.0,12104.0,103.0
2022-09-14 08:22,12104.5,12110.0,12104.25,12105.25,102.0
2022-09-14 08:23,12106.0,12109.25,12106.0,12108.75,74.0
2022-09-14 08:24,12109.75,12118.5,12109.75,12117.0,131.0
2022-09-14 08:25,12116.5,12117.25,12110.0,12111.25,92.0
2022-09-14 08:26,12110.25,12111.25,12106.0,12108.5,92.0
2022-09-14 08:27,12107.5,12108.5,12102.5,12103.5,147.0
2022-09-14 08:28,12103.25,12103.25,12098.75,12098.75,65.0
2022-09-14 08:29,12098.5,12102.25,12096.5,12101.25,136.0
2022-09-14 08:30,12102.25,12114.25,12102.25,12114.0,100.0
2022-09-14 08:31,12114.0,12121.0,12114.0,12117.0,166.0
2022-09-14 08:32,12117.5,12128.25,12115.0,12126.25,194.0
2022-09-14 08:33,12126.0,12134.75,12124.25,12134.75,237.0
2022-09-14 08:34,12134.0,12135.5,12131.0,12133.25,142.0
2022-09-14 08:35,12133.0,12135.5,12131.75,12134.0,134.0
2022-09-14 08:36,12133.5,12138.0,12131.0,12134.75,134.0
2022-09-14 08:37,12135.25,12137.25,12132.0,12132.75,101.0
2022-09-14 08:38,12133.0,12135.25,12128.25,12133.25,93.0
2022-09-14 08:39,12133.25,12133.25,12124.5,12125.0,161.0
2022-09-14 08:40,12125.0,12127.25,12122.5,12127.25,75.0
2022-09-14 08:41,12126.5,12127.0,12119.75,12121.0,146.0
2022-09-14 08:42,12120.75,12122.5,12117.75,12122.25,63.0
2022-09-14 08:43,12122.5,12123.25,12121.0,12121.75,36.0
2022-09-14 08:44,12122.0,12127.0,12122.0,12124.25,65.0
2022-09-14 08:45,12124.5,12126.75,12121.75,12126.75,64.0
2022-09-14 08:46,12126.0,12127.25,12119.0,12119.5,81.0
2022-09-14 08:47,12120.25,12120.75,12114.5,12114.5,130.0
2022-09-14 08:48,12114.5,12118.0,12111.0,12112.25,110.0
2022-09-14 08:49,12112.25,12114.25,12108.0,12108.0,86.0
2022-09-14 08:50,12108.25,12110.5,12105.0,12107.75,144.0
2022-09-14 08:51,12107.5,12120.0,12107.25,12119.25,246.0
2022-09-14 08:52,12119.25,12123.75,12114.0,12115.25,148.0
2022-09-14 08:53,12115.75,12123.0,12115.25,12123.0,162.0
2022-09-14 08:54,12122.0,12123.5,12120.0,12121.25,72.0
2022-09-14 08:55,12121.75,12128.75,12119.5,12119.5,91.0
2022-09-14 08:56,12120.0,12120.0,12115.0,12116.25,84.0
2022-09-14 08:57,12117.0,12121.0,12114.5,12120.0,65.0
2022-09-14 08:58,12122.0,12123.0,12111.25,12113.0,207.0
2022-09-14 08:59,12113.25,12118.25,12113.0,12115.5,62.0
2022-09-14 09:00,12115.0,12115.0,12110.5,12112.0,40.0
2022-09-14 09:01,12111.0,12114.25,12106.75,12110.25,105.0
2022-09-14 09:02,12111.0,12113.75,12109.5,12113.75,53.0
2022-09-14 09:03,12113.5,12113.5,12107.75,12107.75,64.0
2022-09-14 09:04,12107.5,12110.5,12105.25,12105.5,58.0
2022-09-14 09:05,12105.75,12111.5,12105.0,12111.5,92.0
2022-09-14 09:06,12111.25,12118.0,12109.0,12113.25,133.0
2022-09-14 09:07,12112.5,12114.75,12110.0,12112.0,112.0
2022-09-14 09:08,12111.25,12113.0,12108.0,12110.25,96.0
2022-09-14 09:09,12107.75,12111.25,12106.5,12108.5,52.0
2022-09-14 09:10,12107.5,12108.0,12103.0,12103.5,74.0
2022-09-14 09:11,12103.0,12106.0,12101.5,12105.0,101.0
2022-09-14 09:12,12105.75,12105.75,12099.5,12100.75,54.0
2022-09-14 09:13,12100.75,12101.5,12097.5,12099.0,71.0
2022-09-14 09:14,12098.75,12099.25,12095.25,12097.25,144.0
2022-09-14 09:15,12097.0,12099.75,12094.25,12095.0,55.0
2022-09-14 09:16,12095.25,12099.0,12094.25,12096.0,60.0
2022-09-14 09:17,12094.75,12101.25,12094.75,12100.25,67.0
2022-09-14 09:18,12100.25,12102.25,12097.5,12102.25,36.0
2022-09-14 09:19,12103.5,12107.25,12101.25,12107.0,70.0
2022-09-14 09:20,12107.0,12115.25,12106.75,12113.5,86.0
2022-09-14 09:21,12113.75,12116.25,12108.5,12112.5,87.0
2022-09-14 09:22,12111.25,12118.0,12110.0,12114.0,93.0
2022-09-14 09:23,12115.5,12117.5,12115.25,12116.25,36.0
2022-09-14 09:24,12115.5,12121.0,12114.5,12119.75,55.0
2022-09-14 09:25,12121.25,12121.25,12115.75,12116.75,180.0
2022-09-14 09:26,12116.5,12117.0,12114.75,12115.0,72.0
2022-09-14 09:27,12115.75,12116.0,12112.75,12114.75,61.0
2022-09-14 09:28,12115.25,12122.0,12114.75,12121.25,68.0
2022-09-14 09:29,12122.25,12123.5,12119.25,12120.5,77.0
2022-09-14 09:30,12121.75,12124.0,12120.25,12122.75,40.0
2022-09-14 09:31,12122.75,12122.75,12111.5,12111.5,101.0
2022-09-14 09:32,12112.5,12113.0,12107.75,12109.5,81.0
2022-09-14 09:33,12109.0,12110.5,12106.5,12110.5,76.0
2022-09-14 09:34,12110.25,12110.75,12107.75,12108.75,40.0
2022-09-14 09:35,12109.25,12109.25,12106.0,12106.75,40.0
2022-09-14 09:36,12107.5,12112.75,12106.25,12109.5,48.0
2022-09-14 09:37,12110.0,12116.0,12110.0,12114.5,49.0
2022-09-14 09:38,12114.0,12118.0,12114.0,12117.5,24.0
2022-09-14 09:39,12118.25,12119.0,12115.75,12115.75,42.0
2022-09-14 09:40,12116.5,12117.0,12112.5,12113.75,48.0
2022-09-14 09:41,12114.5,12114.5,12108.5,12109.25,45.0
2022-09-14 09:42,12108.5,12108.5,12105.75,12107.0,30.0
2022-09-14 09:43,12107.75,12109.0,12102.0,12102.0,59.0
2022-09-14 09:44,12102.75,12102.75,12096.5,12097.75,103.0
2022-09-14 09:45,12098.0,12105.5,12098.0,12105.5,97.0
2022-09-14 09:46,12105.5,12108.75,12102.0,12102.75,83.0
2022-09-14 09:47,12102.0,12102.25,12099.75,12102.25,32.0
2022-09-14 09:48,12101.0,12101.75,12099.0,12100.75,50.0
2022-09-14 09:49,12100.25,12101.25,12099.25,12101.25,34.0
2022-09-14 09:50,12101.0,12103.75,12099.75,12101.5,65.0
2022-09-14 09:51,12101.75,12103.75,12101.5,12101.5,38.0
2022-09-14 09:52,12101.0,12101.0,12093.0,12093.5,111.0
2022-09-14 09:53,12093.0,12094.0,12090.25,12091.5,90.0
2022-09-14 09:54,12091.75,12093.25,12090.5,12090.5,54.0
2022-09-14 09:55,12090.0,12090.75,12085.0,12085.5,120.0
2022-09-14 09:56,12086.0,12094.25,12086.0,12093.75,109.0
2022-09-14 09:57,12093.25,12095.5,12090.5,12091.25,90.0
2022-09-14 09:58,12091.5,12094.5,12091.5,12093.0,58.0
2022-09-14 09:59,12094.0,12101.0,12093.75,12097.75,74.0
2022-09-14 10:00,12097.5,12100.0,12091.75,12100.0,90.0
2022-09-14 10:01,12100.0,12106.25,12100.0,12105.0,117.0
2022-09-14 10:02,12104.25,12105.5,12102.5,12103.25,54.0
2022-09-14 10:03,12103.0,12103.5,12099.75,12101.0,51.0
2022-09-14 10:04,12100.75,12108.0,12099.75,12106.5,66.0
2022-09-14 10:05,12106.75,12109.0,12104.5,12108.75,84.0
2022-09-14 10:06,12107.5,12107.75,12100.0,12101.5,66.0
2022-09-14 10:07,12101.0,12102.75,12099.25,12100.25,52.0
2022-09-14 10:08,12101.0,12102.75,12097.5,12101.0,52.0
2022-09-14 10:09,12103.0,12105.0,12101.0,12104.0,53.0
2022-09-14 10:10,12103.75,12108.75,12103.75,12108.0,89.0
2022-09-14 10:11,12108.5,12112.0,12107.25,12110.0,84.0
2022-09-14 10:12,12111.0,12112.5,12109.75,12110.75,44.0
2022-09-14 10:13,12110.25,12110.25,12104.25,12105.25,52.0
2022-09-14 10:14,12104.75,12107.25,12103.25,12107.25,70.0
2022-09-14 10:15,12107.75,12110.5,12104.5,12109.0,133.0
2022-09-14 10:16,12109.0,12109.0,12105.5,12107.25,57.0
2022-09-14 10:17,12107.25,12112.25,12105.25,12111.75,68.0
2022-09-14 10:18,12112.0,12115.5,12111.25,12111.5,91.0
2022-09-14 10:19,12111.0,12113.5,12108.25,12109.5,69.0
2022-09-14 10:20,12109.5,12112.0,12108.0,12108.5,70.0
2022-09-14 10:21,12108.0,12110.75,12105.75,12106.25,106.0
2022-09-14 10:22,12106.5,12111.25,12105.5,12110.75,59.0
2022-09-14 10:23,12111.75,12113.0,12109.75,12111.0,98.0
2022-09-14 10:24,12110.25,12112.5,12109.75,12112.5,29.0
2022-09-14 10:25,12113.25,12114.25,12108.75,12113.25,46.0
2022-09-14 10:26,12113.0,12113.0,12106.5,12107.0,63.0
2022-09-14 10:27,12107.75,12110.75,12104.25,12104.75,65.0
2022-09-14 10:28,12105.5,12107.0,12103.25,12105.25,27.0
2022-09-14 10:29,12106.5,12108.75,12105.25,12107.0,58.0
2022-09-14 10:30,12108.0,12108.0,12103.75,12103.75,90.0
2022-09-14 10:31,12103.5,12108.0,12103.5,12107.25,74.0
2022-09-14 10:32,12107.0,12108.0,12098.75,12099.5,100.0
2022-09-14 10:33,12099.25,12099.25,12092.0,12094.0,95.0
2022-09-14 10:34,12093.25,12098.5,12093.25,12098.25,45.0
2022-09-14 10:35,12098.25,12098.25,12095.0,12095.75,29.0
2022-09-14 10:36,12096.5,12100.25,12096.5,12096.5,24.0
2022-09-14 10:37,12096.0,12096.25,12093.5,12096.0,44.0
2022-09-14 10:38,12095.75,12099.25,12095.75,12099.25,32.0
2022-09-14 10:39,12099.25,12099.25,12094.0,12094.25,38.0
2022-09-14 10:40,12094.0,12095.75,12093.0,12093.0,22.0
2022-09-14 10:41,12093.75,12096.25,12092.25,12095.25,25.0
2022-09-14 10:42,12095.5,12099.0,12093.0,12093.0,22.0
2022-09-14 10:43,12093.0,12094.5,12087.75,12088.25,88.0
2022-09-14 10:44,12088.0,12089.75,12083.5,12084.0,111.0
2022-09-14 10:45,12083.5,12090.75,12083.0,12090.75,108.0
2022-09-14 10:46,12091.25,12093.0,12087.0,12087.5,62.0
2022-09-14 10:47,12087.75,12088.5,12085.5,12085.5,55.0
2022-09-14 10:48,12085.5,12087.5,12082.75,12083.75,100.0
2022-09-14 10:49,12084.25,12088.75,12083.25,12088.25,60.0
2022-09-14 10:50,12088.25,12088.25,12080.5,12080.5,97.0
2022-09-14 10:51,12080.25,12084.25,12079.0,12080.0,121.0
2022-09-14 10:52,12079.75,12082.0,12079.0,12082.0,48.0
2022-09-14 10:53,12082.0,12084.25,12082.0,12083.25,42.0
2022-09-14 10:54,12083.25,12086.75,12083.25,12086.75,40.0
2022-09-14 10:55,12087.25,12089.0,12086.5,12087.25,40.0
2022-09-14 10:56,12089.25,12093.75,12087.75,12093.25,32.0
2022-09-14 10:57,12094.25,12096.25,12093.25,12093.5,48.0
2022-09-14 10:58,12093.75,12094.0,12091.0,12092.25,57.0
2022-09-14 10:59,12092.5,12095.0,12089.75,12090.75,66.0
2022-09-14 11:00,12091.0,12093.0,12089.25,12089.5,46.0
2022-09-14 11:01,12089.0,12089.25,12086.25,12087.0,76.0
2022-09-14 11:02,12086.75,12087.25,12080.0,12080.75,93.0
2022-09-14 11:03,12079.75,12084.75,12079.75,12081.75,93.0
2022-09-14 11:04,12081.0,12083.0,12075.75,12079.0,128.0
2022-09-14 11:05,12079.25,12080.0,12075.25,12077.0,109.0
2022-09-14 11:06,12077.25,12078.5,12072.5,12075.25,98.0
2022-09-14 11:07,12075.5,12076.5,12073.75,12074.5,54.0
2022-09-14 11:08,12074.25,12075.75,12072.5,12074.0,54.0
2022-09-14 11:09,12073.75,12081.0,12073.75,12080.0,145.0
2022-09-14 11:10,12080.25,12083.0,12079.5,12080.25,97.0
2022-09-14 11:11,12079.75,12081.25,12073.25,12073.25,105.0
2022-09-14 11:12,12072.75,12073.5,12068.0,12069.25,100.0
2022-09-14 11:13,12069.0,12072.5,12068.75,12070.25,95.0
2022-09-14 11:14,12070.25,12073.75,12069.75,12073.25,41.0
2022-09-14 11:15,12073.0,12074.25,12071.25,12073.0,29.0
2022-09-14 11:16,12074.5,12075.0,12069.5,12070.0,68.0
2022-09-14 11:17,12069.25,12070.75,12066.75,12069.0,84.0
2022-09-14 11:18,12069.5,12070.75,12064.0,12067.5,183.0
2022-09-14 11:19,12066.5,12071.75,12065.5,12066.5,67.0
2022-09-14 11:20,12066.0,12066.75,12060.25,12062.0,81.0
2022-09-14 11:21,12061.25,12062.0,12056.25,12057.5,126.0
2022-09-14 11:22,12058.0,12059.75,12057.0,12059.0,64.0
2022-09-14 11:23,12058.25,12061.0,12053.75,12056.25,97.0
2022-09-14 11:24,12055.25,12055.75,12052.0,12052.75,76.0
2022-09-14 11:25,12053.5,12055.5,12050.25,12050.75,58.0
2022-09-14 11:26,12050.25,12056.25,12049.75,12056.25,95.0
2022-09-14 11:27,12056.5,12060.0,12055.0,12059.75,97.0
2022-09-14 11:28,12060.5,12061.25,12056.0,12056.0,102.0
2022-09-14 11:29,12055.0,12058.5,12050.25,12050.25,188.0
2022-09-14 11:30,12050.25,12054.25,12048.75,12049.5,132.0
2022-09-14 11:31,12048.5,12052.25,12045.5,12052.25,150.0
2022-09-14 11:32,12050.75,12059.25,12048.75,12058.25,97.0
2022-09-14 11:33,12057.5,12058.0,12049.25,12049.25,70.0
2022-09-14 11:34,12048.75,12048.75,12042.0,12047.5,107.0
2022-09-14 11:35,12048.5,12054.75,12048.5,12049.0,102.0
2022-09-14 11:36,12049.25,12058.25,12049.25,12056.25,64.0
2022-09-14 11:37,12056.25,12056.5,12049.25,12052.75,119.0
2022-09-14 11:38,12053.0,12057.0,12052.25,12055.25,45.0
2022-09-14 11:39,12055.75,12062.5,12055.75,12061.75,166.0
2022-09-14 11:40,12061.5,12064.5,12058.0,12059.75,81.0
2022-09-14 11:41,12058.0,12059.75,12049.5,12052.75,137.0
2022-09-14 11:42,12052.25,12059.25,12049.0,12053.25,131.0
2022-09-14 11:43,12053.75,12053.75,12046.75,12047.0,87.0
2022-09-14 11:44,12047.0,12049.5,12043.5,12044.25,216.0
2022-09-14 11:45,12044.25,12046.25,12040.25,12045.25,146.0
2022-09-14 11:46,12045.25,12045.25,12039.25,12040.0,91.0
2022-09-14 11:47,12041.25,12048.25,12041.25,12047.75,97.0
2022-09-14 11:48,12047.75,12050.25,12036.25,12039.0,136.0
2022-09-14 11:49,12040.0,12040.25,12031.0,12033.5,140.0
2022-09-14 11:50,12031.5,12038.0,12031.0,12033.25,185.0
2022-09-14 11:51,12034.75,12035.75,12028.25,12030.25,215.0
2022-09-14 11:52,12030.25,12032.25,12022.25,12023.5,208.0
2022-09-14 11:53,12023.5,12025.0,12020.5,12022.0,160.0
2022-09-14 11:54,12020.5,12021.5,12015.75,12016.25,257.0
2022-09-14 11:55,12015.5,12018.75,12010.75,12012.75,279.0
2022-09-14 11:56,12013.75,12015.75,12008.25,12009.25,255.0
2022-09-14 11:57,12009.75,12012.75,12006.0,12012.25,303.0
2022-09-14 11:58,12012.75,12017.5,12005.25,12006.0,279.0
2022-09-14 11:59,12007.0,12011.25,12001.75,12007.75,341.0
2022-09-14 12:00,12007.5,12018.0,12003.5,12016.25,323.0
2022-09-14 12:01,12016.75,12019.5,12012.75,12015.75,161.0
2022-09-14 12:02,12016.75,12023.25,12014.0,12015.0,147.0
2022-09-14 12:03,12015.75,12023.0,12015.5,12021.5,106.0
2022-09-14 12:04,12022.0,12024.5,12012.25,12012.25,111.0
2022-09-14 12:05,12012.5,12021.0,12012.5,12020.0,168.0
2022-09-14 12:06,12020.75,12027.75,12020.0,12026.75,245.0
2022-09-14 12:07,12026.75,12030.75,12024.0,12029.0,171.0
2022-09-14 12:08,12027.75,12028.75,12023.0,12025.75,71.0
2022-09-14 12:09,12025.5,12026.75,12018.75,12026.25,135.0
2022-09-14 12:10,12026.75,12030.5,12022.0,12022.25,173.0
2022-09-14 12:11,12022.0,12027.25,12021.75,12025.75,77.0
2022-09-14 12:12,12025.75,12025.75,12019.75,12025.5,137.0
2022-09-14 12:13,12026.0,12032.0,12024.75,12026.75,128.0
2022-09-14 12:14,12027.25,12039.5,12026.75,12037.75,158.0
2022-09-14 12:15,12038.25,12040.5,12034.25,12038.0,154.0
2022-09-14 12:16,12037.5,12039.75,12032.25,12035.75,232.0
2022-09-14 12:17,12036.25,12042.75,12034.75,12037.25,178.0
2022-09-14 12:18,12037.0,12047.25,12035.25,12047.25,163.0
2022-09-14 12:19,12046.0,12052.25,12046.0,12052.25,179.0
2022-09-14 12:20,12051.25,12052.25,12048.0,12049.5,102.0
2022-09-14 12:21,12050.0,12053.5,12049.5,12051.25,62.0
2022-09-14 12:22,12051.25,12052.5,12047.25,12051.0,116.0
2022-09-14 12:23,12050.0,12050.0,12044.0,12047.0,106.0
2022-09-14 12:24,12046.75,12056.75,12046.75,12054.75,147.0
2022-09-14 12:25,12053.75,12056.5,12049.25,12054.0,105.0
2022-09-14 12:26,12055.25,12059.25,12055.25,12057.25,102.0
2022-09-14 12:27,12056.5,12058.75,12055.5,12057.75,55.0
2022-09-14 12:28,12057.5,12059.5,12054.75,12058.0,128.0
2022-09-14 12:29,12056.75,12060.5,12055.25,12057.25,71.0
2022-09-14 12:30,12060.25,12077.0,12030.75,12053.0,783.0
2022-09-14 12:31,12051.25,12069.0,12044.25,12049.0,559.0
2022-09-14 12:32,12049.0,12049.5,12031.75,12032.75,434.0
2022-09-14 12:33,12033.5,12042.5,12031.0,12040.75,392.0
2022-09-14 12:34,12039.5,12043.75,12034.75,12041.75,272.0
2022-09-14 12:35,12042.5,12051.25,12042.5,12049.75,287.0
2022-09-14 12:36,12051.25,12065.5,12050.75,12059.25,445.0
2022-09-14 12:37,12059.5,12061.25,12053.0,12059.5,129.0
2022-09-14 12:38,12060.25,12066.5,12058.5,12066.25,224.0
2022-09-14 12:39,12064.75,12079.25,12064.75,12075.0,331.0
2022-09-14 12:40,12074.75,12079.25,12070.25,12078.75,239.0
2022-09-14 12:41,12079.0,12086.0,12076.0,12081.0,287.0
2022-09-14 12:42,12081.5,12087.0,12079.75,12085.5,248.0
2022-09-14 12:43,12086.25,12086.5,12081.0,12084.5,217.0
2022-09-14 12:44,12084.75,12091.25,12079.5,12087.0,236.0
2022-09-14 12:45,12086.5,12089.5,12080.75,12084.5,144.0
2022-09-14 12:46,12085.0,12085.25,12080.0,12083.0,148.0
2022-09-14 12:47,12083.0,12084.0,12068.25,12070.0,245.0
2022-09-14 12:48,12070.75,12076.0,12070.25,12075.0,100.0
2022-09-14 12:49,12076.0,12076.75,12064.25,12064.5,209.0
2022-09-14 12:50,12064.0,12069.25,12063.0,12068.0,162.0
2022-09-14 12:51,12069.5,12081.5,12069.5,12080.75,168.0
2022-09-14 12:52,12080.25,12087.5,12079.75,12084.5,298.0
2022-09-14 12:53,12084.0,12086.25,12082.25,12085.0,124.0
2022-09-14 12:54,12085.0,12093.0,12085.0,12089.5,206.0
2022-09-14 12:55,12088.5,12096.75,12087.75,12094.5,245.0
2022-09-14 12:56,12096.0,12096.0,12089.0,12090.5,167.0
2022-09-14 12:57,12090.75,12090.75,12084.0,12087.0,205.0
2022-09-14 12:58,12087.25,12093.25,12080.0,12082.0,178.0
2022-09-14 12:59,12082.5,12085.0,12081.75,12082.0,107.0
2022-09-14 13:00,12082.5,12083.75,12074.25,12079.0,233.0
2022-09-14 13:01,12078.75,12081.0,12069.0,12072.75,207.0
2022-09-14 13:02,12071.75,12079.75,12071.5,12077.5,116.0
2022-09-14 13:03,12078.25,12088.5,12077.25,12083.75,239.0
2022-09-14 13:04,12083.75,12084.0,12079.75,12083.5,122.0
2022-09-14 13:05,12082.25,12088.0,12081.5,12086.5,155.0
2022-09-14 13:06,12087.0,12092.0,12085.0,12090.0,208.0
2022-09-14 13:07,12090.75,12094.5,12089.0,12090.25,274.0
2022-09-14 13:08,12089.0,12090.25,12077.75,12080.0,333.0
2022-09-14 13:09,12078.75,12080.5,12072.75,12078.5,246.0
2022-09-14 13:10,12077.75,12081.75,12075.75,12076.5,192.0
2022-09-14 13:11,12077.25,12086.5,12076.0,12086.25,242.0
2022-09-14 13:12,12086.75,12089.5,12078.25,12081.75,225.0
2022-09-14 13:13,12080.5,12083.0,12075.25,12077.75,165.0
2022-09-14 13:14,12077.75,12083.5,12075.5,12082.25,151.0
2022-09-14 13:15,12083.0,12085.5,12075.75,12078.25,230.0
2022-09-14 13:16,12078.0,12085.25,12077.5,12082.75,149.0
2022-09-14 13:17,12082.5,12083.5,12075.75,12078.25,259.0
2022-09-14 13:18,12078.75,12081.5,12074.25,12079.0,254.0
2022-09-14 13:19,12078.5,12086.25,12077.25,12081.5,168.0
2022-09-14 13:20,12082.0,12085.5,12078.25,12083.0,174.0
2022-09-14 13:21,12083.75,12087.5,12076.75,12076.75,239.0
2022-09-14 13:22,12076.25,12077.0,12071.5,12073.5,218.0
2022-09-14 13:23,12073.0,12077.75,12070.5,12075.5,234.0
2022-09-14 13:24,12076.5,12082.0,12072.0,12081.75,234.0
2022-09-14 13:25,12083.0,12091.75,12082.25,12090.5,361.0
2022-09-14 13:26,12090.75,12091.0,12084.25,12091.0,258.0
2022-09-14 13:27,12090.25,12090.5,12085.0,12087.75,273.0
2022-09-14 13:28,12088.0,12093.25,12087.5,12089.75,203.0
2022-09-14 13:29,12089.0,12092.0,12087.0,12090.5,238.0
2022-09-14 13:30,12090.5,12094.0,12075.5,12079.0,1265.0
2022-09-14 13:31,12079.0,12099.75,12066.0,12070.25,1661.0
2022-09-14 13:32,12069.75,12081.5,12051.0,12063.5,1290.0
2022-09-14 13:33,12063.5,12064.0,12038.0,12039.5,1156.0
2022-09-14 13:34,12040.0,12053.25,12020.75,12023.25,1111.0
2022-09-14 13:35,12023.75,12034.75,12020.0,12025.75,976.0
2022-09-14 13:36,12026.25,12039.25,12021.0,12029.25,734.0
2022-09-14 13:37,12027.5,12034.0,12019.0,12032.25,768.0
2022-09-14 13:38,12033.0,12056.25,12032.0,12050.0,912.0
2022-09-14 13:39,12051.75,12058.5,12045.75,12047.0,974.0
2022-09-14 13:40,12046.5,12056.25,12029.25,12031.0,1107.0
2022-09-14 13:41,12030.5,12044.0,12028.0,12039.25,846.0
2022-09-14 13:42,12041.25,12053.5,12026.5,12051.0,973.0
2022-09-14 13:43,12050.5,12064.75,12046.5,12056.0,1206.0
2022-09-14 13:44,12056.75,12104.75,12054.5,12103.5,1257.0
2022-09-14 13:45,12103.75,12117.25,12096.25,12115.0,1332.0
2022-09-14 13:46,12116.25,12134.25,12109.0,12109.0,1276.0
2022-09-14 13:47,12109.25,12115.5,12103.75,12108.25,788.0
2022-09-14 13:48,12107.0,12107.0,12088.25,12090.0,1000.0
2022-09-14 13:49,12089.5,12092.5,12073.75,12078.75,878.0
2022-09-14 13:50,12078.5,12079.0,12065.25,12071.0,608.0
2022-09-14 13:51,12069.75,12083.0,12068.5,12073.0,496.0
2022-09-14 13:52,12074.25,12077.75,12054.75,12067.25,775.0
2022-09-14 13:53,12068.75,12097.25,12068.75,12093.75,789.0
2022-09-14 13:54,12094.0,12094.0,12071.75,12072.25,626.0
2022-09-14 13:55,12072.5,12082.0,12061.0,12070.5,692.0
2022-09-14 13:56,12072.0,12090.0,12072.0,12081.75,469.0
2022-09-14 13:57,12082.5,12082.5,12063.25,12075.5,663.0
2022-09-14 13:58,12075.25,12107.75,12073.25,12100.5,1079.0
2022-09-14 13:59,12101.0,12114.0,12093.0,12113.5,708.0
2022-09-14 14:00,12114.25,12116.5,12097.25,12098.25,773.0
2022-09-14 14:01,12098.0,12109.25,12094.5,12099.5,580.0
2022-09-14 14:02,12100.5,12112.0,12090.5,12093.0,713.0
2022-09-14 14:03,12092.5,12102.0,12083.75,12084.25,645.0
2022-09-14 14:04,12085.25,12089.25,12075.25,12087.5,820.0
2022-09-14 14:05,12087.75,12089.75,12073.25,12080.25,592.0
2022-09-14 14:06,12080.5,12100.0,12077.0,12096.25,759.0
2022-09-14 14:07,12098.25,12117.0,12093.5,12110.25,698.0
2022-09-14 14:08,12110.5,12120.5,12106.25,12115.25,725.0
2022-09-14 14:09,12114.75,12115.75,12094.25,12097.0,519.0
2022-09-14 14:10,12096.75,12111.5,12090.0,12110.0,655.0
2022-09-14 14:11,12110.5,12120.0,12104.0,12115.75,549.0
2022-09-14 14:12,12115.5,12116.5,12103.25,12107.25,548.0
2022-09-14 14:13,12108.25,12108.5,12078.0,12085.0,1025.0
2022-09-14 14:14,12083.5,12099.0,12081.75,12091.25,617.0
2022-09-14 14:15,12091.0,12117.5,12091.0,12117.0,785.0
2022-09-14 14:16,12117.25,12122.5,12093.0,12093.25,722.0
2022-09-14 14:17,12093.5,12107.75,12093.25,12099.5,546.0
2022-09-14 14:18,12099.0,12101.5,12084.0,12084.75,466.0
2022-09-14 14:19,12086.25,12088.0,12076.75,12088.0,641.0
2022-09-14 14:20,12087.75,12103.5,12087.5,12091.5,695.0
2022-09-14 14:21,12091.0,12094.5,12070.5,12071.0,564.0
2022-09-14 14:22,12070.75,12079.0,12066.75,12071.5,618.0
2022-09-14 14:23,12071.75,12074.0,12059.5,12060.5,733.0
2022-09-14 14:24,12060.25,12077.5,12056.0,12064.25,615.0
2022-09-14 14:25,12065.25,12071.75,12061.0,12061.25,486.0
2022-09-14 14:26,12061.0,12061.25,12038.0,12040.25,1127.0
2022-09-14 14:27,12040.75,12044.25,12028.5,12029.75,490.0
2022-09-14 14:28,12028.5,12037.25,12026.25,12034.25,627.0
2022-09-14 14:29,12033.75,12039.0,12024.25,12025.5,602.0
2022-09-14 14:30,12026.0,12036.0,12014.25,12028.75,1085.0
2022-09-14 14:31,12028.5,12055.0,12028.5,12042.5,1175.0
2022-09-14 14:32,12043.0,12056.25,12043.0,12050.0,634.0
2022-09-14 14:33,12050.25,12072.75,12050.25,12064.0,805.0
2022-09-14 14:34,12064.25,12067.75,12059.0,12062.0,332.0
2022-09-14 14:35,12063.0,12077.25,12059.5,12065.75,498.0
2022-09-14 14:36,12068.0,12078.0,12066.0,12069.75,492.0
2022-09-14 14:37,12068.75,12075.25,12061.25,12072.5,468.0
2022-09-14 14:38,12074.0,12104.25,12071.75,12103.25,1029.0
2022-09-14 14:39,12103.5,12109.5,12097.75,12100.5,716.0
2022-09-14 14:40,12099.5,12101.25,12090.0,12101.25,497.0
2022-09-14 14:41,12101.25,12108.5,12095.25,12105.75,495.0
2022-09-14 14:42,12106.25,12115.25,12105.25,12112.25,590.0
2022-09-14 14:43,12112.75,12129.75,12106.0,12123.5,844.0
2022-09-14 14:44,12122.25,12123.5,12114.25,12117.25,359.0
2022-09-14 14:45,12118.0,12126.25,12109.25,12122.75,400.0
2022-09-14 14:46,12121.25,12124.75,12106.25,12120.5,679.0
2022-09-14 14:47,12120.25,12122.5,12109.75,12110.0,393.0
2022-09-14 14:48,12109.75,12115.0,12102.75,12105.0,564.0
2022-09-14 14:49,12105.25,12109.75,12099.0,12104.5,388.0
2022-09-14 14:50,12106.25,12117.75,12100.5,12115.25,522.0
2022-09-14 14:51,12115.75,12121.75,12105.25,12121.75,477.0
2022-09-14 14:52,12121.5,12128.25,12111.75,12115.25,784.0
2022-09-14 14:53,12115.75,12133.5,12114.0,12132.5,559.0
2022-09-14 14:54,12133.0,12148.25,12132.0,12144.25,1069.0
2022-09-14 14:55,12145.0,12146.5,12115.0,12117.5,613.0
2022-09-14 14:56,12117.75,12126.25,12116.5,12124.75,341.0
2022-09-14 14:57,12123.5,12127.25,12118.5,12123.25,325.0
2022-09-14 14:58,12123.0,12133.25,12122.75,12130.5,408.0
2022-09-14 14:59,12130.75,12137.5,12126.5,12136.0,392.0
2022-09-14 15:00,12135.25,12140.0,12120.0,12126.25,527.0
2022-09-14 15:01,12127.25,12128.25,12115.0,12115.75,561.0
2022-09-14 15:02,12116.25,12124.5,12113.75,12122.25,301.0
2022-09-14 15:03,12122.75,12124.0,12108.25,12109.5,313.0
2022-09-14 15:04,12110.75,12122.0,12110.75,12121.25,256.0
2022-09-14 15:05,12122.75,12125.5,12109.25,12120.75,428.0
2022-09-14 15:06,12121.5,12166.75,12119.5,12159.0,1338.0
2022-09-14 15:07,12160.0,12167.0,12149.25,12153.0,610.0
2022-09-14 15:08,12154.25,12165.0,12153.25,12161.75,392.0
2022-09-14 15:09,12161.25,12165.5,12157.25,12162.0,280.0
2022-09-14 15:10,12164.0,12168.0,12155.75,12164.5,322.0
2022-09-14 15:11,12163.0,12165.0,12151.5,12158.0,389.0
2022-09-14 15:12,12158.0,12170.0,12156.25,12166.25,402.0
2022-09-14 15:13,12166.5,12173.0,12155.25,12162.25,528.0
2022-09-14 15:14,12163.25,12163.25,12151.5,12152.0,376.0
2022-09-14 15:15,12152.5,12158.75,12151.75,12154.0,370.0
2022-09-14 15:16,12153.5,12159.25,12149.0,12154.5,363.0
2022-09-14 15:17,12153.5,12159.0,12147.5,12150.75,448.0
2022-09-14 15:18,12150.5,12150.5,12137.5,12141.0,403.0
2022-09-14 15:19,12140.5,12147.5,12139.5,12146.25,261.0
2022-09-14 15:20,12146.75,12147.25,12132.5,12135.75,327.0
2022-09-14 15:21,12134.25,12139.75,12131.0,12139.0,350.0
2022-09-14 15:22,12138.25,12139.75,12121.0,12121.75,264.0
2022-09-14 15:23,12122.25,12139.5,12121.5,12137.5,251.0
2022-09-14 15:24,12138.0,12141.75,12126.0,12130.5,394.0
2022-09-14 15:25,12129.5,12133.0,12120.25,12131.5,451.0
2022-09-14 15:26,12132.5,12136.25,12126.0,12133.0,256.0
2022-09-14 15:27,12134.25,12134.25,12120.5,12123.0,264.0
2022-09-14 15:28,12122.75,12133.75,12121.0,12133.0,248.0
2022-09-14 15:29,12133.0,12133.0,12115.5,12117.0,366.0
2022-09-14 15:30,12117.25,12119.75,12110.5,12116.0,401.0
2022-09-14 15:31,12115.75,12131.5,12115.75,12118.75,279.0
2022-09-14 15:32,12120.25,12122.0,12106.25,12116.75,332.0
2022-09-14 15:33,12117.75,12128.75,12117.0,12122.25,254.0
2022-09-14 15:34,12122.75,12122.75,12104.75,12115.0,360.0
2022-09-14 15:35,12114.25,12120.75,12108.25,12116.5,283.0
2022-09-14 15:36,12114.75,12125.25,12109.25,12122.5,425.0
2022-09-14 15:37,12122.0,12128.5,12119.75,12120.0,275.0
2022-09-14 15:38,12120.75,12128.0,12117.5,12117.5,246.0
2022-09-14 15:39,12117.75,12133.5,12117.75,12129.5,358.0
2022-09-14 15:40,12130.0,12143.5,12125.0,12139.25,357.0
2022-09-14 15:41,12137.75,12149.5,12137.5,12138.25,257.0
2022-09-14 15:42,12138.25,12138.75,12131.0,12134.5,217.0
2022-09-14 15:43,12135.25,12140.25,12134.0,12139.25,181.0
2022-09-14 15:44,12139.75,12149.0,12137.75,12147.25,247.0
2022-09-14 15:45,12149.5,12153.5,12145.0,12152.25,239.0
2022-09-14 15:46,12152.5,12154.75,12147.75,12152.75,155.0
2022-09-14 15:47,12153.75,12156.75,12147.5,12155.75,205.0
2022-09-14 15:48,12157.0,12159.25,12152.25,12155.25,180.0
2022-09-14 15:49,12155.5,12158.25,12145.5,12146.0,228.0
2022-09-14 15:50,12147.5,12150.75,12142.5,12142.75,238.0
2022-09-14 15:51,12142.25,12143.0,12130.5,12134.25,319.0
2022-09-14 15:52,12133.75,12138.75,12128.5,12138.75,219.0
2022-09-14 15:53,12139.0,12142.5,12137.0,12141.5,185.0
2022-09-14 15:54,12142.25,12149.25,12142.25,12148.25,142.0
2022-09-14 15:55,12148.5,12151.25,12145.75,12148.0,157.0
2022-09-14 15:56,12147.5,12147.75,12137.25,12142.25,160.0
2022-09-14 15:57,12141.75,12142.75,12137.0,12141.25,124.0
2022-09-14 15:58,12141.0,12141.25,12133.0,12136.5,132.0
2022-09-14 15:59,12136.5,12137.75,12127.75,12129.75,179.0
2022-09-14 16:00,12130.5,12133.75,12125.25,12131.75,224.0
2022-09-14 16:01,12133.5,12137.5,12125.75,12126.75,158.0
2022-09-14 16:02,12127.0,12129.5,12123.0,12129.5,174.0
2022-09-14 16:03,12128.25,12130.25,12118.75,12120.5,191.0
2022-09-14 16:04,12120.0,12121.0,12109.25,12111.0,261.0
2022-09-14 16:05,12111.0,12114.25,12105.5,12107.25,183.0
2022-09-14 16:06,12107.5,12108.25,12102.75,12107.25,229.0
2022-09-14 16:07,12106.0,12107.5,12099.75,12102.5,196.0
2022-09-14 16:08,12102.25,12117.75,12100.75,12114.75,294.0
2022-09-14 16:09,12115.5,12119.25,12111.0,12114.5,219.0
2022-09-14 16:10,12116.0,12117.25,12107.0,12108.0,155.0
2022-09-14 16:11,12108.5,12115.5,12107.5,12114.25,107.0
2022-09-14 16:12,12115.0,12122.25,12112.75,12121.5,121.0
2022-09-14 16:13,12121.75,12130.5,12120.0,12125.25,299.0
2022-09-14 16:14,12126.75,12129.25,12122.0,12128.5,102.0
2022-09-14 16:15,12128.5,12132.25,12124.5,12129.0,187.0
2022-09-14 16:16,12130.0,12133.75,12123.5,12125.5,98.0
2022-09-14 16:17,12124.25,12134.75,12122.5,12133.5,133.0
2022-09-14 16:18,12133.25,12138.25,12128.5,12131.5,157.0
2022-09-14 16:19,12132.0,12133.25,12125.75,12131.5,180.0
2022-09-14 16:20,12130.75,12130.75,12123.25,12129.5,127.0
2022-09-14 16:21,12129.75,12130.5,12121.25,12129.25,164.0
2022-09-14 16:22,12130.25,12133.75,12121.5,12124.25,227.0
2022-09-14 16:23,12124.75,12135.5,12123.75,12135.0,250.0
2022-09-14 16:24,12135.25,12143.25,12134.5,12138.75,246.0
2022-09-14 16:25,12139.0,12144.5,12137.5,12143.25,167.0
2022-09-14 16:26,12144.5,12146.0,12139.25,12140.25,144.0
2022-09-14 16:27,12140.5,12140.5,12126.25,12129.0,394.0
2022-09-14 16:28,12129.25,12130.75,12115.75,12120.5,245.0
2022-09-14 16:29,12121.75,12127.25,12117.25,12126.75,165.0
2022-09-14 16:30,12126.75,12137.5,12126.75,12131.0,214.0
2022-09-14 16:31,12131.5,12133.25,12123.0,12123.75,143.0
2022-09-14 16:32,12122.25,12127.0,12113.0,12117.5,275.0
2022-09-14 16:33,12116.25,12120.5,12113.5,12117.5,129.0
2022-09-14 16:34,12118.0,12125.0,12117.0,12122.0,183.0
2022-09-14 16:35,12121.25,12124.5,12112.0,12124.5,187.0
2022-09-14 16:36,12123.75,12130.0,12120.5,12129.0,88.0
2022-09-14 16:37,12131.25,12137.5,12131.25,12135.75,233.0
2022-09-14 16:38,12136.25,12143.75,12136.25,12141.5,200.0
2022-09-14 16:39,12140.75,12145.5,12137.75,12138.5,146.0
2022-09-14 16:40,12138.25,12146.5,12135.75,12146.0,131.0
2022-09-14 16:41,12146.75,12148.25,12140.0,12145.5,197.0
2022-09-14 16:42,12144.75,12158.0,12143.75,12156.0,253.0
2022-09-14 16:43,12155.75,12158.0,12152.25,12157.25,132.0
2022-09-14 16:44,12157.5,12158.25,12155.0,12156.75,196.0
2022-09-14 16:45,12157.0,12159.0,12148.25,12154.25,231.0
2022-09-14 16:46,12153.5,12153.5,12145.0,12149.5,138.0
2022-09-14 16:47,12146.75,12148.0,12142.25,12144.0,158.0
2022-09-14 16:48,12144.75,12153.75,12144.75,12153.0,119.0
2022-09-14 16:49,12153.25,12160.5,12152.5,12155.0,188.0
2022-09-14 16:50,12155.0,12164.0,12154.0,12160.0,169.0
2022-09-14 16:51,12160.75,12165.0,12157.5,12164.25,159.0
2022-09-14 16:52,12162.75,12165.5,12153.0,12154.5,135.0
2022-09-14 16:53,12156.0,12159.0,12154.0,12154.75,67.0
2022-09-14 16:54,12155.75,12161.5,12152.75,12160.75,196.0
2022-09-14 16:55,12161.0,12162.25,12152.5,12153.0,168.0
2022-09-14 16:56,12153.75,12154.25,12148.0,12151.0,163.0
2022-09-14 16:57,12150.0,12150.0,12142.0,12144.0,167.0
2022-09-14 16:58,12144.5,12146.0,12140.25,12144.75,122.0
2022-09-14 16:59,12143.75,12148.25,12142.0,12147.25,92.0
2022-09-14 17:00,12147.75,12154.5,12146.25,12153.0,192.0
2022-09-14 17:01,12153.75,12159.0,12151.75,12155.75,180.0
2022-09-14 17:02,12157.5,12162.25,12157.5,12161.0,264.0
2022-09-14 17:03,12160.25,12161.75,12145.0,12146.0,190.0
2022-09-14 17:04,12144.75,12146.0,12140.75,12142.5,187.0
2022-09-14 17:05,12141.25,12143.75,12135.25,12137.5,196.0
2022-09-14 17:06,12137.5,12141.0,12132.5,12132.75,117.0
2022-09-14 17:07,12132.25,12140.25,12131.0,12138.0,164.0
2022-09-14 17:08,12138.5,12145.75,12138.5,12145.25,128.0
2022-09-14 17:09,12145.5,12146.75,12138.75,12141.5,103.0
2022-09-14 17:10,12142.25,12149.0,12141.5,12149.0,134.0
2022-09-14 17:11,12148.5,12148.5,12141.5,12144.0,85.0
2022-09-14 17:12,12144.0,12144.75,12139.25,12143.0,73.0
2022-09-14 17:13,12144.0,12149.0,12143.75,12147.0,73.0
2022-09-14 17:14,12148.0,12157.75,12148.0,12154.5,153.0
2022-09-14 17:15,12156.75,12158.25,12152.25,12158.25,110.0
2022-09-14 17:16,12158.25,12165.25,12155.0,12164.0,240.0
2022-09-14 17:17,12164.0,12166.5,12160.75,12160.75,180.0
2022-09-14 17:18,12161.75,12161.75,12146.0,12150.0,272.0
2022-09-14 17:19,12149.5,12153.75,12143.25,12153.5,240.0
2022-09-14 17:20,12153.5,12155.25,12151.75,12151.75,79.0
2022-09-14 17:21,12153.5,12153.5,12145.5,12146.25,128.0
2022-09-14 17:22,12145.0,12151.0,12141.75,12150.5,131.0
2022-09-14 17:23,12148.0,12152.0,12145.25,12146.0,78.0
2022-09-14 17:24,12142.75,12142.75,12136.5,12140.0,184.0
2022-09-14 17:25,12140.0,12140.5,12133.75,12134.5,148.0
2022-09-14 17:26,12133.5,12133.5,12126.25,12130.75,230.0
2022-09-14 17:27,12128.5,12137.0,12128.5,12132.5,169.0
2022-09-14 17:28,12131.5,12139.0,12131.5,12137.25,76.0
2022-09-14 17:29,12136.5,12138.25,12133.5,12137.0,78.0
2022-09-14 17:30,12138.25,12142.75,12136.5,12142.25,76.0
2022-09-14 17:31,12142.25,12143.5,12138.75,12138.75,90.0
2022-09-14 17:32,12138.75,12142.75,12125.75,12132.5,236.0
2022-09-14 17:33,12131.25,12133.5,12126.5,12129.0,110.0
2022-09-14 17:34,12129.75,12135.25,12127.25,12131.25,74.0
2022-09-14 17:35,12131.25,12135.75,12128.75,12133.5,107.0
2022-09-14 17:36,12134.0,12134.5,12123.0,12123.25,165.0
2022-09-14 17:37,12123.25,12124.5,12119.75,12119.75,135.0
2022-09-14 17:38,12120.75,12123.0,12116.5,12120.0,104.0
2022-09-14 17:39,12119.5,12120.5,12113.0,12115.25,174.0
2022-09-14 17:40,12114.75,12121.25,12114.0,12118.75,141.0
2022-09-14 17:41,12118.25,12118.25,12110.75,12113.5,154.0
2022-09-14 17:42,12114.5,12120.25,12110.0,12113.75,107.0
2022-09-14 17:43,12113.75,12120.25,12111.75,12118.5,102.0
2022-09-14 17:44,12119.0,12121.0,12116.0,12119.5,172.0
2022-09-14 17:45,12120.0,12121.25,12097.25,12098.5,377.0
2022-09-14 17:46,12097.0,12099.5,12082.25,12084.0,570.0
2022-09-14 17:47,12083.25,12086.0,12077.5,12078.25,356.0
2022-09-14 17:48,12077.25,12081.5,12062.5,12065.0,624.0
2022-09-14 17:49,12064.25,12076.5,12059.5,12070.25,520.0
2022-09-14 17:50,12070.0,12085.75,12068.25,12084.25,285.0
2022-09-14 17:51,12085.0,12092.0,12082.5,12088.25,482.0
2022-09-14 17:52,12087.5,12088.0,12077.25,12082.5,236.0
2022-09-14 17:53,12080.75,12086.5,12080.0,12084.25,176.0
2022-09-14 17:54,12081.5,12087.0,12078.25,12086.0,154.0
2022-09-14 17:55,12085.0,12085.5,12071.5,12073.75,274.0
2022-09-14 17:56,12074.25,12075.75,12055.5,12062.25,350.0
2022-09-14 17:57,12063.25,12064.75,12058.75,12063.0,189.0
2022-09-14 17:58,12062.25,12078.5,12057.5,12073.5,299.0
2022-09-14 17:59,12078.0,12078.0,12066.75,12068.75,166.0
2022-09-14 18:00,12068.5,12075.75,12067.25,12072.75,293.0
2022-09-14 18:01,12077.0,12080.75,12071.0,12076.75,177.0
2022-09-14 18:02,12077.0,12077.75,12062.25,12064.0,352.0
2022-09-14 18:03,12064.5,12066.75,12059.5,12061.0,232.0
2022-09-14 18:04,12060.0,12060.5,12049.0,12049.5,561.0
2022-09-14 18:05,12049.0,12071.75,12046.75,12068.75,668.0
2022-09-14 18:06,12067.5,12068.75,12062.5,12062.5,194.0
2022-09-14 18:07,12063.25,12067.5,12049.25,12051.75,505.0
2022-09-14 18:08,12052.0,12060.0,12051.0,12052.0,167.0
2022-09-14 18:09,12053.25,12056.5,12047.75,12053.5,189.0
2022-09-14 18:10,12053.5,12059.0,12046.5,12047.75,373.0
2022-09-14 18:11,12047.5,12050.25,12040.75,12043.75,289.0
2022-09-14 18:12,12042.0,12048.0,12038.25,12041.0,224.0
2022-09-14 18:13,12040.0,12045.5,12039.0,12042.25,142.0
2022-09-14 18:14,12042.25,12060.25,12042.25,12055.5,265.0
2022-09-14 18:15,12055.5,12063.5,12053.25,12059.0,288.0
2022-09-14 18:16,12058.75,12060.0,12048.0,12049.5,245.0
2022-09-14 18:17,12048.75,12062.25,12047.25,12062.25,220.0
2022-09-14 18:18,12062.75,12067.5,12059.5,12064.0,226.0
2022-09-14 18:19,12063.5,12070.25,12062.25,12069.75,166.0
2022-09-14 18:20,12069.75,12075.75,12067.75,12075.25,219.0
2022-09-14 18:21,12075.0,12076.0,12069.5,12070.75,168.0
2022-09-14 18:22,12071.0,12073.0,12065.75,12067.5,152.0
2022-09-14 18:23,12067.5,12074.75,12067.25,12074.75,149.0
2022-09-14 18:24,12074.5,12076.75,12066.75,12072.25,151.0
2022-09-14 18:25,12071.25,12071.25,12061.5,12065.5,166.0
2022-09-14 18:26,12064.5,12075.25,12064.5,12074.25,99.0
2022-09-14 18:27,12074.5,12074.75,12063.75,12065.5,466.0
2022-09-14 18:28,12065.0,12071.75,12064.5,12071.75,124.0
2022-09-14 18:29,12070.75,12078.5,12069.0,12072.5,499.0
2022-09-14 18:30,12071.75,12087.25,12069.5,12086.75,316.0
2022-09-14 18:31,12086.5,12090.5,12076.5,12090.5,514.0
2022-09-14 18:32,12090.0,12093.5,12084.5,12093.0,565.0
2022-09-14 18:33,12092.75,12092.75,12085.0,12089.0,282.0
2022-09-14 18:34,12089.25,12092.25,12087.5,12089.5,163.0
2022-09-14 18:35,12088.75,12093.75,12086.75,12090.0,165.0
2022-09-14 18:36,12088.5,12095.5,12083.75,12094.5,138.0
2022-09-14 18:37,12094.25,12094.25,12085.75,12089.0,88.0
2022-09-14 18:38,12090.0,12090.75,12084.75,12089.0,106.0
2022-09-14 18:39,12087.75,12097.25,12086.75,12093.0,239.0
2022-09-14 18:40,12092.75,12096.75,12083.0,12095.25,202.0
2022-09-14 18:41,12094.5,12099.5,12085.75,12086.5,159.0
2022-09-14 18:42,12085.0,12091.5,12081.25,12090.5,163.0
2022-09-14 18:43,12091.25,12092.25,12083.75,12085.5,117.0
2022-09-14 18:44,12086.5,12086.5,12070.75,12075.25,351.0
2022-09-14 18:45,12076.25,12077.75,12060.25,12062.0,350.0
2022-09-14 18:46,12062.0,12075.25,12060.0,12070.25,223.0
2022-09-14 18:47,12071.0,12073.75,12066.25,12066.75,146.0
2022-09-14 18:48,12065.5,12070.75,12065.5,12069.5,117.0
2022-09-14 18:49,12068.25,12084.0,12067.25,12080.25,363.0
2022-09-14 18:50,12081.25,12085.25,12077.5,12081.75,177.0
2022-09-14 18:51,12081.5,12088.0,12079.75,12081.0,180.0
2022-09-14 18:52,12080.0,12082.75,12076.5,12076.75,153.0
2022-09-14 18:53,12076.25,12076.25,12059.5,12066.0,250.0
2022-09-14 18:54,12063.0,12065.0,12054.75,12060.75,259.0
2022-09-14 18:55,12060.25,12074.25,12060.0,12062.5,383.0
2022-09-14 18:56,12062.0,12062.75,12054.75,12061.25,196.0
2022-09-14 18:57,12059.75,12062.25,12056.5,12060.25,153.0
2022-09-14 18:58,12059.75,12059.75,12052.25,12058.25,236.0
2022-09-14 18:59,12058.25,12064.5,12057.0,12059.0,187.0
2022-09-14 19:00,12058.75,12069.25,12055.5,12067.25,211.0
2022-09-14 19:01,12066.5,12070.5,12057.75,12063.25,274.0
2022-09-14 19:02,12062.75,12065.25,12057.25,12059.75,242.0
2022-09-14 19:03,12059.5,12062.25,12049.5,12056.0,320.0
2022-09-14 19:04,12055.5,12062.25,12050.75,12061.25,185.0
2022-09-14 19:05,12060.5,12068.25,12060.5,12067.0,162.0
2022-09-14 19:06,12066.75,12077.25,12063.5,12075.75,224.0
2022-09-14 19:07,12074.75,12083.75,12073.5,12079.5,239.0
2022-09-14 19:08,12079.5,12084.25,12073.0,12076.25,180.0
2022-09-14 19:09,12075.0,12088.75,12073.5,12087.25,226.0
2022-09-14 19:10,12087.5,12088.5,12073.0,12074.25,192.0
2022-09-14 19:11,12074.25,12077.25,12069.75,12071.75,181.0
2022-09-14 19:12,12070.5,12070.5,12059.5,12060.0,338.0
2022-09-14 19:13,12059.5,12069.75,12055.5,12057.25,228.0
2022-09-14 19:14,12057.25,12061.0,12043.75,12047.5,360.0
2022-09-14 19:15,12047.25,12049.5,12034.25,12035.0,400.0
2022-09-14 19:16,12033.75,12036.25,12022.5,12023.5,401.0
2022-09-14 19:17,12023.25,12023.25,12017.0,12017.5,311.0
2022-09-14 19:18,12017.75,12028.5,12016.25,12024.0,337.0
2022-09-14 19:19,12023.75,12032.5,12020.0,12030.0,304.0
2022-09-14 19:20,12030.75,12032.25,12022.5,12023.25,192.0
2022-09-14 19:21,12025.5,12044.25,12021.0,12041.5,477.0
2022-09-14 19:22,12042.0,12056.5,12040.5,12048.25,524.0
2022-09-14 19:23,12049.0,12050.0,12044.0,12047.25,152.0
2022-09-14 19:24,12047.75,12053.75,12045.25,12045.25,141.0
2022-09-14 19:25,12046.0,12046.75,12039.0,12040.25,225.0
2022-09-14 19:26,12040.25,12041.0,12028.25,12032.75,284.0
2022-09-14 19:27,12033.0,12034.0,12024.75,12025.5,245.0
2022-09-14 19:28,12026.5,12046.25,12025.75,12041.5,576.0
2022-09-14 19:29,12040.75,12049.0,12040.5,12045.75,176.0
2022-09-14 19:30,12044.25,12044.75,12022.25,12025.75,350.0
2022-09-14 19:31,12025.0,12025.5,12015.25,12019.0,388.0
2022-09-14 19:32,12018.75,12030.25,12016.5,12017.25,296.0
2022-09-14 19:33,12017.0,12030.0,12013.5,12029.75,354.0
2022-09-14 19:34,12029.0,12049.0,12027.5,12045.75,514.0
2022-09-14 19:35,12045.0,12047.75,12039.0,12047.25,226.0
2022-09-14 19:36,12047.0,12052.0,12045.25,12046.75,263.0
2022-09-14 19:37,12047.75,12052.0,12041.75,12042.75,163.0
2022-09-14 19:38,12042.25,12042.25,12031.75,12038.0,267.0
2022-09-14 19:39,12038.0,12048.25,12036.75,12046.5,320.0
2022-09-14 19:40,12044.75,12052.25,12039.5,12049.25,461.0
2022-09-14 19:41,12050.75,12061.25,12049.25,12056.0,303.0
2022-09-14 19:42,12054.75,12072.25,12054.75,12068.25,362.0
2022-09-14 19:43,12068.0,12075.75,12062.25,12073.5,283.0
2022-09-14 19:44,12073.0,12083.75,12073.0,12074.5,333.0
2022-09-14 19:45,12076.0,12076.0,12065.25,12068.25,238.0
2022-09-14 19:46,12070.0,12089.25,12068.5,12088.25,235.0
2022-09-14 19:47,12088.0,12088.75,12075.25,12081.0,237.0
2022-09-14 19:48,12081.75,12087.5,12080.0,12085.25,211.0
2022-09-14 19:49,12085.75,12086.0,12077.25,12082.25,249.0
2022-09-14 19:50,12083.25,12104.75,12080.25,12103.0,1058.0
2022-09-14 19:51,12104.25,12111.0,12100.25,12111.0,604.0
2022-09-14 19:52,12110.25,12114.75,12106.0,12111.25,491.0
2022-09-14 19:53,12112.0,12118.25,12107.0,12117.5,528.0
2022-09-14 19:54,12117.25,12130.25,12116.5,12130.25,865.0
2022-09-14 19:55,12130.5,12130.5,12114.5,12115.25,649.0
2022-09-14 19:56,12115.5,12125.75,12113.5,12122.25,543.0
2022-09-14 19:57,12120.5,12128.0,12120.5,12127.0,561.0
2022-09-14 19:58,12127.5,12137.0,12122.75,12136.25,828.0
2022-09-14 19:59,12135.25,12149.0,12134.0,12137.5,1779.0
2022-09-14 20:00,12137.75,12144.0,12132.0,12143.5,678.0
2022-09-14 20:01,12143.0,12152.75,12141.25,12152.75,456.0
2022-09-14 20:02,12152.5,12153.0,12149.0,12152.25,146.0
2022-09-14 20:03,12152.0,12153.25,12149.75,12150.75,129.0
2022-09-14 20:04,12150.75,12153.75,12147.0,12153.75,113.0
2022-09-14 20:05,12153.0,12154.5,12149.25,12150.5,75.0
2022-09-14 20:06,12152.25,12153.0,12148.0,12148.5,53.0
2022-09-14 20:07,12148.25,12148.5,12142.75,12143.0,70.0
2022-09-14 20:08,12142.0,12142.75,12140.75,12140.75,36.0
2022-09-14 20:09,12141.75,12142.75,12139.0,12140.75,52.0
2022-09-14 20:10,12141.0,12141.0,12138.25,12140.75,68.0
2022-09-14 20:11,12140.75,12142.0,12138.25,12141.0,99.0
2022-09-14 20:12,12141.5,12143.5,12140.0,12141.75,46.0
2022-09-14 20:13,12142.5,12145.75,12142.0,12144.5,44.0
2022-09-14 20:14,12144.75,12147.25,12142.5,12144.5,68.0
2022-09-14 20:15,12143.5,12148.5,12143.5,12148.5,35.0
2022-09-14 20:16,12148.75,12151.75,12148.25,12150.5,35.0
2022-09-14 20:17,12150.75,12151.5,12149.0,12150.5,76.0
2022-09-14 20:18,12151.0,12151.25,12149.75,12151.0,61.0
2022-09-14 20:19,12151.75,12152.25,12150.75,12152.25,11.0
2022-09-14 20:20,12151.0,12152.0,12151.0,12152.0,11.0
2022-09-14 20:21,12151.75,12157.0,12151.75,12157.0,28.0
2022-09-14 20:22,12156.0,12156.75,12155.5,12155.75,22.0
2022-09-14 20:23,12155.75,12161.5,12155.75,12161.5,42.0
2022-09-14 20:24,12160.5,12165.75,12160.5,12163.75,96.0
2022-09-14 20:25,12163.0,12163.5,12161.75,12161.75,27.0
2022-09-14 20:26,12161.75,12164.25,12161.5,12164.25,20.0
2022-09-14 20:27,12163.25,12164.25,12162.75,12163.0,24.0
2022-09-14 20:28,12162.75,12164.75,12162.75,12163.25,28.0
2022-09-14 20:29,12163.75,12164.25,12163.0,12164.25,16.0
2022-09-14 20:30,12164.5,12165.75,12164.5,12165.25,11.0
2022-09-14 20:31,12167.0,12169.75,12166.75,12166.75,29.0
2022-09-14 20:32,12166.0,12170.0,12165.5,12169.25,79.0
2022-09-14 20:33,12169.0,12169.0,12168.25,12168.5,19.0
2022-09-14 20:34,12167.5,12168.0,12166.0,12166.0,25.0
2022-09-14 20:35,12165.5,12165.5,12162.25,12162.5,28.0
2022-09-14 20:36,12163.0,12165.0,12163.0,12165.0,31.0
2022-09-14 20:37,12165.75,12166.0,12165.25,12165.5,12.0
2022-09-14 20:38,12165.25,12170.0,12164.5,12169.5,50.0
2022-09-14 20:39,12169.5,12170.25,12168.25,12169.75,29.0
2022-09-14 20:40,12169.75,12170.25,12168.75,12169.5,38.0
2022-09-14 20:41,12169.5,12170.5,12168.0,12170.5,30.0
2022-09-14 20:42,12170.5,12170.5,12169.0,12169.5,10.0
2022-09-14 20:43,12169.25,12169.5,12166.25,12167.25,46.0
2022-09-14 20:44,12167.75,12168.5,12167.0,12167.5,23.0
2022-09-14 20:45,12166.75,12169.25,12166.0,12169.25,30.0
2022-09-14 20:46,12169.5,12171.0,12169.5,12170.0,20.0
2022-09-14 20:47,12170.0,12170.0,12168.5,12168.5,21.0
2022-09-14 20:48,12170.5,12170.5,12168.75,12170.0,13.0
2022-09-14 20:49,12170.0,12171.75,12169.5,12171.75,23.0
2022-09-14 20:50,12172.25,12172.5,12168.75,12168.75,24.0
2022-09-14 20:51,12169.0,12170.75,12168.25,12170.0,27.0
2022-09-14 20:52,12169.25,12169.25,12165.5,12166.0,38.0
2022-09-14 20:53,12166.25,12166.75,12165.5,12166.75,22.0
2022-09-14 20:54,12166.25,12168.75,12166.25,12168.25,16.0
2022-09-14 20:55,12168.25,12168.25,12166.0,12167.25,19.0
2022-09-14 20:56,12167.5,12169.25,12167.5,12169.25,10.0
2022-09-14 20:57,12170.0,12170.25,12169.25,12170.0,15.0
2022-09-14 20:58,12169.75,12170.0,12168.25,12169.0,14.0
2022-09-14 20:59,12170.25,12170.5,12168.5,12169.0,33.0
2022-09-14 22:00,12159.0,12168.0,12157.75,12158.5,50.0
2022-09-14 22:01,12159.5,12161.75,12158.25,12159.75,54.0
2022-09-14 22:02,12159.5,12159.5,12155.75,12156.25,32.0
2022-09-14 22:03,12157.25,12157.25,12155.5,12157.0,31.0
2022-09-14 22:04,12158.0,12158.0,12156.25,12157.25,10.0
2022-09-14 22:05,12157.25,12158.0,12156.25,12158.0,11.0
2022-09-14 22:06,12157.0,12157.5,12155.25,12156.5,18.0
2022-09-14 22:07,12156.75,12159.75,12156.75,12159.75,13.0
2022-09-14 22:08,12159.75,12162.25,12159.75,12161.5,18.0
2022-09-14 22:09,12162.25,12163.75,12161.75,12162.0,14.0
2022-09-14 22:10,12163.0,12163.0,12162.5,12162.5,9.0
2022-09-14 22:11,12163.5,12164.0,12163.0,12164.0,16.0
2022-09-14 22:12,12163.75,12163.75,12163.5,12163.75,5.0
2022-09-14 22:13,12163.75,12164.0,12163.5,12164.0,8.0
2022-09-14 22:14,12163.25,12163.75,12163.0,12163.0,29.0
2022-09-14 22:15,12163.25,12165.25,12163.25,12164.5,14.0
2022-09-14 22:16,12165.0,12166.0,12165.0,12165.5,7.0
2022-09-14 22:17,12165.5,12167.25,12165.5,12167.25,20.0
2022-09-14 22:18,12167.0,12170.25,12167.0,12168.0,29.0
2022-09-14 22:19,12168.75,12170.25,12168.75,12170.0,9.0
2022-09-14 22:20,12170.75,12175.25,12168.75,12168.75,55.0
2022-09-14 22:21,12166.75,12166.75,12162.75,12163.0,19.0
2022-09-14 22:22,12163.0,12163.0,12161.0,12161.0,9.0
2022-09-14 22:23,12162.25,12165.5,12162.25,12165.5,7.0
2022-09-14 22:24,12165.25,12166.5,12164.5,12164.5,10.0
2022-09-14 22:25,12163.25,12164.0,12162.75,12163.25,9.0
2022-09-14 22:26,12164.75,12166.0,12164.75,12166.0,3.0
2022-09-14 22:27,12166.25,12166.25,12163.75,12164.25,14.0
2022-09-14 22:28,12164.75,12165.5,12164.0,12164.25,5.0
2022-09-14 22:29,12164.75,12166.25,12164.75,12166.25,5.0
2022-09-14 22:30,12165.5,12165.5,12163.25,12164.0,6.0
2022-09-14 22:31,12163.25,12164.0,12163.25,12163.5,9.0
2022-09-14 22:32,12163.0,12163.0,12163.0,12163.0,1.0
2022-09-14 22:33,12163.5,12169.0,12163.0,12167.25,27.0
2022-09-14 22:34,12167.25,12167.25,12165.0,12167.0,7.0
2022-09-14 22:35,12167.5,12167.5,12163.75,12164.25,24.0
2022-09-14 22:36,12164.0,12170.25,12164.0,12168.75,40.0
2022-09-14 22:37,12169.75,12171.5,12168.75,12168.75,26.0
2022-09-14 22:38,12169.25,12172.0,12168.5,12171.5,16.0
2022-09-14 22:39,12172.0,12173.0,12170.75,12172.25,21.0
2022-09-14 22:40,12171.75,12172.0,12171.75,12172.0,2.0
2022-09-14 22:41,12172.25,12172.5,12170.0,12170.5,14.0
2022-09-14 22:42,12170.75,12173.75,12170.75,12172.25,13.0
2022-09-14 22:43,12172.5,12179.25,12172.5,12179.25,55.0
2022-09-14 22:44,12179.75,12184.25,12179.75,12184.25,76.0
2022-09-14 22:45,12183.75,12187.75,12183.75,12185.0,54.0
2022-09-14 22:46,12185.75,12186.5,12185.75,12186.0,8.0
2022-09-14 22:47,12186.25,12186.5,12186.0,12186.5,9.0
2022-09-14 22:48,12186.25,12186.75,12183.75,12185.0,23.0
2022-09-14 22:49,12184.5,12185.25,12183.0,12183.25,15.0
2022-09-14 22:50,12182.75,12182.75,12180.25,12181.0,31.0
2022-09-14 22:51,12181.25,12181.75,12181.0,12181.0,11.0
2022-09-14 22:52,12180.25,12180.25,12178.75,12179.75,15.0
2022-09-14 22:53,12179.0,12179.5,12179.0,12179.5,8.0
2022-09-14 22:54,12179.75,12181.25,12179.75,12179.75,6.0
2022-09-14 22:55,12179.0,12179.0,12179.0,12179.0,3.0
2022-09-14 22:56,12178.75,12178.75,12178.75,12178.75,1.0
2022-09-14 22:57,12178.75,12178.75,12177.75,12177.75,8.0
2022-09-14 22:58,12177.25,12179.0,12177.25,12178.0,21.0
2022-09-14 22:59,12178.5,12180.5,12178.5,12180.25,20.0
2022-09-14 23:00,12180.25,12181.0,12178.75,12180.75,19.0
2022-09-14 23:01,12180.5,12180.5,12178.25,12178.25,11.0
2022-09-14 23:02,12178.75,12179.0,12176.5,12176.5,16.0
2022-09-14 23:03,12177.0,12178.25,12176.5,12176.5,11.0
2022-09-14 23:04,12176.5,12177.0,12176.5,12177.0,4.0
2022-09-14 23:05,12176.25,12176.25,12174.0,12175.25,20.0
2022-09-14 23:06,12174.5,12175.25,12173.0,12173.0,17.0
2022-09-14 23:07,12173.0,12173.0,12167.25,12168.0,41.0
2022-09-14 23:08,12167.75,12169.0,12167.25,12169.0,22.0
2022-09-14 23:09,12168.5,12170.0,12168.5,12169.0,7.0
2022-09-14 23:10,12169.25,12169.25,12167.75,12168.5,15.0
2022-09-14 23:11,12170.0,12170.5,12170.0,12170.5,6.0
2022-09-14 23:12,12170.75,12171.25,12170.75,12170.75,5.0
2022-09-14 23:13,12171.0,12171.25,12171.0,12171.0,3.0
2022-09-14 23:14,12172.25,12172.5,12172.0,12172.25,4.0
2022-09-14 23:15,12172.25,12172.25,12168.75,12168.75,13.0
2022-09-14 23:16,12168.0,12169.25,12167.5,12169.25,8.0
2022-09-14 23:17,12170.0,12170.25,12170.0,12170.25,4.0
2022-09-14 23:18,12171.0,12171.0,12170.5,12170.5,10.0
2022-09-14 23:19,12170.0,12170.75,12170.0,12170.75,4.0
2022-09-14 23:20,12172.25,12172.25,12171.5,12171.5,5.0
2022-09-14 23:21,12172.0,12172.0,12172.0,12172.0,1.0
2022-09-14 23:22,12172.0,12172.0,12171.5,12171.5,2.0
2022-09-14 23:23,12170.0,12170.25,12170.0,12170.25,2.0
2022-09-14 23:24,12170.0,12173.5,12170.0,12171.25,14.0
2022-09-14 23:25,12171.25,12171.25,12170.25,12170.25,6.0
2022-09-14 23:26,12169.25,12169.25,12168.0,12168.0,5.0
2022-09-14 23:27,12167.75,12167.75,12167.0,12167.0,6.0
2022-09-14 23:28,12166.0,12166.0,12160.25,12160.75,63.0
2022-09-14 23:29,12160.75,12163.5,12159.75,12161.5,56.0
2022-09-14 23:30,12161.75,12164.5,12160.75,12164.5,11.0
2022-09-14 23:31,12164.5,12169.25,12164.5,12167.75,40.0
2022-09-14 23:32,12168.5,12171.75,12168.5,12171.0,17.0
2022-09-14 23:33,12170.5,12171.25,12168.75,12170.25,29.0
2022-09-14 23:34,12169.75,12169.75,12165.5,12165.5,32.0
2022-09-14 23:35,12164.0,12164.5,12163.25,12163.25,5.0
2022-09-14 23:36,12163.25,12164.0,12163.25,12164.0,6.0
2022-09-14 23:37,12164.0,12166.0,12164.0,12164.75,11.0
2022-09-14 23:38,12165.5,12166.5,12164.25,12164.75,24.0
2022-09-14 23:39,12164.5,12164.5,12164.5,12164.5,4.0
2022-09-14 23:40,12163.5,12163.75,12163.25,12163.75,10.0
2022-09-14 23:41,12164.75,12164.75,12164.0,12164.0,3.0
2022-09-14 23:42,12163.5,12165.25,12163.5,12164.5,17.0
2022-09-14 23:43,12164.75,12164.75,12164.25,12164.5,5.0
2022-09-14 23:44,12167.0,12167.25,12167.0,12167.25,2.0
2022-09-14 23:45,12166.75,12168.0,12164.25,12165.0,20.0
2022-09-14 23:46,12164.25,12164.75,12162.5,12163.5,41.0
2022-09-14 23:47,12163.5,12164.25,12160.0,12161.5,38.0
2022-09-14 23:48,12161.75,12161.75,12160.75,12161.5,13.0
2022-09-14 23:49,12162.25,12162.25,12160.25,12160.75,11.0
2022-09-14 23:50,12160.0,12163.75,12158.75,12163.25,50.0
2022-09-14 23:51,12162.25,12167.5,12162.25,12166.75,17.0
2022-09-14 23:52,12167.0,12169.0,12165.5,12165.5,26.0
2022-09-14 23:53,12164.5,12164.5,12163.5,12164.5,11.0
2022-09-14 23:54,12164.5,12164.75,12163.75,12164.75,5.0
2022-09-14 23:55,12164.25,12164.75,12163.0,12163.25,12.0
2022-09-14 23:56,12163.5,12166.75,12163.5,12166.75,9.0
2022-09-14 23:57,12166.75,12167.0,12166.0,12166.75,8.0
2022-09-14 23:58,12166.0,12168.0,12166.0,12167.5,13.0
2022-09-14 23:59,12167.75,12172.25,12167.75,12168.25,45.0
2022-09-15 00:00,12166.5,12168.0,12160.75,12165.5,52.0
2022-09-15 00:01,12164.0,12164.0,12156.25,12157.25,66.0
2022-09-15 00:02,12157.0,12157.25,12154.0,12156.0,67.0
2022-09-15 00:03,12154.75,12156.5,12150.75,12156.25,67.0
2022-09-15 00:04,12156.25,12157.25,12155.0,12155.75,34.0
2022-09-15 00:05,12156.75,12158.75,12154.25,12154.75,29.0
2022-09-15 00:06,12155.75,12156.5,12155.0,12156.5,14.0
2022-09-15 00:07,12158.25,12158.25,12154.25,12156.0,14.0
2022-09-15 00:08,12156.5,12159.75,12155.0,12155.75,22.0
2022-09-15 00:09,12155.75,12157.25,12155.0,12157.25,11.0
2022-09-15 00:10,12156.5,12157.0,12155.0,12156.5,18.0
2022-09-15 00:11,12156.75,12157.0,12155.0,12155.75,11.0
2022-09-15 00:12,12156.25,12157.75,12156.25,12157.0,18.0
2022-09-15 00:13,12156.0,12156.25,12156.0,12156.0,5.0
2022-09-15 00:14,12156.0,12158.25,12156.0,12156.75,26.0
2022-09-15 00:15,12155.5,12156.0,12148.0,12153.5,68.0
2022-09-15 00:16,12155.0,12163.25,12155.0,12162.25,50.0
2022-09-15 00:17,12161.75,12163.25,12161.5,12161.5,14.0
2022-09-15 00:18,12162.5,12162.5,12160.25,12161.0,8.0
2022-09-15 00:19,12160.5,12161.0,12158.25,12158.25,8.0
2022-09-15 00:20,12157.25,12157.25,12154.75,12155.75,45.0
2022-09-15 00:21,12153.25,12156.75,12153.25,12156.25,12.0
2022-09-15 00:22,12155.75,12157.0,12155.5,12155.5,13.0
2022-09-15 00:23,12154.75,12154.75,12153.75,12153.75,4.0
2022-09-15 00:24,12154.75,12155.0,12153.5,12154.0,17.0
2022-09-15 00:25,12153.5,12155.25,12150.25,12150.25,15.0
2022-09-15 00:26,12150.25,12151.75,12150.0,12150.75,12.0
2022-09-15 00:27,12151.25,12151.75,12149.0,12150.0,18.0
2022-09-15 00:28,12150.5,12152.75,12150.5,12151.75,12.0
2022-09-15 00:29,12152.25,12154.5,12151.5,12152.75,17.0
2022-09-15 00:30,12152.0,12152.0,12147.75,12148.5,28.0
2022-09-15 00:31,12147.5,12149.0,12146.0,12146.0,15.0
2022-09-15 00:32,12146.25,12147.5,12145.0,12147.0,30.0
2022-09-15 00:33,12147.5,12149.25,12147.0,12148.75,14.0
2022-09-15 00:34,12148.0,12150.0,12147.25,12149.5,15.0
2022-09-15 00:35,12151.0,12151.0,12148.75,12149.25,11.0
2022-09-15 00:36,12150.0,12151.25,12150.0,12150.5,13.0
2022-09-15 00:37,12151.25,12153.0,12150.0,12150.25,35.0
2022-09-15 00:38,12150.5,12151.5,12150.5,12151.5,11.0
2022-09-15 00:39,12152.5,12154.25,12152.0,12153.0,21.0
2022-09-15 00:40,12153.5,12156.0,12152.25,12155.0,15.0
2022-09-15 00:41,12154.0,12155.0,12152.25,12152.75,13.0
2022-09-15 00:42,12153.75,12155.25,12153.75,12154.75,10.0
2022-09-15 00:43,12156.0,12156.0,12155.5,12155.5,5.0
2022-09-15 00:44,12155.5,12156.5,12154.75,12155.75,10.0
2022-09-15 00:45,12156.5,12156.75,12156.25,12156.75,8.0
2022-09-15 00:46,12155.0,12155.75,12154.5,12154.5,4.0
2022-09-15 00:47,12155.5,12158.25,12155.5,12158.25,13.0
2022-09-15 00:48,12157.75,12157.75,12156.75,12157.25,4.0
2022-09-15 00:49,12155.0,12157.5,12155.0,12155.25,14.0
2022-09-15 00:50,12155.0,12155.0,12153.75,12154.25,18.0
2022-09-15 00:51,12155.75,12156.25,12155.0,12155.0,7.0
2022-09-15 00:52,12155.0,12155.25,12153.5,12154.0,6.0
2022-09-15 00:53,12153.5,12155.5,12151.0,12155.5,20.0
2022-09-15 00:54,12155.75,12161.5,12155.75,12160.75,75.0
2022-09-15 00:55,12161.0,12163.5,12160.5,12162.75,27.0
2022-09-15 00:56,12161.5,12161.5,12159.75,12160.0,12.0
2022-09-15 00:57,12160.0,12160.0,12157.5,12158.75,9.0
2022-09-15 00:58,12157.75,12158.25,12157.25,12158.0,6.0
2022-09-15 00:59,12158.25,12159.75,12158.25,12159.25,10.0
2022-09-15 01:00,12159.25,12159.25,12156.75,12156.75,13.0
2022-09-15 01:01,12156.5,12156.5,12152.0,12152.0,17.0
2022-09-15 01:02,12152.75,12153.0,12148.5,12149.75,33.0
2022-09-15 01:03,12148.0,12151.25,12147.25,12150.75,29.0
2022-09-15 01:04,12151.5,12151.5,12148.5,12148.5,21.0
2022-09-15 01:05,12149.0,12150.0,12146.25,12146.25,10.0
2022-09-15 01:06,12145.25,12146.25,12142.75,12142.75,46.0
2022-09-15 01:07,12142.5,12143.75,12141.0,12143.5,35.0
2022-09-15 01:08,12143.0,12149.75,12143.0,12147.25,44.0
2022-09-15 01:09,12147.25,12149.0,12146.5,12148.0,19.0
2022-09-15 01:10,12148.5,12151.0,12148.5,12150.25,28.0
2022-09-15 01:11,12151.0,12154.0,12151.0,12152.75,32.0
2022-09-15 01:12,12152.0,12153.5,12151.5,12153.0,16.0
2022-09-15 01:13,12153.5,12154.0,12152.25,12152.5,12.0
2022-09-15 01:14,12152.5,12155.0,12152.5,12155.0,8.0
2022-09-15 01:15,12151.0,12153.0,12148.75,12152.5,30.0
2022-09-15 01:16,12153.0,12154.75,12152.75,12153.25,22.0
2022-09-15 01:17,12151.5,12151.5,12143.5,12143.5,33.0
2022-09-15 01:18,12143.0,12146.0,12141.75,12146.0,33.0
2022-09-15 01:19,12145.5,12147.25,12144.5,12144.75,30.0
2022-09-15 01:20,12145.25,12145.25,12141.5,12142.25,22.0
2022-09-15 01:21,12142.25,12142.5,12137.25,12137.25,44.0
2022-09-15 01:22,12137.25,12138.75,12132.25,12132.5,115.0
2022-09-15 01:23,12132.5,12140.25,12132.5,12139.75,85.0
2022-09-15 01:24,12138.75,12141.5,12136.5,12137.0,64.0
2022-09-15 01:25,12139.5,12140.0,12138.0,12138.25,25.0
2022-09-15 01:26,12137.5,12140.5,12137.25,12140.5,15.0
2022-09-15 01:27,12140.25,12142.0,12139.5,12141.5,17.0
2022-09-15 01:28,12142.0,12144.75,12141.25,12144.75,15.0
2022-09-15 01:29,12145.25,12148.0,12145.25,12147.75,18.0
2022-09-15 01:30,12147.25,12152.75,12145.0,12152.75,41.0
2022-09-15 01:31,12153.5,12158.75,12152.25,12158.75,50.0
2022-09-15 01:32,12159.0,12163.0,12159.0,12160.0,64.0
2022-09-15 01:33,12159.75,12162.75,12159.5,12160.0,24.0
2022-09-15 01:34,12160.25,12160.25,12156.5,12157.25,25.0
2022-09-15 01:35,12156.0,12157.0,12155.75,12156.25,18.0
2022-09-15 01:36,12156.75,12158.25,12155.0,12156.5,15.0
2022-09-15 01:37,12155.75,12156.0,12153.25,12154.0,23.0
2022-09-15 01:38,12153.75,12153.75,12148.25,12152.0,33.0
2022-09-15 01:39,12152.25,12156.0,12152.25,12155.5,14.0
2022-09-15 01:40,12156.0,12161.25,12156.0,12159.75,33.0
2022-09-15 01:41,12158.75,12161.0,12158.75,12160.0,25.0
2022-09-15 01:42,12159.25,12161.0,12159.0,12159.75,22.0
2022-09-15 01:43,12158.75,12160.75,12158.5,12159.25,10.0
2022-09-15 01:44,12158.25,12158.25,12156.5,12156.75,12.0
2022-09-15 01:45,12158.0,12159.5,12157.25,12159.5,13.0
2022-09-15 01:46,12159.75,12160.5,12157.75,12157.75,12.0
2022-09-15 01:47,12157.75,12160.0,12156.25,12156.25,19.0
2022-09-15 01:48,12156.0,12161.5,12156.0,12161.5,24.0
2022-09-15 01:49,12161.25,12161.5,12160.75,12161.5,6.0
2022-09-15 01:50,12161.75,12162.0,12160.25,12161.0,20.0
2022-09-15 01:51,12160.25,12160.25,12158.75,12159.0,14.0
2022-09-15 01:52,12158.75,12165.5,12158.75,12165.5,54.0
2022-09-15 01:53,12162.25,12170.5,12162.25,12168.75,131.0
2022-09-15 01:54,12169.25,12171.0,12166.5,12169.25,49.0
2022-09-15 01:55,12169.0,12169.0,12166.0,12168.5,17.0
2022-09-15 01:56,12169.75,12170.0,12167.5,12167.5,7.0
2022-09-15 01:57,12168.25,12169.25,12167.0,12168.5,42.0
2022-09-15 01:58,12169.0,12173.25,12169.0,12172.5,66.0
2022-09-15 01:59,12172.25,12178.5,12172.25,12178.25,84.0
2022-09-15 02:00,12177.5,12179.25,12177.25,12178.0,31.0
2022-09-15 02:01,12177.5,12179.0,12176.0,12177.75,29.0
2022-09-15 02:02,12176.75,12179.75,12175.75,12176.25,43.0
2022-09-15 02:03,12175.5,12175.5,12172.75,12174.25,48.0
2022-09-15 02:04,12173.5,12174.75,12172.5,12172.5,13.0
2022-09-15 02:05,12173.75,12174.0,12169.25,12172.0,38.0
2022-09-15 02:06,12172.0,12172.0,12170.25,12170.75,15.0
2022-09-15 02:07,12171.5,12172.5,12169.5,12170.5,34.0
2022-09-15 02:08,12171.0,12173.25,12170.5,12171.0,26.0
2022-09-15 02:09,12171.25,12172.0,12171.25,12172.0,8.0
2022-09-15 02:10,12171.5,12172.25,12169.75,12170.75,26.0
2022-09-15 02:11,12171.0,12172.0,12171.0,12172.0,5.0
2022-09-15 02:12,12171.75,12172.25,12170.25,12171.0,20.0
2022-09-15 02:13,12171.5,12172.25,12169.5,12169.75,22.0
2022-09-15 02:14,12169.5,12170.25,12168.25,12168.75,24.0
2022-09-15 02:15,12168.25,12168.25,12163.75,12163.75,49.0
2022-09-15 02:16,12164.75,12164.75,12162.5,12163.25,43.0
2022-09-15 02:17,12162.5,12163.75,12162.0,12163.25,14.0
2022-09-15 02:18,12162.0,12164.0,12161.75,12163.75,7.0
2022-09-15 02:19,12164.0,12165.0,12163.75,12163.75,14.0
2022-09-15 02:20,12164.0,12164.0,12162.0,12162.0,22.0
2022-09-15 02:21,12161.0,12161.25,12160.0,12161.25,14.0
2022-09-15 02:22,12162.75,12163.25,12162.0,12163.25,17.0
2022-09-15 02:23,12163.0,12163.5,12161.75,12162.25,9.0
2022-09-15 02:24,12162.5,12164.0,12162.5,12164.0,7.0
2022-09-15 02:25,12162.75,12162.75,12159.5,12159.5,14.0
2022-09-15 02:26,12159.75,12160.75,12158.25,12160.5,17.0
2022-09-15 02:27,12159.0,12162.5,12158.75,12162.5,11.0
2022-09-15 02:28,12161.5,12165.0,12161.5,12165.0,23.0
2022-09-15 02:29,12165.25,12166.25,12164.5,12165.0,10.0
2022-09-15 02:30,12163.5,12164.5,12163.25,12164.5,17.0
2022-09-15 02:31,12163.75,12163.75,12163.0,12163.25,4.0
2022-09-15 02:32,12165.25,12167.75,12164.5,12165.5,27.0
2022-09-15 02:33,12166.25,12166.5,12164.5,12164.5,7.0
2022-09-15 02:34,12164.25,12164.25,12161.25,12161.25,9.0
2022-09-15 02:35,12161.25,12162.25,12161.0,12162.0,14.0
2022-09-15 02:36,12161.25,12161.25,12157.0,12157.75,25.0
2022-09-15 02:37,12158.0,12158.0,12156.0,12157.0,10.0
2022-09-15 02:38,12156.25,12156.25,12153.75,12154.75,22.0
2022-09-15 02:39,12153.5,12153.5,12153.25,12153.25,7.0
2022-09-15 02:40,12153.25,12156.5,12152.25,12156.5,21.0
2022-09-15 02:41,12156.75,12158.25,12156.5,12157.25,17.0
2022-09-15 02:42,12157.5,12157.5,12155.5,12156.5,8.0
2022-09-15 02:43,12158.25,12158.75,12157.0,12158.75,11.0
2022-09-15 02:44,12158.0,12158.0,12157.0,12157.25,5.0
2022-09-15 02:45,12157.0,12157.5,12157.0,12157.5,7.0
2022-09-15 02:46,12156.75,12157.75,12154.0,12154.25,13.0
2022-09-15 02:47,12152.75,12153.5,12152.5,12153.0,8.0
2022-09-15 02:48,12153.0,12153.0,12152.75,12152.75,3.0
2022-09-15 02:49,12153.25,12154.75,12153.25,12153.75,14.0
2022-09-15 02:50,12154.25,12158.5,12154.0,12158.25,21.0
2022-09-15 02:51,12158.75,12159.0,12157.5,12158.25,13.0
2022-09-15 02:52,12158.25,12158.25,12158.25,12158.25,1.0
2022-09-15 02:53,12157.0,12157.75,12154.25,12155.5,7.0
2022-09-15 02:54,12155.25,12155.25,12151.0,12151.0,24.0
2022-09-15 02:55,12150.75,12151.25,12150.25,12151.25,32.0
2022-09-15 02:56,12152.5,12152.5,12152.0,12152.0,4.0
2022-09-15 02:57,12151.25,12154.75,12151.25,12154.25,12.0
2022-09-15 02:58,12153.75,12156.0,12153.75,12156.0,8.0
2022-09-15 02:59,12156.0,12156.25,12155.5,12155.75,10.0
2022-09-15 03:00,12155.75,12155.75,12153.75,12153.75,4.0
2022-09-15 03:01,12153.75,12154.75,12153.25,12154.75,8.0
2022-09-15 03:02,12155.75,12155.75,12154.75,12154.75,3.0
2022-09-15 03:03,12154.0,12154.0,12151.25,12151.25,9.0
2022-09-15 03:04,12150.75,12151.0,12149.25,12149.5,26.0
2022-09-15 03:05,12150.25,12152.0,12150.25,12152.0,7.0
2022-09-15 03:06,12152.0,12156.5,12152.0,12156.5,32.0
2022-09-15 03:07,12156.25,12156.25,12154.0,12154.5,35.0
2022-09-15 03:08,12155.0,12155.0,12153.5,12153.5,6.0
2022-09-15 03:09,12154.0,12157.5,12154.0,12157.5,12.0
2022-09-15 03:10,12158.0,12159.75,12158.0,12159.75,12.0
2022-09-15 03:11,12159.75,12159.75,12158.0,12158.5,9.0
2022-09-15 03:12,12158.0,12158.0,12157.25,12158.0,16.0
2022-09-15 03:13,12158.75,12162.25,12158.75,12162.25,19.0
2022-09-15 03:14,12161.75,12161.75,12159.75,12159.75,9.0
2022-09-15 03:15,12158.75,12158.75,12156.25,12156.25,14.0
2022-09-15 03:16,12155.75,12157.0,12155.0,12155.0,11.0
2022-09-15 03:17,12157.25,12158.0,12156.75,12156.75,6.0
2022-09-15 03:18,12155.5,12157.5,12155.5,12157.25,9.0
2022-09-15 03:19,12157.25,12157.5,12156.5,12157.25,22.0
2022-09-15 03:20,12157.75,12158.75,12156.25,12158.75,24.0
2022-09-15 03:21,12159.75,12160.5,12159.5,12160.5,18.0
2022-09-15 03:22,12158.75,12160.0,12158.0,12160.0,9.0
2022-09-15 03:23,12161.0,12161.25,12160.0,12160.75,11.0
2022-09-15 03:24,12160.0,12162.25,12160.0,12162.25,24.0
2022-09-15 03:25,12162.5,12163.0,12162.5,12162.5,3.0
2022-09-15 03:26,12163.5,12163.5,12161.25,12161.75,11.0
2022-09-15 03:27,12161.75,12162.0,12160.75,12161.25,11.0
2022-09-15 03:28,12160.5,12160.5,12159.75,12159.75,3.0
2022-09-15 03:29,12159.75,12160.5,12159.5,12159.75,16.0
2022-09-15 03:30,12160.75,12161.25,12159.5,12160.5,24.0
2022-09-15 03:31,12161.5,12161.75,12160.0,12160.5,8.0
2022-09-15 03:32,12160.5,12160.5,12159.75,12160.5,9.0
2022-09-15 03:33,12160.5,12160.5,12156.75,12156.75,16.0
2022-09-15 03:34,12156.75,12157.5,12156.0,12156.25,16.0
2022-09-15 03:35,12155.5,12155.5,12154.5,12155.0,9.0
2022-09-15 03:36,12155.0,12156.5,12155.0,12156.25,17.0
2022-09-15 03:37,12155.75,12156.5,12155.75,12156.25,10.0
2022-09-15 03:38,12155.75,12155.75,12154.25,12154.25,9.0
2022-09-15 03:39,12155.0,12156.5,12155.0,12155.5,21.0
2022-09-15 03:40,12155.0,12156.75,12155.0,12156.25,9.0
2022-09-15 03:41,12157.25,12157.25,12154.25,12155.0,27.0
2022-09-15 03:42,12154.25,12155.75,12154.25,12155.0,20.0
2022-09-15 03:43,12155.75,12157.0,12152.25,12156.75,39.0
2022-09-15 03:44,12156.5,12156.5,12153.75,12153.75,17.0
2022-09-15 03:45,12153.75,12155.0,12153.75,12155.0,5.0
2022-09-15 03:46,12156.0,12156.25,12154.25,12155.75,8.0
2022-09-15 03:47,12156.25,12157.25,12156.25,12156.5,6.0
2022-09-15 03:48,12156.5,12156.75,12155.5,12156.75,10.0
2022-09-15 03:49,12155.75,12155.75,12155.75,12155.75,1.0
2022-09-15 03:50,12155.0,12156.25,12154.25,12155.0,21.0
2022-09-15 03:51,12154.75,12155.0,12154.0,12154.0,8.0
2022-09-15 03:52,12153.75,12153.75,12150.25,12151.5,32.0
2022-09-15 03:53,12151.75,12151.75,12147.0,12148.0,37.0
2022-09-15 03:54,12150.0,12150.5,12147.75,12150.5,21.0
2022-09-15 03:55,12151.25,12151.5,12146.5,12147.25,32.0
2022-09-15 03:56,12147.5,12147.75,12147.0,12147.75,10.0
2022-09-15 03:57,12148.25,12149.75,12147.75,12149.0,12.0
2022-09-15 03:58,12149.0,12149.75,12149.0,12149.75,3.0
2022-09-15 03:59,12149.75,12149.75,12149.0,12149.0,7.0
2022-09-15 04:00,12149.75,12149.75,12148.0,12148.5,13.0
2022-09-15 04:01,12148.75,12150.75,12148.75,12150.75,12.0
2022-09-15 04:02,12150.5,12151.25,12149.0,12151.25,24.0
2022-09-15 04:03,12151.0,12151.0,12148.5,12148.75,4.0
2022-09-15 04:04,12147.0,12148.5,12146.75,12147.25,13.0
2022-09-15 04:05,12146.75,12148.25,12146.75,12148.0,10.0
2022-09-15 04:06,12147.75,12147.75,12143.5,12144.5,50.0
2022-09-15 04:07,12144.5,12144.75,12143.5,12143.5,9.0
2022-09-15 04:08,12143.5,12145.0,12143.5,12145.0,12.0
2022-09-15 04:09,12145.75,12145.75,12144.0,12144.0,8.0
2022-09-15 04:10,12144.75,12144.75,12144.75,12144.75,1.0
2022-09-15 04:11,12145.25,12145.5,12143.5,12143.75,9.0
2022-09-15 04:12,12144.25,12145.0,12144.25,12145.0,9.0
2022-09-15 04:13,12145.5,12147.0,12144.5,12145.75,27.0
2022-09-15 04:14,12146.0,12148.0,12146.0,12148.0,7.0
2022-09-15 04:15,12148.0,12151.5,12147.25,12150.5,59.0
2022-09-15 04:16,12151.0,12152.5,12150.5,12152.5,23.0
2022-09-15 04:17,12152.75,12152.75,12151.5,12151.5,30.0
2022-09-15 04:18,12151.5,12151.5,12150.25,12151.25,16.0
2022-09-15 04:19,12151.5,12152.0,12151.5,12151.5,8.0
2022-09-15 04:20,12149.0,12149.0,12149.0,12149.0,2.0
2022-09-15 04:21,12148.75,12149.5,12148.75,12149.5,7.0
2022-09-15 04:22,12149.0,12149.25,12148.0,12148.0,6.0
2022-09-15 04:23,12148.0,12148.0,12146.25,12146.5,9.0
2022-09-15 04:24,12146.5,12146.5,12144.75,12144.75,12.0
2022-09-15 04:25,12145.25,12147.0,12145.25,12147.0,15.0
2022-09-15 04:26,12145.75,12145.75,12145.75,12145.75,1.0
2022-09-15 04:27,12146.0,12146.0,12146.0,12146.0,3.0
2022-09-15 04:28,12147.25,12147.5,12146.75,12146.75,9.0
2022-09-15 04:29,12147.25,12147.25,12144.0,12144.25,37.0
2022-09-15 04:30,12144.5,12144.5,12143.25,12143.75,23.0
2022-09-15 04:31,12144.0,12144.75,12143.0,12144.25,22.0
2022-09-15 04:32,12143.0,12143.0,12135.5,12136.25,114.0
2022-09-15 04:33,12135.25,12138.25,12135.25,12138.25,40.0
2022-09-15 04:34,12138.5,12141.75,12138.0,12141.5,33.0
2022-09-15 04:35,12142.25,12143.5,12142.0,12142.75,33.0
2022-09-15 04:36,12142.5,12145.0,12142.0,12145.0,17.0
2022-09-15 04:37,12145.75,12147.5,12144.0,12144.25,52.0
2022-09-15 04:38,12144.0,12144.75,12141.0,12141.5,12.0
2022-09-15 04:39,12140.75,12140.75,12138.0,12138.75,31.0
2022-09-15 04:40,12139.5,12140.0,12138.25,12139.0,17.0
2022-09-15 04:41,12141.0,12142.25,12141.0,12142.25,8.0
2022-09-15 04:42,12143.75,12145.5,12143.75,12145.25,9.0
2022-09-15 04:43,12145.0,12145.5,12144.5,12145.25,4.0
2022-09-15 04:44,12146.0,12146.0,12145.25,12145.5,12.0
2022-09-15 04:45,12145.25,12145.5,12144.25,12145.0,28.0
2022-09-15 04:46,12145.5,12147.25,12145.0,12147.25,37.0
2022-09-15 04:47,12146.5,12146.5,12146.0,12146.0,4.0
2022-09-15 04:48,12146.0,12147.5,12146.0,12146.75,17.0
2022-09-15 04:49,12146.75,12146.75,12146.25,12146.25,6.0
2022-09-15 04:50,12146.0,12147.5,12146.0,12147.5,4.0
2022-09-15 04:51,12147.75,12149.25,12147.75,12149.25,12.0
2022-09-15 04:52,12149.5,12150.25,12149.0,12149.0,21.0
2022-09-15 04:53,12148.5,12149.5,12148.5,12149.25,8.0
2022-09-15 04:54,12148.5,12149.0,12148.5,12149.0,4.0
2022-09-15 04:55,12148.0,12148.0,12146.25,12147.0,9.0
2022-09-15 04:56,12147.0,12147.25,12144.25,12144.75,11.0
2022-09-15 04:57,12144.0,12144.0,12143.75,12143.75,8.0
2022-09-15 04:58,12144.25,12144.5,12144.25,12144.5,4.0
2022-09-15 04:59,12145.0,12145.0,12143.0,12144.0,7.0
2022-09-15 05:00,12144.5,12145.5,12141.5,12141.5,22.0
2022-09-15 05:01,12141.5,12141.75,12139.75,12140.25,20.0
2022-09-15 05:02,12141.5,12142.5,12140.75,12141.25,17.0
2022-09-15 05:03,12141.5,12141.5,12140.0,12140.25,19.0
2022-09-15 05:04,12141.25,12141.25,12140.25,12140.25,2.0
2022-09-15 05:05,12140.25,12142.0,12136.5,12136.75,11.0
2022-09-15 05:06,12137.75,12139.25,12137.0,12138.5,14.0
2022-09-15 05:07,12138.5,12138.5,12136.0,12137.25,16.0
2022-09-15 05:08,12138.0,12138.0,12136.5,12136.5,5.0
2022-09-15 05:09,12137.75,12140.5,12137.75,12140.5,13.0
2022-09-15 05:10,12139.75,12139.75,12138.5,12139.5,13.0
2022-09-15 05:11,12140.0,12140.75,12138.5,12139.75,23.0
2022-09-15 05:12,12140.75,12141.0,12139.5,12140.5,26.0
2022-09-15 05:13,12140.5,12141.5,12137.25,12137.25,23.0
2022-09-15 05:14,12137.5,12137.5,12136.0,12136.0,27.0
2022-09-15 05:15,12136.0,12136.0,12131.25,12132.0,83.0
2022-09-15 05:16,12132.75,12138.25,12132.75,12137.0,20.0
2022-09-15 05:17,12136.25,12138.25,12136.0,12136.75,14.0
2022-09-15 05:18,12137.25,12138.0,12137.0,12137.75,11.0
2022-09-15 05:19,12138.0,12139.75,12138.0,12139.75,14.0
2022-09-15 05:20,12140.25,12142.0,12140.25,12140.75,16.0
2022-09-15 05:21,12142.25,12144.25,12142.25,12143.25,19.0
2022-09-15 05:22,12143.5,12144.0,12141.75,12141.75,15.0
2022-09-15 05:23,12142.25,12143.25,12141.5,12141.75,37.0
2022-09-15 05:24,12141.5,12143.25,12141.5,12143.0,7.0
2022-09-15 05:25,12143.0,12144.0,12142.25,12143.5,10.0
2022-09-15 05:26,12144.0,12144.0,12143.25,12144.0,9.0
2022-09-15 05:27,12143.25,12143.25,12143.0,12143.0,5.0
2022-09-15 05:28,12144.0,12144.0,12140.5,12140.5,13.0
2022-09-15 05:29,12140.75,12140.75,12137.25,12137.25,22.0
2022-09-15 05:30,12138.0,12140.0,12137.25,12139.75,17.0
2022-09-15 05:31,12140.75,12145.75,12140.25,12143.5,32.0
2022-09-15 05:32,12143.0,12146.25,12142.5,12142.75,58.0
2022-09-15 05:33,12143.25,12143.25,12138.5,12138.5,14.0
2022-09-15 05:34,12138.5,12138.75,12137.5,12137.5,15.0
2022-09-15 05:35,12137.25,12137.5,12134.5,12135.0,35.0
2022-09-15 05:36,12134.75,12136.5,12134.0,12135.5,22.0
2022-09-15 05:37,12134.5,12135.0,12130.0,12131.5,48.0
2022-09-15 05:38,12132.0,12135.5,12132.0,12134.0,19.0
2022-09-15 05:39,12133.5,12135.0,12133.25,12134.0,13.0
2022-09-15 05:40,12135.25,12135.75,12134.25,12134.5,7.0
2022-09-15 05:41,12135.0,12136.5,12135.0,12135.75,29.0
2022-09-15 05:42,12135.0,12135.0,12131.75,12131.75,12.0
2022-09-15 05:43,12132.0,12132.25,12130.5,12131.5,29.0
2022-09-15 05:44,12131.0,12131.0,12126.25,12129.5,108.0
2022-09-15 05:45,12129.25,12136.25,12128.5,12134.0,62.0
2022-09-15 05:46,12133.75,12136.5,12133.75,12135.75,15.0
2022-09-15 05:47,12135.75,12136.25,12134.75,12135.0,18.0
2022-09-15 05:48,12135.0,12137.25,12135.0,12136.0,29.0
2022-09-15 05:49,12136.25,12137.0,12135.5,12137.0,4.0
2022-09-15 05:50,12138.5,12139.25,12136.75,12137.0,19.0
2022-09-15 05:51,12137.0,12137.0,12135.5,12135.5,15.0
2022-09-15 05:52,12135.75,12137.0,12135.25,12137.0,12.0
2022-09-15 05:53,12136.75,12136.75,12134.75,12135.5,13.0
2022-09-15 05:54,12135.0,12135.0,12133.0,12133.0,7.0
2022-09-15 05:55,12133.5,12134.5,12133.25,12133.25,6.0
2022-09-15 05:56,12134.75,12134.75,12129.75,12130.25,14.0
2022-09-15 05:57,12130.0,12130.0,12128.75,12129.75,12.0
2022-09-15 05:58,12129.75,12131.0,12129.25,12129.5,12.0
2022-09-15 05:59,12129.75,12134.75,12129.75,12134.5,93.0
2022-09-15 06:00,12133.75,12133.75,12125.5,12126.5,72.0
2022-09-15 06:01,12126.25,12132.75,12126.0,12128.75,72.0
2022-09-15 06:02,12129.5,12131.5,12126.75,12128.25,52.0
2022-09-15 06:03,12128.75,12131.0,12127.75,12131.0,17.0
2022-09-15 06:04,12130.25,12142.0,12129.25,12141.0,80.0
2022-09-15 06:05,12140.75,12141.5,12138.5,12138.75,20.0
2022-09-15 06:06,12138.0,12138.5,12133.75,12134.0,41.0
2022-09-15 06:07,12133.75,12137.25,12133.75,12137.25,29.0
2022-09-15 06:08,12137.75,12138.0,12136.75,12137.25,21.0
2022-09-15 06:09,12138.0,12143.25,12138.0,12139.5,79.0
2022-09-15 06:10,12139.0,12140.5,12136.5,12138.0,56.0
2022-09-15 06:11,12136.5,12138.25,12134.75,12137.25,32.0
2022-09-15 06:12,12136.75,12139.5,12136.0,12138.75,29.0
2022-09-15 06:13,12139.25,12139.5,12137.0,12139.0,23.0
2022-09-15 06:14,12139.25,12141.0,12136.5,12141.0,25.0
2022-09-15 06:15,12140.25,12140.5,12137.0,12137.0,29.0
2022-09-15 06:16,12138.0,12138.0,12137.0,12138.0,7.0
2022-09-15 06:17,12138.25,12141.5,12138.25,12139.0,25.0
2022-09-15 06:18,12138.5,12138.75,12135.25,12135.75,25.0
2022-09-15 06:19,12134.5,12136.5,12133.5,12136.0,13.0
2022-09-15 06:20,12136.25,12139.25,12136.25,12139.25,23.0
2022-09-15 06:21,12137.5,12137.5,12135.5,12136.5,8.0
2022-09-15 06:22,12135.75,12136.0,12132.75,12135.0,59.0
2022-09-15 06:23,12136.25,12138.5,12136.25,12138.5,19.0
2022-09-15 06:24,12138.75,12139.25,12136.0,12138.25,20.0
2022-09-15 06:25,12138.75,12142.0,12138.25,12142.0,14.0
2022-09-15 06:26,12142.25,12142.75,12141.75,12142.25,13.0
2022-09-15 06:27,12141.75,12142.25,12140.5,12140.5,23.0
2022-09-15 06:28,12141.75,12145.25,12141.75,12144.75,39.0
2022-09-15 06:29,12144.0,12147.75,12143.5,12147.25,38.0
2022-09-15 06:30,12147.0,12147.25,12142.25,12143.0,50.0
2022-09-15 06:31,12143.0,12145.25,12142.5,12145.25,19.0
2022-09-15 06:32,12144.75,12144.75,12142.0,12142.25,27.0
2022-09-15 06:33,12142.0,12142.0,12139.25,12139.5,39.0
2022-09-15 06:34,12139.75,12140.5,12137.0,12139.25,38.0
2022-09-15 06:35,12138.5,12139.25,12137.25,12138.5,21.0
2022-09-15 06:36,12138.0,12139.0,12137.25,12137.5,14.0
2022-09-15 06:37,12138.0,12138.5,12137.25,12137.5,8.0
2022-09-15 06:38,12137.0,12137.5,12134.75,12135.25,21.0
2022-09-15 06:39,12134.25,12134.25,12130.75,12132.0,48.0
2022-09-15 06:40,12132.75,12132.75,12129.5,12131.25,29.0
2022-09-15 06:41,12131.75,12134.0,12131.75,12134.0,15.0
2022-09-15 06:42,12134.5,12137.25,12134.5,12136.75,8.0
2022-09-15 06:43,12137.5,12139.75,12136.75,12139.75,17.0
2022-09-15 06:44,12140.75,12141.0,12137.75,12139.0,54.0
2022-09-15 06:45,12139.5,12142.5,12139.5,12141.5,67.0
2022-09-15 06:46,12141.25,12142.0,12141.0,12141.25,22.0
2022-09-15 06:47,12141.0,12143.5,12141.0,12143.5,15.0
2022-09-15 06:48,12144.0,12145.5,12142.25,12142.25,86.0
2022-09-15 06:49,12142.25,12142.5,12139.75,12141.75,25.0
2022-09-15 06:50,12140.5,12142.0,12139.5,12141.25,15.0
2022-09-15 06:51,12141.5,12141.5,12140.0,12140.0,6.0
2022-09-15 06:52,12139.75,12140.25,12138.25,12138.75,13.0
2022-09-15 06:53,12138.5,12139.75,12138.5,12139.0,19.0
2022-09-15 06:54,12138.25,12140.75,12138.0,12140.75,13.0
2022-09-15 06:55,12141.5,12141.5,12135.25,12137.0,81.0
2022-09-15 06:56,12137.5,12138.25,12135.0,12136.75,44.0
2022-09-15 06:57,12136.25,12136.25,12134.25,12135.25,21.0
2022-09-15 06:58,12135.5,12141.0,12135.5,12140.25,63.0
2022-09-15 06:59,12139.5,12139.75,12135.25,12135.75,21.0
2022-09-15 07:00,12136.0,12138.25,12131.5,12133.5,142.0
2022-09-15 07:01,12133.75,12144.25,12132.75,12144.0,80.0
2022-09-15 07:02,12144.25,12144.25,12139.75,12139.75,52.0
2022-09-15 07:03,12139.25,12144.0,12139.25,12143.75,43.0
2022-09-15 07:04,12144.0,12146.25,12143.0,12144.5,34.0
2022-09-15 07:05,12144.5,12152.0,12144.5,12151.5,136.0
2022-09-15 07:06,12152.25,12153.25,12148.5,12150.5,79.0
2022-09-15 07:07,12150.0,12153.75,12149.5,12153.5,47.0
2022-09-15 07:08,12153.75,12155.75,12150.25,12152.25,111.0
2022-09-15 07:09,12153.0,12154.0,12150.75,12153.75,31.0
2022-09-15 07:10,12154.0,12155.5,12149.25,12150.25,101.0
2022-09-15 07:11,12151.25,12152.75,12149.25,12150.75,13.0
2022-09-15 07:12,12149.5,12153.0,12149.5,12150.25,40.0
2022-09-15 07:13,12150.25,12150.75,12147.25,12147.5,54.0
2022-09-15 07:14,12147.25,12147.75,12144.0,12147.0,73.0
2022-09-15 07:15,12148.0,12149.25,12146.75,12147.5,37.0
2022-09-15 07:16,12148.25,12151.75,12147.75,12151.75,34.0
2022-09-15 07:17,12151.75,12154.75,12150.5,12151.0,62.0
2022-09-15 07:18,12150.25,12150.75,12148.0,12149.75,30.0
2022-09-15 07:19,12150.25,12154.5,12148.0,12154.5,24.0
2022-09-15 07:20,12154.5,12156.25,12152.25,12152.25,99.0
2022-09-15 07:21,12152.5,12157.25,12152.5,12154.25,35.0
2022-09-15 07:22,12153.75,12158.0,12153.75,12155.5,29.0
2022-09-15 07:23,12155.75,12158.0,12155.25,12157.75,39.0
2022-09-15 07:24,12158.5,12159.5,12154.25,12158.25,45.0
2022-09-15 07:25,12158.25,12162.75,12157.25,12160.0,68.0
2022-09-15 07:26,12161.0,12163.25,12159.25,12161.75,59.0
2022-09-15 07:27,12162.25,12163.5,12159.25,12163.5,53.0
2022-09-15 07:28,12163.25,12165.5,12159.5,12159.75,41.0
2022-09-15 07:29,12160.5,12160.5,12157.0,12157.25,27.0
2022-09-15 07:30,12157.5,12160.25,12156.25,12157.5,57.0
2022-09-15 07:31,12157.75,12158.5,12152.5,12155.75,75.0
2022-09-15 07:32,12154.5,12156.0,12151.75,12156.0,62.0
2022-09-15 07:33,12156.0,12158.75,12156.0,12158.0,31.0
2022-09-15 07:34,12158.75,12160.75,12157.75,12158.0,30.0
2022-09-15 07:35,12156.0,12156.75,12153.25,12154.75,35.0
2022-09-15 07:36,12155.0,12155.0,12150.5,12151.5,47.0
2022-09-15 07:37,12150.5,12152.75,12149.75,12151.75,37.0
2022-09-15 07:38,12151.5,12151.5,12145.75,12146.5,54.0
2022-09-15 07:39,12146.75,12150.5,12146.75,12150.5,57.0
2022-09-15 07:40,12150.5,12154.25,12150.5,12152.25,34.0
2022-09-15 07:41,12150.5,12152.75,12149.25,12151.0,36.0
2022-09-15 07:42,12151.5,12152.75,12149.25,12152.75,38.0
2022-09-15 07:43,12152.5,12153.5,12150.75,12150.75,38.0
2022-09-15 07:44,12150.5,12151.75,12148.0,12149.5,44.0
2022-09-15 07:45,12149.25,12153.5,12149.25,12153.5,31.0
2022-09-15 07:46,12154.0,12157.25,12154.0,12156.0,32.0
2022-09-15 07:47,12157.25,12165.5,12157.25,12164.0,102.0
2022-09-15 07:48,12163.5,12165.0,12161.5,12164.0,53.0
2022-09-15 07:49,12164.5,12165.5,12160.5,12163.5,27.0
2022-09-15 07:50,12162.0,12164.5,12155.75,12164.0,246.0
2022-09-15 07:51,12164.5,12165.5,12162.5,12163.5,43.0
2022-09-15 07:52,12163.75,12169.25,12163.75,12167.75,84.0
2022-09-15 07:53,12168.25,12168.75,12166.25,12166.5,52.0
2022-09-15 07:54,12167.0,12168.0,12164.75,12166.25,28.0
2022-09-15 07:55,12167.5,12169.25,12163.5,12163.5,65.0
2022-09-15 07:56,12163.0,12164.0,12158.0,12159.25,51.0
2022-09-15 07:57,12158.75,12161.25,12158.5,12159.25,33.0
2022-09-15 07:58,12159.0,12162.25,12159.0,12161.75,35.0
2022-09-15 07:59,12162.0,12165.5,12161.0,12164.5,33.0
2022-09-15 08:00,12164.0,12165.5,12161.25,12164.25,61.0
2022-09-15 08:01,12164.0,12168.0,12163.5,12166.75,59.0
2022-09-15 08:02,12168.0,12173.25,12167.75,12169.0,94.0
2022-09-15 08:03,12168.25,12169.0,12158.75,12158.75,68.0
2022-09-15 08:04,12158.25,12158.5,12154.0,12155.25,59.0
2022-09-15 08:05,12155.25,12161.0,12155.0,12160.0,52.0
2022-09-15 08:06,12159.5,12160.25,12157.0,12157.5,55.0
2022-09-15 08:07,12158.75,12159.5,12155.25,12155.25,38.0
2022-09-15 08:08,12155.0,12155.0,12151.0,12151.75,73.0
2022-09-15 08:09,12151.25,12153.75,12150.5,12153.0,82.0
2022-09-15 08:10,12152.25,12153.5,12148.25,12149.5,54.0
2022-09-15 08:11,12150.25,12152.0,12146.75,12148.25,54.0
2022-09-15 08:12,12149.0,12150.75,12143.0,12143.0,63.0
2022-09-15 08:13,12143.0,12145.25,12140.75,12141.0,64.0
2022-09-15 08:14,12140.75,12144.0,12140.75,12142.0,50.0
2022-09-15 08:15,12140.75,12143.0,12136.75,12136.75,75.0
2022-09-15 08:16,12137.75,12140.25,12134.25,12139.25,104.0
2022-09-15 08:17,12139.0,12140.0,12137.75,12138.25,56.0
2022-09-15 08:18,12137.25,12139.5,12135.5,12136.75,54.0
2022-09-15 08:19,12136.25,12136.5,12135.0,12136.0,26.0
2022-09-15 08:20,12135.25,12136.25,12133.75,12136.0,43.0
2022-09-15 08:21,12136.0,12139.5,12135.75,12137.0,110.0
2022-09-15 08:22,12137.0,12141.0,12136.25,12140.0,48.0
2022-09-15 08:23,12141.0,12143.5,12141.0,12141.5,45.0
2022-09-15 08:24,12140.75,12141.0,12136.75,12141.0,107.0
2022-09-15 08:25,12140.25,12141.5,12138.75,12138.75,49.0
2022-09-15 08:26,12139.5,12139.5,12137.5,12139.0,15.0
2022-09-15 08:27,12137.75,12142.25,12137.75,12141.5,18.0
2022-09-15 08:28,12141.5,12141.5,12137.25,12138.5,27.0
2022-09-15 08:29,12138.0,12140.75,12138.0,12140.5,17.0
2022-09-15 08:30,12140.25,12142.25,12140.0,12140.25,20.0
2022-09-15 08:31,12140.5,12140.75,12137.0,12140.5,45.0
2022-09-15 08:32,12140.75,12142.25,12140.25,12141.5,25.0
2022-09-15 08:33,12140.5,12140.5,12138.5,12140.25,22.0
2022-09-15 08:34,12141.25,12144.0,12139.25,12141.0,46.0
2022-09-15 08:35,12142.5,12142.5,12136.75,12138.25,37.0
2022-09-15 08:36,12138.5,12141.75,12138.5,12140.75,32.0
2022-09-15 08:37,12139.75,12143.75,12139.5,12142.0,34.0
2022-09-15 08:38,12141.0,12141.0,12137.0,12138.5,20.0
2022-09-15 08:39,12139.25,12140.25,12136.75,12140.25,38.0
2022-09-15 08:40,12140.5,12142.5,12139.5,12141.25,41.0
2022-09-15 08:41,12140.75,12140.75,12137.5,12138.0,42.0
2022-09-15 08:42,12137.5,12138.0,12132.5,12132.75,67.0
2022-09-15 08:43,12133.75,12135.5,12133.0,12133.75,36.0
2022-09-15 08:44,12134.0,12135.75,12131.5,12133.0,58.0
2022-09-15 08:45,12132.0,12132.0,12125.0,12126.0,89.0
2022-09-15 08:46,12126.0,12129.0,12124.5,12127.75,55.0
2022-09-15 08:47,12127.75,12128.0,12125.75,12126.75,21.0
2022-09-15 08:48,12126.25,12127.75,12125.5,12126.5,25.0
2022-09-15 08:49,12127.0,12130.25,12126.5,12127.5,41.0
2022-09-15 08:50,12126.25,12130.75,12125.5,12129.75,31.0
2022-09-15 08:51,12128.5,12130.5,12128.5,12130.25,24.0
2022-09-15 08:52,12129.5,12135.0,12129.5,12134.75,55.0
2022-09-15 08:53,12134.5,12136.0,12134.0,12135.0,40.0
2022-09-15 08:54,12135.5,12136.25,12134.75,12134.75,17.0
2022-09-15 08:55,12133.75,12140.25,12132.25,12139.75,47.0
2022-09-15 08:56,12140.5,12141.75,12137.5,12138.25,49.0
2022-09-15 08:57,12138.0,12138.25,12130.0,12133.5,165.0
2022-09-15 08:58,12132.5,12138.5,12132.5,12136.25,35.0
2022-09-15 08:59,12136.75,12140.5,12136.75,12140.0,33.0
2022-09-15 09:00,12140.25,12142.75,12133.5,12133.5,143.0
2022-09-15 09:01,12133.0,12133.25,12131.5,12133.25,67.0
2022-09-15 09:02,12133.0,12134.5,12132.0,12132.0,38.0
2022-09-15 09:03,12132.5,12134.5,12129.5,12130.0,133.0
2022-09-15 09:04,12130.5,12143.5,12126.75,12141.0,111.0
2022-09-15 09:05,12141.75,12147.5,12136.0,12137.5,153.0
2022-09-15 09:06,12136.5,12141.5,12136.5,12138.0,37.0
2022-09-15 09:07,12137.75,12142.75,12136.75,12138.25,136.0
2022-09-15 09:08,12138.5,12140.5,12136.0,12138.75,45.0
2022-09-15 09:09,12138.75,12142.5,12138.0,12141.5,43.0
2022-09-15 09:10,12141.0,12144.0,12140.75,12142.5,65.0
2022-09-15 09:11,12142.25,12142.25,12140.25,12140.75,9.0
2022-09-15 09:12,12138.5,12138.5,12137.25,12137.5,13.0
2022-09-15 09:13,12138.5,12142.75,12137.75,12139.75,114.0
2022-09-15 09:14,12139.5,12140.0,12137.0,12138.5,8.0
2022-09-15 09:15,12138.75,12138.75,12134.25,12136.0,13.0
2022-09-15 09:16,12137.5,12141.75,12137.25,12137.25,52.0
2022-09-15 09:17,12137.5,12140.75,12136.25,12140.75,22.0
2022-09-15 09:18,12139.5,12141.0,12138.75,12138.75,18.0
2022-09-15 09:19,12139.5,12141.75,12139.5,12140.5,7.0
2022-09-15 09:20,12139.0,12140.75,12138.75,12138.75,13.0
2022-09-15 09:21,12140.5,12140.5,12138.25,12139.25,16.0
2022-09-15 09:22,12138.0,12138.5,12136.25,12137.75,18.0
2022-09-15 09:23,12137.5,12138.25,12137.25,12138.25,6.0
2022-09-15 09:24,12139.25,12139.75,12139.25,12139.75,5.0
2022-09-15 09:25,12140.0,12140.0,12137.5,12138.75,13.0
2022-09-15 09:26,12138.75,12138.75,12138.0,12138.0,6.0
2022-09-15 09:27,12137.0,12138.5,12136.25,12137.5,14.0
2022-09-15 09:28,12136.25,12136.5,12135.75,12136.5,4.0
2022-09-15 09:29,12135.5,12139.25,12135.0,12138.5,15.0
2022-09-15 09:30,12137.5,12142.75,12137.5,12142.75,21.0
2022-09-15 09:31,12142.5,12146.0,12142.25,12146.0,22.0
2022-09-15 09:32,12146.0,12146.75,12145.25,12145.5,24.0
2022-09-15 09:33,12145.5,12150.25,12145.25,12148.75,35.0
2022-09-15 09:34,12149.5,12151.25,12148.5,12151.25,15.0
2022-09-15 09:35,12151.5,12152.25,12148.0,12152.25,39.0
2022-09-15 09:36,12152.5,12152.5,12150.5,12151.0,9.0
2022-09-15 09:37,12152.0,12152.5,12150.5,12151.25,16.0
2022-09-15 09:38,12153.25,12153.5,12152.25,12152.75,5.0
2022-09-15 09:39,12153.75,12155.0,12153.75,12154.75,12.0
2022-09-15 09:40,12155.5,12157.25,12155.0,12155.75,89.0
2022-09-15 09:41,12155.75,12157.25,12155.75,12156.25,8.0
2022-09-15 09:42,12156.0,12156.0,12154.25,12155.75,6.0
2022-09-15 09:43,12154.5,12155.25,12154.5,12154.75,6.0
2022-09-15 09:44,12154.75,12157.25,12154.75,12156.0,27.0
2022-09-15 09:45,12155.75,12158.5,12154.0,12158.25,33.0
2022-09-15 09:46,12158.0,12158.0,12155.75,12156.75,58.0
2022-09-15 09:47,12158.25,12158.5,12156.0,12156.0,8.0
2022-09-15 09:48,12157.5,12158.25,12155.0,12155.5,47.0
2022-09-15 09:49,12156.25,12157.0,12156.25,12156.75,7.0
2022-09-15 09:50,12155.0,12155.75,12152.75,12153.75,83.0
2022-09-15 09:51,12154.0,12157.75,12154.0,12157.75,28.0
2022-09-15 09:52,12157.25,12157.5,12155.0,12155.0,42.0
2022-09-15 09:53,12154.75,12154.75,12152.5,12154.0,22.0
2022-09-15 09:54,12154.0,12154.0,12149.5,12150.0,20.0
2022-09-15 09:55,12150.25,12151.25,12149.0,12149.0,26.0
2022-09-15 09:56,12149.0,12150.5,12148.5,12150.5,15.0
2022-09-15 09:57,12151.5,12153.75,12151.5,12152.75,40.0
2022-09-15 09:58,12152.5,12153.0,12149.5,12150.25,30.0
2022-09-15 09:59,12150.25,12151.25,12149.75,12151.0,15.0
2022-09-15 10:00,12151.25,12152.5,12149.0,12151.25,34.0
2022-09-15 10:01,12152.0,12155.0,12152.0,12154.75,11.0
2022-09-15 10:02,12155.75,12156.0,12153.75,12155.25,40.0
2022-09-15 10:03,12155.25,12157.0,12154.0,12156.75,17.0
2022-09-15 10:04,12156.75,12156.75,12149.75,12150.25,60.0
2022-09-15 10:05,12150.25,12152.75,12150.0,12152.75,14.0
2022-09-15 10:06,12152.5,12155.0,12152.0,12155.0,29.0
2022-09-15 10:07,12155.0,12156.25,12153.25,12153.5,29.0
2022-09-15 10:08,12152.75,12156.5,12151.25,12156.5,57.0
2022-09-15 10:09,12156.75,12157.75,12152.5,12154.0,38.0
2022-09-15 10:10,12153.75,12155.25,12153.25,12155.0,8.0
2022-09-15 10:11,12156.5,12156.5,12154.5,12154.75,5.0
2022-09-15 10:12,12153.75,12153.75,12152.0,12153.5,9.0
2022-09-15 10:13,12155.0,12158.75,12155.0,12158.75,15.0
2022-09-15 10:14,12159.0,12159.0,12153.75,12154.0,19.0
2022-09-15 10:15,12154.0,12154.0,12153.25,12153.75,9.0
2022-09-15 10:17,12156.0,12157.25,12156.0,12157.0,10.0
2022-09-15 10:18,12156.25,12157.0,12155.75,12156.0,5.0
2022-09-15 10:19,12157.0,12157.0,12155.5,12155.75,6.0
2022-09-15 10:20,12155.75,12157.0,12155.25,12155.25,9.0
2022-09-15 10:21,12154.25,12155.0,12149.75,12150.25,171.0
2022-09-15 10:22,12150.75,12152.5,12147.25,12147.75,27.0
2022-09-15 10:23,12148.5,12151.5,12148.5,12151.5,7.0
2022-09-15 10:24,12153.0,12153.5,12148.5,12148.5,17.0
2022-09-15 10:25,12149.5,12149.5,12147.75,12148.5,11.0
2022-09-15 10:26,12149.25,12150.75,12148.0,12150.5,17.0
2022-09-15 10:27,12150.0,12150.0,12147.5,12148.0,29.0
2022-09-15 10:28,12148.75,12148.75,12145.75,12147.25,45.0
2022-09-15 10:29,12147.0,12147.0,12144.75,12146.25,36.0
2022-09-15 10:30,12144.5,12144.5,12137.25,12137.25,38.0
2022-09-15 10:31,12136.5,12139.75,12133.75,12133.75,57.0
2022-09-15 10:32,12133.5,12133.5,12128.25,12132.75,120.0
2022-09-15 10:33,12132.0,12132.0,12124.25,12125.5,141.0
2022-09-15 10:34,12126.25,12126.75,12123.25,12126.5,97.0
2022-09-15 10:35,12124.25,12124.75,12114.5,12115.25,125.0
2022-09-15 10:36,12115.0,12116.75,12110.5,12110.5,104.0
2022-09-15 10:37,12111.0,12112.0,12101.0,12101.0,218.0
2022-09-15 10:38,12101.75,12101.75,12093.75,12100.0,124.0
2022-09-15 10:39,12100.0,12101.5,12097.5,12101.0,85.0
2022-09-15 10:40,12100.5,12104.0,12098.25,12103.75,50.0
2022-09-15 10:41,12104.25,12104.5,12087.0,12088.0,131.0
2022-09-15 10:42,12086.75,12091.75,12084.0,12089.5,114.0
2022-09-15 10:43,12089.75,12089.75,12079.25,12080.0,200.0
2022-09-15 10:44,12079.25,12091.0,12079.25,12089.0,226.0
2022-09-15 10:45,12088.5,12095.5,12088.0,12095.5,99.0
2022-09-15 10:46,12094.5,12095.5,12090.25,12095.5,37.0
2022-09-15 10:47,12096.0,12096.75,12092.75,12094.25,40.0
2022-09-15 10:48,12095.0,12098.75,12094.25,12097.0,35.0
2022-09-15 10:49,12097.0,12098.0,12092.75,12093.75,49.0
2022-09-15 10:50,12094.0,12094.75,12092.5,12094.25,50.0
2022-09-15 10:51,12094.5,12102.0,12094.5,12098.0,53.0
2022-09-15 10:52,12098.0,12100.75,12095.0,12095.0,26.0
2022-09-15 10:53,12093.25,12098.0,12093.25,12097.5,24.0
2022-09-15 10:54,12100.0,12102.0,12099.0,12101.0,32.0
2022-09-15 10:55,12101.25,12102.75,12098.75,12098.75,31.0
2022-09-15 10:56,12098.75,12099.5,12095.5,12099.25,39.0
2022-09-15 10:57,12100.0,12100.0,12096.75,12099.0,16.0
2022-09-15 10:58,12099.25,12101.25,12098.25,12101.0,12.0
2022-09-15 10:59,12099.75,12101.75,12098.75,12101.75,24.0
2022-09-15 11:00,12100.25,12107.5,12100.25,12107.5,45.0
2022-09-15 11:01,12108.0,12108.5,12104.75,12107.5,47.0
2022-09-15 11:02,12106.0,12106.5,12101.5,12102.5,59.0
2022-09-15 11:03,12102.0,12102.0,12100.0,12100.5,27.0
2022-09-15 11:04,12099.5,12101.25,12098.75,12099.5,28.0
2022-09-15 11:05,12098.5,12101.25,12098.5,12101.0,9.0
2022-09-15 11:06,12101.0,12105.75,12101.0,12105.75,35.0
2022-09-15 11:07,12106.5,12107.0,12103.75,12103.75,18.0
2022-09-15 11:08,12104.25,12105.75,12104.25,12104.25,20.0
2022-09-15 11:09,12105.5,12106.0,12103.75,12103.75,29.0
2022-09-15 11:10,12103.25,12106.75,12102.5,12106.5,27.0
2022-09-15 11:11,12105.5,12105.5,12102.5,12103.0,31.0
2022-09-15 11:12,12102.5,12107.75,12102.5,12104.5,96.0
2022-09-15 11:13,12103.25,12111.75,12103.25,12111.25,26.0
2022-09-15 11:14,12111.25,12113.0,12110.75,12111.5,27.0
2022-09-15 11:15,12111.5,12114.75,12111.5,12114.0,62.0
2022-09-15 11:16,12114.5,12118.0,12114.5,12117.0,42.0
2022-09-15 11:17,12116.5,12118.75,12115.5,12118.75,21.0
2022-09-15 11:18,12117.75,12120.25,12116.5,12117.0,81.0
2022-09-15 11:19,12116.25,12119.75,12116.25,12119.75,18.0
2022-09-15 11:20,12120.75,12121.75,12118.5,12119.0,60.0
2022-09-15 11:21,12118.0,12121.0,12117.75,12120.5,90.0
2022-09-15 11:22,12120.75,12122.25,12119.0,12121.5,38.0
2022-09-15 11:23,12121.25,12129.75,12121.25,12128.5,106.0
2022-09-15 11:24,12128.5,12129.0,12125.25,12127.25,29.0
2022-09-15 11:25,12127.0,12127.25,12124.0,12126.5,29.0
2022-09-15 11:26,12125.0,12127.5,12124.0,12127.25,29.0
2022-09-15 11:27,12126.0,12136.0,12126.0,12135.0,126.0
2022-09-15 11:28,12135.75,12136.0,12133.75,12135.0,32.0
2022-09-15 11:29,12134.5,12137.75,12133.75,12137.25,25.0
2022-09-15 11:30,12137.5,12137.75,12128.5,12129.75,44.0
2022-09-15 11:31,12130.0,12130.0,12126.5,12126.5,48.0
2022-09-15 11:32,12127.25,12127.75,12123.25,12123.5,54.0
2022-09-15 11:33,12123.25,12124.0,12120.25,12123.25,54.0
2022-09-15 11:34,12124.75,12128.25,12124.0,12126.25,34.0
2022-09-15 11:35,12126.75,12127.75,12125.0,12126.5,24.0
2022-09-15 11:36,12126.25,12127.0,12124.75,12125.25,20.0
2022-09-15 11:37,12124.75,12126.75,12124.5,12126.25,14.0
2022-09-15 11:38,12124.75,12126.75,12124.0,12124.5,17.0
2022-09-15 11:39,12125.25,12125.25,12117.75,12117.75,42.0
2022-09-15 11:40,12117.5,12119.0,12116.25,12118.0,40.0
2022-09-15 11:41,12116.5,12117.5,12115.0,12115.0,19.0
2022-09-15 11:42,12114.5,12114.5,12109.75,12110.5,95.0
2022-09-15 11:43,12111.25,12111.25,12108.25,12109.0,61.0
2022-09-15 11:44,12110.25,12114.0,12108.0,12112.75,101.0
2022-09-15 11:45,12112.75,12115.75,12111.25,12112.25,56.0
2022-09-15 11:46,12111.0,12111.0,12106.25,12106.75,25.0
2022-09-15 11:47,12106.5,12107.25,12105.0,12106.5,19.0
2022-09-15 11:48,12106.5,12109.5,12105.5,12108.25,25.0
2022-09-15 11:49,12108.0,12110.25,12107.5,12110.0,40.0
2022-09-15 11:50,12109.5,12111.5,12106.75,12107.25,45.0
2022-09-15 11:51,12106.5,12108.0,12102.5,12102.75,31.0
2022-09-15 11:52,12102.5,12103.25,12098.5,12098.5,86.0
2022-09-15 11:53,12099.0,12101.0,12096.5,12097.5,54.0
2022-09-15 11:54,12097.5,12098.0,12095.5,12095.75,47.0
2022-09-15 11:55,12095.0,12095.5,12091.25,12091.25,65.0
2022-09-15 11:56,12092.25,12100.75,12092.25,12100.25,79.0
2022-09-15 11:57,12100.5,12102.25,12099.25,12099.25,39.0
2022-09-15 11:58,12100.25,12103.5,12099.75,12103.5,33.0
2022-09-15 11:59,12104.25,12104.25,12100.25,12100.5,17.0
2022-09-15 12:00,12102.0,12102.5,12098.75,12098.75,19.0
2022-09-15 12:01,12098.25,12101.0,12096.5,12098.0,40.0
2022-09-15 12:02,12097.5,12098.25,12089.25,12091.5,71.0
2022-09-15 12:03,12090.25,12091.0,12086.0,12087.25,111.0
2022-09-15 12:04,12087.0,12090.25,12086.0,12086.0,44.0
2022-09-15 12:05,12085.75,12088.25,12082.5,12087.25,86.0
2022-09-15 12:06,12087.25,12087.25,12078.75,12080.25,100.0
2022-09-15 12:07,12080.25,12085.0,12080.25,12085.0,120.0
2022-09-15 12:08,12085.0,12086.25,12081.5,12083.25,49.0
2022-09-15 12:09,12083.25,12090.0,12076.75,12076.75,75.0
2022-09-15 12:10,12077.0,12087.5,12077.0,12086.25,99.0
2022-09-15 12:11,12086.5,12094.0,12086.5,12090.75,61.0
2022-09-15 12:12,12090.75,12093.0,12085.0,12087.75,38.0
2022-09-15 12:13,12087.25,12092.75,12087.25,12092.75,40.0
2022-09-15 12:14,12093.5,12098.0,12093.5,12095.5,58.0
2022-09-15 12:15,12095.75,12096.0,12091.0,12091.5,40.0
2022-09-15 12:16,12092.0,12100.0,12092.0,12097.5,94.0
2022-09-15 12:17,12098.0,12098.25,12094.25,12094.75,50.0
2022-09-15 12:18,12095.5,12095.75,12087.0,12089.0,65.0
2022-09-15 12:19,12089.0,12090.75,12087.0,12087.0,31.0
2022-09-15 12:20,12085.5,12086.0,12080.75,12082.5,77.0
2022-09-15 12:21,12083.25,12083.5,12075.0,12077.0,64.0
2022-09-15 12:22,12077.0,12078.75,12073.0,12073.5,104.0
2022-09-15 12:23,12073.0,12075.0,12071.0,12073.75,49.0
2022-09-15 12:24,12074.0,12079.75,12073.75,12076.5,56.0
2022-09-15 12:25,12077.25,12084.25,12077.0,12083.75,53.0
2022-09-15 12:26,12083.5,12086.0,12080.75,12080.75,41.0
2022-09-15 12:27,12079.25,12083.0,12075.0,12083.0,37.0
2022-09-15 12:28,12084.25,12086.75,12083.0,12083.25,45.0
2022-09-15 12:29,12082.25,12082.25,12082.25,12082.25,1.0
2022-09-15 12:30,12084.75,12111.0,12063.75,12110.75,280.0
2022-09-15 12:31,12110.25,12115.5,12089.75,12105.25,178.0
2022-09-15 12:32,12106.0,12114.25,12098.5,12102.25,142.0
2022-09-15 12:33,12103.75,12112.5,12102.0,12105.0,115.0
2022-09-15 12:34,12106.5,12109.5,12085.0,12085.0,155.0
2022-09-15 12:35,12083.5,12095.5,12079.5,12081.75,186.0
2022-09-15 12:36,12081.75,12082.75,12074.5,12078.0,138.0
2022-09-15 12:37,12079.0,12094.75,12079.0,12091.25,166.0
2022-09-15 12:38,12090.25,12097.75,12087.5,12092.75,119.0
2022-09-15 12:39,12095.5,12109.5,12095.5,12108.5,136.0
2022-09-15 12:40,12108.75,12114.5,12097.0,12102.75,251.0
2022-09-15 12:41,12103.5,12105.25,12100.75,12104.25,90.0
2022-09-15 12:42,12104.25,12109.5,12104.25,12105.75,74.0
2022-09-15 12:43,12107.0,12110.25,12103.25,12105.0,119.0
2022-09-15 12:44,12106.25,12114.25,12103.25,12108.75,243.0
2022-09-15 12:45,12108.75,12113.25,12104.25,12108.25,191.0
2022-09-15 12:46,12108.25,12113.75,12106.5,12113.75,110.0
2022-09-15 12:47,12114.5,12118.75,12105.5,12111.0,166.0
2022-09-15 12:48,12112.0,12112.0,12103.0,12106.5,139.0
2022-09-15 12:49,12106.75,12120.25,12104.0,12120.0,172.0
2022-09-15 12:50,12120.0,12123.0,12109.0,12110.5,333.0
2022-09-15 12:51,12108.75,12115.25,12107.0,12111.25,191.0
2022-09-15 12:52,12113.25,12123.0,12108.25,12122.25,296.0
2022-09-15 12:53,12122.75,12124.25,12116.5,12121.75,173.0
2022-09-15 12:54,12122.25,12123.25,12116.5,12116.5,195.0
2022-09-15 12:55,12116.25,12118.75,12110.0,12111.25,151.0
2022-09-15 12:56,12111.75,12112.0,12107.0,12108.5,127.0
2022-09-15 12:57,12108.5,12114.5,12107.75,12113.5,119.0
2022-09-15 12:58,12112.0,12115.75,12109.5,12115.75,63.0
2022-09-15 12:59,12112.75,12113.25,12101.25,12103.5,110.0
2022-09-15 13:00,12103.5,12106.75,12100.0,12106.75,110.0
2022-09-15 13:01,12105.75,12105.75,12100.5,12102.25,86.0
2022-09-15 13:02,12101.5,12106.5,12099.5,12104.75,85.0
2022-09-15 13:03,12104.5,12104.5,12097.25,12100.75,73.0
2022-09-15 13:04,12099.75,12101.25,12096.0,12100.5,63.0
2022-09-15 13:05,12100.5,12102.25,12096.0,12100.5,77.0
2022-09-15 13:06,12102.5,12103.25,12098.0,12098.0,46.0
2022-09-15 13:07,12097.0,12097.0,12088.5,12088.5,92.0
2022-09-15 13:08,12088.0,12088.0,12083.25,12083.25,164.0
2022-09-15 13:09,12086.0,12087.0,12080.75,12085.0,113.0
2022-09-15 13:10,12085.25,12087.75,12081.0,12081.0,150.0
2022-09-15 13:11,12081.0,12083.0,12078.0,12078.5,114.0
2022-09-15 13:12,12078.25,12084.25,12078.25,12084.25,111.0
2022-09-15 13:13,12084.0,12089.25,12084.0,12086.75,127.0
2022-09-15 13:14,12086.0,12088.0,12085.0,12086.75,82.0
2022-09-15 13:15,12087.75,12095.5,12087.75,12094.0,72.0
2022-09-15 13:16,12094.5,12094.5,12085.25,12086.0,150.0
2022-09-15 13:17,12085.0,12087.5,12078.5,12081.5,150.0
2022-09-15 13:18,12079.75,12080.75,12068.25,12073.5,299.0
2022-09-15 13:19,12073.75,12074.5,12062.5,12063.0,287.0
2022-09-15 13:20,12063.0,12072.75,12063.0,12066.25,221.0
2022-09-15 13:21,12066.25,12069.0,12061.0,12067.25,176.0
2022-09-15 13:22,12067.25,12068.75,12063.5,12065.75,112.0
2022-09-15 13:23,12065.75,12067.25,12062.75,12065.0,168.0
2022-09-15 13:24,12062.75,12065.75,12060.25,12065.25,180.0
2022-09-15 13:25,12064.5,12070.25,12059.5,12064.75,197.0
2022-09-15 13:26,12063.75,12069.75,12063.75,12067.0,210.0
2022-09-15 13:27,12066.25,12068.0,12052.5,12055.75,300.0
2022-09-15 13:28,12056.5,12057.5,12048.25,12052.0,283.0
2022-09-15 13:29,12051.25,12054.5,12048.5,12053.75,176.0
2022-09-15 13:30,12053.5,12055.75,12035.75,12052.0,1465.0
2022-09-15 13:31,12051.75,12051.75,12033.0,12038.25,909.0
2022-09-15 13:32,12037.25,12054.0,12035.0,12043.5,725.0
2022-09-15 13:33,12043.0,12057.0,12035.5,12053.25,659.0
2022-09-15 13:34,12053.0,12072.5,12052.25,12066.75,733.0
2022-09-15 13:35,12067.0,12067.5,12043.0,12056.75,407.0
2022-09-15 13:36,12056.75,12070.0,12052.75,12063.5,360.0
2022-09-15 13:37,12064.25,12070.25,12047.25,12051.75,429.0
2022-09-15 13:38,12052.25,12057.25,12038.0,12039.25,603.0
2022-09-15 13:39,12039.75,12057.0,12034.5,12051.75,401.0
2022-09-15 13:40,12051.25,12084.0,12050.0,12084.0,448.0
2022-09-15 13:41,12084.25,12096.5,12081.0,12086.0,476.0
2022-09-15 13:42,12087.5,12099.75,12084.25,12099.75,412.0
2022-09-15 13:43,12100.0,12100.5,12085.0,12093.25,319.0
2022-09-15 13:44,12093.75,12098.25,12086.25,12090.0,321.0
2022-09-15 13:45,12090.25,12104.25,12083.5,12084.75,476.0
2022-09-15 13:46,12083.25,12089.75,12076.25,12087.0,410.0
2022-09-15 13:47,12088.5,12095.75,12074.5,12076.5,335.0
2022-09-15 13:48,12075.0,12096.75,12069.25,12095.0,414.0
2022-09-15 13:49,12095.5,12127.5,12095.5,12124.5,771.0
2022-09-15 13:50,12124.25,12133.5,12115.5,12125.25,586.0
2022-09-15 13:51,12125.75,12135.0,12124.0,12128.25,383.0
2022-09-15 13:52,12130.25,12142.25,12127.0,12134.0,474.0
2022-09-15 13:53,12132.5,12136.5,12124.75,12124.75,335.0
2022-09-15 13:54,12125.5,12136.5,12123.0,12123.25,270.0
2022-09-15 13:55,12122.5,12129.75,12116.5,12121.75,253.0
2022-09-15 13:56,12121.75,12125.5,12112.75,12115.25,203.0
2022-09-15 13:57,12113.75,12118.0,12107.5,12110.25,349.0
2022-09-15 13:58,12111.5,12127.0,12109.25,12127.0,299.0
2022-09-15 13:59,12127.0,12129.25,12119.5,12125.5,215.0
2022-09-15 14:00,12126.25,12154.5,12126.25,12147.25,504.0
2022-09-15 14:01,12147.75,12155.75,12135.25,12137.0,394.0
2022-09-15 14:02,12138.25,12139.0,12125.75,12127.75,189.0
2022-09-15 14:03,12128.25,12130.5,12112.25,12119.25,243.0
2022-09-15 14:04,12118.25,12124.75,12114.75,12120.25,210.0
2022-09-15 14:05,12121.25,12122.5,12111.5,12114.25,209.0
2022-09-15 14:06,12113.0,12121.25,12110.0,12120.75,169.0
2022-09-15 14:07,12118.5,12132.5,12117.75,12126.5,209.0
2022-09-15 14:08,12128.0,12131.25,12118.25,12118.25,192.0
2022-09-15 14:09,12118.5,12119.25,12111.5,12112.0,183.0
2022-09-15 14:10,12111.75,12123.25,12104.5,12114.25,392.0
2022-09-15 14:11,12116.75,12120.75,12111.5,12116.75,232.0
2022-09-15 14:12,12115.75,12130.5,12115.75,12128.0,186.0
2022-09-15 14:13,12128.0,12130.75,12121.75,12128.0,155.0
2022-09-15 14:14,12129.0,12135.5,12125.5,12127.5,160.0
2022-09-15 14:15,12127.0,12137.25,12119.0,12134.75,256.0
2022-09-15 14:16,12134.0,12137.5,12127.75,12134.0,195.0
2022-09-15 14:17,12136.0,12140.0,12123.25,12139.75,319.0
2022-09-15 14:18,12140.0,12141.5,12132.25,12139.75,234.0
2022-09-15 14:19,12141.5,12149.0,12127.0,12127.75,406.0
2022-09-15 14:20,12127.25,12130.5,12114.5,12118.5,405.0
2022-09-15 14:21,12119.5,12120.25,12097.75,12098.75,493.0
2022-09-15 14:22,12098.75,12101.75,12071.75,12077.0,690.0
2022-09-15 14:23,12076.75,12091.5,12076.25,12089.75,357.0
2022-09-15 14:24,12089.5,12089.75,12083.25,12084.25,230.0
2022-09-15 14:25,12083.75,12085.75,12073.25,12085.25,364.0
2022-09-15 14:26,12086.25,12086.25,12071.25,12074.25,251.0
2022-09-15 14:27,12074.5,12076.0,12050.25,12052.25,455.0
2022-09-15 14:28,12051.25,12051.25,12040.0,12049.25,618.0
2022-09-15 14:29,12048.25,12049.75,12031.25,12035.5,485.0
2022-09-15 14:30,12035.5,12049.75,12028.5,12047.75,750.0
2022-09-15 14:31,12048.0,12051.25,12038.0,12041.25,413.0
2022-09-15 14:32,12040.75,12041.25,12019.75,12021.5,660.0
2022-09-15 14:33,12023.5,12032.0,12016.5,12030.75,471.0
2022-09-15 14:34,12029.75,12036.0,12021.75,12028.75,287.0
2022-09-15 14:35,12029.5,12034.75,12026.75,12033.75,233.0
2022-09-15 14:36,12033.5,12048.25,12033.25,12046.75,393.0
2022-09-15 14:37,12047.5,12050.5,12040.5,12043.25,287.0
2022-09-15 14:38,12043.25,12059.0,12042.75,12053.5,277.0
2022-09-15 14:39,12051.25,12051.75,12037.75,12045.0,282.0
2022-09-15 14:40,12044.25,12047.0,12034.25,12035.25,305.0
2022-09-15 14:41,12037.5,12052.75,12036.25,12043.75,297.0
2022-09-15 14:42,12044.25,12046.75,12032.5,12039.5,300.0
2022-09-15 14:43,12039.25,12041.75,12034.25,12036.25,313.0
2022-09-15 14:44,12038.75,12050.0,12035.0,12049.0,247.0
2022-09-15 14:45,12049.0,12053.5,12040.25,12041.75,339.0
2022-09-15 14:46,12041.5,12050.25,12039.5,12043.25,194.0
2022-09-15 14:47,12042.25,12043.75,12025.75,12027.75,295.0
2022-09-15 14:48,12026.75,12034.0,12019.75,12024.0,407.0
2022-09-15 14:49,12024.0,12024.75,12008.75,12012.25,448.0
2022-09-15 14:50,12011.0,12011.75,11978.0,11981.25,1002.0
2022-09-15 14:51,11981.25,11989.25,11972.0,11984.0,479.0
2022-09-15 14:52,11982.5,11982.5,11960.5,11967.25,561.0
2022-09-15 14:53,11966.25,11974.5,11963.25,11969.75,427.0
2022-09-15 14:54,11968.75,11970.25,11961.0,11961.5,226.0
2022-09-15 14:55,11961.5,11963.5,11955.0,11961.5,363.0
2022-09-15 14:56,11961.0,11961.0,11946.25,11946.75,288.0
2022-09-15 14:57,11945.75,11946.75,11935.5,11938.0,400.0
2022-09-15 14:58,11938.0,11950.75,11938.0,11943.75,362.0
2022-09-15 14:59,11943.5,11946.25,11934.25,11936.75,364.0
2022-09-15 15:00,11936.5,11947.5,11931.75,11935.75,429.0
2022-09-15 15:01,11935.5,11940.25,11922.0,11937.75,695.0
2022-09-15 15:02,11938.5,11943.75,11929.5,11933.25,283.0
2022-09-15 15:03,11932.75,11945.75,11930.25,11945.75,333.0
2022-09-15 15:04,11944.5,11951.75,11941.5,11947.25,312.0
2022-09-15 15:05,11948.0,11951.0,11936.75,11942.25,254.0
2022-09-15 15:06,11941.75,11949.0,11936.5,11946.5,287.0
2022-09-15 15:07,11947.0,11949.75,11944.25,11947.5,231.0
2022-09-15 15:08,11947.5,11951.75,11944.25,11945.25,252.0
2022-09-15 15:09,11946.0,11946.0,11933.0,11933.0,366.0
2022-09-15 15:10,11933.0,11933.75,11915.25,11921.25,535.0
2022-09-15 15:11,11920.25,11936.0,11920.25,11926.0,271.0
2022-09-15 15:12,11926.0,11928.75,11916.5,11917.5,270.0
2022-09-15 15:13,11916.75,11930.25,11913.0,11925.75,315.0
2022-09-15 15:14,11925.0,11930.25,11923.25,11923.5,144.0
2022-09-15 15:15,11923.5,11928.75,11913.0,11925.0,400.0
2022-09-15 15:16,11926.5,11928.0,11918.0,11924.25,232.0
2022-09-15 15:17,11925.75,11934.75,11924.75,11930.5,302.0
2022-09-15 15:18,11932.5,11949.0,11931.25,11948.25,365.0
2022-09-15 15:19,11948.5,11954.0,11943.5,11949.5,369.0
2022-09-15 15:20,11949.75,11952.5,11941.5,11948.5,256.0
2022-09-15 15:21,11947.75,11962.5,11946.5,11960.75,258.0
2022-09-15 15:22,11960.0,11970.75,11958.5,11966.75,242.0
2022-09-15 15:23,11968.0,11976.0,11966.75,11972.25,244.0
2022-09-15 15:24,11973.25,11985.75,11970.0,11974.75,527.0
2022-09-15 15:25,11974.5,11975.0,11969.5,11970.25,210.0
2022-09-15 15:26,11970.0,11975.5,11967.75,11973.5,173.0
2022-09-15 15:27,11974.75,11981.25,11972.25,11980.75,163.0
2022-09-15 15:28,11981.5,11983.0,11969.75,11971.25,182.0
2022-09-15 15:29,11970.5,11974.5,11966.0,11974.25,164.0
2022-09-15 15:30,11974.25,11979.5,11971.5,11976.25,178.0
2022-09-15 15:31,11977.0,11994.25,11977.0,11982.25,421.0
2022-09-15 15:32,11981.0,11981.0,11972.75,11977.25,317.0
2022-09-15 15:33,11977.25,11987.0,11977.25,11986.5,233.0
2022-09-15 15:34,11987.5,11987.5,11977.75,11979.0,141.0
2022-09-15 15:35,11978.75,11980.0,11972.75,11975.5,276.0
2022-09-15 15:36,11975.0,11977.0,11967.5,11974.0,306.0
2022-09-15 15:37,11974.0,11987.75,11973.5,11987.75,263.0
2022-09-15 15:38,11986.5,11996.25,11983.25,11988.75,306.0
2022-09-15 15:39,11990.25,11993.25,11981.75,11982.0,129.0
2022-09-15 15:40,11982.0,11989.5,11982.0,11986.5,127.0
2022-09-15 15:41,11987.0,11992.5,11986.5,11991.75,176.0
2022-09-15 15:42,11989.5,11995.0,11982.5,11986.75,182.0
2022-09-15 15:43,11986.5,11989.25,11983.0,11984.25,137.0
2022-09-15 15:44,11984.0,11985.25,11979.25,11983.5,211.0
2022-09-15 15:45,11983.25,11993.0,11982.75,11990.75,185.0
2022-09-15 15:46,11991.25,11993.0,11972.75,11972.75,229.0
2022-09-15 15:47,11972.75,11983.5,11970.5,11978.5,279.0
2022-09-15 15:48,11977.0,11982.0,11975.0,11977.25,114.0
2022-09-15 15:49,11977.5,11980.5,11972.75,11974.25,139.0
2022-09-15 15:50,11974.25,11976.5,11953.75,11954.75,419.0
2022-09-15 15:51,11953.5,11966.0,11953.5,11958.0,171.0
2022-09-15 15:52,11958.5,11960.5,11946.5,11948.25,334.0
2022-09-15 15:53,11947.5,11952.5,11945.75,11951.75,141.0
2022-09-15 15:54,11950.75,11950.75,11944.25,11945.25,184.0
2022-09-15 15:55,11945.75,11950.75,11942.5,11944.75,201.0
2022-09-15 15:56,11944.0,11947.75,11939.75,11944.25,189.0
2022-09-15 15:57,11945.5,11945.5,11929.5,11931.5,188.0
2022-09-15 15:58,11932.25,11943.5,11927.75,11942.75,263.0
2022-09-15 15:59,11942.0,11951.75,11939.75,11949.75,215.0
2022-09-15 16:00,11950.0,11956.25,11946.5,11947.75,176.0
2022-09-15 16:01,11947.0,11960.0,11944.75,11958.0,167.0
2022-09-15 16:02,11959.0,11966.0,11952.0,11953.75,191.0
2022-09-15 16:03,11953.0,11954.75,11947.5,11951.0,126.0
2022-09-15 16:04,11951.25,11954.75,11945.5,11953.5,205.0
2022-09-15 16:05,11954.0,11954.75,11947.75,11951.25,173.0
2022-09-15 16:06,11950.75,11953.5,11939.25,11940.0,273.0
2022-09-15 16:07,11940.25,11945.75,11936.25,11945.75,245.0
2022-09-15 16:08,11946.0,11957.25,11943.75,11943.75,183.0
2022-09-15 16:09,11943.75,11944.75,11936.25,11936.25,212.0
2022-09-15 16:10,11937.25,11943.25,11934.75,11936.25,212.0
2022-09-15 16:11,11935.75,11942.0,11932.25,11938.5,138.0
2022-09-15 16:12,11940.25,11940.25,11924.5,11927.25,286.0
2022-09-15 16:13,11927.25,11945.0,11925.5,11933.25,383.0
2022-09-15 16:14,11934.25,11937.5,11928.0,11928.0,280.0
2022-09-15 16:15,11928.5,11937.5,11927.0,11935.75,155.0
2022-09-15 16:16,11935.0,11940.25,11930.25,11931.0,228.0
2022-09-15 16:17,11930.25,11945.5,11927.0,11944.0,423.0
2022-09-15 16:18,11943.75,11945.75,11939.5,11940.0,167.0
2022-09-15 16:19,11941.0,11948.25,11935.5,11946.75,447.0
2022-09-15 16:20,11944.5,11946.5,11932.5,11933.0,197.0
2022-09-15 16:21,11933.25,11936.25,11928.0,11929.5,171.0
2022-09-15 16:22,11929.75,11936.25,11927.5,11935.0,162.0
2022-09-15 16:23,11936.25,11944.75,11935.5,11944.5,148.0
2022-09-15 16:24,11944.5,11949.25,11939.0,11940.25,133.0
2022-09-15 16:25,11940.0,11944.75,11938.75,11940.75,126.0
2022-09-15 16:26,11940.25,11950.25,11938.0,11950.25,169.0
2022-09-15 16:27,11950.75,11958.5,11950.75,11954.0,168.0
2022-09-15 16:28,11953.75,11954.5,11937.75,11937.75,276.0
2022-09-15 16:29,11938.0,11942.0,11935.25,11939.5,173.0
2022-09-15 16:30,11939.75,11950.0,11938.5,11950.0,146.0
2022-09-15 16:31,11949.25,11961.75,11949.0,11952.25,195.0
2022-09-15 16:32,11952.75,11956.5,11947.75,11954.25,176.0
2022-09-15 16:33,11954.25,11962.25,11954.25,11959.75,171.0
2022-09-15 16:34,11960.0,11969.25,11957.75,11965.75,259.0
2022-09-15 16:35,11966.75,11972.0,11965.25,11968.25,147.0
2022-09-15 16:36,11968.0,11971.0,11964.25,11970.75,113.0
2022-09-15 16:37,11970.0,11974.0,11958.0,11959.0,167.0
2022-09-15 16:38,11959.75,11968.5,11959.0,11967.75,144.0
2022-09-15 16:39,11969.0,11971.0,11967.5,11967.75,72.0
2022-09-15 16:40,11968.0,11972.5,11967.5,11969.0,74.0
2022-09-15 16:41,11970.0,11982.0,11968.5,11982.0,136.0
2022-09-15 16:42,11982.75,11984.75,11976.25,11981.5,125.0
2022-09-15 16:43,11981.75,11986.5,11981.0,11983.5,86.0
2022-09-15 16:44,11982.5,11984.0,11975.5,11977.75,84.0
2022-09-15 16:45,11978.25,11978.75,11971.25,11971.25,115.0
2022-09-15 16:46,11972.25,11973.0,11968.75,11972.75,148.0
2022-09-15 16:47,11971.75,11976.75,11969.25,11974.25,55.0
2022-09-15 16:48,11977.0,11983.75,11975.75,11978.0,124.0
2022-09-15 16:49,11978.75,11984.5,11978.75,11983.0,65.0
2022-09-15 16:50,11981.5,11985.75,11981.25,11985.0,75.0
2022-09-15 16:51,11985.25,11991.75,11985.25,11991.0,119.0
2022-09-15 16:52,11989.5,11990.0,11981.5,11982.0,112.0
2022-09-15 16:53,11980.0,11986.25,11980.0,11983.5,92.0
2022-09-15 16:54,11988.5,11990.5,11981.5,11983.5,62.0
2022-09-15 16:55,11980.5,11982.0,11974.0,11976.5,105.0
2022-09-15 16:56,11976.5,11986.5,11976.25,11985.5,103.0
2022-09-15 16:57,11985.25,11987.5,11981.5,11986.0,65.0
2022-09-15 16:58,11984.0,11988.5,11983.5,11986.5,51.0
2022-09-15 16:59,11987.0,11997.75,11987.0,11996.5,95.0
2022-09-15 17:00,11997.5,12026.5,11997.5,12022.5,398.0
2022-09-15 17:01,12023.25,12049.75,12022.75,12039.75,604.0
2022-09-15 17:02,12040.0,12051.0,12033.5,12049.5,443.0
2022-09-15 17:03,12051.75,12063.75,12047.25,12057.25,470.0
2022-09-15 17:04,12058.25,12059.25,12044.75,12050.25,226.0
2022-09-15 17:05,12050.25,12058.5,12048.25,12051.75,184.0
2022-09-15 17:06,12052.75,12068.25,12051.0,12067.75,248.0
2022-09-15 17:07,12068.25,12068.25,12054.0,12056.0,375.0
2022-09-15 17:08,12055.75,12060.0,12047.5,12047.5,175.0
2022-09-15 17:09,12049.0,12060.0,12049.0,12058.5,211.0
2022-09-15 17:10,12058.5,12058.75,12051.25,12056.25,123.0
2022-09-15 17:11,12055.25,12055.25,12046.25,12049.0,217.0
2022-09-15 17:12,12049.5,12054.25,12046.25,12048.75,142.0
2022-09-15 17:13,12049.0,12049.5,12041.75,12041.75,169.0
2022-09-15 17:14,12043.0,12051.75,12042.75,12051.25,170.0
2022-09-15 17:15,12052.5,12056.25,12045.25,12048.0,194.0
2022-09-15 17:16,12049.5,12056.0,12049.5,12052.5,139.0
2022-09-15 17:17,12052.0,12059.75,12051.25,12055.0,234.0
2022-09-15 17:18,12055.75,12064.25,12050.0,12060.25,210.0
2022-09-15 17:19,12061.0,12068.25,12058.25,12058.25,211.0
2022-09-15 17:20,12058.75,12065.25,12051.25,12052.5,200.0
2022-09-15 17:21,12053.5,12068.5,12053.5,12062.75,215.0
2022-09-15 17:22,12064.75,12064.75,12052.75,12055.25,189.0
2022-09-15 17:23,12055.0,12065.75,12054.75,12064.5,152.0
2022-09-15 17:24,12065.25,12067.25,12059.0,12059.0,150.0
2022-09-15 17:25,12057.75,12062.0,12051.5,12062.0,166.0
2022-09-15 17:26,12062.75,12075.25,12062.0,12074.75,249.0
2022-09-15 17:27,12075.25,12076.75,12066.25,12067.75,281.0
2022-09-15 17:28,12067.75,12074.5,12067.25,12067.25,154.0
2022-09-15 17:29,12066.25,12067.0,12057.5,12058.0,204.0
2022-09-15 17:30,12056.25,12060.0,12051.0,12059.5,295.0
2022-09-15 17:31,12058.75,12060.0,12046.0,12048.5,126.0
2022-09-15 17:32,12048.5,12054.5,12042.75,12050.25,221.0
2022-09-15 17:33,12051.0,12057.75,12051.0,12057.0,87.0
2022-09-15 17:34,12057.0,12057.0,12050.25,12053.25,98.0
2022-09-15 17:35,12051.75,12055.5,12047.0,12051.25,146.0
2022-09-15 17:36,12050.5,12052.5,12041.5,12044.25,182.0
2022-09-15 17:37,12044.0,12045.5,12033.0,12035.0,332.0
2022-09-15 17:38,12035.75,12036.0,12028.0,12032.0,266.0
2022-09-15 17:39,12032.5,12039.75,12032.0,12038.5,160.0
2022-09-15 17:40,12039.5,12039.5,12032.25,12035.5,136.0
2022-09-15 17:41,12036.0,12044.5,12034.5,12038.75,160.0
2022-09-15 17:42,12039.0,12039.0,12025.75,12026.0,229.0
2022-09-15 17:43,12026.5,12032.75,12026.25,12028.75,152.0
2022-09-15 17:44,12028.5,12028.5,12024.5,12026.25,115.0
2022-09-15 17:45,12028.0,12029.5,12023.75,12027.5,172.0
2022-09-15 17:46,12026.25,12029.25,12018.75,12022.75,322.0
2022-09-15 17:47,12020.0,12023.5,12014.25,12017.25,225.0
2022-09-15 17:48,12017.0,12017.5,12013.25,12015.5,230.0
2022-09-15 17:49,12014.5,12022.25,12014.0,12015.75,186.0
2022-09-15 17:50,12016.75,12016.75,12003.75,12007.0,321.0
2022-09-15 17:51,12006.5,12007.5,12002.25,12006.25,153.0
2022-09-15 17:52,12006.0,12006.75,12000.5,12006.25,104.0
2022-09-15 17:53,12005.75,12018.25,12005.0,12017.25,173.0
2022-09-15 17:54,12018.0,12018.5,12011.0,12012.75,150.0
2022-09-15 17:55,12012.0,12014.75,12011.0,12014.75,65.0
2022-09-15 17:56,12014.75,12014.75,12006.75,12014.0,105.0
2022-09-15 17:57,12013.75,12021.75,12013.5,12021.5,150.0
2022-09-15 17:58,12022.25,12022.25,12015.5,12018.5,70.0
2022-09-15 17:59,12018.0,12019.75,12015.0,12017.0,109.0
2022-09-15 18:00,12018.5,12019.25,12004.0,12006.0,196.0
2022-09-15 18:01,12005.25,12008.25,11979.25,11981.0,351.0
2022-09-15 18:02,11979.5,11986.5,11968.5,11980.5,399.0
2022-09-15 18:03,11981.5,11983.0,11967.25,11973.0,371.0
2022-09-15 18:04,11972.0,11975.0,11966.75,11967.5,165.0
2022-09-15 18:05,11968.0,11979.0,11967.25,11977.25,185.0
2022-09-15 18:06,11976.25,11977.5,11964.75,11966.25,209.0
2022-09-15 18:07,11964.75,11969.0,11962.25,11963.5,184.0
2022-09-15 18:08,11964.0,11966.25,11957.5,11961.5,181.0
2022-09-15 18:09,11962.0,11968.0,11960.75,11965.5,237.0
2022-09-15 18:10,11965.75,11967.5,11959.25,11967.25,115.0
2022-09-15 18:11,11966.75,11977.25,11966.25,11974.25,224.0
2022-09-15 18:12,11974.0,11981.5,11973.5,11978.5,199.0
2022-09-15 18:13,11979.25,11982.0,11976.25,11978.25,137.0
2022-09-15 18:14,11978.0,11980.25,11969.25,11974.0,172.0
2022-09-15 18:15,11975.0,11975.5,11966.25,11967.0,120.0
2022-09-15 18:16,11965.75,11975.75,11964.25,11972.75,144.0
2022-09-15 18:17,11972.0,11977.5,11966.25,11975.25,174.0
2022-09-15 18:18,11975.25,11983.0,11973.5,11982.75,156.0
2022-09-15 18:19,11982.75,11986.75,11977.75,11979.25,139.0
2022-09-15 18:20,11977.5,11980.0,11968.5,11970.0,136.0
2022-09-15 18:21,11969.5,11976.5,11969.0,11971.75,103.0
2022-09-15 18:22,11971.25,11975.5,11966.0,11968.0,118.0
2022-09-15 18:23,11966.75,11967.0,11963.25,11964.25,95.0
2022-09-15 18:24,11965.25,11972.5,11960.75,11969.75,162.0
2022-09-15 18:25,11968.75,11974.0,11962.75,11964.25,81.0
2022-09-15 18:26,11964.25,11975.0,11964.25,11973.25,110.0
2022-09-15 18:27,11974.25,11977.25,11973.25,11974.0,114.0
2022-09-15 18:28,11973.5,11982.25,11973.5,11981.0,165.0
2022-09-15 18:29,11980.75,11985.75,11979.5,11983.75,205.0
2022-09-15 18:30,11983.0,11983.25,11975.0,11977.75,190.0
2022-09-15 18:31,11979.25,12001.0,11978.5,11991.5,429.0
2022-09-15 18:32,11991.25,11994.0,11982.0,11986.25,242.0
2022-09-15 18:33,11985.25,11990.75,11984.5,11986.75,158.0
2022-09-15 18:34,11985.5,11986.0,11977.0,11977.75,125.0
2022-09-15 18:35,11976.0,11978.25,11969.5,11978.25,150.0
2022-09-15 18:36,11977.25,11993.5,11977.25,11991.25,160.0
2022-09-15 18:37,11989.5,11994.75,11988.75,11994.0,116.0
2022-09-15 18:38,11995.5,11997.0,11984.75,11986.0,111.0
2022-09-15 18:39,11987.5,11991.0,11984.5,11990.25,124.0
2022-09-15 18:40,11990.5,11991.75,11983.5,11986.0,115.0
2022-09-15 18:41,11986.5,11986.5,11974.5,11981.5,156.0
2022-09-15 18:42,11981.5,11983.0,11970.75,11972.75,145.0
2022-09-15 18:43,11972.75,11975.25,11967.75,11972.25,179.0
2022-09-15 18:44,11972.75,11985.25,11972.5,11982.25,170.0
2022-09-15 18:45,11980.75,11983.0,11973.5,11978.25,129.0
2022-09-15 18:46,11976.5,11976.75,11967.5,11967.75,123.0
2022-09-15 18:47,11967.5,11969.5,11959.5,11964.5,264.0
2022-09-15 18:48,11964.75,11964.75,11947.0,11952.5,381.0
2022-09-15 18:49,11952.25,11952.5,11943.0,11943.0,202.0
2022-09-15 18:50,11943.25,11955.5,11942.5,11951.75,347.0
2022-09-15 18:51,11950.75,11951.25,11942.75,11949.0,186.0
2022-09-15 18:52,11947.75,11948.75,11940.75,11944.75,180.0
2022-09-15 18:53,11944.0,11949.25,11939.5,11948.0,142.0
2022-09-15 18:54,11949.0,11960.25,11949.0,11959.5,192.0
2022-09-15 18:55,11958.25,11958.75,11951.75,11952.5,114.0
2022-09-15 18:56,11951.5,11954.25,11946.5,11949.75,112.0
2022-09-15 18:57,11950.5,11954.5,11948.75,11949.25,102.0
2022-09-15 18:58,11949.5,11953.75,11945.0,11946.5,156.0
2022-09-15 18:59,11945.75,11951.0,11944.0,11950.75,116.0
2022-09-15 19:00,11952.25,11959.75,11936.5,11937.0,263.0
2022-09-15 19:01,11937.75,11942.5,11935.0,11935.5,97.0
2022-09-15 19:02,11937.75,11947.25,11934.25,11943.0,93.0
2022-09-15 19:03,11942.5,11947.0,11937.75,11938.75,105.0
2022-09-15 19:04,11938.75,11950.5,11938.0,11948.5,175.0
2022-09-15 19:05,11948.25,11955.5,11940.75,11940.75,137.0
2022-09-15 19:06,11941.5,11942.75,11936.75,11937.25,75.0
2022-09-15 19:07,11939.75,11947.75,11939.5,11945.5,174.0
2022-09-15 19:08,11944.0,11944.0,11934.5,11941.25,132.0
2022-09-15 19:09,11942.25,11945.5,11935.0,11935.25,158.0
2022-09-15 19:10,11934.75,11935.75,11921.5,11922.5,238.0
2022-09-15 19:11,11921.75,11927.0,11914.75,11915.0,152.0
2022-09-15 19:12,11914.25,11916.25,11901.25,11911.75,277.0
2022-09-15 19:13,11912.0,11912.25,11899.0,11899.5,125.0
2022-09-15 19:14,11898.75,11905.0,11897.25,11904.25,268.0
2022-09-15 19:15,11904.0,11911.0,11897.5,11898.0,148.0
2022-09-15 19:16,11896.5,11902.25,11892.25,11901.0,111.0
2022-09-15 19:17,11901.75,11906.75,11893.0,11894.75,132.0
2022-09-15 19:18,11893.75,11895.75,11886.75,11890.0,119.0
2022-09-15 19:19,11890.75,11900.25,11890.0,11892.75,106.0
2022-09-15 19:20,11894.0,11901.5,11892.5,11898.5,216.0
2022-09-15 19:21,11899.25,11904.0,11892.25,11897.0,208.0
2022-09-15 19:22,11898.0,11898.5,11885.25,11888.25,112.0
2022-09-15 19:23,11891.0,11893.75,11883.0,11889.0,158.0
2022-09-15 19:24,11888.5,11902.0,11887.5,11901.25,164.0
2022-09-15 19:25,11900.5,11902.5,11893.5,11894.5,135.0
2022-09-15 19:26,11895.5,11896.25,11887.5,11887.5,124.0
2022-09-15 19:27,11887.25,11887.25,11873.5,11875.0,127.0
2022-09-15 19:28,11872.75,11874.5,11866.5,11871.25,156.0
2022-09-15 19:29,11872.75,11877.5,11869.75,11876.5,263.0
2022-09-15 19:30,11874.25,11887.25,11869.25,11882.75,108.0
2022-09-15 19:31,11883.0,11892.0,11880.75,11890.75,118.0
2022-09-15 19:32,11892.25,11899.75,11888.5,11888.5,151.0
2022-09-15 19:33,11888.75,11890.25,11878.0,11880.5,73.0
2022-09-15 19:34,11879.5,11887.5,11878.75,11884.5,85.0
2022-09-15 19:35,11884.25,11893.75,11883.0,11893.25,71.0
2022-09-15 19:36,11894.0,11897.5,11891.0,11891.0,51.0
2022-09-15 19:37,11888.75,11893.75,11885.5,11888.75,58.0
2022-09-15 19:38,11889.75,11905.0,11887.5,11895.5,98.0
2022-09-15 19:39,11896.0,11905.0,11895.5,11903.5,35.0
2022-09-15 19:40,11905.5,11906.5,11890.25,11891.5,135.0
2022-09-15 19:41,11891.75,11905.5,11890.25,11903.25,66.0
2022-09-15 19:42,11904.5,11914.25,11904.5,11908.5,93.0
2022-09-15 19:43,11907.5,11914.0,11898.75,11913.5,172.0
2022-09-15 19:44,11913.0,11916.75,11907.0,11907.0,97.0
2022-09-15 19:45,11906.75,11929.0,11902.0,11925.25,186.0
2022-09-15 19:46,11925.75,11925.75,11905.75,11906.5,101.0
2022-09-15 19:47,11906.75,11917.25,11906.75,11911.0,107.0
2022-09-15 19:48,11912.75,11917.0,11909.0,11911.75,93.0
2022-09-15 19:49,11916.0,11922.5,11911.0,11914.5,200.0
2022-09-15 19:50,11915.0,11958.75,11915.0,11931.5,413.0
2022-09-15 19:51,11932.25,11936.25,11920.0,11920.0,195.0
2022-09-15 19:52,11918.0,11919.25,11902.0,11911.5,338.0
2022-09-15 19:53,11913.5,11932.0,11913.5,11930.75,195.0
2022-09-15 19:54,11932.5,11935.5,11918.5,11927.5,371.0
2022-09-15 19:55,11928.0,11947.0,11928.0,11947.0,301.0
2022-09-15 19:56,11948.0,11949.5,11937.0,11941.5,114.0
2022-09-15 19:57,11940.5,11943.75,11935.0,11938.75,183.0
2022-09-15 19:58,11937.75,11939.75,11933.0,11938.25,116.0
2022-09-15 19:59,11938.0,11944.25,11929.5,11931.5,509.0
2022-09-15 20:00,11930.5,11947.5,11930.25,11946.0,143.0
2022-09-15 20:01,11946.5,11966.5,11945.5,11950.5,292.0
2022-09-15 20:02,11949.0,11961.0,11946.25,11957.75,65.0
2022-09-15 20:03,11958.5,11960.5,11957.0,11957.0,17.0
2022-09-15 20:04,11956.75,11956.75,11950.25,11950.25,19.0
2022-09-15 20:05,11954.5,11957.25,11951.25,11955.5,17.0
2022-09-15 20:06,11957.25,11957.25,11954.0,11957.0,24.0
2022-09-15 20:07,11957.0,11962.0,11956.5,11958.0,38.0
2022-09-15 20:08,11956.75,11956.75,11954.0,11954.0,5.0
2022-09-15 20:09,11951.25,11952.75,11949.25,11951.75,11.0
2022-09-15 20:10,11954.25,11955.0,11953.0,11953.0,12.0
2022-09-15 20:11,11951.75,11952.75,11950.0,11952.75,14.0
2022-09-15 20:12,11950.25,11950.25,11946.25,11946.75,25.0
2022-09-15 20:13,11947.5,11947.75,11943.5,11945.0,25.0
2022-09-15 20:14,11945.0,11947.0,11943.25,11944.0,38.0
2022-09-15 20:15,11946.0,11948.0,11944.25,11948.0,8.0
2022-09-15 20:16,11948.25,11948.25,11946.5,11946.5,3.0
2022-09-15 20:17,11947.0,11947.0,11943.0,11943.0,9.0
2022-09-15 20:18,11944.5,11944.5,11940.5,11940.5,10.0
2022-09-15 20:19,11939.25,11942.25,11939.25,11940.5,39.0
2022-09-15 20:20,11940.5,11940.5,11938.75,11940.5,34.0
2022-09-15 20:21,11940.5,11944.25,11940.5,11942.5,10.0
2022-09-15 20:22,11943.5,11943.5,11941.5,11941.5,4.0
2022-09-15 20:23,11940.25,11940.25,11938.25,11938.25,4.0
2022-09-15 20:24,11940.0,11941.5,11940.0,11941.25,3.0
2022-09-15 20:25,11942.75,11942.75,11942.75,11942.75,2.0
2022-09-15 20:27,11944.0,11944.0,11944.0,11944.0,1.0
2022-09-15 20:28,11944.0,11944.0,11944.0,11944.0,2.0
2022-09-15 20:29,11944.5,11944.5,11944.5,11944.5,1.0
2022-09-15 20:30,11942.0,11942.75,11936.5,11936.5,32.0
2022-09-15 20:31,11935.25,11935.25,11925.5,11925.75,23.0
2022-09-15 20:32,11925.75,11925.75,11920.0,11920.75,84.0
2022-09-15 20:33,11920.75,11925.75,11920.0,11924.25,26.0
2022-09-15 20:34,11922.25,11923.75,11921.5,11921.5,11.0
2022-09-15 20:35,11920.5,11924.5,11920.5,11924.5,14.0
2022-09-15 20:36,11921.0,11921.0,11913.25,11913.25,315.0
2022-09-15 20:37,11910.75,11910.75,11904.5,11904.75,8.0
2022-09-15 20:38,11907.25,11907.75,11907.25,11907.75,2.0
2022-09-15 20:39,11905.0,11905.0,11902.5,11902.5,22.0
2022-09-15 20:40,11906.25,11910.25,11899.0,11900.25,94.0
2022-09-15 20:41,11900.25,11905.0,11900.0,11905.0,11.0
2022-09-15 20:42,11903.5,11909.75,11903.5,11909.75,5.0
2022-09-15 20:43,11907.75,11908.0,11907.75,11908.0,3.0
2022-09-15 20:44,11902.5,11902.5,11900.25,11900.25,7.0
2022-09-15 20:45,11900.0,11900.5,11897.25,11897.25,14.0
2022-09-15 20:46,11895.0,11895.0,11892.75,11892.75,7.0
2022-09-15 20:47,11889.5,11889.5,11886.5,11886.5,9.0
2022-09-15 20:48,11887.25,11888.25,11884.75,11884.75,16.0
2022-09-15 20:49,11884.0,11888.5,11883.5,11888.0,12.0
2022-09-15 20:50,11888.75,11898.75,11888.75,11898.75,16.0
2022-09-15 20:51,11898.25,11898.25,11896.5,11896.5,5.0
2022-09-15 20:52,11894.0,11895.5,11893.5,11895.5,6.0
2022-09-15 20:53,11892.75,11893.5,11889.0,11889.75,14.0
2022-09-15 20:54,11889.5,11889.5,11889.5,11889.5,1.0
2022-09-15 20:55,11892.75,11892.75,11892.25,11892.25,3.0
2022-09-15 20:56,11891.75,11893.0,11891.75,11893.0,5.0
2022-09-15 20:57,11892.0,11893.25,11892.0,11893.25,13.0
2022-09-15 20:58,11894.75,11897.5,11894.75,11897.5,5.0
2022-09-15 20:59,11899.25,11904.0,11899.25,11904.0,21.0
2022-09-15 22:00,11880.0,11880.0,11861.25,11866.5,52.0
2022-09-15 22:01,11865.75,11868.25,11863.75,11865.25,11.0
2022-09-15 22:02,11864.75,11864.75,11846.75,11847.5,28.0
2022-09-15 22:03,11848.0,11851.75,11845.0,11845.0,20.0
2022-09-15 22:04,11843.5,11844.5,11835.0,11838.0,35.0
2022-09-15 22:05,11839.75,11839.75,11833.0,11833.75,14.0
2022-09-15 22:06,11833.75,11838.0,11830.0,11830.0,20.0
2022-09-15 22:07,11827.25,11828.0,11819.5,11821.75,20.0
2022-09-15 22:08,11825.25,11834.0,11825.25,11834.0,22.0
2022-09-15 22:09,11832.5,11841.0,11832.5,11841.0,24.0
2022-09-15 22:10,11843.75,11849.0,11838.5,11842.0,77.0
2022-09-15 22:11,11841.75,11844.0,11841.25,11844.0,18.0
2022-09-15 22:12,11842.75,11846.0,11842.75,11844.25,17.0
2022-09-15 22:14,11845.25,11850.0,11845.25,11850.0,10.0
2022-09-15 22:15,11849.0,11853.0,11847.0,11852.0,18.0
2022-09-15 22:16,11852.0,11852.0,11845.75,11848.0,15.0
2022-09-15 22:17,11848.5,11848.75,11845.0,11847.5,9.0
2022-09-15 22:18,11843.5,11843.5,11843.25,11843.25,6.0
2022-09-15 22:19,11844.25,11846.0,11843.5,11846.0,12.0
2022-09-15 22:20,11845.5,11845.5,11843.5,11843.5,4.0
2022-09-15 22:21,11846.5,11849.75,11845.25,11849.75,73.0
2022-09-15 22:22,11850.0,11850.75,11845.5,11845.5,10.0
2022-09-15 22:23,11848.0,11848.0,11842.0,11842.0,7.0
2022-09-15 22:26,11847.75,11847.75,11847.75,11847.75,1.0
2022-09-15 22:27,11851.75,11851.75,11851.25,11851.25,3.0
2022-09-15 22:28,11851.75,11851.75,11851.0,11851.0,3.0
2022-09-15 22:29,11847.75,11847.75,11845.75,11845.75,24.0
2022-09-15 22:30,11851.0,11855.0,11851.0,11855.0,7.0
2022-09-15 22:31,11852.0,11852.0,11851.75,11851.75,3.0
2022-09-15 22:32,11852.0,11852.0,11852.0,11852.0,1.0
2022-09-15 22:33,11856.5,11856.5,11856.5,11856.5,1.0
2022-09-15 22:35,11853.0,11853.25,11852.25,11852.5,5.0
2022-09-15 22:36,11851.5,11852.0,11851.0,11851.5,4.0
2022-09-15 22:37,11851.75,11853.0,11850.75,11853.0,6.0
2022-09-15 22:40,11853.0,11853.75,11850.5,11851.0,10.0
2022-09-15 22:41,11849.75,11849.75,11849.75,11849.75,2.0
2022-09-15 22:42,11849.25,11849.25,11847.0,11847.0,2.0
2022-09-15 22:43,11846.0,11847.25,11846.0,11847.25,2.0
2022-09-15 22:44,11846.0,11846.0,11845.75,11845.75,6.0
2022-09-15 22:45,11845.75,11845.75,11842.25,11842.5,5.0
2022-09-15 22:46,11842.75,11842.75,11842.75,11842.75,1.0
2022-09-15 22:47,11844.25,11844.25,11844.25,11844.25,1.0
2022-09-15 22:48,11843.75,11843.75,11843.75,11843.75,1.0
2022-09-15 22:49,11845.25,11847.75,11845.25,11845.25,14.0
2022-09-15 22:50,11845.5,11846.5,11845.5,11846.25,6.0
2022-09-15 22:51,11843.75,11846.5,11843.75,11846.0,15.0
2022-09-15 22:52,11846.0,11846.75,11845.75,11846.75,16.0
2022-09-15 22:53,11845.0,11846.25,11845.0,11846.25,3.0
2022-09-15 22:54,11847.5,11851.25,11847.5,11850.75,8.0
2022-09-15 22:55,11848.75,11850.75,11848.75,11850.75,6.0
2022-09-15 22:56,11851.5,11856.0,11851.5,11856.0,18.0
2022-09-15 22:57,11856.0,11859.0,11856.0,11857.5,8.0
2022-09-15 22:58,11856.75,11859.75,11856.5,11859.75,7.0
2022-09-15 22:59,11859.25,11859.25,11859.25,11859.25,1.0
2022-09-15 23:00,11860.0,11860.0,11859.75,11860.0,4.0
2022-09-15 23:01,11859.25,11859.25,11856.25,11856.25,4.0
2022-09-15 23:04,11855.5,11856.0,11855.5,11856.0,2.0
2022-09-15 23:05,11856.0,11856.0,11856.0,11856.0,3.0
2022-09-15 23:06,11855.5,11857.0,11855.5,11855.5,6.0
2022-09-15 23:07,11855.5,11856.5,11855.25,11856.5,13.0
2022-09-15 23:08,11856.25,11857.5,11855.0,11855.0,12.0
2022-09-15 23:09,11853.0,11853.0,11851.75,11851.75,2.0
2022-09-15 23:10,11851.0,11851.0,11849.25,11849.25,9.0
2022-09-15 23:11,11850.25,11850.25,11847.75,11847.75,13.0
2022-09-15 23:12,11848.0,11848.0,11848.0,11848.0,1.0
2022-09-15 23:13,11848.25,11848.25,11847.0,11847.5,5.0
2022-09-15 23:14,11847.5,11847.5,11847.0,11847.0,6.0
2022-09-15 23:15,11846.25,11846.25,11845.0,11845.0,4.0
2022-09-15 23:16,11844.0,11844.0,11841.75,11841.75,15.0
2022-09-15 23:17,11840.5,11843.0,11840.5,11842.0,8.0
2022-09-15 23:18,11842.0,11842.0,11839.5,11839.5,6.0
2022-09-15 23:19,11838.5,11838.5,11837.25,11837.5,5.0
2022-09-15 23:20,11838.25,11839.5,11838.25,11839.5,7.0
2022-09-15 23:21,11840.0,11840.0,11835.75,11835.75,27.0
2022-09-15 23:22,11839.75,11840.0,11839.25,11840.0,4.0
2022-09-15 23:24,11841.25,11841.25,11841.0,11841.0,6.0
2022-09-15 23:25,11839.25,11839.25,11838.5,11838.5,3.0
2022-09-15 23:26,11837.5,11838.0,11837.25,11838.0,9.0
2022-09-15 23:27,11837.25,11837.25,11836.0,11836.0,2.0
2022-09-15 23:28,11835.75,11836.0,11835.0,11835.0,4.0
2022-09-15 23:29,11837.25,11837.25,11834.25,11834.25,3.0
2022-09-15 23:30,11835.75,11839.75,11835.5,11839.75,6.0
2022-09-15 23:31,11840.75,11842.75,11840.5,11841.0,4.0
2022-09-15 23:32,11842.5,11842.75,11842.5,11842.5,5.0
2022-09-15 23:33,11844.25,11846.0,11844.25,11846.0,4.0
2022-09-15 23:34,11845.0,11845.0,11845.0,11845.0,1.0
2022-09-15 23:37,11841.5,11845.0,11841.5,11845.0,2.0
2022-09-15 23:39,11846.0,11846.25,11845.0,11845.75,5.0
2022-09-15 23:40,11847.0,11848.0,11847.0,11848.0,4.0
2022-09-15 23:41,11848.5,11848.75,11847.25,11848.0,8.0
2022-09-15 23:42,11848.75,11848.75,11848.75,11848.75,1.0
2022-09-15 23:44,11846.75,11847.25,11846.25,11847.25,5.0
2022-09-15 23:45,11847.25,11847.25,11847.25,11847.25,1.0
2022-09-15 23:46,11845.0,11845.0,11845.0,11845.0,2.0
2022-09-15 23:47,11844.75,11846.5,11844.5,11846.0,5.0
2022-09-15 23:48,11847.25,11847.25,11847.25,11847.25,6.0
2022-09-15 23:49,11845.5,11845.5,11845.5,11845.5,1.0
2022-09-15 23:50,11845.5,11845.5,11842.0,11842.0,3.0
2022-09-15 23:51,11842.5,11842.5,11842.5,11842.5,3.0
2022-09-15 23:52,11842.5,11842.5,11842.5,11842.5,1.0
2022-09-15 23:53,11843.25,11843.25,11843.25,11843.25,1.0
2022-09-15 23:54,11845.0,11845.0,11845.0,11845.0,6.0
2022-09-15 23:56,11845.0,11845.0,11845.0,11845.0,2.0
2022-09-15 23:57,11842.75,11844.75,11842.5,11844.75,14.0
2022-09-15 23:58,11844.0,11844.0,11844.0,11844.0,5.0
2022-09-15 23:59,11844.75,11845.75,11844.0,11844.0,11.0
2022-09-16 00:00,11847.0,11853.5,11847.0,11853.5,5.0
2022-09-16 00:01,11847.25,11853.25,11847.25,11853.25,19.0
2022-09-16 00:02,11851.75,11851.75,11851.0,11851.0,3.0
2022-09-16 00:03,11850.0,11853.5,11849.5,11853.5,3.0
2022-09-16 00:04,11855.25,11855.5,11855.25,11855.5,2.0
2022-09-16 00:05,11855.25,11855.25,11850.5,11850.5,4.0
2022-09-16 00:06,11852.0,11852.0,11852.0,11852.0,1.0
2022-09-16 00:07,11852.25,11852.25,11848.0,11848.75,6.0
2022-09-16 00:08,11848.0,11850.0,11847.0,11850.0,4.0
2022-09-16 00:09,11851.0,11851.0,11850.75,11850.75,2.0
2022-09-16 00:10,11849.0,11849.5,11849.0,11849.5,3.0
2022-09-16 00:11,11848.25,11851.0,11848.25,11850.75,32.0
2022-09-16 00:12,11848.75,11848.75,11846.5,11847.0,3.0
2022-09-16 00:13,11845.25,11845.25,11845.25,11845.25,1.0
2022-09-16 00:14,11843.75,11843.75,11840.5,11843.25,7.0
2022-09-16 00:15,11844.5,11845.0,11843.75,11844.0,34.0
2022-09-16 00:16,11845.75,11848.5,11845.75,11846.75,5.0
2022-09-16 00:17,11849.0,11849.75,11849.0,11849.75,2.0
2022-09-16 00:18,11853.25,11862.25,11853.25,11860.25,53.0
2022-09-16 00:19,11859.25,11860.5,11858.25,11858.25,7.0
2022-09-16 00:20,11857.0,11857.0,11857.0,11857.0,10.0
2022-09-16 00:21,11860.5,11862.25,11860.5,11862.25,11.0
2022-09-16 00:22,11862.25,11863.5,11862.0,11862.0,9.0
2022-09-16 00:23,11860.5,11860.5,11860.5,11860.5,1.0
2022-09-16 00:24,11859.75,11860.25,11859.75,11860.0,4.0
2022-09-16 00:25,11861.25,11861.25,11861.25,11861.25,1.0
2022-09-16 00:26,11861.25,11861.25,11859.0,11859.0,5.0
2022-09-16 00:29,11858.5,11858.5,11857.75,11857.75,7.0
2022-09-16 00:30,11852.5,11852.5,11851.5,11851.5,6.0
2022-09-16 00:31,11851.5,11851.5,11851.25,11851.25,2.0
2022-09-16 00:32,11854.5,11854.5,11854.5,11854.5,1.0
2022-09-16 00:34,11857.25,11859.0,11857.25,11858.25,3.0
2022-09-16 00:35,11860.25,11860.25,11858.25,11858.25,3.0
2022-09-16 00:36,11857.5,11857.5,11857.5,11857.5,1.0
2022-09-16 00:37,11856.25,11856.25,11856.25,11856.25,4.0
2022-09-16 00:38,11854.75,11854.75,11852.75,11854.5,10.0
2022-09-16 00:39,11854.5,11854.5,11854.5,11854.5,1.0
2022-09-16 00:40,11853.75,11853.75,11849.5,11849.5,11.0
2022-09-16 00:41,11848.75,11849.25,11848.75,11848.75,3.0
2022-09-16 00:42,11849.0,11849.0,11843.25,11843.25,5.0
2022-09-16 00:43,11843.0,11848.75,11843.0,11847.75,17.0
2022-09-16 00:44,11849.0,11849.25,11846.25,11846.25,6.0
2022-09-16 00:46,11848.75,11848.75,11848.75,11848.75,1.0
2022-09-16 00:48,11847.75,11847.75,11845.5,11845.5,3.0
2022-09-16 00:49,11844.0,11844.75,11844.0,11844.75,9.0
2022-09-16 00:50,11842.0,11842.0,11839.0,11839.0,9.0
2022-09-16 00:51,11839.0,11839.0,11838.25,11838.25,4.0
2022-09-16 00:52,11838.25,11839.0,11838.25,11839.0,3.0
2022-09-16 00:53,11837.5,11837.5,11837.5,11837.5,4.0
2022-09-16 00:54,11837.75,11837.75,11837.75,11837.75,1.0
2022-09-16 00:55,11838.5,11838.5,11838.5,11838.5,1.0
2022-09-16 00:56,11838.0,11838.0,11838.0,11838.0,2.0
2022-09-16 00:57,11837.25,11837.25,11837.25,11837.25,1.0
2022-09-16 00:58,11835.5,11837.5,11833.5,11837.5,10.0
2022-09-16 00:59,11837.75,11837.75,11837.75,11837.75,1.0
2022-09-16 01:00,11837.0,11838.25,11837.0,11838.25,2.0
2022-09-16 01:01,11842.0,11842.0,11842.0,11842.0,1.0
2022-09-16 01:02,11843.75,11843.75,11842.25,11843.75,3.0
2022-09-16 01:03,11843.0,11843.0,11843.0,11843.0,1.0
2022-09-16 01:05,11840.25,11840.25,11836.25,11836.25,3.0
2022-09-16 01:06,11836.5,11836.5,11835.75,11836.0,4.0
2022-09-16 01:07,11835.75,11836.25,11835.25,11835.25,5.0
2022-09-16 01:08,11835.25,11835.25,11835.25,11835.25,8.0
2022-09-16 01:11,11840.25,11841.75,11840.25,11841.0,15.0
2022-09-16 01:12,11841.0,11842.5,11841.0,11841.5,12.0
2022-09-16 01:13,11842.5,11843.25,11842.5,11843.25,7.0
2022-09-16 01:14,11844.0,11844.5,11844.0,11844.5,4.0
2022-09-16 01:15,11843.5,11843.5,11836.75,11836.75,10.0
2022-09-16 01:16,11835.75,11837.75,11834.75,11837.75,4.0
2022-09-16 01:17,11838.25,11843.25,11838.25,11841.25,6.0
2022-09-16 01:18,11841.25,11841.75,11841.25,11841.25,11.0
2022-09-16 01:19,11837.75,11837.75,11837.75,11837.75,1.0
2022-09-16 01:20,11841.0,11841.0,11841.0,11841.0,1.0
2022-09-16 01:21,11837.75,11838.25,11836.0,11838.25,12.0
2022-09-16 01:26,11844.0,11844.75,11844.0,11844.75,2.0
2022-09-16 01:27,11845.5,11847.0,11843.75,11843.75,6.0
2022-09-16 01:30,11843.5,11847.75,11843.5,11847.0,13.0
2022-09-16 01:31,11846.0,11849.5,11845.5,11849.5,10.0
2022-09-16 01:32,11846.25,11846.25,11846.25,11846.25,1.0
2022-09-16 01:33,11847.75,11847.75,11844.25,11844.25,5.0
2022-09-16 01:34,11843.5,11845.0,11842.5,11844.25,10.0
2022-09-16 01:35,11842.25,11842.25,11842.25,11842.25,5.0
2022-09-16 01:36,11840.75,11845.5,11840.75,11845.5,3.0
2022-09-16 01:38,11844.75,11845.5,11844.75,11845.5,2.0
2022-09-16 01:39,11847.5,11847.5,11847.5,11847.5,1.0
2022-09-16 01:42,11842.5,11842.5,11839.75,11839.75,4.0
2022-09-16 01:43,11839.0,11841.0,11838.5,11839.5,6.0
2022-09-16 01:45,11840.5,11840.5,11839.75,11839.75,2.0
2022-09-16 01:46,11843.0,11843.0,11841.25,11841.25,2.0
2022-09-16 01:47,11840.0,11840.0,11838.75,11839.0,9.0
2022-09-16 01:48,11836.25,11837.75,11835.75,11836.5,4.0
2022-09-16 01:50,11837.5,11837.5,11837.5,11837.5,1.0
2022-09-16 01:51,11838.75,11838.75,11838.75,11838.75,1.0
2022-09-16 01:54,11839.5,11839.5,11839.5,11839.5,1.0
2022-09-16 01:56,11838.5,11840.25,11838.25,11839.5,7.0
2022-09-16 01:57,11840.0,11840.0,11840.0,11840.0,2.0
2022-09-16 01:59,11839.0,11839.0,11837.5,11837.5,3.0
2022-09-16 02:00,11839.0,11840.5,11838.5,11840.5,9.0
2022-09-16 02:01,11841.5,11844.25,11841.5,11844.25,2.0
2022-09-16 02:02,11847.25,11847.5,11846.5,11847.25,7.0
2022-09-16 02:03,11845.0,11845.0,11845.0,11845.0,1.0
2022-09-16 02:04,11841.25,11841.25,11841.25,11841.25,1.0
2022-09-16 02:06,11838.75,11838.75,11838.75,11838.75,2.0
2022-09-16 02:08,11842.0,11842.0,11839.75,11839.75,4.0
2022-09-16 02:09,11842.0,11842.0,11841.0,11841.75,8.0
2022-09-16 02:10,11839.25,11839.25,11838.0,11838.0,6.0
2022-09-16 02:11,11839.0,11839.0,11839.0,11839.0,1.0
2022-09-16 02:13,11839.0,11839.0,11838.75,11838.75,2.0
2022-09-16 02:16,11840.75,11840.75,11840.75,11840.75,1.0
2022-09-16 02:17,11842.5,11842.75,11841.75,11841.75,7.0
2022-09-16 02:18,11842.25,11842.25,11842.25,11842.25,1.0
2022-09-16 02:19,11842.5,11842.5,11842.0,11842.0,2.0
2022-09-16 02:20,11844.5,11844.5,11842.75,11842.75,5.0
2022-09-16 02:21,11845.25,11845.25,11843.5,11843.5,5.0
2022-09-16 02:22,11843.25,11843.5,11842.75,11842.75,4.0
2022-09-16 02:23,11843.5,11843.5,11842.75,11842.75,2.0
2022-09-16 02:24,11841.75,11841.75,11841.75,11841.75,2.0
2022-09-16 02:26,11839.75,11839.75,11839.75,11839.75,2.0
2022-09-16 02:27,11839.75,11841.25,11839.75,11841.25,2.0
2022-09-16 02:28,11842.5,11842.5,11841.25,11841.25,2.0
2022-09-16 02:29,11838.75,11839.75,11837.25,11837.25,40.0
2022-09-16 02:30,11838.25,11841.0,11838.25,11840.5,10.0
2022-09-16 02:31,11842.0,11843.75,11842.0,11842.75,6.0
2022-09-16 02:32,11843.5,11844.0,11843.5,11844.0,6.0
2022-09-16 02:34,11841.25,11842.5,11841.25,11842.5,4.0
2022-09-16 02:35,11842.75,11842.75,11842.0,11842.0,3.0
2022-09-16 02:36,11838.0,11838.0,11837.25,11837.25,3.0
2022-09-16 02:38,11836.0,11836.75,11836.0,11836.75,2.0
2022-09-16 02:39,11836.75,11837.5,11836.75,11837.5,2.0
2022-09-16 02:40,11838.75,11838.75,11838.75,11838.75,1.0
2022-09-16 02:41,11837.5,11837.5,11837.5,11837.5,1.0
2022-09-16 02:42,11836.5,11836.5,11836.5,11836.5,1.0
2022-09-16 02:43,11837.25,11837.25,11837.25,11837.25,2.0
2022-09-16 02:44,11836.0,11836.25,11836.0,11836.0,6.0
2022-09-16 02:45,11836.5,11836.5,11836.5,11836.5,3.0
2022-09-16 02:50,11840.25,11840.25,11840.25,11840.25,1.0
2022-09-16 02:54,11840.5,11841.25,11840.5,11840.5,4.0
2022-09-16 02:56,11842.75,11842.75,11841.0,11842.75,3.0
2022-09-16 02:57,11843.0,11843.0,11842.0,11842.0,2.0
2022-09-16 02:58,11844.0,11844.0,11844.0,11844.0,2.0
2022-09-16 03:00,11841.0,11841.0,11841.0,11841.0,1.0
2022-09-16 03:02,11840.0,11840.0,11840.0,11840.0,2.0
2022-09-16 03:03,11839.75,11839.75,11839.75,11839.75,2.0
2022-09-16 03:04,11839.5,11839.5,11839.5,11839.5,3.0
2022-09-16 03:06,11838.75,11838.75,11838.75,11838.75,1.0
2022-09-16 03:07,11838.75,11838.75,11836.75,11836.75,3.0
2022-09-16 03:08,11835.25,11836.0,11835.0,11836.0,8.0
2022-09-16 03:09,11835.25,11837.0,11835.0,11837.0,4.0
2022-09-16 03:11,11836.0,11836.0,11836.0,11836.0,1.0
2022-09-16 03:12,11837.25,11837.5,11835.75,11835.75,3.0
2022-09-16 03:13,11835.0,11836.0,11833.25,11833.25,10.0
2022-09-16 03:14,11834.5,11834.5,11834.5,11834.5,2.0
2022-09-16 03:15,11836.0,11836.0,11836.0,11836.0,2.0
2022-09-16 03:16,11837.0,11837.0,11837.0,11837.0,1.0
2022-09-16 03:18,11834.5,11834.5,11834.5,11834.5,1.0
2022-09-16 03:20,11835.75,11835.75,11835.75,11835.75,2.0
2022-09-16 03:21,11835.75,11835.75,11835.75,11835.75,9.0
2022-09-16 03:22,11835.25,11835.25,11835.25,11835.25,5.0
2022-09-16 03:23,11836.5,11836.5,11836.5,11836.5,1.0
2022-09-16 03:24,11836.0,11836.0,11835.25,11835.25,4.0
2022-09-16 03:25,11835.25,11835.75,11835.25,11835.75,9.0
2022-09-16 03:26,11836.75,11836.75,11836.75,11836.75,1.0
2022-09-16 03:27,11837.0,11837.0,11837.0,11837.0,1.0
2022-09-16 03:28,11837.25,11839.0,11837.25,11838.75,10.0
2022-09-16 03:29,11838.75,11838.75,11838.75,11838.75,1.0
2022-09-16 03:30,11838.0,11838.0,11838.0,11838.0,2.0
2022-09-16 03:31,11836.0,11836.0,11836.0,11836.0,1.0
2022-09-16 03:32,11835.25,11835.25,11835.25,11835.25,4.0
2022-09-16 03:33,11836.5,11836.5,11836.5,11836.5,1.0
2022-09-16 03:34,11836.5,11841.0,11836.5,11841.0,7.0
2022-09-16 03:35,11839.5,11840.5,11839.5,11840.5,2.0
2022-09-16 03:36,11841.0,11841.0,11841.0,11841.0,1.0
2022-09-16 03:38,11839.5,11839.5,11839.25,11839.5,8.0
2022-09-16 03:39,11839.75,11839.75,11839.0,11839.0,2.0
2022-09-16 03:40,11837.25,11838.0,11837.25,11838.0,11.0
2022-09-16 03:41,11838.0,11838.0,11838.0,11838.0,1.0
2022-09-16 03:43,11835.0,11835.0,11835.0,11835.0,1.0
2022-09-16 03:44,11835.0,11835.0,11835.0,11835.0,2.0
2022-09-16 03:46,11833.5,11833.5,11831.0,11832.25,8.0
2022-09-16 03:48,11832.25,11832.25,11830.75,11830.75,4.0
2022-09-16 03:49,11832.25,11832.25,11830.5,11830.5,2.0
2022-09-16 03:51,11833.0,11833.0,11833.0,11833.0,1.0
2022-09-16 03:53,11833.25,11833.25,11833.25,11833.25,1.0
2022-09-16 03:55,11831.75,11831.75,11831.75,11831.75,1.0
2022-09-16 03:56,11830.75,11830.75,11830.75,11830.75,1.0
2022-09-16 03:57,11831.25,11831.25,11830.5,11830.5,2.0
2022-09-16 03:58,11831.5,11831.5,11831.5,11831.5,1.0
2022-09-16 04:00,11830.25,11830.25,11830.25,11830.25,1.0
2022-09-16 04:01,11830.0,11830.0,11828.75,11828.75,3.0
2022-09-16 04:02,11828.5,11832.25,11828.25,11832.25,12.0
2022-09-16 04:03,11832.5,11832.5,11832.5,11832.5,1.0
2022-09-16 04:05,11835.0,11835.0,11835.0,11835.0,1.0
2022-09-16 04:06,11835.0,11835.0,11835.0,11835.0,2.0
2022-09-16 04:09,11832.0,11832.0,11832.0,11832.0,5.0
2022-09-16 04:13,11827.0,11827.0,11827.0,11827.0,2.0
2022-09-16 04:15,11830.0,11830.5,11830.0,11830.5,7.0
2022-09-16 04:16,11829.25,11829.25,11829.25,11829.25,1.0
2022-09-16 04:18,11826.0,11826.0,11822.5,11822.5,9.0
2022-09-16 04:19,11823.5,11823.5,11823.5,11823.5,1.0
2022-09-16 04:22,11830.0,11830.25,11830.0,11830.25,5.0
2022-09-16 04:26,11829.0,11830.0,11829.0,11829.75,5.0
2022-09-16 04:27,11830.5,11830.75,11829.0,11829.0,3.0
2022-09-16 04:29,11824.0,11824.0,11824.0,11824.0,5.0
2022-09-16 04:31,11824.0,11825.0,11824.0,11825.0,4.0
2022-09-16 04:33,11827.75,11827.75,11827.75,11827.75,1.0
2022-09-16 04:34,11827.75,11830.0,11827.5,11830.0,15.0
2022-09-16 04:36,11830.0,11830.0,11830.0,11830.0,1.0
2022-09-16 04:37,11830.0,11830.0,11830.0,11830.0,1.0
2022-09-16 04:41,11831.0,11832.0,11831.0,11831.25,5.0
2022-09-16 04:46,11830.5,11830.5,11830.5,11830.5,2.0
2022-09-16 04:47,11829.25,11829.25,11829.25,11829.25,1.0
2022-09-16 04:48,11829.25,11829.25,11829.25,11829.25,1.0
2022-09-16 04:49,11831.5,11833.25,11831.5,11832.25,15.0
2022-09-16 04:50,11832.25,11832.25,11829.75,11829.75,10.0
2022-09-16 04:51,11829.0,11829.0,11827.5,11827.5,3.0
2022-09-16 04:53,11826.75,11828.0,11826.75,11828.0,11.0
2022-09-16 04:54,11827.0,11827.0,11827.0,11827.0,1.0
2022-09-16 04:58,11830.0,11830.0,11830.0,11830.0,1.0
2022-09-16 04:59,11833.25,11833.25,11833.25,11833.25,2.0
2022-09-16 05:01,11831.0,11831.0,11831.0,11831.0,2.0
2022-09-16 05:03,11835.5,11838.0,11833.25,11833.25,16.0
2022-09-16 05:08,11834.0,11834.5,11834.0,11834.5,2.0
2022-09-16 05:09,11838.0,11838.0,11838.0,11838.0,1.0
2022-09-16 05:10,11838.25,11838.25,11837.0,11837.0,3.0
2022-09-16 05:12,11834.5,11834.5,11834.5,11834.5,1.0
2022-09-16 05:13,11834.5,11835.25,11833.75,11833.75,7.0
2022-09-16 05:14,11833.75,11833.75,11833.75,11833.75,1.0
2022-09-16 05:16,11833.0,11833.0,11833.0,11833.0,1.0
2022-09-16 05:17,11835.25,11835.25,11833.0,11833.0,2.0
2022-09-16 05:22,11829.0,11830.0,11828.5,11830.0,4.0
2022-09-16 05:25,11831.25,11831.75,11831.25,11831.75,3.0
2022-09-16 05:26,11831.0,11831.0,11831.0,11831.0,1.0
2022-09-16 05:29,11837.25,11838.5,11837.25,11838.5,3.0
2022-09-16 05:30,11839.0,11839.0,11838.0,11838.0,2.0
2022-09-16 05:31,11836.25,11836.25,11836.25,11836.25,2.0
2022-09-16 05:35,11828.25,11830.0,11828.0,11829.0,10.0
2022-09-16 05:36,11827.0,11829.0,11827.0,11829.0,2.0
2022-09-16 05:37,11829.0,11829.0,11827.75,11827.75,2.0
2022-09-16 05:38,11828.0,11828.0,11827.75,11827.75,5.0
2022-09-16 05:39,11827.75,11827.75,11827.75,11827.75,2.0
2022-09-16 05:40,11827.0,11827.0,11827.0,11827.0,2.0
2022-09-16 05:41,11827.0,11827.0,11827.0,11827.0,3.0
2022-09-16 05:42,11825.0,11825.0,11825.0,11825.0,2.0
2022-09-16 05:43,11828.0,11828.0,11828.0,11828.0,1.0
2022-09-16 05:45,11825.25,11825.25,11825.25,11825.25,1.0
2022-09-16 05:46,11823.5,11823.5,11823.5,11823.5,1.0
2022-09-16 05:48,11823.25,11823.25,11823.25,11823.25,1.0
2022-09-16 05:49,11820.75,11820.75,11820.75,11820.75,2.0
2022-09-16 05:52,11828.75,11828.75,11827.75,11827.75,4.0
2022-09-16 05:53,11828.0,11828.0,11828.0,11828.0,1.0
2022-09-16 05:54,11825.25,11825.25,11825.25,11825.25,1.0
2022-09-16 05:57,11824.5,11824.5,11824.5,11824.5,1.0
2022-09-16 05:58,11821.75,11821.75,11821.5,11821.75,3.0
2022-09-16 05:59,11821.75,11821.75,11821.25,11821.25,5.0
2022-09-16 06:00,11820.0,11824.0,11819.75,11819.75,26.0
2022-09-16 06:01,11817.75,11818.0,11817.75,11818.0,2.0
2022-09-16 06:02,11815.0,11818.25,11815.0,11818.25,4.0
2022-09-16 06:03,11825.0,11827.0,11825.0,11827.0,5.0
2022-09-16 06:04,11830.75,11830.75,11830.75,11830.75,1.0
2022-09-16 06:05,11831.5,11831.75,11829.75,11829.75,5.0
2022-09-16 06:06,11832.25,11836.0,11832.0,11836.0,4.0
2022-09-16 06:07,11835.0,11835.0,11834.5,11834.5,5.0
2022-09-16 06:08,11835.25,11835.25,11835.25,11835.25,1.0
2022-09-16 06:09,11834.25,11834.25,11834.25,11834.25,1.0
2022-09-16 06:10,11832.0,11832.0,11831.0,11831.0,2.0
2022-09-16 06:11,11830.0,11830.5,11830.0,11830.5,2.0
2022-09-16 06:12,11819.5,11820.25,11817.75,11820.0,5.0
2022-09-16 06:13,11815.5,11815.5,11814.75,11815.0,5.0
2022-09-16 06:14,11816.5,11821.0,11816.5,11821.0,5.0
2022-09-16 06:15,11820.0,11820.25,11815.5,11815.5,4.0
2022-09-16 06:16,11816.75,11818.5,11816.75,11818.5,2.0
2022-09-16 06:19,11828.5,11830.75,11827.75,11830.75,8.0
2022-09-16 06:20,11832.0,11833.75,11832.0,11833.75,5.0
2022-09-16 06:21,11834.5,11834.5,11831.0,11833.75,8.0
2022-09-16 06:23,11830.25,11830.75,11830.25,11830.75,2.0
2022-09-16 06:27,11829.75,11829.75,11827.5,11827.5,3.0
2022-09-16 06:30,11815.5,11816.5,11815.5,11816.5,5.0
2022-09-16 06:31,11814.75,11814.75,11814.25,11814.25,2.0
2022-09-16 06:32,11818.75,11823.75,11817.5,11823.75,10.0
2022-09-16 06:33,11823.25,11823.25,11823.0,11823.0,2.0
2022-09-16 06:34,11814.25,11814.25,11814.0,11814.0,2.0
2022-09-16 06:35,11811.25,11811.25,11808.0,11809.75,12.0
2022-09-16 06:38,11816.5,11816.5,11816.0,11816.0,5.0
2022-09-16 06:39,11815.25,11815.25,11813.25,11813.25,2.0
2022-09-16 06:41,11811.25,11812.0,11810.25,11811.0,11.0
2022-09-16 06:42,11815.0,11816.25,11812.25,11816.25,3.0
2022-09-16 06:43,11815.5,11815.5,11815.5,11815.5,1.0
2022-09-16 06:44,11812.75,11812.75,11812.75,11812.75,1.0
2022-09-16 06:45,11817.25,11817.25,11816.5,11816.5,2.0
2022-09-16 06:46,11814.75,11817.0,11814.75,11817.0,2.0
2022-09-16 06:48,11815.75,11815.75,11815.75,11815.75,3.0
2022-09-16 06:49,11814.75,11818.5,11814.0,11814.0,9.0
2022-09-16 06:50,11814.0,11814.0,11813.5,11813.5,2.0
2022-09-16 06:51,11814.75,11814.75,11812.0,11812.0,2.0
2022-09-16 06:52,11814.25,11815.75,11813.75,11815.75,5.0
2022-09-16 06:54,11810.5,11810.5,11808.0,11809.75,6.0
2022-09-16 06:55,11807.5,11807.5,11807.5,11807.5,1.0
2022-09-16 06:56,11805.25,11806.0,11804.5,11805.25,4.0
2022-09-16 06:57,11806.0,11806.0,11806.0,11806.0,1.0
2022-09-16 06:59,11815.0,11815.0,11812.0,11813.0,3.0
2022-09-16 07:00,11814.5,11820.75,11813.25,11820.75,25.0
2022-09-16 07:01,11823.5,11825.25,11816.25,11823.0,23.0
2022-09-16 07:02,11824.25,11824.25,11818.75,11818.75,15.0
2022-09-16 07:03,11820.25,11820.25,11816.5,11818.0,16.0
2022-09-16 07:04,11820.25,11823.25,11820.25,11820.75,8.0
2022-09-16 07:05,11820.25,11820.25,11819.75,11819.75,10.0
2022-09-16 07:06,11818.75,11819.25,11818.25,11818.25,6.0
2022-09-16 07:07,11817.5,11822.0,11817.5,11822.0,4.0
2022-09-16 07:08,11818.25,11820.25,11817.25,11819.75,7.0
2022-09-16 07:09,11821.5,11825.0,11820.5,11821.25,10.0
2022-09-16 07:10,11822.75,11822.75,11818.25,11821.25,4.0
2022-09-16 07:11,11824.5,11829.5,11824.0,11827.75,12.0
2022-09-16 07:12,11818.75,11821.75,11818.75,11821.75,5.0
2022-09-16 07:13,11823.75,11823.75,11821.0,11822.25,6.0
2022-09-16 07:14,11820.75,11823.75,11820.75,11823.75,13.0
2022-09-16 07:15,11820.5,11829.75,11820.25,11826.75,13.0
2022-09-16 07:16,11825.75,11826.5,11825.5,11825.5,5.0
2022-09-16 07:17,11822.25,11822.25,11818.75,11818.75,13.0
2022-09-16 07:18,11820.0,11823.0,11819.25,11819.75,21.0
2022-09-16 07:19,11817.25,11817.25,11814.5,11817.25,10.0
2022-09-16 07:20,11815.75,11816.5,11811.25,11815.5,16.0
2022-09-16 07:21,11814.75,11817.5,11813.25,11813.25,22.0
2022-09-16 07:22,11810.5,11817.25,11810.5,11817.25,11.0
2022-09-16 07:23,11817.75,11819.5,11817.75,11819.0,6.0
2022-09-16 07:24,11819.25,11819.75,11814.75,11817.25,20.0
2022-09-16 07:25,11815.5,11817.5,11814.0,11817.5,10.0
2022-09-16 07:26,11816.75,11820.0,11814.0,11820.0,19.0
2022-09-16 07:27,11818.0,11820.75,11816.75,11820.75,8.0
2022-09-16 07:28,11823.0,11827.25,11819.25,11820.75,88.0
2022-09-16 07:29,11821.75,11824.25,11817.5,11820.5,84.0
2022-09-16 07:30,11820.5,11821.5,11815.5,11815.5,13.0
2022-09-16 07:31,11814.25,11816.0,11812.75,11816.0,7.0
2022-09-16 07:32,11814.0,11817.75,11814.0,11817.75,5.0
2022-09-16 07:33,11820.0,11820.0,11820.0,11820.0,1.0
2022-09-16 07:34,11817.0,11817.0,11814.0,11814.0,4.0
2022-09-16 07:35,11818.0,11818.0,11816.0,11816.0,2.0
2022-09-16 07:36,11812.25,11813.0,11809.0,11809.0,7.0
2022-09-16 07:37,11811.0,11811.25,11811.0,11811.25,2.0
2022-09-16 07:38,11810.0,11814.75,11809.25,11810.75,45.0
2022-09-16 07:39,11810.25,11815.0,11806.75,11812.25,48.0
2022-09-16 07:40,11814.5,11814.5,11810.25,11812.5,4.0
2022-09-16 07:42,11813.75,11820.0,11810.25,11810.25,16.0
2022-09-16 07:43,11811.0,11813.0,11811.0,11813.0,4.0
2022-09-16 07:44,11814.5,11814.5,11814.5,11814.5,1.0
2022-09-16 07:45,11811.5,11811.5,11809.0,11809.0,3.0
2022-09-16 07:46,11811.5,11811.5,11811.5,11811.5,1.0
2022-09-16 07:47,11807.75,11818.75,11807.75,11816.25,65.0
2022-09-16 07:48,11811.0,11811.0,11810.25,11810.25,2.0
2022-09-16 07:49,11808.75,11808.75,11808.75,11808.75,1.0
2022-09-16 07:50,11809.0,11817.0,11808.75,11811.0,83.0
2022-09-16 07:51,11810.5,11812.5,11809.5,11812.5,4.0
2022-09-16 07:52,11813.25,11822.0,11811.75,11814.25,86.0
2022-09-16 07:53,11815.0,11822.25,11812.0,11813.25,108.0
2022-09-16 07:54,11817.0,11822.5,11817.0,11822.5,12.0
2022-09-16 07:56,11820.5,11824.5,11820.5,11824.5,3.0
2022-09-16 07:57,11824.75,11827.25,11822.5,11825.5,22.0
2022-09-16 07:58,11825.0,11826.25,11825.0,11825.0,7.0
2022-09-16 07:59,11827.75,11832.5,11826.75,11826.75,36.0
2022-09-16 08:00,11824.25,11825.0,11822.25,11825.0,25.0
2022-09-16 08:01,11824.0,11824.0,11819.5,11820.5,5.0
2022-09-16 08:02,11821.5,11823.0,11821.5,11823.0,4.0
2022-09-16 08:03,11821.5,11824.75,11821.5,11824.5,4.0
2022-09-16 08:04,11822.0,11822.0,11819.75,11820.75,3.0
2022-09-16 08:05,11821.75,11822.0,11819.5,11822.0,3.0
2022-09-16 08:06,11823.25,11829.25,11823.25,11823.5,13.0
2022-09-16 08:07,11823.25,11824.0,11820.0,11821.25,16.0
2022-09-16 08:08,11821.25,11822.0,11820.5,11821.75,5.0
2022-09-16 08:09,11820.75,11822.0,11819.75,11822.0,4.0
2022-09-16 08:10,11819.0,11821.75,11816.75,11817.75,12.0
2022-09-16 08:11,11815.0,11815.0,11811.0,11811.5,6.0
2022-09-16 08:12,11810.0,11813.0,11809.25,11812.5,11.0
2022-09-16 08:13,11814.25,11814.25,11810.25,11812.0,30.0
2022-09-16 08:14,11811.0,11811.0,11809.5,11809.75,9.0
2022-09-16 08:15,11809.5,11809.5,11809.5,11809.5,2.0
2022-09-16 08:16,11810.25,11810.25,11810.25,11810.25,1.0
2022-09-16 08:17,11805.0,11807.25,11803.5,11807.25,6.0
2022-09-16 08:18,11805.75,11806.0,11804.0,11804.25,9.0
2022-09-16 08:19,11807.0,11807.0,11807.0,11807.0,1.0
2022-09-16 08:20,11808.0,11808.75,11805.5,11805.5,9.0
2022-09-16 08:21,11806.0,11807.5,11806.0,11807.5,3.0
2022-09-16 08:22,11810.25,11810.25,11806.0,11806.0,8.0
2022-09-16 08:23,11806.0,11806.0,11803.5,11804.5,13.0
2022-09-16 08:24,11804.5,11806.0,11804.5,11806.0,2.0
2022-09-16 08:25,11806.5,11806.5,11803.5,11804.5,8.0
2022-09-16 08:26,11803.5,11803.5,11800.0,11801.0,49.0
2022-09-16 08:27,11800.0,11800.0,11795.5,11797.25,23.0
2022-09-16 08:28,11795.0,11795.0,11792.25,11792.25,13.0
2022-09-16 08:29,11793.25,11795.75,11793.25,11794.25,10.0
2022-09-16 08:30,11796.75,11797.5,11796.75,11797.5,4.0
2022-09-16 08:31,11798.0,11798.0,11792.0,11792.0,26.0
2022-09-16 08:32,11791.5,11792.25,11790.0,11790.0,11.0
2022-09-16 08:33,11791.75,11793.0,11790.25,11791.25,12.0
2022-09-16 08:34,11791.0,11791.0,11790.0,11791.0,14.0
2022-09-16 08:35,11790.0,11791.75,11789.5,11790.5,14.0
2022-09-16 08:36,11790.75,11794.25,11790.75,11790.75,11.0
2022-09-16 08:37,11792.0,11792.25,11790.5,11791.25,8.0
2022-09-16 08:38,11790.25,11791.0,11790.0,11791.0,4.0
2022-09-16 08:39,11790.0,11790.0,11788.5,11788.75,14.0
2022-09-16 08:40,11788.75,11790.5,11785.0,11790.5,7.0
2022-09-16 08:41,11791.5,11792.5,11791.5,11792.0,3.0
2022-09-16 08:42,11787.5,11787.5,11787.25,11787.5,5.0
2022-09-16 08:43,11789.75,11790.5,11789.25,11789.5,10.0
2022-09-16 08:44,11789.25,11789.25,11788.5,11788.5,2.0
2022-09-16 08:45,11789.0,11790.75,11787.25,11787.25,7.0
2022-09-16 08:46,11787.0,11787.0,11787.0,11787.0,12.0
2022-09-16 08:47,11785.0,11786.5,11785.0,11786.5,16.0
2022-09-16 08:48,11785.25,11786.5,11785.0,11786.0,15.0
2022-09-16 08:49,11785.25,11785.5,11785.0,11785.5,11.0
2022-09-16 08:50,11785.5,11785.5,11785.0,11785.0,13.0
2022-09-16 08:51,11785.75,11787.0,11785.0,11787.0,6.0
2022-09-16 08:52,11786.25,11787.75,11785.75,11787.75,24.0
2022-09-16 08:53,11787.0,11787.0,11782.5,11783.75,17.0
2022-09-16 08:54,11785.0,11787.75,11785.0,11787.75,3.0
2022-09-16 08:55,11787.5,11788.25,11786.75,11788.25,4.0
2022-09-16 08:56,11790.75,11793.25,11790.75,11792.25,6.0
2022-09-16 08:57,11791.75,11794.25,11791.75,11794.25,3.0
2022-09-16 08:58,11794.75,11795.25,11794.75,11795.25,4.0
2022-09-16 08:59,11794.5,11799.0,11794.5,11797.0,7.0
2022-09-16 09:00,11798.25,11801.5,11796.25,11801.25,7.0
2022-09-16 09:01,11800.25,11802.75,11800.25,11802.0,13.0
2022-09-16 09:02,11805.5,11811.0,11805.5,11809.75,92.0
2022-09-16 09:03,11809.25,11812.25,11809.25,11809.25,7.0
2022-09-16 09:04,11808.75,11811.25,11807.5,11807.5,9.0
2022-09-16 09:05,11806.25,11811.75,11806.25,11809.25,7.0
2022-09-16 09:06,11808.75,11809.75,11808.0,11808.5,5.0
2022-09-16 09:07,11809.0,11809.0,11806.75,11808.0,7.0
2022-09-16 09:08,11808.25,11808.25,11804.5,11804.75,4.0
2022-09-16 09:09,11804.0,11809.75,11801.5,11803.25,62.0
2022-09-16 09:10,11805.0,11805.25,11805.0,11805.25,3.0
2022-09-16 09:11,11807.0,11807.75,11803.5,11804.75,7.0
2022-09-16 09:12,11805.25,11805.25,11800.0,11801.25,4.0
2022-09-16 09:13,11801.25,11804.25,11801.25,11803.0,8.0
2022-09-16 09:14,11803.5,11805.0,11803.5,11803.5,3.0
2022-09-16 09:15,11804.25,11804.75,11804.25,11804.75,4.0
2022-09-16 09:16,11804.75,11804.75,11804.75,11804.75,2.0
2022-09-16 09:18,11802.75,11803.5,11801.0,11803.5,6.0
2022-09-16 09:19,11803.0,11803.0,11802.75,11802.75,2.0
2022-09-16 09:20,11801.5,11801.5,11798.0,11798.0,4.0
2022-09-16 09:21,11799.25,11805.0,11799.25,11802.5,5.0
2022-09-16 09:22,11803.5,11804.5,11803.5,11804.5,2.0
2022-09-16 09:23,11804.25,11805.25,11804.25,11805.25,3.0
2022-09-16 09:24,11805.0,11807.75,11805.0,11806.75,9.0
2022-09-16 09:25,11807.75,11807.75,11800.0,11801.25,13.0
2022-09-16 09:26,11802.25,11802.25,11799.75,11801.25,4.0
2022-09-16 09:27,11799.75,11800.0,11799.0,11800.0,3.0
2022-09-16 09:28,11799.0,11802.75,11798.5,11802.75,15.0
2022-09-16 09:29,11801.25,11801.25,11798.25,11798.25,7.0
2022-09-16 09:30,11799.0,11800.5,11799.0,11800.5,4.0
2022-09-16 09:31,11800.5,11800.5,11799.75,11800.0,5.0
2022-09-16 09:32,11798.75,11798.75,11795.5,11795.5,8.0
2022-09-16 09:33,11795.0,11796.75,11795.0,11796.75,3.0
2022-09-16 09:34,11795.5,11798.0,11795.25,11796.75,6.0
2022-09-16 09:35,11796.0,11796.0,11796.0,11796.0,1.0
2022-09-16 09:36,11799.0,11799.0,11799.0,11799.0,2.0
2022-09-16 09:37,11803.75,11803.75,11803.25,11803.75,4.0
2022-09-16 09:38,11802.25,11802.25,11799.0,11799.75,3.0
2022-09-16 09:39,11800.25,11801.75,11799.75,11801.75,4.0
2022-09-16 09:40,11801.75,11803.0,11801.75,11803.0,3.0
2022-09-16 09:41,11800.5,11800.5,11797.75,11800.0,6.0
2022-09-16 09:42,11801.25,11801.25,11798.75,11799.75,5.0
2022-09-16 09:43,11799.25,11802.0,11798.5,11799.0,11.0
2022-09-16 09:44,11802.75,11802.75,11802.75,11802.75,1.0
2022-09-16 09:45,11803.25,11803.5,11802.75,11802.75,13.0
2022-09-16 09:46,11794.75,11794.75,11794.75,11794.75,1.0
2022-09-16 09:47,11793.25,11793.25,11788.25,11788.75,17.0
2022-09-16 09:48,11788.5,11788.5,11787.75,11787.75,8.0
2022-09-16 09:49,11789.25,11789.25,11789.25,11789.25,1.0
2022-09-16 09:50,11790.5,11791.75,11786.75,11791.0,13.0
2022-09-16 09:51,11792.75,11793.25,11792.75,11793.25,4.0
2022-09-16 09:52,11799.25,11804.0,11799.25,11804.0,5.0
2022-09-16 09:53,11805.0,11806.0,11805.0,11806.0,8.0
2022-09-16 09:54,11805.25,11805.25,11803.0,11803.0,3.0
2022-09-16 09:56,11802.75,11806.75,11802.25,11806.75,13.0
2022-09-16 09:57,11806.5,11808.0,11806.5,11807.25,3.0
2022-09-16 09:58,11806.0,11806.0,11800.25,11800.25,6.0
2022-09-16 09:59,11795.75,11795.75,11795.75,11795.75,1.0
2022-09-16 10:00,11793.25,11801.25,11793.25,11801.25,3.0
2022-09-16 10:01,11798.25,11798.25,11798.25,11798.25,1.0
2022-09-16 10:02,11799.5,11800.25,11799.25,11800.25,3.0
2022-09-16 10:03,11793.25,11793.25,11788.75,11793.0,3.0
2022-09-16 10:04,11790.0,11790.0,11790.0,11790.0,1.0
2022-09-16 10:05,11789.0,11790.0,11788.75,11789.5,6.0
2022-09-16 10:06,11791.75,11793.0,11791.5,11791.5,3.0
2022-09-16 10:07,11793.5,11796.0,11793.5,11794.0,4.0
2022-09-16 10:10,11792.5,11792.5,11791.25,11792.25,4.0
2022-09-16 10:13,11789.75,11789.75,11789.75,11789.75,1.0
2022-09-16 10:14,11789.0,11789.0,11789.0,11789.0,1.0
2022-09-16 10:15,11789.0,11789.0,11788.25,11788.75,4.0
2022-09-16 10:17,11790.5,11790.5,11790.5,11790.5,1.0
2022-09-16 10:18,11786.75,11786.75,11786.75,11786.75,1.0
2022-09-16 10:19,11787.75,11791.75,11785.5,11791.0,9.0
2022-09-16 10:27,11806.0,11806.0,11803.25,11803.25,2.0
2022-09-16 10:28,11803.75,11804.5,11803.75,11804.5,2.0
2022-09-16 10:29,11800.5,11803.75,11800.5,11803.5,31.0
2022-09-16 10:30,11803.5,11804.25,11803.5,11804.25,2.0
2022-09-16 10:31,11804.5,11804.5,11804.5,11804.5,1.0
2022-09-16 10:32,11803.5,11805.25,11803.5,11805.25,7.0
2022-09-16 10:33,11807.0,11807.75,11805.5,11807.0,5.0
2022-09-16 10:35,11808.0,11810.0,11808.0,11810.0,19.0
2022-09-16 10:37,11812.0,11812.0,11811.75,11811.75,2.0
2022-09-16 10:38,11813.0,11813.5,11813.0,11813.25,6.0
2022-09-16 10:39,11812.5,11813.5,11812.5,11813.5,4.0
2022-09-16 10:40,11815.0,11818.5,11813.75,11818.5,3.0
2022-09-16 10:41,11819.5,11820.0,11819.5,11820.0,2.0
2022-09-16 10:42,11824.25,11824.25,11823.25,11823.25,2.0
2022-09-16 10:43,11820.25,11821.0,11820.25,11820.25,3.0
2022-09-16 10:44,11825.0,11826.25,11825.0,11826.25,2.0
2022-09-16 10:45,11827.0,11827.0,11825.5,11826.5,3.0
2022-09-16 10:46,11829.25,11829.25,11829.25,11829.25,2.0
2022-09-16 10:47,11821.75,11822.5,11821.75,11822.5,2.0
2022-09-16 10:48,11822.25,11822.25,11822.25,11822.25,3.0
2022-09-16 10:49,11818.5,11819.75,11818.5,11819.75,2.0
2022-09-16 10:50,11821.5,11821.5,11820.0,11820.0,3.0
2022-09-16 10:52,11824.0,11824.0,11824.0,11824.0,1.0
2022-09-16 10:53,11825.5,11827.0,11825.5,11826.75,4.0
2022-09-16 10:54,11826.0,11826.25,11826.0,11826.25,2.0
2022-09-16 10:56,11826.75,11827.5,11826.75,11827.25,4.0
2022-09-16 10:57,11829.5,11830.25,11828.0,11829.75,12.0
2022-09-16 10:58,11831.75,11844.5,11831.75,11844.5,25.0
2022-09-16 10:59,11842.75,11842.75,11838.75,11839.75,7.0
2022-09-16 11:00,11834.5,11834.5,11831.5,11832.0,4.0
2022-09-16 11:01,11831.25,11831.5,11830.25,11830.25,12.0
2022-09-16 11:02,11830.5,11830.5,11825.25,11825.25,11.0
2022-09-16 11:03,11825.0,11825.25,11824.0,11824.25,5.0
2022-09-16 11:04,11824.75,11825.5,11823.0,11823.75,15.0
2022-09-16 11:05,11825.25,11825.25,11825.25,11825.25,1.0
2022-09-16 11:06,11827.25,11827.25,11826.0,11826.0,2.0
2022-09-16 11:07,11823.5,11823.5,11823.5,11823.5,1.0
2022-09-16 11:08,11820.5,11820.5,11818.5,11818.75,3.0
2022-09-16 11:09,11818.5,11818.5,11818.5,11818.5,1.0
2022-09-16 11:10,11820.5,11820.5,11820.5,11820.5,1.0
2022-09-16 11:13,11820.0,11820.5,11820.0,11820.5,2.0
2022-09-16 11:14,11819.5,11819.5,11816.5,11816.5,3.0
2022-09-16 11:16,11811.25,11811.25,11810.5,11810.5,4.0
2022-09-16 11:17,11811.75,11813.25,11811.5,11813.25,4.0
2022-09-16 11:20,11816.0,11816.0,11816.0,11816.0,3.0
2022-09-16 11:24,11805.5,11808.0,11805.5,11808.0,4.0
2022-09-16 11:26,11816.5,11816.5,11816.5,11816.5,1.0
2022-09-16 11:30,11818.5,11818.5,11818.5,11818.5,1.0
2022-09-16 11:31,11815.75,11816.25,11815.75,11816.0,16.0
2022-09-16 11:32,11816.0,11816.25,11814.5,11816.0,28.0
2022-09-16 11:33,11809.5,11809.5,11809.25,11809.25,2.0
2022-09-16 11:34,11806.75,11807.75,11806.75,11807.75,2.0
2022-09-16 11:35,11807.5,11807.5,11807.0,11807.0,3.0
2022-09-16 11:36,11810.75,11810.75,11810.75,11810.75,1.0
2022-09-16 11:37,11813.75,11813.75,11812.5,11812.5,3.0
2022-09-16 11:38,11817.0,11817.0,11816.25,11816.25,25.0
2022-09-16 11:39,11816.25,11822.25,11816.25,11820.75,36.0
2022-09-16 11:40,11822.25,11823.25,11822.25,11823.25,3.0
2022-09-16 11:41,11827.75,11829.0,11827.75,11829.0,3.0
2022-09-16 11:42,11828.0,11829.25,11827.5,11829.25,20.0
2022-09-16 11:43,11829.0,11829.0,11829.0,11829.0,1.0
2022-09-16 11:44,11831.25,11834.5,11830.75,11834.5,5.0
2022-09-16 11:45,11834.5,11835.25,11831.25,11833.5,11.0
2022-09-16 11:46,11832.0,11832.0,11832.0,11832.0,1.0
2022-09-16 11:47,11828.25,11828.25,11821.0,11821.25,13.0
2022-09-16 11:48,11818.0,11819.5,11818.0,11818.0,13.0
2022-09-16 11:49,11815.0,11817.0,11814.75,11817.0,5.0
2022-09-16 11:50,11817.5,11823.0,11817.5,11823.0,6.0
2022-09-16 11:51,11823.75,11824.5,11823.75,11824.5,2.0
2022-09-16 11:52,11824.0,11825.5,11823.75,11825.5,8.0
2022-09-16 11:53,11828.25,11828.25,11828.25,11828.25,5.0
2022-09-16 11:54,11825.5,11825.5,11825.5,11825.5,1.0
2022-09-16 11:55,11827.0,11827.5,11823.75,11823.75,4.0
2022-09-16 11:56,11827.5,11830.75,11827.5,11830.5,15.0
2022-09-16 11:57,11830.5,11831.25,11829.25,11830.0,8.0
2022-09-16 11:58,11828.75,11830.75,11828.75,11829.25,4.0
2022-09-16 11:59,11824.0,11824.0,11823.25,11823.25,2.0
2022-09-16 12:00,11822.75,11822.75,11822.75,11822.75,1.0
2022-09-16 12:01,11820.5,11821.75,11819.25,11819.25,4.0
2022-09-16 12:02,11816.5,11816.5,11814.25,11814.25,2.0
2022-09-16 12:03,11811.0,11812.5,11811.0,11812.5,4.0
2022-09-16 12:04,11810.25,11810.5,11805.25,11806.0,8.0
2022-09-16 12:05,11805.0,11810.5,11804.5,11809.0,24.0
2022-09-16 12:06,11812.75,11814.0,11812.75,11814.0,3.0
2022-09-16 12:07,11814.0,11815.0,11813.75,11813.75,17.0
2022-09-16 12:08,11814.0,11814.0,11813.75,11813.75,2.0
2022-09-16 12:09,11811.75,11811.75,11810.0,11810.25,11.0
2022-09-16 12:10,11810.0,11810.75,11808.75,11808.75,7.0
2022-09-16 12:11,11807.5,11807.5,11804.5,11806.25,9.0
2022-09-16 12:12,11810.75,11811.0,11807.75,11807.75,3.0
2022-09-16 12:13,11803.5,11803.5,11803.5,11803.5,17.0
2022-09-16 12:14,11803.5,11803.5,11802.75,11803.0,4.0
2022-09-16 12:15,11808.75,11811.5,11807.5,11811.5,12.0
2022-09-16 12:17,11806.5,11806.5,11802.0,11802.0,4.0
2022-09-16 12:18,11803.5,11804.75,11801.75,11801.75,6.0
2022-09-16 12:19,11801.75,11804.0,11801.75,11803.5,4.0
2022-09-16 12:20,11803.75,11803.75,11799.75,11799.75,7.0
2022-09-16 12:21,11799.75,11799.75,11795.25,11796.75,9.0
2022-09-16 12:22,11799.75,11799.75,11796.25,11796.25,5.0
2022-09-16 12:23,11797.25,11801.25,11797.25,11801.25,10.0
2022-09-16 12:24,11797.5,11797.5,11795.0,11796.5,3.0
2022-09-16 12:26,11797.5,11797.5,11797.5,11797.5,1.0
2022-09-16 12:27,11800.0,11800.0,11798.5,11798.5,3.0
2022-09-16 12:28,11797.5,11797.75,11790.5,11790.75,10.0
2022-09-16 12:29,11793.25,11793.25,11793.0,11793.0,2.0
2022-09-16 12:30,11792.5,11792.5,11788.5,11788.5,8.0
2022-09-16 12:31,11788.25,11793.0,11788.25,11790.0,7.0
2022-09-16 12:32,11787.0,11789.0,11786.5,11788.5,8.0
2022-09-16 12:33,11790.25,11790.25,11788.0,11788.5,4.0
2022-09-16 12:34,11790.0,11790.0,11789.25,11789.25,3.0
2022-09-16 12:35,11793.0,11795.0,11791.0,11791.0,12.0
2022-09-16 12:36,11794.5,11795.25,11794.0,11794.0,4.0
2022-09-16 12:37,11794.25,11794.25,11794.25,11794.25,1.0
2022-09-16 12:38,11793.75,11793.75,11793.75,11793.75,1.0
2022-09-16 12:40,11793.5,11794.75,11793.5,11794.0,6.0
2022-09-16 12:41,11792.25,11794.75,11792.25,11794.75,4.0
2022-09-16 12:42,11797.0,11797.0,11795.5,11795.5,3.0
2022-09-16 12:43,11796.75,11805.25,11796.75,11805.25,19.0
2022-09-16 12:44,11802.75,11802.75,11801.5,11801.5,5.0
2022-09-16 12:45,11802.5,11802.5,11791.0,11791.0,4.0
2022-09-16 12:46,11789.5,11789.5,11787.75,11787.75,6.0
2022-09-16 12:47,11786.5,11788.25,11782.5,11782.5,7.0
2022-09-16 12:48,11785.0,11785.0,11783.25,11783.25,7.0
2022-09-16 12:49,11788.5,11789.25,11788.5,11789.25,3.0
2022-09-16 12:50,11789.5,11792.75,11789.5,11792.75,8.0
2022-09-16 12:51,11783.75,11783.75,11780.0,11780.75,5.0
2022-09-16 12:52,11777.75,11783.0,11777.0,11782.75,14.0
2022-09-16 12:53,11781.25,11783.5,11781.25,11783.5,7.0
2022-09-16 12:54,11785.25,11785.25,11778.25,11778.25,11.0
2022-09-16 12:55,11781.0,11783.25,11775.0,11775.0,7.0
2022-09-16 12:56,11778.0,11778.0,11772.5,11772.75,10.0
2022-09-16 12:57,11771.75,11773.25,11770.0,11772.25,17.0
2022-09-16 12:58,11772.25,11772.25,11766.75,11768.5,36.0
2022-09-16 12:59,11770.25,11770.5,11764.25,11767.25,13.0
2022-09-16 13:00,11767.25,11768.5,11763.75,11763.75,27.0
2022-09-16 13:01,11764.25,11771.25,11764.25,11766.75,15.0
2022-09-16 13:02,11770.5,11773.0,11769.5,11770.5,10.0
2022-09-16 13:03,11768.75,11773.5,11766.5,11768.5,18.0
2022-09-16 13:04,11768.5,11768.5,11763.75,11766.5,5.0
2022-09-16 13:05,11763.5,11766.5,11763.5,11766.5,2.0
2022-09-16 13:06,11761.5,11765.5,11761.25,11765.5,11.0
2022-09-16 13:07,11766.25,11781.5,11766.25,11775.0,26.0
2022-09-16 13:08,11769.75,11785.75,11769.25,11773.5,53.0
2022-09-16 13:09,11774.0,11775.5,11765.25,11766.5,26.0
2022-09-16 13:10,11766.75,11770.5,11765.5,11765.5,7.0
2022-09-16 13:11,11766.5,11774.25,11765.25,11774.25,9.0
2022-09-16 13:12,11775.5,11778.5,11774.25,11778.25,13.0
2022-09-16 13:13,11777.25,11779.0,11773.0,11778.0,13.0
2022-09-16 13:14,11778.0,11778.75,11773.75,11775.5,18.0
2022-09-16 13:15,11774.5,11777.75,11762.75,11765.5,20.0
2022-09-16 13:16,11770.0,11774.75,11769.25,11774.75,9.0
2022-09-16 13:17,11770.0,11776.5,11770.0,11772.75,11.0
2022-09-16 13:18,11773.0,11775.25,11771.5,11774.5,10.0
2022-09-16 13:19,11779.0,11780.25,11778.25,11780.25,11.0
2022-09-16 13:20,11777.0,11777.0,11773.25,11773.25,4.0
2022-09-16 13:21,11775.75,11777.75,11775.25,11775.5,8.0
2022-09-16 13:22,11771.5,11774.0,11771.5,11774.0,3.0
2022-09-16 13:23,11776.0,11776.0,11776.0,11776.0,1.0
2022-09-16 13:24,11771.5,11774.5,11769.0,11771.5,28.0
2022-09-16 13:25,11767.75,11770.5,11750.5,11755.0,17.0
2022-09-16 13:26,11755.5,11758.5,11754.5,11757.25,6.0
2022-09-16 13:27,11758.75,11783.25,11757.75,11778.25,24.0
2022-09-16 13:28,11778.25,11796.25,11757.75,11757.75,40.0
2022-09-16 13:29,11760.0,11826.5,11760.0,11813.75,100.0
