stamp,open,high,low,close,volume
2018-12-16 23:00,6580.0,6583.75,6575.0,6582.5,124.0
2018-12-16 23:01,6583.25,6587.25,6581.5,6583.5,43.0
2018-12-16 23:02,6582.5,6585.25,6582.25,6585.0,36.0
2018-12-16 23:03,6585.5,6595.25,6585.0,6595.25,35.0
2018-12-16 23:04,6591.5,6594.75,6590.25,6590.25,16.0
2018-12-16 23:05,6590.5,6595.0,6590.25,6593.75,31.0
2018-12-16 23:06,6593.75,6595.75,6592.75,6595.75,20.0
2018-12-16 23:07,6595.75,6596.25,6593.75,6595.75,25.0
2018-12-16 23:08,6596.0,6598.25,6596.0,6598.0,32.0
2018-12-16 23:09,6597.5,6599.0,6597.5,6598.0,18.0
2018-12-16 23:10,6598.75,6599.75,6598.0,6599.0,16.0
2018-12-16 23:11,6598.0,6599.5,6598.0,6598.5,4.0
2018-12-16 23:12,6599.0,6600.0,6598.0,6598.0,15.0
2018-12-16 23:13,6598.75,6600.0,6598.75,6598.75,12.0
2018-12-16 23:14,6599.5,6603.25,6599.5,6603.25,24.0
2018-12-16 23:15,6602.75,6603.5,6602.25,6602.5,14.0
2018-12-16 23:16,6602.25,6602.75,6602.25,6602.75,6.0
2018-12-16 23:17,6602.0,6603.75,6600.5,6601.5,52.0
2018-12-16 23:18,6603.25,6603.5,6602.0,6602.75,22.0
2018-12-16 23:19,6602.5,6602.5,6600.25,6600.5,26.0
2018-12-16 23:20,6600.75,6600.75,6598.75,6598.75,13.0
2018-12-16 23:21,6600.0,6600.0,6599.5,6599.5,2.0
2018-12-16 23:22,6599.0,6600.5,6598.25,6598.25,28.0
2018-12-16 23:23,6599.0,6599.0,6598.75,6598.75,6.0
2018-12-16 23:24,6597.75,6600.0,6597.75,6600.0,9.0
2018-12-16 23:25,6600.0,6600.0,6600.0,6600.0,8.0
2018-12-16 23:26,6599.5,6600.0,6597.25,6597.5,28.0
2018-12-16 23:27,6596.75,6596.75,6594.75,6594.75,8.0
2018-12-16 23:28,6595.25,6596.75,6594.75,6596.75,14.0
2018-12-16 23:29,6596.25,6596.25,6596.25,6596.25,1.0
2018-12-16 23:31,6596.25,6600.75,6596.25,6600.75,12.0
2018-12-16 23:32,6600.75,6600.75,6597.75,6597.75,15.0
2018-12-16 23:33,6598.0,6598.0,6598.0,6598.0,2.0
2018-12-16 23:34,6598.0,6598.0,6597.75,6598.0,5.0
2018-12-16 23:35,6598.5,6598.75,6598.0,6598.75,11.0
2018-12-16 23:36,6599.0,6599.0,6599.0,6599.0,4.0
2018-12-16 23:37,6599.0,6601.0,6599.0,6601.0,3.0
2018-12-16 23:38,6600.5,6600.5,6597.75,6597.75,8.0
2018-12-16 23:39,6598.25,6598.25,6598.25,6598.25,2.0
2018-12-16 23:40,6598.25,6598.75,6598.25,6598.75,3.0
2018-12-16 23:41,6599.0,6600.75,6598.75,6600.75,14.0
2018-12-16 23:42,6599.5,6599.75,6596.5,6599.75,9.0
2018-12-16 23:43,6602.0,6605.0,6601.0,6602.75,52.0
2018-12-16 23:44,6602.75,6603.0,6601.75,6602.5,5.0
2018-12-16 23:45,6603.0,6608.25,6602.75,6607.5,32.0
2018-12-16 23:46,6607.5,6608.0,6607.25,6607.25,12.0
2018-12-16 23:47,6606.75,6606.75,6604.0,6604.0,16.0
2018-12-16 23:48,6605.0,6605.0,6603.5,6603.5,5.0
2018-12-16 23:49,6604.25,6604.25,6603.75,6603.75,2.0
2018-12-16 23:50,6605.25,6608.75,6605.25,6608.75,17.0
2018-12-16 23:51,6608.75,6609.25,6607.5,6607.75,16.0
2018-12-16 23:52,6608.5,6611.75,6608.5,6611.75,22.0
2018-12-16 23:53,6610.75,6612.75,6610.75,6611.25,16.0
2018-12-16 23:54,6612.0,6612.5,6612.0,6612.0,11.0
2018-12-16 23:55,6612.0,6613.0,6612.0,6612.25,6.0
2018-12-16 23:56,6612.0,6612.0,6611.25,6611.75,16.0
2018-12-16 23:57,6612.0,6612.0,6612.0,6612.0,14.0
2018-12-16 23:58,6612.0,6612.0,6611.0,6611.5,27.0
2018-12-16 23:59,6611.0,6612.25,6611.0,6612.25,7.0
2018-12-17 00:00,6614.0,6614.0,6613.25,6613.75,21.0
2018-12-17 00:01,6615.0,6616.0,6614.25,6616.0,13.0
2018-12-17 00:02,6616.0,6616.75,6614.5,6614.5,28.0
2018-12-17 00:03,6613.75,6614.25,6613.5,6613.5,6.0
2018-12-17 00:04,6613.5,6614.75,6612.5,6612.5,14.0
2018-12-17 00:05,6613.25,6613.25,6611.75,6612.25,22.0
2018-12-17 00:06,6611.0,6612.25,6611.0,6611.0,32.0
2018-12-17 00:07,6611.0,6611.5,6611.0,6611.5,6.0
2018-12-17 00:08,6612.0,6612.0,6612.0,6612.0,2.0
2018-12-17 00:09,6611.0,6612.5,6611.0,6612.5,12.0
2018-12-17 00:10,6612.5,6612.5,6611.5,6612.0,16.0
2018-12-17 00:11,6610.75,6612.0,6610.75,6612.0,4.0
2018-12-17 00:12,6612.5,6615.75,6612.5,6615.0,25.0
2018-12-17 00:13,6614.25,6615.25,6614.25,6615.25,12.0
2018-12-17 00:14,6615.5,6616.0,6614.75,6615.75,6.0
2018-12-17 00:15,6615.25,6615.25,6613.75,6614.5,5.0
2018-12-17 00:16,6614.25,6614.25,6613.0,6613.0,3.0
2018-12-17 00:17,6612.75,6613.0,6611.75,6612.5,11.0
2018-12-17 00:18,6612.5,6612.5,6612.5,6612.5,2.0
2018-12-17 00:19,6612.75,6613.25,6612.75,6612.75,7.0
2018-12-17 00:20,6613.25,6613.25,6613.25,6613.25,4.0
2018-12-17 00:21,6613.75,6614.5,6613.75,6614.5,5.0
2018-12-17 00:22,6615.0,6617.25,6615.0,6615.5,16.0
2018-12-17 00:23,6615.5,6615.5,6614.0,6615.0,12.0
2018-12-17 00:24,6613.25,6613.25,6611.5,6612.75,7.0
2018-12-17 00:25,6612.75,6612.75,6609.75,6612.25,34.0
2018-12-17 00:26,6613.0,6615.5,6613.0,6615.5,5.0
2018-12-17 00:27,6617.0,6617.5,6616.5,6616.75,12.0
2018-12-17 00:28,6616.75,6618.0,6616.75,6618.0,12.0
2018-12-17 00:29,6617.75,6618.0,6617.5,6618.0,13.0
2018-12-17 00:30,6618.5,6620.25,6618.25,6620.25,38.0
2018-12-17 00:31,6619.0,6622.5,6619.0,6622.5,17.0
2018-12-17 00:32,6620.75,6621.75,6620.25,6620.5,14.0
2018-12-17 00:33,6620.25,6623.0,6620.25,6621.75,23.0
2018-12-17 00:34,6621.75,6621.75,6621.5,6621.5,7.0
2018-12-17 00:36,6619.75,6620.25,6619.0,6619.0,14.0
2018-12-17 00:37,6619.25,6619.75,6619.25,6619.75,12.0
2018-12-17 00:38,6619.75,6619.75,6618.25,6618.25,20.0
2018-12-17 00:39,6618.0,6618.5,6616.0,6616.0,10.0
2018-12-17 00:40,6616.75,6617.0,6614.75,6614.75,5.0
2018-12-17 00:41,6614.75,6615.75,6612.25,6615.0,89.0
2018-12-17 00:42,6616.0,6617.0,6616.0,6616.75,23.0
2018-12-17 00:43,6616.75,6617.0,6614.5,6614.75,68.0
2018-12-17 00:44,6615.0,6615.75,6614.75,6615.75,7.0
2018-12-17 00:45,6615.5,6617.0,6615.5,6617.0,24.0
2018-12-17 00:46,6617.0,6617.25,6616.5,6616.5,6.0
2018-12-17 00:47,6616.5,6616.5,6614.75,6616.0,25.0
2018-12-17 00:48,6615.75,6615.75,6614.75,6615.25,6.0
2018-12-17 00:49,6616.0,6616.0,6616.0,6616.0,2.0
2018-12-17 00:50,6614.75,6615.75,6614.75,6615.75,3.0
2018-12-17 00:51,6615.75,6616.0,6615.0,6616.0,19.0
2018-12-17 00:52,6616.0,6616.5,6616.0,6616.5,5.0
2018-12-17 00:53,6615.75,6616.25,6615.25,6616.0,6.0
2018-12-17 00:54,6615.75,6616.0,6614.5,6614.75,19.0
2018-12-17 00:55,6615.0,6615.0,6614.25,6615.0,11.0
2018-12-17 00:56,6615.0,6615.75,6615.0,6615.0,7.0
2018-12-17 00:57,6615.0,6615.0,6614.25,6614.25,8.0
2018-12-17 00:58,6615.25,6615.25,6615.25,6615.25,2.0
2018-12-17 00:59,6614.25,6614.25,6613.0,6613.25,15.0
2018-12-17 01:00,6612.75,6614.0,6612.75,6613.25,4.0
2018-12-17 01:01,6613.25,6614.5,6613.25,6614.25,18.0
2018-12-17 01:02,6614.25,6615.0,6614.25,6615.0,12.0
2018-12-17 01:03,6615.0,6615.0,6614.0,6614.0,10.0
2018-12-17 01:04,6614.75,6615.0,6614.75,6615.0,4.0
2018-12-17 01:05,6614.5,6614.5,6612.75,6614.25,17.0
2018-12-17 01:06,6614.25,6614.25,6613.25,6614.0,6.0
2018-12-17 01:07,6614.5,6615.0,6613.75,6615.0,10.0
2018-12-17 01:08,6616.25,6616.25,6615.75,6616.0,4.0
2018-12-17 01:09,6615.5,6615.5,6615.5,6615.5,1.0
2018-12-17 01:10,6616.5,6617.0,6615.5,6616.5,22.0
2018-12-17 01:11,6616.25,6616.5,6615.5,6616.0,7.0
2018-12-17 01:12,6616.5,6617.0,6616.25,6616.25,10.0
2018-12-17 01:13,6617.0,6617.0,6616.25,6616.5,7.0
2018-12-17 01:14,6616.5,6616.5,6616.25,6616.25,7.0
2018-12-17 01:15,6616.75,6617.75,6616.75,6617.75,24.0
2018-12-17 01:16,6618.5,6620.0,6618.5,6619.0,15.0
2018-12-17 01:17,6619.0,6620.0,6619.0,6620.0,7.0
2018-12-17 01:18,6619.5,6620.0,6618.5,6619.75,10.0
2018-12-17 01:19,6619.0,6619.0,6618.0,6618.5,7.0
2018-12-17 01:20,6619.0,6619.0,6617.5,6617.5,8.0
2018-12-17 01:21,6618.0,6618.5,6617.0,6617.0,7.0
2018-12-17 01:22,6617.0,6619.0,6617.0,6618.0,12.0
2018-12-17 01:23,6618.75,6618.75,6617.75,6618.75,7.0
2018-12-17 01:24,6618.0,6618.25,6618.0,6618.25,5.0
2018-12-17 01:25,6618.0,6618.75,6618.0,6618.75,4.0
2018-12-17 01:26,6618.0,6618.5,6618.0,6618.5,9.0
2018-12-17 01:27,6618.75,6619.75,6618.75,6619.75,11.0
2018-12-17 01:28,6620.0,6620.0,6619.0,6619.0,7.0
2018-12-17 01:29,6619.5,6620.0,6619.0,6619.0,9.0
2018-12-17 01:30,6619.0,6619.5,6619.0,6619.0,6.0
2018-12-17 01:31,6619.0,6619.0,6617.5,6618.5,25.0
2018-12-17 01:32,6618.75,6619.5,6618.0,6618.0,18.0
2018-12-17 01:33,6618.25,6618.75,6616.5,6617.0,39.0
2018-12-17 01:34,6617.0,6618.5,6617.0,6617.75,16.0
2018-12-17 01:35,6618.5,6619.25,6617.5,6617.5,60.0
2018-12-17 01:36,6616.75,6617.75,6616.0,6616.5,43.0
2018-12-17 01:37,6616.75,6618.25,6616.75,6617.75,23.0
2018-12-17 01:38,6618.25,6619.5,6618.25,6619.5,15.0
2018-12-17 01:39,6619.0,6619.75,6617.0,6619.0,49.0
2018-12-17 01:40,6620.0,6621.25,6619.25,6620.75,25.0
2018-12-17 01:41,6621.75,6622.5,6620.0,6621.75,58.0
2018-12-17 01:42,6622.0,6623.5,6621.25,6622.25,34.0
2018-12-17 01:43,6623.25,6623.25,6622.25,6622.25,17.0
2018-12-17 01:44,6622.5,6627.25,6622.5,6627.25,115.0
2018-12-17 01:45,6627.0,6630.75,6626.75,6630.5,131.0
2018-12-17 01:46,6630.5,6633.75,6629.5,6630.75,142.0
2018-12-17 01:47,6630.75,6630.75,6629.25,6629.5,37.0
2018-12-17 01:48,6629.0,6629.5,6628.25,6628.25,42.0
2018-12-17 01:49,6628.75,6629.75,6628.0,6628.0,22.0
2018-12-17 01:50,6627.5,6628.5,6626.75,6628.0,40.0
2018-12-17 01:51,6627.5,6628.5,6626.75,6627.25,26.0
2018-12-17 01:52,6627.75,6628.0,6627.5,6627.5,27.0
2018-12-17 01:53,6627.25,6627.75,6626.75,6626.75,24.0
2018-12-17 01:54,6626.75,6627.25,6625.75,6626.0,84.0
2018-12-17 01:55,6626.25,6627.0,6626.0,6626.75,21.0
2018-12-17 01:56,6627.0,6627.5,6626.5,6626.5,35.0
2018-12-17 01:57,6627.0,6627.0,6625.0,6625.0,30.0
2018-12-17 01:58,6624.75,6625.25,6623.5,6625.0,62.0
2018-12-17 01:59,6624.75,6625.75,6624.5,6624.75,30.0
2018-12-17 02:00,6624.0,6624.0,6621.5,6622.5,63.0
2018-12-17 02:01,6621.75,6623.25,6621.5,6622.0,27.0
2018-12-17 02:02,6621.75,6622.0,6621.5,6621.75,28.0
2018-12-17 02:03,6622.0,6622.0,6620.5,6621.0,31.0
2018-12-17 02:04,6620.25,6620.25,6619.0,6619.75,34.0
2018-12-17 02:05,6619.25,6621.25,6618.75,6621.25,36.0
2018-12-17 02:06,6620.75,6622.0,6620.5,6621.25,36.0
2018-12-17 02:07,6620.5,6622.0,6620.5,6621.75,19.0
2018-12-17 02:08,6621.75,6622.75,6620.75,6622.25,20.0
2018-12-17 02:09,6622.75,6623.0,6622.0,6622.0,25.0
2018-12-17 02:10,6621.75,6622.25,6619.25,6620.25,29.0
2018-12-17 02:11,6620.25,6624.75,6620.25,6624.5,26.0
2018-12-17 02:12,6623.25,6624.75,6622.5,6623.5,68.0
2018-12-17 02:13,6623.25,6625.5,6623.25,6624.5,100.0
2018-12-17 02:14,6623.75,6624.0,6623.0,6623.5,11.0
2018-12-17 02:15,6623.25,6629.0,6621.5,6629.0,178.0
2018-12-17 02:16,6628.75,6628.75,6626.5,6627.0,32.0
2018-12-17 02:17,6627.25,6627.5,6625.25,6625.5,67.0
2018-12-17 02:18,6626.0,6626.25,6624.5,6625.0,26.0
2018-12-17 02:19,6624.75,6625.0,6623.25,6623.75,18.0
2018-12-17 02:20,6623.75,6627.0,6622.5,6625.75,137.0
2018-12-17 02:21,6625.5,6627.5,6625.5,6627.0,17.0
2018-12-17 02:22,6627.25,6627.5,6626.5,6627.0,18.0
2018-12-17 02:23,6628.0,6628.5,6626.0,6627.5,73.0
2018-12-17 02:24,6627.5,6629.5,6627.5,6629.25,90.0
2018-12-17 02:25,6627.75,6629.5,6627.5,6628.5,39.0
2018-12-17 02:26,6629.0,6629.25,6627.25,6628.25,10.0
2018-12-17 02:27,6628.25,6629.0,6628.25,6628.25,6.0
2018-12-17 02:28,6628.5,6629.0,6627.75,6628.0,9.0
2018-12-17 02:29,6628.0,6628.5,6625.75,6625.75,34.0
2018-12-17 02:30,6625.75,6626.5,6625.25,6625.75,10.0
2018-12-17 02:31,6625.75,6628.25,6624.5,6627.25,131.0
2018-12-17 02:32,6627.5,6628.0,6625.5,6628.0,33.0
2018-12-17 02:33,6627.25,6628.75,6627.25,6627.5,6.0
2018-12-17 02:34,6628.25,6629.5,6626.5,6628.0,157.0
2018-12-17 02:35,6627.75,6630.0,6627.75,6630.0,70.0
2018-12-17 02:36,6630.0,6633.25,6629.75,6632.5,91.0
2018-12-17 02:37,6633.0,6633.5,6632.75,6633.5,19.0
2018-12-17 02:38,6633.75,6633.75,6632.75,6632.75,44.0
2018-12-17 02:39,6633.5,6634.0,6632.5,6632.5,41.0
2018-12-17 02:40,6632.25,6632.25,6630.5,6631.0,36.0
2018-12-17 02:41,6630.0,6631.25,6629.75,6631.0,16.0
2018-12-17 02:42,6631.0,6631.0,6628.5,6628.5,14.0
2018-12-17 02:43,6629.0,6629.5,6628.25,6628.75,28.0
2018-12-17 02:44,6628.75,6629.25,6628.25,6628.5,18.0
2018-12-17 02:45,6628.75,6629.5,6628.75,6629.0,27.0
2018-12-17 02:46,6628.75,6629.25,6628.25,6628.25,20.0
2018-12-17 02:47,6629.0,6631.0,6629.0,6630.25,24.0
2018-12-17 02:48,6631.25,6631.75,6630.5,6630.5,25.0
2018-12-17 02:49,6631.0,6633.0,6631.0,6633.0,29.0
2018-12-17 02:50,6632.75,6634.5,6632.25,6633.25,39.0
2018-12-17 02:51,6633.75,6635.25,6632.75,6633.25,86.0
2018-12-17 02:52,6633.25,6634.25,6631.75,6631.75,21.0
2018-12-17 02:53,6632.0,6632.0,6629.5,6630.5,42.0
2018-12-17 02:54,6631.0,6633.75,6631.0,6633.0,16.0
2018-12-17 02:55,6633.0,6634.0,6632.0,6632.0,17.0
2018-12-17 02:56,6631.5,6632.5,6631.5,6632.5,11.0
2018-12-17 02:57,6632.5,6633.5,6632.0,6632.0,14.0
2018-12-17 02:58,6631.75,6632.5,6631.5,6632.0,12.0
2018-12-17 02:59,6633.0,6633.75,6633.0,6633.75,9.0
2018-12-17 03:00,6634.0,6634.75,6633.25,6633.25,14.0
2018-12-17 03:01,6632.75,6632.75,6631.75,6631.75,8.0
2018-12-17 03:02,6631.75,6632.25,6631.75,6632.25,6.0
2018-12-17 03:03,6632.25,6632.25,6631.5,6631.5,8.0
2018-12-17 03:04,6632.0,6632.0,6630.75,6630.75,15.0
2018-12-17 03:05,6630.5,6631.25,6629.75,6630.5,33.0
2018-12-17 03:06,6629.75,6630.5,6628.75,6630.5,19.0
2018-12-17 03:07,6629.75,6629.75,6629.75,6629.75,1.0
2018-12-17 03:08,6629.75,6629.75,6629.75,6629.75,1.0
2018-12-17 03:09,6630.0,6630.0,6630.0,6630.0,4.0
2018-12-17 03:10,6630.0,6630.25,6630.0,6630.25,2.0
2018-12-17 03:11,6630.25,6631.0,6630.25,6630.75,4.0
2018-12-17 03:12,6630.5,6631.0,6630.25,6630.25,13.0
2018-12-17 03:13,6630.0,6630.0,6629.75,6629.75,5.0
2018-12-17 03:14,6629.5,6630.5,6629.5,6630.5,15.0
2018-12-17 03:15,6631.0,6632.0,6630.75,6631.5,27.0
2018-12-17 03:16,6631.5,6631.5,6631.0,6631.0,11.0
2018-12-17 03:17,6630.75,6631.5,6630.75,6631.5,2.0
2018-12-17 03:19,6631.5,6631.75,6629.5,6629.5,15.0
2018-12-17 03:20,6629.5,6630.0,6629.5,6629.75,5.0
2018-12-17 03:21,6629.75,6629.75,6629.5,6629.5,4.0
2018-12-17 03:22,6629.5,6629.5,6628.0,6628.0,26.0
2018-12-17 03:23,6628.0,6630.75,6627.75,6630.5,58.0
2018-12-17 03:24,6630.25,6631.0,6630.0,6631.0,10.0
2018-12-17 03:25,6631.0,6632.5,6631.0,6632.0,32.0
2018-12-17 03:26,6632.0,6632.25,6629.5,6629.5,19.0
2018-12-17 03:27,6629.75,6630.0,6625.0,6625.25,109.0
2018-12-17 03:28,6626.0,6627.5,6626.0,6627.5,8.0
2018-12-17 03:29,6627.25,6627.25,6626.5,6626.5,11.0
2018-12-17 03:30,6625.75,6626.75,6625.5,6626.5,29.0
2018-12-17 03:31,6627.0,6627.0,6625.75,6626.75,10.0
2018-12-17 03:32,6626.5,6626.75,6626.5,6626.75,4.0
2018-12-17 03:33,6627.0,6627.0,6626.0,6626.0,7.0
2018-12-17 03:34,6626.25,6626.5,6624.75,6625.5,33.0
2018-12-17 03:35,6626.0,6627.0,6625.75,6626.25,27.0
2018-12-17 03:36,6627.0,6627.0,6626.5,6627.0,12.0
2018-12-17 03:37,6627.25,6627.25,6626.75,6626.75,12.0
2018-12-17 03:38,6627.25,6627.25,6626.75,6626.75,2.0
2018-12-17 03:39,6627.0,6627.0,6626.5,6627.0,5.0
2018-12-17 03:40,6627.25,6627.5,6627.0,6627.25,10.0
2018-12-17 03:41,6626.5,6626.5,6626.5,6626.5,3.0
2018-12-17 03:42,6626.75,6627.0,6626.25,6627.0,6.0
2018-12-17 03:43,6626.5,6626.5,6626.0,6626.0,4.0
2018-12-17 03:44,6625.5,6625.5,6624.75,6624.75,5.0
2018-12-17 03:45,6624.25,6624.25,6622.5,6623.75,36.0
2018-12-17 03:46,6623.75,6624.0,6622.75,6622.75,18.0
2018-12-17 03:47,6623.25,6623.5,6623.0,6623.5,8.0
2018-12-17 03:48,6623.0,6623.25,6623.0,6623.25,6.0
2018-12-17 03:49,6623.5,6624.5,6623.5,6624.25,10.0
2018-12-17 03:50,6624.5,6625.5,6624.5,6624.75,10.0
2018-12-17 03:51,6625.0,6626.25,6624.25,6624.5,22.0
2018-12-17 03:52,6624.75,6625.0,6624.0,6624.75,10.0
2018-12-17 03:53,6624.75,6625.5,6624.75,6625.5,7.0
2018-12-17 03:54,6626.0,6626.25,6626.0,6626.25,3.0
2018-12-17 03:55,6626.75,6626.75,6626.0,6626.0,4.0
2018-12-17 03:56,6625.0,6625.0,6623.25,6624.25,14.0
2018-12-17 03:57,6624.0,6624.25,6622.25,6622.5,60.0
2018-12-17 03:58,6622.75,6623.25,6622.75,6623.0,19.0
2018-12-17 03:59,6623.25,6624.25,6623.0,6624.0,16.0
2018-12-17 04:00,6624.25,6624.75,6624.0,6624.0,11.0
2018-12-17 04:01,6623.5,6623.75,6622.5,6623.25,22.0
2018-12-17 04:02,6623.0,6623.0,6622.25,6622.25,14.0
2018-12-17 04:03,6622.0,6622.75,6622.0,6622.5,11.0
2018-12-17 04:04,6622.5,6623.0,6622.0,6622.5,32.0
2018-12-17 04:05,6622.0,6622.0,6621.5,6622.0,14.0
2018-12-17 04:06,6622.25,6624.25,6622.25,6624.25,5.0
2018-12-17 04:07,6624.0,6624.0,6622.75,6624.0,11.0
2018-12-17 04:08,6624.0,6625.5,6623.75,6624.75,33.0
2018-12-17 04:09,6625.0,6625.0,6625.0,6625.0,2.0
2018-12-17 04:10,6625.75,6626.0,6624.5,6625.0,15.0
2018-12-17 04:11,6625.5,6625.5,6625.0,6625.25,8.0
2018-12-17 04:12,6624.75,6626.25,6624.75,6626.25,8.0
2018-12-17 04:13,6626.0,6626.0,6625.25,6625.5,4.0
2018-12-17 04:14,6626.5,6626.5,6626.25,6626.5,5.0
2018-12-17 04:15,6626.5,6626.75,6626.25,6626.25,12.0
2018-12-17 04:16,6625.5,6625.75,6625.25,6625.75,4.0
2018-12-17 04:17,6626.25,6626.5,6625.75,6626.0,7.0
2018-12-17 04:18,6626.25,6626.25,6625.25,6625.25,9.0
2018-12-17 04:19,6625.5,6625.5,6625.0,6625.25,10.0
2018-12-17 04:20,6625.25,6625.25,6625.25,6625.25,4.0
2018-12-17 04:21,6625.75,6625.75,6625.75,6625.75,1.0
2018-12-17 04:22,6625.25,6625.25,6623.5,6624.25,19.0
2018-12-17 04:23,6624.25,6625.25,6624.25,6625.25,8.0
2018-12-17 04:24,6625.5,6625.5,6624.5,6625.25,6.0
2018-12-17 04:25,6625.0,6625.0,6624.5,6624.75,9.0
2018-12-17 04:26,6624.75,6625.25,6624.75,6625.25,3.0
2018-12-17 04:27,6624.75,6624.75,6624.0,6624.75,10.0
2018-12-17 04:28,6624.25,6624.75,6624.25,6624.75,3.0
2018-12-17 04:29,6624.5,6625.25,6624.5,6625.0,7.0
2018-12-17 04:30,6625.0,6625.5,6624.0,6624.0,10.0
2018-12-17 04:32,6625.0,6625.0,6624.75,6624.75,2.0
2018-12-17 04:33,6624.75,6625.25,6624.75,6625.25,6.0
2018-12-17 04:34,6625.5,6627.75,6625.25,6627.0,28.0
2018-12-17 04:35,6627.25,6628.0,6626.75,6627.25,29.0
2018-12-17 04:36,6627.75,6627.75,6627.0,6627.0,6.0
2018-12-17 04:37,6626.75,6627.75,6626.75,6627.75,9.0
2018-12-17 04:38,6627.75,6629.25,6627.75,6628.5,22.0
2018-12-17 04:39,6628.25,6628.25,6627.25,6627.25,16.0
2018-12-17 04:40,6627.25,6628.0,6627.0,6627.5,10.0
2018-12-17 04:41,6627.5,6627.75,6627.25,6627.5,15.0
2018-12-17 04:42,6627.75,6628.0,6627.75,6628.0,4.0
2018-12-17 04:43,6627.75,6628.25,6627.25,6627.25,16.0
2018-12-17 04:44,6627.5,6627.75,6627.5,6627.5,5.0
2018-12-17 04:45,6628.0,6628.0,6628.0,6628.0,5.0
2018-12-17 04:46,6628.5,6629.0,6628.5,6629.0,12.0
2018-12-17 04:47,6628.75,6628.75,6627.25,6627.5,18.0
2018-12-17 04:48,6627.5,6627.5,6627.0,6627.0,12.0
2018-12-17 04:49,6627.0,6628.25,6626.75,6628.0,26.0
2018-12-17 04:50,6628.0,6628.0,6627.25,6627.75,12.0
2018-12-17 04:51,6627.75,6628.5,6627.75,6628.5,9.0
2018-12-17 04:52,6628.25,6629.5,6628.25,6629.25,11.0
2018-12-17 04:53,6628.75,6628.75,6628.25,6628.25,3.0
2018-12-17 04:54,6628.0,6628.0,6627.75,6627.75,6.0
2018-12-17 04:55,6627.75,6628.5,6627.75,6628.25,33.0
2018-12-17 04:56,6628.5,6629.25,6628.25,6629.25,5.0
2018-12-17 04:57,6629.5,6629.5,6629.25,6629.5,9.0
2018-12-17 04:58,6629.5,6630.75,6629.25,6630.75,32.0
2018-12-17 04:59,6630.5,6632.25,6630.25,6631.5,74.0
2018-12-17 05:00,6631.5,6632.25,6630.0,6630.0,22.0
2018-12-17 05:01,6630.5,6630.5,6629.25,6629.75,8.0
2018-12-17 05:02,6630.0,6630.0,6629.25,6629.75,9.0
2018-12-17 05:03,6629.25,6629.25,6627.5,6627.75,12.0
2018-12-17 05:04,6627.75,6627.75,6626.5,6626.5,7.0
2018-12-17 05:05,6626.75,6627.5,6626.5,6627.0,10.0
2018-12-17 05:06,6627.0,6627.5,6625.75,6625.75,14.0
2018-12-17 05:07,6626.0,6626.75,6626.0,6626.25,8.0
2018-12-17 05:08,6625.75,6626.0,6625.5,6626.0,12.0
2018-12-17 05:09,6626.0,6626.0,6626.0,6626.0,2.0
2018-12-17 05:10,6626.0,6626.0,6625.0,6625.75,30.0
2018-12-17 05:11,6626.0,6627.25,6626.0,6627.25,15.0
2018-12-17 05:12,6626.75,6628.0,6626.75,6628.0,8.0
2018-12-17 05:13,6628.25,6628.5,6628.0,6628.25,10.0
2018-12-17 05:14,6627.5,6628.0,6627.25,6627.25,7.0
2018-12-17 05:15,6627.25,6628.0,6627.25,6627.75,6.0
2018-12-17 05:16,6627.5,6627.5,6625.75,6625.75,10.0
2018-12-17 05:17,6626.25,6626.25,6625.75,6625.75,7.0
2018-12-17 05:18,6626.75,6627.0,6626.75,6626.75,5.0
2018-12-17 05:19,6626.75,6627.0,6626.75,6626.75,6.0
2018-12-17 05:20,6626.5,6626.5,6626.0,6626.25,9.0
2018-12-17 05:21,6626.5,6626.75,6625.5,6626.75,7.0
2018-12-17 05:22,6627.0,6628.25,6627.0,6628.25,13.0
2018-12-17 05:23,6628.5,6630.0,6628.5,6630.0,22.0
2018-12-17 05:24,6630.25,6632.25,6630.0,6631.0,43.0
2018-12-17 05:25,6631.5,6631.5,6627.75,6628.5,27.0
2018-12-17 05:26,6628.75,6628.75,6627.75,6628.0,12.0
2018-12-17 05:27,6627.75,6628.0,6626.75,6628.0,10.0
2018-12-17 05:28,6627.5,6629.25,6627.5,6629.0,6.0
2018-12-17 05:29,6629.0,6629.5,6629.0,6629.0,4.0
2018-12-17 05:30,6629.75,6630.25,6629.25,6630.0,8.0
2018-12-17 05:31,6629.5,6629.75,6629.25,6629.75,11.0
2018-12-17 05:32,6629.5,6631.25,6629.5,6631.25,12.0
2018-12-17 05:33,6631.25,6631.5,6630.75,6631.5,11.0
2018-12-17 05:34,6631.0,6631.75,6631.0,6631.25,15.0
2018-12-17 05:35,6631.25,6631.5,6630.75,6631.5,17.0
2018-12-17 05:36,6631.5,6632.0,6631.0,6631.0,14.0
2018-12-17 05:37,6631.25,6631.75,6631.0,6631.0,12.0
2018-12-17 05:38,6631.25,6632.25,6631.25,6632.25,12.0
2018-12-17 05:39,6632.25,6632.5,6631.25,6631.25,37.0
2018-12-17 05:40,6630.75,6631.0,6630.5,6631.0,3.0
2018-12-17 05:41,6630.5,6630.5,6630.0,6630.0,5.0
2018-12-17 05:42,6630.0,6630.0,6629.0,6629.0,8.0
2018-12-17 05:43,6628.75,6630.5,6628.75,6629.75,51.0
2018-12-17 05:44,6629.5,6629.75,6629.25,6629.75,8.0
2018-12-17 05:45,6629.75,6629.75,6627.25,6628.25,19.0
2018-12-17 05:46,6628.5,6629.5,6628.5,6629.5,8.0
2018-12-17 05:47,6629.0,6629.0,6628.75,6628.75,3.0
2018-12-17 05:48,6628.5,6628.5,6628.5,6628.5,2.0
2018-12-17 05:49,6628.75,6629.25,6628.75,6629.0,7.0
2018-12-17 05:50,6629.75,6631.5,6629.0,6629.25,63.0
2018-12-17 05:51,6628.75,6629.5,6628.0,6629.5,39.0
2018-12-17 05:52,6629.25,6629.25,6627.5,6627.5,9.0
2018-12-17 05:53,6628.25,6628.5,6627.0,6628.25,36.0
2018-12-17 05:54,6627.75,6628.25,6627.75,6628.25,4.0
2018-12-17 05:55,6628.25,6628.75,6628.25,6628.5,4.0
2018-12-17 05:56,6629.0,6629.0,6629.0,6629.0,2.0
2018-12-17 05:57,6629.0,6630.5,6629.0,6630.0,32.0
2018-12-17 05:58,6630.0,6630.0,6628.5,6629.25,6.0
2018-12-17 05:59,6628.75,6629.75,6628.75,6629.75,9.0
2018-12-17 06:00,6629.5,6629.5,6628.5,6628.5,12.0
2018-12-17 06:01,6628.5,6630.5,6628.5,6630.5,7.0
2018-12-17 06:02,6630.25,6631.0,6630.25,6630.75,15.0
2018-12-17 06:03,6630.5,6631.25,6630.25,6630.25,9.0
2018-12-17 06:04,6629.75,6631.25,6629.75,6631.0,10.0
2018-12-17 06:05,6631.5,6632.75,6631.5,6632.75,21.0
2018-12-17 06:06,6633.0,6633.0,6632.0,6632.0,16.0
2018-12-17 06:07,6632.25,6632.75,6632.0,6632.0,7.0
2018-12-17 06:08,6631.5,6632.5,6631.25,6632.5,6.0
2018-12-17 06:09,6631.25,6631.25,6631.25,6631.25,4.0
2018-12-17 06:10,6631.0,6631.0,6630.75,6630.75,8.0
2018-12-17 06:11,6631.0,6631.0,6629.75,6629.75,20.0
2018-12-17 06:12,6629.0,6629.5,6628.75,6629.5,12.0
2018-12-17 06:13,6629.25,6629.25,6627.25,6627.5,23.0
2018-12-17 06:14,6627.0,6628.25,6626.75,6628.25,24.0
2018-12-17 06:15,6627.0,6627.0,6626.5,6626.75,14.0
2018-12-17 06:16,6627.0,6627.0,6625.75,6626.5,36.0
2018-12-17 06:17,6627.0,6627.25,6626.75,6626.75,21.0
2018-12-17 06:18,6627.0,6627.5,6626.75,6627.25,34.0
2018-12-17 06:19,6626.25,6627.5,6625.75,6627.5,33.0
2018-12-17 06:20,6627.25,6627.25,6626.0,6626.0,12.0
2018-12-17 06:21,6626.0,6626.5,6626.0,6626.5,5.0
2018-12-17 06:22,6626.5,6627.75,6626.5,6627.75,18.0
2018-12-17 06:23,6626.0,6627.25,6626.0,6627.0,8.0
2018-12-17 06:24,6627.0,6628.0,6627.0,6627.75,6.0
2018-12-17 06:25,6627.75,6627.75,6627.0,6627.5,13.0
2018-12-17 06:26,6627.75,6628.0,6627.0,6628.0,26.0
2018-12-17 06:27,6628.5,6628.75,6627.5,6628.25,13.0
2018-12-17 06:28,6629.0,6631.25,6629.0,6631.25,32.0
2018-12-17 06:29,6631.25,6631.5,6630.25,6631.5,17.0
2018-12-17 06:30,6630.75,6631.0,6629.0,6629.0,51.0
2018-12-17 06:31,6628.5,6628.5,6628.25,6628.5,5.0
2018-12-17 06:32,6628.5,6628.75,6627.5,6627.5,27.0
2018-12-17 06:33,6627.25,6627.75,6627.0,6627.75,16.0
2018-12-17 06:34,6626.75,6628.0,6626.25,6627.5,25.0
2018-12-17 06:35,6627.25,6628.75,6627.25,6628.75,9.0
2018-12-17 06:36,6628.25,6628.75,6626.75,6626.75,27.0
2018-12-17 06:37,6627.0,6627.0,6626.25,6626.75,11.0
2018-12-17 06:38,6626.75,6626.75,6624.75,6625.5,42.0
2018-12-17 06:39,6625.25,6625.75,6624.75,6625.75,12.0
2018-12-17 06:40,6625.25,6625.75,6625.25,6625.5,13.0
2018-12-17 06:41,6626.0,6626.75,6626.0,6626.25,12.0
2018-12-17 06:42,6626.75,6628.25,6626.75,6628.25,9.0
2018-12-17 06:43,6628.5,6629.25,6627.75,6628.5,12.0
2018-12-17 06:44,6628.5,6628.75,6628.5,6628.75,4.0
2018-12-17 06:45,6629.0,6629.5,6628.0,6629.5,12.0
2018-12-17 06:46,6629.0,6629.25,6628.5,6629.0,9.0
2018-12-17 06:47,6628.75,6629.25,6628.75,6629.25,6.0
2018-12-17 06:48,6629.0,6629.0,6629.0,6629.0,3.0
2018-12-17 06:49,6629.25,6629.5,6628.5,6628.5,5.0
2018-12-17 06:50,6627.0,6627.25,6626.25,6627.25,15.0
2018-12-17 06:51,6627.25,6627.25,6626.75,6627.0,3.0
2018-12-17 06:52,6626.75,6626.75,6626.5,6626.75,13.0
2018-12-17 06:53,6627.0,6627.75,6627.0,6627.75,14.0
2018-12-17 06:54,6627.75,6627.75,6627.75,6627.75,5.0
2018-12-17 06:55,6627.5,6627.5,6627.25,6627.25,3.0
2018-12-17 06:56,6627.0,6627.5,6627.0,6627.5,4.0
2018-12-17 06:57,6627.25,6627.25,6627.25,6627.25,3.0
2018-12-17 06:58,6627.5,6627.5,6624.5,6624.75,17.0
2018-12-17 06:59,6625.0,6626.5,6625.0,6626.25,11.0
2018-12-17 07:00,6626.25,6628.25,6625.5,6628.25,17.0
2018-12-17 07:01,6629.0,6629.5,6628.5,6628.75,17.0
2018-12-17 07:02,6629.0,6630.75,6629.0,6629.75,29.0
2018-12-17 07:03,6630.25,6630.5,6629.25,6629.5,24.0
2018-12-17 07:04,6629.5,6630.0,6628.25,6628.25,19.0
2018-12-17 07:05,6628.0,6628.25,6627.5,6628.25,16.0
2018-12-17 07:06,6628.75,6629.0,6628.25,6629.0,7.0
2018-12-17 07:07,6628.5,6631.25,6628.5,6630.25,52.0
2018-12-17 07:08,6630.75,6631.75,6630.75,6631.25,26.0
2018-12-17 07:09,6631.5,6631.5,6629.0,6629.0,27.0
2018-12-17 07:10,6629.75,6629.75,6629.0,6629.75,14.0
2018-12-17 07:11,6629.75,6630.75,6629.75,6629.75,19.0
2018-12-17 07:12,6630.0,6630.0,6628.75,6629.0,12.0
2018-12-17 07:13,6629.25,6629.25,6628.25,6628.25,6.0
2018-12-17 07:14,6628.25,6629.5,6628.25,6628.25,12.0
2018-12-17 07:15,6627.75,6628.0,6627.5,6628.0,10.0
2018-12-17 07:16,6628.0,6628.75,6625.0,6625.25,59.0
2018-12-17 07:17,6625.25,6625.75,6623.25,6623.5,56.0
2018-12-17 07:18,6623.25,6623.75,6618.75,6619.75,103.0
2018-12-17 07:19,6620.0,6620.25,6618.0,6618.5,82.0
2018-12-17 07:20,6618.5,6619.25,6616.75,6617.25,59.0
2018-12-17 07:21,6617.75,6618.75,6617.25,6617.75,59.0
2018-12-17 07:22,6617.5,6619.0,6617.25,6618.25,21.0
2018-12-17 07:23,6618.0,6619.0,6617.75,6618.25,40.0
2018-12-17 07:24,6618.25,6618.75,6617.0,6617.0,17.0
2018-12-17 07:25,6617.0,6618.0,6616.75,6618.0,22.0
2018-12-17 07:26,6618.25,6618.25,6617.75,6618.0,16.0
2018-12-17 07:27,6618.25,6618.25,6615.75,6616.25,61.0
2018-12-17 07:28,6616.0,6617.5,6616.0,6617.25,28.0
2018-12-17 07:29,6617.75,6618.25,6617.75,6618.25,20.0
2018-12-17 07:30,6618.25,6620.0,6618.25,6619.75,50.0
2018-12-17 07:31,6619.5,6620.0,6619.0,6619.0,25.0
2018-12-17 07:32,6618.5,6618.5,6616.75,6617.0,17.0
2018-12-17 07:33,6617.5,6617.5,6614.25,6614.75,46.0
2018-12-17 07:34,6615.0,6616.5,6615.0,6616.25,16.0
2018-12-17 07:35,6616.25,6616.25,6614.25,6615.0,23.0
2018-12-17 07:36,6615.25,6616.5,6615.25,6616.5,10.0
2018-12-17 07:37,6617.0,6617.0,6616.0,6616.0,5.0
2018-12-17 07:38,6616.0,6617.0,6616.0,6616.25,4.0
2018-12-17 07:39,6616.0,6618.0,6616.0,6618.0,11.0
2018-12-17 07:40,6618.25,6620.0,6618.0,6620.0,26.0
2018-12-17 07:41,6619.25,6619.5,6612.25,6612.75,85.0
2018-12-17 07:42,6613.25,6614.0,6610.25,6613.5,111.0
2018-12-17 07:43,6613.0,6614.0,6612.5,6612.5,29.0
2018-12-17 07:44,6612.5,6612.75,6611.75,6611.75,7.0
2018-12-17 07:45,6611.75,6612.75,6611.5,6612.75,19.0
2018-12-17 07:46,6612.5,6612.75,6611.5,6611.75,30.0
2018-12-17 07:47,6612.0,6612.25,6610.0,6611.5,70.0
2018-12-17 07:48,6611.75,6612.25,6611.5,6612.25,25.0
2018-12-17 07:49,6612.5,6613.0,6612.0,6612.0,28.0
2018-12-17 07:50,6612.0,6612.5,6611.5,6612.0,14.0
2018-12-17 07:51,6612.25,6612.25,6611.75,6612.0,9.0
2018-12-17 07:52,6612.0,6612.25,6608.75,6609.0,53.0
2018-12-17 07:53,6609.0,6610.0,6608.0,6608.0,70.0
2018-12-17 07:54,6608.0,6608.75,6606.75,6608.75,41.0
2018-12-17 07:55,6608.5,6609.0,6608.5,6609.0,13.0
2018-12-17 07:56,6609.0,6609.5,6608.75,6609.25,10.0
2018-12-17 07:57,6609.25,6609.5,6608.5,6608.5,8.0
2018-12-17 07:58,6608.0,6608.0,6607.5,6607.75,21.0
2018-12-17 07:59,6607.5,6608.75,6607.0,6607.25,55.0
2018-12-17 08:00,6607.0,6607.5,6605.0,6605.75,94.0
2018-12-17 08:01,6605.25,6606.25,6604.25,6605.75,51.0
2018-12-17 08:02,6606.0,6606.75,6604.5,6606.5,32.0
2018-12-17 08:03,6607.25,6607.5,6605.0,6605.5,32.0
2018-12-17 08:04,6606.0,6609.0,6606.0,6607.5,61.0
2018-12-17 08:05,6607.25,6607.25,6602.75,6603.0,92.0
2018-12-17 08:06,6603.25,6604.5,6601.75,6603.25,105.0
2018-12-17 08:07,6603.0,6605.25,6602.75,6604.25,85.0
2018-12-17 08:08,6604.0,6604.75,6603.5,6604.25,37.0
2018-12-17 08:09,6604.25,6604.25,6602.25,6603.75,47.0
2018-12-17 08:10,6603.0,6603.25,6602.5,6603.0,18.0
2018-12-17 08:11,6603.0,6605.0,6602.0,6605.0,30.0
2018-12-17 08:12,6604.25,6604.25,6602.75,6603.5,15.0
2018-12-17 08:13,6603.25,6603.25,6600.0,6600.25,70.0
2018-12-17 08:14,6600.25,6601.25,6599.25,6599.5,130.0
2018-12-17 08:15,6599.75,6600.25,6596.25,6597.25,122.0
2018-12-17 08:16,6597.25,6597.25,6593.25,6593.25,112.0
2018-12-17 08:17,6593.75,6594.5,6593.5,6594.25,40.0
2018-12-17 08:18,6594.25,6595.0,6592.0,6595.0,82.0
2018-12-17 08:19,6594.5,6594.5,6591.5,6594.5,98.0
2018-12-17 08:20,6594.0,6594.25,6591.25,6592.75,65.0
2018-12-17 08:21,6592.5,6595.5,6592.5,6595.5,60.0
2018-12-17 08:22,6595.5,6607.25,6595.25,6604.0,292.0
2018-12-17 08:23,6604.5,6604.75,6601.5,6602.5,75.0
2018-12-17 08:24,6602.0,6602.0,6598.0,6599.0,99.0
2018-12-17 08:25,6599.5,6599.5,6596.5,6597.0,38.0
2018-12-17 08:26,6598.0,6600.0,6597.75,6598.5,62.0
2018-12-17 08:27,6599.0,6601.5,6597.25,6601.0,53.0
2018-12-17 08:28,6600.25,6601.25,6599.5,6600.25,45.0
2018-12-17 08:29,6600.25,6602.25,6600.0,6602.0,50.0
2018-12-17 08:30,6602.0,6607.75,6601.75,6607.0,93.0
2018-12-17 08:31,6607.5,6608.25,6606.0,6607.5,69.0
2018-12-17 08:32,6607.25,6609.0,6607.25,6608.0,76.0
2018-12-17 08:33,6608.0,6609.0,6605.75,6608.25,43.0
2018-12-17 08:34,6608.5,6609.25,6607.25,6607.5,38.0
2018-12-17 08:35,6608.5,6608.75,6606.5,6607.25,33.0
2018-12-17 08:36,6607.25,6608.0,6606.5,6607.25,29.0
2018-12-17 08:37,6607.75,6608.75,6606.75,6606.75,14.0
2018-12-17 08:38,6607.25,6607.75,6606.25,6606.5,31.0
2018-12-17 08:39,6607.5,6611.5,6607.25,6611.0,89.0
2018-12-17 08:40,6610.75,6611.5,6610.0,6611.5,33.0
2018-12-17 08:41,6611.0,6611.75,6610.5,6611.25,36.0
2018-12-17 08:42,6611.25,6612.75,6609.0,6610.5,60.0
2018-12-17 08:43,6609.5,6609.5,6608.25,6608.25,41.0
2018-12-17 08:44,6608.25,6609.5,6606.5,6609.0,49.0
2018-12-17 08:45,6608.25,6608.25,6606.0,6607.0,36.0
2018-12-17 08:46,6606.5,6609.0,6606.5,6608.0,27.0
2018-12-17 08:47,6608.5,6610.0,6608.5,6609.5,33.0
2018-12-17 08:48,6609.5,6609.5,6607.25,6608.0,26.0
2018-12-17 08:49,6608.0,6608.0,6605.5,6605.5,27.0
2018-12-17 08:50,6605.75,6605.75,6602.25,6602.25,89.0
2018-12-17 08:51,6602.75,6604.0,6602.5,6602.5,26.0
2018-12-17 08:52,6602.5,6603.25,6601.25,6601.75,68.0
2018-12-17 08:53,6601.75,6601.75,6601.0,6601.75,52.0
2018-12-17 08:54,6601.75,6601.75,6597.75,6599.5,76.0
2018-12-17 08:55,6599.75,6606.5,6599.25,6606.25,97.0
2018-12-17 08:56,6605.75,6611.0,6605.75,6610.75,85.0
2018-12-17 08:57,6611.0,6618.5,6611.0,6615.5,231.0
2018-12-17 08:58,6615.0,6615.0,6612.75,6614.0,51.0
2018-12-17 08:59,6614.0,6615.5,6613.5,6615.5,69.0
2018-12-17 09:00,6614.75,6616.25,6611.25,6613.0,130.0
2018-12-17 09:01,6613.0,6613.0,6610.75,6611.25,39.0
2018-12-17 09:02,6611.25,6613.0,6610.25,6612.25,20.0
2018-12-17 09:03,6612.25,6613.75,6610.75,6613.5,28.0
2018-12-17 09:04,6612.75,6614.5,6612.25,6614.25,58.0
2018-12-17 09:05,6614.25,6614.25,6611.0,6613.0,23.0
2018-12-17 09:06,6613.5,6615.75,6613.5,6615.75,26.0
2018-12-17 09:07,6615.25,6615.5,6612.75,6612.75,14.0
2018-12-17 09:08,6612.25,6613.0,6612.25,6612.5,27.0
2018-12-17 09:09,6612.0,6612.5,6610.75,6611.75,23.0
2018-12-17 09:10,6612.25,6612.5,6610.75,6611.75,13.0
2018-12-17 09:11,6612.25,6612.25,6610.75,6611.0,28.0
2018-12-17 09:12,6611.0,6613.0,6610.5,6612.25,30.0
2018-12-17 09:13,6612.25,6612.75,6609.5,6610.75,45.0
2018-12-17 09:14,6610.0,6611.25,6609.5,6610.25,28.0
2018-12-17 09:15,6609.25,6612.0,6609.0,6611.75,30.0
2018-12-17 09:16,6611.75,6612.0,6611.0,6612.0,13.0
2018-12-17 09:17,6612.5,6614.5,6612.5,6613.25,34.0
2018-12-17 09:18,6613.0,6614.0,6612.75,6613.5,18.0
2018-12-17 09:19,6613.5,6614.75,6613.25,6613.25,28.0
2018-12-17 09:20,6612.0,6612.75,6609.0,6609.75,49.0
2018-12-17 09:21,6610.0,6612.25,6610.0,6612.0,26.0
2018-12-17 09:22,6611.75,6612.5,6611.75,6612.5,7.0
2018-12-17 09:23,6612.5,6612.5,6610.5,6611.25,19.0
2018-12-17 09:24,6611.0,6611.0,6607.5,6608.25,45.0
2018-12-17 09:25,6608.5,6608.5,6604.0,6604.0,67.0
2018-12-17 09:26,6604.0,6605.5,6602.5,6605.5,71.0
2018-12-17 09:27,6606.0,6606.0,6603.5,6604.25,23.0
2018-12-17 09:28,6604.5,6605.0,6603.75,6604.5,41.0
2018-12-17 09:29,6604.5,6605.0,6604.0,6604.5,62.0
2018-12-17 09:30,6605.0,6607.0,6604.5,6606.25,59.0
2018-12-17 09:31,6606.75,6609.25,6606.75,6607.5,47.0
2018-12-17 09:32,6607.25,6607.5,6605.75,6607.5,25.0
2018-12-17 09:33,6607.5,6607.5,6606.25,6606.5,11.0
2018-12-17 09:34,6606.25,6606.75,6605.75,6606.25,14.0
2018-12-17 09:35,6607.25,6609.25,6607.25,6608.5,41.0
2018-12-17 09:36,6609.25,6612.0,6609.25,6609.5,29.0
2018-12-17 09:37,6609.25,6609.25,6606.75,6607.0,33.0
2018-12-17 09:38,6607.0,6607.0,6605.75,6607.0,35.0
2018-12-17 09:39,6606.0,6606.5,6605.0,6605.0,40.0
2018-12-17 09:40,6604.75,6604.75,6601.75,6604.0,67.0
2018-12-17 09:41,6603.75,6604.75,6603.25,6604.75,14.0
2018-12-17 09:42,6605.25,6606.75,6605.25,6606.25,29.0
2018-12-17 09:43,6605.5,6605.75,6604.0,6604.25,20.0
2018-12-17 09:44,6604.5,6605.25,6604.0,6605.25,13.0
2018-12-17 09:45,6604.25,6604.25,6603.25,6603.5,15.0
2018-12-17 09:46,6603.5,6606.75,6603.5,6606.75,21.0
2018-12-17 09:47,6607.0,6607.5,6604.5,6606.25,18.0
2018-12-17 09:48,6606.25,6608.75,6606.0,6608.75,50.0
2018-12-17 09:49,6610.0,6610.25,6608.75,6608.75,24.0
2018-12-17 09:50,6609.5,6611.75,6609.5,6610.5,28.0
2018-12-17 09:51,6610.5,6611.25,6608.75,6608.75,20.0
2018-12-17 09:52,6608.5,6610.0,6608.25,6609.5,15.0
2018-12-17 09:53,6610.0,6610.5,6608.25,6608.25,46.0
2018-12-17 09:54,6607.75,6607.75,6606.5,6606.5,28.0
2018-12-17 09:55,6606.5,6610.25,6606.25,6610.25,12.0
2018-12-17 09:56,6609.75,6609.75,6607.5,6607.5,12.0
2018-12-17 09:57,6607.25,6607.25,6606.75,6606.75,12.0
2018-12-17 09:58,6607.5,6609.75,6607.25,6609.0,12.0
2018-12-17 09:59,6610.0,6611.0,6609.25,6609.25,21.0
2018-12-17 10:00,6609.25,6611.25,6609.25,6611.25,10.0
2018-12-17 10:01,6611.25,6614.5,6611.25,6614.0,44.0
2018-12-17 10:02,6613.75,6616.5,6613.75,6616.0,91.0
2018-12-17 10:03,6616.25,6616.25,6614.25,6615.75,38.0
2018-12-17 10:04,6615.75,6616.25,6612.5,6613.25,36.0
2018-12-17 10:05,6613.0,6614.25,6612.75,6614.25,12.0
2018-12-17 10:06,6613.0,6614.5,6612.5,6613.75,12.0
2018-12-17 10:07,6614.0,6617.5,6614.0,6616.5,64.0
2018-12-17 10:08,6616.5,6616.5,6615.0,6615.0,23.0
2018-12-17 10:09,6615.75,6616.5,6615.0,6615.5,22.0
2018-12-17 10:10,6615.5,6616.25,6614.75,6616.0,19.0
2018-12-17 10:11,6616.75,6618.25,6616.25,6616.5,69.0
2018-12-17 10:12,6616.5,6617.5,6615.75,6615.75,22.0
2018-12-17 10:13,6616.25,6617.25,6615.75,6617.0,21.0
2018-12-17 10:14,6617.0,6617.0,6615.0,6616.0,16.0
2018-12-17 10:15,6616.5,6617.5,6614.5,6615.0,21.0
2018-12-17 10:16,6614.75,6615.25,6614.0,6615.0,22.0
2018-12-17 10:17,6615.0,6617.0,6614.75,6616.5,9.0
2018-12-17 10:18,6617.0,6619.0,6617.0,6617.25,26.0
2018-12-17 10:19,6616.0,6616.75,6614.5,6616.75,16.0
2018-12-17 10:20,6617.75,6620.75,6617.75,6619.25,59.0
2018-12-17 10:21,6619.75,6620.25,6619.25,6619.5,34.0
2018-12-17 10:22,6619.5,6620.0,6618.75,6618.75,17.0
2018-12-17 10:23,6619.0,6620.5,6619.0,6620.25,25.0
2018-12-17 10:24,6620.5,6622.75,6620.0,6621.75,53.0
2018-12-17 10:25,6622.0,6622.75,6621.25,6621.25,34.0
2018-12-17 10:26,6621.5,6622.0,6620.0,6621.5,31.0
2018-12-17 10:27,6621.0,6623.5,6620.25,6623.25,36.0
2018-12-17 10:28,6623.5,6623.75,6622.0,6623.0,51.0
2018-12-17 10:29,6622.5,6623.75,6621.75,6623.25,33.0
2018-12-17 10:30,6623.25,6626.0,6622.75,6622.75,158.0
2018-12-17 10:31,6622.5,6622.75,6621.0,6622.0,80.0
2018-12-17 10:32,6622.0,6622.0,6620.25,6620.5,44.0
2018-12-17 10:33,6620.75,6621.75,6620.75,6621.0,41.0
2018-12-17 10:34,6620.75,6621.0,6619.25,6619.5,38.0
2018-12-17 10:35,6619.5,6620.25,6619.5,6619.75,25.0
2018-12-17 10:36,6619.5,6620.0,6618.5,6618.5,40.0
2018-12-17 10:37,6618.25,6618.75,6617.0,6617.0,45.0
2018-12-17 10:38,6617.0,6617.25,6615.75,6616.75,61.0
2018-12-17 10:39,6616.75,6617.25,6615.5,6617.0,28.0
2018-12-17 10:40,6616.75,6616.75,6615.25,6615.25,20.0
2018-12-17 10:41,6615.5,6615.5,6614.25,6614.75,19.0
2018-12-17 10:42,6615.25,6616.5,6615.0,6616.25,24.0
2018-12-17 10:43,6616.5,6617.0,6615.75,6616.0,18.0
2018-12-17 10:44,6615.5,6615.75,6614.0,6615.0,16.0
2018-12-17 10:45,6615.0,6615.75,6613.5,6615.75,26.0
2018-12-17 10:46,6615.5,6617.0,6615.25,6616.0,30.0
2018-12-17 10:47,6616.25,6616.5,6612.75,6613.25,52.0
2018-12-17 10:48,6613.5,6615.25,6613.25,6615.25,19.0
2018-12-17 10:49,6615.25,6615.25,6613.25,6615.0,35.0
2018-12-17 10:50,6614.5,6614.5,6611.5,6612.0,46.0
2018-12-17 10:51,6612.0,6612.5,6611.5,6612.5,25.0
2018-12-17 10:52,6612.5,6612.5,6609.5,6610.5,65.0
2018-12-17 10:53,6611.25,6611.75,6610.25,6610.25,27.0
2018-12-17 10:54,6610.75,6612.25,6610.75,6612.25,20.0
2018-12-17 10:55,6611.75,6612.0,6611.0,6611.0,32.0
2018-12-17 10:56,6610.75,6610.75,6608.5,6608.5,29.0
2018-12-17 10:57,6608.5,6609.25,6607.25,6608.75,67.0
2018-12-17 10:58,6609.0,6609.5,6606.0,6606.0,43.0
2018-12-17 10:59,6606.5,6608.0,6606.0,6606.5,34.0
2018-12-17 11:00,6606.25,6608.0,6605.25,6608.0,44.0
2018-12-17 11:01,6608.75,6609.5,6608.25,6608.75,30.0
2018-12-17 11:02,6609.0,6609.0,6608.25,6608.25,19.0
2018-12-17 11:03,6608.75,6608.75,6605.25,6605.75,43.0
2018-12-17 11:04,6605.0,6606.75,6604.25,6606.0,36.0
2018-12-17 11:05,6605.0,6605.5,6602.5,6603.25,140.0
2018-12-17 11:06,6603.25,6607.75,6602.5,6606.75,167.0
2018-12-17 11:07,6606.25,6607.25,6603.25,6604.25,129.0
2018-12-17 11:08,6604.25,6606.5,6604.25,6606.0,28.0
2018-12-17 11:09,6606.25,6606.25,6605.25,6606.0,10.0
2018-12-17 11:10,6606.75,6610.75,6606.5,6608.25,79.0
2018-12-17 11:11,6607.75,6608.0,6607.0,6607.5,17.0
2018-12-17 11:12,6607.5,6607.75,6606.0,6607.5,15.0
2018-12-17 11:13,6607.0,6608.0,6606.5,6608.0,15.0
2018-12-17 11:14,6607.5,6607.75,6603.0,6603.25,48.0
2018-12-17 11:15,6603.25,6603.75,6601.5,6603.0,61.0
2018-12-17 11:16,6603.75,6605.5,6600.0,6602.75,76.0
2018-12-17 11:17,6602.75,6604.0,6602.0,6602.75,49.0
2018-12-17 11:18,6603.25,6603.25,6600.25,6601.0,53.0
2018-12-17 11:19,6602.0,6602.25,6600.0,6600.5,36.0
2018-12-17 11:20,6600.75,6603.25,6600.75,6603.25,53.0
2018-12-17 11:21,6602.75,6602.75,6601.0,6601.5,26.0
2018-12-17 11:22,6601.25,6603.5,6600.75,6600.75,21.0
2018-12-17 11:23,6601.0,6602.0,6600.75,6601.25,19.0
2018-12-17 11:24,6602.25,6602.75,6600.75,6601.0,19.0
2018-12-17 11:25,6600.5,6601.0,6595.75,6595.75,147.0
2018-12-17 11:26,6596.5,6597.5,6595.0,6596.75,72.0
2018-12-17 11:27,6597.0,6597.25,6595.75,6596.25,39.0
2018-12-17 11:28,6595.75,6597.5,6595.75,6597.25,14.0
2018-12-17 11:29,6597.25,6598.0,6596.25,6596.5,144.0
2018-12-17 11:30,6596.25,6596.5,6594.25,6595.75,58.0
2018-12-17 11:31,6596.0,6596.5,6594.25,6595.5,77.0
2018-12-17 11:32,6595.0,6596.75,6595.0,6596.75,39.0
2018-12-17 11:33,6596.5,6598.0,6596.0,6596.5,52.0
2018-12-17 11:34,6597.5,6598.0,6597.0,6597.25,43.0
2018-12-17 11:35,6597.75,6600.5,6597.0,6599.5,80.0
2018-12-17 11:36,6600.0,6601.0,6597.5,6597.5,83.0
2018-12-17 11:37,6597.75,6598.0,6596.5,6598.0,60.0
2018-12-17 11:38,6598.0,6599.0,6597.5,6598.0,10.0
2018-12-17 11:39,6599.25,6599.25,6592.5,6592.5,90.0
2018-12-17 11:40,6592.5,6596.0,6592.25,6595.75,51.0
2018-12-17 11:41,6595.5,6596.0,6595.0,6595.0,19.0
2018-12-17 11:42,6595.0,6595.25,6594.25,6594.75,25.0
2018-12-17 11:43,6594.5,6595.0,6590.25,6590.25,94.0
2018-12-17 11:44,6590.25,6590.5,6587.5,6590.5,187.0
2018-12-17 11:45,6590.25,6591.0,6587.5,6588.0,58.0
2018-12-17 11:46,6587.75,6590.75,6587.5,6590.5,50.0
2018-12-17 11:47,6591.0,6591.75,6588.5,6588.75,56.0
2018-12-17 11:48,6588.75,6591.75,6588.25,6591.25,35.0
2018-12-17 11:49,6591.0,6594.5,6591.0,6594.0,55.0
2018-12-17 11:50,6594.0,6594.25,6592.25,6592.25,27.0
2018-12-17 11:51,6592.25,6593.5,6592.25,6592.75,6.0
2018-12-17 11:52,6592.5,6593.25,6592.0,6592.75,17.0
2018-12-17 11:53,6593.0,6594.5,6591.5,6594.0,36.0
2018-12-17 11:54,6594.25,6594.5,6593.5,6593.75,51.0
2018-12-17 11:55,6594.25,6594.25,6593.25,6594.0,12.0
2018-12-17 11:56,6593.25,6593.75,6590.25,6591.5,47.0
2018-12-17 11:57,6590.25,6591.0,6589.5,6590.75,37.0
2018-12-17 11:58,6590.75,6597.0,6590.75,6595.75,60.0
2018-12-17 11:59,6596.25,6596.25,6593.75,6593.75,11.0
2018-12-17 12:00,6594.25,6599.0,6594.25,6597.25,91.0
2018-12-17 12:01,6597.0,6598.25,6595.0,6596.0,51.0
2018-12-17 12:02,6596.0,6598.5,6595.0,6596.5,37.0
2018-12-17 12:03,6596.25,6599.0,6596.25,6599.0,40.0
2018-12-17 12:04,6598.0,6599.0,6597.75,6597.75,28.0
2018-12-17 12:05,6597.0,6598.0,6596.75,6597.5,9.0
2018-12-17 12:06,6597.75,6597.75,6596.5,6597.0,15.0
2018-12-17 12:07,6596.75,6599.25,6596.5,6599.25,33.0
2018-12-17 12:08,6599.0,6600.25,6598.5,6600.25,35.0
2018-12-17 12:09,6599.75,6599.75,6596.75,6596.75,17.0
2018-12-17 12:10,6597.25,6598.75,6597.25,6598.0,9.0
2018-12-17 12:11,6598.5,6599.0,6598.5,6599.0,5.0
2018-12-17 12:12,6598.75,6601.25,6598.0,6598.25,56.0
2018-12-17 12:13,6598.75,6599.5,6597.5,6598.0,24.0
2018-12-17 12:14,6598.25,6598.25,6595.5,6596.75,35.0
2018-12-17 12:15,6597.25,6599.75,6597.25,6599.75,49.0
2018-12-17 12:16,6599.25,6602.0,6599.25,6600.0,93.0
2018-12-17 12:17,6600.25,6600.5,6599.25,6599.25,12.0
2018-12-17 12:18,6598.5,6600.75,6597.0,6597.25,46.0
2018-12-17 12:19,6598.0,6598.5,6596.0,6596.0,56.0
2018-12-17 12:20,6595.75,6595.75,6591.25,6592.75,91.0
2018-12-17 12:21,6592.75,6593.5,6589.75,6592.25,72.0
2018-12-17 12:22,6592.25,6593.25,6590.0,6590.5,52.0
2018-12-17 12:23,6590.5,6591.25,6588.25,6588.25,62.0
2018-12-17 12:24,6588.0,6588.0,6582.5,6584.0,169.0
2018-12-17 12:25,6584.5,6586.0,6583.75,6586.0,62.0
2018-12-17 12:26,6586.5,6587.75,6585.5,6587.25,56.0
2018-12-17 12:27,6587.0,6590.0,6586.75,6589.0,73.0
2018-12-17 12:28,6589.25,6590.0,6588.75,6589.0,18.0
2018-12-17 12:29,6589.25,6590.75,6589.25,6590.0,30.0
2018-12-17 12:30,6590.5,6590.75,6589.0,6590.0,28.0
2018-12-17 12:31,6590.0,6590.25,6586.75,6588.5,54.0
2018-12-17 12:32,6588.25,6589.75,6586.5,6586.5,30.0
2018-12-17 12:33,6587.0,6589.25,6587.0,6589.25,20.0
2018-12-17 12:34,6588.25,6589.5,6587.5,6588.5,34.0
2018-12-17 12:35,6588.75,6588.75,6586.5,6586.5,35.0
2018-12-17 12:36,6586.75,6587.25,6585.25,6587.25,28.0
2018-12-17 12:37,6587.5,6588.75,6587.0,6588.25,20.0
2018-12-17 12:38,6589.0,6591.5,6588.5,6590.5,39.0
2018-12-17 12:39,6591.0,6591.5,6589.25,6590.0,30.0
2018-12-17 12:40,6590.5,6591.25,6589.75,6590.25,44.0
2018-12-17 12:41,6591.0,6594.75,6591.0,6593.75,65.0
2018-12-17 12:42,6594.5,6594.5,6593.0,6594.25,32.0
2018-12-17 12:43,6594.0,6594.5,6592.0,6592.5,27.0
2018-12-17 12:44,6593.25,6594.0,6588.5,6589.25,57.0
2018-12-17 12:45,6588.75,6589.5,6586.0,6586.25,67.0
2018-12-17 12:46,6586.75,6588.25,6586.5,6588.0,40.0
2018-12-17 12:47,6588.0,6588.5,6587.0,6587.0,44.0
2018-12-17 12:48,6587.0,6590.0,6586.0,6590.0,65.0
2018-12-17 12:49,6589.5,6591.0,6587.5,6590.75,106.0
2018-12-17 12:50,6591.0,6592.5,6590.75,6592.5,69.0
2018-12-17 12:51,6592.25,6593.25,6591.25,6592.0,39.0
2018-12-17 12:52,6591.75,6593.0,6591.75,6592.75,13.0
2018-12-17 12:53,6592.5,6593.5,6592.25,6593.5,20.0
2018-12-17 12:54,6593.0,6593.0,6590.25,6590.25,17.0
2018-12-17 12:55,6590.25,6590.25,6586.0,6586.75,43.0
2018-12-17 12:56,6586.5,6587.5,6584.5,6585.5,87.0
2018-12-17 12:57,6585.25,6585.5,6580.75,6581.25,172.0
2018-12-17 12:58,6581.25,6582.5,6580.25,6580.25,61.0
2018-12-17 12:59,6580.5,6584.5,6580.5,6584.0,56.0
2018-12-17 13:00,6584.0,6587.5,6583.0,6585.5,81.0
2018-12-17 13:01,6586.0,6586.0,6583.0,6584.0,68.0
2018-12-17 13:02,6583.75,6584.0,6583.25,6583.75,30.0
2018-12-17 13:03,6583.5,6585.0,6583.5,6584.25,43.0
2018-12-17 13:04,6584.25,6584.5,6583.5,6583.5,26.0
2018-12-17 13:05,6584.0,6586.75,6583.0,6586.75,65.0
2018-12-17 13:06,6587.0,6587.25,6581.25,6581.75,114.0
2018-12-17 13:07,6581.5,6581.5,6579.0,6580.25,67.0
2018-12-17 13:08,6579.5,6581.0,6578.75,6580.75,29.0
2018-12-17 13:09,6581.5,6581.5,6579.0,6579.25,45.0
2018-12-17 13:10,6579.25,6582.75,6579.25,6579.75,68.0
2018-12-17 13:11,6580.0,6581.0,6579.5,6580.75,32.0
2018-12-17 13:12,6580.25,6582.5,6579.75,6582.25,37.0
2018-12-17 13:13,6582.5,6585.0,6582.0,6583.25,47.0
2018-12-17 13:14,6584.0,6584.75,6584.0,6584.25,18.0
2018-12-17 13:15,6584.25,6587.25,6583.5,6587.25,65.0
2018-12-17 13:16,6587.25,6588.5,6586.5,6586.5,62.0
2018-12-17 13:17,6586.5,6589.0,6586.5,6588.0,62.0
2018-12-17 13:18,6588.25,6588.5,6587.5,6588.5,23.0
2018-12-17 13:19,6588.5,6588.5,6586.5,6586.5,31.0
2018-12-17 13:20,6586.75,6586.75,6584.75,6585.75,50.0
2018-12-17 13:21,6586.0,6586.5,6586.0,6586.25,8.0
2018-12-17 13:22,6586.75,6589.5,6586.75,6589.25,99.0
2018-12-17 13:23,6589.0,6589.5,6588.5,6589.25,38.0
2018-12-17 13:24,6588.75,6590.25,6588.5,6589.0,75.0
2018-12-17 13:25,6589.5,6589.5,6585.75,6587.0,58.0
2018-12-17 13:26,6586.25,6586.75,6585.75,6586.0,25.0
2018-12-17 13:27,6586.25,6587.0,6584.75,6585.25,52.0
2018-12-17 13:28,6585.0,6585.0,6580.0,6581.75,146.0
2018-12-17 13:29,6580.75,6582.0,6580.75,6581.25,56.0
2018-12-17 13:30,6581.5,6583.5,6581.0,6583.0,86.0
2018-12-17 13:31,6583.25,6583.75,6582.0,6582.75,85.0
2018-12-17 13:32,6582.5,6582.5,6577.25,6577.5,248.0
2018-12-17 13:33,6577.5,6579.75,6576.5,6576.5,100.0
2018-12-17 13:34,6576.25,6577.5,6573.5,6576.75,235.0
2018-12-17 13:35,6577.0,6578.5,6577.0,6577.75,74.0
2018-12-17 13:36,6578.0,6578.0,6574.0,6574.25,85.0
2018-12-17 13:37,6574.0,6574.0,6571.5,6572.0,163.0
2018-12-17 13:38,6572.5,6572.5,6567.75,6568.5,188.0
2018-12-17 13:39,6568.5,6571.5,6566.25,6570.75,245.0
2018-12-17 13:40,6571.0,6573.25,6570.75,6572.0,123.0
2018-12-17 13:41,6572.5,6574.75,6572.25,6574.5,78.0
2018-12-17 13:42,6574.5,6574.75,6567.75,6568.0,152.0
2018-12-17 13:43,6567.5,6569.0,6563.0,6566.0,485.0
2018-12-17 13:44,6566.0,6572.0,6565.5,6569.25,219.0
2018-12-17 13:45,6569.25,6572.75,6567.75,6572.25,133.0
2018-12-17 13:46,6572.0,6574.0,6570.75,6572.5,132.0
2018-12-17 13:47,6572.25,6572.5,6566.5,6567.0,148.0
2018-12-17 13:48,6567.25,6568.25,6566.25,6567.25,83.0
2018-12-17 13:49,6566.5,6568.25,6565.75,6567.25,102.0
2018-12-17 13:50,6567.5,6570.0,6566.0,6569.0,205.0
2018-12-17 13:51,6568.5,6571.5,6568.0,6570.5,106.0
2018-12-17 13:52,6571.0,6571.0,6567.0,6567.0,83.0
2018-12-17 13:53,6566.5,6569.5,6566.5,6568.0,58.0
2018-12-17 13:54,6567.5,6569.0,6565.0,6568.25,101.0
2018-12-17 13:55,6568.25,6570.75,6566.0,6570.25,113.0
2018-12-17 13:56,6570.75,6571.5,6569.0,6570.75,82.0
2018-12-17 13:57,6570.5,6570.75,6566.5,6568.0,142.0
2018-12-17 13:58,6567.75,6571.25,6567.25,6568.5,133.0
2018-12-17 13:59,6568.5,6569.25,6565.75,6568.25,122.0
2018-12-17 14:00,6568.75,6570.5,6565.75,6569.25,117.0
2018-12-17 14:01,6569.25,6572.0,6569.25,6570.5,154.0
2018-12-17 14:02,6570.75,6571.75,6568.75,6570.5,109.0
2018-12-17 14:03,6570.5,6570.5,6566.0,6566.0,140.0
2018-12-17 14:04,6566.25,6566.5,6563.5,6564.75,168.0
2018-12-17 14:05,6565.0,6565.25,6560.5,6562.0,316.0
2018-12-17 14:06,6562.0,6565.5,6562.0,6564.25,54.0
2018-12-17 14:07,6564.5,6567.25,6564.0,6564.5,139.0
2018-12-17 14:08,6565.0,6569.0,6565.0,6566.75,105.0
2018-12-17 14:09,6567.0,6569.5,6567.0,6567.5,52.0
2018-12-17 14:10,6567.0,6571.75,6567.0,6571.25,148.0
2018-12-17 14:11,6571.25,6574.25,6570.75,6573.5,175.0
2018-12-17 14:12,6573.75,6574.5,6572.5,6574.0,110.0
2018-12-17 14:13,6574.0,6577.5,6573.75,6577.5,200.0
2018-12-17 14:14,6577.25,6577.25,6573.75,6575.0,145.0
2018-12-17 14:15,6574.75,6578.25,6574.25,6578.0,128.0
2018-12-17 14:16,6578.0,6578.25,6575.25,6576.5,135.0
2018-12-17 14:17,6576.75,6577.75,6576.75,6577.75,46.0
2018-12-17 14:18,6577.75,6579.25,6577.5,6578.25,143.0
2018-12-17 14:19,6578.25,6579.75,6577.0,6579.0,80.0
2018-12-17 14:20,6579.0,6579.0,6577.5,6578.25,87.0
2018-12-17 14:21,6578.5,6579.25,6576.5,6578.5,211.0
2018-12-17 14:22,6578.5,6579.5,6576.0,6577.0,85.0
2018-12-17 14:23,6577.0,6577.5,6576.0,6576.75,58.0
2018-12-17 14:24,6576.25,6578.25,6575.25,6576.5,92.0
2018-12-17 14:25,6576.75,6578.5,6575.25,6578.25,117.0
2018-12-17 14:26,6578.5,6578.75,6576.25,6577.75,68.0
2018-12-17 14:27,6578.0,6580.25,6576.75,6579.75,422.0
2018-12-17 14:28,6580.0,6580.0,6573.25,6573.5,539.0
2018-12-17 14:29,6573.25,6574.25,6571.75,6572.0,282.0
2018-12-17 14:30,6572.5,6579.25,6567.25,6572.25,1487.0
2018-12-17 14:31,6572.0,6573.0,6552.0,6553.25,1978.0
2018-12-17 14:32,6553.25,6561.75,6551.0,6560.5,1160.0
2018-12-17 14:33,6560.25,6572.0,6559.5,6566.25,1588.0
2018-12-17 14:34,6566.25,6567.5,6563.0,6565.25,693.0
2018-12-17 14:35,6565.25,6567.5,6551.75,6554.75,736.0
2018-12-17 14:36,6555.25,6555.75,6546.75,6551.5,904.0
2018-12-17 14:37,6551.75,6559.25,6550.5,6555.5,1250.0
2018-12-17 14:38,6555.5,6555.75,6541.5,6544.0,1151.0
2018-12-17 14:39,6544.0,6547.75,6537.5,6542.25,1119.0
2018-12-17 14:40,6542.0,6547.25,6538.0,6545.0,854.0
2018-12-17 14:41,6544.5,6546.5,6530.5,6535.5,1236.0
2018-12-17 14:42,6535.25,6535.5,6523.5,6523.5,1080.0
2018-12-17 14:43,6523.5,6524.25,6512.25,6516.0,1527.0
2018-12-17 14:44,6516.25,6526.5,6515.5,6522.5,879.0
2018-12-17 14:45,6522.5,6528.25,6516.75,6527.25,1023.0
2018-12-17 14:46,6528.0,6530.5,6524.75,6526.5,746.0
2018-12-17 14:47,6526.75,6528.5,6517.25,6518.0,616.0
2018-12-17 14:48,6517.5,6518.5,6510.25,6513.75,757.0
2018-12-17 14:49,6513.5,6520.0,6512.5,6518.25,860.0
2018-12-17 14:50,6517.75,6518.0,6509.0,6517.0,669.0
2018-12-17 14:51,6516.5,6516.5,6507.0,6513.25,744.0
2018-12-17 14:52,6512.5,6515.0,6508.25,6510.75,579.0
2018-12-17 14:53,6511.0,6514.25,6501.5,6504.0,959.0
2018-12-17 14:54,6504.25,6513.5,6503.5,6512.5,802.0
2018-12-17 14:55,6512.0,6518.5,6512.0,6516.25,702.0
2018-12-17 14:56,6516.25,6523.25,6515.0,6522.0,809.0
2018-12-17 14:57,6522.0,6526.5,6518.25,6526.0,580.0
2018-12-17 14:58,6526.25,6532.0,6525.5,6530.0,673.0
2018-12-17 14:59,6530.0,6535.75,6528.0,6533.0,873.0
2018-12-17 15:00,6532.75,6533.5,6527.0,6531.75,949.0
2018-12-17 15:01,6531.5,6539.5,6530.75,6538.0,1065.0
2018-12-17 15:02,6538.5,6540.75,6532.75,6533.75,629.0
2018-12-17 15:03,6534.0,6536.0,6529.75,6533.75,492.0
2018-12-17 15:04,6534.0,6535.75,6529.5,6534.0,799.0
2018-12-17 15:05,6533.75,6533.75,6527.5,6528.5,535.0
2018-12-17 15:06,6528.25,6542.5,6525.75,6542.0,935.0
2018-12-17 15:07,6542.5,6542.75,6535.5,6538.25,980.0
2018-12-17 15:08,6537.75,6540.25,6535.5,6537.0,582.0
2018-12-17 15:09,6537.0,6550.0,6535.0,6546.0,997.0
2018-12-17 15:10,6545.75,6547.5,6537.5,6544.5,743.0
2018-12-17 15:11,6544.25,6550.75,6544.25,6547.5,567.0
2018-12-17 15:12,6547.25,6562.0,6546.25,6561.5,1434.0
2018-12-17 15:13,6561.5,6561.75,6557.0,6561.75,591.0
2018-12-17 15:14,6561.5,6569.5,6561.5,6567.25,1258.0
2018-12-17 15:15,6567.5,6578.25,6567.5,6571.75,1256.0
2018-12-17 15:16,6572.0,6572.75,6563.0,6563.0,922.0
2018-12-17 15:17,6563.5,6565.0,6560.25,6561.25,700.0
2018-12-17 15:18,6561.25,6565.75,6559.0,6563.5,432.0
2018-12-17 15:19,6563.0,6567.5,6562.5,6563.75,353.0
2018-12-17 15:20,6563.75,6564.0,6554.75,6557.5,796.0
2018-12-17 15:21,6557.25,6563.0,6556.75,6558.25,340.0
2018-12-17 15:22,6558.5,6562.75,6556.0,6558.0,372.0
2018-12-17 15:23,6558.25,6566.25,6556.5,6559.5,470.0
2018-12-17 15:24,6559.25,6565.0,6555.5,6556.25,387.0
2018-12-17 15:25,6556.25,6565.0,6555.75,6564.25,478.0
2018-12-17 15:26,6564.0,6577.0,6562.5,6575.5,857.0
2018-12-17 15:27,6575.5,6585.75,6574.75,6581.75,1440.0
2018-12-17 15:28,6582.0,6584.0,6572.75,6572.75,748.0
2018-12-17 15:29,6573.0,6574.5,6571.25,6573.75,339.0
2018-12-17 15:30,6573.0,6580.5,6571.0,6571.5,680.0
2018-12-17 15:31,6571.5,6574.25,6562.0,6564.0,731.0
2018-12-17 15:32,6564.0,6566.0,6560.5,6565.5,491.0
2018-12-17 15:33,6565.25,6565.5,6558.0,6559.5,499.0
2018-12-17 15:34,6559.75,6561.75,6552.75,6553.25,748.0
2018-12-17 15:35,6553.5,6554.25,6547.5,6550.5,617.0
2018-12-17 15:36,6550.25,6550.5,6546.5,6548.0,538.0
2018-12-17 15:37,6547.75,6553.75,6546.5,6551.75,521.0
2018-12-17 15:38,6551.5,6552.25,6546.75,6549.0,472.0
2018-12-17 15:39,6549.0,6552.0,6547.0,6548.5,301.0
2018-12-17 15:40,6548.5,6561.0,6542.0,6560.0,1007.0
2018-12-17 15:41,6560.25,6570.0,6559.75,6568.5,998.0
2018-12-17 15:42,6568.75,6584.5,6568.0,6581.5,1089.0
2018-12-17 15:43,6581.0,6581.75,6575.75,6580.5,563.0
2018-12-17 15:44,6581.25,6581.75,6572.25,6578.5,660.0
2018-12-17 15:45,6578.0,6581.0,6572.0,6574.0,568.0
2018-12-17 15:46,6574.0,6578.0,6569.5,6576.5,458.0
2018-12-17 15:47,6576.0,6580.0,6574.0,6578.75,430.0
2018-12-17 15:48,6578.5,6578.5,6572.25,6574.0,434.0
2018-12-17 15:49,6573.25,6574.0,6569.5,6571.75,347.0
2018-12-17 15:50,6572.0,6572.75,6565.0,6569.0,549.0
2018-12-17 15:51,6570.0,6573.5,6566.0,6573.5,646.0
2018-12-17 15:52,6573.25,6579.5,6572.0,6576.0,750.0
2018-12-17 15:53,6576.0,6576.25,6562.0,6567.5,769.0
2018-12-17 15:54,6568.0,6572.75,6568.0,6572.0,397.0
2018-12-17 15:55,6572.25,6574.25,6569.5,6572.5,325.0
2018-12-17 15:56,6573.25,6591.75,6573.25,6588.0,1386.0
2018-12-17 15:57,6588.0,6594.0,6585.5,6586.0,767.0
2018-12-17 15:58,6585.75,6589.25,6582.0,6586.5,711.0
2018-12-17 15:59,6587.0,6587.0,6580.25,6582.25,425.0
2018-12-17 16:00,6581.75,6588.0,6580.75,6583.5,376.0
2018-12-17 16:01,6583.75,6584.75,6578.5,6584.0,378.0
2018-12-17 16:02,6584.0,6593.75,6582.25,6592.25,486.0
2018-12-17 16:03,6592.0,6603.75,6591.75,6601.5,1111.0
2018-12-17 16:04,6601.5,6602.0,6597.5,6600.5,587.0
2018-12-17 16:05,6600.5,6606.0,6597.25,6597.5,849.0
2018-12-17 16:06,6598.0,6606.0,6596.75,6604.75,492.0
2018-12-17 16:07,6605.0,6606.5,6601.5,6603.25,743.0
2018-12-17 16:08,6602.75,6605.5,6600.0,6603.25,464.0
2018-12-17 16:09,6603.0,6613.5,6603.0,6608.0,782.0
2018-12-17 16:10,6607.75,6615.25,6607.75,6609.75,601.0
2018-12-17 16:11,6609.5,6610.0,6606.5,6608.75,566.0
2018-12-17 16:12,6608.75,6610.0,6606.0,6606.5,263.0
2018-12-17 16:13,6606.0,6607.0,6602.5,6604.0,552.0
2018-12-17 16:14,6604.0,6611.75,6603.5,6609.25,482.0
2018-12-17 16:15,6609.75,6612.0,6604.0,6606.0,364.0
2018-12-17 16:16,6606.0,6609.5,6605.75,6606.5,173.0
2018-12-17 16:17,6607.25,6612.25,6606.75,6612.0,365.0
2018-12-17 16:18,6612.0,6614.5,6605.5,6606.75,375.0
2018-12-17 16:19,6606.75,6607.5,6604.0,6606.0,297.0
2018-12-17 16:20,6606.0,6610.5,6601.25,6601.25,257.0
2018-12-17 16:21,6601.0,6606.75,6600.5,6604.5,496.0
2018-12-17 16:22,6604.75,6605.75,6601.0,6603.5,222.0
2018-12-17 16:23,6603.0,6604.5,6600.75,6603.5,313.0
2018-12-17 16:24,6604.0,6608.0,6602.5,6604.25,277.0
2018-12-17 16:25,6603.5,6610.0,6602.5,6607.5,257.0
2018-12-17 16:26,6607.5,6607.5,6601.5,6603.5,215.0
2018-12-17 16:27,6603.5,6609.75,6602.75,6604.75,250.0
2018-12-17 16:28,6604.5,6606.5,6602.75,6605.0,176.0
2018-12-17 16:29,6604.25,6607.5,6596.5,6598.75,487.0
2018-12-17 16:30,6598.5,6601.0,6593.75,6595.5,507.0
2018-12-17 16:31,6595.5,6596.5,6591.5,6592.75,336.0
2018-12-17 16:32,6592.75,6596.0,6592.5,6593.0,219.0
2018-12-17 16:33,6593.5,6597.75,6593.5,6597.25,231.0
2018-12-17 16:34,6597.25,6597.25,6595.0,6596.25,147.0
2018-12-17 16:35,6596.25,6596.5,6593.5,6594.5,106.0
2018-12-17 16:36,6593.75,6596.75,6592.25,6593.25,180.0
2018-12-17 16:37,6593.5,6594.0,6589.0,6590.5,264.0
2018-12-17 16:38,6590.75,6594.5,6589.25,6591.75,525.0
2018-12-17 16:39,6591.5,6593.25,6590.25,6592.5,156.0
2018-12-17 16:40,6592.25,6594.75,6586.0,6587.0,297.0
2018-12-17 16:41,6587.0,6587.25,6578.75,6580.0,673.0
2018-12-17 16:42,6580.0,6585.75,6579.25,6585.0,355.0
2018-12-17 16:43,6585.25,6587.0,6582.75,6585.25,311.0
2018-12-17 16:44,6585.5,6586.25,6581.0,6584.0,254.0
2018-12-17 16:45,6584.25,6586.0,6580.5,6581.5,264.0
2018-12-17 16:46,6581.25,6584.0,6579.5,6581.25,388.0
2018-12-17 16:47,6581.5,6588.5,6581.5,6585.5,562.0
2018-12-17 16:48,6585.5,6588.75,6584.5,6587.0,369.0
2018-12-17 16:49,6587.0,6595.0,6587.0,6595.0,537.0
2018-12-17 16:50,6595.0,6600.0,6594.75,6597.5,571.0
2018-12-17 16:51,6597.5,6598.0,6594.0,6595.0,215.0
2018-12-17 16:52,6594.5,6596.5,6592.25,6593.5,171.0
2018-12-17 16:53,6593.75,6598.0,6593.5,6595.0,166.0
2018-12-17 16:54,6594.5,6597.75,6593.0,6596.5,177.0
2018-12-17 16:55,6596.0,6605.5,6596.0,6602.0,470.0
2018-12-17 16:56,6602.5,6606.0,6601.75,6604.5,239.0
2018-12-17 16:57,6603.5,6605.25,6597.25,6605.25,381.0
2018-12-17 16:58,6604.5,6609.25,6602.0,6609.0,340.0
2018-12-17 16:59,6609.0,6614.0,6606.5,6613.0,461.0
2018-12-17 17:00,6613.25,6620.25,6609.5,6620.25,874.0
2018-12-17 17:01,6619.5,6621.75,6618.75,6619.75,580.0
2018-12-17 17:02,6619.5,6625.0,6618.25,6618.25,345.0
2018-12-17 17:03,6618.5,6619.5,6615.25,6617.0,409.0
2018-12-17 17:04,6617.0,6621.5,6615.75,6617.0,327.0
2018-12-17 17:05,6617.5,6626.25,6616.0,6623.0,354.0
2018-12-17 17:06,6622.75,6624.25,6620.25,6620.5,186.0
2018-12-17 17:07,6620.5,6623.5,6619.0,6619.5,145.0
2018-12-17 17:08,6619.5,6622.5,6616.5,6617.5,185.0
2018-12-17 17:09,6618.0,6618.5,6615.25,6616.5,216.0
2018-12-17 17:10,6616.75,6617.25,6613.75,6615.0,218.0
2018-12-17 17:11,6615.25,6616.5,6610.5,6611.75,295.0
2018-12-17 17:12,6611.5,6616.5,6608.75,6612.0,420.0
2018-12-17 17:13,6611.75,6613.25,6609.0,6609.5,225.0
2018-12-17 17:14,6609.25,6610.0,6603.75,6605.0,343.0
2018-12-17 17:15,6605.0,6605.5,6600.25,6600.75,310.0
2018-12-17 17:16,6601.0,6602.5,6598.25,6601.0,198.0
2018-12-17 17:17,6600.75,6609.0,6600.0,6605.75,441.0
2018-12-17 17:18,6606.0,6607.25,6603.75,6604.25,200.0
2018-12-17 17:19,6604.25,6604.25,6601.75,6603.5,186.0
2018-12-17 17:20,6603.25,6607.0,6602.75,6606.0,397.0
2018-12-17 17:21,6606.25,6609.25,6605.75,6607.5,178.0
2018-12-17 17:22,6607.5,6608.75,6600.0,6600.0,261.0
2018-12-17 17:23,6600.25,6600.5,6594.25,6594.25,610.0
2018-12-17 17:24,6594.5,6595.5,6592.25,6592.5,426.0
2018-12-17 17:25,6592.75,6592.75,6588.25,6590.75,447.0
2018-12-17 17:26,6590.75,6593.5,6588.0,6588.25,318.0
2018-12-17 17:27,6588.5,6593.0,6588.25,6592.25,201.0
2018-12-17 17:28,6592.0,6592.5,6588.5,6588.5,176.0
2018-12-17 17:29,6588.5,6593.75,6588.5,6592.25,221.0
2018-12-17 17:30,6591.75,6593.0,6581.25,6586.25,767.0
2018-12-17 17:31,6586.0,6586.0,6572.0,6573.5,684.0
2018-12-17 17:32,6573.5,6573.75,6568.5,6571.75,527.0
2018-12-17 17:33,6571.25,6575.75,6571.0,6573.5,404.0
2018-12-17 17:34,6573.0,6573.75,6565.0,6565.25,626.0
2018-12-17 17:35,6565.0,6568.5,6564.5,6565.75,448.0
2018-12-17 17:36,6565.0,6567.5,6560.25,6560.75,447.0
2018-12-17 17:37,6561.25,6568.25,6559.5,6565.0,613.0
2018-12-17 17:38,6564.75,6566.5,6559.75,6566.0,417.0
2018-12-17 17:39,6566.0,6569.0,6562.25,6565.75,339.0
2018-12-17 17:40,6565.5,6568.75,6563.75,6567.75,292.0
2018-12-17 17:41,6567.5,6571.0,6567.5,6569.0,316.0
2018-12-17 17:42,6569.0,6570.75,6559.75,6560.0,582.0
2018-12-17 17:43,6560.0,6561.0,6552.25,6556.5,727.0
2018-12-17 17:44,6556.75,6561.0,6553.75,6560.75,427.0
2018-12-17 17:45,6561.0,6564.5,6558.25,6563.75,372.0
2018-12-17 17:46,6564.25,6566.5,6562.5,6565.0,282.0
2018-12-17 17:47,6565.0,6565.0,6562.0,6563.75,201.0
2018-12-17 17:48,6563.75,6563.75,6558.5,6560.5,310.0
2018-12-17 17:49,6560.25,6565.0,6559.25,6561.75,259.0
2018-12-17 17:50,6560.75,6563.0,6555.75,6561.0,380.0
2018-12-17 17:51,6561.0,6561.0,6556.0,6558.0,270.0
2018-12-17 17:52,6558.5,6558.5,6552.0,6553.75,311.0
2018-12-17 17:53,6553.75,6555.0,6546.0,6548.5,561.0
2018-12-17 17:54,6548.5,6553.0,6546.0,6550.5,584.0
2018-12-17 17:55,6550.75,6553.25,6546.25,6549.0,516.0
2018-12-17 17:56,6548.5,6549.25,6543.0,6546.75,660.0
2018-12-17 17:57,6546.75,6550.25,6546.5,6548.0,292.0
2018-12-17 17:58,6548.0,6548.5,6538.75,6541.0,528.0
2018-12-17 17:59,6541.0,6543.5,6539.25,6540.0,363.0
2018-12-17 18:00,6540.0,6540.75,6533.75,6535.75,364.0
2018-12-17 18:01,6536.0,6538.0,6529.0,6530.25,656.0
2018-12-17 18:02,6530.25,6536.25,6529.25,6535.0,411.0
2018-12-17 18:03,6534.75,6539.25,6534.25,6536.25,358.0
2018-12-17 18:04,6536.0,6536.75,6531.0,6533.75,353.0
2018-12-17 18:05,6533.5,6541.75,6532.5,6541.5,317.0
2018-12-17 18:06,6541.5,6547.0,6540.5,6546.75,393.0
2018-12-17 18:07,6547.25,6547.25,6540.5,6541.5,270.0
2018-12-17 18:08,6541.5,6550.25,6540.25,6549.25,470.0
2018-12-17 18:09,6549.5,6552.0,6546.0,6546.75,463.0
2018-12-17 18:10,6546.0,6549.5,6545.0,6548.5,281.0
2018-12-17 18:11,6548.5,6551.25,6540.75,6541.75,405.0
2018-12-17 18:12,6541.5,6542.5,6536.75,6537.75,287.0
2018-12-17 18:13,6537.75,6538.5,6534.0,6534.0,262.0
2018-12-17 18:14,6533.75,6541.25,6530.25,6539.25,437.0
2018-12-17 18:15,6539.0,6539.0,6528.5,6533.0,504.0
2018-12-17 18:16,6532.75,6536.25,6529.5,6531.5,382.0
2018-12-17 18:17,6531.75,6532.5,6526.25,6529.0,382.0
2018-12-17 18:18,6529.5,6537.0,6527.75,6535.25,358.0
2018-12-17 18:19,6534.5,6537.0,6528.75,6529.25,257.0
2018-12-17 18:20,6529.0,6530.25,6517.5,6519.5,633.0
2018-12-17 18:21,6520.0,6521.25,6514.5,6518.25,668.0
2018-12-17 18:22,6518.5,6520.25,6515.5,6518.5,240.0
2018-12-17 18:23,6518.5,6532.0,6516.25,6531.25,648.0
2018-12-17 18:24,6531.25,6534.0,6527.5,6530.75,640.0
2018-12-17 18:25,6531.0,6533.0,6529.25,6531.0,274.0
2018-12-17 18:26,6530.5,6535.75,6529.75,6532.0,440.0
2018-12-17 18:27,6532.25,6532.5,6526.25,6527.75,299.0
2018-12-17 18:28,6528.0,6531.0,6526.0,6527.25,340.0
2018-12-17 18:29,6527.0,6529.25,6522.0,6522.5,296.0
2018-12-17 18:30,6523.0,6533.25,6520.75,6533.0,449.0
2018-12-17 18:31,6533.0,6534.5,6527.75,6528.0,384.0
2018-12-17 18:32,6528.5,6528.5,6519.5,6519.5,336.0
2018-12-17 18:33,6519.5,6519.5,6509.75,6510.25,627.0
2018-12-17 18:34,6510.5,6512.5,6499.25,6499.75,945.0
2018-12-17 18:35,6499.75,6505.5,6498.25,6503.25,617.0
2018-12-17 18:36,6502.5,6503.25,6492.5,6492.75,802.0
2018-12-17 18:37,6493.25,6494.75,6489.75,6492.25,860.0
2018-12-17 18:38,6492.25,6495.0,6490.0,6491.5,288.0
2018-12-17 18:39,6491.5,6496.25,6490.25,6496.25,512.0
2018-12-17 18:40,6496.0,6499.0,6494.0,6496.5,355.0
2018-12-17 18:41,6496.75,6505.25,6496.75,6504.25,671.0
2018-12-17 18:42,6505.0,6510.75,6505.0,6508.25,536.0
2018-12-17 18:43,6508.5,6510.5,6505.0,6506.75,303.0
2018-12-17 18:44,6507.75,6508.75,6500.0,6501.75,490.0
2018-12-17 18:45,6501.5,6502.25,6494.5,6496.75,616.0
2018-12-17 18:46,6496.5,6497.25,6491.25,6491.5,449.0
2018-12-17 18:47,6491.5,6495.0,6490.5,6490.5,309.0
2018-12-17 18:48,6490.75,6495.75,6488.75,6495.0,405.0
2018-12-17 18:49,6495.75,6499.5,6494.75,6498.5,499.0
2018-12-17 18:50,6498.5,6500.5,6490.5,6490.5,267.0
2018-12-17 18:51,6490.5,6497.0,6490.25,6494.0,288.0
2018-12-17 18:52,6494.5,6502.0,6491.75,6498.5,440.0
2018-12-17 18:53,6498.75,6502.5,6494.5,6501.75,436.0
2018-12-17 18:54,6501.0,6501.25,6493.75,6499.5,544.0
2018-12-17 18:55,6500.25,6502.0,6493.5,6502.0,347.0
2018-12-17 18:56,6502.25,6508.75,6501.0,6507.5,554.0
2018-12-17 18:57,6507.5,6507.75,6497.25,6502.75,476.0
2018-12-17 18:58,6502.5,6505.0,6499.0,6501.0,411.0
2018-12-17 18:59,6501.0,6501.0,6490.75,6491.25,515.0
2018-12-17 19:00,6491.5,6498.75,6490.5,6491.0,1025.0
2018-12-17 19:01,6490.75,6494.75,6488.0,6492.25,582.0
2018-12-17 19:02,6492.5,6495.5,6487.5,6491.0,408.0
2018-12-17 19:03,6492.0,6492.75,6479.0,6482.0,772.0
2018-12-17 19:04,6482.25,6482.25,6473.5,6477.5,893.0
2018-12-17 19:05,6477.0,6481.5,6471.25,6478.0,583.0
2018-12-17 19:06,6478.0,6483.25,6477.25,6479.0,345.0
2018-12-17 19:07,6479.25,6486.0,6478.0,6485.0,397.0
2018-12-17 19:08,6484.25,6486.25,6481.5,6481.75,588.0
2018-12-17 19:09,6482.5,6482.5,6476.25,6479.0,430.0
2018-12-17 19:10,6479.0,6480.25,6474.25,6477.5,335.0
2018-12-17 19:11,6477.5,6483.25,6476.25,6481.5,332.0
2018-12-17 19:12,6482.5,6486.25,6478.25,6479.5,258.0
2018-12-17 19:13,6480.0,6483.5,6475.75,6476.0,245.0
2018-12-17 19:14,6475.25,6486.25,6473.25,6483.5,382.0
2018-12-17 19:15,6483.25,6484.75,6474.75,6476.25,480.0
2018-12-17 19:16,6476.0,6483.75,6473.25,6483.0,429.0
2018-12-17 19:17,6482.5,6482.5,6475.25,6477.75,438.0
2018-12-17 19:18,6478.0,6481.5,6474.5,6480.75,206.0
2018-12-17 19:19,6480.75,6482.0,6475.0,6479.25,248.0
2018-12-17 19:20,6479.0,6484.0,6475.5,6482.75,266.0
2018-12-17 19:21,6483.25,6496.5,6482.5,6496.0,740.0
2018-12-17 19:22,6495.5,6496.25,6489.5,6491.75,403.0
2018-12-17 19:23,6492.25,6493.0,6486.0,6487.25,148.0
2018-12-17 19:24,6486.75,6488.25,6478.0,6480.25,451.0
2018-12-17 19:25,6480.75,6481.25,6470.75,6474.0,689.0
2018-12-17 19:26,6474.75,6482.25,6474.25,6480.5,305.0
2018-12-17 19:27,6480.75,6481.25,6472.25,6474.5,395.0
2018-12-17 19:28,6474.75,6475.75,6470.75,6471.5,357.0
2018-12-17 19:29,6471.5,6471.5,6464.5,6467.5,446.0
2018-12-17 19:30,6468.0,6472.5,6465.75,6470.5,401.0
2018-12-17 19:31,6470.25,6472.75,6467.5,6468.5,398.0
2018-12-17 19:32,6468.75,6478.25,6468.25,6474.75,798.0
2018-12-17 19:33,6474.5,6480.5,6474.0,6477.75,327.0
2018-12-17 19:34,6478.0,6479.5,6472.75,6475.5,242.0
2018-12-17 19:35,6475.5,6476.5,6470.75,6472.5,242.0
2018-12-17 19:36,6472.75,6474.0,6468.25,6469.0,341.0
2018-12-17 19:37,6469.5,6475.0,6467.25,6471.75,229.0
2018-12-17 19:38,6472.0,6473.25,6467.75,6470.25,271.0
2018-12-17 19:39,6470.5,6476.25,6470.25,6471.75,302.0
2018-12-17 19:40,6472.5,6482.5,6472.0,6481.5,394.0
2018-12-17 19:41,6481.5,6490.75,6480.75,6487.25,534.0
2018-12-17 19:42,6487.25,6494.25,6486.5,6488.25,417.0
2018-12-17 19:43,6488.25,6490.0,6481.5,6484.5,280.0
2018-12-17 19:44,6484.75,6485.75,6482.0,6483.75,154.0
2018-12-17 19:45,6484.0,6494.25,6482.25,6493.25,324.0
2018-12-17 19:46,6493.75,6494.75,6486.0,6489.5,377.0
2018-12-17 19:47,6489.75,6492.25,6484.5,6486.5,314.0
2018-12-17 19:48,6486.75,6491.5,6484.5,6486.0,267.0
2018-12-17 19:49,6486.0,6486.25,6480.75,6482.5,307.0
2018-12-17 19:50,6482.25,6487.25,6473.5,6477.0,402.0
2018-12-17 19:51,6476.75,6479.75,6471.25,6472.5,282.0
2018-12-17 19:52,6473.0,6477.5,6470.25,6470.5,435.0
2018-12-17 19:53,6471.0,6477.25,6466.75,6467.5,433.0
2018-12-17 19:54,6468.5,6468.5,6459.75,6463.25,921.0
2018-12-17 19:55,6463.5,6465.25,6459.75,6465.25,337.0
2018-12-17 19:56,6465.25,6468.0,6464.0,6465.75,269.0
2018-12-17 19:57,6465.25,6466.25,6460.5,6464.0,247.0
2018-12-17 19:58,6463.5,6469.5,6463.0,6464.25,333.0
2018-12-17 19:59,6464.0,6472.25,6464.0,6470.25,348.0
2018-12-17 20:00,6470.0,6470.75,6461.5,6462.75,371.0
2018-12-17 20:01,6463.25,6468.0,6462.25,6464.75,303.0
2018-12-17 20:02,6465.25,6468.0,6461.0,6463.5,386.0
2018-12-17 20:03,6464.0,6465.5,6455.5,6460.0,617.0
2018-12-17 20:04,6459.75,6464.0,6456.0,6459.75,385.0
2018-12-17 20:05,6459.5,6464.75,6455.5,6457.75,457.0
2018-12-17 20:06,6458.0,6474.5,6458.0,6470.25,874.0
2018-12-17 20:07,6470.25,6473.25,6461.0,6462.75,315.0
2018-12-17 20:08,6462.75,6464.0,6456.5,6459.0,579.0
2018-12-17 20:09,6458.75,6460.25,6451.75,6453.0,567.0
2018-12-17 20:10,6452.75,6461.25,6451.75,6461.25,454.0
2018-12-17 20:11,6461.75,6466.25,6457.25,6464.5,487.0
2018-12-17 20:12,6464.75,6471.25,6457.75,6466.5,800.0
2018-12-17 20:13,6465.5,6467.25,6457.5,6460.5,352.0
2018-12-17 20:14,6459.75,6462.25,6454.5,6459.75,311.0
2018-12-17 20:15,6459.5,6463.0,6456.25,6457.25,317.0
2018-12-17 20:16,6457.75,6462.75,6453.75,6455.25,502.0
2018-12-17 20:17,6454.75,6460.25,6452.75,6457.0,397.0
2018-12-17 20:18,6457.5,6469.0,6455.0,6460.75,615.0
2018-12-17 20:19,6460.75,6463.5,6455.0,6458.0,344.0
2018-12-17 20:20,6456.75,6457.75,6454.0,6455.0,194.0
2018-12-17 20:21,6455.0,6459.0,6452.5,6455.25,388.0
2018-12-17 20:22,6455.0,6455.25,6443.25,6448.5,1109.0
2018-12-17 20:23,6448.0,6448.0,6435.75,6438.0,796.0
2018-12-17 20:24,6438.0,6444.25,6437.5,6440.75,490.0
2018-12-17 20:25,6440.75,6440.75,6429.0,6430.0,626.0
2018-12-17 20:26,6431.0,6435.75,6425.0,6425.5,658.0
2018-12-17 20:27,6425.75,6428.75,6421.0,6424.75,373.0
2018-12-17 20:28,6424.5,6424.5,6415.75,6420.0,720.0
2018-12-17 20:29,6421.0,6426.5,6420.0,6425.75,690.0
2018-12-17 20:30,6426.0,6427.5,6415.25,6417.5,665.0
2018-12-17 20:31,6417.25,6421.25,6414.0,6415.5,615.0
2018-12-17 20:32,6415.75,6420.25,6411.0,6420.25,719.0
2018-12-17 20:33,6420.25,6425.75,6417.5,6418.0,937.0
2018-12-17 20:34,6417.5,6421.75,6417.0,6418.0,342.0
2018-12-17 20:35,6418.0,6418.25,6410.0,6411.25,849.0
2018-12-17 20:36,6412.0,6421.0,6409.75,6421.0,679.0
2018-12-17 20:37,6421.25,6428.0,6417.75,6426.25,521.0
2018-12-17 20:38,6426.25,6426.5,6420.25,6422.0,412.0
2018-12-17 20:39,6421.75,6422.5,6416.5,6422.25,538.0
2018-12-17 20:40,6422.25,6422.25,6416.0,6416.0,594.0
2018-12-17 20:41,6416.5,6425.0,6415.5,6423.25,446.0
2018-12-17 20:42,6423.5,6424.25,6414.5,6418.5,583.0
2018-12-17 20:43,6418.25,6420.75,6414.5,6418.0,350.0
2018-12-17 20:44,6418.25,6422.25,6416.0,6416.25,292.0
2018-12-17 20:45,6415.75,6430.0,6415.0,6428.25,1022.0
2018-12-17 20:46,6428.5,6429.5,6417.0,6417.75,713.0
2018-12-17 20:47,6418.0,6420.25,6405.0,6408.0,1047.0
2018-12-17 20:48,6408.5,6409.5,6401.25,6405.75,1338.0
2018-12-17 20:49,6405.5,6413.5,6401.25,6412.75,951.0
2018-12-17 20:50,6413.25,6419.25,6412.0,6415.0,872.0
2018-12-17 20:51,6415.0,6427.75,6413.0,6423.75,754.0
2018-12-17 20:52,6424.0,6429.5,6423.25,6427.75,773.0
2018-12-17 20:53,6428.25,6430.5,6423.75,6430.25,555.0
2018-12-17 20:54,6430.0,6432.75,6423.5,6432.75,694.0
2018-12-17 20:55,6432.0,6440.25,6427.0,6440.25,1609.0
2018-12-17 20:56,6440.25,6442.75,6436.25,6438.75,764.0
2018-12-17 20:57,6438.75,6445.5,6436.0,6442.75,846.0
2018-12-17 20:58,6443.0,6449.5,6443.0,6448.0,1123.0
2018-12-17 20:59,6448.0,6458.75,6447.75,6457.5,3575.0
2018-12-17 21:00,6458.25,6461.0,6449.75,6458.25,1516.0
2018-12-17 21:01,6459.75,6463.0,6455.25,6461.5,582.0
2018-12-17 21:02,6461.75,6463.5,6454.5,6455.75,371.0
2018-12-17 21:03,6455.0,6461.5,6453.0,6460.5,276.0
2018-12-17 21:04,6461.5,6464.75,6459.25,6460.75,353.0
2018-12-17 21:05,6460.5,6465.75,6460.5,6464.5,286.0
2018-12-17 21:06,6463.75,6466.25,6461.5,6463.75,241.0
2018-12-17 21:07,6464.0,6468.25,6462.25,6466.0,334.0
2018-12-17 21:08,6466.25,6470.25,6464.75,6464.75,204.0
2018-12-17 21:09,6464.75,6471.0,6464.5,6470.0,212.0
2018-12-17 21:10,6469.5,6472.5,6468.5,6469.25,252.0
2018-12-17 21:11,6469.0,6469.0,6466.0,6467.0,146.0
2018-12-17 21:12,6466.0,6466.75,6462.75,6466.75,176.0
2018-12-17 21:13,6467.0,6468.5,6465.25,6466.25,187.0
2018-12-17 21:14,6467.25,6470.25,6464.0,6465.0,432.0
2018-12-17 21:30,6465.25,6465.25,6458.25,6458.75,98.0
2018-12-17 21:31,6458.0,6461.25,6457.75,6461.0,70.0
2018-12-17 21:32,6461.5,6461.75,6459.25,6459.5,19.0
2018-12-17 21:33,6458.5,6459.0,6456.25,6456.75,47.0
2018-12-17 21:34,6457.75,6459.75,6457.75,6459.75,48.0
2018-12-17 21:35,6461.25,6461.25,6460.5,6460.75,8.0
2018-12-17 21:36,6460.75,6461.0,6459.5,6459.5,27.0
2018-12-17 21:37,6460.75,6463.0,6460.75,6462.75,24.0
2018-12-17 21:38,6463.25,6464.75,6463.0,6464.75,19.0
2018-12-17 21:39,6464.75,6465.75,6463.75,6465.0,18.0
2018-12-17 21:40,6465.75,6466.0,6465.25,6465.5,8.0
2018-12-17 21:41,6465.5,6465.5,6464.25,6465.5,15.0
2018-12-17 21:42,6465.0,6465.75,6464.5,6465.75,7.0
2018-12-17 21:43,6465.25,6466.25,6462.5,6465.25,64.0
2018-12-17 21:44,6465.25,6468.75,6464.75,6468.75,20.0
2018-12-17 21:45,6469.25,6470.75,6468.5,6470.0,58.0
2018-12-17 21:46,6469.0,6469.25,6469.0,6469.0,19.0
2018-12-17 21:47,6468.75,6471.25,6468.75,6471.25,33.0
2018-12-17 21:48,6471.25,6471.5,6470.75,6471.5,38.0
2018-12-17 21:49,6471.75,6472.0,6470.5,6470.5,15.0
2018-12-17 21:50,6470.75,6472.0,6470.5,6471.75,13.0
2018-12-17 21:51,6471.5,6471.5,6471.0,6471.0,18.0
2018-12-17 21:52,6470.25,6471.25,6470.25,6471.0,12.0
2018-12-17 21:53,6471.0,6471.75,6470.5,6471.75,18.0
2018-12-17 21:54,6471.0,6471.0,6470.25,6470.5,21.0
2018-12-17 21:55,6471.0,6473.75,6470.25,6473.25,84.0
2018-12-17 21:56,6472.75,6475.75,6472.5,6474.75,57.0
2018-12-17 21:57,6474.75,6474.75,6473.75,6474.75,11.0
2018-12-17 21:58,6474.75,6474.75,6471.25,6471.25,23.0
2018-12-17 21:59,6472.0,6472.5,6469.0,6469.5,35.0
2018-12-17 23:00,6471.25,6473.25,6469.25,6472.0,41.0
2018-12-17 23:01,6473.0,6474.5,6472.0,6472.25,25.0
2018-12-17 23:02,6472.5,6475.5,6471.5,6475.5,17.0
2018-12-17 23:03,6475.25,6476.75,6473.75,6473.75,20.0
2018-12-17 23:04,6476.75,6476.75,6476.75,6476.75,2.0
2018-12-17 23:05,6475.25,6478.75,6475.25,6478.75,15.0
2018-12-17 23:06,6477.75,6480.0,6477.75,6480.0,8.0
2018-12-17 23:07,6480.0,6481.75,6479.5,6479.5,18.0
2018-12-17 23:08,6478.5,6478.5,6476.0,6476.0,10.0
2018-12-17 23:09,6475.75,6477.25,6475.75,6476.75,7.0
2018-12-17 23:10,6475.5,6475.5,6473.25,6473.25,16.0
2018-12-17 23:11,6474.0,6476.0,6473.25,6476.0,5.0
2018-12-17 23:12,6476.0,6476.0,6474.0,6476.0,7.0
2018-12-17 23:13,6476.5,6476.75,6475.0,6475.0,5.0
2018-12-17 23:14,6475.0,6477.25,6475.0,6477.25,7.0
2018-12-17 23:15,6477.5,6479.0,6477.5,6479.0,5.0
2018-12-17 23:16,6479.0,6480.0,6478.5,6478.5,7.0
2018-12-17 23:17,6478.0,6478.0,6476.25,6476.25,15.0
2018-12-17 23:18,6476.5,6476.5,6476.0,6476.0,5.0
2018-12-17 23:19,6476.0,6481.75,6476.0,6481.0,23.0
2018-12-17 23:20,6481.5,6484.5,6481.5,6483.0,45.0
2018-12-17 23:21,6483.5,6493.5,6482.75,6488.25,86.0
2018-12-17 23:22,6487.25,6487.75,6485.75,6486.75,17.0
2018-12-17 23:23,6485.75,6485.75,6481.75,6484.25,49.0
2018-12-17 23:24,6484.25,6484.25,6481.75,6481.75,11.0
2018-12-17 23:25,6481.0,6481.0,6479.0,6479.0,11.0
2018-12-17 23:26,6480.0,6482.0,6480.0,6482.0,14.0
2018-12-17 23:27,6481.75,6481.75,6480.75,6480.75,8.0
2018-12-17 23:28,6481.25,6483.5,6481.25,6483.5,8.0
2018-12-17 23:29,6481.5,6482.0,6481.5,6481.5,3.0
2018-12-17 23:30,6480.75,6481.25,6478.0,6478.75,42.0
2018-12-17 23:31,6478.75,6479.75,6478.0,6478.75,28.0
2018-12-17 23:32,6479.25,6479.5,6478.75,6479.0,40.0
2018-12-17 23:33,6479.0,6480.5,6479.0,6480.0,20.0
2018-12-17 23:34,6480.0,6482.75,6479.75,6481.75,45.0
2018-12-17 23:35,6482.0,6482.5,6482.0,6482.5,28.0
2018-12-17 23:36,6482.0,6482.5,6480.5,6480.75,49.0
2018-12-17 23:37,6480.75,6481.0,6479.75,6481.0,33.0
2018-12-17 23:38,6480.75,6484.75,6480.5,6484.75,80.0
2018-12-17 23:39,6484.25,6485.25,6484.0,6485.25,43.0
2018-12-17 23:40,6485.5,6487.0,6485.25,6486.25,74.0
2018-12-17 23:41,6486.75,6487.75,6486.25,6487.25,48.0
2018-12-17 23:42,6487.5,6487.5,6486.5,6487.0,79.0
2018-12-17 23:43,6487.25,6488.75,6485.75,6488.0,118.0
2018-12-17 23:44,6488.75,6491.25,6488.75,6490.25,49.0
2018-12-17 23:45,6491.0,6491.0,6486.75,6488.75,56.0
2018-12-17 23:46,6488.75,6489.25,6486.75,6487.5,51.0
2018-12-17 23:47,6488.0,6488.25,6487.5,6487.75,25.0
2018-12-17 23:48,6487.75,6488.75,6487.0,6488.0,12.0
2018-12-17 23:49,6488.0,6491.0,6488.0,6489.75,17.0
2018-12-17 23:50,6489.5,6490.25,6488.0,6488.75,107.0
2018-12-17 23:51,6489.0,6492.0,6488.75,6491.5,37.0
2018-12-17 23:52,6491.75,6492.0,6490.5,6491.0,19.0
2018-12-17 23:53,6491.0,6492.25,6490.5,6492.0,52.0
2018-12-17 23:54,6491.25,6492.25,6490.75,6491.5,36.0
2018-12-17 23:55,6491.75,6492.5,6490.5,6490.5,17.0
2018-12-17 23:56,6489.75,6490.0,6488.5,6488.5,35.0
2018-12-17 23:57,6488.5,6488.75,6488.25,6488.25,3.0
2018-12-17 23:58,6488.75,6489.5,6488.0,6489.0,14.0
2018-12-17 23:59,6489.25,6492.25,6489.25,6491.25,19.0
2018-12-18 00:00,6492.0,6492.5,6489.25,6489.25,35.0
2018-12-18 00:01,6488.5,6489.75,6487.75,6487.75,54.0
2018-12-18 00:02,6487.5,6487.75,6486.0,6486.0,39.0
2018-12-18 00:03,6485.75,6486.0,6480.75,6482.25,110.0
2018-12-18 00:04,6482.25,6484.5,6482.25,6483.75,45.0
2018-12-18 00:05,6483.5,6485.5,6482.75,6484.0,90.0
2018-12-18 00:06,6484.5,6484.5,6481.75,6481.75,40.0
2018-12-18 00:07,6482.0,6483.5,6480.0,6480.75,67.0
2018-12-18 00:08,6479.75,6479.75,6476.75,6478.0,79.0
2018-12-18 00:09,6477.5,6481.0,6476.5,6481.0,118.0
2018-12-18 00:10,6480.5,6481.0,6479.0,6481.0,26.0
2018-12-18 00:11,6481.0,6485.5,6481.0,6484.5,75.0
2018-12-18 00:12,6484.5,6485.75,6484.25,6485.0,22.0
2018-12-18 00:13,6485.25,6486.5,6485.0,6486.25,35.0
2018-12-18 00:14,6486.5,6487.5,6485.25,6487.5,33.0
2018-12-18 00:15,6487.25,6487.5,6485.0,6486.0,83.0
2018-12-18 00:16,6485.5,6485.5,6481.75,6483.5,131.0
2018-12-18 00:17,6483.25,6484.25,6483.25,6484.0,21.0
2018-12-18 00:18,6483.75,6485.75,6483.5,6483.5,49.0
2018-12-18 00:19,6483.75,6483.75,6481.25,6481.5,57.0
2018-12-18 00:20,6481.75,6484.0,6481.5,6483.5,60.0
2018-12-18 00:21,6484.0,6485.0,6483.75,6485.0,48.0
2018-12-18 00:22,6484.5,6485.75,6483.0,6485.75,20.0
2018-12-18 00:23,6484.75,6485.25,6484.25,6484.75,22.0
2018-12-18 00:24,6484.5,6485.5,6482.75,6485.5,45.0
2018-12-18 00:25,6485.0,6485.0,6483.0,6483.0,14.0
2018-12-18 00:26,6483.25,6484.5,6483.0,6483.25,21.0
2018-12-18 00:27,6482.75,6483.0,6481.25,6482.0,22.0
2018-12-18 00:28,6482.0,6483.5,6479.75,6482.0,41.0
2018-12-18 00:29,6481.75,6481.75,6481.25,6481.5,5.0
2018-12-18 00:30,6481.0,6485.0,6480.25,6483.75,72.0
2018-12-18 00:31,6483.75,6484.5,6482.5,6482.75,29.0
2018-12-18 00:32,6482.5,6482.5,6481.25,6481.5,24.0
2018-12-18 00:33,6481.75,6482.0,6480.75,6480.75,11.0
2018-12-18 00:34,6480.5,6480.5,6478.25,6479.0,56.0
2018-12-18 00:35,6478.75,6480.0,6478.75,6478.75,20.0
2018-12-18 00:36,6479.25,6480.0,6479.25,6480.0,16.0
2018-12-18 00:37,6479.75,6480.25,6479.75,6479.75,4.0
2018-12-18 00:38,6481.0,6483.0,6481.0,6482.5,41.0
2018-12-18 00:39,6483.5,6484.0,6483.0,6483.0,9.0
2018-12-18 00:40,6482.5,6483.0,6480.5,6482.5,21.0
2018-12-18 00:41,6481.75,6483.25,6481.0,6481.75,16.0
2018-12-18 00:42,6481.5,6484.5,6481.5,6484.5,13.0
2018-12-18 00:43,6484.0,6486.5,6483.5,6485.75,34.0
2018-12-18 00:44,6486.25,6489.5,6486.25,6489.5,59.0
2018-12-18 00:45,6489.75,6492.0,6489.5,6491.5,38.0
2018-12-18 00:46,6491.25,6492.0,6490.5,6490.5,14.0
2018-12-18 00:47,6490.75,6491.5,6490.0,6491.0,35.0
2018-12-18 00:48,6491.0,6491.5,6490.25,6491.0,15.0
2018-12-18 00:49,6491.0,6491.0,6490.25,6491.0,9.0
2018-12-18 00:50,6490.25,6490.75,6490.25,6490.5,12.0
2018-12-18 00:51,6490.25,6490.5,6489.5,6490.5,16.0
2018-12-18 00:52,6490.0,6490.25,6489.25,6489.75,13.0
2018-12-18 00:53,6489.5,6491.5,6489.5,6491.0,14.0
2018-12-18 00:54,6490.75,6492.25,6490.5,6491.0,40.0
2018-12-18 00:55,6490.5,6490.5,6488.75,6489.0,39.0
2018-12-18 00:56,6489.0,6489.5,6487.0,6488.75,50.0
2018-12-18 00:57,6489.0,6490.0,6489.0,6490.0,4.0
2018-12-18 00:58,6489.5,6491.0,6489.5,6490.5,30.0
2018-12-18 00:59,6490.75,6491.0,6489.75,6489.75,14.0
2018-12-18 01:00,6490.75,6492.5,6488.25,6489.25,57.0
2018-12-18 01:01,6488.75,6489.5,6487.75,6488.5,30.0
2018-12-18 01:02,6489.0,6489.25,6488.25,6488.25,24.0
2018-12-18 01:03,6488.25,6488.5,6487.5,6488.25,36.0
2018-12-18 01:04,6488.25,6488.75,6488.0,6488.75,17.0
2018-12-18 01:05,6489.0,6491.5,6489.0,6490.5,42.0
2018-12-18 01:06,6490.25,6490.25,6487.0,6488.5,40.0
2018-12-18 01:07,6488.25,6489.5,6487.5,6489.25,44.0
2018-12-18 01:08,6489.75,6491.0,6489.5,6491.0,24.0
2018-12-18 01:09,6491.0,6492.0,6489.25,6491.75,81.0
2018-12-18 01:10,6491.0,6491.75,6489.25,6489.5,60.0
2018-12-18 01:11,6490.0,6490.25,6488.5,6489.0,36.0
2018-12-18 01:12,6489.25,6489.75,6487.75,6488.25,40.0
2018-12-18 01:13,6489.25,6489.75,6488.25,6488.5,19.0
2018-12-18 01:14,6489.0,6489.0,6488.25,6488.75,7.0
2018-12-18 01:15,6488.75,6489.25,6485.25,6487.0,52.0
2018-12-18 01:16,6488.75,6489.25,6487.0,6487.0,10.0
2018-12-18 01:17,6485.5,6489.5,6485.5,6489.5,14.0
2018-12-18 01:18,6489.5,6491.0,6487.5,6490.75,19.0
2018-12-18 01:19,6490.0,6490.0,6488.5,6488.5,8.0
2018-12-18 01:20,6489.75,6490.0,6487.75,6487.75,11.0
2018-12-18 01:21,6487.25,6487.5,6486.25,6486.5,6.0
2018-12-18 01:22,6487.25,6488.75,6486.5,6486.5,14.0
2018-12-18 01:23,6486.25,6486.75,6485.5,6485.75,25.0
2018-12-18 01:24,6485.75,6488.5,6485.75,6488.5,27.0
2018-12-18 01:25,6488.25,6490.5,6488.0,6490.0,42.0
2018-12-18 01:26,6490.0,6492.0,6488.75,6492.0,23.0
2018-12-18 01:27,6491.25,6491.75,6490.75,6491.0,20.0
2018-12-18 01:28,6491.0,6492.25,6491.0,6492.0,9.0
2018-12-18 01:29,6492.0,6493.25,6492.0,6492.25,22.0
2018-12-18 01:30,6493.5,6500.0,6493.5,6500.0,219.0
2018-12-18 01:31,6499.75,6501.5,6498.0,6500.25,95.0
2018-12-18 01:32,6500.0,6501.0,6497.0,6498.0,37.0
2018-12-18 01:33,6497.75,6501.25,6497.75,6499.25,48.0
2018-12-18 01:34,6499.75,6501.5,6499.75,6500.0,23.0
2018-12-18 01:35,6500.75,6501.25,6497.75,6497.75,40.0
2018-12-18 01:36,6498.0,6498.5,6496.25,6497.75,45.0
2018-12-18 01:37,6497.5,6498.0,6494.25,6494.25,15.0
2018-12-18 01:38,6495.75,6497.0,6495.5,6497.0,20.0
2018-12-18 01:39,6496.5,6497.25,6495.0,6496.25,29.0
2018-12-18 01:40,6496.5,6496.5,6493.5,6496.25,46.0
2018-12-18 01:41,6496.5,6500.25,6496.5,6500.25,20.0
2018-12-18 01:42,6500.0,6501.0,6498.5,6499.75,34.0
2018-12-18 01:43,6500.25,6503.0,6500.25,6502.0,65.0
2018-12-18 01:44,6501.25,6502.5,6499.75,6500.0,32.0
2018-12-18 01:45,6499.0,6500.25,6497.5,6499.75,15.0
2018-12-18 01:46,6499.75,6501.0,6499.75,6500.0,18.0
2018-12-18 01:47,6501.0,6502.0,6499.75,6500.75,29.0
2018-12-18 01:48,6500.75,6500.75,6499.25,6499.5,8.0
2018-12-18 01:49,6499.5,6504.5,6499.0,6503.5,52.0
2018-12-18 01:50,6503.5,6503.5,6502.25,6502.25,24.0
2018-12-18 01:51,6502.25,6502.25,6500.25,6501.25,37.0
2018-12-18 01:52,6501.0,6502.5,6500.0,6502.0,19.0
2018-12-18 01:53,6500.75,6501.0,6500.0,6501.0,13.0
2018-12-18 01:54,6500.5,6503.0,6500.5,6502.5,28.0
2018-12-18 01:55,6503.0,6504.0,6501.75,6502.5,27.0
2018-12-18 01:56,6502.25,6504.25,6502.25,6503.75,15.0
2018-12-18 01:57,6504.25,6504.75,6503.5,6504.25,25.0
2018-12-18 01:58,6503.75,6504.5,6503.5,6504.0,9.0
2018-12-18 01:59,6503.75,6505.5,6503.25,6504.25,24.0
2018-12-18 02:00,6504.0,6504.5,6500.0,6500.75,51.0
2018-12-18 02:01,6501.25,6501.75,6500.25,6501.0,15.0
2018-12-18 02:02,6501.0,6502.0,6500.25,6501.0,35.0
2018-12-18 02:03,6500.25,6501.0,6499.0,6499.0,24.0
2018-12-18 02:04,6498.75,6499.0,6498.0,6498.25,27.0
2018-12-18 02:05,6498.0,6498.25,6497.0,6497.75,17.0
2018-12-18 02:06,6498.0,6500.0,6497.75,6499.0,31.0
2018-12-18 02:07,6498.75,6499.0,6496.75,6497.5,39.0
2018-12-18 02:08,6497.5,6498.25,6497.5,6498.25,4.0
2018-12-18 02:09,6497.5,6498.25,6497.5,6498.0,4.0
2018-12-18 02:10,6498.0,6498.0,6496.75,6497.75,17.0
2018-12-18 02:11,6498.25,6499.25,6497.0,6497.0,12.0
2018-12-18 02:12,6496.75,6498.0,6496.0,6497.0,17.0
2018-12-18 02:13,6498.25,6499.0,6498.0,6499.0,13.0
2018-12-18 02:14,6499.0,6499.0,6495.25,6497.0,65.0
2018-12-18 02:15,6497.25,6499.5,6496.75,6498.75,103.0
2018-12-18 02:16,6498.75,6499.75,6497.75,6499.75,17.0
2018-12-18 02:17,6499.25,6500.75,6497.75,6498.75,210.0
2018-12-18 02:18,6499.25,6500.75,6497.75,6500.5,134.0
2018-12-18 02:19,6500.0,6501.0,6498.5,6499.0,25.0
2018-12-18 02:20,6499.0,6499.0,6498.0,6499.0,33.0
2018-12-18 02:21,6498.5,6498.5,6497.25,6497.75,59.0
2018-12-18 02:22,6498.5,6500.0,6495.75,6496.0,135.0
2018-12-18 02:23,6496.0,6496.5,6495.75,6496.0,7.0
2018-12-18 02:24,6496.0,6499.5,6494.0,6498.75,189.0
2018-12-18 02:25,6498.0,6498.75,6497.5,6498.5,24.0
2018-12-18 02:26,6498.5,6499.0,6496.0,6497.0,52.0
2018-12-18 02:27,6496.0,6498.75,6495.75,6497.25,15.0
2018-12-18 02:28,6497.0,6498.25,6495.5,6496.25,71.0
2018-12-18 02:29,6496.5,6498.5,6495.75,6496.25,84.0
2018-12-18 02:30,6496.5,6497.25,6496.0,6496.5,15.0
2018-12-18 02:31,6496.75,6496.75,6496.5,6496.5,3.0
2018-12-18 02:32,6497.0,6498.25,6496.5,6498.0,40.0
2018-12-18 02:33,6498.0,6498.75,6497.5,6498.0,23.0
2018-12-18 02:34,6497.25,6497.5,6497.0,6497.5,5.0
2018-12-18 02:35,6499.75,6499.75,6498.5,6498.5,5.0
2018-12-18 02:36,6498.0,6500.0,6498.0,6498.5,38.0
2018-12-18 02:37,6497.75,6498.0,6497.75,6497.75,3.0
2018-12-18 02:38,6497.25,6498.25,6495.5,6496.25,19.0
2018-12-18 02:39,6497.0,6498.75,6496.0,6498.0,18.0
2018-12-18 02:40,6497.75,6498.0,6497.25,6497.5,10.0
2018-12-18 02:41,6497.25,6498.5,6497.25,6498.5,6.0
2018-12-18 02:42,6498.25,6498.5,6497.25,6497.25,7.0
2018-12-18 02:43,6497.0,6497.75,6497.0,6497.75,17.0
2018-12-18 02:44,6497.75,6498.75,6497.75,6498.75,12.0
2018-12-18 02:45,6498.25,6498.75,6496.5,6496.75,19.0
2018-12-18 02:46,6496.0,6496.25,6495.25,6495.25,32.0
2018-12-18 02:47,6495.25,6498.75,6495.25,6498.25,26.0
2018-12-18 02:49,6498.0,6498.25,6497.25,6497.5,17.0
2018-12-18 02:50,6497.25,6498.0,6497.25,6498.0,3.0
2018-12-18 02:51,6497.25,6497.25,6497.25,6497.25,5.0
2018-12-18 02:52,6496.5,6497.25,6496.0,6497.25,24.0
2018-12-18 02:53,6498.0,6499.5,6498.0,6499.25,16.0
2018-12-18 02:54,6499.5,6499.5,6499.0,6499.0,5.0
2018-12-18 02:55,6498.25,6498.25,6497.25,6498.0,6.0
2018-12-18 02:56,6497.0,6497.0,6496.75,6496.75,6.0
2018-12-18 02:57,6496.5,6496.5,6495.5,6496.0,10.0
2018-12-18 02:58,6495.5,6495.5,6493.5,6493.5,18.0
2018-12-18 02:59,6493.25,6493.25,6491.5,6492.25,36.0
2018-12-18 03:00,6492.0,6493.5,6491.25,6492.75,30.0
2018-12-18 03:01,6493.5,6493.5,6490.0,6490.5,38.0
2018-12-18 03:02,6490.75,6492.0,6490.75,6491.25,18.0
2018-12-18 03:03,6491.25,6491.5,6490.0,6490.5,42.0
2018-12-18 03:04,6490.75,6491.0,6490.0,6490.0,30.0
2018-12-18 03:05,6490.0,6491.5,6490.0,6491.5,94.0
2018-12-18 03:06,6491.25,6491.25,6486.0,6486.5,133.0
2018-12-18 03:07,6486.5,6488.0,6485.75,6487.75,33.0
2018-12-18 03:08,6487.5,6489.75,6487.5,6489.25,18.0
2018-12-18 03:09,6487.5,6487.5,6483.25,6483.25,52.0
2018-12-18 03:10,6483.75,6485.0,6483.25,6485.0,18.0
2018-12-18 03:11,6485.75,6488.0,6485.75,6487.25,23.0
2018-12-18 03:12,6486.75,6486.75,6486.5,6486.5,13.0
2018-12-18 03:13,6485.5,6485.5,6482.75,6485.0,44.0
2018-12-18 03:14,6484.0,6486.0,6484.0,6486.0,9.0
2018-12-18 03:15,6485.5,6487.0,6485.0,6487.0,10.0
2018-12-18 03:16,6487.0,6487.75,6484.5,6484.5,11.0
2018-12-18 03:17,6484.75,6486.25,6480.75,6481.5,59.0
2018-12-18 03:18,6481.0,6481.0,6476.75,6477.0,73.0
2018-12-18 03:19,6477.0,6477.75,6475.75,6476.75,39.0
2018-12-18 03:20,6476.75,6479.25,6474.5,6479.0,80.0
2018-12-18 03:21,6478.5,6478.75,6476.25,6478.0,36.0
2018-12-18 03:22,6476.75,6477.25,6474.75,6476.5,52.0
2018-12-18 03:23,6476.75,6478.0,6476.0,6476.5,23.0
2018-12-18 03:24,6475.75,6476.5,6475.25,6476.5,13.0
2018-12-18 03:25,6476.5,6480.0,6476.5,6480.0,25.0
2018-12-18 03:26,6479.25,6480.25,6479.0,6479.75,23.0
2018-12-18 03:27,6479.5,6482.5,6479.5,6481.75,39.0
2018-12-18 03:28,6481.5,6483.0,6481.5,6482.5,20.0
2018-12-18 03:29,6482.25,6482.25,6480.75,6481.75,30.0
2018-12-18 03:30,6482.0,6482.0,6478.5,6479.0,30.0
2018-12-18 03:31,6478.75,6478.75,6476.75,6477.5,33.0
2018-12-18 03:32,6477.5,6478.5,6477.25,6477.25,12.0
2018-12-18 03:33,6478.5,6478.5,6476.25,6476.25,27.0
2018-12-18 03:34,6475.75,6479.75,6475.25,6478.25,20.0
2018-12-18 03:35,6478.25,6481.25,6478.25,6480.0,33.0
2018-12-18 03:36,6480.25,6480.25,6479.25,6479.25,8.0
2018-12-18 03:37,6477.5,6478.5,6476.75,6477.75,34.0
2018-12-18 03:38,6477.5,6477.75,6476.5,6476.5,10.0
2018-12-18 03:39,6477.0,6477.75,6473.25,6473.25,44.0
2018-12-18 03:40,6474.25,6475.0,6473.5,6474.0,17.0
2018-12-18 03:41,6474.0,6475.0,6472.5,6475.0,24.0
2018-12-18 03:42,6475.5,6475.75,6474.75,6475.0,8.0
2018-12-18 03:43,6475.5,6475.5,6471.75,6471.75,43.0
2018-12-18 03:44,6472.75,6473.0,6469.25,6472.5,84.0
2018-12-18 03:45,6472.0,6473.5,6470.25,6473.0,15.0
2018-12-18 03:46,6473.75,6479.75,6473.75,6478.5,50.0
2018-12-18 03:47,6477.75,6479.5,6477.5,6479.0,25.0
2018-12-18 03:48,6479.5,6479.5,6476.25,6477.0,28.0
2018-12-18 03:49,6476.5,6477.5,6475.75,6476.5,9.0
2018-12-18 03:50,6476.0,6477.5,6476.0,6477.5,18.0
2018-12-18 03:51,6477.5,6480.25,6477.5,6480.25,25.0
2018-12-18 03:52,6480.25,6481.75,6479.25,6480.5,35.0
2018-12-18 03:53,6480.0,6480.75,6478.75,6478.75,13.0
2018-12-18 03:54,6479.75,6480.25,6478.5,6478.5,15.0
2018-12-18 03:55,6477.25,6478.75,6477.25,6478.75,6.0
2018-12-18 03:56,6478.25,6479.0,6478.25,6479.0,2.0
2018-12-18 03:57,6479.75,6480.75,6479.75,6480.75,6.0
2018-12-18 03:58,6480.0,6480.25,6480.0,6480.0,5.0
2018-12-18 03:59,6481.0,6483.0,6480.0,6480.75,67.0
2018-12-18 04:00,6480.25,6480.5,6478.5,6480.0,45.0
2018-12-18 04:01,6480.0,6482.75,6478.5,6482.75,52.0
2018-12-18 04:02,6482.5,6482.5,6481.75,6482.0,10.0
2018-12-18 04:03,6481.5,6488.5,6481.25,6487.5,181.0
2018-12-18 04:04,6488.0,6495.5,6487.75,6495.25,483.0
2018-12-18 04:05,6495.0,6495.75,6495.0,6495.75,252.0
2018-12-18 04:06,6495.5,6497.0,6493.5,6493.5,106.0
2018-12-18 04:07,6493.25,6493.5,6491.25,6492.25,70.0
2018-12-18 04:08,6492.0,6493.0,6490.75,6491.5,35.0
2018-12-18 04:09,6491.5,6492.25,6489.25,6490.25,74.0
2018-12-18 04:10,6489.75,6489.75,6488.0,6488.0,286.0
2018-12-18 04:11,6488.5,6490.25,6488.0,6490.0,42.0
2018-12-18 04:12,6489.25,6490.5,6489.0,6490.0,23.0
2018-12-18 04:13,6489.75,6489.75,6488.75,6488.75,15.0
2018-12-18 04:14,6488.25,6490.5,6488.0,6489.0,31.0
2018-12-18 04:15,6488.5,6489.75,6488.0,6488.0,60.0
2018-12-18 04:16,6488.0,6489.25,6488.0,6488.5,43.0
2018-12-18 04:17,6488.5,6489.25,6488.25,6488.75,21.0
2018-12-18 04:18,6488.75,6489.5,6488.0,6488.0,127.0
2018-12-18 04:19,6488.75,6489.5,6487.5,6489.5,46.0
2018-12-18 04:20,6490.0,6491.0,6489.0,6491.0,24.0
2018-12-18 04:21,6490.75,6490.75,6489.0,6489.0,10.0
2018-12-18 04:22,6488.0,6488.25,6487.25,6488.0,8.0
2018-12-18 04:23,6487.75,6488.0,6487.75,6488.0,2.0
2018-12-18 04:24,6487.75,6489.25,6487.75,6488.25,8.0
2018-12-18 04:25,6488.25,6491.0,6488.0,6488.75,32.0
2018-12-18 04:26,6488.0,6488.25,6487.25,6488.25,12.0
2018-12-18 04:27,6487.5,6488.75,6487.25,6488.75,11.0
2018-12-18 04:28,6488.25,6488.25,6487.25,6487.25,2.0
2018-12-18 04:29,6487.0,6487.25,6482.5,6482.75,71.0
2018-12-18 04:30,6482.25,6484.5,6482.25,6483.25,24.0
2018-12-18 04:31,6482.25,6482.25,6480.0,6481.0,36.0
2018-12-18 04:32,6482.0,6484.25,6482.0,6484.25,16.0
2018-12-18 04:33,6483.0,6484.0,6483.0,6483.25,5.0
2018-12-18 04:34,6482.25,6482.25,6479.5,6480.5,46.0
2018-12-18 04:35,6479.5,6479.5,6477.25,6478.0,29.0
2018-12-18 04:36,6478.25,6480.75,6478.25,6480.75,25.0
2018-12-18 04:37,6481.25,6481.75,6481.0,6481.75,3.0
2018-12-18 04:38,6481.0,6481.0,6480.75,6480.75,4.0
2018-12-18 04:39,6480.75,6481.0,6480.75,6481.0,4.0
2018-12-18 04:40,6481.0,6482.75,6481.0,6482.0,15.0
2018-12-18 04:41,6481.5,6481.5,6481.25,6481.25,2.0
2018-12-18 04:42,6480.75,6482.5,6480.75,6482.5,3.0
2018-12-18 04:43,6481.5,6481.5,6480.25,6481.0,11.0
2018-12-18 04:44,6480.5,6481.0,6480.0,6480.25,10.0
2018-12-18 04:45,6479.25,6479.25,6476.75,6476.75,22.0
2018-12-18 04:46,6476.5,6477.0,6474.0,6475.75,43.0
2018-12-18 04:47,6476.0,6477.5,6476.0,6477.25,8.0
2018-12-18 04:48,6477.0,6478.0,6476.75,6478.0,17.0
2018-12-18 04:49,6477.5,6477.5,6477.0,6477.5,6.0
2018-12-18 04:50,6477.25,6478.75,6477.25,6478.75,17.0
2018-12-18 04:51,6478.25,6481.75,6478.25,6481.25,24.0
2018-12-18 04:52,6481.5,6482.0,6480.75,6481.75,20.0
2018-12-18 04:53,6481.0,6481.0,6478.5,6480.0,11.0
2018-12-18 04:54,6481.25,6482.0,6480.75,6482.0,6.0
2018-12-18 04:55,6481.75,6481.75,6478.75,6479.75,10.0
2018-12-18 04:56,6480.0,6480.0,6478.75,6478.75,7.0
2018-12-18 04:57,6477.25,6477.25,6475.75,6476.25,19.0
2018-12-18 04:58,6476.0,6476.0,6471.75,6473.0,53.0
2018-12-18 04:59,6473.0,6475.0,6473.0,6475.0,16.0
2018-12-18 05:00,6475.0,6475.0,6467.0,6468.75,99.0
2018-12-18 05:01,6468.5,6474.75,6468.5,6472.25,32.0
2018-12-18 05:02,6472.75,6477.25,6472.75,6476.0,30.0
2018-12-18 05:03,6474.5,6475.0,6472.75,6474.0,11.0
2018-12-18 05:04,6474.75,6477.25,6474.75,6476.5,18.0
2018-12-18 05:05,6476.25,6476.25,6473.75,6473.75,10.0
2018-12-18 05:06,6473.0,6474.25,6470.0,6470.25,28.0
2018-12-18 05:07,6470.25,6471.5,6468.0,6468.5,76.0
2018-12-18 05:08,6468.5,6471.0,6468.5,6470.25,52.0
2018-12-18 05:09,6470.25,6473.0,6470.25,6473.0,12.0
2018-12-18 05:10,6473.0,6474.0,6470.25,6471.25,8.0
2018-12-18 05:11,6470.5,6473.0,6469.5,6472.5,52.0
2018-12-18 05:12,6471.25,6472.75,6470.5,6472.75,22.0
2018-12-18 05:13,6471.0,6472.25,6470.0,6470.0,19.0
2018-12-18 05:14,6469.5,6472.75,6468.75,6472.5,48.0
2018-12-18 05:15,6471.75,6471.75,6470.0,6470.25,10.0
2018-12-18 05:16,6469.75,6471.0,6468.75,6471.0,20.0
2018-12-18 05:17,6470.25,6475.5,6470.25,6473.75,19.0
2018-12-18 05:18,6474.5,6476.5,6473.75,6476.5,19.0
2018-12-18 05:19,6476.75,6479.75,6476.0,6478.5,39.0
2018-12-18 05:20,6478.25,6479.5,6476.25,6477.25,37.0
2018-12-18 05:21,6477.0,6477.25,6475.5,6476.0,29.0
2018-12-18 05:22,6476.0,6476.0,6475.0,6475.75,13.0
2018-12-18 05:23,6475.75,6478.25,6474.75,6477.75,49.0
2018-12-18 05:24,6477.75,6480.5,6477.75,6479.25,21.0
2018-12-18 05:25,6479.5,6479.5,6476.5,6476.5,14.0
2018-12-18 05:26,6477.0,6477.0,6475.25,6476.25,17.0
2018-12-18 05:27,6476.0,6476.0,6472.5,6474.25,42.0
2018-12-18 05:28,6474.25,6474.75,6472.5,6474.75,6.0
2018-12-18 05:29,6473.75,6474.75,6473.5,6473.5,12.0
2018-12-18 05:30,6473.75,6474.75,6472.0,6473.0,18.0
2018-12-18 05:31,6473.0,6475.5,6473.0,6475.5,5.0
2018-12-18 05:32,6475.5,6475.5,6473.75,6473.75,3.0
2018-12-18 05:33,6474.0,6478.0,6474.0,6476.75,46.0
2018-12-18 05:34,6477.25,6479.25,6474.25,6475.5,45.0
2018-12-18 05:35,6475.25,6477.0,6474.25,6474.5,39.0
2018-12-18 05:36,6475.5,6476.25,6474.5,6474.5,11.0
2018-12-18 05:37,6474.75,6476.25,6473.75,6474.5,27.0
2018-12-18 05:38,6475.25,6476.75,6475.25,6476.75,7.0
2018-12-18 05:39,6476.25,6477.0,6476.25,6476.25,8.0
2018-12-18 05:40,6476.25,6476.25,6475.25,6476.25,11.0
2018-12-18 05:41,6475.75,6476.25,6475.5,6475.5,3.0
2018-12-18 05:42,6474.75,6476.5,6470.75,6472.25,45.0
2018-12-18 05:43,6473.75,6475.5,6471.75,6472.5,28.0
2018-12-18 05:44,6472.75,6474.25,6472.75,6473.5,12.0
2018-12-18 05:45,6472.75,6473.0,6471.75,6471.75,7.0
2018-12-18 05:46,6471.0,6471.0,6469.75,6470.75,23.0
2018-12-18 05:47,6470.5,6471.25,6470.5,6471.25,11.0
2018-12-18 05:48,6470.0,6470.0,6469.0,6470.0,9.0
2018-12-18 05:49,6469.75,6470.75,6469.0,6469.5,26.0
2018-12-18 05:50,6470.0,6470.75,6469.25,6470.0,17.0
2018-12-18 05:51,6469.5,6471.25,6469.5,6471.25,7.0
2018-12-18 05:52,6471.5,6471.5,6468.75,6469.25,14.0
2018-12-18 05:53,6469.75,6469.75,6468.0,6468.0,11.0
2018-12-18 05:54,6467.75,6468.0,6467.0,6467.0,8.0
2018-12-18 05:55,6466.75,6467.75,6465.75,6467.0,34.0
2018-12-18 05:56,6466.25,6466.25,6463.25,6465.25,34.0
2018-12-18 05:57,6465.75,6469.5,6465.25,6468.75,38.0
2018-12-18 05:58,6469.0,6470.75,6466.75,6469.0,38.0
2018-12-18 05:59,6468.75,6468.75,6466.75,6467.5,23.0
2018-12-18 06:00,6468.0,6468.0,6465.75,6466.0,32.0
2018-12-18 06:01,6466.25,6469.5,6466.25,6468.5,17.0
2018-12-18 06:02,6469.5,6470.0,6468.75,6470.0,16.0
2018-12-18 06:03,6471.5,6471.75,6470.25,6470.75,8.0
2018-12-18 06:04,6470.0,6471.0,6469.5,6469.5,10.0
2018-12-18 06:05,6469.25,6469.25,6468.75,6469.25,11.0
2018-12-18 06:06,6469.0,6472.5,6469.0,6471.75,18.0
2018-12-18 06:07,6472.5,6475.75,6472.5,6473.5,45.0
2018-12-18 06:08,6474.75,6480.0,6474.75,6479.25,78.0
2018-12-18 06:09,6480.0,6480.0,6478.75,6479.5,35.0
2018-12-18 06:10,6480.0,6480.0,6479.0,6479.0,37.0
2018-12-18 06:11,6478.75,6478.75,6476.0,6477.25,19.0
2018-12-18 06:12,6476.25,6477.25,6475.5,6477.25,7.0
2018-12-18 06:13,6477.0,6477.0,6476.25,6476.5,5.0
2018-12-18 06:14,6476.0,6476.5,6476.0,6476.5,2.0
2018-12-18 06:15,6476.5,6476.5,6475.0,6476.5,9.0
2018-12-18 06:16,6477.5,6480.0,6477.5,6478.0,34.0
2018-12-18 06:17,6478.0,6478.0,6477.0,6477.75,8.0
2018-12-18 06:18,6478.0,6480.75,6478.0,6480.5,19.0
2018-12-18 06:19,6481.0,6481.0,6478.25,6478.75,29.0
2018-12-18 06:20,6478.5,6478.75,6478.0,6478.75,9.0
2018-12-18 06:21,6478.5,6478.75,6477.5,6477.5,16.0
2018-12-18 06:22,6477.0,6479.5,6477.0,6479.25,25.0
2018-12-18 06:23,6479.0,6479.5,6479.0,6479.25,5.0
2018-12-18 06:24,6479.75,6481.0,6479.0,6480.5,23.0
2018-12-18 06:25,6480.75,6480.75,6479.75,6479.75,5.0
2018-12-18 06:26,6479.25,6479.25,6478.5,6479.25,8.0
2018-12-18 06:27,6480.0,6480.25,6479.0,6479.0,8.0
2018-12-18 06:28,6479.0,6479.0,6478.0,6478.0,4.0
2018-12-18 06:29,6478.25,6479.25,6478.25,6479.25,6.0
2018-12-18 06:30,6478.5,6479.75,6478.25,6478.5,12.0
2018-12-18 06:31,6478.5,6478.75,6478.5,6478.75,18.0
2018-12-18 06:32,6478.5,6479.5,6477.75,6479.5,19.0
2018-12-18 06:33,6479.75,6481.5,6479.75,6481.25,36.0
2018-12-18 06:34,6481.75,6481.75,6480.5,6480.5,15.0
2018-12-18 06:35,6480.5,6480.5,6479.5,6479.5,12.0
2018-12-18 06:36,6480.0,6480.0,6478.0,6478.0,34.0
2018-12-18 06:37,6478.5,6478.5,6477.75,6478.25,10.0
2018-12-18 06:38,6478.75,6478.75,6477.25,6477.25,11.0
2018-12-18 06:39,6477.75,6478.5,6477.0,6478.0,93.0
2018-12-18 06:40,6477.5,6477.75,6474.5,6475.5,108.0
2018-12-18 06:41,6475.75,6476.5,6475.75,6476.5,16.0
2018-12-18 06:42,6476.25,6477.5,6476.0,6476.25,33.0
2018-12-18 06:43,6476.0,6476.75,6475.75,6476.5,11.0
2018-12-18 06:44,6476.25,6476.5,6475.75,6476.25,23.0
2018-12-18 06:45,6476.25,6476.5,6475.75,6475.75,7.0
2018-12-18 06:46,6475.5,6475.5,6473.75,6474.25,21.0
2018-12-18 06:47,6473.75,6474.0,6471.25,6473.25,56.0
2018-12-18 06:48,6473.0,6473.75,6472.25,6473.5,27.0
2018-12-18 06:49,6473.75,6474.25,6473.75,6473.75,7.0
2018-12-18 06:50,6474.0,6476.75,6473.5,6476.75,37.0
2018-12-18 06:51,6476.5,6477.5,6475.75,6477.0,70.0
2018-12-18 06:52,6477.0,6479.25,6477.0,6478.5,37.0
2018-12-18 06:53,6478.5,6479.5,6478.0,6478.25,35.0
2018-12-18 06:54,6478.25,6478.75,6477.5,6478.0,24.0
2018-12-18 06:55,6477.75,6480.5,6477.75,6479.75,23.0
2018-12-18 06:56,6479.75,6481.0,6479.5,6480.25,37.0
2018-12-18 06:57,6480.25,6482.5,6480.25,6481.5,56.0
2018-12-18 06:58,6481.5,6484.25,6481.5,6482.75,54.0
2018-12-18 06:59,6483.25,6484.25,6482.5,6483.25,64.0
2018-12-18 07:00,6483.25,6485.0,6482.0,6484.5,81.0
2018-12-18 07:01,6484.0,6487.75,6483.25,6485.5,78.0
2018-12-18 07:02,6485.0,6486.5,6484.25,6485.75,60.0
2018-12-18 07:03,6485.25,6485.25,6480.75,6481.25,75.0
2018-12-18 07:04,6481.0,6481.0,6479.0,6479.5,53.0
2018-12-18 07:05,6479.5,6479.5,6476.75,6477.0,57.0
2018-12-18 07:06,6477.75,6479.5,6476.75,6479.25,27.0
2018-12-18 07:07,6478.75,6478.75,6476.25,6476.25,21.0
2018-12-18 07:08,6476.0,6478.0,6476.0,6476.5,21.0
2018-12-18 07:09,6476.25,6478.5,6476.25,6477.75,23.0
2018-12-18 07:10,6478.25,6480.0,6478.25,6480.0,18.0
2018-12-18 07:11,6480.0,6482.75,6479.75,6480.0,74.0
2018-12-18 07:12,6480.25,6481.5,6480.25,6481.0,17.0
2018-12-18 07:13,6480.5,6480.75,6478.75,6479.0,15.0
2018-12-18 07:14,6478.75,6479.75,6478.25,6479.75,36.0
2018-12-18 07:15,6479.0,6479.0,6477.25,6478.0,42.0
2018-12-18 07:16,6478.25,6481.0,6478.25,6481.0,33.0
2018-12-18 07:17,6479.5,6479.75,6478.75,6479.0,18.0
2018-12-18 07:18,6479.0,6479.5,6477.75,6477.75,12.0
2018-12-18 07:19,6477.5,6478.0,6474.25,6474.75,46.0
2018-12-18 07:20,6475.0,6475.0,6473.0,6474.5,32.0
2018-12-18 07:21,6474.5,6474.5,6468.75,6470.0,128.0
2018-12-18 07:22,6469.25,6473.5,6469.25,6470.5,73.0
2018-12-18 07:23,6470.5,6471.0,6468.75,6469.0,19.0
2018-12-18 07:24,6468.5,6469.25,6467.5,6467.75,31.0
2018-12-18 07:25,6467.0,6468.25,6465.25,6467.0,37.0
2018-12-18 07:26,6467.75,6468.5,6466.5,6467.75,32.0
2018-12-18 07:27,6467.75,6468.5,6466.5,6468.25,24.0
2018-12-18 07:28,6468.25,6470.75,6468.25,6469.25,39.0
2018-12-18 07:29,6469.75,6471.25,6469.75,6470.25,35.0
2018-12-18 07:30,6469.25,6471.0,6468.5,6470.75,25.0
2018-12-18 07:31,6470.5,6471.25,6470.25,6471.25,26.0
2018-12-18 07:32,6471.0,6471.0,6469.0,6470.75,13.0
2018-12-18 07:33,6470.0,6479.75,6469.0,6479.0,74.0
2018-12-18 07:34,6479.75,6487.0,6477.25,6484.0,111.0
2018-12-18 07:35,6484.25,6494.25,6484.25,6491.5,151.0
2018-12-18 07:36,6491.0,6493.0,6489.5,6490.75,65.0
2018-12-18 07:37,6490.75,6491.75,6489.75,6490.25,28.0
2018-12-18 07:38,6490.25,6490.25,6488.0,6489.25,28.0
2018-12-18 07:39,6488.75,6489.25,6486.75,6487.5,20.0
2018-12-18 07:40,6488.25,6490.25,6488.0,6488.75,32.0
2018-12-18 07:41,6489.0,6489.25,6488.25,6489.0,10.0
2018-12-18 07:42,6489.25,6489.25,6486.0,6486.75,24.0
2018-12-18 07:43,6485.75,6489.25,6485.25,6487.25,22.0
2018-12-18 07:44,6486.5,6489.25,6486.5,6488.25,27.0
2018-12-18 07:45,6488.75,6488.75,6486.0,6486.75,12.0
2018-12-18 07:46,6485.75,6493.75,6483.25,6492.75,63.0
2018-12-18 07:47,6491.25,6491.75,6488.75,6489.5,28.0
2018-12-18 07:48,6490.0,6491.25,6489.75,6490.0,13.0
2018-12-18 07:49,6489.75,6490.0,6488.5,6489.0,25.0
2018-12-18 07:50,6489.0,6491.25,6489.0,6489.25,30.0
2018-12-18 07:51,6488.5,6489.5,6487.75,6489.0,17.0
2018-12-18 07:52,6488.0,6489.75,6488.0,6489.75,9.0
2018-12-18 07:53,6488.5,6492.0,6488.5,6491.0,12.0
2018-12-18 07:54,6491.75,6492.0,6490.75,6491.5,15.0
2018-12-18 07:55,6491.5,6491.75,6491.25,6491.25,9.0
2018-12-18 07:56,6491.25,6492.25,6489.5,6489.5,12.0
2018-12-18 07:57,6489.0,6489.0,6486.5,6488.0,20.0
2018-12-18 07:58,6487.75,6488.25,6486.5,6487.0,21.0
2018-12-18 07:59,6486.5,6489.5,6486.25,6487.5,54.0
2018-12-18 08:00,6486.25,6486.25,6481.75,6484.5,72.0
2018-12-18 08:01,6483.75,6489.5,6479.5,6489.0,72.0
2018-12-18 08:02,6489.75,6489.75,6483.25,6483.25,33.0
2018-12-18 08:03,6483.25,6487.0,6482.5,6486.5,32.0
2018-12-18 08:04,6484.75,6485.25,6476.5,6476.5,83.0
2018-12-18 08:05,6476.5,6478.75,6475.5,6475.5,95.0
2018-12-18 08:06,6476.25,6481.5,6475.25,6480.0,77.0
2018-12-18 08:07,6480.25,6481.0,6478.75,6481.0,49.0
2018-12-18 08:08,6481.0,6482.5,6479.5,6481.5,46.0
2018-12-18 08:09,6481.5,6481.5,6479.0,6479.75,44.0
2018-12-18 08:10,6479.25,6479.75,6476.0,6477.25,83.0
2018-12-18 08:11,6478.0,6479.5,6473.5,6475.75,67.0
2018-12-18 08:12,6476.25,6479.25,6474.5,6478.75,41.0
2018-12-18 08:13,6478.5,6480.25,6477.25,6479.0,33.0
2018-12-18 08:14,6478.25,6478.5,6476.0,6477.5,32.0
2018-12-18 08:15,6476.0,6477.5,6471.5,6473.25,53.0
2018-12-18 08:16,6473.5,6476.0,6472.75,6475.5,23.0
2018-12-18 08:17,6475.75,6476.5,6474.0,6474.25,38.0
2018-12-18 08:18,6474.25,6476.0,6472.5,6475.75,23.0
2018-12-18 08:19,6476.25,6476.25,6469.25,6469.5,51.0
2018-12-18 08:20,6469.25,6472.75,6469.25,6471.25,37.0
2018-12-18 08:21,6471.0,6473.75,6470.5,6473.5,35.0
2018-12-18 08:22,6473.25,6473.5,6471.0,6472.5,63.0
2018-12-18 08:23,6473.25,6476.0,6472.5,6475.0,19.0
2018-12-18 08:24,6476.0,6480.0,6475.5,6479.0,38.0
2018-12-18 08:25,6480.0,6482.0,6479.5,6479.5,46.0
2018-12-18 08:26,6479.5,6480.25,6476.75,6477.0,40.0
2018-12-18 08:27,6477.0,6477.25,6474.75,6475.5,31.0
2018-12-18 08:28,6475.5,6478.75,6473.75,6474.75,46.0
2018-12-18 08:29,6475.75,6477.25,6475.5,6476.5,29.0
2018-12-18 08:30,6476.0,6482.25,6475.5,6482.0,102.0
2018-12-18 08:31,6482.25,6483.5,6480.25,6483.5,45.0
2018-12-18 08:32,6483.75,6484.5,6482.25,6483.25,19.0
2018-12-18 08:33,6483.0,6485.0,6483.0,6484.0,21.0
2018-12-18 08:34,6483.0,6485.75,6482.75,6485.5,45.0
2018-12-18 08:35,6485.75,6487.75,6484.0,6487.25,40.0
2018-12-18 08:36,6488.0,6488.0,6484.75,6486.5,25.0
2018-12-18 08:37,6487.0,6487.75,6484.0,6487.25,22.0
2018-12-18 08:38,6487.5,6489.5,6486.5,6486.5,60.0
2018-12-18 08:39,6485.75,6488.75,6485.5,6486.0,29.0
2018-12-18 08:40,6485.0,6487.0,6484.25,6485.0,23.0
2018-12-18 08:41,6484.75,6484.75,6481.0,6483.25,66.0
2018-12-18 08:42,6483.0,6483.75,6482.25,6482.75,21.0
2018-12-18 08:43,6483.25,6484.0,6483.25,6484.0,7.0
2018-12-18 08:44,6484.25,6484.25,6481.0,6481.5,24.0
2018-12-18 08:45,6480.75,6481.25,6479.0,6480.5,29.0
2018-12-18 08:46,6481.0,6483.0,6480.25,6483.0,21.0
2018-12-18 08:47,6482.75,6484.25,6482.5,6484.0,11.0
2018-12-18 08:48,6484.75,6488.75,6482.75,6486.75,33.0
2018-12-18 08:49,6487.0,6489.0,6487.0,6487.0,54.0
2018-12-18 08:50,6486.75,6488.0,6484.0,6488.0,38.0
2018-12-18 08:51,6487.75,6489.0,6486.5,6486.75,25.0
2018-12-18 08:52,6486.25,6487.75,6486.0,6487.75,28.0
2018-12-18 08:53,6486.25,6491.5,6486.25,6491.0,61.0
2018-12-18 08:54,6490.0,6490.5,6487.75,6488.25,18.0
2018-12-18 08:55,6488.25,6488.25,6484.75,6486.0,20.0
2018-12-18 08:56,6486.75,6488.25,6486.5,6486.75,33.0
2018-12-18 08:57,6486.5,6486.5,6482.5,6484.0,39.0
2018-12-18 08:58,6486.5,6487.75,6485.75,6487.5,11.0
2018-12-18 08:59,6488.5,6488.75,6488.25,6488.25,19.0
2018-12-18 09:00,6487.5,6487.5,6481.0,6484.75,33.0
2018-12-18 09:01,6483.5,6484.5,6483.25,6483.75,23.0
2018-12-18 09:02,6484.0,6489.0,6484.0,6487.25,104.0
2018-12-18 09:03,6487.25,6487.25,6476.0,6476.75,83.0
2018-12-18 09:04,6477.25,6478.25,6477.25,6477.75,41.0
2018-12-18 09:05,6478.0,6479.25,6476.25,6477.0,54.0
2018-12-18 09:06,6476.75,6477.25,6475.75,6476.25,37.0
2018-12-18 09:07,6476.25,6476.5,6474.75,6475.0,44.0
2018-12-18 09:08,6474.25,6479.0,6474.25,6477.0,58.0
2018-12-18 09:09,6476.75,6478.0,6476.25,6477.5,20.0
2018-12-18 09:10,6477.25,6478.0,6474.0,6477.5,46.0
2018-12-18 09:11,6477.0,6479.0,6476.25,6476.5,40.0
2018-12-18 09:12,6477.0,6485.0,6476.25,6484.75,31.0
2018-12-18 09:13,6484.25,6485.75,6483.25,6484.0,37.0
2018-12-18 09:14,6484.25,6488.75,6484.25,6485.75,38.0
2018-12-18 09:15,6486.25,6487.5,6484.25,6484.5,30.0
2018-12-18 09:16,6486.0,6486.5,6482.25,6483.5,33.0
2018-12-18 09:17,6483.25,6483.5,6480.25,6483.25,69.0
2018-12-18 09:18,6482.25,6482.25,6477.0,6477.5,40.0
2018-12-18 09:19,6476.75,6477.75,6474.5,6475.75,43.0
2018-12-18 09:20,6476.25,6476.25,6474.25,6476.0,52.0
2018-12-18 09:21,6475.75,6478.5,6475.25,6475.75,49.0
2018-12-18 09:22,6475.5,6475.75,6471.75,6473.25,53.0
2018-12-18 09:23,6473.25,6477.5,6473.0,6476.75,22.0
2018-12-18 09:24,6476.25,6477.0,6473.75,6476.75,39.0
2018-12-18 09:25,6477.5,6481.0,6477.0,6477.75,61.0
2018-12-18 09:26,6477.5,6483.5,6477.0,6477.5,112.0
2018-12-18 09:27,6478.0,6482.0,6477.75,6481.75,40.0
2018-12-18 09:28,6481.25,6482.75,6480.0,6481.25,21.0
2018-12-18 09:29,6480.0,6481.0,6477.0,6477.0,30.0
2018-12-18 09:30,6475.5,6479.25,6473.25,6474.5,41.0
2018-12-18 09:31,6473.75,6478.0,6473.75,6476.75,20.0
2018-12-18 09:32,6476.5,6480.25,6476.5,6478.5,21.0
2018-12-18 09:33,6479.0,6479.0,6475.75,6477.75,14.0
2018-12-18 09:34,6476.75,6480.25,6476.5,6480.25,10.0
2018-12-18 09:35,6480.75,6482.5,6479.0,6482.25,48.0
2018-12-18 09:36,6482.5,6483.25,6480.75,6481.75,34.0
2018-12-18 09:37,6480.75,6483.0,6480.5,6482.25,11.0
2018-12-18 09:38,6481.75,6483.5,6481.75,6481.75,16.0
2018-12-18 09:39,6483.0,6484.0,6481.75,6483.0,26.0
2018-12-18 09:40,6482.5,6487.5,6482.25,6484.75,79.0
2018-12-18 09:41,6485.0,6487.5,6485.0,6487.0,83.0
2018-12-18 09:42,6487.75,6489.75,6487.5,6489.0,53.0
2018-12-18 09:43,6489.25,6491.0,6488.25,6490.0,57.0
2018-12-18 09:44,6488.5,6490.75,6488.25,6490.25,44.0
2018-12-18 09:45,6491.0,6493.0,6490.5,6492.25,76.0
2018-12-18 09:46,6492.75,6495.0,6491.0,6494.25,82.0
2018-12-18 09:47,6494.25,6495.0,6493.5,6494.25,94.0
2018-12-18 09:48,6494.25,6498.5,6494.0,6497.0,66.0
2018-12-18 09:49,6496.75,6497.75,6496.75,6497.25,19.0
2018-12-18 09:50,6497.75,6500.0,6496.75,6499.0,178.0
2018-12-18 09:51,6499.0,6499.0,6497.0,6497.25,38.0
2018-12-18 09:52,6496.25,6497.5,6494.75,6494.75,40.0
2018-12-18 09:53,6495.0,6497.25,6493.5,6497.25,43.0
2018-12-18 09:54,6496.0,6496.25,6494.75,6496.0,22.0
2018-12-18 09:55,6496.25,6498.5,6496.0,6498.0,40.0
2018-12-18 09:56,6498.25,6500.0,6498.0,6498.5,45.0
2018-12-18 09:57,6498.5,6498.5,6496.25,6497.75,35.0
2018-12-18 09:58,6497.0,6500.0,6497.0,6500.0,37.0
2018-12-18 09:59,6500.0,6500.0,6498.25,6499.5,11.0
2018-12-18 10:00,6497.75,6497.75,6495.75,6496.5,43.0
2018-12-18 10:01,6496.5,6496.75,6494.25,6495.5,33.0
2018-12-18 10:02,6496.0,6496.0,6494.75,6495.0,30.0
2018-12-18 10:03,6494.75,6494.75,6493.0,6494.0,73.0
2018-12-18 10:04,6494.75,6496.25,6494.25,6495.5,23.0
2018-12-18 10:05,6495.0,6496.0,6494.0,6494.5,49.0
2018-12-18 10:06,6494.0,6497.5,6494.0,6497.5,30.0
2018-12-18 10:07,6498.5,6500.0,6495.25,6496.0,43.0
2018-12-18 10:08,6495.75,6496.25,6494.75,6495.5,29.0
2018-12-18 10:09,6496.0,6497.75,6495.5,6497.75,28.0
2018-12-18 10:10,6498.0,6498.0,6496.5,6497.5,10.0
2018-12-18 10:11,6497.5,6498.5,6497.5,6498.5,8.0
2018-12-18 10:12,6497.0,6497.5,6496.5,6496.5,12.0
2018-12-18 10:13,6496.5,6496.75,6495.0,6496.75,13.0
2018-12-18 10:14,6495.75,6498.5,6495.75,6497.75,10.0
2018-12-18 10:15,6498.25,6500.0,6497.0,6499.0,22.0
2018-12-18 10:16,6497.5,6499.25,6495.75,6496.25,37.0
2018-12-18 10:17,6496.25,6496.25,6495.0,6495.75,17.0
2018-12-18 10:18,6495.75,6495.75,6494.25,6494.5,18.0
2018-12-18 10:19,6494.75,6498.75,6494.75,6497.0,21.0
2018-12-18 10:20,6497.75,6497.75,6497.0,6497.0,8.0
2018-12-18 10:21,6496.5,6502.25,6496.5,6501.5,72.0
2018-12-18 10:22,6502.0,6505.75,6501.0,6502.0,132.0
2018-12-18 10:23,6501.25,6502.5,6500.75,6502.25,56.0
2018-12-18 10:24,6502.25,6502.5,6498.25,6499.75,74.0
2018-12-18 10:25,6500.75,6501.25,6498.25,6498.5,19.0
2018-12-18 10:26,6498.0,6498.5,6497.75,6498.25,10.0
2018-12-18 10:27,6498.5,6499.75,6498.5,6499.75,13.0
2018-12-18 10:28,6501.25,6502.5,6501.0,6501.75,19.0
2018-12-18 10:29,6502.25,6503.75,6502.25,6503.25,12.0
2018-12-18 10:30,6502.0,6502.75,6500.5,6500.5,25.0
2018-12-18 10:31,6500.25,6502.5,6498.25,6498.5,34.0
2018-12-18 10:32,6498.75,6501.5,6497.75,6501.25,42.0
2018-12-18 10:33,6501.25,6501.25,6498.5,6499.0,20.0
2018-12-18 10:34,6499.25,6499.75,6497.5,6499.75,30.0
2018-12-18 10:35,6499.5,6499.75,6498.5,6498.5,6.0
2018-12-18 10:36,6498.25,6499.75,6498.0,6499.75,7.0
2018-12-18 10:37,6499.75,6499.75,6496.5,6497.5,27.0
2018-12-18 10:38,6497.5,6498.0,6495.75,6496.25,20.0
2018-12-18 10:39,6496.5,6496.5,6495.25,6496.0,21.0
2018-12-18 10:40,6496.0,6496.25,6495.5,6495.5,4.0
2018-12-18 10:41,6496.0,6496.0,6494.0,6494.25,48.0
2018-12-18 10:42,6494.5,6494.75,6492.75,6493.75,93.0
2018-12-18 10:43,6493.5,6493.5,6488.0,6490.25,131.0
2018-12-18 10:44,6489.5,6492.75,6489.5,6490.75,48.0
2018-12-18 10:45,6490.5,6490.5,6488.25,6488.5,28.0
2018-12-18 10:46,6488.5,6489.0,6487.0,6487.25,38.0
2018-12-18 10:47,6487.75,6489.25,6487.75,6488.75,11.0
2018-12-18 10:48,6489.5,6490.0,6488.5,6488.5,20.0
2018-12-18 10:49,6488.75,6489.0,6486.5,6486.75,16.0
2018-12-18 10:50,6487.25,6489.75,6487.0,6489.75,18.0
2018-12-18 10:51,6489.5,6489.5,6489.0,6489.0,9.0
2018-12-18 10:52,6488.5,6489.75,6487.25,6489.5,25.0
2018-12-18 10:53,6489.75,6490.5,6489.25,6490.0,22.0
2018-12-18 10:54,6490.25,6492.75,6489.75,6491.25,69.0
2018-12-18 10:55,6491.0,6492.0,6488.5,6488.5,48.0
2018-12-18 10:56,6488.0,6489.25,6488.0,6489.0,12.0
2018-12-18 10:57,6490.75,6490.75,6487.0,6487.75,28.0
2018-12-18 10:58,6486.75,6489.0,6486.5,6489.0,21.0
2018-12-18 10:59,6490.5,6491.25,6489.25,6490.25,25.0
2018-12-18 11:00,6489.25,6489.25,6488.25,6488.5,24.0
2018-12-18 11:01,6488.25,6491.75,6488.25,6491.5,16.0
2018-12-18 11:02,6492.25,6492.5,6490.75,6491.25,37.0
2018-12-18 11:03,6491.25,6495.25,6491.25,6495.25,52.0
2018-12-18 11:04,6495.25,6496.5,6495.0,6496.5,48.0
2018-12-18 11:05,6496.0,6499.25,6496.0,6497.5,62.0
2018-12-18 11:06,6498.0,6499.25,6497.5,6499.0,55.0
2018-12-18 11:07,6498.75,6499.5,6497.5,6497.5,27.0
2018-12-18 11:08,6498.0,6498.75,6496.5,6498.75,22.0
2018-12-18 11:09,6499.0,6500.75,6498.0,6500.5,47.0
2018-12-18 11:10,6500.5,6500.5,6498.25,6499.0,22.0
2018-12-18 11:11,6499.75,6501.5,6499.5,6501.0,25.0
2018-12-18 11:12,6500.5,6501.75,6500.5,6501.25,18.0
2018-12-18 11:13,6501.75,6503.25,6501.25,6502.75,23.0
2018-12-18 11:14,6502.25,6504.5,6502.0,6502.75,78.0
2018-12-18 11:15,6502.75,6504.0,6502.5,6503.5,45.0
2018-12-18 11:16,6502.75,6502.75,6501.25,6502.75,40.0
2018-12-18 11:17,6503.5,6503.5,6495.5,6496.0,104.0
2018-12-18 11:18,6496.0,6500.5,6496.0,6498.75,55.0
2018-12-18 11:19,6499.25,6499.5,6497.5,6497.5,32.0
2018-12-18 11:20,6497.75,6499.25,6497.75,6499.25,18.0
2018-12-18 11:21,6499.25,6499.25,6497.75,6497.75,8.0
2018-12-18 11:22,6498.0,6498.75,6496.25,6497.25,28.0
2018-12-18 11:23,6497.25,6497.25,6496.25,6496.25,16.0
2018-12-18 11:24,6496.0,6498.0,6496.0,6497.75,18.0
2018-12-18 11:25,6499.75,6505.5,6499.75,6505.0,79.0
2018-12-18 11:26,6504.25,6504.75,6500.75,6502.5,32.0
2018-12-18 11:27,6503.25,6503.75,6501.5,6502.25,46.0
2018-12-18 11:28,6502.0,6503.75,6502.0,6503.75,14.0
2018-12-18 11:29,6503.75,6503.75,6500.5,6501.5,33.0
2018-12-18 11:30,6501.5,6501.5,6500.0,6501.5,20.0
2018-12-18 11:31,6500.25,6500.25,6498.0,6498.0,30.0
2018-12-18 11:32,6498.25,6499.0,6496.5,6497.75,20.0
2018-12-18 11:33,6497.75,6498.25,6496.5,6498.25,8.0
2018-12-18 11:34,6498.25,6499.0,6497.25,6497.75,32.0
2018-12-18 11:35,6497.75,6499.0,6496.5,6497.0,36.0
2018-12-18 11:36,6497.0,6497.5,6494.5,6495.0,40.0
2018-12-18 11:37,6495.0,6497.25,6495.0,6495.75,38.0
2018-12-18 11:38,6496.0,6497.5,6494.0,6497.25,53.0
2018-12-18 11:39,6497.25,6500.75,6496.75,6500.0,61.0
2018-12-18 11:40,6501.0,6503.0,6500.5,6501.5,61.0
2018-12-18 11:41,6501.5,6504.5,6501.5,6504.5,65.0
2018-12-18 11:42,6504.5,6509.75,6504.5,6508.75,171.0
2018-12-18 11:43,6508.5,6508.5,6505.25,6505.75,50.0
2018-12-18 11:44,6505.5,6506.25,6505.25,6505.25,20.0
2018-12-18 11:45,6505.0,6508.0,6505.0,6508.0,36.0
2018-12-18 11:46,6508.25,6509.5,6507.25,6507.25,48.0
2018-12-18 11:47,6507.75,6508.25,6504.75,6505.0,51.0
2018-12-18 11:48,6505.75,6505.75,6503.75,6505.0,16.0
2018-12-18 11:49,6504.75,6505.0,6499.5,6501.0,67.0
2018-12-18 11:50,6500.5,6501.0,6499.0,6499.0,62.0
2018-12-18 11:51,6499.25,6502.0,6498.75,6501.25,38.0
2018-12-18 11:52,6502.0,6502.25,6500.5,6500.75,31.0
2018-12-18 11:53,6500.25,6504.25,6500.25,6503.75,35.0
2018-12-18 11:54,6503.5,6504.5,6502.25,6502.25,43.0
2018-12-18 11:55,6500.75,6504.25,6500.75,6504.0,12.0
2018-12-18 11:56,6504.0,6504.0,6499.5,6499.5,38.0
2018-12-18 11:57,6499.75,6500.25,6498.5,6499.0,33.0
2018-12-18 11:58,6498.5,6500.25,6498.0,6500.25,29.0
2018-12-18 11:59,6500.5,6502.25,6500.0,6502.25,14.0
2018-12-18 12:00,6502.0,6502.5,6501.5,6502.0,17.0
2018-12-18 12:01,6501.75,6504.5,6501.75,6503.25,40.0
2018-12-18 12:02,6504.0,6505.5,6504.0,6505.0,34.0
2018-12-18 12:03,6503.25,6504.5,6503.0,6504.25,76.0
2018-12-18 12:04,6505.0,6505.0,6503.0,6503.0,32.0
2018-12-18 12:05,6504.0,6504.0,6501.75,6501.75,11.0
2018-12-18 12:06,6501.5,6502.5,6501.25,6502.5,16.0
2018-12-18 12:07,6502.5,6503.0,6502.25,6502.25,12.0
2018-12-18 12:08,6503.0,6503.0,6500.25,6502.0,16.0
2018-12-18 12:09,6501.5,6502.5,6501.5,6502.25,8.0
2018-12-18 12:10,6502.25,6502.5,6501.5,6501.5,9.0
2018-12-18 12:11,6501.25,6501.25,6498.75,6499.0,30.0
2018-12-18 12:12,6498.5,6499.5,6497.0,6498.75,52.0
2018-12-18 12:13,6498.5,6500.75,6498.0,6500.75,48.0
2018-12-18 12:14,6500.75,6501.75,6500.0,6500.0,25.0
2018-12-18 12:15,6499.75,6501.25,6499.75,6499.75,36.0
2018-12-18 12:16,6499.75,6499.75,6498.75,6499.25,10.0
2018-12-18 12:17,6500.0,6500.0,6499.0,6499.75,5.0
2018-12-18 12:18,6499.75,6501.75,6499.0,6500.75,32.0
2018-12-18 12:19,6501.0,6501.0,6499.5,6499.75,7.0
2018-12-18 12:20,6499.75,6501.5,6499.75,6501.5,13.0
2018-12-18 12:21,6502.0,6503.5,6501.25,6503.5,16.0
2018-12-18 12:22,6503.75,6504.25,6503.25,6503.25,26.0
2018-12-18 12:23,6503.25,6503.75,6502.25,6503.75,23.0
2018-12-18 12:24,6503.5,6505.0,6503.25,6505.0,36.0
2018-12-18 12:25,6505.25,6505.5,6504.5,6505.25,37.0
2018-12-18 12:26,6505.0,6506.25,6503.0,6506.0,101.0
2018-12-18 12:27,6505.25,6507.75,6504.75,6506.0,62.0
2018-12-18 12:28,6505.25,6506.25,6505.0,6506.25,29.0
2018-12-18 12:29,6505.25,6505.75,6504.5,6505.25,21.0
2018-12-18 12:30,6505.0,6507.75,6505.0,6507.0,104.0
2018-12-18 12:31,6506.75,6508.0,6506.25,6507.0,42.0
2018-12-18 12:32,6507.5,6510.0,6507.0,6508.0,86.0
2018-12-18 12:33,6508.0,6510.0,6507.25,6509.0,74.0
2018-12-18 12:34,6508.5,6512.5,6507.5,6511.5,113.0
2018-12-18 12:35,6511.5,6514.5,6509.25,6513.75,102.0
2018-12-18 12:36,6514.25,6514.25,6511.75,6512.25,93.0
2018-12-18 12:37,6512.5,6512.5,6510.0,6510.5,125.0
2018-12-18 12:38,6510.5,6511.0,6508.0,6509.75,73.0
2018-12-18 12:39,6510.0,6510.75,6509.0,6510.75,44.0
2018-12-18 12:40,6510.75,6511.75,6509.5,6511.5,61.0
2018-12-18 12:41,6511.75,6512.25,6511.25,6511.5,36.0
2018-12-18 12:42,6511.75,6512.25,6511.25,6512.0,27.0
2018-12-18 12:43,6512.25,6512.5,6511.0,6511.5,24.0
2018-12-18 12:44,6511.5,6512.0,6509.25,6509.5,39.0
2018-12-18 12:45,6509.5,6517.75,6509.0,6515.25,241.0
2018-12-18 12:46,6514.75,6516.75,6513.75,6516.75,103.0
2018-12-18 12:47,6516.25,6517.0,6514.5,6517.0,67.0
2018-12-18 12:48,6517.0,6518.75,6516.75,6517.25,49.0
2018-12-18 12:49,6517.25,6520.25,6516.75,6519.25,78.0
2018-12-18 12:50,6518.75,6522.0,6518.25,6520.5,83.0
2018-12-18 12:51,6521.0,6522.0,6516.75,6517.25,83.0
2018-12-18 12:52,6517.0,6519.5,6516.5,6516.5,75.0
2018-12-18 12:53,6516.75,6520.0,6516.75,6519.75,63.0
2018-12-18 12:54,6520.0,6522.0,6520.0,6521.5,59.0
2018-12-18 12:55,6521.0,6523.25,6520.0,6522.25,84.0
2018-12-18 12:56,6522.75,6523.0,6520.75,6522.0,21.0
2018-12-18 12:57,6521.25,6521.5,6520.5,6520.5,23.0
2018-12-18 12:58,6520.25,6520.25,6518.25,6518.25,23.0
2018-12-18 12:59,6518.0,6519.5,6516.75,6519.5,30.0
2018-12-18 13:00,6519.5,6523.5,6517.0,6518.75,286.0
2018-12-18 13:01,6518.0,6519.0,6514.5,6516.75,112.0
2018-12-18 13:02,6517.25,6517.75,6515.5,6516.25,42.0
2018-12-18 13:03,6515.75,6517.0,6515.0,6516.75,43.0
2018-12-18 13:04,6517.0,6517.75,6515.75,6515.75,26.0
2018-12-18 13:05,6516.0,6517.0,6514.75,6516.75,43.0
2018-12-18 13:06,6517.0,6517.0,6516.25,6516.5,9.0
2018-12-18 13:07,6516.25,6517.5,6515.75,6516.0,47.0
2018-12-18 13:08,6516.0,6516.5,6513.25,6514.5,40.0
2018-12-18 13:09,6515.0,6517.0,6514.75,6517.0,12.0
2018-12-18 13:10,6517.25,6518.5,6516.5,6516.75,34.0
2018-12-18 13:11,6517.25,6517.25,6516.25,6517.25,16.0
2018-12-18 13:12,6517.0,6522.0,6515.25,6521.25,187.0
2018-12-18 13:13,6521.25,6525.25,6521.25,6523.5,133.0
2018-12-18 13:14,6523.5,6523.5,6520.25,6521.25,32.0
2018-12-18 13:15,6520.5,6521.25,6518.0,6519.25,28.0
2018-12-18 13:16,6519.0,6522.25,6518.0,6521.75,57.0
2018-12-18 13:17,6521.5,6521.5,6519.5,6519.5,24.0
2018-12-18 13:18,6519.75,6519.75,6517.5,6519.0,26.0
2018-12-18 13:19,6518.0,6518.5,6517.5,6518.5,7.0
2018-12-18 13:20,6519.25,6519.75,6516.25,6516.5,34.0
2018-12-18 13:21,6516.25,6519.0,6516.25,6517.0,31.0
2018-12-18 13:22,6517.0,6517.0,6513.0,6514.25,109.0
2018-12-18 13:23,6514.5,6520.25,6514.5,6517.5,56.0
2018-12-18 13:24,6517.0,6518.5,6515.0,6518.5,30.0
2018-12-18 13:25,6518.5,6518.5,6514.75,6515.5,36.0
2018-12-18 13:26,6515.5,6517.25,6515.5,6517.0,29.0
2018-12-18 13:27,6518.0,6521.0,6518.0,6519.5,110.0
2018-12-18 13:28,6519.0,6519.5,6518.5,6519.0,8.0
2018-12-18 13:29,6519.25,6522.25,6519.0,6521.75,35.0
2018-12-18 13:30,6522.5,6522.5,6517.5,6519.25,36.0
2018-12-18 13:31,6519.0,6522.0,6517.5,6519.5,74.0
2018-12-18 13:32,6520.5,6520.5,6517.25,6520.5,47.0
2018-12-18 13:33,6520.0,6520.75,6519.0,6519.0,45.0
2018-12-18 13:34,6518.75,6518.75,6515.0,6515.75,37.0
2018-12-18 13:35,6516.0,6517.25,6514.25,6515.0,47.0
2018-12-18 13:36,6516.0,6516.0,6514.0,6515.25,36.0
2018-12-18 13:37,6515.75,6516.0,6514.5,6516.0,20.0
2018-12-18 13:38,6515.25,6515.5,6514.0,6515.5,30.0
2018-12-18 13:39,6515.25,6516.0,6514.0,6514.5,41.0
2018-12-18 13:40,6513.75,6516.0,6513.0,6516.0,60.0
2018-12-18 13:41,6516.5,6518.0,6513.5,6513.75,202.0
2018-12-18 13:42,6512.75,6512.75,6505.5,6507.0,952.0
2018-12-18 13:43,6507.0,6507.0,6504.0,6505.75,242.0
2018-12-18 13:44,6505.5,6510.0,6505.25,6508.75,175.0
2018-12-18 13:45,6508.75,6510.5,6508.5,6508.5,37.0
2018-12-18 13:46,6508.5,6510.5,6507.5,6509.5,54.0
2018-12-18 13:47,6509.25,6509.25,6507.75,6508.25,32.0
2018-12-18 13:48,6508.0,6509.0,6505.5,6509.0,77.0
2018-12-18 13:49,6509.0,6511.0,6507.75,6510.75,113.0
2018-12-18 13:50,6510.75,6511.5,6510.0,6510.75,58.0
2018-12-18 13:51,6510.5,6510.5,6505.0,6506.25,561.0
2018-12-18 13:52,6506.25,6506.5,6504.5,6504.5,74.0
2018-12-18 13:53,6504.25,6504.25,6500.5,6501.5,189.0
2018-12-18 13:54,6501.75,6503.75,6500.5,6502.25,98.0
2018-12-18 13:55,6502.25,6504.5,6502.0,6502.5,81.0
2018-12-18 13:56,6503.0,6503.5,6501.0,6503.0,42.0
2018-12-18 13:57,6502.5,6504.25,6501.5,6501.75,51.0
2018-12-18 13:58,6501.25,6503.5,6501.25,6503.5,25.0
2018-12-18 13:59,6503.75,6503.75,6500.75,6501.5,35.0
2018-12-18 14:00,6502.0,6503.0,6500.0,6502.0,74.0
2018-12-18 14:01,6502.5,6504.25,6502.5,6503.75,69.0
2018-12-18 14:02,6503.75,6503.75,6502.75,6503.25,18.0
2018-12-18 14:03,6503.0,6503.25,6500.25,6500.75,41.0
2018-12-18 14:04,6500.75,6501.5,6500.0,6501.5,29.0
2018-12-18 14:05,6500.75,6502.5,6500.75,6502.5,63.0
2018-12-18 14:06,6502.75,6505.0,6502.75,6504.0,96.0
2018-12-18 14:07,6504.0,6506.0,6504.0,6505.75,97.0
2018-12-18 14:08,6505.0,6505.0,6504.0,6505.0,22.0
2018-12-18 14:09,6505.0,6508.0,6505.0,6507.0,66.0
2018-12-18 14:10,6506.75,6506.75,6504.75,6505.25,52.0
2018-12-18 14:11,6505.25,6507.25,6504.25,6506.75,30.0
2018-12-18 14:12,6506.5,6507.25,6503.75,6505.0,35.0
2018-12-18 14:13,6505.25,6506.75,6504.25,6506.75,68.0
2018-12-18 14:14,6506.75,6506.75,6504.75,6506.0,35.0
2018-12-18 14:15,6506.0,6506.0,6504.25,6504.75,30.0
2018-12-18 14:16,6505.25,6505.75,6504.75,6505.75,13.0
2018-12-18 14:17,6505.75,6506.5,6504.0,6506.25,44.0
2018-12-18 14:18,6506.25,6508.5,6506.25,6507.0,65.0
2018-12-18 14:19,6506.5,6511.0,6506.5,6509.5,78.0
2018-12-18 14:20,6510.25,6510.75,6509.5,6509.75,52.0
2018-12-18 14:21,6510.5,6512.75,6509.75,6512.5,69.0
2018-12-18 14:22,6511.75,6511.75,6510.5,6511.0,38.0
2018-12-18 14:23,6510.75,6511.5,6509.0,6509.5,59.0
2018-12-18 14:24,6509.75,6511.0,6508.5,6508.5,31.0
2018-12-18 14:25,6508.75,6508.75,6506.5,6507.0,54.0
2018-12-18 14:26,6506.25,6506.75,6505.5,6506.75,16.0
2018-12-18 14:27,6506.75,6507.25,6506.0,6507.0,31.0
2018-12-18 14:28,6506.5,6506.5,6500.75,6504.25,224.0
2018-12-18 14:29,6503.75,6504.75,6501.5,6502.0,148.0
2018-12-18 14:30,6502.5,6514.0,6497.5,6502.0,980.0
2018-12-18 14:31,6501.75,6508.0,6496.25,6504.25,821.0
2018-12-18 14:32,6505.0,6510.0,6492.0,6498.5,680.0
2018-12-18 14:33,6498.25,6506.75,6495.0,6501.5,449.0
2018-12-18 14:34,6503.0,6510.25,6495.0,6502.5,577.0
2018-12-18 14:35,6503.5,6511.0,6501.75,6501.75,464.0
2018-12-18 14:36,6501.5,6508.25,6495.5,6500.0,340.0
2018-12-18 14:37,6499.5,6505.75,6499.0,6500.75,209.0
2018-12-18 14:38,6502.25,6502.25,6485.75,6488.5,619.0
2018-12-18 14:39,6488.25,6493.75,6486.25,6490.25,409.0
2018-12-18 14:40,6491.25,6500.0,6490.0,6497.75,538.0
2018-12-18 14:41,6498.25,6498.25,6490.5,6491.25,485.0
2018-12-18 14:42,6491.25,6510.75,6491.25,6510.75,818.0
2018-12-18 14:43,6510.75,6518.0,6508.5,6516.25,627.0
2018-12-18 14:44,6516.75,6519.75,6512.75,6516.75,622.0
2018-12-18 14:45,6516.75,6522.25,6513.75,6516.0,854.0
2018-12-18 14:46,6516.5,6521.0,6515.75,6518.25,581.0
2018-12-18 14:47,6517.75,6523.5,6517.75,6520.5,515.0
2018-12-18 14:48,6521.0,6522.25,6515.75,6519.75,408.0
2018-12-18 14:49,6520.25,6522.0,6516.5,6518.0,262.0
2018-12-18 14:50,6517.5,6519.25,6511.75,6513.5,510.0
2018-12-18 14:51,6513.0,6516.75,6509.75,6515.5,342.0
2018-12-18 14:52,6515.75,6519.75,6515.5,6518.75,292.0
2018-12-18 14:53,6519.25,6522.5,6515.75,6521.25,538.0
2018-12-18 14:54,6521.75,6523.5,6517.5,6522.5,332.0
2018-12-18 14:55,6522.5,6527.25,6521.25,6522.5,552.0
2018-12-18 14:56,6525.25,6525.25,6518.0,6520.75,413.0
2018-12-18 14:57,6520.5,6523.75,6518.5,6520.0,199.0
2018-12-18 14:58,6520.0,6522.0,6518.0,6521.75,256.0
2018-12-18 14:59,6521.75,6525.25,6521.0,6521.0,309.0
2018-12-18 15:00,6521.25,6524.75,6519.0,6519.75,273.0
2018-12-18 15:01,6520.0,6521.0,6509.0,6509.5,471.0
2018-12-18 15:02,6509.5,6509.75,6505.75,6506.0,340.0
2018-12-18 15:03,6506.75,6506.75,6500.75,6500.75,434.0
2018-12-18 15:04,6500.75,6503.25,6498.75,6498.75,331.0
2018-12-18 15:05,6498.5,6500.75,6494.5,6500.25,604.0
2018-12-18 15:06,6500.25,6505.75,6496.5,6498.25,430.0
2018-12-18 15:07,6498.0,6501.0,6496.0,6497.5,243.0
2018-12-18 15:08,6498.25,6499.25,6493.0,6494.0,381.0
2018-12-18 15:09,6493.5,6496.5,6490.0,6493.75,446.0
2018-12-18 15:10,6493.5,6497.0,6490.0,6490.5,244.0
2018-12-18 15:11,6490.25,6494.75,6488.75,6490.25,388.0
2018-12-18 15:12,6490.75,6501.25,6489.5,6500.5,274.0
2018-12-18 15:13,6500.75,6505.0,6499.25,6503.75,291.0
2018-12-18 15:14,6503.75,6509.0,6503.5,6506.5,457.0
2018-12-18 15:15,6507.75,6513.0,6507.75,6510.25,318.0
2018-12-18 15:16,6510.5,6515.25,6509.0,6509.5,374.0
2018-12-18 15:17,6509.0,6510.25,6504.25,6506.5,417.0
2018-12-18 15:18,6506.0,6509.25,6500.25,6505.5,335.0
2018-12-18 15:19,6505.0,6510.5,6504.75,6510.5,190.0
2018-12-18 15:20,6510.75,6514.5,6504.25,6508.0,455.0
2018-12-18 15:21,6508.25,6508.5,6495.75,6497.5,534.0
2018-12-18 15:22,6497.0,6501.0,6496.0,6499.75,278.0
2018-12-18 15:23,6499.25,6503.25,6498.25,6498.75,325.0
2018-12-18 15:24,6498.0,6507.0,6497.5,6506.0,306.0
2018-12-18 15:25,6505.75,6506.75,6502.5,6505.75,264.0
2018-12-18 15:26,6505.75,6506.75,6501.25,6505.75,209.0
2018-12-18 15:27,6505.75,6515.0,6504.75,6514.25,475.0
2018-12-18 15:28,6514.5,6518.5,6511.0,6517.5,467.0
2018-12-18 15:29,6517.5,6520.5,6513.5,6516.0,371.0
2018-12-18 15:30,6516.0,6521.0,6515.0,6519.5,254.0
2018-12-18 15:31,6519.0,6520.5,6516.5,6520.5,246.0
2018-12-18 15:32,6520.75,6528.25,6518.75,6519.0,756.0
2018-12-18 15:33,6519.25,6521.75,6516.75,6520.0,742.0
2018-12-18 15:34,6519.75,6523.0,6517.25,6519.25,461.0
2018-12-18 15:35,6519.25,6525.25,6512.75,6516.5,819.0
2018-12-18 15:36,6516.75,6524.25,6516.5,6517.0,407.0
2018-12-18 15:37,6516.75,6517.5,6511.0,6513.5,335.0
2018-12-18 15:38,6513.5,6520.0,6513.5,6516.75,174.0
2018-12-18 15:39,6517.75,6523.0,6516.0,6522.0,178.0
2018-12-18 15:40,6522.75,6523.5,6518.75,6522.5,201.0
2018-12-18 15:41,6521.25,6521.25,6512.5,6513.5,331.0
2018-12-18 15:42,6514.0,6514.25,6500.75,6502.75,630.0
2018-12-18 15:43,6502.75,6506.5,6497.5,6498.25,525.0
2018-12-18 15:44,6498.0,6499.0,6493.75,6495.25,599.0
2018-12-18 15:45,6495.5,6497.5,6489.75,6496.75,585.0
2018-12-18 15:46,6496.25,6500.25,6493.0,6498.25,427.0
2018-12-18 15:47,6498.0,6502.5,6495.75,6498.0,490.0
2018-12-18 15:48,6497.5,6502.75,6497.25,6502.5,233.0
2018-12-18 15:49,6502.0,6507.75,6499.5,6507.75,302.0
2018-12-18 15:50,6507.5,6513.25,6506.0,6509.25,384.0
2018-12-18 15:51,6508.75,6519.5,6508.75,6518.75,368.0
2018-12-18 15:52,6518.75,6522.25,6515.5,6515.75,396.0
2018-12-18 15:53,6516.0,6518.0,6513.75,6514.75,297.0
2018-12-18 15:54,6515.25,6517.75,6512.75,6515.0,271.0
2018-12-18 15:55,6515.25,6521.5,6511.5,6514.0,485.0
2018-12-18 15:56,6514.0,6515.5,6511.0,6514.25,306.0
2018-12-18 15:57,6514.75,6516.0,6512.0,6512.0,361.0
2018-12-18 15:58,6512.25,6515.25,6509.5,6513.5,413.0
2018-12-18 15:59,6514.0,6514.25,6509.25,6512.25,342.0
2018-12-18 16:00,6512.5,6519.5,6512.5,6518.25,470.0
2018-12-18 16:01,6518.25,6518.5,6511.0,6514.0,331.0
2018-12-18 16:02,6514.25,6521.0,6514.0,6517.75,376.0
2018-12-18 16:03,6518.25,6523.75,6507.0,6507.0,656.0
2018-12-18 16:04,6507.5,6511.0,6504.75,6508.0,363.0
2018-12-18 16:05,6508.0,6509.0,6505.0,6507.5,255.0
2018-12-18 16:06,6507.5,6509.75,6505.0,6507.25,220.0
2018-12-18 16:07,6506.75,6513.25,6501.5,6513.0,437.0
2018-12-18 16:08,6512.75,6512.75,6505.25,6506.75,341.0
2018-12-18 16:09,6507.0,6508.25,6504.0,6506.75,342.0
2018-12-18 16:10,6507.25,6509.75,6504.25,6508.5,234.0
2018-12-18 16:11,6508.0,6512.25,6505.5,6510.75,226.0
2018-12-18 16:12,6510.75,6517.0,6509.75,6513.5,246.0
2018-12-18 16:13,6513.25,6514.75,6509.75,6511.0,157.0
2018-12-18 16:14,6510.25,6515.0,6509.25,6515.0,286.0
2018-12-18 16:15,6515.0,6515.0,6506.5,6506.5,301.0
2018-12-18 16:16,6506.75,6507.0,6500.5,6503.5,461.0
2018-12-18 16:17,6503.5,6507.5,6499.75,6501.5,333.0
2018-12-18 16:18,6502.0,6503.0,6496.25,6497.5,485.0
2018-12-18 16:19,6497.75,6503.5,6497.75,6501.25,252.0
2018-12-18 16:20,6501.25,6502.0,6496.25,6496.25,255.0
2018-12-18 16:21,6496.5,6498.0,6493.25,6495.0,286.0
2018-12-18 16:22,6494.25,6497.25,6492.25,6494.25,287.0
2018-12-18 16:23,6493.75,6496.75,6489.0,6490.0,312.0
2018-12-18 16:24,6490.0,6491.75,6484.0,6486.75,416.0
2018-12-18 16:25,6486.25,6486.75,6480.25,6481.0,482.0
2018-12-18 16:26,6480.5,6483.5,6478.5,6481.75,335.0
2018-12-18 16:27,6481.5,6485.75,6478.5,6480.0,350.0
2018-12-18 16:28,6480.0,6482.25,6476.75,6482.25,305.0
2018-12-18 16:29,6482.5,6489.0,6482.0,6487.25,406.0
2018-12-18 16:30,6488.0,6494.0,6488.0,6491.25,320.0
2018-12-18 16:31,6491.0,6492.75,6489.0,6490.0,242.0
2018-12-18 16:32,6490.0,6491.75,6488.5,6489.5,155.0
2018-12-18 16:33,6490.5,6498.25,6490.5,6498.0,354.0
2018-12-18 16:34,6498.75,6501.0,6496.0,6498.5,217.0
2018-12-18 16:35,6498.5,6508.25,6498.5,6505.5,467.0
2018-12-18 16:36,6506.0,6510.5,6505.5,6509.5,293.0
2018-12-18 16:37,6510.0,6514.5,6507.5,6509.25,366.0
2018-12-18 16:38,6508.5,6508.75,6505.75,6506.25,149.0
2018-12-18 16:39,6507.0,6508.75,6504.0,6504.75,164.0
2018-12-18 16:40,6504.0,6506.5,6503.75,6505.25,119.0
2018-12-18 16:41,6505.0,6511.25,6504.0,6510.25,215.0
2018-12-18 16:42,6510.0,6511.0,6506.75,6507.0,105.0
2018-12-18 16:43,6507.25,6508.0,6501.5,6502.0,124.0
2018-12-18 16:44,6502.0,6502.0,6497.25,6499.0,276.0
2018-12-18 16:45,6499.0,6500.25,6496.75,6500.25,186.0
2018-12-18 16:46,6500.5,6501.75,6498.75,6500.75,103.0
2018-12-18 16:47,6501.0,6507.0,6500.5,6506.5,263.0
2018-12-18 16:48,6507.0,6511.25,6506.5,6510.5,242.0
2018-12-18 16:49,6510.0,6510.75,6507.5,6509.5,121.0
2018-12-18 16:50,6509.5,6514.0,6508.5,6510.5,284.0
2018-12-18 16:51,6510.5,6510.5,6502.5,6504.0,205.0
2018-12-18 16:52,6504.25,6505.0,6500.0,6500.25,262.0
2018-12-18 16:53,6500.0,6502.25,6495.25,6499.25,261.0
2018-12-18 16:54,6498.5,6507.25,6496.75,6503.5,217.0
2018-12-18 16:55,6503.5,6506.75,6503.0,6504.75,177.0
2018-12-18 16:56,6504.25,6506.0,6500.25,6505.75,288.0
2018-12-18 16:57,6505.25,6512.5,6503.25,6508.5,321.0
2018-12-18 16:58,6508.0,6508.5,6498.0,6501.5,349.0
2018-12-18 16:59,6501.25,6503.75,6497.5,6500.0,448.0
2018-12-18 17:00,6499.5,6507.0,6499.0,6505.5,374.0
2018-12-18 17:01,6505.0,6507.25,6503.75,6505.0,202.0
2018-12-18 17:02,6506.0,6508.75,6504.5,6506.5,241.0
2018-12-18 17:03,6506.5,6508.0,6503.5,6505.5,253.0
2018-12-18 17:04,6505.5,6513.75,6503.75,6511.75,270.0
2018-12-18 17:05,6511.5,6531.5,6511.0,6531.25,921.0
2018-12-18 17:06,6530.75,6532.25,6525.75,6526.5,766.0
2018-12-18 17:07,6526.0,6528.0,6524.5,6525.75,356.0
2018-12-18 17:08,6525.75,6527.5,6523.0,6525.75,387.0
2018-12-18 17:09,6526.0,6531.5,6524.0,6530.75,347.0
2018-12-18 17:10,6531.0,6545.25,6531.0,6541.5,1846.0
2018-12-18 17:11,6541.25,6542.25,6538.75,6540.5,375.0
2018-12-18 17:12,6540.0,6544.75,6540.0,6541.0,301.0
2018-12-18 17:13,6541.0,6543.5,6539.25,6543.0,272.0
2018-12-18 17:14,6542.5,6544.25,6540.0,6541.5,221.0
2018-12-18 17:15,6541.5,6544.75,6537.5,6540.25,287.0
2018-12-18 17:16,6539.5,6542.75,6539.0,6542.5,249.0
2018-12-18 17:17,6542.0,6547.0,6539.0,6546.0,278.0
2018-12-18 17:18,6545.5,6545.75,6539.0,6545.0,270.0
2018-12-18 17:19,6545.25,6550.25,6544.25,6549.5,363.0
2018-12-18 17:20,6549.25,6550.5,6545.25,6549.25,276.0
2018-12-18 17:21,6549.0,6550.0,6546.75,6547.25,165.0
2018-12-18 17:22,6547.75,6552.5,6545.0,6551.75,354.0
2018-12-18 17:23,6551.5,6551.5,6545.5,6545.5,265.0
2018-12-18 17:24,6545.25,6546.0,6542.75,6544.25,198.0
2018-12-18 17:25,6544.5,6545.75,6543.0,6544.75,141.0
2018-12-18 17:26,6545.0,6545.25,6538.5,6541.0,177.0
2018-12-18 17:27,6541.0,6542.75,6540.0,6542.75,106.0
2018-12-18 17:28,6543.25,6544.25,6536.25,6537.25,236.0
2018-12-18 17:29,6537.0,6541.75,6536.75,6539.25,199.0
2018-12-18 17:30,6539.25,6541.5,6537.0,6540.5,120.0
2018-12-18 17:31,6540.25,6546.25,6540.0,6545.25,209.0
2018-12-18 17:32,6544.75,6549.5,6543.5,6547.25,262.0
2018-12-18 17:33,6546.75,6549.0,6545.75,6546.5,101.0
2018-12-18 17:34,6546.5,6546.75,6542.0,6543.5,175.0
2018-12-18 17:35,6543.25,6544.75,6540.25,6540.5,120.0
2018-12-18 17:36,6540.5,6544.75,6538.5,6541.0,196.0
2018-12-18 17:37,6541.25,6542.5,6538.75,6539.0,130.0
2018-12-18 17:38,6538.75,6541.0,6537.75,6538.75,222.0
2018-12-18 17:39,6539.25,6540.75,6537.5,6540.0,129.0
2018-12-18 17:40,6540.25,6541.5,6537.5,6538.0,91.0
2018-12-18 17:41,6538.25,6539.0,6534.75,6539.0,178.0
2018-12-18 17:42,6539.25,6541.5,6537.5,6540.5,135.0
2018-12-18 17:43,6540.5,6543.5,6540.5,6542.0,140.0
2018-12-18 17:44,6542.5,6542.75,6539.25,6540.25,86.0
2018-12-18 17:45,6540.0,6547.75,6539.5,6547.25,261.0
2018-12-18 17:46,6547.5,6550.0,6535.75,6538.25,430.0
2018-12-18 17:47,6538.0,6541.75,6536.5,6540.0,197.0
2018-12-18 17:48,6540.25,6544.75,6538.75,6544.75,112.0
2018-12-18 17:49,6545.5,6546.75,6544.0,6545.0,181.0
2018-12-18 17:50,6544.25,6545.5,6541.75,6545.5,129.0
2018-12-18 17:51,6545.0,6546.0,6541.5,6544.75,101.0
2018-12-18 17:52,6544.5,6547.75,6543.75,6545.5,195.0
2018-12-18 17:53,6545.5,6549.5,6545.0,6547.5,134.0
2018-12-18 17:54,6546.75,6552.5,6545.0,6552.0,222.0
2018-12-18 17:55,6552.0,6555.75,6551.25,6553.0,382.0
2018-12-18 17:56,6553.5,6553.5,6549.25,6549.75,105.0
2018-12-18 17:57,6550.5,6550.5,6545.75,6548.75,115.0
2018-12-18 17:58,6548.25,6551.75,6548.0,6550.75,144.0
2018-12-18 17:59,6550.75,6550.75,6547.5,6548.75,88.0
2018-12-18 18:00,6548.75,6551.25,6542.25,6542.5,241.0
2018-12-18 18:01,6542.0,6548.5,6541.5,6545.75,197.0
2018-12-18 18:02,6545.75,6550.0,6545.25,6549.25,113.0
2018-12-18 18:03,6548.5,6551.25,6547.75,6548.5,94.0
2018-12-18 18:04,6550.25,6550.25,6546.5,6548.75,89.0
2018-12-18 18:05,6548.0,6551.0,6547.25,6548.25,172.0
2018-12-18 18:06,6548.25,6549.75,6546.25,6549.25,79.0
2018-12-18 18:07,6548.75,6549.75,6545.25,6545.5,137.0
2018-12-18 18:08,6545.25,6546.5,6544.0,6545.5,89.0
2018-12-18 18:09,6546.0,6551.0,6543.0,6548.0,206.0
2018-12-18 18:10,6549.0,6551.75,6545.5,6546.5,153.0
2018-12-18 18:11,6546.0,6548.75,6545.25,6546.75,112.0
2018-12-18 18:12,6547.0,6550.5,6544.75,6546.75,186.0
2018-12-18 18:13,6546.75,6549.5,6545.75,6548.75,121.0
2018-12-18 18:14,6549.0,6549.75,6546.75,6547.0,173.0
2018-12-18 18:15,6547.0,6547.75,6543.0,6544.0,185.0
2018-12-18 18:16,6544.25,6547.25,6542.5,6545.75,220.0
2018-12-18 18:17,6545.75,6547.0,6543.75,6544.0,155.0
2018-12-18 18:18,6544.5,6546.0,6543.0,6544.0,148.0
2018-12-18 18:19,6543.5,6545.5,6542.75,6543.5,83.0
2018-12-18 18:20,6543.25,6544.0,6541.25,6544.0,87.0
2018-12-18 18:21,6544.0,6547.0,6542.5,6546.5,89.0
2018-12-18 18:22,6546.0,6549.25,6546.0,6549.0,73.0
2018-12-18 18:23,6549.0,6550.5,6543.75,6544.25,95.0
2018-12-18 18:24,6543.75,6547.75,6543.0,6543.75,168.0
2018-12-18 18:25,6544.75,6545.75,6542.25,6543.5,147.0
2018-12-18 18:26,6544.0,6546.0,6540.25,6541.5,302.0
2018-12-18 18:27,6541.5,6543.0,6538.5,6539.0,137.0
2018-12-18 18:28,6539.0,6540.0,6532.25,6532.75,302.0
2018-12-18 18:29,6532.5,6537.0,6532.25,6535.0,147.0
2018-12-18 18:30,6535.25,6536.25,6531.25,6532.0,147.0
2018-12-18 18:31,6531.5,6533.5,6529.5,6532.5,147.0
2018-12-18 18:32,6532.0,6532.0,6529.75,6531.5,66.0
2018-12-18 18:33,6530.75,6531.5,6526.5,6526.5,99.0
2018-12-18 18:34,6527.0,6527.0,6522.25,6525.25,230.0
2018-12-18 18:35,6525.0,6528.0,6523.0,6526.0,95.0
2018-12-18 18:36,6526.25,6526.75,6524.25,6526.0,69.0
2018-12-18 18:37,6525.25,6527.0,6520.75,6522.25,171.0
2018-12-18 18:38,6521.75,6522.5,6518.0,6519.25,190.0
2018-12-18 18:39,6519.5,6519.5,6513.0,6513.75,269.0
2018-12-18 18:40,6514.25,6519.5,6512.0,6519.0,190.0
2018-12-18 18:41,6518.75,6519.25,6516.75,6516.75,95.0
2018-12-18 18:42,6516.0,6521.0,6516.0,6519.5,60.0
2018-12-18 18:43,6520.0,6523.75,6519.25,6519.75,118.0
2018-12-18 18:44,6519.25,6524.75,6519.25,6522.0,93.0
2018-12-18 18:45,6521.5,6522.5,6518.75,6522.0,85.0
2018-12-18 18:46,6522.5,6524.5,6520.75,6522.25,156.0
2018-12-18 18:47,6522.5,6525.5,6522.0,6523.5,156.0
2018-12-18 18:48,6523.5,6527.5,6523.5,6525.25,79.0
2018-12-18 18:49,6524.75,6531.5,6524.75,6530.75,212.0
2018-12-18 18:50,6530.75,6532.0,6523.75,6525.5,182.0
2018-12-18 18:51,6525.0,6526.5,6523.75,6524.5,106.0
2018-12-18 18:52,6524.25,6525.25,6513.5,6514.75,251.0
2018-12-18 18:53,6514.0,6517.0,6511.25,6511.25,252.0
2018-12-18 18:54,6511.5,6515.75,6510.25,6513.0,173.0
2018-12-18 18:55,6512.5,6512.5,6509.0,6509.75,167.0
2018-12-18 18:56,6510.75,6510.75,6504.25,6506.0,157.0
2018-12-18 18:57,6506.25,6509.5,6502.25,6508.5,206.0
2018-12-18 18:58,6509.0,6512.75,6508.25,6511.0,159.0
2018-12-18 18:59,6511.0,6512.0,6509.5,6510.5,163.0
2018-12-18 19:00,6511.25,6518.75,6509.0,6516.75,285.0
2018-12-18 19:01,6516.75,6518.25,6515.25,6516.75,145.0
2018-12-18 19:02,6517.25,6521.75,6517.25,6518.0,191.0
2018-12-18 19:03,6519.0,6520.75,6514.5,6514.75,117.0
2018-12-18 19:04,6515.25,6522.25,6515.25,6521.25,130.0
2018-12-18 19:05,6521.0,6521.25,6516.5,6517.0,127.0
2018-12-18 19:06,6517.75,6518.75,6515.25,6518.75,99.0
2018-12-18 19:07,6519.25,6521.25,6518.5,6518.75,59.0
2018-12-18 19:08,6518.75,6522.75,6518.5,6520.5,106.0
2018-12-18 19:09,6521.0,6536.25,6520.5,6534.75,390.0
2018-12-18 19:10,6534.75,6537.0,6528.5,6529.25,411.0
2018-12-18 19:11,6530.0,6538.0,6528.0,6537.75,214.0
2018-12-18 19:12,6537.25,6538.25,6530.0,6533.25,166.0
2018-12-18 19:13,6533.25,6533.5,6528.25,6529.25,125.0
2018-12-18 19:14,6529.0,6530.0,6525.0,6527.25,190.0
2018-12-18 19:15,6526.25,6529.25,6522.25,6524.0,125.0
2018-12-18 19:16,6524.0,6524.75,6519.25,6520.25,180.0
2018-12-18 19:17,6520.25,6521.5,6513.5,6517.0,151.0
2018-12-18 19:18,6516.75,6519.25,6508.5,6508.5,316.0
2018-12-18 19:19,6509.5,6517.5,6509.5,6517.0,148.0
2018-12-18 19:20,6517.25,6520.0,6514.5,6519.5,123.0
2018-12-18 19:21,6519.5,6522.25,6515.25,6515.5,170.0
2018-12-18 19:22,6515.0,6520.25,6512.5,6519.0,168.0
2018-12-18 19:23,6519.25,6519.25,6512.5,6513.5,91.0
2018-12-18 19:24,6514.0,6516.5,6513.25,6516.25,148.0
2018-12-18 19:25,6516.0,6518.0,6513.0,6515.5,223.0
2018-12-18 19:26,6516.25,6524.25,6516.25,6523.5,307.0
2018-12-18 19:27,6522.75,6527.75,6522.75,6525.75,275.0
2018-12-18 19:28,6525.5,6525.5,6518.25,6519.0,163.0
2018-12-18 19:29,6519.25,6524.0,6519.25,6523.25,93.0
2018-12-18 19:30,6523.5,6524.0,6518.0,6519.25,150.0
2018-12-18 19:31,6519.5,6520.25,6513.5,6515.5,88.0
2018-12-18 19:32,6515.25,6521.0,6514.5,6517.0,113.0
2018-12-18 19:33,6517.25,6519.25,6513.25,6513.75,184.0
2018-12-18 19:34,6514.5,6514.5,6503.25,6504.25,408.0
2018-12-18 19:35,6504.5,6506.25,6499.0,6506.0,473.0
2018-12-18 19:36,6506.5,6506.5,6501.0,6501.25,118.0
2018-12-18 19:37,6501.75,6502.25,6494.75,6499.5,289.0
2018-12-18 19:38,6500.0,6503.75,6499.0,6501.75,109.0
2018-12-18 19:39,6501.75,6508.0,6501.0,6504.0,236.0
2018-12-18 19:40,6503.75,6507.0,6503.0,6503.25,99.0
2018-12-18 19:41,6502.5,6504.25,6496.75,6498.75,327.0
2018-12-18 19:42,6498.5,6500.25,6489.75,6491.0,481.0
2018-12-18 19:43,6489.25,6491.0,6481.25,6483.5,512.0
2018-12-18 19:44,6485.25,6489.0,6473.5,6476.0,853.0
2018-12-18 19:45,6476.0,6480.0,6472.25,6479.0,470.0
2018-12-18 19:46,6478.75,6480.25,6471.5,6477.0,425.0
2018-12-18 19:47,6477.0,6478.25,6472.5,6476.0,233.0
2018-12-18 19:48,6476.75,6480.25,6474.5,6476.75,258.0
2018-12-18 19:49,6476.75,6482.25,6476.5,6481.75,214.0
2018-12-18 19:50,6481.5,6483.5,6480.25,6483.0,129.0
2018-12-18 19:51,6482.25,6485.25,6480.25,6484.5,86.0
2018-12-18 19:52,6484.25,6484.25,6476.5,6478.75,127.0
2018-12-18 19:53,6479.0,6482.5,6475.25,6476.5,201.0
2018-12-18 19:54,6477.0,6481.25,6474.0,6478.75,209.0
2018-12-18 19:55,6478.0,6480.0,6467.75,6469.5,251.0
2018-12-18 19:56,6469.25,6474.0,6462.5,6466.0,348.0
2018-12-18 19:57,6465.25,6469.75,6462.25,6463.25,283.0
2018-12-18 19:58,6463.25,6466.25,6459.75,6462.5,312.0
2018-12-18 19:59,6462.0,6465.0,6455.5,6455.75,421.0
2018-12-18 20:00,6455.5,6458.0,6443.5,6451.5,903.0
2018-12-18 20:01,6451.5,6452.25,6443.0,6445.0,317.0
2018-12-18 20:02,6445.25,6459.0,6444.5,6457.75,358.0
2018-12-18 20:03,6458.5,6462.0,6454.5,6458.0,430.0
2018-12-18 20:04,6457.75,6460.0,6452.5,6453.25,320.0
2018-12-18 20:05,6453.75,6459.75,6447.25,6448.5,346.0
2018-12-18 20:06,6449.5,6455.0,6447.0,6453.5,193.0
2018-12-18 20:07,6454.75,6463.5,6454.75,6461.25,262.0
2018-12-18 20:08,6461.0,6461.0,6441.0,6441.0,272.0
2018-12-18 20:09,6440.0,6448.75,6435.75,6447.25,360.0
2018-12-18 20:10,6446.0,6460.25,6442.25,6455.5,215.0
2018-12-18 20:11,6455.25,6462.25,6454.0,6457.0,234.0
2018-12-18 20:12,6458.0,6464.75,6457.25,6458.5,178.0
2018-12-18 20:13,6456.5,6465.25,6455.5,6457.25,157.0
2018-12-18 20:14,6456.0,6456.0,6451.0,6454.25,60.0
2018-12-18 20:15,6456.0,6460.0,6448.75,6455.25,150.0
2018-12-18 20:16,6455.5,6465.0,6454.75,6464.75,105.0
2018-12-18 20:17,6464.0,6474.5,6464.0,6470.75,191.0
2018-12-18 20:18,6472.5,6472.5,6465.25,6466.0,87.0
2018-12-18 20:19,6466.5,6470.25,6466.0,6468.25,95.0
2018-12-18 20:20,6468.25,6468.75,6463.5,6465.5,197.0
2018-12-18 20:21,6466.0,6478.0,6466.0,6474.5,248.0
2018-12-18 20:22,6474.0,6479.5,6472.5,6472.5,246.0
2018-12-18 20:23,6472.25,6473.5,6469.0,6470.0,168.0
2018-12-18 20:24,6470.25,6475.75,6463.75,6474.25,309.0
2018-12-18 20:25,6474.0,6474.0,6463.5,6466.25,309.0
2018-12-18 20:26,6466.0,6466.25,6461.5,6462.25,127.0
2018-12-18 20:27,6462.0,6471.25,6458.0,6458.75,258.0
2018-12-18 20:28,6459.5,6460.5,6454.25,6455.75,204.0
2018-12-18 20:29,6455.5,6467.0,6455.25,6465.5,254.0
2018-12-18 20:30,6466.25,6478.0,6466.25,6477.0,294.0
2018-12-18 20:31,6477.75,6481.0,6471.75,6480.0,175.0
2018-12-18 20:32,6480.25,6486.25,6478.75,6483.75,232.0
2018-12-18 20:33,6484.0,6490.25,6484.0,6489.25,196.0
2018-12-18 20:34,6489.25,6492.25,6485.5,6488.25,176.0
2018-12-18 20:35,6488.25,6495.0,6488.0,6492.5,219.0
2018-12-18 20:36,6492.75,6495.75,6487.25,6490.5,251.0
2018-12-18 20:37,6490.25,6492.5,6485.0,6487.5,125.0
2018-12-18 20:38,6487.5,6487.5,6482.0,6483.0,144.0
2018-12-18 20:39,6483.5,6488.25,6482.25,6484.5,209.0
2018-12-18 20:40,6484.25,6492.0,6483.5,6490.5,260.0
2018-12-18 20:41,6490.5,6494.75,6490.5,6493.0,153.0
2018-12-18 20:42,6492.75,6493.5,6486.5,6492.25,154.0
2018-12-18 20:43,6491.75,6502.25,6491.75,6498.75,403.0
2018-12-18 20:44,6498.75,6499.25,6494.0,6499.25,213.0
2018-12-18 20:45,6500.0,6510.0,6498.75,6509.75,340.0
2018-12-18 20:46,6510.0,6512.75,6506.75,6510.25,203.0
2018-12-18 20:47,6510.25,6516.0,6509.0,6515.25,124.0
2018-12-18 20:48,6515.0,6520.25,6513.75,6519.0,242.0
2018-12-18 20:49,6519.0,6532.25,6518.5,6526.25,616.0
2018-12-18 20:50,6526.75,6528.5,6520.5,6523.0,358.0
2018-12-18 20:51,6523.25,6523.5,6518.25,6520.25,159.0
2018-12-18 20:52,6520.25,6522.25,6517.75,6520.0,129.0
2018-12-18 20:53,6521.0,6521.0,6515.75,6518.25,100.0
2018-12-18 20:54,6518.5,6524.75,6517.0,6523.75,199.0
2018-12-18 20:55,6524.0,6526.25,6513.25,6513.75,454.0
2018-12-18 20:56,6514.0,6514.5,6501.75,6503.25,322.0
2018-12-18 20:57,6502.75,6508.0,6498.25,6501.0,422.0
2018-12-18 20:58,6500.75,6501.75,6497.0,6498.75,561.0
2018-12-18 20:59,6499.0,6500.0,6491.25,6491.25,1634.0
2018-12-18 21:00,6491.75,6497.0,6480.0,6482.0,729.0
2018-12-18 21:01,6482.75,6483.5,6477.0,6482.0,325.0
2018-12-18 21:02,6481.0,6481.0,6475.25,6478.75,182.0
2018-12-18 21:03,6478.75,6480.5,6475.0,6475.5,172.0
2018-12-18 21:04,6475.25,6478.0,6474.5,6477.25,92.0
2018-12-18 21:05,6477.25,6477.25,6471.0,6472.25,39.0
2018-12-18 21:06,6472.25,6472.25,6469.25,6469.25,104.0
2018-12-18 21:07,6469.75,6470.0,6466.25,6468.75,140.0
2018-12-18 21:08,6469.25,6473.0,6469.25,6472.5,60.0
2018-12-18 21:09,6472.25,6473.25,6469.75,6472.5,19.0
2018-12-18 21:10,6473.25,6476.0,6472.75,6475.5,53.0
2018-12-18 21:11,6476.0,6480.0,6476.0,6479.25,56.0
2018-12-18 21:12,6479.5,6481.25,6478.5,6478.5,44.0
2018-12-18 21:13,6479.5,6479.75,6464.0,6465.75,257.0
2018-12-18 21:14,6466.25,6471.25,6456.5,6458.0,200.0
2018-12-18 21:30,6460.25,6465.0,6440.0,6442.25,94.0
2018-12-18 21:31,6444.25,6447.25,6441.5,6441.5,35.0
2018-12-18 21:32,6443.0,6448.75,6443.0,6447.0,22.0
2018-12-18 21:33,6448.5,6448.5,6446.5,6446.75,13.0
2018-12-18 21:34,6448.5,6452.5,6448.5,6448.75,20.0
2018-12-18 21:35,6448.25,6448.25,6447.0,6448.0,8.0
2018-12-18 21:36,6449.0,6452.5,6449.0,6451.75,15.0
2018-12-18 21:37,6452.5,6454.25,6452.25,6452.75,16.0
2018-12-18 21:38,6452.25,6453.25,6452.25,6452.75,11.0
2018-12-18 21:39,6454.5,6458.0,6453.5,6458.0,13.0
2018-12-18 21:40,6457.0,6459.75,6457.0,6459.0,9.0
2018-12-18 21:41,6457.25,6460.25,6456.75,6460.25,4.0
2018-12-18 21:42,6460.0,6460.0,6455.0,6460.0,13.0
2018-12-18 21:43,6460.0,6460.5,6458.5,6458.5,6.0
2018-12-18 21:44,6457.5,6459.0,6457.5,6457.75,7.0
2018-12-18 21:45,6457.75,6457.75,6454.75,6457.25,24.0
2018-12-18 21:46,6457.0,6457.0,6456.0,6456.5,6.0
2018-12-18 21:47,6456.5,6456.5,6449.5,6452.5,26.0
2018-12-18 21:48,6453.25,6453.25,6448.0,6449.5,8.0
2018-12-18 21:49,6448.5,6450.0,6448.5,6450.0,12.0
2018-12-18 21:50,6449.25,6451.25,6448.75,6451.25,10.0
2018-12-18 21:51,6451.25,6451.25,6447.5,6448.25,16.0
2018-12-18 21:52,6447.75,6449.0,6444.5,6444.5,35.0
2018-12-18 21:53,6446.0,6448.5,6446.0,6446.5,10.0
2018-12-18 21:54,6445.5,6447.0,6444.25,6444.75,29.0
2018-12-18 21:55,6445.0,6450.25,6444.0,6448.25,32.0
2018-12-18 21:56,6447.75,6449.25,6447.5,6449.25,6.0
2018-12-18 21:57,6450.0,6450.25,6447.0,6447.0,19.0
2018-12-18 21:58,6447.0,6447.5,6445.0,6445.0,10.0
2018-12-18 21:59,6443.25,6445.5,6440.5,6440.5,21.0
2018-12-18 23:00,6441.75,6448.0,6438.25,6448.0,117.0
2018-12-18 23:01,6446.0,6448.5,6446.0,6448.0,19.0
2018-12-18 23:02,6447.75,6453.25,6447.75,6453.0,24.0
2018-12-18 23:03,6451.25,6453.75,6450.0,6451.5,35.0
2018-12-18 23:04,6453.0,6455.5,6452.75,6453.5,27.0
2018-12-18 23:05,6453.75,6456.5,6451.5,6456.5,11.0
2018-12-18 23:06,6455.75,6456.5,6455.75,6456.5,6.0
2018-12-18 23:07,6457.0,6457.0,6454.0,6454.0,6.0
2018-12-18 23:08,6454.25,6456.5,6454.25,6456.5,3.0
2018-12-18 23:09,6456.75,6457.0,6454.75,6456.0,11.0
2018-12-18 23:10,6456.75,6459.0,6456.5,6457.25,14.0
2018-12-18 23:11,6456.5,6456.5,6452.75,6453.25,15.0
2018-12-18 23:12,6453.0,6454.0,6450.0,6451.5,25.0
2018-12-18 23:13,6451.75,6451.75,6451.75,6451.75,1.0
2018-12-18 23:14,6452.25,6456.0,6451.25,6455.25,6.0
2018-12-18 23:15,6455.25,6458.75,6455.25,6458.75,20.0
2018-12-18 23:16,6458.5,6460.25,6458.5,6459.5,11.0
2018-12-18 23:17,6458.75,6460.0,6458.0,6458.0,9.0
2018-12-18 23:18,6459.0,6460.0,6459.0,6459.25,4.0
2018-12-18 23:19,6457.5,6458.25,6457.0,6457.0,6.0
2018-12-18 23:20,6456.5,6457.5,6456.5,6457.25,4.0
2018-12-18 23:21,6458.75,6459.25,6458.25,6458.5,4.0
2018-12-18 23:22,6458.0,6458.0,6458.0,6458.0,2.0
2018-12-18 23:23,6458.0,6461.25,6458.0,6461.25,8.0
2018-12-18 23:24,6461.5,6463.0,6461.5,6462.25,13.0
2018-12-18 23:25,6462.0,6463.0,6462.0,6463.0,4.0
2018-12-18 23:26,6464.25,6466.75,6464.25,6465.25,15.0
2018-12-18 23:27,6465.5,6467.25,6464.75,6465.5,13.0
2018-12-18 23:28,6464.75,6465.75,6464.25,6464.75,6.0
2018-12-18 23:30,6464.0,6464.0,6463.5,6463.5,14.0
2018-12-18 23:31,6464.25,6466.25,6464.25,6466.25,15.0
2018-12-18 23:32,6466.75,6467.5,6466.5,6466.75,14.0
2018-12-18 23:33,6467.5,6469.0,6467.5,6468.25,12.0
2018-12-18 23:34,6468.25,6468.25,6465.5,6466.75,9.0
2018-12-18 23:35,6464.75,6464.75,6464.0,6464.0,13.0
2018-12-18 23:36,6463.75,6463.75,6463.0,6463.75,7.0
2018-12-18 23:37,6462.75,6464.0,6462.0,6463.25,9.0
2018-12-18 23:38,6464.25,6465.25,6464.25,6465.25,8.0
2018-12-18 23:39,6465.25,6465.25,6465.25,6465.25,2.0
2018-12-18 23:40,6465.0,6465.75,6465.0,6465.75,7.0
2018-12-18 23:41,6465.5,6465.5,6465.5,6465.5,1.0
2018-12-18 23:42,6464.5,6465.75,6464.5,6465.0,7.0
2018-12-18 23:43,6464.0,6465.25,6464.0,6465.25,3.0
2018-12-18 23:44,6466.0,6466.0,6466.0,6466.0,1.0
2018-12-18 23:45,6467.25,6467.25,6467.25,6467.25,1.0
2018-12-18 23:46,6467.25,6467.25,6466.25,6466.25,3.0
2018-12-18 23:47,6467.5,6467.5,6465.25,6465.25,15.0
2018-12-18 23:48,6466.25,6467.25,6466.25,6466.5,15.0
2018-12-18 23:49,6466.25,6467.75,6466.25,6467.5,12.0
2018-12-18 23:50,6467.25,6468.0,6466.75,6468.0,11.0
2018-12-18 23:51,6467.75,6469.75,6467.75,6468.25,18.0
2018-12-18 23:52,6468.0,6468.75,6468.0,6468.75,8.0
2018-12-18 23:53,6469.25,6469.5,6468.5,6468.75,8.0
2018-12-18 23:54,6469.25,6469.5,6467.75,6467.75,10.0
2018-12-18 23:55,6467.75,6467.75,6466.5,6467.0,11.0
2018-12-18 23:56,6467.0,6468.5,6466.5,6468.5,8.0
2018-12-18 23:57,6469.25,6470.25,6469.25,6469.75,11.0
2018-12-18 23:58,6471.0,6471.25,6468.5,6469.75,22.0
2018-12-18 23:59,6470.0,6472.0,6470.0,6471.0,20.0
2018-12-19 00:00,6471.75,6473.75,6471.75,6472.75,46.0
2018-12-19 00:01,6472.5,6472.5,6470.25,6471.0,44.0
2018-12-19 00:02,6470.75,6470.75,6466.75,6467.25,33.0
2018-12-19 00:03,6467.25,6469.0,6467.0,6468.0,36.0
2018-12-19 00:04,6467.25,6468.0,6465.75,6466.0,36.0
2018-12-19 00:05,6466.25,6466.25,6464.5,6464.75,33.0
2018-12-19 00:06,6463.75,6464.75,6460.25,6461.5,109.0
2018-12-19 00:07,6462.0,6463.0,6461.25,6462.25,31.0
2018-12-19 00:08,6462.0,6463.5,6459.25,6463.25,60.0
2018-12-19 00:09,6462.25,6463.25,6459.75,6460.25,37.0
2018-12-19 00:10,6459.0,6463.0,6456.25,6462.0,77.0
2018-12-19 00:11,6460.5,6461.75,6459.75,6461.0,27.0
2018-12-19 00:12,6461.25,6465.75,6461.25,6464.5,28.0
2018-12-19 00:13,6463.5,6465.25,6463.5,6464.5,13.0
2018-12-19 00:14,6464.5,6464.5,6464.0,6464.5,5.0
2018-12-19 00:15,6463.75,6465.5,6463.5,6465.5,20.0
2018-12-19 00:16,6465.5,6465.5,6461.0,6462.5,22.0
2018-12-19 00:17,6463.5,6464.0,6463.25,6464.0,5.0
2018-12-19 00:18,6464.25,6464.25,6463.25,6463.25,3.0
2018-12-19 00:19,6462.25,6463.25,6462.25,6463.25,2.0
2018-12-19 00:20,6462.25,6462.25,6461.75,6461.75,4.0
2018-12-19 00:21,6464.5,6464.5,6464.0,6464.0,7.0
2018-12-19 00:23,6463.5,6464.0,6463.5,6464.0,2.0
2018-12-19 00:24,6465.0,6465.5,6465.0,6465.25,9.0
2018-12-19 00:25,6465.0,6465.25,6465.0,6465.25,4.0
2018-12-19 00:26,6465.75,6465.75,6464.25,6464.75,4.0
2018-12-19 00:27,6464.5,6464.5,6464.5,6464.5,1.0
2018-12-19 00:28,6462.5,6462.5,6460.5,6461.0,13.0
2018-12-19 00:29,6461.0,6462.0,6460.0,6461.75,16.0
2018-12-19 00:30,6461.0,6462.0,6460.75,6461.0,10.0
2018-12-19 00:31,6462.0,6462.5,6462.0,6462.5,3.0
2018-12-19 00:32,6462.25,6463.75,6462.25,6462.5,32.0
2018-12-19 00:33,6462.5,6462.5,6462.5,6462.5,3.0
2018-12-19 00:34,6462.5,6464.25,6462.0,6464.25,8.0
2018-12-19 00:35,6464.5,6465.25,6463.0,6465.25,24.0
2018-12-19 00:36,6464.75,6466.75,6464.75,6466.75,9.0
2018-12-19 00:37,6467.0,6468.75,6467.0,6467.5,27.0
2018-12-19 00:38,6467.75,6471.5,6467.0,6470.75,32.0
2018-12-19 00:39,6471.0,6474.5,6470.75,6473.5,65.0
2018-12-19 00:40,6474.5,6476.0,6472.25,6474.5,32.0
2018-12-19 00:41,6473.25,6474.5,6472.0,6472.5,25.0
2018-12-19 00:42,6472.5,6473.0,6471.75,6472.0,15.0
2018-12-19 00:43,6471.5,6474.75,6471.5,6474.75,12.0
2018-12-19 00:44,6475.25,6478.25,6474.75,6475.0,45.0
2018-12-19 00:45,6475.0,6482.0,6475.0,6479.75,111.0
2018-12-19 00:46,6480.0,6482.0,6479.0,6480.75,31.0
2018-12-19 00:47,6479.75,6481.0,6479.5,6479.75,10.0
2018-12-19 00:48,6480.5,6481.0,6478.0,6478.75,17.0
2018-12-19 00:49,6478.0,6478.75,6478.0,6478.75,3.0
2018-12-19 00:50,6478.75,6478.75,6475.5,6478.0,23.0
2018-12-19 00:51,6478.5,6478.75,6478.25,6478.75,6.0
2018-12-19 00:52,6477.75,6480.5,6477.25,6480.5,18.0
2018-12-19 00:53,6480.5,6481.5,6478.75,6478.75,12.0
2018-12-19 00:54,6479.0,6479.0,6478.75,6478.75,3.0
2018-12-19 00:55,6478.5,6478.5,6476.25,6476.25,11.0
2018-12-19 00:56,6476.75,6478.5,6476.75,6477.75,7.0
2018-12-19 00:57,6477.75,6482.75,6477.75,6482.75,88.0
2018-12-19 00:58,6482.0,6482.0,6477.25,6477.75,20.0
2018-12-19 00:59,6477.0,6477.25,6475.5,6475.5,17.0
2018-12-19 01:00,6476.0,6476.0,6472.75,6475.25,28.0
2018-12-19 01:01,6475.5,6478.5,6475.0,6477.5,27.0
2018-12-19 01:02,6478.0,6480.0,6478.0,6480.0,9.0
2018-12-19 01:03,6480.0,6486.0,6480.0,6484.75,90.0
2018-12-19 01:04,6485.25,6486.0,6483.0,6483.0,36.0
2018-12-19 01:05,6483.0,6485.25,6482.5,6484.5,12.0
2018-12-19 01:06,6484.25,6484.25,6483.0,6483.0,8.0
2018-12-19 01:07,6483.5,6483.5,6482.25,6483.0,8.0
2018-12-19 01:08,6483.75,6485.75,6483.25,6485.75,17.0
2018-12-19 01:09,6486.0,6487.5,6485.0,6487.5,17.0
2018-12-19 01:10,6486.75,6486.75,6486.0,6486.0,6.0
2018-12-19 01:11,6485.75,6487.0,6484.5,6486.5,12.0
2018-12-19 01:12,6486.5,6486.5,6486.5,6486.5,1.0
2018-12-19 01:13,6485.0,6485.75,6484.5,6484.5,17.0
2018-12-19 01:14,6485.5,6485.5,6484.75,6485.25,12.0
2018-12-19 01:15,6484.5,6484.5,6484.0,6484.0,5.0
2018-12-19 01:16,6484.25,6485.5,6484.25,6484.5,8.0
2018-12-19 01:17,6484.75,6486.75,6484.5,6485.75,8.0
2018-12-19 01:18,6486.5,6488.0,6486.5,6487.5,8.0
2018-12-19 01:19,6487.0,6487.75,6485.0,6485.0,10.0
2018-12-19 01:20,6484.75,6485.25,6484.5,6484.5,5.0
2018-12-19 01:21,6484.5,6485.75,6484.5,6485.75,4.0
2018-12-19 01:22,6487.0,6487.5,6487.0,6487.5,8.0
2018-12-19 01:23,6487.75,6489.0,6487.25,6487.25,9.0
2018-12-19 01:24,6486.75,6488.75,6486.75,6487.5,14.0
2018-12-19 01:25,6487.5,6489.5,6487.25,6489.5,19.0
2018-12-19 01:26,6490.0,6491.5,6489.5,6490.0,31.0
2018-12-19 01:27,6490.25,6490.75,6489.5,6489.75,13.0
2018-12-19 01:28,6490.25,6490.25,6489.5,6489.75,5.0
2018-12-19 01:29,6489.25,6489.25,6487.75,6488.75,11.0
2018-12-19 01:30,6488.75,6488.75,6485.0,6485.75,13.0
2018-12-19 01:31,6485.75,6486.25,6484.75,6486.25,7.0
2018-12-19 01:32,6485.5,6486.5,6485.5,6486.0,10.0
2018-12-19 01:33,6485.0,6485.25,6485.0,6485.25,4.0
2018-12-19 01:34,6484.25,6484.75,6483.0,6483.0,14.0
2018-12-19 01:35,6482.5,6483.25,6481.25,6482.5,13.0
2018-12-19 01:36,6483.5,6485.5,6483.25,6484.75,17.0
2018-12-19 01:37,6485.5,6488.75,6485.5,6488.75,5.0
2018-12-19 01:38,6489.5,6493.0,6489.25,6492.25,29.0
2018-12-19 01:39,6492.75,6495.0,6492.25,6494.0,23.0
2018-12-19 01:40,6492.5,6492.5,6489.5,6489.5,6.0
2018-12-19 01:41,6490.75,6490.75,6489.25,6490.5,10.0
2018-12-19 01:42,6491.0,6491.25,6490.25,6491.25,4.0
2018-12-19 01:43,6492.0,6494.25,6492.0,6494.25,6.0
2018-12-19 01:44,6494.25,6495.0,6490.5,6490.5,16.0
2018-12-19 01:45,6490.75,6492.0,6490.75,6491.5,4.0
2018-12-19 01:46,6492.5,6494.25,6492.5,6493.25,12.0
2018-12-19 01:47,6492.5,6495.5,6492.5,6494.25,15.0
2018-12-19 01:48,6494.0,6494.0,6491.0,6491.0,25.0
2018-12-19 01:49,6491.25,6491.75,6490.5,6491.0,10.0
2018-12-19 01:50,6490.0,6490.0,6488.25,6489.25,17.0
2018-12-19 01:51,6488.5,6491.5,6488.5,6491.25,10.0
2018-12-19 01:52,6491.5,6493.0,6491.0,6492.25,14.0
2018-12-19 01:53,6491.75,6494.0,6491.5,6494.0,8.0
2018-12-19 01:54,6493.5,6493.75,6492.25,6493.5,4.0
2018-12-19 01:55,6493.25,6493.25,6492.5,6492.75,4.0
2018-12-19 01:56,6493.75,6495.5,6493.75,6494.5,17.0
2018-12-19 01:57,6492.5,6495.0,6492.25,6494.25,9.0
2018-12-19 01:58,6494.0,6494.25,6493.75,6494.25,3.0
2018-12-19 01:59,6495.25,6496.75,6493.5,6493.5,19.0
2018-12-19 02:00,6492.75,6492.75,6490.75,6492.25,8.0
2018-12-19 02:01,6492.0,6492.0,6492.0,6492.0,1.0
2018-12-19 02:02,6490.75,6491.0,6490.25,6490.25,3.0
2018-12-19 02:03,6489.25,6489.5,6488.75,6489.5,4.0
2018-12-19 02:04,6490.5,6491.0,6489.75,6489.75,5.0
2018-12-19 02:05,6489.75,6491.5,6489.75,6489.75,13.0
2018-12-19 02:06,6489.25,6489.75,6488.0,6488.75,13.0
2018-12-19 02:07,6489.25,6491.25,6489.25,6490.25,7.0
2018-12-19 02:08,6489.5,6489.5,6489.25,6489.5,5.0
2018-12-19 02:11,6487.25,6490.25,6487.25,6489.5,8.0
2018-12-19 02:12,6489.25,6490.0,6489.25,6490.0,2.0
2018-12-19 02:13,6490.0,6490.0,6487.0,6487.0,5.0
2018-12-19 02:14,6486.0,6488.25,6486.0,6487.5,8.0
2018-12-19 02:15,6487.0,6487.0,6485.0,6485.75,5.0
2018-12-19 02:16,6485.0,6486.75,6485.0,6486.25,8.0
2018-12-19 02:17,6486.75,6489.25,6486.75,6488.25,10.0
2018-12-19 02:18,6488.25,6488.25,6486.75,6486.75,4.0
2018-12-19 02:19,6488.5,6490.0,6488.5,6489.25,15.0
2018-12-19 02:20,6492.0,6492.0,6489.75,6490.0,5.0
2018-12-19 02:21,6489.25,6489.25,6487.75,6488.0,8.0
2018-12-19 02:22,6487.25,6488.5,6486.0,6486.0,7.0
2018-12-19 02:23,6485.75,6487.0,6485.25,6485.25,14.0
2018-12-19 02:24,6485.25,6486.0,6485.0,6485.5,18.0
2018-12-19 02:25,6486.25,6488.25,6485.75,6487.25,19.0
2018-12-19 02:26,6487.0,6487.0,6485.5,6485.5,6.0
2018-12-19 02:28,6487.0,6487.0,6485.5,6486.25,3.0
2018-12-19 02:29,6485.5,6486.0,6485.5,6486.0,4.0
2018-12-19 02:30,6487.0,6488.0,6487.0,6487.5,7.0
2018-12-19 02:31,6487.25,6487.25,6487.25,6487.25,1.0
2018-12-19 02:32,6487.25,6487.25,6486.25,6486.25,5.0
2018-12-19 02:33,6486.25,6486.25,6482.75,6482.75,13.0
2018-12-19 02:34,6482.75,6484.75,6482.75,6484.0,9.0
2018-12-19 02:35,6483.75,6483.75,6480.25,6482.5,18.0
2018-12-19 02:36,6482.25,6482.5,6481.5,6481.75,13.0
2018-12-19 02:37,6483.5,6483.5,6482.75,6482.75,2.0
2018-12-19 02:38,6483.25,6483.25,6483.25,6483.25,3.0
2018-12-19 02:39,6483.25,6483.25,6482.75,6482.75,2.0
2018-12-19 02:40,6484.5,6485.5,6484.25,6484.25,8.0
2018-12-19 02:41,6485.0,6485.0,6484.25,6484.25,3.0
2018-12-19 02:42,6486.0,6486.75,6486.0,6486.0,4.0
2018-12-19 02:43,6486.5,6487.0,6486.5,6487.0,3.0
2018-12-19 02:44,6487.75,6487.75,6487.0,6487.5,5.0
2018-12-19 02:45,6488.5,6488.5,6487.25,6488.0,6.0
2018-12-19 02:46,6487.0,6487.0,6485.5,6485.5,14.0
2018-12-19 02:47,6486.0,6486.75,6486.0,6486.75,2.0
2018-12-19 02:48,6486.75,6486.75,6486.75,6486.75,1.0
2018-12-19 02:52,6485.5,6485.5,6485.0,6485.0,3.0
2018-12-19 02:53,6484.25,6485.0,6483.75,6485.0,7.0
2018-12-19 02:54,6485.25,6486.0,6484.5,6486.0,6.0
2018-12-19 02:55,6485.0,6485.0,6483.5,6483.5,7.0
2018-12-19 02:57,6482.5,6482.5,6480.75,6482.25,13.0
2018-12-19 02:58,6481.5,6484.0,6481.25,6484.0,4.0
2018-12-19 02:59,6485.25,6486.0,6484.5,6484.75,4.0
2018-12-19 03:00,6485.25,6486.5,6484.25,6486.0,8.0
2018-12-19 03:02,6484.75,6488.25,6484.75,6488.25,13.0
2018-12-19 03:03,6487.25,6487.25,6486.75,6486.75,2.0
2018-12-19 03:04,6487.25,6487.5,6486.75,6486.75,6.0
2018-12-19 03:05,6487.5,6487.5,6487.0,6487.5,5.0
2018-12-19 03:06,6487.5,6490.5,6487.5,6490.5,15.0
2018-12-19 03:07,6489.75,6489.75,6488.25,6489.5,7.0
2018-12-19 03:08,6488.0,6489.0,6488.0,6489.0,2.0
2018-12-19 03:10,6487.75,6488.25,6487.5,6488.25,5.0
2018-12-19 03:11,6488.0,6488.0,6488.0,6488.0,1.0
2018-12-19 03:12,6488.0,6488.25,6486.25,6486.25,3.0
2018-12-19 03:13,6486.75,6486.75,6486.75,6486.75,1.0
2018-12-19 03:14,6488.5,6489.5,6488.25,6489.25,4.0
2018-12-19 03:15,6489.25,6493.5,6489.25,6490.5,35.0
2018-12-19 03:16,6490.25,6490.25,6489.75,6489.75,2.0
2018-12-19 03:17,6490.25,6492.75,6490.25,6491.25,11.0
2018-12-19 03:18,6491.25,6491.5,6491.25,6491.5,4.0
2018-12-19 03:20,6491.0,6491.75,6491.0,6491.0,5.0
2018-12-19 03:21,6491.0,6491.75,6491.0,6491.75,4.0
2018-12-19 03:22,6491.0,6491.0,6490.25,6490.75,4.0
2018-12-19 03:23,6491.25,6491.25,6490.25,6491.0,4.0
2018-12-19 03:24,6491.25,6491.25,6490.0,6490.0,9.0
2018-12-19 03:27,6488.75,6490.75,6488.0,6489.75,32.0
2018-12-19 03:28,6489.0,6489.0,6488.75,6488.75,2.0
2018-12-19 03:29,6490.25,6490.25,6490.25,6490.25,2.0
2018-12-19 03:30,6490.0,6491.0,6490.0,6490.25,5.0
2018-12-19 03:31,6490.5,6491.5,6490.25,6490.25,3.0
2018-12-19 03:32,6490.0,6490.5,6490.0,6490.5,3.0
2018-12-19 03:33,6489.0,6490.0,6489.0,6490.0,2.0
2018-12-19 03:34,6489.25,6489.75,6489.25,6489.75,2.0
2018-12-19 03:35,6490.0,6490.0,6488.25,6488.25,7.0
2018-12-19 03:36,6488.0,6489.25,6488.0,6488.5,6.0
2018-12-19 03:37,6488.5,6488.5,6487.0,6487.0,7.0
2018-12-19 03:38,6486.75,6487.25,6486.75,6487.0,6.0
2018-12-19 03:39,6487.25,6489.0,6487.25,6489.0,9.0
2018-12-19 03:40,6489.0,6491.0,6489.0,6490.0,9.0
2018-12-19 03:42,6491.25,6491.25,6491.25,6491.25,2.0
2018-12-19 03:43,6490.25,6490.5,6489.75,6489.75,3.0
2018-12-19 03:44,6489.75,6490.5,6489.75,6490.5,2.0
2018-12-19 03:45,6488.75,6490.25,6488.5,6490.25,6.0
2018-12-19 03:46,6491.25,6491.5,6491.0,6491.0,3.0
2018-12-19 03:47,6491.5,6492.5,6491.5,6492.5,8.0
2018-12-19 03:48,6491.5,6492.75,6491.5,6492.75,2.0
2018-12-19 03:49,6493.75,6496.25,6493.5,6495.25,37.0
2018-12-19 03:50,6495.25,6495.25,6493.25,6493.5,17.0
2018-12-19 03:51,6494.5,6495.25,6494.5,6495.25,10.0
2018-12-19 03:52,6495.25,6495.75,6495.0,6495.25,10.0
2018-12-19 03:54,6494.75,6494.75,6494.0,6494.0,3.0
2018-12-19 03:55,6494.5,6494.75,6494.0,6494.25,5.0
2018-12-19 03:57,6494.75,6494.75,6494.25,6494.25,4.0
2018-12-19 03:59,6495.0,6495.5,6494.25,6495.5,9.0
2018-12-19 04:00,6494.0,6494.0,6492.25,6492.25,5.0
2018-12-19 04:01,6492.0,6492.75,6492.0,6492.5,3.0
2018-12-19 04:02,6493.0,6493.0,6493.0,6493.0,2.0
2018-12-19 04:03,6492.25,6494.25,6492.25,6494.0,10.0
2018-12-19 04:05,6494.5,6494.5,6493.0,6493.0,12.0
2018-12-19 04:06,6493.5,6493.5,6493.25,6493.25,2.0
2018-12-19 04:07,6493.5,6493.5,6493.25,6493.25,2.0
2018-12-19 04:08,6493.0,6493.75,6493.0,6493.75,3.0
2018-12-19 04:09,6492.75,6492.75,6492.25,6492.25,2.0
2018-12-19 04:10,6491.5,6491.5,6491.5,6491.5,1.0
2018-12-19 04:11,6491.75,6492.75,6491.75,6492.75,5.0
2018-12-19 04:12,6492.5,6492.5,6492.5,6492.5,1.0
2018-12-19 04:13,6492.25,6492.25,6492.25,6492.25,2.0
2018-12-19 04:14,6493.25,6493.75,6492.75,6493.0,17.0
2018-12-19 04:15,6493.0,6493.0,6492.75,6492.75,2.0
2018-12-19 04:16,6493.25,6494.0,6493.25,6494.0,8.0
2018-12-19 04:17,6494.0,6494.0,6494.0,6494.0,1.0
2018-12-19 04:18,6493.5,6493.5,6493.5,6493.5,2.0
2018-12-19 04:19,6493.0,6494.0,6493.0,6494.0,5.0
2018-12-19 04:20,6493.75,6495.0,6493.75,6494.0,5.0
2018-12-19 04:21,6495.0,6495.75,6495.0,6495.0,12.0
2018-12-19 04:22,6495.0,6495.5,6494.25,6494.25,10.0
2018-12-19 04:23,6494.25,6494.75,6494.25,6494.75,6.0
2018-12-19 04:24,6494.5,6494.75,6494.5,6494.75,5.0
2018-12-19 04:25,6494.75,6496.5,6494.75,6495.5,17.0
2018-12-19 04:26,6495.0,6495.0,6494.0,6494.0,6.0
2018-12-19 04:27,6493.75,6494.5,6493.75,6494.5,6.0
2018-12-19 04:28,6494.75,6494.75,6494.25,6494.25,5.0
2018-12-19 04:29,6494.75,6497.0,6494.75,6495.0,25.0
2018-12-19 04:30,6494.25,6496.0,6494.0,6496.0,5.0
2018-12-19 04:31,6495.75,6497.25,6495.75,6496.75,20.0
2018-12-19 04:32,6495.75,6498.0,6495.75,6496.75,15.0
2018-12-19 04:33,6496.0,6497.25,6495.75,6497.25,17.0
2018-12-19 04:34,6498.5,6499.0,6497.0,6497.25,23.0
2018-12-19 04:35,6496.5,6497.75,6496.5,6497.75,4.0
2018-12-19 04:36,6498.0,6498.0,6497.5,6497.5,6.0
2018-12-19 04:37,6497.5,6498.25,6497.5,6498.25,7.0
2018-12-19 04:38,6497.25,6497.75,6497.25,6497.75,5.0
2018-12-19 04:39,6497.0,6497.5,6496.75,6496.75,9.0
2018-12-19 04:40,6496.5,6497.5,6496.5,6497.25,4.0
2018-12-19 04:41,6497.25,6497.25,6497.25,6497.25,8.0
2018-12-19 04:42,6497.25,6497.5,6497.25,6497.5,2.0
2018-12-19 04:43,6497.5,6498.25,6497.5,6498.25,3.0
2018-12-19 04:44,6499.25,6499.5,6498.75,6498.75,6.0
2018-12-19 04:46,6498.5,6498.75,6498.0,6498.75,3.0
2018-12-19 04:47,6498.25,6498.75,6498.25,6498.25,8.0
2018-12-19 04:48,6498.75,6498.75,6497.0,6497.0,4.0
2018-12-19 04:49,6495.5,6496.0,6495.0,6496.0,7.0
2018-12-19 04:50,6496.5,6497.25,6496.25,6497.25,13.0
2018-12-19 04:51,6497.5,6498.5,6497.25,6498.5,12.0
2018-12-19 04:53,6498.5,6499.0,6498.0,6498.0,3.0
2018-12-19 04:54,6498.75,6500.0,6498.75,6499.25,11.0
2018-12-19 04:55,6499.25,6499.25,6498.0,6498.0,5.0
2018-12-19 04:56,6498.75,6499.75,6498.75,6499.25,6.0
2018-12-19 04:57,6499.25,6500.0,6499.25,6500.0,8.0
2018-12-19 04:58,6500.5,6500.5,6500.0,6500.0,4.0
2018-12-19 04:59,6500.0,6501.25,6500.0,6500.75,14.0
2018-12-19 05:00,6500.75,6501.0,6498.0,6498.25,38.0
2018-12-19 05:01,6498.0,6498.75,6498.0,6498.75,2.0
2018-12-19 05:02,6498.75,6500.0,6498.75,6500.0,6.0
2018-12-19 05:03,6500.0,6501.25,6499.25,6500.75,34.0
2018-12-19 05:04,6501.0,6501.25,6499.75,6499.75,13.0
2018-12-19 05:05,6500.0,6501.5,6499.5,6501.5,8.0
2018-12-19 05:06,6502.0,6503.0,6501.25,6501.25,98.0
2018-12-19 05:07,6500.75,6500.75,6499.75,6500.5,7.0
2018-12-19 05:08,6500.0,6500.5,6499.75,6500.5,6.0
2018-12-19 05:09,6501.5,6501.5,6501.0,6501.5,14.0
2018-12-19 05:10,6502.0,6502.0,6500.75,6501.25,13.0
2018-12-19 05:11,6501.0,6501.0,6499.25,6499.75,23.0
2018-12-19 05:12,6500.0,6500.25,6500.0,6500.0,4.0
2018-12-19 05:13,6500.25,6500.25,6499.25,6500.0,20.0
2018-12-19 05:14,6500.0,6500.5,6498.25,6498.5,20.0
2018-12-19 05:15,6498.0,6498.5,6497.75,6497.75,12.0
2018-12-19 05:16,6497.75,6497.75,6497.25,6497.25,5.0
2018-12-19 05:17,6497.75,6498.5,6497.25,6498.0,18.0
2018-12-19 05:18,6498.0,6498.25,6496.5,6497.0,18.0
2018-12-19 05:19,6497.25,6497.25,6496.5,6497.0,7.0
2018-12-19 05:20,6496.75,6497.25,6496.0,6496.5,21.0
2018-12-19 05:21,6496.0,6498.0,6496.0,6498.0,7.0
2018-12-19 05:22,6498.25,6499.5,6498.25,6499.25,8.0
2018-12-19 05:23,6499.25,6501.25,6499.25,6501.0,31.0
2018-12-19 05:24,6500.5,6500.5,6498.75,6499.5,26.0
2018-12-19 05:25,6499.75,6499.75,6498.0,6498.0,11.0
2018-12-19 05:26,6498.0,6498.75,6498.0,6498.0,5.0
2018-12-19 05:27,6499.25,6499.75,6499.25,6499.75,6.0
2018-12-19 05:28,6500.0,6500.75,6500.0,6500.75,7.0
2018-12-19 05:29,6500.0,6501.0,6498.75,6498.75,17.0
2018-12-19 05:30,6497.5,6498.25,6497.5,6498.0,5.0
2018-12-19 05:31,6498.5,6499.0,6498.0,6499.0,7.0
2018-12-19 05:32,6499.25,6501.75,6499.0,6501.5,25.0
2018-12-19 05:33,6501.25,6501.5,6500.5,6501.25,23.0
2018-12-19 05:34,6501.5,6501.5,6500.25,6500.25,8.0
2018-12-19 05:35,6501.0,6501.0,6499.0,6499.25,13.0
2018-12-19 05:36,6498.75,6499.25,6498.5,6498.75,19.0
2018-12-19 05:37,6498.75,6498.75,6496.75,6497.75,15.0
2018-12-19 05:38,6496.75,6497.75,6496.5,6497.75,4.0
2018-12-19 05:39,6499.5,6499.5,6498.5,6499.0,6.0
2018-12-19 05:40,6498.0,6498.5,6497.5,6497.5,6.0
2018-12-19 05:41,6498.0,6498.0,6497.75,6497.75,2.0
2018-12-19 05:42,6497.25,6497.5,6496.25,6496.75,9.0
2018-12-19 05:43,6496.25,6496.25,6495.25,6495.5,34.0
2018-12-19 05:44,6495.25,6495.75,6495.25,6495.25,8.0
2018-12-19 05:45,6494.5,6495.0,6493.5,6494.25,34.0
2018-12-19 05:46,6495.25,6495.5,6494.0,6494.25,12.0
2018-12-19 05:47,6494.75,6494.75,6493.0,6494.0,26.0
2018-12-19 05:48,6494.25,6494.5,6493.0,6493.0,25.0
2018-12-19 05:49,6494.0,6494.25,6493.25,6494.0,8.0
2018-12-19 05:50,6493.0,6495.0,6493.0,6495.0,3.0
2018-12-19 05:51,6495.25,6495.5,6495.0,6495.25,7.0
2018-12-19 05:52,6495.0,6496.25,6495.0,6496.0,7.0
2018-12-19 05:53,6496.25,6496.5,6496.0,6496.25,7.0
2018-12-19 05:54,6498.0,6498.5,6497.75,6498.0,10.0
2018-12-19 05:55,6498.25,6498.25,6497.75,6498.25,7.0
2018-12-19 05:56,6498.0,6498.5,6498.0,6498.0,5.0
2018-12-19 05:57,6498.0,6498.5,6497.75,6497.75,3.0
2018-12-19 05:58,6498.0,6498.25,6497.5,6497.5,8.0
2018-12-19 05:59,6497.75,6497.75,6497.0,6497.0,2.0
2018-12-19 06:00,6497.5,6497.5,6496.75,6496.75,2.0
2018-12-19 06:01,6496.0,6496.0,6494.5,6494.5,11.0
2018-12-19 06:02,6494.0,6495.0,6493.5,6494.25,11.0
2018-12-19 06:03,6494.5,6495.25,6494.0,6495.0,10.0
2018-12-19 06:04,6495.0,6495.0,6494.25,6494.25,5.0
2018-12-19 06:05,6493.5,6494.25,6493.25,6494.0,11.0
2018-12-19 06:06,6494.25,6494.25,6494.25,6494.25,2.0
2018-12-19 06:07,6493.75,6493.75,6492.5,6492.5,10.0
2018-12-19 06:08,6494.5,6495.25,6494.25,6495.25,8.0
2018-12-19 06:09,6495.5,6495.5,6494.0,6494.0,8.0
2018-12-19 06:10,6495.25,6495.25,6495.25,6495.25,1.0
2018-12-19 06:11,6495.0,6496.0,6494.5,6496.0,11.0
2018-12-19 06:12,6496.0,6496.75,6496.0,6496.75,7.0
2018-12-19 06:13,6496.75,6497.5,6496.25,6497.5,9.0
2018-12-19 06:14,6497.0,6497.0,6495.75,6495.75,9.0
2018-12-19 06:15,6496.5,6497.0,6496.0,6496.0,6.0
2018-12-19 06:16,6496.0,6500.0,6496.0,6499.5,18.0
2018-12-19 06:17,6498.75,6498.75,6497.25,6498.0,10.0
2018-12-19 06:18,6498.5,6498.75,6497.75,6498.5,7.0
2018-12-19 06:19,6498.5,6498.5,6498.25,6498.25,3.0
2018-12-19 06:20,6498.0,6498.0,6496.75,6497.5,4.0
2018-12-19 06:21,6497.0,6497.0,6496.75,6496.75,5.0
2018-12-19 06:23,6498.75,6498.75,6498.0,6498.5,15.0
2018-12-19 06:24,6498.5,6499.5,6498.5,6499.25,11.0
2018-12-19 06:25,6500.0,6500.75,6499.5,6500.75,15.0
2018-12-19 06:26,6500.5,6500.5,6499.75,6499.75,4.0
2018-12-19 06:27,6498.75,6498.75,6498.75,6498.75,6.0
2018-12-19 06:29,6498.25,6498.25,6498.0,6498.0,4.0
2018-12-19 06:30,6499.25,6499.75,6499.25,6499.75,5.0
2018-12-19 06:31,6500.75,6501.0,6500.25,6500.5,10.0
2018-12-19 06:33,6499.5,6500.0,6498.75,6498.75,11.0
2018-12-19 06:34,6499.25,6500.75,6499.25,6500.25,22.0
2018-12-19 06:35,6501.0,6501.0,6500.75,6501.0,6.0
2018-12-19 06:36,6500.5,6500.5,6500.5,6500.5,2.0
2018-12-19 06:37,6500.25,6500.25,6500.25,6500.25,4.0
2018-12-19 06:38,6500.0,6500.0,6499.0,6499.25,4.0
2018-12-19 06:39,6499.0,6499.0,6498.25,6498.25,10.0
2018-12-19 06:40,6498.0,6498.0,6497.0,6497.75,12.0
2018-12-19 06:41,6497.25,6497.25,6493.5,6494.25,25.0
2018-12-19 06:42,6494.75,6496.25,6494.5,6496.25,17.0
2018-12-19 06:43,6495.75,6496.5,6495.5,6496.5,10.0
2018-12-19 06:44,6495.0,6495.75,6495.0,6495.75,4.0
2018-12-19 06:45,6495.0,6495.0,6495.0,6495.0,1.0
2018-12-19 06:46,6495.5,6495.5,6495.0,6495.0,4.0
2018-12-19 06:47,6495.0,6495.0,6494.25,6494.5,9.0
2018-12-19 06:48,6494.5,6495.75,6494.5,6495.75,5.0
2018-12-19 06:49,6496.0,6496.75,6496.0,6496.25,25.0
2018-12-19 06:51,6496.5,6496.5,6496.5,6496.5,1.0
2018-12-19 06:52,6497.0,6497.0,6496.5,6496.5,5.0
2018-12-19 06:53,6497.25,6497.25,6496.75,6497.0,6.0
2018-12-19 06:54,6497.0,6497.0,6496.5,6496.75,5.0
2018-12-19 06:55,6496.75,6496.75,6496.75,6496.75,3.0
2018-12-19 06:56,6496.25,6496.25,6495.75,6496.0,6.0
2018-12-19 06:57,6496.25,6496.5,6496.25,6496.5,7.0
2018-12-19 06:58,6496.0,6496.0,6495.0,6495.75,18.0
2018-12-19 06:59,6496.0,6496.25,6496.0,6496.25,3.0
2018-12-19 07:00,6497.0,6500.0,6497.0,6497.75,21.0
2018-12-19 07:01,6497.0,6500.25,6495.75,6500.25,14.0
2018-12-19 07:02,6500.25,6500.25,6499.0,6499.25,22.0
2018-12-19 07:03,6499.75,6499.75,6497.75,6498.25,26.0
2018-12-19 07:04,6497.0,6497.0,6495.75,6497.0,33.0
2018-12-19 07:05,6497.5,6500.0,6497.0,6500.0,13.0
2018-12-19 07:06,6500.0,6501.5,6500.0,6501.5,38.0
2018-12-19 07:07,6501.25,6501.75,6500.75,6501.25,8.0
2018-12-19 07:08,6501.75,6501.75,6499.5,6500.5,9.0
2018-12-19 07:09,6501.0,6501.0,6500.0,6500.5,6.0
2018-12-19 07:10,6500.5,6500.5,6500.0,6500.0,5.0
2018-12-19 07:11,6498.75,6499.5,6498.75,6499.5,7.0
2018-12-19 07:12,6499.0,6499.0,6498.0,6498.0,3.0
2018-12-19 07:13,6497.5,6498.25,6497.25,6497.75,8.0
2018-12-19 07:14,6498.5,6499.0,6497.75,6498.0,6.0
2018-12-19 07:15,6497.5,6497.5,6497.0,6497.5,10.0
2018-12-19 07:16,6497.0,6497.5,6495.75,6495.75,15.0
2018-12-19 07:17,6495.5,6495.75,6495.25,6495.75,7.0
2018-12-19 07:18,6495.75,6496.5,6495.75,6496.5,8.0
2018-12-19 07:19,6495.5,6495.5,6495.25,6495.5,4.0
2018-12-19 07:20,6495.25,6495.75,6494.75,6495.75,14.0
2018-12-19 07:21,6495.5,6495.5,6494.0,6494.0,10.0
2018-12-19 07:22,6494.25,6494.25,6492.5,6493.0,27.0
2018-12-19 07:23,6493.25,6494.75,6493.0,6494.75,7.0
2018-12-19 07:24,6494.75,6494.75,6494.25,6494.5,7.0
2018-12-19 07:25,6494.25,6494.5,6493.75,6494.5,5.0
2018-12-19 07:26,6494.75,6496.25,6494.75,6496.25,14.0
2018-12-19 07:27,6496.0,6496.0,6495.25,6495.5,8.0
2018-12-19 07:28,6495.0,6495.0,6493.25,6494.25,35.0
2018-12-19 07:29,6494.5,6496.25,6494.5,6496.25,7.0
2018-12-19 07:30,6496.0,6498.75,6496.0,6497.75,15.0
2018-12-19 07:31,6498.5,6500.0,6498.5,6500.0,17.0
2018-12-19 07:32,6500.0,6506.5,6499.75,6504.0,100.0
2018-12-19 07:33,6504.5,6504.5,6503.0,6503.25,17.0
2018-12-19 07:34,6503.75,6504.0,6501.75,6502.0,17.0
2018-12-19 07:35,6502.0,6504.0,6502.0,6503.0,42.0
2018-12-19 07:36,6503.25,6504.5,6503.25,6504.0,9.0
2018-12-19 07:37,6504.25,6504.25,6501.25,6501.25,18.0
2018-12-19 07:38,6502.0,6502.5,6500.5,6501.0,9.0
2018-12-19 07:39,6500.0,6500.25,6500.0,6500.0,9.0
2018-12-19 07:40,6500.0,6500.5,6499.5,6500.25,12.0
2018-12-19 07:41,6500.0,6500.25,6499.5,6499.5,6.0
2018-12-19 07:42,6499.75,6500.25,6499.25,6499.5,5.0
2018-12-19 07:43,6499.5,6499.75,6499.0,6499.0,9.0
2018-12-19 07:44,6499.5,6500.5,6499.25,6500.5,5.0
2018-12-19 07:45,6500.0,6502.25,6500.0,6500.75,22.0
2018-12-19 07:46,6501.5,6501.5,6499.5,6499.5,12.0
2018-12-19 07:47,6500.0,6501.25,6499.5,6501.25,5.0
2018-12-19 07:48,6501.0,6502.0,6499.5,6499.5,39.0
2018-12-19 07:49,6499.0,6499.0,6498.25,6499.0,9.0
2018-12-19 07:50,6497.0,6497.0,6496.0,6496.5,9.0
2018-12-19 07:51,6496.75,6497.0,6496.75,6497.0,2.0
2018-12-19 07:52,6497.25,6497.25,6495.0,6495.5,25.0
2018-12-19 07:53,6494.75,6495.75,6494.25,6495.25,11.0
2018-12-19 07:54,6495.0,6496.25,6494.5,6496.25,18.0
2018-12-19 07:55,6495.75,6495.75,6494.5,6494.5,11.0
2018-12-19 07:56,6494.25,6495.75,6494.25,6495.25,8.0
2018-12-19 07:57,6495.25,6496.0,6495.25,6495.5,10.0
2018-12-19 07:58,6496.0,6496.5,6495.25,6495.25,8.0
2018-12-19 07:59,6496.25,6496.25,6495.25,6495.25,8.0
2018-12-19 08:00,6495.0,6496.75,6494.75,6496.0,15.0
2018-12-19 08:01,6497.0,6500.75,6497.0,6500.0,51.0
2018-12-19 08:02,6500.75,6502.0,6500.25,6501.25,34.0
2018-12-19 08:03,6501.25,6501.25,6495.5,6496.5,44.0
2018-12-19 08:04,6496.5,6497.25,6495.0,6496.5,31.0
2018-12-19 08:05,6496.25,6496.5,6493.0,6493.25,59.0
2018-12-19 08:06,6493.75,6497.25,6493.25,6496.0,26.0
2018-12-19 08:07,6495.25,6497.75,6494.75,6497.0,26.0
2018-12-19 08:08,6497.5,6499.5,6497.5,6499.0,21.0
2018-12-19 08:09,6499.5,6502.0,6499.5,6502.0,60.0
2018-12-19 08:10,6501.0,6503.0,6499.75,6503.0,97.0
2018-12-19 08:11,6502.5,6504.0,6502.25,6504.0,28.0
2018-12-19 08:12,6503.25,6504.5,6502.0,6503.0,27.0
2018-12-19 08:13,6504.5,6504.5,6500.5,6501.0,21.0
2018-12-19 08:14,6500.5,6501.0,6498.5,6499.75,26.0
2018-12-19 08:15,6499.5,6500.5,6497.75,6499.75,23.0
2018-12-19 08:16,6499.0,6500.75,6497.5,6497.75,37.0
2018-12-19 08:17,6497.25,6497.75,6495.75,6497.75,17.0
2018-12-19 08:18,6497.25,6499.0,6496.25,6496.25,10.0
2018-12-19 08:19,6497.75,6498.75,6497.5,6497.75,6.0
2018-12-19 08:20,6498.75,6499.25,6496.5,6496.5,45.0
2018-12-19 08:21,6495.75,6499.75,6495.25,6499.5,97.0
2018-12-19 08:22,6500.75,6503.75,6499.75,6500.5,59.0
2018-12-19 08:23,6500.5,6503.25,6499.5,6502.75,29.0
2018-12-19 08:24,6502.25,6504.0,6501.5,6503.75,20.0
2018-12-19 08:25,6502.75,6503.25,6502.5,6503.25,21.0
2018-12-19 08:26,6501.75,6502.5,6501.75,6502.5,7.0
2018-12-19 08:27,6503.0,6503.5,6501.0,6501.25,21.0
2018-12-19 08:28,6502.25,6505.0,6500.0,6504.5,64.0
2018-12-19 08:29,6503.75,6510.75,6503.75,6508.75,64.0
2018-12-19 08:30,6508.0,6508.5,6505.5,6506.0,21.0
2018-12-19 08:31,6505.5,6505.5,6503.5,6504.0,15.0
2018-12-19 08:32,6503.5,6504.0,6503.0,6503.0,7.0
2018-12-19 08:33,6503.5,6503.75,6502.25,6502.75,12.0
2018-12-19 08:34,6503.0,6503.75,6502.5,6502.5,6.0
2018-12-19 08:35,6502.5,6504.0,6501.5,6501.5,24.0
2018-12-19 08:36,6501.25,6501.5,6499.25,6500.25,21.0
2018-12-19 08:37,6500.0,6500.0,6498.5,6499.75,18.0
2018-12-19 08:38,6499.25,6500.0,6499.0,6499.0,16.0
2018-12-19 08:39,6499.5,6499.5,6497.75,6498.5,13.0
2018-12-19 08:40,6497.25,6499.0,6497.0,6498.0,16.0
2018-12-19 08:41,6498.75,6498.75,6498.0,6498.75,34.0
2018-12-19 08:42,6498.25,6499.0,6498.0,6498.5,15.0
2018-12-19 08:43,6499.5,6500.0,6496.5,6496.5,26.0
2018-12-19 08:44,6496.75,6501.5,6496.25,6497.5,175.0
2018-12-19 08:45,6497.5,6498.25,6497.25,6497.5,12.0
2018-12-19 08:46,6498.25,6498.25,6496.0,6496.0,19.0
2018-12-19 08:47,6495.0,6495.25,6489.25,6491.0,100.0
2018-12-19 08:48,6490.5,6490.5,6489.25,6490.25,20.0
2018-12-19 08:49,6490.5,6490.5,6489.75,6490.5,22.0
2018-12-19 08:50,6489.75,6489.75,6489.0,6489.5,33.0
2018-12-19 08:51,6489.0,6491.0,6489.0,6491.0,30.0
2018-12-19 08:52,6491.0,6492.5,6490.75,6492.0,16.0
2018-12-19 08:53,6492.5,6493.75,6492.5,6492.75,20.0
2018-12-19 08:54,6493.25,6494.5,6492.25,6494.5,14.0
2018-12-19 08:55,6494.25,6496.0,6494.0,6496.0,23.0
2018-12-19 08:56,6495.5,6496.5,6495.5,6496.25,9.0
2018-12-19 08:57,6496.5,6496.5,6495.0,6495.0,18.0
2018-12-19 08:58,6494.5,6495.0,6492.25,6493.25,18.0
2018-12-19 08:59,6493.0,6497.25,6492.75,6497.0,24.0
2018-12-19 09:00,6495.75,6497.25,6495.75,6497.25,10.0
2018-12-19 09:01,6496.0,6497.5,6495.5,6496.75,89.0
2018-12-19 09:02,6496.5,6499.5,6495.75,6499.25,198.0
2018-12-19 09:03,6499.0,6502.0,6499.0,6501.5,128.0
2018-12-19 09:04,6501.25,6502.25,6500.5,6501.5,61.0
2018-12-19 09:05,6501.5,6501.5,6499.75,6499.75,38.0
2018-12-19 09:06,6500.0,6500.0,6498.5,6500.0,11.0
2018-12-19 09:07,6500.75,6501.0,6500.0,6500.0,11.0
2018-12-19 09:08,6499.75,6499.75,6498.5,6498.5,8.0
2018-12-19 09:09,6499.5,6499.75,6498.75,6498.75,9.0
2018-12-19 09:10,6498.75,6498.75,6497.5,6497.75,15.0
2018-12-19 09:11,6497.5,6499.0,6497.5,6499.0,16.0
2018-12-19 09:12,6498.0,6498.0,6498.0,6498.0,4.0
2018-12-19 09:13,6498.5,6501.0,6498.5,6500.25,31.0
2018-12-19 09:14,6500.5,6502.0,6500.5,6501.75,17.0
2018-12-19 09:15,6501.75,6503.25,6501.75,6502.25,26.0
2018-12-19 09:16,6502.75,6503.25,6502.0,6502.75,34.0
2018-12-19 09:17,6502.5,6503.75,6502.5,6503.5,44.0
2018-12-19 09:18,6502.75,6503.5,6502.75,6503.0,20.0
2018-12-19 09:19,6502.75,6503.25,6501.75,6503.25,8.0
2018-12-19 09:20,6503.0,6503.0,6501.25,6502.0,11.0
2018-12-19 09:21,6502.0,6502.5,6502.0,6502.5,6.0
2018-12-19 09:22,6501.75,6501.75,6500.25,6500.25,10.0
2018-12-19 09:23,6500.75,6501.5,6500.75,6501.0,5.0
2018-12-19 09:25,6501.0,6501.25,6501.0,6501.25,4.0
2018-12-19 09:26,6501.0,6501.5,6499.5,6500.5,9.0
2018-12-19 09:27,6501.0,6501.0,6500.0,6500.25,10.0
2018-12-19 09:28,6500.25,6500.75,6500.0,6500.25,14.0
2018-12-19 09:29,6500.5,6501.0,6500.0,6500.0,14.0
2018-12-19 09:30,6499.25,6500.25,6498.25,6500.25,19.0
2018-12-19 09:31,6499.75,6501.25,6499.5,6499.5,37.0
2018-12-19 09:32,6500.0,6500.75,6500.0,6500.25,14.0
2018-12-19 09:33,6500.25,6501.0,6500.25,6500.5,12.0
2018-12-19 09:34,6501.0,6501.0,6499.25,6499.25,11.0
2018-12-19 09:35,6499.0,6500.5,6498.5,6499.5,12.0
2018-12-19 09:36,6498.75,6500.0,6498.25,6500.0,31.0
2018-12-19 09:37,6500.0,6500.0,6499.5,6500.0,32.0
2018-12-19 09:38,6499.25,6500.0,6499.0,6499.5,42.0
2018-12-19 09:39,6499.25,6500.0,6499.25,6499.5,38.0
2018-12-19 09:40,6500.0,6500.0,6498.5,6499.5,31.0
2018-12-19 09:41,6499.25,6501.0,6499.25,6501.0,6.0
2018-12-19 09:42,6502.0,6503.0,6502.0,6502.5,15.0
2018-12-19 09:43,6503.75,6508.75,6503.75,6504.25,71.0
2018-12-19 09:44,6504.75,6506.0,6504.0,6504.0,42.0
2018-12-19 09:45,6504.0,6504.75,6503.75,6503.75,8.0
2018-12-19 09:46,6504.0,6504.0,6500.25,6501.0,34.0
2018-12-19 09:47,6501.25,6501.25,6501.25,6501.25,1.0
2018-12-19 09:48,6501.0,6502.5,6500.5,6500.5,25.0
2018-12-19 09:49,6500.75,6505.0,6500.75,6504.25,37.0
2018-12-19 09:50,6505.25,6505.25,6503.0,6503.25,29.0
2018-12-19 09:51,6503.75,6503.75,6502.5,6503.5,12.0
2018-12-19 09:52,6504.5,6505.0,6503.75,6505.0,12.0
2018-12-19 09:53,6505.25,6506.5,6503.75,6505.5,35.0
2018-12-19 09:54,6504.5,6505.25,6504.5,6505.25,6.0
2018-12-19 09:55,6506.0,6507.0,6505.75,6506.5,11.0
2018-12-19 09:56,6507.25,6507.75,6506.75,6507.5,17.0
2018-12-19 09:57,6507.5,6507.75,6507.25,6507.5,16.0
2018-12-19 09:58,6507.5,6508.25,6506.75,6507.5,51.0
2018-12-19 09:59,6506.75,6508.75,6506.75,6508.25,60.0
2018-12-19 10:00,6508.75,6508.75,6507.5,6507.5,69.0
2018-12-19 10:01,6507.75,6509.0,6507.5,6509.0,25.0
2018-12-19 10:02,6509.5,6510.75,6509.5,6510.25,42.0
2018-12-19 10:03,6509.75,6512.5,6509.75,6511.0,54.0
2018-12-19 10:04,6511.25,6512.75,6511.25,6512.75,11.0
2018-12-19 10:05,6512.75,6514.0,6512.25,6513.25,45.0
2018-12-19 10:06,6513.5,6515.25,6513.25,6513.5,60.0
2018-12-19 10:07,6514.0,6515.0,6513.75,6513.75,23.0
2018-12-19 10:08,6513.75,6516.0,6513.75,6515.5,62.0
2018-12-19 10:09,6515.25,6516.0,6515.25,6516.0,16.0
2018-12-19 10:10,6515.0,6518.0,6515.0,6518.0,50.0
2018-12-19 10:11,6517.5,6518.0,6516.25,6516.5,27.0
2018-12-19 10:12,6516.25,6517.0,6515.25,6515.5,20.0
2018-12-19 10:13,6515.5,6519.25,6515.5,6519.25,28.0
2018-12-19 10:14,6519.25,6522.0,6518.5,6521.5,79.0
2018-12-19 10:15,6522.0,6523.75,6521.25,6523.0,73.0
2018-12-19 10:16,6522.75,6526.25,6522.75,6524.75,68.0
2018-12-19 10:17,6524.25,6524.25,6521.75,6522.5,43.0
2018-12-19 10:18,6522.0,6522.0,6520.25,6521.0,22.0
2018-12-19 10:19,6521.25,6521.25,6520.5,6521.25,39.0
2018-12-19 10:20,6521.0,6521.0,6519.0,6519.75,107.0
2018-12-19 10:21,6519.5,6521.0,6519.0,6521.0,20.0
2018-12-19 10:22,6520.5,6522.0,6519.75,6521.0,70.0
2018-12-19 10:23,6522.0,6522.0,6521.0,6521.0,4.0
2018-12-19 10:24,6522.0,6522.5,6521.5,6521.5,21.0
2018-12-19 10:25,6521.25,6521.75,6520.25,6520.25,19.0
2018-12-19 10:26,6520.5,6522.0,6520.0,6521.0,57.0
2018-12-19 10:27,6521.0,6521.0,6519.0,6519.0,100.0
2018-12-19 10:28,6518.75,6519.75,6518.75,6519.5,10.0
2018-12-19 10:29,6519.25,6520.75,6519.0,6519.0,24.0
2018-12-19 10:30,6519.0,6519.5,6517.5,6519.25,39.0
2018-12-19 10:31,6519.25,6519.75,6517.5,6517.75,20.0
2018-12-19 10:32,6517.5,6519.0,6517.25,6518.25,26.0
2018-12-19 10:33,6518.25,6518.25,6517.75,6518.0,20.0
2018-12-19 10:34,6517.75,6517.75,6517.0,6517.75,12.0
2018-12-19 10:35,6517.75,6518.0,6517.5,6517.75,15.0
2018-12-19 10:36,6517.75,6517.75,6516.75,6517.0,16.0
2018-12-19 10:37,6517.25,6520.0,6517.25,6519.25,20.0
2018-12-19 10:38,6519.25,6519.75,6518.25,6518.25,8.0
2018-12-19 10:39,6518.5,6520.0,6517.25,6519.0,52.0
2018-12-19 10:40,6519.25,6519.5,6517.5,6518.0,12.0
2018-12-19 10:41,6517.5,6518.0,6516.0,6516.0,42.0
2018-12-19 10:42,6516.25,6517.5,6516.25,6516.75,39.0
2018-12-19 10:43,6516.75,6517.5,6516.5,6517.0,48.0
2018-12-19 10:44,6516.5,6517.5,6516.25,6517.5,84.0
2018-12-19 10:45,6517.25,6517.75,6515.5,6515.75,76.0
2018-12-19 10:46,6515.0,6515.0,6513.25,6514.25,41.0
2018-12-19 10:47,6516.25,6518.5,6516.25,6518.5,10.0
2018-12-19 10:48,6519.0,6519.0,6517.25,6518.5,30.0
2018-12-19 10:49,6519.5,6521.25,6519.25,6519.25,20.0
2018-12-19 10:50,6519.0,6519.5,6517.75,6518.0,21.0
2018-12-19 10:51,6518.0,6518.0,6517.0,6517.0,7.0
2018-12-19 10:52,6517.5,6517.75,6516.0,6517.75,16.0
2018-12-19 10:53,6517.25,6517.75,6517.25,6517.75,7.0
2018-12-19 10:54,6517.75,6518.25,6517.75,6518.0,13.0
2018-12-19 10:55,6518.0,6518.5,6517.0,6517.0,14.0
2018-12-19 10:56,6517.0,6517.25,6516.0,6517.25,27.0
2018-12-19 10:57,6518.25,6518.75,6518.0,6518.0,9.0
2018-12-19 10:58,6518.0,6518.25,6518.0,6518.25,4.0
2018-12-19 10:59,6519.0,6519.25,6518.0,6518.25,17.0
2018-12-19 11:00,6518.75,6518.75,6518.0,6518.0,11.0
2018-12-19 11:01,6517.0,6517.5,6516.75,6516.75,31.0
2018-12-19 11:02,6516.0,6517.5,6516.0,6516.75,18.0
2018-12-19 11:03,6518.25,6518.25,6516.5,6517.25,29.0
2018-12-19 11:04,6517.25,6517.25,6516.25,6516.25,25.0
2018-12-19 11:05,6516.0,6516.0,6515.0,6515.75,28.0
2018-12-19 11:06,6516.0,6517.0,6515.75,6517.0,9.0
2018-12-19 11:07,6517.5,6518.0,6517.5,6517.75,6.0
2018-12-19 11:08,6517.75,6517.75,6516.5,6516.75,9.0
2018-12-19 11:09,6516.0,6516.0,6516.0,6516.0,1.0
2018-12-19 11:10,6516.25,6517.25,6516.25,6516.5,6.0
2018-12-19 11:11,6516.5,6517.5,6515.75,6515.75,12.0
2018-12-19 11:12,6516.0,6516.0,6515.5,6515.5,7.0
2018-12-19 11:13,6516.0,6516.25,6515.25,6515.75,35.0
2018-12-19 11:14,6515.5,6515.75,6515.0,6515.25,6.0
2018-12-19 11:15,6515.5,6515.5,6514.75,6515.25,5.0
2018-12-19 11:16,6514.5,6514.5,6514.5,6514.5,1.0
2018-12-19 11:17,6514.0,6516.25,6514.0,6514.75,11.0
2018-12-19 11:18,6514.0,6516.0,6514.0,6516.0,7.0
2018-12-19 11:19,6516.25,6516.25,6515.75,6515.75,8.0
2018-12-19 11:20,6516.25,6518.5,6516.25,6518.5,21.0
2018-12-19 11:21,6518.25,6519.25,6518.0,6518.25,23.0
2018-12-19 11:22,6517.5,6519.25,6517.5,6518.0,9.0
2018-12-19 11:23,6518.75,6519.25,6518.0,6519.0,14.0
2018-12-19 11:24,6518.75,6518.75,6517.75,6518.5,8.0
2018-12-19 11:25,6519.25,6519.25,6515.5,6516.25,53.0
2018-12-19 11:26,6516.5,6517.25,6516.5,6516.75,8.0
2018-12-19 11:27,6517.25,6517.25,6516.25,6516.25,2.0
2018-12-19 11:28,6515.0,6515.25,6513.0,6514.0,19.0
2018-12-19 11:29,6513.5,6514.25,6513.5,6514.25,11.0
2018-12-19 11:30,6514.75,6515.25,6514.5,6514.5,7.0
2018-12-19 11:31,6514.0,6514.5,6514.0,6514.0,8.0
2018-12-19 11:32,6514.0,6514.0,6513.75,6513.75,10.0
2018-12-19 11:33,6513.25,6513.5,6513.25,6513.25,6.0
2018-12-19 11:34,6513.5,6514.0,6513.25,6513.25,51.0
2018-12-19 11:35,6513.75,6514.75,6513.75,6514.5,12.0
2018-12-19 11:36,6514.75,6515.25,6514.75,6515.0,6.0
2018-12-19 11:37,6515.0,6515.0,6513.5,6513.5,3.0
2018-12-19 11:38,6514.0,6514.0,6514.0,6514.0,1.0
2018-12-19 11:39,6514.5,6514.5,6513.0,6513.25,8.0
2018-12-19 11:40,6513.5,6515.0,6513.5,6515.0,5.0
2018-12-19 11:42,6514.75,6515.0,6514.75,6515.0,3.0
2018-12-19 11:43,6513.5,6514.0,6513.25,6514.0,11.0
2018-12-19 11:44,6515.0,6516.25,6515.0,6515.75,13.0
2018-12-19 11:45,6515.0,6515.0,6512.75,6513.5,9.0
2018-12-19 11:46,6512.75,6514.0,6512.75,6514.0,9.0
2018-12-19 11:47,6514.0,6514.0,6512.0,6513.5,11.0
2018-12-19 11:48,6513.75,6513.75,6513.25,6513.25,3.0
2018-12-19 11:49,6513.5,6514.0,6513.25,6514.0,6.0
2018-12-19 11:50,6513.5,6514.5,6513.5,6514.25,8.0
2018-12-19 11:51,6514.75,6514.75,6514.75,6514.75,1.0
2018-12-19 11:52,6515.0,6515.5,6515.0,6515.5,6.0
2018-12-19 11:53,6515.75,6517.0,6515.75,6517.0,6.0
2018-12-19 11:54,6517.25,6519.0,6517.25,6517.75,26.0
2018-12-19 11:55,6517.5,6517.5,6516.0,6516.0,11.0
2018-12-19 11:56,6516.5,6516.5,6515.75,6515.75,15.0
2018-12-19 11:57,6516.5,6518.25,6516.5,6518.0,5.0
2018-12-19 11:58,6518.0,6518.25,6518.0,6518.25,2.0
2018-12-19 11:59,6518.5,6519.25,6518.5,6519.25,5.0
2018-12-19 12:00,6519.25,6519.25,6516.25,6516.25,60.0
2018-12-19 12:01,6516.75,6517.0,6515.75,6516.25,21.0
2018-12-19 12:02,6516.25,6517.0,6516.0,6516.75,6.0
2018-12-19 12:03,6519.0,6522.75,6519.0,6522.75,61.0
2018-12-19 12:04,6521.75,6522.0,6520.0,6520.75,17.0
2018-12-19 12:05,6520.0,6522.0,6519.5,6520.75,45.0
2018-12-19 12:06,6520.5,6522.25,6520.25,6522.25,14.0
2018-12-19 12:07,6522.25,6522.75,6521.5,6522.0,21.0
2018-12-19 12:08,6521.75,6521.75,6519.75,6521.25,33.0
2018-12-19 12:09,6521.0,6521.0,6520.5,6521.0,3.0
2018-12-19 12:10,6520.75,6525.5,6520.75,6524.0,41.0
2018-12-19 12:11,6522.5,6523.25,6521.25,6523.25,15.0
2018-12-19 12:12,6523.25,6524.5,6522.0,6524.5,22.0
2018-12-19 12:13,6523.75,6527.5,6523.75,6526.0,53.0
2018-12-19 12:14,6526.25,6528.25,6526.25,6528.25,40.0
2018-12-19 12:15,6527.75,6527.75,6524.25,6524.5,36.0
2018-12-19 12:16,6524.5,6524.5,6521.25,6522.25,53.0
2018-12-19 12:17,6523.0,6524.0,6522.75,6524.0,19.0
2018-12-19 12:18,6523.5,6524.25,6523.25,6524.25,7.0
2018-12-19 12:19,6524.5,6524.75,6523.25,6524.75,11.0
2018-12-19 12:20,6524.25,6524.25,6520.75,6521.25,54.0
2018-12-19 12:21,6521.75,6522.5,6521.75,6522.5,10.0
2018-12-19 12:22,6523.5,6523.5,6520.25,6520.75,22.0
2018-12-19 12:23,6521.0,6523.0,6520.75,6523.0,15.0
2018-12-19 12:24,6520.75,6521.5,6520.75,6521.5,4.0
2018-12-19 12:25,6521.5,6521.5,6521.0,6521.25,10.0
2018-12-19 12:26,6521.25,6523.25,6521.25,6522.75,10.0
2018-12-19 12:27,6523.5,6523.5,6522.5,6522.5,2.0
2018-12-19 12:28,6521.75,6523.5,6521.75,6523.5,2.0
2018-12-19 12:29,6523.5,6523.5,6523.5,6523.5,1.0
2018-12-19 12:30,6522.0,6522.0,6520.25,6521.0,9.0
2018-12-19 12:31,6520.0,6520.25,6519.5,6520.25,10.0
2018-12-19 12:32,6520.0,6521.0,6520.0,6520.25,5.0
2018-12-19 12:33,6520.0,6520.75,6519.75,6520.75,6.0
2018-12-19 12:34,6520.25,6520.5,6520.25,6520.5,3.0
2018-12-19 12:35,6520.25,6520.5,6520.25,6520.5,4.0
2018-12-19 12:36,6521.25,6522.5,6520.5,6520.75,19.0
2018-12-19 12:37,6521.0,6521.0,6519.5,6520.0,11.0
2018-12-19 12:38,6520.0,6520.0,6519.25,6519.75,15.0
2018-12-19 12:39,6519.5,6520.25,6519.5,6520.25,4.0
2018-12-19 12:40,6520.0,6520.25,6520.0,6520.25,3.0
2018-12-19 12:41,6520.0,6520.0,6518.0,6520.0,34.0
2018-12-19 12:42,6520.25,6520.75,6517.25,6518.0,33.0
2018-12-19 12:43,6518.75,6519.0,6517.5,6517.5,4.0
2018-12-19 12:44,6517.25,6517.25,6515.25,6515.75,30.0
2018-12-19 12:45,6515.75,6515.75,6514.25,6515.75,26.0
2018-12-19 12:46,6515.75,6515.75,6515.0,6515.25,40.0
2018-12-19 12:47,6515.0,6515.25,6514.25,6515.0,29.0
2018-12-19 12:48,6515.0,6515.75,6515.0,6515.5,30.0
2018-12-19 12:49,6515.75,6516.5,6515.75,6516.0,13.0
2018-12-19 12:50,6515.0,6516.25,6515.0,6516.25,19.0
2018-12-19 12:51,6515.75,6516.5,6515.5,6516.5,9.0
2018-12-19 12:52,6516.5,6518.0,6516.5,6517.25,15.0
2018-12-19 12:53,6517.25,6517.25,6517.25,6517.25,5.0
2018-12-19 12:54,6517.25,6517.25,6515.75,6515.75,12.0
2018-12-19 12:55,6516.25,6517.0,6515.75,6516.5,26.0
2018-12-19 12:56,6515.5,6515.75,6514.75,6515.0,16.0
2018-12-19 12:57,6514.75,6515.25,6514.25,6515.0,45.0
2018-12-19 12:58,6515.0,6516.25,6514.75,6515.5,36.0
2018-12-19 12:59,6515.0,6516.5,6515.0,6516.0,15.0
2018-12-19 13:00,6516.25,6516.5,6513.75,6516.0,68.0
2018-12-19 13:01,6516.25,6516.25,6509.75,6509.75,98.0
2018-12-19 13:02,6509.75,6510.0,6508.25,6509.5,80.0
2018-12-19 13:03,6509.5,6509.5,6508.25,6509.0,33.0
2018-12-19 13:04,6508.75,6509.25,6505.25,6506.5,150.0
2018-12-19 13:05,6506.5,6506.5,6502.0,6502.25,151.0
2018-12-19 13:06,6502.5,6503.25,6501.75,6502.25,107.0
2018-12-19 13:07,6502.25,6503.25,6502.0,6502.5,45.0
2018-12-19 13:08,6502.25,6502.25,6497.5,6498.75,167.0
2018-12-19 13:09,6498.75,6499.5,6496.25,6497.75,58.0
2018-12-19 13:10,6498.0,6500.5,6497.75,6499.75,71.0
2018-12-19 13:11,6500.0,6500.0,6496.75,6497.75,62.0
2018-12-19 13:12,6498.0,6499.75,6498.0,6498.5,26.0
2018-12-19 13:13,6498.75,6500.5,6498.75,6500.5,17.0
2018-12-19 13:14,6500.0,6500.0,6497.25,6497.5,86.0
2018-12-19 13:15,6497.0,6498.75,6496.25,6497.75,38.0
2018-12-19 13:16,6497.5,6500.25,6497.5,6499.25,26.0
2018-12-19 13:17,6498.75,6498.75,6498.25,6498.5,53.0
2018-12-19 13:18,6499.0,6499.0,6496.5,6498.0,48.0
2018-12-19 13:19,6497.75,6498.75,6497.75,6498.25,30.0
2018-12-19 13:20,6498.5,6499.75,6497.75,6499.75,47.0
2018-12-19 13:21,6499.75,6500.0,6499.0,6500.0,22.0
2018-12-19 13:22,6500.0,6500.25,6498.0,6498.5,19.0
2018-12-19 13:23,6498.25,6499.5,6497.25,6497.5,39.0
2018-12-19 13:24,6497.5,6499.25,6497.5,6499.0,16.0
2018-12-19 13:25,6499.5,6503.0,6499.5,6500.25,60.0
2018-12-19 13:26,6500.0,6500.5,6500.0,6500.25,13.0
2018-12-19 13:27,6500.5,6500.5,6500.0,6500.5,23.0
2018-12-19 13:28,6500.5,6501.75,6498.75,6501.75,51.0
2018-12-19 13:29,6501.5,6502.25,6500.5,6502.25,21.0
2018-12-19 13:30,6500.75,6501.5,6498.0,6498.75,46.0
2018-12-19 13:31,6499.5,6499.5,6492.5,6493.75,45.0
2018-12-19 13:32,6493.5,6494.0,6491.75,6493.5,56.0
2018-12-19 13:33,6494.5,6496.0,6494.5,6495.0,27.0
2018-12-19 13:34,6496.0,6497.75,6495.75,6497.0,11.0
2018-12-19 13:35,6496.5,6496.75,6496.25,6496.75,6.0
2018-12-19 13:36,6497.25,6498.0,6497.0,6497.0,15.0
2018-12-19 13:37,6498.25,6501.0,6498.0,6501.0,23.0
2018-12-19 13:38,6501.0,6501.0,6500.5,6500.5,12.0
2018-12-19 13:39,6500.0,6500.5,6499.0,6499.5,11.0
2018-12-19 13:40,6498.75,6499.75,6498.5,6499.75,20.0
2018-12-19 13:41,6500.0,6500.25,6499.5,6499.75,22.0
2018-12-19 13:42,6500.25,6500.5,6499.25,6500.5,19.0
2018-12-19 13:43,6501.0,6502.5,6501.0,6501.75,19.0
2018-12-19 13:44,6501.75,6502.25,6501.75,6502.25,2.0
2018-12-19 13:45,6501.0,6502.5,6501.0,6502.5,21.0
2018-12-19 13:46,6502.25,6502.75,6501.5,6501.5,6.0
2018-12-19 13:47,6501.25,6501.25,6500.0,6500.0,19.0
2018-12-19 13:48,6501.25,6501.25,6500.5,6500.5,8.0
2018-12-19 13:49,6499.75,6500.25,6499.75,6500.25,4.0
2018-12-19 13:50,6499.5,6500.0,6499.5,6500.0,20.0
2018-12-19 13:51,6500.5,6500.5,6500.5,6500.5,4.0
2018-12-19 13:52,6500.5,6500.75,6496.0,6497.0,32.0
2018-12-19 13:53,6496.25,6497.5,6495.75,6497.5,22.0
2018-12-19 13:54,6497.5,6499.25,6497.5,6498.5,10.0
2018-12-19 13:55,6499.25,6499.25,6496.5,6496.5,32.0
2018-12-19 13:56,6496.75,6497.5,6496.75,6497.5,15.0
2018-12-19 13:57,6499.5,6501.25,6499.5,6501.0,16.0
2018-12-19 13:58,6501.5,6502.0,6499.5,6500.0,12.0
2018-12-19 13:59,6499.5,6499.5,6494.25,6495.0,45.0
2018-12-19 14:00,6495.25,6497.5,6494.25,6494.25,49.0
2018-12-19 14:01,6495.0,6495.0,6492.25,6493.0,35.0
2018-12-19 14:02,6493.5,6495.0,6493.5,6494.5,14.0
2018-12-19 14:03,6495.0,6497.0,6495.0,6495.5,53.0
2018-12-19 14:04,6495.25,6495.25,6493.75,6495.25,65.0
2018-12-19 14:05,6496.5,6496.75,6496.5,6496.75,2.0
2018-12-19 14:06,6495.5,6496.5,6494.75,6496.5,6.0
2018-12-19 14:07,6494.5,6495.75,6494.5,6495.25,18.0
2018-12-19 14:08,6495.0,6496.5,6495.0,6495.75,36.0
2018-12-19 14:09,6496.25,6496.75,6495.75,6495.75,14.0
2018-12-19 14:10,6496.25,6496.25,6493.5,6494.0,40.0
2018-12-19 14:11,6493.5,6496.0,6493.25,6496.0,9.0
2018-12-19 14:12,6495.5,6497.0,6495.25,6496.0,8.0
2018-12-19 14:13,6497.0,6498.0,6496.5,6496.5,31.0
2018-12-19 14:14,6496.5,6496.5,6495.0,6495.5,30.0
2018-12-19 14:15,6495.25,6495.25,6493.0,6494.25,11.0
2018-12-19 14:16,6494.0,6495.25,6494.0,6494.75,18.0
2018-12-19 14:17,6494.75,6496.75,6494.25,6496.75,17.0
2018-12-19 14:18,6495.75,6499.75,6495.5,6497.75,24.0
2018-12-19 14:19,6497.75,6497.75,6496.5,6496.75,21.0
2018-12-19 14:20,6498.0,6499.25,6496.0,6496.5,88.0
2018-12-19 14:21,6496.5,6497.25,6496.0,6496.0,7.0
2018-12-19 14:22,6496.5,6497.5,6495.5,6495.5,18.0
2018-12-19 14:23,6495.0,6495.0,6493.25,6494.5,24.0
2018-12-19 14:24,6495.5,6496.0,6495.25,6495.25,3.0
2018-12-19 14:25,6495.75,6497.0,6495.75,6496.5,10.0
2018-12-19 14:26,6495.5,6496.0,6492.0,6492.5,29.0
2018-12-19 14:27,6493.0,6493.0,6489.5,6492.5,80.0
2018-12-19 14:28,6491.75,6491.75,6484.25,6486.0,221.0
2018-12-19 14:29,6485.5,6487.75,6484.25,6485.0,174.0
2018-12-19 14:30,6485.0,6485.5,6472.0,6477.5,686.0
2018-12-19 14:31,6478.25,6487.75,6477.5,6487.25,308.0
2018-12-19 14:32,6487.25,6503.0,6485.5,6502.0,341.0
2018-12-19 14:33,6502.25,6506.75,6498.5,6500.25,413.0
2018-12-19 14:34,6500.5,6501.5,6494.75,6501.0,175.0
2018-12-19 14:35,6500.25,6506.75,6497.25,6498.25,208.0
2018-12-19 14:36,6497.75,6499.75,6496.25,6499.25,120.0
2018-12-19 14:37,6499.0,6507.75,6499.0,6506.0,268.0
2018-12-19 14:38,6506.5,6509.25,6501.5,6505.5,504.0
2018-12-19 14:39,6505.5,6509.75,6502.0,6508.5,629.0
2018-12-19 14:40,6508.25,6516.75,6508.0,6516.25,494.0
2018-12-19 14:41,6516.5,6517.75,6513.75,6517.0,327.0
2018-12-19 14:42,6516.25,6517.25,6510.75,6511.0,297.0
2018-12-19 14:43,6511.0,6521.25,6511.0,6520.5,222.0
2018-12-19 14:44,6521.25,6521.5,6514.75,6519.0,230.0
2018-12-19 14:45,6519.25,6521.25,6514.0,6516.0,281.0
2018-12-19 14:46,6515.0,6518.0,6511.0,6515.5,315.0
2018-12-19 14:47,6515.25,6525.0,6513.25,6523.5,340.0
2018-12-19 14:48,6523.5,6527.5,6519.0,6525.75,390.0
2018-12-19 14:49,6525.5,6533.5,6524.75,6533.25,409.0
2018-12-19 14:50,6532.75,6533.25,6528.0,6528.75,264.0
2018-12-19 14:51,6528.0,6537.75,6528.0,6535.75,322.0
2018-12-19 14:52,6535.75,6537.0,6531.5,6535.75,213.0
2018-12-19 14:53,6535.75,6539.75,6535.5,6539.0,216.0
2018-12-19 14:54,6539.0,6550.0,6539.0,6548.5,491.0
2018-12-19 14:55,6548.25,6555.25,6548.0,6554.0,509.0
2018-12-19 14:56,6554.25,6564.5,6554.25,6557.75,1241.0
2018-12-19 14:57,6558.25,6563.0,6553.0,6555.5,367.0
2018-12-19 14:58,6555.5,6561.0,6555.25,6560.75,203.0
2018-12-19 14:59,6561.0,6567.5,6553.5,6554.0,303.0
2018-12-19 15:00,6553.75,6565.0,6553.75,6560.75,315.0
2018-12-19 15:01,6560.75,6561.25,6555.5,6557.25,198.0
2018-12-19 15:02,6558.25,6563.25,6557.75,6558.75,152.0
2018-12-19 15:03,6560.25,6560.5,6554.5,6556.75,140.0
2018-12-19 15:04,6557.25,6561.75,6554.75,6556.75,242.0
2018-12-19 15:05,6556.75,6557.25,6549.75,6551.5,322.0
2018-12-19 15:06,6551.0,6554.25,6549.25,6551.25,164.0
2018-12-19 15:07,6551.25,6554.25,6550.0,6552.5,202.0
2018-12-19 15:08,6552.25,6553.5,6549.5,6550.75,141.0
2018-12-19 15:09,6551.0,6555.25,6550.25,6552.0,124.0
2018-12-19 15:10,6552.5,6562.75,6550.5,6560.25,307.0
2018-12-19 15:11,6559.75,6560.25,6552.5,6552.5,114.0
2018-12-19 15:12,6553.0,6557.25,6552.0,6552.0,185.0
2018-12-19 15:13,6552.75,6554.25,6547.5,6552.0,193.0
2018-12-19 15:14,6552.5,6564.75,6552.5,6559.5,243.0
2018-12-19 15:15,6559.75,6563.25,6557.25,6559.0,253.0
2018-12-19 15:16,6559.0,6571.25,6558.75,6568.5,434.0
2018-12-19 15:17,6568.0,6569.5,6562.75,6563.75,179.0
2018-12-19 15:18,6562.75,6568.75,6561.25,6563.25,184.0
2018-12-19 15:19,6563.25,6567.0,6561.25,6563.0,138.0
2018-12-19 15:20,6563.5,6567.0,6561.5,6563.0,129.0
2018-12-19 15:21,6562.0,6566.0,6562.0,6565.75,96.0
2018-12-19 15:22,6566.0,6568.25,6564.0,6565.75,94.0
2018-12-19 15:23,6566.5,6570.0,6560.0,6562.25,210.0
2018-12-19 15:24,6561.5,6562.5,6557.5,6560.5,200.0
2018-12-19 15:25,6560.0,6563.5,6559.0,6560.25,143.0
2018-12-19 15:26,6560.25,6560.75,6556.25,6557.25,149.0
2018-12-19 15:27,6558.0,6565.25,6556.75,6560.25,151.0
2018-12-19 15:28,6560.75,6564.0,6558.5,6560.75,164.0
2018-12-19 15:29,6560.5,6563.75,6559.0,6561.25,87.0
2018-12-19 15:30,6561.5,6575.5,6561.5,6565.25,391.0
2018-12-19 15:31,6566.75,6572.75,6566.25,6569.75,103.0
2018-12-19 15:32,6566.75,6568.5,6565.5,6566.25,82.0
2018-12-19 15:33,6566.75,6572.75,6564.25,6571.0,114.0
2018-12-19 15:34,6571.5,6572.25,6562.5,6564.5,348.0
2018-12-19 15:35,6565.0,6572.0,6564.0,6571.25,168.0
2018-12-19 15:36,6571.0,6571.0,6566.0,6566.5,112.0
2018-12-19 15:37,6566.5,6567.5,6562.5,6564.25,127.0
2018-12-19 15:38,6563.5,6566.5,6557.5,6564.0,331.0
2018-12-19 15:39,6563.75,6566.0,6563.0,6563.25,65.0
2018-12-19 15:40,6562.25,6563.0,6557.0,6560.5,177.0
2018-12-19 15:41,6560.0,6560.5,6553.75,6558.0,145.0
2018-12-19 15:42,6558.75,6559.25,6556.5,6557.0,76.0
2018-12-19 15:43,6557.0,6562.5,6556.75,6562.5,91.0
2018-12-19 15:44,6562.75,6563.25,6553.0,6554.5,213.0
2018-12-19 15:45,6554.25,6554.25,6551.5,6554.25,156.0
2018-12-19 15:46,6553.75,6555.0,6550.0,6552.75,163.0
2018-12-19 15:47,6551.75,6555.5,6551.75,6552.0,118.0
2018-12-19 15:48,6553.0,6553.5,6548.25,6551.75,440.0
2018-12-19 15:49,6552.0,6555.0,6549.75,6550.75,653.0
2018-12-19 15:50,6551.75,6556.25,6551.5,6555.5,435.0
2018-12-19 15:51,6555.75,6565.75,6555.5,6563.0,280.0
2018-12-19 15:52,6562.5,6567.0,6561.5,6564.0,151.0
2018-12-19 15:53,6563.75,6565.25,6561.0,6562.5,185.0
2018-12-19 15:54,6561.75,6565.5,6561.75,6563.0,75.0
2018-12-19 15:55,6562.75,6562.75,6557.25,6557.75,108.0
2018-12-19 15:56,6558.0,6558.75,6553.75,6556.5,132.0
2018-12-19 15:57,6556.0,6557.5,6552.25,6555.75,89.0
2018-12-19 15:58,6555.25,6558.5,6554.0,6558.5,99.0
2018-12-19 15:59,6559.0,6562.0,6558.25,6562.0,117.0
2018-12-19 16:00,6562.5,6564.5,6556.0,6556.75,104.0
2018-12-19 16:01,6557.5,6560.25,6555.5,6559.75,89.0
2018-12-19 16:02,6558.75,6560.25,6550.75,6556.25,186.0
2018-12-19 16:03,6557.5,6557.5,6551.5,6553.25,83.0
2018-12-19 16:04,6553.0,6558.0,6551.25,6553.75,114.0
2018-12-19 16:05,6554.25,6556.25,6552.75,6554.5,169.0
2018-12-19 16:06,6554.5,6554.5,6550.0,6551.75,82.0
2018-12-19 16:07,6551.75,6552.5,6544.5,6546.25,249.0
2018-12-19 16:08,6546.5,6548.75,6543.5,6547.25,143.0
2018-12-19 16:09,6547.75,6547.75,6537.5,6541.25,249.0
2018-12-19 16:10,6541.0,6541.0,6537.75,6539.75,203.0
2018-12-19 16:11,6539.5,6541.0,6534.5,6540.25,175.0
2018-12-19 16:12,6540.0,6542.5,6537.5,6541.0,106.0
2018-12-19 16:13,6540.75,6544.75,6540.5,6541.0,118.0
2018-12-19 16:14,6541.0,6541.0,6532.0,6533.75,309.0
2018-12-19 16:15,6534.5,6535.5,6530.25,6533.25,226.0
2018-12-19 16:16,6532.25,6532.25,6528.75,6529.5,201.0
2018-12-19 16:17,6529.25,6531.5,6528.0,6530.25,190.0
2018-12-19 16:18,6530.5,6530.75,6525.5,6530.0,158.0
2018-12-19 16:19,6531.0,6533.5,6529.5,6531.75,113.0
2018-12-19 16:20,6531.5,6533.5,6529.5,6532.0,209.0
2018-12-19 16:21,6531.75,6536.75,6531.75,6535.5,85.0
2018-12-19 16:22,6536.0,6536.0,6533.0,6535.0,36.0
2018-12-19 16:23,6534.5,6537.0,6533.25,6535.75,122.0
2018-12-19 16:24,6534.75,6538.25,6534.75,6535.25,80.0
2018-12-19 16:25,6535.75,6537.5,6532.0,6533.25,149.0
2018-12-19 16:26,6532.5,6534.75,6528.25,6533.75,114.0
2018-12-19 16:27,6533.25,6535.75,6531.25,6535.25,100.0
2018-12-19 16:28,6535.0,6537.75,6532.75,6533.0,201.0
2018-12-19 16:29,6533.25,6536.0,6532.25,6535.0,126.0
2018-12-19 16:30,6535.25,6537.5,6533.25,6535.0,158.0
2018-12-19 16:31,6534.75,6536.25,6532.75,6535.5,144.0
2018-12-19 16:32,6535.25,6535.25,6530.75,6532.5,114.0
2018-12-19 16:33,6532.75,6532.75,6527.5,6529.5,222.0
2018-12-19 16:34,6529.5,6532.75,6527.75,6530.75,188.0
2018-12-19 16:35,6530.75,6533.0,6529.5,6531.0,138.0
2018-12-19 16:36,6531.0,6533.75,6529.75,6530.75,256.0
2018-12-19 16:37,6531.0,6533.75,6531.0,6533.75,91.0
2018-12-19 16:38,6533.75,6534.5,6531.5,6533.5,122.0
2018-12-19 16:39,6534.5,6535.0,6531.5,6532.75,139.0
2018-12-19 16:40,6533.25,6535.5,6530.5,6531.0,133.0
2018-12-19 16:41,6530.5,6531.0,6527.75,6529.5,144.0
2018-12-19 16:42,6530.0,6534.25,6530.0,6531.5,124.0
2018-12-19 16:43,6531.5,6533.0,6526.75,6531.5,251.0
2018-12-19 16:44,6531.0,6533.5,6530.0,6532.25,122.0
2018-12-19 16:45,6532.25,6533.5,6530.75,6530.75,73.0
2018-12-19 16:46,6531.0,6533.0,6529.25,6533.0,56.0
2018-12-19 16:47,6532.75,6536.0,6530.75,6534.75,127.0
2018-12-19 16:48,6535.0,6542.0,6534.5,6541.0,286.0
2018-12-19 16:49,6540.75,6545.75,6540.0,6545.5,175.0
2018-12-19 16:50,6545.0,6553.5,6544.25,6550.0,418.0
2018-12-19 16:51,6550.25,6552.25,6549.0,6552.25,117.0
2018-12-19 16:52,6552.0,6554.75,6550.25,6554.0,122.0
2018-12-19 16:53,6554.25,6555.0,6552.75,6554.25,144.0
2018-12-19 16:54,6554.75,6554.75,6551.75,6554.75,86.0
2018-12-19 16:55,6554.25,6554.75,6549.75,6551.0,131.0
2018-12-19 16:56,6551.5,6551.5,6547.25,6547.5,70.0
2018-12-19 16:57,6547.5,6554.0,6547.5,6553.5,101.0
2018-12-19 16:58,6553.75,6560.5,6553.75,6558.25,196.0
2018-12-19 16:59,6558.5,6561.25,6557.25,6559.25,115.0
2018-12-19 17:00,6559.25,6559.5,6556.25,6558.0,88.0
2018-12-19 17:01,6558.0,6562.0,6558.0,6561.0,117.0
2018-12-19 17:02,6561.0,6564.25,6560.0,6561.5,203.0
2018-12-19 17:03,6562.25,6562.25,6556.0,6557.5,131.0
2018-12-19 17:04,6557.0,6559.25,6557.0,6558.25,54.0
2018-12-19 17:05,6558.75,6563.75,6556.25,6560.0,201.0
2018-12-19 17:06,6560.5,6563.5,6557.5,6561.5,198.0
2018-12-19 17:07,6561.5,6561.5,6559.0,6560.0,48.0
2018-12-19 17:08,6560.75,6564.0,6560.0,6562.75,84.0
2018-12-19 17:09,6563.0,6570.0,6563.0,6568.0,301.0
2018-12-19 17:10,6567.75,6568.25,6565.0,6565.5,112.0
2018-12-19 17:11,6566.75,6566.75,6563.5,6565.5,92.0
2018-12-19 17:12,6565.5,6568.5,6565.25,6566.25,112.0
2018-12-19 17:13,6566.0,6566.25,6564.0,6564.5,81.0
2018-12-19 17:14,6564.5,6566.5,6562.75,6563.25,92.0
2018-12-19 17:15,6563.75,6564.0,6560.5,6561.75,140.0
2018-12-19 17:16,6562.0,6564.5,6560.5,6561.75,112.0
2018-12-19 17:17,6561.75,6562.5,6560.25,6560.25,67.0
2018-12-19 17:18,6560.5,6564.0,6560.0,6563.75,94.0
2018-12-19 17:19,6563.25,6566.0,6562.25,6564.0,75.0
2018-12-19 17:20,6564.25,6567.25,6562.5,6562.75,120.0
2018-12-19 17:21,6562.5,6563.0,6558.75,6562.5,147.0
2018-12-19 17:22,6562.25,6564.5,6562.25,6563.5,50.0
2018-12-19 17:23,6563.5,6564.25,6561.75,6562.75,54.0
2018-12-19 17:24,6563.0,6569.5,6561.5,6567.25,218.0
2018-12-19 17:25,6567.25,6567.25,6562.75,6565.25,138.0
2018-12-19 17:26,6565.5,6571.75,6564.5,6564.75,210.0
2018-12-19 17:27,6565.25,6568.0,6565.0,6566.25,59.0
2018-12-19 17:28,6566.0,6567.0,6563.25,6563.5,53.0
2018-12-19 17:29,6564.25,6565.75,6561.5,6563.5,96.0
2018-12-19 17:30,6562.75,6563.5,6561.0,6562.25,72.0
2018-12-19 17:31,6562.0,6565.0,6561.25,6562.25,64.0
2018-12-19 17:32,6561.5,6563.25,6560.5,6561.5,73.0
2018-12-19 17:33,6562.0,6564.5,6561.0,6563.0,78.0
2018-12-19 17:34,6564.5,6566.75,6563.75,6564.5,117.0
2018-12-19 17:35,6565.0,6566.75,6563.75,6564.0,72.0
2018-12-19 17:36,6564.0,6564.0,6560.25,6561.25,90.0
2018-12-19 17:37,6561.0,6564.5,6560.25,6564.0,77.0
2018-12-19 17:38,6564.0,6564.75,6562.75,6564.5,57.0
2018-12-19 17:39,6564.25,6564.5,6561.75,6562.75,78.0
2018-12-19 17:40,6562.0,6565.5,6562.0,6564.0,57.0
2018-12-19 17:41,6564.5,6564.5,6557.25,6561.75,139.0
2018-12-19 17:42,6562.5,6563.0,6560.0,6561.0,92.0
2018-12-19 17:43,6561.25,6561.25,6557.75,6558.25,127.0
2018-12-19 17:44,6558.0,6562.75,6556.25,6562.75,121.0
2018-12-19 17:45,6562.0,6562.0,6557.75,6558.25,58.0
2018-12-19 17:46,6557.5,6558.25,6556.0,6557.75,79.0
2018-12-19 17:47,6557.75,6560.5,6557.75,6559.0,77.0
2018-12-19 17:48,6558.75,6559.75,6554.25,6554.25,90.0
2018-12-19 17:49,6554.25,6556.25,6553.75,6555.25,89.0
2018-12-19 17:50,6554.75,6557.0,6553.75,6556.25,48.0
2018-12-19 17:51,6556.25,6564.5,6556.25,6563.5,158.0
2018-12-19 17:52,6563.5,6563.75,6558.25,6558.25,200.0
2018-12-19 17:53,6558.25,6559.5,6546.0,6548.0,251.0
2018-12-19 17:54,6548.0,6548.5,6544.25,6547.25,149.0
2018-12-19 17:55,6549.75,6550.25,6546.5,6548.25,97.0
2018-12-19 17:56,6548.25,6548.75,6545.25,6546.5,97.0
2018-12-19 17:57,6547.25,6547.5,6543.0,6543.0,119.0
2018-12-19 17:58,6542.75,6544.75,6540.75,6540.75,44.0
2018-12-19 17:59,6540.5,6542.75,6540.5,6542.0,42.0
2018-12-19 18:00,6540.0,6543.75,6538.0,6542.25,92.0
2018-12-19 18:01,6542.75,6542.75,6537.75,6538.0,131.0
2018-12-19 18:02,6537.0,6537.5,6533.0,6533.75,146.0
2018-12-19 18:03,6533.5,6535.75,6531.75,6535.0,141.0
2018-12-19 18:04,6535.0,6536.75,6533.75,6535.0,242.0
2018-12-19 18:05,6534.75,6538.25,6534.25,6536.75,85.0
2018-12-19 18:06,6536.5,6537.0,6532.25,6533.25,113.0
2018-12-19 18:07,6533.5,6533.75,6531.0,6533.75,66.0
2018-12-19 18:08,6532.75,6532.75,6526.75,6528.0,191.0
2018-12-19 18:09,6526.5,6531.25,6526.25,6530.0,166.0
2018-12-19 18:10,6529.75,6531.75,6528.0,6529.5,191.0
2018-12-19 18:11,6528.75,6532.75,6527.75,6530.5,169.0
2018-12-19 18:12,6531.0,6534.5,6530.75,6534.0,109.0
2018-12-19 18:13,6534.0,6535.75,6532.5,6533.25,82.0
2018-12-19 18:14,6533.5,6533.5,6528.0,6529.25,63.0
2018-12-19 18:15,6529.25,6529.25,6521.75,6527.0,215.0
2018-12-19 18:16,6526.75,6528.5,6524.5,6527.0,75.0
2018-12-19 18:17,6526.75,6531.25,6526.5,6530.25,172.0
2018-12-19 18:18,6529.75,6533.25,6529.5,6531.5,48.0
2018-12-19 18:19,6531.75,6536.5,6531.5,6536.5,56.0
2018-12-19 18:20,6537.25,6539.75,6535.25,6538.5,121.0
2018-12-19 18:21,6538.5,6539.0,6534.0,6534.0,65.0
2018-12-19 18:22,6533.0,6534.0,6517.25,6519.0,337.0
2018-12-19 18:23,6519.75,6525.0,6518.25,6522.25,298.0
2018-12-19 18:24,6521.75,6523.5,6518.25,6518.25,99.0
2018-12-19 18:25,6518.5,6521.0,6515.5,6520.25,119.0
2018-12-19 18:26,6520.5,6524.75,6520.0,6524.75,93.0
2018-12-19 18:27,6523.5,6527.75,6523.5,6527.75,75.0
2018-12-19 18:28,6527.75,6527.75,6524.75,6526.25,60.0
2018-12-19 18:29,6526.25,6527.5,6524.25,6527.25,37.0
2018-12-19 18:30,6527.75,6533.5,6527.75,6530.5,222.0
2018-12-19 18:31,6530.75,6532.0,6525.25,6526.5,96.0
2018-12-19 18:32,6526.75,6530.25,6526.0,6526.5,111.0
2018-12-19 18:33,6526.25,6528.75,6524.25,6525.0,70.0
2018-12-19 18:34,6525.75,6531.5,6525.75,6531.25,83.0
2018-12-19 18:35,6531.75,6533.0,6530.25,6531.5,71.0
2018-12-19 18:36,6531.75,6535.5,6531.5,6532.5,154.0
2018-12-19 18:37,6532.75,6534.25,6529.5,6530.25,159.0
2018-12-19 18:38,6529.75,6533.75,6528.75,6533.0,138.0
2018-12-19 18:39,6533.0,6533.0,6529.75,6531.0,57.0
2018-12-19 18:40,6530.5,6537.5,6530.5,6535.25,124.0
2018-12-19 18:41,6535.25,6540.25,6534.25,6538.5,149.0
2018-12-19 18:42,6538.5,6543.0,6538.5,6541.0,70.0
2018-12-19 18:43,6540.5,6548.75,6540.0,6547.5,240.0
2018-12-19 18:44,6547.25,6548.75,6544.25,6545.75,237.0
2018-12-19 18:45,6546.0,6547.5,6541.75,6543.25,70.0
2018-12-19 18:46,6542.75,6545.0,6542.5,6544.5,119.0
2018-12-19 18:47,6545.0,6546.5,6544.0,6544.0,115.0
2018-12-19 18:48,6543.75,6543.75,6539.75,6542.0,127.0
2018-12-19 18:49,6542.25,6548.25,6542.25,6546.0,327.0
2018-12-19 18:50,6546.75,6547.0,6542.25,6542.5,33.0
2018-12-19 18:51,6542.25,6545.0,6542.25,6544.5,81.0
2018-12-19 18:52,6544.0,6545.5,6542.0,6544.0,103.0
2018-12-19 18:53,6544.25,6545.5,6543.0,6545.25,52.0
2018-12-19 18:54,6545.25,6545.75,6537.75,6539.75,92.0
2018-12-19 18:55,6538.75,6550.75,6538.25,6550.0,184.0
2018-12-19 18:56,6549.75,6560.0,6549.75,6557.0,223.0
2018-12-19 18:57,6557.0,6559.25,6550.5,6554.0,103.0
2018-12-19 18:58,6552.75,6556.25,6548.0,6549.5,33.0
2018-12-19 18:59,6548.25,6577.75,6542.75,6574.0,107.0
2018-12-19 19:00,6578.0,6594.0,6490.25,6495.0,696.0
2018-12-19 19:01,6491.75,6522.0,6489.75,6495.75,461.0
2018-12-19 19:02,6494.0,6498.25,6483.0,6483.0,192.0
2018-12-19 19:03,6482.75,6495.0,6480.75,6484.0,204.0
2018-12-19 19:04,6483.25,6483.5,6447.75,6455.0,477.0
2018-12-19 19:05,6455.75,6490.0,6453.25,6487.25,589.0
2018-12-19 19:06,6489.0,6493.0,6460.0,6474.25,646.0
2018-12-19 19:07,6474.5,6477.5,6465.75,6467.5,339.0
2018-12-19 19:08,6468.0,6471.0,6452.75,6455.25,140.0
2018-12-19 19:09,6453.75,6471.0,6448.5,6468.75,427.0
2018-12-19 19:10,6470.0,6476.5,6451.5,6461.5,591.0
2018-12-19 19:11,6462.5,6468.5,6452.0,6454.0,711.0
2018-12-19 19:12,6454.75,6461.5,6427.25,6429.75,880.0
2018-12-19 19:13,6428.75,6436.25,6420.0,6421.25,510.0
2018-12-19 19:14,6424.25,6447.0,6424.25,6440.25,189.0
2018-12-19 19:15,6440.0,6448.25,6427.5,6448.25,230.0
2018-12-19 19:16,6449.75,6456.0,6440.0,6456.0,322.0
2018-12-19 19:17,6455.25,6456.75,6446.25,6452.0,358.0
2018-12-19 19:18,6454.25,6473.25,6454.25,6470.25,296.0
2018-12-19 19:19,6467.0,6479.25,6467.0,6477.0,242.0
2018-12-19 19:20,6476.25,6476.25,6462.75,6462.75,227.0
2018-12-19 19:21,6461.5,6471.75,6458.5,6462.25,122.0
2018-12-19 19:22,6460.25,6470.0,6457.25,6462.25,121.0
2018-12-19 19:23,6461.25,6484.75,6461.0,6483.5,1093.0
2018-12-19 19:24,6484.0,6489.25,6472.75,6487.75,1022.0
2018-12-19 19:25,6486.75,6493.5,6477.0,6491.75,160.0
2018-12-19 19:26,6493.25,6494.5,6481.0,6487.75,173.0
2018-12-19 19:27,6488.5,6505.25,6484.75,6504.25,227.0
2018-12-19 19:28,6505.0,6505.0,6499.0,6501.25,98.0
2018-12-19 19:29,6501.25,6501.25,6489.25,6499.5,167.0
2018-12-19 19:30,6498.75,6500.75,6485.75,6487.75,94.0
2018-12-19 19:31,6488.25,6510.75,6482.25,6506.75,184.0
2018-12-19 19:32,6505.5,6522.25,6496.25,6520.25,264.0
2018-12-19 19:33,6521.75,6523.25,6504.75,6510.0,190.0
2018-12-19 19:34,6511.25,6517.0,6508.0,6511.25,145.0
2018-12-19 19:35,6511.25,6513.0,6504.5,6511.25,148.0
2018-12-19 19:36,6513.75,6528.25,6511.25,6523.25,165.0
2018-12-19 19:37,6522.75,6523.5,6511.0,6512.25,193.0
2018-12-19 19:38,6513.25,6518.5,6501.5,6505.25,201.0
2018-12-19 19:39,6506.75,6514.0,6499.0,6511.25,176.0
2018-12-19 19:40,6509.25,6509.25,6499.5,6503.25,73.0
2018-12-19 19:41,6501.25,6503.0,6476.75,6477.75,1179.0
2018-12-19 19:42,6476.75,6477.25,6453.0,6457.0,540.0
2018-12-19 19:43,6458.75,6459.0,6441.75,6447.75,483.0
2018-12-19 19:44,6447.25,6447.25,6417.75,6421.25,498.0
2018-12-19 19:45,6419.5,6445.25,6418.75,6440.0,283.0
2018-12-19 19:46,6438.25,6447.75,6428.0,6437.0,262.0
2018-12-19 19:47,6434.0,6444.5,6416.75,6418.25,372.0
2018-12-19 19:48,6419.0,6448.25,6418.75,6443.25,125.0
2018-12-19 19:49,6442.75,6450.0,6435.25,6443.25,310.0
2018-12-19 19:50,6442.5,6445.25,6428.0,6439.5,203.0
2018-12-19 19:51,6439.0,6444.75,6423.0,6429.25,153.0
2018-12-19 19:52,6430.25,6430.75,6393.25,6396.75,602.0
2018-12-19 19:53,6395.25,6420.0,6393.75,6405.75,393.0
2018-12-19 19:54,6405.0,6416.75,6400.0,6406.0,255.0
2018-12-19 19:55,6407.5,6407.5,6388.25,6389.75,307.0
2018-12-19 19:56,6390.5,6401.25,6383.5,6384.5,687.0
2018-12-19 19:57,6384.5,6385.0,6358.5,6367.25,3078.0
2018-12-19 19:58,6367.5,6376.25,6355.75,6374.0,422.0
2018-12-19 19:59,6375.5,6386.25,6372.5,6380.0,166.0
2018-12-19 20:00,6378.75,6379.75,6361.0,6361.0,294.0
2018-12-19 20:01,6360.75,6369.25,6351.75,6354.0,196.0
2018-12-19 20:02,6354.25,6356.25,6336.0,6344.0,1415.0
2018-12-19 20:03,6346.5,6348.75,6322.75,6326.25,403.0
2018-12-19 20:04,6323.75,6336.25,6310.25,6310.75,411.0
2018-12-19 20:05,6310.5,6314.5,6282.25,6288.75,774.0
2018-12-19 20:06,6289.0,6313.25,6285.25,6310.25,411.0
2018-12-19 20:07,6307.75,6328.0,6294.0,6327.75,408.0
2018-12-19 20:08,6326.25,6349.0,6318.75,6338.5,3360.0
2018-12-19 20:09,6339.0,6348.0,6335.25,6345.75,364.0
2018-12-19 20:10,6346.25,6349.0,6324.25,6325.25,328.0
2018-12-19 20:11,6325.5,6346.75,6325.5,6341.5,293.0
2018-12-19 20:12,6343.0,6362.75,6334.75,6360.0,277.0
2018-12-19 20:13,6360.25,6366.0,6347.5,6364.75,226.0
2018-12-19 20:14,6365.0,6375.0,6359.0,6374.25,249.0
2018-12-19 20:15,6376.0,6376.0,6362.0,6373.25,273.0
2018-12-19 20:16,6369.75,6369.75,6350.5,6355.5,224.0
2018-12-19 20:17,6355.0,6355.0,6331.25,6339.0,726.0
2018-12-19 20:18,6340.0,6343.5,6325.75,6330.25,1936.0
2018-12-19 20:19,6332.25,6350.0,6325.5,6348.75,203.0
2018-12-19 20:20,6349.0,6353.25,6334.75,6340.25,352.0
2018-12-19 20:21,6339.75,6357.75,6320.75,6322.75,440.0
2018-12-19 20:22,6323.5,6336.75,6310.75,6322.75,365.0
2018-12-19 20:23,6323.75,6340.75,6313.75,6337.75,265.0
2018-12-19 20:24,6338.5,6367.75,6332.75,6358.75,349.0
2018-12-19 20:25,6360.75,6370.0,6347.25,6369.25,257.0
2018-12-19 20:26,6368.75,6368.75,6344.25,6357.0,259.0
2018-12-19 20:27,6355.5,6358.0,6343.0,6349.25,349.0
2018-12-19 20:28,6350.0,6356.25,6336.75,6337.0,170.0
2018-12-19 20:29,6341.75,6344.75,6326.75,6327.75,215.0
2018-12-19 20:30,6328.0,6345.75,6326.75,6330.25,333.0
2018-12-19 20:31,6330.75,6342.25,6323.75,6336.25,160.0
2018-12-19 20:32,6337.25,6347.0,6333.0,6334.0,87.0
2018-12-19 20:33,6333.25,6344.25,6333.25,6344.25,62.0
2018-12-19 20:34,6344.5,6357.5,6342.25,6349.75,199.0
2018-12-19 20:35,6349.25,6349.25,6335.75,6338.25,166.0
2018-12-19 20:36,6340.25,6341.5,6332.0,6341.0,128.0
2018-12-19 20:37,6341.0,6342.5,6327.5,6330.25,178.0
2018-12-19 20:38,6329.25,6332.5,6316.0,6318.75,283.0
2018-12-19 20:39,6319.75,6330.0,6319.75,6326.75,183.0
2018-12-19 20:40,6326.75,6326.75,6305.75,6313.75,512.0
2018-12-19 20:41,6312.75,6320.75,6305.5,6313.25,315.0
2018-12-19 20:42,6311.5,6321.75,6308.5,6315.75,251.0
2018-12-19 20:43,6315.75,6325.75,6314.25,6325.75,141.0
2018-12-19 20:44,6324.5,6329.75,6320.25,6326.25,255.0
2018-12-19 20:45,6326.5,6346.75,6326.5,6341.25,509.0
2018-12-19 20:46,6341.75,6342.0,6334.0,6336.75,182.0
2018-12-19 20:47,6336.75,6339.75,6330.75,6332.75,255.0
2018-12-19 20:48,6333.0,6349.0,6331.75,6348.25,252.0
2018-12-19 20:49,6349.5,6353.75,6342.75,6352.75,222.0
2018-12-19 20:50,6352.5,6356.5,6346.5,6351.5,268.0
2018-12-19 20:51,6352.5,6365.25,6351.75,6360.25,366.0
2018-12-19 20:52,6362.5,6363.75,6356.5,6362.0,205.0
2018-12-19 20:53,6362.25,6367.75,6356.25,6356.25,191.0
2018-12-19 20:54,6355.75,6365.0,6355.5,6356.75,267.0
2018-12-19 20:55,6357.75,6368.75,6355.75,6365.0,276.0
2018-12-19 20:56,6365.5,6367.0,6357.5,6359.75,240.0
2018-12-19 20:57,6359.75,6362.75,6355.5,6359.75,364.0
2018-12-19 20:58,6360.75,6362.0,6355.25,6357.0,310.0
2018-12-19 20:59,6357.25,6357.5,6339.75,6342.75,809.0
2018-12-19 21:00,6341.25,6348.25,6332.5,6342.0,847.0
2018-12-19 21:01,6342.5,6353.25,6342.0,6349.25,363.0
2018-12-19 21:02,6352.75,6354.0,6343.0,6351.25,111.0
2018-12-19 21:03,6350.75,6351.25,6341.25,6344.5,270.0
2018-12-19 21:04,6346.5,6350.0,6341.75,6350.0,196.0
2018-12-19 21:05,6350.25,6352.75,6343.75,6344.25,54.0
2018-12-19 21:06,6343.25,6345.0,6342.75,6344.0,42.0
2018-12-19 21:07,6345.0,6346.5,6340.0,6342.25,153.0
2018-12-19 21:08,6340.5,6340.75,6336.5,6337.5,32.0
2018-12-19 21:09,6336.0,6337.75,6332.5,6332.5,87.0
2018-12-19 21:10,6334.0,6334.0,6330.0,6331.5,116.0
2018-12-19 21:11,6330.5,6335.25,6330.0,6334.0,106.0
2018-12-19 21:12,6334.5,6339.25,6332.25,6333.75,165.0
2018-12-19 21:13,6335.5,6341.0,6334.5,6341.0,72.0
2018-12-19 21:14,6341.25,6342.0,6332.75,6334.0,214.0
2018-12-19 21:30,6337.0,6338.5,6332.0,6335.0,15.0
2018-12-19 21:31,6330.75,6330.75,6330.0,6330.0,28.0
2018-12-19 21:32,6329.0,6330.0,6325.5,6325.5,14.0
2018-12-19 21:33,6325.0,6325.0,6314.75,6315.25,50.0
2018-12-19 21:34,6314.0,6317.25,6310.0,6312.0,55.0
2018-12-19 21:35,6312.25,6315.25,6311.5,6312.75,13.0
2018-12-19 21:36,6314.75,6319.25,6314.75,6319.0,42.0
2018-12-19 21:37,6317.25,6318.5,6315.5,6318.5,11.0
2018-12-19 21:38,6318.5,6319.0,6315.75,6318.0,26.0
2018-12-19 21:39,6317.25,6317.25,6317.25,6317.25,2.0
2018-12-19 21:40,6315.75,6317.75,6315.75,6317.75,9.0
2018-12-19 21:41,6318.0,6321.5,6318.0,6321.5,29.0
2018-12-19 21:42,6322.0,6326.25,6318.5,6324.25,62.0
2018-12-19 21:43,6325.25,6326.25,6324.25,6324.75,42.0
2018-12-19 21:44,6325.25,6326.25,6325.25,6326.0,11.0
2018-12-19 21:45,6326.0,6327.0,6322.25,6327.0,31.0
2018-12-19 21:46,6327.5,6328.25,6326.5,6327.5,40.0
2018-12-19 21:47,6327.25,6329.25,6325.75,6329.25,13.0
2018-12-19 21:48,6329.75,6330.25,6328.25,6330.25,10.0
2018-12-19 21:49,6328.25,6330.25,6326.25,6328.0,15.0
2018-12-19 21:50,6329.25,6331.0,6328.0,6328.0,6.0
2018-12-19 21:51,6331.0,6332.75,6331.0,6332.5,6.0
2018-12-19 21:52,6333.75,6335.25,6333.0,6333.0,19.0
2018-12-19 21:53,6331.0,6334.25,6331.0,6331.25,9.0
2018-12-19 21:54,6331.25,6331.5,6329.25,6330.0,13.0
2018-12-19 21:55,6330.0,6331.25,6328.0,6329.5,14.0
2018-12-19 21:56,6327.0,6330.5,6327.0,6330.5,9.0
2018-12-19 21:57,6330.0,6330.5,6328.5,6328.5,6.0
2018-12-19 21:58,6330.0,6331.5,6328.5,6330.75,15.0
2018-12-19 21:59,6329.25,6333.0,6329.25,6333.0,16.0
2018-12-19 23:00,6331.75,6339.0,6315.5,6320.75,42.0
2018-12-19 23:01,6323.75,6326.25,6318.0,6326.25,15.0
2018-12-19 23:02,6321.0,6323.5,6318.0,6323.5,17.0
2018-12-19 23:03,6322.75,6323.75,6318.0,6318.0,9.0
2018-12-19 23:04,6322.25,6325.75,6320.75,6323.75,18.0
2018-12-19 23:05,6328.0,6331.0,6328.0,6331.0,13.0
2018-12-19 23:06,6329.75,6340.0,6329.75,6340.0,20.0
2018-12-19 23:07,6339.0,6340.0,6332.0,6333.75,39.0
2018-12-19 23:08,6331.25,6336.75,6331.0,6336.25,11.0
2018-12-19 23:09,6335.0,6336.25,6335.0,6336.25,5.0
2018-12-19 23:10,6337.5,6337.5,6337.5,6337.5,2.0
2018-12-19 23:11,6337.5,6337.5,6333.75,6335.75,11.0
2018-12-19 23:12,6336.75,6339.0,6336.75,6338.25,8.0
2018-12-19 23:13,6337.0,6337.5,6337.0,6337.5,2.0
2018-12-19 23:14,6340.0,6345.0,6340.0,6344.5,31.0
2018-12-19 23:15,6344.25,6344.5,6344.25,6344.5,4.0
2018-12-19 23:16,6343.5,6344.5,6342.0,6343.25,7.0
2018-12-19 23:17,6345.75,6347.5,6341.0,6341.25,16.0
2018-12-19 23:18,6341.0,6341.25,6338.75,6339.0,10.0
2018-12-19 23:19,6339.5,6341.25,6339.5,6341.25,5.0
2018-12-19 23:20,6343.25,6343.25,6340.5,6341.75,6.0
2018-12-19 23:21,6341.5,6344.0,6341.5,6342.75,9.0
2018-12-19 23:22,6344.25,6344.25,6340.0,6342.75,7.0
2018-12-19 23:24,6343.5,6344.0,6342.0,6344.0,7.0
2018-12-19 23:26,6341.75,6344.25,6341.75,6344.25,5.0
2018-12-19 23:27,6344.25,6348.0,6344.25,6348.0,9.0
2018-12-19 23:28,6346.5,6357.75,6346.5,6355.5,134.0
2018-12-19 23:29,6355.0,6356.5,6353.0,6355.0,13.0
2018-12-19 23:30,6354.25,6358.0,6353.0,6356.25,46.0
2018-12-19 23:31,6357.0,6359.25,6357.0,6359.25,7.0
2018-12-19 23:32,6358.25,6358.25,6356.0,6356.75,6.0
2018-12-19 23:33,6356.75,6356.75,6355.25,6356.25,6.0
2018-12-19 23:34,6359.5,6359.5,6357.75,6357.75,2.0
2018-12-19 23:35,6358.75,6358.75,6355.5,6355.75,18.0
2018-12-19 23:36,6358.75,6360.0,6357.75,6360.0,14.0
2018-12-19 23:37,6360.0,6360.5,6357.25,6358.25,8.0
2018-12-19 23:38,6358.0,6358.25,6355.75,6355.75,9.0
2018-12-19 23:39,6355.25,6355.25,6354.0,6354.0,7.0
2018-12-19 23:40,6354.75,6355.5,6351.0,6352.0,18.0
2018-12-19 23:41,6351.75,6352.75,6351.75,6352.75,5.0
2018-12-19 23:42,6353.0,6353.5,6353.0,6353.5,3.0
2018-12-19 23:43,6353.0,6353.0,6348.75,6348.75,7.0
2018-12-19 23:44,6349.75,6351.25,6348.75,6351.0,8.0
2018-12-19 23:45,6352.0,6357.0,6351.25,6357.0,10.0
2018-12-19 23:46,6358.0,6360.5,6356.75,6356.75,14.0
2018-12-19 23:47,6357.75,6357.75,6355.0,6357.25,9.0
2018-12-19 23:48,6357.25,6357.25,6353.5,6353.5,5.0
2018-12-19 23:49,6355.25,6357.25,6355.25,6357.25,3.0
2018-12-19 23:50,6358.25,6358.75,6356.0,6357.0,8.0
2018-12-19 23:52,6354.5,6356.0,6353.5,6354.25,11.0
2018-12-19 23:53,6356.0,6356.0,6354.0,6355.25,4.0
2018-12-19 23:54,6354.75,6355.75,6354.75,6355.75,3.0
2018-12-19 23:55,6354.75,6354.75,6354.75,6354.75,1.0
2018-12-19 23:56,6356.75,6356.75,6356.75,6356.75,1.0
2018-12-19 23:57,6356.75,6356.75,6355.0,6355.0,2.0
2018-12-19 23:58,6354.5,6354.5,6354.5,6354.5,2.0
2018-12-20 00:00,6356.0,6359.5,6356.0,6358.5,9.0
2018-12-20 00:01,6359.75,6360.5,6357.0,6357.0,5.0
2018-12-20 00:02,6356.0,6357.25,6353.5,6355.75,24.0
2018-12-20 00:03,6355.0,6358.5,6354.5,6356.25,23.0
2018-12-20 00:04,6355.0,6355.25,6355.0,6355.0,3.0
2018-12-20 00:05,6354.0,6359.25,6353.5,6359.25,15.0
2018-12-20 00:06,6357.25,6357.25,6356.0,6357.25,8.0
2018-12-20 00:07,6358.25,6360.25,6358.25,6359.75,18.0
2018-12-20 00:08,6360.75,6361.0,6356.75,6356.75,5.0
2018-12-20 00:09,6357.75,6358.25,6355.75,6358.25,4.0
2018-12-20 00:10,6359.75,6359.75,6359.75,6359.75,1.0
2018-12-20 00:11,6358.75,6358.75,6355.25,6356.25,9.0
2018-12-20 00:12,6354.75,6355.25,6353.5,6353.5,8.0
2018-12-20 00:13,6354.75,6354.75,6352.5,6352.5,12.0
2018-12-20 00:14,6351.5,6351.5,6342.0,6343.5,62.0
2018-12-20 00:15,6345.0,6347.75,6343.5,6346.5,28.0
2018-12-20 00:16,6347.25,6350.75,6347.25,6349.75,42.0
2018-12-20 00:17,6351.5,6352.0,6349.75,6351.0,70.0
2018-12-20 00:18,6351.0,6352.0,6349.75,6352.0,12.0
2018-12-20 00:19,6349.75,6351.25,6349.75,6351.0,19.0
2018-12-20 00:20,6352.0,6352.75,6352.0,6352.0,5.0
2018-12-20 00:21,6350.25,6350.25,6349.0,6349.75,14.0
2018-12-20 00:22,6350.25,6350.5,6348.25,6348.25,19.0
2018-12-20 00:23,6347.0,6351.25,6347.0,6351.25,34.0
2018-12-20 00:24,6352.25,6356.0,6352.25,6355.5,18.0
2018-12-20 00:25,6356.0,6356.0,6354.5,6354.5,9.0
2018-12-20 00:26,6353.5,6353.5,6353.5,6353.5,2.0
2018-12-20 00:27,6353.5,6355.5,6353.5,6355.5,3.0
2018-12-20 00:28,6354.75,6354.75,6354.5,6354.5,4.0
2018-12-20 00:29,6354.5,6354.5,6352.75,6352.75,4.0
2018-12-20 00:30,6352.5,6355.25,6351.75,6354.75,24.0
2018-12-20 00:31,6355.0,6355.0,6354.0,6355.0,7.0
2018-12-20 00:32,6355.0,6358.5,6355.0,6358.5,37.0
2018-12-20 00:33,6359.0,6361.25,6358.5,6359.25,30.0
2018-12-20 00:34,6359.25,6360.5,6358.5,6360.25,35.0
2018-12-20 00:35,6360.25,6360.25,6358.75,6359.75,21.0
2018-12-20 00:36,6360.25,6360.25,6358.25,6358.25,19.0
2018-12-20 00:37,6358.5,6358.75,6356.75,6357.75,24.0
2018-12-20 00:38,6358.25,6358.25,6355.25,6357.5,52.0
2018-12-20 00:39,6357.5,6358.0,6355.5,6358.0,19.0
2018-12-20 00:40,6358.25,6358.25,6355.75,6357.5,27.0
2018-12-20 00:41,6357.75,6359.25,6357.5,6358.0,31.0
2018-12-20 00:42,6358.25,6358.5,6357.25,6358.25,7.0
2018-12-20 00:43,6358.25,6359.25,6358.0,6359.0,11.0
2018-12-20 00:44,6359.0,6363.75,6358.75,6362.25,52.0
2018-12-20 00:45,6362.25,6365.5,6362.25,6365.0,43.0
2018-12-20 00:46,6363.75,6364.25,6361.25,6362.25,32.0
2018-12-20 00:47,6362.0,6363.5,6361.5,6361.5,19.0
2018-12-20 00:48,6361.0,6361.25,6359.25,6360.5,21.0
2018-12-20 00:49,6361.5,6362.5,6361.5,6361.5,8.0
2018-12-20 00:50,6361.75,6362.0,6360.5,6361.25,17.0
2018-12-20 00:51,6361.25,6362.5,6361.0,6361.0,14.0
2018-12-20 00:52,6362.0,6362.0,6361.5,6361.5,3.0
2018-12-20 00:53,6361.5,6362.0,6360.0,6360.0,11.0
2018-12-20 00:54,6361.0,6361.5,6361.0,6361.5,2.0
2018-12-20 00:55,6361.75,6361.75,6360.25,6361.25,3.0
2018-12-20 00:56,6361.0,6361.75,6361.0,6361.75,5.0
2018-12-20 00:57,6361.75,6362.25,6360.25,6360.5,7.0
2018-12-20 00:58,6361.0,6361.0,6359.25,6359.75,6.0
2018-12-20 00:59,6360.25,6360.25,6358.75,6358.75,4.0
2018-12-20 01:00,6359.75,6366.5,6359.5,6365.5,22.0
2018-12-20 01:01,6365.5,6366.25,6364.25,6365.5,15.0
2018-12-20 01:02,6366.25,6372.5,6366.25,6370.25,55.0
2018-12-20 01:03,6370.75,6373.0,6368.75,6369.75,65.0
2018-12-20 01:04,6369.5,6370.75,6368.25,6368.5,26.0
2018-12-20 01:05,6368.75,6371.0,6368.75,6369.25,72.0
2018-12-20 01:06,6368.75,6370.0,6367.25,6368.0,22.0
2018-12-20 01:07,6366.25,6366.25,6365.25,6366.25,7.0
2018-12-20 01:08,6366.0,6367.75,6366.0,6367.75,6.0
2018-12-20 01:09,6368.75,6370.0,6368.0,6368.0,22.0
2018-12-20 01:10,6369.0,6369.25,6367.75,6368.0,33.0
2018-12-20 01:11,6368.0,6368.75,6367.5,6368.0,4.0
2018-12-20 01:12,6367.75,6369.25,6367.75,6369.25,5.0
2018-12-20 01:13,6368.25,6368.25,6366.5,6366.5,11.0
2018-12-20 01:14,6367.0,6367.75,6366.75,6367.75,14.0
2018-12-20 01:15,6366.0,6366.25,6366.0,6366.0,3.0
2018-12-20 01:16,6366.5,6366.75,6364.5,6366.75,6.0
2018-12-20 01:17,6365.5,6367.25,6365.5,6367.0,14.0
2018-12-20 01:18,6365.25,6366.0,6365.25,6366.0,7.0
2018-12-20 01:19,6366.5,6366.5,6364.75,6364.75,10.0
2018-12-20 01:20,6364.25,6364.5,6362.5,6362.5,16.0
2018-12-20 01:21,6363.25,6364.5,6363.25,6364.25,22.0
2018-12-20 01:22,6366.25,6366.25,6365.25,6365.25,2.0
2018-12-20 01:24,6366.0,6366.0,6366.0,6366.0,1.0
2018-12-20 01:25,6365.5,6365.5,6363.25,6364.0,11.0
2018-12-20 01:26,6366.0,6366.0,6365.5,6365.5,3.0
2018-12-20 01:27,6366.75,6366.75,6366.5,6366.5,3.0
2018-12-20 01:28,6366.5,6367.25,6366.5,6367.25,3.0
2018-12-20 01:29,6366.5,6367.25,6366.5,6367.25,3.0
2018-12-20 01:30,6367.25,6367.25,6365.75,6365.75,3.0
2018-12-20 01:31,6367.25,6371.0,6367.25,6368.0,17.0
2018-12-20 01:32,6368.0,6368.0,6366.75,6366.75,7.0
2018-12-20 01:33,6367.0,6367.0,6367.0,6367.0,1.0
2018-12-20 01:34,6370.5,6371.0,6370.5,6371.0,5.0
2018-12-20 01:35,6368.25,6368.25,6367.25,6367.25,4.0
2018-12-20 01:36,6366.75,6366.75,6366.75,6366.75,1.0
2018-12-20 01:37,6367.75,6367.75,6366.0,6367.0,5.0
2018-12-20 01:38,6367.25,6367.25,6366.25,6366.25,2.0
2018-12-20 01:39,6364.5,6364.75,6363.25,6364.75,3.0
2018-12-20 01:40,6366.5,6366.5,6366.5,6366.5,1.0
2018-12-20 01:41,6365.75,6365.75,6364.5,6364.5,4.0
2018-12-20 01:42,6364.75,6365.0,6363.5,6364.25,8.0
2018-12-20 01:43,6364.5,6364.5,6364.0,6364.0,4.0
2018-12-20 01:44,6364.25,6364.5,6364.0,6364.5,4.0
2018-12-20 01:45,6363.5,6367.0,6362.25,6367.0,8.0
2018-12-20 01:46,6367.0,6367.0,6363.5,6364.5,6.0
2018-12-20 01:47,6363.75,6363.75,6363.5,6363.5,4.0
2018-12-20 01:48,6363.75,6363.75,6363.75,6363.75,2.0
2018-12-20 01:49,6363.0,6363.0,6361.5,6363.0,14.0
2018-12-20 01:50,6361.75,6362.5,6361.75,6361.75,4.0
2018-12-20 01:51,6361.75,6363.0,6361.5,6361.5,5.0
2018-12-20 01:52,6363.5,6365.0,6363.5,6364.0,5.0
2018-12-20 01:53,6364.75,6365.25,6363.75,6364.25,8.0
2018-12-20 01:54,6365.0,6366.0,6365.0,6366.0,4.0
2018-12-20 01:55,6367.0,6367.0,6366.25,6367.0,3.0
2018-12-20 01:56,6364.25,6364.25,6362.5,6362.5,7.0
2018-12-20 01:57,6362.5,6364.0,6361.25,6361.75,7.0
2018-12-20 01:58,6363.0,6363.0,6362.0,6362.0,3.0
2018-12-20 01:59,6362.25,6362.25,6362.25,6362.25,1.0
2018-12-20 02:00,6363.25,6363.75,6363.25,6363.75,2.0
2018-12-20 02:01,6361.0,6361.0,6360.5,6360.5,2.0
2018-12-20 02:02,6361.0,6361.5,6360.0,6361.5,8.0
2018-12-20 02:03,6362.5,6363.75,6362.5,6363.75,3.0
2018-12-20 02:04,6361.5,6361.5,6361.0,6361.0,4.0
2018-12-20 02:05,6361.5,6363.5,6361.5,6363.0,29.0
2018-12-20 02:06,6363.75,6364.5,6363.25,6364.25,14.0
2018-12-20 02:07,6363.75,6363.75,6363.5,6363.5,3.0
2018-12-20 02:08,6363.5,6364.5,6363.0,6363.0,18.0
2018-12-20 02:09,6363.5,6363.5,6362.5,6362.5,2.0
2018-12-20 02:10,6361.75,6362.0,6361.75,6362.0,4.0
2018-12-20 02:11,6362.0,6364.0,6361.75,6363.25,33.0
2018-12-20 02:12,6362.25,6362.25,6360.0,6360.0,30.0
2018-12-20 02:13,6360.0,6360.5,6359.75,6359.75,3.0
2018-12-20 02:14,6359.5,6359.5,6352.25,6354.25,32.0
2018-12-20 02:15,6352.75,6353.0,6351.25,6351.75,8.0
2018-12-20 02:16,6354.0,6354.0,6352.25,6352.75,8.0
2018-12-20 02:17,6354.0,6354.0,6350.25,6350.25,9.0
2018-12-20 02:18,6350.75,6351.0,6344.0,6345.75,28.0
2018-12-20 02:19,6345.0,6346.0,6341.25,6345.25,17.0
2018-12-20 02:20,6347.5,6347.5,6345.75,6345.75,14.0
2018-12-20 02:21,6345.25,6345.25,6342.75,6344.0,13.0
2018-12-20 02:22,6343.75,6343.75,6339.75,6340.25,36.0
2018-12-20 02:23,6340.75,6343.5,6339.5,6343.0,19.0
2018-12-20 02:24,6344.0,6346.5,6344.0,6346.0,11.0
2018-12-20 02:25,6344.5,6346.25,6344.5,6346.25,8.0
2018-12-20 02:26,6344.75,6349.0,6344.75,6349.0,26.0
2018-12-20 02:27,6348.75,6348.75,6347.5,6347.5,2.0
2018-12-20 02:28,6348.5,6349.0,6348.5,6349.0,2.0
2018-12-20 02:29,6348.25,6350.0,6348.25,6350.0,2.0
2018-12-20 02:30,6350.5,6350.75,6349.75,6349.75,6.0
2018-12-20 02:31,6350.5,6351.0,6350.5,6350.75,3.0
2018-12-20 02:32,6349.5,6349.75,6349.0,6349.5,7.0
2018-12-20 02:33,6348.5,6348.75,6348.25,6348.75,9.0
2018-12-20 02:34,6347.5,6347.75,6347.25,6347.5,5.0
2018-12-20 02:35,6347.25,6349.5,6347.25,6348.25,6.0
2018-12-20 02:36,6347.5,6348.5,6347.5,6348.5,2.0
2018-12-20 02:37,6350.25,6350.25,6350.25,6350.25,1.0
2018-12-20 02:38,6347.5,6347.5,6347.5,6347.5,1.0
2018-12-20 02:40,6350.75,6351.25,6348.5,6348.5,11.0
2018-12-20 02:41,6350.0,6350.0,6350.0,6350.0,3.0
2018-12-20 02:42,6351.75,6351.75,6350.75,6350.75,2.0
2018-12-20 02:43,6352.75,6354.0,6352.5,6354.0,6.0
2018-12-20 02:44,6352.5,6355.0,6352.5,6353.25,5.0
2018-12-20 02:46,6352.5,6352.5,6352.5,6352.5,1.0
2018-12-20 02:47,6353.5,6354.5,6353.5,6354.25,6.0
2018-12-20 02:48,6352.0,6353.0,6352.0,6353.0,4.0
2018-12-20 02:49,6354.0,6354.0,6354.0,6354.0,1.0
2018-12-20 02:50,6354.5,6354.5,6351.75,6351.75,4.0
2018-12-20 02:52,6351.0,6352.75,6350.25,6352.75,8.0
2018-12-20 02:53,6351.75,6353.5,6351.75,6353.5,5.0
2018-12-20 02:55,6353.5,6353.5,6348.25,6348.25,9.0
2018-12-20 02:56,6348.5,6348.5,6346.0,6346.0,5.0
2018-12-20 02:57,6347.0,6350.5,6347.0,6348.75,33.0
2018-12-20 02:58,6349.25,6349.75,6349.0,6349.0,7.0
2018-12-20 02:59,6348.5,6350.25,6348.25,6349.5,10.0
2018-12-20 03:00,6349.5,6349.5,6347.0,6348.5,24.0
2018-12-20 03:01,6348.5,6349.0,6347.0,6347.0,13.0
2018-12-20 03:02,6347.0,6350.25,6347.0,6349.0,12.0
2018-12-20 03:03,6349.5,6349.5,6349.0,6349.0,3.0
2018-12-20 03:04,6349.5,6352.5,6349.5,6349.75,21.0
2018-12-20 03:05,6350.0,6350.25,6347.5,6347.5,33.0
2018-12-20 03:06,6348.25,6348.5,6344.75,6345.75,36.0
2018-12-20 03:07,6345.75,6346.0,6343.75,6343.75,20.0
2018-12-20 03:08,6344.25,6345.25,6339.75,6342.0,43.0
2018-12-20 03:09,6342.25,6342.75,6340.0,6340.5,18.0
2018-12-20 03:10,6339.5,6339.5,6333.5,6334.25,26.0
2018-12-20 03:11,6333.0,6334.75,6330.5,6334.0,38.0
2018-12-20 03:12,6335.25,6335.25,6332.0,6333.5,15.0
2018-12-20 03:13,6334.25,6335.0,6333.5,6335.0,8.0
2018-12-20 03:14,6335.25,6335.25,6326.25,6329.75,52.0
2018-12-20 03:15,6329.0,6332.0,6328.5,6331.5,22.0
2018-12-20 03:16,6331.0,6333.0,6331.0,6333.0,5.0
2018-12-20 03:17,6331.5,6334.0,6331.0,6334.0,12.0
2018-12-20 03:18,6333.5,6334.25,6332.75,6334.25,6.0
2018-12-20 03:19,6335.0,6336.0,6334.75,6336.0,12.0
2018-12-20 03:20,6336.25,6336.25,6334.75,6336.0,3.0
2018-12-20 03:21,6336.25,6338.25,6336.25,6338.25,9.0
2018-12-20 03:22,6338.25,6338.25,6335.5,6336.5,12.0
2018-12-20 03:23,6338.0,6338.0,6334.25,6334.75,15.0
2018-12-20 03:24,6334.25,6335.5,6333.5,6334.5,22.0
2018-12-20 03:25,6333.25,6333.5,6331.25,6333.5,16.0
2018-12-20 03:26,6333.75,6334.5,6333.5,6333.5,3.0
2018-12-20 03:27,6335.75,6335.75,6325.75,6327.25,13.0
2018-12-20 03:28,6326.25,6327.5,6324.5,6327.5,50.0
2018-12-20 03:29,6327.0,6327.0,6322.75,6325.5,50.0
2018-12-20 03:30,6326.0,6330.75,6326.0,6328.75,25.0
2018-12-20 03:31,6329.5,6329.5,6325.5,6325.5,10.0
2018-12-20 03:32,6326.25,6330.0,6326.25,6329.25,7.0
2018-12-20 03:33,6329.75,6332.5,6328.75,6332.0,7.0
2018-12-20 03:34,6331.5,6333.75,6331.0,6333.75,20.0
2018-12-20 03:35,6335.25,6335.75,6332.0,6332.75,6.0
2018-12-20 03:36,6330.5,6334.0,6330.5,6334.0,6.0
2018-12-20 03:37,6336.0,6337.0,6335.25,6335.25,18.0
2018-12-20 03:38,6336.0,6337.25,6335.0,6337.0,15.0
2018-12-20 03:39,6336.0,6336.0,6335.5,6335.5,2.0
2018-12-20 03:40,6335.0,6335.0,6333.0,6333.75,5.0
2018-12-20 03:41,6334.5,6335.5,6334.5,6335.5,9.0
2018-12-20 03:42,6337.25,6338.0,6335.0,6335.0,11.0
2018-12-20 03:43,6336.25,6336.5,6332.75,6332.75,5.0
2018-12-20 03:44,6330.0,6330.0,6324.5,6325.5,18.0
2018-12-20 03:45,6326.25,6326.25,6321.25,6323.0,15.0
2018-12-20 03:46,6323.0,6330.5,6323.0,6329.5,12.0
2018-12-20 03:47,6330.25,6331.75,6329.5,6329.5,6.0
2018-12-20 03:48,6329.25,6329.25,6329.25,6329.25,1.0
2018-12-20 03:49,6332.25,6332.25,6332.0,6332.0,2.0
2018-12-20 03:51,6334.0,6335.0,6332.0,6332.0,10.0
2018-12-20 03:52,6331.75,6331.75,6331.75,6331.75,1.0
2018-12-20 03:53,6333.5,6334.75,6333.5,6334.75,3.0
2018-12-20 03:54,6334.0,6334.0,6333.0,6333.0,3.0
2018-12-20 03:55,6332.25,6332.5,6332.25,6332.5,2.0
2018-12-20 03:56,6331.75,6332.5,6331.5,6332.5,4.0
2018-12-20 03:57,6329.0,6329.0,6329.0,6329.0,1.0
2018-12-20 03:58,6329.0,6329.0,6329.0,6329.0,1.0
2018-12-20 04:00,6328.0,6331.75,6328.0,6330.25,14.0
2018-12-20 04:01,6329.0,6329.0,6327.0,6327.0,7.0
2018-12-20 04:02,6323.0,6326.25,6320.75,6326.25,11.0
2018-12-20 04:03,6326.0,6326.5,6325.75,6325.75,4.0
2018-12-20 04:04,6325.75,6326.75,6325.25,6326.75,5.0
2018-12-20 04:05,6326.25,6326.25,6326.25,6326.25,1.0
2018-12-20 04:06,6326.75,6326.75,6325.0,6325.0,3.0
2018-12-20 04:07,6328.75,6328.75,6328.75,6328.75,1.0
2018-12-20 04:08,6327.0,6327.0,6326.0,6326.25,10.0
2018-12-20 04:09,6323.75,6323.75,6321.25,6323.0,11.0
2018-12-20 04:10,6321.0,6322.75,6321.0,6322.75,4.0
2018-12-20 04:11,6322.0,6325.0,6322.0,6325.0,10.0
2018-12-20 04:12,6324.75,6324.75,6321.0,6321.0,7.0
2018-12-20 04:13,6320.5,6321.0,6319.0,6320.75,20.0
2018-12-20 04:14,6320.0,6321.0,6317.75,6321.0,24.0
2018-12-20 04:15,6318.75,6318.75,6317.0,6317.0,4.0
2018-12-20 04:16,6316.75,6318.25,6316.0,6318.25,9.0
2018-12-20 04:17,6318.75,6322.5,6317.75,6322.5,10.0
2018-12-20 04:18,6323.0,6323.0,6319.5,6319.5,3.0
2018-12-20 04:19,6317.5,6319.75,6317.5,6319.75,7.0
2018-12-20 04:20,6318.5,6320.5,6318.0,6318.0,6.0
2018-12-20 04:21,6316.75,6318.5,6316.75,6318.5,5.0
2018-12-20 04:22,6318.5,6318.5,6318.5,6318.5,2.0
2018-12-20 04:23,6318.75,6318.75,6318.75,6318.75,1.0
2018-12-20 04:24,6321.0,6321.0,6320.5,6320.5,2.0
2018-12-20 04:25,6321.0,6321.75,6318.5,6319.0,5.0
2018-12-20 04:26,6317.5,6319.5,6317.5,6319.5,8.0
2018-12-20 04:28,6316.75,6316.75,6309.0,6311.0,20.0
2018-12-20 04:29,6311.5,6311.5,6300.75,6304.0,90.0
2018-12-20 04:30,6303.5,6307.0,6303.25,6306.75,18.0
2018-12-20 04:31,6305.75,6305.75,6304.5,6304.75,10.0
2018-12-20 04:32,6306.0,6308.0,6306.0,6308.0,8.0
2018-12-20 04:33,6308.0,6309.25,6307.75,6309.25,4.0
2018-12-20 04:34,6307.5,6307.5,6305.0,6306.0,8.0
2018-12-20 04:36,6307.5,6307.5,6306.75,6307.5,3.0
2018-12-20 04:37,6306.5,6306.5,6304.0,6304.5,17.0
2018-12-20 04:38,6303.25,6303.25,6303.25,6303.25,2.0
2018-12-20 04:39,6304.75,6307.0,6304.75,6307.0,4.0
2018-12-20 04:40,6306.5,6306.5,6287.0,6294.75,65.0
2018-12-20 04:41,6293.0,6295.25,6291.25,6294.0,37.0
2018-12-20 04:42,6294.0,6294.25,6290.25,6290.25,25.0
2018-12-20 04:43,6289.25,6296.5,6286.25,6293.0,66.0
2018-12-20 04:44,6293.25,6296.0,6293.0,6294.5,10.0
2018-12-20 04:45,6293.75,6294.0,6289.75,6291.0,28.0
2018-12-20 04:46,6289.0,6292.75,6288.75,6291.0,21.0
2018-12-20 04:47,6292.25,6294.25,6292.0,6293.0,13.0
2018-12-20 04:48,6295.5,6296.75,6293.25,6296.75,8.0
2018-12-20 04:51,6294.25,6294.25,6289.5,6290.25,8.0
2018-12-20 04:52,6289.0,6289.0,6284.5,6285.5,30.0
2018-12-20 04:53,6286.0,6290.25,6278.0,6281.5,51.0
2018-12-20 04:54,6282.5,6283.75,6281.0,6282.0,17.0
2018-12-20 04:55,6282.5,6290.25,6282.25,6290.25,15.0
2018-12-20 04:56,6290.25,6290.25,6286.5,6286.5,10.0
2018-12-20 04:57,6285.75,6288.0,6285.75,6288.0,29.0
2018-12-20 04:58,6287.25,6287.25,6270.0,6276.25,109.0
2018-12-20 04:59,6274.5,6279.5,6274.25,6278.75,20.0
2018-12-20 05:00,6278.75,6282.75,6277.25,6281.25,18.0
2018-12-20 05:01,6281.25,6281.25,6280.0,6280.0,2.0
2018-12-20 05:02,6275.0,6275.0,6273.0,6275.0,6.0
2018-12-20 05:03,6275.25,6277.0,6275.25,6275.5,8.0
2018-12-20 05:04,6275.0,6277.5,6273.0,6277.5,8.0
2018-12-20 05:05,6275.75,6283.0,6275.75,6283.0,16.0
2018-12-20 05:06,6283.5,6290.25,6281.25,6288.25,26.0
2018-12-20 05:07,6286.75,6291.75,6286.25,6291.75,9.0
2018-12-20 05:08,6291.25,6293.0,6290.0,6292.0,9.0
2018-12-20 05:09,6292.0,6292.0,6289.75,6290.0,4.0
2018-12-20 05:10,6288.25,6288.25,6285.5,6288.0,8.0
2018-12-20 05:11,6286.0,6286.75,6285.0,6286.25,8.0
2018-12-20 05:12,6286.75,6291.5,6286.75,6291.5,6.0
2018-12-20 05:14,6286.25,6286.25,6281.25,6282.75,16.0
2018-12-20 05:15,6285.25,6286.0,6285.25,6286.0,2.0
2018-12-20 05:16,6286.0,6286.0,6283.25,6283.25,3.0
2018-12-20 05:17,6289.25,6289.25,6289.25,6289.25,1.0
2018-12-20 05:18,6288.0,6288.0,6286.75,6287.75,6.0
2018-12-20 05:19,6290.0,6290.0,6290.0,6290.0,2.0
2018-12-20 05:20,6289.0,6290.25,6289.0,6290.25,3.0
2018-12-20 05:21,6290.0,6290.0,6290.0,6290.0,1.0
2018-12-20 05:22,6293.0,6293.75,6289.0,6289.0,13.0
2018-12-20 05:23,6289.0,6289.75,6287.5,6289.5,9.0
2018-12-20 05:24,6292.5,6294.0,6290.5,6290.5,15.0
2018-12-20 05:25,6293.5,6293.5,6289.0,6289.0,3.0
2018-12-20 05:26,6286.75,6290.0,6286.75,6290.0,2.0
2018-12-20 05:27,6288.75,6292.5,6288.75,6292.5,2.0
2018-12-20 05:28,6290.0,6290.5,6290.0,6290.5,2.0
2018-12-20 05:29,6288.75,6288.75,6284.25,6286.5,5.0
2018-12-20 05:30,6286.5,6288.25,6286.5,6288.25,6.0
2018-12-20 05:31,6286.75,6292.25,6286.5,6292.25,16.0
2018-12-20 05:32,6290.75,6293.25,6290.25,6290.25,11.0
2018-12-20 05:33,6291.75,6291.75,6290.0,6290.0,3.0
2018-12-20 05:34,6292.75,6292.75,6292.5,6292.5,2.0
2018-12-20 05:35,6290.5,6290.5,6290.0,6290.0,6.0
2018-12-20 05:36,6290.5,6291.0,6290.5,6291.0,2.0
2018-12-20 05:37,6290.0,6290.0,6290.0,6290.0,1.0
2018-12-20 05:38,6292.25,6294.25,6291.75,6294.25,6.0
2018-12-20 05:39,6294.25,6295.75,6294.25,6295.75,6.0
2018-12-20 05:40,6295.0,6295.75,6292.75,6292.75,3.0
2018-12-20 05:41,6295.0,6295.0,6295.0,6295.0,3.0
2018-12-20 05:42,6297.0,6297.0,6293.5,6293.5,8.0
2018-12-20 05:43,6293.5,6293.5,6293.5,6293.5,5.0
2018-12-20 05:45,6294.0,6294.0,6294.0,6294.0,2.0
2018-12-20 05:48,6292.5,6292.5,6292.5,6292.5,2.0
2018-12-20 05:49,6294.25,6294.75,6294.25,6294.75,2.0
2018-12-20 05:50,6296.25,6298.0,6296.0,6296.25,7.0
2018-12-20 05:51,6298.0,6300.0,6298.0,6298.0,8.0
2018-12-20 05:52,6298.25,6298.25,6298.0,6298.0,11.0
2018-12-20 05:53,6297.5,6297.5,6297.5,6297.5,1.0
2018-12-20 05:54,6298.0,6300.0,6298.0,6300.0,6.0
2018-12-20 05:55,6300.0,6303.0,6300.0,6301.75,15.0
2018-12-20 05:56,6300.75,6300.75,6297.0,6297.75,14.0
2018-12-20 05:57,6295.5,6295.5,6295.5,6295.5,1.0
2018-12-20 05:58,6296.75,6296.75,6296.75,6296.75,1.0
2018-12-20 06:00,6298.5,6299.0,6297.5,6299.0,17.0
2018-12-20 06:01,6298.0,6299.25,6298.0,6299.25,4.0
2018-12-20 06:02,6299.25,6300.25,6298.0,6299.25,11.0
2018-12-20 06:03,6298.0,6298.0,6296.5,6296.5,2.0
2018-12-20 06:04,6296.0,6296.0,6295.0,6295.0,5.0
2018-12-20 06:05,6297.0,6297.5,6297.0,6297.5,2.0
2018-12-20 06:06,6296.0,6296.5,6296.0,6296.5,5.0
2018-12-20 06:07,6295.0,6295.0,6295.0,6295.0,5.0
2018-12-20 06:08,6295.75,6298.0,6295.0,6298.0,22.0
2018-12-20 06:09,6299.5,6300.25,6297.75,6298.25,28.0
2018-12-20 06:10,6298.0,6298.0,6296.25,6296.25,5.0
2018-12-20 06:11,6296.25,6296.25,6296.25,6296.25,1.0
2018-12-20 06:12,6296.5,6296.5,6295.5,6295.5,2.0
2018-12-20 06:13,6295.0,6295.0,6289.25,6289.25,32.0
2018-12-20 06:14,6289.25,6290.0,6285.0,6285.0,28.0
2018-12-20 06:15,6285.25,6287.5,6285.25,6287.5,5.0
2018-12-20 06:16,6289.25,6292.0,6289.25,6292.0,5.0
2018-12-20 06:17,6291.0,6292.0,6291.0,6292.0,2.0
2018-12-20 06:18,6293.75,6293.75,6293.75,6293.75,1.0
2018-12-20 06:19,6293.75,6293.75,6293.75,6293.75,2.0
2018-12-20 06:21,6293.5,6293.5,6291.0,6291.5,8.0
2018-12-20 06:22,6292.0,6292.0,6292.0,6292.0,1.0
2018-12-20 06:23,6293.25,6295.0,6293.0,6294.5,7.0
2018-12-20 06:24,6293.5,6293.75,6290.75,6290.75,8.0
2018-12-20 06:25,6292.75,6292.75,6292.75,6292.75,1.0
2018-12-20 06:27,6295.0,6296.25,6294.25,6294.5,10.0
2018-12-20 06:28,6294.5,6296.25,6294.25,6294.25,7.0
2018-12-20 06:30,6295.5,6295.5,6295.0,6295.0,2.0
2018-12-20 06:31,6295.0,6295.0,6295.0,6295.0,1.0
2018-12-20 06:32,6295.25,6296.5,6295.25,6296.25,3.0
2018-12-20 06:33,6297.0,6297.75,6297.0,6297.5,9.0
2018-12-20 06:35,6295.0,6295.75,6295.0,6295.75,3.0
2018-12-20 06:36,6296.0,6298.0,6295.5,6298.0,4.0
2018-12-20 06:37,6296.25,6296.25,6296.25,6296.25,2.0
2018-12-20 06:38,6296.5,6297.0,6295.75,6295.75,4.0
2018-12-20 06:39,6296.5,6296.5,6296.5,6296.5,1.0
2018-12-20 06:40,6295.25,6295.75,6294.75,6295.75,3.0
2018-12-20 06:41,6295.75,6295.75,6294.25,6294.25,5.0
2018-12-20 06:42,6293.75,6293.75,6293.25,6293.75,4.0
2018-12-20 06:43,6293.5,6293.75,6293.0,6293.75,5.0
2018-12-20 06:44,6295.25,6297.25,6295.25,6297.25,2.0
2018-12-20 06:45,6298.0,6301.25,6298.0,6301.25,5.0
2018-12-20 06:46,6298.75,6300.5,6298.75,6299.0,13.0
2018-12-20 06:47,6298.75,6298.75,6298.75,6298.75,1.0
2018-12-20 06:48,6300.25,6302.0,6300.25,6302.0,8.0
2018-12-20 06:49,6302.0,6302.0,6301.5,6301.5,8.0
2018-12-20 06:50,6301.0,6301.0,6300.0,6300.0,2.0
2018-12-20 06:51,6300.0,6300.0,6299.0,6299.25,7.0
2018-12-20 06:52,6300.25,6301.5,6299.0,6301.5,11.0
2018-12-20 06:53,6300.5,6300.5,6300.5,6300.5,1.0
2018-12-20 06:54,6300.75,6300.75,6300.0,6300.25,3.0
2018-12-20 06:55,6300.25,6301.75,6300.25,6301.75,2.0
2018-12-20 06:56,6302.0,6302.0,6301.0,6301.0,4.0
2018-12-20 06:57,6301.0,6301.0,6301.0,6301.0,2.0
2018-12-20 06:58,6301.75,6301.75,6301.75,6301.75,1.0
2018-12-20 06:59,6301.5,6302.5,6301.25,6301.25,8.0
2018-12-20 07:00,6301.0,6304.0,6301.0,6304.0,3.0
2018-12-20 07:01,6303.5,6309.0,6303.0,6308.25,13.0
2018-12-20 07:02,6308.5,6309.5,6308.5,6309.5,2.0
2018-12-20 07:03,6310.0,6313.0,6310.0,6310.5,10.0
2018-12-20 07:04,6313.75,6313.75,6311.25,6312.75,11.0
2018-12-20 07:05,6313.0,6313.0,6311.0,6311.0,6.0
2018-12-20 07:06,6310.5,6310.5,6309.25,6309.25,7.0
2018-12-20 07:07,6308.0,6309.75,6307.25,6307.25,19.0
2018-12-20 07:08,6306.0,6306.0,6305.25,6305.25,4.0
2018-12-20 07:09,6302.0,6302.0,6286.25,6293.5,29.0
2018-12-20 07:10,6294.0,6300.75,6294.0,6299.0,134.0
2018-12-20 07:11,6298.0,6301.0,6298.0,6300.0,9.0
2018-12-20 07:12,6301.25,6303.75,6301.25,6303.75,3.0
2018-12-20 07:13,6304.5,6304.5,6303.75,6303.75,6.0
2018-12-20 07:14,6304.0,6305.5,6303.0,6305.5,5.0
2018-12-20 07:15,6303.75,6303.75,6301.75,6301.75,8.0
2018-12-20 07:16,6307.75,6307.75,6305.5,6305.5,4.0
2018-12-20 07:17,6306.5,6307.0,6305.0,6305.0,5.0
2018-12-20 07:18,6305.25,6307.5,6305.25,6307.5,10.0
2018-12-20 07:19,6305.25,6305.5,6305.25,6305.5,3.0
2018-12-20 07:20,6307.5,6307.5,6307.5,6307.5,1.0
2018-12-20 07:21,6301.75,6301.75,6300.5,6300.5,4.0
2018-12-20 07:22,6301.5,6301.5,6300.25,6300.25,3.0
2018-12-20 07:23,6300.0,6302.25,6300.0,6302.25,3.0
2018-12-20 07:24,6305.75,6309.0,6305.75,6305.75,6.0
2018-12-20 07:25,6305.25,6305.75,6305.0,6305.0,7.0
2018-12-20 07:26,6305.0,6309.25,6304.0,6304.0,16.0
2018-12-20 07:27,6306.0,6306.0,6305.0,6305.0,4.0
2018-12-20 07:28,6304.5,6305.25,6304.0,6305.25,5.0
2018-12-20 07:29,6305.0,6305.0,6305.0,6305.0,1.0
2018-12-20 07:30,6305.0,6306.0,6305.0,6306.0,9.0
2018-12-20 07:31,6307.0,6307.0,6307.0,6307.0,1.0
2018-12-20 07:32,6305.75,6307.25,6305.75,6307.25,2.0
2018-12-20 07:33,6306.75,6307.5,6306.75,6307.5,4.0
2018-12-20 07:34,6307.75,6308.25,6307.75,6308.25,3.0
2018-12-20 07:35,6309.0,6310.25,6308.5,6309.25,11.0
2018-12-20 07:36,6312.0,6312.0,6310.75,6311.5,11.0
2018-12-20 07:38,6312.0,6312.0,6312.0,6312.0,1.0
2018-12-20 07:39,6311.5,6312.0,6309.5,6309.5,14.0
2018-12-20 07:40,6311.75,6311.75,6311.0,6311.0,6.0
2018-12-20 07:41,6311.0,6313.0,6310.25,6311.75,22.0
2018-12-20 07:43,6312.5,6313.0,6309.0,6309.0,9.0
2018-12-20 07:44,6313.25,6314.5,6313.25,6314.5,2.0
2018-12-20 07:45,6314.75,6316.5,6314.75,6316.5,8.0
2018-12-20 07:46,6316.75,6317.5,6315.75,6315.75,4.0
2018-12-20 07:47,6316.75,6317.0,6313.75,6313.75,7.0
2018-12-20 07:48,6314.5,6314.5,6309.25,6309.25,17.0
2018-12-20 07:49,6310.75,6311.5,6310.75,6311.5,4.0
2018-12-20 07:50,6308.5,6308.5,6308.0,6308.0,3.0
2018-12-20 07:51,6308.25,6308.5,6307.5,6308.5,15.0
2018-12-20 07:52,6306.25,6306.25,6303.75,6303.75,3.0
2018-12-20 07:53,6304.75,6304.75,6302.25,6303.25,14.0
2018-12-20 07:54,6303.0,6303.5,6302.0,6302.75,21.0
2018-12-20 07:55,6300.25,6303.5,6298.75,6303.5,26.0
2018-12-20 07:56,6303.0,6303.5,6303.0,6303.5,4.0
2018-12-20 07:57,6302.5,6302.5,6302.5,6302.5,2.0
2018-12-20 07:58,6303.75,6304.0,6302.5,6303.25,5.0
2018-12-20 07:59,6302.5,6304.5,6302.25,6302.25,7.0
2018-12-20 08:00,6301.75,6301.75,6297.0,6297.0,47.0
2018-12-20 08:01,6296.25,6297.25,6290.0,6292.25,42.0
2018-12-20 08:02,6292.0,6292.25,6287.75,6288.5,23.0
2018-12-20 08:03,6291.0,6291.0,6288.0,6288.0,7.0
2018-12-20 08:04,6288.0,6292.25,6286.0,6290.75,65.0
2018-12-20 08:05,6292.25,6297.0,6292.25,6295.75,13.0
2018-12-20 08:06,6293.25,6295.75,6292.25,6295.75,21.0
2018-12-20 08:07,6294.0,6298.5,6294.0,6298.25,9.0
2018-12-20 08:08,6302.75,6306.75,6302.5,6306.75,8.0
2018-12-20 08:09,6306.5,6308.25,6306.5,6307.75,12.0
2018-12-20 08:10,6308.25,6308.25,6304.0,6304.0,34.0
2018-12-20 08:11,6303.0,6304.75,6301.25,6304.0,43.0
2018-12-20 08:12,6301.75,6301.75,6294.0,6294.0,17.0
2018-12-20 08:13,6296.75,6299.0,6296.75,6297.0,36.0
2018-12-20 08:14,6297.25,6298.5,6290.0,6290.25,90.0
2018-12-20 08:15,6290.5,6292.25,6289.75,6289.75,38.0
2018-12-20 08:16,6291.0,6293.0,6289.75,6293.0,4.0
2018-12-20 08:17,6292.5,6295.0,6292.5,6295.0,9.0
2018-12-20 08:18,6292.5,6298.0,6292.5,6295.75,30.0
2018-12-20 08:19,6299.25,6301.25,6299.0,6301.25,8.0
2018-12-20 08:20,6299.0,6299.25,6295.0,6295.0,7.0
2018-12-20 08:21,6294.25,6296.75,6292.75,6296.75,24.0
2018-12-20 08:22,6299.0,6302.5,6299.0,6300.0,11.0
2018-12-20 08:23,6300.5,6300.5,6299.0,6299.0,3.0
2018-12-20 08:24,6301.75,6301.75,6298.75,6298.75,6.0
2018-12-20 08:25,6297.5,6297.5,6296.0,6296.0,5.0
2018-12-20 08:26,6296.25,6296.25,6289.75,6292.75,13.0
2018-12-20 08:27,6292.75,6292.75,6289.75,6290.0,15.0
2018-12-20 08:28,6288.0,6292.75,6288.0,6292.75,12.0
2018-12-20 08:29,6292.75,6293.0,6287.5,6290.0,60.0
2018-12-20 08:30,6289.75,6296.0,6289.75,6296.0,16.0
2018-12-20 08:31,6296.25,6299.0,6295.75,6298.25,14.0
2018-12-20 08:32,6297.75,6298.25,6297.0,6297.0,5.0
2018-12-20 08:33,6299.25,6299.25,6296.0,6298.0,16.0
2018-12-20 08:34,6297.0,6304.75,6296.75,6304.75,74.0
2018-12-20 08:35,6302.0,6303.0,6299.25,6299.25,11.0
2018-12-20 08:36,6298.5,6299.0,6295.5,6297.25,13.0
2018-12-20 08:37,6297.5,6297.5,6297.5,6297.5,1.0
2018-12-20 08:38,6298.0,6300.0,6296.75,6296.75,26.0
2018-12-20 08:39,6295.0,6295.0,6295.0,6295.0,1.0
2018-12-20 08:40,6297.0,6305.75,6297.0,6304.0,19.0
2018-12-20 08:41,6302.25,6302.25,6300.5,6300.5,9.0
2018-12-20 08:42,6300.25,6302.25,6300.25,6302.25,2.0
2018-12-20 08:43,6304.75,6306.0,6303.75,6305.25,36.0
2018-12-20 08:44,6301.5,6304.75,6301.5,6304.75,10.0
2018-12-20 08:45,6305.5,6306.25,6305.25,6305.25,4.0
2018-12-20 08:46,6303.25,6303.25,6299.25,6299.25,8.0
2018-12-20 08:47,6300.5,6302.75,6300.5,6302.75,5.0
2018-12-20 08:48,6303.0,6308.0,6303.0,6307.75,17.0
2018-12-20 08:49,6305.25,6309.5,6305.25,6309.0,17.0
2018-12-20 08:50,6309.25,6309.75,6307.75,6308.0,8.0
2018-12-20 08:51,6307.75,6308.25,6307.75,6308.25,14.0
2018-12-20 08:52,6309.0,6310.0,6308.25,6308.25,26.0
2018-12-20 08:53,6308.75,6309.75,6308.5,6308.5,3.0
2018-12-20 08:54,6309.5,6309.5,6308.25,6308.25,7.0
2018-12-20 08:55,6309.25,6309.25,6304.75,6304.75,14.0
2018-12-20 08:56,6304.75,6306.25,6304.75,6306.0,4.0
2018-12-20 08:57,6305.5,6305.5,6302.5,6304.5,7.0
2018-12-20 08:58,6307.0,6307.0,6303.0,6306.25,6.0
2018-12-20 08:59,6308.5,6308.5,6308.5,6308.5,1.0
2018-12-20 09:00,6310.0,6310.0,6308.25,6308.25,7.0
2018-12-20 09:01,6305.25,6305.25,6302.0,6302.25,7.0
2018-12-20 09:02,6302.25,6302.25,6296.25,6298.75,35.0
2018-12-20 09:03,6298.75,6302.75,6298.75,6302.75,7.0
2018-12-20 09:04,6299.25,6304.75,6299.25,6302.5,5.0
2018-12-20 09:05,6304.75,6306.5,6304.75,6305.0,23.0
2018-12-20 09:06,6305.0,6306.75,6303.75,6304.0,37.0
2018-12-20 09:07,6304.75,6304.75,6301.75,6301.75,5.0
2018-12-20 09:08,6302.25,6302.25,6301.5,6301.5,3.0
2018-12-20 09:09,6305.75,6305.75,6305.75,6305.75,1.0
2018-12-20 09:10,6306.0,6308.25,6306.0,6308.25,3.0
2018-12-20 09:11,6308.5,6310.75,6308.25,6310.0,15.0
2018-12-20 09:12,6310.75,6314.0,6310.75,6311.25,13.0
2018-12-20 09:13,6311.75,6314.75,6311.25,6314.75,21.0
2018-12-20 09:14,6314.75,6317.0,6314.25,6317.0,15.0
2018-12-20 09:15,6316.75,6317.0,6314.75,6314.75,9.0
2018-12-20 09:16,6318.0,6318.25,6317.0,6318.25,13.0
2018-12-20 09:17,6317.25,6317.5,6314.75,6316.25,5.0
2018-12-20 09:18,6314.5,6317.5,6314.5,6316.75,4.0
2018-12-20 09:19,6316.75,6317.5,6316.75,6317.5,2.0
2018-12-20 09:20,6317.5,6317.5,6316.75,6317.5,3.0
2018-12-20 09:21,6316.5,6320.5,6316.5,6320.5,7.0
2018-12-20 09:22,6320.5,6321.5,6319.75,6321.5,11.0
2018-12-20 09:23,6321.75,6323.5,6320.5,6323.5,15.0
2018-12-20 09:24,6324.0,6324.0,6322.5,6323.0,13.0
2018-12-20 09:25,6324.25,6325.5,6324.25,6325.0,7.0
2018-12-20 09:26,6325.25,6325.25,6324.25,6325.0,7.0
2018-12-20 09:27,6325.5,6326.75,6325.25,6326.75,8.0
2018-12-20 09:28,6326.0,6326.0,6324.75,6324.75,4.0
2018-12-20 09:29,6324.0,6324.0,6320.0,6320.0,25.0
2018-12-20 09:30,6320.5,6323.25,6320.25,6323.25,21.0
2018-12-20 09:31,6322.75,6324.0,6322.0,6323.75,5.0
2018-12-20 09:32,6322.75,6324.25,6322.75,6323.75,3.0
2018-12-20 09:33,6324.5,6324.5,6324.5,6324.5,1.0
2018-12-20 09:34,6323.0,6323.25,6322.5,6322.5,10.0
2018-12-20 09:35,6325.75,6326.0,6325.75,6326.0,5.0
2018-12-20 09:36,6326.0,6328.25,6324.0,6328.25,31.0
2018-12-20 09:37,6326.75,6327.5,6326.75,6326.75,9.0
2018-12-20 09:38,6327.25,6331.75,6327.0,6331.75,10.0
2018-12-20 09:39,6332.0,6332.0,6328.5,6328.5,9.0
2018-12-20 09:40,6326.75,6326.75,6326.75,6326.75,2.0
2018-12-20 09:41,6330.25,6330.25,6328.5,6328.5,5.0
2018-12-20 09:42,6330.5,6333.5,6330.5,6333.5,18.0
2018-12-20 09:43,6331.25,6331.25,6331.25,6331.25,1.0
2018-12-20 09:44,6333.0,6333.0,6332.75,6332.75,4.0
2018-12-20 09:45,6332.25,6332.25,6331.25,6331.25,14.0
2018-12-20 09:46,6331.25,6331.75,6331.25,6331.25,5.0
2018-12-20 09:47,6330.5,6330.5,6329.25,6330.25,12.0
2018-12-20 09:48,6327.75,6327.75,6324.75,6324.75,8.0
2018-12-20 09:49,6325.5,6326.5,6324.0,6324.0,6.0
2018-12-20 09:50,6325.25,6325.25,6321.25,6321.75,14.0
2018-12-20 09:51,6322.75,6324.0,6322.75,6324.0,77.0
2018-12-20 09:52,6323.75,6323.75,6321.75,6321.75,2.0
2018-12-20 09:53,6322.75,6323.5,6322.75,6323.5,3.0
2018-12-20 09:54,6323.75,6325.75,6323.75,6325.75,3.0
2018-12-20 09:55,6326.5,6326.75,6325.75,6325.75,15.0
2018-12-20 09:56,6330.0,6331.0,6328.75,6331.0,11.0
2018-12-20 09:57,6331.5,6333.0,6330.0,6333.0,6.0
2018-12-20 09:58,6331.25,6331.5,6330.0,6331.5,5.0
2018-12-20 09:59,6333.5,6334.75,6332.0,6332.25,21.0
2018-12-20 10:00,6331.5,6335.0,6331.5,6335.0,3.0
2018-12-20 10:01,6333.5,6333.5,6325.5,6325.5,8.0
2018-12-20 10:02,6322.5,6326.75,6321.0,6325.5,13.0
2018-12-20 10:03,6325.5,6327.0,6325.0,6327.0,4.0
2018-12-20 10:04,6324.25,6325.5,6323.75,6325.5,5.0
2018-12-20 10:05,6326.75,6327.25,6325.5,6325.5,4.0
2018-12-20 10:06,6325.0,6328.5,6325.0,6326.75,10.0
2018-12-20 10:07,6328.5,6328.5,6325.75,6328.25,7.0
2018-12-20 10:08,6328.25,6330.0,6325.75,6326.75,11.0
2018-12-20 10:09,6326.25,6334.5,6326.25,6334.25,12.0
2018-12-20 10:10,6332.75,6334.5,6331.0,6334.5,38.0
2018-12-20 10:11,6334.25,6334.25,6332.75,6332.75,4.0
2018-12-20 10:12,6332.75,6334.0,6332.75,6333.5,3.0
2018-12-20 10:13,6335.0,6335.0,6332.75,6335.0,7.0
2018-12-20 10:14,6335.5,6339.0,6335.5,6338.0,32.0
2018-12-20 10:15,6338.0,6340.25,6338.0,6339.0,28.0
2018-12-20 10:16,6339.5,6339.75,6337.75,6337.75,13.0
2018-12-20 10:17,6339.75,6340.75,6339.0,6339.5,11.0
2018-12-20 10:18,6338.75,6341.75,6338.75,6341.75,9.0
2018-12-20 10:19,6340.0,6340.0,6339.5,6339.5,2.0
2018-12-20 10:20,6338.0,6340.25,6338.0,6339.0,9.0
2018-12-20 10:21,6340.0,6344.0,6340.0,6342.0,61.0
2018-12-20 10:22,6343.75,6343.75,6342.25,6342.25,6.0
2018-12-20 10:23,6343.25,6344.75,6343.25,6343.75,8.0
2018-12-20 10:24,6341.75,6342.0,6341.75,6341.75,6.0
2018-12-20 10:25,6340.75,6343.25,6340.25,6340.25,10.0
2018-12-20 10:26,6340.5,6342.5,6340.5,6342.5,2.0
2018-12-20 10:27,6342.0,6342.0,6340.5,6340.5,8.0
2018-12-20 10:28,6339.25,6341.75,6339.25,6340.75,6.0
2018-12-20 10:29,6340.75,6340.75,6336.0,6336.0,10.0
2018-12-20 10:30,6335.75,6338.0,6335.75,6338.0,5.0
2018-12-20 10:31,6339.5,6343.75,6339.5,6340.5,12.0
2018-12-20 10:32,6338.75,6338.75,6338.75,6338.75,1.0
2018-12-20 10:33,6336.0,6336.5,6335.75,6335.75,5.0
2018-12-20 10:34,6335.0,6337.25,6335.0,6337.25,3.0
2018-12-20 10:35,6334.75,6337.0,6334.0,6336.5,10.0
2018-12-20 10:36,6336.0,6336.0,6335.25,6335.25,2.0
2018-12-20 10:37,6337.0,6339.75,6337.0,6337.75,9.0
2018-12-20 10:38,6335.75,6336.75,6335.75,6336.75,2.0
2018-12-20 10:39,6333.25,6333.25,6329.75,6331.75,16.0
2018-12-20 10:40,6331.0,6331.0,6325.5,6325.5,17.0
2018-12-20 10:41,6326.75,6327.5,6326.75,6327.5,39.0
2018-12-20 10:42,6328.0,6330.0,6327.75,6328.5,6.0
2018-12-20 10:43,6327.25,6327.25,6324.0,6324.75,27.0
2018-12-20 10:44,6325.5,6325.5,6325.5,6325.5,1.0
2018-12-20 10:45,6327.5,6328.25,6325.75,6326.75,5.0
2018-12-20 10:46,6328.5,6329.75,6328.5,6329.0,5.0
2018-12-20 10:47,6329.0,6329.0,6328.5,6328.75,20.0
2018-12-20 10:48,6328.75,6330.0,6328.75,6329.75,59.0
2018-12-20 10:49,6329.75,6329.75,6327.5,6327.5,2.0
2018-12-20 10:50,6326.75,6326.75,6320.75,6325.5,58.0
2018-12-20 10:51,6327.0,6327.0,6325.5,6327.0,3.0
2018-12-20 10:52,6328.0,6328.75,6327.75,6327.75,6.0
2018-12-20 10:53,6329.25,6330.0,6329.25,6330.0,12.0
2018-12-20 10:54,6328.5,6330.0,6328.5,6330.0,11.0
2018-12-20 10:55,6331.5,6333.0,6330.75,6332.0,63.0
2018-12-20 10:56,6332.0,6332.0,6328.5,6331.75,34.0
2018-12-20 10:57,6330.0,6330.0,6330.0,6330.0,1.0
2018-12-20 10:58,6332.0,6334.75,6331.25,6334.75,10.0
2018-12-20 10:59,6335.25,6336.5,6335.25,6336.5,7.0
2018-12-20 11:00,6336.0,6338.0,6335.0,6338.0,13.0
2018-12-20 11:01,6338.0,6339.5,6337.25,6337.5,9.0
2018-12-20 11:02,6338.5,6339.0,6337.25,6337.25,43.0
2018-12-20 11:03,6337.25,6337.75,6337.25,6337.75,2.0
2018-12-20 11:04,6337.75,6339.0,6337.75,6339.0,3.0
2018-12-20 11:05,6338.0,6339.75,6338.0,6339.75,3.0
2018-12-20 11:06,6340.0,6344.0,6340.0,6342.25,26.0
2018-12-20 11:07,6343.0,6343.0,6342.0,6342.0,2.0
2018-12-20 11:08,6342.5,6345.0,6342.0,6345.0,8.0
2018-12-20 11:09,6346.0,6346.0,6341.5,6345.0,17.0
2018-12-20 11:10,6346.0,6347.25,6345.0,6345.0,11.0
2018-12-20 11:11,6343.75,6344.25,6342.5,6344.25,13.0
2018-12-20 11:12,6346.0,6346.0,6346.0,6346.0,7.0
2018-12-20 11:13,6348.0,6348.25,6348.0,6348.25,2.0
2018-12-20 11:14,6347.25,6348.75,6346.5,6348.0,16.0
2018-12-20 11:15,6348.0,6348.0,6346.75,6346.75,6.0
2018-12-20 11:16,6346.5,6346.75,6344.5,6344.75,49.0
2018-12-20 11:17,6345.0,6345.0,6344.0,6344.75,7.0
2018-12-20 11:18,6344.0,6346.75,6344.0,6346.75,4.0
2018-12-20 11:19,6344.75,6344.75,6344.75,6344.75,3.0
2018-12-20 11:20,6343.25,6345.0,6343.25,6345.0,14.0
2018-12-20 11:21,6346.0,6351.75,6346.0,6351.75,32.0
2018-12-20 11:22,6351.5,6352.5,6350.75,6350.75,12.0
2018-12-20 11:23,6350.75,6351.5,6349.0,6349.25,25.0
2018-12-20 11:24,6349.75,6350.5,6348.5,6348.5,15.0
2018-12-20 11:25,6349.75,6352.0,6349.75,6351.5,25.0
2018-12-20 11:26,6351.0,6351.0,6349.0,6350.25,9.0
2018-12-20 11:27,6350.5,6350.5,6350.25,6350.25,2.0
2018-12-20 11:28,6350.25,6351.75,6348.75,6351.75,21.0
2018-12-20 11:29,6350.5,6352.75,6350.5,6352.75,5.0
2018-12-20 11:30,6353.0,6353.5,6352.25,6352.25,16.0
2018-12-20 11:31,6352.0,6352.0,6352.0,6352.0,2.0
2018-12-20 11:32,6351.0,6351.5,6350.0,6351.0,20.0
2018-12-20 11:33,6351.5,6355.0,6351.5,6353.5,16.0
2018-12-20 11:34,6353.5,6356.75,6353.5,6356.75,4.0
2018-12-20 11:35,6354.25,6355.75,6354.0,6354.0,7.0
2018-12-20 11:36,6354.0,6354.5,6353.0,6354.25,5.0
2018-12-20 11:37,6353.0,6354.75,6352.5,6354.25,21.0
2018-12-20 11:38,6355.5,6357.25,6354.0,6355.0,8.0
2018-12-20 11:39,6355.5,6358.25,6355.5,6358.25,19.0
2018-12-20 11:40,6358.25,6362.25,6358.25,6360.0,50.0
2018-12-20 11:41,6359.0,6361.5,6357.5,6360.0,20.0
2018-12-20 11:42,6360.0,6362.5,6360.0,6361.5,11.0
2018-12-20 11:43,6361.25,6363.25,6361.25,6361.5,9.0
2018-12-20 11:44,6361.75,6361.75,6360.5,6360.5,2.0
2018-12-20 11:45,6361.5,6361.5,6356.25,6356.5,14.0
2018-12-20 11:46,6357.0,6358.5,6357.0,6357.0,7.0
2018-12-20 11:47,6358.25,6358.5,6354.25,6354.5,11.0
2018-12-20 11:48,6354.75,6357.0,6354.75,6356.0,12.0
2018-12-20 11:49,6355.0,6355.0,6355.0,6355.0,3.0
2018-12-20 11:50,6353.5,6353.75,6353.0,6353.75,4.0
2018-12-20 11:51,6353.0,6353.75,6352.0,6353.75,8.0
2018-12-20 11:52,6353.0,6354.0,6353.0,6354.0,4.0
2018-12-20 11:53,6354.75,6356.0,6354.75,6356.0,6.0
2018-12-20 11:54,6354.75,6354.75,6353.0,6354.0,6.0
2018-12-20 11:55,6352.75,6352.75,6352.75,6352.75,1.0
2018-12-20 11:56,6352.0,6352.5,6349.75,6351.0,33.0
2018-12-20 11:57,6355.5,6355.5,6355.5,6355.5,1.0
2018-12-20 11:58,6355.0,6358.75,6354.5,6358.5,8.0
2018-12-20 11:59,6358.75,6363.5,6358.75,6363.5,16.0
2018-12-20 12:00,6364.5,6375.0,6362.0,6374.0,125.0
2018-12-20 12:01,6372.25,6374.25,6367.5,6367.75,24.0
2018-12-20 12:02,6368.25,6371.5,6368.25,6371.5,35.0
2018-12-20 12:03,6371.5,6373.5,6370.75,6371.0,8.0
2018-12-20 12:04,6370.0,6370.25,6369.0,6369.0,6.0
2018-12-20 12:05,6368.0,6368.75,6367.75,6368.75,8.0
2018-12-20 12:06,6365.0,6366.0,6364.75,6365.5,10.0
2018-12-20 12:07,6363.75,6363.75,6361.75,6362.0,7.0
2018-12-20 12:08,6361.25,6361.5,6359.5,6360.75,8.0
2018-12-20 12:09,6359.0,6367.0,6359.0,6367.0,8.0
2018-12-20 12:10,6362.25,6367.0,6362.25,6367.0,7.0
2018-12-20 12:11,6367.0,6368.0,6367.0,6367.0,6.0
2018-12-20 12:12,6367.0,6367.0,6364.0,6364.0,14.0
2018-12-20 12:13,6364.0,6370.0,6364.0,6367.0,13.0
2018-12-20 12:14,6362.5,6365.0,6362.5,6365.0,2.0
2018-12-20 12:15,6364.0,6364.0,6358.0,6358.0,7.0
2018-12-20 12:16,6359.75,6360.0,6357.25,6358.0,59.0
2018-12-20 12:17,6359.75,6361.75,6359.5,6361.75,26.0
2018-12-20 12:18,6360.25,6360.25,6358.25,6358.25,4.0
2018-12-20 12:19,6358.25,6358.25,6355.0,6355.0,13.0
2018-12-20 12:20,6354.25,6354.25,6354.0,6354.25,3.0
2018-12-20 12:21,6356.0,6359.0,6356.0,6359.0,8.0
2018-12-20 12:22,6359.75,6359.75,6355.5,6356.25,9.0
2018-12-20 12:23,6357.0,6357.0,6356.5,6356.5,2.0
2018-12-20 12:24,6356.75,6356.75,6356.25,6356.25,8.0
2018-12-20 12:25,6356.0,6356.5,6354.25,6356.5,8.0
2018-12-20 12:26,6356.75,6356.75,6354.25,6354.25,4.0
2018-12-20 12:27,6355.75,6356.75,6354.0,6354.5,30.0
2018-12-20 12:28,6354.0,6357.0,6354.0,6356.0,15.0
2018-12-20 12:29,6357.5,6359.5,6357.0,6359.0,6.0
2018-12-20 12:30,6359.0,6359.0,6354.25,6354.75,15.0
2018-12-20 12:31,6354.0,6356.75,6354.0,6354.0,15.0
2018-12-20 12:32,6353.75,6356.25,6353.75,6354.25,14.0
2018-12-20 12:33,6354.25,6354.25,6350.75,6354.25,13.0
2018-12-20 12:34,6353.25,6354.0,6353.25,6354.0,4.0
2018-12-20 12:35,6353.0,6354.0,6353.0,6353.5,3.0
2018-12-20 12:36,6352.25,6352.25,6352.0,6352.0,4.0
2018-12-20 12:37,6352.25,6354.25,6352.25,6354.0,9.0
2018-12-20 12:38,6357.0,6357.25,6356.0,6356.75,9.0
2018-12-20 12:39,6356.5,6356.5,6353.5,6353.5,13.0
2018-12-20 12:40,6354.75,6356.75,6354.75,6356.75,6.0
2018-12-20 12:41,6357.5,6357.5,6357.25,6357.25,4.0
2018-12-20 12:42,6360.0,6361.0,6360.0,6361.0,3.0
2018-12-20 12:43,6362.0,6362.0,6362.0,6362.0,1.0
2018-12-20 12:44,6360.0,6360.0,6356.5,6357.0,11.0
2018-12-20 12:45,6357.0,6357.0,6357.0,6357.0,1.0
2018-12-20 12:46,6357.0,6363.0,6356.75,6363.0,22.0
2018-12-20 12:47,6362.5,6367.75,6362.5,6365.5,37.0
2018-12-20 12:49,6363.25,6365.25,6363.25,6365.25,5.0
2018-12-20 12:50,6365.5,6368.75,6365.5,6368.75,9.0
2018-12-20 12:51,6368.75,6368.75,6366.25,6367.75,4.0
2018-12-20 12:52,6368.0,6368.0,6366.25,6368.0,6.0
2018-12-20 12:53,6367.75,6369.25,6366.0,6366.0,12.0
2018-12-20 12:54,6368.0,6368.75,6366.25,6367.5,9.0
2018-12-20 12:55,6367.75,6371.0,6367.75,6369.25,24.0
2018-12-20 12:56,6369.5,6369.5,6368.0,6368.0,2.0
2018-12-20 12:57,6367.25,6367.5,6365.5,6366.25,20.0
2018-12-20 12:58,6365.5,6368.0,6363.5,6368.0,89.0
2018-12-20 12:59,6366.5,6366.5,6366.5,6366.5,1.0
2018-12-20 13:00,6363.5,6363.5,6360.5,6360.5,15.0
2018-12-20 13:01,6362.25,6363.75,6361.25,6363.25,7.0
2018-12-20 13:02,6361.0,6361.0,6360.5,6360.5,2.0
2018-12-20 13:03,6362.25,6362.5,6358.75,6359.75,17.0
2018-12-20 13:04,6361.0,6361.0,6357.0,6359.5,12.0
2018-12-20 13:05,6356.5,6356.75,6354.75,6354.75,27.0
2018-12-20 13:06,6354.75,6356.75,6354.5,6355.25,8.0
2018-12-20 13:07,6353.5,6354.0,6352.0,6352.0,12.0
2018-12-20 13:08,6350.5,6351.5,6344.5,6344.5,22.0
2018-12-20 13:09,6344.25,6347.0,6341.5,6344.0,68.0
2018-12-20 13:10,6344.75,6346.75,6344.75,6346.5,8.0
2018-12-20 13:11,6347.0,6347.5,6346.5,6346.75,8.0
2018-12-20 13:12,6347.0,6347.0,6345.25,6345.25,4.0
2018-12-20 13:14,6347.5,6349.0,6347.25,6349.0,37.0
2018-12-20 13:15,6349.0,6349.75,6347.75,6349.5,45.0
2018-12-20 13:16,6349.0,6349.5,6349.0,6349.5,3.0
2018-12-20 13:17,6348.75,6351.25,6348.75,6351.0,30.0
2018-12-20 13:18,6351.0,6352.25,6351.0,6351.0,6.0
2018-12-20 13:19,6350.0,6350.5,6348.25,6349.5,8.0
2018-12-20 13:20,6350.75,6350.75,6349.0,6350.0,19.0
2018-12-20 13:21,6348.25,6348.25,6345.25,6345.75,13.0
2018-12-20 13:22,6349.0,6349.75,6349.0,6349.75,5.0
2018-12-20 13:23,6347.0,6350.0,6347.0,6350.0,8.0
2018-12-20 13:24,6347.5,6347.75,6347.0,6347.25,4.0
2018-12-20 13:25,6349.0,6351.0,6349.0,6351.0,10.0
2018-12-20 13:26,6349.25,6351.0,6349.25,6351.0,2.0
2018-12-20 13:27,6349.75,6349.75,6349.5,6349.5,3.0
2018-12-20 13:28,6349.5,6349.5,6349.5,6349.5,1.0
2018-12-20 13:29,6351.0,6351.0,6351.0,6351.0,4.0
2018-12-20 13:30,6349.0,6351.0,6345.5,6351.0,13.0
2018-12-20 13:31,6350.75,6350.75,6348.0,6348.0,4.0
2018-12-20 13:32,6347.0,6347.0,6346.0,6346.0,2.0
2018-12-20 13:33,6346.0,6346.0,6342.75,6342.75,11.0
2018-12-20 13:34,6343.25,6345.5,6343.25,6344.0,7.0
2018-12-20 13:35,6344.25,6344.5,6341.5,6342.25,14.0
2018-12-20 13:36,6342.25,6342.25,6339.25,6340.5,10.0
2018-12-20 13:37,6340.5,6342.5,6338.5,6342.5,14.0
2018-12-20 13:38,6342.25,6346.75,6342.25,6346.75,9.0
2018-12-20 13:39,6346.0,6346.0,6342.0,6342.0,42.0
2018-12-20 13:40,6342.25,6342.25,6338.25,6339.0,17.0
2018-12-20 13:41,6339.5,6340.75,6339.0,6339.0,14.0
2018-12-20 13:42,6337.75,6342.25,6337.75,6341.0,20.0
2018-12-20 13:43,6342.0,6343.0,6341.75,6343.0,18.0
2018-12-20 13:44,6344.75,6348.75,6344.75,6348.25,31.0
2018-12-20 13:45,6346.0,6346.0,6345.25,6345.25,5.0
2018-12-20 13:46,6345.75,6345.75,6343.0,6343.0,3.0
2018-12-20 13:47,6344.0,6344.0,6342.25,6342.25,6.0
2018-12-20 13:48,6341.5,6341.5,6337.0,6337.0,12.0
2018-12-20 13:49,6337.5,6337.75,6332.5,6333.75,68.0
2018-12-20 13:50,6332.5,6332.5,6328.0,6330.75,64.0
2018-12-20 13:51,6329.0,6330.75,6328.75,6329.25,20.0
2018-12-20 13:52,6328.25,6329.0,6326.25,6326.25,54.0
2018-12-20 13:53,6327.5,6328.75,6325.25,6326.5,29.0
2018-12-20 13:54,6325.0,6325.0,6320.75,6323.0,25.0
2018-12-20 13:55,6321.25,6323.0,6317.5,6318.25,83.0
2018-12-20 13:56,6318.25,6318.25,6312.0,6312.5,40.0
2018-12-20 13:57,6314.25,6315.5,6310.25,6311.0,76.0
2018-12-20 13:58,6313.25,6317.25,6313.25,6317.25,58.0
2018-12-20 13:59,6318.0,6318.0,6312.0,6312.0,25.0
2018-12-20 14:00,6312.25,6315.5,6312.0,6315.0,50.0
2018-12-20 14:01,6314.25,6315.25,6308.25,6308.25,56.0
2018-12-20 14:02,6309.25,6313.75,6307.25,6312.25,28.0
2018-12-20 14:03,6312.25,6312.25,6311.0,6312.25,18.0
2018-12-20 14:04,6315.0,6315.5,6312.5,6312.5,19.0
2018-12-20 14:05,6313.5,6314.0,6313.5,6314.0,2.0
2018-12-20 14:06,6318.25,6321.5,6318.25,6320.75,24.0
2018-12-20 14:07,6322.5,6327.0,6320.75,6324.25,53.0
2018-12-20 14:08,6324.25,6324.25,6323.0,6323.0,4.0
2018-12-20 14:09,6324.75,6327.0,6324.5,6324.5,17.0
2018-12-20 14:10,6325.5,6326.25,6322.5,6326.25,20.0
2018-12-20 14:11,6326.5,6329.5,6326.25,6328.5,38.0
2018-12-20 14:12,6328.0,6330.25,6327.5,6327.5,24.0
2018-12-20 14:13,6326.25,6327.75,6323.25,6327.75,21.0
2018-12-20 14:14,6326.5,6329.0,6326.5,6327.25,9.0
2018-12-20 14:15,6329.0,6329.0,6326.25,6326.25,4.0
2018-12-20 14:16,6324.0,6324.0,6320.5,6321.75,12.0
2018-12-20 14:17,6320.5,6321.75,6316.75,6317.0,20.0
2018-12-20 14:18,6318.0,6319.75,6317.5,6319.0,32.0
2018-12-20 14:19,6318.0,6320.5,6318.0,6320.5,4.0
2018-12-20 14:20,6323.25,6324.75,6323.0,6323.0,10.0
2018-12-20 14:21,6323.75,6325.5,6320.75,6321.75,47.0
2018-12-20 14:22,6321.75,6324.75,6321.75,6324.75,5.0
2018-12-20 14:23,6323.75,6326.0,6322.5,6322.5,5.0
2018-12-20 14:24,6322.25,6322.5,6316.5,6317.5,73.0
2018-12-20 14:25,6316.5,6320.0,6316.5,6318.75,16.0
2018-12-20 14:26,6318.75,6324.5,6318.0,6324.0,25.0
2018-12-20 14:27,6323.75,6326.75,6321.5,6322.75,110.0
2018-12-20 14:28,6320.75,6320.75,6311.75,6312.5,177.0
2018-12-20 14:29,6312.5,6316.75,6312.5,6315.75,75.0
2018-12-20 14:30,6314.75,6324.0,6305.0,6320.5,444.0
2018-12-20 14:31,6321.75,6329.75,6314.5,6314.5,394.0
2018-12-20 14:32,6315.0,6335.75,6313.5,6335.75,276.0
2018-12-20 14:33,6336.5,6354.0,6333.25,6343.25,482.0
2018-12-20 14:34,6343.5,6359.5,6342.25,6357.25,199.0
2018-12-20 14:35,6357.75,6359.75,6339.25,6339.75,222.0
2018-12-20 14:36,6340.75,6363.0,6338.75,6361.75,163.0
2018-12-20 14:37,6360.25,6360.5,6348.5,6348.5,211.0
2018-12-20 14:38,6346.75,6350.0,6338.25,6339.5,361.0
2018-12-20 14:39,6341.0,6360.75,6339.5,6355.0,191.0
2018-12-20 14:40,6354.25,6354.25,6322.25,6323.5,500.0
2018-12-20 14:41,6323.75,6323.75,6311.25,6319.5,657.0
2018-12-20 14:42,6320.25,6324.25,6308.25,6314.25,175.0
2018-12-20 14:43,6315.75,6316.75,6303.25,6307.5,191.0
2018-12-20 14:44,6308.5,6331.75,6308.5,6331.75,282.0
2018-12-20 14:45,6332.25,6336.75,6325.75,6331.5,150.0
2018-12-20 14:46,6333.0,6342.5,6327.0,6338.25,88.0
2018-12-20 14:47,6342.5,6343.75,6326.0,6329.0,86.0
2018-12-20 14:48,6327.25,6331.0,6312.0,6313.25,169.0
2018-12-20 14:49,6314.0,6321.5,6308.25,6315.5,97.0
2018-12-20 14:50,6314.5,6333.0,6310.5,6329.5,125.0
2018-12-20 14:51,6330.25,6330.25,6316.5,6317.5,70.0
2018-12-20 14:52,6317.75,6322.5,6312.0,6319.75,122.0
2018-12-20 14:53,6319.75,6320.75,6300.75,6308.75,216.0
2018-12-20 14:54,6308.5,6319.0,6307.75,6312.5,171.0
2018-12-20 14:55,6313.5,6332.0,6311.5,6330.5,188.0
2018-12-20 14:56,6327.5,6341.75,6322.0,6341.25,185.0
2018-12-20 14:57,6343.0,6348.75,6341.0,6344.25,133.0
2018-12-20 14:58,6345.75,6356.0,6342.25,6354.25,109.0
2018-12-20 14:59,6354.25,6360.25,6344.5,6355.5,307.0
2018-12-20 15:00,6354.0,6362.5,6352.25,6362.5,191.0
2018-12-20 15:01,6361.5,6366.25,6352.75,6353.75,148.0
2018-12-20 15:02,6354.0,6354.5,6343.5,6348.0,144.0
2018-12-20 15:03,6348.25,6355.5,6346.5,6351.5,53.0
2018-12-20 15:04,6351.75,6352.75,6339.25,6350.75,97.0
2018-12-20 15:05,6347.5,6363.5,6347.25,6361.5,116.0
2018-12-20 15:06,6363.5,6379.75,6360.25,6374.25,260.0
2018-12-20 15:07,6375.5,6385.25,6372.5,6383.25,334.0
2018-12-20 15:08,6383.5,6383.5,6373.25,6376.75,91.0
2018-12-20 15:09,6376.25,6381.5,6375.0,6375.0,55.0
2018-12-20 15:10,6373.5,6373.75,6363.5,6364.75,145.0
2018-12-20 15:11,6366.5,6370.5,6363.5,6367.5,105.0
2018-12-20 15:12,6367.25,6367.25,6355.25,6356.25,154.0
2018-12-20 15:13,6356.25,6368.0,6356.25,6361.75,194.0
2018-12-20 15:14,6361.75,6364.25,6357.0,6364.0,260.0
2018-12-20 15:15,6362.5,6366.25,6353.0,6354.25,445.0
2018-12-20 15:16,6353.75,6354.25,6342.0,6345.0,531.0
2018-12-20 15:17,6345.5,6351.5,6344.0,6347.25,100.0
2018-12-20 15:18,6345.0,6354.0,6339.25,6339.25,88.0
2018-12-20 15:19,6341.75,6342.25,6335.0,6338.0,62.0
2018-12-20 15:20,6337.5,6337.5,6326.75,6331.25,125.0
2018-12-20 15:21,6332.5,6338.75,6325.25,6337.5,133.0
2018-12-20 15:22,6337.0,6340.25,6330.5,6335.0,63.0
2018-12-20 15:23,6337.25,6344.0,6337.25,6340.75,76.0
2018-12-20 15:24,6340.25,6348.75,6331.25,6335.5,157.0
2018-12-20 15:25,6336.25,6345.25,6336.25,6344.5,65.0
2018-12-20 15:26,6346.0,6353.5,6341.25,6351.25,147.0
2018-12-20 15:27,6348.25,6351.0,6340.75,6345.5,65.0
2018-12-20 15:28,6343.25,6343.5,6336.5,6337.75,33.0
2018-12-20 15:29,6340.5,6345.5,6334.25,6334.25,38.0
2018-12-20 15:30,6335.5,6343.25,6329.0,6342.5,70.0
2018-12-20 15:31,6341.75,6355.75,6340.75,6347.5,118.0
2018-12-20 15:32,6344.5,6346.0,6336.75,6344.25,52.0
2018-12-20 15:33,6341.75,6343.25,6336.75,6340.75,55.0
2018-12-20 15:34,6341.0,6343.5,6336.25,6338.0,34.0
2018-12-20 15:35,6338.25,6340.25,6318.5,6320.25,189.0
2018-12-20 15:36,6320.0,6328.0,6319.5,6326.25,125.0
2018-12-20 15:37,6324.0,6338.25,6320.5,6335.25,149.0
2018-12-20 15:38,6336.0,6345.75,6331.25,6337.75,151.0
2018-12-20 15:39,6339.0,6341.0,6334.25,6337.5,152.0
2018-12-20 15:40,6337.25,6339.5,6332.0,6333.75,38.0
2018-12-20 15:41,6334.25,6353.75,6334.0,6351.25,94.0
2018-12-20 15:42,6351.0,6355.5,6346.0,6355.0,118.0
2018-12-20 15:43,6353.75,6363.0,6348.75,6363.0,137.0
2018-12-20 15:44,6362.0,6363.25,6357.0,6357.0,58.0
2018-12-20 15:45,6355.5,6357.25,6345.0,6345.0,59.0
2018-12-20 15:46,6346.5,6348.0,6338.75,6341.25,95.0
2018-12-20 15:47,6339.25,6343.75,6339.25,6340.5,102.0
2018-12-20 15:48,6339.75,6339.75,6334.0,6336.25,67.0
2018-12-20 15:49,6334.0,6334.0,6326.5,6326.5,95.0
2018-12-20 15:50,6327.0,6332.25,6323.75,6328.25,95.0
2018-12-20 15:51,6327.75,6337.75,6326.5,6327.0,222.0
2018-12-20 15:52,6324.25,6325.5,6316.75,6318.75,136.0
2018-12-20 15:53,6319.75,6319.75,6316.0,6316.5,45.0
2018-12-20 15:54,6317.25,6323.0,6315.0,6318.75,71.0
2018-12-20 15:55,6318.75,6322.75,6313.75,6316.25,58.0
2018-12-20 15:56,6316.0,6328.75,6315.75,6321.75,104.0
2018-12-20 15:57,6321.5,6334.75,6321.5,6328.75,85.0
2018-12-20 15:58,6329.5,6343.25,6327.75,6339.25,187.0
2018-12-20 15:59,6337.75,6337.75,6328.25,6329.0,57.0
2018-12-20 16:00,6328.25,6330.5,6320.25,6328.25,116.0
2018-12-20 16:01,6325.25,6325.25,6317.5,6319.0,53.0
2018-12-20 16:02,6318.25,6323.0,6312.75,6323.0,87.0
2018-12-20 16:03,6323.75,6326.75,6320.25,6324.0,48.0
2018-12-20 16:04,6322.5,6322.5,6316.25,6320.75,47.0
2018-12-20 16:05,6320.25,6324.75,6316.25,6324.75,56.0
2018-12-20 16:06,6325.25,6331.5,6321.0,6322.0,114.0
2018-12-20 16:07,6321.75,6321.75,6313.5,6315.0,61.0
2018-12-20 16:08,6315.75,6316.0,6303.5,6305.25,137.0
2018-12-20 16:09,6306.5,6309.25,6299.0,6306.75,148.0
2018-12-20 16:10,6304.0,6315.0,6303.75,6306.75,184.0
2018-12-20 16:11,6308.25,6308.25,6298.5,6301.25,88.0
2018-12-20 16:12,6302.25,6310.0,6297.5,6310.0,43.0
2018-12-20 16:13,6311.0,6311.0,6293.75,6297.0,77.0
2018-12-20 16:14,6294.25,6298.75,6291.25,6298.75,100.0
2018-12-20 16:15,6297.75,6302.0,6293.5,6301.0,95.0
2018-12-20 16:16,6303.0,6304.0,6297.25,6297.75,50.0
2018-12-20 16:17,6297.5,6299.5,6294.0,6294.5,32.0
2018-12-20 16:18,6293.25,6294.5,6285.25,6288.75,83.0
2018-12-20 16:19,6289.0,6290.25,6285.75,6288.5,62.0
2018-12-20 16:20,6289.0,6289.0,6276.0,6276.0,203.0
2018-12-20 16:21,6274.75,6275.0,6266.5,6271.0,82.0
2018-12-20 16:22,6272.0,6274.75,6265.75,6265.75,64.0
2018-12-20 16:23,6266.75,6270.25,6262.25,6269.75,106.0
2018-12-20 16:24,6269.5,6270.5,6265.5,6269.5,70.0
2018-12-20 16:25,6271.0,6280.75,6269.5,6273.5,159.0
2018-12-20 16:26,6273.25,6274.0,6265.75,6266.75,66.0
2018-12-20 16:27,6268.0,6276.0,6262.75,6265.0,94.0
2018-12-20 16:28,6262.5,6263.25,6253.5,6253.75,105.0
2018-12-20 16:29,6256.0,6267.5,6255.5,6266.0,97.0
2018-12-20 16:30,6266.25,6267.25,6262.0,6267.0,40.0
2018-12-20 16:31,6268.25,6271.5,6265.25,6269.25,51.0
2018-12-20 16:32,6270.5,6275.75,6270.5,6273.25,61.0
2018-12-20 16:33,6271.25,6273.5,6257.5,6259.5,92.0
2018-12-20 16:34,6259.75,6266.25,6258.25,6261.0,138.0
2018-12-20 16:35,6262.75,6265.75,6258.75,6261.0,59.0
2018-12-20 16:36,6261.0,6265.75,6261.0,6262.0,388.0
2018-12-20 16:37,6261.5,6275.25,6255.25,6267.0,129.0
2018-12-20 16:38,6264.5,6266.75,6254.25,6259.75,57.0
2018-12-20 16:39,6259.0,6260.0,6255.0,6259.0,40.0
2018-12-20 16:40,6257.75,6268.75,6257.75,6267.75,188.0
2018-12-20 16:41,6266.0,6268.25,6260.0,6260.25,82.0
2018-12-20 16:42,6259.0,6260.5,6237.75,6251.0,265.0
2018-12-20 16:43,6252.0,6255.0,6241.75,6248.25,70.0
2018-12-20 16:44,6245.0,6248.75,6234.5,6239.75,138.0
2018-12-20 16:45,6240.5,6243.5,6236.0,6237.0,136.0
2018-12-20 16:46,6237.75,6239.5,6231.25,6234.5,80.0
2018-12-20 16:47,6231.75,6242.25,6229.25,6236.25,82.0
2018-12-20 16:48,6235.25,6235.25,6224.0,6224.0,125.0
2018-12-20 16:49,6223.75,6225.5,6214.75,6216.5,116.0
2018-12-20 16:50,6217.0,6227.25,6208.75,6209.75,269.0
2018-12-20 16:51,6210.5,6215.0,6203.75,6205.25,314.0
2018-12-20 16:52,6205.25,6216.75,6196.5,6214.5,227.0
2018-12-20 16:53,6215.75,6230.0,6212.5,6229.0,273.0
2018-12-20 16:54,6226.75,6232.0,6219.25,6232.0,138.0
2018-12-20 16:55,6230.75,6260.75,6230.75,6256.25,234.0
2018-12-20 16:56,6252.25,6257.75,6245.5,6248.25,90.0
2018-12-20 16:57,6247.25,6251.25,6235.25,6245.75,76.0
2018-12-20 16:58,6243.0,6246.75,6228.5,6228.5,117.0
2018-12-20 16:59,6231.75,6243.0,6224.5,6238.0,154.0
2018-12-20 17:00,6239.25,6249.0,6238.25,6243.0,147.0
2018-12-20 17:01,6244.0,6244.0,6232.25,6232.5,22.0
2018-12-20 17:02,6233.0,6243.5,6232.75,6240.0,131.0
2018-12-20 17:03,6240.75,6255.25,6240.0,6246.0,63.0
2018-12-20 17:04,6247.5,6254.5,6247.0,6248.25,34.0
2018-12-20 17:05,6243.75,6247.0,6235.25,6240.25,76.0
2018-12-20 17:06,6238.5,6238.5,6226.75,6228.0,70.0
2018-12-20 17:07,6230.5,6248.0,6230.5,6246.25,122.0
2018-12-20 17:08,6247.5,6247.5,6232.25,6235.75,68.0
2018-12-20 17:09,6240.75,6244.5,6232.5,6235.25,70.0
2018-12-20 17:10,6232.0,6245.0,6231.75,6244.75,102.0
2018-12-20 17:11,6243.25,6243.25,6232.5,6236.75,58.0
2018-12-20 17:12,6236.25,6241.75,6228.25,6229.0,97.0
2018-12-20 17:13,6228.0,6231.75,6220.0,6223.0,112.0
2018-12-20 17:14,6220.5,6222.5,6216.5,6218.5,95.0
2018-12-20 17:15,6216.75,6230.25,6215.75,6225.25,137.0
2018-12-20 17:16,6225.25,6227.5,6213.75,6215.75,78.0
2018-12-20 17:17,6214.0,6226.5,6208.0,6225.0,94.0
2018-12-20 17:18,6226.5,6232.75,6221.75,6223.5,83.0
2018-12-20 17:19,6221.5,6244.5,6217.25,6241.75,105.0
2018-12-20 17:20,6242.75,6248.0,6235.0,6243.0,119.0
2018-12-20 17:21,6243.0,6250.25,6240.5,6247.0,89.0
2018-12-20 17:22,6247.5,6248.75,6241.25,6246.5,148.0
2018-12-20 17:23,6247.25,6247.25,6238.25,6241.75,73.0
2018-12-20 17:24,6243.0,6250.0,6242.25,6249.5,32.0
2018-12-20 17:25,6247.0,6260.0,6246.5,6257.5,77.0
2018-12-20 17:26,6258.25,6268.0,6258.0,6263.75,181.0
2018-12-20 17:27,6264.25,6268.25,6262.0,6264.5,81.0
2018-12-20 17:28,6267.5,6270.0,6263.25,6269.0,52.0
2018-12-20 17:29,6268.0,6273.5,6267.0,6273.0,30.0
2018-12-20 17:30,6269.75,6281.25,6268.0,6278.0,71.0
2018-12-20 17:31,6275.0,6275.75,6266.5,6267.5,59.0
2018-12-20 17:32,6268.0,6268.25,6261.25,6265.0,44.0
2018-12-20 17:33,6265.5,6268.5,6261.25,6262.5,37.0
2018-12-20 17:34,6265.5,6273.5,6265.5,6267.0,70.0
2018-12-20 17:35,6263.5,6273.25,6253.0,6260.75,287.0
2018-12-20 17:36,6259.75,6262.75,6254.75,6257.75,133.0
2018-12-20 17:37,6259.5,6261.75,6257.5,6260.75,29.0
2018-12-20 17:38,6262.0,6262.5,6251.0,6253.5,37.0
2018-12-20 17:39,6253.0,6257.75,6253.0,6257.25,36.0
2018-12-20 17:40,6250.5,6251.75,6234.5,6237.5,82.0
2018-12-20 17:41,6236.5,6248.0,6234.25,6248.0,62.0
2018-12-20 17:42,6247.5,6255.5,6246.25,6251.75,72.0
2018-12-20 17:43,6247.75,6255.0,6245.25,6250.25,71.0
2018-12-20 17:44,6249.5,6249.5,6238.75,6239.25,31.0
2018-12-20 17:45,6242.25,6242.75,6234.0,6242.5,70.0
2018-12-20 17:46,6242.0,6242.5,6234.75,6240.25,25.0
2018-12-20 17:47,6242.0,6248.0,6240.25,6241.0,53.0
2018-12-20 17:48,6240.25,6242.5,6234.5,6236.75,17.0
2018-12-20 17:49,6237.75,6248.0,6237.75,6243.25,34.0
2018-12-20 17:50,6243.25,6253.5,6243.25,6245.25,81.0
2018-12-20 17:51,6249.25,6250.25,6242.75,6244.75,42.0
2018-12-20 17:52,6246.0,6247.25,6240.25,6240.25,17.0
2018-12-20 17:53,6243.75,6250.0,6236.25,6250.0,76.0
2018-12-20 17:54,6247.75,6247.75,6240.75,6243.25,11.0
2018-12-20 17:55,6240.25,6240.75,6234.0,6236.75,74.0
2018-12-20 17:56,6235.25,6244.0,6233.0,6244.0,106.0
2018-12-20 17:57,6243.25,6260.5,6243.0,6258.5,115.0
2018-12-20 17:58,6260.25,6266.75,6259.5,6262.5,89.0
2018-12-20 17:59,6266.25,6270.0,6262.5,6262.5,32.0
2018-12-20 18:00,6266.0,6266.25,6253.75,6256.75,38.0
2018-12-20 18:01,6255.0,6258.0,6247.5,6253.5,86.0
2018-12-20 18:02,6250.75,6250.75,6243.5,6247.0,216.0
2018-12-20 18:03,6247.0,6250.25,6240.0,6240.0,90.0
2018-12-20 18:04,6241.25,6247.0,6241.25,6245.75,14.0
2018-12-20 18:05,6246.75,6251.75,6246.75,6251.0,28.0
2018-12-20 18:06,6254.0,6256.25,6247.75,6247.75,24.0
2018-12-20 18:07,6252.25,6252.75,6240.5,6240.5,26.0
2018-12-20 18:08,6241.5,6242.5,6234.75,6236.25,45.0
2018-12-20 18:09,6234.25,6239.0,6232.5,6235.5,108.0
2018-12-20 18:10,6233.25,6233.25,6222.5,6230.5,93.0
2018-12-20 18:11,6230.75,6233.0,6227.25,6233.0,16.0
2018-12-20 18:12,6229.75,6240.5,6228.5,6237.25,69.0
2018-12-20 18:13,6235.0,6244.75,6235.0,6244.75,33.0
2018-12-20 18:14,6245.0,6251.75,6242.5,6244.5,43.0
2018-12-20 18:15,6244.5,6251.25,6244.5,6248.25,91.0
2018-12-20 18:16,6248.5,6255.75,6247.25,6254.5,43.0
2018-12-20 18:17,6256.0,6259.75,6249.75,6249.75,26.0
2018-12-20 18:18,6252.25,6252.5,6246.5,6248.25,29.0
2018-12-20 18:19,6247.0,6249.25,6243.0,6247.0,51.0
2018-12-20 18:20,6244.5,6256.5,6242.0,6256.5,34.0
2018-12-20 18:21,6255.75,6261.75,6239.25,6240.75,50.0
2018-12-20 18:22,6239.75,6246.75,6235.25,6242.75,27.0
2018-12-20 18:23,6240.75,6240.75,6235.25,6235.25,23.0
2018-12-20 18:24,6234.25,6249.75,6234.25,6244.5,45.0
2018-12-20 18:25,6247.5,6258.25,6247.5,6255.75,54.0
2018-12-20 18:26,6252.75,6252.75,6246.0,6246.0,14.0
2018-12-20 18:27,6244.75,6248.0,6244.0,6247.5,10.0
2018-12-20 18:28,6243.5,6255.5,6243.5,6255.5,51.0
2018-12-20 18:29,6252.5,6252.5,6241.0,6243.25,27.0
2018-12-20 18:30,6244.25,6246.0,6236.0,6241.0,161.0
2018-12-20 18:31,6242.0,6244.5,6235.25,6239.25,56.0
2018-12-20 18:32,6235.5,6243.75,6233.75,6236.75,75.0
2018-12-20 18:33,6236.75,6236.75,6228.75,6228.75,22.0
2018-12-20 18:34,6232.25,6241.5,6232.25,6234.5,85.0
2018-12-20 18:35,6234.75,6240.25,6228.25,6230.5,59.0
2018-12-20 18:36,6229.0,6229.0,6224.25,6228.75,99.0
2018-12-20 18:37,6227.25,6229.25,6222.75,6229.25,27.0
2018-12-20 18:38,6230.0,6242.25,6230.0,6240.75,46.0
2018-12-20 18:39,6240.75,6247.0,6238.5,6238.5,31.0
2018-12-20 18:40,6239.25,6240.0,6234.25,6237.0,53.0
2018-12-20 18:41,6232.25,6232.25,6213.5,6220.5,140.0
2018-12-20 18:42,6219.75,6223.25,6214.75,6223.25,40.0
2018-12-20 18:43,6224.0,6229.75,6222.0,6226.25,49.0
2018-12-20 18:44,6229.0,6241.5,6229.0,6240.75,143.0
2018-12-20 18:45,6237.75,6238.0,6232.75,6237.0,135.0
2018-12-20 18:46,6231.75,6235.0,6229.25,6233.5,47.0
2018-12-20 18:47,6231.5,6246.5,6231.5,6244.5,83.0
2018-12-20 18:48,6246.0,6248.0,6240.0,6240.25,58.0
2018-12-20 18:49,6241.25,6245.0,6239.5,6240.75,42.0
2018-12-20 18:50,6238.5,6238.5,6233.75,6234.5,53.0
2018-12-20 18:51,6234.0,6234.0,6221.5,6228.0,71.0
2018-12-20 18:52,6228.75,6235.25,6228.75,6234.25,43.0
2018-12-20 18:53,6234.75,6234.75,6229.75,6233.0,11.0
2018-12-20 18:54,6233.5,6233.75,6223.75,6223.75,27.0
2018-12-20 18:55,6225.0,6226.5,6221.25,6223.5,29.0
2018-12-20 18:56,6225.25,6235.25,6225.25,6235.25,46.0
2018-12-20 18:57,6233.25,6233.25,6224.25,6224.25,52.0
2018-12-20 18:58,6224.25,6227.0,6219.75,6221.25,89.0
2018-12-20 18:59,6220.0,6223.25,6216.75,6219.5,16.0
2018-12-20 19:00,6222.75,6227.0,6216.75,6216.75,70.0
2018-12-20 19:01,6218.75,6220.5,6213.25,6219.75,96.0
2018-12-20 19:02,6214.5,6214.5,6201.75,6207.0,131.0
2018-12-20 19:03,6204.75,6208.5,6184.25,6191.5,335.0
2018-12-20 19:04,6191.75,6201.75,6191.75,6198.25,66.0
2018-12-20 19:05,6201.0,6208.0,6196.25,6205.25,79.0
2018-12-20 19:06,6209.5,6212.25,6203.25,6203.25,61.0
2018-12-20 19:07,6200.25,6202.5,6195.0,6199.75,176.0
2018-12-20 19:08,6196.0,6200.75,6194.0,6199.25,52.0
2018-12-20 19:09,6200.75,6201.25,6196.25,6198.0,22.0
2018-12-20 19:10,6194.25,6194.25,6174.25,6174.25,135.0
2018-12-20 19:11,6177.25,6183.0,6173.25,6173.25,70.0
2018-12-20 19:12,6176.0,6177.0,6161.75,6163.5,163.0
2018-12-20 19:13,6163.75,6168.75,6162.0,6165.0,89.0
2018-12-20 19:14,6166.0,6187.75,6165.5,6185.75,180.0
2018-12-20 19:15,6187.5,6190.75,6183.75,6188.25,39.0
2018-12-20 19:16,6189.0,6190.5,6182.25,6186.75,64.0
2018-12-20 19:17,6186.0,6187.75,6179.25,6180.5,72.0
2018-12-20 19:18,6181.5,6187.25,6176.75,6180.75,62.0
2018-12-20 19:19,6179.25,6179.25,6166.5,6166.5,46.0
2018-12-20 19:20,6168.0,6177.75,6167.5,6177.75,75.0
2018-12-20 19:21,6177.0,6184.25,6176.25,6184.25,62.0
2018-12-20 19:22,6185.0,6197.0,6185.0,6197.0,64.0
2018-12-20 19:23,6197.25,6213.5,6197.25,6207.0,133.0
2018-12-20 19:24,6206.25,6206.25,6196.75,6202.75,36.0
2018-12-20 19:25,6204.75,6221.25,6204.75,6216.0,106.0
2018-12-20 19:26,6216.5,6219.0,6213.0,6219.0,38.0
2018-12-20 19:27,6217.75,6219.25,6213.25,6213.25,17.0
2018-12-20 19:28,6212.5,6213.75,6208.5,6210.25,23.0
2018-12-20 19:29,6210.25,6236.25,6210.0,6233.0,162.0
2018-12-20 19:30,6232.0,6248.25,6231.25,6240.0,59.0
2018-12-20 19:31,6239.5,6241.25,6233.0,6234.75,35.0
2018-12-20 19:32,6232.0,6234.0,6224.25,6231.75,41.0
2018-12-20 19:33,6230.5,6238.5,6228.75,6234.0,35.0
2018-12-20 19:34,6233.75,6236.25,6231.0,6236.25,31.0
2018-12-20 19:35,6236.5,6254.0,6234.75,6254.0,55.0
2018-12-20 19:36,6256.5,6260.75,6251.25,6251.5,124.0
2018-12-20 19:37,6254.0,6256.0,6246.25,6247.5,34.0
2018-12-20 19:38,6248.75,6249.25,6239.25,6241.75,63.0
2018-12-20 19:39,6243.0,6243.0,6235.75,6235.75,29.0
2018-12-20 19:40,6237.25,6246.25,6235.0,6240.75,51.0
2018-12-20 19:41,6243.25,6257.0,6242.25,6253.0,83.0
2018-12-20 19:42,6253.0,6265.75,6253.0,6262.5,54.0
2018-12-20 19:43,6265.0,6266.25,6249.5,6253.0,107.0
2018-12-20 19:44,6250.5,6280.0,6250.25,6272.25,256.0
2018-12-20 19:45,6272.25,6284.5,6272.25,6280.5,132.0
2018-12-20 19:46,6279.0,6279.0,6266.75,6268.5,151.0
2018-12-20 19:47,6269.75,6270.0,6264.0,6269.0,26.0
2018-12-20 19:48,6272.0,6281.75,6272.0,6279.75,130.0
2018-12-20 19:49,6278.25,6298.75,6278.25,6294.0,178.0
2018-12-20 19:50,6291.0,6291.75,6279.75,6283.5,152.0
2018-12-20 19:51,6282.0,6288.75,6275.5,6281.25,56.0
2018-12-20 19:52,6282.25,6283.25,6279.25,6280.25,26.0
2018-12-20 19:53,6280.0,6281.0,6267.75,6271.5,83.0
2018-12-20 19:54,6270.25,6278.0,6269.0,6270.0,45.0
2018-12-20 19:55,6269.25,6272.25,6255.0,6255.0,108.0
2018-12-20 19:56,6253.0,6264.0,6249.25,6258.75,162.0
2018-12-20 19:57,6260.75,6262.75,6250.0,6254.25,69.0
2018-12-20 19:58,6253.0,6264.75,6253.0,6261.75,28.0
2018-12-20 19:59,6260.25,6265.0,6254.75,6263.5,36.0
2018-12-20 20:00,6263.25,6264.25,6253.0,6258.0,59.0
2018-12-20 20:01,6255.75,6257.25,6251.0,6254.75,26.0
2018-12-20 20:02,6254.0,6262.5,6250.0,6250.5,36.0
2018-12-20 20:03,6250.75,6259.25,6245.75,6245.75,66.0
2018-12-20 20:04,6244.5,6247.75,6240.0,6243.75,58.0
2018-12-20 20:05,6244.75,6251.0,6241.5,6246.0,88.0
2018-12-20 20:06,6244.5,6250.5,6228.75,6236.25,258.0
2018-12-20 20:07,6234.75,6254.5,6234.75,6249.5,81.0
2018-12-20 20:08,6250.5,6263.25,6250.5,6261.75,51.0
2018-12-20 20:09,6263.5,6270.75,6262.5,6264.75,96.0
2018-12-20 20:10,6265.5,6268.25,6260.0,6260.0,27.0
2018-12-20 20:11,6261.75,6264.0,6253.5,6258.75,38.0
2018-12-20 20:12,6259.0,6274.25,6259.0,6274.25,86.0
2018-12-20 20:13,6275.25,6284.0,6275.25,6276.5,95.0
2018-12-20 20:14,6279.0,6280.25,6266.0,6280.25,59.0
2018-12-20 20:15,6282.25,6282.25,6267.25,6271.75,35.0
2018-12-20 20:16,6270.0,6272.75,6262.75,6266.75,46.0
2018-12-20 20:17,6262.5,6275.25,6261.0,6274.5,88.0
2018-12-20 20:18,6271.5,6273.75,6267.25,6272.5,23.0
2018-12-20 20:19,6270.25,6270.25,6260.0,6260.25,44.0
2018-12-20 20:20,6259.25,6276.25,6258.25,6275.25,79.0
2018-12-20 20:21,6272.25,6275.25,6268.25,6275.25,39.0
2018-12-20 20:22,6273.0,6291.0,6273.0,6289.0,85.0
2018-12-20 20:23,6285.75,6290.0,6282.25,6287.25,70.0
2018-12-20 20:24,6286.75,6296.0,6286.75,6290.5,31.0
2018-12-20 20:25,6290.25,6290.5,6285.0,6288.5,21.0
2018-12-20 20:26,6287.25,6287.25,6276.75,6276.75,24.0
2018-12-20 20:27,6279.5,6284.25,6274.75,6276.0,57.0
2018-12-20 20:28,6276.0,6276.0,6266.25,6270.75,59.0
2018-12-20 20:29,6272.0,6272.75,6259.5,6259.5,44.0
2018-12-20 20:30,6259.75,6267.75,6259.75,6267.75,139.0
2018-12-20 20:31,6267.75,6273.25,6261.25,6264.0,37.0
2018-12-20 20:32,6267.75,6276.5,6267.75,6270.5,53.0
2018-12-20 20:33,6268.0,6277.0,6267.75,6273.0,55.0
2018-12-20 20:34,6273.25,6276.0,6264.0,6271.5,50.0
2018-12-20 20:35,6269.25,6275.0,6265.5,6268.25,71.0
2018-12-20 20:36,6270.0,6282.5,6270.0,6281.0,76.0
2018-12-20 20:37,6282.5,6285.75,6280.75,6283.5,40.0
2018-12-20 20:38,6280.5,6281.75,6273.25,6279.25,82.0
2018-12-20 20:39,6279.75,6285.5,6274.0,6276.5,42.0
2018-12-20 20:40,6274.5,6282.0,6273.25,6280.0,111.0
2018-12-20 20:41,6280.5,6283.0,6271.25,6271.25,62.0
2018-12-20 20:42,6270.0,6272.0,6257.75,6262.5,121.0
2018-12-20 20:43,6263.0,6266.0,6253.75,6258.0,163.0
2018-12-20 20:44,6261.0,6261.5,6242.75,6243.75,94.0
2018-12-20 20:45,6243.75,6254.25,6234.25,6250.25,96.0
2018-12-20 20:46,6248.25,6248.25,6240.75,6246.25,98.0
2018-12-20 20:47,6245.75,6251.0,6240.75,6242.25,118.0
2018-12-20 20:48,6240.5,6240.5,6234.75,6240.25,61.0
2018-12-20 20:49,6238.5,6251.5,6238.5,6240.75,144.0
2018-12-20 20:50,6241.0,6245.0,6231.5,6231.5,124.0
2018-12-20 20:51,6233.0,6233.0,6221.75,6221.75,71.0
2018-12-20 20:52,6221.0,6225.75,6218.75,6218.75,63.0
2018-12-20 20:53,6222.0,6231.25,6220.5,6226.75,107.0
2018-12-20 20:54,6228.25,6233.25,6226.5,6228.75,65.0
2018-12-20 20:55,6228.0,6239.0,6222.25,6238.25,323.0
2018-12-20 20:56,6237.25,6240.0,6233.75,6238.5,73.0
2018-12-20 20:57,6234.75,6234.75,6229.0,6232.0,162.0
2018-12-20 20:58,6232.5,6240.75,6230.75,6239.0,230.0
2018-12-20 20:59,6238.75,6247.5,6233.5,6246.25,1122.0
2018-12-20 21:00,6244.75,6260.25,6235.5,6257.75,229.0
2018-12-20 21:01,6259.0,6280.0,6259.0,6272.75,67.0
2018-12-20 21:02,6274.5,6279.25,6273.0,6275.75,67.0
2018-12-20 21:03,6274.5,6281.75,6274.5,6281.75,83.0
2018-12-20 21:04,6281.75,6283.5,6274.0,6274.0,26.0
2018-12-20 21:05,6274.0,6275.75,6263.75,6265.25,82.0
2018-12-20 21:06,6265.0,6270.25,6265.0,6270.25,15.0
2018-12-20 21:07,6273.0,6276.0,6273.0,6273.25,33.0
2018-12-20 21:08,6267.75,6274.0,6267.75,6269.75,20.0
2018-12-20 21:09,6269.75,6279.25,6269.75,6278.5,67.0
2018-12-20 21:10,6278.5,6288.75,6278.5,6288.0,80.0
2018-12-20 21:11,6288.0,6288.0,6285.5,6285.5,38.0
2018-12-20 21:12,6285.5,6296.75,6285.5,6292.5,77.0
2018-12-20 21:13,6290.25,6300.5,6290.25,6292.0,98.0
2018-12-20 21:14,6294.25,6311.25,6294.25,6310.25,105.0
2018-12-20 21:30,6302.0,6305.25,6297.25,6305.25,34.0
2018-12-20 21:31,6305.25,6308.75,6302.0,6307.25,18.0
2018-12-20 21:32,6308.5,6308.75,6304.25,6304.25,6.0
2018-12-20 21:33,6302.25,6304.75,6302.25,6302.75,20.0
2018-12-20 21:34,6301.25,6301.25,6296.0,6297.5,25.0
2018-12-20 21:35,6296.0,6298.25,6296.0,6298.25,5.0
2018-12-20 21:36,6293.0,6294.0,6289.5,6290.5,18.0
2018-12-20 21:37,6290.5,6292.75,6290.5,6292.75,10.0
2018-12-20 21:38,6292.25,6294.25,6292.25,6294.25,6.0
2018-12-20 21:39,6294.25,6302.75,6294.25,6299.75,21.0
2018-12-20 21:40,6301.25,6301.5,6299.75,6299.75,4.0
2018-12-20 21:41,6300.0,6300.0,6300.0,6300.0,1.0
2018-12-20 21:42,6300.75,6301.5,6300.0,6301.5,5.0
2018-12-20 21:43,6301.5,6301.5,6295.5,6295.5,8.0
2018-12-20 21:44,6295.25,6296.25,6295.25,6296.25,6.0
2018-12-20 21:45,6292.5,6295.75,6292.0,6294.5,8.0
2018-12-20 21:46,6294.75,6296.75,6294.75,6296.5,13.0
2018-12-20 21:47,6295.25,6295.25,6295.25,6295.25,1.0
2018-12-20 21:48,6295.5,6298.25,6295.5,6295.75,10.0
2018-12-20 21:49,6296.25,6296.5,6294.25,6296.0,5.0
2018-12-20 21:50,6294.25,6298.75,6294.25,6298.75,7.0
2018-12-20 21:52,6299.0,6303.25,6299.0,6300.75,14.0
2018-12-20 21:53,6300.75,6300.75,6300.0,6300.0,3.0
2018-12-20 21:54,6298.25,6298.75,6297.0,6297.0,7.0
2018-12-20 21:55,6298.5,6300.0,6298.5,6300.0,18.0
2018-12-20 21:56,6300.0,6304.25,6300.0,6304.25,15.0
2018-12-20 21:57,6304.25,6304.5,6304.25,6304.5,5.0
2018-12-20 21:58,6306.0,6307.5,6306.0,6307.5,3.0
2018-12-20 21:59,6306.5,6306.5,6306.5,6306.5,2.0
2018-12-20 23:00,6307.5,6307.5,6299.5,6305.0,10.0
2018-12-20 23:01,6305.5,6311.5,6305.25,6310.0,23.0
2018-12-20 23:02,6306.0,6311.75,6304.0,6311.75,11.0
2018-12-20 23:03,6308.0,6309.25,6308.0,6309.25,10.0
2018-12-20 23:04,6310.5,6310.5,6310.5,6310.5,2.0
2018-12-20 23:05,6308.5,6308.5,6308.5,6308.5,5.0
2018-12-20 23:06,6307.5,6307.5,6306.5,6306.5,6.0
2018-12-20 23:07,6310.0,6310.0,6310.0,6310.0,1.0
2018-12-20 23:08,6310.0,6311.75,6310.0,6311.75,2.0
2018-12-20 23:11,6315.0,6317.75,6315.0,6315.0,6.0
2018-12-20 23:12,6315.0,6315.0,6315.0,6315.0,1.0
2018-12-20 23:13,6315.25,6315.25,6313.25,6313.25,4.0
2018-12-20 23:16,6315.5,6315.5,6315.5,6315.5,1.0
2018-12-20 23:17,6315.0,6315.0,6315.0,6315.0,1.0
2018-12-20 23:19,6313.0,6313.5,6313.0,6313.5,5.0
2018-12-20 23:28,6312.25,6312.25,6312.25,6312.25,1.0
2018-12-20 23:30,6311.25,6311.25,6310.5,6311.0,3.0
2018-12-20 23:31,6310.0,6310.0,6308.5,6308.5,4.0
2018-12-20 23:32,6307.0,6307.0,6305.25,6305.25,7.0
2018-12-20 23:33,6304.5,6304.5,6303.5,6303.5,5.0
2018-12-20 23:35,6303.75,6303.75,6299.5,6299.5,8.0
2018-12-20 23:37,6302.25,6302.25,6302.25,6302.25,1.0
2018-12-20 23:38,6299.5,6299.5,6299.5,6299.5,2.0
2018-12-20 23:40,6299.5,6299.5,6298.5,6298.5,3.0
2018-12-20 23:42,6301.75,6301.75,6301.75,6301.75,1.0
2018-12-20 23:45,6300.25,6300.25,6300.25,6300.25,1.0
2018-12-20 23:47,6298.5,6300.25,6298.5,6300.25,2.0
2018-12-20 23:49,6294.5,6294.5,6290.75,6290.75,5.0
2018-12-20 23:50,6292.0,6292.0,6292.0,6292.0,5.0
2018-12-20 23:51,6291.0,6294.75,6291.0,6294.75,6.0
2018-12-20 23:53,6293.0,6293.0,6293.0,6293.0,1.0
2018-12-20 23:55,6293.0,6293.0,6293.0,6293.0,1.0
2018-12-20 23:56,6292.75,6294.75,6292.75,6293.25,3.0
2018-12-20 23:57,6295.0,6295.5,6293.75,6295.5,4.0
2018-12-20 23:58,6293.5,6293.5,6289.25,6289.25,4.0
2018-12-20 23:59,6293.0,6293.0,6293.0,6293.0,1.0
2018-12-21 00:00,6292.0,6292.0,6292.0,6292.0,1.0
2018-12-21 00:02,6289.0,6289.75,6287.0,6287.0,6.0
2018-12-21 00:03,6288.0,6288.0,6285.75,6285.75,5.0
2018-12-21 00:07,6280.25,6280.75,6279.5,6280.75,3.0
2018-12-21 00:08,6286.0,6286.0,6286.0,6286.0,1.0
2018-12-21 00:12,6289.25,6289.25,6289.25,6289.25,1.0
2018-12-21 00:13,6288.5,6291.0,6288.5,6291.0,4.0
2018-12-21 00:14,6292.0,6292.0,6292.0,6292.0,1.0
2018-12-21 00:15,6291.5,6291.5,6291.5,6291.5,1.0
2018-12-21 00:16,6290.5,6290.5,6290.5,6290.5,1.0
2018-12-21 00:17,6292.25,6296.0,6292.25,6296.0,3.0
2018-12-21 00:18,6295.5,6295.5,6293.25,6293.25,2.0
2018-12-21 00:22,6293.25,6293.25,6293.25,6293.25,1.0
2018-12-21 00:24,6286.5,6286.5,6280.75,6280.75,5.0
2018-12-21 00:25,6279.75,6282.0,6278.25,6281.25,4.0
2018-12-21 00:26,6283.0,6283.0,6283.0,6283.0,1.0
2018-12-21 00:30,6285.5,6289.25,6285.5,6289.25,2.0
2018-12-21 00:32,6289.25,6289.25,6289.25,6289.25,1.0
2018-12-21 00:34,6288.0,6288.0,6288.0,6288.0,1.0
2018-12-21 00:37,6287.25,6287.25,6287.0,6287.0,2.0
2018-12-21 00:38,6286.0,6286.0,6286.0,6286.0,2.0
2018-12-21 00:40,6286.0,6286.0,6286.0,6286.0,1.0
2018-12-21 00:43,6286.0,6286.0,6286.0,6286.0,2.0
2018-12-21 00:45,6291.0,6291.25,6288.25,6288.25,3.0
2018-12-21 00:46,6291.0,6291.0,6291.0,6291.0,1.0
2018-12-21 00:47,6285.0,6285.0,6285.0,6285.0,1.0
2018-12-21 00:49,6285.0,6285.0,6285.0,6285.0,1.0
2018-12-21 00:50,6285.0,6285.0,6285.0,6285.0,6.0
2018-12-21 00:51,6283.5,6283.5,6282.25,6282.25,2.0
2018-12-21 00:52,6282.25,6282.25,6281.75,6281.75,2.0
2018-12-21 00:53,6281.75,6281.75,6281.75,6281.75,1.0
2018-12-21 00:54,6283.5,6284.75,6283.5,6284.75,9.0
2018-12-21 00:55,6289.0,6289.0,6288.5,6288.75,9.0
2018-12-21 00:57,6287.25,6287.25,6287.25,6287.25,1.0
2018-12-21 00:58,6287.25,6287.25,6287.25,6287.25,1.0
2018-12-21 00:59,6288.25,6289.0,6288.25,6289.0,5.0
2018-12-21 01:00,6286.5,6289.0,6286.0,6289.0,11.0
2018-12-21 01:01,6290.5,6291.0,6290.5,6291.0,11.0
2018-12-21 01:04,6293.0,6293.0,6292.5,6292.5,3.0
2018-12-21 01:07,6295.0,6295.0,6295.0,6295.0,1.0
2018-12-21 01:08,6297.75,6297.75,6297.75,6297.75,9.0
2018-12-21 01:09,6298.5,6300.0,6298.5,6300.0,9.0
2018-12-21 01:10,6299.5,6302.0,6299.5,6300.0,7.0
2018-12-21 01:11,6296.75,6296.75,6296.5,6296.5,2.0
2018-12-21 01:12,6296.0,6296.0,6296.0,6296.0,1.0
2018-12-21 01:13,6300.5,6300.75,6300.5,6300.75,3.0
2018-12-21 01:14,6300.75,6300.75,6300.75,6300.75,4.0
2018-12-21 01:16,6300.0,6300.75,6300.0,6300.75,15.0
2018-12-21 01:17,6300.75,6301.5,6297.5,6301.5,4.0
2018-12-21 01:18,6303.5,6303.5,6301.0,6301.0,2.0
2018-12-21 01:19,6302.0,6302.0,6302.0,6302.0,1.0
2018-12-21 01:20,6301.25,6301.25,6301.25,6301.25,5.0
2018-12-21 01:23,6300.0,6300.0,6295.0,6297.0,6.0
2018-12-21 01:24,6299.0,6299.0,6299.0,6299.0,4.0
2018-12-21 01:25,6296.0,6296.0,6294.25,6294.25,2.0
2018-12-21 01:26,6298.75,6301.25,6297.5,6301.25,9.0
2018-12-21 01:27,6298.5,6298.5,6298.5,6298.5,2.0
2018-12-21 01:31,6294.25,6294.25,6290.0,6290.0,4.0
2018-12-21 01:32,6289.25,6289.25,6288.0,6288.0,2.0
2018-12-21 01:33,6288.5,6288.5,6288.0,6288.0,5.0
2018-12-21 01:34,6288.0,6288.0,6287.5,6287.5,2.0
2018-12-21 01:35,6287.5,6287.5,6287.5,6287.5,1.0
2018-12-21 01:37,6291.75,6291.75,6291.75,6291.75,1.0
2018-12-21 01:38,6293.0,6293.0,6293.0,6293.0,1.0
2018-12-21 01:39,6291.0,6291.0,6291.0,6291.0,1.0
2018-12-21 01:41,6289.5,6289.5,6289.5,6289.5,1.0
2018-12-21 01:42,6286.75,6286.75,6285.5,6285.5,3.0
2018-12-21 01:44,6285.5,6285.5,6285.0,6285.0,2.0
2018-12-21 01:46,6285.0,6285.0,6285.0,6285.0,1.0
2018-12-21 01:47,6288.0,6288.0,6288.0,6288.0,1.0
2018-12-21 01:48,6284.0,6284.0,6283.5,6283.5,2.0
2018-12-21 01:49,6282.0,6283.0,6279.0,6282.0,9.0
2018-12-21 01:50,6280.5,6282.75,6280.5,6282.75,7.0
2018-12-21 01:51,6280.5,6283.0,6280.5,6281.75,8.0
2018-12-21 01:52,6284.75,6286.25,6283.75,6284.0,8.0
2018-12-21 01:53,6281.75,6283.0,6281.25,6282.25,5.0
2018-12-21 01:54,6281.25,6283.0,6280.75,6283.0,20.0
2018-12-21 01:55,6281.0,6282.75,6280.5,6282.25,20.0
2018-12-21 01:56,6280.0,6282.0,6276.25,6279.5,40.0
2018-12-21 01:57,6278.75,6281.25,6278.75,6281.25,20.0
2018-12-21 01:58,6275.5,6275.5,6275.5,6275.5,1.0
2018-12-21 01:59,6276.5,6276.5,6276.5,6276.5,1.0
2018-12-21 02:00,6275.5,6275.5,6274.0,6274.0,2.0
2018-12-21 02:01,6274.0,6277.5,6274.0,6277.5,2.0
2018-12-21 02:03,6274.5,6275.25,6272.5,6272.5,6.0
2018-12-21 02:04,6270.75,6272.75,6270.75,6272.5,3.0
2018-12-21 02:06,6275.5,6275.5,6275.5,6275.5,1.0
2018-12-21 02:07,6279.0,6280.25,6279.0,6280.25,4.0
2018-12-21 02:08,6280.0,6280.25,6280.0,6280.25,2.0
2018-12-21 02:09,6277.0,6277.0,6277.0,6277.0,1.0
2018-12-21 02:14,6277.0,6277.0,6277.0,6277.0,1.0
2018-12-21 02:15,6278.0,6279.5,6278.0,6279.5,3.0
2018-12-21 02:16,6280.5,6280.5,6280.5,6280.5,1.0
2018-12-21 02:17,6280.5,6280.5,6280.5,6280.5,2.0
2018-12-21 02:20,6280.25,6281.5,6280.25,6281.5,2.0
2018-12-21 02:26,6278.75,6278.75,6278.75,6278.75,1.0
2018-12-21 02:27,6276.75,6276.75,6276.75,6276.75,1.0
2018-12-21 02:28,6276.75,6280.0,6276.75,6280.0,13.0
2018-12-21 02:29,6281.5,6281.5,6281.5,6281.5,3.0
2018-12-21 02:30,6283.5,6284.0,6283.5,6284.0,2.0
2018-12-21 02:32,6285.0,6285.0,6285.0,6285.0,1.0
2018-12-21 02:33,6285.0,6286.75,6285.0,6286.0,8.0
2018-12-21 02:34,6286.25,6286.25,6285.0,6285.0,2.0
2018-12-21 02:36,6286.5,6291.75,6286.5,6291.75,25.0
2018-12-21 02:39,6285.0,6286.0,6283.5,6286.0,8.0
2018-12-21 02:40,6284.25,6284.25,6284.25,6284.25,6.0
2018-12-21 02:43,6289.5,6290.5,6289.5,6290.5,5.0
2018-12-21 02:44,6291.0,6293.25,6291.0,6293.25,7.0
2018-12-21 02:45,6294.5,6294.5,6294.5,6294.5,1.0
2018-12-21 02:46,6294.75,6294.75,6294.75,6294.75,2.0
2018-12-21 02:47,6293.5,6293.75,6293.5,6293.75,5.0
2018-12-21 02:48,6293.5,6293.75,6293.5,6293.75,16.0
2018-12-21 02:50,6289.5,6289.5,6289.5,6289.5,1.0
2018-12-21 02:51,6289.25,6290.0,6289.25,6290.0,2.0
2018-12-21 02:52,6289.0,6289.0,6289.0,6289.0,1.0
2018-12-21 02:54,6287.25,6288.25,6287.25,6288.25,4.0
2018-12-21 02:55,6288.0,6288.0,6286.25,6286.25,2.0
2018-12-21 02:56,6286.0,6291.5,6286.0,6291.5,2.0
2018-12-21 02:57,6287.0,6287.0,6287.0,6287.0,1.0
2018-12-21 02:58,6287.5,6287.5,6287.5,6287.5,1.0
2018-12-21 03:00,6287.25,6287.25,6287.25,6287.25,1.0
2018-12-21 03:01,6283.25,6283.25,6282.5,6282.5,2.0
2018-12-21 03:03,6284.5,6285.0,6284.5,6285.0,2.0
2018-12-21 03:07,6285.0,6285.0,6285.0,6285.0,2.0
2018-12-21 03:08,6283.25,6283.25,6281.75,6281.75,3.0
2018-12-21 03:09,6281.75,6281.75,6281.75,6281.75,2.0
2018-12-21 03:10,6281.75,6283.25,6280.75,6281.75,44.0
2018-12-21 03:11,6280.75,6280.75,6278.25,6278.25,22.0
2018-12-21 03:12,6278.0,6280.75,6278.0,6280.75,21.0
2018-12-21 03:14,6279.0,6279.0,6279.0,6279.0,11.0
2018-12-21 03:15,6278.25,6278.25,6278.25,6278.25,1.0
2018-12-21 03:17,6282.5,6282.5,6282.5,6282.5,1.0
2018-12-21 03:18,6280.25,6283.0,6280.25,6283.0,2.0
2018-12-21 03:19,6283.0,6283.0,6283.0,6283.0,1.0
2018-12-21 03:22,6286.0,6290.0,6286.0,6290.0,11.0
2018-12-21 03:23,6290.0,6290.0,6290.0,6290.0,9.0
2018-12-21 03:24,6290.0,6293.25,6290.0,6293.25,12.0
2018-12-21 03:28,6287.75,6287.75,6287.75,6287.75,3.0
2018-12-21 03:30,6286.25,6286.25,6286.25,6286.25,1.0
2018-12-21 03:32,6286.0,6288.75,6286.0,6288.75,2.0
2018-12-21 03:34,6289.5,6290.25,6289.5,6290.25,2.0
2018-12-21 03:35,6292.5,6292.5,6292.5,6292.5,1.0
2018-12-21 03:36,6299.0,6301.25,6298.75,6298.75,15.0
2018-12-21 03:37,6300.75,6300.75,6300.75,6300.75,1.0
2018-12-21 03:38,6299.5,6299.5,6299.5,6299.5,1.0
2018-12-21 03:39,6298.0,6298.0,6298.0,6298.0,22.0
2018-12-21 03:40,6298.25,6298.5,6297.0,6297.0,7.0
2018-12-21 03:41,6296.5,6297.25,6294.5,6294.5,3.0
2018-12-21 03:42,6293.75,6293.75,6291.5,6291.5,3.0
2018-12-21 03:44,6290.0,6290.0,6290.0,6290.0,5.0
2018-12-21 03:47,6288.0,6288.0,6287.25,6287.25,3.0
2018-12-21 03:48,6288.25,6291.0,6288.25,6291.0,2.0
2018-12-21 03:55,6286.5,6288.0,6286.25,6286.25,4.0
2018-12-21 03:58,6287.75,6289.25,6287.75,6289.25,3.0
2018-12-21 04:00,6290.25,6292.5,6290.25,6292.5,2.0
2018-12-21 04:02,6292.0,6292.0,6292.0,6292.0,1.0
2018-12-21 04:04,6292.25,6292.25,6292.25,6292.25,1.0
2018-12-21 04:06,6296.75,6296.75,6296.75,6296.75,1.0
2018-12-21 04:07,6293.25,6294.75,6293.25,6294.5,3.0
2018-12-21 04:08,6294.5,6296.25,6294.5,6295.75,3.0
2018-12-21 04:09,6296.75,6296.75,6296.0,6296.0,2.0
2018-12-21 04:12,6294.25,6294.25,6294.25,6294.25,1.0
2018-12-21 04:13,6294.0,6294.0,6294.0,6294.0,1.0
2018-12-21 04:18,6294.0,6294.0,6294.0,6294.0,1.0
2018-12-21 04:21,6291.75,6293.0,6291.0,6291.0,7.0
2018-12-21 04:24,6292.0,6293.0,6292.0,6293.0,2.0
2018-12-21 04:25,6294.0,6296.5,6294.0,6296.5,3.0
2018-12-21 04:26,6294.0,6294.0,6294.0,6294.0,1.0
2018-12-21 04:27,6291.25,6293.0,6291.25,6293.0,3.0
2018-12-21 04:29,6294.0,6294.0,6292.5,6292.5,2.0
2018-12-21 04:30,6292.25,6292.25,6292.25,6292.25,1.0
2018-12-21 04:31,6293.75,6294.25,6293.75,6294.25,2.0
2018-12-21 04:32,6289.0,6289.0,6289.0,6289.0,1.0
2018-12-21 04:33,6288.0,6288.0,6287.75,6287.75,2.0
2018-12-21 04:34,6290.25,6290.25,6290.25,6290.25,1.0
2018-12-21 04:35,6288.75,6290.25,6288.75,6289.75,5.0
2018-12-21 04:38,6290.5,6290.5,6290.5,6290.5,1.0
2018-12-21 04:43,6289.0,6289.0,6289.0,6289.0,2.0
2018-12-21 04:44,6289.75,6291.75,6289.75,6290.75,3.0
2018-12-21 04:45,6288.75,6290.25,6288.5,6290.25,6.0
2018-12-21 04:46,6289.0,6289.0,6289.0,6289.0,1.0
2018-12-21 04:48,6285.75,6285.75,6285.75,6285.75,2.0
2018-12-21 04:50,6285.0,6285.0,6281.5,6281.5,20.0
2018-12-21 04:51,6278.5,6278.5,6275.0,6276.25,73.0
2018-12-21 04:52,6277.25,6278.5,6277.25,6278.5,18.0
2018-12-21 04:53,6277.5,6277.5,6274.25,6274.25,56.0
2018-12-21 04:54,6273.25,6273.25,6272.25,6272.25,24.0
2018-12-21 04:55,6272.0,6276.5,6270.0,6276.5,44.0
2018-12-21 04:57,6276.5,6276.5,6276.5,6276.5,2.0
2018-12-21 05:03,6276.75,6276.75,6276.5,6276.5,5.0
2018-12-21 05:04,6275.5,6275.5,6275.5,6275.5,1.0
2018-12-21 05:05,6277.75,6277.75,6277.0,6277.25,17.0
2018-12-21 05:06,6278.5,6279.0,6278.5,6279.0,2.0
2018-12-21 05:07,6279.75,6279.75,6279.75,6279.75,1.0
2018-12-21 05:08,6277.25,6277.25,6275.75,6275.75,6.0
2018-12-21 05:09,6277.5,6277.5,6277.5,6277.5,6.0
2018-12-21 05:10,6279.5,6279.5,6279.0,6279.0,2.0
2018-12-21 05:12,6279.75,6284.25,6279.75,6284.25,2.0
2018-12-21 05:13,6284.25,6284.25,6284.25,6284.25,1.0
2018-12-21 05:14,6280.25,6280.25,6280.25,6280.25,1.0
2018-12-21 05:17,6281.5,6281.5,6281.5,6281.5,1.0
2018-12-21 05:23,6282.5,6282.5,6281.25,6281.25,2.0
2018-12-21 05:24,6281.25,6281.25,6279.75,6279.75,5.0
2018-12-21 05:25,6280.0,6282.0,6280.0,6282.0,4.0
2018-12-21 05:28,6283.0,6283.0,6283.0,6283.0,1.0
2018-12-21 05:29,6281.25,6281.25,6281.25,6281.25,1.0
2018-12-21 05:31,6284.25,6284.25,6284.25,6284.25,1.0
2018-12-21 05:33,6285.5,6285.5,6285.5,6285.5,1.0
2018-12-21 05:34,6283.75,6283.75,6283.75,6283.75,1.0
2018-12-21 05:35,6285.75,6285.75,6285.75,6285.75,1.0
2018-12-21 05:36,6286.0,6286.0,6286.0,6286.0,1.0
2018-12-21 05:42,6284.5,6284.5,6284.5,6284.5,1.0
2018-12-21 05:48,6283.25,6283.25,6283.25,6283.25,1.0
2018-12-21 05:50,6287.25,6287.25,6284.25,6285.75,3.0
2018-12-21 05:52,6287.0,6287.0,6286.25,6286.25,11.0
2018-12-21 05:54,6287.25,6287.25,6287.25,6287.25,1.0
2018-12-21 05:58,6288.0,6288.0,6288.0,6288.0,1.0
2018-12-21 06:05,6286.0,6286.0,6286.0,6286.0,3.0
2018-12-21 06:06,6288.25,6290.25,6288.25,6290.25,2.0
2018-12-21 06:11,6286.0,6286.0,6285.25,6285.25,8.0
2018-12-21 06:14,6281.25,6281.25,6281.25,6281.25,1.0
2018-12-21 06:18,6280.0,6280.0,6280.0,6280.0,1.0
2018-12-21 06:27,6280.0,6280.0,6280.0,6280.0,3.0
2018-12-21 06:30,6282.0,6282.0,6282.0,6282.0,1.0
2018-12-21 06:34,6282.75,6282.75,6282.75,6282.75,1.0
2018-12-21 06:39,6283.5,6283.5,6283.5,6283.5,1.0
2018-12-21 06:43,6287.25,6289.25,6287.25,6289.25,3.0
2018-12-21 06:55,6295.25,6298.0,6295.25,6297.0,7.0
2018-12-21 06:57,6296.75,6300.0,6296.75,6300.0,7.0
2018-12-21 06:58,6300.0,6300.0,6300.0,6300.0,1.0
2018-12-21 06:59,6300.0,6300.0,6300.0,6300.0,3.0
2018-12-21 07:03,6300.0,6300.0,6300.0,6300.0,1.0
2018-12-21 07:05,6297.5,6298.25,6297.5,6297.75,5.0
2018-12-21 07:07,6298.0,6298.0,6298.0,6298.0,1.0
2018-12-21 07:09,6295.0,6295.0,6295.0,6295.0,1.0
2018-12-21 07:10,6291.25,6291.25,6290.75,6290.75,2.0
2018-12-21 07:11,6292.75,6292.75,6292.75,6292.75,1.0
2018-12-21 07:17,6294.75,6295.75,6292.75,6294.5,8.0
2018-12-21 07:19,6292.5,6292.5,6290.0,6292.25,4.0
2018-12-21 07:20,6291.75,6291.75,6290.0,6290.0,9.0
2018-12-21 07:21,6291.75,6291.75,6291.75,6291.75,1.0
2018-12-21 07:22,6294.25,6298.25,6294.25,6298.25,11.0
2018-12-21 07:23,6296.25,6296.25,6296.25,6296.25,1.0
2018-12-21 07:24,6294.25,6294.25,6293.25,6293.25,2.0
2018-12-21 07:25,6295.0,6295.25,6295.0,6295.25,2.0
2018-12-21 07:26,6296.75,6296.75,6296.75,6296.75,1.0
2018-12-21 07:27,6296.25,6297.0,6295.5,6297.0,5.0
2018-12-21 07:28,6297.0,6297.0,6297.0,6297.0,1.0
2018-12-21 07:30,6297.75,6298.75,6297.75,6298.75,3.0
2018-12-21 07:31,6299.0,6300.0,6299.0,6300.0,3.0
2018-12-21 07:33,6292.75,6292.75,6290.75,6290.75,2.0
2018-12-21 07:34,6290.75,6290.75,6290.75,6290.75,3.0
2018-12-21 07:37,6291.5,6291.5,6291.5,6291.5,1.0
2018-12-21 07:39,6295.5,6298.25,6295.5,6298.25,6.0
2018-12-21 07:43,6297.0,6297.0,6297.0,6297.0,1.0
2018-12-21 07:44,6297.0,6297.0,6297.0,6297.0,1.0
2018-12-21 07:46,6298.75,6300.0,6298.5,6299.25,6.0
2018-12-21 07:47,6297.75,6298.75,6297.75,6298.75,2.0
2018-12-21 07:51,6296.25,6296.25,6296.25,6296.25,1.0
2018-12-21 07:53,6296.75,6296.75,6296.75,6296.75,1.0
2018-12-21 07:59,6293.25,6293.25,6293.25,6293.25,1.0
2018-12-21 08:00,6290.75,6296.25,6290.75,6296.25,6.0
2018-12-21 08:04,6288.75,6288.75,6288.75,6288.75,1.0
2018-12-21 08:05,6288.25,6288.75,6284.25,6284.25,3.0
2018-12-21 08:06,6286.5,6287.5,6285.25,6285.25,6.0
2018-12-21 08:07,6285.25,6286.25,6284.25,6284.25,3.0
2018-12-21 08:08,6284.75,6284.75,6284.75,6284.75,1.0
2018-12-21 08:11,6282.0,6282.0,6281.0,6281.0,3.0
2018-12-21 08:15,6281.0,6281.0,6278.75,6278.75,3.0
2018-12-21 08:18,6278.25,6278.5,6278.25,6278.5,5.0
2018-12-21 08:20,6284.25,6284.5,6282.25,6284.5,3.0
2018-12-21 08:21,6284.0,6287.25,6284.0,6287.25,3.0
2018-12-21 08:22,6283.25,6283.25,6283.25,6283.25,1.0
2018-12-21 08:23,6283.0,6283.75,6283.0,6283.75,4.0
2018-12-21 08:24,6282.0,6282.0,6282.0,6282.0,2.0
2018-12-21 08:25,6280.0,6280.0,6274.0,6274.0,5.0
2018-12-21 08:26,6271.0,6271.0,6266.25,6268.25,10.0
2018-12-21 08:27,6271.0,6271.0,6269.25,6269.25,3.0
2018-12-21 08:28,6267.0,6267.0,6263.0,6266.25,5.0
2018-12-21 08:29,6268.25,6268.25,6268.25,6268.25,1.0
2018-12-21 08:30,6271.0,6271.0,6270.25,6270.25,2.0
2018-12-21 08:31,6273.5,6273.75,6273.25,6273.25,3.0
2018-12-21 08:32,6270.0,6273.0,6270.0,6273.0,2.0
2018-12-21 08:33,6274.25,6274.25,6274.25,6274.25,1.0
2018-12-21 08:34,6275.0,6275.0,6275.0,6275.0,1.0
2018-12-21 08:36,6276.5,6276.5,6276.5,6276.5,1.0
2018-12-21 08:37,6276.75,6276.75,6274.0,6275.75,19.0
2018-12-21 08:38,6274.0,6274.75,6274.0,6274.75,2.0
2018-12-21 08:39,6273.75,6273.75,6271.25,6271.25,6.0
2018-12-21 08:40,6268.5,6274.25,6268.5,6274.25,4.0
2018-12-21 08:41,6274.5,6274.5,6273.75,6273.75,2.0
2018-12-21 08:42,6273.0,6273.0,6271.75,6271.75,3.0
2018-12-21 08:43,6271.25,6275.25,6270.75,6270.75,18.0
2018-12-21 08:44,6268.0,6268.0,6264.75,6265.75,20.0
2018-12-21 08:45,6267.25,6268.75,6267.25,6268.0,9.0
2018-12-21 08:46,6267.25,6268.25,6267.25,6268.25,3.0
2018-12-21 08:47,6268.25,6268.25,6266.75,6266.75,4.0
2018-12-21 08:49,6265.0,6265.0,6258.5,6260.25,15.0
2018-12-21 08:50,6260.25,6260.25,6260.0,6260.0,2.0
2018-12-21 08:51,6257.5,6257.5,6254.75,6256.75,16.0
2018-12-21 08:52,6257.0,6257.0,6254.75,6254.75,4.0
2018-12-21 08:53,6254.75,6254.75,6254.5,6254.5,2.0
2018-12-21 08:54,6251.5,6253.75,6251.5,6253.5,7.0
2018-12-21 08:55,6253.25,6254.25,6253.0,6254.25,3.0
2018-12-21 08:56,6256.25,6256.25,6256.25,6256.25,1.0
2018-12-21 08:57,6257.5,6257.5,6257.25,6257.25,2.0
2018-12-21 08:58,6257.25,6258.25,6257.25,6258.25,3.0
2018-12-21 08:59,6256.0,6256.0,6251.75,6251.75,4.0
2018-12-21 09:00,6251.25,6251.25,6248.0,6251.25,17.0
2018-12-21 09:01,6253.75,6255.25,6253.75,6254.0,5.0
2018-12-21 09:02,6250.75,6250.75,6250.25,6250.25,2.0
2018-12-21 09:03,6249.25,6249.25,6249.25,6249.25,2.0
2018-12-21 09:04,6250.75,6250.75,6248.0,6249.75,4.0
2018-12-21 09:05,6253.25,6256.0,6252.75,6256.0,11.0
2018-12-21 09:06,6255.25,6255.75,6255.25,6255.25,4.0
2018-12-21 09:07,6256.5,6257.0,6254.25,6257.0,7.0
2018-12-21 09:08,6258.25,6258.5,6257.0,6258.5,18.0
2018-12-21 09:09,6258.5,6260.75,6258.5,6259.5,13.0
2018-12-21 09:10,6260.5,6260.5,6260.5,6260.5,10.0
2018-12-21 09:11,6265.0,6265.5,6265.0,6265.5,11.0
2018-12-21 09:12,6264.25,6264.25,6264.25,6264.25,1.0
2018-12-21 09:13,6267.25,6267.75,6265.75,6267.75,18.0
2018-12-21 09:15,6266.25,6266.25,6264.5,6264.5,6.0
2018-12-21 09:16,6264.5,6264.5,6263.25,6263.25,3.0
2018-12-21 09:17,6263.75,6264.75,6261.5,6263.25,5.0
2018-12-21 09:18,6260.5,6260.5,6260.5,6260.5,1.0
2018-12-21 09:19,6258.25,6260.25,6258.25,6260.25,2.0
2018-12-21 09:20,6260.25,6260.25,6260.25,6260.25,7.0
2018-12-21 09:21,6260.25,6260.25,6260.25,6260.25,3.0
2018-12-21 09:22,6260.25,6260.25,6255.75,6255.75,4.0
2018-12-21 09:23,6255.0,6255.25,6254.25,6255.0,4.0
2018-12-21 09:28,6253.75,6256.75,6253.75,6256.75,2.0
2018-12-21 09:29,6259.0,6265.0,6259.0,6265.0,6.0
2018-12-21 09:31,6265.0,6270.5,6265.0,6269.25,7.0
2018-12-21 09:32,6269.25,6269.25,6269.0,6269.0,2.0
2018-12-21 09:33,6267.0,6267.0,6267.0,6267.0,1.0
2018-12-21 09:34,6267.0,6267.0,6263.0,6263.0,3.0
2018-12-21 09:35,6261.25,6264.0,6261.25,6264.0,2.0
2018-12-21 09:36,6265.0,6265.0,6265.0,6265.0,1.0
2018-12-21 09:38,6264.0,6267.25,6264.0,6266.25,4.0
2018-12-21 09:39,6266.25,6269.5,6266.25,6269.5,3.0
2018-12-21 09:40,6271.5,6271.5,6269.5,6269.5,2.0
2018-12-21 09:41,6268.25,6268.25,6268.25,6268.25,1.0
2018-12-21 09:44,6268.5,6268.5,6266.0,6266.0,3.0
2018-12-21 09:45,6267.5,6267.5,6267.0,6267.0,2.0
2018-12-21 09:46,6269.25,6270.75,6269.25,6270.75,13.0
2018-12-21 09:48,6268.25,6268.25,6268.25,6268.25,1.0
2018-12-21 09:51,6267.25,6267.25,6265.25,6265.25,3.0
2018-12-21 09:54,6270.75,6270.75,6270.75,6270.75,1.0
2018-12-21 09:55,6273.25,6273.75,6273.25,6273.25,3.0
2018-12-21 09:56,6272.75,6273.75,6272.75,6272.75,3.0
2018-12-21 09:58,6272.75,6272.75,6272.75,6272.75,1.0
2018-12-21 10:04,6268.25,6268.25,6266.25,6267.25,12.0
2018-12-21 10:05,6267.25,6270.0,6267.25,6270.0,3.0
2018-12-21 10:06,6269.0,6269.0,6269.0,6269.0,1.0
2018-12-21 10:07,6270.0,6270.5,6270.0,6270.25,3.0
2018-12-21 10:08,6268.75,6268.75,6268.75,6268.75,3.0
2018-12-21 10:11,6264.0,6264.0,6264.0,6264.0,1.0
2018-12-21 10:12,6264.0,6264.0,6260.75,6263.25,23.0
2018-12-21 10:13,6268.0,6268.0,6268.0,6268.0,1.0
2018-12-21 10:14,6268.0,6270.75,6268.0,6270.75,2.0
2018-12-21 10:15,6266.75,6266.75,6266.75,6266.75,1.0
2018-12-21 10:16,6265.5,6265.5,6265.5,6265.5,1.0
2018-12-21 10:17,6265.0,6265.0,6259.25,6259.25,36.0
2018-12-21 10:18,6260.25,6260.75,6255.0,6255.0,5.0
2018-12-21 10:19,6256.75,6258.25,6256.75,6258.25,2.0
2018-12-21 10:20,6256.75,6257.75,6254.75,6256.75,8.0
2018-12-21 10:21,6254.25,6257.25,6254.25,6257.25,3.0
2018-12-21 10:22,6259.75,6261.0,6259.0,6259.5,9.0
2018-12-21 10:24,6260.25,6260.5,6258.0,6258.0,4.0
2018-12-21 10:25,6258.5,6260.25,6258.5,6260.25,2.0
2018-12-21 10:26,6258.5,6258.5,6257.25,6257.25,2.0
2018-12-21 10:27,6259.5,6259.5,6259.5,6259.5,1.0
2018-12-21 10:28,6260.25,6260.25,6260.25,6260.25,1.0
2018-12-21 10:29,6265.0,6265.0,6265.0,6265.0,6.0
2018-12-21 10:30,6262.25,6262.25,6262.25,6262.25,1.0
2018-12-21 10:31,6264.0,6264.0,6264.0,6264.0,1.0
2018-12-21 10:32,6266.0,6267.0,6266.0,6267.0,2.0
2018-12-21 10:33,6267.75,6267.75,6267.75,6267.75,2.0
2018-12-21 10:34,6270.0,6270.0,6270.0,6270.0,1.0
2018-12-21 10:35,6272.75,6276.0,6272.75,6276.0,12.0
2018-12-21 10:36,6275.25,6275.25,6275.25,6275.25,1.0
2018-12-21 10:37,6275.0,6275.0,6275.0,6275.0,5.0
2018-12-21 10:38,6273.75,6273.75,6273.75,6273.75,1.0
2018-12-21 10:39,6273.75,6273.75,6272.25,6272.25,2.0
2018-12-21 10:40,6273.75,6274.5,6273.0,6273.0,3.0
2018-12-21 10:42,6273.0,6274.5,6270.75,6271.5,7.0
2018-12-21 10:43,6268.5,6269.25,6268.5,6269.25,2.0
2018-12-21 10:44,6270.0,6270.0,6270.0,6270.0,1.0
2018-12-21 10:45,6267.0,6267.0,6267.0,6267.0,1.0
2018-12-21 10:47,6267.0,6268.25,6267.0,6268.25,2.0
2018-12-21 10:48,6265.0,6266.5,6264.75,6266.5,4.0
2018-12-21 10:49,6268.25,6273.25,6268.25,6273.25,5.0
2018-12-21 10:50,6270.25,6270.25,6270.25,6270.25,2.0
2018-12-21 10:51,6273.25,6275.0,6273.25,6275.0,13.0
2018-12-21 10:52,6275.0,6275.0,6275.0,6275.0,7.0
2018-12-21 10:54,6275.0,6275.0,6273.0,6273.0,2.0
2018-12-21 10:55,6270.25,6270.25,6270.25,6270.25,1.0
2018-12-21 10:56,6270.25,6270.25,6270.25,6270.25,1.0
2018-12-21 10:59,6275.0,6275.0,6275.0,6275.0,44.0
2018-12-21 11:00,6274.5,6274.5,6274.5,6274.5,2.0
2018-12-21 11:01,6275.0,6275.0,6275.0,6275.0,1.0
2018-12-21 11:02,6273.0,6274.0,6273.0,6274.0,3.0
2018-12-21 11:03,6274.0,6274.0,6274.0,6274.0,1.0
2018-12-21 11:04,6274.75,6275.0,6274.75,6275.0,2.0
2018-12-21 11:05,6275.0,6278.25,6275.0,6278.25,37.0
2018-12-21 11:06,6278.0,6278.0,6278.0,6278.0,1.0
2018-12-21 11:07,6275.25,6275.25,6271.25,6271.25,4.0
2018-12-21 11:08,6273.25,6273.25,6273.25,6273.25,1.0
2018-12-21 11:09,6274.0,6275.75,6274.0,6275.75,3.0
2018-12-21 11:10,6275.0,6279.0,6275.0,6279.0,3.0
2018-12-21 11:11,6279.0,6279.0,6275.75,6275.75,2.0
2018-12-21 11:12,6274.5,6275.75,6274.5,6275.75,3.0
2018-12-21 11:13,6273.0,6275.25,6273.0,6275.25,2.0
2018-12-21 11:14,6277.5,6278.5,6277.5,6278.5,4.0
2018-12-21 11:15,6280.0,6280.0,6276.75,6276.75,4.0
2018-12-21 11:17,6278.25,6280.0,6278.25,6278.5,4.0
2018-12-21 11:19,6278.5,6278.5,6278.5,6278.5,1.0
2018-12-21 11:20,6277.25,6277.25,6274.5,6274.5,2.0
2018-12-21 11:23,6273.25,6274.5,6273.25,6274.5,9.0
2018-12-21 11:26,6274.25,6274.25,6274.0,6274.0,2.0
2018-12-21 11:30,6272.25,6272.25,6272.25,6272.25,2.0
2018-12-21 11:31,6275.0,6277.25,6275.0,6276.25,3.0
2018-12-21 11:34,6272.25,6272.25,6269.0,6270.25,13.0
2018-12-21 11:35,6272.25,6275.0,6272.25,6275.0,3.0
2018-12-21 11:39,6275.0,6275.0,6275.0,6275.0,1.0
2018-12-21 11:40,6273.25,6275.0,6272.75,6275.0,8.0
2018-12-21 11:41,6275.0,6277.25,6275.0,6277.25,20.0
2018-12-21 11:42,6276.0,6276.0,6276.0,6276.0,25.0
2018-12-21 11:43,6278.0,6280.0,6278.0,6280.0,15.0
2018-12-21 11:44,6280.0,6285.0,6280.0,6285.0,9.0
2018-12-21 11:45,6285.0,6285.0,6285.0,6285.0,25.0
2018-12-21 11:46,6283.5,6283.5,6283.5,6283.5,1.0
2018-12-21 11:48,6284.75,6284.75,6281.25,6281.25,3.0
2018-12-21 11:50,6277.25,6277.25,6277.0,6277.0,3.0
2018-12-21 11:51,6278.0,6279.75,6278.0,6279.75,2.0
2018-12-21 11:52,6278.25,6278.25,6278.25,6278.25,1.0
2018-12-21 11:54,6274.25,6275.25,6274.25,6275.25,2.0
2018-12-21 11:55,6274.0,6274.0,6274.0,6274.0,1.0
2018-12-21 11:56,6274.5,6275.25,6273.75,6275.25,3.0
2018-12-21 11:58,6280.0,6280.0,6280.0,6280.0,1.0
2018-12-21 11:59,6277.5,6277.5,6273.25,6273.25,3.0
2018-12-21 12:00,6271.0,6271.0,6268.25,6269.25,3.0
2018-12-21 12:01,6267.0,6270.0,6266.5,6270.0,18.0
2018-12-21 12:03,6270.25,6270.25,6270.25,6270.25,1.0
2018-12-21 12:04,6268.5,6270.0,6268.5,6270.0,2.0
2018-12-21 12:05,6271.5,6271.5,6271.5,6271.5,11.0
2018-12-21 12:06,6278.25,6278.25,6276.75,6276.75,2.0
2018-12-21 12:07,6279.0,6279.0,6276.75,6276.75,5.0
2018-12-21 12:08,6278.25,6278.25,6278.25,6278.25,1.0
2018-12-21 12:09,6276.75,6276.75,6276.75,6276.75,1.0
2018-12-21 12:10,6278.0,6279.75,6278.0,6279.75,2.0
2018-12-21 12:11,6278.25,6278.25,6276.0,6276.0,25.0
2018-12-21 12:13,6276.0,6276.0,6276.0,6276.0,1.0
2018-12-21 12:16,6273.75,6276.0,6273.75,6276.0,2.0
2018-12-21 12:17,6277.25,6277.25,6272.75,6272.75,3.0
2018-12-21 12:18,6271.25,6271.25,6271.0,6271.0,3.0
2018-12-21 12:19,6273.75,6278.25,6273.75,6278.25,4.0
2018-12-21 12:20,6275.25,6275.25,6275.25,6275.25,1.0
2018-12-21 12:21,6273.25,6273.25,6273.25,6273.25,1.0
2018-12-21 12:23,6269.25,6271.75,6269.25,6271.75,2.0
2018-12-21 12:24,6267.0,6267.25,6267.0,6267.25,3.0
2018-12-21 12:25,6263.5,6264.25,6263.25,6263.25,3.0
2018-12-21 12:26,6265.25,6265.25,6265.25,6265.25,1.0
2018-12-21 12:27,6263.5,6263.5,6263.5,6263.5,1.0
2018-12-21 12:28,6263.5,6263.5,6261.5,6262.5,5.0
2018-12-21 12:29,6264.5,6268.0,6262.75,6262.75,4.0
2018-12-21 12:30,6264.0,6264.0,6264.0,6264.0,1.0
2018-12-21 12:31,6262.5,6264.75,6262.5,6263.25,3.0
2018-12-21 12:32,6266.25,6266.25,6266.25,6266.25,1.0
2018-12-21 12:33,6264.25,6266.25,6264.25,6264.5,3.0
2018-12-21 12:35,6264.25,6264.25,6264.25,6264.25,1.0
2018-12-21 12:36,6262.75,6262.75,6262.75,6262.75,1.0
2018-12-21 12:37,6261.5,6261.5,6261.5,6261.5,1.0
2018-12-21 12:38,6259.5,6259.5,6257.25,6257.25,5.0
2018-12-21 12:40,6256.75,6258.25,6255.0,6255.25,26.0
2018-12-21 12:41,6255.25,6257.75,6255.25,6256.5,3.0
2018-12-21 12:42,6258.75,6260.25,6258.75,6258.75,3.0
2018-12-21 12:46,6257.25,6258.75,6257.25,6258.75,3.0
2018-12-21 12:48,6260.25,6260.25,6260.25,6260.25,1.0
2018-12-21 12:50,6267.0,6267.0,6266.25,6266.25,2.0
2018-12-21 12:51,6266.25,6268.5,6265.5,6268.5,3.0
2018-12-21 12:52,6268.75,6270.0,6268.75,6270.0,15.0
2018-12-21 12:53,6270.0,6271.0,6269.5,6269.5,18.0
2018-12-21 12:54,6269.5,6270.75,6269.5,6269.5,3.0
2018-12-21 12:56,6269.75,6269.75,6269.75,6269.75,1.0
2018-12-21 12:58,6268.25,6268.25,6268.25,6268.25,1.0
2018-12-21 12:59,6270.0,6270.0,6268.0,6268.0,2.0
2018-12-21 13:00,6268.0,6270.0,6266.25,6270.0,14.0
2018-12-21 13:01,6270.5,6272.5,6270.5,6272.5,2.0
2018-12-21 13:02,6270.75,6271.75,6266.75,6266.75,7.0
2018-12-21 13:03,6266.0,6266.0,6266.0,6266.0,1.0
2018-12-21 13:06,6268.75,6268.75,6268.75,6268.75,1.0
2018-12-21 13:08,6265.25,6268.25,6265.25,6268.25,2.0
2018-12-21 13:11,6270.0,6271.0,6269.75,6271.0,54.0
2018-12-21 13:12,6272.0,6272.0,6272.0,6272.0,7.0
2018-12-21 13:13,6272.0,6272.0,6272.0,6272.0,34.0
2018-12-21 13:14,6272.0,6273.0,6272.0,6273.0,35.0
2018-12-21 13:15,6273.0,6273.0,6273.0,6273.0,5.0
2018-12-21 13:16,6273.75,6274.0,6273.25,6274.0,3.0
2018-12-21 13:17,6274.0,6274.0,6273.75,6273.75,2.0
2018-12-21 13:18,6274.0,6274.0,6274.0,6274.0,11.0
2018-12-21 13:19,6274.0,6275.0,6274.0,6275.0,17.0
2018-12-21 13:20,6277.5,6277.5,6275.75,6275.75,2.0
2018-12-21 13:21,6279.0,6281.25,6279.0,6280.25,7.0
2018-12-21 13:22,6280.25,6280.25,6277.5,6277.5,38.0
2018-12-21 13:23,6277.75,6284.25,6277.75,6282.25,34.0
2018-12-21 13:24,6283.75,6283.75,6281.25,6281.25,15.0
2018-12-21 13:25,6280.0,6282.5,6280.0,6282.5,7.0
2018-12-21 13:26,6283.0,6283.0,6283.0,6283.0,13.0
2018-12-21 13:27,6282.25,6282.25,6282.25,6282.25,2.0
2018-12-21 13:28,6281.75,6281.75,6281.5,6281.5,26.0
2018-12-21 13:29,6281.25,6283.0,6280.75,6283.0,13.0
2018-12-21 13:30,6284.75,6292.25,6284.75,6287.5,8.0
2018-12-21 13:31,6287.5,6288.0,6280.75,6286.25,23.0
2018-12-21 13:32,6287.25,6290.0,6286.75,6290.0,15.0
2018-12-21 13:33,6290.0,6292.5,6290.0,6290.0,13.0
2018-12-21 13:34,6289.5,6295.75,6289.5,6295.75,19.0
2018-12-21 13:35,6293.75,6295.75,6290.5,6294.0,16.0
2018-12-21 13:36,6295.75,6297.75,6295.5,6295.5,5.0
2018-12-21 13:37,6298.5,6298.5,6296.25,6296.25,20.0
2018-12-21 13:38,6297.75,6305.0,6297.75,6305.0,29.0
2018-12-21 13:39,6302.25,6302.25,6299.25,6300.75,7.0
2018-12-21 13:40,6305.0,6307.5,6305.0,6307.5,13.0
2018-12-21 13:41,6303.25,6303.25,6299.5,6299.5,53.0
2018-12-21 13:42,6300.75,6300.75,6297.25,6297.75,5.0
2018-12-21 13:43,6296.0,6296.25,6295.25,6296.25,5.0
2018-12-21 13:44,6294.25,6294.25,6290.5,6290.5,18.0
2018-12-21 13:45,6290.5,6293.25,6290.5,6292.25,4.0
2018-12-21 13:46,6291.25,6291.25,6291.25,6291.25,1.0
2018-12-21 13:47,6296.75,6296.75,6294.75,6296.25,5.0
2018-12-21 13:48,6296.0,6297.0,6295.5,6295.5,56.0
2018-12-21 13:49,6294.5,6296.75,6294.5,6295.25,3.0
2018-12-21 13:50,6293.25,6293.5,6292.75,6293.5,3.0
2018-12-21 13:51,6294.25,6295.0,6293.0,6295.0,56.0
2018-12-21 13:52,6295.0,6295.75,6295.0,6295.75,51.0
2018-12-21 13:53,6295.75,6298.0,6295.5,6296.0,27.0
2018-12-21 13:54,6296.0,6296.0,6296.0,6296.0,22.0
2018-12-21 13:55,6295.25,6295.25,6282.5,6282.5,26.0
2018-12-21 13:56,6282.5,6288.25,6282.5,6287.75,11.0
2018-12-21 13:57,6286.75,6288.0,6286.5,6286.75,9.0
2018-12-21 13:58,6285.5,6288.0,6285.5,6288.0,23.0
2018-12-21 13:59,6288.0,6288.0,6288.0,6288.0,38.0
2018-12-21 14:00,6293.75,6293.75,6292.0,6292.0,4.0
2018-12-21 14:01,6293.75,6300.0,6293.75,6297.75,8.0
2018-12-21 14:02,6300.0,6304.25,6300.0,6304.25,14.0
2018-12-21 14:03,6305.0,6306.0,6298.0,6299.0,12.0
2018-12-21 14:04,6298.0,6298.0,6294.75,6295.25,4.0
2018-12-21 14:05,6297.75,6300.0,6297.75,6299.5,5.0
2018-12-21 14:06,6297.25,6297.75,6297.25,6297.75,2.0
2018-12-21 14:07,6302.0,6302.0,6299.75,6299.75,9.0
2018-12-21 14:08,6297.75,6297.75,6294.75,6296.5,38.0
2018-12-21 14:09,6299.0,6302.25,6299.0,6302.25,34.0
2018-12-21 14:10,6303.0,6304.75,6302.0,6302.0,20.0
2018-12-21 14:11,6300.25,6300.25,6298.5,6298.5,52.0
2018-12-21 14:12,6302.0,6305.5,6302.0,6302.25,3.0
2018-12-21 14:13,6302.0,6305.75,6297.25,6305.75,21.0
2018-12-21 14:14,6305.25,6306.25,6302.75,6303.0,14.0
2018-12-21 14:15,6300.5,6300.5,6300.5,6300.5,2.0
2018-12-21 14:16,6301.0,6303.0,6301.0,6301.25,5.0
2018-12-21 14:17,6303.75,6305.0,6302.5,6305.0,8.0
2018-12-21 14:18,6303.75,6307.5,6301.75,6307.5,14.0
2018-12-21 14:19,6307.5,6310.25,6307.5,6310.25,14.0
2018-12-21 14:20,6310.25,6312.75,6310.25,6312.5,17.0
2018-12-21 14:21,6310.75,6312.0,6308.5,6311.25,6.0
2018-12-21 14:22,6313.0,6313.25,6311.5,6311.5,4.0
2018-12-21 14:23,6311.25,6315.0,6309.25,6309.25,14.0
2018-12-21 14:24,6305.25,6306.5,6305.25,6305.5,5.0
2018-12-21 14:25,6304.75,6304.75,6294.75,6298.25,35.0
2018-12-21 14:26,6299.25,6299.25,6292.5,6292.5,34.0
2018-12-21 14:27,6292.25,6292.5,6288.25,6289.5,22.0
2018-12-21 14:28,6287.25,6287.25,6242.0,6258.0,84.0
2018-12-21 14:29,6258.75,6262.75,6257.0,6257.25,17.0
