stamp,open,high,low,close,volume
2019-12-15 23:00,8507.0,8516.5,8503.25,8506.25,225.0
2019-12-15 23:01,8505.25,8509.5,8505.0,8509.0,95.0
2019-12-15 23:02,8508.5,8509.0,8507.5,8508.0,35.0
2019-12-15 23:03,8508.0,8508.25,8506.25,8506.25,36.0
2019-12-15 23:04,8506.0,8506.0,8505.25,8505.25,18.0
2019-12-15 23:05,8505.25,8506.25,8503.75,8504.0,40.0
2019-12-15 23:06,8504.0,8505.0,8503.75,8503.75,10.0
2019-12-15 23:07,8503.75,8504.75,8503.75,8504.5,13.0
2019-12-15 23:08,8505.0,8506.25,8505.0,8506.25,21.0
2019-12-15 23:09,8506.0,8506.25,8506.0,8506.0,13.0
2019-12-15 23:10,8506.5,8507.75,8506.5,8507.5,22.0
2019-12-15 23:11,8507.75,8508.5,8506.25,8507.0,25.0
2019-12-15 23:12,8507.0,8507.25,8506.5,8506.5,8.0
2019-12-15 23:13,8507.0,8507.25,8506.0,8506.0,26.0
2019-12-15 23:14,8505.75,8506.5,8505.5,8506.25,6.0
2019-12-15 23:15,8507.5,8507.75,8506.5,8507.25,39.0
2019-12-15 23:16,8507.75,8507.75,8507.5,8507.5,2.0
2019-12-15 23:17,8506.75,8506.75,8506.5,8506.5,4.0
2019-12-15 23:18,8506.25,8507.0,8506.25,8507.0,13.0
2019-12-15 23:19,8507.0,8507.0,8506.75,8507.0,7.0
2019-12-15 23:20,8507.5,8507.75,8506.75,8507.0,14.0
2019-12-15 23:21,8506.5,8506.5,8506.0,8506.5,15.0
2019-12-15 23:22,8507.0,8507.75,8506.75,8507.75,7.0
2019-12-15 23:23,8507.5,8507.75,8507.25,8507.75,8.0
2019-12-15 23:24,8507.75,8508.0,8507.0,8507.5,12.0
2019-12-15 23:25,8508.0,8509.75,8507.5,8509.0,57.0
2019-12-15 23:26,8509.0,8509.75,8508.75,8509.5,29.0
2019-12-15 23:27,8509.75,8509.75,8508.5,8508.75,17.0
2019-12-15 23:28,8508.75,8508.75,8508.25,8508.25,4.0
2019-12-15 23:29,8508.75,8508.75,8508.25,8508.75,7.0
2019-12-15 23:30,8508.0,8509.0,8507.75,8508.25,36.0
2019-12-15 23:31,8508.0,8509.0,8508.0,8509.0,17.0
2019-12-15 23:32,8508.75,8509.25,8508.75,8509.25,14.0
2019-12-15 23:33,8509.0,8509.0,8508.0,8508.25,55.0
2019-12-15 23:34,8508.25,8509.25,8508.25,8509.0,26.0
2019-12-15 23:35,8508.75,8510.25,8508.5,8510.0,56.0
2019-12-15 23:36,8510.0,8510.5,8509.75,8509.75,27.0
2019-12-15 23:37,8509.75,8511.0,8509.75,8511.0,43.0
2019-12-15 23:38,8511.0,8511.75,8510.75,8511.5,64.0
2019-12-15 23:39,8511.5,8512.25,8511.25,8511.5,53.0
2019-12-15 23:40,8511.5,8511.75,8511.25,8511.5,11.0
2019-12-15 23:41,8511.5,8512.0,8511.0,8512.0,43.0
2019-12-15 23:42,8511.25,8511.25,8511.0,8511.0,7.0
2019-12-15 23:43,8510.75,8511.0,8510.5,8510.5,15.0
2019-12-15 23:44,8510.5,8511.5,8510.5,8511.0,14.0
2019-12-15 23:45,8510.75,8511.0,8510.5,8510.5,17.0
2019-12-15 23:46,8510.25,8512.0,8509.5,8510.75,61.0
2019-12-15 23:47,8510.75,8511.0,8510.5,8511.0,13.0
2019-12-15 23:48,8510.75,8511.25,8510.25,8510.75,26.0
2019-12-15 23:49,8510.75,8511.0,8510.25,8510.75,40.0
2019-12-15 23:50,8510.25,8510.5,8510.0,8510.25,20.0
2019-12-15 23:51,8510.25,8510.25,8509.75,8510.0,19.0
2019-12-15 23:52,8510.25,8510.5,8509.0,8509.5,39.0
2019-12-15 23:53,8509.25,8509.75,8508.25,8509.25,27.0
2019-12-15 23:54,8509.0,8509.0,8509.0,8509.0,6.0
2019-12-15 23:55,8509.25,8509.75,8509.25,8509.75,3.0
2019-12-15 23:56,8509.5,8509.75,8509.25,8509.25,7.0
2019-12-15 23:57,8509.25,8510.5,8509.25,8510.5,16.0
2019-12-15 23:58,8510.25,8510.5,8510.0,8510.0,14.0
2019-12-15 23:59,8510.5,8510.75,8509.25,8509.25,34.0
2019-12-16 00:00,8509.25,8511.0,8508.5,8511.0,49.0
2019-12-16 00:01,8510.75,8511.25,8510.5,8510.75,40.0
2019-12-16 00:02,8510.75,8510.75,8509.5,8509.5,16.0
2019-12-16 00:03,8509.75,8511.25,8509.75,8511.0,26.0
2019-12-16 00:04,8511.25,8511.75,8511.25,8511.5,69.0
2019-12-16 00:05,8511.5,8512.5,8511.5,8512.0,61.0
2019-12-16 00:06,8511.75,8512.25,8511.25,8511.75,48.0
2019-12-16 00:07,8511.75,8511.75,8511.0,8511.5,32.0
2019-12-16 00:08,8511.25,8511.5,8511.0,8511.25,36.0
2019-12-16 00:09,8511.0,8511.5,8511.0,8511.0,35.0
2019-12-16 00:10,8511.5,8511.5,8509.25,8509.25,59.0
2019-12-16 00:11,8509.25,8510.75,8509.25,8510.25,23.0
2019-12-16 00:12,8510.75,8511.0,8510.5,8510.75,17.0
2019-12-16 00:13,8510.75,8511.5,8510.75,8511.5,17.0
2019-12-16 00:14,8511.75,8512.25,8511.0,8511.25,40.0
2019-12-16 00:15,8511.0,8512.25,8511.0,8512.0,40.0
2019-12-16 00:16,8512.0,8513.25,8511.75,8512.5,68.0
2019-12-16 00:17,8512.5,8513.75,8512.25,8513.5,66.0
2019-12-16 00:18,8513.5,8514.75,8513.5,8514.25,150.0
2019-12-16 00:19,8514.25,8514.75,8513.75,8514.0,109.0
2019-12-16 00:20,8513.75,8514.0,8513.5,8514.0,42.0
2019-12-16 00:21,8513.75,8514.0,8513.25,8513.75,49.0
2019-12-16 00:22,8514.0,8514.0,8512.75,8512.75,42.0
2019-12-16 00:23,8512.75,8513.75,8512.75,8513.25,77.0
2019-12-16 00:24,8513.0,8515.25,8513.0,8515.25,106.0
2019-12-16 00:25,8515.0,8515.0,8513.0,8514.0,54.0
2019-12-16 00:26,8514.25,8514.5,8513.0,8513.25,22.0
2019-12-16 00:27,8513.0,8513.5,8512.75,8513.0,27.0
2019-12-16 00:28,8512.75,8513.5,8512.75,8513.0,31.0
2019-12-16 00:29,8513.0,8513.0,8512.0,8512.25,42.0
2019-12-16 00:30,8512.25,8513.0,8511.75,8513.0,54.0
2019-12-16 00:31,8512.75,8512.75,8511.75,8512.0,48.0
2019-12-16 00:32,8511.75,8512.5,8511.25,8512.5,99.0
2019-12-16 00:33,8512.5,8512.5,8511.25,8511.75,51.0
2019-12-16 00:34,8511.75,8512.0,8511.75,8511.75,11.0
2019-12-16 00:35,8512.0,8512.0,8511.5,8511.75,19.0
2019-12-16 00:36,8512.0,8512.5,8512.0,8512.25,29.0
2019-12-16 00:37,8512.5,8512.75,8511.25,8511.25,46.0
2019-12-16 00:38,8511.25,8511.5,8511.0,8511.5,63.0
2019-12-16 00:39,8511.75,8512.0,8511.75,8512.0,16.0
2019-12-16 00:40,8511.75,8513.0,8511.75,8513.0,46.0
2019-12-16 00:41,8513.5,8513.75,8512.75,8513.0,44.0
2019-12-16 00:42,8513.0,8513.25,8512.75,8513.0,26.0
2019-12-16 00:43,8513.25,8513.5,8512.5,8512.5,13.0
2019-12-16 00:44,8512.5,8514.75,8512.5,8514.75,52.0
2019-12-16 00:45,8514.75,8514.75,8514.25,8514.5,22.0
2019-12-16 00:46,8514.25,8514.5,8514.25,8514.5,27.0
2019-12-16 00:47,8514.25,8515.75,8514.25,8515.5,52.0
2019-12-16 00:48,8515.5,8516.0,8515.25,8515.5,56.0
2019-12-16 00:49,8515.5,8516.0,8515.25,8515.5,37.0
2019-12-16 00:50,8515.25,8515.75,8515.25,8515.75,54.0
2019-12-16 00:51,8515.5,8515.5,8515.0,8515.0,36.0
2019-12-16 00:52,8515.0,8515.0,8514.5,8514.5,16.0
2019-12-16 00:53,8514.5,8515.5,8514.5,8515.25,31.0
2019-12-16 00:54,8515.25,8516.0,8515.25,8516.0,27.0
2019-12-16 00:55,8516.25,8516.75,8515.25,8515.75,63.0
2019-12-16 00:56,8515.75,8515.75,8515.25,8515.25,16.0
2019-12-16 00:57,8515.5,8516.0,8515.5,8516.0,8.0
2019-12-16 00:58,8515.75,8515.75,8515.0,8515.0,10.0
2019-12-16 00:59,8515.25,8515.25,8514.0,8514.25,20.0
2019-12-16 01:00,8514.5,8516.0,8513.75,8515.5,56.0
2019-12-16 01:01,8515.5,8516.0,8515.0,8515.5,27.0
2019-12-16 01:02,8515.25,8515.5,8514.25,8514.75,55.0
2019-12-16 01:03,8514.75,8514.75,8514.0,8514.5,53.0
2019-12-16 01:04,8514.5,8515.0,8514.25,8514.75,27.0
2019-12-16 01:05,8514.75,8515.5,8514.0,8514.0,44.0
2019-12-16 01:06,8514.25,8514.25,8513.0,8513.0,36.0
2019-12-16 01:07,8513.25,8513.25,8512.5,8513.0,40.0
2019-12-16 01:08,8513.5,8514.0,8513.0,8513.5,40.0
2019-12-16 01:09,8513.5,8513.75,8513.0,8513.5,33.0
2019-12-16 01:10,8513.75,8515.25,8513.75,8514.75,61.0
2019-12-16 01:11,8515.0,8515.0,8514.25,8514.5,25.0
2019-12-16 01:12,8514.5,8515.0,8514.25,8515.0,24.0
2019-12-16 01:13,8515.0,8515.75,8515.0,8515.5,26.0
2019-12-16 01:14,8515.5,8516.25,8514.25,8514.5,68.0
2019-12-16 01:15,8514.25,8515.75,8514.25,8515.25,41.0
2019-12-16 01:16,8515.5,8516.0,8514.5,8515.0,77.0
2019-12-16 01:17,8515.0,8515.75,8515.0,8515.25,49.0
2019-12-16 01:18,8515.0,8515.25,8514.0,8514.0,35.0
2019-12-16 01:19,8514.0,8514.25,8512.0,8514.25,150.0
2019-12-16 01:20,8514.25,8514.25,8512.25,8513.25,153.0
2019-12-16 01:21,8513.5,8514.25,8513.5,8514.25,39.0
2019-12-16 01:22,8514.0,8515.0,8514.0,8515.0,36.0
2019-12-16 01:23,8515.0,8515.25,8514.5,8514.5,42.0
2019-12-16 01:24,8514.75,8515.25,8514.25,8514.25,17.0
2019-12-16 01:25,8514.25,8514.5,8514.0,8514.5,14.0
2019-12-16 01:26,8514.25,8514.25,8513.75,8514.0,20.0
2019-12-16 01:27,8514.25,8514.75,8514.25,8514.5,35.0
2019-12-16 01:28,8514.25,8514.25,8513.75,8513.75,36.0
2019-12-16 01:29,8513.75,8514.5,8513.75,8514.5,18.0
2019-12-16 01:30,8514.5,8516.0,8514.5,8515.25,99.0
2019-12-16 01:31,8515.0,8515.25,8514.25,8514.75,40.0
2019-12-16 01:32,8514.75,8515.0,8514.5,8514.75,25.0
2019-12-16 01:33,8515.0,8515.5,8513.75,8514.25,49.0
2019-12-16 01:34,8514.75,8515.5,8513.0,8513.25,72.0
2019-12-16 01:35,8513.25,8513.75,8513.0,8513.25,66.0
2019-12-16 01:36,8513.0,8513.5,8513.0,8513.25,62.0
2019-12-16 01:37,8513.0,8513.5,8512.75,8513.5,32.0
2019-12-16 01:38,8513.5,8514.5,8513.25,8514.5,95.0
2019-12-16 01:39,8514.5,8515.25,8514.5,8515.25,44.0
2019-12-16 01:40,8515.25,8516.0,8515.25,8516.0,90.0
2019-12-16 01:41,8516.0,8516.25,8515.75,8516.0,43.0
2019-12-16 01:42,8515.5,8516.0,8515.25,8515.5,23.0
2019-12-16 01:43,8515.25,8516.0,8515.25,8516.0,33.0
2019-12-16 01:44,8516.0,8517.75,8516.0,8517.0,104.0
2019-12-16 01:45,8517.0,8517.25,8516.5,8516.75,54.0
2019-12-16 01:46,8517.25,8517.25,8517.0,8517.25,27.0
2019-12-16 01:47,8517.25,8517.75,8517.0,8517.25,55.0
2019-12-16 01:48,8517.25,8517.75,8517.0,8517.75,30.0
2019-12-16 01:49,8517.75,8518.0,8517.5,8517.75,41.0
2019-12-16 01:50,8517.75,8518.25,8517.5,8517.5,98.0
2019-12-16 01:51,8517.25,8517.75,8516.5,8517.5,80.0
2019-12-16 01:52,8517.75,8518.0,8517.25,8518.0,45.0
2019-12-16 01:53,8518.0,8518.25,8517.0,8517.25,70.0
2019-12-16 01:54,8517.5,8518.0,8517.5,8517.5,26.0
2019-12-16 01:55,8517.75,8518.0,8517.25,8517.25,42.0
2019-12-16 01:56,8517.0,8517.0,8515.5,8515.75,87.0
2019-12-16 01:57,8516.0,8516.75,8516.0,8516.0,45.0
2019-12-16 01:58,8516.0,8516.75,8516.0,8516.5,42.0
2019-12-16 01:59,8516.5,8516.75,8515.75,8516.75,35.0
2019-12-16 02:00,8516.75,8519.5,8516.75,8518.75,287.0
2019-12-16 02:01,8518.75,8521.25,8518.75,8521.25,233.0
2019-12-16 02:02,8521.25,8522.0,8520.25,8520.5,81.0
2019-12-16 02:03,8520.5,8521.0,8519.75,8520.0,58.0
2019-12-16 02:04,8519.75,8520.25,8519.5,8520.0,47.0
2019-12-16 02:05,8519.75,8520.25,8519.0,8519.25,42.0
2019-12-16 02:06,8519.25,8519.25,8518.75,8519.25,73.0
2019-12-16 02:07,8519.25,8520.0,8519.0,8520.0,49.0
2019-12-16 02:08,8520.0,8520.25,8519.5,8520.0,37.0
2019-12-16 02:09,8519.75,8520.25,8519.5,8519.75,94.0
2019-12-16 02:10,8519.5,8519.75,8518.75,8519.25,62.0
2019-12-16 02:11,8519.5,8519.5,8519.0,8519.25,12.0
2019-12-16 02:12,8519.25,8519.25,8518.75,8518.75,27.0
2019-12-16 02:13,8518.75,8519.0,8518.0,8518.75,62.0
2019-12-16 02:14,8518.75,8519.25,8518.5,8518.75,37.0
2019-12-16 02:15,8518.5,8519.25,8518.25,8518.5,62.0
2019-12-16 02:16,8518.5,8518.75,8518.25,8518.25,19.0
2019-12-16 02:17,8518.25,8518.5,8518.0,8518.25,36.0
2019-12-16 02:18,8518.5,8518.75,8518.25,8518.75,30.0
2019-12-16 02:19,8519.0,8519.75,8518.5,8518.5,46.0
2019-12-16 02:20,8518.5,8518.75,8518.5,8518.5,19.0
2019-12-16 02:21,8518.5,8519.5,8518.5,8519.25,42.0
2019-12-16 02:22,8519.25,8519.25,8518.75,8519.25,31.0
2019-12-16 02:23,8519.5,8520.0,8519.5,8520.0,65.0
2019-12-16 02:24,8520.0,8520.0,8519.75,8520.0,18.0
2019-12-16 02:25,8520.0,8520.25,8520.0,8520.0,46.0
2019-12-16 02:26,8520.0,8520.25,8519.75,8520.0,12.0
2019-12-16 02:27,8519.75,8520.25,8519.5,8519.75,45.0
2019-12-16 02:28,8519.5,8520.0,8518.75,8520.0,16.0
2019-12-16 02:29,8520.0,8520.5,8519.75,8520.5,34.0
2019-12-16 02:30,8520.5,8520.75,8520.0,8520.0,28.0
2019-12-16 02:31,8520.5,8521.0,8520.25,8521.0,33.0
2019-12-16 02:32,8521.0,8522.5,8520.25,8520.5,90.0
2019-12-16 02:33,8520.5,8520.75,8520.25,8520.5,11.0
2019-12-16 02:34,8520.25,8521.0,8520.25,8520.75,17.0
2019-12-16 02:35,8521.0,8521.5,8520.5,8520.5,33.0
2019-12-16 02:36,8520.25,8520.75,8519.75,8520.25,102.0
2019-12-16 02:37,8520.25,8520.5,8519.5,8519.5,89.0
2019-12-16 02:38,8519.25,8519.5,8518.25,8518.25,31.0
2019-12-16 02:39,8518.5,8518.5,8518.0,8518.0,52.0
2019-12-16 02:40,8518.25,8518.75,8517.75,8518.75,37.0
2019-12-16 02:41,8518.75,8519.25,8518.75,8519.0,24.0
2019-12-16 02:42,8519.0,8519.0,8518.5,8518.75,19.0
2019-12-16 02:43,8518.75,8518.75,8518.0,8518.5,37.0
2019-12-16 02:44,8518.5,8518.75,8518.25,8518.5,28.0
2019-12-16 02:45,8518.5,8519.25,8518.5,8518.75,25.0
2019-12-16 02:46,8518.5,8518.75,8518.0,8518.5,82.0
2019-12-16 02:47,8518.75,8518.75,8518.0,8518.25,74.0
2019-12-16 02:48,8518.25,8518.75,8518.25,8518.75,20.0
2019-12-16 02:49,8518.5,8519.0,8518.5,8518.5,26.0
2019-12-16 02:50,8518.5,8519.25,8518.5,8519.0,23.0
2019-12-16 02:51,8519.0,8519.25,8518.0,8519.0,83.0
2019-12-16 02:52,8519.0,8519.25,8518.0,8518.5,118.0
2019-12-16 02:53,8518.5,8518.75,8518.25,8518.25,98.0
2019-12-16 02:54,8518.75,8518.75,8517.75,8518.0,48.0
2019-12-16 02:55,8518.0,8518.0,8517.5,8518.0,28.0
2019-12-16 02:56,8518.0,8518.25,8517.5,8517.75,16.0
2019-12-16 02:57,8517.75,8518.0,8517.5,8517.75,17.0
2019-12-16 02:58,8518.0,8518.25,8517.5,8517.75,22.0
2019-12-16 02:59,8517.5,8518.25,8517.5,8518.0,23.0
2019-12-16 03:00,8517.75,8518.0,8517.5,8517.75,20.0
2019-12-16 03:01,8517.75,8518.25,8517.75,8517.75,39.0
2019-12-16 03:02,8517.75,8518.0,8517.75,8518.0,17.0
2019-12-16 03:03,8518.0,8518.5,8518.0,8518.5,30.0
2019-12-16 03:04,8518.25,8518.25,8518.25,8518.25,8.0
2019-12-16 03:05,8518.5,8518.5,8518.5,8518.5,8.0
2019-12-16 03:06,8518.5,8518.75,8518.5,8518.5,18.0
2019-12-16 03:07,8518.75,8519.0,8518.5,8518.75,48.0
2019-12-16 03:08,8518.75,8518.75,8518.5,8518.5,60.0
2019-12-16 03:09,8518.5,8518.75,8518.25,8518.25,9.0
2019-12-16 03:10,8518.25,8519.25,8518.25,8519.25,36.0
2019-12-16 03:11,8519.5,8520.25,8519.5,8520.0,53.0
2019-12-16 03:12,8519.75,8520.0,8519.25,8519.25,54.0
2019-12-16 03:13,8519.5,8520.25,8519.5,8520.0,22.0
2019-12-16 03:14,8520.0,8520.25,8519.5,8519.5,42.0
2019-12-16 03:15,8519.5,8519.75,8519.5,8519.75,13.0
2019-12-16 03:16,8519.75,8520.0,8519.25,8519.75,27.0
2019-12-16 03:17,8519.75,8519.75,8519.5,8519.5,16.0
2019-12-16 03:18,8519.5,8519.75,8519.5,8519.75,15.0
2019-12-16 03:19,8519.75,8520.0,8519.5,8519.5,14.0
2019-12-16 03:20,8519.5,8520.0,8519.5,8520.0,15.0
2019-12-16 03:21,8520.0,8520.25,8520.0,8520.25,57.0
2019-12-16 03:22,8520.25,8521.0,8520.25,8521.0,22.0
2019-12-16 03:23,8521.0,8522.25,8521.0,8521.5,62.0
2019-12-16 03:24,8521.75,8522.0,8521.75,8521.75,21.0
2019-12-16 03:25,8521.75,8523.0,8521.75,8522.0,89.0
2019-12-16 03:26,8522.25,8522.5,8521.75,8521.75,36.0
2019-12-16 03:27,8521.75,8522.0,8521.75,8521.75,10.0
2019-12-16 03:28,8521.75,8522.25,8521.75,8522.0,33.0
2019-12-16 03:29,8522.5,8522.75,8522.25,8522.25,13.0
2019-12-16 03:30,8522.25,8522.25,8521.75,8521.75,28.0
2019-12-16 03:31,8521.75,8522.0,8521.75,8522.0,9.0
2019-12-16 03:32,8522.0,8522.75,8522.0,8522.5,12.0
2019-12-16 03:33,8522.25,8522.5,8522.25,8522.25,15.0
2019-12-16 03:34,8522.0,8522.25,8522.0,8522.0,19.0
2019-12-16 03:35,8522.0,8522.25,8521.5,8521.5,17.0
2019-12-16 03:36,8521.5,8521.5,8521.5,8521.5,11.0
2019-12-16 03:37,8521.5,8521.75,8521.25,8521.5,11.0
2019-12-16 03:38,8521.75,8521.75,8521.5,8521.5,18.0
2019-12-16 03:39,8521.75,8521.75,8521.5,8521.75,6.0
2019-12-16 03:40,8521.5,8521.75,8521.5,8521.75,6.0
2019-12-16 03:41,8521.75,8521.75,8521.5,8521.75,5.0
2019-12-16 03:42,8521.5,8521.75,8521.25,8521.25,14.0
2019-12-16 03:43,8521.5,8521.75,8521.5,8521.5,12.0
2019-12-16 03:44,8521.5,8521.75,8521.25,8521.75,17.0
2019-12-16 03:45,8522.0,8522.0,8521.75,8522.0,7.0
2019-12-16 03:46,8521.75,8521.75,8521.25,8521.5,11.0
2019-12-16 03:47,8521.5,8521.75,8521.25,8521.75,11.0
2019-12-16 03:48,8521.5,8521.75,8521.5,8521.75,9.0
2019-12-16 03:49,8522.0,8522.25,8521.75,8521.75,21.0
2019-12-16 03:50,8522.0,8522.0,8521.75,8521.75,8.0
2019-12-16 03:51,8521.5,8521.75,8521.5,8521.75,18.0
2019-12-16 03:52,8522.0,8522.25,8522.0,8522.25,3.0
2019-12-16 03:53,8522.25,8522.5,8521.75,8521.75,17.0
2019-12-16 03:54,8521.75,8522.0,8521.75,8521.75,5.0
2019-12-16 03:55,8521.75,8522.0,8521.75,8521.75,12.0
2019-12-16 03:56,8521.75,8521.75,8521.5,8521.5,28.0
2019-12-16 03:57,8521.25,8521.25,8521.0,8521.25,31.0
2019-12-16 03:58,8521.25,8521.25,8521.0,8521.25,22.0
2019-12-16 03:59,8521.0,8521.25,8521.0,8521.25,28.0
2019-12-16 04:00,8521.0,8521.75,8521.0,8521.25,34.0
2019-12-16 04:01,8521.25,8521.25,8521.0,8521.0,6.0
2019-12-16 04:02,8521.25,8521.5,8521.0,8521.25,25.0
2019-12-16 04:03,8521.5,8521.5,8521.25,8521.25,9.0
2019-12-16 04:05,8521.25,8521.25,8521.0,8521.25,8.0
2019-12-16 04:06,8521.25,8521.25,8521.0,8521.0,3.0
2019-12-16 04:07,8521.25,8521.25,8520.75,8521.25,13.0
2019-12-16 04:08,8521.25,8521.5,8521.25,8521.25,10.0
2019-12-16 04:09,8521.0,8521.0,8520.75,8520.75,31.0
2019-12-16 04:10,8521.0,8521.0,8520.75,8520.75,4.0
2019-12-16 04:11,8521.0,8521.0,8520.5,8520.5,13.0
2019-12-16 04:12,8520.5,8520.75,8520.5,8520.75,18.0
2019-12-16 04:13,8520.75,8520.75,8520.75,8520.75,3.0
2019-12-16 04:14,8520.75,8520.75,8520.5,8520.75,7.0
2019-12-16 04:15,8521.0,8521.5,8521.0,8521.5,10.0
2019-12-16 04:16,8521.25,8521.25,8521.0,8521.0,3.0
2019-12-16 04:17,8521.25,8521.5,8521.25,8521.5,6.0
2019-12-16 04:18,8521.5,8521.75,8521.25,8521.5,16.0
2019-12-16 04:19,8521.5,8521.75,8521.5,8521.5,7.0
2019-12-16 04:20,8521.25,8521.75,8521.25,8521.75,19.0
2019-12-16 04:21,8521.75,8521.75,8521.75,8521.75,8.0
2019-12-16 04:22,8522.0,8522.0,8521.5,8521.5,6.0
2019-12-16 04:23,8521.75,8521.75,8521.5,8521.75,4.0
2019-12-16 04:24,8521.5,8521.5,8521.5,8521.5,2.0
2019-12-16 04:25,8521.5,8521.5,8521.5,8521.5,3.0
2019-12-16 04:26,8521.75,8521.75,8521.5,8521.5,7.0
2019-12-16 04:27,8521.5,8521.75,8521.25,8521.75,7.0
2019-12-16 04:28,8521.5,8521.75,8521.5,8521.75,5.0
2019-12-16 04:29,8521.75,8522.0,8521.75,8522.0,8.0
2019-12-16 04:30,8521.75,8523.0,8521.5,8522.5,29.0
2019-12-16 04:31,8522.5,8522.5,8521.75,8522.0,5.0
2019-12-16 04:32,8521.75,8521.75,8521.25,8521.5,14.0
2019-12-16 04:33,8521.5,8521.5,8521.0,8521.0,19.0
2019-12-16 04:34,8521.0,8521.25,8521.0,8521.25,8.0
2019-12-16 04:35,8521.25,8521.5,8521.25,8521.5,14.0
2019-12-16 04:36,8521.0,8521.0,8520.75,8520.75,6.0
2019-12-16 04:37,8520.75,8521.0,8520.5,8520.75,10.0
2019-12-16 04:38,8520.5,8520.5,8520.0,8520.0,4.0
2019-12-16 04:39,8520.0,8520.25,8519.75,8520.0,19.0
2019-12-16 04:40,8520.0,8520.5,8520.0,8520.5,19.0
2019-12-16 04:41,8520.5,8520.5,8520.25,8520.25,6.0
2019-12-16 04:42,8520.5,8520.75,8520.5,8520.5,14.0
2019-12-16 04:43,8520.5,8521.0,8520.5,8521.0,4.0
2019-12-16 04:44,8521.0,8521.25,8521.0,8521.25,17.0
2019-12-16 04:45,8521.5,8521.5,8520.75,8520.75,15.0
2019-12-16 04:46,8521.0,8521.5,8521.0,8521.5,7.0
2019-12-16 04:47,8521.25,8521.5,8521.25,8521.5,8.0
2019-12-16 04:48,8521.0,8521.0,8521.0,8521.0,3.0
2019-12-16 04:49,8521.25,8521.25,8521.0,8521.0,7.0
2019-12-16 04:50,8521.25,8521.5,8521.25,8521.25,3.0
2019-12-16 04:51,8521.25,8521.25,8521.0,8521.0,3.0
2019-12-16 04:52,8521.0,8521.0,8521.0,8521.0,3.0
2019-12-16 04:53,8521.0,8521.0,8520.75,8521.0,4.0
2019-12-16 04:54,8521.0,8521.25,8520.5,8521.0,24.0
2019-12-16 04:55,8520.75,8520.75,8520.75,8520.75,11.0
2019-12-16 04:56,8520.75,8520.75,8520.75,8520.75,3.0
2019-12-16 04:57,8520.75,8520.75,8520.75,8520.75,2.0
2019-12-16 04:58,8520.75,8521.0,8520.75,8520.75,6.0
2019-12-16 04:59,8520.75,8521.0,8520.75,8520.75,17.0
2019-12-16 05:00,8520.75,8521.25,8520.75,8521.0,9.0
2019-12-16 05:01,8520.75,8520.75,8520.5,8520.5,16.0
2019-12-16 05:02,8521.0,8521.25,8521.0,8521.0,12.0
2019-12-16 05:03,8521.0,8521.25,8521.0,8521.25,8.0
2019-12-16 05:04,8521.25,8521.25,8520.75,8520.75,4.0
2019-12-16 05:05,8520.75,8521.0,8520.75,8521.0,8.0
2019-12-16 05:06,8521.0,8521.0,8521.0,8521.0,12.0
2019-12-16 05:07,8521.0,8521.25,8521.0,8521.25,9.0
2019-12-16 05:08,8520.75,8520.75,8520.25,8520.5,26.0
2019-12-16 05:09,8520.75,8520.75,8520.0,8520.0,20.0
2019-12-16 05:10,8520.0,8520.0,8520.0,8520.0,12.0
2019-12-16 05:11,8519.75,8520.0,8519.25,8519.5,33.0
2019-12-16 05:12,8519.25,8520.0,8519.25,8520.0,53.0
2019-12-16 05:13,8520.0,8520.0,8519.5,8520.0,35.0
2019-12-16 05:14,8520.0,8520.0,8519.75,8519.75,11.0
2019-12-16 05:15,8519.5,8520.0,8519.5,8520.0,8.0
2019-12-16 05:16,8520.0,8520.0,8519.75,8520.0,5.0
2019-12-16 05:17,8519.75,8520.0,8519.75,8520.0,15.0
2019-12-16 05:18,8520.0,8521.0,8520.0,8521.0,32.0
2019-12-16 05:19,8521.25,8521.5,8521.25,8521.5,33.0
2019-12-16 05:20,8521.25,8521.25,8520.75,8520.75,23.0
2019-12-16 05:21,8521.25,8521.25,8520.5,8520.75,15.0
2019-12-16 05:22,8520.75,8521.0,8520.75,8520.75,8.0
2019-12-16 05:23,8520.75,8520.75,8520.5,8520.5,9.0
2019-12-16 05:24,8520.25,8520.5,8520.0,8520.25,10.0
2019-12-16 05:25,8520.0,8520.0,8520.0,8520.0,7.0
2019-12-16 05:26,8520.0,8520.0,8519.5,8519.75,19.0
2019-12-16 05:27,8519.75,8520.0,8519.5,8520.0,6.0
2019-12-16 05:28,8520.0,8520.0,8519.75,8519.75,11.0
2019-12-16 05:29,8520.0,8520.25,8519.75,8520.0,18.0
2019-12-16 05:30,8520.0,8521.25,8520.0,8521.0,28.0
2019-12-16 05:31,8520.75,8521.0,8520.5,8520.75,14.0
2019-12-16 05:32,8520.75,8520.75,8520.5,8520.75,12.0
2019-12-16 05:33,8520.5,8520.5,8520.0,8520.25,8.0
2019-12-16 05:34,8520.25,8520.25,8520.0,8520.0,16.0
2019-12-16 05:35,8520.0,8520.0,8519.75,8519.75,12.0
2019-12-16 05:36,8520.25,8520.25,8520.25,8520.25,2.0
2019-12-16 05:37,8520.25,8520.75,8520.25,8520.75,8.0
2019-12-16 05:38,8520.5,8520.75,8520.5,8520.5,6.0
2019-12-16 05:39,8520.75,8520.75,8520.5,8520.5,12.0
2019-12-16 05:40,8520.5,8520.75,8520.0,8520.25,22.0
2019-12-16 05:41,8520.25,8520.5,8520.25,8520.5,5.0
2019-12-16 05:42,8520.5,8520.5,8520.5,8520.5,2.0
2019-12-16 05:43,8520.25,8520.5,8520.25,8520.5,3.0
2019-12-16 05:44,8520.5,8520.5,8520.25,8520.25,22.0
2019-12-16 05:45,8520.5,8520.5,8520.0,8520.0,6.0
2019-12-16 05:46,8519.75,8519.75,8519.0,8519.25,26.0
2019-12-16 05:47,8519.0,8519.0,8518.5,8518.5,68.0
2019-12-16 05:48,8518.75,8518.75,8518.25,8518.5,12.0
2019-12-16 05:49,8518.5,8518.75,8518.5,8518.75,19.0
2019-12-16 05:50,8518.75,8519.0,8518.5,8518.75,23.0
2019-12-16 05:51,8518.75,8519.0,8518.5,8518.5,16.0
2019-12-16 05:52,8518.5,8518.5,8518.25,8518.5,18.0
2019-12-16 05:53,8518.25,8518.75,8518.0,8518.75,13.0
2019-12-16 05:54,8518.75,8518.75,8518.75,8518.75,5.0
2019-12-16 05:55,8518.75,8518.75,8518.5,8518.5,7.0
2019-12-16 05:56,8518.5,8518.5,8518.5,8518.5,9.0
2019-12-16 05:57,8518.5,8518.75,8518.25,8518.75,16.0
2019-12-16 05:58,8518.75,8518.75,8517.75,8517.75,27.0
2019-12-16 05:59,8517.75,8518.25,8517.5,8518.25,41.0
2019-12-16 06:00,8518.0,8518.5,8516.0,8516.5,157.0
2019-12-16 06:01,8516.5,8516.5,8515.5,8515.75,146.0
2019-12-16 06:02,8516.0,8516.25,8515.5,8515.75,83.0
2019-12-16 06:03,8515.75,8515.75,8514.75,8515.5,73.0
2019-12-16 06:04,8515.5,8516.0,8514.5,8515.0,115.0
2019-12-16 06:05,8515.0,8516.25,8515.0,8516.25,103.0
2019-12-16 06:06,8516.0,8516.25,8515.75,8516.0,32.0
2019-12-16 06:07,8516.25,8517.0,8515.5,8517.0,45.0
2019-12-16 06:08,8517.0,8517.5,8517.0,8517.0,41.0
2019-12-16 06:09,8516.75,8518.0,8516.75,8518.0,29.0
2019-12-16 06:10,8518.0,8518.25,8518.0,8518.25,13.0
2019-12-16 06:11,8518.5,8519.0,8517.75,8518.25,57.0
2019-12-16 06:12,8518.5,8518.5,8517.5,8517.5,41.0
2019-12-16 06:13,8517.5,8520.0,8517.5,8520.0,99.0
2019-12-16 06:14,8520.0,8522.25,8520.0,8521.75,152.0
2019-12-16 06:15,8521.75,8522.5,8521.75,8522.0,62.0
2019-12-16 06:16,8522.0,8522.25,8521.75,8522.0,22.0
2019-12-16 06:17,8522.0,8523.0,8522.0,8523.0,35.0
2019-12-16 06:18,8523.0,8523.25,8522.25,8522.5,53.0
2019-12-16 06:19,8522.25,8523.0,8522.25,8523.0,37.0
2019-12-16 06:20,8523.0,8523.5,8522.25,8522.25,34.0
2019-12-16 06:21,8522.25,8522.5,8522.0,8522.25,30.0
2019-12-16 06:22,8522.0,8522.25,8521.25,8522.0,25.0
2019-12-16 06:23,8522.0,8522.5,8522.0,8522.25,10.0
2019-12-16 06:24,8522.5,8522.5,8522.0,8522.25,11.0
2019-12-16 06:25,8522.0,8522.0,8521.5,8521.5,24.0
2019-12-16 06:26,8521.5,8522.25,8521.5,8522.0,10.0
2019-12-16 06:27,8522.0,8523.0,8522.0,8522.25,31.0
2019-12-16 06:28,8521.75,8521.75,8521.5,8521.5,2.0
2019-12-16 06:29,8521.5,8521.75,8521.25,8521.5,19.0
2019-12-16 06:30,8521.25,8522.25,8521.0,8522.25,36.0
2019-12-16 06:31,8522.25,8522.25,8521.75,8522.0,12.0
2019-12-16 06:32,8522.0,8522.0,8521.25,8521.75,28.0
2019-12-16 06:33,8521.75,8522.25,8521.5,8521.5,6.0
2019-12-16 06:34,8521.5,8521.75,8521.5,8521.5,7.0
2019-12-16 06:35,8521.25,8521.5,8520.0,8520.0,62.0
2019-12-16 06:36,8520.25,8522.0,8520.0,8522.0,42.0
2019-12-16 06:37,8521.75,8522.0,8521.5,8522.0,15.0
2019-12-16 06:38,8522.0,8522.0,8521.0,8521.5,24.0
2019-12-16 06:39,8521.75,8521.75,8521.0,8521.0,7.0
2019-12-16 06:40,8521.25,8521.5,8520.75,8521.25,36.0
2019-12-16 06:41,8521.25,8521.75,8521.25,8521.75,7.0
2019-12-16 06:42,8521.75,8522.5,8521.75,8522.25,40.0
2019-12-16 06:43,8522.25,8522.25,8522.0,8522.0,9.0
2019-12-16 06:44,8522.0,8522.0,8521.75,8522.0,8.0
2019-12-16 06:45,8522.25,8524.75,8522.25,8524.75,159.0
2019-12-16 06:46,8524.75,8527.25,8524.75,8527.25,213.0
2019-12-16 06:47,8526.75,8527.25,8526.25,8527.25,57.0
2019-12-16 06:48,8527.25,8527.75,8526.75,8527.5,82.0
2019-12-16 06:49,8527.25,8527.25,8526.5,8526.75,23.0
2019-12-16 06:50,8526.5,8526.5,8526.25,8526.5,23.0
2019-12-16 06:51,8526.25,8527.5,8525.75,8526.5,60.0
2019-12-16 06:52,8526.5,8527.0,8525.0,8525.0,66.0
2019-12-16 06:53,8525.25,8526.5,8525.25,8526.25,27.0
2019-12-16 06:54,8526.0,8526.5,8526.0,8526.25,26.0
2019-12-16 06:55,8526.0,8526.0,8525.5,8525.75,16.0
2019-12-16 06:56,8525.75,8525.75,8525.5,8525.5,10.0
2019-12-16 06:57,8525.5,8525.5,8525.25,8525.25,7.0
2019-12-16 06:58,8525.5,8525.5,8525.0,8525.0,17.0
2019-12-16 06:59,8525.0,8525.0,8524.75,8524.75,21.0
2019-12-16 07:00,8524.75,8526.25,8524.25,8526.25,48.0
2019-12-16 07:01,8526.25,8529.5,8525.25,8528.0,129.0
2019-12-16 07:02,8528.0,8528.25,8527.0,8527.0,36.0
2019-12-16 07:03,8527.5,8527.5,8527.0,8527.0,7.0
2019-12-16 07:04,8527.0,8527.0,8526.0,8526.5,33.0
2019-12-16 07:05,8526.75,8526.75,8523.5,8524.25,89.0
2019-12-16 07:06,8524.0,8525.75,8523.75,8525.25,28.0
2019-12-16 07:07,8525.5,8525.75,8525.0,8525.25,19.0
2019-12-16 07:08,8525.0,8525.0,8523.75,8524.5,17.0
2019-12-16 07:09,8524.0,8524.25,8523.0,8523.5,49.0
2019-12-16 07:10,8524.25,8524.5,8523.75,8523.75,7.0
2019-12-16 07:11,8523.5,8524.0,8523.0,8523.75,15.0
2019-12-16 07:12,8524.25,8524.5,8524.25,8524.5,4.0
2019-12-16 07:13,8524.5,8524.5,8523.5,8524.0,9.0
2019-12-16 07:14,8524.25,8524.25,8524.0,8524.0,13.0
2019-12-16 07:15,8524.0,8524.0,8523.25,8523.5,27.0
2019-12-16 07:16,8523.25,8523.5,8522.75,8522.75,13.0
2019-12-16 07:17,8522.75,8524.0,8522.75,8523.5,39.0
2019-12-16 07:18,8523.25,8523.5,8522.5,8522.75,29.0
2019-12-16 07:19,8523.0,8523.0,8522.25,8522.75,24.0
2019-12-16 07:20,8522.25,8522.75,8522.0,8522.75,22.0
2019-12-16 07:21,8522.75,8522.75,8521.75,8522.0,25.0
2019-12-16 07:22,8521.75,8522.25,8521.75,8522.0,13.0
2019-12-16 07:23,8521.75,8522.25,8521.75,8521.75,15.0
2019-12-16 07:24,8522.0,8522.0,8521.5,8521.5,73.0
2019-12-16 07:25,8521.5,8521.75,8521.0,8521.25,38.0
2019-12-16 07:26,8521.25,8521.25,8521.0,8521.0,9.0
2019-12-16 07:27,8521.25,8521.25,8521.0,8521.0,41.0
2019-12-16 07:28,8521.25,8522.0,8521.25,8521.5,78.0
2019-12-16 07:29,8521.25,8521.25,8521.0,8521.0,24.0
2019-12-16 07:30,8521.25,8521.25,8520.75,8521.25,37.0
2019-12-16 07:31,8521.25,8521.75,8521.0,8521.25,48.0
2019-12-16 07:32,8521.75,8522.5,8521.75,8522.5,43.0
2019-12-16 07:33,8522.25,8523.25,8522.25,8522.5,29.0
2019-12-16 07:34,8522.5,8523.25,8522.25,8523.0,57.0
2019-12-16 07:35,8523.25,8523.25,8521.75,8522.0,27.0
2019-12-16 07:36,8521.75,8522.5,8521.75,8522.0,14.0
2019-12-16 07:37,8522.25,8522.25,8521.0,8521.25,24.0
2019-12-16 07:38,8521.25,8521.75,8521.25,8521.5,11.0
2019-12-16 07:39,8521.75,8522.0,8521.25,8521.25,36.0
2019-12-16 07:40,8521.0,8521.25,8520.5,8521.25,55.0
2019-12-16 07:41,8521.5,8522.75,8521.5,8522.5,29.0
2019-12-16 07:42,8522.75,8522.75,8521.25,8522.25,122.0
2019-12-16 07:43,8522.0,8522.75,8522.0,8522.75,8.0
2019-12-16 07:44,8522.75,8523.0,8522.5,8522.5,10.0
2019-12-16 07:45,8522.75,8523.0,8522.25,8522.5,13.0
2019-12-16 07:46,8522.5,8523.25,8522.5,8523.25,13.0
2019-12-16 07:47,8523.5,8523.75,8522.75,8523.0,17.0
2019-12-16 07:48,8522.75,8524.0,8522.25,8523.25,105.0
2019-12-16 07:49,8523.0,8524.25,8522.75,8523.75,104.0
2019-12-16 07:50,8523.5,8523.5,8523.0,8523.0,8.0
2019-12-16 07:51,8522.25,8522.25,8521.0,8522.25,37.0
2019-12-16 07:52,8522.25,8523.5,8522.25,8523.25,13.0
2019-12-16 07:53,8523.25,8524.0,8523.25,8523.5,20.0
2019-12-16 07:54,8523.5,8523.5,8521.0,8521.75,32.0
2019-12-16 07:55,8521.75,8523.25,8520.5,8522.25,200.0
2019-12-16 07:56,8522.25,8522.5,8522.0,8522.25,33.0
2019-12-16 07:57,8522.0,8522.5,8522.0,8522.25,8.0
2019-12-16 07:58,8522.0,8522.0,8521.0,8521.0,22.0
2019-12-16 07:59,8521.0,8521.25,8520.75,8520.75,29.0
2019-12-16 08:00,8520.75,8524.0,8519.75,8522.25,302.0
2019-12-16 08:01,8522.5,8531.25,8522.5,8525.75,429.0
2019-12-16 08:02,8525.5,8525.75,8523.0,8523.25,109.0
2019-12-16 08:03,8523.5,8525.75,8523.0,8523.5,166.0
2019-12-16 08:04,8523.75,8525.0,8523.25,8523.75,188.0
2019-12-16 08:05,8524.25,8526.0,8523.5,8524.25,169.0
2019-12-16 08:06,8523.75,8526.0,8523.75,8525.25,168.0
2019-12-16 08:07,8525.0,8525.25,8524.0,8524.25,147.0
2019-12-16 08:08,8524.75,8525.0,8521.0,8521.75,95.0
2019-12-16 08:09,8522.25,8524.25,8520.75,8523.0,104.0
2019-12-16 08:10,8523.5,8526.25,8523.5,8524.75,76.0
2019-12-16 08:11,8524.75,8525.0,8523.5,8524.5,44.0
2019-12-16 08:12,8524.75,8526.0,8524.25,8524.5,49.0
2019-12-16 08:13,8524.75,8524.75,8524.0,8524.25,20.0
2019-12-16 08:14,8524.5,8526.0,8524.5,8525.75,68.0
2019-12-16 08:15,8525.5,8528.75,8521.5,8528.0,355.0
2019-12-16 08:16,8527.5,8528.5,8526.25,8527.0,102.0
2019-12-16 08:17,8527.0,8529.0,8525.75,8527.0,135.0
2019-12-16 08:18,8527.25,8528.75,8527.25,8527.5,234.0
2019-12-16 08:19,8528.0,8528.75,8525.25,8526.0,119.0
2019-12-16 08:20,8526.25,8526.25,8525.0,8525.5,74.0
2019-12-16 08:21,8526.25,8526.75,8526.0,8526.0,67.0
2019-12-16 08:22,8525.5,8525.75,8525.0,8525.0,25.0
2019-12-16 08:23,8525.5,8526.5,8525.0,8525.0,65.0
2019-12-16 08:24,8525.0,8526.25,8523.5,8526.0,120.0
2019-12-16 08:25,8526.0,8527.5,8525.75,8526.25,78.0
2019-12-16 08:26,8526.75,8527.0,8526.25,8526.75,36.0
2019-12-16 08:27,8527.0,8528.75,8526.5,8528.75,222.0
2019-12-16 08:28,8528.25,8528.5,8526.75,8527.5,45.0
2019-12-16 08:29,8527.25,8528.25,8527.25,8527.75,39.0
2019-12-16 08:30,8526.5,8530.5,8524.5,8528.75,183.0
2019-12-16 08:31,8529.0,8529.75,8528.0,8529.75,58.0
2019-12-16 08:32,8529.75,8530.75,8529.0,8529.5,86.0
2019-12-16 08:33,8530.0,8530.5,8529.25,8529.25,45.0
2019-12-16 08:34,8529.5,8530.0,8528.75,8528.75,23.0
2019-12-16 08:35,8528.75,8529.75,8528.5,8529.0,45.0
2019-12-16 08:36,8529.0,8531.0,8529.0,8530.25,53.0
2019-12-16 08:37,8530.25,8530.75,8529.5,8530.25,37.0
2019-12-16 08:38,8530.0,8530.0,8528.5,8528.5,31.0
2019-12-16 08:39,8528.5,8529.25,8528.5,8529.0,16.0
2019-12-16 08:40,8528.75,8529.5,8528.75,8529.25,38.0
2019-12-16 08:41,8529.5,8530.75,8529.5,8530.5,36.0
2019-12-16 08:42,8530.75,8531.0,8529.25,8529.75,43.0
2019-12-16 08:43,8530.25,8530.25,8529.0,8529.0,36.0
2019-12-16 08:44,8529.25,8531.25,8529.25,8531.0,42.0
2019-12-16 08:45,8530.75,8531.0,8529.5,8529.5,53.0
2019-12-16 08:46,8529.5,8529.75,8528.75,8529.0,56.0
2019-12-16 08:47,8529.0,8529.0,8527.0,8528.25,100.0
2019-12-16 08:48,8528.5,8529.25,8528.0,8528.75,42.0
2019-12-16 08:49,8529.0,8529.0,8525.75,8526.75,100.0
2019-12-16 08:50,8527.25,8528.0,8526.75,8528.0,82.0
2019-12-16 08:51,8528.25,8532.25,8528.25,8531.5,132.0
2019-12-16 08:52,8531.0,8533.0,8530.25,8532.75,189.0
2019-12-16 08:53,8532.75,8533.25,8531.5,8532.0,106.0
2019-12-16 08:54,8531.75,8531.75,8529.5,8529.75,83.0
2019-12-16 08:55,8530.0,8530.0,8528.5,8528.75,56.0
2019-12-16 08:56,8529.0,8529.0,8527.75,8528.0,47.0
2019-12-16 08:57,8527.75,8527.75,8526.75,8527.0,59.0
2019-12-16 08:58,8527.25,8528.0,8527.0,8527.5,61.0
2019-12-16 08:59,8527.0,8528.75,8527.0,8527.5,59.0
2019-12-16 09:00,8527.25,8528.75,8526.5,8527.5,69.0
2019-12-16 09:01,8527.5,8527.5,8525.75,8525.75,56.0
2019-12-16 09:02,8525.75,8526.25,8525.25,8525.5,43.0
2019-12-16 09:03,8525.5,8526.0,8524.75,8526.0,114.0
2019-12-16 09:04,8526.0,8526.25,8526.0,8526.25,12.0
2019-12-16 09:05,8526.5,8526.5,8525.5,8526.25,22.0
2019-12-16 09:06,8526.25,8526.75,8525.75,8526.25,34.0
2019-12-16 09:07,8526.25,8526.25,8525.25,8526.0,37.0
2019-12-16 09:08,8526.25,8526.5,8525.0,8525.0,58.0
2019-12-16 09:09,8524.75,8525.5,8524.5,8524.75,48.0
2019-12-16 09:10,8525.25,8526.0,8524.75,8526.0,36.0
2019-12-16 09:11,8525.75,8527.5,8525.5,8526.5,70.0
2019-12-16 09:12,8526.5,8526.75,8525.75,8525.75,41.0
2019-12-16 09:13,8525.5,8527.5,8525.5,8527.0,27.0
2019-12-16 09:14,8526.75,8527.25,8526.75,8527.25,11.0
2019-12-16 09:15,8527.5,8527.5,8527.0,8527.25,37.0
2019-12-16 09:16,8527.5,8527.75,8527.0,8527.75,20.0
2019-12-16 09:17,8527.75,8528.25,8527.25,8527.25,28.0
2019-12-16 09:18,8527.25,8527.75,8527.25,8527.75,17.0
2019-12-16 09:19,8528.0,8528.0,8527.25,8527.5,21.0
2019-12-16 09:20,8527.5,8527.75,8527.0,8527.75,29.0
2019-12-16 09:21,8528.0,8528.5,8527.75,8528.5,13.0
2019-12-16 09:22,8527.75,8528.0,8527.25,8527.5,13.0
2019-12-16 09:23,8527.5,8528.0,8527.5,8528.0,14.0
2019-12-16 09:24,8527.75,8527.75,8525.0,8526.0,160.0
2019-12-16 09:25,8525.75,8526.5,8525.0,8526.5,114.0
2019-12-16 09:26,8526.5,8527.75,8526.25,8527.25,32.0
2019-12-16 09:27,8527.5,8528.0,8527.0,8527.5,30.0
2019-12-16 09:28,8527.75,8528.25,8527.75,8528.0,32.0
2019-12-16 09:29,8528.0,8528.25,8527.5,8527.5,29.0
2019-12-16 09:30,8527.5,8527.5,8524.75,8526.0,94.0
2019-12-16 09:31,8526.0,8526.25,8525.25,8525.25,48.0
2019-12-16 09:32,8525.5,8525.5,8525.0,8525.5,68.0
2019-12-16 09:33,8525.5,8525.75,8525.25,8525.25,9.0
2019-12-16 09:34,8525.75,8526.0,8525.5,8526.0,13.0
2019-12-16 09:35,8526.0,8526.25,8525.25,8525.75,40.0
2019-12-16 09:36,8525.75,8526.75,8525.75,8526.5,27.0
2019-12-16 09:37,8526.0,8526.5,8525.25,8526.5,21.0
2019-12-16 09:38,8526.5,8526.75,8526.5,8526.75,9.0
2019-12-16 09:39,8527.0,8527.25,8526.75,8527.0,14.0
2019-12-16 09:40,8526.75,8528.25,8526.75,8528.25,55.0
2019-12-16 09:41,8528.0,8528.0,8527.5,8527.5,40.0
2019-12-16 09:42,8527.75,8527.75,8527.5,8527.75,25.0
2019-12-16 09:43,8527.75,8529.25,8527.5,8528.75,68.0
2019-12-16 09:44,8528.75,8529.0,8528.0,8529.0,45.0
2019-12-16 09:45,8529.0,8529.0,8527.75,8528.0,28.0
2019-12-16 09:46,8528.25,8528.5,8527.75,8528.0,32.0
2019-12-16 09:47,8528.0,8528.0,8527.75,8527.75,18.0
2019-12-16 09:48,8527.75,8528.5,8527.75,8528.25,26.0
2019-12-16 09:49,8528.25,8528.25,8527.75,8527.75,23.0
2019-12-16 09:50,8527.75,8528.0,8527.0,8527.75,18.0
2019-12-16 09:51,8527.75,8528.0,8527.75,8528.0,15.0
2019-12-16 09:52,8528.0,8528.0,8527.25,8527.25,25.0
2019-12-16 09:53,8527.0,8527.75,8526.75,8527.75,28.0
2019-12-16 09:54,8527.75,8528.0,8527.5,8527.5,11.0
2019-12-16 09:55,8528.0,8528.5,8527.25,8527.5,26.0
2019-12-16 09:56,8527.5,8528.5,8527.5,8527.75,24.0
2019-12-16 09:57,8528.0,8528.0,8527.5,8527.75,21.0
2019-12-16 09:58,8527.75,8527.75,8527.5,8527.5,7.0
2019-12-16 09:59,8528.25,8528.5,8527.5,8527.5,18.0
2019-12-16 10:00,8527.5,8527.75,8527.25,8527.75,17.0
2019-12-16 10:01,8527.5,8527.5,8526.75,8526.75,26.0
2019-12-16 10:02,8527.0,8527.5,8527.0,8527.5,17.0
2019-12-16 10:03,8527.5,8527.5,8526.75,8527.0,14.0
2019-12-16 10:04,8527.0,8527.5,8526.75,8527.0,43.0
2019-12-16 10:05,8527.25,8528.0,8527.25,8527.75,37.0
2019-12-16 10:06,8527.75,8528.0,8527.5,8527.75,15.0
2019-12-16 10:07,8527.75,8527.75,8526.75,8526.75,22.0
2019-12-16 10:08,8526.75,8528.25,8526.75,8528.25,33.0
2019-12-16 10:09,8528.25,8528.25,8527.75,8528.25,13.0
2019-12-16 10:10,8528.25,8528.5,8527.75,8528.0,9.0
2019-12-16 10:11,8528.0,8528.0,8527.5,8527.5,13.0
2019-12-16 10:12,8527.25,8527.25,8526.5,8527.0,30.0
2019-12-16 10:13,8526.75,8527.0,8526.25,8526.25,46.0
2019-12-16 10:14,8526.0,8526.0,8524.0,8524.0,93.0
2019-12-16 10:15,8524.5,8524.5,8522.25,8522.75,142.0
2019-12-16 10:16,8523.0,8523.75,8522.75,8523.25,41.0
2019-12-16 10:17,8523.0,8523.75,8522.75,8523.25,43.0
2019-12-16 10:18,8523.25,8523.5,8523.0,8523.0,16.0
2019-12-16 10:19,8523.25,8523.5,8523.0,8523.0,20.0
2019-12-16 10:20,8523.0,8523.25,8522.75,8523.0,38.0
2019-12-16 10:21,8523.25,8523.5,8523.0,8523.25,14.0
2019-12-16 10:22,8523.25,8523.75,8523.25,8523.75,24.0
2019-12-16 10:23,8524.0,8525.25,8524.0,8524.5,39.0
2019-12-16 10:24,8524.75,8525.25,8524.75,8525.25,31.0
2019-12-16 10:25,8525.25,8525.5,8525.0,8525.0,46.0
2019-12-16 10:26,8525.0,8525.25,8525.0,8525.0,10.0
2019-12-16 10:27,8525.0,8525.5,8525.0,8525.25,36.0
2019-12-16 10:28,8525.5,8525.75,8525.5,8525.5,13.0
2019-12-16 10:29,8525.5,8525.75,8524.75,8525.0,20.0
2019-12-16 10:30,8525.0,8525.5,8524.75,8525.5,28.0
2019-12-16 10:31,8525.25,8525.25,8525.0,8525.25,21.0
2019-12-16 10:32,8525.5,8526.75,8525.5,8526.5,28.0
2019-12-16 10:33,8526.5,8527.0,8526.25,8526.25,24.0
2019-12-16 10:34,8526.25,8526.75,8526.25,8526.75,12.0
2019-12-16 10:35,8526.25,8526.5,8525.5,8526.5,40.0
2019-12-16 10:36,8526.5,8526.5,8526.25,8526.5,42.0
2019-12-16 10:37,8526.5,8527.25,8526.5,8527.25,17.0
2019-12-16 10:38,8527.25,8527.5,8526.25,8526.25,42.0
2019-12-16 10:39,8526.0,8526.5,8526.0,8526.5,12.0
2019-12-16 10:40,8526.5,8527.75,8526.5,8527.75,25.0
2019-12-16 10:41,8527.5,8527.75,8526.75,8527.0,23.0
2019-12-16 10:42,8527.0,8527.0,8526.0,8526.0,12.0
2019-12-16 10:43,8526.0,8526.25,8525.5,8525.75,24.0
2019-12-16 10:44,8525.75,8525.75,8524.5,8524.75,59.0
2019-12-16 10:45,8524.75,8524.75,8523.25,8523.5,96.0
2019-12-16 10:46,8523.75,8523.75,8523.0,8523.75,52.0
2019-12-16 10:47,8523.5,8523.75,8523.0,8523.0,17.0
2019-12-16 10:48,8522.75,8523.25,8522.75,8523.0,12.0
2019-12-16 10:49,8522.75,8523.5,8522.75,8523.25,16.0
2019-12-16 10:50,8522.5,8523.0,8522.5,8522.75,56.0
2019-12-16 10:51,8522.75,8523.0,8521.75,8522.75,37.0
2019-12-16 10:52,8522.5,8522.75,8521.0,8522.5,51.0
2019-12-16 10:53,8522.75,8523.25,8522.25,8523.0,54.0
2019-12-16 10:54,8522.5,8522.75,8522.0,8522.5,24.0
2019-12-16 10:55,8523.0,8523.75,8523.0,8523.75,27.0
2019-12-16 10:56,8523.5,8524.5,8523.5,8524.25,20.0
2019-12-16 10:57,8524.5,8524.5,8523.75,8524.0,25.0
2019-12-16 10:58,8524.0,8524.0,8523.75,8524.0,13.0
2019-12-16 10:59,8523.75,8523.75,8523.25,8523.75,5.0
2019-12-16 11:00,8523.75,8524.25,8523.75,8524.25,35.0
2019-12-16 11:01,8524.5,8524.5,8524.0,8524.25,16.0
2019-12-16 11:02,8524.5,8524.75,8524.5,8524.5,34.0
2019-12-16 11:03,8524.5,8526.5,8524.5,8525.5,68.0
2019-12-16 11:04,8525.5,8526.0,8525.25,8525.25,30.0
2019-12-16 11:05,8525.25,8525.25,8524.25,8524.5,33.0
2019-12-16 11:06,8524.5,8529.5,8524.0,8528.75,435.0
2019-12-16 11:07,8529.0,8532.0,8528.5,8530.5,323.0
2019-12-16 11:08,8530.25,8530.75,8528.75,8529.0,46.0
2019-12-16 11:09,8528.75,8529.0,8527.75,8528.25,72.0
2019-12-16 11:10,8528.25,8529.0,8527.75,8529.0,21.0
2019-12-16 11:11,8528.75,8530.0,8528.75,8529.75,54.0
2019-12-16 11:12,8529.25,8529.5,8529.25,8529.25,7.0
2019-12-16 11:13,8529.25,8530.0,8529.0,8529.75,21.0
2019-12-16 11:14,8529.75,8530.25,8529.5,8529.75,26.0
2019-12-16 11:15,8529.75,8530.0,8529.5,8529.75,14.0
2019-12-16 11:16,8529.5,8530.0,8529.25,8529.5,18.0
2019-12-16 11:17,8529.5,8529.5,8529.0,8529.5,33.0
2019-12-16 11:18,8529.25,8531.5,8529.0,8530.5,107.0
2019-12-16 11:19,8530.5,8531.25,8530.25,8530.5,79.0
2019-12-16 11:20,8530.5,8531.0,8529.75,8529.75,55.0
2019-12-16 11:21,8529.75,8530.25,8529.75,8530.25,39.0
2019-12-16 11:22,8530.5,8530.5,8530.25,8530.25,14.0
2019-12-16 11:23,8530.0,8530.5,8529.75,8530.25,11.0
2019-12-16 11:24,8530.75,8531.25,8530.25,8531.25,39.0
2019-12-16 11:25,8531.25,8531.25,8529.75,8530.0,48.0
2019-12-16 11:26,8529.75,8530.25,8528.5,8528.5,32.0
2019-12-16 11:27,8528.25,8529.5,8528.0,8529.5,175.0
2019-12-16 11:28,8529.5,8529.75,8529.25,8529.5,40.0
2019-12-16 11:29,8529.5,8530.75,8529.5,8530.5,32.0
2019-12-16 11:30,8530.25,8530.25,8528.75,8528.75,32.0
2019-12-16 11:31,8528.75,8529.25,8528.5,8529.0,15.0
2019-12-16 11:32,8529.0,8529.5,8529.0,8529.25,6.0
2019-12-16 11:33,8529.25,8529.75,8528.75,8529.5,86.0
2019-12-16 11:34,8529.25,8529.25,8528.75,8529.0,7.0
2019-12-16 11:35,8529.0,8529.5,8529.0,8529.25,19.0
2019-12-16 11:36,8529.0,8529.75,8529.0,8529.5,7.0
2019-12-16 11:37,8529.5,8529.75,8529.25,8529.5,56.0
2019-12-16 11:38,8529.25,8529.25,8528.5,8529.0,25.0
2019-12-16 11:39,8528.75,8529.75,8528.75,8529.5,17.0
2019-12-16 11:40,8529.25,8529.5,8529.25,8529.5,13.0
2019-12-16 11:41,8529.75,8529.75,8528.5,8529.25,25.0
2019-12-16 11:42,8529.0,8529.0,8528.75,8529.0,19.0
2019-12-16 11:43,8529.25,8530.25,8529.25,8529.75,38.0
2019-12-16 11:44,8530.0,8531.25,8529.75,8530.0,63.0
2019-12-16 11:45,8529.75,8530.0,8529.0,8529.0,14.0
2019-12-16 11:46,8529.25,8530.5,8529.25,8530.25,12.0
2019-12-16 11:47,8530.0,8531.75,8529.75,8531.25,93.0
2019-12-16 11:48,8531.0,8532.0,8531.0,8532.0,22.0
2019-12-16 11:49,8531.75,8532.0,8531.25,8531.25,19.0
2019-12-16 11:50,8530.75,8531.5,8530.75,8531.5,12.0
2019-12-16 11:51,8531.5,8532.0,8531.25,8531.75,63.0
2019-12-16 11:52,8531.25,8531.5,8530.0,8530.5,59.0
2019-12-16 11:53,8530.0,8530.5,8529.75,8530.25,30.0
2019-12-16 11:54,8530.5,8530.75,8530.25,8530.5,16.0
2019-12-16 11:55,8530.5,8530.5,8529.75,8530.0,20.0
2019-12-16 11:56,8530.0,8530.75,8530.0,8530.75,4.0
2019-12-16 11:57,8531.0,8531.0,8530.25,8530.5,9.0
2019-12-16 11:58,8530.75,8531.25,8530.75,8530.75,10.0
2019-12-16 11:59,8530.25,8530.25,8528.75,8529.0,52.0
2019-12-16 12:00,8529.0,8529.5,8528.0,8529.0,47.0
2019-12-16 12:01,8528.75,8530.25,8528.75,8530.0,20.0
2019-12-16 12:02,8530.5,8530.5,8529.5,8529.5,8.0
2019-12-16 12:03,8529.5,8529.75,8529.0,8529.25,16.0
2019-12-16 12:04,8529.25,8529.25,8528.5,8528.5,18.0
2019-12-16 12:05,8528.75,8529.25,8528.5,8528.5,26.0
2019-12-16 12:06,8528.5,8529.0,8528.25,8529.0,9.0
2019-12-16 12:07,8528.75,8528.75,8528.5,8528.75,11.0
2019-12-16 12:08,8528.5,8529.0,8528.25,8529.0,27.0
2019-12-16 12:09,8529.0,8529.5,8528.75,8529.25,18.0
2019-12-16 12:10,8529.25,8529.5,8529.0,8529.25,16.0
2019-12-16 12:11,8529.25,8529.25,8529.0,8529.0,3.0
2019-12-16 12:12,8529.0,8529.5,8529.0,8529.25,17.0
2019-12-16 12:13,8529.25,8530.5,8528.5,8529.25,134.0
2019-12-16 12:14,8529.75,8531.0,8529.75,8530.75,39.0
2019-12-16 12:15,8531.0,8532.0,8530.75,8531.0,37.0
2019-12-16 12:16,8531.0,8533.0,8531.0,8532.0,118.0
2019-12-16 12:17,8532.25,8534.75,8531.75,8534.0,188.0
2019-12-16 12:18,8534.25,8535.5,8534.0,8535.0,181.0
2019-12-16 12:19,8535.0,8535.25,8534.25,8534.25,99.0
2019-12-16 12:20,8534.5,8534.5,8533.75,8534.0,36.0
2019-12-16 12:21,8534.0,8534.5,8533.5,8533.5,23.0
2019-12-16 12:22,8533.5,8535.25,8533.5,8535.0,54.0
2019-12-16 12:23,8535.0,8535.25,8534.5,8534.75,29.0
2019-12-16 12:24,8534.5,8534.5,8534.0,8534.0,32.0
2019-12-16 12:25,8534.0,8534.0,8533.25,8533.25,52.0
2019-12-16 12:26,8533.0,8534.0,8533.0,8534.0,19.0
2019-12-16 12:27,8534.0,8534.0,8533.25,8533.5,19.0
2019-12-16 12:28,8533.25,8534.0,8533.25,8533.5,36.0
2019-12-16 12:29,8533.5,8535.75,8533.5,8534.75,85.0
2019-12-16 12:30,8534.75,8536.25,8534.5,8536.25,47.0
2019-12-16 12:31,8536.0,8536.5,8533.75,8534.0,73.0
2019-12-16 12:32,8533.75,8535.0,8533.75,8534.75,47.0
2019-12-16 12:33,8534.5,8535.5,8534.0,8535.5,42.0
2019-12-16 12:34,8535.5,8536.25,8535.25,8536.0,119.0
2019-12-16 12:35,8536.0,8536.25,8535.25,8535.25,42.0
2019-12-16 12:36,8535.5,8535.5,8534.5,8535.0,44.0
2019-12-16 12:37,8535.0,8535.75,8535.0,8535.25,23.0
2019-12-16 12:38,8535.25,8535.25,8534.75,8534.75,11.0
2019-12-16 12:39,8534.75,8536.0,8534.5,8535.5,48.0
2019-12-16 12:40,8535.5,8536.0,8535.0,8535.0,35.0
2019-12-16 12:41,8535.25,8535.5,8534.0,8534.0,62.0
2019-12-16 12:42,8534.0,8535.0,8533.5,8534.75,68.0
2019-12-16 12:43,8534.75,8538.75,8534.5,8536.75,206.0
2019-12-16 12:44,8536.75,8537.5,8534.25,8534.75,103.0
2019-12-16 12:45,8534.75,8535.75,8534.25,8535.0,64.0
2019-12-16 12:46,8535.25,8536.25,8535.0,8536.0,30.0
2019-12-16 12:47,8535.75,8535.75,8534.5,8535.0,63.0
2019-12-16 12:48,8535.25,8537.0,8535.0,8536.0,96.0
2019-12-16 12:49,8535.75,8537.25,8535.75,8536.75,57.0
2019-12-16 12:50,8536.75,8537.25,8536.25,8536.25,59.0
2019-12-16 12:51,8536.25,8536.25,8535.5,8535.75,46.0
2019-12-16 12:52,8536.0,8537.25,8536.0,8537.0,44.0
2019-12-16 12:53,8537.0,8537.75,8536.75,8537.5,44.0
2019-12-16 12:54,8537.75,8538.25,8536.75,8538.25,66.0
2019-12-16 12:55,8538.0,8539.5,8538.0,8539.0,112.0
2019-12-16 12:56,8539.25,8539.25,8538.5,8538.5,59.0
2019-12-16 12:57,8538.5,8539.75,8538.25,8539.5,79.0
2019-12-16 12:58,8539.25,8539.5,8538.25,8539.25,64.0
2019-12-16 12:59,8539.25,8539.75,8539.0,8539.5,56.0
2019-12-16 13:00,8539.75,8540.5,8539.0,8540.25,149.0
2019-12-16 13:01,8540.25,8542.75,8539.5,8541.75,251.0
2019-12-16 13:02,8541.75,8543.0,8540.75,8541.0,93.0
2019-12-16 13:03,8540.75,8542.0,8540.5,8541.75,58.0
2019-12-16 13:04,8541.5,8541.5,8540.25,8540.25,49.0
2019-12-16 13:05,8540.5,8540.5,8538.75,8538.75,77.0
2019-12-16 13:06,8538.75,8539.25,8538.25,8539.0,74.0
2019-12-16 13:07,8539.0,8539.25,8538.75,8538.75,15.0
2019-12-16 13:08,8539.0,8539.5,8539.0,8539.0,31.0
2019-12-16 13:09,8539.25,8539.75,8538.5,8538.75,36.0
2019-12-16 13:10,8538.5,8540.0,8538.5,8539.5,97.0
2019-12-16 13:11,8539.5,8541.0,8539.5,8540.75,72.0
2019-12-16 13:12,8540.75,8541.0,8540.25,8541.0,28.0
2019-12-16 13:13,8541.0,8541.5,8540.75,8540.75,20.0
2019-12-16 13:14,8540.5,8541.0,8540.5,8541.0,16.0
2019-12-16 13:15,8541.0,8541.5,8540.0,8540.0,32.0
2019-12-16 13:16,8540.0,8541.75,8540.0,8541.75,42.0
2019-12-16 13:17,8541.25,8543.75,8540.75,8541.0,120.0
2019-12-16 13:18,8541.0,8541.25,8540.25,8540.5,19.0
2019-12-16 13:19,8540.5,8541.0,8539.75,8541.0,109.0
2019-12-16 13:20,8540.5,8540.5,8540.0,8540.0,36.0
2019-12-16 13:21,8540.0,8540.0,8539.5,8539.75,41.0
2019-12-16 13:22,8539.5,8540.0,8539.25,8539.5,34.0
2019-12-16 13:23,8539.25,8539.5,8539.0,8539.5,37.0
2019-12-16 13:24,8539.5,8540.0,8539.25,8539.25,52.0
2019-12-16 13:25,8539.25,8539.75,8539.25,8539.5,20.0
2019-12-16 13:26,8539.75,8540.0,8539.25,8539.5,14.0
2019-12-16 13:27,8539.25,8539.75,8539.25,8539.75,13.0
2019-12-16 13:28,8539.75,8540.5,8539.75,8540.5,20.0
2019-12-16 13:29,8540.25,8540.5,8539.25,8539.25,35.0
2019-12-16 13:30,8539.0,8543.0,8538.75,8542.75,72.0
2019-12-16 13:31,8542.75,8545.75,8542.0,8544.5,328.0
2019-12-16 13:32,8544.25,8545.0,8543.0,8544.75,123.0
2019-12-16 13:33,8544.5,8545.0,8543.75,8543.75,135.0
2019-12-16 13:34,8544.25,8544.25,8542.5,8542.5,124.0
2019-12-16 13:35,8542.5,8542.75,8541.0,8541.5,82.0
2019-12-16 13:36,8541.5,8542.0,8540.0,8540.75,84.0
2019-12-16 13:37,8541.0,8542.0,8540.75,8541.25,52.0
2019-12-16 13:38,8541.5,8542.0,8541.0,8541.5,50.0
2019-12-16 13:39,8541.5,8542.0,8540.25,8540.25,112.0
2019-12-16 13:40,8541.0,8541.5,8540.5,8540.75,57.0
2019-12-16 13:41,8541.0,8541.25,8540.25,8541.0,26.0
2019-12-16 13:42,8541.0,8542.5,8540.75,8541.0,120.0
2019-12-16 13:43,8540.75,8541.75,8540.75,8541.75,47.0
2019-12-16 13:44,8541.5,8542.5,8541.5,8542.5,42.0
2019-12-16 13:45,8542.25,8542.5,8541.75,8541.75,52.0
2019-12-16 13:46,8542.0,8542.75,8542.0,8542.5,99.0
2019-12-16 13:47,8542.75,8544.0,8542.5,8543.5,65.0
2019-12-16 13:48,8543.5,8544.5,8543.5,8544.25,38.0
2019-12-16 13:49,8544.25,8547.75,8544.25,8546.25,257.0
2019-12-16 13:50,8546.5,8547.0,8544.5,8545.0,134.0
2019-12-16 13:51,8545.5,8546.5,8544.5,8544.5,73.0
2019-12-16 13:52,8544.5,8545.0,8543.75,8544.5,93.0
2019-12-16 13:53,8544.5,8545.0,8544.0,8544.0,63.0
2019-12-16 13:54,8544.25,8545.75,8543.75,8544.75,104.0
2019-12-16 13:55,8544.5,8544.75,8543.75,8544.0,40.0
2019-12-16 13:56,8544.0,8544.5,8543.75,8544.25,34.0
2019-12-16 13:57,8544.0,8545.25,8544.0,8544.5,43.0
2019-12-16 13:58,8544.75,8546.5,8544.75,8545.75,54.0
2019-12-16 13:59,8545.5,8546.0,8545.25,8546.0,21.0
2019-12-16 14:00,8545.5,8546.75,8545.25,8546.75,111.0
2019-12-16 14:01,8546.5,8547.0,8546.25,8547.0,59.0
2019-12-16 14:02,8547.25,8548.75,8546.5,8547.25,183.0
2019-12-16 14:03,8547.0,8548.0,8546.75,8547.25,96.0
2019-12-16 14:04,8547.25,8547.5,8546.75,8547.25,30.0
2019-12-16 14:05,8547.5,8547.5,8546.0,8546.5,65.0
2019-12-16 14:06,8546.5,8546.75,8545.5,8546.0,80.0
2019-12-16 14:07,8546.0,8546.0,8545.25,8545.75,71.0
2019-12-16 14:08,8546.0,8546.5,8545.5,8546.0,38.0
2019-12-16 14:09,8546.25,8547.5,8546.25,8546.75,68.0
2019-12-16 14:10,8546.5,8548.5,8546.5,8548.0,58.0
2019-12-16 14:11,8548.5,8549.25,8546.75,8549.25,126.0
2019-12-16 14:12,8548.75,8549.25,8548.0,8548.25,61.0
2019-12-16 14:13,8548.25,8549.25,8547.5,8549.25,146.0
2019-12-16 14:14,8549.0,8549.5,8548.75,8549.25,120.0
2019-12-16 14:15,8549.5,8550.5,8547.0,8548.25,375.0
2019-12-16 14:16,8548.0,8548.25,8547.25,8547.75,53.0
2019-12-16 14:17,8547.75,8547.75,8547.0,8547.0,51.0
2019-12-16 14:18,8547.0,8547.25,8546.75,8547.0,27.0
2019-12-16 14:19,8547.0,8549.25,8547.0,8548.0,153.0
2019-12-16 14:20,8548.0,8548.0,8546.75,8546.75,92.0
2019-12-16 14:21,8546.75,8547.5,8546.25,8547.25,130.0
2019-12-16 14:22,8547.25,8547.5,8546.25,8546.25,47.0
2019-12-16 14:23,8546.5,8548.25,8546.5,8547.75,94.0
2019-12-16 14:24,8548.25,8549.5,8548.0,8549.0,93.0
2019-12-16 14:25,8548.5,8548.75,8547.75,8548.75,34.0
2019-12-16 14:26,8548.5,8548.5,8547.75,8547.75,32.0
2019-12-16 14:27,8548.0,8548.25,8547.25,8547.25,62.0
2019-12-16 14:28,8547.25,8547.75,8546.25,8547.0,217.0
2019-12-16 14:29,8547.0,8547.75,8544.75,8545.0,472.0
2019-12-16 14:30,8545.25,8554.0,8544.25,8553.5,1745.0
2019-12-16 14:31,8553.5,8556.5,8552.0,8554.5,1288.0
2019-12-16 14:32,8554.5,8557.5,8552.75,8552.75,919.0
2019-12-16 14:33,8553.0,8559.0,8552.75,8556.75,874.0
2019-12-16 14:34,8556.5,8560.0,8553.0,8557.0,1701.0
2019-12-16 14:35,8557.25,8561.0,8557.25,8557.75,874.0
2019-12-16 14:36,8557.75,8559.0,8555.0,8557.0,739.0
2019-12-16 14:37,8557.0,8562.0,8556.5,8560.5,870.0
2019-12-16 14:38,8560.5,8563.25,8559.5,8561.0,742.0
2019-12-16 14:39,8560.75,8562.5,8557.75,8557.75,787.0
2019-12-16 14:40,8558.0,8561.25,8557.75,8561.0,528.0
2019-12-16 14:41,8561.25,8565.5,8561.25,8564.5,497.0
2019-12-16 14:42,8564.5,8567.0,8564.25,8566.25,403.0
2019-12-16 14:43,8566.25,8567.5,8564.75,8565.0,223.0
2019-12-16 14:44,8565.0,8565.0,8559.5,8562.75,479.0
2019-12-16 14:45,8563.0,8569.75,8562.5,8568.75,871.0
2019-12-16 14:46,8568.25,8572.25,8567.75,8571.25,849.0
2019-12-16 14:47,8571.75,8575.5,8569.25,8575.0,880.0
2019-12-16 14:48,8574.75,8576.5,8573.0,8575.25,829.0
2019-12-16 14:49,8574.75,8574.75,8569.75,8571.5,658.0
2019-12-16 14:50,8571.25,8573.25,8570.5,8572.25,554.0
2019-12-16 14:51,8572.0,8573.0,8570.25,8571.5,272.0
2019-12-16 14:52,8571.5,8575.25,8571.25,8575.0,442.0
2019-12-16 14:53,8575.0,8575.75,8573.25,8574.25,272.0
2019-12-16 14:54,8574.0,8575.0,8571.25,8571.25,311.0
2019-12-16 14:55,8571.25,8571.5,8569.25,8569.75,680.0
2019-12-16 14:56,8569.5,8570.25,8567.0,8567.75,545.0
2019-12-16 14:57,8567.5,8568.5,8565.25,8568.5,428.0
2019-12-16 14:58,8568.5,8568.75,8567.25,8568.75,186.0
2019-12-16 14:59,8569.0,8569.25,8566.75,8568.75,282.0
2019-12-16 15:00,8569.0,8571.5,8567.0,8568.0,391.0
2019-12-16 15:01,8568.0,8569.75,8566.25,8569.25,192.0
2019-12-16 15:02,8569.75,8572.75,8569.75,8572.25,365.0
2019-12-16 15:03,8572.25,8573.75,8570.75,8571.25,357.0
2019-12-16 15:04,8571.0,8574.25,8571.0,8573.5,240.0
2019-12-16 15:05,8573.5,8575.0,8569.75,8571.75,701.0
2019-12-16 15:06,8571.75,8572.5,8570.25,8570.25,244.0
2019-12-16 15:07,8570.5,8572.5,8570.0,8571.75,225.0
2019-12-16 15:08,8571.75,8574.0,8570.25,8573.25,526.0
2019-12-16 15:09,8573.25,8574.0,8571.75,8572.75,331.0
2019-12-16 15:10,8573.0,8573.25,8571.5,8573.25,208.0
2019-12-16 15:11,8573.25,8575.0,8572.75,8574.5,238.0
2019-12-16 15:12,8574.5,8578.0,8573.0,8576.5,561.0
2019-12-16 15:13,8576.75,8577.75,8575.25,8576.5,397.0
2019-12-16 15:14,8576.5,8578.0,8576.25,8576.25,315.0
2019-12-16 15:15,8576.25,8576.5,8574.0,8574.5,360.0
2019-12-16 15:16,8574.5,8576.25,8574.5,8574.5,230.0
2019-12-16 15:17,8574.5,8575.75,8573.75,8574.25,328.0
2019-12-16 15:18,8574.0,8579.0,8574.0,8578.0,421.0
2019-12-16 15:19,8578.25,8579.0,8577.25,8578.25,345.0
2019-12-16 15:20,8578.25,8579.75,8577.0,8577.75,340.0
2019-12-16 15:21,8578.0,8578.75,8577.75,8578.5,143.0
2019-12-16 15:22,8578.5,8580.0,8578.25,8579.25,308.0
2019-12-16 15:23,8579.5,8581.75,8578.25,8581.75,401.0
2019-12-16 15:24,8581.25,8582.0,8580.25,8581.5,497.0
2019-12-16 15:25,8581.75,8584.25,8581.5,8583.75,470.0
2019-12-16 15:26,8583.75,8584.75,8582.5,8584.25,375.0
2019-12-16 15:27,8584.5,8585.0,8583.0,8583.5,269.0
2019-12-16 15:28,8583.75,8586.25,8583.25,8586.0,399.0
2019-12-16 15:29,8586.0,8586.25,8583.25,8584.0,327.0
2019-12-16 15:30,8584.25,8585.75,8584.25,8585.0,215.0
2019-12-16 15:31,8585.25,8585.25,8583.25,8584.25,277.0
2019-12-16 15:32,8584.5,8584.5,8581.25,8582.0,383.0
2019-12-16 15:33,8582.25,8583.5,8581.5,8582.5,225.0
2019-12-16 15:34,8582.5,8583.5,8582.25,8582.25,127.0
2019-12-16 15:35,8582.25,8582.25,8581.0,8581.25,271.0
2019-12-16 15:36,8581.25,8581.75,8581.0,8581.75,411.0
2019-12-16 15:37,8581.75,8583.75,8581.75,8582.0,277.0
2019-12-16 15:38,8582.25,8583.0,8581.5,8582.75,330.0
2019-12-16 15:39,8583.0,8583.75,8583.0,8583.5,183.0
2019-12-16 15:40,8583.5,8585.0,8583.25,8584.0,192.0
2019-12-16 15:41,8584.0,8585.0,8583.75,8584.5,113.0
2019-12-16 15:42,8584.5,8585.25,8583.75,8584.25,166.0
2019-12-16 15:43,8584.25,8585.25,8584.25,8585.25,92.0
2019-12-16 15:44,8585.25,8586.0,8584.25,8585.75,211.0
2019-12-16 15:45,8585.75,8587.0,8585.25,8586.25,322.0
2019-12-16 15:46,8586.5,8586.5,8584.5,8584.5,178.0
2019-12-16 15:47,8584.5,8585.25,8583.5,8584.0,186.0
2019-12-16 15:48,8584.0,8584.75,8582.75,8583.25,177.0
2019-12-16 15:49,8583.25,8584.25,8582.5,8582.75,388.0
2019-12-16 15:50,8583.0,8584.0,8582.75,8583.75,191.0
2019-12-16 15:51,8583.75,8584.25,8583.0,8584.0,505.0
2019-12-16 15:52,8584.0,8584.5,8583.25,8583.25,157.0
2019-12-16 15:53,8583.25,8583.75,8583.0,8583.25,210.0
2019-12-16 15:54,8583.5,8583.5,8583.0,8583.25,104.0
2019-12-16 15:55,8583.25,8583.75,8583.0,8583.5,197.0
2019-12-16 15:56,8583.5,8583.5,8583.0,8583.25,227.0
2019-12-16 15:57,8583.25,8583.5,8582.25,8582.75,421.0
2019-12-16 15:58,8582.5,8582.5,8581.0,8581.75,309.0
2019-12-16 15:59,8581.75,8582.25,8581.0,8581.75,157.0
2019-12-16 16:00,8582.0,8582.5,8581.5,8582.5,163.0
2019-12-16 16:01,8582.5,8583.0,8581.75,8582.0,113.0
2019-12-16 16:02,8582.0,8583.25,8582.0,8582.0,170.0
2019-12-16 16:03,8582.0,8583.0,8582.0,8582.75,95.0
2019-12-16 16:04,8582.75,8583.25,8582.5,8583.0,163.0
2019-12-16 16:05,8583.0,8583.0,8581.0,8581.0,478.0
2019-12-16 16:06,8581.25,8581.25,8579.75,8581.25,338.0
2019-12-16 16:07,8581.25,8583.0,8580.75,8582.75,289.0
2019-12-16 16:08,8583.0,8583.0,8582.25,8582.75,94.0
2019-12-16 16:09,8583.0,8584.0,8582.5,8584.0,96.0
2019-12-16 16:10,8584.0,8584.25,8581.75,8583.0,217.0
2019-12-16 16:11,8583.25,8583.5,8582.0,8582.0,108.0
2019-12-16 16:12,8582.25,8582.75,8582.0,8582.0,43.0
2019-12-16 16:13,8582.25,8583.25,8581.5,8582.25,103.0
2019-12-16 16:14,8582.25,8584.0,8582.25,8583.25,137.0
2019-12-16 16:15,8583.25,8583.25,8580.75,8580.75,196.0
2019-12-16 16:16,8580.75,8581.5,8580.0,8581.25,160.0
2019-12-16 16:17,8581.5,8583.0,8581.5,8582.75,116.0
2019-12-16 16:18,8582.75,8585.0,8582.5,8585.0,140.0
2019-12-16 16:19,8585.0,8585.25,8582.25,8582.25,216.0
2019-12-16 16:20,8582.5,8582.75,8581.0,8581.0,105.0
2019-12-16 16:21,8581.25,8583.75,8581.25,8583.0,164.0
2019-12-16 16:22,8583.0,8583.25,8582.25,8582.25,81.0
2019-12-16 16:23,8582.25,8584.25,8582.25,8583.75,174.0
2019-12-16 16:24,8583.75,8584.75,8582.5,8582.75,128.0
2019-12-16 16:25,8583.25,8583.75,8581.75,8581.75,141.0
2019-12-16 16:26,8581.75,8583.25,8581.75,8583.0,107.0
2019-12-16 16:27,8583.0,8584.0,8581.75,8581.75,202.0
2019-12-16 16:28,8581.5,8583.75,8581.5,8583.75,75.0
2019-12-16 16:29,8583.75,8584.25,8583.25,8583.25,116.0
2019-12-16 16:30,8583.0,8583.5,8582.0,8582.25,154.0
2019-12-16 16:31,8582.75,8583.5,8582.25,8582.25,95.0
2019-12-16 16:32,8582.25,8583.5,8582.0,8583.25,71.0
2019-12-16 16:33,8583.5,8583.5,8582.25,8582.5,38.0
2019-12-16 16:34,8582.25,8582.5,8581.0,8581.0,86.0
2019-12-16 16:35,8581.0,8582.5,8580.5,8582.0,209.0
2019-12-16 16:36,8582.5,8583.0,8582.0,8582.0,120.0
2019-12-16 16:37,8582.0,8582.5,8582.0,8582.25,58.0
2019-12-16 16:38,8582.0,8582.25,8580.25,8580.75,194.0
2019-12-16 16:39,8581.0,8582.0,8580.0,8581.75,128.0
2019-12-16 16:40,8582.0,8582.5,8581.0,8582.25,131.0
2019-12-16 16:41,8582.25,8582.25,8581.25,8581.5,80.0
2019-12-16 16:42,8581.5,8583.0,8581.25,8582.5,147.0
2019-12-16 16:43,8582.25,8583.0,8581.75,8582.25,215.0
2019-12-16 16:44,8582.0,8582.25,8580.25,8580.5,205.0
2019-12-16 16:45,8580.5,8580.5,8579.25,8579.5,208.0
2019-12-16 16:46,8579.75,8579.75,8578.25,8578.5,286.0
2019-12-16 16:47,8578.75,8579.0,8577.5,8578.0,229.0
2019-12-16 16:48,8578.0,8578.0,8576.25,8576.25,170.0
2019-12-16 16:49,8576.5,8577.25,8576.25,8576.25,179.0
2019-12-16 16:50,8576.5,8576.5,8575.25,8576.25,195.0
2019-12-16 16:51,8576.25,8576.75,8575.25,8576.0,153.0
2019-12-16 16:52,8575.5,8576.25,8575.25,8576.0,106.0
2019-12-16 16:53,8576.25,8577.5,8575.0,8577.5,175.0
2019-12-16 16:54,8577.75,8578.5,8577.75,8578.25,149.0
2019-12-16 16:55,8578.25,8580.0,8578.25,8579.75,206.0
2019-12-16 16:56,8579.5,8581.25,8579.5,8580.25,165.0
2019-12-16 16:57,8580.5,8582.0,8580.5,8581.25,294.0
2019-12-16 16:58,8581.5,8582.75,8581.25,8582.25,150.0
2019-12-16 16:59,8582.75,8583.0,8581.25,8581.5,128.0
2019-12-16 17:00,8581.5,8583.5,8581.5,8583.5,113.0
2019-12-16 17:01,8583.5,8584.0,8583.0,8583.5,195.0
2019-12-16 17:02,8583.5,8583.75,8582.5,8582.75,99.0
2019-12-16 17:03,8582.5,8585.0,8582.5,8584.5,237.0
2019-12-16 17:04,8584.75,8585.25,8584.0,8584.5,171.0
2019-12-16 17:05,8584.5,8585.75,8584.5,8585.0,166.0
2019-12-16 17:06,8585.0,8585.0,8583.75,8583.75,87.0
2019-12-16 17:07,8583.75,8584.0,8581.75,8583.0,144.0
2019-12-16 17:08,8582.75,8583.0,8580.5,8581.25,111.0
2019-12-16 17:09,8581.25,8581.75,8581.0,8581.75,72.0
2019-12-16 17:10,8581.75,8581.75,8580.25,8581.0,79.0
2019-12-16 17:11,8581.0,8581.25,8580.5,8580.75,62.0
2019-12-16 17:12,8580.75,8581.75,8580.75,8581.25,76.0
2019-12-16 17:13,8581.25,8582.75,8581.25,8582.5,115.0
2019-12-16 17:14,8582.5,8583.0,8582.25,8582.25,89.0
2019-12-16 17:15,8582.0,8582.75,8582.0,8582.5,77.0
2019-12-16 17:16,8582.5,8582.75,8581.75,8582.0,86.0
2019-12-16 17:17,8582.0,8582.5,8582.0,8582.25,64.0
2019-12-16 17:18,8582.5,8582.75,8582.25,8582.5,40.0
2019-12-16 17:19,8582.75,8583.75,8582.75,8583.75,87.0
2019-12-16 17:20,8584.0,8584.5,8583.5,8584.25,64.0
2019-12-16 17:21,8584.0,8584.5,8583.75,8584.0,133.0
2019-12-16 17:22,8584.25,8584.75,8584.0,8584.75,113.0
2019-12-16 17:23,8584.75,8585.0,8584.0,8584.5,218.0
2019-12-16 17:24,8584.75,8586.25,8584.25,8585.75,390.0
2019-12-16 17:25,8586.0,8587.75,8585.75,8587.25,637.0
2019-12-16 17:26,8587.25,8587.5,8586.25,8587.25,319.0
2019-12-16 17:27,8587.25,8587.5,8586.25,8586.75,139.0
2019-12-16 17:28,8587.0,8587.0,8586.25,8586.25,116.0
2019-12-16 17:29,8586.25,8587.0,8586.25,8586.5,87.0
2019-12-16 17:30,8586.5,8587.0,8586.0,8586.0,100.0
2019-12-16 17:31,8586.0,8586.0,8584.75,8585.5,148.0
2019-12-16 17:32,8585.5,8586.0,8585.0,8585.5,77.0
2019-12-16 17:33,8585.25,8585.25,8584.5,8585.25,82.0
2019-12-16 17:34,8585.25,8585.75,8585.0,8585.0,51.0
2019-12-16 17:35,8585.0,8585.5,8584.5,8585.0,81.0
2019-12-16 17:36,8585.0,8585.75,8584.75,8585.5,47.0
2019-12-16 17:37,8585.75,8586.75,8585.75,8586.25,79.0
2019-12-16 17:38,8586.5,8586.75,8585.75,8586.0,71.0
2019-12-16 17:39,8586.0,8586.25,8585.5,8585.5,68.0
2019-12-16 17:40,8585.5,8585.5,8584.5,8584.75,45.0
2019-12-16 17:41,8584.75,8584.75,8584.0,8584.5,97.0
2019-12-16 17:42,8584.5,8585.25,8584.0,8585.0,79.0
2019-12-16 17:43,8585.0,8585.0,8584.5,8584.75,66.0
2019-12-16 17:44,8584.75,8584.75,8583.75,8584.0,81.0
2019-12-16 17:45,8584.25,8584.5,8583.5,8584.0,65.0
2019-12-16 17:46,8584.25,8584.5,8583.25,8583.5,75.0
2019-12-16 17:47,8583.5,8584.25,8583.25,8584.25,51.0
2019-12-16 17:48,8584.5,8584.75,8583.75,8584.0,34.0
2019-12-16 17:49,8584.0,8584.0,8583.5,8583.5,35.0
2019-12-16 17:50,8583.5,8583.5,8583.25,8583.25,37.0
2019-12-16 17:51,8583.25,8583.75,8583.0,8583.5,44.0
2019-12-16 17:52,8583.5,8583.5,8582.75,8583.0,50.0
2019-12-16 17:53,8583.0,8584.0,8583.0,8584.0,33.0
2019-12-16 17:54,8584.25,8584.5,8583.25,8583.25,37.0
2019-12-16 17:55,8583.75,8583.75,8583.25,8583.25,37.0
2019-12-16 17:56,8583.0,8583.5,8582.75,8583.0,24.0
2019-12-16 17:57,8583.25,8583.75,8582.25,8583.25,112.0
2019-12-16 17:58,8583.25,8583.25,8582.75,8583.0,44.0
2019-12-16 17:59,8583.25,8584.0,8582.75,8582.75,22.0
2019-12-16 18:00,8582.75,8583.75,8582.75,8583.5,50.0
2019-12-16 18:01,8583.5,8583.75,8583.0,8583.25,44.0
2019-12-16 18:02,8583.5,8583.5,8582.25,8582.75,64.0
2019-12-16 18:03,8582.5,8584.25,8582.5,8584.0,62.0
2019-12-16 18:04,8584.25,8584.75,8583.0,8583.25,55.0
2019-12-16 18:05,8583.0,8583.25,8582.5,8583.25,28.0
2019-12-16 18:06,8583.25,8584.0,8583.0,8583.5,47.0
2019-12-16 18:07,8583.25,8583.25,8582.5,8582.5,97.0
2019-12-16 18:08,8582.5,8583.5,8582.5,8583.25,25.0
2019-12-16 18:09,8583.25,8583.25,8582.25,8582.25,99.0
2019-12-16 18:10,8582.25,8582.75,8581.25,8581.25,130.0
2019-12-16 18:11,8581.25,8581.25,8579.25,8581.0,146.0
2019-12-16 18:12,8580.75,8581.5,8580.75,8581.5,32.0
2019-12-16 18:13,8581.0,8581.25,8580.5,8581.0,33.0
2019-12-16 18:14,8581.0,8581.75,8581.0,8581.5,52.0
2019-12-16 18:15,8581.25,8581.25,8580.75,8580.75,20.0
2019-12-16 18:16,8581.0,8582.0,8581.0,8581.5,66.0
2019-12-16 18:17,8581.75,8581.75,8581.0,8581.25,21.0
2019-12-16 18:18,8581.25,8581.5,8581.0,8581.5,40.0
2019-12-16 18:19,8581.5,8582.0,8581.5,8581.5,18.0
2019-12-16 18:20,8581.75,8581.75,8580.75,8581.25,14.0
2019-12-16 18:21,8581.25,8581.25,8581.0,8581.25,17.0
2019-12-16 18:22,8581.0,8581.0,8580.0,8580.0,37.0
2019-12-16 18:23,8580.25,8581.25,8580.25,8581.0,38.0
2019-12-16 18:24,8581.0,8581.0,8579.75,8580.25,166.0
2019-12-16 18:25,8580.0,8580.5,8579.75,8580.5,28.0
2019-12-16 18:26,8580.5,8581.0,8579.0,8579.0,79.0
2019-12-16 18:27,8578.75,8579.0,8578.5,8578.75,43.0
2019-12-16 18:28,8578.75,8580.0,8578.25,8579.75,71.0
2019-12-16 18:29,8579.75,8581.0,8579.5,8580.75,107.0
2019-12-16 18:30,8580.75,8581.25,8580.5,8581.25,29.0
2019-12-16 18:31,8581.0,8582.0,8581.0,8582.0,55.0
2019-12-16 18:32,8582.0,8582.5,8582.0,8582.25,40.0
2019-12-16 18:33,8582.25,8583.0,8582.25,8582.75,66.0
2019-12-16 18:34,8582.5,8582.75,8581.75,8581.75,82.0
2019-12-16 18:35,8581.75,8581.75,8580.5,8580.5,45.0
2019-12-16 18:36,8580.25,8580.75,8579.75,8580.0,76.0
2019-12-16 18:37,8579.75,8580.0,8579.25,8579.75,40.0
2019-12-16 18:38,8579.5,8580.0,8579.0,8580.0,88.0
2019-12-16 18:39,8580.25,8581.5,8580.25,8581.25,68.0
2019-12-16 18:40,8581.25,8581.25,8580.0,8580.0,33.0
2019-12-16 18:41,8579.75,8582.25,8579.5,8582.0,55.0
2019-12-16 18:42,8582.25,8582.5,8582.0,8582.0,69.0
2019-12-16 18:43,8582.0,8582.25,8581.25,8581.5,27.0
2019-12-16 18:44,8581.25,8582.0,8581.25,8582.0,41.0
2019-12-16 18:45,8582.0,8582.75,8581.5,8582.5,69.0
2019-12-16 18:46,8582.5,8583.0,8582.0,8582.75,86.0
2019-12-16 18:47,8583.0,8584.0,8583.0,8583.75,52.0
2019-12-16 18:48,8583.75,8584.5,8583.75,8584.25,63.0
2019-12-16 18:49,8584.25,8584.25,8583.25,8583.5,73.0
2019-12-16 18:50,8583.75,8584.25,8583.0,8583.75,72.0
2019-12-16 18:51,8583.75,8584.0,8583.0,8583.5,65.0
2019-12-16 18:52,8583.5,8583.75,8583.25,8583.5,47.0
2019-12-16 18:53,8583.5,8584.0,8583.5,8583.5,17.0
2019-12-16 18:54,8583.75,8584.0,8583.75,8584.0,52.0
2019-12-16 18:55,8584.0,8584.25,8583.5,8584.0,39.0
2019-12-16 18:56,8584.25,8584.5,8584.0,8584.25,49.0
2019-12-16 18:57,8584.25,8584.5,8583.25,8584.25,58.0
2019-12-16 18:58,8584.25,8585.75,8583.75,8585.0,273.0
2019-12-16 18:59,8585.25,8585.25,8584.25,8584.75,67.0
2019-12-16 19:00,8585.0,8587.5,8585.0,8586.0,266.0
2019-12-16 19:01,8586.0,8586.75,8585.5,8586.75,73.0
2019-12-16 19:02,8586.75,8586.75,8585.25,8585.5,116.0
2019-12-16 19:03,8585.75,8585.75,8584.25,8584.75,110.0
2019-12-16 19:04,8584.75,8585.75,8584.75,8585.0,94.0
2019-12-16 19:05,8584.75,8585.0,8582.5,8582.75,118.0
2019-12-16 19:06,8582.5,8583.0,8581.25,8581.5,166.0
2019-12-16 19:07,8581.25,8582.25,8581.0,8581.25,91.0
2019-12-16 19:08,8581.25,8582.5,8580.75,8582.5,108.0
2019-12-16 19:09,8582.25,8582.25,8579.5,8580.75,208.0
2019-12-16 19:10,8580.5,8581.25,8580.25,8581.25,52.0
2019-12-16 19:11,8581.5,8582.0,8580.5,8581.75,54.0
2019-12-16 19:12,8581.75,8582.5,8580.75,8581.75,53.0
2019-12-16 19:13,8581.75,8582.0,8581.0,8581.0,26.0
2019-12-16 19:14,8580.5,8580.75,8579.75,8580.0,33.0
2019-12-16 19:15,8579.75,8580.0,8578.75,8580.0,89.0
2019-12-16 19:16,8580.0,8580.25,8579.25,8579.5,58.0
2019-12-16 19:17,8579.75,8580.5,8579.75,8580.0,30.0
2019-12-16 19:18,8580.25,8580.75,8579.75,8580.75,37.0
2019-12-16 19:19,8580.75,8580.75,8580.0,8580.75,28.0
2019-12-16 19:20,8581.0,8581.25,8580.0,8580.0,30.0
2019-12-16 19:21,8579.75,8580.5,8579.75,8580.0,42.0
2019-12-16 19:22,8580.0,8580.25,8579.75,8580.25,17.0
2019-12-16 19:23,8580.25,8580.25,8579.75,8580.0,13.0
2019-12-16 19:24,8579.75,8579.75,8579.0,8579.5,122.0
2019-12-16 19:25,8579.25,8580.75,8579.25,8580.5,50.0
2019-12-16 19:26,8580.5,8581.0,8580.5,8580.5,41.0
2019-12-16 19:27,8580.5,8580.5,8578.0,8578.5,79.0
2019-12-16 19:28,8578.75,8579.0,8577.5,8578.0,82.0
2019-12-16 19:29,8578.0,8578.0,8576.25,8577.5,203.0
2019-12-16 19:30,8577.5,8578.5,8576.5,8577.5,95.0
2019-12-16 19:31,8577.25,8577.75,8576.75,8577.75,40.0
2019-12-16 19:32,8578.0,8578.25,8576.5,8576.75,111.0
2019-12-16 19:33,8576.75,8577.0,8575.75,8576.75,96.0
2019-12-16 19:34,8577.0,8577.25,8576.25,8576.5,40.0
2019-12-16 19:35,8576.5,8578.25,8576.5,8577.25,62.0
2019-12-16 19:36,8577.5,8578.5,8577.25,8578.5,51.0
2019-12-16 19:37,8578.25,8578.25,8576.5,8577.75,82.0
2019-12-16 19:38,8577.75,8577.75,8577.5,8577.5,23.0
2019-12-16 19:39,8577.25,8577.5,8576.0,8577.25,97.0
2019-12-16 19:40,8577.5,8578.0,8577.0,8577.5,56.0
2019-12-16 19:41,8577.25,8578.75,8577.0,8578.25,83.0
2019-12-16 19:42,8578.5,8579.25,8578.5,8579.0,68.0
2019-12-16 19:43,8579.25,8580.0,8578.75,8580.0,63.0
2019-12-16 19:44,8580.0,8580.0,8578.5,8579.25,110.0
2019-12-16 19:45,8579.25,8580.0,8578.5,8579.5,98.0
2019-12-16 19:46,8579.75,8580.0,8579.0,8579.5,43.0
2019-12-16 19:47,8579.75,8580.0,8578.5,8578.5,64.0
2019-12-16 19:48,8578.5,8579.0,8578.25,8578.75,46.0
2019-12-16 19:49,8579.0,8579.25,8578.25,8578.25,39.0
2019-12-16 19:50,8578.5,8578.5,8578.25,8578.25,19.0
2019-12-16 19:51,8578.5,8578.75,8578.0,8578.5,64.0
2019-12-16 19:52,8578.5,8579.0,8577.25,8577.25,107.0
2019-12-16 19:53,8577.5,8578.0,8576.25,8576.5,50.0
2019-12-16 19:54,8576.25,8576.5,8575.25,8576.25,46.0
2019-12-16 19:55,8576.5,8577.5,8575.75,8577.5,49.0
2019-12-16 19:56,8577.25,8578.25,8577.0,8577.5,56.0
2019-12-16 19:57,8577.0,8579.25,8576.75,8578.5,47.0
2019-12-16 19:58,8578.5,8578.5,8576.0,8576.75,50.0
2019-12-16 19:59,8576.75,8577.5,8575.75,8577.25,67.0
2019-12-16 20:00,8577.5,8577.5,8575.75,8576.0,77.0
2019-12-16 20:01,8576.0,8576.75,8576.0,8576.5,73.0
2019-12-16 20:02,8576.5,8577.5,8576.25,8577.5,38.0
2019-12-16 20:03,8577.75,8579.0,8577.75,8579.0,32.0
2019-12-16 20:04,8578.75,8579.0,8578.5,8578.75,61.0
2019-12-16 20:05,8578.5,8578.5,8576.25,8576.5,50.0
2019-12-16 20:06,8576.5,8577.5,8576.5,8577.5,31.0
2019-12-16 20:07,8577.75,8578.0,8577.25,8578.0,33.0
2019-12-16 20:08,8578.0,8578.0,8577.0,8577.0,36.0
2019-12-16 20:09,8577.0,8577.75,8577.0,8577.0,46.0
2019-12-16 20:10,8577.0,8577.75,8576.5,8577.25,77.0
2019-12-16 20:11,8577.0,8579.25,8576.75,8578.75,97.0
2019-12-16 20:12,8578.75,8581.5,8578.75,8580.0,200.0
2019-12-16 20:13,8580.25,8580.25,8578.5,8578.75,90.0
2019-12-16 20:14,8578.5,8578.5,8576.5,8577.75,103.0
2019-12-16 20:15,8577.75,8579.5,8577.75,8578.75,84.0
2019-12-16 20:16,8578.75,8579.0,8577.5,8577.5,60.0
2019-12-16 20:17,8577.5,8577.5,8575.5,8576.5,153.0
2019-12-16 20:18,8576.25,8577.25,8576.0,8576.75,47.0
2019-12-16 20:19,8577.25,8577.75,8576.25,8576.25,61.0
2019-12-16 20:20,8576.25,8577.5,8575.5,8577.0,195.0
2019-12-16 20:21,8577.25,8578.75,8577.0,8577.75,114.0
2019-12-16 20:22,8578.0,8579.5,8577.75,8579.5,101.0
2019-12-16 20:23,8579.0,8580.25,8578.5,8579.5,91.0
2019-12-16 20:24,8579.5,8581.0,8579.5,8580.25,218.0
2019-12-16 20:25,8580.5,8580.75,8580.0,8580.0,30.0
2019-12-16 20:26,8580.0,8582.5,8579.25,8581.75,244.0
2019-12-16 20:27,8581.5,8581.5,8579.5,8580.0,147.0
2019-12-16 20:28,8580.0,8580.75,8578.5,8578.75,118.0
2019-12-16 20:29,8578.25,8578.25,8576.5,8577.0,165.0
2019-12-16 20:30,8576.75,8577.0,8573.5,8575.5,467.0
2019-12-16 20:31,8575.75,8577.0,8575.25,8576.5,114.0
2019-12-16 20:32,8576.75,8579.5,8576.5,8578.75,158.0
2019-12-16 20:33,8578.75,8581.75,8578.0,8581.75,289.0
2019-12-16 20:34,8581.75,8583.25,8581.0,8582.25,369.0
2019-12-16 20:35,8582.5,8584.0,8582.0,8582.75,249.0
2019-12-16 20:36,8583.0,8583.25,8580.25,8581.25,124.0
2019-12-16 20:37,8581.25,8582.5,8580.75,8582.5,57.0
2019-12-16 20:38,8582.5,8583.5,8581.75,8582.75,98.0
2019-12-16 20:39,8582.5,8582.5,8581.75,8581.75,80.0
2019-12-16 20:40,8581.75,8581.75,8579.25,8579.5,120.0
2019-12-16 20:41,8579.25,8579.5,8578.0,8578.0,158.0
2019-12-16 20:42,8578.25,8578.25,8576.0,8576.25,176.0
2019-12-16 20:43,8576.25,8576.5,8575.0,8575.75,231.0
2019-12-16 20:44,8575.75,8577.0,8575.0,8576.0,158.0
2019-12-16 20:45,8575.75,8575.75,8572.25,8573.25,361.0
2019-12-16 20:46,8573.5,8574.5,8572.0,8573.25,319.0
2019-12-16 20:47,8573.0,8574.5,8572.75,8574.25,193.0
2019-12-16 20:48,8574.0,8575.25,8573.5,8573.5,153.0
2019-12-16 20:49,8573.5,8577.5,8572.0,8576.5,259.0
2019-12-16 20:50,8577.0,8581.5,8577.0,8580.5,495.0
2019-12-16 20:51,8580.5,8580.75,8578.5,8578.75,174.0
2019-12-16 20:52,8578.75,8579.25,8576.25,8576.75,170.0
2019-12-16 20:53,8576.75,8576.75,8574.25,8575.0,251.0
2019-12-16 20:54,8574.75,8576.75,8574.0,8574.25,184.0
2019-12-16 20:55,8574.0,8574.0,8571.5,8571.75,277.0
2019-12-16 20:56,8571.5,8576.0,8571.5,8575.25,435.0
2019-12-16 20:57,8575.0,8576.25,8573.0,8576.25,338.0
2019-12-16 20:58,8576.25,8576.25,8572.5,8572.5,436.0
2019-12-16 20:59,8572.5,8576.25,8571.25,8571.75,1729.0
2019-12-16 21:00,8572.0,8574.75,8570.5,8573.5,967.0
2019-12-16 21:01,8573.5,8575.25,8573.25,8574.5,402.0
2019-12-16 21:02,8574.5,8575.5,8574.0,8575.25,65.0
2019-12-16 21:03,8575.0,8575.25,8574.25,8574.75,81.0
2019-12-16 21:04,8574.75,8575.75,8574.5,8575.5,147.0
2019-12-16 21:05,8575.75,8576.0,8575.5,8575.5,60.0
2019-12-16 21:06,8575.5,8576.0,8574.0,8574.5,81.0
2019-12-16 21:07,8574.5,8575.25,8573.0,8573.75,103.0
2019-12-16 21:08,8573.5,8573.5,8573.25,8573.25,19.0
2019-12-16 21:09,8573.25,8573.5,8572.0,8572.5,175.0
2019-12-16 21:10,8572.5,8573.5,8572.25,8573.25,76.0
2019-12-16 21:11,8573.5,8573.75,8573.25,8573.5,16.0
2019-12-16 21:12,8573.0,8573.5,8572.5,8573.5,66.0
2019-12-16 21:13,8573.5,8573.5,8572.5,8573.0,63.0
2019-12-16 21:14,8573.5,8578.0,8572.5,8577.0,357.0
2019-12-16 21:30,8577.5,8579.0,8577.5,8578.75,42.0
2019-12-16 21:31,8578.75,8580.0,8578.75,8579.25,50.0
2019-12-16 21:32,8579.25,8580.0,8579.25,8579.75,17.0
2019-12-16 21:33,8579.75,8580.0,8579.0,8579.75,11.0
2019-12-16 21:34,8580.0,8580.0,8580.0,8580.0,3.0
2019-12-16 21:35,8580.25,8580.25,8580.0,8580.25,16.0
2019-12-16 21:36,8580.5,8581.25,8580.0,8580.5,32.0
2019-12-16 21:37,8581.0,8581.5,8580.75,8580.75,9.0
2019-12-16 21:38,8580.75,8581.25,8580.5,8580.75,8.0
2019-12-16 21:39,8580.75,8581.0,8580.75,8580.75,4.0
2019-12-16 21:40,8581.25,8581.5,8580.25,8580.25,14.0
2019-12-16 21:41,8580.25,8581.0,8580.0,8581.0,17.0
2019-12-16 21:42,8581.0,8581.25,8580.5,8581.25,15.0
2019-12-16 21:43,8581.5,8581.5,8580.75,8581.5,26.0
2019-12-16 21:44,8581.5,8581.5,8580.75,8581.25,7.0
2019-12-16 21:45,8581.25,8582.0,8580.25,8581.0,62.0
2019-12-16 21:46,8581.0,8581.5,8580.75,8581.0,13.0
2019-12-16 21:47,8581.75,8581.75,8581.0,8581.0,7.0
2019-12-16 21:48,8581.25,8582.25,8581.25,8582.0,28.0
2019-12-16 21:49,8582.0,8582.25,8581.0,8581.5,29.0
2019-12-16 21:50,8582.25,8583.5,8581.25,8582.5,99.0
2019-12-16 21:51,8581.75,8581.75,8581.25,8581.75,15.0
2019-12-16 21:52,8581.0,8582.0,8581.0,8582.0,29.0
2019-12-16 21:53,8581.5,8582.25,8581.0,8581.0,17.0
2019-12-16 21:54,8581.25,8581.25,8581.0,8581.0,12.0
2019-12-16 21:55,8581.25,8581.75,8580.25,8581.25,32.0
2019-12-16 21:56,8581.25,8581.25,8580.0,8580.0,19.0
2019-12-16 21:57,8580.25,8580.25,8578.75,8579.25,9.0
2019-12-16 21:58,8579.25,8579.25,8577.0,8577.75,78.0
2019-12-16 21:59,8578.0,8578.5,8577.5,8578.0,29.0
2019-12-16 23:00,8576.0,8576.75,8572.0,8573.5,53.0
2019-12-16 23:01,8574.5,8574.5,8573.5,8573.75,15.0
2019-12-16 23:02,8573.75,8574.5,8573.75,8574.0,6.0
2019-12-16 23:03,8574.75,8574.75,8573.75,8574.25,13.0
2019-12-16 23:04,8574.25,8575.0,8574.25,8574.25,9.0
2019-12-16 23:05,8574.5,8575.0,8574.0,8574.0,11.0
2019-12-16 23:06,8574.0,8574.25,8574.0,8574.0,5.0
2019-12-16 23:07,8574.25,8575.25,8574.25,8575.25,13.0
2019-12-16 23:08,8575.0,8575.5,8574.75,8574.75,10.0
2019-12-16 23:09,8575.75,8576.0,8575.5,8576.0,6.0
2019-12-16 23:10,8576.0,8576.0,8575.5,8575.75,18.0
2019-12-16 23:11,8575.5,8576.0,8575.5,8575.5,11.0
2019-12-16 23:12,8575.75,8576.25,8575.75,8576.25,5.0
2019-12-16 23:13,8576.5,8576.5,8576.25,8576.25,2.0
2019-12-16 23:14,8576.5,8577.5,8576.5,8577.5,17.0
2019-12-16 23:15,8576.75,8577.0,8576.25,8576.25,13.0
2019-12-16 23:16,8576.0,8576.0,8575.75,8575.75,4.0
2019-12-16 23:17,8575.75,8576.25,8575.25,8576.25,9.0
2019-12-16 23:18,8575.25,8575.25,8575.25,8575.25,3.0
2019-12-16 23:19,8575.5,8575.5,8575.25,8575.25,9.0
2019-12-16 23:20,8576.25,8576.25,8575.75,8575.75,2.0
2019-12-16 23:21,8576.0,8576.0,8576.0,8576.0,1.0
2019-12-16 23:23,8576.0,8576.0,8575.75,8576.0,5.0
2019-12-16 23:24,8575.75,8575.75,8575.75,8575.75,3.0
2019-12-16 23:25,8575.75,8575.75,8575.5,8575.75,8.0
2019-12-16 23:26,8575.5,8575.5,8574.75,8574.75,10.0
2019-12-16 23:27,8574.75,8574.75,8574.75,8574.75,1.0
2019-12-16 23:28,8575.5,8575.5,8575.0,8575.0,3.0
2019-12-16 23:29,8575.5,8575.5,8574.75,8574.75,31.0
2019-12-16 23:30,8574.75,8574.75,8574.5,8574.5,10.0
2019-12-16 23:31,8574.25,8574.5,8573.75,8573.75,11.0
2019-12-16 23:32,8573.75,8573.75,8572.25,8572.25,34.0
2019-12-16 23:33,8572.5,8573.0,8572.5,8572.75,19.0
2019-12-16 23:34,8572.5,8573.0,8572.5,8573.0,18.0
2019-12-16 23:35,8572.75,8573.0,8572.75,8573.0,2.0
2019-12-16 23:36,8573.25,8573.25,8573.25,8573.25,1.0
2019-12-16 23:37,8573.5,8573.75,8573.25,8573.75,11.0
2019-12-16 23:38,8573.75,8573.75,8573.25,8573.5,8.0
2019-12-16 23:39,8574.0,8574.5,8573.75,8574.0,16.0
2019-12-16 23:40,8574.25,8574.25,8572.25,8573.5,30.0
2019-12-16 23:41,8573.75,8574.5,8573.25,8573.5,36.0
2019-12-16 23:42,8574.5,8574.5,8574.25,8574.25,6.0
2019-12-16 23:43,8574.0,8574.0,8572.25,8573.5,31.0
2019-12-16 23:44,8573.75,8573.75,8573.0,8573.0,13.0
2019-12-16 23:45,8572.5,8574.25,8572.25,8572.75,85.0
2019-12-16 23:46,8572.25,8572.25,8569.5,8569.75,65.0
2019-12-16 23:47,8570.0,8571.25,8570.0,8570.75,16.0
2019-12-16 23:48,8571.5,8571.75,8570.75,8571.5,33.0
2019-12-16 23:49,8570.75,8571.0,8570.75,8571.0,5.0
2019-12-16 23:50,8571.75,8572.0,8571.5,8571.5,11.0
2019-12-16 23:51,8570.5,8571.25,8570.5,8570.75,7.0
2019-12-16 23:52,8571.25,8571.25,8570.75,8571.25,3.0
2019-12-16 23:53,8571.75,8571.75,8571.25,8571.25,8.0
2019-12-16 23:54,8571.5,8571.75,8571.0,8571.0,8.0
2019-12-16 23:55,8570.75,8570.75,8569.25,8570.0,26.0
2019-12-16 23:56,8570.25,8570.25,8569.0,8569.0,16.0
2019-12-16 23:57,8569.25,8570.0,8569.25,8569.75,9.0
2019-12-16 23:58,8569.75,8570.0,8569.75,8570.0,8.0
2019-12-16 23:59,8570.0,8570.5,8569.5,8569.5,47.0
2019-12-17 00:00,8569.5,8571.0,8569.5,8570.25,56.0
2019-12-17 00:01,8570.0,8570.0,8569.5,8569.75,27.0
2019-12-17 00:02,8569.75,8570.25,8568.25,8568.5,52.0
2019-12-17 00:03,8568.5,8569.0,8566.75,8568.0,171.0
2019-12-17 00:04,8568.25,8568.5,8567.25,8567.5,54.0
2019-12-17 00:05,8567.25,8567.25,8567.0,8567.25,27.0
2019-12-17 00:06,8567.25,8568.25,8567.0,8567.75,51.0
2019-12-17 00:07,8567.5,8568.0,8566.5,8567.25,53.0
2019-12-17 00:08,8567.25,8569.0,8567.0,8567.0,54.0
2019-12-17 00:09,8567.0,8567.0,8566.0,8566.5,46.0
2019-12-17 00:10,8566.75,8568.5,8566.75,8568.5,46.0
2019-12-17 00:11,8568.25,8568.25,8566.5,8566.75,29.0
2019-12-17 00:12,8566.75,8567.25,8566.5,8567.25,21.0
2019-12-17 00:13,8567.5,8567.5,8566.5,8567.0,39.0
2019-12-17 00:14,8567.0,8567.25,8566.75,8567.0,12.0
2019-12-17 00:15,8566.75,8566.75,8565.75,8566.0,45.0
2019-12-17 00:16,8566.0,8566.5,8565.75,8566.25,31.0
2019-12-17 00:17,8566.25,8566.25,8565.25,8566.0,35.0
2019-12-17 00:18,8566.0,8566.25,8565.25,8565.75,38.0
2019-12-17 00:19,8565.75,8565.75,8565.25,8565.75,18.0
2019-12-17 00:20,8565.5,8566.0,8565.25,8566.0,31.0
2019-12-17 00:21,8566.0,8566.25,8565.5,8566.0,30.0
2019-12-17 00:22,8565.75,8566.0,8565.5,8566.0,18.0
2019-12-17 00:23,8566.0,8566.75,8565.25,8565.25,26.0
2019-12-17 00:24,8565.5,8565.75,8565.25,8565.75,16.0
2019-12-17 00:25,8565.25,8565.25,8564.5,8564.75,47.0
2019-12-17 00:26,8564.5,8564.75,8563.25,8563.5,76.0
2019-12-17 00:27,8563.5,8564.5,8563.5,8564.25,49.0
2019-12-17 00:28,8564.5,8566.75,8564.5,8566.75,30.0
2019-12-17 00:29,8566.5,8566.75,8565.75,8566.5,37.0
2019-12-17 00:30,8566.25,8567.25,8566.0,8567.0,35.0
2019-12-17 00:31,8567.25,8567.25,8566.75,8567.0,12.0
2019-12-17 00:32,8567.0,8567.25,8565.0,8565.5,29.0
2019-12-17 00:33,8565.25,8566.0,8565.0,8565.25,28.0
2019-12-17 00:34,8564.75,8565.0,8564.5,8565.0,34.0
2019-12-17 00:35,8565.0,8565.25,8565.0,8565.25,27.0
2019-12-17 00:36,8565.25,8566.25,8565.25,8566.25,39.0
2019-12-17 00:37,8566.5,8566.75,8566.0,8566.25,24.0
2019-12-17 00:38,8566.25,8567.0,8566.25,8566.75,24.0
2019-12-17 00:39,8566.75,8567.75,8566.75,8567.25,42.0
2019-12-17 00:40,8567.5,8568.25,8567.25,8567.5,64.0
2019-12-17 00:41,8567.25,8567.5,8566.75,8567.25,45.0
2019-12-17 00:42,8567.0,8567.0,8566.0,8566.25,26.0
2019-12-17 00:43,8566.25,8566.25,8566.0,8566.25,25.0
2019-12-17 00:44,8566.5,8566.75,8566.25,8566.75,24.0
2019-12-17 00:45,8566.75,8567.5,8566.75,8567.5,28.0
2019-12-17 00:46,8568.0,8568.25,8567.5,8567.5,22.0
2019-12-17 00:47,8567.5,8567.75,8567.5,8567.75,5.0
2019-12-17 00:48,8567.75,8567.75,8567.75,8567.75,5.0
2019-12-17 00:49,8568.0,8568.0,8566.75,8566.75,30.0
2019-12-17 00:50,8566.5,8567.0,8565.5,8566.25,57.0
2019-12-17 00:51,8566.75,8566.75,8565.75,8566.0,28.0
2019-12-17 00:52,8566.0,8566.5,8566.0,8566.5,10.0
2019-12-17 00:53,8565.75,8567.75,8565.5,8567.75,20.0
2019-12-17 00:54,8567.25,8567.5,8566.0,8566.0,8.0
2019-12-17 00:55,8566.0,8566.0,8565.5,8565.75,18.0
2019-12-17 00:56,8566.0,8566.0,8565.5,8565.5,11.0
2019-12-17 00:57,8565.75,8566.0,8565.5,8565.5,6.0
2019-12-17 00:58,8565.25,8565.5,8565.25,8565.25,7.0
2019-12-17 00:59,8565.75,8566.25,8565.75,8566.0,13.0
2019-12-17 01:00,8565.75,8566.0,8564.75,8566.0,26.0
2019-12-17 01:01,8566.25,8568.75,8566.25,8568.0,59.0
2019-12-17 01:02,8568.0,8568.0,8567.75,8568.0,13.0
2019-12-17 01:03,8568.5,8568.75,8568.0,8568.5,38.0
2019-12-17 01:04,8568.75,8569.5,8568.25,8569.0,37.0
2019-12-17 01:05,8568.75,8569.25,8568.25,8568.5,30.0
2019-12-17 01:06,8568.75,8568.75,8568.25,8568.5,18.0
2019-12-17 01:07,8568.5,8569.0,8568.5,8568.5,25.0
2019-12-17 01:08,8568.75,8569.25,8568.5,8569.25,23.0
2019-12-17 01:09,8569.25,8569.5,8569.25,8569.25,11.0
2019-12-17 01:10,8569.0,8569.25,8568.75,8568.75,17.0
2019-12-17 01:11,8569.0,8569.25,8568.25,8568.25,26.0
2019-12-17 01:12,8568.25,8568.5,8568.0,8568.5,14.0
2019-12-17 01:13,8568.75,8569.25,8568.5,8569.0,18.0
2019-12-17 01:14,8569.0,8569.5,8568.75,8569.0,22.0
2019-12-17 01:15,8569.5,8569.5,8568.25,8568.75,34.0
2019-12-17 01:16,8568.75,8569.25,8568.75,8568.75,26.0
2019-12-17 01:17,8568.5,8569.5,8568.25,8569.0,39.0
2019-12-17 01:18,8568.5,8569.0,8568.25,8569.0,13.0
2019-12-17 01:19,8569.0,8569.0,8568.5,8569.0,13.0
2019-12-17 01:20,8568.75,8568.75,8568.0,8568.0,18.0
2019-12-17 01:21,8568.0,8568.25,8568.0,8568.25,5.0
2019-12-17 01:22,8568.25,8569.25,8568.25,8568.5,21.0
2019-12-17 01:23,8568.0,8568.5,8568.0,8568.5,7.0
2019-12-17 01:24,8568.75,8569.0,8568.5,8568.75,10.0
2019-12-17 01:25,8569.0,8569.0,8568.75,8568.75,3.0
2019-12-17 01:26,8569.25,8569.25,8569.0,8569.0,14.0
2019-12-17 01:27,8569.25,8569.5,8569.25,8569.5,6.0
2019-12-17 01:28,8569.5,8569.75,8569.0,8569.0,16.0
2019-12-17 01:29,8568.75,8569.5,8568.75,8569.25,18.0
2019-12-17 01:30,8569.25,8572.0,8568.75,8571.0,82.0
2019-12-17 01:31,8571.0,8572.25,8571.0,8572.0,67.0
2019-12-17 01:32,8572.25,8572.5,8571.75,8571.75,37.0
2019-12-17 01:33,8571.75,8572.25,8571.75,8572.25,36.0
2019-12-17 01:34,8572.25,8572.5,8572.0,8572.0,28.0
2019-12-17 01:35,8572.25,8572.5,8571.75,8571.75,35.0
2019-12-17 01:36,8572.25,8573.0,8572.0,8573.0,41.0
2019-12-17 01:37,8573.0,8573.0,8572.75,8572.75,22.0
2019-12-17 01:38,8572.75,8573.75,8572.75,8573.25,35.0
2019-12-17 01:39,8573.5,8573.5,8571.75,8571.75,33.0
2019-12-17 01:40,8572.0,8573.0,8572.0,8572.5,30.0
2019-12-17 01:41,8572.25,8572.25,8571.75,8572.25,19.0
2019-12-17 01:42,8572.5,8573.0,8572.25,8572.75,9.0
2019-12-17 01:43,8573.0,8573.25,8572.5,8573.0,27.0
2019-12-17 01:44,8573.0,8573.0,8572.5,8572.75,12.0
2019-12-17 01:45,8573.0,8573.75,8571.25,8571.5,69.0
2019-12-17 01:46,8571.75,8572.0,8571.25,8571.25,18.0
2019-12-17 01:47,8571.5,8572.0,8571.25,8571.5,16.0
2019-12-17 01:48,8571.5,8571.5,8570.5,8570.5,48.0
2019-12-17 01:49,8570.75,8571.25,8570.5,8570.75,35.0
2019-12-17 01:50,8570.75,8571.0,8569.5,8570.0,56.0
2019-12-17 01:51,8570.0,8570.0,8569.5,8570.0,24.0
2019-12-17 01:52,8570.0,8570.0,8569.25,8569.25,22.0
2019-12-17 01:53,8569.25,8569.5,8568.5,8568.75,45.0
2019-12-17 01:54,8568.75,8569.0,8568.75,8569.0,14.0
2019-12-17 01:55,8569.5,8570.0,8569.25,8570.0,23.0
2019-12-17 01:56,8570.5,8570.5,8569.75,8569.75,24.0
2019-12-17 01:57,8569.5,8569.75,8569.0,8569.75,22.0
2019-12-17 01:58,8570.0,8570.5,8570.0,8570.25,14.0
2019-12-17 01:59,8570.25,8570.75,8570.0,8570.75,20.0
2019-12-17 02:00,8570.75,8571.75,8570.75,8571.75,25.0
2019-12-17 02:01,8571.75,8571.75,8570.75,8571.0,21.0
2019-12-17 02:02,8571.0,8571.0,8569.75,8570.25,35.0
2019-12-17 02:03,8570.5,8571.0,8570.25,8570.75,16.0
2019-12-17 02:04,8570.5,8571.5,8570.5,8571.25,12.0
2019-12-17 02:05,8571.0,8571.25,8570.5,8571.0,16.0
2019-12-17 02:06,8571.0,8571.75,8571.0,8571.0,28.0
2019-12-17 02:07,8571.0,8571.75,8571.0,8571.75,11.0
2019-12-17 02:08,8571.5,8571.75,8570.5,8570.5,16.0
2019-12-17 02:09,8570.25,8570.25,8569.75,8570.0,24.0
2019-12-17 02:10,8570.0,8570.0,8569.75,8570.0,8.0
2019-12-17 02:11,8569.75,8569.75,8569.75,8569.75,1.0
2019-12-17 02:12,8569.5,8570.0,8569.5,8569.75,14.0
2019-12-17 02:13,8569.75,8570.0,8569.5,8570.0,18.0
2019-12-17 02:14,8569.75,8569.75,8569.0,8569.25,45.0
2019-12-17 02:15,8569.25,8569.75,8569.0,8569.75,10.0
2019-12-17 02:16,8569.5,8569.75,8569.5,8569.75,11.0
2019-12-17 02:17,8569.5,8569.75,8569.0,8569.0,11.0
2019-12-17 02:18,8568.75,8569.0,8568.5,8569.0,34.0
2019-12-17 02:19,8569.0,8569.0,8568.5,8568.5,15.0
2019-12-17 02:20,8568.25,8569.75,8568.25,8569.5,42.0
2019-12-17 02:21,8569.5,8570.25,8569.25,8570.0,16.0
2019-12-17 02:22,8570.0,8570.75,8570.0,8570.75,14.0
2019-12-17 02:23,8570.75,8571.0,8570.25,8570.75,26.0
2019-12-17 02:24,8570.5,8571.25,8570.25,8571.25,11.0
2019-12-17 02:25,8571.25,8571.25,8571.0,8571.25,24.0
2019-12-17 02:26,8571.5,8571.75,8571.25,8571.75,9.0
2019-12-17 02:27,8572.0,8572.25,8572.0,8572.0,23.0
2019-12-17 02:28,8572.0,8572.25,8571.75,8572.0,16.0
2019-12-17 02:29,8572.0,8572.5,8572.0,8572.5,18.0
2019-12-17 02:30,8572.5,8572.5,8572.25,8572.5,13.0
2019-12-17 02:31,8572.5,8572.5,8572.0,8572.25,16.0
2019-12-17 02:32,8572.25,8572.5,8571.75,8572.0,32.0
2019-12-17 02:33,8572.0,8572.25,8572.0,8572.25,12.0
2019-12-17 02:34,8572.5,8572.5,8572.25,8572.25,10.0
2019-12-17 02:35,8572.25,8572.5,8572.0,8572.25,15.0
2019-12-17 02:36,8572.25,8572.75,8572.0,8572.25,14.0
2019-12-17 02:37,8572.5,8572.75,8572.25,8572.5,7.0
2019-12-17 02:38,8572.5,8573.75,8572.5,8573.75,28.0
2019-12-17 02:39,8573.5,8574.0,8573.5,8573.75,25.0
2019-12-17 02:40,8574.0,8574.25,8573.5,8573.5,27.0
2019-12-17 02:41,8573.5,8573.75,8573.5,8573.75,13.0
2019-12-17 02:42,8574.0,8574.0,8573.75,8573.75,25.0
2019-12-17 02:43,8574.0,8574.5,8573.75,8573.75,26.0
2019-12-17 02:44,8573.5,8574.25,8573.5,8573.75,24.0
2019-12-17 02:45,8573.75,8574.25,8573.75,8574.0,26.0
2019-12-17 02:46,8574.0,8574.25,8573.75,8574.25,13.0
2019-12-17 02:47,8574.5,8574.5,8574.25,8574.5,22.0
2019-12-17 02:48,8574.5,8574.5,8574.25,8574.25,17.0
2019-12-17 02:49,8574.25,8574.5,8574.25,8574.5,4.0
2019-12-17 02:50,8574.75,8575.0,8574.5,8575.0,34.0
2019-12-17 02:51,8575.25,8575.75,8574.5,8575.0,51.0
2019-12-17 02:52,8575.0,8575.0,8574.0,8574.5,14.0
2019-12-17 02:53,8574.5,8574.75,8574.25,8574.25,7.0
2019-12-17 02:54,8575.0,8575.0,8574.5,8574.5,13.0
2019-12-17 02:55,8574.75,8575.5,8574.75,8575.25,12.0
2019-12-17 02:56,8575.25,8575.25,8574.75,8575.0,10.0
2019-12-17 02:57,8575.25,8575.5,8575.0,8575.25,18.0
2019-12-17 02:58,8575.25,8575.5,8575.25,8575.25,12.0
2019-12-17 02:59,8575.25,8575.5,8575.0,8575.5,9.0
2019-12-17 03:00,8575.5,8575.75,8574.75,8574.75,40.0
2019-12-17 03:01,8575.0,8575.0,8574.5,8574.75,20.0
2019-12-17 03:02,8574.5,8574.75,8574.5,8574.5,8.0
2019-12-17 03:03,8574.25,8574.75,8574.25,8574.75,18.0
2019-12-17 03:04,8574.5,8574.75,8574.5,8574.75,9.0
2019-12-17 03:05,8574.5,8575.5,8574.5,8575.5,14.0
2019-12-17 03:06,8575.5,8576.25,8575.5,8576.0,26.0
2019-12-17 03:07,8576.0,8576.5,8576.0,8576.25,35.0
2019-12-17 03:08,8576.5,8576.75,8576.25,8576.25,32.0
2019-12-17 03:09,8576.25,8576.5,8576.0,8576.0,13.0
2019-12-17 03:10,8576.0,8576.5,8576.0,8576.5,13.0
2019-12-17 03:11,8576.5,8576.75,8576.25,8576.75,23.0
2019-12-17 03:12,8576.5,8576.75,8576.25,8576.25,12.0
2019-12-17 03:13,8576.5,8576.5,8576.25,8576.5,9.0
2019-12-17 03:14,8576.5,8577.0,8576.25,8576.75,17.0
2019-12-17 03:15,8577.0,8577.0,8576.5,8576.75,13.0
2019-12-17 03:16,8576.5,8577.0,8576.5,8577.0,9.0
2019-12-17 03:17,8576.75,8576.75,8576.25,8576.5,18.0
2019-12-17 03:18,8576.25,8576.25,8575.75,8576.0,15.0
2019-12-17 03:19,8576.0,8577.0,8575.0,8576.75,74.0
2019-12-17 03:20,8577.0,8578.0,8577.0,8577.5,45.0
2019-12-17 03:21,8577.25,8577.5,8577.25,8577.5,15.0
2019-12-17 03:22,8577.25,8577.75,8577.25,8577.5,16.0
2019-12-17 03:23,8577.5,8578.0,8577.25,8578.0,14.0
2019-12-17 03:24,8578.25,8578.5,8577.75,8578.5,32.0
2019-12-17 03:25,8578.5,8578.75,8578.25,8578.5,29.0
2019-12-17 03:26,8578.5,8578.75,8578.5,8578.75,13.0
2019-12-17 03:27,8578.75,8579.0,8577.75,8578.0,14.0
2019-12-17 03:28,8577.5,8577.75,8577.5,8577.75,8.0
2019-12-17 03:29,8577.75,8578.25,8577.5,8577.75,19.0
2019-12-17 03:30,8578.0,8578.0,8577.25,8577.75,41.0
2019-12-17 03:31,8578.0,8578.75,8578.0,8578.0,18.0
2019-12-17 03:32,8578.25,8578.25,8577.25,8577.25,16.0
2019-12-17 03:33,8577.0,8577.5,8576.75,8577.5,19.0
2019-12-17 03:34,8577.5,8577.5,8577.25,8577.5,5.0
2019-12-17 03:35,8577.75,8577.75,8577.25,8577.5,22.0
2019-12-17 03:36,8577.5,8577.5,8577.25,8577.5,13.0
2019-12-17 03:37,8577.75,8577.75,8577.5,8577.75,7.0
2019-12-17 03:38,8577.75,8577.75,8577.75,8577.75,8.0
2019-12-17 03:39,8577.75,8577.75,8577.5,8577.5,6.0
2019-12-17 03:40,8577.5,8578.25,8577.5,8578.0,16.0
2019-12-17 03:41,8578.0,8578.0,8577.5,8577.75,5.0
2019-12-17 03:42,8577.75,8577.75,8577.75,8577.75,7.0
2019-12-17 03:43,8577.5,8577.5,8577.25,8577.25,25.0
2019-12-17 03:44,8577.25,8577.25,8576.75,8577.0,22.0
2019-12-17 03:45,8577.0,8577.5,8576.75,8577.5,34.0
2019-12-17 03:46,8577.5,8577.75,8577.25,8577.75,22.0
2019-12-17 03:47,8577.75,8577.75,8577.25,8577.75,12.0
2019-12-17 03:48,8577.75,8577.75,8577.5,8577.5,3.0
2019-12-17 03:49,8577.25,8577.5,8577.25,8577.5,13.0
2019-12-17 03:50,8577.5,8578.5,8577.5,8578.5,20.0
2019-12-17 03:51,8578.25,8578.75,8578.0,8578.5,16.0
2019-12-17 03:52,8578.75,8579.25,8578.75,8579.25,32.0
2019-12-17 03:53,8579.25,8579.75,8579.0,8579.5,32.0
2019-12-17 03:54,8579.5,8580.75,8579.5,8580.75,69.0
2019-12-17 03:55,8580.5,8580.5,8579.75,8579.75,18.0
2019-12-17 03:56,8579.75,8580.0,8579.5,8579.5,8.0
2019-12-17 03:57,8579.5,8579.5,8579.25,8579.25,3.0
2019-12-17 03:58,8579.25,8579.25,8578.75,8579.0,12.0
2019-12-17 03:59,8578.75,8579.75,8578.75,8579.75,18.0
2019-12-17 04:00,8579.5,8580.5,8579.5,8580.25,22.0
2019-12-17 04:01,8580.25,8580.75,8580.0,8580.25,35.0
2019-12-17 04:02,8580.25,8581.5,8580.25,8580.75,40.0
2019-12-17 04:03,8581.0,8581.25,8580.75,8581.25,19.0
2019-12-17 04:04,8581.0,8581.0,8581.0,8581.0,11.0
2019-12-17 04:05,8581.0,8581.25,8580.75,8581.25,19.0
2019-12-17 04:06,8581.25,8581.25,8581.25,8581.25,3.0
2019-12-17 04:07,8581.25,8581.5,8581.0,8581.25,9.0
2019-12-17 04:08,8581.25,8581.75,8581.25,8581.5,17.0
2019-12-17 04:09,8581.75,8582.25,8581.5,8582.25,13.0
2019-12-17 04:10,8582.5,8582.75,8582.25,8582.75,14.0
2019-12-17 04:11,8582.5,8582.75,8582.5,8582.5,16.0
2019-12-17 04:12,8582.5,8582.5,8582.5,8582.5,3.0
2019-12-17 04:13,8582.5,8582.5,8582.25,8582.25,14.0
2019-12-17 04:14,8582.25,8582.25,8581.75,8581.75,27.0
2019-12-17 04:15,8581.75,8581.75,8580.5,8580.5,34.0
2019-12-17 04:16,8580.5,8580.75,8580.5,8580.75,7.0
2019-12-17 04:17,8580.5,8580.75,8580.5,8580.75,11.0
2019-12-17 04:18,8581.0,8581.25,8580.75,8581.25,25.0
2019-12-17 04:19,8581.0,8581.5,8581.0,8581.5,19.0
2019-12-17 04:20,8581.25,8581.25,8581.25,8581.25,4.0
2019-12-17 04:21,8581.75,8581.75,8581.25,8581.25,14.0
2019-12-17 04:22,8581.25,8581.5,8581.25,8581.5,6.0
2019-12-17 04:23,8582.0,8582.25,8581.25,8581.25,28.0
2019-12-17 04:24,8581.5,8581.75,8581.25,8581.25,15.0
2019-12-17 04:25,8581.75,8581.75,8581.5,8581.75,9.0
2019-12-17 04:26,8582.0,8582.5,8582.0,8582.25,18.0
2019-12-17 04:27,8582.25,8582.5,8582.25,8582.5,3.0
2019-12-17 04:28,8582.25,8582.25,8582.25,8582.25,1.0
2019-12-17 04:29,8582.5,8582.5,8582.5,8582.5,1.0
2019-12-17 04:30,8582.25,8582.5,8581.75,8581.75,15.0
2019-12-17 04:31,8582.0,8582.5,8582.0,8582.0,38.0
2019-12-17 04:32,8581.75,8581.75,8581.75,8581.75,8.0
2019-12-17 04:33,8582.0,8582.25,8581.75,8581.75,11.0
2019-12-17 04:34,8582.0,8582.0,8582.0,8582.0,5.0
2019-12-17 04:35,8582.0,8582.5,8582.0,8582.5,17.0
2019-12-17 04:36,8582.75,8583.0,8582.75,8583.0,12.0
2019-12-17 04:37,8583.0,8583.0,8582.75,8582.75,13.0
2019-12-17 04:38,8582.75,8583.0,8582.5,8582.75,10.0
2019-12-17 04:39,8582.75,8583.0,8582.75,8582.75,11.0
2019-12-17 04:40,8582.75,8582.75,8582.75,8582.75,2.0
2019-12-17 04:41,8582.75,8583.5,8582.75,8583.25,34.0
2019-12-17 04:42,8583.25,8583.25,8583.0,8583.0,16.0
2019-12-17 04:43,8583.0,8583.25,8583.0,8583.25,16.0
2019-12-17 04:44,8583.25,8584.5,8583.25,8584.25,37.0
2019-12-17 04:45,8584.25,8584.75,8583.75,8583.75,57.0
2019-12-17 04:46,8584.0,8584.0,8582.0,8583.0,48.0
2019-12-17 04:47,8583.0,8583.0,8582.5,8582.5,28.0
2019-12-17 04:48,8582.5,8582.75,8582.25,8582.75,17.0
2019-12-17 04:49,8582.75,8582.75,8582.0,8582.25,31.0
2019-12-17 04:50,8581.75,8582.75,8581.5,8582.75,49.0
2019-12-17 04:51,8582.75,8582.75,8582.25,8582.25,8.0
2019-12-17 04:52,8582.25,8582.25,8581.25,8581.25,17.0
2019-12-17 04:53,8581.5,8581.5,8580.75,8580.75,58.0
2019-12-17 04:54,8580.5,8581.25,8580.5,8580.75,30.0
2019-12-17 04:55,8580.75,8581.25,8580.75,8581.0,30.0
2019-12-17 04:56,8581.0,8581.0,8581.0,8581.0,2.0
2019-12-17 04:57,8581.0,8581.25,8581.0,8581.25,4.0
2019-12-17 04:58,8581.25,8581.75,8581.25,8581.75,6.0
2019-12-17 04:59,8582.0,8582.0,8582.0,8582.0,8.0
2019-12-17 05:00,8581.75,8582.0,8581.5,8581.5,14.0
2019-12-17 05:01,8582.25,8583.0,8582.25,8583.0,13.0
2019-12-17 05:02,8582.75,8583.75,8582.75,8583.75,24.0
2019-12-17 05:03,8583.5,8583.75,8583.0,8583.25,14.0
2019-12-17 05:04,8583.0,8583.75,8583.0,8583.0,23.0
2019-12-17 05:05,8583.0,8583.0,8582.5,8582.5,21.0
2019-12-17 05:06,8582.5,8582.5,8582.0,8582.0,19.0
2019-12-17 05:07,8582.25,8582.25,8582.0,8582.0,16.0
2019-12-17 05:08,8582.0,8582.25,8582.0,8582.0,16.0
2019-12-17 05:09,8582.0,8582.75,8582.0,8582.25,33.0
2019-12-17 05:10,8582.0,8583.0,8581.5,8583.0,18.0
2019-12-17 05:11,8583.5,8584.25,8583.5,8584.0,23.0
2019-12-17 05:12,8584.25,8584.25,8583.5,8583.75,19.0
2019-12-17 05:13,8583.5,8583.5,8583.25,8583.25,10.0
2019-12-17 05:14,8583.25,8583.25,8583.0,8583.0,11.0
2019-12-17 05:15,8583.0,8583.5,8583.0,8583.5,12.0
2019-12-17 05:16,8583.25,8583.5,8583.0,8583.0,15.0
2019-12-17 05:17,8582.75,8582.75,8582.25,8582.5,6.0
2019-12-17 05:18,8582.5,8582.75,8582.25,8582.75,7.0
2019-12-17 05:19,8583.0,8583.0,8582.75,8583.0,5.0
2019-12-17 05:20,8583.0,8584.0,8583.0,8584.0,13.0
2019-12-17 05:21,8584.0,8584.0,8583.5,8583.75,12.0
2019-12-17 05:22,8583.75,8583.75,8583.5,8583.75,11.0
2019-12-17 05:23,8584.0,8584.25,8583.75,8584.25,20.0
2019-12-17 05:24,8584.25,8584.25,8584.0,8584.25,5.0
2019-12-17 05:25,8584.5,8584.75,8584.25,8584.5,18.0
2019-12-17 05:26,8584.5,8585.0,8584.5,8584.75,35.0
2019-12-17 05:27,8584.75,8585.0,8584.5,8584.75,18.0
2019-12-17 05:28,8585.25,8585.75,8585.25,8585.75,15.0
2019-12-17 05:29,8585.75,8586.25,8585.25,8585.75,34.0
2019-12-17 05:30,8585.5,8586.5,8585.0,8586.5,24.0
2019-12-17 05:31,8586.5,8587.5,8586.5,8587.5,64.0
2019-12-17 05:32,8587.5,8587.5,8587.25,8587.25,38.0
2019-12-17 05:33,8587.25,8589.0,8587.25,8588.75,73.0
2019-12-17 05:34,8589.0,8590.75,8588.5,8589.5,190.0
2019-12-17 05:35,8589.0,8589.25,8588.75,8589.25,41.0
2019-12-17 05:36,8589.25,8590.75,8588.75,8590.75,36.0
2019-12-17 05:37,8590.5,8592.5,8590.5,8591.5,85.0
2019-12-17 05:38,8591.0,8591.0,8589.75,8589.75,41.0
2019-12-17 05:39,8589.75,8590.25,8589.5,8589.75,34.0
2019-12-17 05:40,8589.75,8591.5,8589.75,8591.25,38.0
2019-12-17 05:41,8591.5,8591.5,8591.0,8591.25,14.0
2019-12-17 05:42,8591.25,8592.0,8591.25,8591.75,20.0
2019-12-17 05:43,8591.5,8592.25,8591.5,8592.25,56.0
2019-12-17 05:44,8592.25,8592.75,8592.25,8592.25,20.0
2019-12-17 05:45,8592.25,8592.25,8591.25,8591.25,27.0
2019-12-17 05:46,8591.5,8592.0,8591.0,8592.0,14.0
2019-12-17 05:47,8592.25,8592.5,8592.25,8592.5,13.0
2019-12-17 05:48,8592.5,8593.25,8592.25,8592.25,32.0
2019-12-17 05:49,8592.25,8592.25,8591.25,8591.25,26.0
2019-12-17 05:50,8591.0,8591.0,8590.25,8590.5,25.0
2019-12-17 05:51,8590.25,8590.25,8590.0,8590.0,15.0
2019-12-17 05:52,8590.5,8591.25,8590.5,8591.25,20.0
2019-12-17 05:53,8591.25,8591.25,8590.75,8590.75,26.0
2019-12-17 05:54,8591.5,8592.5,8591.25,8592.25,20.0
2019-12-17 05:55,8592.0,8592.0,8590.75,8591.0,20.0
2019-12-17 05:56,8591.0,8591.25,8591.0,8591.25,6.0
2019-12-17 05:57,8591.25,8592.25,8590.75,8592.0,28.0
2019-12-17 05:58,8592.0,8592.0,8590.5,8590.5,16.0
2019-12-17 05:59,8590.75,8591.75,8590.75,8591.25,12.0
2019-12-17 06:00,8591.5,8592.0,8591.0,8591.0,37.0
2019-12-17 06:01,8591.25,8591.25,8590.75,8590.75,17.0
2019-12-17 06:02,8590.5,8590.75,8590.25,8590.75,23.0
2019-12-17 06:03,8590.5,8590.5,8590.25,8590.5,15.0
2019-12-17 06:04,8590.25,8590.5,8590.0,8590.5,33.0
2019-12-17 06:05,8591.0,8591.0,8590.0,8590.0,28.0
2019-12-17 06:06,8590.0,8590.0,8589.25,8590.0,36.0
2019-12-17 06:07,8590.0,8590.5,8589.5,8590.5,22.0
2019-12-17 06:08,8590.25,8590.25,8589.75,8589.75,10.0
2019-12-17 06:09,8589.75,8589.75,8589.0,8589.25,27.0
2019-12-17 06:10,8589.0,8589.0,8588.5,8588.5,20.0
2019-12-17 06:11,8588.5,8588.5,8588.0,8588.5,16.0
2019-12-17 06:12,8588.25,8588.25,8587.75,8587.75,18.0
2019-12-17 06:13,8588.0,8588.0,8587.0,8587.0,21.0
2019-12-17 06:14,8587.25,8587.25,8587.0,8587.0,17.0
2019-12-17 06:15,8587.25,8587.75,8587.0,8587.5,32.0
2019-12-17 06:16,8587.25,8587.5,8586.75,8587.0,23.0
2019-12-17 06:17,8586.75,8587.25,8586.25,8586.75,59.0
2019-12-17 06:18,8586.5,8587.0,8586.25,8587.0,15.0
2019-12-17 06:19,8587.0,8587.0,8586.5,8587.0,10.0
2019-12-17 06:20,8587.25,8587.75,8586.5,8586.75,55.0
2019-12-17 06:21,8586.75,8587.75,8586.75,8587.5,48.0
2019-12-17 06:22,8587.75,8588.75,8587.75,8588.25,30.0
2019-12-17 06:23,8588.5,8588.75,8588.25,8588.5,15.0
2019-12-17 06:24,8588.75,8589.25,8588.75,8589.25,12.0
2019-12-17 06:25,8589.0,8589.0,8588.25,8588.25,37.0
2019-12-17 06:26,8588.0,8588.75,8588.0,8588.75,19.0
2019-12-17 06:27,8588.75,8589.5,8588.75,8589.5,14.0
2019-12-17 06:28,8589.25,8589.5,8588.75,8588.75,23.0
2019-12-17 06:29,8588.75,8589.0,8588.75,8588.75,21.0
2019-12-17 06:30,8588.5,8589.0,8588.0,8588.0,28.0
2019-12-17 06:31,8587.75,8588.0,8586.75,8588.0,77.0
2019-12-17 06:32,8588.0,8588.25,8587.75,8588.25,15.0
2019-12-17 06:33,8588.25,8589.0,8587.75,8588.25,63.0
2019-12-17 06:34,8588.25,8588.5,8588.0,8588.25,16.0
2019-12-17 06:35,8588.75,8589.5,8588.75,8589.5,19.0
2019-12-17 06:36,8589.5,8589.5,8589.25,8589.25,6.0
2019-12-17 06:37,8589.5,8590.25,8589.0,8589.25,57.0
2019-12-17 06:38,8589.0,8589.25,8589.0,8589.25,26.0
2019-12-17 06:39,8589.25,8589.25,8589.0,8589.0,4.0
2019-12-17 06:40,8589.0,8589.0,8588.75,8588.75,12.0
2019-12-17 06:41,8588.75,8588.75,8588.0,8588.25,35.0
2019-12-17 06:42,8588.0,8588.0,8587.75,8587.75,14.0
2019-12-17 06:43,8588.0,8588.5,8587.75,8588.5,20.0
2019-12-17 06:44,8588.5,8588.5,8588.0,8588.5,7.0
2019-12-17 06:45,8588.25,8588.5,8587.5,8587.5,14.0
2019-12-17 06:46,8587.75,8587.75,8587.75,8587.75,3.0
2019-12-17 06:47,8588.0,8588.25,8587.5,8587.75,15.0
2019-12-17 06:48,8587.75,8588.25,8587.75,8588.25,9.0
2019-12-17 06:49,8588.5,8588.75,8588.25,8588.5,12.0
2019-12-17 06:50,8588.25,8588.5,8588.0,8588.25,8.0
2019-12-17 06:51,8588.25,8589.25,8587.75,8589.0,33.0
2019-12-17 06:52,8588.75,8588.75,8587.0,8587.0,34.0
2019-12-17 06:53,8587.0,8587.0,8586.25,8586.75,45.0
2019-12-17 06:54,8587.0,8587.0,8586.5,8586.75,21.0
2019-12-17 06:55,8586.75,8587.5,8586.25,8587.5,26.0
2019-12-17 06:56,8587.5,8587.5,8587.25,8587.5,11.0
2019-12-17 06:57,8587.25,8587.5,8587.25,8587.5,12.0
2019-12-17 06:58,8587.5,8587.5,8587.25,8587.5,8.0
2019-12-17 06:59,8587.5,8587.5,8587.0,8587.0,14.0
2019-12-17 07:00,8587.25,8587.5,8586.75,8587.5,34.0
2019-12-17 07:01,8587.25,8587.5,8587.0,8587.5,13.0
2019-12-17 07:02,8587.5,8588.0,8587.5,8588.0,15.0
2019-12-17 07:03,8588.0,8588.5,8588.0,8588.5,20.0
2019-12-17 07:04,8588.5,8589.25,8588.5,8589.25,35.0
2019-12-17 07:05,8589.25,8589.25,8588.25,8589.25,43.0
2019-12-17 07:06,8589.25,8590.25,8589.25,8589.75,53.0
2019-12-17 07:07,8589.5,8589.5,8588.25,8589.0,37.0
2019-12-17 07:08,8589.25,8589.75,8589.25,8589.25,16.0
2019-12-17 07:09,8589.25,8589.5,8589.0,8589.25,18.0
2019-12-17 07:10,8589.25,8589.25,8588.75,8589.0,9.0
2019-12-17 07:11,8589.0,8589.5,8589.0,8589.25,9.0
2019-12-17 07:12,8589.75,8590.0,8589.25,8589.25,15.0
2019-12-17 07:13,8589.25,8589.5,8589.0,8589.0,16.0
2019-12-17 07:14,8589.25,8590.25,8589.25,8590.0,11.0
2019-12-17 07:15,8589.5,8590.75,8589.0,8590.75,35.0
2019-12-17 07:16,8590.75,8590.75,8590.0,8590.25,24.0
2019-12-17 07:17,8590.5,8590.5,8589.75,8589.75,16.0
2019-12-17 07:18,8589.75,8590.0,8589.5,8589.5,16.0
2019-12-17 07:19,8589.25,8590.0,8589.0,8589.25,21.0
2019-12-17 07:20,8589.5,8589.5,8589.0,8589.0,26.0
2019-12-17 07:21,8589.25,8589.5,8589.25,8589.5,20.0
2019-12-17 07:22,8589.25,8589.25,8588.5,8588.5,15.0
2019-12-17 07:23,8588.75,8589.0,8588.75,8589.0,8.0
2019-12-17 07:24,8589.0,8590.0,8588.75,8589.0,25.0
2019-12-17 07:25,8589.0,8589.5,8589.0,8589.0,10.0
2019-12-17 07:26,8589.25,8589.25,8589.0,8589.25,8.0
2019-12-17 07:27,8589.25,8589.25,8589.0,8589.25,5.0
2019-12-17 07:28,8589.5,8590.0,8589.0,8589.5,12.0
2019-12-17 07:29,8589.75,8590.25,8589.75,8590.0,17.0
2019-12-17 07:30,8590.25,8591.0,8590.25,8590.25,33.0
2019-12-17 07:31,8590.5,8591.0,8589.5,8590.75,35.0
2019-12-17 07:32,8590.75,8591.25,8590.5,8591.0,28.0
2019-12-17 07:33,8591.0,8592.0,8591.0,8591.5,44.0
2019-12-17 07:34,8591.5,8591.75,8591.25,8591.75,53.0
2019-12-17 07:35,8591.5,8592.5,8591.5,8592.25,39.0
2019-12-17 07:36,8592.5,8595.0,8592.25,8595.0,113.0
2019-12-17 07:37,8595.25,8596.75,8594.5,8595.5,97.0
2019-12-17 07:38,8596.25,8596.5,8595.25,8595.75,24.0
2019-12-17 07:39,8595.25,8596.25,8595.0,8596.0,44.0
2019-12-17 07:40,8595.25,8595.5,8594.0,8594.5,32.0
2019-12-17 07:41,8594.25,8594.25,8593.5,8593.5,19.0
2019-12-17 07:42,8593.75,8594.75,8593.75,8593.75,28.0
2019-12-17 07:43,8593.75,8594.0,8593.25,8593.25,39.0
2019-12-17 07:44,8593.25,8593.25,8593.0,8593.0,9.0
2019-12-17 07:45,8592.75,8594.0,8592.5,8593.25,54.0
2019-12-17 07:46,8593.25,8593.5,8592.75,8593.25,26.0
2019-12-17 07:47,8593.25,8593.5,8593.25,8593.25,5.0
2019-12-17 07:48,8593.25,8593.5,8593.0,8593.5,17.0
2019-12-17 07:49,8593.5,8595.0,8593.5,8595.0,29.0
2019-12-17 07:50,8594.75,8596.5,8594.5,8595.0,58.0
2019-12-17 07:51,8595.25,8595.5,8594.5,8594.75,27.0
2019-12-17 07:52,8594.75,8594.75,8593.75,8594.25,14.0
2019-12-17 07:53,8594.0,8594.75,8593.75,8594.25,19.0
2019-12-17 07:54,8594.0,8594.5,8594.0,8594.5,7.0
2019-12-17 07:55,8594.5,8594.5,8593.5,8593.75,42.0
2019-12-17 07:56,8593.5,8594.25,8593.25,8594.0,39.0
2019-12-17 07:57,8594.0,8594.0,8593.5,8593.5,14.0
2019-12-17 07:58,8593.5,8594.5,8593.5,8594.25,18.0
2019-12-17 07:59,8594.0,8594.0,8591.25,8591.5,73.0
2019-12-17 08:00,8591.75,8593.75,8589.25,8590.5,246.0
2019-12-17 08:01,8590.0,8590.0,8588.25,8589.0,129.0
2019-12-17 08:02,8589.0,8589.0,8587.25,8587.5,118.0
2019-12-17 08:03,8587.0,8588.25,8587.0,8587.25,77.0
2019-12-17 08:04,8587.0,8587.0,8586.0,8586.25,104.0
2019-12-17 08:05,8585.75,8586.75,8585.25,8585.5,92.0
2019-12-17 08:06,8585.25,8585.75,8583.25,8584.0,122.0
2019-12-17 08:07,8583.75,8583.75,8582.75,8583.75,80.0
2019-12-17 08:08,8583.5,8583.75,8581.25,8582.75,94.0
2019-12-17 08:09,8582.5,8582.5,8580.75,8580.75,79.0
2019-12-17 08:10,8581.25,8583.0,8581.0,8583.0,103.0
2019-12-17 08:11,8583.0,8583.25,8582.0,8582.0,43.0
2019-12-17 08:12,8582.0,8582.25,8580.75,8580.75,58.0
2019-12-17 08:13,8580.75,8581.0,8579.75,8580.0,67.0
2019-12-17 08:14,8579.5,8580.0,8579.0,8579.25,87.0
2019-12-17 08:15,8579.25,8581.75,8579.0,8581.75,105.0
2019-12-17 08:16,8581.25,8581.75,8581.0,8581.25,54.0
2019-12-17 08:17,8581.0,8582.0,8581.0,8581.25,42.0
2019-12-17 08:18,8581.25,8581.75,8580.5,8581.25,55.0
2019-12-17 08:19,8581.5,8581.5,8579.0,8580.0,59.0
2019-12-17 08:20,8579.75,8579.75,8578.0,8578.0,114.0
2019-12-17 08:21,8578.0,8579.75,8577.75,8578.0,91.0
2019-12-17 08:22,8578.5,8578.5,8577.25,8577.5,61.0
2019-12-17 08:23,8577.75,8579.25,8577.5,8579.25,56.0
2019-12-17 08:24,8579.5,8579.75,8578.25,8578.5,39.0
2019-12-17 08:25,8578.5,8578.5,8577.5,8578.0,56.0
2019-12-17 08:26,8578.0,8581.0,8578.0,8580.25,64.0
2019-12-17 08:27,8580.25,8580.75,8579.75,8580.5,30.0
2019-12-17 08:28,8580.5,8580.75,8579.0,8580.25,83.0
2019-12-17 08:29,8580.0,8580.5,8579.75,8580.25,25.0
2019-12-17 08:30,8580.0,8581.25,8580.0,8580.75,62.0
2019-12-17 08:31,8580.75,8581.0,8580.0,8580.0,25.0
2019-12-17 08:32,8580.25,8580.25,8577.75,8578.0,69.0
2019-12-17 08:33,8578.0,8578.0,8574.75,8575.0,86.0
2019-12-17 08:34,8574.75,8578.0,8574.75,8577.75,67.0
2019-12-17 08:35,8577.75,8578.0,8577.0,8577.0,28.0
2019-12-17 08:36,8577.25,8577.25,8576.75,8577.25,11.0
2019-12-17 08:37,8577.5,8581.0,8577.5,8579.0,86.0
2019-12-17 08:38,8578.5,8579.25,8578.5,8578.75,9.0
2019-12-17 08:39,8578.5,8578.5,8578.0,8578.25,21.0
2019-12-17 08:40,8578.25,8578.5,8577.25,8577.25,40.0
2019-12-17 08:41,8577.0,8577.0,8576.0,8576.25,25.0
2019-12-17 08:42,8576.25,8576.5,8575.0,8575.25,43.0
2019-12-17 08:43,8575.5,8576.0,8575.25,8576.0,31.0
2019-12-17 08:44,8575.75,8576.0,8575.25,8576.0,24.0
2019-12-17 08:45,8576.25,8577.25,8575.75,8576.75,27.0
2019-12-17 08:46,8577.25,8578.0,8577.25,8577.75,16.0
2019-12-17 08:47,8577.75,8577.75,8577.0,8577.75,35.0
2019-12-17 08:48,8577.75,8577.75,8577.75,8577.75,5.0
2019-12-17 08:49,8577.75,8579.25,8577.75,8577.75,42.0
2019-12-17 08:50,8578.25,8578.25,8577.75,8578.0,8.0
2019-12-17 08:51,8578.0,8578.0,8577.25,8577.75,50.0
2019-12-17 08:52,8577.75,8578.0,8576.75,8577.0,45.0
2019-12-17 08:53,8576.75,8578.5,8576.75,8578.5,17.0
2019-12-17 08:54,8578.5,8579.75,8578.25,8579.0,31.0
2019-12-17 08:55,8578.5,8579.25,8578.5,8578.75,56.0
2019-12-17 08:56,8578.75,8579.75,8578.5,8578.75,27.0
2019-12-17 08:57,8579.0,8579.5,8578.75,8579.25,46.0
2019-12-17 08:58,8579.5,8580.5,8579.25,8580.5,37.0
2019-12-17 08:59,8580.5,8580.75,8580.5,8580.5,11.0
2019-12-17 09:00,8580.5,8580.5,8578.5,8578.5,45.0
2019-12-17 09:01,8578.25,8578.5,8578.0,8578.5,23.0
2019-12-17 09:02,8578.5,8579.25,8578.25,8578.75,12.0
2019-12-17 09:03,8578.75,8579.0,8578.25,8578.75,25.0
2019-12-17 09:04,8578.75,8579.5,8578.75,8579.5,28.0
2019-12-17 09:05,8579.75,8581.75,8579.75,8581.5,71.0
2019-12-17 09:06,8581.25,8582.25,8581.25,8582.0,78.0
2019-12-17 09:07,8582.0,8582.25,8581.5,8581.5,28.0
2019-12-17 09:08,8581.75,8581.75,8579.5,8580.5,160.0
2019-12-17 09:09,8580.5,8581.0,8580.0,8581.0,57.0
2019-12-17 09:10,8580.75,8581.25,8580.25,8580.25,15.0
2019-12-17 09:11,8580.25,8580.25,8580.0,8580.0,16.0
2019-12-17 09:12,8580.25,8580.25,8579.75,8580.0,13.0
2019-12-17 09:13,8579.75,8579.75,8577.75,8578.5,37.0
2019-12-17 09:14,8578.25,8578.75,8577.25,8577.75,26.0
2019-12-17 09:15,8578.25,8579.0,8577.75,8577.75,53.0
2019-12-17 09:16,8577.25,8577.25,8576.75,8577.25,42.0
2019-12-17 09:17,8577.0,8577.0,8573.25,8574.0,74.0
2019-12-17 09:18,8574.0,8574.5,8573.25,8574.5,61.0
2019-12-17 09:19,8574.0,8576.5,8574.0,8576.0,64.0
2019-12-17 09:20,8575.75,8576.5,8575.75,8576.0,33.0
2019-12-17 09:21,8576.0,8576.5,8575.75,8576.0,12.0
2019-12-17 09:22,8576.25,8576.25,8573.5,8573.75,37.0
2019-12-17 09:23,8573.5,8573.5,8572.75,8573.0,46.0
2019-12-17 09:24,8573.5,8574.0,8573.0,8573.5,28.0
2019-12-17 09:25,8573.75,8574.0,8573.25,8573.5,33.0
2019-12-17 09:26,8573.5,8573.75,8572.75,8573.25,40.0
2019-12-17 09:27,8573.25,8573.25,8572.5,8573.0,34.0
2019-12-17 09:28,8573.0,8573.75,8572.75,8572.75,23.0
2019-12-17 09:29,8572.5,8573.25,8572.5,8573.0,50.0
2019-12-17 09:30,8573.0,8574.0,8572.5,8573.75,59.0
2019-12-17 09:31,8574.0,8577.0,8574.0,8575.5,109.0
2019-12-17 09:32,8575.25,8576.75,8575.0,8576.5,37.0
2019-12-17 09:33,8576.5,8576.75,8575.0,8576.25,24.0
2019-12-17 09:34,8576.25,8576.25,8575.25,8575.75,20.0
2019-12-17 09:35,8575.75,8576.25,8575.0,8575.5,20.0
2019-12-17 09:36,8575.5,8575.75,8575.0,8575.5,19.0
2019-12-17 09:37,8575.5,8576.0,8575.25,8575.5,27.0
2019-12-17 09:38,8575.5,8575.5,8575.25,8575.25,6.0
2019-12-17 09:39,8575.25,8575.5,8574.75,8574.75,18.0
2019-12-17 09:40,8575.0,8575.5,8574.75,8575.0,21.0
2019-12-17 09:41,8575.0,8575.5,8575.0,8575.5,17.0
2019-12-17 09:42,8575.5,8575.75,8575.25,8575.5,19.0
2019-12-17 09:43,8575.5,8576.0,8575.0,8575.0,31.0
2019-12-17 09:44,8574.75,8575.5,8573.75,8574.0,126.0
2019-12-17 09:45,8574.25,8574.5,8574.25,8574.5,16.0
2019-12-17 09:46,8574.0,8574.5,8573.5,8573.75,21.0
2019-12-17 09:47,8574.0,8574.25,8573.25,8574.25,67.0
2019-12-17 09:48,8574.25,8575.25,8574.0,8575.25,20.0
2019-12-17 09:49,8576.25,8576.5,8575.5,8576.5,45.0
2019-12-17 09:50,8576.5,8577.25,8576.25,8577.25,56.0
2019-12-17 09:51,8577.0,8578.75,8577.0,8577.75,79.0
2019-12-17 09:52,8577.5,8577.5,8577.0,8577.25,14.0
2019-12-17 09:53,8577.25,8577.25,8576.5,8577.25,41.0
2019-12-17 09:54,8577.0,8577.0,8576.5,8576.75,15.0
2019-12-17 09:55,8577.0,8577.0,8576.75,8576.75,8.0
2019-12-17 09:56,8577.5,8577.5,8576.75,8577.0,42.0
2019-12-17 09:57,8576.75,8577.0,8576.25,8577.0,32.0
2019-12-17 09:58,8576.75,8576.75,8576.75,8576.75,2.0
2019-12-17 09:59,8576.75,8578.25,8576.75,8578.0,29.0
2019-12-17 10:00,8578.25,8578.5,8577.5,8577.75,23.0
2019-12-17 10:01,8577.75,8579.0,8577.75,8578.25,24.0
2019-12-17 10:02,8577.75,8578.25,8577.5,8578.0,11.0
2019-12-17 10:03,8578.25,8578.25,8577.5,8577.5,19.0
2019-12-17 10:04,8577.5,8578.5,8577.5,8578.0,38.0
2019-12-17 10:05,8578.0,8579.5,8578.0,8579.0,16.0
2019-12-17 10:06,8578.75,8578.75,8577.75,8577.75,26.0
2019-12-17 10:07,8578.0,8578.25,8577.5,8577.75,26.0
2019-12-17 10:08,8577.75,8579.5,8577.75,8579.25,18.0
2019-12-17 10:09,8579.0,8579.5,8578.75,8578.75,13.0
2019-12-17 10:10,8578.5,8578.75,8577.5,8577.75,50.0
2019-12-17 10:11,8577.75,8578.0,8577.75,8578.0,3.0
2019-12-17 10:12,8578.25,8578.25,8578.0,8578.0,11.0
2019-12-17 10:13,8578.0,8578.25,8577.75,8578.0,29.0
2019-12-17 10:14,8577.75,8580.5,8577.5,8580.0,79.0
2019-12-17 10:15,8580.5,8580.75,8579.5,8579.75,37.0
2019-12-17 10:16,8579.25,8580.0,8579.25,8579.5,20.0
2019-12-17 10:17,8579.0,8579.0,8578.0,8578.0,10.0
2019-12-17 10:18,8577.75,8578.25,8577.5,8577.5,27.0
2019-12-17 10:19,8578.25,8578.25,8578.25,8578.25,1.0
2019-12-17 10:20,8578.0,8578.5,8578.0,8578.5,8.0
2019-12-17 10:21,8578.5,8579.5,8578.25,8579.25,19.0
2019-12-17 10:22,8579.0,8579.75,8578.75,8578.75,7.0
2019-12-17 10:23,8579.0,8579.5,8579.0,8579.5,8.0
2019-12-17 10:24,8578.75,8579.25,8578.75,8578.75,12.0
2019-12-17 10:25,8579.0,8579.0,8578.75,8578.75,16.0
2019-12-17 10:26,8579.0,8579.0,8577.75,8577.75,24.0
2019-12-17 10:27,8578.0,8578.0,8576.0,8576.0,46.0
2019-12-17 10:28,8576.25,8576.75,8575.75,8576.25,51.0
2019-12-17 10:29,8576.25,8577.5,8576.0,8577.25,41.0
2019-12-17 10:30,8577.0,8577.25,8574.0,8575.25,78.0
2019-12-17 10:31,8575.25,8575.75,8575.25,8575.75,9.0
2019-12-17 10:32,8575.5,8577.0,8575.5,8576.75,41.0
2019-12-17 10:33,8577.0,8577.0,8576.0,8576.25,24.0
2019-12-17 10:34,8576.0,8576.25,8575.75,8575.75,17.0
2019-12-17 10:35,8576.0,8577.0,8575.75,8576.0,110.0
2019-12-17 10:36,8576.25,8576.25,8575.25,8575.25,37.0
2019-12-17 10:37,8575.25,8575.5,8574.0,8574.0,76.0
2019-12-17 10:38,8574.0,8574.0,8570.75,8571.25,169.0
2019-12-17 10:39,8570.75,8570.75,8565.75,8569.0,320.0
2019-12-17 10:40,8569.0,8571.25,8568.5,8570.5,120.0
2019-12-17 10:41,8570.5,8570.75,8568.75,8570.5,221.0
2019-12-17 10:42,8570.5,8571.5,8570.5,8571.5,55.0
2019-12-17 10:43,8571.25,8572.0,8570.75,8571.25,89.0
2019-12-17 10:44,8571.0,8571.25,8570.5,8571.0,24.0
2019-12-17 10:45,8571.0,8571.0,8570.25,8570.75,45.0
2019-12-17 10:46,8570.5,8571.25,8570.5,8571.25,24.0
2019-12-17 10:47,8571.25,8571.75,8571.0,8571.0,90.0
2019-12-17 10:48,8571.0,8571.75,8570.75,8571.75,21.0
2019-12-17 10:49,8572.0,8573.25,8572.0,8573.25,41.0
2019-12-17 10:50,8572.75,8573.5,8572.75,8573.5,10.0
2019-12-17 10:51,8573.5,8573.5,8573.0,8573.0,24.0
2019-12-17 10:52,8573.5,8573.5,8573.25,8573.5,15.0
2019-12-17 10:53,8573.75,8574.0,8573.5,8574.0,33.0
2019-12-17 10:54,8574.0,8574.0,8572.5,8572.75,53.0
2019-12-17 10:55,8573.5,8573.5,8572.75,8573.25,31.0
2019-12-17 10:56,8573.0,8573.0,8571.5,8572.25,50.0
2019-12-17 10:57,8572.5,8573.0,8572.25,8572.75,21.0
2019-12-17 10:58,8572.75,8572.75,8571.75,8571.75,25.0
2019-12-17 10:59,8572.5,8572.5,8572.0,8572.0,6.0
2019-12-17 11:00,8572.0,8572.0,8569.25,8571.25,51.0
2019-12-17 11:01,8570.75,8571.25,8569.25,8569.5,96.0
2019-12-17 11:02,8570.0,8570.25,8567.75,8569.0,124.0
2019-12-17 11:03,8568.75,8568.75,8568.0,8568.0,37.0
2019-12-17 11:04,8568.25,8569.25,8567.0,8567.25,39.0
2019-12-17 11:05,8567.25,8567.25,8566.75,8567.0,46.0
2019-12-17 11:06,8566.75,8568.75,8566.75,8568.0,55.0
2019-12-17 11:07,8568.0,8568.75,8567.5,8567.5,31.0
2019-12-17 11:08,8568.0,8568.0,8567.25,8567.5,44.0
2019-12-17 11:09,8567.75,8567.75,8567.25,8567.5,23.0
2019-12-17 11:10,8567.75,8568.0,8567.5,8568.0,8.0
2019-12-17 11:11,8568.25,8568.25,8567.75,8567.75,15.0
2019-12-17 11:12,8567.25,8567.25,8566.0,8566.25,118.0
2019-12-17 11:13,8566.25,8566.5,8565.0,8565.0,110.0
2019-12-17 11:14,8565.25,8568.25,8565.0,8568.25,158.0
2019-12-17 11:15,8568.0,8568.5,8567.75,8568.0,88.0
2019-12-17 11:16,8568.0,8568.5,8566.25,8568.25,112.0
2019-12-17 11:17,8568.75,8569.5,8568.5,8568.75,106.0
2019-12-17 11:18,8568.75,8569.25,8568.5,8568.5,21.0
2019-12-17 11:19,8568.75,8569.75,8568.25,8569.75,21.0
2019-12-17 11:20,8569.5,8569.5,8568.0,8568.75,38.0
2019-12-17 11:21,8569.0,8569.25,8568.5,8569.25,16.0
2019-12-17 11:22,8569.5,8570.75,8569.5,8570.25,34.0
2019-12-17 11:23,8570.5,8572.25,8570.5,8572.25,31.0
2019-12-17 11:24,8571.75,8572.75,8571.75,8572.0,49.0
2019-12-17 11:25,8572.0,8572.5,8571.75,8572.25,13.0
2019-12-17 11:26,8572.0,8572.0,8571.5,8572.0,42.0
2019-12-17 11:27,8572.25,8573.0,8572.25,8572.5,25.0
2019-12-17 11:28,8572.75,8573.25,8572.5,8572.75,24.0
2019-12-17 11:29,8573.0,8573.75,8572.75,8573.75,29.0
2019-12-17 11:30,8573.75,8574.0,8573.0,8573.25,23.0
2019-12-17 11:31,8573.25,8573.5,8573.0,8573.5,14.0
2019-12-17 11:32,8573.25,8573.5,8573.0,8573.25,11.0
2019-12-17 11:33,8573.25,8573.25,8572.5,8572.5,52.0
2019-12-17 11:34,8572.5,8572.75,8572.0,8572.25,104.0
2019-12-17 11:35,8572.5,8572.75,8571.0,8571.25,151.0
2019-12-17 11:36,8571.25,8571.25,8569.75,8570.25,125.0
2019-12-17 11:37,8570.0,8570.25,8568.5,8568.5,105.0
2019-12-17 11:38,8568.5,8568.5,8567.75,8567.75,80.0
2019-12-17 11:39,8567.75,8567.75,8567.0,8567.5,40.0
2019-12-17 11:40,8567.5,8569.25,8567.5,8569.25,27.0
2019-12-17 11:41,8569.5,8570.75,8569.5,8570.75,41.0
2019-12-17 11:42,8570.5,8571.0,8570.0,8571.0,92.0
2019-12-17 11:43,8570.75,8572.0,8570.75,8570.75,78.0
2019-12-17 11:44,8570.75,8571.25,8570.5,8570.75,68.0
2019-12-17 11:45,8570.5,8571.0,8569.75,8571.0,14.0
2019-12-17 11:46,8571.25,8571.25,8571.25,8571.25,5.0
2019-12-17 11:47,8571.25,8571.25,8570.5,8570.5,6.0
2019-12-17 11:48,8570.5,8571.25,8570.0,8571.25,6.0
2019-12-17 11:49,8570.75,8571.75,8570.75,8571.25,17.0
2019-12-17 11:50,8571.25,8571.5,8571.0,8571.5,14.0
2019-12-17 11:51,8571.25,8572.0,8571.25,8572.0,14.0
2019-12-17 11:52,8571.75,8572.5,8571.75,8572.25,26.0
2019-12-17 11:53,8572.25,8572.5,8571.25,8572.5,60.0
2019-12-17 11:54,8572.75,8573.0,8572.0,8572.0,19.0
2019-12-17 11:55,8571.75,8571.75,8571.25,8571.75,13.0
2019-12-17 11:56,8571.75,8571.75,8571.75,8571.75,1.0
2019-12-17 11:57,8573.0,8573.25,8572.5,8572.5,8.0
2019-12-17 11:58,8572.25,8573.0,8572.25,8573.0,12.0
2019-12-17 11:59,8573.25,8573.25,8572.75,8573.0,20.0
2019-12-17 12:00,8572.75,8575.5,8572.5,8575.5,73.0
2019-12-17 12:01,8575.25,8576.0,8574.5,8575.0,37.0
2019-12-17 12:02,8575.0,8575.25,8574.5,8574.75,27.0
2019-12-17 12:03,8574.75,8576.0,8574.75,8576.0,19.0
2019-12-17 12:04,8576.25,8577.0,8576.25,8576.5,56.0
2019-12-17 12:05,8576.5,8576.5,8575.5,8576.0,21.0
2019-12-17 12:06,8576.0,8576.75,8576.0,8576.75,12.0
2019-12-17 12:07,8576.5,8577.0,8576.25,8576.25,26.0
2019-12-17 12:08,8576.25,8577.0,8575.75,8576.5,21.0
2019-12-17 12:09,8576.75,8576.75,8575.75,8575.75,12.0
2019-12-17 12:10,8575.5,8576.75,8575.5,8576.75,24.0
2019-12-17 12:11,8576.5,8576.75,8576.0,8576.25,15.0
2019-12-17 12:12,8576.5,8576.5,8576.25,8576.25,6.0
2019-12-17 12:13,8576.25,8576.25,8575.0,8575.0,23.0
2019-12-17 12:14,8575.0,8576.0,8574.75,8575.75,29.0
2019-12-17 12:15,8576.0,8576.25,8576.0,8576.25,10.0
2019-12-17 12:16,8576.5,8576.5,8575.25,8575.5,14.0
2019-12-17 12:17,8575.0,8575.5,8575.0,8575.5,13.0
2019-12-17 12:18,8575.25,8575.25,8574.0,8574.25,27.0
2019-12-17 12:19,8574.25,8575.0,8574.0,8574.75,26.0
2019-12-17 12:20,8574.25,8575.25,8574.25,8574.75,15.0
2019-12-17 12:21,8574.75,8575.0,8574.25,8575.0,33.0
2019-12-17 12:22,8575.0,8575.0,8574.0,8574.0,20.0
2019-12-17 12:23,8574.5,8576.5,8574.5,8576.0,27.0
2019-12-17 12:24,8576.0,8576.25,8575.25,8575.5,12.0
2019-12-17 12:25,8575.25,8576.75,8575.25,8575.25,23.0
2019-12-17 12:26,8575.25,8575.5,8575.0,8575.5,5.0
2019-12-17 12:27,8575.5,8575.75,8574.75,8575.25,19.0
2019-12-17 12:28,8575.0,8577.0,8575.0,8577.0,24.0
2019-12-17 12:29,8576.75,8578.75,8576.25,8577.75,82.0
2019-12-17 12:30,8577.75,8578.0,8576.75,8577.0,36.0
2019-12-17 12:31,8576.5,8577.75,8576.5,8577.0,22.0
2019-12-17 12:32,8577.25,8577.5,8577.0,8577.25,6.0
2019-12-17 12:33,8577.5,8577.75,8577.5,8577.75,14.0
2019-12-17 12:34,8578.0,8578.5,8577.75,8578.5,10.0
2019-12-17 12:35,8578.25,8579.75,8578.25,8579.0,52.0
2019-12-17 12:36,8579.25,8579.25,8578.5,8578.75,10.0
2019-12-17 12:37,8578.75,8579.5,8578.5,8578.75,36.0
2019-12-17 12:38,8578.75,8579.0,8578.5,8578.5,14.0
2019-12-17 12:39,8578.75,8580.75,8578.5,8580.5,65.0
2019-12-17 12:40,8580.25,8580.25,8577.75,8577.75,59.0
2019-12-17 12:41,8577.75,8578.0,8577.25,8577.75,34.0
2019-12-17 12:42,8578.0,8578.25,8577.25,8577.25,37.0
2019-12-17 12:43,8577.25,8577.25,8577.0,8577.0,8.0
2019-12-17 12:44,8577.0,8577.5,8576.5,8577.5,21.0
2019-12-17 12:45,8577.25,8579.75,8577.25,8579.75,38.0
2019-12-17 12:46,8579.5,8581.0,8579.0,8580.5,42.0
2019-12-17 12:47,8581.0,8581.0,8580.25,8580.5,14.0
2019-12-17 12:48,8580.25,8580.25,8579.5,8579.5,20.0
2019-12-17 12:49,8579.5,8579.75,8576.25,8576.25,84.0
2019-12-17 12:50,8576.0,8577.75,8575.75,8577.5,52.0
2019-12-17 12:51,8577.0,8577.75,8577.0,8577.75,6.0
2019-12-17 12:52,8577.25,8577.75,8576.25,8576.5,26.0
2019-12-17 12:53,8576.25,8577.0,8576.25,8577.0,16.0
2019-12-17 12:54,8577.25,8577.25,8575.75,8575.75,20.0
2019-12-17 12:55,8576.0,8576.5,8574.75,8575.5,73.0
2019-12-17 12:56,8575.25,8575.25,8574.0,8574.5,51.0
2019-12-17 12:57,8574.25,8575.0,8574.25,8574.75,30.0
2019-12-17 12:58,8574.75,8575.75,8574.75,8575.0,19.0
2019-12-17 12:59,8575.0,8575.25,8574.75,8575.0,28.0
2019-12-17 13:00,8575.0,8575.0,8571.0,8571.75,136.0
2019-12-17 13:01,8571.25,8572.0,8569.25,8571.75,108.0
2019-12-17 13:02,8572.25,8572.75,8571.75,8571.75,52.0
2019-12-17 13:03,8572.0,8573.25,8571.5,8573.25,47.0
2019-12-17 13:04,8573.0,8574.5,8572.75,8574.5,35.0
2019-12-17 13:05,8574.25,8575.75,8574.25,8575.25,33.0
2019-12-17 13:06,8575.25,8575.25,8574.5,8574.75,25.0
2019-12-17 13:07,8574.75,8575.0,8574.75,8574.75,10.0
2019-12-17 13:08,8574.75,8574.75,8574.5,8574.5,11.0
2019-12-17 13:09,8574.75,8576.25,8574.75,8575.75,33.0
2019-12-17 13:10,8575.75,8576.75,8575.0,8576.75,62.0
2019-12-17 13:11,8576.5,8577.25,8576.0,8577.0,37.0
2019-12-17 13:12,8577.25,8578.25,8577.25,8578.25,54.0
2019-12-17 13:13,8578.0,8578.0,8576.25,8576.25,25.0
2019-12-17 13:14,8576.5,8578.25,8576.5,8578.25,18.0
2019-12-17 13:15,8577.5,8577.5,8576.25,8576.25,19.0
2019-12-17 13:16,8576.5,8577.25,8576.5,8577.25,12.0
2019-12-17 13:17,8577.25,8577.5,8577.0,8577.5,13.0
2019-12-17 13:18,8577.5,8578.5,8577.5,8578.5,22.0
2019-12-17 13:19,8578.25,8580.0,8578.25,8580.0,57.0
2019-12-17 13:20,8580.0,8580.25,8579.5,8580.25,21.0
2019-12-17 13:21,8580.5,8582.5,8580.5,8582.25,84.0
2019-12-17 13:22,8582.0,8582.0,8581.25,8581.75,45.0
2019-12-17 13:23,8581.75,8581.75,8580.25,8580.5,33.0
2019-12-17 13:24,8580.5,8581.25,8580.0,8580.5,40.0
2019-12-17 13:25,8580.25,8580.75,8579.0,8580.5,34.0
2019-12-17 13:26,8580.0,8580.25,8579.75,8580.0,11.0
2019-12-17 13:27,8579.75,8580.25,8579.5,8579.75,17.0
2019-12-17 13:28,8580.0,8582.0,8580.0,8580.75,64.0
2019-12-17 13:29,8581.0,8581.5,8580.5,8580.5,20.0
2019-12-17 13:30,8580.25,8581.5,8579.75,8579.75,33.0
2019-12-17 13:31,8580.0,8580.5,8579.75,8580.5,12.0
2019-12-17 13:32,8580.5,8581.25,8579.75,8580.75,44.0
2019-12-17 13:33,8580.75,8580.75,8580.0,8580.0,33.0
2019-12-17 13:34,8580.5,8580.5,8579.75,8579.75,17.0
2019-12-17 13:35,8579.75,8581.75,8579.75,8581.25,77.0
2019-12-17 13:36,8581.0,8582.0,8581.0,8581.25,54.0
2019-12-17 13:37,8581.0,8581.0,8580.25,8580.5,19.0
2019-12-17 13:38,8580.75,8581.25,8580.25,8581.0,48.0
2019-12-17 13:39,8581.0,8581.0,8579.25,8580.0,50.0
2019-12-17 13:40,8579.5,8580.0,8579.5,8580.0,18.0
2019-12-17 13:41,8579.75,8580.5,8579.5,8580.0,31.0
2019-12-17 13:42,8580.5,8583.25,8580.5,8582.75,82.0
2019-12-17 13:43,8582.5,8584.75,8581.75,8582.75,140.0
2019-12-17 13:44,8582.5,8583.5,8582.0,8583.0,55.0
2019-12-17 13:45,8583.0,8584.5,8583.0,8583.75,53.0
2019-12-17 13:46,8584.0,8584.75,8583.5,8584.5,58.0
2019-12-17 13:47,8584.75,8586.0,8584.0,8584.5,129.0
2019-12-17 13:48,8585.0,8589.0,8583.75,8588.5,263.0
2019-12-17 13:49,8588.75,8592.5,8588.0,8591.0,291.0
2019-12-17 13:50,8591.0,8592.5,8588.0,8588.5,237.0
2019-12-17 13:51,8588.5,8589.25,8587.75,8588.0,119.0
2019-12-17 13:52,8588.0,8588.25,8584.75,8586.0,181.0
2019-12-17 13:53,8586.25,8586.75,8584.0,8585.25,155.0
2019-12-17 13:54,8585.0,8586.75,8584.75,8586.5,94.0
2019-12-17 13:55,8586.25,8586.75,8586.25,8586.75,24.0
2019-12-17 13:56,8586.25,8588.5,8586.25,8588.25,85.0
2019-12-17 13:57,8587.75,8587.75,8586.75,8586.75,25.0
2019-12-17 13:58,8587.0,8587.0,8585.75,8587.0,58.0
2019-12-17 13:59,8587.25,8587.25,8585.75,8586.25,41.0
2019-12-17 14:00,8585.25,8585.25,8582.75,8584.0,112.0
2019-12-17 14:01,8583.5,8583.75,8582.5,8582.75,57.0
2019-12-17 14:02,8582.5,8582.5,8581.0,8581.75,112.0
2019-12-17 14:03,8581.75,8583.5,8581.75,8583.25,84.0
2019-12-17 14:04,8583.25,8583.25,8582.25,8583.0,43.0
2019-12-17 14:05,8583.25,8583.25,8582.5,8583.0,43.0
2019-12-17 14:06,8582.75,8585.5,8582.5,8585.5,76.0
2019-12-17 14:07,8585.25,8586.0,8584.5,8585.75,57.0
2019-12-17 14:08,8586.0,8586.25,8585.75,8585.75,37.0
2019-12-17 14:09,8585.25,8586.0,8585.25,8585.5,19.0
2019-12-17 14:10,8585.5,8586.75,8585.25,8586.0,66.0
2019-12-17 14:11,8586.5,8587.5,8585.75,8587.5,53.0
2019-12-17 14:12,8587.5,8588.0,8587.0,8587.25,40.0
2019-12-17 14:13,8587.25,8587.75,8586.75,8587.0,36.0
2019-12-17 14:14,8585.75,8586.5,8585.25,8585.25,41.0
2019-12-17 14:15,8585.0,8586.5,8584.5,8585.75,33.0
2019-12-17 14:16,8585.5,8586.0,8585.0,8585.75,46.0
2019-12-17 14:17,8585.75,8586.0,8584.75,8584.75,46.0
2019-12-17 14:18,8584.75,8586.0,8584.75,8585.0,41.0
2019-12-17 14:19,8585.0,8585.25,8583.5,8583.75,54.0
2019-12-17 14:20,8584.0,8584.5,8583.25,8584.25,71.0
2019-12-17 14:21,8584.25,8584.25,8583.75,8584.25,51.0
2019-12-17 14:22,8584.5,8586.0,8584.0,8584.0,84.0
2019-12-17 14:23,8583.75,8585.0,8583.5,8584.5,90.0
2019-12-17 14:24,8584.75,8584.75,8584.0,8584.75,15.0
2019-12-17 14:25,8584.25,8584.25,8583.75,8584.0,35.0
2019-12-17 14:26,8584.0,8586.0,8583.5,8585.5,142.0
2019-12-17 14:27,8585.5,8586.0,8585.0,8586.0,59.0
2019-12-17 14:28,8586.0,8589.5,8586.0,8588.0,182.0
2019-12-17 14:29,8588.0,8588.0,8583.75,8584.75,286.0
2019-12-17 14:30,8585.0,8588.25,8581.25,8585.5,729.0
2019-12-17 14:31,8585.25,8587.25,8583.0,8583.0,424.0
2019-12-17 14:32,8583.0,8583.25,8577.0,8578.5,724.0
2019-12-17 14:33,8578.5,8582.0,8576.75,8580.0,510.0
2019-12-17 14:34,8579.75,8584.75,8577.5,8584.5,704.0
2019-12-17 14:35,8584.25,8593.25,8584.0,8592.5,1182.0
2019-12-17 14:36,8592.25,8594.0,8588.25,8593.0,824.0
2019-12-17 14:37,8592.75,8594.0,8589.0,8589.5,664.0
2019-12-17 14:38,8589.25,8589.25,8578.5,8579.75,920.0
2019-12-17 14:39,8579.75,8584.25,8579.5,8583.25,521.0
2019-12-17 14:40,8582.25,8583.25,8574.0,8574.5,676.0
2019-12-17 14:41,8574.5,8575.0,8572.0,8574.5,819.0
2019-12-17 14:42,8574.5,8575.75,8573.25,8573.25,490.0
2019-12-17 14:43,8573.25,8575.25,8572.75,8574.5,220.0
2019-12-17 14:44,8574.25,8574.25,8569.25,8571.0,593.0
2019-12-17 14:45,8571.25,8572.75,8568.25,8570.0,354.0
2019-12-17 14:46,8570.0,8574.75,8569.25,8573.0,468.0
2019-12-17 14:47,8573.0,8574.25,8569.75,8570.5,271.0
2019-12-17 14:48,8571.25,8572.5,8570.0,8570.75,228.0
2019-12-17 14:49,8570.75,8571.5,8567.0,8568.0,491.0
2019-12-17 14:50,8567.5,8569.75,8567.5,8567.5,267.0
2019-12-17 14:51,8567.75,8570.5,8567.5,8570.0,269.0
2019-12-17 14:52,8570.25,8571.75,8568.0,8569.5,298.0
2019-12-17 14:53,8569.5,8570.0,8568.0,8569.5,189.0
2019-12-17 14:54,8569.5,8571.25,8568.0,8571.0,188.0
2019-12-17 14:55,8571.25,8572.0,8569.5,8569.75,258.0
2019-12-17 14:56,8569.5,8571.75,8569.5,8569.5,143.0
2019-12-17 14:57,8569.75,8570.5,8568.25,8570.5,154.0
2019-12-17 14:58,8569.75,8569.75,8567.0,8568.25,158.0
2019-12-17 14:59,8568.0,8571.0,8566.75,8568.0,237.0
2019-12-17 15:00,8568.5,8574.25,8566.5,8572.25,436.0
2019-12-17 15:01,8572.75,8574.75,8572.0,8574.25,216.0
2019-12-17 15:02,8573.75,8575.5,8572.5,8572.5,157.0
2019-12-17 15:03,8572.25,8574.5,8572.0,8574.25,90.0
2019-12-17 15:04,8574.5,8576.0,8574.25,8575.75,157.0
2019-12-17 15:05,8575.75,8576.75,8575.25,8575.75,168.0
2019-12-17 15:06,8575.75,8578.0,8573.75,8577.75,229.0
2019-12-17 15:07,8577.25,8578.0,8576.25,8577.25,97.0
2019-12-17 15:08,8577.0,8577.5,8574.75,8575.0,99.0
2019-12-17 15:09,8574.75,8577.75,8574.5,8577.25,143.0
2019-12-17 15:10,8576.75,8578.5,8576.5,8578.5,165.0
2019-12-17 15:11,8578.25,8580.75,8577.25,8580.0,283.0
2019-12-17 15:12,8580.0,8580.25,8578.75,8579.25,109.0
2019-12-17 15:13,8579.25,8580.0,8578.0,8578.5,94.0
2019-12-17 15:14,8578.75,8580.5,8578.5,8578.5,112.0
2019-12-17 15:15,8578.25,8579.5,8575.5,8575.5,163.0
2019-12-17 15:16,8575.25,8575.5,8572.5,8573.25,235.0
2019-12-17 15:17,8573.25,8580.75,8573.0,8580.75,223.0
2019-12-17 15:18,8580.75,8583.5,8580.75,8581.75,340.0
2019-12-17 15:19,8582.25,8582.75,8580.5,8580.75,120.0
2019-12-17 15:20,8581.0,8581.25,8577.75,8579.25,215.0
2019-12-17 15:21,8579.25,8579.25,8576.25,8577.0,99.0
2019-12-17 15:22,8576.75,8577.5,8575.5,8577.5,163.0
2019-12-17 15:23,8577.25,8578.75,8576.25,8578.5,100.0
2019-12-17 15:24,8578.5,8580.25,8578.0,8580.25,55.0
2019-12-17 15:25,8580.0,8580.25,8578.0,8578.75,72.0
2019-12-17 15:26,8578.5,8581.5,8578.5,8581.5,59.0
2019-12-17 15:27,8581.5,8582.75,8581.0,8582.0,190.0
2019-12-17 15:28,8581.75,8582.75,8581.0,8582.0,107.0
2019-12-17 15:29,8581.75,8582.25,8580.0,8580.5,117.0
2019-12-17 15:30,8580.0,8581.25,8578.5,8580.0,173.0
2019-12-17 15:31,8579.75,8580.25,8577.75,8578.25,173.0
2019-12-17 15:32,8578.0,8581.0,8578.0,8580.5,176.0
2019-12-17 15:33,8581.0,8581.5,8578.75,8579.25,129.0
2019-12-17 15:34,8579.5,8580.5,8578.75,8579.25,104.0
2019-12-17 15:35,8579.0,8580.5,8578.5,8579.0,90.0
2019-12-17 15:36,8579.0,8579.25,8577.75,8578.5,120.0
2019-12-17 15:37,8578.25,8580.75,8578.0,8580.5,150.0
2019-12-17 15:38,8580.5,8583.75,8580.5,8583.5,230.0
2019-12-17 15:39,8583.5,8583.5,8580.5,8580.75,237.0
2019-12-17 15:40,8580.5,8582.75,8580.5,8582.25,172.0
2019-12-17 15:41,8582.25,8582.25,8578.5,8579.25,137.0
2019-12-17 15:42,8579.0,8579.5,8577.5,8578.5,115.0
2019-12-17 15:43,8578.0,8579.0,8577.75,8578.25,101.0
2019-12-17 15:44,8578.0,8578.75,8577.5,8578.0,69.0
2019-12-17 15:45,8578.25,8579.75,8577.75,8577.75,89.0
2019-12-17 15:46,8577.75,8579.25,8577.0,8577.5,106.0
2019-12-17 15:47,8577.5,8578.0,8574.75,8577.0,151.0
2019-12-17 15:48,8577.5,8580.75,8577.5,8580.5,182.0
2019-12-17 15:49,8580.75,8583.0,8580.0,8580.0,115.0
2019-12-17 15:50,8580.0,8580.75,8579.75,8580.0,54.0
2019-12-17 15:51,8580.0,8580.5,8579.25,8579.75,118.0
2019-12-17 15:52,8579.5,8580.5,8578.0,8580.5,91.0
2019-12-17 15:53,8580.25,8582.0,8580.25,8580.5,73.0
2019-12-17 15:54,8580.25,8581.0,8578.5,8578.5,115.0
2019-12-17 15:55,8578.25,8578.25,8575.0,8576.25,157.0
2019-12-17 15:56,8576.0,8576.75,8575.25,8576.5,116.0
2019-12-17 15:57,8576.5,8577.25,8574.25,8575.5,160.0
2019-12-17 15:58,8575.25,8578.5,8575.25,8578.25,143.0
2019-12-17 15:59,8578.25,8579.5,8571.75,8572.0,206.0
2019-12-17 16:00,8572.25,8574.5,8572.25,8574.0,144.0
2019-12-17 16:01,8574.0,8575.75,8574.0,8575.5,112.0
2019-12-17 16:02,8575.5,8576.75,8574.5,8575.0,91.0
2019-12-17 16:03,8575.0,8577.0,8575.0,8576.5,58.0
2019-12-17 16:04,8575.75,8576.75,8575.5,8576.0,87.0
2019-12-17 16:05,8575.75,8576.5,8575.25,8575.5,55.0
2019-12-17 16:06,8575.5,8575.75,8574.5,8575.0,88.0
2019-12-17 16:07,8575.0,8575.75,8573.5,8574.75,74.0
2019-12-17 16:08,8575.25,8575.25,8572.5,8573.0,131.0
2019-12-17 16:09,8573.25,8573.5,8571.25,8572.0,293.0
2019-12-17 16:10,8572.0,8572.5,8571.25,8572.0,183.0
2019-12-17 16:11,8571.75,8573.0,8571.25,8572.25,96.0
2019-12-17 16:12,8572.25,8574.5,8572.25,8573.0,79.0
2019-12-17 16:13,8573.25,8573.25,8571.0,8572.75,85.0
2019-12-17 16:14,8572.5,8573.75,8571.5,8573.25,71.0
2019-12-17 16:15,8573.5,8575.5,8573.0,8573.5,69.0
2019-12-17 16:16,8573.5,8573.5,8571.75,8572.5,50.0
2019-12-17 16:17,8572.75,8573.75,8571.5,8572.0,76.0
2019-12-17 16:18,8571.75,8573.0,8571.5,8572.0,68.0
2019-12-17 16:19,8571.75,8572.5,8571.25,8572.5,82.0
2019-12-17 16:20,8572.25,8574.25,8571.5,8573.75,85.0
2019-12-17 16:21,8573.5,8574.5,8573.25,8573.5,47.0
2019-12-17 16:22,8573.75,8575.0,8572.75,8572.75,107.0
2019-12-17 16:23,8572.5,8572.75,8570.75,8572.0,108.0
2019-12-17 16:24,8572.0,8572.0,8570.75,8571.5,68.0
2019-12-17 16:25,8571.5,8574.0,8571.5,8571.75,120.0
2019-12-17 16:26,8572.0,8573.5,8572.0,8573.25,39.0
2019-12-17 16:27,8573.0,8574.75,8572.25,8574.75,100.0
2019-12-17 16:28,8574.75,8575.25,8573.25,8574.0,72.0
2019-12-17 16:29,8573.75,8575.25,8572.5,8575.25,99.0
2019-12-17 16:30,8575.5,8575.75,8573.25,8573.75,53.0
2019-12-17 16:31,8574.25,8574.25,8571.0,8571.5,132.0
2019-12-17 16:32,8571.25,8572.5,8571.0,8571.75,70.0
2019-12-17 16:33,8572.0,8573.0,8571.75,8571.75,45.0
2019-12-17 16:34,8572.25,8575.0,8572.25,8575.0,68.0
2019-12-17 16:35,8574.75,8578.0,8573.75,8577.25,193.0
2019-12-17 16:36,8577.5,8578.0,8576.0,8577.5,86.0
2019-12-17 16:37,8577.75,8579.5,8577.75,8578.5,97.0
2019-12-17 16:38,8579.0,8580.0,8578.75,8579.5,95.0
2019-12-17 16:39,8579.25,8579.5,8578.25,8578.25,65.0
2019-12-17 16:40,8578.0,8579.5,8578.0,8579.25,79.0
2019-12-17 16:41,8578.75,8579.0,8577.0,8577.5,87.0
2019-12-17 16:42,8577.25,8577.25,8576.0,8576.0,78.0
2019-12-17 16:43,8576.25,8576.25,8574.0,8575.5,134.0
2019-12-17 16:44,8575.5,8577.0,8575.5,8576.25,57.0
2019-12-17 16:45,8576.25,8576.25,8571.25,8575.75,179.0
2019-12-17 16:46,8575.75,8575.75,8574.5,8575.5,49.0
2019-12-17 16:47,8575.5,8577.5,8575.25,8577.25,108.0
2019-12-17 16:48,8577.25,8577.25,8575.5,8575.5,42.0
2019-12-17 16:49,8576.0,8577.5,8575.75,8577.0,88.0
2019-12-17 16:50,8577.0,8578.25,8577.0,8577.75,79.0
2019-12-17 16:51,8577.75,8577.75,8575.25,8575.5,60.0
2019-12-17 16:52,8575.5,8575.5,8573.5,8574.75,96.0
2019-12-17 16:53,8574.25,8575.75,8574.25,8575.25,56.0
2019-12-17 16:54,8575.25,8576.0,8574.75,8575.25,39.0
2019-12-17 16:55,8575.25,8576.0,8574.0,8574.5,47.0
2019-12-17 16:56,8574.25,8574.75,8573.5,8574.25,41.0
2019-12-17 16:57,8574.0,8575.5,8574.0,8575.5,37.0
2019-12-17 16:58,8575.25,8577.25,8575.0,8577.25,69.0
2019-12-17 16:59,8577.25,8577.25,8576.0,8576.25,34.0
2019-12-17 17:00,8576.0,8577.0,8576.0,8577.0,84.0
2019-12-17 17:01,8577.0,8578.0,8577.0,8577.75,31.0
2019-12-17 17:02,8577.75,8578.25,8577.25,8577.75,66.0
2019-12-17 17:03,8577.75,8579.5,8577.75,8578.5,65.0
2019-12-17 17:04,8578.75,8579.0,8577.75,8579.0,31.0
2019-12-17 17:05,8579.0,8579.0,8578.0,8578.0,25.0
2019-12-17 17:06,8578.25,8578.5,8578.0,8578.25,35.0
2019-12-17 17:07,8578.25,8578.25,8577.75,8577.75,32.0
2019-12-17 17:08,8578.0,8578.0,8576.5,8576.5,47.0
2019-12-17 17:09,8576.25,8576.5,8575.5,8575.75,48.0
2019-12-17 17:10,8575.75,8576.75,8575.25,8576.5,41.0
2019-12-17 17:11,8576.25,8576.5,8575.0,8575.75,54.0
2019-12-17 17:12,8575.25,8576.0,8575.25,8576.0,27.0
2019-12-17 17:13,8576.0,8576.5,8575.5,8576.5,18.0
2019-12-17 17:14,8576.75,8577.25,8576.25,8576.75,37.0
2019-12-17 17:15,8576.75,8576.75,8575.5,8575.75,40.0
2019-12-17 17:16,8575.5,8576.25,8575.5,8576.25,36.0
2019-12-17 17:17,8576.5,8576.75,8575.25,8576.0,45.0
2019-12-17 17:18,8576.5,8578.0,8576.5,8577.5,48.0
2019-12-17 17:19,8577.25,8578.0,8577.0,8577.0,63.0
2019-12-17 17:20,8577.25,8577.5,8576.5,8577.5,68.0
2019-12-17 17:21,8577.0,8577.0,8577.0,8577.0,8.0
2019-12-17 17:22,8577.0,8577.5,8576.75,8576.75,29.0
2019-12-17 17:23,8576.75,8577.25,8575.5,8577.25,43.0
2019-12-17 17:24,8576.75,8577.0,8576.75,8577.0,20.0
2019-12-17 17:25,8576.5,8577.75,8576.5,8577.5,19.0
2019-12-17 17:26,8577.5,8577.75,8577.25,8577.5,13.0
2019-12-17 17:27,8577.5,8579.25,8577.5,8579.25,73.0
2019-12-17 17:28,8579.25,8579.5,8579.0,8579.25,48.0
2019-12-17 17:29,8579.25,8581.0,8579.25,8580.5,102.0
2019-12-17 17:30,8580.5,8580.5,8579.5,8579.75,60.0
2019-12-17 17:31,8579.5,8579.5,8578.75,8579.0,39.0
2019-12-17 17:32,8578.75,8579.75,8578.75,8579.25,24.0
2019-12-17 17:33,8579.0,8579.25,8578.75,8579.0,55.0
2019-12-17 17:34,8579.25,8579.5,8579.0,8579.5,19.0
2019-12-17 17:35,8579.5,8579.5,8579.0,8579.5,12.0
2019-12-17 17:36,8579.75,8579.75,8579.5,8579.5,7.0
2019-12-17 17:37,8579.5,8579.75,8579.5,8579.75,19.0
2019-12-17 17:38,8579.5,8580.25,8579.0,8580.25,42.0
2019-12-17 17:39,8580.0,8580.0,8578.75,8579.0,67.0
2019-12-17 17:40,8578.75,8579.75,8578.5,8578.75,70.0
2019-12-17 17:41,8579.0,8580.0,8579.0,8580.0,31.0
2019-12-17 17:42,8580.0,8580.75,8579.5,8580.0,100.0
2019-12-17 17:43,8580.25,8580.75,8580.0,8580.5,19.0
2019-12-17 17:44,8580.75,8581.75,8580.25,8580.5,98.0
2019-12-17 17:45,8580.75,8580.75,8579.75,8579.75,16.0
2019-12-17 17:46,8579.5,8581.5,8579.25,8580.0,46.0
2019-12-17 17:47,8579.75,8580.0,8578.5,8579.0,28.0
2019-12-17 17:48,8579.0,8579.25,8578.5,8579.0,29.0
2019-12-17 17:49,8579.25,8579.25,8577.25,8577.75,37.0
2019-12-17 17:50,8577.25,8577.75,8576.75,8576.75,77.0
2019-12-17 17:51,8576.75,8577.25,8576.75,8576.75,31.0
2019-12-17 17:52,8576.5,8577.5,8576.0,8576.75,75.0
2019-12-17 17:53,8576.75,8579.5,8576.75,8579.0,75.0
2019-12-17 17:54,8579.0,8579.5,8578.75,8579.25,29.0
2019-12-17 17:55,8579.0,8580.5,8579.0,8580.0,70.0
2019-12-17 17:56,8580.0,8580.75,8580.0,8580.5,32.0
2019-12-17 17:57,8580.0,8580.0,8579.25,8579.5,36.0
2019-12-17 17:58,8579.25,8580.0,8579.0,8580.0,63.0
2019-12-17 17:59,8579.75,8580.5,8579.5,8579.5,27.0
2019-12-17 18:00,8580.0,8580.25,8579.25,8579.25,35.0
2019-12-17 18:01,8579.0,8579.0,8575.75,8576.25,79.0
2019-12-17 18:02,8576.0,8576.75,8575.75,8576.5,59.0
2019-12-17 18:03,8576.25,8577.0,8576.0,8576.0,46.0
2019-12-17 18:04,8576.0,8576.75,8575.75,8576.25,60.0
2019-12-17 18:05,8576.25,8576.25,8575.5,8575.75,9.0
2019-12-17 18:06,8575.5,8576.0,8575.25,8575.5,34.0
2019-12-17 18:07,8575.75,8576.0,8575.5,8575.75,34.0
2019-12-17 18:08,8575.75,8575.75,8575.0,8575.5,35.0
2019-12-17 18:09,8575.25,8575.5,8573.5,8574.75,67.0
2019-12-17 18:10,8574.75,8576.0,8574.75,8575.5,41.0
2019-12-17 18:11,8575.25,8575.25,8574.75,8575.0,18.0
2019-12-17 18:12,8575.25,8575.25,8574.75,8574.75,15.0
2019-12-17 18:13,8574.5,8574.5,8573.75,8574.0,15.0
2019-12-17 18:14,8574.25,8574.75,8574.25,8574.5,49.0
2019-12-17 18:15,8574.75,8575.75,8574.75,8575.5,36.0
2019-12-17 18:16,8575.75,8577.0,8575.75,8576.25,15.0
2019-12-17 18:17,8576.5,8576.5,8575.75,8576.25,18.0
2019-12-17 18:18,8576.5,8577.0,8576.25,8576.5,28.0
2019-12-17 18:19,8576.5,8576.75,8576.0,8576.25,12.0
2019-12-17 18:20,8576.25,8577.0,8575.5,8577.0,33.0
2019-12-17 18:21,8577.0,8577.25,8575.75,8575.75,29.0
2019-12-17 18:22,8575.25,8575.75,8575.25,8575.75,19.0
2019-12-17 18:23,8575.75,8575.75,8574.75,8575.0,54.0
2019-12-17 18:24,8575.0,8576.0,8574.75,8575.75,26.0
2019-12-17 18:25,8575.75,8576.0,8575.25,8575.25,70.0
2019-12-17 18:26,8575.5,8575.5,8575.25,8575.5,5.0
2019-12-17 18:27,8575.75,8575.75,8575.0,8575.0,14.0
2019-12-17 18:28,8575.25,8575.25,8574.75,8575.0,37.0
2019-12-17 18:29,8574.75,8574.75,8573.5,8574.25,69.0
2019-12-17 18:30,8573.75,8574.5,8573.5,8573.5,58.0
2019-12-17 18:31,8573.75,8574.25,8573.75,8574.0,21.0
2019-12-17 18:32,8574.0,8574.25,8573.75,8574.0,38.0
2019-12-17 18:33,8574.25,8576.5,8574.0,8576.0,44.0
2019-12-17 18:34,8576.0,8576.5,8576.0,8576.0,13.0
2019-12-17 18:35,8576.0,8576.0,8575.25,8575.5,26.0
2019-12-17 18:36,8575.75,8576.0,8575.5,8575.75,37.0
2019-12-17 18:37,8575.5,8578.0,8575.25,8577.5,72.0
2019-12-17 18:38,8577.5,8577.75,8577.0,8577.75,28.0
2019-12-17 18:39,8577.5,8578.25,8577.25,8577.75,43.0
2019-12-17 18:40,8577.75,8578.0,8577.25,8578.0,25.0
2019-12-17 18:41,8578.25,8579.5,8578.25,8579.0,45.0
2019-12-17 18:42,8579.25,8580.0,8579.0,8580.0,49.0
2019-12-17 18:43,8579.75,8581.25,8579.5,8581.25,89.0
2019-12-17 18:44,8581.0,8582.0,8581.0,8581.75,69.0
2019-12-17 18:45,8581.75,8581.75,8581.0,8581.5,39.0
2019-12-17 18:46,8581.25,8581.5,8580.75,8580.75,73.0
2019-12-17 18:47,8580.5,8581.0,8580.25,8580.25,37.0
2019-12-17 18:48,8580.25,8581.5,8575.25,8577.25,230.0
2019-12-17 18:49,8576.75,8577.75,8574.5,8576.75,452.0
2019-12-17 18:50,8576.75,8577.75,8576.25,8576.75,62.0
2019-12-17 18:51,8576.5,8577.75,8576.5,8577.75,29.0
2019-12-17 18:52,8577.25,8578.5,8577.25,8578.25,15.0
2019-12-17 18:53,8578.5,8578.5,8577.5,8577.75,12.0
2019-12-17 18:54,8578.0,8578.75,8577.75,8578.5,19.0
2019-12-17 18:55,8578.75,8579.0,8578.25,8578.5,17.0
2019-12-17 18:56,8578.0,8578.75,8578.0,8578.75,20.0
2019-12-17 18:57,8578.5,8579.25,8578.5,8579.25,21.0
2019-12-17 18:58,8579.5,8580.25,8579.0,8579.0,71.0
2019-12-17 18:59,8579.25,8580.25,8579.25,8580.25,48.0
2019-12-17 19:00,8580.25,8583.25,8574.75,8578.75,656.0
2019-12-17 19:01,8578.5,8580.25,8578.25,8578.5,42.0
2019-12-17 19:02,8577.5,8578.75,8577.5,8578.0,62.0
2019-12-17 19:03,8577.5,8578.25,8577.0,8577.0,48.0
2019-12-17 19:04,8577.0,8578.0,8577.0,8577.75,59.0
2019-12-17 19:05,8577.5,8577.5,8575.5,8577.5,144.0
2019-12-17 19:06,8577.25,8578.5,8574.75,8576.25,141.0
2019-12-17 19:07,8576.5,8576.75,8576.0,8576.0,9.0
2019-12-17 19:08,8576.25,8576.75,8576.25,8576.75,17.0
2019-12-17 19:09,8576.75,8577.75,8576.0,8577.75,35.0
2019-12-17 19:10,8577.75,8578.5,8577.5,8578.5,11.0
2019-12-17 19:11,8578.5,8579.75,8578.0,8579.5,59.0
2019-12-17 19:12,8579.5,8580.25,8579.0,8579.25,90.0
2019-12-17 19:13,8579.25,8579.25,8579.0,8579.0,16.0
2019-12-17 19:14,8578.75,8578.75,8577.75,8578.5,27.0
2019-12-17 19:15,8578.25,8578.25,8576.25,8576.75,31.0
2019-12-17 19:16,8576.5,8577.25,8576.25,8576.25,68.0
2019-12-17 19:17,8576.0,8576.0,8574.5,8574.5,57.0
2019-12-17 19:18,8575.0,8576.5,8574.25,8576.25,108.0
2019-12-17 19:19,8575.75,8576.0,8575.0,8575.25,54.0
2019-12-17 19:20,8576.0,8576.0,8574.75,8575.0,19.0
2019-12-17 19:21,8574.75,8574.75,8574.25,8574.25,15.0
2019-12-17 19:22,8574.75,8574.75,8574.25,8574.5,29.0
2019-12-17 19:23,8574.25,8574.5,8573.25,8574.5,60.0
2019-12-17 19:24,8574.75,8575.0,8574.25,8574.25,59.0
2019-12-17 19:25,8574.0,8574.25,8572.75,8573.0,81.0
2019-12-17 19:26,8573.25,8573.25,8572.25,8572.5,59.0
2019-12-17 19:27,8572.25,8573.5,8572.25,8573.25,15.0
2019-12-17 19:28,8573.75,8573.75,8572.0,8572.0,58.0
2019-12-17 19:29,8572.5,8574.25,8572.0,8574.0,55.0
2019-12-17 19:30,8573.75,8575.0,8573.75,8574.0,57.0
2019-12-17 19:31,8574.0,8575.75,8574.0,8575.5,33.0
2019-12-17 19:32,8575.75,8576.0,8575.5,8575.75,22.0
2019-12-17 19:33,8575.75,8576.25,8575.5,8576.25,42.0
2019-12-17 19:34,8576.5,8577.75,8576.0,8577.0,54.0
2019-12-17 19:35,8577.25,8578.25,8577.25,8577.75,35.0
2019-12-17 19:36,8578.0,8578.0,8577.0,8577.0,21.0
2019-12-17 19:37,8576.75,8576.75,8576.5,8576.5,12.0
2019-12-17 19:38,8576.75,8577.25,8576.75,8577.25,23.0
2019-12-17 19:39,8576.75,8578.5,8576.75,8578.0,15.0
2019-12-17 19:40,8578.25,8578.5,8577.75,8577.75,34.0
2019-12-17 19:41,8577.75,8578.5,8577.75,8578.25,27.0
2019-12-17 19:42,8577.75,8578.75,8577.75,8578.75,21.0
2019-12-17 19:43,8579.0,8579.5,8579.0,8579.5,29.0
2019-12-17 19:44,8579.5,8579.75,8578.75,8579.5,36.0
2019-12-17 19:45,8579.75,8579.75,8578.25,8579.0,25.0
2019-12-17 19:46,8579.25,8580.5,8579.25,8579.75,48.0
2019-12-17 19:47,8579.75,8580.0,8578.5,8578.5,38.0
2019-12-17 19:48,8578.75,8579.0,8578.0,8578.25,63.0
2019-12-17 19:49,8578.5,8579.5,8578.0,8579.5,57.0
2019-12-17 19:50,8579.5,8579.75,8578.25,8579.25,75.0
2019-12-17 19:51,8579.0,8579.25,8578.25,8578.25,35.0
2019-12-17 19:52,8578.5,8578.75,8577.75,8578.5,55.0
2019-12-17 19:53,8578.75,8579.0,8578.5,8578.5,21.0
2019-12-17 19:54,8578.5,8579.0,8578.5,8578.75,13.0
2019-12-17 19:55,8578.5,8579.75,8578.5,8579.25,59.0
2019-12-17 19:56,8579.0,8579.5,8578.75,8579.0,23.0
2019-12-17 19:57,8579.5,8580.0,8579.5,8580.0,23.0
2019-12-17 19:58,8580.25,8581.0,8579.75,8579.75,58.0
2019-12-17 19:59,8579.75,8580.5,8579.0,8579.5,68.0
2019-12-17 20:00,8578.75,8580.25,8578.25,8580.25,49.0
2019-12-17 20:01,8580.0,8581.0,8578.5,8580.5,160.0
2019-12-17 20:02,8580.25,8580.25,8578.75,8578.75,13.0
2019-12-17 20:03,8579.0,8579.25,8578.25,8578.75,38.0
2019-12-17 20:04,8579.25,8579.75,8579.0,8579.25,53.0
2019-12-17 20:05,8578.75,8580.25,8578.75,8580.25,29.0
2019-12-17 20:06,8580.0,8580.75,8579.75,8580.75,64.0
2019-12-17 20:07,8580.0,8580.25,8580.0,8580.25,42.0
2019-12-17 20:08,8580.0,8580.5,8579.75,8580.5,41.0
2019-12-17 20:09,8579.75,8580.0,8579.25,8579.5,31.0
2019-12-17 20:10,8579.5,8579.75,8579.25,8579.25,47.0
2019-12-17 20:11,8579.0,8579.0,8578.0,8578.75,65.0
2019-12-17 20:12,8578.75,8579.75,8578.5,8578.75,30.0
2019-12-17 20:13,8579.0,8579.5,8578.0,8579.5,46.0
2019-12-17 20:14,8579.5,8579.75,8579.25,8579.5,48.0
2019-12-17 20:15,8579.75,8580.25,8577.5,8577.75,69.0
2019-12-17 20:16,8577.75,8578.75,8577.75,8578.75,23.0
2019-12-17 20:17,8578.5,8581.0,8578.5,8579.75,98.0
2019-12-17 20:18,8579.75,8580.25,8579.0,8580.0,32.0
2019-12-17 20:19,8580.25,8581.0,8580.25,8580.25,50.0
2019-12-17 20:20,8580.75,8581.25,8580.25,8580.75,88.0
2019-12-17 20:21,8580.5,8580.75,8579.0,8579.0,43.0
2019-12-17 20:22,8579.5,8579.5,8579.0,8579.0,41.0
2019-12-17 20:23,8579.5,8580.25,8579.25,8579.5,40.0
2019-12-17 20:24,8579.5,8580.25,8579.5,8580.25,41.0
2019-12-17 20:25,8580.0,8580.25,8579.25,8580.25,13.0
2019-12-17 20:26,8580.5,8581.0,8580.0,8580.75,93.0
2019-12-17 20:27,8580.75,8581.5,8580.5,8581.5,82.0
2019-12-17 20:28,8581.5,8582.25,8580.75,8580.75,69.0
2019-12-17 20:29,8580.75,8580.75,8580.0,8580.25,34.0
2019-12-17 20:30,8580.0,8581.0,8579.75,8580.75,103.0
2019-12-17 20:31,8580.75,8581.75,8580.75,8580.75,56.0
2019-12-17 20:32,8581.0,8581.0,8580.0,8580.0,56.0
2019-12-17 20:33,8580.5,8580.5,8578.75,8579.5,52.0
2019-12-17 20:34,8579.75,8580.0,8578.5,8578.75,37.0
2019-12-17 20:35,8578.25,8579.0,8577.75,8578.75,107.0
2019-12-17 20:36,8579.5,8580.0,8579.5,8579.75,29.0
2019-12-17 20:37,8579.75,8580.75,8579.75,8580.75,46.0
2019-12-17 20:38,8581.0,8581.5,8580.25,8581.25,99.0
2019-12-17 20:39,8581.0,8581.25,8579.75,8580.25,37.0
2019-12-17 20:40,8579.75,8580.0,8579.5,8579.5,12.0
2019-12-17 20:41,8579.5,8579.5,8578.5,8578.75,80.0
2019-12-17 20:42,8579.0,8579.0,8577.0,8578.0,74.0
2019-12-17 20:43,8578.0,8578.5,8577.75,8578.0,72.0
2019-12-17 20:44,8577.5,8579.0,8577.5,8578.5,54.0
2019-12-17 20:45,8578.25,8578.5,8577.25,8577.5,56.0
2019-12-17 20:46,8577.25,8579.75,8577.25,8578.0,91.0
2019-12-17 20:47,8577.75,8577.75,8576.25,8576.75,91.0
2019-12-17 20:48,8576.75,8576.75,8575.5,8576.25,105.0
2019-12-17 20:49,8575.75,8577.0,8575.25,8575.5,174.0
2019-12-17 20:50,8575.75,8581.0,8575.75,8580.5,367.0
2019-12-17 20:51,8580.25,8580.25,8577.75,8577.75,81.0
2019-12-17 20:52,8577.25,8577.75,8575.25,8575.5,120.0
2019-12-17 20:53,8575.5,8577.5,8573.75,8574.5,280.0
2019-12-17 20:54,8574.75,8578.0,8574.5,8577.5,264.0
2019-12-17 20:55,8577.5,8578.25,8574.0,8574.75,295.0
2019-12-17 20:56,8574.75,8578.5,8574.5,8576.5,244.0
2019-12-17 20:57,8576.5,8578.75,8576.5,8578.5,247.0
2019-12-17 20:58,8578.5,8579.75,8577.75,8578.0,274.0
2019-12-17 20:59,8578.0,8579.25,8574.0,8577.0,1306.0
2019-12-17 21:00,8576.75,8579.0,8574.75,8578.25,327.0
2019-12-17 21:01,8578.25,8579.0,8577.5,8578.25,116.0
2019-12-17 21:02,8578.25,8578.75,8577.0,8577.25,69.0
2019-12-17 21:03,8577.25,8577.5,8575.0,8575.25,69.0
2019-12-17 21:04,8575.0,8576.25,8575.0,8575.75,66.0
2019-12-17 21:05,8575.75,8577.0,8575.75,8576.0,37.0
2019-12-17 21:06,8576.25,8576.25,8575.5,8575.5,18.0
2019-12-17 21:07,8576.0,8576.75,8576.0,8576.25,76.0
2019-12-17 21:08,8576.25,8578.0,8576.25,8577.5,39.0
2019-12-17 21:09,8577.5,8577.5,8576.25,8576.75,23.0
2019-12-17 21:10,8577.25,8577.75,8576.5,8576.75,102.0
2019-12-17 21:11,8576.5,8577.0,8575.5,8576.75,35.0
2019-12-17 21:12,8576.75,8577.0,8576.25,8576.25,14.0
2019-12-17 21:13,8576.0,8576.5,8575.75,8576.0,73.0
2019-12-17 21:14,8576.25,8577.0,8575.25,8577.0,153.0
2019-12-17 21:30,8575.25,8575.75,8569.5,8571.5,72.0
2019-12-17 21:31,8572.25,8575.25,8571.25,8571.5,48.0
2019-12-17 21:32,8571.25,8571.25,8570.5,8571.25,10.0
2019-12-17 21:33,8571.25,8571.25,8570.5,8571.25,3.0
2019-12-17 21:34,8572.0,8572.0,8568.0,8569.25,102.0
2019-12-17 21:35,8570.5,8571.0,8570.5,8571.0,6.0
2019-12-17 21:36,8570.0,8570.5,8569.75,8570.5,4.0
2019-12-17 21:37,8570.0,8571.0,8570.0,8570.25,4.0
2019-12-17 21:38,8571.0,8571.25,8571.0,8571.25,8.0
2019-12-17 21:40,8570.75,8571.0,8570.0,8570.0,13.0
2019-12-17 21:41,8570.25,8570.25,8570.0,8570.0,3.0
2019-12-17 21:42,8570.5,8570.5,8570.5,8570.5,1.0
2019-12-17 21:43,8570.75,8571.0,8570.25,8570.75,5.0
2019-12-17 21:44,8569.75,8571.25,8569.75,8571.25,8.0
2019-12-17 21:45,8571.25,8572.25,8570.5,8572.25,17.0
2019-12-17 21:46,8572.25,8572.5,8571.25,8572.0,7.0
2019-12-17 21:47,8572.5,8572.5,8572.0,8572.0,4.0
2019-12-17 21:48,8572.25,8572.25,8572.25,8572.25,1.0
2019-12-17 21:49,8572.0,8572.75,8572.0,8572.75,9.0
2019-12-17 21:50,8572.0,8573.0,8571.25,8571.5,39.0
2019-12-17 21:52,8572.0,8572.5,8571.75,8572.5,7.0
2019-12-17 21:53,8572.0,8572.0,8572.0,8572.0,12.0
2019-12-17 21:54,8571.75,8572.5,8571.75,8572.5,13.0
2019-12-17 21:55,8572.5,8573.25,8571.75,8573.0,24.0
2019-12-17 21:56,8572.75,8574.25,8572.75,8574.25,23.0
2019-12-17 21:58,8574.0,8574.0,8573.5,8573.5,3.0
2019-12-17 21:59,8573.75,8573.75,8573.0,8573.75,5.0
2019-12-17 23:00,8569.75,8572.75,8568.75,8571.5,35.0
2019-12-17 23:01,8572.75,8574.0,8571.75,8574.0,16.0
2019-12-17 23:02,8573.75,8575.0,8573.5,8573.75,18.0
2019-12-17 23:03,8573.75,8573.75,8573.75,8573.75,1.0
2019-12-17 23:04,8573.5,8573.5,8572.75,8573.25,21.0
2019-12-17 23:05,8573.5,8573.5,8572.75,8573.5,10.0
2019-12-17 23:06,8573.25,8573.5,8573.25,8573.5,2.0
2019-12-17 23:07,8573.25,8573.5,8573.0,8573.5,10.0
2019-12-17 23:08,8573.25,8573.25,8573.25,8573.25,2.0
2019-12-17 23:09,8573.5,8573.75,8573.0,8573.75,17.0
2019-12-17 23:10,8573.0,8574.0,8572.75,8574.0,5.0
2019-12-17 23:12,8575.0,8575.0,8574.5,8574.75,4.0
2019-12-17 23:13,8575.0,8575.75,8574.75,8574.75,10.0
2019-12-17 23:14,8574.5,8575.0,8574.5,8575.0,13.0
2019-12-17 23:15,8575.25,8575.25,8575.25,8575.25,1.0
2019-12-17 23:16,8575.5,8575.75,8575.5,8575.75,5.0
2019-12-17 23:17,8575.5,8575.5,8575.0,8575.0,9.0
2019-12-17 23:19,8575.0,8576.0,8575.0,8576.0,10.0
2019-12-17 23:20,8576.0,8576.25,8576.0,8576.25,2.0
2019-12-17 23:21,8576.25,8576.25,8575.5,8576.0,13.0
2019-12-17 23:22,8576.0,8576.0,8575.75,8575.75,3.0
2019-12-17 23:24,8575.75,8576.5,8575.75,8576.5,4.0
2019-12-17 23:26,8576.25,8576.25,8576.25,8576.25,2.0
2019-12-17 23:27,8576.5,8576.5,8576.5,8576.5,1.0
2019-12-17 23:28,8576.5,8576.5,8575.75,8575.75,13.0
2019-12-17 23:29,8575.75,8576.0,8575.5,8575.5,4.0
2019-12-17 23:30,8575.5,8575.5,8575.5,8575.5,11.0
2019-12-17 23:32,8576.0,8576.0,8575.25,8575.25,5.0
2019-12-17 23:33,8575.5,8575.75,8575.5,8575.75,3.0
2019-12-17 23:34,8575.75,8575.75,8575.75,8575.75,1.0
2019-12-17 23:35,8575.75,8576.0,8575.5,8576.0,3.0
2019-12-17 23:36,8576.0,8576.0,8576.0,8576.0,4.0
2019-12-17 23:37,8576.0,8576.25,8576.0,8576.25,3.0
2019-12-17 23:39,8576.0,8576.0,8576.0,8576.0,1.0
2019-12-17 23:40,8575.5,8575.5,8575.25,8575.5,4.0
2019-12-17 23:41,8575.75,8575.75,8575.75,8575.75,3.0
2019-12-17 23:42,8575.5,8576.0,8575.5,8575.5,14.0
2019-12-17 23:43,8575.75,8575.75,8574.5,8574.5,14.0
2019-12-17 23:44,8574.75,8575.0,8574.75,8575.0,2.0
2019-12-17 23:45,8575.0,8575.0,8574.75,8574.75,5.0
2019-12-17 23:46,8574.5,8575.0,8574.25,8574.25,13.0
2019-12-17 23:47,8574.25,8574.25,8574.0,8574.0,3.0
2019-12-17 23:48,8574.5,8575.0,8574.5,8574.75,7.0
2019-12-17 23:50,8574.5,8574.5,8574.25,8574.5,5.0
2019-12-17 23:51,8574.0,8574.0,8573.5,8573.75,12.0
2019-12-17 23:52,8573.25,8573.25,8572.75,8572.75,10.0
2019-12-17 23:53,8573.25,8573.75,8573.25,8573.75,3.0
2019-12-17 23:54,8573.75,8573.75,8573.75,8573.75,1.0
2019-12-17 23:55,8573.5,8573.75,8573.5,8573.75,3.0
2019-12-17 23:56,8573.75,8573.75,8573.5,8573.75,4.0
2019-12-17 23:57,8574.25,8575.0,8574.25,8575.0,11.0
2019-12-17 23:58,8575.0,8575.0,8574.75,8574.75,2.0
2019-12-18 00:00,8574.5,8575.0,8574.5,8574.75,16.0
2019-12-18 00:01,8574.25,8574.75,8574.0,8574.5,9.0
2019-12-18 00:02,8574.25,8574.25,8573.75,8573.75,15.0
2019-12-18 00:03,8573.75,8574.0,8573.5,8574.0,6.0
2019-12-18 00:04,8573.75,8573.75,8573.5,8573.5,4.0
2019-12-18 00:05,8573.25,8573.25,8573.0,8573.0,5.0
2019-12-18 00:06,8572.5,8573.5,8572.25,8573.5,16.0
2019-12-18 00:07,8573.75,8576.25,8573.75,8576.25,20.0
2019-12-18 00:08,8576.0,8576.0,8574.25,8574.75,38.0
2019-12-18 00:09,8574.75,8575.25,8574.75,8575.25,5.0
2019-12-18 00:10,8574.75,8576.0,8574.0,8576.0,28.0
2019-12-18 00:11,8576.0,8576.75,8576.0,8576.75,16.0
2019-12-18 00:12,8576.75,8576.75,8575.5,8576.0,21.0
2019-12-18 00:13,8576.0,8576.0,8575.5,8576.0,11.0
2019-12-18 00:14,8576.0,8576.25,8575.5,8576.25,10.0
2019-12-18 00:15,8576.0,8576.25,8574.75,8575.25,8.0
2019-12-18 00:16,8575.0,8575.25,8575.0,8575.0,5.0
2019-12-18 00:17,8574.5,8575.0,8574.0,8575.0,12.0
2019-12-18 00:18,8575.5,8576.0,8575.25,8576.0,7.0
2019-12-18 00:19,8576.25,8576.5,8576.25,8576.5,8.0
2019-12-18 00:20,8576.75,8576.75,8576.25,8576.25,5.0
2019-12-18 00:21,8576.5,8576.5,8576.25,8576.25,3.0
2019-12-18 00:22,8576.5,8577.25,8576.5,8576.75,34.0
2019-12-18 00:24,8576.5,8576.5,8576.5,8576.5,3.0
2019-12-18 00:25,8577.25,8577.25,8577.25,8577.25,1.0
2019-12-18 00:26,8576.75,8577.0,8576.5,8577.0,4.0
2019-12-18 00:27,8576.5,8576.5,8576.25,8576.25,8.0
2019-12-18 00:28,8576.5,8576.75,8576.5,8576.5,6.0
2019-12-18 00:29,8576.25,8576.25,8576.25,8576.25,1.0
2019-12-18 00:30,8576.25,8576.25,8576.0,8576.25,4.0
2019-12-18 00:31,8576.25,8576.25,8575.5,8576.0,29.0
2019-12-18 00:32,8576.25,8576.25,8576.25,8576.25,2.0
2019-12-18 00:33,8576.5,8576.75,8576.5,8576.75,2.0
2019-12-18 00:34,8577.0,8577.0,8577.0,8577.0,3.0
2019-12-18 00:35,8576.75,8576.75,8576.75,8576.75,1.0
2019-12-18 00:37,8576.75,8577.25,8576.75,8576.75,6.0
2019-12-18 00:38,8577.25,8577.25,8577.25,8577.25,3.0
2019-12-18 00:39,8577.0,8577.0,8576.5,8576.5,3.0
2019-12-18 00:40,8576.5,8576.5,8575.5,8576.25,29.0
2019-12-18 00:41,8576.0,8576.25,8576.0,8576.0,7.0
2019-12-18 00:42,8575.75,8575.75,8575.75,8575.75,13.0
2019-12-18 00:43,8575.75,8575.75,8575.5,8575.75,9.0
2019-12-18 00:44,8575.5,8575.5,8575.25,8575.25,11.0
2019-12-18 00:45,8575.5,8575.5,8575.25,8575.25,4.0
2019-12-18 00:46,8575.5,8576.0,8575.5,8575.5,15.0
2019-12-18 00:47,8575.5,8575.5,8574.25,8574.5,29.0
2019-12-18 00:48,8574.75,8574.75,8574.5,8574.75,8.0
2019-12-18 00:49,8574.5,8574.75,8574.25,8574.25,6.0
2019-12-18 00:50,8575.0,8575.0,8575.0,8575.0,1.0
2019-12-18 00:51,8575.0,8575.0,8575.0,8575.0,4.0
2019-12-18 00:52,8575.25,8575.25,8575.25,8575.25,2.0
2019-12-18 00:53,8574.25,8574.25,8574.25,8574.25,5.0
2019-12-18 00:54,8574.0,8574.5,8574.0,8574.5,7.0
2019-12-18 00:55,8574.25,8574.25,8574.25,8574.25,1.0
2019-12-18 00:56,8574.0,8574.5,8574.0,8574.5,8.0
2019-12-18 00:57,8574.5,8574.5,8574.5,8574.5,3.0
2019-12-18 00:58,8574.75,8575.0,8574.75,8574.75,4.0
2019-12-18 01:00,8574.5,8574.75,8573.75,8573.75,15.0
2019-12-18 01:01,8573.75,8574.75,8573.25,8574.75,28.0
2019-12-18 01:02,8574.75,8575.0,8574.75,8574.75,12.0
2019-12-18 01:03,8574.0,8574.0,8573.25,8573.5,24.0
2019-12-18 01:04,8573.5,8574.25,8573.5,8574.25,9.0
2019-12-18 01:05,8574.25,8575.25,8574.25,8575.25,8.0
2019-12-18 01:06,8575.0,8575.0,8574.75,8574.75,3.0
2019-12-18 01:07,8575.25,8575.25,8575.0,8575.0,2.0
2019-12-18 01:08,8575.25,8575.5,8575.25,8575.25,5.0
2019-12-18 01:09,8575.25,8575.5,8575.25,8575.5,5.0
2019-12-18 01:10,8575.5,8575.75,8575.5,8575.5,6.0
2019-12-18 01:11,8575.5,8575.5,8574.75,8574.75,7.0
2019-12-18 01:12,8574.75,8574.75,8574.5,8574.5,3.0
2019-12-18 01:13,8575.25,8576.0,8575.25,8576.0,12.0
2019-12-18 01:14,8575.75,8576.25,8575.75,8576.25,15.0
2019-12-18 01:15,8576.5,8576.75,8576.0,8576.5,22.0
2019-12-18 01:16,8576.5,8577.75,8576.5,8577.75,45.0
2019-12-18 01:17,8578.0,8579.5,8578.0,8578.5,57.0
2019-12-18 01:18,8578.75,8578.75,8578.25,8578.25,21.0
2019-12-18 01:19,8578.25,8579.25,8578.25,8578.5,58.0
2019-12-18 01:20,8578.75,8578.75,8577.5,8578.0,40.0
2019-12-18 01:21,8578.0,8578.75,8578.0,8578.25,15.0
2019-12-18 01:22,8578.25,8578.5,8577.75,8578.5,13.0
2019-12-18 01:23,8578.5,8578.75,8578.25,8578.25,12.0
2019-12-18 01:24,8578.5,8579.0,8578.0,8578.0,29.0
2019-12-18 01:25,8578.25,8579.0,8578.0,8578.75,24.0
2019-12-18 01:26,8578.5,8579.25,8578.5,8579.0,14.0
2019-12-18 01:27,8579.25,8579.25,8578.75,8578.75,15.0
2019-12-18 01:28,8578.75,8578.75,8578.25,8578.5,18.0
2019-12-18 01:29,8578.5,8578.5,8577.25,8577.75,31.0
2019-12-18 01:30,8578.0,8578.5,8578.0,8578.5,19.0
2019-12-18 01:31,8578.5,8579.25,8578.5,8579.0,36.0
2019-12-18 01:32,8579.5,8579.75,8579.25,8579.75,35.0
2019-12-18 01:33,8579.5,8580.0,8579.5,8579.75,32.0
2019-12-18 01:34,8579.75,8580.25,8579.75,8580.0,46.0
2019-12-18 01:35,8580.0,8580.0,8578.75,8578.75,38.0
2019-12-18 01:36,8578.75,8579.5,8578.75,8579.25,17.0
2019-12-18 01:37,8578.75,8578.75,8578.25,8578.25,44.0
2019-12-18 01:38,8578.5,8578.5,8577.25,8577.5,88.0
2019-12-18 01:39,8578.0,8578.25,8577.75,8577.75,22.0
2019-12-18 01:40,8577.75,8577.75,8576.75,8576.75,24.0
2019-12-18 01:41,8576.75,8577.25,8576.5,8576.75,16.0
2019-12-18 01:42,8576.75,8577.75,8576.75,8577.75,24.0
2019-12-18 01:43,8578.25,8578.25,8576.5,8576.5,32.0
2019-12-18 01:44,8576.5,8576.75,8576.25,8576.75,31.0
2019-12-18 01:45,8576.5,8576.5,8576.0,8576.25,62.0
2019-12-18 01:46,8576.0,8576.5,8575.5,8575.5,40.0
2019-12-18 01:47,8575.5,8576.25,8575.0,8575.75,62.0
2019-12-18 01:48,8576.0,8576.25,8575.75,8576.0,19.0
2019-12-18 01:49,8576.25,8577.0,8576.0,8576.75,12.0
2019-12-18 01:50,8576.5,8577.5,8576.25,8577.0,75.0
2019-12-18 01:51,8577.0,8577.25,8576.5,8576.75,14.0
2019-12-18 01:52,8576.75,8577.5,8576.75,8577.25,16.0
2019-12-18 01:53,8577.75,8577.75,8577.75,8577.75,5.0
2019-12-18 01:54,8577.75,8578.0,8577.5,8577.75,17.0
2019-12-18 01:55,8578.0,8578.5,8577.75,8578.5,35.0
2019-12-18 01:56,8578.5,8579.25,8578.5,8578.75,17.0
2019-12-18 01:57,8578.75,8579.0,8578.25,8578.25,25.0
2019-12-18 01:58,8578.0,8578.25,8578.0,8578.0,12.0
2019-12-18 01:59,8578.25,8578.5,8578.0,8578.25,12.0
2019-12-18 02:00,8578.5,8578.5,8578.0,8578.0,23.0
2019-12-18 02:01,8578.25,8578.75,8578.0,8578.75,17.0
2019-12-18 02:02,8578.75,8579.25,8578.75,8579.0,19.0
2019-12-18 02:03,8579.25,8579.25,8578.25,8578.25,16.0
2019-12-18 02:04,8578.5,8578.75,8577.25,8577.25,22.0
2019-12-18 02:05,8577.5,8578.75,8577.0,8578.5,20.0
2019-12-18 02:06,8578.5,8578.5,8578.25,8578.25,11.0
2019-12-18 02:07,8578.5,8578.5,8578.5,8578.5,11.0
2019-12-18 02:08,8578.75,8578.75,8578.25,8578.75,18.0
2019-12-18 02:09,8578.5,8578.5,8578.25,8578.25,9.0
2019-12-18 02:10,8578.5,8579.25,8578.5,8578.75,15.0
2019-12-18 02:11,8578.75,8578.75,8578.0,8578.0,10.0
2019-12-18 02:12,8578.25,8579.0,8578.25,8579.0,25.0
2019-12-18 02:13,8579.0,8579.25,8578.75,8579.0,22.0
2019-12-18 02:14,8579.0,8579.25,8578.75,8578.75,21.0
2019-12-18 02:15,8578.75,8579.0,8578.75,8578.75,12.0
2019-12-18 02:16,8578.75,8578.75,8578.5,8578.5,8.0
2019-12-18 02:17,8578.5,8579.0,8578.5,8578.75,13.0
2019-12-18 02:18,8579.25,8579.25,8578.5,8578.5,35.0
2019-12-18 02:19,8578.25,8579.0,8578.25,8579.0,22.0
2019-12-18 02:20,8579.25,8579.25,8578.25,8578.75,13.0
2019-12-18 02:21,8578.75,8579.25,8578.5,8579.0,11.0
2019-12-18 02:22,8579.25,8580.75,8579.25,8580.25,52.0
2019-12-18 02:23,8580.5,8580.5,8579.25,8579.75,23.0
2019-12-18 02:24,8579.5,8579.75,8579.5,8579.5,15.0
2019-12-18 02:25,8579.0,8579.0,8577.25,8577.5,28.0
2019-12-18 02:26,8577.5,8578.5,8577.5,8578.5,46.0
2019-12-18 02:27,8578.5,8578.75,8578.25,8578.5,12.0
2019-12-18 02:28,8578.25,8578.75,8578.0,8578.75,23.0
2019-12-18 02:29,8578.75,8579.25,8578.5,8578.5,20.0
2019-12-18 02:30,8578.0,8578.75,8578.0,8578.5,23.0
2019-12-18 02:31,8578.5,8578.75,8578.0,8578.0,14.0
2019-12-18 02:32,8578.0,8578.0,8577.25,8577.5,9.0
2019-12-18 02:33,8577.25,8577.5,8576.75,8577.5,33.0
2019-12-18 02:34,8577.25,8577.5,8576.75,8576.75,17.0
2019-12-18 02:35,8577.25,8577.25,8577.0,8577.25,9.0
2019-12-18 02:36,8577.25,8577.25,8577.25,8577.25,2.0
2019-12-18 02:37,8577.5,8577.5,8576.75,8576.75,7.0
2019-12-18 02:38,8577.0,8577.0,8576.75,8576.75,8.0
2019-12-18 02:39,8576.75,8578.0,8576.75,8577.75,21.0
2019-12-18 02:40,8577.75,8577.75,8576.25,8576.25,22.0
2019-12-18 02:41,8576.25,8576.75,8576.25,8576.25,19.0
2019-12-18 02:42,8576.5,8577.25,8576.5,8577.25,23.0
2019-12-18 02:43,8577.0,8577.25,8576.5,8576.75,19.0
2019-12-18 02:44,8576.75,8577.0,8576.75,8576.75,7.0
2019-12-18 02:45,8577.0,8577.0,8576.5,8577.0,23.0
2019-12-18 02:46,8577.0,8577.0,8576.25,8576.5,27.0
2019-12-18 02:47,8576.5,8576.5,8576.25,8576.5,10.0
2019-12-18 02:48,8576.5,8576.5,8576.25,8576.5,12.0
2019-12-18 02:49,8576.5,8576.5,8576.25,8576.25,9.0
2019-12-18 02:50,8576.25,8576.25,8575.25,8575.25,52.0
2019-12-18 02:51,8575.0,8575.25,8574.5,8575.0,46.0
2019-12-18 02:52,8574.25,8574.75,8573.75,8574.0,40.0
2019-12-18 02:53,8574.0,8575.0,8574.0,8574.0,25.0
2019-12-18 02:54,8574.0,8574.0,8573.75,8573.75,24.0
2019-12-18 02:55,8574.0,8574.0,8573.75,8574.0,12.0
2019-12-18 02:56,8574.25,8574.25,8573.5,8573.75,30.0
2019-12-18 02:57,8573.25,8573.75,8572.75,8573.75,49.0
2019-12-18 02:58,8573.5,8574.0,8573.5,8573.5,22.0
2019-12-18 02:59,8573.75,8573.75,8573.75,8573.75,9.0
2019-12-18 03:00,8573.75,8574.75,8573.25,8574.75,29.0
2019-12-18 03:01,8574.25,8575.0,8574.25,8574.75,11.0
2019-12-18 03:02,8574.75,8574.75,8574.25,8574.5,37.0
2019-12-18 03:03,8574.75,8574.75,8573.5,8573.5,23.0
2019-12-18 03:04,8573.5,8574.25,8573.5,8573.75,22.0
2019-12-18 03:05,8573.75,8574.75,8573.75,8574.75,21.0
2019-12-18 03:06,8575.0,8575.0,8574.75,8574.75,4.0
2019-12-18 03:07,8575.0,8575.0,8574.25,8574.25,15.0
2019-12-18 03:08,8574.0,8574.5,8574.0,8574.0,10.0
2019-12-18 03:09,8574.25,8574.25,8574.0,8574.0,4.0
2019-12-18 03:10,8573.75,8574.25,8573.75,8574.25,12.0
2019-12-18 03:11,8574.75,8575.25,8574.25,8574.5,30.0
2019-12-18 03:12,8574.5,8575.25,8574.5,8575.0,12.0
2019-12-18 03:13,8575.25,8575.5,8575.25,8575.5,7.0
2019-12-18 03:14,8575.5,8575.75,8575.25,8575.25,7.0
2019-12-18 03:15,8575.25,8575.5,8575.25,8575.25,5.0
2019-12-18 03:16,8575.25,8575.25,8575.0,8575.25,11.0
2019-12-18 03:17,8575.0,8575.25,8575.0,8575.25,4.0
2019-12-18 03:18,8575.0,8575.25,8574.5,8574.5,22.0
2019-12-18 03:19,8574.5,8574.5,8574.25,8574.25,8.0
2019-12-18 03:20,8574.25,8574.5,8573.75,8574.5,14.0
2019-12-18 03:21,8574.25,8574.5,8574.25,8574.5,17.0
2019-12-18 03:22,8574.75,8574.75,8574.5,8574.75,5.0
2019-12-18 03:23,8574.5,8575.25,8574.5,8575.25,12.0
2019-12-18 03:25,8575.0,8575.5,8575.0,8575.0,11.0
2019-12-18 03:26,8575.5,8575.5,8575.0,8575.0,11.0
2019-12-18 03:27,8575.0,8575.25,8575.0,8575.25,8.0
2019-12-18 03:28,8575.0,8575.25,8574.75,8574.75,10.0
2019-12-18 03:29,8575.0,8575.5,8575.0,8575.25,6.0
2019-12-18 03:30,8575.25,8575.25,8574.75,8575.25,14.0
2019-12-18 03:31,8575.25,8575.25,8575.0,8575.0,15.0
2019-12-18 03:32,8575.0,8575.0,8574.5,8574.5,13.0
2019-12-18 03:33,8574.5,8574.75,8574.5,8574.5,6.0
2019-12-18 03:34,8574.5,8575.25,8574.5,8575.25,19.0
2019-12-18 03:36,8575.0,8575.0,8574.75,8574.75,11.0
2019-12-18 03:37,8574.75,8574.75,8574.5,8574.5,3.0
2019-12-18 03:38,8574.25,8575.0,8574.25,8575.0,7.0
2019-12-18 03:39,8575.25,8575.5,8575.25,8575.25,10.0
2019-12-18 03:40,8575.25,8575.5,8575.0,8575.5,7.0
2019-12-18 03:42,8575.25,8575.25,8575.0,8575.25,7.0
2019-12-18 03:43,8575.0,8575.0,8574.5,8574.5,8.0
2019-12-18 03:44,8574.5,8574.5,8574.0,8574.0,19.0
2019-12-18 03:45,8574.25,8574.75,8574.0,8574.5,24.0
2019-12-18 03:46,8574.75,8575.0,8574.75,8575.0,9.0
2019-12-18 03:47,8574.75,8575.0,8574.75,8575.0,5.0
2019-12-18 03:48,8574.75,8574.75,8574.5,8574.75,5.0
2019-12-18 03:49,8574.75,8574.75,8574.75,8574.75,3.0
2019-12-18 03:50,8574.75,8574.75,8574.5,8574.5,3.0
2019-12-18 03:51,8574.0,8574.0,8573.25,8573.25,31.0
2019-12-18 03:52,8573.25,8573.75,8573.0,8573.5,31.0
2019-12-18 03:53,8573.75,8574.0,8573.75,8574.0,14.0
2019-12-18 03:54,8573.5,8573.5,8573.25,8573.5,18.0
2019-12-18 03:55,8573.25,8574.0,8573.25,8573.75,33.0
2019-12-18 03:56,8573.75,8574.5,8573.75,8574.25,11.0
2019-12-18 03:57,8574.25,8574.75,8574.25,8574.75,4.0
2019-12-18 03:58,8574.5,8574.5,8574.5,8574.5,5.0
2019-12-18 03:59,8574.5,8574.5,8574.25,8574.25,8.0
2019-12-18 04:00,8574.25,8574.75,8574.25,8574.75,4.0
2019-12-18 04:01,8574.75,8575.0,8574.75,8575.0,6.0
2019-12-18 04:02,8575.0,8575.0,8574.5,8574.5,8.0
2019-12-18 04:03,8574.25,8574.5,8574.25,8574.5,2.0
2019-12-18 04:04,8574.0,8574.25,8573.75,8574.25,5.0
2019-12-18 04:05,8574.5,8574.5,8574.25,8574.25,8.0
2019-12-18 04:06,8574.25,8574.25,8574.25,8574.25,1.0
2019-12-18 04:07,8574.5,8574.5,8574.25,8574.25,8.0
2019-12-18 04:09,8574.25,8574.25,8574.25,8574.25,4.0
2019-12-18 04:10,8574.0,8574.0,8574.0,8574.0,7.0
2019-12-18 04:11,8574.0,8574.0,8574.0,8574.0,3.0
2019-12-18 04:12,8574.25,8574.5,8574.25,8574.5,2.0
2019-12-18 04:14,8574.25,8574.25,8573.5,8573.5,15.0
2019-12-18 04:15,8573.75,8575.0,8573.75,8575.0,17.0
2019-12-18 04:16,8575.0,8575.0,8574.75,8575.0,6.0
2019-12-18 04:17,8575.25,8575.25,8575.0,8575.0,11.0
2019-12-18 04:18,8575.0,8575.25,8575.0,8575.0,7.0
2019-12-18 04:19,8575.25,8575.75,8575.25,8575.5,31.0
2019-12-18 04:20,8575.25,8576.25,8575.25,8576.25,45.0
2019-12-18 04:21,8576.25,8576.75,8576.25,8576.5,28.0
2019-12-18 04:22,8576.5,8576.75,8576.25,8576.75,23.0
2019-12-18 04:23,8576.5,8576.5,8576.25,8576.5,11.0
2019-12-18 04:24,8576.5,8576.5,8576.5,8576.5,3.0
2019-12-18 04:26,8576.5,8576.75,8576.5,8576.75,2.0
2019-12-18 04:27,8576.5,8576.5,8576.5,8576.5,1.0
2019-12-18 04:28,8576.25,8576.25,8575.75,8575.75,9.0
2019-12-18 04:29,8576.0,8576.25,8576.0,8576.25,6.0
2019-12-18 04:30,8576.0,8576.0,8575.75,8575.75,3.0
2019-12-18 04:31,8575.75,8576.25,8575.75,8576.0,10.0
2019-12-18 04:32,8576.0,8576.25,8576.0,8576.25,3.0
2019-12-18 04:33,8576.25,8576.25,8575.5,8575.5,8.0
2019-12-18 04:34,8575.75,8576.0,8575.75,8575.75,8.0
2019-12-18 04:35,8575.5,8576.0,8575.5,8576.0,5.0
2019-12-18 04:36,8576.0,8576.0,8576.0,8576.0,1.0
2019-12-18 04:37,8576.25,8576.25,8576.25,8576.25,1.0
2019-12-18 04:38,8575.75,8575.75,8575.75,8575.75,2.0
2019-12-18 04:39,8575.5,8575.5,8575.5,8575.5,3.0
2019-12-18 04:40,8575.75,8575.75,8575.75,8575.75,4.0
2019-12-18 04:41,8575.5,8575.5,8575.5,8575.5,4.0
2019-12-18 04:42,8575.5,8575.5,8575.25,8575.25,4.0
2019-12-18 04:43,8575.0,8575.0,8575.0,8575.0,3.0
2019-12-18 04:44,8575.0,8575.25,8575.0,8575.25,4.0
2019-12-18 04:45,8575.25,8575.25,8575.0,8575.0,3.0
2019-12-18 04:46,8575.5,8575.5,8575.5,8575.5,5.0
2019-12-18 04:47,8575.25,8575.75,8575.25,8575.75,7.0
2019-12-18 04:48,8575.5,8575.5,8575.5,8575.5,2.0
2019-12-18 04:49,8575.75,8575.75,8575.75,8575.75,6.0
2019-12-18 04:50,8575.75,8575.75,8575.25,8575.25,6.0
2019-12-18 04:51,8575.5,8575.5,8574.5,8574.5,11.0
2019-12-18 04:52,8575.0,8575.25,8575.0,8575.25,6.0
2019-12-18 04:53,8574.75,8575.0,8574.75,8575.0,4.0
2019-12-18 04:54,8575.0,8575.5,8575.0,8575.25,10.0
2019-12-18 04:55,8575.25,8575.5,8575.0,8575.25,9.0
2019-12-18 04:56,8575.5,8575.5,8575.25,8575.25,4.0
2019-12-18 04:57,8575.0,8575.0,8574.5,8574.75,8.0
2019-12-18 04:58,8574.5,8574.5,8574.25,8574.25,5.0
2019-12-18 04:59,8574.25,8574.25,8574.0,8574.25,4.0
2019-12-18 05:00,8574.25,8574.75,8573.25,8574.5,51.0
2019-12-18 05:01,8574.5,8574.75,8574.25,8574.25,13.0
2019-12-18 05:02,8574.25,8574.25,8574.25,8574.25,5.0
2019-12-18 05:03,8573.75,8574.5,8573.75,8574.25,12.0
2019-12-18 05:04,8574.5,8574.5,8574.25,8574.5,4.0
2019-12-18 05:05,8574.5,8574.5,8574.25,8574.5,15.0
2019-12-18 05:06,8574.5,8575.0,8574.5,8575.0,9.0
2019-12-18 05:07,8575.0,8575.0,8574.5,8574.5,5.0
2019-12-18 05:08,8574.5,8574.5,8574.25,8574.25,5.0
2019-12-18 05:09,8574.5,8574.75,8574.5,8574.5,9.0
2019-12-18 05:10,8574.25,8574.5,8574.0,8574.25,9.0
2019-12-18 05:11,8574.25,8574.25,8574.0,8574.25,4.0
2019-12-18 05:12,8574.0,8574.5,8574.0,8574.25,5.0
2019-12-18 05:13,8574.25,8574.25,8574.0,8574.0,4.0
2019-12-18 05:14,8573.75,8573.75,8573.5,8573.75,10.0
2019-12-18 05:15,8574.0,8574.0,8573.5,8573.5,6.0
2019-12-18 05:16,8573.75,8573.75,8573.5,8573.75,5.0
2019-12-18 05:17,8573.75,8574.25,8573.75,8574.0,7.0
2019-12-18 05:18,8574.0,8574.25,8574.0,8574.25,3.0
2019-12-18 05:19,8574.0,8574.0,8573.5,8573.5,9.0
2019-12-18 05:20,8573.75,8574.25,8573.75,8574.25,8.0
2019-12-18 05:21,8574.0,8574.0,8573.5,8573.5,11.0
2019-12-18 05:22,8574.0,8574.5,8574.0,8574.0,8.0
2019-12-18 05:23,8574.25,8574.75,8574.25,8574.75,10.0
2019-12-18 05:24,8574.75,8574.75,8574.5,8574.75,8.0
2019-12-18 05:25,8574.75,8574.75,8574.5,8574.5,4.0
2019-12-18 05:26,8574.25,8574.25,8574.25,8574.25,2.0
2019-12-18 05:27,8574.5,8574.5,8574.25,8574.25,9.0
2019-12-18 05:28,8574.25,8574.25,8574.25,8574.25,4.0
2019-12-18 05:29,8574.25,8574.25,8574.0,8574.0,7.0
2019-12-18 05:30,8574.25,8575.0,8574.25,8574.5,16.0
2019-12-18 05:31,8575.0,8575.5,8575.0,8575.25,17.0
2019-12-18 05:32,8574.75,8575.0,8574.5,8574.5,8.0
2019-12-18 05:33,8574.5,8574.75,8574.5,8574.5,6.0
2019-12-18 05:34,8574.25,8574.25,8573.75,8573.75,9.0
2019-12-18 05:35,8573.75,8574.0,8573.25,8573.75,16.0
2019-12-18 05:36,8574.0,8574.0,8574.0,8574.0,2.0
2019-12-18 05:37,8573.75,8574.25,8573.75,8574.25,8.0
2019-12-18 05:38,8574.25,8574.5,8574.25,8574.5,10.0
2019-12-18 05:39,8574.5,8574.75,8574.5,8574.75,2.0
2019-12-18 05:40,8574.75,8575.0,8574.5,8575.0,12.0
2019-12-18 05:41,8575.25,8575.25,8575.0,8575.25,7.0
2019-12-18 05:42,8575.5,8576.0,8575.5,8576.0,10.0
2019-12-18 05:43,8576.0,8576.25,8575.25,8575.25,65.0
2019-12-18 05:44,8575.75,8576.0,8575.75,8575.75,7.0
2019-12-18 05:45,8575.25,8575.25,8575.0,8575.0,12.0
2019-12-18 05:46,8575.25,8575.25,8575.0,8575.0,5.0
2019-12-18 05:47,8575.25,8575.25,8575.0,8575.0,4.0
2019-12-18 05:48,8574.75,8575.0,8574.75,8575.0,3.0
2019-12-18 05:49,8575.5,8575.5,8575.0,8575.0,4.0
2019-12-18 05:50,8575.5,8576.25,8575.5,8576.25,13.0
2019-12-18 05:51,8576.0,8576.0,8575.25,8575.25,7.0
2019-12-18 05:52,8575.5,8575.5,8575.0,8575.0,7.0
2019-12-18 05:53,8574.75,8575.0,8574.75,8575.0,4.0
2019-12-18 05:54,8574.5,8575.0,8574.5,8575.0,6.0
2019-12-18 05:55,8575.0,8575.5,8575.0,8575.5,10.0
2019-12-18 05:56,8575.75,8575.75,8575.5,8575.5,23.0
2019-12-18 05:57,8575.25,8575.5,8575.25,8575.5,12.0
2019-12-18 05:58,8575.5,8575.75,8575.25,8575.5,8.0
2019-12-18 05:59,8575.5,8575.5,8574.75,8575.25,21.0
2019-12-18 06:00,8575.0,8575.0,8573.25,8574.0,32.0
2019-12-18 06:01,8573.75,8574.0,8573.5,8573.5,9.0
2019-12-18 06:02,8573.5,8573.5,8572.5,8572.5,19.0
2019-12-18 06:03,8572.25,8573.0,8571.25,8572.5,93.0
2019-12-18 06:04,8572.75,8573.0,8572.5,8572.75,14.0
2019-12-18 06:05,8572.75,8572.75,8572.5,8572.75,7.0
2019-12-18 06:06,8573.0,8573.5,8572.75,8573.25,32.0
2019-12-18 06:07,8572.75,8573.5,8572.25,8572.25,19.0
2019-12-18 06:08,8572.25,8572.5,8571.5,8571.5,19.0
2019-12-18 06:09,8571.75,8572.25,8571.5,8571.5,20.0
2019-12-18 06:10,8571.25,8572.0,8571.25,8571.75,5.0
2019-12-18 06:11,8572.0,8572.0,8572.0,8572.0,1.0
2019-12-18 06:12,8571.5,8572.0,8570.75,8571.25,11.0
2019-12-18 06:13,8571.25,8571.5,8571.0,8571.5,3.0
2019-12-18 06:14,8571.25,8571.25,8570.25,8570.25,32.0
2019-12-18 06:15,8570.25,8570.25,8569.0,8569.25,57.0
2019-12-18 06:16,8569.5,8569.75,8569.5,8569.5,14.0
2019-12-18 06:17,8569.25,8569.5,8569.25,8569.5,3.0
2019-12-18 06:18,8569.25,8569.5,8569.0,8569.25,26.0
2019-12-18 06:19,8569.0,8569.5,8569.0,8569.5,24.0
2019-12-18 06:20,8569.5,8570.75,8569.5,8569.75,16.0
2019-12-18 06:21,8570.25,8570.25,8569.75,8569.75,17.0
2019-12-18 06:22,8569.5,8569.75,8569.5,8569.75,13.0
2019-12-18 06:23,8569.75,8569.75,8569.25,8569.5,22.0
2019-12-18 06:24,8569.5,8570.75,8569.25,8570.75,18.0
2019-12-18 06:25,8570.5,8570.5,8569.5,8569.5,14.0
2019-12-18 06:26,8569.5,8569.5,8569.5,8569.5,4.0
2019-12-18 06:27,8569.75,8570.25,8569.25,8570.25,17.0
2019-12-18 06:28,8570.0,8570.0,8570.0,8570.0,5.0
2019-12-18 06:29,8570.0,8570.0,8569.5,8569.75,9.0
2019-12-18 06:30,8570.0,8570.5,8569.75,8569.75,16.0
2019-12-18 06:31,8569.5,8569.5,8569.25,8569.5,3.0
2019-12-18 06:32,8569.75,8569.75,8569.0,8569.5,19.0
2019-12-18 06:33,8569.5,8569.75,8569.25,8569.5,16.0
2019-12-18 06:34,8569.5,8570.0,8569.5,8569.75,10.0
2019-12-18 06:35,8569.5,8569.5,8569.25,8569.25,6.0
2019-12-18 06:36,8569.0,8569.25,8569.0,8569.0,15.0
2019-12-18 06:37,8569.25,8569.25,8569.0,8569.0,6.0
2019-12-18 06:38,8568.75,8569.0,8568.25,8568.5,22.0
2019-12-18 06:39,8568.75,8569.0,8568.75,8569.0,3.0
2019-12-18 06:40,8569.5,8569.5,8569.25,8569.25,8.0
2019-12-18 06:41,8569.5,8569.75,8569.5,8569.75,15.0
2019-12-18 06:42,8569.75,8570.0,8569.75,8570.0,13.0
2019-12-18 06:43,8570.0,8570.0,8569.75,8569.75,3.0
2019-12-18 06:44,8569.75,8569.75,8569.5,8569.5,7.0
2019-12-18 06:45,8569.5,8570.0,8569.5,8570.0,8.0
2019-12-18 06:46,8570.0,8570.0,8569.5,8569.5,3.0
2019-12-18 06:47,8569.5,8569.5,8569.25,8569.5,9.0
2019-12-18 06:48,8569.25,8569.5,8569.25,8569.5,4.0
2019-12-18 06:49,8569.75,8570.0,8569.25,8569.25,7.0
2019-12-18 06:50,8569.0,8569.25,8569.0,8569.25,5.0
2019-12-18 06:51,8569.25,8569.25,8568.5,8568.75,10.0
2019-12-18 06:52,8568.5,8568.75,8568.5,8568.5,5.0
2019-12-18 06:53,8568.5,8569.25,8568.25,8569.25,5.0
2019-12-18 06:54,8569.25,8569.25,8569.0,8569.0,4.0
2019-12-18 06:55,8569.25,8569.75,8569.25,8569.75,6.0
2019-12-18 06:56,8570.0,8570.25,8570.0,8570.0,13.0
2019-12-18 06:57,8570.5,8571.0,8570.5,8570.75,12.0
2019-12-18 06:58,8571.0,8571.0,8570.75,8570.75,8.0
2019-12-18 06:59,8570.75,8570.75,8570.5,8570.75,7.0
2019-12-18 07:00,8570.5,8572.75,8570.5,8572.5,34.0
2019-12-18 07:01,8572.25,8572.5,8571.5,8571.5,30.0
2019-12-18 07:02,8571.25,8571.5,8570.75,8571.25,24.0
2019-12-18 07:03,8571.5,8573.0,8571.5,8572.0,42.0
2019-12-18 07:04,8572.0,8572.0,8571.5,8571.75,15.0
2019-12-18 07:05,8572.0,8572.5,8570.5,8570.75,35.0
2019-12-18 07:06,8570.5,8572.0,8570.25,8571.5,72.0
2019-12-18 07:07,8571.5,8571.75,8571.25,8571.5,10.0
2019-12-18 07:08,8571.5,8571.5,8571.0,8571.25,21.0
2019-12-18 07:09,8571.0,8571.0,8570.25,8570.75,15.0
2019-12-18 07:10,8571.0,8571.0,8569.5,8570.0,47.0
2019-12-18 07:11,8570.0,8570.25,8569.75,8569.75,20.0
2019-12-18 07:12,8569.75,8570.0,8569.25,8569.5,44.0
2019-12-18 07:13,8569.25,8569.5,8567.75,8568.75,65.0
2019-12-18 07:14,8568.5,8570.5,8568.25,8570.25,47.0
2019-12-18 07:15,8569.75,8570.0,8569.25,8569.75,36.0
2019-12-18 07:16,8569.25,8570.75,8569.25,8570.25,42.0
2019-12-18 07:17,8570.25,8570.5,8569.75,8570.25,27.0
2019-12-18 07:18,8570.0,8570.25,8570.0,8570.25,8.0
2019-12-18 07:19,8570.25,8570.25,8570.0,8570.0,13.0
2019-12-18 07:20,8570.0,8570.0,8569.75,8569.75,21.0
2019-12-18 07:21,8569.75,8571.0,8569.75,8571.0,32.0
2019-12-18 07:22,8571.0,8571.0,8570.75,8571.0,11.0
2019-12-18 07:23,8571.0,8571.0,8570.25,8570.25,12.0
2019-12-18 07:24,8570.25,8570.25,8570.25,8570.25,13.0
2019-12-18 07:25,8570.25,8570.25,8570.25,8570.25,1.0
2019-12-18 07:26,8570.25,8570.5,8569.5,8569.75,14.0
2019-12-18 07:27,8569.75,8570.5,8569.75,8570.25,26.0
2019-12-18 07:28,8570.25,8570.25,8569.5,8569.75,21.0
2019-12-18 07:29,8569.5,8570.0,8569.25,8570.0,18.0
2019-12-18 07:30,8570.25,8570.75,8570.25,8570.75,17.0
2019-12-18 07:31,8571.0,8573.0,8571.0,8571.25,80.0
2019-12-18 07:32,8571.0,8571.25,8570.5,8571.25,10.0
2019-12-18 07:33,8571.5,8572.25,8571.5,8572.0,10.0
2019-12-18 07:34,8572.25,8572.5,8572.0,8572.0,18.0
2019-12-18 07:35,8572.25,8572.5,8571.5,8571.75,17.0
2019-12-18 07:36,8571.75,8571.75,8571.0,8571.0,3.0
2019-12-18 07:37,8571.5,8571.5,8571.25,8571.25,4.0
2019-12-18 07:38,8571.25,8571.5,8571.25,8571.5,4.0
2019-12-18 07:39,8571.75,8571.75,8571.25,8571.25,5.0
2019-12-18 07:40,8571.5,8571.5,8571.5,8571.5,2.0
2019-12-18 07:41,8571.75,8571.75,8571.5,8571.5,7.0
2019-12-18 07:42,8571.75,8572.25,8571.75,8571.75,9.0
2019-12-18 07:43,8571.75,8571.75,8571.25,8571.5,14.0
2019-12-18 07:44,8571.75,8572.25,8571.5,8571.5,43.0
2019-12-18 07:45,8571.75,8572.0,8571.5,8571.75,9.0
2019-12-18 07:46,8572.25,8572.5,8572.0,8572.25,18.0
2019-12-18 07:47,8572.0,8572.75,8571.5,8572.25,27.0
2019-12-18 07:48,8572.0,8572.5,8572.0,8572.25,6.0
2019-12-18 07:49,8572.75,8572.75,8572.5,8572.75,7.0
2019-12-18 07:50,8572.75,8573.0,8572.5,8573.0,33.0
2019-12-18 07:51,8573.0,8573.0,8572.75,8573.0,25.0
2019-12-18 07:52,8573.0,8573.5,8572.75,8573.5,57.0
2019-12-18 07:53,8573.5,8573.5,8573.0,8573.0,16.0
2019-12-18 07:54,8573.25,8573.5,8573.25,8573.5,9.0
2019-12-18 07:55,8573.25,8573.25,8571.25,8571.75,24.0
2019-12-18 07:56,8571.75,8572.75,8571.75,8572.75,12.0
2019-12-18 07:57,8573.0,8574.0,8573.0,8573.75,29.0
2019-12-18 07:58,8573.75,8574.0,8572.0,8572.0,15.0
2019-12-18 07:59,8572.25,8572.5,8569.25,8569.75,56.0
2019-12-18 08:00,8569.75,8578.0,8569.25,8574.75,387.0
2019-12-18 08:01,8574.75,8577.25,8574.75,8575.25,92.0
2019-12-18 08:02,8575.5,8576.0,8574.0,8575.0,60.0
2019-12-18 08:03,8575.0,8575.25,8573.75,8575.25,62.0
2019-12-18 08:04,8575.5,8576.5,8574.5,8574.75,27.0
2019-12-18 08:05,8574.5,8575.25,8574.0,8574.5,45.0
2019-12-18 08:06,8575.25,8576.5,8574.75,8575.0,52.0
2019-12-18 08:07,8575.0,8576.5,8575.0,8576.25,14.0
2019-12-18 08:08,8576.0,8576.0,8573.75,8575.0,65.0
2019-12-18 08:09,8575.0,8578.0,8575.0,8578.0,62.0
2019-12-18 08:10,8578.0,8579.5,8577.75,8579.5,56.0
2019-12-18 08:11,8579.75,8580.25,8578.75,8579.75,47.0
2019-12-18 08:12,8579.75,8580.0,8578.25,8579.0,53.0
2019-12-18 08:13,8579.25,8580.0,8579.0,8580.0,31.0
2019-12-18 08:14,8580.0,8580.5,8579.25,8580.5,29.0
2019-12-18 08:15,8580.0,8581.25,8580.0,8580.75,36.0
2019-12-18 08:16,8581.0,8582.0,8580.75,8581.0,66.0
2019-12-18 08:17,8581.25,8581.5,8580.75,8581.0,41.0
2019-12-18 08:18,8580.75,8582.25,8580.75,8582.0,27.0
2019-12-18 08:19,8581.5,8582.25,8581.25,8582.0,19.0
2019-12-18 08:20,8581.75,8581.75,8580.5,8581.0,22.0
2019-12-18 08:21,8581.0,8581.0,8580.5,8581.0,17.0
2019-12-18 08:22,8581.25,8581.5,8580.5,8580.5,28.0
2019-12-18 08:23,8580.75,8581.0,8580.5,8580.5,26.0
2019-12-18 08:24,8580.75,8581.0,8579.75,8580.0,22.0
2019-12-18 08:25,8580.0,8580.5,8579.5,8580.25,28.0
2019-12-18 08:26,8580.5,8580.75,8580.25,8580.25,24.0
2019-12-18 08:27,8580.0,8581.0,8580.0,8580.25,16.0
2019-12-18 08:28,8580.25,8580.25,8580.0,8580.0,6.0
2019-12-18 08:29,8579.75,8580.25,8579.5,8579.5,25.0
2019-12-18 08:30,8579.25,8580.5,8579.25,8579.5,28.0
2019-12-18 08:31,8580.0,8580.25,8580.0,8580.0,25.0
2019-12-18 08:32,8580.25,8580.5,8580.0,8580.25,12.0
2019-12-18 08:33,8580.25,8580.25,8578.75,8579.0,14.0
2019-12-18 08:34,8578.75,8579.5,8578.5,8579.5,16.0
2019-12-18 08:35,8578.75,8579.25,8578.75,8579.25,20.0
2019-12-18 08:36,8579.25,8579.75,8578.75,8578.75,20.0
2019-12-18 08:37,8578.5,8578.5,8577.75,8578.0,25.0
2019-12-18 08:38,8577.75,8578.0,8577.25,8577.5,47.0
2019-12-18 08:39,8577.5,8578.25,8577.25,8578.25,19.0
2019-12-18 08:40,8578.0,8578.75,8577.75,8578.5,22.0
2019-12-18 08:41,8578.75,8579.25,8578.25,8579.25,14.0
2019-12-18 08:42,8579.5,8579.75,8579.0,8579.0,11.0
2019-12-18 08:43,8579.0,8579.0,8578.5,8579.0,8.0
2019-12-18 08:44,8579.0,8579.0,8579.0,8579.0,2.0
2019-12-18 08:45,8579.5,8579.5,8578.75,8578.75,27.0
2019-12-18 08:46,8578.5,8579.75,8578.5,8579.25,16.0
2019-12-18 08:47,8579.5,8579.5,8579.0,8579.0,7.0
2019-12-18 08:48,8579.25,8579.25,8579.25,8579.25,4.0
2019-12-18 08:49,8579.25,8579.5,8579.0,8579.0,10.0
2019-12-18 08:50,8579.5,8579.75,8579.0,8579.25,31.0
2019-12-18 08:51,8578.75,8578.75,8578.5,8578.5,18.0
2019-12-18 08:52,8578.5,8578.5,8577.75,8578.0,64.0
2019-12-18 08:53,8578.0,8578.25,8577.0,8577.5,80.0
2019-12-18 08:54,8577.75,8578.0,8577.75,8578.0,14.0
2019-12-18 08:55,8578.25,8578.75,8578.25,8578.25,10.0
2019-12-18 08:56,8578.0,8578.0,8577.25,8577.25,21.0
2019-12-18 08:57,8577.5,8578.5,8577.5,8578.0,28.0
2019-12-18 08:58,8577.75,8577.75,8577.5,8577.5,7.0
2019-12-18 08:59,8577.75,8578.0,8577.0,8578.0,24.0
2019-12-18 09:00,8578.5,8579.75,8577.0,8577.25,36.0
2019-12-18 09:01,8578.25,8579.5,8578.0,8579.5,25.0
2019-12-18 09:02,8578.75,8578.75,8578.0,8578.75,18.0
2019-12-18 09:03,8578.5,8579.5,8578.5,8579.5,9.0
2019-12-18 09:04,8579.25,8579.75,8579.0,8579.75,16.0
2019-12-18 09:05,8580.0,8581.25,8580.0,8581.0,41.0
2019-12-18 09:06,8580.75,8580.75,8580.0,8580.25,10.0
2019-12-18 09:07,8580.25,8580.25,8579.5,8579.5,11.0
2019-12-18 09:08,8578.75,8579.25,8578.5,8578.5,17.0
2019-12-18 09:09,8578.75,8579.25,8578.75,8579.0,25.0
2019-12-18 09:10,8579.25,8579.25,8578.5,8578.75,10.0
2019-12-18 09:11,8578.25,8579.0,8578.25,8578.75,19.0
2019-12-18 09:12,8579.0,8579.25,8578.5,8578.5,6.0
2019-12-18 09:13,8578.75,8579.0,8578.75,8579.0,15.0
2019-12-18 09:14,8579.5,8579.5,8579.25,8579.25,3.0
2019-12-18 09:15,8579.5,8580.25,8579.0,8579.0,10.0
2019-12-18 09:16,8579.25,8579.25,8578.25,8579.0,13.0
2019-12-18 09:17,8579.0,8579.0,8579.0,8579.0,2.0
2019-12-18 09:18,8578.75,8578.75,8576.75,8577.0,29.0
2019-12-18 09:19,8577.5,8578.5,8577.25,8578.5,18.0
2019-12-18 09:20,8579.0,8579.5,8578.5,8578.75,20.0
2019-12-18 09:21,8579.0,8579.0,8578.5,8578.75,3.0
2019-12-18 09:22,8578.5,8579.5,8578.5,8579.0,17.0
2019-12-18 09:23,8578.75,8578.75,8578.5,8578.5,5.0
2019-12-18 09:24,8578.25,8578.5,8578.25,8578.5,8.0
2019-12-18 09:25,8578.5,8580.25,8578.25,8580.0,48.0
2019-12-18 09:26,8580.0,8582.75,8579.5,8582.0,104.0
2019-12-18 09:27,8582.25,8584.0,8582.0,8583.75,62.0
2019-12-18 09:28,8583.75,8584.5,8583.5,8583.5,57.0
2019-12-18 09:29,8583.5,8584.75,8583.5,8584.0,53.0
2019-12-18 09:30,8584.0,8585.0,8583.75,8584.25,63.0
2019-12-18 09:31,8584.75,8585.0,8584.0,8584.75,84.0
2019-12-18 09:32,8585.0,8585.0,8583.25,8583.75,63.0
2019-12-18 09:33,8583.5,8584.0,8582.75,8583.25,75.0
2019-12-18 09:34,8583.5,8585.0,8583.0,8583.0,76.0
2019-12-18 09:35,8583.0,8584.0,8583.0,8583.5,45.0
2019-12-18 09:36,8583.25,8583.25,8582.75,8582.75,15.0
2019-12-18 09:37,8582.75,8583.5,8582.75,8583.5,11.0
2019-12-18 09:38,8583.5,8583.75,8583.0,8583.0,10.0
2019-12-18 09:39,8582.5,8582.5,8582.0,8582.0,18.0
2019-12-18 09:40,8582.25,8582.25,8582.0,8582.0,13.0
2019-12-18 09:41,8582.25,8582.25,8582.25,8582.25,2.0
2019-12-18 09:42,8582.25,8582.25,8581.25,8581.5,28.0
2019-12-18 09:43,8581.5,8582.25,8581.0,8581.75,31.0
2019-12-18 09:44,8581.75,8582.0,8581.75,8582.0,14.0
2019-12-18 09:45,8582.0,8583.25,8582.0,8583.25,11.0
2019-12-18 09:46,8583.5,8583.5,8582.5,8582.5,22.0
2019-12-18 09:47,8582.75,8583.0,8582.5,8582.75,22.0
2019-12-18 09:48,8583.5,8583.5,8582.5,8582.5,13.0
2019-12-18 09:49,8582.5,8583.75,8582.5,8583.75,16.0
2019-12-18 09:50,8583.5,8583.75,8583.25,8583.75,7.0
2019-12-18 09:51,8584.0,8584.0,8583.5,8583.75,5.0
2019-12-18 09:52,8583.5,8583.5,8583.25,8583.5,10.0
2019-12-18 09:53,8584.0,8584.0,8584.0,8584.0,7.0
2019-12-18 09:54,8584.0,8584.75,8583.75,8584.75,29.0
2019-12-18 09:55,8584.75,8585.0,8583.75,8584.0,46.0
2019-12-18 09:56,8584.0,8584.5,8584.0,8584.5,14.0
2019-12-18 09:57,8584.25,8584.75,8583.25,8583.5,95.0
2019-12-18 09:58,8583.75,8583.75,8583.25,8583.25,12.0
2019-12-18 09:59,8583.0,8585.0,8582.75,8584.5,96.0
2019-12-18 10:00,8584.5,8584.5,8583.75,8583.75,12.0
2019-12-18 10:01,8584.0,8584.25,8583.25,8584.0,93.0
2019-12-18 10:02,8584.5,8585.25,8584.5,8585.25,76.0
2019-12-18 10:03,8584.75,8585.25,8584.5,8584.5,53.0
2019-12-18 10:04,8584.5,8585.25,8584.5,8585.25,35.0
2019-12-18 10:05,8585.25,8587.0,8585.25,8586.0,86.0
2019-12-18 10:06,8586.0,8586.5,8586.0,8586.25,10.0
2019-12-18 10:07,8586.0,8586.0,8585.0,8585.5,26.0
2019-12-18 10:08,8585.5,8585.75,8585.5,8585.5,5.0
2019-12-18 10:09,8585.75,8586.5,8585.75,8585.75,22.0
2019-12-18 10:10,8585.75,8585.75,8585.0,8585.0,6.0
2019-12-18 10:11,8585.25,8585.25,8585.0,8585.0,7.0
2019-12-18 10:12,8585.0,8586.0,8584.75,8585.5,16.0
2019-12-18 10:13,8585.5,8585.75,8585.5,8585.75,4.0
2019-12-18 10:14,8585.0,8585.0,8584.0,8584.0,26.0
2019-12-18 10:15,8584.25,8584.25,8583.75,8584.25,25.0
2019-12-18 10:16,8584.5,8585.25,8584.5,8585.0,12.0
2019-12-18 10:17,8585.5,8586.0,8585.25,8586.0,23.0
2019-12-18 10:18,8585.75,8585.75,8585.75,8585.75,2.0
2019-12-18 10:19,8585.0,8585.75,8584.5,8585.5,48.0
2019-12-18 10:20,8586.0,8586.25,8586.0,8586.25,10.0
2019-12-18 10:21,8586.25,8586.25,8586.25,8586.25,2.0
2019-12-18 10:22,8586.25,8586.5,8586.25,8586.5,3.0
2019-12-18 10:23,8586.0,8586.25,8585.75,8586.0,52.0
2019-12-18 10:24,8586.25,8586.25,8585.75,8586.25,6.0
2019-12-18 10:25,8586.0,8586.0,8584.75,8585.25,33.0
2019-12-18 10:26,8585.0,8585.75,8585.0,8585.0,29.0
2019-12-18 10:27,8585.0,8585.0,8584.25,8584.25,18.0
2019-12-18 10:28,8584.0,8584.5,8583.75,8584.5,9.0
2019-12-18 10:29,8585.0,8585.0,8584.0,8584.5,28.0
2019-12-18 10:30,8584.5,8584.5,8584.5,8584.5,1.0
2019-12-18 10:31,8584.5,8584.5,8584.5,8584.5,3.0
2019-12-18 10:32,8584.5,8584.5,8584.25,8584.25,4.0
2019-12-18 10:33,8584.0,8584.25,8583.75,8584.25,10.0
2019-12-18 10:34,8584.25,8584.25,8584.0,8584.25,7.0
2019-12-18 10:35,8583.75,8584.0,8583.75,8584.0,6.0
2019-12-18 10:36,8583.5,8583.75,8583.25,8583.5,17.0
2019-12-18 10:37,8583.0,8583.5,8583.0,8583.5,16.0
2019-12-18 10:38,8583.0,8583.5,8583.0,8583.5,2.0
2019-12-18 10:39,8583.5,8583.5,8583.25,8583.5,17.0
2019-12-18 10:40,8583.5,8583.5,8583.25,8583.5,3.0
2019-12-18 10:41,8583.25,8583.25,8583.0,8583.0,2.0
2019-12-18 10:42,8583.0,8583.0,8582.75,8582.75,8.0
2019-12-18 10:43,8582.5,8583.25,8582.5,8583.0,13.0
2019-12-18 10:44,8582.75,8583.25,8582.25,8583.0,29.0
2019-12-18 10:45,8583.0,8583.0,8583.0,8583.0,12.0
2019-12-18 10:46,8583.0,8583.0,8582.75,8582.75,2.0
2019-12-18 10:47,8582.75,8583.0,8582.75,8583.0,2.0
2019-12-18 10:48,8583.0,8584.0,8583.0,8584.0,17.0
2019-12-18 10:49,8584.25,8584.5,8584.0,8584.0,14.0
2019-12-18 10:50,8584.0,8584.0,8584.0,8584.0,1.0
2019-12-18 10:51,8583.5,8584.75,8583.5,8584.75,19.0
2019-12-18 10:52,8585.0,8585.25,8585.0,8585.25,25.0
2019-12-18 10:53,8584.75,8584.75,8584.75,8584.75,4.0
2019-12-18 10:54,8584.5,8585.0,8584.5,8585.0,12.0
2019-12-18 10:55,8585.0,8585.0,8584.5,8585.0,13.0
2019-12-18 10:56,8585.25,8585.75,8585.0,8585.5,35.0
2019-12-18 10:57,8585.25,8585.25,8584.75,8584.75,9.0
2019-12-18 10:58,8584.75,8584.75,8584.75,8584.75,4.0
2019-12-18 10:59,8584.5,8584.5,8584.0,8584.0,8.0
2019-12-18 11:00,8583.75,8583.75,8583.25,8583.5,21.0
2019-12-18 11:01,8584.0,8584.5,8583.75,8583.75,16.0
2019-12-18 11:03,8583.25,8583.25,8583.25,8583.25,2.0
2019-12-18 11:04,8583.25,8584.0,8583.25,8584.0,5.0
2019-12-18 11:05,8583.75,8584.0,8583.0,8583.0,12.0
2019-12-18 11:06,8583.0,8583.0,8582.75,8583.0,12.0
2019-12-18 11:07,8582.75,8583.75,8582.25,8583.25,58.0
2019-12-18 11:08,8583.5,8583.75,8583.25,8583.75,18.0
2019-12-18 11:09,8583.5,8583.75,8583.5,8583.75,6.0
2019-12-18 11:10,8583.75,8583.75,8583.75,8583.75,3.0
2019-12-18 11:11,8583.0,8583.0,8582.25,8582.5,16.0
2019-12-18 11:12,8582.75,8583.0,8582.5,8582.5,11.0
2019-12-18 11:13,8582.75,8582.75,8582.25,8582.5,6.0
2019-12-18 11:14,8582.5,8582.75,8582.25,8582.75,14.0
2019-12-18 11:15,8582.5,8582.75,8582.25,8582.5,10.0
2019-12-18 11:16,8582.25,8582.25,8581.5,8581.75,12.0
2019-12-18 11:17,8581.75,8582.0,8581.25,8581.75,26.0
2019-12-18 11:18,8581.75,8581.75,8581.0,8581.0,11.0
2019-12-18 11:19,8580.75,8581.25,8580.75,8581.25,9.0
2019-12-18 11:20,8581.0,8581.5,8580.75,8580.75,15.0
2019-12-18 11:21,8581.0,8581.0,8580.75,8581.0,14.0
2019-12-18 11:22,8581.5,8582.0,8581.5,8581.75,15.0
2019-12-18 11:23,8581.75,8581.75,8581.5,8581.5,8.0
2019-12-18 11:24,8581.5,8581.5,8581.25,8581.5,5.0
2019-12-18 11:25,8581.25,8581.5,8581.25,8581.5,8.0
2019-12-18 11:26,8581.0,8581.5,8581.0,8581.5,8.0
2019-12-18 11:27,8582.0,8582.0,8581.75,8581.75,11.0
2019-12-18 11:28,8582.0,8582.0,8581.25,8581.75,11.0
2019-12-18 11:29,8581.5,8582.5,8581.5,8582.25,15.0
2019-12-18 11:30,8582.25,8583.0,8582.25,8582.5,27.0
2019-12-18 11:31,8582.5,8582.5,8581.75,8582.0,26.0
2019-12-18 11:32,8581.75,8581.75,8581.25,8581.5,4.0
2019-12-18 11:33,8582.0,8582.0,8582.0,8582.0,2.0
2019-12-18 11:34,8581.5,8581.75,8581.5,8581.75,2.0
2019-12-18 11:35,8582.0,8582.0,8582.0,8582.0,2.0
2019-12-18 11:36,8582.25,8582.25,8581.0,8581.0,13.0
2019-12-18 11:37,8581.0,8581.0,8581.0,8581.0,4.0
2019-12-18 11:38,8581.5,8581.5,8581.25,8581.25,9.0
2019-12-18 11:39,8581.25,8581.5,8580.25,8580.25,14.0
2019-12-18 11:40,8580.25,8580.75,8580.25,8580.5,12.0
2019-12-18 11:41,8580.25,8580.5,8579.5,8579.5,21.0
2019-12-18 11:42,8579.75,8580.0,8579.25,8579.5,11.0
2019-12-18 11:43,8579.5,8579.75,8579.25,8579.75,7.0
2019-12-18 11:44,8580.0,8580.0,8579.75,8579.75,8.0
2019-12-18 11:45,8579.75,8579.75,8578.75,8579.25,35.0
2019-12-18 11:46,8579.5,8579.5,8579.25,8579.25,11.0
2019-12-18 11:47,8579.25,8579.75,8579.25,8579.75,10.0
2019-12-18 11:48,8579.75,8580.5,8579.75,8580.25,55.0
2019-12-18 11:49,8580.25,8581.0,8579.75,8580.75,38.0
2019-12-18 11:50,8580.75,8581.5,8580.25,8580.75,43.0
2019-12-18 11:51,8580.5,8581.25,8580.25,8581.0,22.0
2019-12-18 11:52,8580.75,8580.75,8579.75,8580.5,34.0
2019-12-18 11:53,8580.5,8580.75,8580.5,8580.75,3.0
2019-12-18 11:54,8580.5,8580.75,8580.25,8580.25,14.0
2019-12-18 11:55,8580.5,8580.75,8580.25,8580.75,19.0
2019-12-18 11:56,8581.0,8581.25,8581.0,8581.0,14.0
2019-12-18 11:57,8581.25,8581.25,8581.0,8581.25,9.0
2019-12-18 11:58,8581.25,8581.25,8581.0,8581.25,7.0
2019-12-18 11:59,8581.25,8582.0,8581.25,8582.0,15.0
2019-12-18 12:00,8581.75,8582.5,8581.25,8582.0,36.0
2019-12-18 12:01,8581.75,8581.75,8581.0,8581.0,17.0
2019-12-18 12:02,8580.75,8580.75,8580.25,8580.75,7.0
2019-12-18 12:03,8581.0,8581.25,8580.5,8581.25,21.0
2019-12-18 12:04,8581.25,8581.5,8581.25,8581.5,7.0
2019-12-18 12:05,8581.75,8581.75,8581.5,8581.75,5.0
2019-12-18 12:06,8581.5,8581.5,8581.0,8581.0,7.0
2019-12-18 12:07,8581.25,8581.75,8581.25,8581.75,5.0
2019-12-18 12:08,8581.75,8582.0,8581.5,8581.5,5.0
2019-12-18 12:09,8581.75,8581.75,8581.5,8581.5,9.0
2019-12-18 12:10,8581.0,8581.25,8581.0,8581.25,4.0
2019-12-18 12:11,8581.0,8581.25,8580.75,8580.75,9.0
2019-12-18 12:12,8580.5,8580.75,8580.25,8580.75,11.0
2019-12-18 12:14,8580.5,8580.5,8578.75,8578.75,30.0
2019-12-18 12:15,8578.5,8578.5,8575.25,8577.0,135.0
2019-12-18 12:16,8577.25,8578.0,8577.25,8577.25,32.0
2019-12-18 12:17,8577.25,8578.25,8577.0,8577.75,21.0
2019-12-18 12:18,8577.5,8578.5,8577.5,8578.25,29.0
2019-12-18 12:19,8578.0,8579.0,8578.0,8578.75,23.0
2019-12-18 12:20,8578.5,8579.25,8578.25,8579.0,19.0
2019-12-18 12:21,8579.25,8579.5,8579.0,8579.0,16.0
2019-12-18 12:22,8579.0,8579.75,8578.75,8579.5,14.0
2019-12-18 12:23,8579.75,8581.0,8579.75,8581.0,23.0
2019-12-18 12:24,8581.0,8581.0,8580.5,8580.5,2.0
2019-12-18 12:25,8581.0,8582.5,8581.0,8582.25,23.0
2019-12-18 12:26,8582.25,8582.25,8581.25,8581.75,13.0
2019-12-18 12:27,8582.0,8582.0,8581.75,8582.0,4.0
2019-12-18 12:28,8582.0,8582.0,8582.0,8582.0,1.0
2019-12-18 12:29,8582.0,8582.0,8581.25,8581.5,18.0
2019-12-18 12:30,8581.75,8582.0,8581.0,8581.25,27.0
2019-12-18 12:31,8581.75,8582.0,8581.25,8582.0,18.0
2019-12-18 12:32,8582.25,8583.0,8581.75,8583.0,27.0
2019-12-18 12:33,8582.5,8583.25,8582.5,8583.0,32.0
2019-12-18 12:34,8583.25,8584.25,8583.25,8583.25,62.0
2019-12-18 12:35,8583.5,8583.75,8583.25,8583.25,12.0
2019-12-18 12:36,8583.25,8583.5,8583.25,8583.25,7.0
2019-12-18 12:37,8583.5,8584.0,8583.25,8583.75,24.0
2019-12-18 12:38,8584.0,8584.0,8583.75,8583.75,22.0
2019-12-18 12:39,8583.5,8583.75,8583.0,8583.75,9.0
2019-12-18 12:40,8583.75,8583.75,8582.5,8582.75,53.0
2019-12-18 12:41,8582.75,8583.25,8582.75,8583.0,23.0
2019-12-18 12:42,8583.0,8583.25,8582.75,8583.0,11.0
2019-12-18 12:43,8583.5,8583.5,8583.5,8583.5,3.0
2019-12-18 12:44,8583.75,8584.75,8583.75,8584.25,37.0
2019-12-18 12:45,8584.25,8585.25,8584.25,8585.0,57.0
2019-12-18 12:46,8584.75,8584.75,8583.25,8583.25,43.0
2019-12-18 12:47,8583.25,8583.75,8583.25,8583.5,5.0
2019-12-18 12:48,8583.25,8584.0,8583.0,8584.0,18.0
2019-12-18 12:49,8583.75,8584.0,8583.0,8583.0,19.0
2019-12-18 12:50,8582.75,8583.0,8582.5,8583.0,24.0
2019-12-18 12:51,8583.0,8583.0,8582.75,8583.0,6.0
2019-12-18 12:52,8582.75,8582.75,8582.75,8582.75,1.0
2019-12-18 12:53,8582.75,8583.25,8582.75,8583.25,3.0
2019-12-18 12:54,8583.25,8584.0,8583.25,8584.0,13.0
2019-12-18 12:55,8584.0,8584.75,8583.75,8583.75,25.0
2019-12-18 12:56,8584.0,8584.0,8583.25,8583.25,10.0
2019-12-18 12:57,8583.5,8583.5,8582.75,8582.75,16.0
2019-12-18 12:58,8582.5,8583.0,8582.5,8583.0,3.0
2019-12-18 12:59,8582.5,8582.75,8582.5,8582.5,9.0
2019-12-18 13:00,8582.25,8582.25,8581.25,8581.75,36.0
2019-12-18 13:01,8581.5,8582.0,8581.5,8581.5,8.0
2019-12-18 13:02,8581.75,8581.75,8580.5,8580.5,19.0
2019-12-18 13:03,8580.25,8580.25,8579.75,8580.0,12.0
2019-12-18 13:04,8580.0,8580.75,8579.75,8580.5,35.0
2019-12-18 13:05,8580.25,8581.25,8579.75,8580.75,30.0
2019-12-18 13:06,8581.0,8581.0,8580.75,8580.75,6.0
2019-12-18 13:07,8580.75,8581.5,8580.75,8581.5,13.0
2019-12-18 13:08,8581.5,8582.25,8581.5,8582.0,15.0
2019-12-18 13:10,8581.5,8582.0,8581.5,8582.0,13.0
2019-12-18 13:11,8581.75,8581.75,8580.0,8580.0,25.0
2019-12-18 13:12,8580.0,8581.0,8579.75,8581.0,8.0
2019-12-18 13:13,8581.25,8582.0,8581.25,8582.0,5.0
2019-12-18 13:14,8582.5,8582.75,8582.25,8582.5,9.0
2019-12-18 13:15,8582.25,8582.75,8582.0,8582.75,12.0
2019-12-18 13:16,8583.0,8583.5,8582.75,8583.0,19.0
2019-12-18 13:17,8583.25,8583.5,8583.0,8583.25,13.0
2019-12-18 13:18,8583.0,8583.0,8583.0,8583.0,3.0
2019-12-18 13:19,8583.0,8583.5,8583.0,8583.0,17.0
2019-12-18 13:20,8583.0,8584.25,8582.75,8583.75,22.0
2019-12-18 13:21,8584.25,8584.5,8583.75,8583.75,29.0
2019-12-18 13:22,8583.75,8584.5,8583.75,8584.5,15.0
2019-12-18 13:23,8584.25,8584.5,8584.25,8584.25,8.0
2019-12-18 13:24,8584.25,8584.25,8583.5,8584.0,30.0
2019-12-18 13:25,8584.0,8585.25,8584.0,8585.25,25.0
2019-12-18 13:26,8585.0,8586.25,8585.0,8585.5,52.0
2019-12-18 13:27,8585.75,8586.25,8585.5,8586.0,40.0
2019-12-18 13:28,8586.0,8586.0,8585.25,8585.25,13.0
2019-12-18 13:29,8585.5,8586.25,8585.5,8585.75,35.0
2019-12-18 13:30,8585.5,8586.5,8585.5,8586.25,115.0
2019-12-18 13:31,8586.0,8586.0,8585.25,8585.25,42.0
2019-12-18 13:32,8585.5,8585.5,8584.75,8585.25,46.0
2019-12-18 13:33,8585.25,8586.0,8585.25,8585.5,26.0
2019-12-18 13:34,8585.5,8585.5,8584.25,8584.25,21.0
2019-12-18 13:35,8584.25,8585.0,8583.75,8585.0,33.0
2019-12-18 13:36,8585.0,8585.25,8584.75,8585.0,19.0
2019-12-18 13:37,8585.5,8585.75,8585.25,8585.25,8.0
2019-12-18 13:38,8585.5,8587.25,8585.5,8587.0,88.0
2019-12-18 13:39,8586.5,8588.25,8586.25,8587.5,103.0
2019-12-18 13:40,8587.5,8587.75,8585.0,8585.75,102.0
2019-12-18 13:41,8585.25,8585.75,8584.75,8585.0,46.0
2019-12-18 13:42,8585.25,8585.5,8585.0,8585.25,12.0
2019-12-18 13:43,8585.25,8585.25,8584.5,8584.5,24.0
2019-12-18 13:44,8584.5,8584.5,8582.5,8582.75,98.0
2019-12-18 13:45,8582.75,8583.75,8582.25,8583.25,64.0
2019-12-18 13:46,8583.5,8584.5,8583.5,8584.0,19.0
2019-12-18 13:47,8584.0,8584.5,8583.25,8584.5,93.0
2019-12-18 13:48,8584.75,8585.0,8584.5,8584.75,16.0
2019-12-18 13:49,8584.5,8584.75,8584.0,8584.25,45.0
2019-12-18 13:50,8584.25,8585.0,8583.5,8583.75,159.0
2019-12-18 13:51,8584.0,8584.25,8583.0,8583.75,86.0
2019-12-18 13:52,8583.5,8583.75,8583.25,8583.5,19.0
2019-12-18 13:53,8583.25,8583.5,8582.5,8583.0,43.0
2019-12-18 13:54,8583.25,8583.5,8582.75,8583.25,34.0
2019-12-18 13:55,8583.25,8584.25,8583.25,8584.0,28.0
2019-12-18 13:56,8583.75,8584.0,8583.0,8583.0,27.0
2019-12-18 13:57,8583.0,8583.25,8581.75,8582.0,44.0
2019-12-18 13:58,8581.75,8582.5,8581.75,8582.0,32.0
2019-12-18 13:59,8581.5,8581.5,8580.25,8580.5,42.0
2019-12-18 14:00,8580.25,8581.75,8580.0,8581.0,79.0
2019-12-18 14:01,8581.0,8582.75,8580.75,8582.75,109.0
2019-12-18 14:02,8583.0,8583.25,8581.75,8581.75,31.0
2019-12-18 14:03,8581.75,8583.5,8581.5,8582.5,52.0
2019-12-18 14:04,8582.5,8582.75,8582.0,8582.25,10.0
2019-12-18 14:05,8582.0,8582.0,8581.5,8581.5,18.0
2019-12-18 14:06,8582.0,8583.75,8581.75,8583.25,85.0
2019-12-18 14:07,8583.0,8583.75,8582.75,8583.25,52.0
2019-12-18 14:08,8583.0,8584.0,8583.0,8583.5,36.0
2019-12-18 14:09,8583.5,8583.75,8582.75,8582.75,26.0
2019-12-18 14:10,8583.0,8583.5,8583.0,8583.25,31.0
2019-12-18 14:11,8583.25,8583.75,8582.75,8583.75,33.0
2019-12-18 14:12,8583.5,8584.0,8583.25,8584.0,61.0
2019-12-18 14:13,8584.0,8584.0,8583.25,8583.25,13.0
2019-12-18 14:14,8583.25,8584.5,8583.0,8584.0,70.0
2019-12-18 14:15,8584.25,8585.0,8584.25,8585.0,102.0
2019-12-18 14:16,8584.75,8585.75,8584.75,8585.5,65.0
2019-12-18 14:17,8585.5,8586.0,8585.5,8585.75,69.0
2019-12-18 14:18,8585.75,8586.25,8585.5,8586.0,101.0
2019-12-18 14:19,8586.5,8587.25,8586.25,8586.75,75.0
2019-12-18 14:20,8587.0,8587.75,8586.75,8587.5,66.0
2019-12-18 14:21,8587.5,8590.0,8587.25,8590.0,172.0
2019-12-18 14:22,8589.75,8589.75,8587.75,8588.0,72.0
2019-12-18 14:23,8588.0,8588.5,8587.75,8588.25,95.0
2019-12-18 14:24,8588.0,8588.0,8587.0,8587.5,79.0
2019-12-18 14:25,8587.5,8587.75,8587.0,8587.0,16.0
2019-12-18 14:26,8587.25,8588.0,8587.0,8587.5,83.0
2019-12-18 14:27,8587.5,8587.75,8587.5,8587.5,12.0
2019-12-18 14:28,8587.75,8588.75,8586.75,8588.5,109.0
2019-12-18 14:29,8588.75,8589.5,8588.25,8588.75,190.0
2019-12-18 14:30,8588.75,8591.25,8586.0,8591.0,734.0
2019-12-18 14:31,8591.0,8595.25,8589.75,8594.5,516.0
2019-12-18 14:32,8594.75,8595.5,8592.75,8594.25,459.0
2019-12-18 14:33,8594.0,8597.25,8592.75,8593.25,571.0
2019-12-18 14:34,8593.25,8595.0,8591.5,8593.0,321.0
2019-12-18 14:35,8593.25,8595.25,8593.25,8593.5,234.0
2019-12-18 14:36,8593.75,8595.5,8592.75,8594.5,306.0
2019-12-18 14:37,8594.75,8595.5,8592.0,8593.75,353.0
2019-12-18 14:38,8593.75,8594.25,8591.75,8593.0,239.0
2019-12-18 14:39,8593.25,8593.75,8592.25,8592.75,161.0
2019-12-18 14:40,8592.75,8593.25,8589.0,8593.0,430.0
2019-12-18 14:41,8593.0,8594.25,8592.25,8593.5,198.0
2019-12-18 14:42,8593.75,8594.75,8591.75,8594.5,243.0
2019-12-18 14:43,8594.5,8596.5,8594.0,8596.25,253.0
2019-12-18 14:44,8596.5,8598.0,8594.75,8597.0,475.0
2019-12-18 14:45,8597.0,8598.0,8594.25,8594.75,181.0
2019-12-18 14:46,8594.5,8595.75,8593.25,8594.25,207.0
2019-12-18 14:47,8594.5,8594.5,8590.5,8591.25,245.0
2019-12-18 14:48,8591.0,8591.25,8585.25,8587.0,514.0
2019-12-18 14:49,8587.0,8589.25,8586.5,8588.5,204.0
2019-12-18 14:50,8588.25,8588.5,8586.25,8587.75,286.0
2019-12-18 14:51,8588.0,8588.5,8586.5,8588.0,226.0
2019-12-18 14:52,8588.0,8588.25,8586.25,8586.25,89.0
2019-12-18 14:53,8586.5,8587.25,8585.0,8587.25,240.0
2019-12-18 14:54,8587.25,8589.75,8586.75,8589.75,189.0
2019-12-18 14:55,8589.25,8589.25,8586.25,8587.25,156.0
2019-12-18 14:56,8586.75,8588.5,8586.0,8586.5,128.0
2019-12-18 14:57,8586.5,8587.5,8585.0,8586.25,169.0
2019-12-18 14:58,8586.5,8587.75,8583.25,8583.5,315.0
2019-12-18 14:59,8583.25,8584.5,8583.0,8584.25,226.0
2019-12-18 15:00,8584.0,8584.5,8580.5,8581.25,345.0
2019-12-18 15:01,8581.5,8582.25,8579.25,8582.25,302.0
2019-12-18 15:02,8582.5,8584.5,8582.0,8584.0,170.0
2019-12-18 15:03,8583.75,8586.25,8581.25,8584.5,318.0
2019-12-18 15:04,8584.5,8586.75,8584.5,8586.25,167.0
2019-12-18 15:05,8586.0,8586.25,8584.0,8584.75,112.0
2019-12-18 15:06,8585.25,8585.5,8584.0,8584.25,60.0
2019-12-18 15:07,8584.25,8585.25,8583.75,8584.25,71.0
2019-12-18 15:08,8584.25,8585.0,8583.75,8584.75,59.0
2019-12-18 15:09,8585.0,8585.0,8582.0,8584.0,131.0
2019-12-18 15:10,8583.75,8584.0,8581.0,8581.25,167.0
2019-12-18 15:11,8581.75,8582.0,8578.5,8582.0,271.0
2019-12-18 15:12,8582.0,8585.25,8582.0,8585.0,203.0
2019-12-18 15:13,8584.5,8586.25,8584.5,8585.75,122.0
2019-12-18 15:14,8585.75,8588.5,8585.25,8588.25,217.0
2019-12-18 15:15,8588.25,8588.5,8586.5,8588.25,103.0
2019-12-18 15:16,8588.25,8589.5,8588.0,8589.25,162.0
2019-12-18 15:17,8589.0,8591.5,8589.0,8590.0,324.0
2019-12-18 15:18,8590.0,8592.25,8589.75,8591.5,192.0
2019-12-18 15:19,8591.5,8592.25,8590.75,8591.5,94.0
2019-12-18 15:20,8591.0,8591.25,8590.0,8590.25,99.0
2019-12-18 15:21,8590.0,8590.75,8589.5,8590.5,101.0
2019-12-18 15:22,8590.5,8590.5,8588.75,8589.0,93.0
2019-12-18 15:23,8589.0,8589.25,8588.25,8589.25,57.0
2019-12-18 15:24,8589.25,8589.75,8588.0,8589.25,92.0
2019-12-18 15:25,8589.25,8590.0,8588.25,8590.0,93.0
2019-12-18 15:26,8590.0,8591.5,8589.5,8589.5,121.0
2019-12-18 15:27,8589.5,8589.75,8588.0,8588.75,94.0
2019-12-18 15:28,8588.5,8590.25,8588.0,8589.5,70.0
2019-12-18 15:29,8589.5,8589.5,8587.75,8588.0,133.0
2019-12-18 15:30,8588.25,8591.0,8587.25,8591.0,115.0
2019-12-18 15:31,8591.0,8592.0,8590.5,8591.25,82.0
2019-12-18 15:32,8591.75,8591.75,8589.75,8590.0,104.0
2019-12-18 15:33,8590.0,8590.25,8586.75,8588.75,199.0
2019-12-18 15:34,8588.75,8590.75,8588.75,8589.5,104.0
2019-12-18 15:35,8589.75,8591.0,8589.5,8589.5,157.0
2019-12-18 15:36,8589.5,8590.75,8588.0,8590.75,102.0
2019-12-18 15:37,8590.5,8592.0,8590.0,8591.0,159.0
2019-12-18 15:38,8591.0,8592.25,8590.25,8591.75,79.0
2019-12-18 15:39,8591.75,8595.5,8591.75,8594.0,370.0
2019-12-18 15:40,8594.0,8595.25,8593.75,8594.5,139.0
2019-12-18 15:41,8594.75,8596.25,8594.75,8595.75,123.0
2019-12-18 15:42,8595.75,8595.75,8592.75,8593.25,85.0
2019-12-18 15:43,8593.5,8594.25,8592.0,8594.25,176.0
2019-12-18 15:44,8594.0,8594.0,8592.5,8592.75,84.0
2019-12-18 15:45,8592.75,8593.0,8591.0,8591.75,163.0
2019-12-18 15:46,8591.5,8593.0,8590.75,8591.0,155.0
2019-12-18 15:47,8591.25,8593.0,8591.0,8592.25,131.0
2019-12-18 15:48,8592.25,8594.0,8592.25,8592.75,178.0
2019-12-18 15:49,8593.0,8593.75,8592.25,8593.5,55.0
2019-12-18 15:50,8593.25,8595.5,8593.25,8595.5,116.0
2019-12-18 15:51,8595.5,8597.5,8595.0,8596.25,195.0
2019-12-18 15:52,8596.25,8596.75,8595.25,8595.25,138.0
2019-12-18 15:53,8595.25,8595.5,8594.25,8595.0,125.0
2019-12-18 15:54,8595.0,8596.25,8594.25,8596.0,126.0
2019-12-18 15:55,8596.0,8597.25,8595.25,8596.5,175.0
2019-12-18 15:56,8596.5,8597.25,8595.25,8595.5,143.0
2019-12-18 15:57,8595.5,8599.0,8595.25,8597.75,284.0
2019-12-18 15:58,8597.5,8598.25,8596.25,8598.25,153.0
2019-12-18 15:59,8598.5,8598.5,8596.0,8596.5,148.0
2019-12-18 16:00,8596.25,8596.5,8593.75,8595.0,199.0
2019-12-18 16:01,8595.0,8596.25,8594.75,8596.25,78.0
2019-12-18 16:02,8596.0,8596.5,8594.75,8595.75,74.0
2019-12-18 16:03,8596.0,8596.25,8594.75,8595.5,45.0
2019-12-18 16:04,8595.25,8596.25,8595.25,8596.25,47.0
2019-12-18 16:05,8596.25,8596.25,8594.5,8595.25,78.0
2019-12-18 16:06,8595.0,8595.25,8593.5,8594.0,65.0
2019-12-18 16:07,8593.75,8594.25,8593.0,8593.25,103.0
2019-12-18 16:08,8593.0,8593.5,8592.25,8592.75,126.0
2019-12-18 16:09,8593.0,8593.0,8591.0,8592.25,197.0
2019-12-18 16:10,8592.25,8592.5,8591.0,8591.5,106.0
2019-12-18 16:11,8591.25,8591.5,8590.5,8591.5,97.0
2019-12-18 16:12,8591.25,8594.75,8590.75,8594.25,147.0
2019-12-18 16:13,8594.75,8595.5,8594.25,8594.75,149.0
2019-12-18 16:14,8594.25,8596.25,8594.25,8595.75,129.0
2019-12-18 16:15,8595.5,8597.75,8595.5,8597.5,100.0
2019-12-18 16:16,8597.75,8605.0,8597.5,8604.75,554.0
2019-12-18 16:17,8604.75,8609.25,8604.75,8606.5,469.0
2019-12-18 16:18,8606.25,8606.5,8603.75,8606.0,148.0
2019-12-18 16:19,8605.25,8605.75,8604.25,8605.5,89.0
2019-12-18 16:20,8605.75,8606.0,8604.25,8604.5,80.0
2019-12-18 16:21,8604.5,8606.25,8604.25,8605.75,84.0
2019-12-18 16:22,8605.5,8606.0,8605.0,8605.25,58.0
2019-12-18 16:23,8604.75,8605.25,8603.5,8603.5,97.0
2019-12-18 16:24,8603.75,8604.75,8603.5,8604.25,88.0
2019-12-18 16:25,8604.5,8606.25,8604.5,8605.0,62.0
2019-12-18 16:26,8605.25,8605.5,8604.75,8605.0,40.0
2019-12-18 16:27,8605.25,8605.25,8604.75,8605.0,43.0
2019-12-18 16:28,8605.25,8606.25,8605.25,8606.0,41.0
2019-12-18 16:29,8606.25,8606.75,8605.25,8605.75,75.0
2019-12-18 16:30,8605.75,8607.5,8605.5,8607.25,133.0
2019-12-18 16:31,8607.0,8607.5,8606.0,8606.75,75.0
2019-12-18 16:32,8606.75,8606.75,8604.5,8605.25,93.0
2019-12-18 16:33,8605.0,8605.25,8603.0,8604.25,112.0
2019-12-18 16:34,8604.25,8604.75,8602.75,8603.5,134.0
2019-12-18 16:35,8603.25,8604.25,8603.0,8604.0,109.0
2019-12-18 16:36,8603.75,8605.5,8603.5,8605.0,83.0
2019-12-18 16:37,8604.75,8604.75,8603.75,8604.75,68.0
2019-12-18 16:38,8604.25,8605.25,8604.0,8605.25,76.0
2019-12-18 16:39,8605.5,8605.5,8604.25,8604.75,56.0
2019-12-18 16:40,8604.75,8606.5,8604.5,8605.5,88.0
2019-12-18 16:41,8605.5,8606.75,8605.25,8606.5,95.0
2019-12-18 16:42,8606.75,8612.0,8606.0,8611.25,290.0
2019-12-18 16:43,8611.0,8611.25,8607.25,8607.5,64.0
2019-12-18 16:44,8607.5,8608.5,8606.25,8607.0,118.0
2019-12-18 16:45,8607.25,8609.25,8607.25,8607.5,192.0
2019-12-18 16:46,8607.25,8608.75,8607.25,8608.25,99.0
2019-12-18 16:47,8608.0,8608.5,8606.5,8607.25,103.0
2019-12-18 16:48,8607.25,8607.25,8606.5,8606.75,75.0
2019-12-18 16:49,8606.75,8607.0,8606.25,8606.25,84.0
2019-12-18 16:50,8606.25,8606.25,8604.75,8605.0,98.0
2019-12-18 16:51,8604.75,8604.75,8603.25,8603.75,143.0
2019-12-18 16:52,8603.5,8604.75,8603.25,8604.25,162.0
2019-12-18 16:53,8604.75,8605.0,8604.25,8605.0,66.0
2019-12-18 16:54,8605.25,8605.5,8603.0,8604.0,137.0
2019-12-18 16:55,8604.25,8604.5,8603.0,8604.0,225.0
2019-12-18 16:56,8603.75,8604.5,8603.75,8604.0,77.0
2019-12-18 16:57,8604.25,8604.5,8603.5,8604.0,94.0
2019-12-18 16:58,8603.75,8605.0,8603.5,8604.5,132.0
2019-12-18 16:59,8604.25,8604.25,8602.0,8602.25,120.0
2019-12-18 17:00,8602.75,8604.0,8602.75,8603.25,60.0
2019-12-18 17:01,8603.0,8603.75,8603.0,8603.25,42.0
2019-12-18 17:02,8603.25,8603.75,8602.25,8602.5,117.0
2019-12-18 17:03,8602.25,8602.5,8601.5,8602.5,94.0
2019-12-18 17:04,8602.5,8604.25,8602.5,8603.5,66.0
2019-12-18 17:05,8603.5,8603.75,8602.5,8603.75,33.0
2019-12-18 17:06,8603.75,8604.25,8603.0,8603.25,35.0
2019-12-18 17:07,8603.5,8604.5,8603.25,8603.25,35.0
2019-12-18 17:08,8603.25,8603.5,8602.75,8603.5,32.0
2019-12-18 17:09,8603.5,8604.0,8602.75,8602.75,42.0
2019-12-18 17:10,8602.75,8602.75,8600.5,8600.5,82.0
2019-12-18 17:11,8600.5,8602.25,8600.25,8601.75,80.0
2019-12-18 17:12,8602.25,8606.25,8602.0,8606.0,311.0
2019-12-18 17:13,8606.25,8607.0,8605.75,8606.25,70.0
2019-12-18 17:14,8606.25,8606.25,8605.25,8605.25,24.0
2019-12-18 17:15,8605.25,8606.5,8605.0,8606.5,43.0
2019-12-18 17:16,8606.5,8606.75,8606.25,8606.75,22.0
2019-12-18 17:17,8606.25,8607.25,8606.25,8607.0,67.0
2019-12-18 17:18,8607.0,8607.25,8606.25,8606.5,43.0
2019-12-18 17:19,8606.25,8607.0,8604.25,8604.5,107.0
2019-12-18 17:20,8605.0,8605.5,8603.25,8604.25,169.0
2019-12-18 17:21,8604.0,8604.5,8603.75,8603.75,40.0
2019-12-18 17:22,8603.75,8604.75,8603.75,8604.25,64.0
2019-12-18 17:23,8604.25,8604.25,8603.5,8604.0,57.0
2019-12-18 17:24,8603.5,8604.0,8603.5,8603.5,51.0
2019-12-18 17:25,8603.25,8604.5,8603.25,8604.25,51.0
2019-12-18 17:26,8604.25,8604.5,8603.75,8604.25,29.0
2019-12-18 17:27,8604.0,8604.25,8603.75,8604.25,24.0
2019-12-18 17:28,8604.0,8604.5,8604.0,8604.0,25.0
2019-12-18 17:29,8603.75,8604.5,8603.25,8604.25,65.0
2019-12-18 17:30,8604.25,8604.25,8603.25,8603.75,63.0
2019-12-18 17:31,8603.75,8604.0,8602.75,8603.5,62.0
2019-12-18 17:32,8603.5,8604.0,8603.25,8604.0,39.0
2019-12-18 17:33,8604.0,8604.0,8602.0,8602.5,65.0
2019-12-18 17:34,8602.5,8603.25,8602.25,8602.25,35.0
2019-12-18 17:35,8602.25,8602.25,8601.25,8601.75,61.0
2019-12-18 17:36,8601.75,8602.25,8601.5,8602.0,35.0
2019-12-18 17:37,8602.0,8602.0,8601.25,8602.0,139.0
2019-12-18 17:38,8602.25,8602.25,8601.25,8602.0,43.0
2019-12-18 17:39,8602.25,8602.75,8601.75,8602.25,177.0
2019-12-18 17:40,8602.0,8602.5,8601.5,8602.0,63.0
2019-12-18 17:41,8602.0,8602.75,8602.0,8602.25,25.0
2019-12-18 17:42,8602.5,8602.75,8602.5,8602.5,14.0
2019-12-18 17:43,8602.5,8602.75,8602.5,8602.75,4.0
2019-12-18 17:44,8602.75,8602.75,8601.5,8601.5,247.0
2019-12-18 17:45,8601.75,8602.5,8601.75,8602.5,52.0
2019-12-18 17:46,8602.5,8603.0,8602.25,8603.0,20.0
2019-12-18 17:47,8603.0,8603.5,8602.75,8603.0,107.0
2019-12-18 17:48,8603.25,8603.25,8601.5,8601.75,49.0
2019-12-18 17:49,8601.75,8603.0,8601.75,8603.0,22.0
2019-12-18 17:50,8603.0,8603.5,8603.0,8603.25,14.0
2019-12-18 17:51,8603.0,8603.0,8602.75,8602.75,12.0
2019-12-18 17:52,8602.75,8602.75,8601.75,8601.75,49.0
2019-12-18 17:53,8602.0,8602.5,8601.75,8602.5,26.0
2019-12-18 17:54,8602.5,8602.5,8601.5,8602.0,37.0
2019-12-18 17:55,8602.0,8602.25,8601.75,8602.0,17.0
2019-12-18 17:56,8601.75,8602.0,8601.25,8601.75,26.0
2019-12-18 17:57,8601.75,8601.75,8600.75,8601.0,86.0
2019-12-18 17:58,8601.0,8602.0,8601.0,8601.5,46.0
2019-12-18 17:59,8601.75,8601.75,8601.0,8601.5,31.0
2019-12-18 18:00,8601.5,8601.75,8601.0,8601.75,30.0
2019-12-18 18:01,8601.75,8602.5,8601.0,8602.25,52.0
2019-12-18 18:02,8602.25,8603.25,8602.25,8603.0,35.0
2019-12-18 18:03,8603.0,8603.5,8603.0,8603.5,17.0
2019-12-18 18:04,8603.5,8604.0,8603.0,8603.75,43.0
2019-12-18 18:05,8603.75,8604.75,8603.75,8604.25,53.0
2019-12-18 18:06,8603.75,8603.75,8602.25,8602.5,18.0
2019-12-18 18:07,8602.5,8602.5,8601.75,8602.25,55.0
2019-12-18 18:08,8602.0,8602.75,8602.0,8602.75,27.0
2019-12-18 18:09,8602.75,8602.75,8602.5,8602.5,6.0
2019-12-18 18:10,8602.75,8602.75,8602.25,8602.75,6.0
2019-12-18 18:11,8603.0,8604.0,8602.25,8604.0,47.0
2019-12-18 18:12,8604.0,8604.25,8603.0,8603.25,25.0
2019-12-18 18:13,8603.25,8603.25,8603.25,8603.25,2.0
2019-12-18 18:14,8603.25,8604.25,8603.25,8604.25,14.0
2019-12-18 18:15,8604.25,8604.25,8603.5,8603.75,11.0
2019-12-18 18:16,8603.25,8603.25,8602.75,8602.75,10.0
2019-12-18 18:17,8603.0,8603.25,8603.0,8603.0,4.0
2019-12-18 18:18,8603.25,8603.5,8602.75,8603.25,27.0
2019-12-18 18:19,8603.5,8603.5,8602.25,8602.5,22.0
2019-12-18 18:20,8602.5,8602.75,8602.5,8602.75,19.0
2019-12-18 18:21,8602.75,8602.75,8602.25,8602.25,4.0
2019-12-18 18:22,8602.0,8602.25,8599.25,8600.0,160.0
2019-12-18 18:23,8600.0,8600.25,8599.5,8600.0,61.0
2019-12-18 18:24,8599.5,8600.75,8599.0,8600.75,59.0
2019-12-18 18:25,8600.5,8601.5,8600.25,8601.25,76.0
2019-12-18 18:26,8601.25,8601.25,8600.75,8600.75,20.0
2019-12-18 18:27,8600.75,8601.0,8600.25,8600.25,23.0
2019-12-18 18:28,8600.5,8600.75,8599.5,8600.0,24.0
2019-12-18 18:29,8600.0,8600.0,8599.0,8599.25,23.0
2019-12-18 18:30,8599.25,8599.75,8599.0,8599.5,23.0
2019-12-18 18:31,8599.75,8600.0,8598.5,8599.25,28.0
2019-12-18 18:32,8599.0,8599.75,8599.0,8599.25,18.0
2019-12-18 18:33,8599.75,8600.25,8599.5,8600.25,22.0
2019-12-18 18:34,8600.0,8600.0,8598.75,8599.25,21.0
2019-12-18 18:35,8599.25,8599.75,8599.25,8599.75,16.0
2019-12-18 18:36,8600.0,8600.0,8599.5,8599.75,18.0
2019-12-18 18:37,8599.5,8599.75,8599.5,8599.75,17.0
2019-12-18 18:38,8599.75,8599.75,8597.75,8597.75,27.0
2019-12-18 18:39,8597.75,8598.75,8597.75,8598.25,42.0
2019-12-18 18:40,8598.25,8598.25,8597.0,8597.75,48.0
2019-12-18 18:41,8597.75,8598.75,8597.75,8598.25,37.0
2019-12-18 18:42,8598.0,8599.0,8598.0,8599.0,11.0
2019-12-18 18:43,8599.0,8599.75,8599.0,8599.75,31.0
2019-12-18 18:44,8600.0,8600.25,8599.5,8599.75,96.0
2019-12-18 18:45,8599.75,8600.0,8599.25,8599.5,19.0
2019-12-18 18:46,8599.25,8599.25,8598.25,8599.0,42.0
2019-12-18 18:47,8599.0,8599.25,8599.0,8599.25,15.0
2019-12-18 18:48,8599.25,8600.0,8599.25,8600.0,34.0
2019-12-18 18:49,8600.25,8601.0,8599.75,8600.0,78.0
2019-12-18 18:50,8599.75,8600.25,8599.75,8599.75,20.0
2019-12-18 18:51,8599.75,8600.5,8599.75,8600.5,15.0
2019-12-18 18:52,8600.5,8601.25,8600.5,8601.25,31.0
2019-12-18 18:53,8601.0,8601.5,8600.75,8601.0,33.0
2019-12-18 18:54,8601.0,8601.0,8600.5,8601.0,12.0
2019-12-18 18:55,8601.25,8601.5,8600.75,8601.0,24.0
2019-12-18 18:56,8601.5,8601.75,8601.0,8601.0,32.0
2019-12-18 18:57,8601.0,8601.25,8600.5,8601.25,11.0
2019-12-18 18:58,8601.25,8602.5,8601.25,8601.75,32.0
2019-12-18 18:59,8602.0,8602.75,8602.0,8602.5,22.0
2019-12-18 19:00,8602.75,8603.25,8601.25,8601.5,81.0
2019-12-18 19:01,8601.75,8602.0,8600.75,8601.0,39.0
2019-12-18 19:02,8600.75,8600.75,8599.5,8600.0,75.0
2019-12-18 19:03,8599.75,8599.75,8599.0,8599.25,36.0
2019-12-18 19:04,8599.0,8600.25,8599.0,8600.0,37.0
2019-12-18 19:05,8599.75,8600.25,8599.75,8599.75,20.0
2019-12-18 19:06,8600.0,8602.25,8600.0,8601.25,90.0
2019-12-18 19:07,8601.5,8604.0,8601.5,8604.0,119.0
2019-12-18 19:08,8604.0,8604.25,8603.5,8603.5,36.0
2019-12-18 19:09,8603.75,8604.25,8603.5,8604.0,28.0
2019-12-18 19:10,8604.25,8604.75,8604.0,8604.25,50.0
2019-12-18 19:11,8604.0,8604.5,8604.0,8604.5,20.0
2019-12-18 19:12,8604.25,8604.5,8603.75,8604.0,27.0
2019-12-18 19:13,8603.25,8604.0,8603.25,8604.0,9.0
2019-12-18 19:14,8604.0,8604.25,8603.5,8603.75,46.0
2019-12-18 19:15,8603.25,8603.5,8602.5,8603.5,82.0
2019-12-18 19:16,8603.5,8604.0,8603.25,8603.25,13.0
2019-12-18 19:17,8603.0,8603.5,8603.0,8603.5,21.0
2019-12-18 19:18,8603.5,8604.75,8603.5,8604.25,23.0
2019-12-18 19:19,8604.0,8604.25,8603.0,8603.25,41.0
2019-12-18 19:20,8603.25,8603.75,8602.5,8602.75,30.0
2019-12-18 19:21,8602.75,8603.0,8602.5,8602.75,10.0
2019-12-18 19:22,8602.75,8603.75,8602.75,8603.75,42.0
2019-12-18 19:23,8603.25,8603.25,8602.25,8602.25,13.0
2019-12-18 19:24,8602.75,8602.75,8602.5,8602.5,6.0
2019-12-18 19:25,8602.5,8602.75,8602.25,8602.25,19.0
2019-12-18 19:26,8602.5,8603.0,8602.25,8602.25,33.0
2019-12-18 19:27,8602.0,8602.5,8602.0,8602.5,15.0
2019-12-18 19:28,8602.5,8603.0,8602.25,8603.0,7.0
2019-12-18 19:29,8602.5,8602.75,8602.0,8602.25,18.0
2019-12-18 19:30,8602.5,8603.25,8602.5,8603.0,36.0
2019-12-18 19:31,8603.25,8603.5,8603.0,8603.25,25.0
2019-12-18 19:32,8603.25,8603.75,8603.0,8603.5,48.0
2019-12-18 19:33,8603.5,8604.75,8603.5,8604.75,38.0
2019-12-18 19:34,8604.75,8606.0,8604.25,8605.5,95.0
2019-12-18 19:35,8605.5,8606.25,8605.25,8605.25,97.0
2019-12-18 19:36,8605.5,8606.5,8605.5,8606.0,49.0
2019-12-18 19:37,8606.0,8607.0,8606.0,8606.25,107.0
2019-12-18 19:38,8606.0,8606.75,8605.75,8606.0,42.0
2019-12-18 19:39,8606.25,8606.75,8606.0,8606.0,33.0
2019-12-18 19:40,8606.0,8606.5,8605.5,8606.0,49.0
2019-12-18 19:41,8606.25,8606.5,8605.25,8605.25,28.0
2019-12-18 19:42,8605.0,8606.5,8605.0,8606.25,17.0
2019-12-18 19:43,8606.5,8606.5,8605.5,8605.5,16.0
2019-12-18 19:44,8605.5,8605.5,8604.75,8604.75,19.0
2019-12-18 19:45,8605.0,8605.25,8604.75,8605.25,10.0
2019-12-18 19:46,8605.0,8605.75,8604.75,8605.75,16.0
2019-12-18 19:47,8605.5,8606.0,8605.25,8605.75,23.0
2019-12-18 19:48,8605.5,8605.5,8605.25,8605.25,6.0
2019-12-18 19:49,8605.25,8605.75,8605.0,8605.5,14.0
2019-12-18 19:50,8605.75,8606.25,8605.25,8606.25,29.0
2019-12-18 19:51,8605.75,8606.0,8605.5,8606.0,12.0
2019-12-18 19:52,8606.0,8606.0,8605.25,8605.25,16.0
2019-12-18 19:53,8605.75,8606.0,8605.25,8605.25,14.0
2019-12-18 19:54,8605.25,8606.0,8605.25,8605.5,46.0
2019-12-18 19:55,8605.0,8605.0,8604.5,8604.75,27.0
2019-12-18 19:56,8604.75,8605.5,8604.75,8605.25,24.0
2019-12-18 19:57,8605.5,8606.0,8605.25,8605.5,25.0
2019-12-18 19:58,8605.75,8605.75,8604.75,8604.75,25.0
2019-12-18 19:59,8604.75,8606.0,8604.75,8606.0,68.0
2019-12-18 20:00,8606.0,8606.0,8604.75,8605.0,77.0
2019-12-18 20:01,8604.75,8604.75,8602.25,8602.5,33.0
2019-12-18 20:02,8602.0,8603.25,8601.5,8602.5,52.0
2019-12-18 20:03,8602.5,8603.25,8601.25,8601.75,72.0
2019-12-18 20:04,8601.75,8603.0,8601.5,8602.5,51.0
2019-12-18 20:05,8602.25,8602.25,8601.25,8601.25,27.0
2019-12-18 20:06,8601.0,8602.0,8601.0,8601.75,39.0
2019-12-18 20:07,8601.75,8603.0,8601.25,8601.75,59.0
2019-12-18 20:08,8602.0,8603.75,8602.0,8603.75,29.0
2019-12-18 20:09,8603.5,8603.75,8603.0,8603.5,19.0
2019-12-18 20:10,8603.5,8604.25,8603.5,8604.25,19.0
2019-12-18 20:11,8604.5,8604.5,8603.0,8603.0,46.0
2019-12-18 20:12,8603.0,8603.0,8602.25,8602.5,65.0
2019-12-18 20:13,8602.25,8602.25,8601.25,8601.5,48.0
2019-12-18 20:14,8601.5,8601.5,8599.0,8600.0,216.0
2019-12-18 20:15,8600.0,8600.25,8598.75,8599.75,140.0
2019-12-18 20:16,8600.0,8600.75,8600.0,8600.75,84.0
2019-12-18 20:17,8600.5,8601.0,8600.0,8600.0,54.0
2019-12-18 20:18,8600.25,8602.0,8600.25,8601.5,62.0
2019-12-18 20:19,8602.0,8602.5,8601.75,8602.0,35.0
2019-12-18 20:20,8602.0,8602.0,8601.25,8601.5,32.0
2019-12-18 20:21,8601.5,8602.0,8601.0,8601.0,41.0
2019-12-18 20:22,8601.25,8601.5,8600.25,8601.0,65.0
2019-12-18 20:23,8601.0,8601.5,8601.0,8601.0,23.0
2019-12-18 20:24,8601.5,8602.5,8601.25,8602.0,115.0
2019-12-18 20:25,8601.75,8602.0,8600.5,8600.75,26.0
2019-12-18 20:26,8600.75,8601.25,8600.75,8600.75,26.0
2019-12-18 20:27,8600.5,8600.5,8600.0,8600.0,19.0
2019-12-18 20:28,8600.5,8600.5,8599.25,8599.5,40.0
2019-12-18 20:29,8599.5,8599.75,8599.0,8599.75,87.0
2019-12-18 20:30,8599.5,8600.25,8597.25,8597.25,106.0
2019-12-18 20:31,8597.5,8597.5,8591.75,8593.0,375.0
2019-12-18 20:32,8593.0,8594.75,8593.0,8594.0,128.0
2019-12-18 20:33,8594.0,8595.0,8593.75,8594.25,115.0
2019-12-18 20:34,8594.25,8594.5,8592.5,8593.0,75.0
2019-12-18 20:35,8592.75,8593.5,8592.5,8593.25,57.0
2019-12-18 20:36,8593.25,8593.75,8592.25,8593.5,40.0
2019-12-18 20:37,8593.5,8594.5,8593.0,8593.0,85.0
2019-12-18 20:38,8593.5,8595.75,8593.5,8595.5,119.0
2019-12-18 20:39,8595.5,8596.5,8595.5,8596.0,61.0
2019-12-18 20:40,8595.75,8597.75,8595.5,8597.75,60.0
2019-12-18 20:41,8598.0,8598.75,8597.0,8598.25,77.0
2019-12-18 20:42,8598.5,8598.5,8597.0,8598.0,89.0
2019-12-18 20:43,8598.0,8598.25,8596.75,8596.75,53.0
2019-12-18 20:44,8596.75,8598.5,8596.5,8598.25,50.0
2019-12-18 20:45,8598.25,8598.25,8597.5,8597.5,47.0
2019-12-18 20:46,8597.25,8597.25,8595.0,8595.0,71.0
2019-12-18 20:47,8595.0,8595.0,8593.75,8594.5,68.0
2019-12-18 20:48,8594.25,8594.25,8593.0,8593.75,84.0
2019-12-18 20:49,8593.75,8597.25,8593.5,8597.25,155.0
2019-12-18 20:50,8597.25,8597.25,8594.5,8595.0,241.0
2019-12-18 20:51,8594.75,8595.75,8594.5,8595.0,78.0
2019-12-18 20:52,8595.25,8595.75,8594.5,8595.5,116.0
2019-12-18 20:53,8595.25,8595.25,8593.25,8594.75,132.0
2019-12-18 20:54,8595.0,8596.25,8587.5,8587.75,471.0
2019-12-18 20:55,8587.5,8589.5,8587.25,8588.5,290.0
2019-12-18 20:56,8588.75,8589.5,8587.75,8588.0,219.0
2019-12-18 20:57,8588.0,8589.0,8587.5,8588.25,228.0
2019-12-18 20:58,8588.75,8590.0,8587.75,8588.0,286.0
2019-12-18 20:59,8588.0,8589.25,8581.5,8582.0,1155.0
2019-12-18 21:00,8582.0,8582.25,8580.75,8582.25,228.0
2019-12-18 21:01,8582.5,8585.5,8581.0,8584.25,193.0
2019-12-18 21:02,8585.0,8589.25,8584.75,8589.0,127.0
2019-12-18 21:03,8589.0,8590.0,8580.5,8588.75,368.0
2019-12-18 21:04,8588.0,8589.25,8587.75,8589.25,35.0
2019-12-18 21:05,8589.0,8590.25,8588.5,8588.75,47.0
2019-12-18 21:06,8589.25,8591.5,8589.25,8591.25,69.0
2019-12-18 21:07,8591.75,8592.0,8591.25,8591.5,25.0
2019-12-18 21:08,8591.25,8591.25,8590.5,8590.75,24.0
2019-12-18 21:09,8590.0,8590.25,8589.5,8589.75,32.0
2019-12-18 21:10,8590.0,8590.0,8589.0,8590.0,11.0
2019-12-18 21:11,8590.25,8590.5,8590.25,8590.5,3.0
2019-12-18 21:12,8589.75,8591.0,8589.75,8589.75,15.0
2019-12-18 21:13,8589.75,8590.75,8589.25,8590.75,18.0
2019-12-18 21:14,8590.0,8591.75,8588.5,8591.25,124.0
2019-12-18 21:30,8591.25,8593.0,8591.25,8592.0,34.0
2019-12-18 21:31,8592.0,8592.25,8591.75,8592.25,10.0
2019-12-18 21:32,8592.5,8593.75,8592.5,8593.75,62.0
2019-12-18 21:33,8593.25,8593.5,8593.25,8593.5,14.0
2019-12-18 21:34,8593.0,8593.75,8593.0,8593.75,4.0
2019-12-18 21:35,8594.0,8594.0,8593.0,8593.0,10.0
2019-12-18 21:36,8593.5,8593.75,8592.0,8592.0,15.0
2019-12-18 21:37,8591.75,8592.0,8591.75,8592.0,8.0
2019-12-18 21:38,8591.75,8592.75,8591.75,8592.75,14.0
2019-12-18 21:39,8592.5,8593.25,8592.5,8593.25,8.0
2019-12-18 21:40,8593.25,8593.5,8593.25,8593.5,2.0
2019-12-18 21:41,8593.25,8593.25,8593.25,8593.25,2.0
2019-12-18 21:42,8593.5,8593.5,8593.5,8593.5,1.0
2019-12-18 21:43,8593.5,8593.5,8593.5,8593.5,4.0
2019-12-18 21:44,8593.75,8593.75,8593.75,8593.75,1.0
2019-12-18 21:45,8593.75,8594.0,8593.0,8593.75,18.0
2019-12-18 21:46,8594.0,8594.0,8593.0,8593.0,3.0
2019-12-18 21:47,8594.0,8594.75,8593.75,8593.75,21.0
2019-12-18 21:48,8593.25,8593.75,8593.0,8593.75,3.0
2019-12-18 21:49,8593.5,8593.5,8593.5,8593.5,1.0
2019-12-18 21:50,8593.75,8595.25,8593.5,8594.75,36.0
2019-12-18 21:51,8594.0,8594.25,8593.25,8594.25,7.0
2019-12-18 21:52,8594.0,8594.0,8593.75,8593.75,3.0
2019-12-18 21:53,8594.25,8594.25,8594.25,8594.25,2.0
2019-12-18 21:54,8594.25,8594.25,8594.25,8594.25,2.0
2019-12-18 21:55,8594.0,8594.75,8593.75,8594.75,8.0
2019-12-18 21:56,8594.0,8594.0,8594.0,8594.0,2.0
2019-12-18 21:57,8593.5,8594.25,8593.5,8594.25,2.0
2019-12-18 21:58,8594.5,8594.5,8594.5,8594.5,2.0
2019-12-18 21:59,8594.25,8594.75,8594.25,8594.75,5.0
2019-12-18 23:00,8598.0,8598.0,8593.5,8595.0,50.0
2019-12-18 23:01,8595.0,8595.0,8593.5,8593.5,10.0
2019-12-18 23:02,8593.75,8594.25,8593.25,8593.25,13.0
2019-12-18 23:03,8593.75,8593.75,8593.0,8593.75,5.0
2019-12-18 23:04,8593.75,8593.75,8593.75,8593.75,6.0
2019-12-18 23:05,8593.25,8593.25,8593.25,8593.25,1.0
2019-12-18 23:06,8594.0,8594.75,8594.0,8594.75,8.0
2019-12-18 23:07,8594.75,8595.25,8594.75,8595.25,8.0
2019-12-18 23:08,8594.5,8594.5,8593.25,8593.25,14.0
2019-12-18 23:09,8593.0,8593.75,8593.0,8593.75,10.0
2019-12-18 23:10,8594.0,8594.0,8593.5,8594.0,4.0
2019-12-18 23:11,8593.75,8594.0,8593.25,8594.0,14.0
2019-12-18 23:12,8593.75,8594.0,8593.75,8593.75,5.0
2019-12-18 23:13,8594.0,8594.25,8594.0,8594.0,5.0
2019-12-18 23:14,8593.75,8593.75,8593.75,8593.75,2.0
2019-12-18 23:15,8593.5,8593.5,8592.75,8592.75,9.0
2019-12-18 23:16,8592.75,8593.75,8592.75,8593.75,5.0
2019-12-18 23:17,8593.75,8593.75,8593.75,8593.75,1.0
2019-12-18 23:18,8594.25,8594.25,8593.25,8593.25,6.0
2019-12-18 23:19,8593.25,8593.25,8593.25,8593.25,2.0
2019-12-18 23:20,8593.75,8593.75,8593.75,8593.75,1.0
2019-12-18 23:21,8593.75,8594.0,8593.0,8593.0,9.0
2019-12-18 23:22,8593.5,8593.5,8593.5,8593.5,2.0
2019-12-18 23:23,8593.25,8593.25,8593.25,8593.25,2.0
2019-12-18 23:25,8592.5,8592.5,8592.5,8592.5,2.0
2019-12-18 23:26,8593.75,8593.75,8593.75,8593.75,2.0
2019-12-18 23:28,8594.25,8594.25,8593.75,8594.25,7.0
2019-12-18 23:29,8594.25,8594.25,8594.25,8594.25,1.0
2019-12-18 23:31,8593.5,8594.0,8593.5,8594.0,2.0
2019-12-18 23:34,8593.5,8593.5,8593.5,8593.5,3.0
2019-12-18 23:35,8593.25,8593.25,8593.25,8593.25,1.0
2019-12-18 23:36,8593.25,8593.25,8592.75,8592.75,5.0
2019-12-18 23:37,8592.5,8592.5,8592.5,8592.5,1.0
2019-12-18 23:38,8593.25,8593.5,8593.25,8593.5,8.0
2019-12-18 23:39,8594.0,8594.75,8594.0,8594.75,8.0
2019-12-18 23:40,8594.5,8594.5,8593.5,8594.25,4.0
2019-12-18 23:41,8594.25,8594.25,8593.75,8593.75,2.0
2019-12-18 23:43,8594.0,8594.0,8594.0,8594.0,1.0
2019-12-18 23:44,8593.25,8593.25,8593.25,8593.25,1.0
2019-12-18 23:45,8593.25,8593.25,8593.0,8593.0,3.0
2019-12-18 23:46,8592.5,8592.5,8591.5,8591.5,8.0
2019-12-18 23:47,8591.5,8591.75,8591.25,8591.25,12.0
2019-12-18 23:48,8591.5,8591.5,8591.25,8591.25,2.0
2019-12-18 23:49,8591.75,8592.0,8591.75,8591.75,7.0
2019-12-18 23:50,8592.25,8592.25,8591.25,8591.25,7.0
2019-12-18 23:51,8591.0,8591.0,8590.5,8590.5,6.0
2019-12-18 23:52,8590.75,8591.0,8590.75,8591.0,5.0
2019-12-18 23:53,8590.5,8590.5,8590.25,8590.25,4.0
2019-12-18 23:54,8590.0,8591.25,8590.0,8591.25,7.0
2019-12-18 23:55,8591.0,8591.0,8591.0,8591.0,1.0
2019-12-18 23:57,8591.75,8591.75,8591.75,8591.75,1.0
2019-12-18 23:58,8591.75,8591.75,8591.25,8591.25,6.0
2019-12-18 23:59,8591.75,8592.25,8591.75,8592.25,4.0
2019-12-19 00:00,8591.75,8591.75,8589.75,8591.75,101.0
2019-12-19 00:01,8591.75,8594.5,8591.5,8593.5,53.0
2019-12-19 00:02,8593.0,8594.75,8593.0,8594.0,21.0
2019-12-19 00:03,8593.75,8595.0,8592.25,8593.5,143.0
2019-12-19 00:04,8593.25,8593.75,8593.25,8593.75,19.0
2019-12-19 00:05,8593.75,8595.75,8593.75,8595.0,59.0
2019-12-19 00:06,8595.0,8595.0,8593.75,8594.0,8.0
2019-12-19 00:07,8595.25,8596.0,8595.25,8596.0,26.0
2019-12-19 00:08,8595.5,8595.75,8595.25,8595.75,16.0
2019-12-19 00:09,8596.0,8597.75,8596.0,8597.5,31.0
2019-12-19 00:10,8597.5,8599.0,8597.5,8598.0,62.0
2019-12-19 00:11,8598.0,8598.25,8597.0,8597.25,19.0
2019-12-19 00:12,8597.5,8597.5,8596.0,8596.5,29.0
2019-12-19 00:13,8596.5,8596.5,8595.75,8596.0,5.0
2019-12-19 00:14,8595.75,8596.25,8595.75,8596.25,10.0
2019-12-19 00:15,8595.5,8596.0,8595.5,8596.0,4.0
2019-12-19 00:16,8596.0,8596.75,8596.0,8596.75,10.0
2019-12-19 00:17,8596.5,8597.0,8596.25,8596.25,12.0
2019-12-19 00:18,8596.5,8597.25,8596.5,8596.75,11.0
2019-12-19 00:19,8597.0,8597.5,8596.5,8597.5,16.0
2019-12-19 00:20,8597.25,8597.25,8597.0,8597.25,10.0
2019-12-19 00:21,8597.0,8597.25,8596.75,8597.25,6.0
2019-12-19 00:22,8597.25,8597.5,8597.0,8597.25,8.0
2019-12-19 00:23,8597.0,8597.75,8597.0,8597.75,13.0
2019-12-19 00:24,8598.0,8598.0,8597.25,8597.25,9.0
2019-12-19 00:25,8597.75,8597.75,8597.5,8597.5,6.0
2019-12-19 00:26,8597.0,8597.0,8596.75,8597.0,3.0
2019-12-19 00:27,8596.75,8596.75,8596.5,8596.5,4.0
2019-12-19 00:28,8596.5,8596.5,8595.75,8596.0,22.0
2019-12-19 00:29,8596.0,8596.75,8595.75,8596.75,5.0
2019-12-19 00:30,8597.5,8600.25,8597.5,8599.75,68.0
2019-12-19 00:31,8600.25,8600.5,8600.25,8600.5,20.0
2019-12-19 00:32,8600.5,8600.75,8599.0,8599.0,17.0
2019-12-19 00:33,8598.75,8599.0,8598.0,8598.0,20.0
2019-12-19 00:34,8597.75,8598.0,8597.5,8597.75,8.0
2019-12-19 00:35,8597.5,8598.0,8597.5,8597.75,9.0
2019-12-19 00:36,8597.5,8597.75,8597.5,8597.5,5.0
2019-12-19 00:37,8597.5,8597.5,8597.0,8597.0,12.0
2019-12-19 00:38,8597.5,8598.0,8597.5,8597.5,3.0
2019-12-19 00:39,8597.25,8597.5,8597.25,8597.5,3.0
2019-12-19 00:40,8597.5,8598.0,8597.5,8598.0,5.0
2019-12-19 00:41,8598.0,8598.25,8598.0,8598.0,11.0
2019-12-19 00:42,8598.25,8598.25,8597.75,8598.25,9.0
2019-12-19 00:43,8598.25,8598.25,8598.0,8598.25,11.0
2019-12-19 00:44,8597.75,8599.0,8597.75,8598.75,19.0
2019-12-19 00:45,8599.25,8599.5,8597.5,8597.5,16.0
2019-12-19 00:46,8597.5,8598.0,8597.5,8597.75,9.0
2019-12-19 00:47,8597.75,8598.25,8597.5,8598.25,14.0
2019-12-19 00:48,8597.5,8597.5,8597.5,8597.5,1.0
2019-12-19 00:49,8597.5,8597.75,8597.0,8597.75,8.0
2019-12-19 00:50,8597.5,8597.5,8597.25,8597.25,2.0
2019-12-19 00:51,8597.5,8597.75,8597.5,8597.75,3.0
2019-12-19 00:52,8597.5,8598.0,8597.5,8598.0,4.0
2019-12-19 00:53,8598.0,8598.0,8597.5,8598.0,5.0
2019-12-19 00:54,8598.0,8599.0,8598.0,8598.75,17.0
2019-12-19 00:55,8598.25,8598.25,8597.5,8597.5,6.0
2019-12-19 00:56,8597.75,8597.75,8597.75,8597.75,2.0
2019-12-19 00:57,8597.25,8597.25,8597.0,8597.0,5.0
2019-12-19 01:00,8597.5,8597.5,8597.25,8597.25,3.0
2019-12-19 01:01,8597.5,8597.5,8597.5,8597.5,1.0
2019-12-19 01:02,8597.25,8598.0,8597.25,8598.0,6.0
2019-12-19 01:03,8598.25,8598.25,8598.0,8598.25,4.0
2019-12-19 01:04,8598.75,8598.75,8598.5,8598.75,13.0
2019-12-19 01:05,8598.5,8598.75,8598.5,8598.5,35.0
2019-12-19 01:06,8598.75,8598.75,8598.5,8598.5,42.0
2019-12-19 01:07,8598.25,8598.5,8598.25,8598.25,7.0
2019-12-19 01:08,8597.75,8597.75,8597.25,8597.25,12.0
2019-12-19 01:09,8597.25,8597.5,8597.0,8597.25,28.0
2019-12-19 01:10,8597.25,8598.75,8597.25,8597.5,21.0
2019-12-19 01:11,8597.25,8597.25,8597.25,8597.25,6.0
2019-12-19 01:12,8597.5,8598.0,8597.25,8597.75,16.0
2019-12-19 01:13,8597.5,8597.75,8597.5,8597.75,4.0
2019-12-19 01:14,8598.0,8598.0,8597.25,8597.25,13.0
2019-12-19 01:15,8597.25,8598.0,8597.0,8597.5,56.0
2019-12-19 01:16,8598.25,8598.5,8597.75,8597.75,14.0
2019-12-19 01:17,8598.0,8598.0,8596.5,8596.5,23.0
2019-12-19 01:18,8597.0,8597.0,8596.5,8597.0,11.0
2019-12-19 01:19,8597.0,8599.5,8597.0,8598.75,29.0
2019-12-19 01:20,8598.75,8599.0,8597.5,8598.0,26.0
2019-12-19 01:21,8598.0,8599.0,8598.0,8598.75,23.0
2019-12-19 01:22,8598.75,8598.75,8598.25,8598.5,15.0
2019-12-19 01:23,8598.25,8598.25,8597.75,8597.75,4.0
2019-12-19 01:24,8597.25,8597.5,8596.75,8597.0,21.0
2019-12-19 01:25,8597.25,8597.25,8596.5,8596.5,15.0
2019-12-19 01:26,8596.75,8596.75,8595.25,8596.75,41.0
2019-12-19 01:27,8596.5,8597.0,8596.25,8597.0,7.0
2019-12-19 01:28,8596.75,8596.75,8596.25,8596.25,8.0
2019-12-19 01:29,8596.0,8596.25,8596.0,8596.25,7.0
2019-12-19 01:30,8595.5,8596.0,8594.5,8595.25,36.0
2019-12-19 01:31,8595.5,8595.5,8593.75,8593.75,20.0
2019-12-19 01:32,8593.75,8594.0,8592.75,8594.0,30.0
2019-12-19 01:33,8593.75,8594.75,8593.75,8594.5,12.0
2019-12-19 01:34,8594.0,8594.25,8593.0,8593.0,15.0
2019-12-19 01:35,8593.5,8593.5,8592.0,8592.25,25.0
2019-12-19 01:36,8592.25,8592.25,8590.0,8591.0,76.0
2019-12-19 01:37,8591.0,8591.0,8588.0,8588.25,54.0
2019-12-19 01:38,8588.25,8588.5,8587.75,8588.5,38.0
2019-12-19 01:39,8589.0,8589.0,8587.75,8587.75,47.0
2019-12-19 01:40,8588.0,8588.5,8587.0,8588.0,34.0
2019-12-19 01:41,8588.0,8588.75,8587.75,8588.75,18.0
2019-12-19 01:42,8588.5,8591.25,8588.5,8590.75,31.0
2019-12-19 01:43,8590.75,8591.75,8590.25,8591.5,55.0
2019-12-19 01:44,8591.0,8592.25,8591.0,8592.25,38.0
2019-12-19 01:45,8591.75,8591.75,8590.75,8590.75,67.0
2019-12-19 01:46,8590.5,8591.5,8590.0,8591.5,26.0
2019-12-19 01:47,8591.0,8591.0,8590.25,8590.25,22.0
2019-12-19 01:48,8590.25,8590.75,8590.0,8590.25,27.0
2019-12-19 01:49,8590.5,8592.0,8590.5,8591.75,26.0
2019-12-19 01:50,8591.75,8591.75,8590.25,8590.25,19.0
2019-12-19 01:51,8590.25,8591.25,8590.25,8590.5,15.0
2019-12-19 01:52,8590.75,8591.75,8590.75,8591.0,14.0
2019-12-19 01:53,8591.0,8591.5,8591.0,8591.0,12.0
2019-12-19 01:54,8591.0,8591.25,8590.5,8591.25,14.0
2019-12-19 01:55,8591.25,8591.5,8591.0,8591.0,16.0
2019-12-19 01:56,8590.5,8590.5,8590.25,8590.25,12.0
2019-12-19 01:57,8590.0,8590.25,8589.75,8589.75,26.0
2019-12-19 01:58,8589.75,8589.75,8589.0,8589.75,24.0
2019-12-19 01:59,8589.5,8589.5,8588.75,8589.5,20.0
2019-12-19 02:00,8589.25,8590.0,8588.75,8589.75,27.0
2019-12-19 02:01,8589.75,8589.75,8588.0,8588.0,14.0
2019-12-19 02:02,8588.0,8588.75,8587.0,8587.0,32.0
2019-12-19 02:03,8587.5,8587.5,8585.5,8586.0,42.0
2019-12-19 02:04,8586.0,8587.75,8586.0,8587.75,32.0
2019-12-19 02:05,8587.75,8587.75,8586.25,8586.5,55.0
2019-12-19 02:06,8586.5,8587.0,8586.0,8586.75,40.0
2019-12-19 02:07,8586.75,8587.0,8585.75,8586.25,13.0
2019-12-19 02:08,8586.75,8587.5,8586.5,8587.25,25.0
2019-12-19 02:09,8587.5,8588.0,8587.5,8587.75,11.0
2019-12-19 02:10,8587.75,8588.0,8587.25,8587.75,13.0
2019-12-19 02:11,8588.25,8588.25,8587.75,8588.25,10.0
2019-12-19 02:12,8588.0,8588.25,8587.5,8588.0,14.0
2019-12-19 02:13,8588.0,8588.25,8587.75,8587.75,4.0
2019-12-19 02:14,8588.0,8589.25,8588.0,8588.5,21.0
2019-12-19 02:15,8588.0,8588.25,8587.75,8588.0,7.0
2019-12-19 02:16,8588.0,8588.5,8588.0,8588.5,3.0
2019-12-19 02:17,8588.75,8588.75,8588.0,8588.0,7.0
2019-12-19 02:18,8588.0,8588.5,8587.75,8587.75,20.0
2019-12-19 02:19,8587.75,8587.75,8587.5,8587.75,5.0
2019-12-19 02:20,8588.0,8588.75,8588.0,8588.75,7.0
2019-12-19 02:21,8589.0,8589.75,8589.0,8589.75,6.0
2019-12-19 02:22,8589.75,8589.75,8589.25,8589.5,9.0
2019-12-19 02:23,8589.25,8589.75,8589.25,8589.75,7.0
2019-12-19 02:24,8589.75,8589.75,8589.0,8589.25,19.0
2019-12-19 02:25,8589.25,8589.25,8589.0,8589.25,24.0
2019-12-19 02:26,8589.25,8589.5,8589.25,8589.5,6.0
2019-12-19 02:27,8589.75,8589.75,8589.25,8589.25,10.0
2019-12-19 02:28,8589.25,8589.5,8589.0,8589.25,7.0
2019-12-19 02:29,8589.0,8589.0,8588.5,8588.75,9.0
2019-12-19 02:30,8588.5,8588.5,8588.0,8588.0,11.0
2019-12-19 02:31,8588.25,8588.75,8588.25,8588.75,10.0
2019-12-19 02:32,8589.0,8589.0,8588.5,8588.75,4.0
2019-12-19 02:33,8588.25,8588.5,8588.25,8588.5,2.0
2019-12-19 02:34,8588.0,8588.0,8588.0,8588.0,4.0
2019-12-19 02:35,8588.0,8588.0,8587.75,8587.75,2.0
2019-12-19 02:36,8588.0,8589.0,8588.0,8589.0,6.0
2019-12-19 02:37,8588.75,8588.75,8588.75,8588.75,4.0
2019-12-19 02:38,8588.75,8588.75,8588.5,8588.5,5.0
2019-12-19 02:39,8588.25,8589.0,8588.0,8589.0,13.0
2019-12-19 02:40,8588.25,8588.25,8587.0,8587.0,6.0
2019-12-19 02:42,8587.75,8587.75,8587.0,8587.75,6.0
2019-12-19 02:43,8587.5,8587.75,8587.5,8587.75,4.0
2019-12-19 02:44,8587.5,8587.5,8586.75,8586.75,8.0
2019-12-19 02:45,8586.75,8587.0,8586.0,8587.0,8.0
2019-12-19 02:46,8586.25,8586.25,8586.0,8586.0,6.0
2019-12-19 02:47,8586.0,8586.0,8586.0,8586.0,3.0
2019-12-19 02:48,8586.0,8586.75,8585.0,8585.5,29.0
2019-12-19 02:49,8585.75,8585.75,8584.5,8584.75,33.0
2019-12-19 02:50,8584.25,8585.0,8584.25,8584.25,8.0
2019-12-19 02:51,8585.0,8585.25,8584.75,8584.75,11.0
2019-12-19 02:52,8584.5,8585.0,8584.5,8585.0,6.0
2019-12-19 02:53,8585.0,8585.0,8584.75,8584.75,6.0
2019-12-19 02:54,8584.5,8585.0,8584.5,8585.0,7.0
2019-12-19 02:55,8584.75,8584.75,8584.5,8584.75,6.0
2019-12-19 02:56,8584.25,8585.0,8584.0,8584.5,7.0
2019-12-19 02:57,8583.75,8583.75,8583.5,8583.75,6.0
2019-12-19 02:58,8584.5,8584.5,8584.5,8584.5,4.0
2019-12-19 03:00,8585.25,8585.75,8585.25,8585.75,4.0
2019-12-19 03:01,8585.5,8585.75,8585.25,8585.5,8.0
2019-12-19 03:02,8585.25,8585.25,8585.25,8585.25,2.0
2019-12-19 03:03,8585.5,8585.5,8585.5,8585.5,1.0
2019-12-19 03:04,8585.5,8585.5,8585.0,8585.0,6.0
2019-12-19 03:05,8585.25,8585.5,8585.25,8585.5,17.0
2019-12-19 03:06,8586.0,8586.0,8585.25,8586.0,8.0
2019-12-19 03:07,8586.0,8586.75,8586.0,8586.75,10.0
2019-12-19 03:08,8586.5,8586.5,8586.0,8586.5,14.0
2019-12-19 03:09,8586.5,8586.5,8586.25,8586.25,6.0
2019-12-19 03:10,8586.25,8586.75,8586.25,8586.75,7.0
2019-12-19 03:12,8586.25,8586.25,8586.25,8586.25,1.0
2019-12-19 03:13,8585.75,8586.25,8585.25,8585.25,8.0
2019-12-19 03:14,8585.0,8585.25,8585.0,8585.25,8.0
2019-12-19 03:15,8585.25,8585.25,8585.25,8585.25,2.0
2019-12-19 03:16,8585.5,8585.5,8585.5,8585.5,1.0
2019-12-19 03:17,8584.5,8584.5,8584.5,8584.5,2.0
2019-12-19 03:18,8584.5,8584.75,8584.0,8584.0,5.0
2019-12-19 03:20,8585.5,8586.0,8585.0,8585.0,18.0
2019-12-19 03:21,8585.0,8585.0,8585.0,8585.0,4.0
2019-12-19 03:22,8585.0,8585.0,8584.75,8585.0,7.0
2019-12-19 03:23,8585.0,8585.25,8585.0,8585.0,3.0
2019-12-19 03:24,8585.0,8585.5,8584.75,8585.0,6.0
2019-12-19 03:25,8585.25,8585.25,8585.25,8585.25,3.0
2019-12-19 03:26,8585.0,8585.5,8585.0,8585.5,4.0
2019-12-19 03:27,8585.75,8585.75,8585.5,8585.5,6.0
2019-12-19 03:28,8585.5,8586.0,8585.5,8585.75,4.0
2019-12-19 03:29,8585.75,8585.75,8585.5,8585.5,3.0
2019-12-19 03:30,8586.0,8586.0,8586.0,8586.0,1.0
2019-12-19 03:31,8586.0,8586.0,8585.75,8585.75,3.0
2019-12-19 03:32,8586.0,8586.0,8585.5,8585.5,2.0
2019-12-19 03:34,8585.5,8585.75,8585.25,8585.75,7.0
2019-12-19 03:35,8585.75,8586.0,8585.75,8586.0,2.0
2019-12-19 03:36,8585.75,8586.0,8585.75,8586.0,2.0
2019-12-19 03:37,8585.5,8586.0,8585.5,8586.0,2.0
2019-12-19 03:38,8585.75,8586.25,8585.75,8586.25,6.0
2019-12-19 03:39,8585.75,8586.0,8585.75,8586.0,2.0
2019-12-19 03:40,8586.5,8586.5,8586.25,8586.5,6.0
2019-12-19 03:41,8586.25,8586.25,8586.25,8586.25,2.0
2019-12-19 03:42,8586.25,8586.25,8586.25,8586.25,2.0
2019-12-19 03:43,8586.75,8586.75,8586.75,8586.75,2.0
2019-12-19 03:44,8586.5,8586.75,8586.5,8586.75,3.0
2019-12-19 03:45,8586.75,8586.75,8586.75,8586.75,1.0
2019-12-19 03:46,8586.75,8587.0,8586.75,8587.0,7.0
2019-12-19 03:47,8587.0,8587.0,8586.75,8586.75,2.0
2019-12-19 03:48,8586.75,8586.75,8586.75,8586.75,4.0
2019-12-19 03:49,8586.75,8587.5,8586.75,8587.25,10.0
2019-12-19 03:50,8587.0,8587.0,8587.0,8587.0,2.0
2019-12-19 03:51,8586.75,8586.75,8586.75,8586.75,7.0
2019-12-19 03:52,8587.0,8587.0,8587.0,8587.0,4.0
2019-12-19 03:53,8587.0,8587.25,8587.0,8587.0,4.0
2019-12-19 03:54,8586.75,8586.75,8586.75,8586.75,1.0
2019-12-19 03:55,8587.0,8587.0,8587.0,8587.0,4.0
2019-12-19 03:56,8587.0,8587.25,8587.0,8587.25,4.0
2019-12-19 03:57,8587.75,8587.75,8587.5,8587.5,4.0
2019-12-19 03:58,8587.25,8587.25,8587.0,8587.0,6.0
2019-12-19 03:59,8587.25,8587.5,8586.5,8586.5,12.0
2019-12-19 04:00,8586.5,8586.5,8586.5,8586.5,5.0
2019-12-19 04:01,8587.0,8587.25,8586.5,8586.5,6.0
2019-12-19 04:02,8586.75,8587.0,8586.75,8587.0,2.0
2019-12-19 04:03,8587.0,8587.25,8587.0,8587.0,4.0
2019-12-19 04:04,8587.25,8587.25,8587.25,8587.25,1.0
2019-12-19 04:05,8587.25,8587.25,8587.25,8587.25,2.0
2019-12-19 04:06,8587.5,8587.5,8587.5,8587.5,2.0
2019-12-19 04:07,8587.25,8587.75,8587.25,8587.5,8.0
2019-12-19 04:08,8587.5,8587.5,8587.5,8587.5,1.0
2019-12-19 04:09,8587.5,8587.5,8587.5,8587.5,3.0
2019-12-19 04:10,8587.75,8588.5,8587.75,8588.25,18.0
2019-12-19 04:11,8588.25,8588.25,8588.25,8588.25,1.0
2019-12-19 04:12,8588.0,8588.75,8588.0,8588.25,13.0
2019-12-19 04:13,8588.25,8588.75,8588.25,8588.5,15.0
2019-12-19 04:14,8588.5,8588.5,8588.5,8588.5,6.0
2019-12-19 04:15,8588.5,8588.75,8588.5,8588.75,3.0
2019-12-19 04:16,8588.5,8588.5,8588.5,8588.5,3.0
2019-12-19 04:17,8588.75,8588.75,8588.5,8588.5,5.0
2019-12-19 04:18,8588.75,8588.75,8588.5,8588.5,6.0
2019-12-19 04:19,8588.25,8588.5,8588.25,8588.5,3.0
2019-12-19 04:20,8588.25,8588.25,8587.75,8587.75,4.0
2019-12-19 04:22,8587.25,8587.25,8587.25,8587.25,1.0
2019-12-19 04:23,8587.25,8587.25,8587.0,8587.0,2.0
2019-12-19 04:24,8587.25,8587.5,8587.0,8587.25,14.0
2019-12-19 04:25,8586.75,8587.25,8586.5,8587.25,14.0
2019-12-19 04:26,8587.0,8587.0,8586.75,8586.75,4.0
2019-12-19 04:27,8587.0,8587.0,8586.5,8587.0,10.0
2019-12-19 04:28,8587.0,8587.0,8586.75,8586.75,2.0
2019-12-19 04:29,8587.25,8587.25,8587.25,8587.25,5.0
2019-12-19 04:31,8587.5,8587.5,8587.25,8587.25,10.0
2019-12-19 04:32,8587.25,8587.5,8587.25,8587.25,3.0
2019-12-19 04:33,8587.5,8587.5,8587.25,8587.25,4.0
2019-12-19 04:34,8587.5,8587.5,8587.25,8587.25,3.0
2019-12-19 04:35,8587.5,8587.5,8587.5,8587.5,7.0
2019-12-19 04:36,8587.5,8587.5,8586.75,8586.75,9.0
2019-12-19 04:37,8586.5,8586.5,8586.5,8586.5,5.0
2019-12-19 04:38,8586.5,8586.5,8585.75,8585.75,10.0
2019-12-19 04:39,8586.25,8586.5,8586.25,8586.5,2.0
2019-12-19 04:40,8586.5,8586.75,8586.5,8586.75,18.0
2019-12-19 04:41,8587.0,8587.75,8587.0,8587.75,28.0
2019-12-19 04:42,8587.75,8588.25,8587.75,8588.25,6.0
2019-12-19 04:43,8587.5,8587.5,8587.5,8587.5,1.0
2019-12-19 04:44,8587.5,8587.75,8587.5,8587.75,10.0
2019-12-19 04:45,8587.75,8588.0,8587.5,8587.75,10.0
2019-12-19 04:46,8587.75,8588.25,8587.75,8587.75,8.0
2019-12-19 04:47,8587.75,8587.75,8587.25,8587.25,2.0
2019-12-19 04:48,8587.5,8587.5,8587.25,8587.5,7.0
2019-12-19 04:49,8587.5,8587.5,8587.5,8587.5,2.0
2019-12-19 04:50,8587.25,8587.5,8587.25,8587.5,4.0
2019-12-19 04:51,8587.5,8587.75,8587.25,8587.75,5.0
2019-12-19 04:52,8587.25,8587.25,8587.25,8587.25,3.0
2019-12-19 04:53,8587.5,8587.75,8587.5,8587.5,7.0
2019-12-19 04:55,8587.0,8587.5,8586.75,8587.5,10.0
2019-12-19 04:56,8587.25,8587.25,8586.5,8586.5,7.0
2019-12-19 04:57,8586.5,8586.5,8586.0,8586.0,11.0
2019-12-19 04:58,8586.0,8586.25,8586.0,8586.25,3.0
2019-12-19 04:59,8586.5,8586.5,8586.5,8586.5,1.0
2019-12-19 05:00,8586.5,8587.25,8586.5,8586.75,19.0
2019-12-19 05:01,8586.5,8586.5,8586.5,8586.5,3.0
2019-12-19 05:03,8586.5,8586.5,8586.25,8586.5,8.0
2019-12-19 05:04,8586.5,8586.5,8586.5,8586.5,1.0
2019-12-19 05:05,8586.5,8586.75,8586.5,8586.5,4.0
2019-12-19 05:06,8586.5,8586.5,8586.5,8586.5,2.0
2019-12-19 05:07,8586.25,8586.25,8586.25,8586.25,1.0
2019-12-19 05:08,8586.5,8586.5,8586.25,8586.25,3.0
2019-12-19 05:09,8586.25,8586.25,8586.25,8586.25,9.0
2019-12-19 05:10,8586.0,8586.25,8586.0,8586.25,10.0
2019-12-19 05:11,8586.5,8586.5,8586.5,8586.5,1.0
2019-12-19 05:12,8586.25,8586.25,8585.75,8586.0,14.0
2019-12-19 05:14,8586.5,8586.5,8586.25,8586.25,2.0
2019-12-19 05:15,8586.5,8586.5,8586.5,8586.5,2.0
2019-12-19 05:16,8586.5,8586.5,8586.5,8586.5,2.0
2019-12-19 05:17,8586.5,8587.0,8586.5,8587.0,4.0
2019-12-19 05:21,8586.75,8586.75,8586.75,8586.75,1.0
2019-12-19 05:23,8586.75,8586.75,8586.75,8586.75,2.0
2019-12-19 05:25,8586.75,8586.75,8586.75,8586.75,1.0
2019-12-19 05:26,8587.5,8587.5,8587.5,8587.5,1.0
2019-12-19 05:28,8587.0,8587.0,8587.0,8587.0,2.0
2019-12-19 05:29,8587.25,8587.25,8587.25,8587.25,1.0
2019-12-19 05:30,8587.5,8587.5,8587.25,8587.25,7.0
2019-12-19 05:31,8587.0,8587.75,8587.0,8587.75,2.0
2019-12-19 05:32,8587.75,8588.25,8587.75,8588.25,4.0
2019-12-19 05:33,8588.0,8588.0,8587.5,8587.5,13.0
2019-12-19 05:34,8587.5,8588.25,8587.5,8588.25,11.0
2019-12-19 05:35,8588.0,8588.0,8588.0,8588.0,1.0
2019-12-19 05:36,8588.5,8589.25,8588.5,8588.75,17.0
2019-12-19 05:38,8589.5,8589.75,8589.5,8589.75,5.0
2019-12-19 05:39,8589.75,8589.75,8589.25,8589.25,6.0
2019-12-19 05:40,8589.25,8589.75,8589.25,8589.5,10.0
2019-12-19 05:42,8589.25,8589.25,8589.25,8589.25,3.0
2019-12-19 05:43,8588.75,8588.75,8588.75,8588.75,1.0
2019-12-19 05:44,8588.75,8588.75,8588.75,8588.75,2.0
2019-12-19 05:45,8588.5,8589.0,8588.5,8589.0,2.0
2019-12-19 05:46,8589.0,8589.0,8588.75,8588.75,3.0
2019-12-19 05:47,8589.0,8589.0,8588.75,8589.0,4.0
2019-12-19 05:48,8589.0,8589.5,8589.0,8589.5,7.0
2019-12-19 05:49,8589.25,8589.75,8589.0,8589.0,7.0
2019-12-19 05:50,8589.0,8589.25,8589.0,8589.25,3.0
2019-12-19 05:51,8589.25,8589.5,8589.25,8589.5,3.0
2019-12-19 05:52,8589.25,8589.25,8589.0,8589.25,6.0
2019-12-19 05:53,8589.5,8589.5,8589.25,8589.25,3.0
2019-12-19 05:54,8589.25,8589.75,8589.25,8589.75,12.0
2019-12-19 05:55,8589.75,8590.0,8589.5,8589.5,10.0
2019-12-19 05:56,8589.5,8589.5,8589.25,8589.25,7.0
2019-12-19 05:57,8590.0,8590.0,8590.0,8590.0,3.0
2019-12-19 05:58,8589.75,8589.75,8589.75,8589.75,1.0
2019-12-19 05:59,8589.75,8589.75,8589.5,8589.75,7.0
2019-12-19 06:00,8590.0,8591.0,8589.75,8590.0,32.0
2019-12-19 06:01,8590.0,8590.0,8589.75,8589.75,20.0
2019-12-19 06:02,8589.75,8590.5,8589.75,8590.5,9.0
2019-12-19 06:03,8590.5,8590.75,8590.0,8590.25,15.0
2019-12-19 06:04,8590.25,8590.5,8590.25,8590.5,5.0
2019-12-19 06:05,8590.5,8592.25,8590.5,8592.25,29.0
2019-12-19 06:06,8592.25,8592.75,8591.25,8592.5,33.0
2019-12-19 06:07,8592.25,8592.5,8592.25,8592.5,7.0
2019-12-19 06:08,8592.25,8592.25,8592.0,8592.0,5.0
2019-12-19 06:09,8591.75,8592.0,8591.5,8592.0,24.0
2019-12-19 06:10,8592.0,8592.5,8592.0,8592.25,8.0
2019-12-19 06:11,8592.0,8592.0,8591.5,8591.75,9.0
2019-12-19 06:12,8592.0,8592.25,8591.75,8591.75,7.0
2019-12-19 06:13,8591.5,8591.5,8591.0,8591.0,5.0
2019-12-19 06:14,8591.5,8591.5,8590.75,8591.0,20.0
2019-12-19 06:15,8591.0,8591.25,8591.0,8591.25,5.0
2019-12-19 06:16,8591.5,8592.0,8591.5,8591.75,4.0
2019-12-19 06:17,8591.75,8591.75,8591.5,8591.5,3.0
2019-12-19 06:18,8591.5,8591.5,8590.75,8591.0,18.0
2019-12-19 06:19,8591.25,8591.25,8591.0,8591.25,10.0
2019-12-19 06:20,8591.5,8591.5,8591.0,8591.0,5.0
2019-12-19 06:21,8591.0,8591.0,8590.75,8590.75,10.0
2019-12-19 06:22,8590.5,8590.75,8590.5,8590.75,6.0
2019-12-19 06:23,8590.5,8590.75,8590.5,8590.75,4.0
2019-12-19 06:24,8590.75,8591.0,8590.75,8590.75,7.0
2019-12-19 06:25,8591.0,8591.25,8591.0,8591.25,2.0
2019-12-19 06:27,8591.5,8592.25,8591.5,8592.25,7.0
2019-12-19 06:28,8592.25,8592.5,8592.25,8592.25,8.0
2019-12-19 06:29,8592.5,8592.5,8592.25,8592.25,6.0
2019-12-19 06:30,8592.75,8593.75,8592.75,8593.75,20.0
2019-12-19 06:31,8593.5,8593.75,8593.5,8593.5,12.0
2019-12-19 06:32,8593.75,8594.0,8593.0,8593.5,21.0
2019-12-19 06:33,8593.25,8593.5,8593.0,8593.25,17.0
2019-12-19 06:34,8593.25,8593.5,8593.25,8593.5,7.0
2019-12-19 06:35,8593.5,8593.75,8593.25,8593.25,6.0
2019-12-19 06:36,8593.25,8593.25,8593.25,8593.25,5.0
2019-12-19 06:37,8593.0,8593.25,8593.0,8593.0,14.0
2019-12-19 06:38,8593.0,8593.25,8593.0,8593.25,5.0
2019-12-19 06:39,8593.25,8593.25,8592.75,8592.75,16.0
2019-12-19 06:40,8593.25,8593.25,8593.25,8593.25,1.0
2019-12-19 06:41,8593.25,8593.25,8593.25,8593.25,3.0
2019-12-19 06:42,8593.0,8593.0,8592.25,8592.25,8.0
2019-12-19 06:43,8592.25,8592.25,8591.5,8592.0,23.0
2019-12-19 06:44,8592.25,8592.25,8592.25,8592.25,2.0
2019-12-19 06:45,8592.0,8592.5,8592.0,8592.5,5.0
2019-12-19 06:46,8592.5,8593.25,8592.5,8593.25,9.0
2019-12-19 06:47,8592.75,8593.0,8592.75,8593.0,6.0
2019-12-19 06:48,8593.0,8593.0,8592.5,8592.75,6.0
2019-12-19 06:49,8592.75,8592.75,8592.5,8592.75,6.0
2019-12-19 06:50,8593.0,8593.0,8593.0,8593.0,1.0
2019-12-19 06:51,8593.25,8593.75,8593.25,8593.75,6.0
2019-12-19 06:52,8593.5,8593.5,8593.0,8593.0,2.0
2019-12-19 06:53,8593.0,8593.25,8593.0,8593.0,3.0
2019-12-19 06:54,8593.25,8593.25,8593.25,8593.25,4.0
2019-12-19 06:55,8593.0,8593.0,8593.0,8593.0,1.0
2019-12-19 06:56,8593.0,8593.0,8593.0,8593.0,2.0
2019-12-19 06:57,8593.0,8593.0,8593.0,8593.0,4.0
2019-12-19 06:58,8593.0,8593.0,8593.0,8593.0,5.0
2019-12-19 07:00,8593.0,8593.25,8592.0,8592.0,22.0
2019-12-19 07:01,8591.75,8592.25,8591.5,8592.25,35.0
2019-12-19 07:02,8592.25,8592.75,8592.25,8592.25,12.0
2019-12-19 07:03,8592.0,8592.25,8591.25,8591.25,10.0
2019-12-19 07:04,8591.5,8592.0,8591.0,8591.5,21.0
2019-12-19 07:05,8591.25,8591.5,8591.25,8591.5,4.0
2019-12-19 07:06,8591.0,8591.25,8590.25,8591.0,15.0
2019-12-19 07:07,8590.75,8590.75,8590.75,8590.75,1.0
2019-12-19 07:08,8590.5,8590.75,8590.5,8590.75,4.0
2019-12-19 07:09,8591.0,8591.0,8590.75,8590.75,22.0
2019-12-19 07:10,8591.75,8591.75,8590.5,8591.25,30.0
2019-12-19 07:11,8591.25,8591.25,8591.0,8591.25,5.0
2019-12-19 07:12,8590.5,8590.5,8590.25,8590.25,10.0
2019-12-19 07:13,8590.0,8590.0,8590.0,8590.0,7.0
2019-12-19 07:14,8590.25,8590.5,8590.25,8590.5,6.0
2019-12-19 07:15,8590.75,8591.25,8590.75,8591.25,5.0
2019-12-19 07:17,8591.75,8591.75,8591.75,8591.75,5.0
2019-12-19 07:18,8591.5,8591.75,8591.0,8591.5,18.0
2019-12-19 07:19,8591.5,8592.5,8591.5,8591.5,39.0
2019-12-19 07:20,8591.75,8592.0,8591.25,8591.25,7.0
2019-12-19 07:21,8591.25,8591.25,8590.5,8591.0,16.0
2019-12-19 07:22,8591.0,8591.0,8590.5,8591.0,22.0
2019-12-19 07:23,8591.25,8592.0,8591.25,8592.0,4.0
2019-12-19 07:24,8592.5,8592.5,8591.75,8592.25,9.0
2019-12-19 07:25,8591.5,8593.25,8591.5,8592.25,77.0
2019-12-19 07:27,8591.75,8591.75,8591.75,8591.75,3.0
2019-12-19 07:28,8592.0,8592.0,8592.0,8592.0,1.0
2019-12-19 07:29,8591.5,8591.5,8591.5,8591.5,1.0
2019-12-19 07:30,8591.75,8593.0,8591.75,8592.75,24.0
2019-12-19 07:31,8592.5,8592.5,8592.5,8592.5,3.0
2019-12-19 07:32,8592.5,8592.5,8592.25,8592.5,13.0
2019-12-19 07:33,8592.5,8592.75,8591.5,8592.25,36.0
2019-12-19 07:34,8591.75,8591.75,8591.5,8591.5,5.0
2019-12-19 07:35,8591.75,8592.0,8591.0,8591.75,39.0
2019-12-19 07:36,8591.75,8592.0,8590.75,8591.25,19.0
2019-12-19 07:37,8591.75,8591.75,8591.75,8591.75,1.0
2019-12-19 07:38,8591.75,8592.5,8591.5,8592.5,20.0
2019-12-19 07:39,8592.75,8592.75,8592.25,8592.25,16.0
2019-12-19 07:40,8592.25,8592.25,8592.0,8592.0,5.0
2019-12-19 07:41,8591.5,8591.5,8591.0,8591.0,5.0
2019-12-19 07:42,8591.25,8591.5,8590.75,8590.75,12.0
2019-12-19 07:43,8590.5,8591.0,8590.5,8591.0,3.0
2019-12-19 07:44,8591.5,8591.75,8591.0,8591.25,22.0
2019-12-19 07:45,8591.5,8591.5,8591.5,8591.5,4.0
2019-12-19 07:46,8591.25,8592.0,8591.25,8592.0,5.0
2019-12-19 07:47,8592.0,8592.0,8591.5,8591.5,10.0
2019-12-19 07:48,8591.5,8591.5,8591.0,8591.0,8.0
2019-12-19 07:49,8590.75,8591.0,8590.75,8591.0,3.0
2019-12-19 07:51,8591.5,8591.5,8591.5,8591.5,5.0
2019-12-19 07:52,8591.75,8591.75,8591.5,8591.75,10.0
2019-12-19 07:53,8591.75,8591.75,8591.75,8591.75,2.0
2019-12-19 07:54,8591.75,8591.75,8591.5,8591.75,7.0
2019-12-19 07:55,8591.5,8592.0,8591.25,8591.25,18.0
2019-12-19 07:56,8592.0,8595.75,8592.0,8593.0,162.0
2019-12-19 07:57,8593.0,8593.25,8593.0,8593.25,9.0
2019-12-19 07:58,8593.25,8593.25,8593.25,8593.25,8.0
2019-12-19 07:59,8593.25,8594.0,8593.25,8594.0,7.0
2019-12-19 08:00,8593.75,8594.75,8593.0,8593.0,51.0
2019-12-19 08:01,8592.5,8595.5,8592.5,8594.5,41.0
2019-12-19 08:02,8594.75,8594.75,8594.25,8594.25,7.0
2019-12-19 08:03,8594.75,8595.5,8594.5,8595.0,23.0
2019-12-19 08:04,8594.75,8594.75,8593.5,8594.0,13.0
2019-12-19 08:05,8594.25,8594.25,8594.0,8594.0,6.0
2019-12-19 08:06,8594.0,8594.75,8594.0,8594.75,6.0
2019-12-19 08:07,8594.5,8594.5,8593.75,8593.75,5.0
2019-12-19 08:08,8593.5,8593.75,8593.5,8593.75,5.0
2019-12-19 08:09,8593.75,8593.75,8593.5,8593.75,6.0
2019-12-19 08:10,8593.75,8594.0,8593.75,8594.0,6.0
2019-12-19 08:11,8593.75,8593.75,8593.5,8593.5,2.0
2019-12-19 08:12,8593.5,8593.5,8593.25,8593.5,6.0
2019-12-19 08:13,8593.5,8593.75,8593.25,8593.25,10.0
2019-12-19 08:14,8593.25,8594.0,8593.25,8593.75,16.0
2019-12-19 08:15,8594.25,8597.5,8594.25,8596.0,45.0
2019-12-19 08:16,8596.0,8596.0,8592.75,8594.0,31.0
2019-12-19 08:17,8594.0,8594.0,8593.25,8593.75,15.0
2019-12-19 08:18,8594.0,8594.5,8594.0,8594.0,7.0
2019-12-19 08:19,8594.25,8595.0,8593.5,8593.5,32.0
2019-12-19 08:20,8594.0,8595.5,8594.0,8595.0,8.0
2019-12-19 08:21,8595.25,8595.25,8595.25,8595.25,3.0
2019-12-19 08:22,8595.5,8595.75,8594.75,8594.75,5.0
2019-12-19 08:23,8595.0,8595.0,8594.25,8594.25,7.0
2019-12-19 08:24,8595.0,8595.0,8594.75,8594.75,2.0
2019-12-19 08:26,8594.25,8595.0,8594.25,8594.75,21.0
2019-12-19 08:27,8594.75,8595.25,8594.75,8595.25,2.0
2019-12-19 08:28,8595.0,8595.25,8594.75,8594.75,105.0
2019-12-19 08:29,8594.5,8594.5,8592.25,8592.25,20.0
2019-12-19 08:30,8592.25,8592.25,8588.25,8589.75,59.0
2019-12-19 08:31,8590.25,8591.0,8589.5,8590.25,16.0
2019-12-19 08:32,8590.0,8591.0,8589.5,8590.25,32.0
2019-12-19 08:33,8589.75,8592.5,8589.75,8591.75,63.0
2019-12-19 08:34,8590.75,8591.0,8590.0,8591.0,30.0
2019-12-19 08:35,8590.5,8590.75,8589.75,8590.0,21.0
2019-12-19 08:36,8590.5,8590.75,8590.5,8590.5,4.0
2019-12-19 08:37,8590.5,8591.0,8590.5,8591.0,3.0
2019-12-19 08:38,8591.25,8591.5,8591.25,8591.5,3.0
2019-12-19 08:39,8591.0,8591.0,8590.0,8590.25,12.0
2019-12-19 08:40,8590.5,8590.5,8588.5,8588.5,15.0
2019-12-19 08:41,8588.25,8588.5,8585.5,8585.5,62.0
2019-12-19 08:42,8585.75,8586.0,8584.25,8585.25,35.0
2019-12-19 08:43,8584.75,8584.75,8583.25,8583.25,22.0
2019-12-19 08:44,8583.75,8585.5,8583.25,8585.0,34.0
2019-12-19 08:45,8584.75,8584.75,8583.75,8584.25,23.0
2019-12-19 08:46,8584.0,8584.0,8581.75,8582.25,30.0
2019-12-19 08:47,8581.75,8583.75,8581.75,8583.75,34.0
2019-12-19 08:48,8584.0,8584.25,8582.5,8584.25,19.0
2019-12-19 08:49,8584.0,8584.0,8582.75,8583.0,11.0
2019-12-19 08:50,8582.75,8583.0,8582.25,8582.75,19.0
2019-12-19 08:51,8583.5,8584.0,8583.5,8584.0,7.0
2019-12-19 08:52,8584.25,8585.0,8584.0,8584.75,26.0
2019-12-19 08:53,8584.75,8585.25,8584.75,8585.0,15.0
2019-12-19 08:54,8585.25,8585.5,8585.0,8585.5,13.0
2019-12-19 08:55,8586.25,8588.5,8586.25,8588.25,42.0
2019-12-19 08:56,8588.25,8588.5,8587.5,8587.75,21.0
2019-12-19 08:57,8587.75,8588.0,8587.75,8587.75,3.0
2019-12-19 08:58,8588.0,8588.0,8588.0,8588.0,2.0
2019-12-19 08:59,8588.25,8588.25,8588.0,8588.25,6.0
2019-12-19 09:00,8588.25,8589.25,8588.25,8589.25,14.0
2019-12-19 09:01,8589.5,8592.0,8589.5,8591.5,43.0
2019-12-19 09:02,8591.25,8592.25,8591.25,8592.0,38.0
2019-12-19 09:03,8591.75,8591.75,8591.0,8591.75,8.0
2019-12-19 09:04,8591.5,8591.75,8591.0,8591.5,14.0
2019-12-19 09:05,8591.5,8591.75,8591.5,8591.75,6.0
2019-12-19 09:06,8591.5,8592.25,8591.5,8592.0,16.0
2019-12-19 09:07,8592.25,8592.25,8591.75,8591.75,8.0
2019-12-19 09:08,8592.5,8593.5,8592.25,8592.25,34.0
2019-12-19 09:09,8591.25,8591.5,8591.25,8591.5,2.0
2019-12-19 09:10,8591.5,8592.25,8591.5,8592.25,3.0
2019-12-19 09:11,8592.0,8592.0,8589.25,8590.25,16.0
2019-12-19 09:12,8590.25,8591.25,8590.25,8591.25,3.0
2019-12-19 09:13,8591.0,8591.0,8589.75,8590.25,23.0
2019-12-19 09:15,8590.5,8590.5,8588.0,8588.5,7.0
2019-12-19 09:16,8588.5,8588.5,8587.25,8587.5,18.0
2019-12-19 09:17,8588.0,8588.5,8588.0,8588.25,4.0
2019-12-19 09:18,8588.0,8589.5,8588.0,8589.5,5.0
2019-12-19 09:19,8589.0,8589.0,8588.0,8588.25,7.0
2019-12-19 09:21,8590.0,8590.5,8589.75,8589.75,8.0
2019-12-19 09:22,8590.5,8591.5,8590.5,8591.0,6.0
2019-12-19 09:23,8591.5,8591.75,8591.5,8591.75,8.0
2019-12-19 09:24,8591.75,8591.75,8590.5,8590.75,8.0
2019-12-19 09:25,8590.5,8590.75,8590.5,8590.5,6.0
2019-12-19 09:26,8590.5,8591.0,8590.5,8590.5,6.0
2019-12-19 09:27,8590.5,8591.25,8590.25,8591.25,12.0
2019-12-19 09:28,8590.75,8590.75,8590.25,8590.5,15.0
2019-12-19 09:29,8590.5,8590.5,8590.25,8590.25,5.0
2019-12-19 09:30,8590.0,8591.0,8589.5,8590.5,22.0
2019-12-19 09:31,8590.75,8592.0,8590.75,8592.0,37.0
2019-12-19 09:32,8592.25,8592.25,8592.25,8592.25,1.0
2019-12-19 09:33,8592.25,8592.25,8589.75,8589.75,12.0
2019-12-19 09:35,8591.75,8591.75,8591.75,8591.75,2.0
2019-12-19 09:36,8591.0,8591.0,8590.75,8590.75,2.0
2019-12-19 09:37,8590.75,8591.5,8590.75,8591.5,2.0
2019-12-19 09:38,8591.25,8591.25,8591.25,8591.25,2.0
2019-12-19 09:39,8591.5,8591.5,8591.5,8591.5,2.0
2019-12-19 09:40,8591.25,8591.25,8591.0,8591.0,5.0
2019-12-19 09:41,8590.75,8592.0,8590.0,8592.0,12.0
2019-12-19 09:42,8592.5,8594.75,8592.25,8593.5,88.0
2019-12-19 09:43,8593.5,8594.25,8592.75,8592.75,16.0
2019-12-19 09:44,8592.5,8593.0,8592.5,8592.5,7.0
2019-12-19 09:45,8592.5,8592.5,8592.5,8592.5,1.0
2019-12-19 09:46,8593.5,8593.75,8593.25,8593.5,11.0
2019-12-19 09:47,8592.75,8593.75,8592.75,8593.25,44.0
2019-12-19 09:48,8593.0,8594.5,8593.0,8594.0,7.0
2019-12-19 09:49,8593.75,8594.25,8593.75,8594.0,8.0
2019-12-19 09:50,8594.0,8594.25,8594.0,8594.25,2.0
2019-12-19 09:51,8594.5,8595.25,8594.0,8595.25,32.0
2019-12-19 09:52,8595.5,8595.75,8595.25,8595.25,4.0
2019-12-19 09:53,8594.0,8594.5,8593.75,8594.25,8.0
2019-12-19 09:54,8593.25,8594.0,8593.25,8594.0,10.0
2019-12-19 09:55,8595.0,8595.0,8595.0,8595.0,1.0
2019-12-19 09:56,8595.5,8595.5,8594.75,8595.5,11.0
2019-12-19 09:57,8594.75,8595.0,8594.75,8594.75,12.0
2019-12-19 09:58,8596.0,8596.0,8595.75,8596.0,7.0
2019-12-19 09:59,8596.75,8597.0,8596.0,8596.0,7.0
2019-12-19 10:00,8596.25,8596.5,8595.75,8596.0,8.0
2019-12-19 10:01,8596.0,8596.0,8595.75,8595.75,3.0
2019-12-19 10:02,8595.75,8596.5,8595.75,8596.5,6.0
2019-12-19 10:03,8596.25,8596.75,8596.0,8596.75,5.0
2019-12-19 10:04,8596.25,8596.25,8596.25,8596.25,1.0
2019-12-19 10:05,8596.0,8596.0,8596.0,8596.0,2.0
2019-12-19 10:06,8596.0,8596.25,8596.0,8596.0,14.0
2019-12-19 10:07,8595.5,8595.75,8594.5,8595.75,19.0
2019-12-19 10:08,8596.0,8596.0,8594.5,8594.5,15.0
2019-12-19 10:09,8594.75,8594.75,8594.5,8594.5,4.0
2019-12-19 10:10,8594.25,8594.25,8592.5,8592.5,34.0
2019-12-19 10:11,8592.5,8592.75,8592.0,8592.0,22.0
2019-12-19 10:12,8592.5,8593.0,8592.5,8592.75,6.0
2019-12-19 10:13,8592.75,8593.25,8592.75,8593.25,5.0
2019-12-19 10:14,8593.0,8593.0,8592.75,8593.0,5.0
2019-12-19 10:16,8593.5,8593.5,8592.75,8593.25,18.0
2019-12-19 10:17,8592.25,8592.25,8592.25,8592.25,2.0
2019-12-19 10:18,8592.0,8592.0,8592.0,8592.0,1.0
2019-12-19 10:19,8591.75,8592.25,8591.75,8592.25,2.0
2019-12-19 10:20,8592.5,8592.5,8590.0,8590.25,39.0
2019-12-19 10:21,8590.0,8590.75,8589.75,8590.75,12.0
2019-12-19 10:22,8590.75,8590.75,8590.75,8590.75,2.0
2019-12-19 10:23,8591.5,8592.0,8591.5,8592.0,3.0
2019-12-19 10:24,8592.0,8592.25,8591.25,8591.25,16.0
2019-12-19 10:25,8591.0,8591.0,8590.5,8590.75,7.0
2019-12-19 10:26,8590.5,8592.5,8590.5,8592.0,14.0
2019-12-19 10:27,8591.75,8592.0,8591.25,8591.25,3.0
2019-12-19 10:28,8590.5,8590.5,8590.25,8590.25,5.0
2019-12-19 10:29,8590.25,8590.25,8590.25,8590.25,1.0
2019-12-19 10:30,8590.5,8590.5,8590.25,8590.5,4.0
2019-12-19 10:32,8591.5,8593.0,8591.5,8593.0,7.0
2019-12-19 10:33,8593.0,8593.75,8593.0,8593.75,3.0
2019-12-19 10:34,8594.0,8594.0,8593.25,8593.25,2.0
2019-12-19 10:35,8593.75,8595.25,8593.75,8595.0,17.0
2019-12-19 10:36,8595.25,8595.75,8595.25,8595.75,10.0
2019-12-19 10:37,8594.75,8595.0,8594.75,8594.75,6.0
2019-12-19 10:38,8594.25,8594.25,8593.5,8594.0,6.0
2019-12-19 10:39,8593.75,8593.75,8593.25,8593.5,10.0
2019-12-19 10:40,8594.75,8594.75,8594.75,8594.75,2.0
2019-12-19 10:41,8594.75,8595.25,8594.75,8595.25,5.0
2019-12-19 10:42,8595.25,8596.25,8595.25,8596.0,11.0
2019-12-19 10:43,8595.5,8595.75,8595.25,8595.75,5.0
2019-12-19 10:45,8596.25,8596.75,8595.75,8596.0,24.0
2019-12-19 10:46,8596.5,8596.5,8595.25,8596.25,27.0
2019-12-19 10:47,8596.0,8596.0,8594.25,8594.5,14.0
2019-12-19 10:48,8594.75,8595.75,8594.75,8595.5,31.0
2019-12-19 10:49,8595.5,8595.5,8595.0,8595.0,7.0
2019-12-19 10:50,8594.75,8595.75,8594.75,8595.75,11.0
2019-12-19 10:51,8595.25,8595.5,8594.25,8594.5,31.0
2019-12-19 10:52,8594.75,8594.75,8594.75,8594.75,1.0
2019-12-19 10:53,8595.5,8595.5,8594.75,8594.75,7.0
2019-12-19 10:54,8594.0,8594.5,8593.75,8594.5,10.0
2019-12-19 10:55,8595.0,8595.25,8594.5,8595.25,6.0
2019-12-19 10:56,8595.25,8596.25,8595.25,8595.5,4.0
2019-12-19 10:57,8595.5,8595.5,8595.0,8595.0,11.0
2019-12-19 10:58,8595.25,8595.25,8595.25,8595.25,3.0
2019-12-19 10:59,8595.75,8596.5,8595.75,8596.25,8.0
2019-12-19 11:00,8597.0,8597.75,8596.75,8596.75,15.0
2019-12-19 11:01,8596.25,8596.25,8595.0,8595.25,15.0
2019-12-19 11:02,8594.75,8594.75,8594.75,8594.75,2.0
2019-12-19 11:03,8594.0,8594.0,8594.0,8594.0,3.0
2019-12-19 11:04,8593.75,8593.75,8593.75,8593.75,2.0
2019-12-19 11:05,8594.25,8594.25,8594.0,8594.0,2.0
2019-12-19 11:07,8595.5,8595.5,8595.25,8595.25,2.0
2019-12-19 11:08,8595.25,8595.25,8595.0,8595.0,3.0
2019-12-19 11:10,8594.75,8594.75,8594.0,8594.5,7.0
2019-12-19 11:12,8595.0,8595.0,8595.0,8595.0,1.0
2019-12-19 11:13,8594.75,8594.75,8594.75,8594.75,1.0
2019-12-19 11:14,8594.75,8595.5,8594.75,8595.0,23.0
2019-12-19 11:15,8594.75,8595.25,8594.75,8595.25,4.0
2019-12-19 11:16,8595.25,8595.25,8594.0,8594.0,12.0
2019-12-19 11:17,8594.0,8594.25,8594.0,8594.25,5.0
2019-12-19 11:18,8593.75,8593.75,8593.75,8593.75,1.0
2019-12-19 11:19,8593.75,8593.75,8593.75,8593.75,4.0
2019-12-19 11:20,8593.5,8593.5,8592.0,8592.75,49.0
2019-12-19 11:21,8592.25,8592.25,8590.75,8591.75,43.0
2019-12-19 11:22,8591.25,8591.5,8591.0,8591.5,7.0
2019-12-19 11:23,8591.5,8591.75,8591.0,8591.0,5.0
2019-12-19 11:24,8590.5,8591.0,8590.0,8590.75,20.0
2019-12-19 11:25,8590.5,8590.75,8590.25,8590.25,9.0
2019-12-19 11:26,8590.75,8591.0,8590.5,8590.75,22.0
2019-12-19 11:27,8590.5,8590.75,8590.5,8590.75,4.0
2019-12-19 11:28,8591.75,8592.0,8591.5,8591.5,16.0
2019-12-19 11:29,8590.75,8590.75,8590.25,8590.5,5.0
2019-12-19 11:30,8590.75,8591.75,8590.75,8591.75,6.0
2019-12-19 11:31,8591.75,8592.0,8591.75,8592.0,3.0
2019-12-19 11:32,8592.25,8592.25,8591.75,8591.75,3.0
2019-12-19 11:33,8592.0,8592.25,8592.0,8592.25,4.0
2019-12-19 11:34,8591.25,8591.25,8591.25,8591.25,2.0
2019-12-19 11:35,8591.75,8592.75,8591.75,8592.75,5.0
2019-12-19 11:36,8592.5,8592.5,8592.0,8592.0,3.0
2019-12-19 11:37,8592.25,8592.25,8592.0,8592.0,4.0
2019-12-19 11:38,8591.5,8591.5,8591.0,8591.0,6.0
2019-12-19 11:39,8590.5,8590.5,8590.5,8590.5,1.0
2019-12-19 11:40,8590.25,8590.25,8589.25,8589.25,9.0
2019-12-19 11:42,8590.75,8590.75,8590.75,8590.75,4.0
2019-12-19 11:43,8590.5,8590.5,8590.5,8590.5,2.0
2019-12-19 11:44,8590.75,8590.75,8590.75,8590.75,1.0
2019-12-19 11:45,8590.5,8591.0,8590.0,8591.0,6.0
2019-12-19 11:46,8590.5,8590.5,8590.5,8590.5,1.0
2019-12-19 11:49,8590.75,8590.75,8590.75,8590.75,1.0
2019-12-19 11:50,8591.25,8591.25,8591.25,8591.25,1.0
2019-12-19 11:52,8591.5,8591.5,8591.5,8591.5,1.0
2019-12-19 11:53,8592.0,8592.25,8592.0,8592.25,2.0
2019-12-19 11:54,8592.5,8592.5,8592.5,8592.5,4.0
2019-12-19 11:55,8592.75,8592.75,8592.75,8592.75,3.0
2019-12-19 11:56,8592.25,8592.5,8592.25,8592.25,4.0
2019-12-19 11:57,8592.5,8593.0,8592.5,8593.0,6.0
2019-12-19 11:58,8593.25,8593.25,8592.5,8592.5,11.0
2019-12-19 11:59,8592.5,8592.5,8592.5,8592.5,1.0
2019-12-19 12:00,8592.0,8592.5,8590.75,8592.5,21.0
2019-12-19 12:01,8591.25,8591.25,8590.5,8590.75,21.0
2019-12-19 12:02,8590.25,8592.5,8590.0,8592.25,17.0
2019-12-19 12:03,8592.0,8592.5,8591.75,8592.5,8.0
2019-12-19 12:04,8592.25,8592.25,8592.0,8592.0,2.0
2019-12-19 12:05,8591.0,8591.0,8591.0,8591.0,1.0
2019-12-19 12:06,8591.25,8591.25,8591.0,8591.0,7.0
2019-12-19 12:07,8591.5,8591.5,8591.0,8591.0,3.0
2019-12-19 12:08,8591.75,8591.75,8591.75,8591.75,5.0
2019-12-19 12:09,8592.0,8592.0,8592.0,8592.0,1.0
2019-12-19 12:10,8591.75,8591.75,8591.75,8591.75,2.0
2019-12-19 12:11,8591.0,8591.0,8590.0,8590.0,5.0
2019-12-19 12:12,8590.5,8590.75,8589.75,8590.0,11.0
2019-12-19 12:13,8590.0,8590.75,8588.75,8590.75,24.0
2019-12-19 12:14,8590.5,8590.75,8590.5,8590.75,3.0
2019-12-19 12:15,8590.75,8591.5,8590.75,8591.0,78.0
2019-12-19 12:16,8591.25,8591.25,8591.25,8591.25,1.0
2019-12-19 12:17,8591.0,8591.0,8591.0,8591.0,1.0
2019-12-19 12:18,8591.75,8592.25,8591.75,8592.25,6.0
2019-12-19 12:19,8591.75,8592.5,8591.75,8592.25,8.0
2019-12-19 12:20,8592.75,8593.0,8592.5,8592.5,15.0
2019-12-19 12:21,8593.0,8593.25,8592.75,8593.0,8.0
2019-12-19 12:22,8593.25,8593.5,8593.25,8593.5,2.0
2019-12-19 12:23,8593.75,8593.75,8592.5,8592.5,30.0
2019-12-19 12:24,8592.5,8592.75,8592.5,8592.5,5.0
2019-12-19 12:25,8592.75,8593.25,8592.75,8593.0,3.0
2019-12-19 12:26,8592.75,8592.75,8591.75,8592.0,25.0
2019-12-19 12:27,8591.75,8592.25,8591.75,8592.25,8.0
2019-12-19 12:30,8593.25,8593.25,8593.25,8593.25,1.0
2019-12-19 12:31,8593.25,8593.5,8592.25,8592.25,20.0
2019-12-19 12:32,8593.75,8593.75,8593.5,8593.5,5.0
2019-12-19 12:33,8593.0,8593.25,8593.0,8593.25,9.0
2019-12-19 12:34,8592.75,8592.75,8591.75,8591.75,8.0
2019-12-19 12:35,8591.75,8591.75,8591.75,8591.75,2.0
2019-12-19 12:36,8591.25,8591.5,8591.25,8591.5,4.0
2019-12-19 12:37,8591.0,8591.0,8590.0,8590.0,20.0
2019-12-19 12:38,8590.75,8590.75,8586.0,8586.5,51.0
2019-12-19 12:39,8586.25,8587.0,8585.25,8586.75,73.0
2019-12-19 12:40,8587.0,8588.0,8587.0,8587.75,13.0
2019-12-19 12:41,8587.75,8588.25,8587.75,8588.25,10.0
2019-12-19 12:42,8588.0,8588.25,8587.5,8588.0,21.0
2019-12-19 12:43,8588.0,8588.0,8587.25,8587.25,14.0
2019-12-19 12:44,8587.25,8587.25,8586.25,8587.0,10.0
2019-12-19 12:45,8587.75,8587.75,8587.5,8587.5,4.0
2019-12-19 12:46,8587.5,8587.75,8586.5,8586.75,8.0
2019-12-19 12:47,8585.75,8585.75,8585.75,8585.75,1.0
2019-12-19 12:48,8586.25,8586.5,8586.25,8586.25,6.0
2019-12-19 12:49,8587.0,8588.0,8587.0,8587.0,19.0
2019-12-19 12:50,8587.75,8588.0,8587.75,8588.0,14.0
2019-12-19 12:51,8587.75,8588.0,8587.5,8588.0,22.0
2019-12-19 12:52,8588.0,8588.25,8587.75,8587.75,5.0
2019-12-19 12:53,8588.25,8588.25,8587.5,8587.5,9.0
2019-12-19 12:54,8588.0,8588.0,8586.5,8586.5,5.0
2019-12-19 12:55,8586.25,8586.25,8586.25,8586.25,1.0
2019-12-19 12:56,8586.25,8586.25,8581.5,8583.0,101.0
2019-12-19 12:57,8582.75,8584.0,8582.75,8584.0,26.0
2019-12-19 12:58,8584.25,8585.0,8584.25,8584.75,6.0
2019-12-19 12:59,8584.5,8586.0,8584.5,8585.25,38.0
2019-12-19 13:00,8584.75,8586.0,8584.75,8585.0,17.0
2019-12-19 13:01,8585.25,8585.5,8584.5,8584.5,10.0
2019-12-19 13:02,8584.25,8584.25,8583.75,8584.0,13.0
2019-12-19 13:03,8583.75,8583.75,8582.75,8583.25,45.0
2019-12-19 13:04,8583.0,8584.75,8583.0,8584.25,9.0
2019-12-19 13:05,8585.0,8585.25,8584.75,8584.75,16.0
2019-12-19 13:06,8584.75,8585.0,8584.75,8585.0,4.0
2019-12-19 13:07,8585.5,8585.75,8585.0,8585.75,11.0
2019-12-19 13:08,8586.0,8586.0,8585.5,8585.5,8.0
2019-12-19 13:09,8585.25,8585.75,8585.25,8585.75,7.0
2019-12-19 13:10,8585.75,8586.5,8585.75,8585.75,13.0
2019-12-19 13:11,8585.5,8586.25,8585.5,8586.25,3.0
2019-12-19 13:12,8586.0,8586.5,8586.0,8586.5,7.0
2019-12-19 13:13,8586.25,8586.25,8584.5,8585.5,50.0
2019-12-19 13:14,8585.5,8586.0,8584.75,8584.75,50.0
2019-12-19 13:15,8585.5,8585.5,8583.75,8583.75,5.0
2019-12-19 13:16,8584.5,8584.75,8584.0,8584.5,17.0
2019-12-19 13:17,8584.0,8584.0,8583.25,8584.0,5.0
2019-12-19 13:18,8583.5,8584.25,8583.0,8584.25,27.0
2019-12-19 13:19,8584.5,8584.5,8584.5,8584.5,6.0
2019-12-19 13:20,8584.75,8585.75,8584.75,8585.5,13.0
2019-12-19 13:21,8585.0,8585.75,8585.0,8585.75,3.0
2019-12-19 13:22,8585.25,8585.5,8585.0,8585.5,4.0
2019-12-19 13:23,8586.0,8586.0,8585.75,8585.75,6.0
2019-12-19 13:24,8586.0,8586.25,8586.0,8586.25,8.0
2019-12-19 13:25,8586.25,8586.5,8586.0,8586.5,11.0
2019-12-19 13:26,8587.0,8587.0,8585.5,8586.25,15.0
2019-12-19 13:27,8586.75,8587.25,8586.75,8587.0,6.0
2019-12-19 13:28,8587.5,8587.75,8586.75,8587.0,5.0
2019-12-19 13:29,8586.25,8586.25,8585.25,8585.5,10.0
2019-12-19 13:30,8585.5,8585.5,8583.75,8584.75,22.0
2019-12-19 13:31,8583.5,8583.75,8582.25,8582.5,50.0
2019-12-19 13:32,8583.0,8584.0,8582.0,8584.0,41.0
2019-12-19 13:33,8584.0,8585.25,8584.0,8584.5,23.0
2019-12-19 13:34,8584.25,8584.5,8584.0,8584.0,8.0
2019-12-19 13:35,8583.5,8583.5,8581.25,8582.25,42.0
2019-12-19 13:36,8582.25,8582.5,8580.25,8581.5,38.0
2019-12-19 13:37,8581.5,8581.75,8581.0,8581.75,26.0
2019-12-19 13:38,8582.0,8582.5,8581.75,8582.25,32.0
2019-12-19 13:39,8582.0,8583.0,8581.75,8583.0,22.0
2019-12-19 13:40,8583.0,8584.5,8583.0,8584.25,43.0
2019-12-19 13:41,8584.0,8584.5,8583.75,8584.25,19.0
2019-12-19 13:42,8584.25,8584.75,8584.25,8584.75,45.0
2019-12-19 13:43,8585.0,8585.75,8584.75,8585.75,20.0
2019-12-19 13:44,8585.75,8586.75,8585.75,8586.5,39.0
2019-12-19 13:45,8586.5,8586.5,8586.25,8586.25,13.0
2019-12-19 13:46,8585.75,8586.25,8585.75,8585.75,6.0
2019-12-19 13:47,8585.75,8585.75,8584.25,8584.75,12.0
2019-12-19 13:48,8584.5,8584.75,8584.5,8584.5,15.0
2019-12-19 13:49,8585.25,8586.0,8585.25,8585.5,12.0
2019-12-19 13:50,8586.0,8586.25,8586.0,8586.25,5.0
2019-12-19 13:51,8586.25,8587.0,8585.5,8585.5,23.0
2019-12-19 13:52,8585.5,8585.5,8584.75,8585.25,27.0
2019-12-19 13:53,8585.0,8586.0,8584.25,8585.75,42.0
2019-12-19 13:54,8585.75,8585.75,8583.75,8584.75,38.0
2019-12-19 13:55,8584.75,8585.0,8584.75,8584.75,5.0
2019-12-19 13:56,8585.0,8585.0,8584.25,8584.25,4.0
2019-12-19 13:57,8584.25,8584.75,8584.25,8584.5,7.0
2019-12-19 13:58,8585.25,8587.25,8585.25,8587.25,99.0
2019-12-19 13:59,8587.25,8587.75,8587.25,8587.25,15.0
2019-12-19 14:00,8587.0,8587.0,8586.0,8586.5,37.0
2019-12-19 14:01,8586.25,8586.75,8586.25,8586.5,9.0
2019-12-19 14:02,8586.75,8587.0,8586.5,8587.0,21.0
2019-12-19 14:03,8587.5,8589.25,8587.25,8588.0,85.0
2019-12-19 14:04,8587.75,8588.25,8587.5,8587.5,14.0
2019-12-19 14:05,8588.25,8589.0,8588.25,8588.75,25.0
2019-12-19 14:06,8589.25,8589.25,8589.0,8589.0,7.0
2019-12-19 14:07,8589.0,8589.0,8588.5,8588.5,5.0
2019-12-19 14:08,8588.75,8589.25,8588.5,8588.5,17.0
2019-12-19 14:09,8589.0,8589.0,8587.5,8587.75,18.0
2019-12-19 14:10,8588.0,8588.0,8587.5,8588.0,14.0
2019-12-19 14:11,8587.75,8587.75,8587.75,8587.75,1.0
2019-12-19 14:12,8587.0,8587.75,8586.75,8587.75,31.0
2019-12-19 14:13,8588.25,8589.25,8588.0,8588.0,17.0
2019-12-19 14:14,8587.75,8588.5,8587.75,8588.5,18.0
2019-12-19 14:15,8588.5,8589.0,8588.5,8588.5,22.0
2019-12-19 14:16,8588.5,8589.25,8588.5,8589.25,9.0
2019-12-19 14:17,8589.25,8589.5,8589.0,8589.25,39.0
2019-12-19 14:18,8589.0,8589.0,8588.75,8588.75,19.0
2019-12-19 14:19,8588.75,8588.75,8587.75,8588.5,14.0
2019-12-19 14:20,8588.25,8588.75,8588.0,8588.5,42.0
2019-12-19 14:21,8588.25,8589.25,8588.25,8588.5,39.0
2019-12-19 14:22,8588.5,8589.75,8588.5,8589.5,103.0
2019-12-19 14:23,8589.5,8590.75,8589.5,8590.25,48.0
2019-12-19 14:24,8590.0,8590.75,8590.0,8590.5,21.0
2019-12-19 14:25,8590.25,8590.25,8589.5,8590.0,5.0
2019-12-19 14:26,8590.5,8591.5,8590.25,8591.0,46.0
2019-12-19 14:27,8590.75,8590.75,8590.25,8590.5,15.0
2019-12-19 14:28,8590.75,8590.75,8588.5,8589.75,62.0
2019-12-19 14:29,8589.75,8590.25,8588.75,8590.25,40.0
2019-12-19 14:30,8590.0,8598.0,8589.0,8597.5,352.0
2019-12-19 14:31,8598.25,8601.75,8597.75,8601.25,346.0
2019-12-19 14:32,8600.75,8604.5,8600.75,8604.0,260.0
2019-12-19 14:33,8603.75,8606.75,8602.75,8604.0,294.0
2019-12-19 14:34,8604.0,8604.75,8600.25,8602.5,214.0
2019-12-19 14:35,8603.0,8603.75,8601.75,8602.5,72.0
2019-12-19 14:36,8602.75,8603.75,8598.0,8599.0,123.0
2019-12-19 14:37,8599.5,8601.25,8598.75,8601.0,203.0
2019-12-19 14:38,8601.5,8603.0,8597.75,8602.75,182.0
2019-12-19 14:39,8603.0,8605.75,8601.5,8601.5,167.0
2019-12-19 14:40,8601.0,8602.0,8599.25,8600.0,100.0
2019-12-19 14:41,8600.5,8601.25,8598.25,8599.5,83.0
2019-12-19 14:42,8600.0,8602.25,8599.75,8602.0,96.0
2019-12-19 14:43,8601.75,8602.75,8601.25,8601.5,65.0
2019-12-19 14:44,8601.75,8602.5,8601.25,8601.5,56.0
2019-12-19 14:45,8602.25,8602.5,8598.25,8599.25,192.0
2019-12-19 14:46,8599.0,8601.0,8599.0,8600.25,71.0
2019-12-19 14:47,8600.25,8601.0,8599.5,8601.0,59.0
2019-12-19 14:48,8600.75,8601.75,8600.25,8601.5,78.0
2019-12-19 14:49,8601.0,8604.0,8600.0,8603.0,58.0
2019-12-19 14:50,8602.5,8604.0,8602.0,8603.5,59.0
2019-12-19 14:51,8603.75,8604.0,8601.0,8601.5,48.0
2019-12-19 14:52,8601.5,8602.25,8600.75,8602.0,46.0
2019-12-19 14:53,8602.0,8602.75,8601.5,8601.5,37.0
2019-12-19 14:54,8601.25,8602.0,8601.0,8601.5,20.0
2019-12-19 14:55,8601.5,8603.25,8601.25,8603.25,59.0
2019-12-19 14:56,8603.0,8603.75,8602.75,8603.25,46.0
2019-12-19 14:57,8603.5,8603.75,8600.5,8601.0,97.0
2019-12-19 14:58,8601.5,8603.25,8601.25,8603.25,33.0
2019-12-19 14:59,8603.0,8604.5,8601.75,8601.75,67.0
2019-12-19 15:00,8602.25,8604.5,8601.75,8602.5,40.0
2019-12-19 15:01,8602.75,8602.75,8601.25,8601.75,40.0
2019-12-19 15:02,8602.5,8602.75,8600.5,8601.0,35.0
2019-12-19 15:03,8601.0,8602.25,8600.75,8602.0,43.0
2019-12-19 15:04,8601.5,8601.75,8598.75,8599.25,121.0
2019-12-19 15:05,8599.25,8599.5,8596.75,8598.0,137.0
2019-12-19 15:06,8598.0,8600.5,8598.0,8599.75,44.0
2019-12-19 15:07,8600.25,8600.5,8598.0,8600.0,45.0
2019-12-19 15:08,8599.5,8601.0,8599.25,8600.75,31.0
2019-12-19 15:09,8600.75,8600.75,8599.0,8600.0,39.0
2019-12-19 15:10,8600.0,8600.75,8597.25,8598.75,49.0
2019-12-19 15:11,8597.75,8598.75,8597.25,8598.75,39.0
2019-12-19 15:12,8598.75,8600.0,8598.5,8599.75,42.0
2019-12-19 15:13,8599.25,8600.25,8597.75,8598.75,87.0
2019-12-19 15:14,8598.75,8600.0,8598.75,8599.0,29.0
2019-12-19 15:15,8599.5,8600.75,8599.0,8599.0,31.0
2019-12-19 15:16,8598.75,8600.25,8598.5,8598.5,33.0
2019-12-19 15:17,8598.75,8600.25,8598.5,8599.25,52.0
2019-12-19 15:18,8598.75,8598.75,8596.25,8596.25,64.0
2019-12-19 15:19,8596.0,8598.0,8595.5,8596.25,145.0
2019-12-19 15:20,8596.5,8599.25,8596.0,8599.25,49.0
2019-12-19 15:21,8599.25,8600.0,8597.75,8598.25,40.0
2019-12-19 15:22,8598.25,8599.5,8597.25,8598.25,43.0
2019-12-19 15:23,8598.5,8599.25,8598.5,8599.0,24.0
2019-12-19 15:24,8600.0,8600.75,8599.0,8599.75,40.0
2019-12-19 15:25,8600.0,8603.75,8599.75,8602.75,231.0
2019-12-19 15:26,8602.5,8603.0,8601.5,8602.75,31.0
2019-12-19 15:27,8603.0,8604.75,8602.75,8604.5,38.0
2019-12-19 15:28,8604.5,8605.75,8603.25,8605.0,129.0
2019-12-19 15:29,8605.5,8609.75,8605.5,8608.75,228.0
2019-12-19 15:30,8609.25,8610.0,8607.5,8607.75,106.0
2019-12-19 15:31,8608.0,8608.75,8607.75,8607.75,100.0
2019-12-19 15:32,8608.0,8608.0,8606.5,8607.0,39.0
2019-12-19 15:33,8607.0,8607.0,8604.75,8605.75,65.0
2019-12-19 15:34,8605.5,8605.75,8603.5,8604.25,79.0
2019-12-19 15:35,8604.5,8604.75,8603.5,8604.25,66.0
2019-12-19 15:36,8604.5,8608.75,8604.25,8607.75,157.0
2019-12-19 15:37,8607.25,8607.25,8604.5,8604.5,61.0
2019-12-19 15:38,8604.5,8605.0,8604.0,8605.0,41.0
2019-12-19 15:39,8605.5,8605.5,8604.5,8605.0,63.0
2019-12-19 15:40,8605.0,8605.5,8604.75,8605.0,33.0
2019-12-19 15:41,8604.75,8606.5,8604.75,8606.25,31.0
2019-12-19 15:42,8607.0,8608.0,8606.5,8607.25,67.0
2019-12-19 15:43,8606.75,8609.0,8606.75,8608.5,105.0
2019-12-19 15:44,8608.25,8608.5,8607.25,8608.0,77.0
2019-12-19 15:45,8608.25,8610.5,8608.0,8609.75,99.0
2019-12-19 15:46,8609.75,8610.25,8609.0,8609.5,81.0
2019-12-19 15:47,8609.5,8609.75,8608.25,8608.25,83.0
2019-12-19 15:48,8608.5,8609.5,8608.0,8609.25,45.0
2019-12-19 15:49,8609.25,8609.5,8607.75,8607.75,58.0
2019-12-19 15:50,8607.75,8608.0,8607.25,8607.5,43.0
2019-12-19 15:51,8607.75,8609.25,8607.75,8608.75,53.0
2019-12-19 15:52,8609.0,8609.0,8607.75,8608.0,26.0
2019-12-19 15:53,8608.25,8608.25,8607.25,8607.5,33.0
2019-12-19 15:54,8607.25,8607.5,8607.25,8607.25,16.0
2019-12-19 15:55,8607.5,8608.75,8607.25,8608.5,43.0
2019-12-19 15:56,8608.25,8608.5,8607.5,8607.75,36.0
2019-12-19 15:57,8608.0,8608.5,8607.75,8608.0,34.0
2019-12-19 15:58,8607.75,8607.75,8606.25,8607.0,50.0
2019-12-19 15:59,8606.75,8607.25,8605.75,8605.75,66.0
2019-12-19 16:00,8605.75,8607.0,8605.5,8607.0,72.0
2019-12-19 16:01,8607.0,8607.75,8607.0,8607.25,26.0
2019-12-19 16:02,8607.25,8609.0,8607.25,8608.5,87.0
2019-12-19 16:03,8608.25,8608.5,8607.75,8607.75,40.0
2019-12-19 16:04,8607.75,8610.75,8607.5,8609.5,125.0
2019-12-19 16:05,8609.5,8610.25,8609.25,8610.0,47.0
2019-12-19 16:06,8609.75,8609.75,8608.5,8609.5,49.0
2019-12-19 16:07,8609.5,8613.0,8609.25,8611.75,125.0
2019-12-19 16:08,8612.0,8613.0,8611.5,8612.75,95.0
2019-12-19 16:09,8612.75,8612.75,8611.25,8612.0,52.0
2019-12-19 16:10,8612.75,8614.5,8611.75,8612.0,79.0
2019-12-19 16:11,8611.5,8611.5,8610.0,8610.25,100.0
2019-12-19 16:12,8610.25,8610.5,8609.0,8609.75,48.0
2019-12-19 16:13,8609.5,8610.25,8609.0,8610.25,51.0
2019-12-19 16:14,8610.0,8610.25,8609.25,8609.75,24.0
2019-12-19 16:15,8609.75,8610.25,8609.75,8610.25,18.0
2019-12-19 16:16,8610.25,8611.5,8609.0,8611.5,53.0
2019-12-19 16:17,8611.25,8612.0,8610.75,8610.75,40.0
2019-12-19 16:18,8611.0,8611.5,8610.75,8611.25,25.0
2019-12-19 16:19,8611.25,8612.0,8611.0,8612.0,33.0
2019-12-19 16:20,8612.0,8616.75,8612.0,8616.0,274.0
2019-12-19 16:21,8616.5,8616.5,8615.0,8615.5,87.0
2019-12-19 16:22,8615.5,8618.5,8615.25,8618.0,126.0
2019-12-19 16:23,8617.75,8620.25,8617.5,8619.25,158.0
2019-12-19 16:24,8619.5,8620.0,8618.5,8619.0,81.0
2019-12-19 16:25,8619.0,8619.5,8618.25,8619.0,58.0
2019-12-19 16:26,8619.5,8619.5,8617.5,8617.5,83.0
2019-12-19 16:27,8618.75,8619.25,8618.5,8619.0,49.0
2019-12-19 16:28,8619.0,8622.5,8619.0,8621.75,107.0
2019-12-19 16:29,8621.75,8621.75,8620.75,8620.75,57.0
2019-12-19 16:30,8621.0,8621.75,8620.25,8620.5,37.0
2019-12-19 16:31,8620.5,8621.75,8620.5,8621.0,43.0
2019-12-19 16:32,8621.0,8624.0,8620.75,8624.0,75.0
2019-12-19 16:33,8624.0,8627.25,8624.0,8625.75,145.0
2019-12-19 16:34,8626.0,8626.5,8624.0,8625.5,67.0
2019-12-19 16:35,8626.0,8626.25,8624.25,8624.25,30.0
2019-12-19 16:36,8624.75,8624.75,8622.5,8624.0,119.0
2019-12-19 16:37,8624.0,8624.75,8624.0,8624.0,21.0
2019-12-19 16:38,8623.75,8623.75,8623.0,8623.5,27.0
2019-12-19 16:39,8623.25,8623.5,8622.25,8622.5,34.0
2019-12-19 16:40,8622.5,8622.75,8621.5,8621.75,41.0
2019-12-19 16:41,8621.75,8621.75,8620.25,8621.0,83.0
2019-12-19 16:42,8621.0,8621.0,8619.5,8619.75,85.0
2019-12-19 16:43,8620.0,8620.75,8620.0,8620.0,66.0
2019-12-19 16:44,8620.0,8620.5,8620.0,8620.0,32.0
2019-12-19 16:45,8620.25,8621.25,8620.25,8620.75,19.0
2019-12-19 16:46,8621.0,8621.5,8620.25,8621.5,31.0
2019-12-19 16:47,8621.75,8622.25,8621.5,8622.25,34.0
2019-12-19 16:48,8622.25,8622.25,8621.75,8622.25,18.0
2019-12-19 16:49,8622.25,8622.75,8622.0,8622.5,16.0
2019-12-19 16:50,8622.25,8623.75,8622.25,8622.75,42.0
2019-12-19 16:51,8623.0,8623.0,8622.25,8622.5,22.0
2019-12-19 16:52,8623.0,8624.0,8623.0,8623.75,29.0
2019-12-19 16:53,8624.0,8624.5,8623.75,8624.25,83.0
2019-12-19 16:54,8624.25,8624.5,8623.75,8624.25,50.0
2019-12-19 16:55,8624.25,8625.0,8624.0,8624.75,57.0
2019-12-19 16:56,8624.75,8625.25,8624.5,8625.25,27.0
2019-12-19 16:57,8625.0,8625.0,8624.0,8624.0,179.0
2019-12-19 16:58,8624.25,8624.25,8622.75,8623.25,48.0
2019-12-19 16:59,8623.25,8624.5,8623.25,8623.5,44.0
2019-12-19 17:00,8623.75,8623.75,8623.25,8623.5,8.0
2019-12-19 17:01,8623.25,8625.0,8623.25,8625.0,58.0
2019-12-19 17:02,8625.5,8626.25,8625.25,8626.0,59.0
2019-12-19 17:03,8626.25,8627.75,8626.25,8626.75,64.0
2019-12-19 17:04,8627.0,8627.25,8625.75,8625.75,19.0
2019-12-19 17:05,8626.0,8626.5,8625.25,8626.0,49.0
2019-12-19 17:06,8625.25,8625.5,8625.0,8625.5,14.0
2019-12-19 17:07,8625.5,8627.5,8625.0,8626.75,32.0
2019-12-19 17:08,8626.75,8627.25,8625.75,8626.5,37.0
2019-12-19 17:09,8626.0,8626.0,8625.5,8625.75,9.0
2019-12-19 17:10,8625.75,8625.75,8624.75,8624.75,12.0
2019-12-19 17:11,8625.25,8626.0,8625.25,8626.0,6.0
2019-12-19 17:12,8626.0,8626.0,8625.0,8625.0,41.0
2019-12-19 17:13,8625.25,8625.5,8624.75,8625.5,42.0
2019-12-19 17:14,8625.0,8625.5,8625.0,8625.0,14.0
2019-12-19 17:15,8625.25,8626.5,8624.75,8625.25,56.0
2019-12-19 17:16,8626.0,8626.5,8626.0,8626.5,12.0
2019-12-19 17:17,8626.25,8626.25,8626.25,8626.25,8.0
2019-12-19 17:18,8626.0,8627.0,8626.0,8627.0,10.0
2019-12-19 17:19,8626.75,8628.25,8626.75,8628.0,25.0
2019-12-19 17:20,8628.0,8628.75,8627.5,8628.25,29.0
2019-12-19 17:21,8628.5,8628.5,8627.75,8627.75,19.0
2019-12-19 17:22,8628.0,8628.75,8628.0,8628.5,36.0
2019-12-19 17:23,8627.5,8627.75,8627.25,8627.25,13.0
2019-12-19 17:24,8626.75,8626.75,8626.0,8626.5,49.0
2019-12-19 17:25,8626.5,8626.5,8625.0,8625.25,27.0
2019-12-19 17:26,8625.0,8625.5,8624.75,8625.25,8.0
2019-12-19 17:27,8625.25,8625.75,8624.75,8624.75,23.0
2019-12-19 17:28,8624.75,8625.25,8624.0,8624.5,25.0
2019-12-19 17:29,8624.25,8624.5,8623.75,8623.75,19.0
2019-12-19 17:30,8623.75,8623.75,8623.25,8623.75,12.0
2019-12-19 17:31,8623.75,8623.75,8622.75,8623.25,38.0
2019-12-19 17:32,8623.5,8623.5,8622.25,8622.75,45.0
2019-12-19 17:33,8623.0,8623.0,8622.0,8622.0,24.0
2019-12-19 17:34,8622.0,8623.0,8622.0,8622.25,29.0
2019-12-19 17:35,8622.5,8623.5,8622.5,8623.0,16.0
2019-12-19 17:36,8623.75,8623.75,8623.25,8623.5,9.0
2019-12-19 17:37,8623.25,8623.75,8623.0,8623.75,12.0
2019-12-19 17:38,8624.0,8624.5,8623.5,8623.5,18.0
2019-12-19 17:39,8623.25,8623.75,8623.25,8623.5,8.0
2019-12-19 17:40,8622.5,8622.5,8622.5,8622.5,3.0
2019-12-19 17:41,8622.5,8622.75,8622.0,8622.0,20.0
2019-12-19 17:42,8622.0,8622.25,8621.0,8622.25,62.0
2019-12-19 17:43,8621.75,8621.75,8621.5,8621.5,13.0
2019-12-19 17:44,8621.75,8621.75,8620.25,8620.25,28.0
2019-12-19 17:45,8620.25,8620.5,8619.5,8620.5,29.0
2019-12-19 17:46,8620.5,8620.75,8620.0,8620.75,23.0
2019-12-19 17:47,8620.5,8620.75,8619.75,8620.0,23.0
2019-12-19 17:48,8619.75,8620.5,8619.0,8620.0,24.0
2019-12-19 17:49,8619.25,8620.0,8619.25,8620.0,15.0
2019-12-19 17:50,8620.0,8620.0,8619.0,8619.5,29.0
2019-12-19 17:51,8619.75,8620.5,8619.75,8620.5,64.0
2019-12-19 17:52,8620.5,8620.5,8619.5,8619.75,26.0
2019-12-19 17:53,8619.5,8620.5,8619.5,8620.25,18.0
2019-12-19 17:54,8620.0,8620.25,8620.0,8620.25,9.0
2019-12-19 17:55,8620.5,8620.75,8620.5,8620.75,14.0
2019-12-19 17:56,8620.75,8621.75,8620.25,8621.5,21.0
2019-12-19 17:57,8621.25,8621.5,8620.75,8621.0,20.0
2019-12-19 17:58,8621.0,8621.25,8621.0,8621.0,19.0
2019-12-19 17:59,8621.0,8621.5,8620.5,8621.5,13.0
2019-12-19 18:00,8621.25,8621.75,8620.75,8620.75,26.0
2019-12-19 18:01,8621.0,8621.75,8621.0,8621.25,18.0
2019-12-19 18:02,8621.5,8621.5,8620.75,8620.75,24.0
2019-12-19 18:03,8620.25,8620.25,8618.75,8619.0,37.0
2019-12-19 18:04,8619.25,8620.0,8619.0,8619.75,44.0
2019-12-19 18:05,8619.5,8619.75,8619.5,8619.75,11.0
2019-12-19 18:06,8619.5,8619.5,8618.5,8618.5,21.0
2019-12-19 18:07,8618.25,8618.5,8617.5,8618.5,39.0
2019-12-19 18:08,8619.5,8620.0,8619.25,8620.0,21.0
2019-12-19 18:09,8620.0,8620.25,8620.0,8620.0,19.0
2019-12-19 18:10,8620.5,8620.75,8620.0,8620.25,20.0
2019-12-19 18:11,8620.25,8620.5,8619.75,8620.5,31.0
2019-12-19 18:12,8620.25,8620.5,8620.25,8620.5,7.0
2019-12-19 18:13,8620.75,8621.25,8620.5,8621.25,21.0
2019-12-19 18:14,8621.5,8622.0,8621.5,8621.5,96.0
2019-12-19 18:15,8621.75,8623.5,8621.5,8623.25,125.0
2019-12-19 18:16,8623.25,8624.75,8623.25,8624.5,39.0
2019-12-19 18:17,8624.5,8624.75,8623.5,8624.5,29.0
2019-12-19 18:18,8624.5,8625.25,8624.5,8624.75,14.0
2019-12-19 18:19,8624.5,8624.75,8624.0,8624.0,27.0
2019-12-19 18:20,8624.25,8624.25,8624.0,8624.25,12.0
2019-12-19 18:21,8624.0,8624.5,8623.5,8624.0,30.0
2019-12-19 18:22,8624.5,8624.75,8624.0,8624.0,12.0
2019-12-19 18:23,8624.0,8624.25,8623.5,8623.5,17.0
2019-12-19 18:24,8623.75,8623.75,8623.5,8623.75,13.0
2019-12-19 18:25,8624.0,8624.25,8624.0,8624.25,2.0
2019-12-19 18:26,8624.5,8624.5,8624.0,8624.25,8.0
2019-12-19 18:27,8624.0,8624.25,8623.75,8624.0,7.0
2019-12-19 18:28,8624.25,8624.75,8624.25,8624.5,14.0
2019-12-19 18:29,8624.5,8624.75,8624.0,8624.75,16.0
2019-12-19 18:30,8624.25,8624.25,8623.25,8624.0,33.0
2019-12-19 18:31,8623.75,8624.25,8623.75,8624.0,6.0
2019-12-19 18:32,8624.25,8624.5,8624.0,8624.5,13.0
2019-12-19 18:33,8624.75,8625.25,8624.75,8625.0,15.0
2019-12-19 18:34,8624.75,8625.5,8624.5,8625.5,12.0
2019-12-19 18:35,8625.25,8626.0,8625.0,8625.25,126.0
2019-12-19 18:36,8625.5,8626.5,8625.5,8626.5,18.0
2019-12-19 18:37,8626.5,8627.5,8626.5,8627.0,27.0
2019-12-19 18:38,8627.0,8627.25,8626.5,8626.75,22.0
2019-12-19 18:39,8626.5,8626.75,8625.5,8626.5,27.0
2019-12-19 18:40,8626.75,8627.75,8626.5,8627.75,18.0
2019-12-19 18:41,8627.5,8627.5,8626.5,8626.5,25.0
2019-12-19 18:42,8626.25,8626.25,8625.5,8625.5,12.0
2019-12-19 18:43,8626.0,8626.0,8625.25,8625.5,26.0
2019-12-19 18:44,8625.0,8625.75,8624.75,8625.75,51.0
2019-12-19 18:45,8625.75,8626.75,8625.75,8626.25,25.0
2019-12-19 18:46,8626.0,8626.25,8625.75,8626.25,13.0
2019-12-19 18:47,8626.25,8627.5,8626.25,8627.0,20.0
2019-12-19 18:48,8627.5,8627.5,8626.5,8626.5,9.0
2019-12-19 18:49,8626.5,8627.5,8626.5,8627.5,11.0
2019-12-19 18:50,8627.25,8627.5,8627.0,8627.5,6.0
2019-12-19 18:51,8627.5,8627.5,8627.25,8627.5,11.0
2019-12-19 18:52,8627.5,8627.5,8626.75,8627.0,21.0
2019-12-19 18:53,8626.75,8627.0,8626.0,8626.75,20.0
2019-12-19 18:54,8626.0,8626.25,8625.25,8625.75,45.0
2019-12-19 18:55,8626.0,8626.0,8624.5,8625.0,26.0
2019-12-19 18:56,8625.0,8625.5,8624.75,8625.0,16.0
2019-12-19 18:57,8625.25,8626.25,8625.25,8626.25,22.0
2019-12-19 18:58,8626.25,8626.5,8626.0,8626.25,13.0
2019-12-19 18:59,8625.75,8627.25,8625.75,8626.5,17.0
2019-12-19 19:00,8626.75,8626.75,8625.0,8625.0,28.0
2019-12-19 19:01,8625.25,8626.5,8625.25,8625.75,26.0
2019-12-19 19:02,8625.5,8626.25,8625.5,8626.0,8.0
2019-12-19 19:03,8626.0,8626.25,8625.25,8625.75,12.0
2019-12-19 19:04,8625.75,8626.0,8625.5,8625.75,19.0
2019-12-19 19:05,8626.5,8627.5,8626.5,8627.5,13.0
2019-12-19 19:06,8627.75,8628.0,8627.5,8627.5,18.0
2019-12-19 19:07,8627.75,8627.75,8627.25,8627.75,31.0
2019-12-19 19:08,8627.25,8627.5,8627.0,8627.25,22.0
2019-12-19 19:09,8627.0,8627.5,8626.75,8627.0,55.0
2019-12-19 19:10,8626.75,8627.75,8626.75,8627.0,117.0
2019-12-19 19:11,8626.75,8627.25,8626.75,8627.25,26.0
2019-12-19 19:12,8627.5,8629.25,8627.5,8629.0,20.0
2019-12-19 19:13,8628.25,8628.75,8628.0,8628.75,22.0
2019-12-19 19:14,8628.75,8631.0,8628.75,8629.5,97.0
2019-12-19 19:15,8629.25,8629.5,8629.25,8629.5,6.0
2019-12-19 19:16,8629.5,8629.75,8629.5,8629.5,21.0
2019-12-19 19:17,8629.25,8629.5,8629.25,8629.5,10.0
2019-12-19 19:18,8629.25,8629.25,8629.25,8629.25,12.0
2019-12-19 19:19,8629.25,8629.75,8629.0,8629.0,11.0
2019-12-19 19:20,8629.25,8629.75,8629.0,8629.25,20.0
2019-12-19 19:21,8629.75,8630.0,8629.25,8629.25,93.0
2019-12-19 19:22,8629.5,8630.25,8629.5,8629.75,28.0
2019-12-19 19:23,8630.0,8630.75,8630.0,8630.75,23.0
2019-12-19 19:24,8630.25,8630.5,8630.25,8630.25,10.0
2019-12-19 19:25,8631.0,8632.25,8630.25,8630.25,78.0
2019-12-19 19:26,8630.5,8630.5,8629.75,8630.0,10.0
2019-12-19 19:27,8630.5,8631.0,8630.25,8631.0,16.0
2019-12-19 19:28,8630.75,8631.25,8630.75,8631.25,8.0
2019-12-19 19:29,8631.25,8631.25,8630.5,8630.5,10.0
2019-12-19 19:30,8630.5,8632.0,8630.5,8631.75,23.0
2019-12-19 19:31,8631.75,8632.5,8631.5,8632.5,30.0
2019-12-19 19:32,8632.0,8632.0,8631.5,8632.0,26.0
2019-12-19 19:33,8631.75,8632.0,8630.5,8630.5,33.0
2019-12-19 19:34,8630.25,8632.25,8630.25,8632.0,33.0
2019-12-19 19:35,8632.5,8633.25,8631.75,8632.5,44.0
2019-12-19 19:36,8632.5,8632.5,8631.75,8632.25,21.0
2019-12-19 19:37,8632.0,8633.5,8632.0,8633.5,8.0
2019-12-19 19:38,8633.75,8634.0,8633.0,8633.5,39.0
2019-12-19 19:39,8633.5,8633.5,8633.0,8633.25,10.0
2019-12-19 19:40,8632.5,8632.75,8632.25,8632.25,11.0
2019-12-19 19:41,8632.25,8632.75,8631.25,8631.25,39.0
2019-12-19 19:42,8631.5,8632.25,8631.5,8632.25,10.0
2019-12-19 19:43,8632.25,8633.0,8632.25,8633.0,14.0
2019-12-19 19:44,8633.25,8634.0,8633.0,8633.75,40.0
2019-12-19 19:45,8634.0,8634.0,8633.5,8633.5,5.0
2019-12-19 19:46,8634.0,8635.0,8633.5,8633.5,45.0
2019-12-19 19:47,8634.0,8634.0,8633.0,8633.25,15.0
2019-12-19 19:48,8633.0,8633.25,8632.75,8632.75,19.0
2019-12-19 19:49,8632.5,8632.75,8631.75,8632.75,17.0
2019-12-19 19:50,8633.0,8633.0,8632.75,8632.75,12.0
2019-12-19 19:51,8632.75,8633.25,8632.75,8633.0,9.0
2019-12-19 19:52,8632.75,8632.75,8632.0,8632.0,9.0
2019-12-19 19:53,8632.25,8632.25,8631.25,8631.5,45.0
2019-12-19 19:54,8631.25,8631.5,8631.0,8631.25,15.0
2019-12-19 19:55,8631.5,8632.0,8631.0,8632.0,14.0
2019-12-19 19:56,8632.0,8632.75,8632.0,8632.25,16.0
2019-12-19 19:57,8632.25,8632.25,8631.5,8631.5,9.0
2019-12-19 19:58,8631.75,8632.25,8631.5,8632.0,72.0
2019-12-19 19:59,8631.5,8632.5,8631.25,8631.75,40.0
2019-12-19 20:00,8631.75,8632.5,8631.5,8632.5,45.0
2019-12-19 20:01,8632.75,8633.25,8632.75,8632.75,78.0
2019-12-19 20:02,8632.5,8632.5,8632.0,8632.25,12.0
2019-12-19 20:03,8631.5,8632.75,8631.5,8632.5,51.0
2019-12-19 20:04,8632.5,8633.25,8632.5,8632.5,17.0
2019-12-19 20:05,8632.75,8633.0,8632.5,8632.5,4.0
2019-12-19 20:06,8632.5,8633.25,8632.5,8632.75,32.0
2019-12-19 20:07,8632.5,8632.75,8631.5,8631.5,12.0
2019-12-19 20:08,8631.25,8631.25,8629.25,8629.25,38.0
2019-12-19 20:09,8629.5,8630.0,8629.0,8629.25,32.0
2019-12-19 20:10,8629.5,8630.25,8629.25,8630.0,35.0
2019-12-19 20:11,8630.0,8630.0,8628.5,8629.25,23.0
2019-12-19 20:12,8629.0,8630.25,8628.25,8630.0,38.0
2019-12-19 20:13,8630.0,8630.0,8629.75,8630.0,8.0
2019-12-19 20:14,8629.75,8630.25,8629.75,8630.0,16.0
2019-12-19 20:15,8629.75,8629.75,8628.25,8628.75,19.0
2019-12-19 20:16,8629.0,8630.5,8629.0,8629.25,31.0
2019-12-19 20:17,8629.25,8629.25,8629.0,8629.25,9.0
2019-12-19 20:18,8629.0,8629.25,8629.0,8629.25,3.0
2019-12-19 20:19,8629.75,8631.5,8629.75,8631.25,37.0
2019-12-19 20:20,8631.0,8632.75,8631.0,8632.75,55.0
2019-12-19 20:21,8632.0,8632.5,8632.0,8632.0,29.0
2019-12-19 20:22,8632.5,8632.75,8631.5,8631.5,17.0
2019-12-19 20:23,8631.5,8632.0,8631.5,8632.0,2.0
2019-12-19 20:24,8630.5,8630.75,8630.0,8630.0,24.0
2019-12-19 20:25,8630.0,8630.0,8628.5,8629.0,52.0
2019-12-19 20:26,8629.25,8629.75,8629.25,8629.75,18.0
2019-12-19 20:27,8630.25,8630.25,8629.5,8629.5,14.0
2019-12-19 20:28,8629.5,8629.75,8629.5,8629.75,16.0
2019-12-19 20:29,8629.75,8629.75,8628.75,8629.0,102.0
2019-12-19 20:30,8629.25,8629.25,8628.0,8628.5,15.0
2019-12-19 20:31,8628.5,8628.75,8627.0,8628.75,47.0
2019-12-19 20:32,8628.5,8628.75,8628.0,8628.75,10.0
2019-12-19 20:33,8629.0,8629.0,8628.25,8628.5,7.0
2019-12-19 20:34,8628.0,8629.75,8628.0,8629.75,50.0
2019-12-19 20:35,8629.75,8630.5,8628.75,8629.0,23.0
2019-12-19 20:36,8628.5,8628.5,8627.75,8628.5,22.0
2019-12-19 20:37,8628.75,8629.0,8628.25,8629.0,21.0
2019-12-19 20:38,8628.75,8629.5,8628.0,8628.75,42.0
2019-12-19 20:39,8628.75,8629.0,8628.5,8628.75,41.0
2019-12-19 20:40,8628.75,8631.25,8628.75,8631.0,91.0
2019-12-19 20:41,8631.25,8631.25,8630.75,8631.0,86.0
2019-12-19 20:42,8631.5,8631.5,8630.25,8631.0,48.0
2019-12-19 20:43,8630.5,8632.0,8630.25,8632.0,40.0
2019-12-19 20:44,8631.25,8632.5,8631.0,8632.5,72.0
2019-12-19 20:45,8632.0,8632.5,8631.25,8632.5,25.0
2019-12-19 20:46,8632.5,8632.5,8630.75,8631.25,27.0
2019-12-19 20:47,8631.25,8632.25,8631.0,8631.75,61.0
2019-12-19 20:48,8631.5,8631.75,8630.75,8631.25,26.0
2019-12-19 20:49,8631.5,8631.5,8629.5,8630.0,127.0
2019-12-19 20:50,8630.25,8631.0,8625.25,8631.0,373.0
2019-12-19 20:51,8631.25,8632.5,8629.75,8631.25,381.0
2019-12-19 20:52,8631.0,8632.25,8630.75,8632.25,228.0
2019-12-19 20:53,8632.0,8632.0,8630.5,8632.0,237.0
2019-12-19 20:54,8632.0,8636.0,8630.0,8635.5,495.0
2019-12-19 20:55,8635.5,8636.75,8634.75,8636.25,315.0
2019-12-19 20:56,8636.25,8638.0,8635.5,8636.0,149.0
2019-12-19 20:57,8636.0,8637.25,8635.75,8637.0,121.0
2019-12-19 20:58,8637.0,8637.5,8635.75,8637.5,222.0
2019-12-19 20:59,8637.25,8643.75,8637.25,8640.5,795.0
2019-12-19 21:00,8640.5,8640.75,8636.75,8640.5,157.0
2019-12-19 21:01,8640.75,8642.0,8640.0,8641.5,128.0
2019-12-19 21:02,8641.5,8642.25,8640.75,8641.75,40.0
2019-12-19 21:03,8642.0,8642.5,8642.0,8642.25,15.0
2019-12-19 21:04,8642.0,8642.75,8641.75,8642.5,32.0
2019-12-19 21:05,8642.75,8642.75,8642.0,8642.25,15.0
2019-12-19 21:06,8642.0,8642.75,8642.0,8642.5,15.0
2019-12-19 21:07,8642.5,8643.25,8642.5,8643.0,33.0
2019-12-19 21:08,8643.0,8643.5,8642.75,8642.75,47.0
2019-12-19 21:09,8642.5,8643.5,8642.25,8643.5,31.0
2019-12-19 21:10,8643.5,8643.75,8643.25,8643.75,25.0
2019-12-19 21:11,8643.0,8643.25,8643.0,8643.0,6.0
2019-12-19 21:12,8643.0,8643.25,8642.5,8642.5,33.0
2019-12-19 21:13,8642.5,8644.0,8641.5,8643.75,53.0
2019-12-19 21:14,8643.5,8644.25,8641.5,8642.0,256.0
2019-12-19 21:30,8643.0,8643.5,8643.0,8643.5,6.0
2019-12-19 21:31,8644.75,8645.0,8644.75,8645.0,9.0
2019-12-19 21:32,8645.25,8647.75,8645.25,8646.25,14.0
2019-12-19 21:33,8646.5,8646.5,8646.5,8646.5,2.0
2019-12-19 21:34,8646.5,8648.0,8646.5,8648.0,17.0
2019-12-19 21:35,8647.75,8649.25,8646.25,8648.5,23.0
2019-12-19 21:36,8647.25,8649.25,8647.25,8648.5,8.0
2019-12-19 21:37,8648.75,8649.5,8648.25,8649.5,5.0
2019-12-19 21:38,8649.5,8649.5,8649.5,8649.5,1.0
2019-12-19 21:39,8649.5,8649.5,8649.5,8649.5,1.0
2019-12-19 21:40,8649.25,8649.25,8649.25,8649.25,2.0
2019-12-19 21:41,8649.25,8649.5,8649.25,8649.5,6.0
2019-12-19 21:42,8648.75,8648.75,8648.5,8648.75,9.0
2019-12-19 21:43,8648.75,8649.5,8648.75,8649.5,4.0
2019-12-19 21:44,8648.75,8651.25,8648.75,8650.25,16.0
2019-12-19 21:45,8650.5,8655.5,8649.5,8651.25,45.0
2019-12-19 21:46,8650.5,8650.75,8650.0,8650.75,12.0
2019-12-19 21:47,8651.25,8651.75,8651.25,8651.75,5.0
2019-12-19 21:48,8651.25,8651.25,8651.25,8651.25,6.0
2019-12-19 21:49,8650.75,8651.5,8650.5,8651.5,6.0
2019-12-19 21:50,8651.75,8653.25,8651.75,8652.0,19.0
2019-12-19 21:51,8652.5,8653.25,8652.0,8653.25,6.0
2019-12-19 21:52,8651.75,8651.75,8651.25,8651.25,2.0
2019-12-19 21:53,8652.0,8652.25,8652.0,8652.25,2.0
2019-12-19 21:54,8650.75,8651.0,8650.5,8651.0,4.0
2019-12-19 21:55,8650.5,8650.75,8650.5,8650.75,5.0
2019-12-19 21:56,8650.25,8651.0,8650.25,8651.0,5.0
2019-12-19 21:57,8651.5,8651.5,8650.5,8650.5,3.0
2019-12-19 21:58,8650.5,8650.5,8650.25,8650.5,10.0
2019-12-19 21:59,8650.5,8651.0,8650.0,8651.0,22.0
2019-12-19 23:00,8651.0,8655.0,8646.75,8646.75,15.0
2019-12-19 23:01,8648.75,8648.75,8648.75,8648.75,2.0
2019-12-19 23:03,8647.25,8648.0,8647.25,8648.0,4.0
2019-12-19 23:05,8648.0,8648.0,8648.0,8648.0,1.0
2019-12-19 23:06,8648.0,8648.0,8648.0,8648.0,1.0
2019-12-19 23:07,8648.75,8648.75,8648.75,8648.75,1.0
2019-12-19 23:09,8650.0,8650.25,8650.0,8650.25,4.0
2019-12-19 23:10,8650.0,8650.0,8650.0,8650.0,1.0
2019-12-19 23:11,8650.75,8652.0,8649.0,8649.0,12.0
2019-12-19 23:13,8650.25,8650.25,8650.0,8650.0,3.0
2019-12-19 23:14,8650.0,8650.0,8650.0,8650.0,1.0
2019-12-19 23:16,8648.5,8648.5,8648.5,8648.5,1.0
2019-12-19 23:27,8649.0,8649.0,8649.0,8649.0,2.0
2019-12-19 23:29,8649.25,8649.25,8648.5,8648.5,3.0
2019-12-19 23:30,8648.75,8649.25,8648.75,8649.25,3.0
2019-12-19 23:31,8649.75,8650.0,8649.75,8650.0,3.0
2019-12-19 23:32,8650.25,8650.25,8650.25,8650.25,7.0
2019-12-19 23:35,8650.25,8650.25,8650.25,8650.25,19.0
2019-12-19 23:36,8650.25,8650.5,8649.75,8650.5,8.0
2019-12-19 23:39,8650.5,8650.5,8650.5,8650.5,1.0
2019-12-19 23:40,8650.25,8650.25,8650.25,8650.25,1.0
2019-12-19 23:41,8649.75,8649.75,8649.5,8649.5,7.0
2019-12-19 23:43,8649.0,8649.0,8648.75,8649.0,4.0
2019-12-19 23:45,8649.25,8649.25,8649.25,8649.25,1.0
2019-12-19 23:46,8650.25,8650.25,8650.25,8650.25,1.0
2019-12-19 23:47,8650.25,8650.25,8650.25,8650.25,1.0
2019-12-19 23:53,8650.5,8650.75,8650.5,8650.75,2.0
2019-12-19 23:57,8650.0,8650.0,8650.0,8650.0,6.0
2019-12-19 23:58,8650.0,8650.25,8650.0,8650.0,7.0
2019-12-19 23:59,8650.5,8650.5,8650.5,8650.5,1.0
2019-12-20 00:01,8650.25,8657.0,8650.0,8651.25,121.0
2019-12-20 00:02,8651.25,8651.5,8651.25,8651.25,5.0
2019-12-20 00:03,8651.25,8651.25,8651.25,8651.25,2.0
2019-12-20 00:04,8652.25,8652.25,8651.25,8651.25,3.0
2019-12-20 00:05,8651.25,8651.25,8651.25,8651.25,4.0
2019-12-20 00:09,8651.25,8651.25,8651.25,8651.25,1.0
2019-12-20 00:12,8651.25,8653.5,8651.25,8653.5,2.0
2019-12-20 00:17,8653.75,8653.75,8653.5,8653.5,2.0
2019-12-20 00:18,8652.25,8653.0,8652.25,8653.0,2.0
2019-12-20 00:19,8651.75,8652.25,8651.75,8652.25,2.0
2019-12-20 00:20,8652.75,8653.0,8652.75,8653.0,3.0
2019-12-20 00:21,8651.0,8651.0,8651.0,8651.0,1.0
2019-12-20 00:22,8650.25,8650.25,8650.0,8650.0,2.0
2019-12-20 00:23,8649.5,8649.5,8649.5,8649.5,1.0
2019-12-20 00:24,8651.25,8651.25,8651.25,8651.25,1.0
2019-12-20 00:29,8649.75,8649.75,8649.75,8649.75,1.0
2019-12-20 00:30,8649.0,8649.0,8648.5,8648.5,7.0
2019-12-20 00:31,8649.0,8649.0,8649.0,8649.0,1.0
2019-12-20 00:35,8649.5,8650.25,8649.5,8649.75,3.0
2019-12-20 00:36,8650.0,8650.0,8650.0,8650.0,2.0
2019-12-20 00:39,8649.25,8649.25,8649.25,8649.25,4.0
2019-12-20 00:41,8649.75,8649.75,8649.0,8649.0,2.0
2019-12-20 00:42,8648.0,8648.75,8648.0,8648.75,3.0
2019-12-20 00:44,8649.0,8649.0,8649.0,8649.0,1.0
2019-12-20 00:45,8649.0,8649.75,8648.0,8649.75,10.0
2019-12-20 00:46,8649.0,8649.0,8647.75,8647.75,2.0
2019-12-20 00:47,8648.0,8648.0,8647.75,8647.75,3.0
2019-12-20 00:51,8647.75,8647.75,8647.25,8647.25,4.0
2019-12-20 00:52,8648.5,8648.75,8648.5,8648.75,3.0
2019-12-20 00:53,8648.25,8648.25,8648.25,8648.25,1.0
2019-12-20 00:55,8647.0,8647.0,8647.0,8647.0,1.0
2019-12-20 00:57,8647.0,8647.0,8647.0,8647.0,1.0
2019-12-20 00:59,8648.75,8648.75,8648.75,8648.75,1.0
2019-12-20 01:01,8649.0,8649.0,8649.0,8649.0,1.0
2019-12-20 01:03,8649.75,8649.75,8649.75,8649.75,2.0
2019-12-20 01:04,8649.0,8649.0,8649.0,8649.0,1.0
2019-12-20 01:06,8648.25,8648.25,8648.25,8648.25,1.0
2019-12-20 01:09,8647.75,8647.75,8647.25,8647.25,3.0
2019-12-20 01:10,8647.0,8647.0,8647.0,8647.0,1.0
2019-12-20 01:11,8646.75,8646.75,8646.75,8646.75,2.0
2019-12-20 01:12,8647.5,8647.75,8647.0,8647.0,5.0
2019-12-20 01:13,8646.75,8646.75,8646.5,8646.5,5.0
2019-12-20 01:15,8646.5,8647.0,8646.5,8647.0,4.0
2019-12-20 01:17,8647.0,8648.0,8647.0,8648.0,2.0
2019-12-20 01:18,8647.0,8647.0,8647.0,8647.0,1.0
2019-12-20 01:19,8646.25,8646.5,8645.75,8645.75,7.0
2019-12-20 01:20,8645.25,8645.25,8645.25,8645.25,4.0
2019-12-20 01:21,8645.25,8645.25,8645.25,8645.25,1.0
2019-12-20 01:22,8646.0,8647.0,8645.25,8645.25,10.0
2019-12-20 01:23,8645.25,8645.25,8645.25,8645.25,1.0
2019-12-20 01:24,8645.0,8645.25,8644.5,8644.5,11.0
2019-12-20 01:26,8645.0,8645.0,8645.0,8645.0,1.0
2019-12-20 01:27,8646.5,8646.75,8645.75,8646.75,4.0
2019-12-20 01:28,8646.75,8646.75,8645.25,8645.25,6.0
2019-12-20 01:29,8645.25,8645.25,8643.25,8645.25,23.0
2019-12-20 01:30,8644.0,8645.25,8644.0,8644.0,3.0
2019-12-20 01:31,8644.0,8644.5,8643.0,8643.0,4.0
2019-12-20 01:32,8644.25,8644.25,8644.25,8644.25,2.0
2019-12-20 01:34,8643.25,8643.25,8643.25,8643.25,1.0
2019-12-20 01:35,8643.25,8643.25,8643.25,8643.25,1.0
2019-12-20 01:36,8642.75,8642.75,8642.75,8642.75,2.0
2019-12-20 01:37,8643.0,8643.0,8642.25,8642.25,4.0
2019-12-20 01:38,8642.25,8642.25,8642.25,8642.25,1.0
2019-12-20 01:43,8643.5,8643.5,8643.5,8643.5,1.0
2019-12-20 01:44,8643.5,8643.5,8643.5,8643.5,1.0
2019-12-20 01:45,8644.0,8644.0,8643.75,8644.0,3.0
2019-12-20 01:46,8643.75,8643.75,8643.0,8643.0,4.0
2019-12-20 01:49,8643.75,8643.75,8643.75,8643.75,1.0
2019-12-20 01:50,8644.0,8644.0,8644.0,8644.0,11.0
2019-12-20 01:52,8644.75,8645.25,8644.75,8645.25,3.0
2019-12-20 01:55,8645.25,8645.25,8645.25,8645.25,2.0
2019-12-20 01:57,8646.25,8646.25,8646.0,8646.0,2.0
2019-12-20 01:59,8646.5,8646.5,8646.5,8646.5,2.0
2019-12-20 02:00,8647.25,8647.25,8646.25,8646.25,3.0
2019-12-20 02:02,8645.5,8646.5,8645.5,8645.5,5.0
2019-12-20 02:03,8645.5,8645.5,8645.5,8645.5,2.0
2019-12-20 02:05,8646.25,8646.25,8646.25,8646.25,1.0
2019-12-20 02:10,8645.75,8646.0,8645.75,8646.0,2.0
2019-12-20 02:13,8645.25,8645.25,8645.25,8645.25,1.0
2019-12-20 02:14,8646.25,8646.25,8645.25,8645.25,4.0
2019-12-20 02:16,8645.0,8646.25,8645.0,8646.25,3.0
2019-12-20 02:17,8646.5,8646.5,8646.5,8646.5,1.0
2019-12-20 02:18,8646.25,8646.25,8646.0,8646.25,4.0
2019-12-20 02:19,8645.25,8645.25,8645.25,8645.25,1.0
2019-12-20 02:22,8645.25,8645.25,8645.25,8645.25,2.0
2019-12-20 02:25,8646.5,8646.5,8646.5,8646.5,1.0
2019-12-20 02:26,8646.5,8646.5,8646.5,8646.5,1.0
2019-12-20 02:28,8646.75,8646.75,8646.75,8646.75,1.0
2019-12-20 02:30,8646.75,8648.0,8646.75,8647.5,7.0
2019-12-20 02:32,8647.5,8647.5,8647.0,8647.5,7.0
2019-12-20 02:34,8647.25,8647.25,8647.25,8647.25,1.0
2019-12-20 02:35,8647.0,8647.0,8647.0,8647.0,1.0
2019-12-20 02:36,8647.5,8647.5,8647.0,8647.0,4.0
2019-12-20 02:37,8647.0,8647.0,8647.0,8647.0,16.0
2019-12-20 02:38,8647.0,8647.5,8647.0,8647.0,11.0
2019-12-20 02:39,8646.75,8647.25,8646.75,8647.25,2.0
2019-12-20 02:40,8647.25,8647.25,8646.75,8646.75,2.0
2019-12-20 02:46,8648.25,8648.25,8648.25,8648.25,2.0
2019-12-20 02:47,8648.25,8648.25,8648.25,8648.25,6.0
2019-12-20 02:50,8648.0,8648.0,8648.0,8648.0,1.0
2019-12-20 02:51,8647.5,8648.25,8647.5,8648.25,2.0
2019-12-20 02:54,8648.5,8648.5,8648.5,8648.5,1.0
2019-12-20 02:55,8648.0,8648.0,8648.0,8648.0,1.0
2019-12-20 03:01,8648.0,8648.0,8648.0,8648.0,1.0
2019-12-20 03:05,8647.25,8647.25,8647.25,8647.25,1.0
2019-12-20 03:06,8647.25,8647.25,8647.25,8647.25,1.0
2019-12-20 03:07,8647.5,8647.5,8647.5,8647.5,2.0
2019-12-20 03:08,8647.5,8647.5,8647.5,8647.5,3.0
2019-12-20 03:10,8648.0,8648.0,8648.0,8648.0,2.0
2019-12-20 03:13,8648.25,8648.25,8648.25,8648.25,1.0
2019-12-20 03:18,8649.0,8649.25,8648.25,8648.25,4.0
2019-12-20 03:27,8648.25,8648.25,8648.25,8648.25,1.0
2019-12-20 03:36,8649.25,8649.25,8649.25,8649.25,1.0
2019-12-20 03:38,8648.75,8649.25,8648.75,8649.25,4.0
2019-12-20 03:41,8648.25,8648.25,8648.25,8648.25,1.0
2019-12-20 03:42,8648.25,8648.25,8648.25,8648.25,2.0
2019-12-20 03:44,8648.0,8648.25,8648.0,8648.25,2.0
2019-12-20 03:48,8649.0,8649.0,8649.0,8649.0,3.0
2019-12-20 03:50,8649.0,8649.0,8649.0,8649.0,1.0
2019-12-20 03:52,8649.5,8649.5,8649.25,8649.25,3.0
2019-12-20 03:53,8648.25,8648.25,8648.25,8648.25,1.0
2019-12-20 03:55,8648.25,8648.25,8648.25,8648.25,1.0
2019-12-20 03:56,8648.25,8648.25,8648.25,8648.25,1.0
2019-12-20 03:58,8649.0,8649.0,8649.0,8649.0,1.0
2019-12-20 03:59,8648.25,8648.5,8647.75,8647.75,10.0
2019-12-20 04:00,8647.75,8647.75,8647.5,8647.5,3.0
2019-12-20 04:04,8648.0,8648.0,8648.0,8648.0,2.0
2019-12-20 04:05,8648.0,8648.0,8648.0,8648.0,1.0
2019-12-20 04:07,8648.0,8648.0,8647.75,8647.75,8.0
2019-12-20 04:08,8647.75,8647.75,8647.75,8647.75,1.0
2019-12-20 04:09,8647.75,8647.75,8647.75,8647.75,1.0
2019-12-20 04:10,8647.5,8647.5,8647.5,8647.5,4.0
2019-12-20 04:11,8647.5,8647.5,8647.5,8647.5,1.0
2019-12-20 04:12,8647.5,8647.5,8647.5,8647.5,4.0
2019-12-20 04:14,8647.5,8647.5,8647.5,8647.5,1.0
2019-12-20 04:16,8647.25,8647.25,8647.25,8647.25,5.0
2019-12-20 04:17,8647.0,8647.25,8647.0,8647.0,4.0
2019-12-20 04:19,8646.75,8646.75,8646.25,8646.25,5.0
2019-12-20 04:21,8646.5,8646.5,8646.5,8646.5,2.0
2019-12-20 04:22,8646.75,8646.75,8646.75,8646.75,1.0
2019-12-20 04:24,8646.0,8646.0,8645.75,8645.75,8.0
2019-12-20 04:25,8645.5,8646.0,8645.5,8646.0,2.0
2019-12-20 04:26,8646.0,8646.0,8646.0,8646.0,1.0
2019-12-20 04:28,8645.5,8646.0,8645.5,8646.0,3.0
2019-12-20 04:30,8645.25,8645.25,8645.0,8645.25,6.0
2019-12-20 04:32,8645.25,8645.25,8645.25,8645.25,1.0
2019-12-20 04:38,8646.0,8646.0,8646.0,8646.0,1.0
2019-12-20 04:39,8646.0,8646.0,8645.75,8645.75,2.0
2019-12-20 04:40,8645.75,8645.75,8645.75,8645.75,1.0
2019-12-20 04:41,8645.75,8645.75,8645.25,8645.25,2.0
2019-12-20 04:42,8645.25,8645.25,8645.25,8645.25,2.0
2019-12-20 04:47,8645.5,8645.5,8645.5,8645.5,1.0
2019-12-20 04:48,8645.75,8645.75,8645.75,8645.75,2.0
2019-12-20 04:49,8645.75,8645.75,8644.75,8644.75,22.0
2019-12-20 04:50,8644.5,8644.5,8644.5,8644.5,1.0
2019-12-20 04:51,8644.0,8644.0,8644.0,8644.0,1.0
2019-12-20 04:52,8644.25,8644.25,8644.25,8644.25,1.0
2019-12-20 04:53,8644.0,8644.0,8644.0,8644.0,3.0
2019-12-20 04:55,8644.25,8644.25,8644.25,8644.25,1.0
2019-12-20 04:56,8645.25,8645.25,8645.25,8645.25,1.0
2019-12-20 04:57,8645.25,8645.25,8644.5,8644.5,2.0
2019-12-20 04:58,8644.75,8644.75,8644.75,8644.75,1.0
2019-12-20 05:00,8645.5,8645.5,8644.75,8644.75,4.0
2019-12-20 05:01,8644.75,8644.75,8644.0,8644.5,8.0
2019-12-20 05:04,8645.25,8645.25,8645.25,8645.25,1.0
2019-12-20 05:05,8645.5,8646.0,8645.5,8646.0,4.0
2019-12-20 05:06,8644.5,8644.5,8644.5,8644.5,1.0
2019-12-20 05:07,8644.5,8644.5,8644.5,8644.5,1.0
2019-12-20 05:10,8644.5,8644.75,8644.5,8644.75,2.0
2019-12-20 05:11,8645.0,8645.0,8645.0,8645.0,1.0
2019-12-20 05:14,8644.5,8644.5,8644.5,8644.5,3.0
2019-12-20 05:15,8643.75,8643.75,8643.75,8643.75,2.0
2019-12-20 05:17,8644.0,8644.0,8644.0,8644.0,2.0
2019-12-20 05:18,8644.25,8644.25,8644.0,8644.0,2.0
2019-12-20 05:19,8644.25,8644.25,8644.25,8644.25,1.0
2019-12-20 05:20,8644.5,8644.5,8644.5,8644.5,1.0
2019-12-20 05:21,8644.75,8644.75,8644.5,8644.5,2.0
2019-12-20 05:22,8645.0,8645.0,8645.0,8645.0,1.0
2019-12-20 05:28,8644.25,8644.25,8644.25,8644.25,1.0
2019-12-20 05:29,8644.25,8644.25,8644.25,8644.25,1.0
2019-12-20 05:30,8643.75,8643.75,8643.75,8643.75,2.0
2019-12-20 05:32,8643.5,8643.5,8643.5,8643.5,4.0
2019-12-20 05:33,8643.25,8643.25,8643.25,8643.25,2.0
2019-12-20 05:34,8643.25,8643.25,8643.25,8643.25,1.0
2019-12-20 05:35,8643.5,8643.5,8643.5,8643.5,1.0
2019-12-20 05:39,8643.0,8643.0,8643.0,8643.0,1.0
2019-12-20 05:40,8642.75,8642.75,8642.75,8642.75,1.0
2019-12-20 05:41,8642.75,8642.75,8642.75,8642.75,1.0
2019-12-20 05:42,8642.5,8642.5,8642.5,8642.5,2.0
2019-12-20 05:43,8642.5,8643.25,8642.5,8643.25,2.0
2019-12-20 05:44,8643.0,8643.0,8643.0,8643.0,1.0
2019-12-20 05:47,8643.5,8643.75,8643.5,8643.75,2.0
2019-12-20 05:48,8643.75,8643.75,8643.75,8643.75,2.0
2019-12-20 05:51,8645.0,8645.0,8645.0,8645.0,1.0
2019-12-20 05:52,8645.0,8645.0,8644.25,8644.25,13.0
2019-12-20 05:53,8644.25,8644.25,8644.25,8644.25,1.0
2019-12-20 05:56,8645.5,8645.5,8645.5,8645.5,1.0
2019-12-20 05:58,8644.0,8644.0,8644.0,8644.0,1.0
2019-12-20 05:59,8644.25,8644.25,8644.25,8644.25,1.0
2019-12-20 06:00,8644.0,8644.0,8644.0,8644.0,1.0
2019-12-20 06:01,8643.75,8643.75,8643.75,8643.75,1.0
2019-12-20 06:04,8643.0,8643.0,8643.0,8643.0,2.0
2019-12-20 06:05,8642.75,8642.75,8642.25,8642.25,6.0
2019-12-20 06:06,8642.0,8642.0,8641.75,8642.0,7.0
2019-12-20 06:07,8641.75,8641.75,8641.75,8641.75,2.0
2019-12-20 06:09,8641.75,8641.75,8641.75,8641.75,1.0
2019-12-20 06:12,8641.5,8641.5,8641.0,8641.0,2.0
2019-12-20 06:13,8641.0,8641.0,8641.0,8641.0,2.0
2019-12-20 06:14,8641.0,8641.0,8641.0,8641.0,2.0
2019-12-20 06:15,8640.25,8640.25,8640.25,8640.25,1.0
2019-12-20 06:18,8640.25,8641.25,8640.25,8641.25,3.0
2019-12-20 06:24,8640.25,8640.25,8640.25,8640.25,2.0
2019-12-20 06:25,8641.0,8641.0,8641.0,8641.0,1.0
2019-12-20 06:26,8640.25,8640.75,8640.0,8640.0,6.0
2019-12-20 06:29,8641.25,8641.25,8641.25,8641.25,2.0
2019-12-20 06:34,8641.25,8642.25,8641.25,8642.25,3.0
2019-12-20 06:43,8642.0,8642.0,8642.0,8642.0,2.0
2019-12-20 06:44,8641.5,8641.5,8641.5,8641.5,2.0
2019-12-20 06:50,8642.25,8642.25,8642.25,8642.25,2.0
2019-12-20 06:51,8641.5,8642.5,8641.5,8642.5,5.0
2019-12-20 06:52,8641.0,8641.0,8641.0,8641.0,3.0
2019-12-20 06:53,8641.0,8641.0,8641.0,8641.0,1.0
2019-12-20 06:56,8641.25,8641.25,8641.25,8641.25,3.0
2019-12-20 06:59,8641.5,8641.5,8641.5,8641.5,1.0
2019-12-20 07:01,8641.5,8641.5,8641.5,8641.5,1.0
2019-12-20 07:02,8640.25,8640.25,8640.0,8640.0,10.0
2019-12-20 07:07,8640.5,8640.5,8639.25,8639.25,7.0
2019-12-20 07:08,8639.25,8639.25,8639.25,8639.25,2.0
2019-12-20 07:13,8642.5,8642.5,8642.5,8642.5,1.0
2019-12-20 07:17,8641.5,8641.5,8641.0,8641.0,2.0
2019-12-20 07:18,8641.0,8641.0,8641.0,8641.0,1.0
2019-12-20 07:20,8641.25,8644.5,8640.75,8640.75,22.0
2019-12-20 07:22,8640.75,8640.75,8640.75,8640.75,1.0
2019-12-20 07:23,8640.0,8640.0,8640.0,8640.0,1.0
2019-12-20 07:29,8640.0,8640.0,8640.0,8640.0,1.0
2019-12-20 07:30,8641.5,8641.5,8640.0,8640.0,3.0
2019-12-20 07:31,8641.5,8641.5,8641.5,8641.5,1.0
2019-12-20 07:32,8641.5,8641.5,8641.5,8641.5,1.0
2019-12-20 07:34,8639.0,8639.0,8639.0,8639.0,1.0
2019-12-20 07:35,8639.75,8639.75,8638.25,8638.25,4.0
2019-12-20 07:36,8639.75,8640.5,8639.75,8639.75,8.0
2019-12-20 07:43,8641.5,8641.5,8641.5,8641.5,1.0
2019-12-20 07:44,8641.5,8641.5,8641.5,8641.5,7.0
2019-12-20 07:47,8642.25,8642.25,8641.5,8641.5,2.0
2019-12-20 07:54,8643.0,8643.0,8643.0,8643.0,2.0
2019-12-20 07:56,8643.75,8643.75,8643.75,8643.75,1.0
2019-12-20 07:57,8643.0,8643.0,8643.0,8643.0,6.0
2019-12-20 08:01,8645.0,8645.0,8645.0,8645.0,3.0
2019-12-20 08:03,8645.25,8645.25,8645.25,8645.25,1.0
2019-12-20 08:04,8645.0,8646.0,8645.0,8645.75,29.0
2019-12-20 08:05,8643.75,8644.25,8643.75,8643.75,6.0
2019-12-20 08:06,8643.0,8643.0,8643.0,8643.0,1.0
2019-12-20 08:07,8642.5,8642.5,8642.5,8642.5,10.0
2019-12-20 08:09,8642.0,8642.0,8642.0,8642.0,1.0
2019-12-20 08:10,8644.0,8644.0,8643.75,8643.75,2.0
2019-12-20 08:11,8643.5,8643.5,8643.5,8643.5,1.0
2019-12-20 08:12,8642.25,8642.75,8642.25,8642.75,2.0
2019-12-20 08:13,8643.0,8643.0,8643.0,8643.0,1.0
2019-12-20 08:14,8643.0,8643.0,8642.25,8642.25,2.0
2019-12-20 08:15,8642.0,8642.0,8641.5,8641.5,12.0
2019-12-20 08:16,8642.0,8642.0,8641.5,8641.5,8.0
2019-12-20 08:17,8641.5,8641.5,8641.0,8641.0,28.0
2019-12-20 08:18,8640.75,8641.5,8640.75,8641.5,26.0
2019-12-20 08:19,8640.75,8640.75,8640.0,8640.0,8.0
2019-12-20 08:24,8641.5,8641.5,8641.5,8641.5,2.0
2019-12-20 08:26,8641.0,8641.0,8641.0,8641.0,4.0
2019-12-20 08:27,8641.0,8641.0,8640.0,8640.0,3.0
2019-12-20 08:28,8640.0,8640.75,8640.0,8640.75,17.0
2019-12-20 08:32,8642.0,8642.25,8641.5,8641.5,4.0
2019-12-20 08:34,8641.5,8641.5,8641.5,8641.5,2.0
2019-12-20 08:37,8643.75,8643.75,8643.75,8643.75,1.0
2019-12-20 08:42,8644.0,8644.0,8644.0,8644.0,1.0
2019-12-20 08:43,8644.5,8644.5,8644.5,8644.5,1.0
2019-12-20 08:44,8645.25,8645.25,8645.0,8645.0,2.0
2019-12-20 08:49,8646.25,8646.25,8646.25,8646.25,3.0
2019-12-20 08:51,8645.0,8646.25,8645.0,8646.25,10.0
2019-12-20 08:53,8646.5,8647.0,8646.0,8646.0,3.0
2019-12-20 08:59,8645.5,8646.25,8645.5,8646.25,8.0
2019-12-20 09:00,8645.0,8645.0,8644.0,8644.5,8.0
2019-12-20 09:01,8644.5,8644.5,8644.0,8644.0,2.0
2019-12-20 09:02,8643.75,8643.75,8643.5,8643.5,3.0
2019-12-20 09:03,8643.0,8643.0,8643.0,8643.0,1.0
2019-12-20 09:04,8641.75,8641.75,8641.75,8641.75,1.0
2019-12-20 09:06,8643.0,8643.0,8643.0,8643.0,1.0
2019-12-20 09:07,8642.5,8642.5,8641.5,8641.5,9.0
2019-12-20 09:08,8641.5,8641.5,8641.5,8641.5,1.0
2019-12-20 09:13,8644.0,8644.0,8643.75,8643.75,3.0
2019-12-20 09:16,8643.75,8643.75,8643.75,8643.75,5.0
2019-12-20 09:17,8643.25,8643.25,8643.25,8643.25,1.0
2019-12-20 09:18,8643.75,8643.75,8643.75,8643.75,2.0
2019-12-20 09:19,8643.5,8643.5,8643.5,8643.5,1.0
2019-12-20 09:20,8644.0,8644.0,8643.0,8643.0,3.0
2019-12-20 09:21,8643.0,8643.75,8643.0,8643.75,3.0
2019-12-20 09:28,8642.5,8642.5,8642.5,8642.5,2.0
2019-12-20 09:30,8642.25,8642.25,8642.25,8642.25,2.0
2019-12-20 09:32,8643.0,8644.25,8643.0,8643.75,6.0
2019-12-20 09:34,8643.75,8644.5,8643.0,8643.0,7.0
2019-12-20 09:35,8642.75,8643.25,8642.75,8643.25,5.0
2019-12-20 09:36,8642.5,8643.25,8642.0,8643.25,13.0
2019-12-20 09:37,8642.0,8642.0,8641.25,8641.25,6.0
2019-12-20 09:38,8641.0,8641.0,8641.0,8641.0,3.0
2019-12-20 09:40,8641.25,8641.25,8641.25,8641.25,5.0
2019-12-20 09:41,8641.75,8642.25,8641.75,8642.25,4.0
2019-12-20 09:42,8642.25,8650.0,8642.25,8643.25,94.0
2019-12-20 09:43,8643.25,8643.25,8643.25,8643.25,8.0
2019-12-20 09:44,8643.25,8643.25,8643.25,8643.25,2.0
2019-12-20 09:49,8641.5,8641.5,8641.25,8641.25,2.0
2019-12-20 09:51,8641.0,8641.0,8640.25,8640.25,9.0
2019-12-20 09:52,8641.5,8641.5,8641.5,8641.5,1.0
2019-12-20 09:53,8642.0,8642.25,8642.0,8642.25,26.0
2019-12-20 09:55,8642.25,8642.25,8642.25,8642.25,1.0
2019-12-20 09:56,8641.5,8643.0,8641.5,8642.5,23.0
2019-12-20 09:57,8641.5,8641.5,8641.5,8641.5,2.0
2019-12-20 10:00,8641.25,8641.25,8640.5,8640.5,2.0
2019-12-20 10:01,8641.5,8641.5,8641.5,8641.5,1.0
2019-12-20 10:02,8642.25,8642.25,8642.25,8642.25,1.0
2019-12-20 10:03,8641.25,8641.25,8641.25,8641.25,1.0
2019-12-20 10:06,8642.5,8642.5,8642.5,8642.5,1.0
2019-12-20 10:11,8642.25,8642.25,8642.25,8642.25,1.0
2019-12-20 10:13,8642.25,8642.25,8642.25,8642.25,5.0
2019-12-20 10:14,8642.25,8642.25,8641.25,8641.75,3.0
2019-12-20 10:25,8642.75,8642.75,8642.75,8642.75,1.0
2019-12-20 10:27,8642.75,8642.75,8642.75,8642.75,1.0
2019-12-20 10:29,8643.75,8643.75,8643.25,8643.25,2.0
2019-12-20 10:32,8643.75,8644.0,8643.75,8643.75,5.0
2019-12-20 10:33,8643.25,8643.25,8641.5,8642.25,9.0
2019-12-20 10:34,8643.25,8643.75,8643.25,8643.75,5.0
2019-12-20 10:35,8644.25,8645.5,8644.25,8644.5,25.0
2019-12-20 10:36,8644.75,8644.75,8644.75,8644.75,4.0
2019-12-20 10:40,8644.5,8644.5,8644.25,8644.25,2.0
2019-12-20 10:42,8644.75,8644.75,8644.75,8644.75,1.0
2019-12-20 10:43,8644.0,8644.0,8644.0,8644.0,1.0
2019-12-20 10:46,8643.0,8643.5,8643.0,8643.0,4.0
2019-12-20 10:50,8645.5,8649.25,8644.75,8647.25,15.0
2019-12-20 10:51,8648.5,8648.5,8648.25,8648.5,3.0
2019-12-20 10:52,8648.25,8648.25,8648.25,8648.25,1.0
2019-12-20 10:55,8647.5,8648.0,8647.5,8648.0,2.0
2019-12-20 10:56,8647.0,8647.0,8647.0,8647.0,1.0
2019-12-20 10:59,8648.0,8648.0,8648.0,8648.0,1.0
2019-12-20 11:00,8648.25,8649.0,8648.25,8649.0,4.0
2019-12-20 11:02,8650.75,8650.75,8650.5,8650.5,2.0
2019-12-20 11:03,8650.0,8651.5,8649.75,8650.25,16.0
2019-12-20 11:04,8650.25,8650.25,8650.25,8650.25,2.0
2019-12-20 11:05,8650.25,8650.75,8650.25,8650.75,53.0
2019-12-20 11:06,8651.75,8651.75,8651.75,8651.75,1.0
2019-12-20 11:07,8651.5,8651.75,8651.25,8651.25,41.0
2019-12-20 11:08,8651.5,8652.0,8651.5,8651.75,21.0
2019-12-20 11:09,8652.0,8652.75,8651.75,8652.25,81.0
2019-12-20 11:10,8652.5,8652.5,8651.25,8652.5,15.0
2019-12-20 11:11,8653.25,8655.25,8653.25,8655.25,11.0
2019-12-20 11:12,8654.25,8654.25,8653.5,8653.5,4.0
2019-12-20 11:13,8655.25,8657.0,8655.25,8657.0,3.0
2019-12-20 11:14,8657.25,8658.25,8656.0,8656.25,11.0
2019-12-20 11:15,8656.5,8656.5,8656.5,8656.5,4.0
2019-12-20 11:17,8655.5,8655.75,8655.0,8655.0,4.0
2019-12-20 11:21,8653.0,8653.0,8653.0,8653.0,2.0
2019-12-20 11:22,8654.25,8654.25,8654.0,8654.0,9.0
2019-12-20 11:23,8654.0,8654.75,8654.0,8654.75,7.0
2019-12-20 11:35,8651.25,8651.25,8651.0,8651.0,8.0
2019-12-20 11:37,8650.0,8650.0,8650.0,8650.0,1.0
2019-12-20 11:38,8650.5,8650.5,8650.5,8650.5,1.0
2019-12-20 11:45,8650.5,8650.5,8649.75,8650.5,4.0
2019-12-20 11:51,8652.25,8652.25,8652.25,8652.25,2.0
2019-12-20 11:55,8652.75,8652.75,8652.0,8652.0,2.0
2019-12-20 11:56,8652.0,8652.0,8652.0,8652.0,1.0
2019-12-20 11:57,8651.75,8651.75,8651.25,8651.25,2.0
2019-12-20 11:58,8652.0,8652.0,8652.0,8652.0,1.0
2019-12-20 11:59,8652.0,8652.0,8652.0,8652.0,1.0
2019-12-20 12:00,8651.75,8651.75,8650.75,8650.75,11.0
2019-12-20 12:02,8651.5,8651.5,8650.75,8650.75,4.0
2019-12-20 12:04,8649.75,8649.75,8649.75,8649.75,1.0
2019-12-20 12:05,8650.5,8651.75,8650.5,8651.25,23.0
2019-12-20 12:06,8650.75,8650.75,8650.75,8650.75,1.0
2019-12-20 12:07,8650.5,8650.5,8649.0,8649.0,19.0
2019-12-20 12:09,8651.25,8651.5,8651.25,8651.25,4.0
2019-12-20 12:10,8650.75,8650.75,8650.75,8650.75,2.0
2019-12-20 12:11,8650.5,8651.25,8650.5,8651.25,3.0
2019-12-20 12:17,8650.25,8650.25,8650.0,8650.0,6.0
2019-12-20 12:18,8650.0,8650.0,8649.75,8649.75,10.0
2019-12-20 12:19,8649.5,8649.75,8649.5,8649.75,6.0
2019-12-20 12:21,8649.5,8649.75,8649.5,8649.75,5.0
2019-12-20 12:22,8649.5,8649.5,8649.5,8649.5,1.0
2019-12-20 12:25,8649.0,8649.75,8648.75,8649.25,10.0
2019-12-20 12:26,8648.25,8648.25,8648.0,8648.0,14.0
2019-12-20 12:31,8650.0,8652.25,8650.0,8651.25,18.0
2019-12-20 12:32,8651.0,8651.0,8650.5,8650.5,5.0
2019-12-20 12:33,8651.0,8651.0,8651.0,8651.0,2.0
2019-12-20 12:34,8650.75,8651.0,8650.75,8651.0,3.0
2019-12-20 12:35,8650.5,8650.5,8650.5,8650.5,1.0
2019-12-20 12:36,8650.0,8650.0,8650.0,8650.0,3.0
2019-12-20 12:41,8651.25,8652.0,8651.25,8651.25,5.0
2019-12-20 12:42,8651.25,8651.5,8651.25,8651.5,2.0
2019-12-20 12:45,8652.5,8652.5,8652.5,8652.5,1.0
2019-12-20 12:47,8652.0,8652.0,8652.0,8652.0,1.0
2019-12-20 12:48,8652.0,8652.75,8652.0,8652.75,3.0
2019-12-20 12:50,8653.0,8653.0,8653.0,8653.0,2.0
2019-12-20 12:52,8654.25,8654.75,8654.25,8654.75,3.0
2019-12-20 12:53,8654.25,8654.25,8654.25,8654.25,7.0
2019-12-20 12:54,8653.75,8653.75,8653.75,8653.75,1.0
2019-12-20 12:56,8655.0,8656.25,8655.0,8655.75,9.0
2019-12-20 12:57,8656.0,8656.5,8656.0,8656.5,3.0
2019-12-20 12:59,8656.5,8656.5,8656.5,8656.5,1.0
2019-12-20 13:00,8657.25,8658.75,8657.0,8658.75,4.0
2019-12-20 13:01,8657.25,8657.25,8656.75,8656.75,2.0
2019-12-20 13:02,8658.5,8658.5,8658.0,8658.0,5.0
2019-12-20 13:04,8658.75,8658.75,8658.5,8658.5,2.0
2019-12-20 13:06,8658.5,8658.5,8658.5,8658.5,2.0
2019-12-20 13:08,8658.0,8658.75,8658.0,8658.75,3.0
2019-12-20 13:10,8658.5,8660.0,8658.5,8660.0,9.0
2019-12-20 13:12,8660.25,8661.25,8660.25,8661.25,2.0
2019-12-20 13:13,8661.0,8661.25,8661.0,8661.0,5.0
2019-12-20 13:14,8661.0,8661.0,8661.0,8661.0,2.0
2019-12-20 13:15,8661.5,8661.75,8660.75,8660.75,20.0
2019-12-20 13:16,8660.5,8661.0,8659.75,8660.5,10.0
2019-12-20 13:18,8659.25,8659.25,8659.25,8659.25,2.0
2019-12-20 13:19,8658.5,8658.5,8658.5,8658.5,1.0
2019-12-20 13:20,8658.75,8658.75,8658.5,8658.5,2.0
2019-12-20 13:21,8658.5,8658.5,8658.25,8658.25,8.0
2019-12-20 13:23,8658.75,8658.75,8658.75,8658.75,2.0
2019-12-20 13:24,8658.25,8658.25,8658.25,8658.25,1.0
2019-12-20 13:25,8659.0,8659.0,8658.75,8658.75,2.0
2019-12-20 13:26,8658.25,8658.25,8658.0,8658.0,6.0
2019-12-20 13:28,8660.0,8660.0,8660.0,8660.0,3.0
2019-12-20 13:29,8658.25,8658.25,8656.25,8656.25,11.0
2019-12-20 13:30,8658.0,8658.0,8658.0,8658.0,20.0
2019-12-20 13:31,8657.0,8657.0,8657.0,8657.0,1.0
2019-12-20 13:33,8661.25,8661.25,8661.25,8661.25,1.0
2019-12-20 13:34,8661.0,8661.0,8661.0,8661.0,1.0
2019-12-20 13:35,8660.0,8660.0,8660.0,8660.0,1.0
2019-12-20 13:38,8662.75,8663.25,8662.75,8663.0,5.0
2019-12-20 13:39,8663.0,8663.5,8663.0,8663.5,2.0
2019-12-20 13:41,8662.25,8662.25,8662.25,8662.25,1.0
2019-12-20 13:42,8663.0,8663.0,8663.0,8663.0,14.0
2019-12-20 13:43,8664.5,8665.0,8664.5,8664.5,4.0
2019-12-20 13:44,8664.5,8665.5,8664.5,8665.5,7.0
2019-12-20 13:45,8666.0,8666.0,8664.75,8665.5,13.0
2019-12-20 13:46,8665.5,8666.5,8665.5,8666.0,36.0
2019-12-20 13:47,8666.75,8668.0,8666.5,8668.0,55.0
2019-12-20 13:48,8667.75,8668.5,8667.5,8668.25,38.0
2019-12-20 13:49,8667.75,8668.75,8667.75,8668.0,4.0
2019-12-20 13:50,8668.25,8668.25,8667.0,8667.0,30.0
2019-12-20 13:51,8667.0,8667.0,8665.25,8665.25,24.0
2019-12-20 13:52,8665.75,8665.75,8665.5,8665.5,21.0
2019-12-20 13:53,8666.0,8666.0,8665.0,8665.0,17.0
2019-12-20 13:54,8665.5,8665.5,8665.5,8665.5,11.0
2019-12-20 13:55,8665.25,8666.25,8665.25,8666.0,11.0
2019-12-20 13:56,8667.25,8667.25,8667.25,8667.25,2.0
2019-12-20 13:57,8667.5,8667.5,8666.25,8666.25,14.0
2019-12-20 13:58,8666.0,8667.25,8666.0,8667.25,9.0
2019-12-20 13:59,8666.75,8666.75,8666.0,8666.0,13.0
2019-12-20 14:01,8667.0,8667.5,8667.0,8667.5,3.0
2019-12-20 14:02,8667.25,8667.25,8667.0,8667.0,21.0
2019-12-20 14:03,8667.5,8667.5,8667.0,8667.5,30.0
2019-12-20 14:04,8667.25,8667.5,8667.25,8667.5,3.0
2019-12-20 14:05,8667.5,8667.5,8667.25,8667.25,6.0
2019-12-20 14:06,8667.5,8668.0,8667.5,8668.0,7.0
2019-12-20 14:07,8669.0,8670.0,8669.0,8669.75,7.0
2019-12-20 14:08,8669.0,8670.0,8669.0,8670.0,3.0
2019-12-20 14:09,8670.0,8670.5,8670.0,8670.5,3.0
2019-12-20 14:10,8670.5,8670.5,8668.5,8668.5,5.0
2019-12-20 14:11,8668.5,8668.5,8668.0,8668.5,5.0
2019-12-20 14:13,8668.0,8668.25,8668.0,8668.25,12.0
2019-12-20 14:14,8668.25,8668.25,8668.25,8668.25,4.0
2019-12-20 14:15,8668.25,8668.25,8668.0,8668.0,51.0
2019-12-20 14:16,8668.25,8668.25,8668.0,8668.0,6.0
2019-12-20 14:17,8670.0,8670.0,8668.0,8668.0,19.0
2019-12-20 14:19,8669.0,8669.25,8668.75,8669.0,12.0
2019-12-20 14:20,8669.75,8670.25,8669.0,8670.25,12.0
2019-12-20 14:21,8670.75,8677.75,8670.5,8671.0,12.0
2019-12-20 14:22,8672.75,8673.75,8672.75,8673.75,4.0
2019-12-20 14:23,8673.5,8673.75,8673.5,8673.75,28.0
2019-12-20 14:24,8673.75,8678.0,8673.75,8676.5,15.0
2019-12-20 14:25,8676.75,8686.0,8676.5,8679.75,45.0
2019-12-20 14:26,8682.75,8683.75,8682.25,8682.25,31.0
2019-12-20 14:27,8682.0,8686.0,8680.0,8682.25,21.0
2019-12-20 14:28,8682.25,8695.0,8682.25,8694.5,33.0
2019-12-20 14:29,8694.75,8700.0,8686.0,8687.75,21.0
