stamp,open,high,low,close,volume
2026-08-25 13:30,244.61,244.81,243.23,243.67,130323
2026-08-25 13:31,243.96,244.837,243.36,243.72,10675
2026-08-25 13:32,244.599,246.48,244.599,246.48,21590
2026-08-25 13:33,245.95,247.56,245.95,246.165,17458
2026-08-25 13:34,246.165,246.85,245.73,245.73,20637
2026-08-25 13:35,245.51,246.14,245.152,246.09,14158
2026-08-25 13:36,246,246.69,245,245.167,15211
2026-08-25 13:37,245.27,246.25,245.27,246.25,6789
2026-08-25 13:38,246.3,246.3,245.26,245.416,10538
2026-08-25 13:39,245.33,245.596,244.6,245.49,8041
2026-08-25 13:40,245.72,246.93,245.633,246.904,10267
2026-08-25 13:41,246.34,247.5,246.34,247.08,12307
2026-08-25 13:42,247.41,247.99,247.1,247.16,16955
2026-08-25 13:43,247.345,247.5,246.88,247.18,11762
2026-08-25 13:44,247.04,247.04,246.15,246.15,8333
2026-08-25 13:45,246.15,246.69,244.95,244.95,43729
2026-08-25 13:46,244.905,246.6,244.29,246.227,16533
2026-08-25 13:47,246.64,246.64,245.7,245.91,13027
2026-08-25 13:48,245.89,246.62,245.89,246.62,4148
2026-08-25 13:49,246.95,246.98,246.31,246.31,5020
2026-08-25 13:50,246.25,246.435,245.01,245.395,5826
2026-08-25 13:51,245.4,246.18,245.21,246.18,5991
2026-08-25 13:52,245.85,246.14,245.747,245.9,2965
2026-08-25 13:53,245.776,246.3,245.48,245.995,6692
2026-08-25 13:54,245.795,246,245.795,245.8,2297
2026-08-25 13:55,245.62,245.62,245.12,245.2,5651
2026-08-25 13:56,245.32,245.792,245.295,245.32,11032
2026-08-25 13:57,245.47,245.99,245.305,245.435,6346
2026-08-25 13:58,245.535,246,245.535,245.87,6817
2026-08-25 13:59,246.005,246.005,245.78,245.78,2386
2026-08-25 14:00,245.66,245.78,245.37,245.52,7344
2026-08-25 14:01,245.313,245.377,244.945,245.13,6545
2026-08-25 14:02,245.275,245.6,244.8,244.8,7179
2026-08-25 14:03,244.7,244.91,244.25,244.25,7269
2026-08-25 14:04,244.01,244.298,243.51,244.04,7665
2026-08-25 14:05,243.93,245,243.93,244.815,4333
2026-08-25 14:06,244.815,245.17,244.6,244.6,5488
2026-08-25 14:07,244.95,245.07,244.775,244.775,2702
2026-08-25 14:08,244.94,244.94,244.5,244.84,8147
2026-08-25 14:09,244.96,245.065,244.898,244.909,1603
2026-08-25 14:10,245,245.72,244.881,245.33,11592
2026-08-25 14:11,245.34,245.535,245.25,245.44,9192
2026-08-25 14:12,245.3,245.496,244.95,244.95,6137
2026-08-25 14:13,245.1,245.1,244.67,244.67,8441
2026-08-25 14:14,244.685,244.81,244.137,244.137,6983
2026-08-25 14:15,244.27,244.48,244.27,244.48,3296
2026-08-25 14:16,245,245,244.485,244.485,4245
2026-08-25 14:17,244.344,244.83,244.296,244.505,3999
2026-08-25 14:18,244.36,244.51,244.357,244.505,2024
2026-08-25 14:19,244.5,244.72,244.3,244.3,5157
2026-08-25 14:20,244.29,244.685,244.25,244.685,5407
2026-08-25 14:21,244.735,244.735,244.5,244.5,1779
2026-08-25 14:22,244.43,244.495,243.6,243.8,11842
2026-08-25 14:23,243.63,243.635,243.15,243.15,7297
2026-08-25 14:24,243.235,243.45,242.6,243.45,11452
2026-08-25 14:25,243.53,244.17,243.52,244,2883
2026-08-25 14:26,244.03,244.26,244.006,244.13,9199
2026-08-25 14:27,244.01,244.236,243.67,243.67,6846
2026-08-25 14:28,243.67,244.055,243.67,243.87,4243
2026-08-25 14:29,243.85,243.86,243.775,243.815,1948
2026-08-25 14:30,243.57,243.57,241.73,242.87,33371
2026-08-25 14:31,243.015,243.24,242.69,243.24,4624
2026-08-25 14:32,243.845,244.47,243.845,244.28,6898
2026-08-25 14:33,244.01,244.045,244,244.045,3501
2026-08-25 14:34,244.185,244.185,243.05,243.19,5351
2026-08-25 14:35,243.13,243.44,243.13,243.39,9275
2026-08-25 14:36,243.22,243.63,243.22,243.63,3217
2026-08-25 14:37,243.65,243.65,243.3,243.475,2612
2026-08-25 14:38,243.47,243.775,243.46,243.775,3440
2026-08-25 14:39,243.866,244.231,243.866,243.91,1720
2026-08-25 14:40,244.005,244.005,243.57,243.57,5662
2026-08-25 14:41,243.39,243.39,242.85,243.291,4224
2026-08-25 14:42,242.91,242.91,242,242,5173
2026-08-25 14:43,242.082,242.415,242.082,242.415,9153
2026-08-25 14:44,242.53,242.87,242.521,242.84,4392
2026-08-25 14:45,242.9,243.07,242.6,243.07,5341
2026-08-25 14:46,242.89,242.91,242.84,242.84,2913
2026-08-25 14:47,242.78,243.33,242.78,243.33,4723
2026-08-25 14:48,243.41,243.5,243.41,243.5,2544
2026-08-25 14:49,243.335,243.43,243.18,243.43,1157
2026-08-25 14:50,243.225,243.62,243.225,243.52,5671
2026-08-25 14:51,243.515,243.9,243.5,243.78,32521
2026-08-25 14:52,243.62,243.99,243.61,243.65,6407
2026-08-25 14:53,243.605,243.65,243.585,243.585,1575
2026-08-25 14:54,243.67,243.67,243.3,243.375,4641
2026-08-25 14:55,243.375,243.375,243.08,243.09,34899
2026-08-25 14:56,243.165,243.165,243.088,243.13,2130
2026-08-25 14:57,243.14,243.41,243,243.41,2515
2026-08-25 14:58,243.22,243.22,243.11,243.2,1384
2026-08-25 14:59,243.205,243.205,243.178,243.2,1555
2026-08-25 15:00,243,243,242.35,242.379,4520
2026-08-25 15:01,242.686,242.82,242.545,242.685,37572
2026-08-25 15:02,242.68,242.755,242.6,242.755,3092
2026-08-25 15:03,242.76,242.9,242.57,242.695,6843
2026-08-25 15:04,242.562,242.562,242.52,242.52,1273
2026-08-25 15:05,242.66,242.802,242.65,242.66,2387
2026-08-25 15:06,242.559,242.72,242.322,242.322,4060
2026-08-25 15:07,242.98,242.98,242.78,242.78,1169
2026-08-25 15:08,242.88,242.93,242.665,242.93,4551
2026-08-25 15:09,243.18,243.42,242.961,243.38,3021
2026-08-25 15:10,243.21,243.35,243.165,243.3,3856
2026-08-25 15:11,243.29,243.29,243.15,243.185,1950
2026-08-25 15:12,243.205,243.205,243.01,243.02,1823
2026-08-25 15:13,242.863,242.985,242.8,242.8,1575
2026-08-25 15:14,242.95,242.95,242.826,242.895,3423
2026-08-25 15:15,242.899,243.5,242.899,243.4,5031
2026-08-25 15:16,243.4,243.64,243.4,243.435,2108
2026-08-25 15:17,243.38,243.4,243.38,243.4,13268
2026-08-25 15:18,243.33,243.43,243.27,243.39,1638
2026-08-25 15:19,243.37,243.518,243.37,243.518,657
2026-08-25 15:20,243.21,243.67,243.21,243.67,2871
2026-08-25 15:21,243.655,243.665,243.43,243.59,1508
2026-08-25 15:22,243.62,244,243.62,243.8,7989
2026-08-25 15:23,243.744,243.795,243.4,243.75,9443
2026-08-25 15:24,244.07,244.087,243.925,244.02,2597
2026-08-25 15:25,243.98,244.035,243.86,244.01,6084
2026-08-25 15:26,244.094,244.24,243.93,243.93,2238
2026-08-25 15:27,244.065,244.49,243.967,244.49,3689
2026-08-25 15:28,244.35,244.62,244.33,244.62,6989
2026-08-25 15:29,244.391,244.8,244.391,244.8,3485
2026-08-25 15:30,244.71,244.81,244.558,244.66,3597
2026-08-25 15:31,244.66,244.71,244.49,244.71,5822
2026-08-25 15:32,244.74,244.96,244.59,244.91,4932
2026-08-25 15:33,244.885,245.45,244.61,245.1,19099
2026-08-25 15:34,245.07,245.07,244.64,244.64,7135
2026-08-25 15:35,244.93,245.61,244.93,245.33,14778
2026-08-25 15:36,245.48,245.48,245.385,245.44,1389
2026-08-25 15:37,245.463,245.51,245.15,245.24,9779
2026-08-25 15:38,245.355,245.51,245.355,245.51,1855
2026-08-25 15:39,245.51,245.51,245.19,245.29,5471
2026-08-25 15:40,245.23,245.23,244.76,244.98,3714
2026-08-25 15:41,245.19,245.19,244.82,244.97,4648
2026-08-25 15:42,245,245.185,244.75,245.172,3731
2026-08-25 15:43,244.89,245.11,244.865,245.005,3614
2026-08-25 15:44,244.9,244.9,244.515,244.62,4263
2026-08-25 15:45,244.62,244.62,244.38,244.48,7074
2026-08-25 15:46,244.38,244.395,244.28,244.37,5395
2026-08-25 15:47,244.3,244.3,244.172,244.172,5356
2026-08-25 15:48,244.18,244.29,244.03,244.185,9421
2026-08-25 15:49,244.19,244.47,244.17,244.23,7418
2026-08-25 15:50,244.34,244.34,244.21,244.21,1540
2026-08-25 15:51,244.39,244.39,244.067,244.185,1592
2026-08-25 15:52,244.33,244.33,244.02,244.02,2341
2026-08-25 15:53,244.31,244.49,244.2,244.21,1797
2026-08-25 15:54,244.235,244.235,244.09,244.09,1829
2026-08-25 15:55,244.09,244.17,243.97,244.17,6506
2026-08-25 15:56,244.31,244.31,244.135,244.135,3937
2026-08-25 15:57,243.971,244.34,243.945,244.155,4741
2026-08-25 15:58,244.16,244.16,243.93,244.13,2706
2026-08-25 16:00,244.03,244.03,243.72,243.98,5889
2026-08-25 16:01,243.865,243.865,243.68,243.68,1202
2026-08-25 16:02,244.02,244.47,244.015,244.35,5795
2026-08-25 16:03,244.5,245.14,244.5,244.85,37789
2026-08-25 16:04,245.035,245.035,244.54,244.605,5911
2026-08-25 16:05,244.32,244.36,244.14,244.285,7614
2026-08-25 16:06,244.355,244.447,244.14,244.14,3424
2026-08-25 16:07,244.04,244.07,243.74,243.74,13252
2026-08-25 16:08,243.7,243.71,243.39,243.39,5676
2026-08-25 16:09,243.15,243.21,243.02,243.15,4542
2026-08-25 16:10,243.15,243.43,243.15,243.305,4841
2026-08-25 16:11,243.47,243.47,243.275,243.47,4636
2026-08-25 16:12,243.33,243.897,243.33,243.645,5006
2026-08-25 16:13,243.645,243.645,243.46,243.555,1912
2026-08-25 16:14,243.56,243.56,243.56,243.56,870
2026-08-25 16:15,243.57,243.686,243.57,243.655,1972
2026-08-25 16:16,243.56,243.57,242.41,243.09,97642
2026-08-25 16:17,243.424,243.424,243.424,243.424,327
2026-08-25 16:18,243.24,243.45,243.07,243.27,5602
2026-08-25 16:19,243.275,243.275,242.42,242.42,11347
2026-08-25 16:20,242.45,242.48,242.2,242.48,3690
2026-08-25 16:21,242.519,242.519,242.519,242.519,1412
2026-08-25 16:22,242.42,242.69,242.42,242.605,3014
2026-08-25 16:23,242.45,242.45,242.45,242.45,632
2026-08-25 16:24,242.68,242.81,242.63,242.73,2242
2026-08-25 16:25,242.73,242.73,242.63,242.72,3850
2026-08-25 16:26,242.96,242.96,242.8,242.8,1470
2026-08-25 16:27,243.24,243.24,242.96,242.96,779
2026-08-25 16:28,243.01,243.01,242.72,242.72,5720
2026-08-25 16:29,242.9,242.98,242.885,242.976,3726
2026-08-25 16:30,242.81,242.975,242.81,242.975,2362
2026-08-25 16:31,242.96,242.99,242.96,242.99,731
2026-08-25 16:32,242.938,243,242.938,243,1254
2026-08-25 16:33,242.94,242.94,242.81,242.81,1796
2026-08-25 16:34,242.875,243.055,242.875,242.97,2963
2026-08-25 16:35,242.96,242.96,242.67,242.715,2041
2026-08-25 16:36,242.84,242.84,242.41,242.41,2683
2026-08-25 16:37,242.435,242.52,242.435,242.48,2467
2026-08-25 16:38,242.59,242.59,242.55,242.55,2060
2026-08-25 16:39,242.66,242.752,242.55,242.73,1961
2026-08-25 16:40,242.735,242.735,242.735,242.735,1446
2026-08-25 16:41,242.57,242.6,242.45,242.475,2326
2026-08-25 16:42,242.6,242.72,242.53,242.715,3791
2026-08-25 16:43,242.72,242.72,242.66,242.66,1651
2026-08-25 16:44,242.655,242.72,242.6,242.65,7096
2026-08-25 16:45,242.58,242.58,242.58,242.58,1919
2026-08-25 16:46,243,243.2,243,243.195,4769
2026-08-25 16:47,243.03,243.04,242.952,242.975,5188
2026-08-25 16:48,242.79,242.94,242.79,242.94,1359
2026-08-25 16:49,242.87,242.916,242.8,242.8,1826
2026-08-25 16:50,242.8,242.86,242.65,242.65,4652
2026-08-25 16:51,242.54,242.56,242.41,242.47,5388
2026-08-25 16:52,242.59,242.6,242.52,242.52,2119
2026-08-25 16:53,242.655,242.84,242.655,242.84,1710
2026-08-25 16:54,242.635,242.635,242.575,242.575,1267
2026-08-25 16:55,242.69,242.69,242.473,242.49,1859
2026-08-25 16:56,242.52,242.52,242.52,242.52,1524
2026-08-25 16:57,242.67,242.67,242.67,242.67,1093
2026-08-25 16:58,242.533,242.84,242.533,242.73,2550
2026-08-25 16:59,242.901,243.01,242.839,243.01,6550
2026-08-25 17:00,242.94,243.07,242.91,242.95,6660
2026-08-25 17:01,242.7,242.8,242.7,242.8,1521
2026-08-25 17:02,242.84,242.84,242.84,242.84,995
2026-08-25 17:03,242.69,242.692,242.49,242.692,2742
2026-08-25 17:04,242.63,242.63,242.3,242.3,3275
2026-08-25 17:05,242.3,242.42,242.06,242.42,9380
2026-08-25 17:06,242.48,242.58,242.47,242.58,1889
2026-08-25 17:07,242.58,242.58,242.575,242.575,1817
2026-08-25 17:08,242.475,242.475,242.31,242.47,2687
2026-08-25 17:09,242.31,242.34,242.265,242.305,3273
2026-08-25 17:10,242.19,242.49,242.19,242.325,1606
2026-08-25 17:11,242.335,242.335,242.335,242.335,861
2026-08-25 17:12,242.345,242.48,242.345,242.48,1940
2026-08-25 17:13,242.29,242.52,242.29,242.36,7496
2026-08-25 17:14,242.455,242.64,242.45,242.48,22989
2026-08-25 17:15,242.47,242.53,242.22,242.405,7466
2026-08-25 17:16,242.45,242.45,242.26,242.26,2472
2026-08-25 17:17,242.38,242.48,242.27,242.44,6610
2026-08-25 17:18,242.36,242.485,242.36,242.395,6425
2026-08-25 17:19,242.41,242.51,242.41,242.51,1436
2026-08-25 17:20,242.392,242.392,242.34,242.39,2266
2026-08-25 17:21,242.39,242.39,242.2,242.23,2616
2026-08-25 17:22,242.145,242.15,242.08,242.08,7791
2026-08-25 17:23,242.06,242.06,242.06,242.06,889
2026-08-25 17:24,242.07,242.07,242.07,242.07,1264
2026-08-25 17:25,242.06,242.08,242.05,242.05,2685
2026-08-25 17:26,242.115,242.115,242.06,242.06,1308
2026-08-25 17:27,242.105,242.105,242.105,242.105,899
2026-08-25 17:28,242.03,242.04,242.02,242.04,1521
2026-08-25 17:29,242.145,242.29,242.095,242.095,3631
2026-08-25 17:30,242.18,242.18,242.04,242.04,1250
2026-08-25 17:31,242.07,242.205,242.07,242.205,4426
2026-08-25 17:32,242.275,242.31,242.17,242.31,2781
2026-08-25 17:33,242.295,242.4,242.295,242.31,8349
2026-08-25 17:34,242.23,242.375,242.23,242.24,3303
2026-08-25 17:35,242.39,242.39,242.39,242.39,505
2026-08-25 17:36,242.28,242.34,242.28,242.34,2859
2026-08-25 17:37,242.21,242.21,242.19,242.19,1633
2026-08-25 17:38,242.215,242.215,242.215,242.215,1632
2026-08-25 17:39,242.31,242.31,242.27,242.27,2315
2026-08-25 17:40,242.215,242.215,242.04,242.04,3387
2026-08-25 17:41,242.03,242.14,242.03,242.11,910
2026-08-25 17:42,242.03,242.03,242.03,242.03,868
2026-08-25 17:43,242.11,242.11,242.1,242.1,3016
2026-08-25 17:44,242.04,242.04,242.04,242.04,815
2026-08-25 17:45,242.04,242.04,241.83,241.925,8750
2026-08-25 17:46,241.97,242,241.9,241.9,5185
2026-08-25 17:47,241.95,241.95,241.889,241.889,1124
2026-08-25 17:48,241.888,241.913,241.87,241.913,2146
2026-08-25 17:49,241.855,241.91,241.819,241.819,4322
2026-08-25 17:50,242.12,242.12,242.07,242.07,777
2026-08-25 17:51,242.1,242.1,241.82,241.975,1861
2026-08-25 17:52,241.97,241.985,241.97,241.985,1367
2026-08-25 17:53,242.005,242.09,242.005,242.02,3424
2026-08-25 17:54,242.02,242.09,241.91,241.91,5860
2026-08-25 17:55,242.005,242.005,241.835,241.91,7713
2026-08-25 17:56,241.94,241.953,241.94,241.953,1437
2026-08-25 17:57,241.865,241.93,241.8,241.93,6039
2026-08-25 17:58,241.985,241.988,241.91,241.91,581
2026-08-25 17:59,241.995,241.995,241.92,241.955,1884
2026-08-25 18:00,241.92,241.94,241.87,241.89,2434
2026-08-25 18:01,241.91,241.91,241.71,241.72,4741
2026-08-25 18:02,241.72,241.79,241.72,241.722,79317
2026-08-25 18:03,241.83,241.905,241.83,241.905,864
2026-08-25 18:04,241.8,241.8,241.765,241.765,3347
2026-08-25 18:05,241.72,241.72,241.72,241.72,1211
2026-08-25 18:06,241.845,241.845,241.77,241.82,2575
2026-08-25 18:07,241.82,241.9,241.64,241.64,10189
2026-08-25 18:08,241.64,241.84,241.64,241.839,6420
2026-08-25 18:09,241.75,241.75,241.75,241.75,1682
2026-08-25 18:10,241.78,241.835,241.72,241.75,4742
2026-08-25 18:11,241.839,241.839,241.725,241.755,2864
2026-08-25 18:12,241.745,241.82,238.78,238.78,34549
2026-08-25 18:14,241.417,241.45,241.36,241.36,2292
2026-08-25 18:15,241.48,241.48,241.37,241.48,1483
2026-08-25 18:16,241.38,241.435,241.245,241.435,5170
2026-08-25 18:17,241.31,241.43,241.31,241.43,1338
2026-08-25 18:18,241.46,241.585,241.46,241.5,14814
2026-08-25 18:19,241.585,241.585,241.585,241.585,2073
2026-08-25 18:20,241.57,241.68,241.49,241.68,5505
2026-08-25 18:21,241.78,241.78,241.58,241.59,3032
2026-08-25 18:22,241.641,241.85,241.58,241.64,11556
2026-08-25 18:23,241.7,241.75,241.47,241.65,8874
2026-08-25 18:24,241.755,241.97,241.71,241.795,9145
2026-08-25 18:25,241.745,241.84,241.67,241.805,7040
2026-08-25 18:26,241.78,241.81,241.78,241.805,2167
2026-08-25 18:27,241.75,241.875,241.7,241.76,14707
2026-08-25 18:28,241.845,241.97,241.845,241.845,1303
2026-08-25 18:29,241.875,241.94,241.78,241.875,9046
2026-08-25 18:30,241.875,242.03,241.875,242.01,4363
2026-08-25 18:31,242.01,242.01,241.89,241.95,5316
2026-08-25 18:32,241.95,241.95,241.85,241.85,2589
2026-08-25 18:33,241.87,241.895,241.775,241.895,10066
2026-08-25 18:34,241.87,241.945,241.8,241.945,4003
2026-08-25 18:35,241.95,242.015,241.855,242.015,17232
2026-08-25 18:36,242.02,242.067,241.96,242.005,2774
2026-08-25 18:37,241.99,242.065,241.89,242.065,6034
2026-08-25 18:38,242.01,242.13,242.01,242.09,4323
2026-08-25 18:39,242.115,242.41,242.05,242.41,6674
2026-08-25 18:40,242.13,242.327,242.13,242.275,1862
2026-08-25 18:41,242.275,242.275,242.09,242.14,5091
2026-08-25 18:42,242.14,242.14,241.91,241.91,2398
2026-08-25 18:43,241.875,241.965,241.875,241.965,5905
2026-08-25 18:44,242.04,242.04,241.91,241.95,10308
2026-08-25 18:45,241.99,242.15,241.99,242.14,9120
2026-08-25 18:46,242.125,242.18,242.115,242.115,2053
2026-08-25 18:47,242.066,242.14,241.985,242.01,36299
2026-08-25 18:48,242.125,242.245,242.125,242.245,1863
2026-08-25 18:49,242.245,242.245,241.99,241.99,3520
2026-08-25 18:50,241.992,241.992,241.71,241.9,2682
2026-08-25 18:52,241.875,241.875,241.875,241.875,937
2026-08-25 18:53,241.885,241.885,241.57,241.67,3395
2026-08-25 18:54,241.58,241.58,241.57,241.57,1706
2026-08-25 18:55,241.57,241.68,241.57,241.59,8157
2026-08-25 18:56,241.51,241.6,241.5,241.59,3308
2026-08-25 18:57,241.519,241.61,241.519,241.61,1395
2026-08-25 18:58,241.66,241.66,241.23,241.23,5402
2026-08-25 18:59,241.32,241.408,241.32,241.408,1211
2026-08-25 19:00,241.31,241.31,241.21,241.26,4394
2026-08-25 19:01,241.3,241.3,241.2,241.2,1714
2026-08-25 19:02,241.15,241.23,241.12,241.23,3899
2026-08-25 19:03,241.185,241.2,241.115,241.2,3058
2026-08-25 19:04,241.23,241.23,241.23,241.23,2488
2026-08-25 19:05,241.17,241.51,241.17,241.455,12868
2026-08-25 19:06,241.48,241.531,241.455,241.455,2403
2026-08-25 19:07,241.37,241.41,241.3,241.405,6397
2026-08-25 19:08,241.39,241.87,241.35,241.65,58327
2026-08-25 19:09,241.79,241.95,241.75,241.8,3787
2026-08-25 19:10,241.75,241.75,241,241.02,16638
2026-08-25 19:11,241,241.05,240.82,240.89,7790
2026-08-25 19:12,240.94,240.94,240.74,240.94,4259
2026-08-25 19:13,240.79,240.855,240.443,240.71,7422
2026-08-25 19:14,240.73,241.18,240.715,241.03,9349
2026-08-25 19:15,240.984,241.39,240.95,240.95,24915
2026-08-25 19:16,241,241.33,240.96,241.14,28113
2026-08-25 19:17,241.14,241.175,240.72,240.875,16535
2026-08-25 19:18,240.799,240.905,240.762,240.77,6065
2026-08-25 19:19,240.75,240.88,240.64,240.765,9689
2026-08-25 19:20,240.71,240.71,240.35,240.47,5316
2026-08-25 19:21,240.56,240.59,240.34,240.557,7251
2026-08-25 19:22,240.52,240.695,240.52,240.68,4164
2026-08-25 19:23,240.61,240.8,240.6,240.715,6490
2026-08-25 19:24,240.68,240.78,240.58,240.67,4387
2026-08-25 19:25,240.58,240.81,240.55,240.785,10325
2026-08-25 19:26,240.83,240.95,240.83,240.89,5248
2026-08-25 19:27,241.014,241.014,240.82,240.91,5583
2026-08-25 19:28,240.915,241.27,240.915,241.11,7515
2026-08-25 19:29,240.995,241.24,240.79,241.15,15585
2026-08-25 19:30,241.37,241.37,240.9,240.9,7157
2026-08-25 19:31,240.97,241.06,240.75,240.86,6452
2026-08-25 19:32,240.69,240.94,240.64,240.64,5277
2026-08-25 19:33,240.6,240.745,240.42,240.7,10565
2026-08-25 19:34,240.63,240.94,240.628,240.785,6286
2026-08-25 19:35,240.805,240.84,240.67,240.81,3022
2026-08-25 19:36,240.64,241,240.64,240.915,8321
2026-08-25 19:37,240.872,241.075,240.835,240.97,6285
2026-08-25 19:38,241.05,241.1,240.92,240.92,3395
2026-08-25 19:39,240.98,241.29,240.97,241.07,9404
2026-08-25 19:40,241.07,241.65,241.01,241.61,32481
2026-08-25 19:41,241.65,241.75,241.575,241.705,8726
2026-08-25 19:42,241.65,241.83,241.615,241.82,24238
2026-08-25 19:43,241.87,242.25,241.87,242.05,15698
2026-08-25 19:44,242.08,242.08,241.26,241.345,29331
2026-08-25 19:45,241.345,241.6,241.285,241.425,20878
2026-08-25 19:46,241.425,241.6,241.29,241.435,15986
2026-08-25 19:47,241.37,242.31,241.331,242.31,13891
2026-08-25 19:48,242.48,242.78,242.435,242.78,8342
2026-08-25 19:49,242.81,243,242.772,242.772,13419
2026-08-25 19:50,242.53,242.7,241.47,241.64,38685
2026-08-25 19:51,241.69,242.035,241.53,241.53,35077
2026-08-25 19:52,241.54,242.01,241.54,242.01,25085
2026-08-25 19:53,242,242.28,242,242.28,11997
2026-08-25 19:54,242.23,242.277,241.44,241.69,24407
2026-08-25 19:55,241.51,241.64,240.78,241.11,37428
2026-08-25 19:56,241.11,241.415,241.11,241.35,30108
2026-08-25 19:57,241.5,241.72,241.43,241.505,37467
2026-08-25 19:58,241.55,241.7,241.505,241.63,66066
2026-08-25 19:59,241.7,241.81,241.56,241.68,147647
2026-08-26 13:30,240,241.56,239,240.79,85867
2026-08-26 13:31,241.12,241.12,240.21,240.99,21498
2026-08-26 13:32,240.01,240.01,239.01,239.605,11141
2026-08-26 13:33,239.92,240.75,239.67,240.75,20144
2026-08-26 13:34,240.55,240.807,240.11,240.53,48169
2026-08-26 13:35,240.51,240.79,240.05,240.16,22817
2026-08-26 13:36,240.465,241.3,240.45,241.16,50656
2026-08-26 13:37,241.315,241.365,240.845,240.935,16711
2026-08-26 13:38,241.03,241.289,240.55,241.035,5112
2026-08-26 13:39,240.75,241.42,240.69,241.18,33257
2026-08-26 13:40,240.92,242,240.92,241.79,9771
2026-08-26 13:41,241.76,242.22,241.605,241.605,12096
2026-08-26 13:42,241.18,241.45,240.84,240.97,4024
2026-08-26 13:43,241.565,241.9,241.03,241.84,6258
2026-08-26 13:44,242.15,242.15,241.629,242.02,10375
2026-08-26 13:45,241.96,242.919,241.94,242.87,34526
2026-08-26 13:46,243.055,243.145,242.295,242.51,24867
2026-08-26 13:47,242.51,242.685,241.81,241.814,28258
2026-08-26 13:48,241.68,244.1,241.68,243.96,76973
2026-08-26 13:49,244.035,244.69,243.615,243.615,13922
2026-08-26 13:50,243.42,243.61,243.01,243.3,4793
2026-08-26 13:51,243.47,244.22,243.17,243.62,11437
2026-08-26 13:52,243.65,243.65,242.865,243,9250
2026-08-26 13:53,242.54,243,242.54,242.92,2170
2026-08-26 13:54,243.39,243.39,242.45,242.69,3393
2026-08-26 13:55,242.7,242.7,242.02,242.633,3653
2026-08-26 13:56,242.51,242.81,242.03,242.65,3018
2026-08-26 13:57,242.34,242.765,242.2,242.2,2876
2026-08-26 13:58,242.33,242.87,242.33,242.8,2102
2026-08-26 13:59,242.28,242.84,242.27,242.775,2707
2026-08-26 14:00,242.66,242.66,241.56,241.56,6611
2026-08-26 14:01,241.3,241.69,241.3,241.56,4248
2026-08-26 14:02,241.4,242.07,241.4,241.79,2172
2026-08-26 14:03,241.795,242.47,241.795,242.27,1995
2026-08-26 14:04,242.205,242.205,241.845,241.845,2805
2026-08-26 14:05,241.755,242.26,241.455,241.985,12349
2026-08-26 14:06,241.995,242.19,241.7,242.01,2917
2026-08-26 14:07,242.02,242.07,241.8,242.01,1805
2026-08-26 14:08,241.72,241.72,241.5,241.5,3686
2026-08-26 14:09,241.26,241.26,241,241.025,10265
2026-08-26 14:10,241.06,241.445,241.06,241.1,3813
2026-08-26 14:11,240.88,241.01,240.88,241.01,1971
2026-08-26 14:12,240.87,240.87,240.284,240.735,4587
2026-08-26 14:13,240.69,240.71,240.485,240.59,2827
2026-08-26 14:14,240.59,240.59,240.12,240.12,5771
2026-08-26 14:15,240.061,240.061,239.25,239.792,9522
2026-08-26 14:16,239.635,239.65,239.42,239.65,2244
2026-08-26 14:17,239.885,239.885,239.74,239.8,7994
2026-08-26 14:18,239.865,239.999,239.7,239.71,3435
2026-08-26 14:19,239.56,240.06,239.49,239.805,6379
2026-08-26 14:20,240.06,240.43,240.05,240.265,26586
2026-08-26 14:21,240.265,240.275,240,240.025,21594
2026-08-26 14:22,240.01,240.44,239.943,240.25,53320
2026-08-26 14:23,240.235,240.7,240.235,240.43,81382
2026-08-26 14:24,240.13,240.35,239.52,239.52,65863
2026-08-26 14:25,239.55,239.9,239.41,239.41,10003
2026-08-26 14:26,239.43,239.43,238.77,239,13542
2026-08-26 14:27,238.855,239.115,238.5,238.91,10880
2026-08-26 14:28,238.99,239.135,238.99,239,2841
2026-08-26 14:29,239.155,239.205,239.15,239.2,4143
2026-08-26 14:30,239.17,239.67,239.17,239.67,4144
2026-08-26 14:31,239.5,239.84,239.446,239.84,1982
2026-08-26 14:32,239.96,240.29,239.89,240.13,5078
2026-08-26 14:33,240.13,240.13,240.09,240.09,3188
2026-08-26 14:34,240.115,240.25,240.105,240.225,10590
2026-08-26 14:35,239.94,239.94,239.48,239.48,8597
2026-08-26 14:36,239.75,240.03,239.75,240.03,1174
2026-08-26 14:37,239.82,240.697,239.82,240.46,3059
2026-08-26 14:38,240.465,240.585,240.463,240.585,2544
2026-08-26 14:39,240.585,240.585,240.1,240.1,7067
2026-08-26 14:40,240.4,240.4,240.4,240.4,2576
2026-08-26 14:41,240.15,240.39,239.715,239.98,9246
2026-08-26 14:42,239.72,239.72,239.52,239.715,1782
2026-08-26 14:43,239.93,239.93,239.82,239.93,2259
2026-08-26 14:44,239.82,240.15,239.781,239.87,3755
2026-08-26 14:45,239.87,239.87,239.65,239.65,3181
2026-08-26 14:46,239.735,240.236,239.735,239.955,3554
2026-08-26 14:47,240.15,240.43,240.15,240.4,4969
2026-08-26 14:48,240.53,240.61,239.94,240.25,8249
2026-08-26 14:49,240.18,240.24,240.09,240.09,834
2026-08-26 14:50,240.31,240.52,240.3,240.52,1742
2026-08-26 14:51,240.4,240.734,240.37,240.47,18799
2026-08-26 14:52,240.47,240.77,240.47,240.77,5593
2026-08-26 14:53,240.63,240.63,240.41,240.41,3865
2026-08-26 14:54,240.48,240.68,240.058,240.195,2434
2026-08-26 14:55,240.034,240.195,240.034,240.195,1841
2026-08-26 14:56,240.4,240.82,240.4,240.66,10635
2026-08-26 14:57,241,241.05,240.785,240.785,10525
2026-08-26 14:58,240.74,240.75,240.58,240.58,15973
2026-08-26 14:59,240.67,240.76,240.54,240.66,10084
2026-08-26 15:00,240.665,240.77,240.665,240.76,6346
2026-08-26 15:01,240.65,240.65,240.415,240.415,17508
2026-08-26 15:02,240.4,240.94,240.4,240.835,7357
2026-08-26 15:03,240.73,240.73,240.63,240.645,3954
2026-08-26 15:04,240.58,240.64,240.555,240.585,2131
2026-08-26 15:05,240.68,240.69,240.59,240.65,2593
2026-08-26 15:06,240.8,240.99,240.8,240.94,1243
2026-08-26 15:07,240.8,241.49,240.8,241.33,4053
2026-08-26 15:08,241.369,241.369,240.76,240.8,10989
2026-08-26 15:09,240.809,241.165,240.809,241.085,1229
2026-08-26 15:10,241.145,241.27,241,241,2301
2026-08-26 15:11,241.145,241.145,241.1,241.1,13934
2026-08-26 15:12,241.19,241.97,241.17,241.64,6124
2026-08-26 15:13,241.75,241.75,241.52,241.585,3316
2026-08-26 15:14,241.505,241.73,241.41,241.5,2833
2026-08-26 15:15,241.475,241.515,241.47,241.515,1370
2026-08-26 15:16,241.3,241.5,241.3,241.485,4755
2026-08-26 15:17,241.78,241.78,241.78,241.78,162
2026-08-26 15:18,242,242,241.605,241.83,5516
2026-08-26 15:19,241.67,241.73,241.185,241.185,5342
2026-08-26 15:20,241.15,241.26,241.15,241.24,1202
2026-08-26 15:21,241.5,241.5,241,241.33,5301
2026-08-26 15:22,241.03,241.33,240.98,240.98,10414
2026-08-26 15:23,240.98,240.98,240.87,240.87,1642
2026-08-26 15:24,240.975,241.13,240.965,241.13,3212
2026-08-26 15:25,241.12,241.26,241.07,241.07,814
2026-08-26 15:26,241.07,241.279,241.07,241.11,3160
2026-08-26 15:27,241.27,241.55,241.27,241.33,5119
2026-08-26 15:28,241.55,241.695,241.445,241.695,7031
2026-08-26 15:29,241.41,241.7,241.41,241.59,9208
2026-08-26 15:30,241.58,241.58,241.16,241.29,8412
2026-08-26 15:31,241.1,241.17,240.8,240.905,29366
2026-08-26 15:32,240.905,240.905,240.79,240.87,4547
2026-08-26 15:33,240.9,240.9,240.76,240.76,1135
2026-08-26 15:34,240.72,240.72,240.6,240.6,2878
2026-08-26 15:35,240.715,240.93,240.69,240.8,10166
2026-08-26 15:36,240.8,240.8,240.52,240.66,4882
2026-08-26 15:37,240.655,240.88,240.52,240.73,7166
2026-08-26 15:38,240.867,240.867,240.694,240.694,1773
2026-08-26 15:39,240.79,241.31,240.76,241.225,8833
2026-08-26 15:40,241.305,241.45,241.305,241.45,480
2026-08-26 15:41,241.76,241.822,241.565,241.645,3203
2026-08-26 15:42,241.54,241.55,241.535,241.55,2658
2026-08-26 15:43,241.6,241.71,241.6,241.71,1579
2026-08-26 15:44,241.52,241.665,241.52,241.645,2138
2026-08-26 15:45,241.645,241.645,241.42,241.42,4344
2026-08-26 15:46,241.5,241.555,241.5,241.555,5412
2026-08-26 15:47,241.84,241.88,241.468,241.635,2050
2026-08-26 15:48,241.635,241.79,241.438,241.58,3655
2026-08-26 15:49,241.59,241.702,241.59,241.59,1206
2026-08-26 15:50,241.59,241.59,241.42,241.42,1144
2026-08-26 15:51,241.4,241.7,241.03,241.335,12831
2026-08-26 15:52,241.08,241.3,241.08,241.29,1909
2026-08-26 15:53,241.29,241.29,241.081,241.081,2432
2026-08-26 15:54,241.25,241.25,241.25,241.25,611
2026-08-26 15:55,241.34,241.34,241.26,241.26,772
2026-08-26 15:56,241.1,241.26,241.03,241.26,4502
2026-08-26 15:57,241.21,241.21,240.92,240.93,3728
2026-08-26 15:58,241.045,241.045,240.89,240.89,1934
2026-08-26 15:59,240.905,240.905,240.78,240.815,1191
2026-08-26 16:00,240.805,240.805,240.51,240.51,3138
2026-08-26 16:01,240.29,240.31,240.15,240.15,1747
2026-08-26 16:02,240.37,240.55,240.37,240.55,2504
2026-08-26 16:03,240.55,240.66,240.55,240.66,1219
2026-08-26 16:04,240.64,240.64,240.526,240.526,812
2026-08-26 16:05,240.63,240.66,240.63,240.66,1659
2026-08-26 16:06,240.605,240.755,240.51,240.51,9782
2026-08-26 16:07,240.405,240.525,240.29,240.29,3075
2026-08-26 16:08,240.54,241.1,240.54,240.93,10421
2026-08-26 16:09,240.955,240.955,240.925,240.925,711
2026-08-26 16:10,240.78,240.83,240.7,240.81,2490
2026-08-26 16:12,240.79,240.79,240.79,240.79,1137
2026-08-26 16:13,240.818,240.818,240.818,240.818,1431
2026-08-26 16:14,240.95,240.95,240.74,240.74,2153
2026-08-26 16:15,241.14,241.225,241.14,241.155,3077
2026-08-26 16:16,241.145,241.456,241.145,241.456,1765
2026-08-26 16:17,241.49,241.71,241.49,241.52,3241
2026-08-26 16:18,241.605,242.22,241.605,242.136,5523
2026-08-26 16:19,241.81,242.17,241.81,242.17,2815
2026-08-26 16:20,242.17,243.29,241.93,243.26,10933
2026-08-26 16:21,243.2,243.855,243.2,243.855,5343
2026-08-26 16:22,243.77,244.18,243.77,244.07,18062
2026-08-26 16:23,244,244.8,243.97,244.695,17399
2026-08-26 16:24,244.58,244.99,244.58,244.85,7640
2026-08-26 16:25,244.99,245.375,244.99,245.225,16270
2026-08-26 16:26,245.225,245.225,244.393,244.89,11465
2026-08-26 16:27,244.89,245.2,244.823,245.2,7050
2026-08-26 16:28,245.26,245.714,245.26,245.62,11426
2026-08-26 16:29,245.625,245.63,245.08,245.3,6630
2026-08-26 16:30,245.305,246.26,245.305,246.25,15510
2026-08-26 16:31,246.394,246.8,246.02,246.485,12280
2026-08-26 16:32,246.565,247.25,246.49,247.075,37185
2026-08-26 16:33,247.05,247.283,246.39,246.65,14885
2026-08-26 16:34,246.65,246.91,246.481,246.67,3917
2026-08-26 16:35,246.775,247.053,246.595,246.6,13442
2026-08-26 16:36,246.69,246.69,245.54,245.81,8722
2026-08-26 16:37,245.872,245.872,245.536,245.646,5701
2026-08-26 16:38,245.765,246.279,245.765,246.267,5109
2026-08-26 16:39,246.31,246.31,245.95,245.95,6766
2026-08-26 16:40,245.69,245.69,245.145,245.46,4984
2026-08-26 16:41,245.465,245.475,245.215,245.39,4761
2026-08-26 16:42,245.275,245.275,244.93,245.12,3287
2026-08-26 16:43,245,245.31,244.93,245,9688
2026-08-26 16:44,244.85,244.85,244.815,244.815,1854
2026-08-26 16:45,244.815,244.95,244.642,244.875,5457
2026-08-26 16:46,245.065,245.224,245.065,245.205,2674
2026-08-26 16:47,245.22,245.26,245.075,245.26,3531
2026-08-26 16:48,245.415,246.45,245.415,246.095,7063
2026-08-26 16:49,246.095,246.289,245.975,245.975,2662
2026-08-26 16:50,245.98,246.48,245.91,246.37,7391
2026-08-26 16:51,246.34,246.75,246.34,246.47,7942
2026-08-26 16:52,246.47,246.47,245.52,245.56,10242
2026-08-26 16:53,245.83,245.93,245.82,245.83,2005
2026-08-26 16:54,245.84,245.84,245.69,245.84,5359
2026-08-26 16:55,246.14,246.67,246.14,246.52,3438
2026-08-26 16:56,246.52,246.99,246.38,246.893,9000
2026-08-26 16:57,246.81,247,246.76,246.853,13637
2026-08-26 16:58,246.805,247,246.805,246.85,11920
2026-08-26 16:59,246.86,246.86,246.645,246.645,2888
2026-08-26 17:00,246.55,246.93,246.482,246.92,7214
2026-08-26 17:01,246.825,246.9,246.75,246.87,3863
2026-08-26 17:02,246.87,247.205,246.787,247.205,12817
2026-08-26 17:03,247.225,247.285,247.075,247.17,9643
2026-08-26 17:04,247.2,247.498,247.125,247.405,6760
2026-08-26 17:05,247.27,247.27,247,247.18,4459
2026-08-26 17:06,247,247.15,246.84,246.84,5118
2026-08-26 17:07,246.92,247.332,246.92,247.19,4554
2026-08-26 17:08,246.96,247.1,246.86,246.9,3935
2026-08-26 17:09,246.82,247.075,246.718,247.075,2350
2026-08-26 17:10,246.945,246.945,246.87,246.87,2456
2026-08-26 17:11,246.87,247.04,246.87,247.005,3160
2026-08-26 17:12,247.005,247.005,246.91,246.98,1950
2026-08-26 17:13,247.068,247.068,246.925,246.925,1722
2026-08-26 17:14,246.85,246.85,246.575,246.575,3124
2026-08-26 17:15,246.575,246.79,246.575,246.79,5046
2026-08-26 17:16,246.79,247.15,246.79,246.91,6542
2026-08-26 17:17,246.91,247.05,246.91,246.935,4805
2026-08-26 17:18,247.02,247.09,246.91,247.09,5871
2026-08-26 17:19,247.05,247.44,246.95,247.16,9489
2026-08-26 17:20,247.28,247.425,247.25,247.27,8954
2026-08-26 17:21,247.305,247.45,247.214,247.45,6298
2026-08-26 17:22,247.355,247.47,247.23,247.29,7392
2026-08-26 17:23,247.29,247.436,247.29,247.41,2549
2026-08-26 17:24,247.475,247.68,247.32,247.68,4834
2026-08-26 17:25,247.7,247.7,247.14,247.31,7694
2026-08-26 17:26,247.135,247.605,247.135,247.35,5155
2026-08-26 17:27,247.605,247.98,247.392,247.89,18070
2026-08-26 17:28,247.98,247.98,247.51,247.67,6292
2026-08-26 17:29,247.745,248.12,247.745,248.12,11089
2026-08-26 17:30,248.25,248.448,248.141,248.3,7544
2026-08-26 17:31,248.187,248.3,247.94,248.015,9780
2026-08-26 17:32,248.059,248.059,247.89,247.955,5178
2026-08-26 17:33,247.965,248.13,247.95,248.095,5294
2026-08-26 17:34,248,248.44,247.9,248.31,5149
2026-08-26 17:35,248.33,248.5,248.19,248.275,8794
2026-08-26 17:36,248.29,248.66,248.29,248.344,8104
2026-08-26 17:37,248.313,248.411,248.14,248.345,6327
2026-08-26 17:38,248.295,248.405,248.295,248.405,3509
2026-08-26 17:39,248.35,248.365,248.24,248.279,3588
2026-08-26 17:40,248.365,248.365,248.286,248.286,2949
2026-08-26 17:41,248.24,248.32,248.092,248.092,3344
2026-08-26 17:42,248.06,248.06,247.67,247.68,8142
2026-08-26 17:43,247.55,247.67,247.52,247.525,8212
2026-08-26 17:44,247.525,247.661,247.525,247.6,2998
2026-08-26 17:45,247.71,247.71,247.41,247.54,5065
2026-08-26 17:46,247.54,247.75,247.485,247.75,5052
2026-08-26 17:47,247.441,247.595,247.32,247.32,4433
2026-08-26 17:48,247.21,247.28,247.14,247.21,5252
2026-08-26 17:49,247.21,247.58,247.18,247.57,7025
2026-08-26 17:50,247.5,248.43,247.5,248.355,16602
2026-08-26 17:51,248.47,248.7,247.93,248,15278
2026-08-26 17:52,248.09,248.09,247.59,247.71,4762
2026-08-26 17:53,247.705,248.05,247.705,248.05,7498
2026-08-26 17:54,248.3,248.475,248.22,248.4,5969
2026-08-26 17:55,248.42,248.591,248.42,248.591,7059
2026-08-26 17:56,248.59,248.72,248.42,248.485,7423
2026-08-26 17:57,248.36,248.455,248.36,248.39,2004
2026-08-26 17:58,248.35,248.4,247.71,247.71,6023
2026-08-26 17:59,247.805,248.005,247.53,247.655,9580
2026-08-26 18:00,247.62,247.65,247.23,247.23,8296
2026-08-26 18:01,247.23,247.34,246.86,247.045,10000
2026-08-26 18:02,247.035,247.24,246.99,247.225,4254
2026-08-26 18:03,247.34,247.35,246.92,246.92,4917
2026-08-26 18:04,246.8,247.149,246.6,246.9,7086
2026-08-26 18:05,247.005,247.005,247.005,247.005,1934
2026-08-26 18:06,247.005,247.245,247,247.245,4991
2026-08-26 18:07,247.43,247.67,247.29,247.67,3404
2026-08-26 18:08,247.51,247.88,247.51,247.705,6684
2026-08-26 18:09,247.705,248.166,247.53,247.875,10178
2026-08-26 18:10,247.94,247.999,247.8,247.829,4184
2026-08-26 18:11,247.5,247.75,247.5,247.74,3096
2026-08-26 18:12,247.725,247.725,247.51,247.605,3736
2026-08-26 18:13,247.605,247.605,247.58,247.58,1041
2026-08-26 18:14,247.51,247.669,247.51,247.59,2277
2026-08-26 18:15,247.58,247.58,247.42,247.43,4384
2026-08-26 18:16,247.43,247.59,247.43,247.52,4426
2026-08-26 18:17,247.575,247.82,247.54,247.54,3508
2026-08-26 18:18,247.82,247.97,247.82,247.885,4882
2026-08-26 18:19,247.885,247.958,247.885,247.89,886
2026-08-26 18:20,248,248.09,247.865,248,6863
2026-08-26 18:21,248.014,248.169,247.99,247.99,2762
2026-08-26 18:22,248.01,248.07,247.91,247.91,3394
2026-08-26 18:23,247.983,248.01,247.83,247.91,2414
2026-08-26 18:24,247.83,247.85,247.72,247.72,3246
2026-08-26 18:25,247.72,247.72,247.705,247.705,1303
2026-08-26 18:26,247.735,247.735,247.37,247.37,3107
2026-08-26 18:27,247.391,247.5,247.391,247.5,3466
2026-08-26 18:28,247.52,247.76,247.52,247.76,1775
2026-08-26 18:29,247.83,247.91,247.775,247.91,1251
2026-08-26 18:30,247.64,247.64,247.6,247.6,1658
2026-08-26 18:31,247.585,247.68,247.425,247.504,3476
2026-08-26 18:32,247.607,247.655,247.45,247.655,3915
2026-08-26 18:33,247.655,247.77,247.655,247.76,4375
2026-08-26 18:34,247.71,247.77,247.625,247.74,2866
2026-08-26 18:35,247.702,248.17,247.702,247.927,10194
2026-08-26 18:36,247.895,247.9,247.82,247.86,2837
2026-08-26 18:37,247.97,247.97,247.97,247.97,612
2026-08-26 18:38,247.936,247.99,247.936,247.94,1117
2026-08-26 18:39,247.95,247.95,247.6,247.6,7635
2026-08-26 18:40,247.655,247.771,247.655,247.68,3340
2026-08-26 18:41,247.614,247.68,247.58,247.66,1886
2026-08-26 18:42,247.64,247.66,247.63,247.64,3439
2026-08-26 18:43,247.63,247.716,247.552,247.6,3366
2026-08-26 18:44,247.6,247.65,247.51,247.595,3268
2026-08-26 18:45,247.595,247.74,247.595,247.74,3410
2026-08-26 18:46,247.91,249.5,247.91,249.5,29534
2026-08-26 18:47,249.434,250.18,249.373,249.84,38011
2026-08-26 18:48,249.799,249.84,248.75,248.902,15886
2026-08-26 18:49,248.796,248.882,248.73,248.82,8014
2026-08-26 18:50,248.72,249.02,248.72,248.86,7676
2026-08-26 18:51,248.86,249.02,248.855,248.855,5093
2026-08-26 18:52,249.1,249.1,248.905,249.05,6578
2026-08-26 18:53,249.17,249.27,249.08,249.165,9702
2026-08-26 18:54,249.165,249.586,249.165,249.205,12427
2026-08-26 18:55,249.16,249.18,249.085,249.18,1949
2026-08-26 18:56,249.109,249.26,249.08,249.26,10525
2026-08-26 18:57,249.265,249.45,249.14,249.14,8729
2026-08-26 18:58,249.13,249.13,248.76,248.77,9253
2026-08-26 18:59,248.74,248.74,248.48,248.48,2509
2026-08-26 19:00,248.26,249.01,248.08,249.01,16172
2026-08-26 19:01,249.015,249.52,249.015,249.365,20180
2026-08-26 19:02,249.51,249.71,249.409,249.665,5433
2026-08-26 19:03,249.67,249.67,249.5,249.525,2981
2026-08-26 19:04,249.415,250.16,249.301,250.015,11801
2026-08-26 19:05,250.05,250.2,249.74,249.74,4531
2026-08-26 19:06,249.795,250.35,249.78,250.25,25600
2026-08-26 19:07,250.245,250.442,249.975,249.975,6396
2026-08-26 19:08,250.298,250.7,250.175,250.555,12344
2026-08-26 19:09,250.555,250.648,250.275,250.275,6723
2026-08-26 19:10,250.285,250.65,250.18,250.415,7098
2026-08-26 19:11,250.425,250.571,250.09,250.33,4948
2026-08-26 19:12,250.245,250.26,250.09,250.26,3780
2026-08-26 19:13,250.13,250.13,249.54,249.54,9774
2026-08-26 19:14,249.3,249.48,249.09,249.29,9482
2026-08-26 19:15,249.257,250.2,249.257,250.13,3747
2026-08-26 19:16,249.87,250.257,249.87,250.025,4927
2026-08-26 19:17,250.025,250.2,249.87,250.015,3597
2026-08-26 19:18,250.085,250.275,250.03,250.15,9326
2026-08-26 19:19,250.445,250.755,250.445,250.755,7579
2026-08-26 19:20,250.755,250.78,250.485,250.643,8372
2026-08-26 19:21,250.79,250.91,250.62,250.62,7540
2026-08-26 19:22,250.76,250.9,250.705,250.795,7068
2026-08-26 19:23,251,251.6,250.97,251.57,10709
2026-08-26 19:24,251.5,251.81,251.4,251.81,7597
2026-08-26 19:25,251.7,251.73,251.22,251.73,7039
2026-08-26 19:26,251.53,251.87,251.53,251.77,9807
2026-08-26 19:27,251.855,252.558,251.55,252.34,33470
2026-08-26 19:28,252.47,252.69,252.414,252.455,17386
2026-08-26 19:29,252.348,252.58,252.09,252.58,8721
2026-08-26 19:30,252.605,252.605,252.157,252.315,10639
2026-08-26 19:31,252.32,252.7,252.32,252.565,13244
2026-08-26 19:32,252.565,252.92,252.49,252.825,17727
2026-08-26 19:33,252.875,252.92,252.33,252.41,11256
2026-08-26 19:34,252.41,252.59,252.302,252.372,11845
2026-08-26 19:35,252.365,252.365,251.59,251.69,20126
2026-08-26 19:36,251.71,251.71,251.372,251.455,13350
2026-08-26 19:37,251.455,251.755,251.389,251.755,8394
2026-08-26 19:38,251.755,251.755,251.54,251.54,10590
2026-08-26 19:39,251.61,251.784,251.54,251.72,5728
2026-08-26 19:40,251.72,252,251.72,251.815,11547
2026-08-26 19:41,251.97,252.027,251.8,251.825,9929
2026-08-26 19:42,251.69,251.85,251.63,251.73,10075
2026-08-26 19:43,251.87,252.44,251.855,251.855,16064
2026-08-26 19:44,251.855,251.855,251,251.02,13978
2026-08-26 19:45,250.98,251.22,250.838,251.03,8187
2026-08-26 19:46,251,251.41,251,251.33,16869
2026-08-26 19:47,251.5,251.719,251.19,251.355,13965
2026-08-26 19:48,251.24,251.46,251.24,251.34,11720
2026-08-26 19:49,251.441,251.62,251.38,251.5,11456
2026-08-26 19:50,251.38,251.38,250.81,250.85,22568
2026-08-26 19:51,250.86,251.09,250.823,251.09,13373
2026-08-26 19:52,250.97,251.015,250.69,250.725,12965
2026-08-26 19:53,250.65,250.72,250.26,250.34,25185
2026-08-26 19:54,250.38,250.58,249.447,249.56,25131
2026-08-26 19:55,249.31,250.3,249.24,250.23,34682
2026-08-26 19:56,250.274,250.86,250.055,250.685,26077
2026-08-26 19:57,250.68,251.2,250.6,250.82,40530
2026-08-26 19:58,250.8,251.36,250.72,251.13,96803
2026-08-26 19:59,251.01,251.3,250.848,251.2,98966
2026-08-27 13:30,255.195,263.01,255.195,262.6,290951
2026-08-27 13:31,262.63,263.78,259.655,259.655,78134
2026-08-27 13:32,260.15,261.53,259.07,259.735,31435
2026-08-27 13:33,259.8,261.44,259.8,260.005,43011
2026-08-27 13:34,260.255,260.255,258.59,258.7,29105
2026-08-27 13:35,258.7,260.55,258.015,260.38,53420
2026-08-27 13:36,260.38,262.4,260.38,262.2,60686
2026-08-27 13:37,262.005,262.909,261.785,262.909,52756
2026-08-27 13:38,262.57,263.59,262.57,262.64,51787
2026-08-27 13:39,262.505,263,261.41,262.515,42625
2026-08-27 13:40,263,264.75,262.84,263.225,60333
2026-08-27 13:41,263.23,264.39,263.225,263.5,25898
2026-08-27 13:42,263.485,263.58,261.53,262.565,37306
2026-08-27 13:43,262.56,263.055,261,262.6,39809
2026-08-27 13:44,262.66,263.77,262.43,263.75,31166
2026-08-27 13:45,263.31,263.395,262.21,263.125,19480
2026-08-27 13:46,263.4,264.185,262.53,262.76,39430
2026-08-27 13:47,262.53,263.26,262.11,262.73,37503
2026-08-27 13:48,262.99,263.56,262.61,263.04,33025
2026-08-27 13:49,262.857,263.04,260.99,261.54,27554
2026-08-27 13:50,261.635,265.095,261.635,264.931,49765
2026-08-27 13:51,265.18,267.69,264.931,266.76,73913
2026-08-27 13:52,266.595,267.19,266,266.57,37835
2026-08-27 13:53,266.84,266.84,264.15,264.89,33835
2026-08-27 13:54,264.69,265.8,264.69,265.26,42537
2026-08-27 13:55,264.865,265.095,263.56,263.925,23686
2026-08-27 13:56,264.04,264.04,261.493,261.493,35604
2026-08-27 13:57,261.43,261.5,259.019,259.47,52674
2026-08-27 13:58,259.41,260.93,259.292,260.93,25467
2026-08-27 13:59,261.62,262.866,261.61,262.78,29513
2026-08-27 14:00,262.697,264.05,262.697,263.621,18830
2026-08-27 14:01,264.205,264.403,263.195,264.12,36060
2026-08-27 14:02,264,264.265,263.3,264.26,21343
2026-08-27 14:03,264.074,265,263.532,264.99,40028
2026-08-27 14:04,265.04,265.14,264.66,264.945,36762
2026-08-27 14:05,264.915,265.65,264.83,265.321,32989
2026-08-27 14:06,265.245,265.245,263.765,264.079,30561
2026-08-27 14:07,263.59,264.455,263.37,264.455,21404
2026-08-27 14:08,264.3,264.6,262.58,262.89,25149
2026-08-27 14:09,262.995,263.69,262.794,263.19,22507
2026-08-27 14:10,263.285,264.32,263.19,264.11,19312
2026-08-27 14:11,264.05,265.045,264.03,264.78,42776
2026-08-27 14:12,264.88,265.32,264.65,265.07,16534
2026-08-27 14:13,265.08,266.525,264.99,266.525,39258
2026-08-27 14:14,266.38,266.4,265.36,265.727,40197
2026-08-27 14:15,265.375,266.716,265.18,266.128,15176
2026-08-27 14:16,266.36,266.6,265.11,265.11,19262
2026-08-27 14:17,264.974,266,264.508,265.565,10597
2026-08-27 14:18,265.575,265.61,264.476,264.65,9069
2026-08-27 14:19,264.813,264.96,263.4,263.475,13373
2026-08-27 14:20,263.63,263.699,262.6,262.698,13686
2026-08-27 14:21,262.795,263.25,261.65,261.65,15766
2026-08-27 14:22,261.3,262.25,260.706,262.25,12249
2026-08-27 14:23,262.035,262.035,261,261,15241
2026-08-27 14:24,260.855,261.18,260.3,261.18,14371
2026-08-27 14:25,260.77,261.027,260.01,260.067,19702
2026-08-27 14:26,260.08,260.275,258.112,258.405,27649
2026-08-27 14:27,258.34,259.71,258,258.171,14682
2026-08-27 14:28,258.02,258.2,257.12,257.224,16395
2026-08-27 14:29,257.5,258.55,257.09,257.48,16905
2026-08-27 14:30,257.73,257.73,256.09,256.42,16403
2026-08-27 14:31,256.475,256.84,256.21,256.21,5425
2026-08-27 14:32,256.2,258.762,256.05,258.196,23710
2026-08-27 14:33,258,258.665,257.97,258.5,13380
2026-08-27 14:34,258.81,258.81,257.53,257.99,11539
2026-08-27 14:35,257.635,258.8,257.635,258.555,5250
2026-08-27 14:36,258.65,259.09,258.27,258.87,16756
2026-08-27 14:37,258.895,258.91,258,258.76,15010
2026-08-27 14:38,258.76,258.77,258.12,258.315,10432
2026-08-27 14:39,258.34,258.34,256.5,256.54,13652
2026-08-27 14:40,256.431,257,256.013,256.198,9940
2026-08-27 14:41,256.315,256.938,255.75,256.425,24088
2026-08-27 14:42,256.03,256.32,256.03,256.32,6237
2026-08-27 14:43,256,256.295,255.62,256.185,7427
2026-08-27 14:44,255.61,256.08,255.61,255.935,5367
2026-08-27 14:45,255.64,256.305,255.36,255.471,7520
2026-08-27 14:46,255.31,255.52,255.04,255.52,6389
2026-08-27 14:47,255.275,255.74,254.44,254.65,11488
2026-08-27 14:48,254.755,256,254.56,255.52,7771
2026-08-27 14:49,255.525,255.7,255.43,255.7,5194
2026-08-27 14:50,255.4,255.76,255.23,255.71,9002
2026-08-27 14:51,255.58,255.689,254.44,254.44,10936
2026-08-27 14:52,254.42,255.347,254.401,255.347,11834
2026-08-27 14:53,254.8,254.8,253.76,254.61,11744
2026-08-27 14:54,254.845,254.845,254.455,254.57,5579
2026-08-27 14:55,254.66,254.66,253.975,254.27,3225
2026-08-27 14:56,254.285,255,254.27,255,5599
2026-08-27 14:57,254.79,255.44,254.79,255.1,5128
2026-08-27 14:58,254.775,255,254.56,254.656,2109
2026-08-27 14:59,255.24,255.24,254.925,254.925,3469
2026-08-27 15:00,254.68,255.268,254.68,255.268,4122
2026-08-27 15:01,255.05,257.15,255.03,257.15,19976
2026-08-27 15:02,257.28,257.984,256.948,257.5,17348
2026-08-27 15:03,257.16,257.2,255,255.62,20641
2026-08-27 15:04,255.485,255.575,254.8,255.54,13629
2026-08-27 15:05,255.435,255.555,255.102,255.31,8057
2026-08-27 15:06,255.829,255.829,255.575,255.71,3698
2026-08-27 15:07,255.866,256.161,255.245,255.4,6591
2026-08-27 15:08,255.4,256.18,255.3,255.725,6901
2026-08-27 15:09,256.16,256.44,256.16,256.36,2824
2026-08-27 15:10,256.17,256.5,256.16,256.31,6494
2026-08-27 15:11,256.86,256.915,256.317,256.317,3816
2026-08-27 15:12,256.745,256.745,256.295,256.473,2696
2026-08-27 15:13,256.29,256.295,255.45,255.745,5645
2026-08-27 15:14,255.815,256,255.623,255.745,3513
2026-08-27 15:15,255.705,255.71,255.705,255.71,1472
2026-08-27 15:16,255.71,255.71,255.314,255.314,5483
2026-08-27 15:17,255.63,255.635,255.63,255.635,882
2026-08-27 15:18,255.12,255.12,254.86,254.86,6245
2026-08-27 15:19,255,255.35,255,255.24,3895
2026-08-27 15:20,255.1,255.265,255.023,255.023,3172
2026-08-27 15:21,254.94,254.94,254.78,254.805,1966
2026-08-27 15:22,254.638,254.81,254.534,254.63,4729
2026-08-27 15:23,254.5,254.72,254.24,254.72,7655
2026-08-27 15:24,254.81,254.83,254.077,254.275,4599
2026-08-27 15:25,254.266,254.266,253.53,253.855,10573
2026-08-27 15:26,254.05,254.05,253.69,253.75,4906
2026-08-27 15:27,253.75,253.776,253.566,253.566,1310
2026-08-27 15:28,253.75,253.75,253.328,253.45,5534
2026-08-27 15:29,253.5,253.9,253.5,253.68,7892
2026-08-27 15:30,253.677,253.775,253.63,253.63,3130
2026-08-27 15:31,253.58,253.9,253.57,253.835,2547
2026-08-27 15:32,254,254,253.58,253.91,3484
2026-08-27 15:33,253.865,253.88,253.69,253.722,4798
2026-08-27 15:34,253.41,253.66,253.15,253.54,8393
2026-08-27 15:35,253.795,254.093,253.38,253.387,2628
2026-08-27 15:36,253.3,253.305,253.11,253.11,1824
2026-08-27 15:37,253.12,253.12,252.67,252.685,12767
2026-08-27 15:38,252.57,252.75,252.564,252.564,5686
2026-08-27 15:39,252.267,253.08,252.139,253.018,10959
2026-08-27 15:40,252.825,252.83,252.38,252.38,3560
2026-08-27 15:41,252.52,252.77,252.51,252.6,4442
2026-08-27 15:42,252.474,252.785,252.474,252.53,4240
2026-08-27 15:43,252.41,252.65,252.32,252.595,4705
2026-08-27 15:44,252.59,252.87,252.5,252.87,4212
2026-08-27 15:45,252.05,252.345,251.46,251.66,14829
2026-08-27 15:46,251.455,251.77,251.312,251.74,7808
2026-08-27 15:47,251.756,251.756,251.49,251.492,3154
2026-08-27 15:48,251.816,251.816,251.428,251.428,2376
2026-08-27 15:49,251.585,251.585,251.16,251.25,5172
2026-08-27 15:50,251.4,251.675,251.4,251.675,6889
2026-08-27 15:51,251.545,252.105,251.45,252.045,9852
2026-08-27 15:52,252.221,252.342,252.04,252.342,3005
2026-08-27 15:53,252.447,252.684,252.34,252.61,6016
2026-08-27 15:54,252.6,252.6,251.994,252.275,4529
2026-08-27 15:55,252.43,252.581,252.2,252.35,5667
2026-08-27 15:56,252.44,252.584,252.015,252.16,3368
2026-08-27 15:57,252.02,252.27,252,252.205,5655
2026-08-27 15:58,252.265,252.315,252.11,252.25,2495
2026-08-27 15:59,252.225,252.25,252.225,252.225,4602
2026-08-27 16:00,252.36,252.515,252.36,252.37,7609
2026-08-27 16:01,252.254,252.36,252.16,252.16,3870
2026-08-27 16:02,252.245,252.45,252.121,252.3,3459
2026-08-27 16:03,252.28,252.34,252.14,252.27,3415
2026-08-27 16:04,252.34,252.34,252.255,252.255,3170
2026-08-27 16:05,252.23,252.23,252.07,252.07,2874
2026-08-27 16:06,251.503,251.724,251.42,251.635,5880
2026-08-27 16:07,251.67,251.738,251.54,251.628,5302
2026-08-27 16:08,251.56,251.68,251.1,251.1,8598
2026-08-27 16:09,251.12,251.12,250.425,250.583,15628
2026-08-27 16:10,250.605,250.605,250.141,250.56,8846
2026-08-27 16:11,250.48,250.53,250.27,250.27,3973
2026-08-27 16:12,250.24,250.46,250.2,250.46,3976
2026-08-27 16:13,250.45,250.61,250.28,250.5,6090
2026-08-27 16:14,250.5,250.65,250.495,250.6,5025
2026-08-27 16:15,250.635,250.71,250.33,250.51,8229
2026-08-27 16:16,250.515,251.53,250.515,251.53,15754
2026-08-27 16:17,251.64,252.86,251.61,252.31,14449
2026-08-27 16:18,251.99,252.18,251.565,251.995,11501
2026-08-27 16:19,252.224,253.01,252.224,252.675,36593
2026-08-27 16:20,252.765,253.35,252.765,253.27,7852
2026-08-27 16:21,253.33,253.52,253.1,253.295,23298
2026-08-27 16:22,253.62,253.68,253.5,253.5,13883
2026-08-27 16:23,253.41,253.41,252.14,252.14,18163
2026-08-27 16:24,251.73,252.095,251.525,252.095,3699
2026-08-27 16:25,251.86,252.19,251.78,252.19,11613
2026-08-27 16:26,252.17,252.2,251.23,251.375,17285
2026-08-27 16:27,251.53,251.69,251.475,251.53,2445
2026-08-27 16:28,251.69,251.98,251.63,251.98,6282
2026-08-27 16:29,251.905,252.22,251.83,252.22,4235
2026-08-27 16:30,252.25,252.25,251.59,251.834,7573
2026-08-27 16:31,251.48,251.67,251.43,251.43,2554
2026-08-27 16:32,251.21,251.595,251.204,251.296,5923
2026-08-27 16:33,251.25,251.54,251.18,251.5,4417
2026-08-27 16:34,251.71,252.25,251.6,252.195,11026
2026-08-27 16:35,251.895,251.895,251.54,251.57,4657
2026-08-27 16:36,251.24,251.24,251.035,251.125,6403
2026-08-27 16:37,251.125,251.59,250.982,251.477,7522
2026-08-27 16:38,251.374,251.57,251.374,251.57,1923
2026-08-27 16:39,251.57,251.89,251.57,251.685,2968
2026-08-27 16:40,251.89,251.99,251.685,251.735,3338
2026-08-27 16:41,251.735,251.735,251.54,251.72,8170
2026-08-27 16:42,251.785,251.941,251.785,251.845,1177
2026-08-27 16:43,251.69,251.958,251.69,251.765,4337
2026-08-27 16:44,251.775,251.978,251.22,251.22,3362
2026-08-27 16:45,251.23,251.49,251,251.49,3567
2026-08-27 16:46,251.58,251.67,251.58,251.595,3670
2026-08-27 16:47,251.595,251.89,251.595,251.89,1841
2026-08-27 16:48,251.79,251.79,251.66,251.67,5976
2026-08-27 16:49,251.835,251.85,251.835,251.845,764
2026-08-27 16:50,251.885,251.932,251.66,251.66,3739
2026-08-27 16:51,251.69,251.79,251.647,251.79,2250
2026-08-27 16:52,251.72,251.97,251.72,251.97,1728
2026-08-27 16:53,251.83,252.08,251.81,252.025,4094
2026-08-27 16:54,251.68,251.765,251.4,251.695,3659
2026-08-27 16:55,251.71,251.71,251.71,251.71,1870
2026-08-27 16:56,251.66,251.66,251.505,251.6,5652
2026-08-27 16:57,251.46,251.6,251.376,251.55,4726
2026-08-27 16:58,251.565,251.674,251.565,251.674,967
2026-08-27 16:59,251.481,251.481,251.42,251.42,3126
2026-08-27 17:00,251.42,251.44,251.42,251.42,2947
2026-08-27 17:01,251.53,251.73,251.47,251.73,3335
2026-08-27 17:02,251.876,251.876,251.55,251.715,2028
2026-08-27 17:03,251.55,251.55,251.3,251.365,5307
2026-08-27 17:04,251.29,251.47,251.2,251.47,2976
2026-08-27 17:05,251.345,251.45,251.02,251.02,6644
2026-08-27 17:06,250.885,251.19,250.65,250.865,5460
2026-08-27 17:07,250.835,250.86,250.46,250.525,4792
2026-08-27 17:08,250.4,250.69,250.39,250.39,15160
2026-08-27 17:09,250.39,250.48,250.27,250.48,5515
2026-08-27 17:10,250.57,250.8,250.45,250.645,3207
2026-08-27 17:11,250.645,250.67,250.444,250.575,6147
2026-08-27 17:12,250.485,250.485,250.15,250.285,13184
2026-08-27 17:13,250.335,250.5,250.18,250.5,5716
2026-08-27 17:14,250.325,250.38,250.15,250.29,5442
2026-08-27 17:15,250.26,250.26,249.465,249.61,21377
2026-08-27 17:16,249.73,249.73,249.5,249.5,5834
2026-08-27 17:17,249.62,250.08,249.615,250.055,5725
2026-08-27 17:18,250.055,250.22,250,250.1,7586
2026-08-27 17:19,250.125,250.197,250.12,250.143,3908
2026-08-27 17:20,249.99,250.01,249.88,249.99,6372
2026-08-27 17:21,250.04,250.12,249.98,250.12,4796
2026-08-27 17:22,250.18,250.2,250.07,250.13,3121
2026-08-27 17:23,250.09,250.75,250.09,250.75,15349
2026-08-27 17:24,250.555,250.732,250.555,250.732,2219
2026-08-27 17:25,250.34,250.34,250.09,250.09,2490
2026-08-27 17:26,250,250.38,250,250.38,7217
2026-08-27 17:27,250.417,250.54,250.3,250.4,2050
2026-08-27 17:28,250.48,250.69,250.37,250.5,2939
2026-08-27 17:29,250.575,250.75,250.439,250.439,8725
2026-08-27 17:30,250.575,250.74,250.575,250.74,2506
2026-08-27 17:31,250.6,250.74,250.06,250.33,14466
2026-08-27 17:32,250.265,250.58,250.265,250.55,4285
2026-08-27 17:33,250.65,250.65,250.545,250.545,1654
2026-08-27 17:34,250.53,250.55,250.23,250.23,4394
2026-08-27 17:35,250.295,250.47,250.12,250.355,4373
2026-08-27 17:36,250.31,250.74,250.28,250.658,7315
2026-08-27 17:37,250.67,251.156,250.67,251.156,10121
2026-08-27 17:38,251.177,251.177,250.88,250.995,2063
2026-08-27 17:39,250.995,250.995,250.015,250.16,35799
2026-08-27 17:40,250.11,250.36,250.01,250.36,10195
2026-08-27 17:41,250.22,250.22,249.945,250.19,7963
2026-08-27 17:42,250.32,250.415,250.095,250.102,3044
2026-08-27 17:43,250.095,250.32,250.085,250.2,3648
2026-08-27 17:44,249.985,250.16,249.95,250.04,3616
2026-08-27 17:45,250.165,250.36,249.975,250,7377
2026-08-27 17:46,249.985,250.23,249.985,249.99,5211
2026-08-27 17:47,249.995,250.375,249.995,250.23,5033
2026-08-27 17:48,250.125,250.284,249.93,249.97,11335
2026-08-27 17:49,249.955,250.06,249.85,250.04,6448
2026-08-27 17:50,249.97,249.97,249.97,249.97,227
2026-08-27 17:51,250.1,250.385,250,250.385,6316
2026-08-27 17:52,250.38,250.77,250.38,250.535,4017
2026-08-27 17:53,250.73,250.82,250.55,250.62,6693
2026-08-27 17:54,250.82,250.89,250.74,250.74,4838
2026-08-27 17:55,250.498,250.68,250.498,250.605,3482
2026-08-27 17:56,250.56,250.89,250.56,250.71,3391
2026-08-27 17:57,250.675,250.715,250.675,250.715,1594
2026-08-27 17:58,250.57,250.727,250.57,250.575,3848
2026-08-27 17:59,250.74,250.83,250.691,250.83,2568
2026-08-27 18:00,250.81,250.81,250.71,250.73,1033
2026-08-27 18:01,250.6,250.6,250.25,250.28,16471
2026-08-27 18:02,250.009,250.43,250.009,250.39,3449
2026-08-27 18:03,250.39,250.39,250.27,250.27,3547
2026-08-27 18:04,250.27,250.32,250.113,250.205,5786
2026-08-27 18:05,250.3,250.96,250.3,250.96,9420
2026-08-27 18:06,250.96,250.97,250.815,250.815,1516
2026-08-27 18:07,251,251.089,250.902,250.902,7388
2026-08-27 18:08,250.82,250.979,250.815,250.815,2016
2026-08-27 18:09,250.962,250.962,250.71,250.81,5833
2026-08-27 18:10,250.71,250.71,250.41,250.65,3481
2026-08-27 18:11,250.86,251,250.86,250.98,3838
2026-08-27 18:12,251.067,251.067,250.82,250.82,1092
2026-08-27 18:13,250.8,251,250.79,251,1454
2026-08-27 18:14,250.915,251.17,250.78,251.17,3307
2026-08-27 18:15,251.432,251.432,251.205,251.205,1551
2026-08-27 18:16,251.29,251.29,251.08,251.08,1586
2026-08-27 18:17,251.38,251.38,251.225,251.225,1800
2026-08-27 18:18,251.2,251.41,251.121,251.38,4497
2026-08-27 18:19,251.53,251.54,251.385,251.385,1468
2026-08-27 18:20,251.2,251.23,250.93,251.2,5571
2026-08-27 18:21,250.95,250.99,250.7,250.93,4428
2026-08-27 18:22,250.93,250.93,250.725,250.725,1937
2026-08-27 18:23,250.655,250.705,250.655,250.705,1779
2026-08-27 18:24,250.68,250.72,250.49,250.49,3501
2026-08-27 18:25,250.55,250.8,250.455,250.8,19438
2026-08-27 18:26,250.7,250.86,250.7,250.81,2733
2026-08-27 18:27,250.52,250.92,250.52,250.92,1825
2026-08-27 18:28,250.485,250.63,250.405,250.63,8202
2026-08-27 18:29,250.76,250.76,250.6,250.63,4047
2026-08-27 18:30,250.635,250.76,250.635,250.76,2178
2026-08-27 18:31,250.51,250.91,250.51,250.91,3671
2026-08-27 18:32,250.554,251,250.55,251,5591
2026-08-27 18:33,250.815,250.82,250.65,250.65,10170
2026-08-27 18:34,250.475,250.615,250.475,250.615,2812
2026-08-27 18:36,250.6,250.77,250.6,250.77,1382
2026-08-27 18:37,250.64,250.8,250.566,250.566,3320
2026-08-27 18:38,250.64,250.77,250.64,250.77,2159
2026-08-27 18:39,250.61,250.695,250.565,250.695,4294
2026-08-27 18:40,250.52,250.52,250.52,250.52,500
2026-08-27 18:41,250.57,250.81,250.57,250.81,1427
2026-08-27 18:42,250.475,250.64,250.475,250.64,2394
2026-08-27 18:43,250.74,250.92,250.74,250.745,3489
2026-08-27 18:44,250.75,251.03,250.75,251.03,4243
2026-08-27 18:45,250.95,251,250.895,250.895,2948
2026-08-27 18:46,250.94,250.94,250.94,250.94,493
2026-08-27 18:47,250.94,251.07,250.64,251.07,4538
2026-08-27 18:48,251.07,251.07,250.995,251,2000
2026-08-27 18:49,251,251,250.77,250.77,7571
2026-08-27 18:50,250.754,250.91,250.754,250.91,3827
2026-08-27 18:51,251.025,251.44,251.025,251.305,6135
2026-08-27 18:52,251.44,251.5,251.35,251.38,5079
2026-08-27 18:53,251.474,251.6,251.436,251.44,8542
2026-08-27 18:54,251.54,251.54,251.34,251.34,3267
2026-08-27 18:55,250.992,251.09,250.975,250.98,2113
2026-08-27 18:56,250.97,251.04,250.855,251.04,2165
2026-08-27 18:57,251.01,251.01,250.99,250.99,2368
2026-08-27 18:58,251.2,251.2,250.955,250.955,3900
2026-08-27 18:59,251.055,251.055,250.97,250.97,1795
2026-08-27 19:00,250.89,251.07,250.76,251.04,3599
2026-08-27 19:01,251.14,251.15,250.95,251.07,3301
2026-08-27 19:02,250.92,250.94,250.92,250.93,2201
2026-08-27 19:03,251,251,250.935,250.935,14717
2026-08-27 19:04,250.84,251.34,250.84,251.34,10266
2026-08-27 19:05,251.34,251.35,251.03,251.03,6080
2026-08-27 19:06,250.99,251.2,250.99,251.2,3141
2026-08-27 19:07,251.36,251.38,251.2,251.235,3589
2026-08-27 19:08,251.11,251.11,250.89,251.11,6599
2026-08-27 19:09,251.083,251.49,251.07,251.28,6090
2026-08-27 19:10,251.29,251.47,251.29,251.31,2308
2026-08-27 19:11,251.46,251.615,251.32,251.615,3537
2026-08-27 19:12,251.48,251.601,251.3,251.455,3075
2026-08-27 19:13,251.11,251.3,251.105,251.3,3730
2026-08-27 19:14,251.33,251.35,251.13,251.13,5649
2026-08-27 19:15,251.24,251.46,251.24,251.46,3322
2026-08-27 19:16,251.43,251.58,251.43,251.515,6454
2026-08-27 19:17,251.42,251.455,251.335,251.445,4055
2026-08-27 19:18,251.48,251.48,251.38,251.38,5476
2026-08-27 19:19,251.33,251.48,251.325,251.325,3798
2026-08-27 19:20,251.38,251.456,251.3,251.456,1250
2026-08-27 19:21,251.31,251.49,251.31,251.37,4065
2026-08-27 19:22,251.217,251.31,251.175,251.175,3374
2026-08-27 19:23,251.175,251.29,251.047,251.165,5478
2026-08-27 19:24,251,251.04,250.75,250.86,22679
2026-08-27 19:25,250.781,251.2,250.705,250.96,9630
2026-08-27 19:26,251.2,251.56,251.2,251.48,5049
2026-08-27 19:27,251.415,251.425,251.295,251.295,2984
2026-08-27 19:28,251.2,251.575,251.064,251.575,4071
2026-08-27 19:29,251.53,251.535,251.1,251.305,4472
2026-08-27 19:30,251.315,251.32,250.9,251.139,10276
2026-08-27 19:31,251,251.33,251,251.33,4579
2026-08-27 19:32,251.385,251.4,251.062,251.4,3939
2026-08-27 19:33,251.36,251.55,251.22,251.55,6231
2026-08-27 19:34,251.71,251.86,251.71,251.76,3748
2026-08-27 19:35,251.74,251.915,251.74,251.81,5808
2026-08-27 19:36,251.95,251.95,251.41,251.607,8336
2026-08-27 19:37,251.54,251.78,251.54,251.78,6201
2026-08-27 19:38,252,252,251.8,251.895,5026
2026-08-27 19:39,252,252,251.8,251.82,5213
2026-08-27 19:40,251.83,251.83,251.564,251.58,7090
2026-08-27 19:41,251.6,251.66,251.5,251.63,5642
2026-08-27 19:42,251.5,251.91,251.5,251.78,7034
2026-08-27 19:43,251.775,252.32,251.75,252.32,10321
2026-08-27 19:44,252.22,252.356,252.14,252.25,11289
2026-08-27 19:45,252.21,252.447,252.21,252.21,10623
2026-08-27 19:46,252.2,252.48,252.1,252.44,9680
2026-08-27 19:47,252.35,252.54,252.295,252.54,7652
2026-08-27 19:48,252.264,252.615,252.264,252.45,10736
2026-08-27 19:49,252.475,252.735,252.29,252.735,6481
2026-08-27 19:50,252.835,253,252.695,252.889,11670
2026-08-27 19:51,253.1,253.49,253.1,253.29,14000
2026-08-27 19:52,253.315,253.805,253.296,253.79,22645
2026-08-27 19:53,253.87,254.02,253.83,253.83,31545
2026-08-27 19:54,253.895,254.45,253.79,254.259,23143
2026-08-27 19:55,254.21,254.68,254.21,254.33,37870
2026-08-27 19:56,254.44,254.54,254.27,254.39,30986
2026-08-27 19:57,254.385,254.88,254.34,254.795,31126
2026-08-27 19:58,254.81,255.23,254.765,255.135,43889
2026-08-27 19:59,255.135,255.41,254.96,255.31,141359
2026-08-28 13:30,250.81,251.25,250,250.43,105642
2026-08-28 13:31,251.25,251.69,249.88,250.18,22841
2026-08-28 13:32,250.234,251,249.881,250.78,4054
2026-08-28 13:33,250.435,250.813,250.025,250.44,3653
2026-08-28 13:34,250.08,250.893,250.08,250.62,5441
2026-08-28 13:35,250.63,250.76,249.09,250.43,45526
2026-08-28 13:36,250.375,250.735,249.38,250.385,18209
2026-08-28 13:37,250.385,250.8,249.79,249.79,10519
2026-08-28 13:38,249.79,250.62,249.79,250.6,7143
2026-08-28 13:39,250.761,250.85,250.439,250.64,8776
2026-08-28 13:40,250.41,250.64,250.17,250.485,8530
2026-08-28 13:41,250.48,251.31,250.48,250.9,11100
2026-08-28 13:42,250.9,250.9,250.26,250.5,7794
2026-08-28 13:43,250.391,251,250.391,250.81,4401
2026-08-28 13:44,250.81,250.81,249.895,249.895,10903
2026-08-28 13:45,250.145,250.88,249.995,250.29,12125
2026-08-28 13:46,250.29,250.38,250,250.09,4891
2026-08-28 13:47,250.29,250.58,249.831,250.465,53209
2026-08-28 13:48,250.42,250.74,250.395,250.6,11319
2026-08-28 13:49,250.61,250.78,249.8,250.14,38046
2026-08-28 13:50,250.19,250.81,250.19,250.48,7143
2026-08-28 13:51,250.41,251.21,250.2,250.575,17678
2026-08-28 13:52,250.66,250.92,250.08,250.08,6405
2026-08-28 13:53,250.52,250.58,249.81,250.443,14328
2026-08-28 13:54,250.661,250.661,250.21,250.21,1269
2026-08-28 13:55,250.14,250.43,250.01,250.22,6514
2026-08-28 13:56,250.22,250.55,250.135,250.38,7832
2026-08-28 13:57,250.22,250.37,250,250.37,5242
2026-08-28 13:58,250.2,250.75,250.2,250.615,6548
2026-08-28 13:59,250.85,251,250.61,250.61,8642
2026-08-28 14:00,250.531,251.186,250,250.96,7281
2026-08-28 14:01,250.54,250.61,250.28,250.425,5072
2026-08-28 14:02,250.85,250.85,249.98,250.175,5674
2026-08-28 14:03,250.465,250.465,249.67,249.67,10065
2026-08-28 14:04,249.55,250.46,249.25,250.3,19224
2026-08-28 14:05,250.27,250.285,249.586,249.586,13701
2026-08-28 14:06,249.5,249.57,248.29,248.99,16237
2026-08-28 14:07,248.55,248.67,247.57,247.885,15530
2026-08-28 14:08,248.25,248.255,247.5,248.255,8509
2026-08-28 14:09,247.98,248.315,247.5,247.5,8360
2026-08-28 14:10,247.38,248.54,247.38,248.21,7830
2026-08-28 14:11,248.05,248.06,247.42,247.5,9522
2026-08-28 14:12,247.56,247.685,246.66,247.685,23607
2026-08-28 14:13,247.96,248,246.39,246.665,8273
2026-08-28 14:14,246.4,246.97,246.4,246.9,5578
2026-08-28 14:15,247.36,247.53,247.245,247.53,4793
2026-08-28 14:16,247.455,247.932,247.42,247.765,5047
2026-08-28 14:17,247.485,247.852,247.485,247.575,2071
2026-08-28 14:18,247.64,247.9,247.18,247.21,8994
2026-08-28 14:19,247.31,247.64,247.23,247.39,3411
2026-08-28 14:20,247.15,248,247.125,247.62,8292
2026-08-28 14:21,247.939,247.99,247.51,247.51,7644
2026-08-28 14:22,247.42,248.255,247.42,248.195,10173
2026-08-28 14:23,248.088,248.32,247.859,248.039,4324
2026-08-28 14:24,247.94,248.25,247.51,248.165,11298
2026-08-28 14:25,248.19,248.57,248.17,248.57,3894
2026-08-28 14:26,248.13,248.22,247.5,248.22,9381
2026-08-28 14:27,248.05,248.05,247.77,247.81,1332
2026-08-28 14:28,247.81,247.93,247.55,247.93,3543
2026-08-28 14:29,247.8,248.23,247.63,248.23,6378
2026-08-28 14:30,248.11,248.11,247.662,247.98,3064
2026-08-28 14:31,247.75,247.79,247.55,247.79,2589
2026-08-28 14:32,247.55,248.266,247.55,248.04,5791
2026-08-28 14:33,248.04,248.53,248.04,248.305,10425
2026-08-28 14:34,248.08,248.84,248.08,248.8,13791
2026-08-28 14:35,248.69,248.854,248.325,248.325,4868
2026-08-28 14:36,248.16,248.61,248.12,248.61,5669
2026-08-28 14:37,248.44,248.84,248.44,248.74,10334
2026-08-28 14:38,248.58,248.89,248.58,248.785,5775
2026-08-28 14:39,248.58,248.58,248,248,3917
2026-08-28 14:40,247.85,248.34,247.85,248.34,3322
2026-08-28 14:41,248.185,248.25,247.81,248.25,4266
2026-08-28 14:42,248.01,248.145,247.79,248.145,3193
2026-08-28 14:43,248.18,248.44,248.135,248.31,5817
2026-08-28 14:44,248.27,248.5,248.08,248.285,3487
2026-08-28 14:45,248.12,248.23,248.01,248.22,2282
2026-08-28 14:46,248,248.01,247.58,247.855,8876
2026-08-28 14:47,248.01,248.115,247.825,247.825,1956
2026-08-28 14:48,247.55,247.93,246.8,247.155,21823
2026-08-28 14:49,246.88,247.3,246.69,247.015,23512
2026-08-28 14:50,247.085,247.95,247.085,247.705,11033
2026-08-28 14:51,247.97,248,247.7,247.72,5011
2026-08-28 14:52,247.6,247.72,247.54,247.655,5339
2026-08-28 14:53,247.58,247.9,247.42,247.829,5362
2026-08-28 14:55,247.9,248.72,247.845,248.72,9550
2026-08-28 14:56,248.465,248.95,248.465,248.78,6609
2026-08-28 14:57,248.795,248.92,248.69,248.8,4236
2026-08-28 14:58,248.7,248.71,248.3,248.55,9905
2026-08-28 14:59,248.575,248.61,248.03,248.03,4750
2026-08-28 15:00,248.29,248.29,247.908,248.23,6445
2026-08-28 15:01,248.245,248.49,247.675,247.675,4941
2026-08-28 15:02,247.5,247.54,247.37,247.42,7925
2026-08-28 15:03,247.455,247.76,247.45,247.59,5779
2026-08-28 15:04,247.8,247.86,247.55,247.6,4298
2026-08-28 15:05,247.668,247.7,247.5,247.555,5379
2026-08-28 15:06,247.445,247.71,247.415,247.45,8260
2026-08-28 15:07,247.27,247.66,247.27,247.55,2854
2026-08-28 15:08,247.455,247.58,247.27,247.455,4821
2026-08-28 15:09,247.455,247.91,247.455,247.633,9992
2026-08-28 15:10,247.65,248.07,247.595,247.93,7387
2026-08-28 15:11,247.76,247.76,247.27,247.27,2717
2026-08-28 15:12,247.51,247.51,246.06,246.18,23185
2026-08-28 15:13,246.19,246.476,246.08,246.476,6228
2026-08-28 15:14,246.57,246.76,246.06,246.06,8727
2026-08-28 15:15,246.02,246.38,245.8,246.335,11515
2026-08-28 15:16,246.025,247.18,246.025,247.18,5925
2026-08-28 15:17,247,247.47,246.84,247.395,7877
2026-08-28 15:18,247.03,247.22,246.82,246.925,6163
2026-08-28 15:19,246.93,247.4,246.72,246.72,6599
2026-08-28 15:20,246.805,247.275,246.805,247.14,6245
2026-08-28 15:21,247.32,247.44,246.75,246.75,3825
2026-08-28 15:22,246.75,246.85,246.6,246.65,3970
2026-08-28 15:23,246.755,246.84,246.3,246.3,5483
2026-08-28 15:24,246.3,246.36,245.88,245.88,7200
2026-08-28 15:25,245.935,246.29,245.935,246.255,7091
2026-08-28 15:26,246.48,246.77,246.455,246.77,4013
2026-08-28 15:27,246.81,246.81,246.24,246.25,2060
2026-08-28 15:28,246.25,246.74,246.09,246.47,4579
2026-08-28 15:29,246.74,246.74,246.23,246.23,3290
2026-08-28 15:30,246.2,246.26,246.01,246.26,5685
2026-08-28 15:31,246.05,246.47,246.01,246.35,12967
2026-08-28 15:32,246.43,246.5,246.345,246.375,5155
2026-08-28 15:33,246.44,246.44,245.95,246.15,21705
2026-08-28 15:34,245.96,245.98,245.56,245.57,12150
2026-08-28 15:35,245.57,245.61,245.265,245.35,8209
2026-08-28 15:36,245.445,245.68,245.4,245.4,9988
2026-08-28 15:37,245.34,245.57,245.25,245.297,7052
2026-08-28 15:38,245.415,245.58,245.25,245.251,8153
2026-08-28 15:39,245.24,245.245,244.95,244.98,14622
2026-08-28 15:40,244.945,244.945,244.18,244.18,17593
2026-08-28 15:41,244.155,244.49,244.03,244.42,13674
2026-08-28 15:42,244.27,244.42,244.13,244.33,3652
2026-08-28 15:43,244.46,244.87,244.32,244.67,15859
2026-08-28 15:44,244.645,244.74,244.61,244.716,4867
2026-08-28 15:45,244.58,244.65,244.22,244.4,9298
2026-08-28 15:46,244.383,244.485,244.01,244.19,8018
2026-08-28 15:47,244.02,244.13,243.6,243.61,20781
2026-08-28 15:48,243.615,243.859,243.335,243.859,11911
2026-08-28 15:49,243.74,243.74,243.31,243.515,8269
2026-08-28 15:50,243.51,243.515,243.33,243.49,6227
2026-08-28 15:51,243.58,243.799,243.25,243.25,7648
2026-08-28 15:52,243.05,243.24,242.85,243.24,7762
2026-08-28 15:53,242.907,243.375,242.907,243.11,6877
2026-08-28 15:54,243.28,243.56,243,243.56,8879
2026-08-28 15:55,243.09,243.32,242.7,242.7,3549
2026-08-28 15:56,242.75,242.89,242.35,242.48,14551
2026-08-28 15:57,242.48,242.48,242.07,242.41,17012
2026-08-28 15:58,242.34,242.48,241.79,241.98,16711
2026-08-28 15:59,242,242.13,241.69,241.87,13654
2026-08-28 16:00,241.83,242.12,241.72,241.8,7456
2026-08-28 16:01,241.8,241.845,240.81,241.48,16971
2026-08-28 16:02,241.64,241.93,241.415,241.93,6668
2026-08-28 16:03,241.97,242.27,241.97,242.095,6440
2026-08-28 16:04,242.28,242.436,241.79,241.79,11771
2026-08-28 16:05,242.08,242.6,242.005,242.6,6279
2026-08-28 16:06,242.85,243,242.365,242.61,6940
2026-08-28 16:07,242.858,243.14,242.61,242.85,9267
2026-08-28 16:08,242.8,242.915,242.58,242.725,3162
2026-08-28 16:09,242.81,243.4,242.81,243.32,4622
2026-08-28 16:10,243.23,243.35,243.01,243.02,3539
2026-08-28 16:11,243.02,243.19,242.72,242.805,8201
2026-08-28 16:12,242.43,243.02,242.17,242.925,6038
2026-08-28 16:13,243.172,243.2,242.68,242.68,3036
2026-08-28 16:14,242.805,243.1,242.58,242.96,3895
2026-08-28 16:15,242.9,243.27,242.87,242.95,5761
2026-08-28 16:16,242.8,242.8,242.56,242.69,5562
2026-08-28 16:17,242.765,243.03,242.28,242.28,6693
2026-08-28 16:18,242.37,242.37,242.1,242.1,1328
2026-08-28 16:19,242.01,242.375,242.01,242.375,3738
2026-08-28 16:20,242.15,242.315,242.15,242.2,2824
2026-08-28 16:21,242.05,242.195,241.71,242.045,12990
2026-08-28 16:22,241.98,241.98,241.727,241.965,3381
2026-08-28 16:23,241.79,242,241.51,241.69,10771
2026-08-28 16:24,241.6,241.73,241.52,241.69,5075
2026-08-28 16:25,241.556,241.9,241.5,241.74,13537
2026-08-28 16:26,241.775,241.96,241.735,241.735,6030
2026-08-28 16:27,241.6,241.93,241.56,241.93,5874
2026-08-28 16:28,241.99,242.121,241.91,241.945,2584
2026-08-28 16:29,241.9,241.9,241.53,241.67,6195
2026-08-28 16:30,241.67,242.01,241.67,241.79,8159
2026-08-28 16:31,241.79,241.81,241.39,241.51,6580
2026-08-28 16:32,241.73,241.8,241.44,241.62,23010
2026-08-28 16:33,241.69,242.03,241.69,241.76,7407
2026-08-28 16:34,241.85,241.915,241.44,241.49,6336
2026-08-28 16:35,241.328,241.78,241.328,241.635,19610
2026-08-28 16:36,241.8,241.9,241.58,241.9,11270
2026-08-28 16:37,241.8,241.91,241.65,241.68,5381
2026-08-28 16:38,241.855,241.855,241.58,241.745,1829
2026-08-28 16:39,241.6,241.657,241.295,241.295,5333
2026-08-28 16:40,241.295,241.399,241.01,241.22,2898
2026-08-28 16:41,241.32,241.32,240.83,241.2,7225
2026-08-28 16:42,241.325,241.325,241.14,241.285,3690
2026-08-28 16:43,241.055,241.09,240.925,241.06,5088
2026-08-28 16:44,240.93,240.93,240.56,240.71,7012
2026-08-28 16:45,240.655,241.17,240.655,241.17,9380
2026-08-28 16:46,241.11,241.586,241.11,241.557,4380
2026-08-28 16:47,241.47,241.75,241.47,241.55,7260
2026-08-28 16:48,241.615,241.92,241.51,241.835,4788
2026-08-28 16:49,241.81,241.81,241.38,241.43,3675
2026-08-28 16:50,241.245,241.555,241.245,241.52,4041
2026-08-28 16:51,241.37,241.62,241.345,241.505,3768
2026-08-28 16:52,241.47,241.64,241.385,241.59,4347
2026-08-28 16:53,241.655,241.675,241.25,241.25,2449
2026-08-28 16:54,241.52,241.63,241.3,241.504,3565
2026-08-28 16:55,241.286,241.286,241.286,241.286,301
2026-08-28 16:56,241.275,241.275,241.072,241.22,4270
2026-08-28 16:57,241.22,241.34,241.22,241.34,3104
2026-08-28 16:58,241.44,241.485,241.44,241.485,2850
2026-08-28 16:59,241.3,241.3,241.3,241.3,1733
2026-08-28 17:00,241.13,241.13,240.5,240.5,12883
2026-08-28 17:01,240.585,240.6,240.32,240.365,3650
2026-08-28 17:02,240.28,240.53,240.28,240.44,8326
2026-08-28 17:03,240.43,240.813,240.43,240.705,3418
2026-08-28 17:04,240.68,240.86,240.64,240.64,3160
2026-08-28 17:05,240.71,240.71,240.23,240.303,62421
2026-08-28 17:06,240.25,240.27,240.02,240.06,6313
2026-08-28 17:07,240.02,240.41,240.01,240.38,4704
2026-08-28 17:08,240.515,240.84,240.39,240.55,5110
2026-08-28 17:09,240.575,240.9,240.568,240.8,3472
2026-08-28 17:10,240.76,240.887,240.75,240.82,3842
2026-08-28 17:11,240.85,240.95,240.58,240.85,10142
2026-08-28 17:12,240.95,241.081,240.866,241.081,4126
2026-08-28 17:13,240.92,241.126,240.805,241.126,4909
2026-08-28 17:14,241.015,241.19,241.015,241.09,5714
2026-08-28 17:15,240.96,240.96,240.85,240.865,2479
2026-08-28 17:16,240.848,241.259,240.848,241.259,5901
2026-08-28 17:17,241.196,241.315,241.196,241.315,1300
2026-08-28 17:18,241.29,241.7,241.29,241.62,6336
2026-08-28 17:19,241.725,241.78,241.725,241.76,2503
2026-08-28 17:20,241.838,241.838,241.715,241.715,3835
2026-08-28 17:21,241.52,241.52,241.208,241.208,8239
2026-08-28 17:22,241.415,241.63,241.35,241.35,3797
2026-08-28 17:23,241.54,241.811,241.47,241.47,6368
2026-08-28 17:24,241.62,241.74,241.51,241.635,3732
2026-08-28 17:25,241.76,241.76,241.37,241.37,1699
2026-08-28 17:26,241.46,241.55,241.44,241.55,35686
2026-08-28 17:27,241.565,241.74,241.565,241.73,1804
2026-08-28 17:28,241.77,241.95,241.693,241.89,8139
2026-08-28 17:29,241.86,241.94,241.15,241.27,5937
2026-08-28 17:30,241.385,241.55,241.385,241.385,661
2026-08-28 17:31,241.41,241.41,241.37,241.37,1159
2026-08-28 17:32,241.54,241.74,241.37,241.74,6531
2026-08-28 17:33,241.8,242.07,241.8,242.07,5686
2026-08-28 17:34,242.01,242.01,241.92,241.955,12900
2026-08-28 17:35,241.99,242.16,241.99,242.035,3657
2026-08-28 17:36,242.035,242.047,242.035,242.047,2142
2026-08-28 17:37,242.26,242.3,241.93,242.3,6517
2026-08-28 17:38,242.21,242.3,242,242.19,4662
2026-08-28 17:39,242.02,242.03,241.83,241.83,4091
2026-08-28 17:40,241.815,242.15,241.815,241.848,3668
2026-08-28 17:41,241.81,242.049,241.81,241.98,2431
2026-08-28 17:42,241.906,242.115,241.86,241.992,7003
2026-08-28 17:43,242.025,242.16,242.025,242.16,1195
2026-08-28 17:44,242.1,242.32,242.1,242.32,4926
2026-08-28 17:45,242.3,242.35,242.17,242.35,3031
2026-08-28 17:46,242.58,242.58,242.35,242.5,7574
2026-08-28 17:47,242.52,242.595,242.52,242.595,3259
2026-08-28 17:48,242.67,242.78,242.57,242.695,7715
2026-08-28 17:49,242.727,242.75,242.645,242.75,4886
2026-08-28 17:50,242.76,243.5,242.76,243.16,7637
2026-08-28 17:51,243.26,243.26,243.1,243.25,4952
2026-08-28 17:52,243.24,243.35,243.04,243.04,4714
2026-08-28 17:53,242.93,243.019,242.93,243.019,3981
2026-08-28 17:54,242.97,242.97,242.71,242.875,8095
2026-08-28 17:55,242.74,242.795,242.298,242.49,4858
2026-08-28 17:56,242.275,242.275,242.096,242.096,3579
2026-08-28 17:57,242.09,242.09,242.09,242.09,1316
2026-08-28 17:58,242.15,242.285,242.15,242.285,7319
2026-08-28 17:59,242.285,242.285,241.85,241.86,4124
2026-08-28 18:00,241.94,241.99,241.82,241.93,6464
2026-08-28 18:01,241.84,242.02,241.65,242.02,7342
2026-08-28 18:02,241.925,242.03,241.925,242.03,1896
2026-08-28 18:03,242.065,242.065,241.94,241.94,2915
2026-08-28 18:04,241.92,241.92,241.6,241.605,5423
2026-08-28 18:05,241.66,241.89,241.66,241.89,5710
2026-08-28 18:06,241.775,241.87,241.775,241.775,1151
2026-08-28 18:07,241.68,241.745,241.68,241.72,2851
2026-08-28 18:08,241.86,241.86,241.73,241.735,2021
2026-08-28 18:09,241.745,241.86,241.48,241.56,4196
2026-08-28 18:10,241.66,241.66,241.464,241.545,2475
2026-08-28 18:11,241.41,241.58,241.33,241.58,6319
2026-08-28 18:12,241.61,241.675,241.545,241.545,3096
2026-08-28 18:13,241.535,241.77,241.535,241.77,3016
2026-08-28 18:14,241.69,241.69,241.4,241.48,3370
2026-08-28 18:15,241.39,241.49,241.39,241.45,3235
2026-08-28 18:16,241.352,241.475,241.352,241.36,2574
2026-08-28 18:17,241.29,241.3,241.11,241.153,4398
2026-08-28 18:18,241.265,241.307,241.25,241.307,5242
2026-08-28 18:19,241.21,241.409,241.2,241.32,2646
2026-08-28 18:20,241.41,241.44,241.32,241.39,3302
2026-08-28 18:21,241.35,241.41,241.28,241.35,2938
2026-08-28 18:22,241.395,241.443,241.3,241.3,2536
2026-08-28 18:23,241.26,241.26,241.04,241.04,6810
2026-08-28 18:24,241.145,241.36,241.145,241.36,6300
2026-08-28 18:25,241.36,241.36,241.15,241.15,3510
2026-08-28 18:26,241.29,241.29,241.135,241.135,815
2026-08-28 18:27,241.23,241.429,241.23,241.26,5681
2026-08-28 18:28,241.34,241.36,241.198,241.31,6767
2026-08-28 18:29,241.2,241.2,241.05,241.12,3552
2026-08-28 18:30,241.01,241.08,240.83,240.94,18070
2026-08-28 18:31,240.91,241.14,240.91,241.025,3594
2026-08-28 18:32,241,241.27,240.92,240.92,6416
2026-08-28 18:33,240.83,241.025,240.734,241.025,3712
2026-08-28 18:34,241.07,241.386,241.07,241.275,2821
2026-08-28 18:35,241.36,241.534,241.17,241.17,6588
2026-08-28 18:36,240.955,241.08,240.955,241.08,3122
2026-08-28 18:37,241.13,241.165,241.1,241.1,2913
2026-08-28 18:38,240.94,241.12,240.94,241.09,7588
2026-08-28 18:40,241.08,241.12,240.99,241.12,7507
2026-08-28 18:41,241,241.02,240.91,240.93,3347
2026-08-28 18:42,241.015,241.12,240.867,241.12,10054
2026-08-28 18:43,241.32,241.37,241.27,241.27,4297
2026-08-28 18:44,241.42,241.42,241.236,241.35,5113
2026-08-28 18:45,241.375,241.55,241.367,241.47,12151
2026-08-28 18:46,241.39,241.5,241.24,241.24,2830
2026-08-28 18:47,241.285,241.325,241.117,241.235,3137
2026-08-28 18:48,241.235,241.35,241.08,241.08,2720
2026-08-28 18:49,241.026,241.197,240.92,240.92,2961
2026-08-28 18:50,240.701,240.71,240.51,240.625,6758
2026-08-28 18:51,240.56,240.66,240.5,240.635,6657
2026-08-28 18:52,240.635,240.664,240.6,240.6,5070
2026-08-28 18:53,240.568,240.86,240.49,240.86,6720
2026-08-28 18:54,240.68,240.68,240.68,240.68,1030
2026-08-28 18:55,240.65,240.65,240.62,240.65,3362
2026-08-28 18:56,240.55,240.625,240.36,240.52,6091
2026-08-28 18:57,240.67,240.67,240.54,240.585,5820
2026-08-28 18:58,240.42,240.505,240.39,240.505,4800
2026-08-28 18:59,240.42,240.61,240.23,240.29,5903
2026-08-28 19:00,240.29,240.435,240.275,240.402,6119
2026-08-28 19:01,240.26,240.765,240.15,240.765,9067
2026-08-28 19:02,240.83,240.84,240.74,240.78,3091
2026-08-28 19:03,240.785,240.985,240.785,240.88,4504
2026-08-28 19:04,240.82,240.975,240.82,240.975,1713
2026-08-28 19:05,240.83,241.169,240.8,241.015,4241
2026-08-28 19:06,241.02,241.02,240.6,240.6,4020
2026-08-28 19:07,240.575,240.68,240.575,240.645,3549
2026-08-28 19:08,240.79,241.1,240.695,240.985,6554
2026-08-28 19:09,240.97,240.995,240.97,240.995,3674
2026-08-28 19:10,240.995,240.995,240.67,240.89,6364
2026-08-28 19:11,241.1,241.19,240.915,241.19,17263
2026-08-28 19:12,241.04,241.06,240.91,240.91,2736
2026-08-28 19:13,240.79,240.79,240.583,240.735,4036
2026-08-28 19:14,240.848,240.93,240.57,240.89,6880
2026-08-28 19:15,241.041,241.046,240.965,241.046,3426
2026-08-28 19:16,240.925,241.17,240.85,240.85,6291
2026-08-28 19:17,240.86,240.88,240.8,240.8,4042
2026-08-28 19:18,240.795,240.837,240.698,240.837,2436
2026-08-28 19:19,240.844,240.95,240.795,240.835,6091
2026-08-28 19:20,240.81,240.81,240.635,240.655,4195
2026-08-28 19:21,240.66,240.8,240.615,240.7,5178
2026-08-28 19:22,240.7,240.7,240.4,240.44,9317
2026-08-28 19:23,240.4,240.42,240.251,240.27,7216
2026-08-28 19:24,240.12,240.404,240.12,240.33,6928
2026-08-28 19:25,240.36,240.43,240.2,240.26,11838
2026-08-28 19:26,240.28,240.452,240.12,240.452,5772
2026-08-28 19:27,240.335,240.48,240.335,240.4,7212
2026-08-28 19:28,240.48,240.57,240.355,240.505,12444
2026-08-28 19:29,240.515,240.79,240.44,240.73,44315
2026-08-28 19:30,240.63,240.89,240.5,240.89,22486
2026-08-28 19:31,240.92,240.969,240.56,240.56,8910
2026-08-28 19:32,240.66,240.73,240.54,240.62,6048
2026-08-28 19:33,240.59,240.76,240.54,240.73,5782
2026-08-28 19:34,240.62,240.76,240.381,240.39,9416
2026-08-28 19:35,240.385,240.44,240.29,240.34,11305
2026-08-28 19:36,240.34,240.395,240.16,240.16,8628
2026-08-28 19:37,240.155,240.26,240.13,240.25,9356
2026-08-28 19:38,240.47,240.58,240.33,240.36,14058
2026-08-28 19:39,240.361,240.52,240.36,240.52,7021
2026-08-28 19:40,240.565,240.755,240.565,240.745,6122
2026-08-28 19:41,240.74,240.76,240.47,240.635,9375
2026-08-28 19:42,240.635,240.635,240.5,240.575,3646
2026-08-28 19:43,240.63,240.7,240.5,240.658,23851
2026-08-28 19:44,240.57,240.76,240.57,240.58,5989
2026-08-28 19:45,240.685,240.685,240.38,240.52,13233
2026-08-28 19:46,240.515,240.515,240.2,240.31,9604
2026-08-28 19:47,240.31,240.31,239.9,239.985,41635
2026-08-28 19:48,239.95,240.24,239.9,240.24,21974
2026-08-28 19:49,240.24,240.41,240.09,240.2,15214
2026-08-28 19:50,240.32,240.63,239.94,240.37,21298
2026-08-28 19:51,240.35,240.425,239.88,239.88,20169
2026-08-28 19:52,239.95,240.015,239.75,239.89,28623
2026-08-28 19:53,239.9,239.95,239.56,239.63,48428
2026-08-28 19:54,239.63,239.79,239.5,239.625,33733
2026-08-28 19:55,239.5,239.53,238.66,239.04,48177
2026-08-28 19:56,239.12,239.55,238.92,239.4,31532
2026-08-28 19:57,239.4,239.579,239.31,239.51,35339
2026-08-28 19:58,239.44,239.6,239.065,239.12,67479
2026-08-28 19:59,239.13,239.18,238.8,239.08,104980
2026-08-31 13:30,238.805,240,238.805,239.72,89451
2026-08-31 13:31,239.49,241,239.49,240.845,5157
2026-08-31 13:32,240.875,241.51,240.5,241.14,5935
2026-08-31 13:33,241.51,241.97,241.5,241.54,6805
2026-08-31 13:34,241.255,242.05,241.255,242.05,14342
2026-08-31 13:35,242.12,242.12,239.14,239.39,14497
2026-08-31 13:36,239.81,239.81,239.02,239.426,3321
2026-08-31 13:37,239.39,240,239.39,239.53,5125
2026-08-31 13:38,240,240.635,239.52,239.77,12450
2026-08-31 13:39,239.52,239.9,239.52,239.765,2615
2026-08-31 13:40,239.27,239.6,239.05,239.535,7022
2026-08-31 13:41,239.54,239.6,239.29,239.583,3825
2026-08-31 13:42,239.62,240.99,239.45,240.95,7064
2026-08-31 13:43,240.64,240.96,240.315,240.78,6275
2026-08-31 13:44,240.51,240.777,240.48,240.48,2858
2026-08-31 13:45,240.8,240.99,240.45,240.81,7301
2026-08-31 13:46,240.78,241.5,240.577,241.5,9376
2026-08-31 13:47,241.5,243.04,241.5,243.04,24932
2026-08-31 13:48,243.12,243.4,242.85,242.9,7679
2026-08-31 13:49,243.35,243.39,242.4,242.79,18617
2026-08-31 13:50,242.88,243.15,242.58,242.58,26256
2026-08-31 13:51,242.52,242.85,242.23,242.85,5260
2026-08-31 13:52,242.73,242.892,242.251,242.41,6119
2026-08-31 13:53,242.38,243.27,242.38,243.27,7747
2026-08-31 13:54,243.275,243.38,242.93,243.31,4473
2026-08-31 13:55,243.4,243.7,243.34,243.684,5752
2026-08-31 13:56,243.597,243.615,242.86,242.86,7592
2026-08-31 13:57,242.99,243.19,242.83,243.115,5938
2026-08-31 13:58,243.44,243.44,243.02,243.3,2748
2026-08-31 13:59,242.95,243.125,242.885,242.89,3923
2026-08-31 14:00,242.78,243.12,242.658,243,4045
2026-08-31 14:01,242.895,242.952,242.455,242.48,4056
2026-08-31 14:02,242.575,242.575,242.14,242.14,13252
2026-08-31 14:03,242.03,242.04,241.313,241.46,8608
2026-08-31 14:04,241.74,241.86,241.57,241.625,2263
2026-08-31 14:05,241.57,241.779,241.3,241.3,7383
2026-08-31 14:06,241.45,241.45,240.866,240.88,7705
2026-08-31 14:07,240.95,241.405,240.95,241.345,3135
2026-08-31 14:08,241.3,241.66,241.3,241.585,14322
2026-08-31 14:09,241.5,241.5,241.09,241.2,16096
2026-08-31 14:10,241.155,241.23,240.95,241.23,32782
2026-08-31 14:11,241.03,241.4,241.03,241.4,4165
2026-08-31 14:12,241.06,241.292,240.82,241.1,8326
2026-08-31 14:13,240.97,241.02,240.893,240.893,1558
2026-08-31 14:14,241.165,241.29,240.99,240.99,3967
2026-08-31 14:15,240.99,241.22,240.439,240.5,12991
2026-08-31 14:16,240.87,241.21,240.87,241.21,3214
2026-08-31 14:17,241.21,241.34,241.06,241.06,3195
2026-08-31 14:18,241.32,241.93,241.18,241.22,5751
2026-08-31 14:19,241.11,241.575,241.11,241.575,2912
2026-08-31 14:20,241.36,241.39,241.36,241.39,833
2026-08-31 14:21,241.44,241.78,241.44,241.78,1256
2026-08-31 14:22,241.78,241.875,241.68,241.875,2471
2026-08-31 14:23,241.29,241.51,241.24,241.51,2290
2026-08-31 14:24,241.591,241.62,241.36,241.37,4464
2026-08-31 14:25,241.285,241.335,241.285,241.335,14347
2026-08-31 14:26,241.27,241.27,240.65,240.8,12977
2026-08-31 14:27,240.65,240.8,240.65,240.755,2711
2026-08-31 14:28,240.88,240.9,240.57,240.9,4855
2026-08-31 14:29,240.86,240.86,240.67,240.8,3415
2026-08-31 14:30,240.845,241.03,240.53,240.53,1692
2026-08-31 14:31,240.81,240.81,240.45,240.45,3113
2026-08-31 14:32,240.475,240.69,240.3,240.312,4060
2026-08-31 14:33,240.495,240.665,240.495,240.665,1429
2026-08-31 14:34,240.367,240.61,240.367,240.46,2851
2026-08-31 14:35,240.46,240.72,240.46,240.72,2278
2026-08-31 14:36,240.749,240.95,240.53,240.95,5334
2026-08-31 14:37,241.18,241.26,241.01,241.26,3955
2026-08-31 14:38,240.99,241.09,240.79,240.79,4010
2026-08-31 14:39,240.975,240.985,240.975,240.985,642
2026-08-31 14:40,240.95,241.165,240.95,241.065,2105
2026-08-31 14:41,240.94,240.94,240.88,240.91,2134
2026-08-31 14:42,241.04,241.135,240.91,241.13,1846
2026-08-31 14:43,240.94,241.2,240.94,241.2,3199
2026-08-31 14:44,241.2,241.2,240.95,240.95,2118
2026-08-31 14:45,240.98,241.01,240.9,241.01,1706
2026-08-31 14:46,241.06,241.08,240.84,241.08,4639
2026-08-31 14:47,241.07,241.07,240.78,240.94,4331
2026-08-31 14:48,240.95,240.95,240.74,240.74,1831
2026-08-31 14:49,240.7,240.7,240.35,240.365,3730
2026-08-31 14:50,240.51,240.7,240.51,240.7,1319
2026-08-31 14:51,240.54,240.6,240.54,240.6,992
2026-08-31 14:52,240.56,240.57,240.38,240.51,3334
2026-08-31 14:53,240.38,240.38,240.185,240.185,4144
2026-08-31 14:54,239.8,239.96,239.8,239.96,3435
2026-08-31 14:55,240.205,240.205,240.205,240.205,825
2026-08-31 14:56,240.255,240.5,240.255,240.5,1084
2026-08-31 14:57,240.51,240.51,240.27,240.51,2939
2026-08-31 14:58,240.15,240.15,239.82,239.84,1075
2026-08-31 14:59,240.23,240.23,239.705,239.705,4208
2026-08-31 15:00,239.705,240.03,239.68,240.03,5902
2026-08-31 15:01,239.85,239.85,239.32,239.32,2372
2026-08-31 15:02,239.61,239.61,239.4,239.605,1458
2026-08-31 15:03,239.39,239.39,239.138,239.33,3134
2026-08-31 15:04,239.09,239.21,238.45,238.875,15227
2026-08-31 15:05,238.56,239.14,238.56,239.14,2974
2026-08-31 15:06,238.96,239.184,238.96,239.167,3107
2026-08-31 15:07,239.09,239.09,238.72,238.97,7737
2026-08-31 15:08,238.81,239.11,238.5,238.988,4017
2026-08-31 15:09,238.83,238.83,238.67,238.795,3122
2026-08-31 15:10,239.03,239.03,238.8,238.8,1542
2026-08-31 15:11,238.65,238.8,238.52,238.52,1329
2026-08-31 15:12,238.52,239.3,238.52,239.24,8713
2026-08-31 15:13,239.335,239.34,239.19,239.19,1849
2026-08-31 15:14,239.205,239.205,239.01,239.185,3499
2026-08-31 15:16,239.445,239.445,239.275,239.275,1302
2026-08-31 15:17,239.2,239.44,239.2,239.44,756
2026-08-31 15:18,239.214,239.214,239.02,239.02,1348
2026-08-31 15:19,239.175,239.2,239.02,239.2,2107
2026-08-31 15:20,239.23,239.335,239.23,239.235,3456
2026-08-31 15:21,239.37,239.63,239.37,239.571,1624
2026-08-31 15:22,239.6,239.6,239.44,239.555,3369
2026-08-31 15:23,239.42,239.62,239.42,239.52,4081
2026-08-31 15:24,239.39,239.81,239.26,239.81,8608
2026-08-31 15:25,239.84,239.84,239.7,239.7,2228
2026-08-31 15:26,239.58,239.758,239.54,239.585,1775
2026-08-31 15:27,239.77,239.77,239.66,239.66,1496
2026-08-31 15:28,239.67,239.929,239.67,239.92,3540
2026-08-31 15:29,239.55,239.72,239.53,239.53,2312
2026-08-31 15:30,239.4,239.41,239.21,239.375,9840
2026-08-31 15:31,239.43,239.55,239.2,239.55,3140
2026-08-31 15:32,239.55,239.55,239.55,239.55,1334
2026-08-31 15:33,239.26,239.32,239.26,239.29,1896
2026-08-31 15:34,239.285,239.285,239.02,239.28,6294
2026-08-31 15:35,239.33,239.36,239.33,239.36,1424
2026-08-31 15:36,239.38,239.5,239.34,239.34,1534
2026-08-31 15:37,239.365,239.42,239.25,239.42,2695
2026-08-31 15:38,239.265,239.47,239.12,239.12,1733
2026-08-31 15:40,239.295,239.295,239.235,239.235,822
2026-08-31 15:41,239.13,239.13,238.91,238.96,4791
2026-08-31 15:42,238.923,239.16,238.92,239.035,5991
2026-08-31 15:43,239.096,239.096,238.97,238.97,2264
2026-08-31 15:44,239.095,239.21,239.095,239.1,3041
2026-08-31 15:45,239.12,239.25,239.07,239.07,1904
2026-08-31 15:46,239.08,239.29,239.08,239.215,3035
2026-08-31 15:47,239.268,239.268,239.08,239.08,7505
2026-08-31 15:48,239.155,239.155,238.99,238.99,1780
2026-08-31 15:49,239.035,239.035,239.035,239.035,3505
2026-08-31 15:50,239.15,239.26,238.98,238.98,4097
2026-08-31 15:51,239.07,239.115,239.06,239.115,1727
2026-08-31 15:52,239.06,239.165,239.03,239.03,2108
2026-08-31 15:53,239.01,239.16,239,239,2536
2026-08-31 15:54,238.91,239.025,238.85,238.99,8467
2026-08-31 15:55,238.95,238.95,238.725,238.765,3681
2026-08-31 15:56,238.84,238.906,238.75,238.845,2588
2026-08-31 15:57,238.75,238.75,238.75,238.75,181
2026-08-31 15:58,238.8,238.8,238.72,238.78,2808
2026-08-31 15:59,238.85,238.85,238.78,238.78,2015
2026-08-31 16:00,238.82,238.835,238.82,238.835,1562
2026-08-31 16:01,238.81,238.81,238.57,238.58,3238
2026-08-31 16:02,238.65,238.65,238.41,238.46,6405
2026-08-31 16:03,238.42,238.499,238.37,238.4,4230
2026-08-31 16:04,238.38,238.38,238.24,238.35,1810
2026-08-31 16:05,238.299,238.61,238.299,238.605,4527
2026-08-31 16:06,238.55,238.589,238.47,238.562,2941
2026-08-31 16:07,238.525,238.58,238.47,238.56,3406
2026-08-31 16:08,238.54,238.54,238.38,238.397,3161
2026-08-31 16:09,238.49,238.49,238.435,238.435,638
2026-08-31 16:10,238.32,238.54,238.32,238.54,1955
2026-08-31 16:11,238.58,238.92,238.575,238.92,8487
2026-08-31 16:12,238.96,239.03,238.74,238.74,3362
2026-08-31 16:13,238.67,238.67,238.46,238.59,1756
2026-08-31 16:14,238.5,238.75,238.42,238.75,3199
2026-08-31 16:15,238.85,238.85,238.42,238.42,3895
2026-08-31 16:16,238.52,238.52,238.52,238.52,580
2026-08-31 16:17,238.4,238.4,238.27,238.27,957
2026-08-31 16:18,238.26,238.448,238.25,238.448,1331
2026-08-31 16:19,238.495,238.495,238.24,238.4,1354
2026-08-31 16:20,238.55,238.56,238.33,238.485,3888
2026-08-31 16:21,238.48,238.48,238.3,238.335,3478
2026-08-31 16:22,238.42,238.42,238.1,238.23,4338
2026-08-31 16:23,238.21,238.3,238.095,238.3,2382
2026-08-31 16:24,238.3,238.3,238.26,238.26,681
2026-08-31 16:25,238.2,238.43,238.2,238.43,3086
2026-08-31 16:26,238.435,238.63,238.435,238.63,3812
2026-08-31 16:27,238.72,238.85,238.72,238.85,578
2026-08-31 16:28,238.87,238.87,238.87,238.87,855
2026-08-31 16:29,238.93,239.05,238.93,238.95,2644
2026-08-31 16:30,238.915,238.98,238.82,238.82,1946
2026-08-31 16:31,238.8,238.89,238.8,238.88,2973
2026-08-31 16:32,238.875,239,238.875,239,2270
2026-08-31 16:33,238.93,238.965,238.92,238.965,1138
2026-08-31 16:34,238.92,238.92,238.86,238.86,1280
2026-08-31 16:35,238.84,238.84,238.82,238.82,471
2026-08-31 16:36,238.92,239.02,238.91,238.921,4443
2026-08-31 16:37,238.97,238.97,238.97,238.97,783
2026-08-31 16:38,238.89,238.93,238.84,238.84,2026
2026-08-31 16:39,238.75,238.75,238.571,238.571,1118
2026-08-31 16:40,238.55,238.73,238.55,238.73,2692
2026-08-31 16:41,238.8,239.1,238.8,239.09,4236
2026-08-31 16:42,239.1,239.1,238.92,238.92,2269
2026-08-31 16:43,238.9,239.23,238.9,239.12,4174
2026-08-31 16:44,239.15,239.25,239.09,239.09,5251
2026-08-31 16:45,239,239.02,239,239.02,471
2026-08-31 16:46,238.85,238.85,238.85,238.85,656
2026-08-31 16:47,238.82,238.82,238.82,238.82,706
2026-08-31 16:48,238.96,238.96,238.81,238.81,1293
2026-08-31 16:49,239.02,239.08,238.84,238.93,7835
2026-08-31 16:50,239.02,239.28,239.02,239.14,11673
2026-08-31 16:51,239.21,239.31,239.2,239.31,2054
2026-08-31 16:52,239.193,239.193,239.18,239.185,1573
2026-08-31 16:53,239.16,239.16,239.16,239.16,414
2026-08-31 16:54,239.07,239.145,239.023,239.023,1853
2026-08-31 16:55,239.16,239.16,239.16,239.16,468
2026-08-31 16:56,239.16,239.42,239.09,239.255,12494
2026-08-31 16:57,239.285,239.285,239.285,239.285,468
2026-08-31 16:58,239.285,239.285,239.25,239.25,814
2026-08-31 16:59,239.16,239.25,239.16,239.25,1308
2026-08-31 17:00,239.34,239.34,239.07,239.07,3251
2026-08-31 17:01,239.05,239.26,239.05,239.26,7007
2026-08-31 17:03,239.24,239.24,239.24,239.24,433
2026-08-31 17:04,239.22,239.3,239.098,239.18,4324
2026-08-31 17:06,239.08,239.08,239.08,239.08,440
2026-08-31 17:07,239.078,239.28,239.078,239.28,836
2026-08-31 17:08,239.195,239.22,239.195,239.22,2745
2026-08-31 17:09,239.29,239.29,239.29,239.29,170
2026-08-31 17:10,239.24,239.38,239.23,239.34,7133
2026-08-31 17:11,239.322,239.54,239.322,239.54,5882
2026-08-31 17:12,239.4,239.4,239.4,239.4,1467
2026-08-31 17:14,239.39,239.39,239.1,239.1,10518
2026-08-31 17:15,239.11,239.11,239.05,239.1,1408
2026-08-31 17:16,239.2,239.27,239.14,239.27,3526
2026-08-31 17:17,239.14,239.14,239.12,239.12,1761
2026-08-31 17:18,239,239,239,239,2059
2026-08-31 17:19,239.01,239.077,239.01,239.077,1188
2026-08-31 17:20,239.09,239.13,239.01,239.01,1673
2026-08-31 17:21,239.08,239.125,239.03,239.095,1514
2026-08-31 17:22,239.125,239.125,239.125,239.125,733
2026-08-31 17:23,239.07,239.16,239.07,239.16,989
2026-08-31 17:24,239.03,239.03,239.03,239.03,193
2026-08-31 17:25,239.01,239.19,239.01,239.01,2150
2026-08-31 17:26,239.06,239.11,239.01,239.01,2412
2026-08-31 17:27,239,239.175,239,239.16,6472
2026-08-31 17:28,239.11,239.11,239.02,239.02,1901
2026-08-31 17:29,239.07,239.147,239.07,239.1,795
2026-08-31 17:30,239.1,239.1,239.1,239.1,538
2026-08-31 17:31,239.02,239.17,239.005,239.005,2155
2026-08-31 17:32,239.03,239.19,239.03,239.19,2220
2026-08-31 17:33,239.105,239.105,239.105,239.105,834
2026-08-31 17:34,239.03,239.05,238.99,239,9485
2026-08-31 17:35,239,239.2,239,239.2,3085
2026-08-31 17:36,239.1,239.1,239.1,239.1,1201
2026-08-31 17:38,239.06,239.15,239.01,239.15,5746
2026-08-31 17:39,239.075,239.24,239.075,239.24,2389
2026-08-31 17:40,239.225,239.32,239.225,239.255,1048
2026-08-31 17:41,239.35,239.475,239.35,239.445,1860
2026-08-31 17:42,239.55,239.6,239.31,239.31,11394
2026-08-31 17:43,239.385,239.385,239.385,239.385,1654
2026-08-31 17:44,239.435,239.435,239.435,239.435,1856
2026-08-31 17:45,239.301,239.561,239.301,239.561,831
2026-08-31 17:46,239.341,239.341,239.341,239.341,403
2026-08-31 17:47,239.31,239.31,239.31,239.31,1386
2026-08-31 17:48,239.5,239.67,239.5,239.67,3496
2026-08-31 17:49,240,240.02,240,240.02,1190
2026-08-31 17:50,240.06,240.07,239.91,240.07,3993
2026-08-31 17:51,239.97,240.15,239.97,240.15,2228
2026-08-31 17:52,240.125,240.19,240.125,240.18,6311
2026-08-31 17:53,240.23,240.41,240.2,240.41,1956
2026-08-31 17:54,240.33,240.53,240.33,240.53,2147
2026-08-31 17:55,240.505,240.505,240.36,240.36,3852
2026-08-31 17:56,240.46,240.53,240.31,240.31,3088
2026-08-31 17:57,240.48,240.5,240.311,240.5,6888
2026-08-31 17:58,240.52,240.52,240.29,240.29,2210
2026-08-31 17:59,240.37,240.415,240.37,240.415,1489
2026-08-31 18:00,240.415,240.57,240.415,240.57,2698
2026-08-31 18:01,240.628,240.628,240.5,240.505,1702
2026-08-31 18:02,240.55,240.64,240.55,240.64,3863
2026-08-31 18:03,240.45,240.701,240.45,240.65,1293
2026-08-31 18:04,240.65,240.69,240.53,240.56,5608
2026-08-31 18:05,240.69,240.71,240.69,240.71,2094
2026-08-31 18:06,240.77,240.77,240.77,240.77,2633
2026-08-31 18:07,240.71,240.71,240.52,240.595,1785
2026-08-31 18:08,240.595,240.595,240.595,240.595,1574
2026-08-31 18:09,240.7,240.83,240.66,240.83,2435
2026-08-31 18:10,240.72,240.938,240.72,240.75,2375
2026-08-31 18:11,240.895,240.99,240.83,240.935,7431
2026-08-31 18:12,240.935,240.969,240.607,240.607,4231
2026-08-31 18:13,240.7,240.77,240.6,240.77,2935
2026-08-31 18:14,240.85,240.85,240.82,240.82,1134
2026-08-31 18:15,240.865,240.865,240.865,240.865,1056
2026-08-31 18:16,241,241,240.962,240.962,1577
2026-08-31 18:17,240.905,240.91,240.8,240.87,1285
2026-08-31 18:18,240.87,240.87,240.805,240.805,3075
2026-08-31 18:19,240.78,240.8,240.705,240.77,2520
2026-08-31 18:20,240.95,240.95,240.95,240.95,979
2026-08-31 18:21,240.815,240.835,240.72,240.74,5356
2026-08-31 18:22,240.73,240.84,240.73,240.781,1041
2026-08-31 18:23,240.865,241.02,240.865,241.02,4230
2026-08-31 18:24,241.05,241.16,240.96,241.08,5630
2026-08-31 18:25,240.96,241.025,240.908,240.91,4106
2026-08-31 18:26,240.997,240.997,240.895,240.895,941
2026-08-31 18:27,240.97,240.97,240.818,240.84,2058
2026-08-31 18:28,240.97,241.07,240.97,241.07,1514
2026-08-31 18:29,241.047,241.047,240.84,240.84,2410
2026-08-31 18:30,240.82,240.91,240.797,240.895,3678
2026-08-31 18:31,240.8,240.8,240.64,240.77,2162
2026-08-31 18:32,240.91,240.99,240.9,240.97,2234
2026-08-31 18:33,240.865,241.35,240.865,241.22,6411
2026-08-31 18:34,241.205,241.515,241.205,241.47,4360
2026-08-31 18:35,241.24,241.29,241.134,241.23,1169
2026-08-31 18:36,241.215,241.215,241.215,241.215,2956
2026-08-31 18:37,241.17,241.17,241.01,241.01,539
2026-08-31 18:38,240.975,240.975,240.78,240.79,1904
2026-08-31 18:39,240.815,240.94,240.815,240.94,2149
2026-08-31 18:40,240.82,240.82,240.675,240.675,2492
2026-08-31 18:41,240.69,240.69,240.6,240.685,2422
2026-08-31 18:42,240.69,240.74,240.69,240.74,1300
2026-08-31 18:43,240.58,240.585,240.42,240.52,2543
2026-08-31 18:44,240.71,240.89,240.593,240.81,4090
2026-08-31 18:45,240.81,240.81,240.805,240.81,3028
2026-08-31 18:46,240.81,240.915,240.747,240.86,4503
2026-08-31 18:47,240.915,240.925,240.89,240.92,1283
2026-08-31 18:48,240.91,240.915,240.84,240.84,3206
2026-08-31 18:49,240.96,241.05,240.96,241.05,766
2026-08-31 18:50,241.05,241.065,240.964,240.964,1430
2026-08-31 18:51,241.025,241.03,240.95,241.02,1768
2026-08-31 18:52,241.035,241.075,240.94,241.075,1476
2026-08-31 18:53,241.03,241.12,241.03,241.12,3404
2026-08-31 18:54,241.19,241.19,241.08,241.085,1820
2026-08-31 18:55,241.085,241.095,240.98,241.095,1447
2026-08-31 18:56,241.04,241.14,241.04,241.14,2395
2026-08-31 18:57,241.09,241.114,241.09,241.114,1417
2026-08-31 18:58,241.1,241.1,241.05,241.05,1782
2026-08-31 18:59,241.1,241.105,240.895,240.895,2388
2026-08-31 19:00,240.895,241.13,240.84,241.125,3297
2026-08-31 19:01,241.105,241.11,241.01,241.01,1794
2026-08-31 19:02,241.01,241.09,241,241.09,3084
2026-08-31 19:03,241.13,241.22,241.06,241.09,1628
2026-08-31 19:04,241.09,241.09,241.01,241.01,1826
2026-08-31 19:05,240.985,240.985,240.89,240.94,1516
2026-08-31 19:06,240.95,240.95,240.85,240.865,2502
2026-08-31 19:07,240.865,240.959,240.865,240.865,1713
2026-08-31 19:08,240.935,241.03,240.916,240.916,2268
2026-08-31 19:09,240.94,240.975,240.94,240.975,1764
2026-08-31 19:10,241,241.22,241,241.145,4642
2026-08-31 19:11,241.05,241.17,241,241,1391
2026-08-31 19:12,241.05,241.085,240.83,240.885,3169
2026-08-31 19:13,240.77,240.91,240.75,240.77,3992
2026-08-31 19:14,241.12,241.12,241.06,241.06,1216
2026-08-31 19:15,241.055,241.09,240.94,240.945,2652
2026-08-31 19:16,240.935,240.975,240.93,240.93,848
2026-08-31 19:17,240.87,240.935,240.87,240.93,1752
2026-08-31 19:18,240.945,240.95,240.82,240.82,2620
2026-08-31 19:19,240.88,240.885,240.81,240.83,2240
2026-08-31 19:20,240.7,240.815,240.7,240.815,2543
2026-08-31 19:21,240.815,240.815,240.73,240.78,3623
2026-08-31 19:22,240.79,241,240.79,240.91,5860
2026-08-31 19:23,241,241.13,241,241.13,2946
2026-08-31 19:24,241.055,241.075,240.99,240.99,6853
2026-08-31 19:25,241.08,241.25,241.012,241.12,6892
2026-08-31 19:26,241.12,241.12,241.11,241.115,2531
2026-08-31 19:27,241.12,241.12,241.12,241.12,279
2026-08-31 19:28,241.175,241.175,241.02,241.02,2417
2026-08-31 19:29,241.055,241.21,241,241.21,7093
2026-08-31 19:30,241.145,241.31,241.145,241.309,7554
2026-08-31 19:31,241.29,241.56,241.28,241.43,4886
2026-08-31 19:32,241.55,241.55,241.43,241.43,3944
2026-08-31 19:33,241.43,241.525,241.382,241.395,4674
2026-08-31 19:34,241.48,241.52,241.415,241.52,4359
2026-08-31 19:35,241.4,241.58,241.38,241.58,4202
2026-08-31 19:36,241.485,241.49,241.41,241.49,3401
2026-08-31 19:37,241.425,241.49,241.4,241.49,2003
2026-08-31 19:38,241.5,241.52,241.4,241.45,5608
2026-08-31 19:39,241.4,241.56,241.39,241.48,9852
2026-08-31 19:40,241.48,241.64,241.48,241.64,7052
2026-08-31 19:41,241.7,241.7,241.52,241.655,4477
2026-08-31 19:42,241.66,241.77,241.595,241.72,7162
2026-08-31 19:43,241.8,241.82,241.67,241.77,8337
2026-08-31 19:44,241.69,241.77,241.62,241.725,7474
2026-08-31 19:45,241.77,241.93,241.76,241.845,7869
2026-08-31 19:46,241.85,241.99,241.76,241.99,8977
2026-08-31 19:47,241.96,241.98,241.28,241.285,16624
2026-08-31 19:48,241.35,241.61,241.31,241.61,7124
2026-08-31 19:49,241.53,241.666,241.46,241.61,8806
2026-08-31 19:50,241.73,242.51,241.73,242.28,21291
2026-08-31 19:51,242.31,242.444,242.26,242.275,7371
2026-08-31 19:52,242.22,242.255,241.845,241.905,19333
2026-08-31 19:53,241.885,242.03,241.79,242.03,17144
2026-08-31 19:54,242.21,242.64,242.06,242.421,20191
2026-08-31 19:55,242.6,242.79,242.43,242.485,28998
2026-08-31 19:56,242.44,242.48,241.99,242.01,28713
2026-08-31 19:57,241.961,242.255,241.93,242.255,40029
2026-08-31 19:58,242.24,242.26,241.885,241.97,48295
2026-08-31 19:59,241.96,242.08,241.73,241.92,81480
2026-09-01 13:30,233.687,234.65,233.5,234.195,130423
2026-09-01 13:31,234.215,235.86,234.215,235.175,11409
2026-09-01 13:32,235.68,235.98,234.659,234.659,7380
2026-09-01 13:33,234.895,235.18,234.895,235.1,5990
2026-09-01 13:34,234.672,235,234.295,235,9503
2026-09-01 13:35,234.62,234.99,233.88,233.88,11120
2026-09-01 13:36,233.76,233.76,232.25,232.29,28578
2026-09-01 13:37,232.24,232.3,231.72,231.8,31066
2026-09-01 13:38,232,232.175,230.87,230.87,26622
2026-09-01 13:39,230.87,231.3,230.56,231.3,18535
2026-09-01 13:40,231.275,231.285,230,230.19,18521
2026-09-01 13:41,230.01,230.19,229.33,229.435,28498
2026-09-01 13:42,229.5,229.93,229.45,229.509,19278
2026-09-01 13:43,229.5,230.26,229.365,229.875,18651
2026-09-01 13:44,230.261,230.44,229.82,230.14,7305
2026-09-01 13:45,230.25,231.34,230.25,231.13,9219
2026-09-01 13:46,231.165,231.4,230.65,230.76,30632
2026-09-01 13:47,230.87,231.47,230.87,231.345,16024
2026-09-01 13:48,231.385,231.99,231.35,231.47,13416
2026-09-01 13:49,231.345,231.934,231.211,231.934,7250
2026-09-01 13:50,231.78,232.757,231.78,232.48,6568
2026-09-01 13:51,232.11,232.29,231.85,231.925,14590
2026-09-01 13:52,231.79,231.79,230.93,231.16,16279
2026-09-01 13:53,231.3,231.5,231.13,231.27,21902
2026-09-01 13:54,231.44,231.83,231.24,231.83,8961
2026-09-01 13:55,231.82,232.1,231.39,231.39,5201
2026-09-01 13:56,231.41,231.57,231.25,231.57,4970
2026-09-01 13:57,231.42,231.737,231.415,231.737,5524
2026-09-01 13:58,231.613,231.635,231.41,231.46,5991
2026-09-01 13:59,231.42,231.66,231.4,231.57,10283
2026-09-01 14:00,231.7,231.88,231.21,231.43,12262
2026-09-01 14:01,231.46,232.59,231.46,232.58,18675
2026-09-01 14:02,232.59,232.59,231.71,231.77,8695
2026-09-01 14:03,231.71,232.05,231.71,232.01,11045
2026-09-01 14:04,231.8,232.01,231.78,231.92,45605
2026-09-01 14:05,231.843,232.05,231.843,232.03,13846
2026-09-01 14:06,232.19,232.5,231.87,232.29,9732
2026-09-01 14:07,232.5,232.5,232.267,232.378,3447
2026-09-01 14:08,232.45,232.565,232,232.325,17902
2026-09-01 14:09,232.34,232.49,232.32,232.34,13762
2026-09-01 14:10,232.325,232.61,232.215,232.38,10273
2026-09-01 14:11,232.61,232.61,231.82,231.82,11560
2026-09-01 14:12,231.77,231.92,231.69,231.92,6323
2026-09-01 14:13,231.62,231.62,231.31,231.43,8165
2026-09-01 14:14,231.5,231.735,231.16,231.16,11118
2026-09-01 14:15,231.31,232.24,231.3,231.9,14861
2026-09-01 14:16,231.79,232.18,231.69,232.15,7757
2026-09-01 14:17,231.87,231.91,231.38,231.6,5275
2026-09-01 14:18,231.38,231.565,231.288,231.43,6582
2026-09-01 14:19,231.34,231.67,231.34,231.57,3853
2026-09-01 14:20,231.546,231.97,231.546,231.91,5159
2026-09-01 14:21,231.811,232.06,231.811,231.95,3101
2026-09-01 14:22,231.67,231.675,231.63,231.65,2206
2026-09-01 14:23,231.54,231.62,231.33,231.44,46489
2026-09-01 14:24,231.465,231.52,231.25,231.32,6298
2026-09-01 14:25,231.29,231.79,231.29,231.652,5872
2026-09-01 14:26,231.8,231.89,231.72,231.89,3001
2026-09-01 14:27,231.82,231.903,231.6,231.68,4561
2026-09-01 14:28,231.71,231.71,231.71,231.71,2694
2026-09-01 14:29,231.56,231.7,231.56,231.7,1846
2026-09-01 14:30,231.7,232.15,231.68,232.035,5370
2026-09-01 14:31,232.035,232.33,232.035,232.33,3346
2026-09-01 14:32,232.09,232.35,231.924,232.297,7804
2026-09-01 14:33,232.21,232.285,232.16,232.21,5502
2026-09-01 14:34,232.132,232.235,232.005,232.191,15188
2026-09-01 14:35,232.16,233.26,232.16,233.073,14646
2026-09-01 14:36,233.445,233.86,233.21,233.86,12556
2026-09-01 14:37,233.775,233.98,233.4,233.58,6984
2026-09-01 14:38,233.595,233.605,233.37,233.43,6629
2026-09-01 14:39,233.53,233.53,233.2,233.5,21188
2026-09-01 14:40,233.26,233.41,233.16,233.41,4036
2026-09-01 14:41,233.262,233.97,233.262,233.882,5684
2026-09-01 14:42,233.75,234.23,233.75,233.86,10202
2026-09-01 14:43,234.01,234.23,233.95,234.23,3102
2026-09-01 14:44,234.25,234.56,234.2,234.5,20398
2026-09-01 14:45,234.316,234.94,234.3,234.755,4060
2026-09-01 14:46,234.886,235.13,234.58,235.13,6755
2026-09-01 14:47,235.185,235.54,235.185,235.54,7044
2026-09-01 14:48,235.6,235.71,235.55,235.602,3166
2026-09-01 14:49,235.564,235.57,235.21,235.25,4476
2026-09-01 14:50,235.218,235.4,234.891,235.375,6869
2026-09-01 14:51,235.505,235.962,235.4,235.4,11247
2026-09-01 14:52,235.445,235.445,235,235,5809
2026-09-01 14:53,234.94,235.21,234.94,235.21,3023
2026-09-01 14:54,235,235,234.12,234.12,3577
2026-09-01 14:55,234.28,234.35,234.1,234.26,5845
2026-09-01 14:56,234.342,234.685,234.218,234.47,5225
2026-09-01 14:57,234.5,234.5,234.41,234.41,806
2026-09-01 14:58,234.41,234.41,234.41,234.41,1507
2026-09-01 14:59,234.35,234.8,234.35,234.8,10223
2026-09-01 15:00,234.932,235.44,234.932,235.44,6080
2026-09-01 15:01,235.165,235.165,235.02,235.02,934
2026-09-01 15:02,235.03,235.03,235.03,235.03,2079
2026-09-01 15:03,234.92,234.92,234.81,234.81,1454
2026-09-01 15:04,234.7,234.7,234.695,234.695,1556
2026-09-01 15:05,234.73,234.872,234.58,234.715,5046
2026-09-01 15:06,234.615,234.774,234.51,234.61,9024
2026-09-01 15:07,234.64,234.655,234.19,234.19,7056
2026-09-01 15:08,234.01,234.145,234.01,234.07,1756
2026-09-01 15:09,234.21,234.32,234.065,234.319,7276
2026-09-01 15:10,234.175,234.345,234.175,234.345,3297
2026-09-01 15:11,234,234,233.78,233.8,4017
2026-09-01 15:12,234.018,234.018,233.739,233.739,1988
2026-09-01 15:13,233.97,233.97,233.97,233.97,1761
2026-09-01 15:14,233.72,233.805,233.67,233.67,1693
2026-09-01 15:15,233.63,233.683,233.565,233.565,1213
2026-09-01 15:16,233.42,233.74,233.42,233.74,3414
2026-09-01 15:17,233.73,233.73,233.2,233.2,5924
2026-09-01 15:18,233.1,233.338,232.82,233.115,119555
2026-09-01 15:19,233.34,233.42,233.17,233.41,2700
2026-09-01 15:20,233.5,233.59,233.4,233.59,7862
2026-09-01 15:21,233.51,233.637,233.39,233.39,3689
2026-09-01 15:22,233.485,233.785,233.428,233.785,2033
2026-09-01 15:23,233.7,233.725,233.56,233.725,4045
2026-09-01 15:24,233.91,233.91,233.905,233.905,910
2026-09-01 15:25,233.97,234.275,233.97,234.24,19548
2026-09-01 15:26,233.97,234.145,233.97,234.145,2702
2026-09-01 15:28,234.165,234.2,234.165,234.2,1005
2026-09-01 15:29,233.96,234.31,233.96,234.31,5162
2026-09-01 15:30,234.255,234.7,234.255,234.7,6495
2026-09-01 15:31,234.72,234.72,234.46,234.46,8625
2026-09-01 15:32,234.37,234.75,234.37,234.66,1628
2026-09-01 15:33,234.606,234.77,234.606,234.77,2544
2026-09-01 15:34,234.56,234.71,234.55,234.61,15856
2026-09-01 15:35,234.625,234.625,234.625,234.625,396
2026-09-01 15:36,234.645,234.91,234.645,234.91,4040
2026-09-01 15:37,234.898,234.898,234.567,234.567,2839
2026-09-01 15:38,234.84,235.08,234.84,235.07,11282
2026-09-01 15:39,235,235,234.86,234.86,2383
2026-09-01 15:40,235.034,235.11,234.925,234.99,2226
2026-09-01 15:41,235.14,235.23,235.14,235.14,3141
2026-09-01 15:42,235.08,235.08,234.89,235.04,1534
2026-09-01 15:43,235.13,235.13,235.035,235.13,1748
2026-09-01 15:44,235.24,235.365,235.24,235.32,4326
2026-09-01 15:45,235.42,235.713,235.41,235.59,2222
2026-09-01 15:46,235.77,235.8,235.65,235.65,2703
2026-09-01 15:47,235.8,235.863,235.775,235.775,1972
2026-09-01 15:48,235.73,235.89,235.702,235.885,4207
2026-09-01 15:49,235.885,235.96,235.87,235.9,3744
2026-09-01 15:50,235.64,235.685,235.61,235.685,1686
2026-09-01 15:51,235.722,235.722,235.7,235.7,894
2026-09-01 15:52,235.56,235.56,235.545,235.545,835
2026-09-01 15:53,235.5,235.61,235.44,235.61,3127
2026-09-01 15:54,235.63,235.795,235.63,235.715,1897
2026-09-01 15:55,235.6,235.635,235.41,235.53,2112
2026-09-01 15:56,235.41,235.41,235.22,235.22,994
2026-09-01 15:57,235.22,235.22,235.2,235.2,1674
2026-09-01 15:58,235.04,235.31,235.04,235.31,2755
2026-09-01 15:59,235.29,235.43,235.29,235.43,2105
2026-09-01 16:00,235.35,235.36,235.27,235.27,2936
2026-09-01 16:01,235.2,235.25,235.09,235.25,3089
2026-09-01 16:02,235.44,235.46,235.31,235.31,3289
2026-09-01 16:03,235.37,235.52,235.31,235.52,3097
2026-09-01 16:04,235.39,235.44,235.32,235.32,1268
2026-09-01 16:05,235.31,235.51,235.31,235.33,1763
2026-09-01 16:06,235.31,235.34,235.31,235.34,1861
2026-09-01 16:07,235.38,235.49,235.38,235.49,2168
2026-09-01 16:08,235.44,235.5,235.31,235.5,4985
2026-09-01 16:09,235.43,235.43,235.29,235.32,4485
2026-09-01 16:10,235.23,235.23,235.09,235.18,3374
2026-09-01 16:11,235.12,235.28,234.98,235.28,2451
2026-09-01 16:12,235.14,235.14,235.06,235.06,3428
2026-09-01 16:13,235.08,235.08,234.97,235,1873
2026-09-01 16:14,235.095,235.095,234.98,235.09,2914
2026-09-01 16:15,235.21,235.21,235.095,235.095,776
2026-09-01 16:16,235.095,235.095,234.75,234.885,3270
2026-09-01 16:17,234.885,234.893,234.76,234.76,2322
2026-09-01 16:18,234.8,234.8,234.66,234.66,2713
2026-09-01 16:19,234.67,234.68,234.53,234.53,2670
2026-09-01 16:20,234.48,234.51,233.92,233.92,7971
2026-09-01 16:21,234.13,234.13,233.84,233.9,4243
2026-09-01 16:22,233.98,233.98,233.8,233.98,1294
2026-09-01 16:23,233.88,234,233.88,233.99,2227
2026-09-01 16:24,233.96,234.02,233.96,234.02,758
2026-09-01 16:25,234.1,234.12,233.75,233.75,2965
2026-09-01 16:26,233.78,233.86,233.71,233.75,4860
2026-09-01 16:27,233.7,233.7,233.48,233.59,3217
2026-09-01 16:28,233.66,233.66,233.4,233.4,5138
2026-09-01 16:29,233.63,233.63,233.51,233.61,990
2026-09-01 16:30,233.515,233.63,233.36,233.36,8448
2026-09-01 16:31,233.07,233.11,232.95,232.95,5721
2026-09-01 16:32,233.07,233.07,232.924,232.924,1462
2026-09-01 16:33,232.89,233.104,232.88,232.99,10560
2026-09-01 16:34,232.87,232.945,232.7,232.925,14119
2026-09-01 16:35,232.93,233.19,232.925,233.19,5015
2026-09-01 16:36,233.155,233.445,233.155,233.445,5406
2026-09-01 16:37,233.4,233.42,233.26,233.42,717
2026-09-01 16:38,233.445,233.475,233.44,233.451,1191
2026-09-01 16:39,233.48,233.705,233.48,233.7,2912
2026-09-01 16:40,233.755,233.755,233.62,233.65,1400
2026-09-01 16:41,233.96,234,233.96,234,1448
2026-09-01 16:42,234.02,234.02,233.81,233.81,1789
2026-09-01 16:43,233.78,233.78,233.78,233.78,1301
2026-09-01 16:45,233.75,233.77,233.75,233.77,1898
2026-09-01 16:46,233.825,233.96,233.825,233.93,3618
2026-09-01 16:48,233.87,234.32,233.87,234.32,6062
2026-09-01 16:49,234.235,234.39,234.235,234.275,1509
2026-09-01 16:50,234.219,234.67,234.219,234.67,3166
2026-09-01 16:51,234.61,234.61,234.52,234.61,4771
2026-09-01 16:52,234.6,234.84,234.6,234.84,5399
2026-09-01 16:54,234.98,235.03,234.8,234.8,2807
2026-09-01 16:55,235.12,235.28,235.12,235.28,1272
2026-09-01 16:56,235.17,235.17,235.17,235.17,916
2026-09-01 16:57,235.08,235.08,235.01,235.01,1183
2026-09-01 16:58,235.055,235.055,235.051,235.051,1960
2026-09-01 17:00,235.251,235.251,234.94,235.01,1460
2026-09-01 17:01,235.1,235.1,234.69,234.69,2554
2026-09-01 17:02,234.705,234.71,234.606,234.606,1791
2026-09-01 17:03,234.67,234.71,234.49,234.49,3905
2026-09-01 17:04,234.49,234.6,234.42,234.42,5669
2026-09-01 17:05,234.555,234.73,234.555,234.73,1666
2026-09-01 17:06,234.65,234.796,234.65,234.66,1234
2026-09-01 17:07,234.652,234.804,234.645,234.804,958
2026-09-01 17:08,234.65,234.65,234.65,234.65,1014
2026-09-01 17:09,234.43,234.54,234.3,234.54,5229
2026-09-01 17:10,234.465,234.465,234.31,234.405,2201
2026-09-01 17:11,234.26,234.38,234.26,234.38,2051
2026-09-01 17:12,234.34,234.38,234.18,234.3,8419
2026-09-01 17:13,234.31,234.36,234.19,234.19,2003
2026-09-01 17:14,234.23,234.23,234.2,234.2,710
2026-09-01 17:15,234.19,234.22,234.07,234.07,4552
2026-09-01 17:16,234.21,234.24,233.917,233.917,6358
2026-09-01 17:17,233.915,233.92,233.915,233.92,1143
2026-09-01 17:18,234.04,234.23,234.04,234.23,5052
2026-09-01 17:19,234.09,234.2,234.09,234.2,2153
2026-09-01 17:20,234.39,234.645,234.39,234.645,5270
2026-09-01 17:21,234.41,234.47,234.27,234.37,3457
2026-09-01 17:22,234.37,234.485,234.37,234.485,1654
2026-09-01 17:23,234.465,234.57,234.25,234.3,3079
2026-09-01 17:24,234.303,234.37,234.161,234.37,2733
2026-09-01 17:25,234.37,234.46,233.66,234.105,5748
2026-09-01 17:26,233.885,234.03,233.815,234.03,2066
2026-09-01 17:27,233.72,234.07,233.72,234.07,4353
2026-09-01 17:28,233.965,234.16,233.965,234.16,2084
2026-09-01 17:29,234.33,234.36,234.33,234.36,2712
2026-09-01 17:30,234.55,234.76,234.55,234.76,2872
2026-09-01 17:31,234.765,234.765,234.65,234.65,2626
2026-09-01 17:32,234.555,234.555,234.555,234.555,252
2026-09-01 17:33,234.52,234.52,234.43,234.43,2441
2026-09-01 17:34,234.76,234.76,234.6,234.685,3459
2026-09-01 17:35,234.86,234.87,234.86,234.87,1116
2026-09-01 17:37,234.79,234.89,234.74,234.74,2978
2026-09-01 17:38,234.78,234.78,234.72,234.72,1552
2026-09-01 17:40,234.81,234.92,234.81,234.91,4189
2026-09-01 17:41,234.82,234.87,234.75,234.75,6110
2026-09-01 17:42,234.75,234.82,234.75,234.82,1347
2026-09-01 17:43,234.7,234.7,234.7,234.7,604
2026-09-01 17:44,234.887,235.01,234.8,235.01,4051
2026-09-01 17:45,235.14,235.14,235,235,1144
2026-09-01 17:46,234.973,234.973,234.62,234.643,6224
2026-09-01 17:47,234.8,234.8,234.8,234.8,625
2026-09-01 17:48,234.885,234.93,234.658,234.658,4164
2026-09-01 17:50,234.74,234.965,234.69,234.965,2317
2026-09-01 17:51,234.8,234.8,234.61,234.8,1648
2026-09-01 17:52,234.805,234.805,234.805,234.805,304
2026-09-01 17:53,234.96,234.96,234.805,234.805,2228
2026-09-01 17:54,234.913,234.913,234.913,234.913,1395
2026-09-01 17:55,234.675,234.87,234.622,234.735,2934
2026-09-01 17:56,234.682,234.682,234.67,234.67,1367
2026-09-01 17:57,234.68,234.68,234.62,234.62,1200
2026-09-01 17:58,234.661,234.75,234.64,234.75,5549
2026-09-01 17:59,234.81,234.87,234.66,234.79,4928
2026-09-01 18:00,234.77,234.98,233.49,234.76,11419
2026-09-01 18:01,234.92,234.99,234.86,234.86,1886
2026-09-01 18:02,234.905,234.905,234.905,234.905,649
2026-09-01 18:03,234.905,234.99,234.82,234.976,4137
2026-09-01 18:04,234.705,234.705,234.5,234.51,3024
2026-09-01 18:05,234.535,234.61,234.49,234.49,1599
2026-09-01 18:06,234.57,234.57,234.355,234.36,3810
2026-09-01 18:07,234.36,234.55,234.32,234.55,3953
2026-09-01 18:08,234.462,234.462,234.445,234.445,860
2026-09-01 18:09,234.445,234.45,234.39,234.45,1077
2026-09-01 18:10,234.46,234.57,234.46,234.51,6466
2026-09-01 18:11,234.455,234.455,234.37,234.395,2065
2026-09-01 18:12,234.4,234.46,234.35,234.435,1842
2026-09-01 18:13,234.3,234.3,234.18,234.235,2302
2026-09-01 18:14,234.15,234.16,233.98,234.025,2640
2026-09-01 18:15,234.025,234.035,233.93,234.035,1743
2026-09-01 18:16,233.981,234.05,233.917,234.05,2413
2026-09-01 18:17,234.107,234.39,234.107,234.39,6443
2026-09-01 18:18,234.428,234.47,234.39,234.39,3691
2026-09-01 18:19,234.43,234.43,234.35,234.35,1454
2026-09-01 18:20,234.43,234.44,234.43,234.44,1124
2026-09-01 18:21,234.4,234.41,234.325,234.325,1964
2026-09-01 18:22,234.42,234.42,234.42,234.42,1036
2026-09-01 18:23,234.325,234.325,234.325,234.325,441
2026-09-01 18:24,234.325,234.33,234.255,234.33,3096
2026-09-01 18:25,234.161,234.315,234.161,234.315,2922
2026-09-01 18:26,234.34,234.34,234.29,234.29,1656
2026-09-01 18:27,234.15,234.15,233.83,233.83,1983
2026-09-01 18:28,233.7,233.76,233.621,233.76,1855
2026-09-01 18:29,233.76,233.9,233.68,233.9,2906
2026-09-01 18:30,233.79,233.9,233.785,233.785,2237
2026-09-01 18:31,233.9,233.915,233.88,233.915,1366
2026-09-01 18:32,233.9,234.19,233.9,234.185,6544
2026-09-01 18:33,234.13,234.14,233.98,233.98,16422
2026-09-01 18:34,233.88,234.14,233.88,233.89,3467
2026-09-01 18:35,233.97,234.02,233.97,234.02,3475
2026-09-01 18:36,234.04,234.04,234.04,234.04,1216
2026-09-01 18:37,233.9,234.005,233.9,234.005,9635
2026-09-01 18:38,234.02,234.055,233.92,233.95,12873
2026-09-01 18:39,233.79,233.79,233.79,233.79,2174
2026-09-01 18:40,233.85,233.91,233.71,233.78,18908
2026-09-01 18:41,233.66,233.68,233.54,233.54,2431
2026-09-01 18:42,233.54,233.54,233.39,233.4,8650
2026-09-01 18:43,233.22,233.22,233.04,233.1,2499
2026-09-01 18:44,233.1,233.4,233.06,233.23,10008
2026-09-01 18:45,233.23,233.23,233.01,233.01,4403
2026-09-01 18:46,232.79,233.21,232.79,233.115,4927
2026-09-01 18:47,233.18,233.35,233.18,233.35,4559
2026-09-01 18:49,233.45,233.605,233.45,233.605,3184
2026-09-01 18:50,233.53,233.57,233.42,233.42,2736
2026-09-01 18:51,233.355,233.5,233.16,233.335,2721
2026-09-01 18:52,233.335,233.71,233.335,233.655,2696
2026-09-01 18:53,233.56,233.6,233.56,233.6,2182
2026-09-01 18:54,233.625,233.625,233.625,233.625,1091
2026-09-01 18:55,233.75,233.94,233.75,233.94,2986
2026-09-01 18:56,233.89,234.19,233.88,234.15,3998
2026-09-01 18:57,234.09,234.16,233.99,233.99,3427
2026-09-01 18:58,233.912,234.11,233.912,233.99,2150
2026-09-01 18:59,234.11,234.11,234.06,234.06,1689
2026-09-01 19:00,234.29,234.29,234.28,234.28,2002
2026-09-01 19:01,234.275,234.275,233.99,234.03,3892
2026-09-01 19:02,234.17,234.17,234.1,234.1,640
2026-09-01 19:03,234.25,234.37,234.25,234.37,2583
2026-09-01 19:04,234.335,234.4,234.25,234.4,2393
2026-09-01 19:05,234.42,234.58,234.36,234.555,4004
2026-09-01 19:06,234.521,234.66,234.45,234.45,4903
2026-09-01 19:07,234.53,234.646,234.435,234.5,1877
2026-09-01 19:08,234.4,234.53,234.33,234.46,3767
2026-09-01 19:09,234.47,234.63,234.47,234.63,3496
2026-09-01 19:10,234.7,234.88,234.67,234.78,4110
2026-09-01 19:11,234.75,234.83,234.69,234.69,3739
2026-09-01 19:12,234.86,234.86,234.68,234.77,5106
2026-09-01 19:13,234.86,235,234.86,234.94,2381
2026-09-01 19:14,234.96,235.12,234.943,235.09,3425
2026-09-01 19:15,235.12,235.2,235.03,235.2,5428
2026-09-01 19:16,235.27,235.35,235.1,235.184,4415
2026-09-01 19:17,235.105,235.235,235.09,235.1,3423
2026-09-01 19:18,235.23,235.23,235.23,235.23,1326
2026-09-01 19:19,235.23,235.23,234.96,235.03,7294
2026-09-01 19:20,234.99,235.1,234.91,234.91,4691
2026-09-01 19:21,234.88,234.93,234.83,234.83,1529
2026-09-01 19:22,234.81,234.933,234.74,234.75,5200
2026-09-01 19:23,234.74,234.99,234.705,234.9,9287
2026-09-01 19:24,234.885,234.885,234.885,234.885,1474
2026-09-01 19:25,234.99,235.12,234.99,235.05,4784
2026-09-01 19:26,235.12,235.375,235.12,235.32,4947
2026-09-01 19:27,235.39,235.39,235.21,235.21,2629
2026-09-01 19:28,235.28,235.455,235.28,235.455,6329
2026-09-01 19:29,235.54,235.54,235.35,235.35,1708
2026-09-01 19:30,235.43,235.53,235.3,235.42,6806
2026-09-01 19:31,235.43,235.5,235.31,235.375,13803
2026-09-01 19:32,235.45,235.59,235.31,235.56,12428
2026-09-01 19:33,235.44,235.48,235.38,235.48,4891
2026-09-01 19:34,235.49,235.7,235.49,235.66,8915
2026-09-01 19:35,235.66,235.71,235.53,235.64,6746
2026-09-01 19:36,235.63,235.63,235.45,235.485,4173
2026-09-01 19:37,235.44,235.44,235.15,235.265,6235
2026-09-01 19:38,235.32,235.32,235.14,235.18,4973
2026-09-01 19:39,235.19,235.19,235.14,235.165,4671
2026-09-01 19:40,235.07,235.47,235.07,235.47,7059
2026-09-01 19:41,235.51,235.675,235.46,235.59,4644
2026-09-01 19:42,235.6,235.6,235.51,235.52,3872
2026-09-01 19:43,235.41,235.69,235.39,235.62,6735
2026-09-01 19:44,235.54,235.54,235.39,235.39,7410
2026-09-01 19:45,235.37,235.46,235.1,235.11,23976
2026-09-01 19:46,235.02,235.14,234.775,234.775,29168
2026-09-01 19:47,234.741,234.82,234.6,234.6,7714
2026-09-01 19:48,234.63,234.82,234.53,234.71,17028
2026-09-01 19:49,234.71,234.725,234.615,234.665,14329
2026-09-01 19:50,234.53,234.53,234.14,234.225,15482
2026-09-01 19:51,234.225,234.43,234.225,234.42,14471
2026-09-01 19:52,234.38,234.48,234.2,234.2,13944
2026-09-01 19:53,234.13,234.13,233.99,234.1,17684
2026-09-01 19:54,234.125,234.37,234.09,234.145,22509
2026-09-01 19:55,234.43,235.17,234.43,235.085,22643
2026-09-01 19:56,235.085,235.085,234.39,234.41,24734
2026-09-01 19:57,234.37,234.47,234.21,234.42,28559
2026-09-01 19:58,234.47,234.73,234.35,234.66,35801
2026-09-01 19:59,234.63,234.9,234.335,234.84,116612
2026-09-02 13:30,233.375,234.49,232.98,233.86,105783
2026-09-02 13:31,233.41,235.99,233.165,235,16150
2026-09-02 13:32,234.325,235.69,234.325,235.34,5705
2026-09-02 13:33,235.9,235.9,234.97,234.98,6734
2026-09-02 13:34,235.34,235.625,234.985,235.625,2875
2026-09-02 13:35,235.635,235.676,233.69,233.695,17078
2026-09-02 13:36,233.72,234.47,233.72,234.13,4205
2026-09-02 13:37,234.225,234.43,233.9,234.33,12533
2026-09-02 13:38,234.665,234.665,233.88,234.104,2514
2026-09-02 13:39,234.4,234.87,234.395,234.87,4414
2026-09-02 13:40,235.122,235.51,235.06,235.51,5688
2026-09-02 13:41,235.337,235.45,235.09,235.423,11073
2026-09-02 13:42,235.6,236.44,235.5,236.27,10365
2026-09-02 13:43,236.265,236.27,235.36,235.36,12538
2026-09-02 13:44,235.352,235.352,235.26,235.26,1808
2026-09-02 13:45,235.21,235.74,234.98,234.98,20207
2026-09-02 13:46,234.764,234.764,233.41,233.5,16218
2026-09-02 13:47,233.38,233.95,233.38,233.95,3239
2026-09-02 13:48,233.62,233.62,233.22,233.3,7180
2026-09-02 13:49,233.21,233.22,232.61,232.81,9317
2026-09-02 13:50,233.04,233.59,233.04,233.355,4836
2026-09-02 13:51,233.405,233.54,231.8,232.01,15549
2026-09-02 13:52,232.05,232.67,232.05,232.18,9780
2026-09-02 13:53,232.13,232.52,232.13,232.13,4588
2026-09-02 13:54,231.5,231.739,231.01,231.739,5276
2026-09-02 13:55,231.67,231.67,231.185,231.31,4618
2026-09-02 13:56,231.6,231.675,231.515,231.675,1825
2026-09-02 13:57,231.74,231.74,230.92,230.98,6159
2026-09-02 13:58,230.95,231.21,230.94,230.94,5114
2026-09-02 13:59,231.27,231.74,231.201,231.72,27739
2026-09-02 14:00,231.53,231.821,231.5,231.5,5604
2026-09-02 14:01,231.655,231.767,231.47,231.767,3094
2026-09-02 14:02,231.4,231.6,231.2,231.6,4139
2026-09-02 14:03,231.81,231.81,231.63,231.63,3378
2026-09-02 14:04,231.66,231.99,231.66,231.9,5127
2026-09-02 14:05,232.095,232.43,231.87,232.33,13035
2026-09-02 14:06,232.19,232.26,231.744,232,9469
2026-09-02 14:07,232,232.468,231.92,231.92,7818
2026-09-02 14:08,231.95,231.95,231.59,231.59,3550
2026-09-02 14:09,232.167,232.74,232.03,232.74,1990
2026-09-02 14:10,232.33,233.19,232.33,232.95,14111
2026-09-02 14:11,232.74,232.74,232.64,232.655,3955
2026-09-02 14:12,232.887,232.887,232.171,232.18,3216
2026-09-02 14:13,232.175,232.57,232,232.02,4422
2026-09-02 14:14,232.2,232.285,232.01,232.215,12612
2026-09-02 14:15,232.215,232.26,231.88,231.88,10239
2026-09-02 14:16,232.105,232.28,232,232.234,5466
2026-09-02 14:17,232.22,232.245,232.22,232.245,1275
2026-09-02 14:18,232.495,232.91,232.495,232.666,4633
2026-09-02 14:19,232.91,233.14,232.91,233.14,6510
2026-09-02 14:20,233.28,233.3,232.9,232.9,6958
2026-09-02 14:21,232.785,233.96,232.785,233.96,13948
2026-09-02 14:22,233.81,234.46,233.68,234.23,10085
2026-09-02 14:23,234.25,234.655,233.7,233.93,44724
2026-09-02 14:24,233.88,234.15,233.2,233.7,28982
2026-09-02 14:25,234.02,234.15,233.73,233.86,15892
2026-09-02 14:26,233.77,234.03,233.76,234.03,3848
2026-09-02 14:27,234.08,234.12,233.94,234.055,3392
2026-09-02 14:28,234.055,234.41,234.055,234.07,11294
2026-09-02 14:29,234.11,234.11,233.71,233.98,8454
2026-09-02 14:30,233.925,233.925,233.18,233.18,9978
2026-09-02 14:31,233.252,233.48,233.252,233.48,2275
2026-09-02 14:32,233.46,233.53,232.995,233.109,6615
2026-09-02 14:33,232.892,233.15,232.892,233.15,1303
2026-09-02 14:34,233.35,233.485,233.35,233.39,1883
2026-09-02 14:35,233.39,233.659,233.27,233.27,9720
2026-09-02 14:36,233.13,233.235,233.028,233.098,4629
2026-09-02 14:37,233.02,233.25,232.96,233.05,5990
2026-09-02 14:38,232.91,232.91,232.11,232.45,3763
2026-09-02 14:39,232.15,232.47,232.05,232.47,2660
2026-09-02 14:40,232.23,232.35,232.23,232.35,3779
2026-09-02 14:41,232,232,231.75,231.81,3106
2026-09-02 14:42,231.81,232.1,231.62,231.905,4166
2026-09-02 14:43,231.845,232,231.759,231.894,1726
2026-09-02 14:44,231.825,231.905,231.825,231.905,1204
2026-09-02 14:45,232.11,232.11,231.685,231.685,4665
2026-09-02 14:46,231.685,231.82,231.6,231.82,14802
2026-09-02 14:47,231.76,231.8,231.715,231.75,4098
2026-09-02 14:48,231.775,231.775,231.385,231.4,71458
2026-09-02 14:49,231.241,231.241,230.77,230.865,10948
2026-09-02 14:50,230.667,230.83,230.58,230.74,4230
2026-09-02 14:51,230.47,230.54,230.47,230.5,2033
2026-09-02 14:52,230.43,230.5,230.32,230.32,2578
2026-09-02 14:53,230.3,230.49,230.29,230.29,3557
2026-09-02 14:54,230.33,230.396,230.119,230.119,5348
2026-09-02 14:55,230.155,230.41,230.13,230.16,9299
2026-09-02 14:56,230.14,230.41,230.04,230.1,6649
2026-09-02 14:57,230.19,230.23,230.02,230.23,4713
2026-09-02 14:58,230.02,230.14,229.81,230.14,17579
2026-09-02 14:59,229.91,230.01,229.8,229.82,3568
2026-09-02 15:00,229.825,229.825,229.39,229.54,6206
2026-09-02 15:01,229.55,229.73,229.473,229.56,36240
2026-09-02 15:02,229.75,229.75,229.55,229.625,3218
2026-09-02 15:03,229.635,230,229.5,230,3991
2026-09-02 15:04,229.97,230.13,229.6,229.78,6857
2026-09-02 15:05,229.73,229.832,229.43,229.832,5784
2026-09-02 15:06,229.88,229.88,229.88,229.88,575
2026-09-02 15:07,230.01,230.02,229.7,229.7,3912
2026-09-02 15:08,229.87,229.94,229.87,229.94,3418
2026-09-02 15:09,229.782,230.04,229.782,230.04,3831
2026-09-02 15:10,230.13,230.19,230.04,230.19,4408
2026-09-02 15:11,230.19,230.36,230.19,230.265,3183
2026-09-02 15:12,230.5,230.5,230.1,230.13,4940
2026-09-02 15:13,230.18,230.4,230.18,230.4,7544
2026-09-02 15:14,230.19,230.437,230.12,230.28,2628
2026-09-02 15:15,230.32,230.98,230.31,230.92,9091
2026-09-02 15:16,230.77,231,230.77,230.95,3925
2026-09-02 15:17,230.741,231.28,230.741,230.995,5408
2026-09-02 15:18,231.11,231.11,230.745,230.825,3581
2026-09-02 15:19,230.78,231.115,230.78,230.91,4910
2026-09-02 15:20,230.69,230.89,230.69,230.7,8157
2026-09-02 15:21,230.65,230.69,230.55,230.69,5266
2026-09-02 15:22,230.685,230.814,230.685,230.814,2184
2026-09-02 15:23,230.66,230.69,230.5,230.5,3705
2026-09-02 15:24,230.62,230.655,230.521,230.521,1060
2026-09-02 15:25,230.521,230.92,230.521,230.92,2970
2026-09-02 15:26,230.788,230.98,230.788,230.98,1196
2026-09-02 15:27,230.8,230.923,230.8,230.89,2242
2026-09-02 15:28,230.99,231.14,230.79,231.023,6765
2026-09-02 15:29,231.07,231.17,231.05,231.13,4879
2026-09-02 15:30,231.22,231.45,231.19,231.4,6345
2026-09-02 15:31,231.275,231.65,231.14,231.495,3377
2026-09-02 15:32,231.5,231.501,231.21,231.386,7470
2026-09-02 15:33,231.43,231.47,231.3,231.3,2031
2026-09-02 15:34,231.52,231.52,231.52,231.52,1265
2026-09-02 15:35,231.34,231.46,231.34,231.46,1498
2026-09-02 15:36,231.68,231.68,231.33,231.5,5383
2026-09-02 15:37,231.36,231.6,231.33,231.44,4266
2026-09-02 15:38,231.329,231.329,231.329,231.329,536
2026-09-02 15:39,231.45,231.45,231.2,231.335,9410
2026-09-02 15:40,231.41,231.49,231.21,231.36,6769
2026-09-02 15:41,231.32,231.37,231.23,231.23,5213
2026-09-02 15:42,231.5,231.68,231.5,231.68,2871
2026-09-02 15:43,231.68,231.87,231.68,231.735,3204
2026-09-02 15:44,231.88,231.93,231.59,231.93,8062
2026-09-02 15:45,231.82,231.82,231.66,231.66,4816
2026-09-02 15:47,231.48,231.5,231.425,231.5,2459
2026-09-02 15:48,231.6,231.615,231.6,231.615,1046
2026-09-02 15:49,231.39,231.46,231.25,231.46,4887
2026-09-02 15:51,231.277,231.41,231.22,231.41,3031
2026-09-02 15:52,231.53,231.65,231.53,231.65,1749
2026-09-02 15:53,231.585,231.585,231.585,231.585,482
2026-09-02 15:54,231.4,231.4,231,231.03,5988
2026-09-02 15:55,231.135,231.6,231,231.59,16499
2026-09-02 15:56,231.59,231.74,231.42,231.42,5541
2026-09-02 15:57,231.47,231.49,231.32,231.32,4697
2026-09-02 15:58,231.6,232.1,231.4,232.1,6878
2026-09-02 15:59,232.105,232.33,232.105,232.2,4852
2026-09-02 16:00,232.21,232.34,232.15,232.255,2523
2026-09-02 16:01,232.305,232.305,232.15,232.15,8219
2026-09-02 16:02,232.255,232.255,232.255,232.255,1117
2026-09-02 16:03,232.255,232.49,232.255,232.465,6728
2026-09-02 16:04,232.39,232.59,232.38,232.59,4305
2026-09-02 16:05,232.53,232.53,232.53,232.53,1645
2026-09-02 16:06,232.61,232.61,232.35,232.39,4920
2026-09-02 16:07,232.275,232.55,232.275,232.415,8223
2026-09-02 16:08,232.26,232.425,232.26,232.345,3711
2026-09-02 16:09,232.345,232.375,232.12,232.27,6033
2026-09-02 16:10,232.17,232.265,231.98,232.001,12144
2026-09-02 16:11,232.085,232.085,231.87,231.87,4487
2026-09-02 16:12,231.79,232.15,231.79,232.15,4944
2026-09-02 16:13,231.97,232.075,231.9,232,4613
2026-09-02 16:14,231.955,231.955,231.955,231.955,4294
2026-09-02 16:15,231.93,232.76,231.93,232.61,9746
2026-09-02 16:16,232.61,232.746,232.605,232.746,2704
2026-09-02 16:17,232.685,232.8,232.685,232.8,1117
2026-09-02 16:18,232.635,232.7,232.56,232.64,5948
2026-09-02 16:19,232.715,232.9,232.715,232.9,2320
2026-09-02 16:20,232.89,232.89,232.765,232.85,2186
2026-09-02 16:21,232.76,233.25,232.755,233.14,8739
2026-09-02 16:22,233.14,233.605,233.14,233.42,10019
2026-09-02 16:23,233.46,233.58,233.2,233.2,4978
2026-09-02 16:24,233.2,233.33,233.078,233.205,1238
2026-09-02 16:25,233.3,233.52,233.3,233.52,1212
2026-09-02 16:26,233.57,233.57,233.415,233.42,3594
2026-09-02 16:27,233.55,233.55,233.08,233.098,3754
2026-09-02 16:28,233.363,233.4,233.09,233.4,2405
2026-09-02 16:29,233.255,233.255,232.96,232.96,5447
2026-09-02 16:30,233.19,233.26,233.14,233.21,2866
2026-09-02 16:31,233.28,233.35,233.104,233.35,4631
2026-09-02 16:32,233.35,233.4,233.2,233.3,2355
2026-09-02 16:33,233.31,233.31,233.18,233.18,1787
2026-09-02 16:34,233.125,233.26,233.09,233.245,3193
2026-09-02 16:35,233.13,233.255,233.12,233.25,1693
2026-09-02 16:36,233.255,233.5,233.16,233.16,3078
2026-09-02 16:37,233.255,233.27,233.16,233.16,2044
2026-09-02 16:38,233.19,233.59,233.15,233.45,7960
2026-09-02 16:39,233.42,233.485,233.36,233.36,2726
2026-09-02 16:40,233.39,233.42,233.39,233.4,2718
2026-09-02 16:41,233.38,233.38,233.3,233.3,1123
2026-09-02 16:42,233.34,233.34,233.226,233.226,3446
2026-09-02 16:43,233.245,233.32,233.245,233.32,1931
2026-09-02 16:44,233.32,233.32,233.32,233.32,272
2026-09-02 16:45,233.322,233.5,233.322,233.5,2900
2026-09-02 16:46,233.455,233.53,233.455,233.515,2642
2026-09-02 16:47,233.38,233.38,233.3,233.3,1607
2026-09-02 16:48,233.31,233.31,233.31,233.31,547
2026-09-02 16:49,233.365,233.37,233.365,233.37,598
2026-09-02 16:50,233.34,233.34,233.34,233.34,252
2026-09-02 16:51,233.19,233.39,233.13,233.39,4324
2026-09-02 16:52,233.29,233.29,233.29,233.29,680
2026-09-02 16:53,233.09,233.359,233.09,233.359,1436
2026-09-02 16:54,233.4,233.4,233.36,233.36,2070
2026-09-02 16:56,233.29,233.29,233.29,233.29,700
2026-09-02 16:57,233.295,233.295,232.46,232.555,15728
2026-09-02 16:58,232.16,232.21,231.77,231.77,7899
2026-09-02 16:59,231.74,231.75,231.595,231.6,12954
2026-09-02 17:00,231.72,231.72,231.715,231.715,1045
2026-09-02 17:01,231.72,231.9,231.72,231.77,6852
2026-09-02 17:02,231.895,232,231.799,231.91,2081
2026-09-02 17:03,231.93,231.97,231.86,231.905,4709
2026-09-02 17:04,232.13,232.26,232.13,232.26,1672
2026-09-02 17:05,232.32,232.32,232.169,232.169,859
2026-09-02 17:06,232.32,232.35,232.32,232.33,3068
2026-09-02 17:07,232.24,232.24,232,232,5555
2026-09-02 17:08,232.048,232.048,231.72,231.72,1748
2026-09-02 17:09,231.77,231.825,231.67,231.67,2042
2026-09-02 17:10,231.695,231.97,231.695,231.97,3132
2026-09-02 17:11,231.99,231.99,231.99,231.99,771
2026-09-02 17:12,232.12,232.12,231.99,231.99,2369
2026-09-02 17:13,232.24,232.361,232.24,232.361,1544
2026-09-02 17:14,232.29,232.51,232.29,232.51,1594
2026-09-02 17:15,232.52,232.73,232.5,232.69,4012
2026-09-02 17:16,232.695,232.73,232.63,232.63,2136
2026-09-02 17:17,232.66,232.98,232.56,232.93,9156
2026-09-02 17:18,232.9,232.9,232.9,232.9,1719
2026-09-02 17:19,232.855,232.89,232.855,232.89,1868
2026-09-02 17:20,232.89,233.136,232.89,233.136,4737
2026-09-02 17:21,233.025,233.085,233,233.085,1361
2026-09-02 17:22,233.2,233.23,232.937,233.065,2150
2026-09-02 17:23,233.1,233.1,233.07,233.07,1838
2026-09-02 17:24,233.07,233.33,233.07,233.253,1502
2026-09-02 17:25,233.249,233.249,233.249,233.249,596
2026-09-02 17:26,233.105,233.105,233.105,233.105,1122
2026-09-02 17:27,233.14,233.53,233.14,233.39,7498
2026-09-02 17:28,233.44,233.48,233.44,233.48,1137
2026-09-02 17:29,233.48,233.566,233.48,233.566,1250
2026-09-02 17:30,233.46,233.46,233.35,233.415,5888
2026-09-02 17:31,233.35,233.35,233.26,233.305,3590
2026-09-02 17:32,233.24,233.24,233.19,233.19,2161
2026-09-02 17:33,233.29,233.29,233.225,233.225,1568
2026-09-02 17:34,233.315,233.36,233.22,233.36,5048
2026-09-02 17:35,233.36,233.36,233.36,233.36,384
2026-09-02 17:36,233.375,233.375,233.197,233.37,4826
2026-09-02 17:37,233.365,233.365,233.29,233.29,1227
2026-09-02 17:38,233.42,233.42,233.3,233.38,2245
2026-09-02 17:39,233.39,233.39,233.27,233.28,1316
2026-09-02 17:40,233.36,233.39,233.36,233.39,1158
2026-09-02 17:41,233.5,233.5,233.32,233.38,2460
2026-09-02 17:42,233.43,233.7,233.43,233.57,3440
2026-09-02 17:43,233.53,233.59,233.53,233.59,1624
2026-09-02 17:44,233.59,233.65,233.511,233.59,1188
2026-09-02 17:45,233.7,233.947,233.7,233.71,10123
2026-09-02 17:46,233.7,233.7,233.7,233.7,946
2026-09-02 17:47,233.71,233.71,233.517,233.517,3548
2026-09-02 17:48,233.58,233.58,233.58,233.58,709
2026-09-02 17:49,233.665,233.79,233.44,233.44,3677
2026-09-02 17:50,233.37,233.37,233.37,233.37,440
2026-09-02 17:51,233.415,233.52,233.33,233.33,3430
2026-09-02 17:52,233.227,233.385,233.227,233.385,1310
2026-09-02 17:53,233.22,233.38,233.22,233.38,2936
2026-09-02 17:55,233.22,233.22,233.03,233.085,3301
2026-09-02 17:56,233.09,233.14,233.075,233.075,1829
2026-09-02 17:57,233.03,233.15,233.03,233.15,1769
2026-09-02 17:58,233.22,233.22,233.175,233.175,1459
2026-09-02 17:59,233.15,233.274,233.08,233.08,2945
2026-09-02 18:00,233.08,233.15,233.08,233.15,3805
2026-09-02 18:01,233.08,233.171,233.07,233.095,4255
2026-09-02 18:02,233.017,233.09,232.96,233.018,2789
2026-09-02 18:03,233.04,233.3,233,233.3,5036
2026-09-02 18:04,233.37,233.4,233.21,233.4,4716
2026-09-02 18:06,233.72,234.045,233.62,234,7429
2026-09-02 18:07,233.902,233.902,233.71,233.79,1926
2026-09-02 18:08,233.68,233.69,233.4,233.4,6702
2026-09-02 18:09,233.405,233.405,233.28,233.28,698
2026-09-02 18:10,233.21,233.29,233.19,233.19,843
2026-09-02 18:11,233.13,233.23,233.05,233.08,3630
2026-09-02 18:12,233.169,233.169,233.169,233.169,616
2026-09-02 18:13,233.18,233.269,232.88,233.173,4818
2026-09-02 18:14,233.18,233.19,233.175,233.175,1539
2026-09-02 18:15,233.18,233.18,233.18,233.18,1095
2026-09-02 18:16,233.18,233.34,233.18,233.22,1445
2026-09-02 18:17,233.22,233.22,233.04,233.04,1061
2026-09-02 18:18,233.22,233.966,233.22,233.705,5172
2026-09-02 18:19,234.02,234.02,234.02,234.02,1525
2026-09-02 18:20,233.42,233.766,233.42,233.62,1629
2026-09-02 18:21,233.625,233.65,233.625,233.635,2050
2026-09-02 18:22,233.74,233.745,233.689,233.745,1365
2026-09-02 18:23,233.566,233.69,233.566,233.68,1928
2026-09-02 18:24,233.65,233.86,233.65,233.81,2041
2026-09-02 18:25,233.81,233.835,233.75,233.835,1294
2026-09-02 18:26,233.72,233.72,233.72,233.72,350
2026-09-02 18:27,233.72,233.72,233.72,233.72,452
2026-09-02 18:28,233.6,233.63,233.6,233.61,843
2026-09-02 18:29,233.61,233.705,233.6,233.65,2552
2026-09-02 18:30,233.61,233.72,233.61,233.61,10465
2026-09-02 18:31,233.72,233.88,233.65,233.88,2434
2026-09-02 18:32,233.735,233.758,233.735,233.745,1506
2026-09-02 18:33,233.745,233.758,233.745,233.75,2889
2026-09-02 18:34,233.75,233.75,233.42,233.42,2907
2026-09-02 18:35,233.535,233.715,233.535,233.62,6455
2026-09-02 18:37,233.461,233.461,233.26,233.26,1404
2026-09-02 18:38,233.27,233.314,233.27,233.314,371
2026-09-02 18:39,233.41,233.41,233.32,233.32,2098
2026-09-02 18:40,233.34,233.34,233.11,233.11,3781
2026-09-02 18:41,233.06,233.125,233.06,233.125,314
2026-09-02 18:42,233.18,233.18,233.09,233.09,1155
2026-09-02 18:43,233.195,233.27,233.195,233.27,1285
2026-09-02 18:44,233.205,233.245,233.205,233.245,1949
2026-09-02 18:45,233.33,233.33,233.33,233.33,690
2026-09-02 18:46,233.18,233.18,233.18,233.18,460
2026-09-02 18:47,233.22,233.22,233.22,233.22,402
2026-09-02 18:48,233.11,233.22,233.11,233.214,1764
2026-09-02 18:49,233.26,233.41,233.26,233.31,3494
2026-09-02 18:50,233.31,233.31,233.31,233.31,321
2026-09-02 18:51,233.21,233.21,233.15,233.18,1952
2026-09-02 18:52,233.14,233.14,233.14,233.14,799
2026-09-02 18:53,233.255,233.255,233.255,233.255,2415
2026-09-02 18:54,233.16,233.23,233.12,233.17,4195
2026-09-02 18:55,233.376,233.376,233.28,233.28,1478
2026-09-02 18:56,233.27,233.33,233.23,233.33,4320
2026-09-02 18:59,233.236,233.28,233.236,233.28,2328
2026-09-02 19:00,233.17,233.17,233.17,233.17,936
2026-09-02 19:01,233.26,233.64,233.141,233.515,13357
2026-09-02 19:02,233.562,233.83,233.42,233.695,9799
2026-09-02 19:03,233.87,234.2,233.87,233.99,19232
2026-09-02 19:04,234,234,234,234,498
2026-09-02 19:05,234.035,234.56,234.035,234.51,5798
2026-09-02 19:06,234.46,234.485,234.45,234.485,1167
2026-09-02 19:07,234.47,234.47,234.27,234.29,2112
2026-09-02 19:08,234.44,234.702,234.41,234.69,4191
2026-09-02 19:09,234.8,234.8,234.8,234.8,424
2026-09-02 19:10,234.761,234.77,234.571,234.738,2380
2026-09-02 19:11,234.57,234.67,234.57,234.67,703
2026-09-02 19:12,234.59,234.79,234.59,234.74,2092
2026-09-02 19:13,234.73,234.92,234.7,234.91,7182
2026-09-02 19:14,234.953,234.953,234.845,234.845,1124
2026-09-02 19:15,234.735,235.09,234.71,234.855,8537
2026-09-02 19:16,234.88,235.055,234.75,235,4189
2026-09-02 19:17,235.04,235.085,234.93,235.055,3335
2026-09-02 19:18,235.094,235.094,235.04,235.045,4245
2026-09-02 19:19,235.045,235.2,235.044,235.2,2706
2026-09-02 19:20,235.125,235.125,235.035,235.1,3493
2026-09-02 19:21,235.066,235.066,235.066,235.066,539
2026-09-02 19:22,235.25,235.35,235.1,235.35,6840
2026-09-02 19:23,235.305,235.435,235.2,235.2,5388
2026-09-02 19:24,235.305,235.42,235.14,235.22,9280
2026-09-02 19:26,235.185,235.32,235.185,235.245,1139
2026-09-02 19:27,235.27,235.44,235.27,235.31,1427
2026-09-02 19:28,235.45,235.76,235.38,235.76,10964
2026-09-02 19:29,235.66,235.931,235.66,235.931,3509
2026-09-02 19:30,235.825,236.195,235.825,236.01,6243
2026-09-02 19:31,236.15,236.15,235.805,235.805,8240
2026-09-02 19:32,235.805,235.9,235.75,235.85,17731
2026-09-02 19:33,235.85,235.85,235.63,235.69,9365
2026-09-02 19:34,235.69,235.86,235.69,235.76,1341
2026-09-02 19:35,235.824,235.86,235.53,235.6,3677
2026-09-02 19:36,235.78,235.78,235.6,235.685,3366
2026-09-02 19:37,235.64,235.64,235.61,235.61,776
2026-09-02 19:38,235.74,235.74,235.54,235.54,4408
2026-09-02 19:39,235.51,235.6,235.225,235.225,7080
2026-09-02 19:40,235.227,235.457,235.227,235.375,4548
2026-09-02 19:41,235.48,235.5,235.286,235.5,3372
2026-09-02 19:42,235.385,235.396,235.27,235.396,901
2026-09-02 19:43,235.28,235.56,235.28,235.48,6680
2026-09-02 19:44,235.55,235.71,235.55,235.71,2536
2026-09-02 19:45,235.67,235.99,235.67,235.9,3448
2026-09-02 19:46,235.81,235.845,235.73,235.73,5305
2026-09-02 19:47,235.83,235.84,235.7,235.705,9228
2026-09-02 19:48,235.74,235.91,235.67,235.67,3119
2026-09-02 19:49,235.785,235.891,235.7,235.7,4467
2026-09-02 19:50,235.7,235.805,235.3,235.3,10228
2026-09-02 19:51,235.39,235.45,235.12,235.13,8669
2026-09-02 19:52,235.17,235.76,235.08,235.76,18794
2026-09-02 19:53,235.82,236.145,235.7,235.805,29049
2026-09-02 19:54,235.8,235.96,235.59,235.893,12491
2026-09-02 19:55,235.34,235.475,234.8,234.935,43181
2026-09-02 19:56,235.03,235.03,234.53,234.78,31542
2026-09-02 19:57,234.77,235.11,234.69,235.05,24304
2026-09-02 19:58,234.99,235.075,234.77,235.005,39300
2026-09-02 19:59,234.99,234.998,234.72,234.94,63826
2026-09-03 13:30,231.09,231.615,229.01,231.27,110556
2026-09-03 13:31,231.191,231.625,227.8,228.13,45398
2026-09-03 13:32,228.54,229.08,225.46,225.99,44896
2026-09-03 13:33,225.755,227.993,225.51,227.74,40344
2026-09-03 13:34,228.13,228.91,227.985,228.91,19004
2026-09-03 13:35,229.22,230.18,228.91,229.605,26278
2026-09-03 13:36,229.735,230.16,228.33,229.06,25194
2026-09-03 13:37,229.22,230.075,229.22,229.92,11107
2026-09-03 13:38,229.69,231,229.69,230.925,13354
2026-09-03 13:39,231.275,231.61,230.61,231.005,11180
2026-09-03 13:40,230.56,231.8,230.56,231.8,6782
2026-09-03 13:41,231.74,232.31,231.541,231.89,9039
2026-09-03 13:42,231.59,231.72,231.16,231.72,6499
2026-09-03 13:43,231.435,231.435,230.539,230.7,11947
2026-09-03 13:44,230.906,230.906,230.264,230.36,7516
2026-09-03 13:45,230.35,230.35,229.46,229.69,11375
2026-09-03 13:46,229.94,230.804,229.93,230.7,7603
2026-09-03 13:47,230.71,231.39,230.59,230.76,10794
2026-09-03 13:48,230.997,231.16,230.5,230.89,3572
2026-09-03 13:49,230.95,231.98,230.94,231.98,7516
2026-09-03 13:50,231.592,232.04,231.592,231.75,8756
2026-09-03 13:51,231.53,231.53,231.005,231.444,3642
2026-09-03 13:52,231,231,230.74,231,2182
2026-09-03 13:53,230.754,231.066,230.41,230.41,7117
2026-09-03 13:54,230.78,230.82,230.495,230.82,2960
2026-09-03 13:55,230.79,231.19,230.6,230.89,4431
2026-09-03 13:56,230.52,230.535,230.39,230.49,4727
2026-09-03 13:57,230.63,230.87,230.51,230.51,4932
2026-09-03 13:58,230.52,230.635,230.44,230.635,2088
2026-09-03 13:59,230.78,231.04,230.52,230.77,2853
2026-09-03 14:00,231.04,231.05,230.2,230.55,11301
2026-09-03 14:01,230.03,230.3,229.55,229.55,12672
2026-09-03 14:02,229.12,229.58,229.12,229.48,7622
2026-09-03 14:03,229.425,229.57,229.117,229.57,3750
2026-09-03 14:04,229.33,229.4,229.08,229.4,4217
2026-09-03 14:05,229.365,229.365,228.71,229.2,8439
2026-09-03 14:06,229,229.264,228.88,229.264,5887
2026-09-03 14:07,229.24,229.262,228.745,228.745,6304
2026-09-03 14:08,228.59,228.59,228.25,228.465,9203
2026-09-03 14:09,228.5,228.822,228.465,228.51,5372
2026-09-03 14:10,228.685,228.89,228.5,228.6,7525
2026-09-03 14:11,228.68,229.08,228.6,228.955,9008
2026-09-03 14:12,228.98,229.11,228.8,228.955,4895
2026-09-03 14:13,228.905,229.404,228.868,229.295,10163
2026-09-03 14:14,229.275,229.47,229.275,229.415,7617
2026-09-03 14:15,229.47,230.39,229.32,230.265,11334
2026-09-03 14:16,230.378,230.61,230.28,230.409,5553
2026-09-03 14:17,230.54,231.08,230.51,231.05,4987
2026-09-03 14:18,230.995,231.14,230.9,231,6644
2026-09-03 14:19,231.13,231.8,231.13,231.72,7704
2026-09-03 14:20,231.815,232.37,231.707,232.37,6679
2026-09-03 14:21,232.333,232.333,231.96,232.04,3310
2026-09-03 14:22,231.98,232.04,231.58,231.87,3931
2026-09-03 14:23,231.865,231.89,231.692,231.692,3958
2026-09-03 14:24,231.69,231.81,231.525,231.68,8240
2026-09-03 14:25,231.49,231.68,231.314,231.585,5010
2026-09-03 14:26,231.68,232.09,231.31,231.31,21986
2026-09-03 14:27,231.645,231.84,231.31,231.815,3345
2026-09-03 14:29,231.789,231.89,231.58,231.58,2959
2026-09-03 14:30,231.448,231.63,231.226,231.63,6612
2026-09-03 14:31,231.23,231.23,230.455,230.72,4150
2026-09-03 14:32,230.695,230.695,230.39,230.39,3727
2026-09-03 14:33,230.587,230.655,230.587,230.655,2527
2026-09-03 14:34,230.6,230.778,230.44,230.44,3759
2026-09-03 14:35,230.505,230.505,230.505,230.505,1378
2026-09-03 14:36,230.8,230.93,230.34,230.67,7571
2026-09-03 14:37,230.5,230.81,230.5,230.63,3663
2026-09-03 14:38,230.93,231.29,230.75,231.28,3741
2026-09-03 14:39,231.193,231.42,231.193,231.42,4066
2026-09-03 14:40,231.66,231.67,231.46,231.47,3829
2026-09-03 14:41,231.36,232.51,231.36,232.51,11484
2026-09-03 14:42,232.558,232.92,232.312,232.635,11916
2026-09-03 14:43,232.635,233.4,232.635,233.24,11884
2026-09-03 14:44,233.24,233.445,232.692,232.692,14566
2026-09-03 14:45,233.01,233.082,232.64,232.699,5662
2026-09-03 14:46,232.52,232.52,232.52,232.52,3495
2026-09-03 14:48,233.07,233.07,232.19,232.68,20330
2026-09-03 14:49,232.88,232.92,232.675,232.85,7408
2026-09-03 14:50,233.015,233.015,232.84,232.99,3448
2026-09-03 14:51,232.77,232.98,232.34,232.34,7451
2026-09-03 14:52,232.27,232.27,232,232.08,12759
2026-09-03 14:53,231.945,232.18,231.55,231.67,20620
2026-09-03 14:54,231.67,231.945,231.67,231.905,3060
2026-09-03 14:55,232,232.06,231.5,231.755,77031
2026-09-03 14:56,231.755,231.755,230.39,231.36,26243
2026-09-03 14:57,231.557,231.72,231.26,231.675,5835
2026-09-03 14:58,231.675,232.317,231.675,232.3,10861
2026-09-03 14:59,232.52,233.365,232.52,233.365,4494
2026-09-03 15:00,233.57,234.75,233.44,234.75,10260
2026-09-03 15:01,234.84,235.64,234.74,235.295,28075
2026-09-03 15:02,235.04,235.305,234.93,234.93,10015
2026-09-03 15:03,234.995,235.16,234.84,235.15,13160
2026-09-03 15:04,234.96,236,234.8,235.87,19996
2026-09-03 15:05,236.11,236.11,235.41,236,20477
2026-09-03 15:06,235.685,236.42,235.685,236.395,33200
2026-09-03 15:07,236.29,236.91,236.29,236.91,17108
2026-09-03 15:08,236.845,237.203,236.7,236.945,8871
2026-09-03 15:09,236.95,236.95,236.46,236.47,8147
2026-09-03 15:10,236.47,236.58,236.2,236.415,8499
2026-09-03 15:11,236.61,237.005,236.26,236.77,13457
2026-09-03 15:12,236.77,236.99,235.63,235.875,14463
2026-09-03 15:13,235.87,236.35,235.8,236.34,6416
2026-09-03 15:14,236.38,237.01,236.38,236.865,22667
2026-09-03 15:15,237.01,237.2,236.81,236.925,8143
2026-09-03 15:16,236.92,237.17,236.71,237.045,7918
2026-09-03 15:17,236.97,237.58,236.96,237.475,16318
2026-09-03 15:18,237.51,237.995,237.51,237.745,12365
2026-09-03 15:19,238.01,238.01,236.8,237.07,14472
2026-09-03 15:20,236.96,237.015,236.595,236.8,9021
2026-09-03 15:21,236.65,237,236.635,237,4307
2026-09-03 15:22,236.91,237.5,236.91,237.154,2955
2026-09-03 15:23,237.3,237.61,237.3,237.35,4630
2026-09-03 15:24,237.462,237.462,237.02,237.26,7906
2026-09-03 15:25,237.3,238,237.3,238,8186
2026-09-03 15:26,237.89,238.27,237.89,238.27,4223
2026-09-03 15:27,238.38,238.45,238.26,238.31,6529
2026-09-03 15:28,238.3,238.449,238,238.449,17111
2026-09-03 15:29,238.41,238.74,238,238.08,22078
2026-09-03 15:30,237.85,238.105,237.84,237.931,5114
2026-09-03 15:31,238.09,238.7,237.57,238.7,21882
2026-09-03 15:32,238.58,238.6,238.07,238.07,5028
2026-09-03 15:33,238.07,238.28,237.835,237.89,7774
2026-09-03 15:34,238.213,238.24,238.095,238.24,5450
2026-09-03 15:35,238.39,238.39,238.24,238.345,1958
2026-09-03 15:36,238.19,238.274,237.96,238.274,5498
2026-09-03 15:37,238.31,238.31,238.31,238.31,1258
2026-09-03 15:38,238.115,238.115,237.5,237.69,4897
2026-09-03 15:39,237.59,237.965,237.59,237.965,4110
2026-09-03 15:40,238,238.055,237.96,237.96,2283
2026-09-03 15:41,238.107,238.252,238.01,238.252,6244
2026-09-03 15:42,238.17,238.17,237.75,237.93,11115
2026-09-03 15:43,238.06,238.06,237.75,237.88,5500
2026-09-03 15:44,237.755,237.82,237.5,237.53,7162
2026-09-03 15:45,237.469,237.79,237.469,237.79,5019
2026-09-03 15:46,237.96,238.11,237.53,237.877,4038
2026-09-03 15:47,237.9,238.19,237.9,238.04,3634
2026-09-03 15:48,238.08,238.7,238.08,238.67,3568
2026-09-03 15:49,238.65,238.79,238.595,238.79,4281
2026-09-03 15:50,238.8,238.99,238.625,238.74,16718
2026-09-03 15:51,238.55,238.645,238.51,238.613,4144
2026-09-03 15:52,238.75,240,238.75,239.98,21873
2026-09-03 15:53,239.84,239.98,239.47,239.56,11866
2026-09-03 15:54,239.34,239.8,239.34,239.44,7693
2026-09-03 15:55,239.45,239.84,239.21,239.77,4761
2026-09-03 15:56,239.859,239.859,239.22,239.63,8333
2026-09-03 15:57,239.63,239.645,239.465,239.645,7043
2026-09-03 15:58,239.85,240.17,239.675,239.97,10448
2026-09-03 15:59,239.985,240.175,239.45,240.175,12371
2026-09-03 16:00,240.02,240.39,239.9,240.1,13518
2026-09-03 16:01,240.09,240.14,239.73,239.73,13608
2026-09-03 16:02,239.42,239.83,239.15,239.15,5307
2026-09-03 16:03,239.29,239.29,239.29,239.29,1201
2026-09-03 16:04,239.21,239.36,239.14,239.14,2054
2026-09-03 16:05,239.005,239.2,238.8,238.981,4933
2026-09-03 16:06,238.92,238.92,238.72,238.85,3152
2026-09-03 16:07,238.71,238.71,238.71,238.71,1543
2026-09-03 16:08,238.66,238.8,238.57,238.624,4185
2026-09-03 16:09,238.73,238.95,238.631,238.795,2515
2026-09-03 16:10,238.795,238.964,238.62,238.795,2272
2026-09-03 16:11,238.795,239,238.795,238.96,1527
2026-09-03 16:12,238.795,239,238.795,238.895,1793
2026-09-03 16:13,238.895,239,238.895,238.955,2408
2026-09-03 16:14,238.865,239.21,238.82,239.21,5919
2026-09-03 16:15,239.03,239.101,238.88,238.975,3464
2026-09-03 16:16,238.975,239.11,238.975,239,2650
2026-09-03 16:17,239.1,239.22,238.98,239.22,4220
2026-09-03 16:18,239.115,239.21,239.115,239.208,3542
2026-09-03 16:19,239.54,239.555,239.23,239.55,4684
2026-09-03 16:20,239.38,239.52,239.38,239.43,937
2026-09-03 16:21,239.34,239.72,239.32,239.35,15220
2026-09-03 16:22,239.26,239.27,239.2,239.27,3167
2026-09-03 16:23,239.225,239.235,239.175,239.235,1638
2026-09-03 16:24,239.32,239.32,238.84,239,3090
2026-09-03 16:25,239.11,239.23,238.915,239.18,3784
2026-09-03 16:26,239.42,239.43,239.25,239.305,4046
2026-09-03 16:27,239.19,239.2,238.486,238.65,4599
2026-09-03 16:28,238.62,238.62,238.33,238.44,1212
2026-09-03 16:29,238.35,238.36,238.245,238.245,1189
2026-09-03 16:30,238.16,238.165,238,238.165,3138
2026-09-03 16:31,238.175,238.33,238.14,238.14,3465
2026-09-03 16:32,238.165,238.165,238.015,238.16,3399
2026-09-03 16:33,238.24,238.6,238.21,238.58,7809
2026-09-03 16:34,238.685,238.685,238.415,238.415,1521
2026-09-03 16:35,238.415,238.494,238.28,238.28,1711
2026-09-03 16:36,238.37,238.495,238.37,238.435,1951
2026-09-03 16:37,238.53,238.66,238.51,238.66,2094
2026-09-03 16:38,238.83,238.96,238.83,238.96,1900
2026-09-03 16:39,238.96,239.04,238.955,239.04,3633
2026-09-03 16:40,239.1,239.15,239.065,239.15,890
2026-09-03 16:41,238.983,239.43,238.983,239.43,3724
2026-09-03 16:42,239.485,239.8,239.485,239.76,5917
2026-09-03 16:43,239.76,239.76,239.5,239.5,7072
2026-09-03 16:44,239.392,239.67,239.392,239.409,4188
2026-09-03 16:45,239.32,239.56,239.31,239.31,1301
2026-09-03 16:46,239.55,239.55,239.38,239.415,2307
2026-09-03 16:47,239.5,239.69,239.36,239.48,5008
2026-09-03 16:49,239.44,239.44,239.29,239.44,2308
2026-09-03 16:50,239.559,239.59,239.559,239.59,1363
2026-09-03 16:51,239.536,239.536,239.536,239.536,1587
2026-09-03 16:52,239.296,239.315,239.265,239.315,1041
2026-09-03 16:53,239.337,239.337,239.15,239.15,1393
2026-09-03 16:54,239.065,239.065,238.89,238.975,10667
2026-09-03 16:55,239.23,239.3,238.955,238.955,2180
2026-09-03 16:56,239.306,239.49,239.306,239.49,2684
2026-09-03 16:57,239.65,239.82,239.57,239.82,2406
2026-09-03 16:58,239.99,240.08,239.8,240.04,10006
2026-09-03 16:59,239.925,240,239.69,239.726,3829
2026-09-03 17:00,239.775,239.91,239.65,239.745,4631
2026-09-03 17:01,239.92,239.92,239.77,239.77,1756
2026-09-03 17:02,239.765,239.765,239.33,239.35,3905
2026-09-03 17:03,239.519,239.63,239.445,239.51,2037
2026-09-03 17:04,239.63,240.04,239.541,240.005,7110
2026-09-03 17:05,239.978,239.978,239.8,239.9,1566
2026-09-03 17:06,240,240,239.95,239.955,767
2026-09-03 17:07,239.96,239.96,239.85,239.85,1539
2026-09-03 17:08,240.047,240.047,239.75,239.815,5330
2026-09-03 17:09,239.73,239.9,239.44,239.87,8367
2026-09-03 17:10,239.68,239.745,239.565,239.622,3049
2026-09-03 17:11,239.735,240.73,239.71,240.48,15913
2026-09-03 17:12,240.56,240.56,240.12,240.18,5321
2026-09-03 17:13,240.3,240.395,240.19,240.395,2663
2026-09-03 17:14,240.385,240.59,240.37,240.56,4258
2026-09-03 17:15,240.74,240.74,240.485,240.58,3431
2026-09-03 17:16,240.495,240.83,240.445,240.6,4210
2026-09-03 17:17,240.545,240.705,240.545,240.705,2154
2026-09-03 17:18,240.81,240.81,240.57,240.65,2910
2026-09-03 17:19,240.655,240.74,240.61,240.665,4372
2026-09-03 17:20,240.665,240.797,240.298,240.4,5996
2026-09-03 17:21,240.29,240.492,240.18,240.33,2901
2026-09-03 17:22,240.4,240.49,240.4,240.49,2471
2026-09-03 17:23,240.35,240.53,240.265,240.53,3496
2026-09-03 17:24,240.36,240.99,240.36,240.69,7210
2026-09-03 17:25,240.755,240.755,240.755,240.755,1434
2026-09-03 17:26,241,241.22,240.99,241.22,18654
2026-09-03 17:27,241.4,241.541,241.28,241.28,6364
2026-09-03 17:28,241.38,241.555,241.37,241.555,7170
2026-09-03 17:29,241.49,241.515,241.24,241.457,5188
2026-09-03 17:30,241.5,241.56,241.172,241.172,7667
2026-09-03 17:31,241.3,241.405,241.3,241.38,2374
2026-09-03 17:32,241.24,241.3,241.214,241.3,1315
2026-09-03 17:33,241.457,241.49,241.375,241.375,2114
2026-09-03 17:34,241.25,241.25,241,241,5245
2026-09-03 17:35,241.02,241.1,240.91,240.91,2686
2026-09-03 17:36,241.16,241.16,240.717,240.717,2972
2026-09-03 17:37,240.91,240.91,240.63,240.7,4978
2026-09-03 17:38,240.68,240.75,240.68,240.75,2015
2026-09-03 17:39,240.7,240.88,240.7,240.825,2266
2026-09-03 17:40,240.825,241,240.825,241,3469
2026-09-03 17:41,240.995,241.12,240.99,241.08,2899
2026-09-03 17:42,241.11,241.12,240.91,241.055,4520
2026-09-03 17:43,241.01,241.16,241.005,241.005,4559
2026-09-03 17:44,240.87,241.195,240.87,241.115,8486
2026-09-03 17:45,241.1,241.61,241.1,241.51,8079
2026-09-03 17:46,241.485,241.9,241.39,241.86,14015
2026-09-03 17:47,241.815,242.24,241.68,242.01,19123
2026-09-03 17:48,242.06,242.4,241.94,242.4,13564
2026-09-03 17:49,242.38,242.615,242.25,242.47,13623
2026-09-03 17:50,242.55,242.77,242.449,242.58,7835
2026-09-03 17:51,242.6,242.91,242.6,242.89,5474
2026-09-03 17:52,242.84,242.84,242.65,242.833,4424
2026-09-03 17:53,242.6,242.81,242.56,242.738,7053
2026-09-03 17:54,242.8,242.8,242.16,242.275,10329
2026-09-03 17:55,242.298,242.44,242.16,242.44,4655
2026-09-03 17:56,242.44,242.67,242.205,242.55,5187
2026-09-03 17:57,242.694,242.8,242.63,242.8,3199
2026-09-03 17:58,242.77,242.89,242.5,242.565,8019
2026-09-03 17:59,242.719,242.719,242.57,242.65,1622
2026-09-03 18:00,242.655,242.85,242.56,242.85,8683
2026-09-03 18:01,242.82,243.288,242.82,243.288,10172
2026-09-03 18:02,243.34,243.34,242.83,242.83,6300
2026-09-03 18:03,242.899,242.93,242.77,242.848,4929
2026-09-03 18:04,242.76,242.76,242.76,242.76,376
2026-09-03 18:05,242.85,242.85,242.85,242.85,5334
2026-09-03 18:06,242.85,242.85,242.56,242.57,8831
2026-09-03 18:07,242.635,242.794,242.5,242.63,10593
2026-09-03 18:10,243.125,243.125,243,243.12,15385
2026-09-03 18:11,243,243.06,242.93,242.97,8365
2026-09-03 18:12,243,243.25,242.984,243.09,14118
2026-09-03 18:13,243.03,243.25,243.03,243.25,1797
2026-09-03 18:14,243.03,243.231,243.01,243.16,5473
2026-09-03 18:15,243.122,243.34,243.105,243.34,4282
2026-09-03 18:16,243.34,243.34,243.16,243.315,5598
2026-09-03 18:17,243.47,243.65,243.41,243.65,2344
2026-09-03 18:18,243.52,243.53,243.39,243.435,5700
2026-09-03 18:19,243.435,243.45,243.19,243.34,5172
2026-09-03 18:20,243.42,243.42,243.2,243.31,2090
2026-09-03 18:21,243.42,243.42,243.3,243.4,2966
2026-09-03 18:22,243.45,243.55,243.26,243.265,5773
2026-09-03 18:23,243.375,243.385,243.26,243.385,4010
2026-09-03 18:24,243.44,243.592,243.44,243.592,7864
2026-09-03 18:25,243.522,243.72,243.52,243.52,16796
2026-09-03 18:26,243.55,243.55,243.35,243.475,3653
2026-09-03 18:27,243.563,243.563,243.42,243.515,6324
2026-09-03 18:28,243.669,243.67,243.49,243.645,2336
2026-09-03 18:29,243.615,243.74,243.615,243.727,4737
2026-09-03 18:30,243.68,244,243.66,243.93,9076
2026-09-03 18:31,244.07,244.07,243.405,243.405,11804
2026-09-03 18:32,243.51,243.82,243.51,243.59,2448
2026-09-03 18:33,243.55,243.672,243.55,243.55,2080
2026-09-03 18:34,243.555,243.555,243.141,243.141,5362
2026-09-03 18:35,243.235,243.335,243.19,243.23,4981
2026-09-03 18:36,243.3,243.3,243.09,243.18,4358
2026-09-03 18:37,243.175,243.206,243.175,243.205,2580
2026-09-03 18:38,243.2,243.21,243.13,243.13,2321
2026-09-03 18:39,243.13,243.295,243.084,243.084,3902
2026-09-03 18:40,243.06,243.125,243.01,243.01,5338
2026-09-03 18:41,242.94,242.94,242.59,242.59,6812
2026-09-03 18:42,242.625,242.625,242.514,242.514,2241
2026-09-03 18:43,242.625,242.625,242.383,242.383,8407
2026-09-03 18:44,242.52,242.52,242.36,242.36,1641
2026-09-03 18:45,242.515,242.515,241.89,242.035,7697
2026-09-03 18:46,242.005,242.005,241.82,241.95,2844
2026-09-03 18:47,241.95,241.95,241.945,241.945,1802
2026-09-03 18:48,242.02,242.07,241.945,242.07,2467
2026-09-03 18:49,241.93,241.965,241.89,241.965,2855
2026-09-03 18:50,242.01,242.07,241.89,241.914,3356
2026-09-03 18:51,241.89,241.933,241.7,241.75,6766
2026-09-03 18:52,241.685,241.9,241.685,241.9,3437
2026-09-03 18:53,241.785,242,241.785,242,4843
2026-09-03 18:54,241.782,242.09,241.782,241.9,14302
2026-09-03 18:55,241.935,242.31,241.935,242.3,3721
2026-09-03 18:56,242.22,242.42,242.22,242.42,10243
2026-09-03 18:57,242.46,242.65,242.43,242.65,4916
2026-09-03 18:58,242.64,242.74,242.433,242.74,1307
2026-09-03 18:59,242.78,242.78,242.52,242.52,7777
2026-09-03 19:00,242.51,242.51,242.25,242.36,8937
2026-09-03 19:01,242.36,242.5,242.26,242.325,10785
2026-09-03 19:02,242.35,242.39,242.27,242.31,8065
2026-09-03 19:03,242.375,242.565,242.375,242.555,4465
2026-09-03 19:04,242.535,242.535,242.27,242.27,4492
2026-09-03 19:05,242.28,242.44,242.26,242.44,3702
2026-09-03 19:06,242.43,242.475,242.172,242.172,5381
2026-09-03 19:07,242.28,242.36,242.28,242.31,4167
2026-09-03 19:08,242.02,242.02,242.02,242.02,539
2026-09-03 19:09,242.025,242.025,241.86,241.905,6370
2026-09-03 19:10,241.975,242.27,241.975,242.185,6215
2026-09-03 19:11,242.233,242.233,241.86,241.86,6420
2026-09-03 19:12,241.84,241.9,241.84,241.855,4186
2026-09-03 19:13,241.97,241.99,241.89,241.91,3323
2026-09-03 19:14,241.86,242.09,241.782,242.09,3584
2026-09-03 19:15,241.896,242.19,241.896,242.02,5317
2026-09-03 19:16,241.92,241.965,241.85,241.869,4136
2026-09-03 19:17,241.87,242.14,241.87,242.12,4469
2026-09-03 19:18,242.21,242.21,242.16,242.16,1556
2026-09-03 19:19,242.19,242.43,242.155,242.42,8718
2026-09-03 19:20,242.44,242.44,242.12,242.165,21205
2026-09-03 19:21,242.165,242.23,242.1,242.17,8568
2026-09-03 19:22,242.15,242.2,241.86,242.01,9123
2026-09-03 19:23,241.965,241.97,241.84,241.84,3110
2026-09-03 19:24,241.875,241.875,241.75,241.85,3889
2026-09-03 19:25,241.731,241.9,241.731,241.78,5751
2026-09-03 19:26,242,242,241.4,241.4,12883
2026-09-03 19:27,241.6,241.6,241.39,241.6,3840
2026-09-03 19:28,241.6,241.62,241.48,241.62,4403
2026-09-03 19:29,241.549,241.68,241.435,241.545,7797
2026-09-03 19:30,241.68,241.86,241.57,241.6,8959
2026-09-03 19:31,241.715,242.01,241.69,241.82,7322
2026-09-03 19:32,241.85,241.86,241.815,241.815,3102
2026-09-03 19:33,241.815,241.93,241.79,241.93,3343
2026-09-03 19:34,241.88,241.88,241.69,241.69,8933
2026-09-03 19:35,241.7,241.778,241.61,241.665,9168
2026-09-03 19:36,241.69,241.91,241.69,241.91,7503
2026-09-03 19:37,241.91,241.94,241.81,241.94,5575
2026-09-03 19:38,241.83,241.91,241.83,241.895,3686
2026-09-03 19:39,241.88,241.89,241.88,241.885,2578
2026-09-03 19:40,241.895,242.08,241.895,242.03,6165
2026-09-03 19:41,242.02,242.045,241.33,241.37,15130
2026-09-03 19:42,241.41,241.59,241.34,241.34,6234
2026-09-03 19:43,241.395,241.52,241.342,241.47,7684
2026-09-03 19:44,241.46,241.535,241.35,241.48,7781
2026-09-03 19:45,241.435,241.44,241.435,241.435,2116
2026-09-03 19:46,241.435,241.47,240.9,240.91,13130
2026-09-03 19:47,240.85,240.99,240.835,240.98,9054
2026-09-03 19:48,240.855,240.99,240.855,240.915,4062
2026-09-03 19:49,241,241.1,240.89,241.02,15071
2026-09-03 19:50,241.14,241.87,241.14,241.87,16209
2026-09-03 19:51,241.81,241.87,241.795,241.844,8250
2026-09-03 19:52,241.87,242.11,241.81,241.87,15264
2026-09-03 19:53,241.825,241.83,241.62,241.78,17416
2026-09-03 19:54,241.92,242.245,241.85,242.18,29186
2026-09-03 19:55,242.13,242.13,241.54,241.872,27144
2026-09-03 19:56,241.88,242.07,241.76,241.8,31072
2026-09-03 19:57,241.86,242.27,241.86,242.195,25752
2026-09-03 19:58,242.25,242.393,242.13,242.32,63526
2026-09-03 19:59,242.35,242.63,242.27,242.59,110833
2026-09-04 13:30,248.839,251.87,247.52,249.08,255443
2026-09-04 13:31,247.701,249.75,247.701,249.08,24804
2026-09-04 13:32,249.6,249.6,247.51,248.3,21227
2026-09-04 13:33,248.432,252.9,248.43,252.27,46783
2026-09-04 13:34,252.39,252.72,251.76,252.35,38853
2026-09-04 13:35,252.395,253,251.55,252.42,36912
2026-09-04 13:36,252.146,252.29,250.96,251.11,27827
2026-09-04 13:37,250.97,251.65,250.42,250.5,18815
2026-09-04 13:38,250.96,250.97,249.73,250.68,17432
2026-09-04 13:39,250.54,250.796,249.1,249.1,15454
2026-09-04 13:40,249.16,250.8,249,250.485,25960
2026-09-04 13:41,250.485,251.4,250.475,251.08,15979
2026-09-04 13:42,250.95,252.33,250.95,251.88,24240
2026-09-04 13:43,251.86,252.799,251.66,252.083,16316
2026-09-04 13:44,252.57,253.18,251.7,252.28,35428
2026-09-04 13:45,252.29,252.33,251,251.54,28728
2026-09-04 13:46,252,252.748,252,252.5,12243
2026-09-04 13:47,252.29,253.495,251.98,252.98,31001
2026-09-04 13:48,253.01,253.288,252.4,252.805,21005
2026-09-04 13:49,252.82,252.82,252.18,252.32,20725
2026-09-04 13:50,252.1,252.32,251.8,252.22,8804
2026-09-04 13:51,252.255,252.3,251.69,252.285,8671
2026-09-04 13:52,252.11,253.85,252.11,253.725,32939
2026-09-04 13:53,253.745,253.75,252.543,253.055,17160
2026-09-04 13:54,253.18,253.451,252.75,252.96,13084
2026-09-04 13:55,253.05,254,252.94,254,15021
2026-09-04 13:56,254.005,254.21,253.77,253.92,18629
2026-09-04 13:57,253.98,254.77,253.98,254.77,26914
2026-09-04 13:58,254.95,255.025,254.07,254.51,95146
2026-09-04 13:59,254.75,255.69,254.48,255.235,32088
2026-09-04 14:00,255.48,255.48,254.61,254.958,19741
2026-09-04 14:01,254.74,254.76,254.061,254.36,21590
2026-09-04 14:02,254.29,254.757,254.2,254.625,13174
2026-09-04 14:03,254.75,254.75,253.78,254.43,16572
2026-09-04 14:04,254.44,254.93,253.95,254.365,15855
2026-09-04 14:05,254.54,254.61,253.69,253.73,9402
2026-09-04 14:06,253.69,254,253.5,253.89,11473
2026-09-04 14:07,253.76,254.09,253.4,253.62,15960
2026-09-04 14:08,253.68,253.74,253.25,253.6,11037
2026-09-04 14:09,253.625,253.9,253.49,253.745,5922
2026-09-04 14:10,254,254.315,254,254.12,9428
2026-09-04 14:11,253.995,254.28,253.995,254.065,7944
2026-09-04 14:12,253.91,253.91,253.087,253.47,34642
2026-09-04 14:13,253.36,253.739,253.36,253.61,9606
2026-09-04 14:14,253.8,253.83,253.14,253.59,41219
2026-09-04 14:15,253.645,255.05,253.4,254.58,47164
2026-09-04 14:16,254.84,255.418,254.41,254.465,20006
2026-09-04 14:17,254.46,254.75,254.16,254.47,18588
2026-09-04 14:18,254.839,255,254.28,254.28,23422
2026-09-04 14:19,254.424,254.424,253.84,253.84,7456
2026-09-04 14:20,253.99,254.1,253.45,253.695,12574
2026-09-04 14:21,253.747,254.618,253.568,254.403,15726
2026-09-04 14:22,254,254.2,253.91,254.2,7522
2026-09-04 14:23,254.227,254.58,254.185,254.185,5918
2026-09-04 14:24,254.02,254.02,253.32,253.62,12246
2026-09-04 14:25,253.63,253.99,253.63,253.81,11363
2026-09-04 14:26,253.755,253.921,252.53,252.7,23358
2026-09-04 14:27,252.785,253.335,252.785,253.15,6104
2026-09-04 14:28,253.08,253.51,253.08,253.29,13357
2026-09-04 14:29,253.3,254.195,253.3,254.195,14103
2026-09-04 14:30,254,254.2,253.93,253.93,12550
2026-09-04 14:31,253.74,254.13,253.582,254,8917
2026-09-04 14:32,253.96,254.61,253.96,254.2,11236
2026-09-04 14:33,254.16,254.24,253.62,253.62,7882
2026-09-04 14:34,253.68,253.7,253.29,253.29,5137
2026-09-04 14:35,253.355,253.55,253.24,253.55,5068
2026-09-04 14:36,253.457,254,253.457,253.75,6250
2026-09-04 14:37,253.837,254,253.5,253.83,8499
2026-09-04 14:38,253.83,253.835,253.53,253.71,5550
2026-09-04 14:39,253.514,253.729,253.36,253.71,8372
2026-09-04 14:40,253.53,253.94,253.53,253.73,4812
2026-09-04 14:41,253.803,253.845,253.59,253.79,5822
2026-09-04 14:42,253.7,253.7,253.01,253.2,7385
2026-09-04 14:43,253.09,253.18,252.48,252.48,24711
2026-09-04 14:44,252.475,252.61,252.32,252.32,11372
2026-09-04 14:45,252.5,252.61,252.152,252.152,10791
2026-09-04 14:46,252.225,252.51,252.15,252.26,5727
2026-09-04 14:47,252.26,252.48,251.69,251.87,27377
2026-09-04 14:48,251.65,251.67,251.005,251.005,9344
2026-09-04 14:49,251.07,251.23,250.21,250.21,12672
2026-09-04 14:50,250.21,251.13,250.21,250.83,7397
2026-09-04 14:51,250.84,251.445,250.84,251.115,10821
2026-09-04 14:52,251.03,251.4,251.01,251.28,7419
2026-09-04 14:53,251.372,252.928,251.34,252.407,31456
2026-09-04 14:54,252.65,252.68,252.07,252.19,13847
2026-09-04 14:55,252.5,253.07,252.5,252.86,7884
2026-09-04 14:56,252.89,253.01,252.58,252.713,15624
2026-09-04 14:57,252.55,252.75,252.51,252.74,3315
2026-09-04 14:58,252.95,253,252.641,252.98,5359
2026-09-04 14:59,252.957,252.987,252.53,252.53,10787
2026-09-04 15:00,252.615,253.134,252.615,252.62,7194
2026-09-04 15:01,252.65,253.04,252.62,252.9,6388
2026-09-04 15:02,252.77,252.89,252.634,252.842,10372
2026-09-04 15:03,252.864,252.864,252.4,252.4,7183
2026-09-04 15:04,252.27,252.27,252.1,252.129,6815
2026-09-04 15:05,252.23,252.23,251.9,252,13004
2026-09-04 15:06,251.965,252.21,251.586,252.04,4997
2026-09-04 15:07,252.19,252.19,251.95,252.07,4281
2026-09-04 15:08,252.11,252.22,251.96,251.96,7341
2026-09-04 15:09,252.07,252.12,251.962,252.065,3402
2026-09-04 15:10,252.105,252.41,252.07,252.41,6706
2026-09-04 15:11,252.49,252.915,252.49,252.915,6607
2026-09-04 15:12,252.961,253.335,252.94,253.335,4294
2026-09-04 15:13,253.26,253.469,253.2,253.2,6077
2026-09-04 15:14,253.19,253.34,253.18,253.266,5042
2026-09-04 15:15,253.47,253.49,252.99,252.99,6862
2026-09-04 15:16,253.02,253.13,252.5,252.5,6861
2026-09-04 15:17,252.241,252.51,252.18,252.19,15175
2026-09-04 15:18,252.24,252.355,251.806,252.24,11919
2026-09-04 15:19,252.25,252.415,252.234,252.234,10554
2026-09-04 15:20,252.245,252.245,251.6,251.6,5085
2026-09-04 15:21,251.77,252.4,251.25,251.31,18754
2026-09-04 15:22,251.64,252.08,251.62,251.693,5355
2026-09-04 15:23,251.7,252.105,251.7,251.935,2688
2026-09-04 15:24,251.925,252.058,251.65,251.985,8091
2026-09-04 15:25,251.93,251.93,251.69,251.88,10185
2026-09-04 15:26,251.73,251.88,251.6,251.86,13923
2026-09-04 15:27,251.785,251.94,251.78,251.9,4482
2026-09-04 15:28,251.95,252.082,251.945,251.945,1643
2026-09-04 15:29,251.74,251.955,251.55,251.55,10605
2026-09-04 15:30,251.58,251.64,251,251,13019
2026-09-04 15:31,250.9,251.22,250.9,251.22,6015
2026-09-04 15:32,251.22,251.34,251.22,251.34,4753
2026-09-04 15:33,251.303,251.303,250.93,251.09,7329
2026-09-04 15:34,251.22,251.31,251,251.01,11605
2026-09-04 15:35,251,251.34,251,251.245,4474
2026-09-04 15:36,251.384,251.505,251.26,251.5,7336
2026-09-04 15:37,251.27,251.438,251.26,251.3,4252
2026-09-04 15:38,251.46,251.46,251.46,251.46,2078
2026-09-04 15:39,251.26,251.75,251.25,251.75,8209
2026-09-04 15:40,251.745,251.745,251.24,251.3,5551
2026-09-04 15:41,251.36,251.38,251.22,251.22,2451
2026-09-04 15:42,251.5,251.52,251.432,251.52,3269
2026-09-04 15:43,251.605,251.77,251.605,251.77,2704
2026-09-04 15:44,251.77,251.9,251.77,251.9,5111
2026-09-04 15:45,251.83,251.83,251.83,251.83,206
2026-09-04 15:46,251.87,251.96,251.64,251.64,4085
2026-09-04 15:47,251.59,251.63,251.5,251.55,4909
2026-09-04 15:48,251.4,251.67,251.4,251.42,1911
2026-09-04 15:49,251.46,251.46,251.46,251.46,2081
2026-09-04 15:50,251.76,251.84,251.25,251.25,6354
2026-09-04 15:51,251.15,251.2,251.04,251.04,3072
2026-09-04 15:52,251.195,251.195,250.795,250.795,3257
2026-09-04 15:53,250.895,251.4,250.895,251.4,6000
2026-09-04 15:54,251.55,251.77,251.51,251.77,3001
2026-09-04 15:55,251.7,251.7,251.53,251.53,2977
2026-09-04 15:56,251.71,251.72,251.66,251.711,1614
2026-09-04 15:57,251.625,251.9,251.39,251.87,6600
2026-09-04 15:58,251.9,251.9,251.6,251.6,3784
2026-09-04 15:59,251.52,251.7,251.52,251.7,2689
2026-09-04 16:00,251.64,251.827,251.61,251.77,4523
2026-09-04 16:01,251.8,251.82,251.67,251.67,4543
2026-09-04 16:02,251.63,251.63,251.49,251.49,2087
2026-09-04 16:03,251.49,251.61,251.471,251.61,2600
2026-09-04 16:04,251.63,251.63,251.45,251.51,3749
2026-09-04 16:05,251.54,251.775,251.51,251.775,5522
2026-09-04 16:06,251.865,252.2,251.75,252.15,11584
2026-09-04 16:07,252.15,252.16,252.05,252.085,2359
2026-09-04 16:08,252.25,252.25,252.1,252.22,3467
2026-09-04 16:09,252.18,252.18,252,252.12,6266
2026-09-04 16:10,251.93,251.93,251.852,251.86,1807
2026-09-04 16:11,251.88,251.94,251.88,251.94,1990
2026-09-04 16:12,251.83,251.83,251.83,251.83,1431
2026-09-04 16:13,251.897,252.025,251.81,251.815,6001
2026-09-04 16:14,251.57,251.611,251.57,251.611,437
2026-09-04 16:15,251.68,251.775,251.611,251.67,1826
2026-09-04 16:16,251.67,251.695,251.56,251.67,7490
2026-09-04 16:17,251.56,251.72,251.32,251.7,20427
2026-09-04 16:18,251.44,251.74,251.44,251.74,2059
2026-09-04 16:19,251.702,251.75,251.38,251.38,6613
2026-09-04 16:20,251.376,251.54,251.376,251.53,1857
2026-09-04 16:21,251.59,251.59,251.29,251.29,2348
2026-09-04 16:22,251.25,251.37,251.11,251.111,1294
2026-09-04 16:23,251.09,251.24,251,251,5373
2026-09-04 16:24,250.97,251.52,250.94,251.253,10867
2026-09-04 16:25,251.07,251.26,250.99,251.26,4754
2026-09-04 16:27,251.01,251.16,250.9,251.06,2661
2026-09-04 16:28,251.135,251.135,251.135,251.135,1518
2026-09-04 16:29,250.89,251.66,250.8,251.59,13712
2026-09-04 16:30,251.92,251.95,251.35,251.7,5957
2026-09-04 16:31,251.76,251.83,251.64,251.64,5515
2026-09-04 16:32,251.84,251.84,251.696,251.696,5131
2026-09-04 16:33,251.98,252.249,251.98,252.21,3205
2026-09-04 16:34,252.18,252.18,251.833,251.833,3410
2026-09-04 16:35,251.898,252.32,251.898,252.31,10578
2026-09-04 16:36,252.31,252.5,252.23,252.422,7538
2026-09-04 16:37,252.38,252.88,252.38,252.74,6503
2026-09-04 16:38,252.52,252.65,252.48,252.63,5993
2026-09-04 16:39,252.47,252.47,252.27,252.27,5526
2026-09-04 16:40,252.46,252.63,252.344,252.59,5233
2026-09-04 16:41,252.4,252.555,252.34,252.53,5459
2026-09-04 16:42,252.52,252.63,252.5,252.62,2535
2026-09-04 16:43,252.583,252.98,252.23,252.453,13258
2026-09-04 16:44,252.27,252.27,252.27,252.27,2029
2026-09-04 16:45,252.3,252.3,252.175,252.175,3440
2026-09-04 16:46,252.05,252.1,251.905,251.97,4445
2026-09-04 16:47,252.11,252.12,252.11,252.12,3685
2026-09-04 16:48,252,252,251.725,251.725,2812
2026-09-04 16:49,251.83,252.202,251.82,251.93,6933
2026-09-04 16:50,252.34,252.34,252.34,252.34,562
2026-09-04 16:51,252.1,252.1,252.03,252.03,1818
2026-09-04 16:52,252.209,252.22,252.15,252.22,1180
2026-09-04 16:53,252.175,252.26,252.06,252.26,2907
2026-09-04 16:54,252.21,252.21,252.145,252.145,1498
2026-09-04 16:55,252.21,252.21,252.135,252.135,1622
2026-09-04 16:56,252.125,252.2,251.95,251.96,8233
2026-09-04 16:57,251.955,252.05,251.955,252.04,1722
2026-09-04 16:58,251.97,252,251.97,252,6704
2026-09-04 16:59,252.03,252.17,251.95,252.09,6475
2026-09-04 17:00,252.18,252.18,251.395,251.395,18591
2026-09-04 17:01,251.36,251.5,251.28,251.45,6265
2026-09-04 17:02,251.45,251.59,251.3,251.3,3237
2026-09-04 17:03,251.42,251.5,251.4,251.405,3166
2026-09-04 17:04,251.29,251.48,250.895,251.29,12122
2026-09-04 17:05,251.5,251.5,251.35,251.35,1428
2026-09-04 17:06,251.71,251.71,251.5,251.5,2321
2026-09-04 17:07,251.62,251.68,251.58,251.615,4580
2026-09-04 17:08,251.76,251.76,251.04,251.165,10115
2026-09-04 17:09,251.21,251.515,251.21,251.515,1646
2026-09-04 17:10,251.365,251.395,251.365,251.395,1835
2026-09-04 17:11,251.4,251.43,251.4,251.43,3974
2026-09-04 17:13,251.52,251.52,251.25,251.25,2224
2026-09-04 17:14,251.25,251.25,251.12,251.17,5417
2026-09-04 17:15,251.14,251.225,251.1,251.225,3184
2026-09-04 17:16,251.22,251.22,251.12,251.22,2180
2026-09-04 17:17,251.23,251.33,251.23,251.33,3035
2026-09-04 17:18,251.14,251.289,251.14,251.15,1763
2026-09-04 17:19,251.15,251.215,251.06,251.16,5990
2026-09-04 17:20,251.15,251.15,251.15,251.15,288
2026-09-04 17:21,251.06,251.09,250.87,250.87,6552
2026-09-04 17:22,250.96,251.1,250.96,251.1,2794
2026-09-04 17:23,250.97,251.02,250.94,250.965,4333
2026-09-04 17:24,251.01,251.01,250.86,250.86,2027
2026-09-04 17:25,250.87,250.87,250.77,250.83,3614
2026-09-04 17:26,250.985,250.985,250.985,250.985,1258
2026-09-04 17:27,250.83,250.885,250.83,250.84,1751
2026-09-04 17:28,250.8,250.81,250.72,250.72,5832
2026-09-04 17:29,250.65,250.83,250.61,250.778,4336
2026-09-04 17:30,250.858,250.858,250.805,250.83,3672
2026-09-04 17:31,250.83,250.966,250.69,250.69,1793
2026-09-04 17:32,250.84,250.84,250.56,250.58,3877
2026-09-04 17:33,250.7,250.7,250.55,250.55,4535
2026-09-04 17:34,250.62,250.65,250.462,250.57,2616
2026-09-04 17:35,250.521,250.61,250.52,250.61,1912
2026-09-04 17:36,250.712,250.83,250.712,250.83,1516
2026-09-04 17:37,250.81,250.81,250.47,250.545,6624
2026-09-04 17:38,250.44,250.44,250.44,250.44,1190
2026-09-04 17:39,250.44,250.53,250.44,250.464,3036
2026-09-04 17:40,250.43,250.62,250.41,250.62,5156
2026-09-04 17:41,250.679,250.679,250.11,250.11,6784
2026-09-04 17:42,250.13,250.175,250.016,250.03,2900
2026-09-04 17:43,250.18,250.25,250.16,250.25,2150
2026-09-04 17:44,250.225,250.23,250.225,250.23,1003
2026-09-04 17:45,250.205,250.205,250.04,250.095,4138
2026-09-04 17:46,250.12,250.27,250.01,250.18,10700
2026-09-04 17:47,250.42,250.69,250.4,250.4,5858
2026-09-04 17:48,250.495,250.495,250.415,250.415,1252
2026-09-04 17:49,250.23,250.23,250.23,250.23,845
2026-09-04 17:50,250.26,250.38,250.26,250.38,4451
2026-09-04 17:51,250.33,250.5,250.26,250.26,5330
2026-09-04 17:52,250.375,250.398,250.318,250.383,2442
2026-09-04 17:53,250.31,250.46,250.3,250.41,3147
2026-09-04 17:54,250.41,250.41,250.33,250.33,1500
2026-09-04 17:55,250.367,250.41,250.351,250.351,1993
2026-09-04 17:56,250.41,250.5,250.33,250.42,5514
2026-09-04 17:57,250.36,250.43,250.09,250.19,7353
2026-09-04 17:58,250.2,250.322,250.2,250.322,4087
2026-09-04 17:59,250.19,250.19,250.17,250.17,2390
2026-09-04 18:00,250.24,250.24,250.24,250.24,2650
2026-09-04 18:01,250.18,250.18,250.08,250.13,3661
2026-09-04 18:03,250.14,250.2,250.06,250.06,6710
2026-09-04 18:04,250.03,250.115,249.9,250.115,14304
2026-09-04 18:05,250.19,250.29,250.11,250.21,5414
2026-09-04 18:06,250.22,250.26,250.15,250.26,5295
2026-09-04 18:08,250.19,250.3,250.18,250.24,4378
2026-09-04 18:09,250.24,250.4,250.24,250.4,2878
2026-09-04 18:10,250.42,250.49,250.4,250.445,5374
2026-09-04 18:11,250.38,250.51,250.38,250.51,2958
2026-09-04 18:12,250.39,250.5,250.37,250.37,5229
2026-09-04 18:13,250.477,250.57,250.37,250.37,10264
2026-09-04 18:14,250.27,250.4,250.16,250.335,5196
2026-09-04 18:15,250.42,250.49,250.35,250.469,5023
2026-09-04 18:16,250.39,250.44,250.39,250.44,2193
2026-09-04 18:17,250.455,250.73,250.455,250.705,3297
2026-09-04 18:18,250.75,250.83,250.58,250.67,2469
2026-09-04 18:19,250.76,250.805,250.72,250.805,4023
2026-09-04 18:20,250.82,250.86,250.655,250.655,5547
2026-09-04 18:21,250.665,250.665,250.665,250.665,2410
2026-09-04 18:22,250.66,250.689,250.66,250.689,2190
2026-09-04 18:23,250.66,250.69,250.66,250.69,2583
2026-09-04 18:24,250.627,250.71,250.619,250.619,2360
2026-09-04 18:25,250.63,250.816,250.63,250.816,4274
2026-09-04 18:26,250.839,250.9,250.839,250.9,2449
2026-09-04 18:27,250.96,250.99,250.86,250.99,2931
2026-09-04 18:28,251.09,251.23,251.09,251.23,4549
2026-09-04 18:29,251.24,251.69,251.235,251.66,9346
2026-09-04 18:30,251.89,252.4,251.192,251.65,42749
2026-09-04 18:31,251.282,251.858,251.282,251.858,3951
2026-09-04 18:32,251.73,251.73,251.482,251.482,1930
2026-09-04 18:33,251.54,251.54,251.28,251.28,4163
2026-09-04 18:34,251.345,251.42,251.345,251.35,2225
2026-09-04 18:35,251.42,251.445,251.42,251.445,1676
2026-09-04 18:36,251.37,251.37,251.25,251.25,4279
2026-09-04 18:37,251.2,251.2,251.085,251.085,1980
2026-09-04 18:38,251.1,251.23,251.1,251.145,2698
2026-09-04 18:39,251,251.006,251,251.006,663
2026-09-04 18:40,251.115,251.19,251.05,251.125,5708
2026-09-04 18:41,251.125,251.125,251.125,251.125,1387
2026-09-04 18:42,251.22,251.22,250.92,250.931,5650
2026-09-04 18:43,250.91,250.92,250.835,250.92,3086
2026-09-04 18:45,250.95,251.045,250.92,251.045,1638
2026-09-04 18:46,250.985,250.985,250.8,250.952,3857
2026-09-04 18:47,250.82,250.89,250.76,250.77,2739
2026-09-04 18:48,250.77,250.845,250.74,250.845,2469
2026-09-04 18:49,250.74,250.79,250.72,250.79,4828
2026-09-04 18:50,250.73,250.84,250.7,250.7,3348
2026-09-04 18:51,250.7,250.71,250.53,250.53,3581
2026-09-04 18:52,250.56,250.56,250.48,250.535,5522
2026-09-04 18:53,250.53,250.8,250.53,250.7,5009
2026-09-04 18:54,250.72,250.74,250.655,250.74,2710
2026-09-04 18:55,250.72,250.77,250.39,250.74,21913
2026-09-04 18:56,250.69,251.29,250.69,251.16,8592
2026-09-04 18:57,251.26,252.29,251.26,252.24,70018
2026-09-04 18:58,252.14,252.21,251.748,251.88,6565
2026-09-04 18:59,251.798,252.11,251.798,251.99,2613
2026-09-04 19:00,251.929,251.929,251.56,251.56,9025
2026-09-04 19:01,251.39,251.41,251.39,251.41,684
2026-09-04 19:02,251.39,251.625,251.39,251.515,9158
2026-09-04 19:03,251.47,251.47,251.47,251.47,1431
2026-09-04 19:04,251.37,251.37,251.185,251.185,3568
2026-09-04 19:05,251.07,251.17,251.001,251.17,4711
2026-09-04 19:06,250.99,250.99,250.99,250.99,1651
2026-09-04 19:07,251.04,251.04,250.795,250.795,2889
2026-09-04 19:08,250.795,250.795,250.795,250.795,1032
2026-09-04 19:09,250.76,250.87,249.539,249.539,81489
2026-09-04 19:10,249.67,249.75,249.56,249.64,3521
2026-09-04 19:11,249.715,249.715,249.43,249.43,3425
2026-09-04 19:12,249.46,249.53,249.42,249.53,4172
2026-09-04 19:13,249.51,249.595,249.51,249.595,1376
2026-09-04 19:14,249.54,249.54,249.33,249.37,4380
2026-09-04 19:15,249.28,249.49,249.28,249.49,3402
2026-09-04 19:16,249.57,249.596,249.445,249.51,3255
2026-09-04 19:17,249.535,249.73,249.5,249.52,5026
2026-09-04 19:18,249.39,249.43,249.35,249.395,3540
2026-09-04 19:19,249.29,249.555,249.17,249.555,6018
2026-09-04 19:20,249.58,249.58,249.4,249.49,4334
2026-09-04 19:21,249.505,249.53,249.495,249.495,2005
2026-09-04 19:22,249.568,249.568,249.35,249.39,1703
2026-09-04 19:23,249.51,249.58,249.419,249.58,4327
2026-09-04 19:24,249.545,249.66,249.506,249.66,1682
2026-09-04 19:25,249.535,249.74,249.535,249.62,1890
2026-09-04 19:26,249.68,249.68,249.59,249.62,2734
2026-09-04 19:27,249.61,249.75,249.61,249.745,4199
2026-09-04 19:28,249.59,249.745,249.59,249.59,1905
2026-09-04 19:29,249.639,249.7,249.56,249.66,6569
2026-09-04 19:30,249.61,250.02,249.48,250.02,10712
2026-09-04 19:31,249.61,250.3,249.61,249.95,7854
2026-09-04 19:32,249.835,249.96,249.835,249.91,5581
2026-09-04 19:33,249.8,249.91,249.8,249.81,1745
2026-09-04 19:34,249.815,250.15,249.815,250.15,11355
2026-09-04 19:35,250.075,250.33,250.07,250.325,6211
2026-09-04 19:36,250.3,250.49,250.234,250.49,4507
2026-09-04 19:37,250.49,250.76,250.49,250.76,7948
2026-09-04 19:38,250.765,250.765,250.34,250.42,18000
2026-09-04 19:39,250.42,250.65,250.42,250.57,9426
2026-09-04 19:40,250.57,250.57,250.37,250.43,2700
2026-09-04 19:41,250.43,250.65,250.43,250.648,5735
2026-09-04 19:42,250.6,250.652,250.6,250.6,1935
2026-09-04 19:43,250.52,250.64,250.51,250.59,7715
2026-09-04 19:44,250.69,250.86,250.62,250.815,8028
2026-09-04 19:45,250.86,251.165,250.86,251,9244
2026-09-04 19:46,251.09,251.37,250.94,251.105,6407
2026-09-04 19:47,250.956,251.115,250.94,251.095,5119
2026-09-04 19:48,251.095,251.32,251.01,251.28,14548
2026-09-04 19:49,251.215,251.45,251.197,251.385,9806
2026-09-04 19:50,251.45,251.46,251.05,251.125,19188
2026-09-04 19:51,251.125,251.684,251.061,251.061,14543
2026-09-04 19:52,251.15,251.3,251.101,251.3,10593
2026-09-04 19:53,251.385,251.39,251.15,251.2,14258
2026-09-04 19:54,251.2,251.34,250.22,250.425,23039
2026-09-04 19:55,250.75,251.67,250.75,251.5,35379
2026-09-04 19:56,251.565,251.73,251.415,251.62,26524
2026-09-04 19:57,251.56,251.88,251.53,251.637,30826
2026-09-04 19:58,251.73,252.105,251.73,251.955,51141
2026-09-04 19:59,251.93,252.15,251.77,252.1,84109
2026-09-08 13:30,261.41,262.77,260.78,261.835,318827
2026-09-08 13:31,262.24,262.535,261.52,262.075,35571
2026-09-08 13:32,262.46,262.88,260.767,262.185,34170
2026-09-08 13:33,262.225,262.44,260.035,260.415,35158
2026-09-08 13:34,260.783,261.47,260.134,261.47,12931
2026-09-08 13:35,261.35,261.706,259.74,260.27,30807
2026-09-08 13:36,260.265,261,259.48,260.51,17694
2026-09-08 13:37,260.385,260.8,260.36,260.77,6800
2026-09-08 13:38,260.86,261,259.82,259.83,13717
2026-09-08 13:39,259.5,260.275,258.5,259.09,34056
2026-09-08 13:40,259.44,259.69,258.76,258.79,23725
2026-09-08 13:41,258.94,259.659,258.94,259,11752
2026-09-08 13:42,258.88,258.89,257.8,257.8,20352
2026-09-08 13:43,257.94,258.39,257.5,258.15,12129
2026-09-08 13:44,258.18,258.5,257.3,257.3,18799
2026-09-08 13:45,256.98,257.88,256.98,257.88,11421
2026-09-08 13:46,258.04,258.38,256.6,256.6,14620
2026-09-08 13:47,256.722,257.87,256.694,257.28,8231
2026-09-08 13:48,257.47,257.8,257.17,257.37,6301
2026-09-08 13:49,257.4,259.13,257.4,258.79,21974
2026-09-08 13:50,258.81,259.09,257,257,13103
2026-09-08 13:51,257.15,257.5,256.68,257.5,9817
2026-09-08 13:52,257.24,257.24,256.54,256.54,10109
2026-09-08 13:53,256.51,256.83,256,256.605,25542
2026-09-08 13:54,256.455,257.25,256.335,256.99,41007
2026-09-08 13:55,257.235,257.365,256.835,257.26,8669
2026-09-08 13:56,257.315,257.569,256.995,257.381,11916
2026-09-08 13:57,257.465,257.48,257.2,257.42,5948
2026-09-08 13:58,257.464,257.98,257.36,257.475,8137
2026-09-08 13:59,257.375,257.375,257.02,257.06,5729
2026-09-08 14:00,256.925,256.925,256.5,256.64,5743
2026-09-08 14:01,256.27,256.42,256.062,256.24,11449
2026-09-08 14:02,256.02,256.403,255.535,255.92,11615
2026-09-08 14:03,256.145,256.15,255.832,256.09,6975
2026-09-08 14:04,256.095,256.64,256.09,256.64,5061
2026-09-08 14:05,256.67,256.9,256.597,256.597,8774
2026-09-08 14:06,256.775,257.11,256.501,256.55,9637
2026-09-08 14:07,256.17,256.185,255.43,255.83,22003
2026-09-08 14:08,255.65,255.7,255.36,255.45,7094
2026-09-08 14:09,255.25,255.44,254.855,254.855,14241
2026-09-08 14:10,254.8,255.045,254.64,255.03,10560
2026-09-08 14:11,254.935,255.63,254.93,255.025,7911
2026-09-08 14:12,255.21,255.72,255.21,255.72,7103
2026-09-08 14:13,255.645,255.86,255.49,255.58,4528
2026-09-08 14:14,255.755,255.755,255.43,255.73,4521
2026-09-08 14:15,255.5,255.605,255.1,255.59,6096
2026-09-08 14:16,255.836,256.199,255.836,256.19,3402
2026-09-08 14:17,256.49,256.603,256.11,256.435,3787
2026-09-08 14:18,256.32,256.5,256.17,256.34,9668
2026-09-08 14:19,256.36,256.44,256.141,256.44,5112
2026-09-08 14:20,256.31,257.08,256.305,256.89,11142
2026-09-08 14:21,257.08,258.05,256.976,257.65,19292
2026-09-08 14:22,257.65,257.715,257.405,257.405,6540
2026-09-08 14:23,257.405,257.455,257.205,257.325,5690
2026-09-08 14:24,257.33,257.39,256.64,256.64,8860
2026-09-08 14:25,257.08,257.326,256.913,256.913,9026
2026-09-08 14:26,256.76,257.04,256.36,256.37,5152
2026-09-08 14:27,256.225,256.5,256.225,256.5,4054
2026-09-08 14:28,256.63,256.805,256.63,256.795,4534
2026-09-08 14:29,256.79,257.2,256.75,257.2,4930
2026-09-08 14:30,257.165,257.44,257.14,257.23,6845
2026-09-08 14:31,256.92,256.92,256.67,256.84,4180
2026-09-08 14:32,256.92,256.92,256.273,256.495,6192
2026-09-08 14:33,256.4,256.4,255.534,255.93,13912
2026-09-08 14:34,256.04,256.069,255.65,255.695,3805
2026-09-08 14:35,255.95,256.36,255.91,256.04,10567
2026-09-08 14:36,256.26,256.53,256.1,256.12,10976
2026-09-08 14:37,256.19,256.225,256.165,256.165,3267
2026-09-08 14:38,256.365,256.48,256.35,256.48,3626
2026-09-08 14:39,256.345,256.805,256.065,256.065,12653
2026-09-08 14:40,256.085,256.25,255.99,255.995,8834
2026-09-08 14:41,255.97,256.49,255.91,256.49,3419
2026-09-08 14:42,255.918,256.35,255.918,256.35,5310
2026-09-08 14:43,256.43,256.43,256.1,256.1,5427
2026-09-08 14:44,256.07,256.36,256.07,256.36,4453
2026-09-08 14:45,256.18,256.31,255.84,255.84,9805
2026-09-08 14:46,255.91,256.31,255.91,256.27,4826
2026-09-08 14:47,256.22,256.31,256.15,256.18,3565
2026-09-08 14:48,256.07,256.56,256.07,256.445,8854
2026-09-08 14:49,256.36,256.4,256.2,256.4,6582
2026-09-08 14:50,256.34,256.74,256.3,256.65,7204
2026-09-08 14:51,256.65,257.15,256.65,257.06,5008
2026-09-08 14:52,257.08,257.4,257,257.3,9350
2026-09-08 14:53,257.52,258.04,257.485,257.69,24349
2026-09-08 14:54,257.6,258.01,257.36,257.445,45280
2026-09-08 14:55,257.36,258.495,257.36,258.205,20914
2026-09-08 14:56,258.493,258.493,258.04,258.4,12191
2026-09-08 14:57,258.432,258.77,258.266,258.77,5374
2026-09-08 14:58,258.85,259.339,258.79,259.339,11083
2026-09-08 14:59,259.431,259.72,259.057,259.555,25602
2026-09-08 15:00,259.79,259.81,259.3,259.46,9373
2026-09-08 15:01,259.638,259.638,258.99,259.19,9046
2026-09-08 15:02,259.16,259.271,258.8,258.8,7365
2026-09-08 15:03,258.595,259,258.595,258.99,8226
2026-09-08 15:04,258.935,259.11,258.92,259.05,8448
2026-09-08 15:05,259.025,259.394,258.84,259,17446
2026-09-08 15:06,259.17,259.337,258.88,259,13449
2026-09-08 15:07,259.11,259.315,259.11,259.25,12544
2026-09-08 15:08,259.26,259.91,259.125,259.83,26254
2026-09-08 15:09,259.951,260.13,259.82,260.13,14053
2026-09-08 15:10,260.13,260.477,260.03,260.44,12805
2026-09-08 15:11,260.3,260.74,260.3,260.74,6334
2026-09-08 15:12,260.74,261.75,260.74,261.75,29862
2026-09-08 15:13,261.6,262.35,261,262.26,24852
2026-09-08 15:14,262.3,262.73,262.23,262.73,26415
2026-09-08 15:15,262.58,262.818,262.37,262.815,16339
2026-09-08 15:16,262.79,263.16,262.541,262.55,25142
2026-09-08 15:17,262.6,263.07,262.5,263.005,12731
2026-09-08 15:18,263.18,263.21,262.81,262.85,12732
2026-09-08 15:19,262.87,263.027,262.305,262.305,7059
2026-09-08 15:20,262.517,262.517,261.87,262.18,11526
2026-09-08 15:21,262.1,262.12,261.71,261.72,12231
2026-09-08 15:22,261.655,262,261.5,261.955,7462
2026-09-08 15:23,261.9,261.97,261.63,261.715,9704
2026-09-08 15:24,261.85,262.662,261.72,262.495,9416
2026-09-08 15:25,262.64,262.64,262.17,262.175,19523
2026-09-08 15:26,262.175,262.445,262.05,262.07,14909
2026-09-08 15:27,262.05,262.38,261.72,261.72,21987
2026-09-08 15:28,261.72,261.9,261.37,261.456,5727
2026-09-08 15:29,261.422,261.61,261.422,261.61,2497
2026-09-08 15:30,261.59,261.59,261.26,261.42,4457
2026-09-08 15:31,261.39,261.39,261.25,261.31,17225
2026-09-08 15:32,261.31,261.31,260.83,260.91,15090
2026-09-08 15:33,260.85,260.949,260.65,260.85,16098
2026-09-08 15:34,260.82,261.2,260.66,261.2,24902
2026-09-08 15:35,261.18,261.306,260.83,260.83,9349
2026-09-08 15:36,260.81,260.9,260.7,260.8,4496
2026-09-08 15:37,260.79,260.825,260.75,260.825,3924
2026-09-08 15:38,260.77,261.32,260.77,261.32,10865
2026-09-08 15:39,261.32,263.49,261.19,263.485,50896
2026-09-08 15:40,263.485,265.62,263.43,265.34,80588
2026-09-08 15:41,265.47,266.2,265.42,265.96,35551
2026-09-08 15:42,266.105,267.22,265.94,267.22,33334
2026-09-08 15:43,267.22,267.89,266.75,267.89,44348
2026-09-08 15:44,267.97,267.97,266.76,267.02,40202
2026-09-08 15:45,266.895,267.085,265.501,266.01,33825
2026-09-08 15:46,265.835,266.5,265.64,266.405,21593
2026-09-08 15:47,266.3,266.68,265.75,266.01,35319
2026-09-08 15:48,265.91,266.78,264.4,264.68,51387
2026-09-08 15:49,264.645,265.6,264.4,265.415,13046
2026-09-08 15:50,265.505,265.87,265.21,265.63,6945
2026-09-08 15:51,265.7,266.06,265.43,265.655,14784
2026-09-08 15:52,265.44,265.72,264.93,265.085,8188
2026-09-08 15:53,264.69,265.07,263.98,264.59,10981
2026-09-08 15:54,264.43,264.91,264.43,264.68,5248
2026-09-08 15:55,264.7,264.795,264.182,264.7,11317
2026-09-08 15:56,264.68,265.195,264.68,264.765,8242
2026-09-08 15:57,264.92,265.56,264.92,265.56,4631
2026-09-08 15:58,265.7,265.7,265.21,265.44,8504
2026-09-08 15:59,265.31,265.58,265.19,265.44,7429
2026-09-08 16:00,265.575,265.66,265.38,265.49,2981
2026-09-08 16:01,265.561,265.561,265.004,265.205,10874
2026-09-08 16:02,265.3,265.425,265.159,265.215,5150
2026-09-08 16:03,265.26,265.41,265.15,265.365,5109
2026-09-08 16:04,265.43,265.51,265.18,265.19,6668
2026-09-08 16:05,265.193,265.435,265.193,265.33,8654
2026-09-08 16:06,265.32,265.401,265.16,265.27,5179
2026-09-08 16:07,265.39,265.39,264.57,264.57,12341
2026-09-08 16:08,264.495,264.6,264.46,264.465,2520
2026-09-08 16:09,264.53,264.53,263.5,263.61,9804
2026-09-08 16:10,263.7,263.85,263.52,263.755,9559
2026-09-08 16:11,263.755,263.755,263.56,263.62,3423
2026-09-08 16:12,263.57,263.57,263,263.07,11020
2026-09-08 16:13,263.008,263.455,262.99,263.455,4480
2026-09-08 16:14,263.31,263.565,263.05,263.565,2571
2026-09-08 16:15,263.35,263.5,263.094,263.24,8566
2026-09-08 16:16,263.18,263.18,262.79,263.01,11423
2026-09-08 16:17,262.861,263.2,262.861,263.2,7224
2026-09-08 16:18,263.31,263.34,263.17,263.21,4479
2026-09-08 16:19,263.15,263.253,262.9,262.9,21096
2026-09-08 16:20,262.89,263.58,262.89,263.58,6422
2026-09-08 16:21,263.542,263.542,263.41,263.44,1746
2026-09-08 16:22,263.38,263.425,263.328,263.38,3648
2026-09-08 16:23,263.51,263.83,263.39,263.83,7966
2026-09-08 16:24,263.83,264.5,263.645,264.454,13244
2026-09-08 16:25,264.5,264.94,264.41,264.53,10229
2026-09-08 16:26,264.48,264.555,264.13,264.277,8931
2026-09-08 16:27,264.055,264.435,264.055,264.195,6158
2026-09-08 16:28,264.02,264.08,263.77,263.875,8645
2026-09-08 16:29,263.875,263.955,263.595,263.595,4389
2026-09-08 16:30,263.7,263.7,263.515,263.515,1973
2026-09-08 16:31,263.51,263.805,263.51,263.701,4993
2026-09-08 16:32,263.585,263.585,263.555,263.555,2363
2026-09-08 16:33,263.75,263.91,263.7,263.91,3266
2026-09-08 16:34,264,264.195,263.92,263.94,3993
2026-09-08 16:35,263.918,264.21,263.77,264.21,3348
2026-09-08 16:36,264.12,264.12,264.08,264.095,2434
2026-09-08 16:37,264.095,264.19,264.063,264.19,2072
2026-09-08 16:38,264.35,264.35,263.98,264.065,8303
2026-09-08 16:39,264.065,264.065,263.7,263.82,7140
2026-09-08 16:40,263.88,263.95,263.22,263.385,8923
2026-09-08 16:41,263.43,263.44,263.22,263.25,4711
2026-09-08 16:42,263.088,263.345,262.98,262.98,4376
2026-09-08 16:43,263.11,263.66,263.11,263.66,5950
2026-09-08 16:44,263.79,263.79,263.47,263.47,2690
2026-09-08 16:45,263.62,263.62,263.24,263.24,9540
2026-09-08 16:46,263.39,263.4,263.39,263.4,2318
2026-09-08 16:47,263.4,264.12,263.4,263.9,3070
2026-09-08 16:48,263.98,264.54,263.96,264.305,9544
2026-09-08 16:49,264.305,264.305,264.11,264.2,4316
2026-09-08 16:50,264.2,264.62,264.08,264.59,8038
2026-09-08 16:51,264.67,264.67,264.075,264.11,8523
2026-09-08 16:52,264.105,264.105,263.865,263.87,5346
2026-09-08 16:53,263.975,264.23,263.975,264.23,2696
2026-09-08 16:54,264.075,264.075,264,264,1271
2026-09-08 16:55,263.995,264.13,263.995,264.1,2996
2026-09-08 16:56,263.99,263.99,263.51,263.91,25940
2026-09-08 16:57,263.91,264.03,263.665,263.98,11209
2026-09-08 16:58,263.98,264.14,263.76,263.78,14811
2026-09-08 16:59,263.84,264,263.63,263.775,9959
2026-09-08 17:00,264.43,264.59,264.28,264.44,4511
2026-09-08 17:01,264.455,265.57,264.455,265.36,11430
2026-09-08 17:02,265.422,265.57,265.28,265.38,7619
2026-09-08 17:03,265.5,265.99,265.5,265.617,13195
2026-09-08 17:04,265.58,265.91,265.58,265.815,7218
2026-09-08 17:05,265.815,265.895,265.7,265.805,5584
2026-09-08 17:06,265.805,266.078,265.685,265.815,11210
2026-09-08 17:07,265.75,265.78,265.59,265.625,5301
2026-09-08 17:08,265.69,265.755,265.676,265.685,4438
2026-09-08 17:09,265.73,265.92,265.625,265.92,6185
2026-09-08 17:10,265.915,266.07,265.86,265.943,12929
2026-09-08 17:11,265.94,266.625,265.72,266.6,33543
2026-09-08 17:12,266.63,267.64,266.6,267.31,21922
2026-09-08 17:13,267.27,267.37,267.02,267.3,9156
2026-09-08 17:14,267.305,267.355,267.07,267.25,5981
2026-09-08 17:15,267.21,267.41,266.62,266.86,21842
2026-09-08 17:16,266.905,267.215,266.792,266.82,13976
2026-09-08 17:17,266.795,267.44,266.795,267.23,24664
2026-09-08 17:18,267.07,267.325,266.59,267.105,19026
2026-09-08 17:19,267.305,267.45,266.99,267.15,5123
2026-09-08 17:20,266.99,267.18,266.9,266.992,6220
2026-09-08 17:21,266.955,267.08,266.28,266.53,30957
2026-09-08 17:22,266.535,266.535,266.01,266.32,8474
2026-09-08 17:23,266.285,266.615,266.245,266.615,6206
2026-09-08 17:24,266.615,266.615,266.198,266.198,9244
2026-09-08 17:25,266,266.165,265.76,265.77,7079
2026-09-08 17:26,265.627,266.03,265.52,266.03,8100
2026-09-08 17:27,265.825,266.015,265.658,265.76,4326
2026-09-08 17:28,265.7,265.87,265.7,265.723,3399
2026-09-08 17:29,265.78,265.86,265.74,265.79,3488
2026-09-08 17:30,265.72,265.73,265.49,265.73,7715
2026-09-08 17:31,265.73,265.8,265.51,265.57,7123
2026-09-08 17:32,265.57,265.72,265.47,265.72,4221
2026-09-08 17:33,265.72,265.72,265.565,265.66,3731
2026-09-08 17:34,265.565,265.97,265.54,265.825,9231
2026-09-08 17:35,265.825,266,265.68,265.845,4806
2026-09-08 17:36,265.845,265.845,265.62,265.68,5415
2026-09-08 17:37,265.593,265.75,265.593,265.68,2916
2026-09-08 17:38,265.68,265.79,265.573,265.575,5902
2026-09-08 17:39,265.42,265.645,264.51,264.715,20387
2026-09-08 17:40,264.62,264.72,264.155,264.155,9849
2026-09-08 17:41,264.17,264.21,263.84,263.888,11004
2026-09-08 17:42,263.95,264.195,263.936,264.085,5808
2026-09-08 17:43,264.09,264.15,263.99,264.03,3483
2026-09-08 17:44,263.934,264.13,263.934,264.05,2625
2026-09-08 17:45,264.055,264.23,264.055,264.115,7124
2026-09-08 17:46,264.092,264.47,264.092,264.46,8354
2026-09-08 17:47,264.47,264.7,264.45,264.48,4973
2026-09-08 17:48,264.58,264.58,264.28,264.365,6781
2026-09-08 17:49,264.365,264.49,264.212,264.28,2832
2026-09-08 17:50,264.19,264.19,264.18,264.18,3929
2026-09-08 17:51,264.18,264.245,263.35,263.35,13534
2026-09-08 17:52,263.495,263.72,263.32,263.72,4238
2026-09-08 17:53,263.315,263.315,262.98,263.04,3393
2026-09-08 17:54,263,263.064,262.76,262.78,2756
2026-09-08 17:55,262.83,262.83,262.56,262.68,1757
2026-09-08 17:56,262.53,262.605,262.44,262.605,1538
2026-09-08 17:57,262.42,262.45,262,262.13,3600
2026-09-08 17:58,262.1,262.38,261.689,262.38,7027
2026-09-08 17:59,262.21,262.21,261.919,262.155,1727
2026-09-08 18:00,262.105,262.227,261.99,262,8395
2026-09-08 18:01,262,262.91,262,262.9,12636
2026-09-08 18:02,263.07,263.33,263,263.33,8666
2026-09-08 18:03,263.305,263.37,263.23,263.23,4488
2026-09-08 18:04,263.2,263.47,263.18,263.47,3952
2026-09-08 18:05,263.52,263.56,263.24,263.555,5015
2026-09-08 18:06,263.435,263.61,263.02,263.02,9592
2026-09-08 18:07,263.2,263.31,263.2,263.31,1449
2026-09-08 18:08,263.38,263.465,263.38,263.455,2332
2026-09-08 18:09,263.46,263.571,263.03,263.225,7640
2026-09-08 18:10,263.17,263.17,262.133,262.755,10266
2026-09-08 18:11,262.76,262.88,262.728,262.855,1743
2026-09-08 18:12,263,263.08,262.74,262.74,3248
2026-09-08 18:13,262.725,262.92,262.68,262.765,2305
2026-09-08 18:14,262.931,263,262.395,262.395,4900
2026-09-08 18:15,262.535,262.715,262.535,262.715,5108
2026-09-08 18:16,262.73,262.89,262.73,262.89,1246
2026-09-08 18:17,262.825,263.02,262.64,262.64,2377
2026-09-08 18:18,262.835,262.95,262.795,262.95,1865
2026-09-08 18:19,262.9,262.92,262.7,262.92,2240
2026-09-08 18:20,262.805,262.95,262.805,262.845,4551
2026-09-08 18:21,262.83,262.95,262.83,262.895,2084
2026-09-08 18:22,263.035,263.035,262.76,262.76,3278
2026-09-08 18:23,262.82,262.95,262.82,262.82,1105
2026-09-08 18:24,262.82,262.82,262.438,262.44,8725
2026-09-08 18:25,262.615,263.021,262.57,263.021,4924
2026-09-08 18:26,262.94,262.943,262.81,262.81,3586
2026-09-08 18:27,262.845,262.845,262.623,262.765,1636
2026-09-08 18:28,262.918,262.918,262.72,262.72,3530
2026-09-08 18:29,262.63,262.68,262.43,262.68,6921
2026-09-08 18:30,262.65,262.685,262.65,262.652,2247
2026-09-08 18:31,262.62,262.8,262.46,262.63,2991
2026-09-08 18:32,262.58,262.7,262.58,262.7,3722
2026-09-08 18:33,262.85,262.85,262.64,262.64,4373
2026-09-08 18:34,262.605,262.605,262.4,262.4,2059
2026-09-08 18:35,262.35,262.35,261.96,262.145,12984
2026-09-08 18:36,262.19,262.31,262.18,262.18,8412
2026-09-08 18:37,262.09,262.3,262.09,262.265,12815
2026-09-08 18:38,262.47,262.49,262.265,262.375,6580
2026-09-08 18:39,262.375,262.375,262.21,262.235,3785
2026-09-08 18:40,262.24,262.24,262.06,262.165,18434
2026-09-08 18:41,262.175,262.33,262.14,262.17,10701
2026-09-08 18:42,262.115,262.23,262.075,262.105,2823
2026-09-08 18:43,262.06,262.395,262.05,262.35,86539
2026-09-08 18:44,262.35,262.4,262.18,262.24,3964
2026-09-08 18:45,262.23,262.8,262.21,262.64,10478
2026-09-08 18:46,262.83,263.08,262.65,263.06,7060
2026-09-08 18:47,263.075,263.09,262.64,262.66,8836
2026-09-08 18:48,262.645,262.645,261.85,261.85,8667
2026-09-08 18:49,261.504,262,261.504,261.78,8056
2026-09-08 18:50,262.04,262.4,262.04,262.09,21038
2026-09-08 18:51,262.42,262.535,262.03,262.2,11148
2026-09-08 18:52,262.02,262.165,261.46,261.705,9402
2026-09-08 18:53,261.67,262.1,261.47,262.1,5983
2026-09-08 18:54,262.1,262.4,262,262.12,4635
2026-09-08 18:55,262.12,262.235,261.88,262.06,3244
2026-09-08 18:56,262.06,262.2,261.965,261.98,5269
2026-09-08 18:57,261.965,262.06,261.86,261.865,4071
2026-09-08 18:58,261.691,262.435,261.691,262.385,13520
2026-09-08 18:59,262.28,262.316,262.28,262.28,776
2026-09-08 19:00,262.28,262.32,261.95,262.175,8765
2026-09-08 19:01,261.88,262.13,261.7,261.9,12965
2026-09-08 19:02,261.72,261.823,261.62,261.62,3825
2026-09-08 19:03,261.73,261.73,261.415,261.44,5265
2026-09-08 19:04,261.7,261.85,261.379,261.695,3107
2026-09-08 19:05,261.765,261.79,261.6,261.79,2602
2026-09-08 19:06,261.76,261.89,261.71,261.89,3737
2026-09-08 19:07,261.835,262,261.805,261.98,4752
2026-09-08 19:08,262.02,262.02,261.63,261.63,4699
2026-09-08 19:09,261.63,261.7,261.2,261.2,5661
2026-09-08 19:10,261.25,261.8,261.19,261.79,5075
2026-09-08 19:11,261.8,262,261.735,261.83,2448
2026-09-08 19:12,261.83,262.42,261.83,262.42,8547
2026-09-08 19:13,262.46,262.46,262.24,262.36,2979
2026-09-08 19:14,262.23,262.362,262.21,262.21,6023
2026-09-08 19:15,262.34,262.495,262.34,262.475,4409
2026-09-08 19:16,262.634,262.634,262.3,262.47,3596
2026-09-08 19:17,262.47,262.47,262.25,262.385,6940
2026-09-08 19:18,262.385,262.44,262.38,262.42,5106
2026-09-08 19:19,262.42,262.42,262.29,262.405,3743
2026-09-08 19:20,262.375,262.47,262.2,262.26,6571
2026-09-08 19:21,262.2,263.07,262.2,262.79,16627
2026-09-08 19:22,262.76,262.8,262.475,262.475,7410
2026-09-08 19:23,262.49,262.65,262.35,262.35,4417
2026-09-08 19:24,262.552,262.605,262.49,262.535,4065
2026-09-08 19:25,262.64,262.64,262.34,262.39,7642
2026-09-08 19:26,262.329,262.6,262.329,262.6,2780
2026-09-08 19:27,262.58,262.58,262.58,262.58,5657
2026-09-08 19:28,262.79,262.79,262.605,262.63,3001
2026-09-08 19:29,262.77,262.95,262.77,262.775,5057
2026-09-08 19:30,262.77,262.805,262.5,262.585,9364
2026-09-08 19:31,262.5,262.5,262.38,262.47,5464
2026-09-08 19:32,262.7,262.75,262.527,262.527,8297
2026-09-08 19:33,262.54,262.54,262.32,262.535,5513
2026-09-08 19:34,262.515,262.525,262.505,262.505,4465
2026-09-08 19:35,262.35,262.35,261.53,261.615,11968
2026-09-08 19:36,261.5,261.61,261.5,261.57,4597
2026-09-08 19:37,261.56,261.56,261.33,261.367,5511
2026-09-08 19:38,261.3,261.445,261.16,261.16,4774
2026-09-08 19:39,261.16,261.665,261.16,261.56,16325
2026-09-08 19:40,261.665,261.79,261.48,261.79,4108
2026-09-08 19:41,261.795,261.9,261.51,261.815,8421
2026-09-08 19:42,261.815,261.815,261.79,261.8,7050
2026-09-08 19:43,261.67,261.8,261.57,261.63,10733
2026-09-08 19:44,261.62,261.73,261.62,261.66,12072
2026-09-08 19:45,261.66,262.17,261.54,261.615,23811
2026-09-08 19:46,261.615,261.91,261.39,261.825,14930
2026-09-08 19:47,261.77,261.77,261.21,261.32,24527
2026-09-08 19:48,261.315,261.77,261.09,261.765,28498
2026-09-08 19:49,261.57,261.84,261.57,261.665,5163
2026-09-08 19:50,261.84,262.035,261.67,261.82,20489
2026-09-08 19:51,261.815,262.11,261.21,261.21,14226
2026-09-08 19:52,261.2,261.48,260.76,260.832,19056
2026-09-08 19:53,260.79,260.88,260.44,260.6,20839
2026-09-08 19:54,260.71,261.11,260.14,260.835,26067
2026-09-08 19:55,261.12,261.36,260.44,260.59,33957
2026-09-08 19:56,260.722,261.4,260.68,261.4,34135
2026-09-08 19:57,261.425,261.61,260.916,260.94,33781
2026-09-08 19:58,261.05,261.51,261.03,261.185,71176
2026-09-08 19:59,261.138,261.74,261.11,261.33,112145
2026-09-09 13:30,262.275,265.792,261.5,265.16,208762
2026-09-09 13:31,265.06,266.16,263.32,265.96,21055
2026-09-09 13:32,265.99,265.99,265.147,265.185,8970
2026-09-09 13:33,265.65,267.265,265.34,266.405,25269
2026-09-09 13:34,266.63,270.38,266.63,269.97,56082
2026-09-09 13:35,270.18,271.69,270.07,271.576,44456
2026-09-09 13:36,271.595,271.859,270.448,270.705,32965
2026-09-09 13:37,271.14,272.95,270.43,272.609,66387
2026-09-09 13:38,272.55,274,272.45,273.5,40705
2026-09-09 13:39,273.31,273.31,272.01,272.2,21679
2026-09-09 13:40,272.249,272.81,269.261,269.44,30468
2026-09-09 13:41,270,270.619,269.16,270.47,18396
2026-09-09 13:42,270,270,267.941,268.3,18859
2026-09-09 13:43,268.304,268.39,267.27,267.569,12229
2026-09-09 13:44,267.89,269.32,267.5,268.885,13398
2026-09-09 13:45,268.885,268.885,268.05,268.32,9935
2026-09-09 13:46,268.22,269.002,268.06,268.86,10041
2026-09-09 13:47,269.03,269.63,268.6,268.6,13430
2026-09-09 13:48,268.57,270.099,268.369,269.805,26196
2026-09-09 13:49,269.845,271.7,269.805,270.548,18913
2026-09-09 13:50,270.934,271.51,269.69,271.33,31911
2026-09-09 13:51,270.86,271.88,270.86,271.74,21538
2026-09-09 13:52,271.655,272.75,271.19,272.29,23614
2026-09-09 13:53,272.445,272.94,272.26,272.55,26814
2026-09-09 13:54,272.48,273.38,272.48,272.945,24124
2026-09-09 13:55,272.79,273.54,272.72,273.295,8202
2026-09-09 13:56,273.359,274.5,272.79,273.93,38746
2026-09-09 13:57,273.755,274.18,273.13,273.397,17598
2026-09-09 13:58,273.54,273.54,272.069,273.08,16375
2026-09-09 13:59,273.2,273.6,272.6,273.254,17871
2026-09-09 14:00,273.746,274.2,273.49,273.87,27370
2026-09-09 14:01,273.625,273.75,272.34,272.34,16149
2026-09-09 14:02,272.56,273,272.275,273,12673
2026-09-09 14:03,273.096,273.945,272.88,273.83,9371
2026-09-09 14:04,273.828,274.2,273.525,273.835,18206
2026-09-09 14:05,273.835,274.773,273.835,274.656,61213
2026-09-09 14:06,274.36,274.711,273.67,273.67,12687
2026-09-09 14:07,273.69,273.951,273.02,273.775,12693
2026-09-09 14:08,273.545,273.545,272.19,272.365,12782
2026-09-09 14:09,272.11,272.26,271.6,272.01,21202
2026-09-09 14:10,272.27,272.775,272.19,272.3,16620
2026-09-09 14:11,272.18,272.23,271.54,271.54,13218
2026-09-09 14:12,271.491,272.74,271.412,272.5,9530
2026-09-09 14:13,272.35,272.905,272.115,272.12,12139
2026-09-09 14:14,272.4,272.85,272.08,272.29,10027
2026-09-09 14:15,272.465,272.465,271.12,271.18,13142
2026-09-09 14:16,271.175,271.175,270.23,270.42,10064
2026-09-09 14:17,270.42,270.84,270.19,270.84,8970
2026-09-09 14:18,270.51,270.9,270.31,270.59,10634
2026-09-09 14:19,270.605,270.62,269.6,269.685,16449
2026-09-09 14:20,269.97,270.22,269.12,269.23,14953
2026-09-09 14:21,269.01,269.05,268.03,268.32,20045
2026-09-09 14:22,268,268.045,267.28,267.92,21260
2026-09-09 14:23,267.87,268.953,267.74,268.66,11912
2026-09-09 14:24,268.615,269.798,268.33,269.798,7604
2026-09-09 14:25,269.685,271.105,269.685,270.88,21516
2026-09-09 14:26,270.476,270.728,270.23,270.23,7064
2026-09-09 14:27,270.25,270.772,269.591,270.74,6851
2026-09-09 14:28,270.295,270.69,270.01,270.69,12838
2026-09-09 14:29,270.46,270.71,270.15,270.27,4722
2026-09-09 14:30,270.21,270.31,269.906,270.09,4677
2026-09-09 14:31,270.11,270.11,269.5,269.52,3826
2026-09-09 14:32,269.71,270,269.59,269.69,6148
2026-09-09 14:33,269.68,269.68,269.5,269.5,3992
2026-09-09 14:34,269.285,269.59,269.143,269.42,4157
2026-09-09 14:35,269.2,269.27,269.06,269.21,6233
2026-09-09 14:36,269.273,269.6,269,269.15,9926
2026-09-09 14:37,269.27,269.3,268,268.28,15227
2026-09-09 14:38,268.18,268.407,268.09,268.407,3048
2026-09-09 14:39,268.202,268.775,268.13,268.72,6845
2026-09-09 14:40,268.755,268.828,268.541,268.615,6000
2026-09-09 14:41,268.62,268.94,268.565,268.82,5803
2026-09-09 14:42,268.888,268.94,268.695,268.7,3310
2026-09-09 14:43,268.54,268.79,268.54,268.79,2932
2026-09-09 14:44,268.785,269.03,268.785,268.89,4756
2026-09-09 14:45,268.67,268.76,268.2,268.415,6320
2026-09-09 14:46,268.5,268.5,268.37,268.42,2598
2026-09-09 14:47,268.425,268.6,268.15,268.54,9203
2026-09-09 14:48,268.542,268.542,268.39,268.4,1614
2026-09-09 14:49,268.521,268.521,268.395,268.42,3709
2026-09-09 14:50,268.519,269.17,268.519,269.155,7606
2026-09-09 14:51,268.995,268.995,268.55,268.55,3528
2026-09-09 14:52,268.5,268.865,268.47,268.775,8214
2026-09-09 14:53,268.5,268.865,268.5,268.7,5987
2026-09-09 14:54,268.52,268.82,268.34,268.34,4636
2026-09-09 14:55,268.28,268.725,268.28,268.595,2500
2026-09-09 14:56,268.63,269.31,268.63,269.31,7362
2026-09-09 14:57,269.24,269.39,268.66,268.66,8686
2026-09-09 14:58,268.66,269.21,268.66,269.21,1978
2026-09-09 14:59,269.195,269.449,269.08,269.17,2598
2026-09-09 15:00,268.975,269.82,268.975,269.82,8027
2026-09-09 15:01,269.4,269.82,268.871,269.11,10051
2026-09-09 15:02,268.975,269.36,268.9,269.11,6269
2026-09-09 15:03,268.89,269.04,268.89,269,6377
2026-09-09 15:04,268.875,268.875,268.69,268.7,3258
2026-09-09 15:05,268.78,269.05,268.44,268.44,8528
2026-09-09 15:06,268.38,268.425,268.22,268.22,3895
2026-09-09 15:07,268.388,268.388,267.764,267.925,11011
2026-09-09 15:08,267.75,268.147,267.65,267.66,5527
2026-09-09 15:09,267.754,267.754,266.4,266.75,16980
2026-09-09 15:10,266.705,266.745,266.348,266.745,3968
2026-09-09 15:11,266.45,266.45,265.17,265.17,16650
2026-09-09 15:12,265.21,265.84,265.12,265.46,6493
2026-09-09 15:13,265.48,265.84,265.48,265.745,6250
2026-09-09 15:14,265.6,266,265.6,265.87,13399
2026-09-09 15:15,265.9,265.98,265.475,265.475,6224
2026-09-09 15:16,265.24,266.245,265.13,266.21,15866
2026-09-09 15:17,266.07,266.27,266,266.24,3338
2026-09-09 15:18,266.308,266.67,266.095,266.67,4650
2026-09-09 15:19,266.604,266.604,266.09,266.325,7145
2026-09-09 15:20,266.3,266.538,266.11,266.538,2938
2026-09-09 15:21,266.2,266.23,265.54,265.8,25801
2026-09-09 15:22,265.91,266.097,265.55,265.74,3909
2026-09-09 15:23,265.74,265.74,264.67,264.8,23407
2026-09-09 15:24,264.856,264.856,263.675,263.675,32472
2026-09-09 15:25,263.81,264.14,263.66,264.06,12425
2026-09-09 15:26,264.145,264.145,263.86,264.03,5177
2026-09-09 15:27,263.89,263.9,263.03,263.485,10847
2026-09-09 15:28,263.58,264.1,263.46,263.905,7305
2026-09-09 15:29,264.09,264.09,263.29,263.52,42029
2026-09-09 15:30,263.72,264.15,263.642,264.15,6427
2026-09-09 15:31,264.105,264.105,263.6,263.955,4127
2026-09-09 15:32,264.126,264.81,263.89,264.81,12267
2026-09-09 15:33,264.63,264.63,264.12,264.49,8936
2026-09-09 15:34,264.49,264.76,264.305,264.305,3164
2026-09-09 15:35,264.51,264.51,264.3,264.4,2148
2026-09-09 15:36,264.416,264.69,264.41,264.475,6844
2026-09-09 15:37,264.26,264.26,264,264,4193
2026-09-09 15:38,263.66,263.78,263.61,263.76,4077
2026-09-09 15:39,263.84,264.72,263.68,264.52,10624
2026-09-09 15:40,264.54,264.92,264.4,264.4,4434
2026-09-09 15:41,264.305,264.305,263.975,264.205,3436
2026-09-09 15:42,264.105,264.45,264.105,264.45,2912
2026-09-09 15:43,264.615,264.92,264.574,264.77,7301
2026-09-09 15:44,264.7,264.81,264.7,264.81,1916
2026-09-09 15:45,264.861,264.88,264.5,264.5,7416
2026-09-09 15:46,264.42,264.52,264.143,264.295,4882
2026-09-09 15:47,264.175,264.175,263.88,263.88,4196
2026-09-09 15:48,264.325,264.407,264.325,264.407,3275
2026-09-09 15:49,264.36,264.58,264.125,264.555,1721
2026-09-09 15:50,264.459,265.235,264.459,265.165,8498
2026-09-09 15:51,265.02,265.24,265.02,265.24,883
2026-09-09 15:52,265.276,265.276,264.888,265.18,4101
2026-09-09 15:53,265.18,265.18,265.02,265.065,3224
2026-09-09 15:54,265,265.2,265,265.09,3508
2026-09-09 15:55,265.236,265.236,264.98,265,2324
2026-09-09 15:56,264.87,264.87,264.78,264.822,2785
2026-09-09 15:57,264.78,264.9,264.388,264.44,3851
2026-09-09 15:58,264.6,264.6,264.6,264.6,1067
2026-09-09 15:59,264.665,264.75,264.555,264.555,2288
2026-09-09 16:00,264.78,265,264.78,264.872,2364
2026-09-09 16:01,264.7,264.85,264.42,264.77,4100
2026-09-09 16:02,264.765,265.095,264.765,265.08,3330
2026-09-09 16:03,264.95,264.95,264.91,264.91,2335
2026-09-09 16:04,264.81,265.11,264.75,265.11,5036
2026-09-09 16:05,264.96,265.015,264.75,264.75,7044
2026-09-09 16:06,264.68,264.72,264.463,264.62,3911
2026-09-09 16:07,264.67,264.67,264.35,264.435,4886
2026-09-09 16:08,264.43,264.55,264.2,264.26,6445
2026-09-09 16:09,264.235,264.37,264.12,264.12,3752
2026-09-09 16:10,264,264.18,263.98,264.18,4629
2026-09-09 16:11,264.31,264.31,264.31,264.31,443
2026-09-09 16:12,264.048,264.185,264,264.185,7219
2026-09-09 16:13,264.13,264.4,264.13,264.235,2455
2026-09-09 16:14,264.35,264.35,264.145,264.23,6537
2026-09-09 16:15,264.35,264.42,263.89,263.89,3717
2026-09-09 16:16,264,264,264,264,399
2026-09-09 16:17,263.882,264.05,263.7,263.805,4178
2026-09-09 16:18,263.8,263.81,263.705,263.705,3054
2026-09-09 16:19,263.695,263.79,263.53,263.79,6550
2026-09-09 16:20,263.745,263.745,263,263.325,4680
2026-09-09 16:21,263.124,263.33,263.124,263.3,3735
2026-09-09 16:22,263.3,263.3,262.93,262.984,5782
2026-09-09 16:23,262.825,263.37,262.81,263.17,3105
2026-09-09 16:24,263.058,263.625,263.058,263.625,3517
2026-09-09 16:26,263.31,263.31,263.18,263.18,2460
2026-09-09 16:27,263.45,263.45,263.16,263.255,3435
2026-09-09 16:28,263.27,263.51,263.092,263.092,1903
2026-09-09 16:29,263.165,263.3,262.98,263.155,4043
2026-09-09 16:30,263.34,263.57,262.97,263.57,3311
2026-09-09 16:31,263.24,263.75,263.24,263.75,773
2026-09-09 16:32,263.905,263.905,263.74,263.745,2763
2026-09-09 16:33,263.745,263.75,263.59,263.7,5268
2026-09-09 16:34,263.74,263.85,263.63,263.85,3163
2026-09-09 16:35,264,264,263.67,263.68,8451
2026-09-09 16:36,263.83,263.86,263.681,263.86,2634
2026-09-09 16:37,263.77,263.85,263.77,263.795,5211
2026-09-09 16:38,263.7,264.62,263.7,264.62,3793
2026-09-09 16:39,264.24,264.69,264.24,264.628,1524
2026-09-09 16:40,264.69,264.75,264.575,264.64,2891
2026-09-09 16:41,264.7,264.72,264.675,264.675,2427
2026-09-09 16:42,264.752,265.06,264.61,264.99,4585
2026-09-09 16:43,264.93,265.04,264.915,265.04,2995
2026-09-09 16:44,264.96,264.97,264.82,264.82,4017
2026-09-09 16:45,264.82,265.04,264.6,264.7,8541
2026-09-09 16:46,264.63,264.63,264.57,264.57,1819
2026-09-09 16:47,264.7,264.71,264.7,264.71,1217
2026-09-09 16:48,264.89,264.905,264.86,264.905,2071
2026-09-09 16:49,264.905,265.026,264.78,264.83,3522
2026-09-09 16:50,265.09,265.28,265.09,265.28,3121
2026-09-09 16:51,265.5,265.5,265.198,265.35,2951
2026-09-09 16:52,265.34,265.48,265.2,265.228,3327
2026-09-09 16:53,265.01,265.01,265.01,265.01,2403
2026-09-09 16:54,264.78,264.88,264.78,264.88,2517
2026-09-09 16:55,265.15,265.15,265.15,265.15,261
2026-09-09 16:56,264.93,265.11,264.73,264.86,3881
2026-09-09 16:57,264.94,264.94,264.7,264.7,1785
2026-09-09 16:58,264.92,264.92,264.92,264.92,837
2026-09-09 16:59,264.805,264.9,264.71,264.82,5123
2026-09-09 17:00,264.71,264.71,264.65,264.65,4345
2026-09-09 17:01,264.56,264.71,264.55,264.66,2098
2026-09-09 17:02,264.475,264.89,264.475,264.89,3157
2026-09-09 17:03,265.11,265.15,264.91,264.91,816
2026-09-09 17:04,264.91,265,264.78,264.92,4653
2026-09-09 17:05,264.905,265.4,264.905,265.28,4490
2026-09-09 17:06,265.18,265.36,265.18,265.353,3456
2026-09-09 17:07,265.29,265.5,265.29,265.5,1730
2026-09-09 17:08,265.49,265.49,265.4,265.455,2656
2026-09-09 17:09,265.455,265.455,265.09,265.09,5909
2026-09-09 17:10,265.115,265.115,265.115,265.115,797
2026-09-09 17:11,265.21,265.24,265.14,265.14,1716
2026-09-09 17:12,265.115,265.22,265.115,265.22,3273
2026-09-09 17:13,265.15,265.17,265,265.165,2664
2026-09-09 17:14,265.327,265.327,265.29,265.29,1284
2026-09-09 17:15,265.24,265.455,265.24,265.24,1656
2026-09-09 17:16,265.25,265.266,265.01,265.01,3978
2026-09-09 17:17,265.19,265.25,265,265,2810
2026-09-09 17:18,265.2,265.71,265.2,265.498,6674
2026-09-09 17:19,265.42,265.64,265.38,265.38,3543
2026-09-09 17:20,265.62,265.62,265.228,265.228,4778
2026-09-09 17:21,265.01,265.01,265.01,265.01,997
2026-09-09 17:22,265,265,264.75,264.855,4466
2026-09-09 17:23,264.84,264.84,264.84,264.84,1165
2026-09-09 17:25,264.85,265.047,264.65,264.65,5399
2026-09-09 17:26,264.84,264.84,264.84,264.84,1208
2026-09-09 17:27,264.835,264.96,264.63,264.63,1905
2026-09-09 17:28,264.84,264.87,264.735,264.87,3638
2026-09-09 17:29,264.653,264.74,264.653,264.74,1273
2026-09-09 17:30,264.735,264.735,264.735,264.735,1205
2026-09-09 17:31,264.665,264.665,264.371,264.371,2921
2026-09-09 17:32,264.36,264.36,264.23,264.335,3884
2026-09-09 17:33,264.48,264.633,264.48,264.633,1194
2026-09-09 17:34,264.69,264.895,264.615,264.89,9829
2026-09-09 17:35,264.69,264.97,264.53,264.53,18196
2026-09-09 17:36,264.57,264.665,264.57,264.665,2186
2026-09-09 17:38,264.25,264.38,264.24,264.38,2754
2026-09-09 17:39,264.22,264.22,264.13,264.13,3494
2026-09-09 17:40,264,264.04,264,264.04,1370
2026-09-09 17:41,264.155,264.155,264.155,264.155,909
2026-09-09 17:42,264.33,264.422,264.33,264.422,936
2026-09-09 17:43,264.243,264.43,264.22,264.375,4893
2026-09-09 17:44,264.35,264.35,264.25,264.25,2268
2026-09-09 17:45,264.2,264.2,264.2,264.2,1210
2026-09-09 17:46,264.435,264.48,264.435,264.48,1788
2026-09-09 17:48,264.54,264.81,264.54,264.81,2762
2026-09-09 17:49,264.82,264.88,264.82,264.88,2461
2026-09-09 17:51,264.88,264.885,264.52,264.52,2979
2026-09-09 17:52,264.52,264.62,264.52,264.62,1867
2026-09-09 17:53,264.615,264.615,264.49,264.595,2357
2026-09-09 17:57,264.49,264.6,264.41,264.42,4690
2026-09-09 17:58,264.445,264.5,264.42,264.5,1222
2026-09-09 17:59,264.5,264.6,264.485,264.555,4100
2026-09-09 18:01,264.555,264.855,264.555,264.855,2519
2026-09-09 18:02,264.865,264.875,264.75,264.75,3512
2026-09-09 18:03,264.9,265.09,264.9,264.95,3205
2026-09-09 18:04,264.99,264.998,264.76,264.76,4990
2026-09-09 18:05,264.85,265.08,264.84,264.84,3288
2026-09-09 18:06,264.83,264.935,264.83,264.935,1073
2026-09-09 18:07,265.03,265.03,264.83,264.83,3730
2026-09-09 18:09,264.766,264.766,264.61,264.65,2228
2026-09-09 18:10,264.61,264.725,264.53,264.56,5547
2026-09-09 18:11,264.56,264.61,264.52,264.52,2278
2026-09-09 18:12,264.455,264.455,264.37,264.37,1103
2026-09-09 18:13,264.53,264.53,264.53,264.53,900
2026-09-09 18:14,264.64,264.64,264.36,264.41,2861
2026-09-09 18:15,264.37,264.54,264.37,264.39,1713
2026-09-09 18:16,264.46,264.6,264.46,264.55,2112
2026-09-09 18:17,264.7,264.7,264.62,264.62,1085
2026-09-09 18:18,264.625,264.625,264.61,264.61,1739
2026-09-09 18:19,264.54,264.54,264.329,264.43,1679
2026-09-09 18:20,264.42,264.43,264.4,264.4,2560
2026-09-09 18:21,264.54,264.54,264.54,264.54,669
2026-09-09 18:22,264.465,264.505,264.465,264.505,2837
2026-09-09 18:24,264.485,264.485,264.485,264.485,1889
2026-09-09 18:25,264.62,264.64,264.62,264.64,1098
2026-09-09 18:26,264.64,264.81,264.64,264.81,2371
2026-09-09 18:27,264.68,264.71,264.575,264.69,2906
2026-09-09 18:28,264.69,264.69,264.53,264.53,2065
2026-09-09 18:31,264.59,264.77,264.59,264.77,1534
2026-09-09 18:32,264.56,264.635,264.53,264.635,2701
2026-09-09 18:33,264.91,264.91,264.91,264.91,746
2026-09-09 18:34,264.65,264.65,264.65,264.65,520
2026-09-09 18:35,264.853,264.86,264.77,264.86,1627
2026-09-09 18:36,264.77,264.77,264.6,264.6,1011
2026-09-09 18:37,264.745,264.745,264.745,264.745,1071
2026-09-09 18:38,264.87,264.87,264.87,264.87,424
2026-09-09 18:39,264.84,264.84,264.7,264.73,1048
2026-09-09 18:40,264.62,264.85,264.62,264.85,3936
2026-09-09 18:42,264.6,264.6,264.45,264.45,4368
2026-09-09 18:43,264.43,264.43,264.43,264.43,897
2026-09-09 18:44,264.22,264.22,264.22,264.22,2344
2026-09-09 18:45,264.14,264.14,264.14,264.14,292
2026-09-09 18:46,264.06,264.317,264.06,264.11,2447
2026-09-09 18:47,264.224,264.224,264.224,264.224,213
2026-09-09 18:48,264.2,264.2,264,264.135,3165
2026-09-09 18:49,264.112,264.13,264.07,264.13,1426
2026-09-09 18:50,264.02,264.125,263.99,264.07,2484
2026-09-09 18:51,264,264,263.6,263.6,5454
2026-09-09 18:52,263.47,263.64,263.4,263.4,3030
2026-09-09 18:53,263.46,263.64,263.46,263.64,3767
2026-09-09 18:54,263.66,263.66,263.595,263.595,1735
2026-09-09 18:55,263.595,263.595,263.595,263.595,1060
2026-09-09 18:56,263.45,263.52,263.45,263.52,1506
2026-09-09 18:57,263.36,263.385,263.22,263.385,5092
2026-09-09 18:58,263.235,263.235,263.03,263.03,1705
2026-09-09 18:59,263.17,263.26,263.1,263.1,2799
2026-09-09 19:00,263.06,263.17,263.06,263.17,2280
2026-09-09 19:01,263.335,263.335,263.22,263.22,951
2026-09-09 19:02,263.335,263.335,263.22,263.33,2231
2026-09-09 19:03,263.33,263.77,263.24,263.62,9225
2026-09-09 19:04,263.55,263.61,263.515,263.61,2811
2026-09-09 19:05,263.704,263.704,263.704,263.704,406
2026-09-09 19:06,263.555,263.571,263.555,263.571,1347
2026-09-09 19:07,263.74,264.1,263.74,264.1,3179
2026-09-09 19:08,264.19,264.44,264.19,264.43,9128
2026-09-09 19:09,264.355,264.425,264.335,264.425,1474
2026-09-09 19:10,264.44,264.51,264.425,264.425,2605
2026-09-09 19:11,264.31,264.31,264.3,264.31,2433
2026-09-09 19:12,264.17,264.17,264.17,264.17,748
2026-09-09 19:13,264.275,264.37,264.275,264.285,1002
2026-09-09 19:14,264.19,264.28,264.19,264.2,1535
2026-09-09 19:15,264.39,264.51,264.39,264.51,2158
2026-09-09 19:16,264.6,264.6,264.5,264.5,2250
2026-09-09 19:18,264.57,264.82,264.57,264.82,2800
2026-09-09 19:19,264.942,264.942,264.825,264.835,915
2026-09-09 19:20,264.92,265.2,264.82,264.82,10602
2026-09-09 19:21,265.11,265.15,264.91,265.09,2580
2026-09-09 19:22,264.91,264.91,264.78,264.78,2382
2026-09-09 19:23,264.85,264.93,264.69,264.73,5079
2026-09-09 19:24,264.755,264.755,264.685,264.685,1321
2026-09-09 19:25,264.575,264.575,264.53,264.53,3503
2026-09-09 19:26,264.21,264.34,263.935,264.02,7598
2026-09-09 19:27,263.87,263.96,263.84,263.9,2324
2026-09-09 19:28,263.86,263.96,263.86,263.96,2024
2026-09-09 19:29,263.89,263.89,263.76,263.76,2647
2026-09-09 19:30,263.78,264.07,263.685,263.995,10300
2026-09-09 19:31,263.995,263.995,263.65,263.86,6670
2026-09-09 19:32,263.92,263.95,263.775,263.825,4242
2026-09-09 19:33,263.7,263.81,263.6,263.6,7776
2026-09-09 19:34,263.58,263.682,263.53,263.63,8944
2026-09-09 19:35,263.64,263.73,263.63,263.69,5854
2026-09-09 19:36,263.63,263.79,263.63,263.7,3148
2026-09-09 19:37,263.491,263.8,263.491,263.8,4154
2026-09-09 19:38,263.67,263.87,263.67,263.835,2228
2026-09-09 19:39,263.809,264.34,263.809,264.34,4826
2026-09-09 19:40,264.395,264.5,263.95,263.96,7547
2026-09-09 19:41,263.85,264.07,263.81,264,2992
2026-09-09 19:42,263.98,264.12,263.876,264,3859
2026-09-09 19:43,264.06,264.19,263.91,264.19,7221
2026-09-09 19:44,264.21,264.22,263.99,263.99,2660
2026-09-09 19:45,264.22,264.32,264.22,264.32,2141
2026-09-09 19:46,264.29,264.37,264.245,264.245,2662
2026-09-09 19:47,264.12,264.23,264.11,264.14,5913
2026-09-09 19:48,264.34,264.52,264.34,264.34,3020
2026-09-09 19:49,264.63,264.835,264.43,264.575,13755
2026-09-09 19:50,264.44,264.44,263.632,263.82,9732
2026-09-09 19:51,263.5,264,263.438,263.87,9189
2026-09-09 19:52,263.9,264.31,263.86,264.13,10178
2026-09-09 19:53,264.096,264.14,263.965,264.14,11886
2026-09-09 19:54,263.97,264.13,263.664,263.95,28570
2026-09-09 19:55,264.04,264.58,263.84,263.85,105300
2026-09-09 19:56,264.065,264.27,263.65,263.75,21825
2026-09-09 19:57,263.76,263.89,263.405,263.755,29766
2026-09-09 19:58,263.81,264.16,263.75,264.16,47193
2026-09-09 19:59,264.105,264.41,264.02,264.13,91267
2026-09-10 13:30,253.1,254,251.51,253.96,267059
2026-09-10 13:31,253.557,255,252.64,253.86,36765
2026-09-10 13:32,254.325,254.325,251.51,251.51,19243
2026-09-10 13:33,251.29,252.86,251.29,252.86,22010
2026-09-10 13:34,252.58,252.8,251.5,251.5,11086
2026-09-10 13:35,251.76,253.5,251.76,253.16,21991
2026-09-10 13:36,253.62,254.53,253.1,253.765,16931
2026-09-10 13:37,253.815,254.169,252.5,253.395,14245
2026-09-10 13:38,253.38,253.75,252.865,253.24,11384
2026-09-10 13:39,253.24,254.21,253.038,254.105,17825
2026-09-10 13:40,254.29,255.37,254.29,254.98,12571
2026-09-10 13:41,254.84,254.96,253.86,254.255,10681
2026-09-10 13:42,253.975,255.58,253.975,255.58,18535
2026-09-10 13:43,255.35,255.71,255.19,255.35,9458
2026-09-10 13:44,255.39,256.15,254.605,254.97,32071
2026-09-10 13:45,254.505,254.71,253.92,254.29,10852
2026-09-10 13:46,254.296,255.475,254.296,255.425,8901
2026-09-10 13:47,255.2,255.71,255.02,255.265,8010
2026-09-10 13:48,254.96,255,253.86,254.11,12253
2026-09-10 13:49,254.28,255.705,254.085,255.38,15121
2026-09-10 13:50,255.42,255.42,254.35,254.43,4978
2026-09-10 13:51,254.677,254.677,252.84,253.04,12509
2026-09-10 13:52,252.6,253.865,252.6,253.865,10808
2026-09-10 13:53,253.35,253.35,252.6,252.84,6367
2026-09-10 13:54,252.84,253.59,252.84,253.35,8628
2026-09-10 13:55,253.28,254.135,253.28,253.91,7245
2026-09-10 13:56,253.9,254.22,253.67,253.99,17503
2026-09-10 13:57,254,254.32,253.74,253.74,4361
2026-09-10 13:58,253.775,253.94,253.02,253.02,8432
2026-09-10 13:59,252.65,253.36,252.65,253.36,7490
2026-09-10 14:00,253.3,253.99,253.16,253.987,7156
2026-09-10 14:01,254.045,254.415,254.045,254.26,5487
2026-09-10 14:02,254.26,255.045,254.26,254.825,10986
2026-09-10 14:03,254.865,255.01,254.66,254.7,7958
2026-09-10 14:04,254.51,254.63,253.9,254.32,10001
2026-09-10 14:05,254.14,254.27,253.86,253.86,8120
2026-09-10 14:06,253.81,254.22,253.81,253.81,6079
2026-09-10 14:07,253.65,254.185,253.56,253.56,8495
2026-09-10 14:08,253.4,253.855,253.4,253.855,4991
2026-09-10 14:09,254.134,254.3,253.617,254.3,9997
2026-09-10 14:10,254.535,255.01,254.52,254.85,13034
2026-09-10 14:11,254.78,254.78,253.91,254.215,6986
2026-09-10 14:12,254.02,254.27,253.82,253.82,4278
2026-09-10 14:13,254.33,254.33,254.175,254.175,1560
2026-09-10 14:14,254.23,254.235,253.69,253.825,3832
2026-09-10 14:15,253.825,253.91,253.48,253.71,11620
2026-09-10 14:16,253.39,253.47,252.86,253.01,9586
2026-09-10 14:17,252.86,253.61,252.8,253.15,22722
2026-09-10 14:18,253.105,253.48,253,253.48,4808
2026-09-10 14:19,253.54,253.96,253.46,253.9,6383
2026-09-10 14:20,253.74,254.625,253.74,254.62,6556
2026-09-10 14:21,254.22,254.355,253.89,254.31,7314
2026-09-10 14:22,254.26,254.94,254.26,254.66,5886
2026-09-10 14:23,254.75,254.75,254.4,254.4,3808
2026-09-10 14:24,254.665,256,254.48,255.41,19009
2026-09-10 14:25,255.27,256.13,255.27,255.985,9182
2026-09-10 14:26,256.079,256.079,255.265,255.265,6997
2026-09-10 14:27,255.113,255.12,254.845,255.12,8015
2026-09-10 14:28,255.59,256,255.58,256,7968
2026-09-10 14:29,255.824,255.98,255.24,255.585,10781
2026-09-10 14:30,255.285,255.42,254.895,255.12,12375
2026-09-10 14:31,255.12,255.43,254.89,255.43,8141
2026-09-10 14:32,255.345,255.345,254.6,255.24,10836
2026-09-10 14:33,255.21,255.21,254.89,255,6256
2026-09-10 14:34,255.036,256.06,255.036,256.06,11320
2026-09-10 14:35,256.1,256.894,256.1,256.455,12688
2026-09-10 14:36,256.417,257.255,256.417,257.098,10102
2026-09-10 14:37,257.19,257.24,256.933,257.11,5974
2026-09-10 14:38,257.19,257.285,257.05,257.285,22642
2026-09-10 14:39,257.22,257.79,257.22,257.46,12195
2026-09-10 14:40,257.39,257.49,257.12,257.32,8489
2026-09-10 14:41,257.41,257.593,257,257.2,4099
2026-09-10 14:42,257.303,257.456,256.5,256.5,6513
2026-09-10 14:43,256.81,256.81,256.53,256.53,6971
2026-09-10 14:44,256.62,257.12,256.558,257.12,6488
2026-09-10 14:45,257.05,257.246,256.8,257.095,5463
2026-09-10 14:46,257.045,257.366,257.045,257.16,4248
2026-09-10 14:47,257.195,257.195,256.505,256.505,8757
2026-09-10 14:48,256.537,256.64,256.215,256.49,10222
2026-09-10 14:49,256.495,256.66,256.33,256.447,5865
2026-09-10 14:50,256.66,256.66,256,256,6559
2026-09-10 14:51,255.945,256.26,255.945,256.14,5758
2026-09-10 14:52,256.28,256.38,255.93,256.38,4555
2026-09-10 14:53,256.3,256.641,256.15,256.5,5623
2026-09-10 14:54,256.58,256.59,256.365,256.365,3934
2026-09-10 14:55,256.657,256.96,256.523,256.54,7458
2026-09-10 14:56,256.69,256.8,256.5,256.76,4739
2026-09-10 14:57,256.69,257.38,256.672,257.38,5504
2026-09-10 14:58,257.38,257.455,257.2,257.31,10278
2026-09-10 14:59,257.35,257.77,257.35,257.77,4803
2026-09-10 15:00,257.78,257.79,256.963,257.125,5643
2026-09-10 15:01,256.97,256.97,256.27,256.305,98936
2026-09-10 15:02,256.58,256.59,255.97,256.19,4593
2026-09-10 15:03,255.73,256.295,255.561,256.205,7013
2026-09-10 15:04,256.24,256.475,256.21,256.21,3610
2026-09-10 15:05,256.175,256.65,255.9,256.65,9445
2026-09-10 15:06,256.51,256.51,256.26,256.26,5456
2026-09-10 15:07,256.49,256.74,256.49,256.64,2922
2026-09-10 15:08,256.64,256.64,256.205,256.205,6197
2026-09-10 15:09,256.38,256.4,256.177,256.177,6815
2026-09-10 15:10,256.35,256.75,256.35,256.75,3225
2026-09-10 15:11,256.74,256.74,256.44,256.45,4060
2026-09-10 15:12,256.45,256.7,256.45,256.69,7129
2026-09-10 15:13,256.69,256.83,256.63,256.75,4911
2026-09-10 15:14,256.69,256.72,256.467,256.6,2680
2026-09-10 15:15,256.6,256.8,255.375,255.4,11802
2026-09-10 15:16,255.48,255.6,255.24,255.25,2516
2026-09-10 15:17,255.375,255.375,254.373,254.423,12317
2026-09-10 15:18,254.8,254.8,254.585,254.585,3955
2026-09-10 15:19,254.518,254.59,254.32,254.41,4349
2026-09-10 15:20,254.38,255.292,254.38,255.115,2951
2026-09-10 15:21,254.85,254.94,254.63,254.94,5062
2026-09-10 15:22,254.75,254.75,254.5,254.645,3412
2026-09-10 15:23,254.93,255.085,254.93,254.97,3645
2026-09-10 15:24,254.76,255.16,254.71,255.16,4573
2026-09-10 15:25,255.25,255.5,255.23,255.5,4029
2026-09-10 15:26,255.32,255.32,255.285,255.285,2741
2026-09-10 15:27,255.34,255.818,255.34,255.415,3859
2026-09-10 15:28,255.69,255.69,255.39,255.39,2095
2026-09-10 15:29,255.58,255.58,255.29,255.29,4111
2026-09-10 15:30,255.52,255.52,255.001,255.12,4788
2026-09-10 15:31,254.98,255.24,254.83,255.13,6729
2026-09-10 15:32,254.895,255.1,254.57,255.08,5461
2026-09-10 15:33,254.915,255.24,254.915,255.24,2650
2026-09-10 15:34,255.363,255.363,255.363,255.363,3279
2026-09-10 15:36,255.8,255.989,255.8,255.989,1585
2026-09-10 15:37,255.7,255.93,255.7,255.718,6091
2026-09-10 15:38,255.695,255.695,255.65,255.65,1938
2026-09-10 15:39,255.36,255.63,255.227,255.63,5477
2026-09-10 15:40,255.527,255.93,255.527,255.815,3693
2026-09-10 15:41,255.684,255.79,255.684,255.79,2956
2026-09-10 15:42,255.9,255.97,255.9,255.97,2580
2026-09-10 15:43,255.82,255.82,255.76,255.76,3023
2026-09-10 15:44,255.825,256,255.825,255.961,4195
2026-09-10 15:45,255.86,255.86,255.86,255.86,468
2026-09-10 15:46,255.85,255.89,255.42,255.5,4873
2026-09-10 15:47,255.355,255.355,255.25,255.25,1773
2026-09-10 15:49,255.01,255.225,255.01,255.225,1601
2026-09-10 15:50,255.04,255.04,254.74,255,11279
2026-09-10 15:51,254.72,254.995,254.72,254.995,1550
2026-09-10 15:52,255.09,255.56,255.09,255.51,3813
2026-09-10 15:53,255.309,255.309,255.12,255.12,3146
2026-09-10 15:54,255.23,255.27,255,255.23,3701
2026-09-10 15:55,255.12,255.12,254.98,254.98,4233
2026-09-10 15:56,254.735,254.84,254.735,254.84,2279
2026-09-10 15:57,254.805,254.89,254.695,254.805,3184
2026-09-10 15:58,254.84,254.84,254.84,254.84,1966
2026-09-10 15:59,254.975,254.99,254.93,254.94,3207
2026-09-10 16:00,254.86,255.204,254.76,255.204,5284
2026-09-10 16:01,255.13,255.13,254.89,254.89,2437
2026-09-10 16:02,255.025,255.025,254.899,254.975,3064
2026-09-10 16:03,254.86,254.87,254.77,254.77,4318
2026-09-10 16:04,254.82,254.97,254.745,254.925,5307
2026-09-10 16:05,254.98,254.98,254.76,254.76,1925
2026-09-10 16:06,254.855,254.855,254.666,254.67,3048
2026-09-10 16:07,254.51,254.815,254.5,254.66,5524
2026-09-10 16:08,254.5,254.5,254,254,3945
2026-09-10 16:09,254.155,254.31,254,254.31,3006
2026-09-10 16:10,254.335,254.6,254.138,254.39,43715
2026-09-10 16:11,254.15,254.205,254.05,254.165,5689
2026-09-10 16:12,254.1,254.11,254,254.05,4593
2026-09-10 16:13,254.06,254.2,254.045,254.1,3603
2026-09-10 16:14,254.21,254.38,254.21,254.38,2276
2026-09-10 16:15,254.365,254.59,254.365,254.59,2421
2026-09-10 16:16,254.375,254.398,254.11,254.2,5274
2026-09-10 16:17,254.28,254.28,254.225,254.225,2051
2026-09-10 16:18,254.005,254.268,253.791,253.93,4864
2026-09-10 16:19,254.19,254.19,254.03,254.074,1988
2026-09-10 16:20,254.2,254.3,254.1,254.125,4112
2026-09-10 16:21,254.22,254.25,254.19,254.235,4814
2026-09-10 16:22,254.18,254.18,254.175,254.175,1502
2026-09-10 16:23,254.05,254.05,254.05,254.05,760
2026-09-10 16:24,254.05,254.27,254.05,254.16,3819
2026-09-10 16:25,254.24,254.25,254.04,254.13,4129
2026-09-10 16:26,253.995,253.995,253.91,253.91,1906
2026-09-10 16:27,253.9,253.96,253.78,253.78,2503
2026-09-10 16:28,253.935,254.18,253.935,254.14,9693
2026-09-10 16:29,254.35,254.35,254.17,254.17,3587
2026-09-10 16:30,254.051,255.11,254.051,255,35007
2026-09-10 16:31,255.15,255.15,254.995,255.01,2550
2026-09-10 16:32,254.85,254.87,254.71,254.73,3125
2026-09-10 16:34,254.76,254.79,254.26,254.27,7578
2026-09-10 16:35,254.295,254.295,253.89,253.89,3819
2026-09-10 16:36,254.22,254.518,254.22,254.518,2970
2026-09-10 16:37,254.375,254.55,254.375,254.55,2238
2026-09-10 16:38,254.48,254.48,254.36,254.382,2398
2026-09-10 16:39,254.533,254.612,254.36,254.612,3304
2026-09-10 16:40,254.36,254.545,254.32,254.545,7017
2026-09-10 16:41,254.53,254.7,254.53,254.6,11590
2026-09-10 16:42,254.72,254.845,254.72,254.845,1914
2026-09-10 16:43,254.98,254.98,254.98,254.98,506
2026-09-10 16:44,254.845,255.03,254.7,255.03,4090
2026-09-10 16:45,255.15,255.441,255.15,255.441,2350
2026-09-10 16:46,255.53,255.56,255.314,255.56,5962
2026-09-10 16:47,255.56,255.56,255.36,255.36,1470
2026-09-10 16:48,255.1,255.105,255.06,255.06,1606
2026-09-10 16:49,255.01,255.44,255,255.44,3102
2026-09-10 16:50,255.373,255.642,255.373,255.59,1915
2026-09-10 16:51,255.59,255.7,255.537,255.537,1961
2026-09-10 16:52,255.64,255.882,255.579,255.875,4034
2026-09-10 16:53,255.875,256.16,255.875,256.151,4350
2026-09-10 16:54,256.092,256.095,256.02,256.02,2769
2026-09-10 16:55,256.015,256.02,256.015,256.02,973
2026-09-10 16:56,256.015,256.14,256.015,256.14,1572
2026-09-10 16:57,256.02,256.02,256.02,256.02,1921
2026-09-10 16:58,256.035,256.63,256.02,256.47,5845
2026-09-10 16:59,256.44,256.44,256.28,256.34,3213
2026-09-10 17:00,256.26,256.34,256.26,256.335,1965
2026-09-10 17:01,256.5,256.56,256.5,256.56,2600
2026-09-10 17:02,256.93,257.245,256.77,257.12,10909
2026-09-10 17:03,256.64,256.64,256.46,256.635,2267
2026-09-10 17:04,256.615,256.78,256.4,256.57,5109
2026-09-10 17:05,256.48,256.48,256.06,256.06,7254
2026-09-10 17:06,255.955,256,255.59,255.92,9668
2026-09-10 17:07,255.875,256.03,255.875,255.96,4385
2026-09-10 17:08,256.04,256.09,255.815,255.9,7347
2026-09-10 17:09,255.875,255.88,255.72,255.72,5037
2026-09-10 17:10,255.79,255.79,255.79,255.79,1994
2026-09-10 17:11,255.93,255.94,255.85,255.86,2161
2026-09-10 17:12,255.755,255.86,255.755,255.86,3155
2026-09-10 17:13,255.78,255.78,255.27,255.27,4810
2026-09-10 17:14,255.412,255.412,254.85,254.91,6747
2026-09-10 17:15,254.995,255.1,254.91,254.95,3448
2026-09-10 17:16,254.9,254.9,254.7,254.7,1314
2026-09-10 17:17,254.84,255.483,254.84,255.476,5708
2026-09-10 17:18,255.385,255.72,255.385,255.72,3683
2026-09-10 17:19,255.76,255.95,255.76,255.95,1994
2026-09-10 17:20,255.95,256.16,255.95,256.16,1679
2026-09-10 17:21,255.92,255.92,255.92,255.92,691
2026-09-10 17:22,255.86,255.92,255.86,255.884,998
2026-09-10 17:23,255.92,255.98,255.76,255.76,4134
2026-09-10 17:24,255.935,255.935,255.93,255.935,918
2026-09-10 17:25,255.935,255.935,255.72,255.72,2608
2026-09-10 17:26,255.61,255.637,255.54,255.54,1294
2026-09-10 17:27,255.54,255.78,255.54,255.78,2089
2026-09-10 17:28,255.8,255.84,255.8,255.84,1822
2026-09-10 17:29,255.64,255.64,255.64,255.64,1160
2026-09-10 17:30,255.67,255.67,255.35,255.35,5291
2026-09-10 17:32,255.35,255.41,255.26,255.35,4796
2026-09-10 17:33,255.34,255.34,255.34,255.34,1203
2026-09-10 17:34,255.28,255.28,255.17,255.255,8294
2026-09-10 17:35,255.32,255.64,255.32,255.64,2849
2026-09-10 17:36,255.705,255.705,255.51,255.51,2527
2026-09-10 17:37,255.402,255.44,255.335,255.44,3368
2026-09-10 17:39,255.385,255.385,255.19,255.25,6552
2026-09-10 17:40,255.335,255.335,255.335,255.335,1005
2026-09-10 17:41,255.26,255.26,255.13,255.26,7274
2026-09-10 17:42,255.09,255.38,255.09,255.34,1802
2026-09-10 17:43,255.38,255.5,255.38,255.48,1911
2026-09-10 17:44,255.443,255.53,255.443,255.53,4949
2026-09-10 17:45,255.63,255.76,255.63,255.76,2460
2026-09-10 17:46,255.73,255.76,255.57,255.57,2586
2026-09-10 17:47,255.57,255.575,255.56,255.575,2538
2026-09-10 17:48,255.56,255.71,255.56,255.6,4990
2026-09-10 17:49,255.615,255.64,255.47,255.47,2714
2026-09-10 17:50,255.44,255.44,255.33,255.42,918
2026-09-10 17:51,255.59,255.6,255.495,255.6,3238
2026-09-10 17:52,255.71,255.71,255.52,255.52,3211
2026-09-10 17:53,255.47,255.595,255.195,255.595,4911
2026-09-10 17:54,255.605,255.615,255.605,255.615,1508
2026-09-10 17:55,255.61,255.61,255.482,255.495,3393
2026-09-10 17:56,255.49,255.49,255.49,255.49,843
2026-09-10 17:57,255.485,255.485,255.485,255.485,1222
2026-09-10 17:58,255.74,255.825,255.73,255.825,3429
2026-09-10 17:59,255.7,255.7,255.69,255.69,1809
2026-09-10 18:00,255.85,255.85,255.85,255.85,1285
2026-09-10 18:01,256,256,255.73,255.73,2971
2026-09-10 18:02,255.78,255.78,255.76,255.76,3452
2026-09-10 18:03,255.62,255.62,255.41,255.41,4420
2026-09-10 18:04,255.595,255.663,255.595,255.663,1247
2026-09-10 18:05,255.645,255.645,255.535,255.535,1619
2026-09-10 18:06,255.615,255.615,255.615,255.615,1105
2026-09-10 18:07,255.754,255.88,255.754,255.88,1299
2026-09-10 18:08,255.85,255.88,255.75,255.75,5417
2026-09-10 18:09,255.67,255.67,255.67,255.67,1147
2026-09-10 18:10,255.63,255.66,255.54,255.66,1694
2026-09-10 18:11,255.55,255.855,255.55,255.85,1421
2026-09-10 18:12,255.78,255.895,255.73,255.895,4187
2026-09-10 18:13,255.885,255.885,255.885,255.885,478
2026-09-10 18:14,255.91,255.91,255.79,255.79,2151
2026-09-10 18:15,255.79,255.865,255.68,255.865,3933
2026-09-10 18:16,255.96,256.015,255.85,255.85,4936
2026-09-10 18:18,255.76,255.76,255.76,255.76,1269
2026-09-10 18:19,255.88,256,255.88,256,1535
2026-09-10 18:20,256.2,256.29,256.2,256.29,3398
2026-09-10 18:21,256.35,256.35,256.12,256.12,1681
2026-09-10 18:22,256.24,256.24,255.8,255.8,4308
2026-09-10 18:23,255.785,255.99,255.7,255.98,4193
2026-09-10 18:24,255.93,255.93,255.93,255.93,179
2026-09-10 18:25,256.11,256.305,256.07,256.07,2830
2026-09-10 18:26,256.07,256.07,255.84,255.84,2129
2026-09-10 18:28,255.98,255.98,255.98,255.98,1435
2026-09-10 18:29,256.175,256.24,256.16,256.191,1774
2026-09-10 18:30,256.29,256.29,256.13,256.13,3806
2026-09-10 18:31,256.115,256.33,256.115,256.33,3024
2026-09-10 18:32,256.23,256.23,256.23,256.23,337
2026-09-10 18:33,256.3,256.31,256.3,256.31,839
2026-09-10 18:34,256.49,256.82,256.445,256.73,5865
2026-09-10 18:35,256.975,256.975,256.975,256.975,1366
2026-09-10 18:36,256.96,256.96,256.865,256.865,2468
2026-09-10 18:37,256.94,257.005,256.94,257.005,1745
2026-09-10 18:38,257.1,257.1,257,257,2292
2026-09-10 18:39,257.2,257.693,257.16,257.55,12843
2026-09-10 18:40,257.53,257.53,257.18,257.427,4799
2026-09-10 18:41,257.424,257.424,257.32,257.34,1431
2026-09-10 18:42,257.41,257.45,257.351,257.351,1660
2026-09-10 18:43,257.341,257.435,257.31,257.33,3221
2026-09-10 18:45,257.365,257.48,257.365,257.48,1099
2026-09-10 18:46,257.439,257.439,257.439,257.439,970
2026-09-10 18:47,257.239,257.239,257.01,257.01,2797
2026-09-10 18:48,256.9,256.9,256.9,256.9,854
2026-09-10 18:49,256.9,257.28,256.9,256.91,6846
2026-09-10 18:50,256.78,257.2,256.572,257.2,4587
2026-09-10 18:51,257.34,257.7,257.34,257.63,3232
2026-09-10 18:52,257.45,257.72,257.45,257.72,4048
2026-09-10 18:53,257.725,257.725,257.36,257.55,5573
2026-09-10 18:55,257.41,257.58,257.175,257.58,2088
2026-09-10 18:56,257.597,257.597,257.597,257.597,366
2026-09-10 18:57,257.45,257.45,257.301,257.301,1436
2026-09-10 18:58,257.639,257.64,257.455,257.64,2397
2026-09-10 18:59,257.54,257.77,257.53,257.77,3247
2026-09-10 19:00,257.8,257.92,257.69,257.69,8325
2026-09-10 19:01,257.9,257.92,257.6,257.6,4490
2026-09-10 19:02,257.41,257.41,257.41,257.41,1741
2026-09-10 19:03,257.022,257.3,257.022,257.3,3992
2026-09-10 19:04,257.5,257.74,257.5,257.74,2165
2026-09-10 19:05,257.675,257.675,257.57,257.58,2261
2026-09-10 19:06,257.35,257.4,255.48,255.505,24681
2026-09-10 19:07,255.43,255.755,254.575,255.3,35325
2026-09-10 19:08,255.222,255.835,255.222,255.835,5521
2026-09-10 19:09,255.82,256.23,255.82,256.23,10330
2026-09-10 19:10,256.27,256.429,255.915,255.915,5086
2026-09-10 19:11,255.865,256.01,255.3,255.49,14812
2026-09-10 19:12,255.525,255.677,255.01,255.23,7729
2026-09-10 19:13,255.23,255.25,254.415,254.415,14362
2026-09-10 19:14,254.373,254.8,254.373,254.59,11856
2026-09-10 19:15,254.71,254.815,254.64,254.722,6639
2026-09-10 19:16,254.71,254.75,254.6,254.75,6378
2026-09-10 19:17,254.93,255.094,254.72,254.72,14814
2026-09-10 19:18,254.68,254.771,254.479,254.771,5511
2026-09-10 19:19,254.695,254.708,254.695,254.695,2473
2026-09-10 19:20,254.72,254.76,254.66,254.735,8006
2026-09-10 19:21,254.69,254.995,254.66,254.945,8931
2026-09-10 19:22,254.994,255.315,254.92,255.315,11583
2026-09-10 19:23,255.29,255.29,255.24,255.27,2491
2026-09-10 19:24,255.26,255.555,255.26,255.555,7944
2026-09-10 19:25,255.68,255.68,255.35,255.35,3713
2026-09-10 19:26,255.27,255.415,255.27,255.41,1170
2026-09-10 19:27,255.44,255.55,255.34,255.55,10051
2026-09-10 19:28,255.66,255.67,255.51,255.51,7689
2026-09-10 19:29,255.51,255.583,255.23,255.415,4812
2026-09-10 19:30,255.3,255.335,255.01,255.01,6665
2026-09-10 19:31,255,255,254.61,254.86,8906
2026-09-10 19:32,254.755,254.79,254.66,254.77,3161
2026-09-10 19:33,254.77,255.01,254.67,255.01,11062
2026-09-10 19:34,255.08,255.392,254.9,255.392,10647
2026-09-10 19:35,255.325,255.325,255.21,255.312,5928
2026-09-10 19:36,255.275,255.52,255.275,255.45,10659
2026-09-10 19:37,255.46,255.49,255.39,255.49,2886
2026-09-10 19:38,255.39,255.5,255.36,255.5,5432
2026-09-10 19:39,255.41,255.48,255.32,255.375,4690
2026-09-10 19:40,255.415,255.625,255.37,255.49,14781
2026-09-10 19:41,255.57,255.6,255.32,255.32,6006
2026-09-10 19:42,255.35,255.47,255.19,255.36,12247
2026-09-10 19:43,255.36,255.419,255.15,255.275,5521
2026-09-10 19:44,255.275,255.295,254.965,254.965,13167
2026-09-10 19:45,254.99,255.2,254.94,255.2,16448
2026-09-10 19:46,255.26,255.26,255.14,255.212,3475
2026-09-10 19:47,255.17,255.26,255.12,255.165,7888
2026-09-10 19:48,255.17,255.6,255.135,255.51,20351
2026-09-10 19:49,255.55,255.8,255.46,255.49,13847
2026-09-10 19:50,255.32,255.32,254.42,254.42,12882
2026-09-10 19:51,254.42,254.443,254,254.03,32304
2026-09-10 19:52,254.06,254.25,253.72,253.89,38203
2026-09-10 19:53,253.8,254.71,253.54,254.42,41512
2026-09-10 19:54,254.44,254.57,252.92,253.07,54819
2026-09-10 19:55,253.23,254.53,253.23,253.97,34051
2026-09-10 19:56,253.97,254.33,253.73,254.04,25104
2026-09-10 19:57,254.04,254.05,253.68,253.87,43053
2026-09-10 19:58,253.87,254.43,253.87,254.27,50246
2026-09-10 19:59,254.34,254.405,253.9,254.08,99411
2026-09-11 13:30,256.955,257.15,255,255.61,118376
2026-09-11 13:31,255.58,256.05,254.66,255.07,17306
2026-09-11 13:32,255.63,255.9,254.51,255.76,15630
2026-09-11 13:33,255.85,256,254.657,254.97,8214
2026-09-11 13:34,254.94,255.585,254.876,255.3,9109
2026-09-11 13:35,255.275,255.5,254.5,254.505,14961
2026-09-11 13:36,254.505,254.89,253.06,253.76,23732
2026-09-11 13:37,253.51,255.16,253.5,254.845,19350
2026-09-11 13:38,255.05,255.05,253.88,255.035,17811
2026-09-11 13:39,254.67,255.71,254.67,255.525,11032
2026-09-11 13:40,255.604,257.48,255.604,256.98,13609
2026-09-11 13:41,257.11,259.25,257.06,259.25,17239
2026-09-11 13:42,259.325,259.715,259,259.235,15502
2026-09-11 13:43,258.961,259.47,258.73,258.765,14354
2026-09-11 13:44,258.75,259.36,258.07,259.03,14531
2026-09-11 13:45,258.92,258.92,258.122,258.85,8052
2026-09-11 13:46,258.89,261.33,258.686,260.435,32912
2026-09-11 13:47,260.49,260.7,259.89,259.89,5659
2026-09-11 13:48,259.932,259.932,258.75,258.75,10210
2026-09-11 13:49,258.91,260.205,258.91,260.205,10969
2026-09-11 13:50,260.1,260.3,259.29,259.4,12109
2026-09-11 13:51,259.43,259.43,258.22,258.22,9588
2026-09-11 13:52,258.28,258.46,257.16,257.16,16680
2026-09-11 13:53,257.195,257.475,257.03,257.24,8135
2026-09-11 13:54,257.425,257.515,257,257.515,5377
2026-09-11 13:55,257.54,257.56,256.587,257.56,13862
2026-09-11 13:56,256.87,256.945,256.61,256.61,7572
2026-09-11 13:57,256.22,256.22,255.42,255.8,16300
2026-09-11 13:58,256.055,256.696,256.055,256.64,7968
2026-09-11 13:59,256.685,258.275,256.685,258.112,6564
2026-09-11 14:00,258.29,258.34,257.28,257.285,7222
2026-09-11 14:01,257.13,257.53,256.52,256.58,8055
2026-09-11 14:02,256.39,257.083,256.17,257.083,7392
2026-09-11 14:03,256.83,256.83,256.1,256.12,5616
2026-09-11 14:04,256.01,256.22,255.55,255.55,6204
2026-09-11 14:05,255.455,256.48,255.455,256.18,9964
2026-09-11 14:06,255.91,256.27,255.53,255.87,11942
2026-09-11 14:07,255.7,256.025,255.5,255.69,6718
2026-09-11 14:08,255.855,255.87,255.47,255.74,7127
2026-09-11 14:09,255.615,256.237,255.553,256.237,6678
2026-09-11 14:10,256.34,256.84,256.34,256.73,5166
2026-09-11 14:11,256.58,257.55,256.43,257.55,9400
2026-09-11 14:12,257.755,257.755,256.26,256.46,9069
2026-09-11 14:13,256.355,256.87,256.28,256.45,4583
2026-09-11 14:14,256.3,256.35,255.85,255.85,6844
2026-09-11 14:15,255.745,256.434,255.745,256.434,8209
2026-09-11 14:16,256.13,256.462,256.13,256.285,14470
2026-09-11 14:17,256.285,256.29,255.362,255.39,25624
2026-09-11 14:18,255.53,256.4,255.21,256.4,30139
2026-09-11 14:19,256.458,256.542,256.112,256.49,5280
2026-09-11 14:20,256.37,256.69,256.165,256.69,3883
2026-09-11 14:21,256.82,256.82,255.47,255.47,53917
2026-09-11 14:22,255.47,255.83,255.238,255.635,9099
2026-09-11 14:23,255.64,255.725,255.57,255.7,3473
2026-09-11 14:24,255.695,255.9,255.335,255.335,3744
2026-09-11 14:25,255.47,255.47,255.43,255.43,1536
2026-09-11 14:26,255.435,255.52,254.69,255.426,32678
2026-09-11 14:27,255.4,256.84,255.14,256.71,10987
2026-09-11 14:28,256.53,256.9,256.17,256.17,9417
2026-09-11 14:29,256.047,256.35,255.87,256.025,4045
2026-09-11 14:30,256.045,256.315,255.62,255.687,5556
2026-09-11 14:31,255.65,255.82,255,255.085,6684
2026-09-11 14:32,255.085,255.76,255.085,255.76,4218
2026-09-11 14:33,255.757,255.757,255.005,255.62,5957
2026-09-11 14:34,255.565,255.74,255.45,255.6,2473
2026-09-11 14:35,255.515,255.803,255.31,255.43,4006
2026-09-11 14:36,255.14,255.28,255.1,255.28,5481
2026-09-11 14:37,255.2,255.305,255.16,255.2,4898
2026-09-11 14:38,255.13,255.13,254.2,254.77,7045
2026-09-11 14:39,254.905,255.25,254.905,255.23,4787
2026-09-11 14:40,255.35,255.95,255.33,255.95,4969
2026-09-11 14:41,255.7,255.7,255.39,255.39,2831
2026-09-11 14:42,255.272,255.63,255.272,255.305,2645
2026-09-11 14:43,255.27,255.295,255.03,255.15,5641
2026-09-11 14:44,255.17,255.4,255.061,255.395,6905
2026-09-11 14:45,255.41,256.09,255.375,256.09,5727
2026-09-11 14:46,256.19,256.24,255.872,255.91,3432
2026-09-11 14:47,255.315,255.49,254.86,254.88,7135
2026-09-11 14:48,254.985,255.42,254.76,255.39,6281
2026-09-11 14:49,255.04,255.79,254.86,255.78,2997
2026-09-11 14:50,255.91,256.05,255.83,255.83,1905
2026-09-11 14:51,255.805,256,255.61,255.965,4131
2026-09-11 14:52,256.035,256.615,256.035,256.42,5780
2026-09-11 14:53,256.29,256.31,255.885,255.885,1996
2026-09-11 14:54,255.885,256.245,255.881,256.045,5195
2026-09-11 14:55,255.89,255.935,255.71,255.71,2673
2026-09-11 14:56,255.75,255.75,255.52,255.605,5756
2026-09-11 14:57,255.59,256,255.59,255.935,4141
2026-09-11 14:58,255.94,256.405,255.72,256.255,4149
2026-09-11 14:59,256.255,256.36,256.01,256.09,5219
2026-09-11 15:00,256,256,255.595,255.875,6252
2026-09-11 15:01,255.9,256,255.17,255.614,4018
2026-09-11 15:02,255.5,256,255.465,255.795,3111
2026-09-11 15:03,255.682,255.701,255.45,255.675,2658
2026-09-11 15:04,255.51,255.91,255.355,255.895,5967
2026-09-11 15:05,255.872,255.872,255.872,255.872,1378
2026-09-11 15:06,256.295,256.69,256.295,256.47,6735
2026-09-11 15:07,256.545,256.545,256.18,256.5,4748
2026-09-11 15:08,256.24,256.24,256,256.13,2550
2026-09-11 15:09,256.105,256.24,255.98,255.98,6551
2026-09-11 15:10,256.105,256.3,256.105,256.22,5805
2026-09-11 15:11,255.99,256.1,255.885,255.98,3206
2026-09-11 15:12,255.79,255.82,255.5,255.53,16427
2026-09-11 15:13,255.32,255.32,254.87,255.16,9367
2026-09-11 15:14,254.95,255.271,254.89,255.033,5541
2026-09-11 15:15,255.105,255.924,255.105,255.924,4750
2026-09-11 15:16,256.033,256.05,255.89,256.03,2968
2026-09-11 15:17,256.03,256.03,255.534,255.534,4820
2026-09-11 15:18,255.66,255.66,255.37,255.37,6006
2026-09-11 15:19,255.81,255.81,255.13,255.13,2568
2026-09-11 15:20,255.19,255.285,255.15,255.15,1259
2026-09-11 15:21,255.15,255.51,254.96,255.3,6684
2026-09-11 15:22,255.25,255.6,255.25,255.44,2667
2026-09-11 15:23,255,255.21,255,255.05,5681
2026-09-11 15:24,255.03,255.39,254.98,255.39,9247
2026-09-11 15:25,255.737,255.784,255.385,255.53,2891
2026-09-11 15:26,255.709,255.94,255.535,255.87,4373
2026-09-11 15:27,256,256.265,256,256.24,4104
2026-09-11 15:28,256.2,256.2,255.965,255.97,1730
2026-09-11 15:29,256.04,256.1,255.965,256.04,3373
2026-09-11 15:30,255.964,256.2,255.964,256.2,4252
2026-09-11 15:31,256.135,256.525,256.11,256.525,5428
2026-09-11 15:32,256.299,256.525,256.299,256.395,2710
2026-09-11 15:33,256.32,256.4,256.1,256.18,5565
2026-09-11 15:34,256.02,256.1,256.02,256.05,1824
2026-09-11 15:35,256.05,256.055,255.94,256.055,1159
2026-09-11 15:36,256.055,256.295,256.055,256.295,5351
2026-09-11 15:37,256.3,256.4,256.23,256.26,4315
2026-09-11 15:38,256.177,256.2,256.07,256.105,2570
2026-09-11 15:39,256.207,256.59,256.11,256.575,5926
2026-09-11 15:40,256.56,256.58,256.21,256.245,3820
2026-09-11 15:41,256.245,256.245,256.11,256.11,2192
2026-09-11 15:42,256.105,256.105,255.85,256,5444
2026-09-11 15:43,256.005,256.34,256.005,256.34,3725
2026-09-11 15:44,256.115,259.302,256.01,259.04,42001
2026-09-11 15:45,259.04,259.65,259.01,259.58,14709
2026-09-11 15:46,259.62,261,259.5,260.872,32395
2026-09-11 15:47,260.98,261.49,260.38,261.04,40638
2026-09-11 15:48,260.8,261.075,260,260.25,29680
2026-09-11 15:49,260.515,260.652,260.22,260.28,10734
2026-09-11 15:50,260.285,260.9,260.08,260.9,9242
2026-09-11 15:51,260.802,261.25,260.625,260.77,11166
2026-09-11 15:52,260.765,261.18,260.72,261.16,9318
2026-09-11 15:53,260.83,260.95,260.626,260.95,7179
2026-09-11 15:54,260.84,261.89,260.697,261.89,13625
2026-09-11 15:55,261.89,262,261.054,261.12,22461
2026-09-11 15:56,261.21,261.625,261.04,261.51,9018
2026-09-11 15:57,261.765,261.85,261.49,261.49,6541
2026-09-11 15:58,261.425,261.61,260.89,261.25,9994
2026-09-11 15:59,261.386,261.5,261.09,261.25,4514
2026-09-11 16:00,261.11,261.58,261.08,261.53,7387
2026-09-11 16:01,261.7,262.292,261.59,261.98,11957
2026-09-11 16:02,261.98,262.28,261.67,261.67,5792
2026-09-11 16:03,261.69,261.99,260.792,260.792,4963
2026-09-11 16:04,260.79,260.86,260.66,260.838,3917
2026-09-11 16:05,260.75,262,260.75,261.74,12495
2026-09-11 16:06,261.54,262.353,261.54,261.745,9544
2026-09-11 16:07,261.85,261.85,261.319,261.5,2656
2026-09-11 16:08,261.51,261.62,261.072,261.072,3586
2026-09-11 16:09,260.7,261.835,260.7,261.5,7585
2026-09-11 16:10,261.13,261.5,261.06,261.06,24812
2026-09-11 16:11,260.865,262,260.78,261.83,10787
2026-09-11 16:12,261.62,262,261.5,261.57,10968
2026-09-11 16:13,261.73,261.73,261.16,261.255,7726
2026-09-11 16:14,261.255,261.51,261.25,261.445,9285
2026-09-11 16:15,261.24,261.375,261.065,261.092,6272
2026-09-11 16:16,261.35,262.15,261.35,261.71,27685
2026-09-11 16:17,261.835,261.835,261.36,261.51,5457
2026-09-11 16:18,261.64,261.9,261.305,261.475,11607
2026-09-11 16:19,261.435,261.435,260.91,260.91,1980
2026-09-11 16:20,261.075,261.57,261.075,261.355,6834
2026-09-11 16:21,261.25,261.32,261.005,261.005,2317
2026-09-11 16:22,261.005,261.005,260.68,260.73,6717
2026-09-11 16:23,260.785,261,260.61,260.96,7026
2026-09-11 16:24,260.82,261.5,260.82,261.18,6444
2026-09-11 16:25,261.15,261.29,260.9,260.905,4646
2026-09-11 16:26,261.035,261.075,260.83,260.92,3900
2026-09-11 16:27,260.8,260.97,260.75,260.96,9453
2026-09-11 16:28,260.88,261.04,260.77,260.895,5402
2026-09-11 16:29,260.79,260.79,260,260.55,7253
2026-09-11 16:30,260.445,260.445,259.8,259.91,5693
2026-09-11 16:31,259.72,260.26,258.98,259.98,12248
2026-09-11 16:32,259.95,260.185,259.95,260.15,4309
2026-09-11 16:33,260.185,260.55,260.185,260.34,14585
2026-09-11 16:34,260.375,260.375,260.05,260.05,1591
2026-09-11 16:35,259.905,259.905,259.75,259.75,1883
2026-09-11 16:36,259.515,259.663,259.515,259.663,1436
2026-09-11 16:37,259.3,259.4,259.225,259.225,4572
2026-09-11 16:38,259.37,259.37,258.609,258.735,5830
2026-09-11 16:39,258.725,258.79,258.5,258.5,6925
2026-09-11 16:40,258.435,258.96,258.43,258.96,4176
2026-09-11 16:41,258.97,260.48,258.97,260.402,14408
2026-09-11 16:42,260.47,261.355,260.47,260.88,8239
2026-09-11 16:43,260.77,260.94,260.74,260.89,1588
2026-09-11 16:44,260.865,261,260.665,260.665,3575
2026-09-11 16:45,260.7,261.01,260.7,260.865,3881
2026-09-11 16:46,260.97,261.05,260.855,261.024,7094
2026-09-11 16:47,261.05,261.8,261.02,261.675,8632
2026-09-11 16:48,261.55,261.96,261.52,261.52,17901
2026-09-11 16:49,261.52,261.52,260.612,261.215,3895
2026-09-11 16:50,261.16,261.2,260.962,261.2,2861
2026-09-11 16:51,261.1,261.22,260.975,260.975,2905
2026-09-11 16:52,261.18,261.21,261.055,261.055,4525
2026-09-11 16:53,261.05,261.09,261.05,261.09,1133
2026-09-11 16:54,261.09,261.21,261,261.21,11886
2026-09-11 16:55,261.3,261.405,261.289,261.37,3447
2026-09-11 16:56,261.34,261.62,261.34,261.58,2755
2026-09-11 16:57,261.51,261.51,261.34,261.41,3787
2026-09-11 16:58,261.44,261.61,261.44,261.55,1750
2026-09-11 16:59,261.52,261.52,261.27,261.27,3017
2026-09-11 17:00,261.27,261.355,261.2,261.355,1901
2026-09-11 17:01,261.26,261.34,261.155,261.34,3324
2026-09-11 17:02,261.26,261.26,261.18,261.2,3236
2026-09-11 17:03,261.16,261.35,260.93,260.93,7489
2026-09-11 17:04,260.91,260.91,260.91,260.91,675
2026-09-11 17:05,260.96,261.5,260.96,261.5,3194
2026-09-11 17:06,261.32,261.35,261.093,261.17,10587
2026-09-11 17:07,261.3,261.94,261.179,261.4,14942
2026-09-11 17:08,261.48,261.665,261.24,261.61,3499
2026-09-11 17:09,261.6,261.6,261.485,261.485,1586
2026-09-11 17:10,261.42,261.48,261.28,261.48,5244
2026-09-11 17:11,261.32,261.35,261.233,261.233,2198
2026-09-11 17:12,261.051,261.2,261.051,261.2,3497
2026-09-11 17:13,261.1,261.1,260.83,260.83,2625
2026-09-11 17:14,260.77,260.77,260.73,260.73,1284
2026-09-11 17:15,260.77,261.5,260.77,261.48,13788
2026-09-11 17:16,261.3,261.99,261.26,261.805,3763
2026-09-11 17:17,261.89,262.5,261.89,262.43,14980
2026-09-11 17:18,262.23,262.63,261.93,262.47,11400
2026-09-11 17:19,262.5,262.74,262.38,262.61,10955
2026-09-11 17:20,262.68,263.7,262.68,263.26,14993
2026-09-11 17:21,263.59,263.95,263.432,263.695,11771
2026-09-11 17:22,263.6,263.95,263.6,263.87,27091
2026-09-11 17:23,263.93,263.95,263.655,263.895,8032
2026-09-11 17:24,263.839,264.78,263.788,264.72,162900
2026-09-11 17:25,264.725,265.8,264.725,265.19,51135
2026-09-11 17:26,265.25,265.46,264.71,265.17,24253
2026-09-11 17:27,265.31,265.68,265.04,265.27,35917
2026-09-11 17:28,265.33,266.63,265.082,266.62,23897
2026-09-11 17:29,266.47,266.6,266.22,266.355,9122
2026-09-11 17:30,266.355,267.15,266.05,266.97,19189
2026-09-11 17:31,267.137,267.69,266.947,267.5,22252
2026-09-11 17:32,267.46,267.46,266.8,267,14778
2026-09-11 17:33,266.92,267.18,266.52,266.775,22991
2026-09-11 17:34,266.663,266.93,266.4,266.634,6970
2026-09-11 17:35,266.61,267.62,266.36,267.25,19268
2026-09-11 17:36,267.05,267.11,266.42,266.51,9760
2026-09-11 17:37,266.35,266.38,265.44,266.29,12044
2026-09-11 17:38,265.805,266.06,265.805,266.06,1771
2026-09-11 17:39,266.28,266.28,266.015,266.06,5195
2026-09-11 17:40,266.09,266.09,265.57,265.725,8021
2026-09-11 17:41,265.57,265.645,264.785,265.645,13727
2026-09-11 17:42,265.84,266.435,264.955,265.37,24822
2026-09-11 17:43,265.34,266.28,265.34,265.83,3886
2026-09-11 17:44,265.85,265.905,265.57,265.905,4146
2026-09-11 17:45,265.96,267.205,265.96,266.59,18184
2026-09-11 17:46,267,267.275,267,267.14,6165
2026-09-11 17:47,267.23,267.492,266.829,266.98,7447
2026-09-11 17:48,267.12,267.367,267.02,267.27,4781
2026-09-11 17:49,267.12,267.34,267.12,267.14,5931
2026-09-11 17:50,267.11,267.245,266.95,267.16,7556
2026-09-11 17:51,267.197,267.41,267.04,267.4,18714
2026-09-11 17:52,267.535,267.57,267.25,267.262,7233
2026-09-11 17:53,267.5,267.6,267.04,267.567,10000
2026-09-11 17:54,267.53,267.53,267.11,267.11,5415
2026-09-11 17:55,267.195,267.39,267.137,267.137,4822
2026-09-11 17:56,267.225,267.225,266.973,267.18,8529
2026-09-11 17:57,267.273,267.273,267.01,267.01,3922
2026-09-11 17:58,267.07,267.108,266.83,266.83,4423
2026-09-11 17:59,267,267,266.37,266.38,10352
2026-09-11 18:00,266.37,266.37,265.8,265.92,11512
2026-09-11 18:01,265.925,266.78,265.925,266.75,6219
2026-09-11 18:02,266.85,266.85,266.6,266.64,7397
2026-09-11 18:03,266.61,266.74,266.61,266.7,1768
2026-09-11 18:04,266.725,266.735,266.615,266.735,3853
2026-09-11 18:05,266.62,266.7,266.265,266.265,5915
2026-09-11 18:06,266.41,266.62,266.37,266.62,5632
2026-09-11 18:07,266.41,266.64,266.41,266.62,2344
2026-09-11 18:08,266.68,266.693,266.43,266.555,5936
2026-09-11 18:09,266.461,266.609,266.23,266.23,7080
2026-09-11 18:10,265.76,265.96,265.69,265.96,3666
2026-09-11 18:11,265.88,265.88,265.33,265.415,14600
2026-09-11 18:12,265.49,265.515,265.33,265.415,6206
2026-09-11 18:13,265.515,265.6,265.47,265.6,2463
2026-09-11 18:14,265.583,266.45,265.583,266.44,10738
2026-09-11 18:15,266.55,266.69,266.272,266.57,13370
2026-09-11 18:16,266.6,266.6,266.42,266.55,4787
2026-09-11 18:17,266.53,266.596,266.33,266.33,2258
2026-09-11 18:18,266.33,266.62,265.87,266.26,12065
2026-09-11 18:19,266.42,266.42,266.14,266.245,4448
2026-09-11 18:20,266.1,266.26,265.94,266.055,8086
2026-09-11 18:21,266,266.15,265.762,265.86,11066
2026-09-11 18:22,265.855,265.855,265.756,265.756,2584
2026-09-11 18:23,265.73,265.73,265.41,265.455,13676
2026-09-11 18:24,265.27,265.43,265.121,265.19,6841
2026-09-11 18:25,265.27,265.79,265.27,265.37,9610
2026-09-11 18:26,265.4,265.4,265.31,265.31,1726
2026-09-11 18:27,265.32,265.34,265.32,265.33,1145
2026-09-11 18:28,265.29,265.58,265.26,265.58,12218
2026-09-11 18:29,265.505,265.99,265.505,265.872,9892
2026-09-11 18:30,265.815,265.908,265.65,265.65,2758
2026-09-11 18:31,265.52,265.72,265.5,265.5,7968
2026-09-11 18:32,265.43,265.47,265.18,265.18,5121
2026-09-11 18:33,265.25,265.38,265.25,265.27,5622
2026-09-11 18:34,265.43,265.64,265.43,265.59,3971
2026-09-11 18:35,265.51,265.51,265.33,265.33,3352
2026-09-11 18:36,265.21,265.47,265.2,265.47,3796
2026-09-11 18:37,265.57,265.57,265.34,265.35,3127
2026-09-11 18:38,265.316,265.316,265.09,265.16,4685
2026-09-11 18:39,265.02,265.045,264.52,265.045,8644
2026-09-11 18:40,265.05,265.05,264.875,265,4432
2026-09-11 18:41,264.935,265.05,264.68,264.98,6020
2026-09-11 18:42,264.79,264.79,264.74,264.74,1037
2026-09-11 18:43,264.69,264.69,264.58,264.64,3544
2026-09-11 18:44,264.695,265.36,264.59,265.36,10014
2026-09-11 18:45,265.36,265.36,265.19,265.19,3921
2026-09-11 18:46,265.05,265.05,265.05,265.05,545
2026-09-11 18:47,264.96,265.4,264.95,265.07,7193
2026-09-11 18:48,265.15,265.21,265.07,265.07,6911
2026-09-11 18:49,265.055,265.055,265.055,265.055,1100
2026-09-11 18:50,264.98,265.13,264.98,264.99,1735
2026-09-11 18:51,264.87,264.885,264.371,264.62,11915
2026-09-11 18:52,264.635,264.635,264.635,264.635,405
2026-09-11 18:53,264.645,264.645,264.368,264.368,3898
2026-09-11 18:54,264.33,264.33,264.305,264.305,2945
2026-09-11 18:55,264.24,264.58,264.211,264.58,4083
2026-09-11 18:56,264.505,264.94,264.505,264.94,5695
2026-09-11 18:57,265,265.17,264.915,264.915,2994
2026-09-11 18:58,264.95,264.985,264.95,264.985,1289
2026-09-11 18:59,264.98,264.98,264.764,264.835,6606
2026-09-11 19:00,264.835,264.835,264.5,264.62,5446
2026-09-11 19:01,264.801,264.801,264.19,264.19,5083
2026-09-11 19:02,264.07,264.07,263.85,263.88,4734
2026-09-11 19:03,263.807,263.865,263.796,263.862,1583
2026-09-11 19:04,263.95,263.98,263.75,263.75,10438
2026-09-11 19:05,263.75,263.85,263.75,263.85,4566
2026-09-11 19:06,264,264,263.67,263.78,11217
2026-09-11 19:07,263.795,263.9,263.74,263.77,2279
2026-09-11 19:08,263.77,263.77,263.48,263.48,6086
2026-09-11 19:09,263.59,263.6,263.44,263.495,5064
2026-09-11 19:10,263.495,263.706,263.495,263.54,5292
2026-09-11 19:11,263.51,263.67,263.36,263.64,7756
2026-09-11 19:12,263.65,263.68,263.6,263.6,2645
2026-09-11 19:13,263.53,263.53,263.37,263.42,3951
2026-09-11 19:14,263.5,263.58,263.425,263.58,5172
2026-09-11 19:15,263.615,263.875,263.6,263.875,3296
2026-09-11 19:16,263.875,263.875,263.74,263.74,2925
2026-09-11 19:17,263.755,264,263.755,264,59042
2026-09-11 19:18,264.05,264.095,263.97,263.97,2519
2026-09-11 19:19,264.08,264.08,263.87,263.951,4571
2026-09-11 19:20,264.05,264.06,263.92,264.06,12333
2026-09-11 19:21,264.055,264.055,263.92,264,3330
2026-09-11 19:22,264.014,264.23,264.014,264.125,6176
2026-09-11 19:23,264.05,264.21,264.02,264.13,5530
2026-09-11 19:24,264.23,264.44,264.23,264.405,2922
2026-09-11 19:25,264.405,264.405,264.3,264.4,3474
2026-09-11 19:26,264.4,264.72,264.4,264.61,3924
2026-09-11 19:27,264.68,264.68,264.19,264.32,6688
2026-09-11 19:28,264.35,264.4,264.1,264.1,4345
2026-09-11 19:29,264.21,264.21,264.065,264.14,6045
2026-09-11 19:30,264.03,264.136,263.76,264.136,11537
2026-09-11 19:31,263.9,264.152,263.9,264.152,6787
2026-09-11 19:32,263.97,264,263.75,263.8,8795
2026-09-11 19:33,263.69,263.69,263.57,263.586,6385
2026-09-11 19:34,263.65,263.88,263.65,263.76,8228
2026-09-11 19:35,263.855,263.855,263.555,263.56,4310
2026-09-11 19:36,263.655,263.655,263.19,263.5,11262
2026-09-11 19:37,263.49,263.5,263.31,263.31,11151
2026-09-11 19:38,263.38,263.38,263.02,263.02,6043
2026-09-11 19:39,263.188,263.188,262.95,263.17,6259
2026-09-11 19:40,263.09,263.315,263.02,263.21,8209
2026-09-11 19:41,263.19,263.28,263.016,263.21,12607
2026-09-11 19:42,263.21,263.35,263.025,263.08,5228
2026-09-11 19:43,263.11,263.21,262.852,263.12,12246
2026-09-11 19:44,263.135,263.61,263.09,263.505,15356
2026-09-11 19:45,263.485,263.485,263.12,263.18,12257
2026-09-11 19:46,263.4,263.4,263.11,263.115,8289
2026-09-11 19:47,263.18,263.18,262.82,262.82,7585
2026-09-11 19:48,262.822,263.22,262.822,263.22,9367
2026-09-11 19:49,263.22,263.85,263.17,263.78,8439
2026-09-11 19:50,263.67,264.13,263.53,263.82,40245
2026-09-11 19:51,263.862,263.88,263.41,263.53,19110
2026-09-11 19:52,263.66,263.84,263.52,263.8,17403
2026-09-11 19:53,263.82,264.16,263.82,263.85,24390
2026-09-11 19:54,263.73,264.14,263.71,264.13,19150
2026-09-11 19:55,264.12,264.3,263.5,264.12,51379
2026-09-11 19:56,264.14,264.7,264.14,264.335,40509
2026-09-11 19:57,264.335,264.335,263.87,263.95,37827
2026-09-11 19:58,264.225,264.325,263.95,264.29,47576
2026-09-11 19:59,264.245,265,264.24,265,122390
2026-09-14 13:30,242.38,242.38,239,241.92,436797
2026-09-14 13:31,241.92,242.37,239.97,240.18,45485
2026-09-14 13:32,241.12,243.87,240.61,243.495,26810
2026-09-14 13:33,243.86,245.54,243.07,244.56,39138
2026-09-14 13:34,244.55,245.27,243.58,243.58,60700
2026-09-14 13:35,243.75,245.105,243.5,243.9,45007
2026-09-14 13:36,244.35,244.8,243.66,244.1,19438
2026-09-14 13:37,243.99,245.715,243.22,245.715,35587
2026-09-14 13:38,245.98,246,244.2,244.2,29483
2026-09-14 13:39,244.443,244.443,243.46,243.72,17999
2026-09-14 13:40,243.72,244.24,243.34,243.915,13600
2026-09-14 13:41,243.915,244.074,243,243.56,16592
2026-09-14 13:42,243.59,245.44,243.5,245.41,17333
2026-09-14 13:43,245.355,246.28,245.275,246.27,22476
2026-09-14 13:44,246.32,246.36,245,245.52,45158
2026-09-14 13:45,245.42,247.48,245.42,247.33,27883
2026-09-14 13:46,247.33,248.12,246.63,247.15,55997
2026-09-14 13:47,247.255,247.51,245.1,245.345,33519
2026-09-14 13:48,245.345,246.86,245.345,246.545,15292
2026-09-14 13:49,246.77,246.98,246.53,246.73,14226
2026-09-14 13:50,247.01,247.13,245.845,245.845,15441
2026-09-14 13:51,245.895,245.895,243.707,243.754,18708
2026-09-14 13:52,243.82,243.82,242.86,243.41,31161
2026-09-14 13:53,243.45,244.66,243.4,244.66,12560
2026-09-14 13:54,244.615,245,244.27,244.28,10608
2026-09-14 13:55,244.182,244.825,243.81,244,13679
2026-09-14 13:56,244.24,244.88,244.22,244.63,6227
2026-09-14 13:57,244.6,244.94,244,244.46,9098
2026-09-14 13:58,244.535,245.05,244.035,244.27,17985
2026-09-14 13:59,244.345,244.345,243.67,244,6946
2026-09-14 14:00,244.08,244.262,243.834,243.9,6450
2026-09-14 14:01,244.035,245.51,244.035,245.51,23470
2026-09-14 14:02,245.335,245.335,244.46,244.46,9210
2026-09-14 14:03,244.59,245.349,244.59,245.26,7882
2026-09-14 14:04,245.26,246.03,245.255,245.91,8709
2026-09-14 14:05,245.5,246.38,245.5,246.235,7331
2026-09-14 14:06,246.24,247.83,246.24,247.725,10879
2026-09-14 14:07,247.78,247.91,247.355,247.58,8629
2026-09-14 14:08,247.62,248.3,247.47,248.034,11720
2026-09-14 14:09,248,248.09,247.25,247.92,12994
2026-09-14 14:10,247.98,248.7,247.98,248.45,9133
2026-09-14 14:11,248.486,249.08,248.405,248.97,18624
2026-09-14 14:12,248.85,249.25,248.815,249.05,9545
2026-09-14 14:13,248.76,248.89,247.79,248.101,13334
2026-09-14 14:14,248.21,248.5,247.75,247.75,9979
2026-09-14 14:15,247.75,248.482,247.75,248.06,17150
2026-09-14 14:16,248.1,248.397,248.1,248.397,8323
2026-09-14 14:17,248.36,248.4,247.035,247.035,27992
2026-09-14 14:18,247.145,247.76,247.145,247.26,20195
2026-09-14 14:19,247.5,247.75,247.5,247.75,5141
2026-09-14 14:20,247.68,247.88,247.258,247.83,7385
2026-09-14 14:21,247.46,247.64,247.13,247.305,5950
2026-09-14 14:22,247.285,247.285,246.46,246.46,4801
2026-09-14 14:23,246.495,247.06,246.39,246.81,3892
2026-09-14 14:24,246.677,247.57,246.652,247.41,11418
2026-09-14 14:25,247.63,247.95,247.196,247.196,6843
2026-09-14 14:26,247.5,247.5,246.55,246.55,7429
2026-09-14 14:27,246.41,247.14,246.41,247.14,4706
2026-09-14 14:28,247.155,247.5,246.81,247.365,4516
2026-09-14 14:29,247.365,247.503,246.865,246.865,4496
2026-09-14 14:30,247.305,247.376,246.86,246.86,5349
2026-09-14 14:31,246.58,247.406,246.504,247.24,13829
2026-09-14 14:32,247.24,247.24,246.5,246.594,12045
2026-09-14 14:33,246.617,246.735,246,246.35,14507
2026-09-14 14:34,246.6,246.635,246.47,246.6,4020
2026-09-14 14:35,246.71,246.71,245.84,245.84,8920
2026-09-14 14:36,245.79,246.07,245.62,245.625,5608
2026-09-14 14:37,245.745,245.745,245,245.186,13006
2026-09-14 14:38,245.225,245.33,244.631,244.81,13603
2026-09-14 14:39,244.8,245.5,244.8,245.4,11759
2026-09-14 14:40,245.31,245.63,245.31,245.52,18731
2026-09-14 14:41,245.65,245.841,244.49,244.49,12266
2026-09-14 14:42,244.495,244.52,243.59,243.7,11053
2026-09-14 14:43,243.645,244.03,243.5,243.5,10762
2026-09-14 14:44,243.26,243.61,243,243.6,14647
2026-09-14 14:45,243.62,243.846,243.25,243.715,17432
2026-09-14 14:46,243.86,244.05,243.67,243.745,10854
2026-09-14 14:47,243.72,243.78,242.895,242.895,24081
2026-09-14 14:48,242.895,243.27,242.65,242.755,9120
2026-09-14 14:49,242.755,243.177,242.64,242.67,14156
2026-09-14 14:50,242.685,242.685,242.03,242.29,17236
2026-09-14 14:51,242.245,242.76,242.048,242.285,16167
2026-09-14 14:52,242.06,242.16,241.4,241.449,22996
2026-09-14 14:53,241.325,241.59,240.814,241.06,14833
2026-09-14 14:54,241.02,241.205,240.92,241.06,12737
2026-09-14 14:55,241.06,241.426,240.92,241.426,11853
2026-09-14 14:56,241.255,241.27,240.75,241,15359
2026-09-14 14:57,240.95,241.66,240.95,241.28,15820
2026-09-14 14:58,241.28,241.315,241,241.2,5123
2026-09-14 14:59,241.01,241.195,240.12,240.44,27866
2026-09-14 15:00,240.36,240.69,240.22,240.57,27293
2026-09-14 15:01,240.51,240.61,239.88,240.119,35148
2026-09-14 15:02,240.39,240.4,239.42,239.42,29185
2026-09-14 15:03,239.42,239.47,238.21,238.61,78057
2026-09-14 15:04,238.75,238.812,238.032,238.032,35439
2026-09-14 15:05,238.07,239.68,238.07,239.243,51619
2026-09-14 15:06,239.57,240.2,239.36,239.72,30640
2026-09-14 15:07,239.755,239.755,238.69,239.08,14021
2026-09-14 15:08,239.08,239.2,238.38,239.16,25261
2026-09-14 15:09,239.13,239.13,238.905,238.905,15199
2026-09-14 15:10,239.07,239.07,238.51,238.56,14613
2026-09-14 15:11,238.61,239.8,238.61,239.54,27278
2026-09-14 15:12,239.46,239.485,239.18,239.43,9316
2026-09-14 15:13,239.58,239.59,238.965,239.02,18345
2026-09-14 15:14,239.04,239.16,238.88,238.88,8868
2026-09-14 15:15,238.825,239.16,238.795,239.06,15206
2026-09-14 15:16,238.99,239.18,238.92,239.11,14806
2026-09-14 15:17,239.01,239.23,238.88,239.23,17453
2026-09-14 15:18,239.235,239.58,239.16,239.42,28081
2026-09-14 15:19,239.445,239.71,239.445,239.662,18174
2026-09-14 15:20,239.6,239.65,239.18,239.52,12790
2026-09-14 15:21,239.565,239.645,239.355,239.425,7602
2026-09-14 15:22,239.43,239.73,239.22,239.51,16461
2026-09-14 15:23,239.76,239.89,239.5,239.87,12102
2026-09-14 15:24,239.98,240.85,239.98,240.77,20621
2026-09-14 15:25,240.77,240.88,240.01,240.26,14607
2026-09-14 15:26,240.225,240.6,240.225,240.41,7066
2026-09-14 15:27,240.45,240.612,240.41,240.5,11112
2026-09-14 15:28,240.5,240.9,240.5,240.75,8744
2026-09-14 15:29,240.858,240.858,240.58,240.6,6705
2026-09-14 15:30,240.6,240.86,240.44,240.813,12499
2026-09-14 15:31,240.75,240.76,240.61,240.76,9722
2026-09-14 15:32,240.7,241.78,240.56,241.78,27780
2026-09-14 15:33,241.75,241.88,241.214,241.88,18634
2026-09-14 15:34,241.92,242.467,241.88,242.24,15227
2026-09-14 15:35,242.206,242.476,242.12,242.175,31305
2026-09-14 15:36,242.23,242.548,242.23,242.425,18879
2026-09-14 15:37,242.59,242.986,242.37,242.986,16635
2026-09-14 15:38,242.961,243.24,242.58,242.795,21128
2026-09-14 15:39,242.795,242.978,242.795,242.978,13135
2026-09-14 15:40,242.99,243.205,242.73,242.741,26506
2026-09-14 15:41,242.895,243.1,242.5,242.675,23261
2026-09-14 15:42,242.675,242.8,241.95,241.95,20253
2026-09-14 15:43,241.95,242.413,241.82,242.33,14834
2026-09-14 15:44,242.37,242.66,242.17,242.17,17106
2026-09-14 15:45,242.115,242.13,241.81,242.12,13581
2026-09-14 15:46,242,242,241.08,241.345,11214
2026-09-14 15:47,241.21,241.345,240.51,240.7,22632
2026-09-14 15:48,240.71,241.285,240.25,241.2,40557
2026-09-14 15:49,241.16,241.32,241.02,241.287,17507
2026-09-14 15:50,241.01,241.01,240.63,240.79,9379
2026-09-14 15:51,240.69,241.27,240.66,241.2,14800
2026-09-14 15:52,241.315,241.65,241.305,241.64,13747
2026-09-14 15:53,241.555,241.65,241.36,241.52,14654
2026-09-14 15:54,241.515,241.676,241.292,241.485,11353
2026-09-14 15:55,241.61,241.71,241.39,241.61,11985
2026-09-14 15:56,241.56,241.57,241.31,241.405,9576
2026-09-14 15:57,241.405,241.501,241.07,241.07,12969
2026-09-14 15:58,241.185,241.279,241.01,241.01,7503
2026-09-14 15:59,241.02,241.42,241.02,241.31,29762
2026-09-14 16:00,241.3,241.37,240.93,240.93,31438
2026-09-14 16:01,240.86,240.86,240.34,240.655,13786
2026-09-14 16:02,240.61,240.73,240.45,240.46,9101
2026-09-14 16:03,240.4,240.535,240.3,240.3,12241
2026-09-14 16:04,240.395,240.88,240.24,240.67,13692
2026-09-14 16:05,240.49,240.49,240.23,240.39,17437
2026-09-14 16:06,240.45,240.47,240.1,240.11,14437
2026-09-14 16:07,240,240.376,239.99,240.12,22503
2026-09-14 16:08,239.81,239.93,239.68,239.8,6102
2026-09-14 16:09,239.805,239.9,239.61,239.875,6551
2026-09-14 16:10,239.855,239.923,239.695,239.905,15648
2026-09-14 16:11,239.911,240.37,239.75,240.21,14775
2026-09-14 16:12,240.225,240.54,240.11,240.45,8897
2026-09-14 16:13,240.29,240.6,240.25,240.42,13344
2026-09-14 16:14,240.51,240.535,240.39,240.39,6442
2026-09-14 16:15,240.31,241.3,240.215,241.22,20493
2026-09-14 16:16,241.32,241.551,241.32,241.5,8007
2026-09-14 16:17,241.465,241.55,241.3,241.33,8181
2026-09-14 16:18,241.385,241.445,241.26,241.35,7221
2026-09-14 16:19,241.21,241.25,241,241.019,5528
2026-09-14 16:20,240.75,241.1,240.655,241.1,15567
2026-09-14 16:21,240.965,241.11,240.9,241.045,4129
2026-09-14 16:22,240.91,241.217,240.91,241.09,7041
2026-09-14 16:23,241.03,241.51,240.95,241.4,12253
2026-09-14 16:24,241.42,241.43,241.25,241.31,4554
2026-09-14 16:25,241.29,241.357,240.96,240.96,4954
2026-09-14 16:26,241.08,241.08,240.54,240.56,8052
2026-09-14 16:27,240.54,240.6,240.18,240.24,7525
2026-09-14 16:28,240.18,240.78,240.18,240.735,15159
2026-09-14 16:29,240.575,240.575,240.46,240.46,4893
2026-09-14 16:30,240.42,240.479,240.3,240.4,3784
2026-09-14 16:31,240.465,241,240.4,240.77,18197
2026-09-14 16:32,240.73,241.025,240.73,240.84,6307
2026-09-14 16:33,240.81,241.41,240.8,241.327,15136
2026-09-14 16:34,241.45,241.678,241.375,241.5,7714
2026-09-14 16:35,241.55,241.55,241.24,241.27,9403
2026-09-14 16:36,241.24,241.275,241,241.03,5265
2026-09-14 16:37,240.883,241.045,240.875,240.875,8574
2026-09-14 16:38,241.015,241.045,240.85,240.935,4142
2026-09-14 16:39,240.93,240.93,240.82,240.83,4183
2026-09-14 16:40,240.82,240.92,240.46,240.492,10522
2026-09-14 16:41,240.41,240.738,240.41,240.64,30520
2026-09-14 16:42,240.81,240.94,240.756,240.94,9091
2026-09-14 16:43,240.91,241.062,240.88,240.94,7007
2026-09-14 16:44,240.94,241.875,240.78,241.875,15359
2026-09-14 16:45,241.815,242.35,241.741,242.045,19204
2026-09-14 16:46,242.47,242.9,242.44,242.7,18821
2026-09-14 16:47,242.875,243.279,242.81,242.81,24903
2026-09-14 16:48,242.84,243.47,242.61,243.34,13036
2026-09-14 16:49,243.325,243.47,243.04,243.24,8888
2026-09-14 16:50,243.15,243.33,242.95,243.06,9252
2026-09-14 16:51,243.17,243.5,243.08,243.32,6810
2026-09-14 16:52,243.415,243.42,242.95,243.2,6400
2026-09-14 16:53,243.15,243.15,242.97,243.065,3930
2026-09-14 16:54,242.98,242.98,242.53,242.59,4987
2026-09-14 16:55,242.775,242.93,242.775,242.93,3565
2026-09-14 16:56,242.87,242.87,242.68,242.68,4077
2026-09-14 16:57,242.72,242.81,242.27,242.35,10641
2026-09-14 16:58,242.33,242.49,242.24,242.37,5688
2026-09-14 16:59,242.385,242.59,242.385,242.59,5007
2026-09-14 17:00,242.49,242.685,242.49,242.685,4171
2026-09-14 17:01,242.66,242.66,242.47,242.57,2003
2026-09-14 17:02,242.635,242.85,242.49,242.79,8549
2026-09-14 17:03,242.735,242.74,242.2,242.41,4325
2026-09-14 17:04,242.3,242.74,242.3,242.643,4013
2026-09-14 17:05,242.48,242.52,242.3,242.43,2713
2026-09-14 17:06,242.48,242.8,242.338,242.8,8982
2026-09-14 17:07,242.6,242.77,242.33,242.33,4742
2026-09-14 17:08,242.7,242.88,242.55,242.7,4709
2026-09-14 17:09,242.735,242.94,242.58,242.875,4634
2026-09-14 17:10,242.94,242.94,242.7,242.79,2660
2026-09-14 17:11,242.65,243.03,242.65,243.03,5962
2026-09-14 17:12,243.01,243.2,243.01,243.05,6555
2026-09-14 17:13,243.145,243.23,242.86,243.07,5274
2026-09-14 17:14,243.005,243.26,242.925,243.128,8040
2026-09-14 17:15,243.035,243.035,242.895,242.975,2684
2026-09-14 17:16,242.83,243.08,242.82,242.95,2142
2026-09-14 17:17,242.83,243,242.22,242.22,8395
2026-09-14 17:18,242.425,242.425,241.81,242.09,7904
2026-09-14 17:19,242.075,242.36,242.075,242.28,6497
2026-09-14 17:20,242.41,242.596,242.28,242.51,3465
2026-09-14 17:21,242.56,242.56,242.37,242.37,5491
2026-09-14 17:22,242.435,242.56,242.31,242.56,1122
2026-09-14 17:23,242.6,242.6,242.42,242.432,4608
2026-09-14 17:24,242.52,242.615,242.43,242.52,2720
2026-09-14 17:25,242.52,242.595,242.43,242.43,8315
2026-09-14 17:26,242.315,242.315,241.59,242.085,14366
2026-09-14 17:27,242.152,242.29,242.1,242.29,6372
2026-09-14 17:28,242.23,242.355,242.14,242.355,6696
2026-09-14 17:29,242.39,242.48,242.27,242.47,7613
2026-09-14 17:30,242.47,242.48,242.25,242.365,2023
2026-09-14 17:31,242.47,242.47,242.225,242.305,3961
2026-09-14 17:32,242.35,242.53,242.25,242.53,4724
2026-09-14 17:33,242.34,242.524,242.25,242.383,4832
2026-09-14 17:34,242.395,242.54,242.25,242.492,13613
2026-09-14 17:35,242.45,242.45,242.2,242.2,2618
2026-09-14 17:36,242.26,242.26,242.08,242.08,7686
2026-09-14 17:37,242,242,241.76,241.85,6373
2026-09-14 17:38,242.14,242.14,241.8,241.8,6356
2026-09-14 17:39,241.98,242.18,241.83,242.18,5404
2026-09-14 17:40,242.18,242.25,241.96,242.1,3992
2026-09-14 17:41,242.02,242.29,242.02,242.2,8461
2026-09-14 17:42,242.32,242.32,242.16,242.16,2371
2026-09-14 17:43,242.245,242.255,242.13,242.23,4367
2026-09-14 17:44,242.21,242.59,242.21,242.58,12659
2026-09-14 17:45,242.48,242.57,242.332,242.332,12551
2026-09-14 17:46,242.39,242.455,242.28,242.455,3461
2026-09-14 17:47,242.48,242.48,242.465,242.48,2275
2026-09-14 17:48,242.32,242.47,242.267,242.267,2280
2026-09-14 17:49,242.2,242.2,241.91,242.035,4305
2026-09-14 17:50,241.94,242.096,241.71,241.82,5456
2026-09-14 17:51,241.8,242.084,241.8,241.995,6464
2026-09-14 17:52,242.005,242.02,242.005,242.02,1046
2026-09-14 17:53,242.025,242.32,242.025,242.18,12215
2026-09-14 17:54,242.225,242.302,242.176,242.255,1532
2026-09-14 17:55,242.15,242.48,242.15,242.395,8064
2026-09-14 17:56,242.448,242.55,242.42,242.45,7603
2026-09-14 17:57,242.47,242.47,242.3,242.3,4738
2026-09-14 17:58,242.34,242.42,242.23,242.42,4788
2026-09-14 17:59,242.34,242.39,242.32,242.327,3423
2026-09-14 18:00,242.32,242.51,242.32,242.41,13748
2026-09-14 18:01,242.445,242.445,242.2,242.2,2218
2026-09-14 18:02,242.11,242.235,242.11,242.235,4174
2026-09-14 18:03,242.1,242.3,242.1,242.1,3554
2026-09-14 18:04,242.1,242.1,242,242,4036
2026-09-14 18:05,241.89,241.89,241.65,241.78,4155
2026-09-14 18:06,241.83,242.19,241.83,242.16,10926
2026-09-14 18:07,242.16,242.18,242.05,242.18,1985
2026-09-14 18:08,242.18,242.18,242.15,242.18,1105
2026-09-14 18:09,242.18,242.51,242.09,242.445,12363
2026-09-14 18:10,242.37,242.387,242.18,242.18,5132
2026-09-14 18:11,242.05,242.085,242.05,242.085,1498
2026-09-14 18:12,241.995,242.04,241.995,242.04,2784
2026-09-14 18:13,242.16,242.16,242.01,242.14,1313
2026-09-14 18:14,242.17,242.205,242.08,242.11,2162
2026-09-14 18:15,242.22,242.22,242.12,242.21,5853
2026-09-14 18:16,242.12,242.23,242.08,242.23,2467
2026-09-14 18:17,242.16,242.16,241.91,241.91,3762
2026-09-14 18:18,241.919,242.01,241.89,242.01,11792
2026-09-14 18:19,241.965,242.07,241.92,242.07,4911
2026-09-14 18:20,242.045,242.102,241.995,242,3603
2026-09-14 18:21,242,242.02,241.95,241.95,5386
2026-09-14 18:22,241.97,242.125,241.95,242.05,5012
2026-09-14 18:23,242.05,242.095,242,242.09,2215
2026-09-14 18:24,242.095,242.19,242.05,242.05,1770
2026-09-14 18:25,242.105,242.18,242.1,242.12,2129
2026-09-14 18:26,242.06,242.115,241.9,242.005,12384
2026-09-14 18:27,242.01,242.01,241.87,241.89,7876
2026-09-14 18:28,241.85,241.895,241.81,241.87,6305
2026-09-14 18:29,241.875,242,241.875,241.91,10480
2026-09-14 18:30,241.87,242.03,241.85,241.96,4745
2026-09-14 18:31,242.03,242.06,241.95,241.95,6283
2026-09-14 18:33,242.105,242.105,241.96,242.05,1541
2026-09-14 18:34,242.075,242.6,242.075,242.6,19236
2026-09-14 18:35,242.635,242.675,242.5,242.57,4885
2026-09-14 18:36,242.575,242.67,242.41,242.46,3631
2026-09-14 18:37,242.35,242.47,242.35,242.41,2509
2026-09-14 18:38,242.28,242.382,242.165,242.18,4724
2026-09-14 18:39,242.2,242.22,242.2,242.22,952
2026-09-14 18:40,242.4,242.4,242.25,242.31,2990
2026-09-14 18:41,242.4,242.4,242.36,242.36,1328
2026-09-14 18:42,242.4,242.4,242.32,242.398,3002
2026-09-14 18:43,242.38,242.58,242.38,242.58,7244
2026-09-14 18:44,242.51,242.51,242.43,242.43,3367
2026-09-14 18:45,242.48,242.65,242.47,242.48,10958
2026-09-14 18:46,242.4,242.435,242.33,242.33,2920
2026-09-14 18:47,242.18,242.22,242.08,242.22,3105
2026-09-14 18:48,242.205,242.24,242.184,242.24,4435
2026-09-14 18:49,242.31,242.4,242.22,242.3,7234
2026-09-14 18:50,242.34,242.41,242.23,242.23,3105
2026-09-14 18:51,242.31,242.31,242.15,242.24,4314
2026-09-14 18:52,242.14,242.16,242.02,242.13,7908
2026-09-14 18:53,242.08,242.105,242.07,242.08,7244
2026-09-14 18:54,242.06,242.085,241.92,241.94,10012
2026-09-14 18:55,241.88,242.09,241.695,242.09,9552
2026-09-14 18:56,242.09,242.25,242.01,242.14,5179
2026-09-14 18:57,242.18,242.42,242.12,242.42,15256
2026-09-14 18:58,242.315,242.43,242.22,242.255,4226
2026-09-14 18:59,242.33,242.73,242.1,242.535,29755
2026-09-14 19:00,242.6,242.81,242.6,242.7,7631
2026-09-14 19:01,242.86,243.8,242.72,243.475,20858
2026-09-14 19:02,243.49,243.58,242.966,243.22,18064
2026-09-14 19:03,243.21,243.325,243.06,243.325,5078
2026-09-14 19:04,243.205,243.205,243.035,243.145,8801
2026-09-14 19:05,243.145,243.27,242.795,242.795,7073
2026-09-14 19:06,242.782,242.782,242.7,242.76,6535
2026-09-14 19:07,242.615,242.76,242.43,242.45,4221
2026-09-14 19:08,242.462,242.462,242.24,242.24,4367
2026-09-14 19:09,242.335,242.678,242.335,242.4,6882
2026-09-14 19:10,242.45,242.45,241.775,241.89,114341
2026-09-14 19:11,241.89,242.16,241.71,242.09,13405
2026-09-14 19:12,242.29,242.29,241.82,241.82,3794
2026-09-14 19:13,241.879,241.95,241.45,241.525,7848
2026-09-14 19:14,241.435,241.76,241.29,241.65,25050
2026-09-14 19:15,241.64,241.64,241.23,241.315,10038
2026-09-14 19:16,241.495,241.704,241.42,241.704,13701
2026-09-14 19:17,241.648,241.7,241.56,241.639,19893
2026-09-14 19:18,241.73,241.79,241.675,241.675,4975
2026-09-14 19:19,241.61,241.61,241.5,241.6,9103
2026-09-14 19:20,241.62,241.692,241.51,241.535,11585
2026-09-14 19:21,241.46,241.525,241.43,241.43,5306
2026-09-14 19:22,241.43,241.5,241.4,241.46,4606
2026-09-14 19:23,241.485,241.508,241.425,241.45,4850
2026-09-14 19:24,241.4,241.57,241.33,241.54,19607
2026-09-14 19:25,241.76,241.97,241.7,241.715,9461
2026-09-14 19:26,241.715,241.78,241.69,241.71,11503
2026-09-14 19:27,241.81,242.21,241.725,242.195,8883
2026-09-14 19:28,242.16,242.22,242.115,242.21,12135
2026-09-14 19:29,242.215,242.63,242.215,242.43,11172
2026-09-14 19:30,242.3,242.4,241.95,241.95,16015
2026-09-14 19:31,241.91,241.945,241.605,241.605,12489
2026-09-14 19:32,241.595,241.72,241.48,241.595,25561
2026-09-14 19:33,241.61,241.68,241.48,241.485,49966
2026-09-14 19:34,241.5,241.54,240.91,241.255,199878
2026-09-14 19:35,241.175,241.235,240.58,240.825,47999
2026-09-14 19:36,240.75,241.14,240.72,240.75,19082
2026-09-14 19:37,240.87,240.995,240.85,240.89,8331
2026-09-14 19:38,240.915,240.915,240.64,240.745,10145
2026-09-14 19:39,240.89,240.99,240.73,240.74,8646
2026-09-14 19:40,241,241.09,240.5,240.61,26395
2026-09-14 19:41,240.61,240.792,240.58,240.61,20792
2026-09-14 19:42,240.63,240.92,240.6,240.79,20137
2026-09-14 19:43,240.807,240.91,240.8,240.82,10695
2026-09-14 19:44,240.81,241.18,240.79,241.125,22908
2026-09-14 19:45,241.005,241.005,240.693,240.705,11144
2026-09-14 19:46,240.705,240.966,240.705,240.86,12991
2026-09-14 19:47,240.86,241.17,240.86,241.12,14812
2026-09-14 19:48,241.15,241.22,241.04,241.14,12240
2026-09-14 19:49,241.14,241.24,241.1,241.22,16540
2026-09-14 19:50,241.07,241.37,240.783,240.81,21371
2026-09-14 19:51,240.785,240.99,240.62,240.675,18319
2026-09-14 19:52,240.71,240.81,240.59,240.64,27769
2026-09-14 19:53,240.665,240.665,240.325,240.33,33093
2026-09-14 19:54,240.37,240.495,240.12,240.26,37622
2026-09-14 19:55,240.14,240.245,240.02,240.055,63171
2026-09-14 19:56,240.068,240.22,240.02,240.22,50786
2026-09-14 19:57,240.16,240.16,239.25,239.26,151622
2026-09-14 19:58,239.26,239.4,239.143,239.37,110653
2026-09-14 19:59,239.38,239.58,239,239,154835
2026-09-15 13:30,242,243.12,241,243.03,145518
2026-09-15 13:31,242.96,245.16,242.84,244.257,28284
2026-09-15 13:32,244.14,245.098,244.135,245.09,13099
2026-09-15 13:33,244.855,245.74,244.45,245.497,27627
2026-09-15 13:34,245.6,246.19,244.579,244.579,18522
2026-09-15 13:35,244.63,244.95,243.84,244.455,12931
2026-09-15 13:36,244.666,244.666,243.079,243.079,18874
2026-09-15 13:37,243.12,243.175,242.001,242.747,6980
2026-09-15 13:38,242.53,242.53,241.811,241.811,7313
2026-09-15 13:39,242.005,242.89,242,242.775,11570
2026-09-15 13:40,242.873,243.764,242.489,243.645,14701
2026-09-15 13:41,243.65,244.21,242.73,242.92,16022
2026-09-15 13:42,242.88,243.17,242.775,242.91,4115
2026-09-15 13:43,242.85,244.29,242.71,244.054,11433
2026-09-15 13:44,244.08,245.2,243.88,245.2,15286
2026-09-15 13:45,245.2,246.978,245.18,246.65,23195
2026-09-15 13:46,246.77,248.389,246.76,248.364,65957
2026-09-15 13:47,248.265,248.629,247.37,248.555,30615
2026-09-15 13:48,248.555,248.818,248.16,248.24,28068
2026-09-15 13:49,248.23,249.82,248.03,249.82,47295
2026-09-15 13:50,249.9,250.84,249.28,249.59,75902
2026-09-15 13:51,249.528,250.94,249.41,250.87,36784
2026-09-15 13:52,250.5,251.49,250.193,251.324,26402
2026-09-15 13:53,251.46,252.8,251.25,252.8,39935
2026-09-15 13:54,252.665,253,251.95,252.52,39536
2026-09-15 13:55,252.715,252.99,251.77,252.59,29928
2026-09-15 13:56,252.29,252.49,251.586,251.769,27833
2026-09-15 13:57,251.715,252.07,251.5,251.57,21430
2026-09-15 13:58,251.635,253.155,251.635,252.65,34033
2026-09-15 13:59,252.66,252.93,252.52,252.58,12728
2026-09-15 14:00,252.54,253.07,252.1,252.1,23862
2026-09-15 14:01,252.26,252.396,251.77,252.31,15757
2026-09-15 14:02,252.238,252.598,251.5,251.95,40522
2026-09-15 14:03,252,252.21,250.55,250.55,19454
2026-09-15 14:04,250.14,251.12,250.14,251.081,31231
2026-09-15 14:05,250.779,250.937,250.03,250.275,15532
2026-09-15 14:06,250.31,250.85,249.93,249.94,25626
2026-09-15 14:07,249.938,249.938,248.45,248.64,29804
2026-09-15 14:08,248.78,249.11,248.58,249.11,14992
2026-09-15 14:09,249.12,249.34,248.32,248.583,17794
2026-09-15 14:10,248.56,248.69,247.12,247.412,14568
2026-09-15 14:11,247.412,248.11,246.74,247.78,33266
2026-09-15 14:12,247.842,248.3,247.1,247.25,18678
2026-09-15 14:13,247.499,247.499,246.795,247.09,9197
2026-09-15 14:14,247.025,247.025,246.55,246.58,16501
2026-09-15 14:15,246.56,247.02,246.357,246.999,8514
2026-09-15 14:16,247.05,247.545,246.93,247.385,16995
2026-09-15 14:17,247.3,247.74,247.05,247.74,12248
2026-09-15 14:18,247.545,248.26,247.545,248.26,12398
2026-09-15 14:19,248.455,248.66,248.315,248.315,10146
2026-09-15 14:20,248.382,248.698,248.23,248.365,8931
2026-09-15 14:21,248.385,248.9,247.66,247.76,36048
2026-09-15 14:22,247.66,247.66,247.127,247.45,5391
2026-09-15 14:23,247.16,247.37,247.15,247.345,7076
2026-09-15 14:24,247.28,248.05,247.28,247.945,10136
2026-09-15 14:25,247.94,248.14,247.12,247.26,15057
2026-09-15 14:26,247.173,247.305,246.88,247.305,10086
2026-09-15 14:27,247.305,247.42,246.75,246.76,10937
2026-09-15 14:28,246.795,247.6,246.795,247.49,43813
2026-09-15 14:29,247.435,247.86,247.34,247.72,7304
2026-09-15 14:30,247.55,247.71,247.35,247.35,3794
2026-09-15 14:31,247.1,247.9,247.1,247.73,17313
2026-09-15 14:32,247.7,247.82,247.18,247.305,33260
2026-09-15 14:33,247.49,247.49,246.885,247.17,19555
2026-09-15 14:34,247.061,247.37,246.8,246.865,11150
2026-09-15 14:35,246.97,247.24,246.85,247.24,16537
2026-09-15 14:36,247.15,247.32,246.66,246.66,14807
2026-09-15 14:37,246.66,247,246.63,247,7117
2026-09-15 14:38,246.79,246.79,245.98,246.36,11932
2026-09-15 14:39,246.36,246.85,246.36,246.66,10141
2026-09-15 14:40,246.59,246.649,246.16,246.195,10853
2026-09-15 14:41,246.19,246.8,246.19,246.8,9628
2026-09-15 14:42,246.78,247.91,246.693,247.725,15579
2026-09-15 14:43,247.49,247.57,247.385,247.385,10035
2026-09-15 14:44,247.38,248.17,247.38,248.17,18158
2026-09-15 14:45,248.11,248.135,247.635,247.83,10023
2026-09-15 14:46,247.83,248.43,247.775,248.24,6640
2026-09-15 14:47,248.12,248.12,247.535,247.535,4637
2026-09-15 14:48,247.54,247.54,247.15,247.275,9015
2026-09-15 14:49,247.262,247.262,246.23,246.55,15042
2026-09-15 14:50,246.4,246.4,245.79,246.031,10457
2026-09-15 14:51,246.44,246.72,245.985,245.985,10031
2026-09-15 14:52,245.82,246.225,245.79,246.225,3599
2026-09-15 14:53,246.222,246.222,245.665,246.019,7078
2026-09-15 14:54,246.05,246.5,245.9,246.41,5503
2026-09-15 14:55,246.34,246.69,246.3,246.57,7297
2026-09-15 14:56,246.65,246.72,245.93,246.18,10176
2026-09-15 14:57,246.259,246.426,246.12,246.34,7633
2026-09-15 14:58,246.24,246.29,245.945,246.122,9899
2026-09-15 14:59,246.12,246.135,245.98,246.135,2182
2026-09-15 15:00,246.14,246.47,246.14,246.327,4011
2026-09-15 15:01,246.44,246.44,245.96,246.43,6830
2026-09-15 15:02,246.335,246.335,246.15,246.206,4811
2026-09-15 15:03,246,246.99,246,246.99,8135
2026-09-15 15:04,246.83,247,246.66,246.66,5977
2026-09-15 15:05,246.775,247.05,246.7,247.05,5816
2026-09-15 15:06,246.77,246.77,246.354,246.525,2891
2026-09-15 15:07,246.53,246.75,246.31,246.58,4421
2026-09-15 15:08,246.495,246.7,246.49,246.495,1414
2026-09-15 15:09,246.495,246.495,246.27,246.39,6867
2026-09-15 15:10,246.21,246.25,245.654,245.654,6876
2026-09-15 15:11,245.76,245.827,245.62,245.62,15762
2026-09-15 15:12,245.755,246.38,245.57,246.28,8926
2026-09-15 15:13,246.4,246.4,245.66,245.66,4173
2026-09-15 15:14,245.8,246.1,245.8,246.03,2305
2026-09-15 15:15,246.185,246.49,246.185,246.26,5373
2026-09-15 15:16,246.455,246.682,246.335,246.682,3351
2026-09-15 15:17,246.68,246.91,246.595,246.65,8281
2026-09-15 15:18,246.74,246.74,246.4,246.5,5419
2026-09-15 15:19,246.5,246.61,246.4,246.53,4213
2026-09-15 15:20,246.67,246.82,246.5,246.5,6669
2026-09-15 15:21,246.65,246.88,246.135,246.135,15872
2026-09-15 15:22,246.2,246.421,246.2,246.421,3024
2026-09-15 15:23,246.49,246.75,246.48,246.645,2694
2026-09-15 15:24,246.665,246.77,246.56,246.77,5714
2026-09-15 15:25,246.54,247.05,246.54,246.965,9474
2026-09-15 15:26,247.11,247.2,246.75,246.785,6767
2026-09-15 15:27,246.91,247.22,246.91,247.06,2929
2026-09-15 15:28,247.06,247.06,246.845,246.845,3280
2026-09-15 15:29,246.78,246.84,246.75,246.84,2131
2026-09-15 15:30,246.84,246.84,246.65,246.66,3831
2026-09-15 15:31,246.755,246.755,246.41,246.49,5103
2026-09-15 15:32,246.49,246.495,246.244,246.25,3233
2026-09-15 15:33,246.34,246.6,246.34,246.6,2668
2026-09-15 15:34,246.49,246.72,246.42,246.72,3164
2026-09-15 15:35,246.75,246.81,246.59,246.59,4252
2026-09-15 15:36,246.8,247.06,246.7,246.925,3802
2026-09-15 15:37,246.98,246.98,246.59,246.69,3912
2026-09-15 15:38,246.7,246.99,246.695,246.815,4113
2026-09-15 15:39,246.86,246.86,246.56,246.78,10315
2026-09-15 15:41,246.815,246.93,246.785,246.8,2038
2026-09-15 15:42,246.8,246.84,246.76,246.84,1350
2026-09-15 15:43,246.72,246.76,246.4,246.54,5186
2026-09-15 15:44,246.31,246.31,246.215,246.215,1911
2026-09-15 15:45,246.07,246.37,246.07,246.37,756
2026-09-15 15:46,246.139,246.38,245.8,246.26,6033
2026-09-15 15:47,246.3,246.4,246.17,246.24,2101
2026-09-15 15:48,246.17,246.235,246.106,246.22,2395
2026-09-15 15:49,246.11,246.11,246.04,246.04,2936
2026-09-15 15:50,246.15,246.78,246.15,246.41,13002
2026-09-15 15:51,246.33,246.33,245.98,246.01,8508
2026-09-15 15:52,246.01,246.22,246.01,246.22,2027
2026-09-15 15:53,246.01,246.04,245.56,245.56,9712
2026-09-15 15:54,245.63,245.63,245.13,245.445,14423
2026-09-15 15:55,245.25,246.01,245.212,246.01,6219
2026-09-15 15:56,245.785,245.785,245.32,245.36,4141
2026-09-15 15:57,245.47,245.48,245.47,245.48,1102
2026-09-15 15:58,245.39,245.39,244.93,245.035,4372
2026-09-15 15:59,245.06,245.08,244.795,244.795,3651
2026-09-15 16:00,244.86,244.94,244.76,244.94,3606
2026-09-15 16:01,245.02,245.37,245.02,245.37,3045
2026-09-15 16:02,245.225,245.52,245.225,245.385,1605
2026-09-15 16:03,245.41,245.41,245.105,245.285,3684
2026-09-15 16:04,245.21,245.21,245.2,245.2,1569
2026-09-15 16:05,245.23,245.23,245.11,245.23,5977
2026-09-15 16:06,245.16,245.23,245.06,245.135,6261
2026-09-15 16:07,245.05,245.17,244.92,245.17,4068
2026-09-15 16:08,245.075,245.075,244.305,244.305,6389
2026-09-15 16:09,244.305,244.44,243.548,243.66,8794
2026-09-15 16:10,243.7,243.83,243.7,243.78,3638
2026-09-15 16:11,244.04,244.05,243.82,243.82,2353
2026-09-15 16:12,243.98,243.98,243.73,243.92,3600
2026-09-15 16:13,243.895,244.22,243.895,244.16,5151
2026-09-15 16:14,244.08,244.15,243.59,243.74,7122
2026-09-15 16:15,243.81,244.13,243.723,244.13,8709
2026-09-15 16:16,244.02,244.78,243.67,244.78,17107
2026-09-15 16:17,244.775,244.775,244.63,244.635,3152
2026-09-15 16:18,244.61,244.667,244.52,244.57,3626
2026-09-15 16:19,244.49,244.49,244.49,244.49,1589
2026-09-15 16:20,244.79,244.79,244.67,244.685,1869
2026-09-15 16:21,244.695,244.7,244.53,244.7,2172
2026-09-15 16:22,244.56,244.748,243.54,243.635,33937
2026-09-15 16:23,243.71,244.08,243.53,244.08,8755
2026-09-15 16:24,243.905,243.905,242.53,242.735,19308
2026-09-15 16:25,242.53,242.837,241.91,241.93,21666
2026-09-15 16:26,241.95,242.45,241.95,242.22,6593
2026-09-15 16:27,242.17,242.17,241.8,241.865,6190
2026-09-15 16:28,241.75,241.77,241.64,241.72,9707
2026-09-15 16:29,241.76,241.89,241.497,241.83,10008
2026-09-15 16:30,241.96,241.96,240.99,241.05,16031
2026-09-15 16:31,241.215,241.88,241.088,241.88,6505
2026-09-15 16:32,241.92,242.16,241.92,242.1,7494
2026-09-15 16:33,242.21,242.21,242.06,242.11,4138
2026-09-15 16:34,242.21,242.31,241.67,241.735,10426
2026-09-15 16:35,241.82,241.937,241.81,241.815,3351
2026-09-15 16:36,241.83,242.24,241.83,242.01,3559
2026-09-15 16:37,241.9,241.97,241.86,241.97,1522
2026-09-15 16:38,242.115,242.24,242.065,242.14,2638
2026-09-15 16:39,242.14,242.26,242.03,242.26,2128
2026-09-15 16:40,242.27,242.58,242.138,242.53,6380
2026-09-15 16:41,242.475,242.66,242.38,242.49,3031
2026-09-15 16:42,242.445,242.445,242.42,242.445,960
2026-09-15 16:43,242.505,242.515,241.72,241.975,9350
2026-09-15 16:44,242.18,242.59,242.18,242.48,3391
2026-09-15 16:45,242.32,242.56,242.32,242.56,3619
2026-09-15 16:46,242.53,242.97,242.53,242.92,3742
2026-09-15 16:47,242.83,242.84,242.413,242.435,8387
2026-09-15 16:48,242.41,242.41,242.297,242.31,1283
2026-09-15 16:49,242.26,242.44,242.26,242.4,2822
2026-09-15 16:50,242.71,242.71,242.68,242.68,541
2026-09-15 16:51,242.92,242.99,242.71,242.855,4702
2026-09-15 16:52,242.81,243.08,242.765,243.08,5837
2026-09-15 16:53,243,243,242.985,243,2337
2026-09-15 16:54,242.91,242.91,242.63,242.76,4054
2026-09-15 16:55,242.735,242.76,242.241,242.335,5804
2026-09-15 16:56,242.335,242.335,242.055,242.13,8717
2026-09-15 16:57,242.12,242.18,242.028,242.18,1873
2026-09-15 16:58,241.99,242.33,241.87,242.187,7091
2026-09-15 16:59,242.17,242.17,241.575,241.81,4574
2026-09-15 17:00,241.89,241.89,241.8,241.8,2752
2026-09-15 17:01,242.05,242.13,241.97,242.125,3055
2026-09-15 17:02,242.125,242.21,241.98,242.085,3548
2026-09-15 17:03,241.99,242.035,241.905,242.035,1704
2026-09-15 17:04,242.19,242.2,241.89,242.01,1747
2026-09-15 17:05,241.74,241.76,241.595,241.595,2770
2026-09-15 17:06,241.43,241.82,241.43,241.82,2782
2026-09-15 17:07,241.62,241.64,241.62,241.64,852
2026-09-15 17:08,241.665,241.665,241.665,241.665,674
2026-09-15 17:09,241.82,241.82,241.72,241.79,3693
2026-09-15 17:10,241.8,242.12,241.8,242.12,6455
2026-09-15 17:11,242.17,242.3,242.17,242.3,2177
2026-09-15 17:12,242.389,242.389,242.01,242.13,4874
2026-09-15 17:13,242.12,242.12,242.105,242.105,644
2026-09-15 17:14,242.13,242.25,242.13,242.25,1618
2026-09-15 17:15,242.125,242.125,241.87,242,5057
2026-09-15 17:16,242.11,242.14,242.11,242.14,989
2026-09-15 17:17,242.275,242.275,242.275,242.275,927
2026-09-15 17:18,242.25,242.45,242.25,242.335,1342
2026-09-15 17:19,242.36,242.36,242.335,242.335,1503
2026-09-15 17:20,242.46,242.46,242.41,242.41,3007
2026-09-15 17:21,242.36,242.47,242.31,242.47,2893
2026-09-15 17:22,242.441,242.441,242.32,242.33,2771
2026-09-15 17:23,242.35,242.71,242.35,242.66,3803
2026-09-15 17:24,242.59,242.59,242.29,242.32,2911
2026-09-15 17:25,242.425,242.65,242.29,242.65,2196
2026-09-15 17:26,242.54,242.54,242.535,242.535,927
2026-09-15 17:27,242.6,242.63,242.41,242.52,12459
2026-09-15 17:28,242.52,242.72,242.439,242.72,5966
2026-09-15 17:29,242.51,242.89,242.51,242.89,4643
2026-09-15 17:30,242.99,243,242.685,242.74,4722
2026-09-15 17:31,242.825,242.9,242.788,242.88,4079
2026-09-15 17:32,242.84,243.43,242.84,243.375,7229
2026-09-15 17:33,243.33,243.42,243.18,243.315,4554
2026-09-15 17:34,243.665,243.665,243.56,243.63,2843
2026-09-15 17:35,243.65,243.77,243.64,243.64,2803
2026-09-15 17:36,243.62,243.62,243.18,243.305,7389
2026-09-15 17:37,243.295,243.365,243.117,243.3,4478
2026-09-15 17:38,243.355,243.355,242.885,242.885,3563
2026-09-15 17:39,242.895,242.895,242.665,242.665,8756
2026-09-15 17:40,242.595,242.75,242.53,242.75,3889
2026-09-15 17:41,242.75,242.89,242.6,242.708,5970
2026-09-15 17:42,242.725,242.955,242.7,242.7,2540
2026-09-15 17:43,242.675,243.01,242.675,242.91,3384
2026-09-15 17:44,242.875,242.875,242.79,242.79,1636
2026-09-15 17:45,242.96,243.035,242.88,243.02,1614
2026-09-15 17:46,242.947,243.07,242.947,242.95,1752
2026-09-15 17:47,242.82,243.19,242.82,242.986,22199
2026-09-15 17:48,243.04,243.04,243.025,243.025,962
2026-09-15 17:49,242.94,243.035,242.94,243.035,1044
2026-09-15 17:50,243.05,243.055,242.92,242.975,6593
2026-09-15 17:51,242.873,242.98,242.873,242.98,1467
2026-09-15 17:52,242.92,242.98,242.9,242.9,1620
2026-09-15 17:53,242.98,243.08,242.925,243.08,2165
2026-09-15 17:54,243.158,243.19,242.99,242.99,2215
2026-09-15 17:55,243.085,243.19,243.085,243.12,1167
2026-09-15 17:56,243.195,243.43,243.195,243.3,3845
2026-09-15 17:57,243.325,243.393,243.32,243.393,2171
2026-09-15 17:58,243.34,243.559,243.21,243.505,9469
2026-09-15 17:59,243.505,243.505,243.44,243.475,3043
2026-09-15 18:00,243.448,243.48,243.193,243.39,4870
2026-09-15 18:01,243.41,243.5,243.268,243.268,1929
2026-09-15 18:02,243.56,243.59,243.545,243.59,3214
2026-09-15 18:03,243.67,243.83,243.57,243.655,11282
2026-09-15 18:04,243.705,243.705,243.705,243.705,533
2026-09-15 18:05,243.7,243.7,243.7,243.7,993
2026-09-15 18:06,243.64,243.75,243.582,243.74,5315
2026-09-15 18:07,243.85,244.01,243.8,244,4584
2026-09-15 18:08,244.01,244.16,243.915,244.135,5594
2026-09-15 18:09,244.135,244.32,244.053,244.08,8532
2026-09-15 18:10,244.15,244.17,243.28,243.4,10297
2026-09-15 18:11,243.34,243.81,243.3,243.81,4335
2026-09-15 18:12,243.725,243.725,243.6,243.605,2304
2026-09-15 18:13,243.78,243.81,243.48,243.48,1772
2026-09-15 18:14,243.69,243.69,243.595,243.595,1653
2026-09-15 18:15,243.6,243.68,243.6,243.6,2424
2026-09-15 18:16,243.48,243.635,243.36,243.635,4648
2026-09-15 18:17,243.55,243.6,243.445,243.6,4375
2026-09-15 18:18,243.53,243.535,243.424,243.535,3160
2026-09-15 18:20,243.6,243.745,243.52,243.67,6630
2026-09-15 18:21,243.685,243.685,243.574,243.66,1490
2026-09-15 18:22,243.66,243.77,243.62,243.77,3930
2026-09-15 18:23,243.71,243.71,243.478,243.478,5970
2026-09-15 18:24,243.62,243.625,243.54,243.61,1857
2026-09-15 18:25,243.615,243.615,243.51,243.51,1773
2026-09-15 18:26,243.71,243.71,243.54,243.67,7923
2026-09-15 18:27,243.66,243.66,243.54,243.575,2314
2026-09-15 18:28,243.63,243.685,243.63,243.68,2161
2026-09-15 18:29,243.805,243.912,243.8,243.8,2853
2026-09-15 18:30,243.78,243.78,243.521,243.61,3639
2026-09-15 18:31,243.61,243.61,243.51,243.61,3089
2026-09-15 18:32,243.575,243.575,243.31,243.31,4882
2026-09-15 18:33,243.21,243.274,243.13,243.19,3394
2026-09-15 18:34,243.19,243.2,243.07,243.07,3813
2026-09-15 18:35,243.13,243.13,243.01,243.01,2623
2026-09-15 18:36,242.94,242.94,242.806,242.85,3596
2026-09-15 18:37,242.795,242.87,242.53,242.84,7409
2026-09-15 18:38,242.87,242.87,242.57,242.655,4521
2026-09-15 18:39,242.655,242.745,242.615,242.745,4401
2026-09-15 18:40,242.79,242.798,242.61,242.695,2129
2026-09-15 18:41,242.7,243.043,242.7,243.043,6445
2026-09-15 18:42,242.865,242.865,242.69,242.69,1465
2026-09-15 18:43,242.674,242.835,242.674,242.775,1959
2026-09-15 18:44,242.89,242.98,242.83,242.98,1486
2026-09-15 18:45,242.98,242.98,242.79,242.79,2709
2026-09-15 18:46,243.04,243.04,242.67,242.67,2951
2026-09-15 18:47,242.616,242.86,242.616,242.725,1709
2026-09-15 18:48,242.76,242.76,242.42,242.42,12521
2026-09-15 18:49,242.29,242.4,242.245,242.28,4382
2026-09-15 18:50,242.42,242.65,242.42,242.56,5707
2026-09-15 18:51,242.482,242.52,242.254,242.506,2455
2026-09-15 18:52,242.365,242.52,242.365,242.43,2292
2026-09-15 18:53,242.43,242.43,242.43,242.43,1355
2026-09-15 18:54,242.465,242.71,242.465,242.71,2648
2026-09-15 18:55,242.79,242.79,242.685,242.7,2811
2026-09-15 18:56,242.62,242.64,242.52,242.635,4808
2026-09-15 18:57,242.79,242.9,242.641,242.641,7440
2026-09-15 18:58,242.595,242.645,242.51,242.645,1919
2026-09-15 18:59,242.85,242.97,242.619,242.97,2179
2026-09-15 19:00,242.97,243.19,242.97,243.19,4487
2026-09-15 19:01,243.125,243.28,243.05,243.05,4019
2026-09-15 19:02,243.035,243.075,242.97,242.97,1483
2026-09-15 19:03,243.06,243.29,243.06,243.215,2790
2026-09-15 19:04,243.29,243.393,243.265,243.28,5123
2026-09-15 19:05,243.325,243.325,242.87,243.095,6654
2026-09-15 19:06,243.19,243.32,243.19,243.278,2798
2026-09-15 19:07,243.2,243.235,243.2,243.235,1047
2026-09-15 19:08,243.32,243.58,243.27,243.52,3914
2026-09-15 19:09,243.52,243.611,243.46,243.611,3265
2026-09-15 19:10,243.613,243.613,243.545,243.545,3375
2026-09-15 19:11,243.545,244.06,243.46,244.06,5389
2026-09-15 19:12,244.089,244.089,243.91,243.975,3433
2026-09-15 19:13,243.925,243.925,243.493,243.605,6652
2026-09-15 19:14,243.71,243.71,243.5,243.57,1325
2026-09-15 19:15,243.635,243.655,243.54,243.655,906
2026-09-15 19:16,243.575,243.575,243.415,243.54,4463
2026-09-15 19:17,243.5,243.5,243.42,243.49,1486
2026-09-15 19:18,243.535,243.535,243.16,243.265,4565
2026-09-15 19:19,243.27,243.335,243.18,243.335,941
2026-09-15 19:20,243.401,243.401,243.19,243.19,4528
2026-09-15 19:21,243.08,243.08,242.901,242.901,3457
2026-09-15 19:22,242.975,243.02,242.855,242.9,4138
2026-09-15 19:23,242.86,242.942,242.74,242.845,5444
2026-09-15 19:24,242.91,242.91,242.72,242.72,4406
2026-09-15 19:25,242.69,242.78,242.42,242.605,4692
2026-09-15 19:26,242.793,242.793,242.72,242.72,1322
2026-09-15 19:27,242.83,243.15,242.71,243.08,9505
2026-09-15 19:28,243.075,243.075,242.91,242.91,5236
2026-09-15 19:29,242.86,242.93,242.82,242.855,3218
2026-09-15 19:30,242.855,242.883,242.72,242.8,3293
2026-09-15 19:31,242.67,242.85,242.67,242.85,3007
2026-09-15 19:32,242.93,242.93,242.775,242.775,3824
2026-09-15 19:33,242.81,242.91,242.81,242.89,3723
2026-09-15 19:34,242.83,242.83,242.7,242.71,5997
2026-09-15 19:35,242.625,242.625,242.345,242.43,5838
2026-09-15 19:36,242.435,242.7,242.435,242.65,9845
2026-09-15 19:37,242.6,242.6,242.533,242.55,2535
2026-09-15 19:38,242.55,242.7,242.45,242.48,7405
2026-09-15 19:39,242.445,242.48,242.322,242.34,11053
2026-09-15 19:40,242.35,242.49,242.32,242.49,7909
2026-09-15 19:41,242.49,242.495,242.35,242.41,4224
2026-09-15 19:42,242.405,242.405,242.1,242.11,8534
2026-09-15 19:43,242.08,242.219,241.961,242.165,9875
2026-09-15 19:44,242.09,242.125,241.81,241.94,8920
2026-09-15 19:45,241.935,242.24,241.935,242.175,8119
2026-09-15 19:46,242.25,242.39,242.15,242.31,16301
2026-09-15 19:47,242.315,242.42,242.27,242.29,10947
2026-09-15 19:48,242.325,242.325,241.81,241.81,5952
2026-09-15 19:49,241.86,241.97,241.74,241.74,10941
2026-09-15 19:50,241.72,241.78,241.49,241.68,13492
2026-09-15 19:51,241.685,241.78,241.58,241.61,9706
2026-09-15 19:52,241.607,241.607,241.17,241.18,29048
2026-09-15 19:53,241.125,241.366,240.952,241.115,22085
2026-09-15 19:54,241.12,241.185,240.72,240.975,28905
2026-09-15 19:55,240.97,241.29,240.97,241.11,36467
2026-09-15 19:56,241.075,241.075,240.68,240.795,41434
2026-09-15 19:57,240.82,241.06,240.8,241.06,35475
2026-09-15 19:58,241.01,241.21,240.69,241.155,58580
2026-09-15 19:59,241.2,241.93,241.12,241.85,66999
2026-09-16 13:30,246.865,248.57,246.61,248.27,121264
2026-09-16 13:31,248.57,248.9,247.31,247.435,12219
2026-09-16 13:32,248.07,249.98,247.775,249.33,20780
2026-09-16 13:33,249.14,249.79,247.99,248.76,27889
2026-09-16 13:34,248.52,250.93,248.2,250.61,32640
2026-09-16 13:35,250.305,251,250.3,250.67,23175
2026-09-16 13:36,250.43,250.65,248.989,249.695,27725
2026-09-16 13:37,249.6,249.6,248,249.195,16284
2026-09-16 13:38,249.315,250.749,249.13,250.35,14029
2026-09-16 13:39,250.73,251.59,250,251.3,21634
2026-09-16 13:40,251.076,251.98,250.725,251.16,19024
2026-09-16 13:41,251.065,251.74,250.8,251.33,12442
2026-09-16 13:42,251.31,251.53,250.37,250.93,26569
2026-09-16 13:43,250.74,250.93,250.32,250.765,13489
2026-09-16 13:44,250.629,250.76,250,250.425,10588
2026-09-16 13:45,250.53,251.24,250.25,251.155,14569
2026-09-16 13:46,251.16,251.2,250.665,251.06,17832
2026-09-16 13:47,251.27,252.615,251,252.05,35654
2026-09-16 13:48,252.6,252.71,252.14,252.28,11834
2026-09-16 13:49,252.4,252.795,251.88,252.33,16236
2026-09-16 13:50,252.32,252.7,251.4,251.497,11163
2026-09-16 13:51,251.516,251.527,249.4,249.97,23158
2026-09-16 13:52,249.95,250.135,249.24,250.125,16277
2026-09-16 13:53,250.01,250.01,249.08,249.331,8805
2026-09-16 13:54,249.775,249.92,249.27,249.92,9952
2026-09-16 13:55,249.995,250.99,249.995,250.9,5575
2026-09-16 13:56,250.77,250.99,250.555,250.93,5790
2026-09-16 13:57,251,251.37,250.71,250.88,10809
2026-09-16 13:58,250.4,250.49,250.12,250.363,2450
2026-09-16 13:59,250.26,250.418,249.82,249.82,8612
2026-09-16 14:00,250.015,250.52,250,250.405,3503
2026-09-16 14:01,250.16,250.16,249.78,250.005,5583
2026-09-16 14:02,249.88,249.88,249.065,249.26,6971
2026-09-16 14:03,249.38,249.52,249.165,249.4,5003
2026-09-16 14:04,249.47,249.47,249.205,249.235,2486
2026-09-16 14:05,249.245,249.245,248.637,248.637,4383
2026-09-16 14:06,248.72,248.99,248.5,248.99,5392
2026-09-16 14:07,249.17,249.17,248.78,248.89,5500
2026-09-16 14:08,249.045,249.89,249,249.89,7098
2026-09-16 14:09,249.878,250.76,249.878,250.505,5716
2026-09-16 14:10,250.44,250.71,250.15,250.15,6285
2026-09-16 14:11,250.16,250.16,249.75,249.815,3596
2026-09-16 14:12,249.55,249.55,249.134,249.285,3747
2026-09-16 14:13,249.08,249.335,248.53,249.03,10151
2026-09-16 14:14,249.36,249.62,249.36,249.375,2520
2026-09-16 14:15,249.32,249.32,249.085,249.25,4295
2026-09-16 14:16,249.185,249.548,248.695,249.285,16901
2026-09-16 14:17,248.93,249.51,248.93,249.23,3947
2026-09-16 14:18,249.23,249.94,249.23,249.555,3919
2026-09-16 14:19,249.555,249.65,249.18,249.26,6727
2026-09-16 14:20,249.26,249.45,249.03,249.215,5434
2026-09-16 14:21,249.185,249.25,249,249.25,5178
2026-09-16 14:22,249.38,249.38,248.76,248.98,7697
2026-09-16 14:23,249.025,249.075,248.895,249,3070
2026-09-16 14:24,249.61,249.61,249.44,249.44,2780
2026-09-16 14:25,249.42,249.42,249.03,249.03,4418
2026-09-16 14:26,248.68,248.823,248.55,248.55,7261
2026-09-16 14:27,249.29,249.38,248.94,249.054,4029
2026-09-16 14:28,248.84,248.88,248.52,248.54,5095
2026-09-16 14:29,248.95,248.95,248.78,248.803,1941
2026-09-16 14:30,248.51,248.56,248.4,248.56,4446
2026-09-16 14:31,248.56,248.645,248.455,248.455,1974
2026-09-16 14:32,248.385,248.385,247.395,247.6,13025
2026-09-16 14:33,247.703,247.77,247.555,247.555,3371
2026-09-16 14:34,247.41,247.505,247,247.35,16927
2026-09-16 14:35,247.33,247.33,246.925,247.12,8983
2026-09-16 14:36,247.26,247.42,247.01,247.07,7893
2026-09-16 14:37,247.215,247.215,246.9,247.155,3113
2026-09-16 14:38,247.13,247.16,246.985,246.985,3394
2026-09-16 14:39,247,247,246.7,246.78,5304
2026-09-16 14:40,246.825,247.12,246.801,247.12,2620
2026-09-16 14:41,246.86,247,246.687,246.78,4266
2026-09-16 14:42,246.908,246.908,246.908,246.908,574
2026-09-16 14:43,246.9,247.81,246.85,247.81,5439
2026-09-16 14:44,247.825,247.932,247.62,247.67,3543
2026-09-16 14:45,247.665,247.731,247.583,247.583,2154
2026-09-16 14:46,247.657,248.115,247.657,248.105,3091
2026-09-16 14:47,248.219,248.219,247.795,247.85,1681
2026-09-16 14:48,247.61,247.61,247.61,247.61,806
2026-09-16 14:49,247.565,247.565,247.557,247.565,1969
2026-09-16 14:50,247.75,247.76,247.46,247.49,2605
2026-09-16 14:51,247.27,247.27,247.097,247.097,1894
2026-09-16 14:52,247.285,247.285,247.285,247.285,530
2026-09-16 14:53,247.46,247.595,247.46,247.595,2139
2026-09-16 14:54,247.515,247.515,247.515,247.515,670
2026-09-16 14:55,247.585,247.73,247.32,247.32,4698
2026-09-16 14:56,247.355,247.355,247.355,247.355,692
2026-09-16 14:57,247.57,247.57,247.57,247.57,1616
2026-09-16 14:58,247.585,247.667,247.585,247.667,2415
2026-09-16 14:59,247.715,247.715,247.53,247.53,1005
2026-09-16 15:00,247.715,248.15,247.715,247.97,9570
2026-09-16 15:01,247.97,248.48,247.844,248.315,3662
2026-09-16 15:02,248.4,248.49,248.04,248.045,5501
2026-09-16 15:03,248.1,248.1,248.01,248.1,2697
2026-09-16 15:04,248.2,248.376,248.19,248.19,2934
2026-09-16 15:05,248.29,248.29,247.98,247.98,2546
2026-09-16 15:06,247.96,247.96,247.92,247.92,2703
2026-09-16 15:07,247.88,248.49,247.88,248.49,6546
2026-09-16 15:08,248.59,249.735,248.59,249.735,5067
2026-09-16 15:09,249.82,249.89,249.3,249.42,9782
2026-09-16 15:10,249.33,249.33,249.171,249.325,867
2026-09-16 15:11,249.17,249.23,248.925,249,4807
2026-09-16 15:12,248.8,248.83,248.635,248.83,2079
2026-09-16 15:13,248.645,248.645,248.645,248.645,483
2026-09-16 15:14,248.801,249,248.801,249,2653
2026-09-16 15:17,248.79,248.79,248.79,248.79,784
2026-09-16 15:18,248.79,248.79,248.72,248.72,1715
2026-09-16 15:19,248.765,249.1,248.73,249.1,3299
2026-09-16 15:20,248.935,248.935,248.935,248.935,555
2026-09-16 15:21,248.925,249,248.66,248.66,2289
2026-09-16 15:22,248.59,248.97,248.56,248.97,1932
2026-09-16 15:23,249.06,249.06,248.82,248.82,697
2026-09-16 15:24,248.825,248.825,248.825,248.825,2567
2026-09-16 15:25,249,249.34,249,249.34,3666
2026-09-16 15:26,249.35,249.65,249.141,249.55,7771
2026-09-16 15:27,249.29,249.596,249.29,249.475,2268
2026-09-16 15:28,249.465,249.61,249.08,249.08,7017
2026-09-16 15:29,248.905,249.04,248.7,249.04,1034
2026-09-16 15:30,248.71,248.86,248.385,248.6,4722
2026-09-16 15:31,248.345,248.66,248.345,248.66,3693
2026-09-16 15:32,248.161,248.67,248.161,248.67,1935
2026-09-16 15:33,248.425,248.53,248.28,248.53,3051
2026-09-16 15:34,248.365,248.41,248.365,248.41,1628
2026-09-16 15:35,248.41,248.56,248.26,248.55,5192
2026-09-16 15:36,248.54,248.6,248.54,248.6,1130
2026-09-16 15:37,248.6,248.6,248.31,248.31,1926
2026-09-16 15:38,248.26,248.42,248.2,248.42,2588
2026-09-16 15:39,248.42,248.43,248.375,248.375,1187
2026-09-16 15:40,248.17,248.508,248.17,248.375,946
2026-09-16 15:41,248.37,248.37,247.98,248.065,4445
2026-09-16 15:42,248.045,248.3,248.045,248.28,3028
2026-09-16 15:43,247.979,248.065,247.979,248.065,832
2026-09-16 15:44,248.25,248.25,248.215,248.215,1517
2026-09-16 15:45,248.21,248.225,248.21,248.22,964
2026-09-16 15:46,248.275,248.275,248.255,248.255,829
2026-09-16 15:47,248.36,250.24,248.36,249.435,17007
2026-09-16 15:48,249.43,249.43,248.98,248.98,2837
2026-09-16 15:49,249.44,249.44,249.2,249.2,2504
2026-09-16 15:50,249.145,249.281,248.95,248.95,3367
2026-09-16 15:51,248.85,248.9,248.72,248.725,1989
2026-09-16 15:52,248.86,248.86,248.86,248.86,1187
2026-09-16 15:53,248.975,249.08,248.855,248.855,763
2026-09-16 15:54,248.68,248.76,248.52,248.52,2238
2026-09-16 15:55,248.505,248.505,248.505,248.505,1217
2026-09-16 15:56,248.53,248.63,248.431,248.63,1145
2026-09-16 15:57,248.75,248.75,248.75,248.75,489
2026-09-16 15:58,248.66,248.66,248.555,248.555,655
2026-09-16 15:59,248.66,248.74,248.5,248.5,3334
2026-09-16 16:00,248.473,248.473,248.39,248.4,2322
2026-09-16 16:01,248.48,248.48,248.17,248.17,2347
2026-09-16 16:02,248.29,248.49,248.29,248.45,3698
2026-09-16 16:03,248.34,248.37,248.28,248.37,1131
2026-09-16 16:04,248.365,248.365,247.91,247.91,3644
2026-09-16 16:05,248.25,248.257,248.25,248.257,1263
2026-09-16 16:06,248.54,248.54,248.36,248.36,414
2026-09-16 16:07,248.2,248.49,248.2,248.49,2831
2026-09-16 16:08,248.26,248.36,248.15,248.36,2506
2026-09-16 16:09,248.36,248.57,248.28,248.38,2274
2026-09-16 16:10,248.23,248.23,248.23,248.23,800
2026-09-16 16:11,248.34,248.34,248.31,248.31,540
2026-09-16 16:12,248.235,248.235,248.077,248.077,2865
2026-09-16 16:13,248.13,248.27,248.13,248.17,975
2026-09-16 16:14,248.074,248.268,248.074,248.268,1313
2026-09-16 16:15,248.34,248.4,248.1,248.23,1291
2026-09-16 16:16,248.2,248.54,248.17,248.34,10397
2026-09-16 16:17,248.4,248.4,248.28,248.28,477
2026-09-16 16:18,248.365,248.365,248.171,248.245,1496
2026-09-16 16:19,248.33,248.33,248.33,248.33,656
2026-09-16 16:20,248.271,248.415,248.25,248.27,1876
2026-09-16 16:21,248.54,248.54,248.43,248.43,643
2026-09-16 16:22,248.415,248.415,248.415,248.415,419
2026-09-16 16:23,248.29,248.33,248.22,248.255,3469
2026-09-16 16:24,248.11,248.11,247.99,248.01,1727
2026-09-16 16:25,248.07,248.13,248,248,2005
2026-09-16 16:26,248.06,248.19,247.52,247.56,25346
2026-09-16 16:27,247.524,247.665,247.524,247.63,1018
2026-09-16 16:28,247.68,247.832,247.52,247.832,2838
2026-09-16 16:31,247.78,247.78,247.32,247.32,3553
2026-09-16 16:32,247.11,247.307,247.11,247.307,1119
2026-09-16 16:33,247.12,247.23,247.1,247.17,1709
2026-09-16 16:34,247.17,247.46,247.17,247.46,2428
2026-09-16 16:35,247.49,247.75,247.49,247.57,1323
2026-09-16 16:36,247.715,247.82,247.71,247.77,1446
2026-09-16 16:37,247.66,247.79,247.645,247.65,1775
2026-09-16 16:38,247.635,247.635,247.635,247.635,307
2026-09-16 16:39,247.715,247.715,247.24,247.245,2770
2026-09-16 16:40,247.3,247.3,247.3,247.3,359
2026-09-16 16:41,247.39,247.39,247.25,247.25,2186
2026-09-16 16:42,247.18,247.18,247.18,247.18,513
2026-09-16 16:43,247.23,247.375,247.23,247.375,2351
2026-09-16 16:44,247.22,247.22,246.94,247.15,5641
2026-09-16 16:45,247.26,247.29,247.01,247.155,1605
2026-09-16 16:46,247.185,247.385,247.185,247.385,2881
2026-09-16 16:47,247.28,247.41,247.28,247.41,1219
2026-09-16 16:48,247.42,247.72,247.4,247.4,2460
2026-09-16 16:49,247.45,247.53,247.3,247.34,2969
2026-09-16 16:50,247.21,247.29,247.12,247.12,3869
2026-09-16 16:51,247.12,247.255,247.12,247.12,2293
2026-09-16 16:52,246.986,247.082,246.97,246.97,2504
2026-09-16 16:53,247.105,247.41,247.105,247.41,672
2026-09-16 16:54,247.314,247.39,247.195,247.39,1153
2026-09-16 16:55,247.048,247.048,247.044,247.044,603
2026-09-16 16:56,247.33,247.42,247.33,247.42,717
2026-09-16 16:57,247.31,247.42,247.31,247.42,5874
2026-09-16 16:58,247.39,247.39,247.39,247.39,635
2026-09-16 16:59,247.29,247.38,247.13,247.13,1448
2026-09-16 17:00,247.13,247.16,246.78,246.78,5901
2026-09-16 17:01,246.77,246.8,246.735,246.735,2129
2026-09-16 17:02,246.875,246.95,246.875,246.95,840
2026-09-16 17:03,246.73,246.855,246.65,246.65,2495
2026-09-16 17:04,246.69,247.05,246.65,247.05,4351
2026-09-16 17:05,247.17,247.21,247.04,247.18,1580
2026-09-16 17:06,247.045,247.045,247.045,247.045,257
2026-09-16 17:07,247.24,247.24,247.065,247.065,517
2026-09-16 17:08,247.045,247.045,247.004,247.035,924
2026-09-16 17:09,247.18,247.28,247.05,247.28,2687
2026-09-16 17:10,247.165,247.28,247.111,247.111,1741
2026-09-16 17:11,247.23,247.23,247.15,247.15,1001
2026-09-16 17:12,247.12,247.22,247.03,247.22,4988
2026-09-16 17:13,247.05,247.21,246.89,246.89,5040
2026-09-16 17:14,246.935,246.935,246.84,246.909,876
2026-09-16 17:15,246.84,246.84,246.84,246.84,1544
2026-09-16 17:16,246.84,246.84,246.84,246.84,673
2026-09-16 17:17,246.795,246.82,246.73,246.79,2094
2026-09-16 17:18,246.775,246.785,246.53,246.53,4972
2026-09-16 17:19,246.63,246.63,246.63,246.63,1182
2026-09-16 17:20,246.72,246.8,246.65,246.73,3016
2026-09-16 17:21,246.558,246.74,246.558,246.645,2042
2026-09-16 17:22,246.645,246.645,246.34,246.34,6738
2026-09-16 17:23,246.352,246.42,246.352,246.42,1029
2026-09-16 17:24,246.313,246.313,246.149,246.17,1598
2026-09-16 17:25,246.14,246.33,246.13,246.33,1251
2026-09-16 17:26,246.27,246.27,246.19,246.19,2483
2026-09-16 17:27,246.36,246.36,246.36,246.36,720
2026-09-16 17:28,246.28,246.29,246.23,246.25,3404
2026-09-16 17:29,246.318,246.35,246.255,246.255,1667
2026-09-16 17:30,246.32,246.375,246.32,246.36,1640
2026-09-16 17:31,246.373,246.57,246.23,246.485,3323
2026-09-16 17:32,246.53,246.545,246.453,246.545,1441
2026-09-16 17:33,246.505,246.558,246.505,246.558,1204
2026-09-16 17:34,246.35,246.425,246.25,246.425,2152
2026-09-16 17:35,246.388,246.388,246.388,246.388,650
2026-09-16 17:36,246.34,246.34,246.15,246.155,2990
2026-09-16 17:37,246.231,246.231,246.231,246.231,539
2026-09-16 17:38,246.021,246.15,246.011,246.15,1490
2026-09-16 17:39,246.055,246.15,246.01,246.122,2122
2026-09-16 17:40,246.14,246.22,246.13,246.13,1443
2026-09-16 17:41,246.17,246.25,245.96,246.25,6169
2026-09-16 17:42,246.14,246.25,245.95,246.1,1776
2026-09-16 17:43,246.24,246.41,246.23,246.235,2335
2026-09-16 17:44,246.235,246.235,246.235,246.235,914
2026-09-16 17:45,246.4,246.42,246.074,246.225,2230
2026-09-16 17:46,246.225,246.235,246.225,246.235,680
2026-09-16 17:47,246.41,246.41,246.25,246.41,2010
2026-09-16 17:48,246.41,246.68,246.41,246.47,4146
2026-09-16 17:49,246.43,246.525,246.43,246.525,1028
2026-09-16 17:50,246.4,246.535,246.4,246.455,2365
2026-09-16 17:52,246.49,246.74,246.46,246.74,2860
2026-09-16 17:53,246.585,247.76,246.585,247.76,5067
2026-09-16 17:54,247.77,247.77,247.265,247.31,7127
2026-09-16 17:55,247.4,247.605,247.4,247.605,2908
2026-09-16 17:56,247.605,247.82,247.54,247.82,12637
2026-09-16 17:57,247.815,248.3,247.729,248.14,7084
2026-09-16 17:58,248.26,248.815,248.01,248.79,16449
2026-09-16 17:59,248.67,249.346,248.622,249.346,6511
2026-09-16 18:00,249.3,249.94,247.77,248.105,41489
2026-09-16 18:01,247.69,247.71,245.51,245.51,14474
2026-09-16 18:02,245.53,246.83,245.53,246.62,6079
2026-09-16 18:03,246.97,247.623,246.785,246.925,2978
2026-09-16 18:04,246.505,247.86,246.47,247.74,6755
2026-09-16 18:05,247.63,248.2,247.63,248.13,3969
2026-09-16 18:06,248.259,248.377,247.51,247.815,7668
2026-09-16 18:07,247.755,248.285,247.755,248.285,2634
2026-09-16 18:08,248.005,248.16,247.61,247.61,3453
2026-09-16 18:09,247.43,247.52,247.41,247.52,1916
2026-09-16 18:10,247.52,247.695,246.76,247,4960
2026-09-16 18:11,247,247.688,246.85,247.22,10339
2026-09-16 18:12,246.99,246.99,246.65,246.68,2799
2026-09-16 18:13,247.28,247.28,246.349,246.64,5705
2026-09-16 18:14,246.79,246.855,246.605,246.605,2060
2026-09-16 18:15,246.48,246.6,246.29,246.29,3516
2026-09-16 18:16,246.21,246.55,246.21,246.348,1624
2026-09-16 18:17,246.345,246.64,246.1,246.1,2109
2026-09-16 18:18,246.5,246.66,246.335,246.51,2466
2026-09-16 18:19,246.469,246.469,245.56,246.2,8038
2026-09-16 18:20,246.41,246.41,245.98,246.08,5488
2026-09-16 18:21,246.19,246.23,246,246,2107
2026-09-16 18:22,245.985,246.62,245.985,246.62,2155
2026-09-16 18:23,246.07,246.389,246.07,246.31,1425
2026-09-16 18:24,246.15,246.55,246.15,246.52,3968
2026-09-16 18:25,246.27,246.27,245.94,245.945,4757
2026-09-16 18:26,245.945,246.08,245.69,245.855,3889
2026-09-16 18:27,245.7,245.7,245.102,245.13,12373
2026-09-16 18:28,245.1,246.1,245,246.1,8995
2026-09-16 18:29,245.865,246.35,245.5,246.256,3577
2026-09-16 18:30,246.09,246.55,245.95,246.14,5956
2026-09-16 18:31,246.205,246.205,245.445,245.8,3916
2026-09-16 18:32,245.97,245.97,245.09,245.56,6113
2026-09-16 18:33,245.335,246.23,245.02,245.94,6657
2026-09-16 18:34,246.02,246.135,245.72,245.72,4869
2026-09-16 18:35,245.835,245.835,244.89,245.365,13272
2026-09-16 18:36,245.345,245.345,244.54,244.54,10749
2026-09-16 18:37,244.615,245.05,244.615,245.05,1603
2026-09-16 18:38,245.59,246.167,245.59,245.935,4797
2026-09-16 18:39,245.77,245.9,244.66,244.97,13961
2026-09-16 18:40,244.97,245.08,244.755,244.9,9460
2026-09-16 18:41,244.737,245.76,244.63,245.76,11390
2026-09-16 18:42,245.785,246.18,245.35,246,12953
2026-09-16 18:43,245.72,246.14,245.56,245.56,15587
2026-09-16 18:44,245.66,245.66,244.7,244.802,11096
2026-09-16 18:45,244.88,245.391,244.765,244.86,14178
2026-09-16 18:46,244.805,244.895,244.5,244.5,3183
2026-09-16 18:47,244.48,244.535,243.29,243.555,14322
2026-09-16 18:48,243.69,243.69,243.09,243.29,7583
2026-09-16 18:49,243.2,243.37,243.2,243.2,2537
2026-09-16 18:50,243.335,243.538,242.8,242.8,8157
2026-09-16 18:51,242.82,243.55,242.605,243.55,15388
2026-09-16 18:52,243,243.06,242.71,243.06,4517
2026-09-16 18:53,243.15,243.76,242.9,242.9,2315
2026-09-16 18:54,242.69,243.33,242.67,242.73,3870
2026-09-16 18:55,242.58,242.845,242.13,242.64,12217
2026-09-16 18:56,242.12,242.215,241.708,241.911,12643
2026-09-16 18:57,241.58,241.74,241.37,241.486,10450
2026-09-16 18:58,241.652,242.028,241.575,241.777,4784
2026-09-16 18:59,242.24,242.285,241.84,241.84,6234
2026-09-16 19:00,241.87,243.89,241.84,242.95,15651
2026-09-16 19:01,242.885,243.13,242.28,242.64,7808
2026-09-16 19:02,242.395,242.62,242.395,242.545,3464
2026-09-16 19:03,242.8,243.29,242.64,243.09,10321
2026-09-16 19:04,243.06,243.19,242.49,242.49,8005
2026-09-16 19:05,242.755,242.755,241.53,242.07,14626
2026-09-16 19:06,242.245,242.475,241.945,242.015,3766
2026-09-16 19:07,241.99,241.99,241.72,241.955,2973
2026-09-16 19:08,241.83,241.83,241.12,241.12,6358
2026-09-16 19:09,241.051,241.574,241.044,241.49,4438
2026-09-16 19:10,241.4,241.66,241.255,241.51,5408
2026-09-16 19:11,241.28,241.48,241,241.18,18018
2026-09-16 19:12,241.45,241.54,241.08,241.08,4805
2026-09-16 19:13,241.42,241.45,241.02,241.25,4307
2026-09-16 19:14,241.096,242.05,241.096,241.789,7672
2026-09-16 19:15,241.89,242.33,241.341,241.499,7996
2026-09-16 19:16,241.58,241.85,241.213,241.85,6344
2026-09-16 19:17,241.56,241.9,241.37,241.37,8928
2026-09-16 19:18,241.522,241.522,241.5,241.5,2252
2026-09-16 19:19,241.3,241.41,240.45,241.41,19024
2026-09-16 19:20,241.57,241.85,241.269,241.31,5684
2026-09-16 19:21,241.18,241.28,241.03,241.065,2881
2026-09-16 19:22,241.11,241.47,241.08,241.16,4954
2026-09-16 19:23,241.49,241.49,241.23,241.23,687
2026-09-16 19:24,241.31,241.54,241.1,241.51,4254
2026-09-16 19:25,241.25,241.68,241.04,241.04,12788
2026-09-16 19:26,240.83,241.2,240.8,241.19,6260
2026-09-16 19:27,241,241.47,241,241.335,5164
2026-09-16 19:28,241.325,241.82,241.325,241.33,5066
2026-09-16 19:29,241.61,242.29,241.58,242.29,6066
2026-09-16 19:30,242.35,242.64,242.22,242.57,6081
2026-09-16 19:31,242.445,242.84,242.445,242.723,7358
2026-09-16 19:32,242.78,243.92,242.675,243.92,24395
2026-09-16 19:33,243.615,243.78,242.91,243.39,10211
2026-09-16 19:34,243.56,243.56,242.96,243.3,9238
2026-09-16 19:35,243.195,243.35,242.82,242.91,7720
2026-09-16 19:36,242.81,242.81,242.23,242.59,6924
2026-09-16 19:37,242.57,243.02,242.54,243.02,2859
2026-09-16 19:38,243.03,243.03,242.59,242.59,3854
2026-09-16 19:39,242.73,242.935,242.68,242.935,5509
2026-09-16 19:40,243.04,243.54,242.94,243.38,14493
2026-09-16 19:41,243.38,243.38,242.3,242.68,12449
2026-09-16 19:42,242.15,242.705,241.884,242.705,7241
2026-09-16 19:43,242.72,243.001,242.7,242.7,3253
2026-09-16 19:44,242.79,243.13,242.655,242.849,9005
2026-09-16 19:45,242.62,242.82,242.28,242.8,20043
2026-09-16 19:46,242.8,243.11,242.74,243.11,15249
2026-09-16 19:47,242.994,243.37,242.994,243.16,6702
2026-09-16 19:48,243.296,243.397,242.9,242.91,9645
2026-09-16 19:49,243.06,243.06,242.75,242.98,6026
2026-09-16 19:50,242.94,243.545,242.94,243.49,10426
2026-09-16 19:51,243.44,243.59,242.9,242.9,15235
2026-09-16 19:52,242.9,242.96,242.52,242.945,12974
2026-09-16 19:53,242.98,243.055,242.73,242.9,7476
2026-09-16 19:54,242.7,243.28,242.425,243.09,23918
2026-09-16 19:55,243.3,243.91,243.09,243.91,14973
2026-09-16 19:56,243.84,244,243.62,243.745,16219
2026-09-16 19:57,243.745,243.747,243.36,243.54,18617
2026-09-16 19:58,243.45,243.65,243.36,243.59,16484
2026-09-16 19:59,243.52,244.25,243.49,244.23,85807
2026-09-17 13:30,261.395,264.85,260.39,261.412,412768
2026-09-17 13:31,261.265,262.43,258.41,259.96,60962
2026-09-17 13:32,260.47,260.47,257.241,257.36,44722
2026-09-17 13:33,257.44,258.02,256,257.25,41249
2026-09-17 13:34,257.09,258.57,256.13,258.01,29607
2026-09-17 13:35,258.05,258.92,257.48,258.69,36532
2026-09-17 13:36,258.71,259.937,258.53,258.905,33764
2026-09-17 13:37,259.11,259.356,257.511,258.025,26616
2026-09-17 13:38,257.97,258.88,257.87,258.318,14642
2026-09-17 13:39,258.04,258.659,257.681,257.681,10250
2026-09-17 13:40,257.98,259,257.785,258.155,21012
2026-09-17 13:41,258.23,259.255,257.78,259.115,34413
2026-09-17 13:42,259.5,261.48,259.34,261.215,38063
2026-09-17 13:43,261.37,261.37,259.899,261.329,17874
2026-09-17 13:44,261.33,261.35,259.99,260.345,24319
2026-09-17 13:45,260.13,260.31,259.2,259.3,30414
2026-09-17 13:46,259.3,260.41,258.989,259.629,42151
2026-09-17 13:47,259.82,260.705,259.82,259.98,18431
2026-09-17 13:48,260.2,260.64,260.168,260.525,18392
2026-09-17 13:49,260.23,260.35,259.38,260.35,11794
2026-09-17 13:50,260.37,261,260.37,260.685,10461
2026-09-17 13:51,260.8,261.09,260.33,260.84,21073
2026-09-17 13:52,261,262.2,260.69,261.365,56783
2026-09-17 13:53,261.475,262.65,261.475,262.42,35312
2026-09-17 13:54,262.43,263.8,262.23,262.755,47086
2026-09-17 13:55,262.85,263.14,262.03,262.28,38824
2026-09-17 13:56,262.28,262.28,261.54,261.893,23184
2026-09-17 13:57,262.105,263.26,261.67,263.2,26610
2026-09-17 13:58,263.125,263.98,263,263.665,18248
2026-09-17 13:59,263.97,264.625,263.62,264.5,32116
2026-09-17 14:00,264.66,264.93,264.15,264.435,43017
2026-09-17 14:01,264.15,264.84,263.26,264.65,39259
2026-09-17 14:02,264.55,266.4,264.11,266.14,103658
2026-09-17 14:03,266.14,267,265.49,266.53,90510
2026-09-17 14:04,266.488,266.53,264.895,265.345,44066
2026-09-17 14:05,265.375,265.65,264.916,265.355,35358
2026-09-17 14:06,265.35,265.52,262.772,262.89,48171
2026-09-17 14:07,262.83,262.89,261.23,261.55,24598
2026-09-17 14:08,261.58,262.44,261.54,262.15,21320
2026-09-17 14:09,262.15,262.78,262.01,262.32,16852
2026-09-17 14:10,262.15,262.3,260.77,260.925,23718
2026-09-17 14:11,260.8,261.33,260.658,261.285,16227
2026-09-17 14:12,261.21,261.95,261.11,261.73,17199
2026-09-17 14:13,261.805,262.6,261.735,262.6,11751
2026-09-17 14:14,262.73,262.891,262.29,262.344,13368
2026-09-17 14:15,262.29,262.43,262.07,262.245,9221
2026-09-17 14:16,262.44,262.872,262.34,262.805,11557
2026-09-17 14:17,262.805,262.805,261.76,262.04,12957
2026-09-17 14:18,261.9,261.93,260.789,260.98,19800
2026-09-17 14:19,261.2,261.2,260.595,260.796,8158
2026-09-17 14:20,260.865,260.865,260.308,260.38,18445
2026-09-17 14:21,260.415,260.49,260.12,260.34,8185
2026-09-17 14:22,260.33,260.84,260.2,260.5,14191
2026-09-17 14:23,260.46,260.8,260.31,260.61,9322
2026-09-17 14:24,260.45,260.45,260,260.195,10511
2026-09-17 14:25,260.11,260.65,260,260.65,13851
2026-09-17 14:26,260.54,261.327,260.23,261.327,8857
2026-09-17 14:27,261.21,262.5,261.21,262.355,19108
2026-09-17 14:28,262.52,262.8,260.91,261.01,29312
2026-09-17 14:29,261.1,261.225,260.308,260.535,7870
2026-09-17 14:30,260.665,261.31,260.442,261.086,6438
2026-09-17 14:31,260.715,261.37,260.67,261.19,8350
2026-09-17 14:32,261.19,261.19,260.81,261,6188
2026-09-17 14:33,261.027,261.321,260.86,260.86,8380
2026-09-17 14:34,261.07,261.25,261.07,261.07,2334
2026-09-17 14:35,261.125,261.13,260.62,260.735,10348
2026-09-17 14:36,260.78,260.835,260,260.318,27900
2026-09-17 14:37,260.45,260.742,260.28,260.742,5838
2026-09-17 14:38,260.59,260.718,260.45,260.58,14404
2026-09-17 14:39,260.68,260.82,259.332,259.399,18068
2026-09-17 14:40,259.9,259.9,259.485,259.525,8702
2026-09-17 14:41,259.455,259.87,259.39,259.537,5831
2026-09-17 14:42,259.87,259.87,259.5,259.79,5346
2026-09-17 14:43,259.675,260.12,259.675,260.12,6638
2026-09-17 14:44,259.955,260.63,259.8,260,22164
2026-09-17 14:45,260,260.225,259.75,259.94,8681
2026-09-17 14:46,259.992,260.52,259.975,260.285,4348
2026-09-17 14:47,260.275,260.487,259.95,260.23,7201
2026-09-17 14:48,260.43,261.35,260.43,261.215,9177
2026-09-17 14:49,260.915,261.44,260.87,261.44,15817
2026-09-17 14:50,261.44,261.72,261.2,261.64,10057
2026-09-17 14:51,261.68,262,261.44,261.825,13741
2026-09-17 14:52,261.66,261.66,261.059,261.16,8779
2026-09-17 14:53,261.02,261.45,261,261.315,9296
2026-09-17 14:54,261,261.453,260.99,261.453,7852
2026-09-17 14:55,261.27,261.56,261.15,261.455,9203
2026-09-17 14:56,261.41,261.41,261.41,261.41,2166
2026-09-17 14:57,261.56,261.988,260.2,260.21,29076
2026-09-17 14:58,260.51,260.51,260.18,260.4,10546
2026-09-17 14:59,260.319,260.465,260.02,260.05,5737
2026-09-17 15:00,260.27,260.35,259.71,259.79,7641
2026-09-17 15:01,259.78,259.945,259.36,259.375,8000
2026-09-17 15:02,259.3,259.93,259.3,259.85,6500
2026-09-17 15:03,259.855,259.976,259.6,259.83,7548
2026-09-17 15:04,259.79,259.79,259.56,259.635,5701
2026-09-17 15:05,259.65,260.185,259.562,259.86,9622
2026-09-17 15:06,259.6,259.6,259,259.446,8648
2026-09-17 15:07,259.44,260.15,259.44,260.15,2729
2026-09-17 15:08,260.045,260.29,259.93,260.255,5661
2026-09-17 15:09,260.255,260.28,259.725,259.834,14768
2026-09-17 15:10,259.745,259.9,259.69,259.88,7074
2026-09-17 15:11,259.49,259.94,259.44,259.66,16738
2026-09-17 15:12,259.715,259.97,259.5,259.687,13831
2026-09-17 15:13,259.485,259.485,259.11,259.3,3917
2026-09-17 15:14,259.295,259.44,259.01,259.27,6680
2026-09-17 15:15,259.14,259.513,258.97,259.505,16039
2026-09-17 15:16,259.637,259.91,259.51,259.91,3500
2026-09-17 15:17,259.649,260,259.649,259.93,5656
2026-09-17 15:18,259.87,260.17,259.75,259.96,10945
2026-09-17 15:19,259.96,260.18,259.76,259.76,5262
2026-09-17 15:20,259.76,259.76,259.52,259.66,5605
2026-09-17 15:21,259.51,259.65,259.39,259.44,6918
2026-09-17 15:22,259.59,259.79,259.555,259.555,3948
2026-09-17 15:23,259.78,259.78,259.53,259.665,4533
2026-09-17 15:24,259.53,259.8,259.53,259.655,5055
2026-09-17 15:25,259.78,260.14,259.628,260.13,6030
2026-09-17 15:26,260.14,260.23,259.96,260.05,10838
2026-09-17 15:27,259.66,259.915,259.645,259.65,5791
2026-09-17 15:28,259.74,259.88,259.6,259.73,11254
2026-09-17 15:29,259.93,260.07,259.63,260.045,6372
2026-09-17 15:30,260.045,260.14,259.75,259.75,9924
2026-09-17 15:31,259.59,259.623,259.18,259.35,5658
2026-09-17 15:32,259.51,259.51,259.23,259.23,8682
2026-09-17 15:33,259.34,259.62,259.34,259.48,4853
2026-09-17 15:34,259.38,259.495,258.96,259.11,6915
2026-09-17 15:35,259,259.36,259,259.185,3694
2026-09-17 15:36,259.185,259.8,259.185,259.62,10020
2026-09-17 15:37,259.66,259.66,259.27,259.27,3002
2026-09-17 15:38,259.35,259.43,259.35,259.41,1575
2026-09-17 15:39,259.3,259.3,259.29,259.29,1455
2026-09-17 15:40,259.4,259.485,259.4,259.485,1146
2026-09-17 15:41,259.68,259.854,259.59,259.72,3101
2026-09-17 15:42,259.635,259.77,259.47,259.77,1897
2026-09-17 15:43,259.77,259.93,259.45,259.469,10600
2026-09-17 15:44,259.54,259.54,259.427,259.427,1777
2026-09-17 15:45,259.63,259.87,259.57,259.647,3396
2026-09-17 15:46,259.815,259.92,259.48,259.48,14965
2026-09-17 15:47,259.878,260.25,259.69,260.19,11041
2026-09-17 15:48,260.18,260.18,259.997,260.15,3695
2026-09-17 15:49,260.09,260.5,260.09,260.5,3047
2026-09-17 15:50,260.29,260.745,259.9,260.25,17021
2026-09-17 15:51,260.255,260.255,260.225,260.225,1205
2026-09-17 15:52,260.055,260.11,260.055,260.11,1376
2026-09-17 15:53,259.94,260.206,259.91,259.91,2901
2026-09-17 15:54,259.84,259.85,259.72,259.753,3070
2026-09-17 15:55,259.96,260,259.87,259.995,2276
2026-09-17 15:56,259.89,259.89,259.69,259.73,3732
2026-09-17 15:57,259.76,259.9,259.76,259.9,1389
2026-09-17 15:58,259.89,259.89,259.59,259.59,4427
2026-09-17 15:59,259.56,259.56,259.25,259.28,6307
2026-09-17 16:00,259.23,259.299,258.99,259.06,13803
2026-09-17 16:01,259.19,259.225,258.76,258.8,6529
2026-09-17 16:02,258.8,258.95,258.8,258.865,5001
2026-09-17 16:03,258.88,258.88,258.7,258.8,6978
2026-09-17 16:04,258.815,258.88,258.6,258.6,5372
2026-09-17 16:05,258.71,258.71,258.333,258.38,5183
2026-09-17 16:06,258.23,258.45,258.23,258.27,4057
2026-09-17 16:07,258.4,258.96,258.4,258.96,7362
2026-09-17 16:08,258.94,258.97,258.75,258.86,4627
2026-09-17 16:09,258.86,259.17,258.86,259.025,5358
2026-09-17 16:10,259.163,259.163,258.91,259.115,4015
2026-09-17 16:11,259.094,259.1,259.094,259.1,1664
2026-09-17 16:12,259.19,259.27,259.02,259.19,10905
2026-09-17 16:13,259.17,259.314,259.17,259.314,1423
2026-09-17 16:14,259.17,259.67,259.17,259.585,15686
2026-09-17 16:15,259.49,259.49,259.08,259.08,3581
2026-09-17 16:16,259.235,259.235,258.99,259.219,5872
2026-09-17 16:17,259.01,259.2,259.01,259.2,2478
2026-09-17 16:18,259.24,259.305,258.93,259.06,5134
2026-09-17 16:19,259.1,259.372,259.07,259.11,3046
2026-09-17 16:20,259.225,259.23,259.04,259.125,5786
2026-09-17 16:21,259.13,259.24,258.945,259.15,7980
2026-09-17 16:22,259.051,259.205,259.051,259.12,2112
2026-09-17 16:23,259.15,259.71,259.15,259.67,4773
2026-09-17 16:24,259.67,259.761,259.6,259.75,3645
2026-09-17 16:25,259.7,259.86,259.7,259.745,5079
2026-09-17 16:26,259.86,260.21,259.805,260.12,16132
2026-09-17 16:27,260.12,260.17,260.01,260.01,5270
2026-09-17 16:28,259.91,260.19,259.862,260.098,3330
2026-09-17 16:29,260.114,260.114,259.855,259.96,4679
2026-09-17 16:30,260,260.19,260,260.19,2683
2026-09-17 16:31,260.065,260.07,259.87,260.005,6448
2026-09-17 16:32,260.005,260.5,259.99,260.05,8149
2026-09-17 16:33,259.995,260.235,259.995,260.055,2141
2026-09-17 16:34,259.9,260.28,259.9,260.28,6395
2026-09-17 16:35,260.3,260.3,260.05,260.165,4307
2026-09-17 16:36,260.235,260.54,260.05,260.54,3833
2026-09-17 16:37,260.519,260.608,260.355,260.608,5646
2026-09-17 16:38,260.73,260.875,260.57,260.875,5414
2026-09-17 16:39,260.875,261,260.715,260.82,4692
2026-09-17 16:40,260.82,261.85,260.82,261.63,15564
2026-09-17 16:41,261.64,261.93,261.35,261.93,14376
2026-09-17 16:42,261.745,262.4,261.735,262.4,16098
2026-09-17 16:43,262.4,262.86,262.4,262.86,22046
2026-09-17 16:44,262.86,263.318,262.71,263.2,40327
2026-09-17 16:45,263.05,263.089,262.84,262.91,10993
2026-09-17 16:46,262.87,263.42,262.7,263.285,22699
2026-09-17 16:47,263.285,263.9,263.08,263.9,13042
2026-09-17 16:48,263.89,264.14,263.555,263.739,24728
2026-09-17 16:49,263.905,264.23,263.69,263.98,6829
2026-09-17 16:50,263.79,263.81,263.52,263.64,7987
2026-09-17 16:51,263.595,263.789,263.355,263.685,10978
2026-09-17 16:52,263.57,263.63,263.23,263.23,7152
2026-09-17 16:53,263.55,263.85,263.55,263.61,10198
2026-09-17 16:54,263.68,263.68,263.33,263.33,4865
2026-09-17 16:55,263.59,263.76,262.99,263.25,14134
2026-09-17 16:56,263.155,263.155,262.47,262.658,14271
2026-09-17 16:57,262.745,262.79,262.45,262.79,7958
2026-09-17 16:58,262.94,263.3,262.94,263.3,9470
2026-09-17 16:59,263.255,263.642,263.255,263.51,9582
2026-09-17 17:00,263.6,264.13,263.515,264.13,13905
2026-09-17 17:01,264.16,264.321,264.12,264.16,7518
2026-09-17 17:02,264.24,264.285,263.798,264.125,8953
2026-09-17 17:03,263.86,264.12,263.7,263.915,6549
2026-09-17 17:04,263.77,263.81,263.534,263.534,7236
2026-09-17 17:05,263.66,264.28,263.66,264.177,8469
2026-09-17 17:06,264.28,264.91,264.28,264.91,12279
2026-09-17 17:07,264.8,266,264.8,265.84,40753
2026-09-17 17:08,265.76,265.934,265.427,265.795,22932
2026-09-17 17:09,265.79,265.94,265.664,265.74,13132
2026-09-17 17:10,265.75,265.93,265.56,265.56,6234
2026-09-17 17:11,265.625,265.625,265.32,265.45,4791
2026-09-17 17:12,265.19,265.27,264.47,264.62,17588
2026-09-17 17:13,264.62,264.76,263.87,263.87,13296
2026-09-17 17:14,263.865,264.03,263.7,263.7,10207
2026-09-17 17:15,263.715,263.74,263.5,263.54,5724
2026-09-17 17:16,263.51,263.92,263.38,263.735,8233
2026-09-17 17:17,263.92,263.96,263.71,263.71,4819
2026-09-17 17:18,263.775,263.775,263.126,263.29,5982
2026-09-17 17:19,263.375,263.52,263.285,263.52,3237
2026-09-17 17:20,263.34,263.72,263.34,263.66,9351
2026-09-17 17:21,263.65,263.71,263.57,263.605,2250
2026-09-17 17:22,263.78,263.78,263.49,263.49,4003
2026-09-17 17:23,263.43,263.485,263.2,263.4,2353
2026-09-17 17:24,263.47,263.48,263.47,263.48,3244
2026-09-17 17:25,263.4,263.49,263.18,263.405,5931
2026-09-17 17:26,263.158,263.55,263.158,263.335,2724
2026-09-17 17:27,263.51,263.51,263.247,263.27,2652
2026-09-17 17:28,263.4,263.4,263.22,263.24,2273
2026-09-17 17:29,263.225,263.31,263.14,263.14,3826
2026-09-17 17:30,263.295,263.295,263.06,263.19,6497
2026-09-17 17:31,263.29,263.386,263.03,263.1,5114
2026-09-17 17:32,263.04,263.175,262.79,262.79,6752
2026-09-17 17:33,262.77,262.98,262.61,262.695,5363
2026-09-17 17:34,262.53,262.69,262.343,262.343,8265
2026-09-17 17:35,262.405,262.5,262.32,262.33,8183
2026-09-17 17:36,262.32,262.48,262.32,262.48,3076
2026-09-17 17:37,262.525,262.525,262.31,262.31,3409
2026-09-17 17:38,262.45,262.5,262.45,262.5,967
2026-09-17 17:39,262.311,262.41,262.153,262.153,7696
2026-09-17 17:40,262.15,262.15,261.68,261.83,9649
2026-09-17 17:41,261.815,261.815,261.4,261.72,8181
2026-09-17 17:42,261.88,261.88,261.628,261.87,5208
2026-09-17 17:43,261.995,262.15,261.995,262.115,3252
2026-09-17 17:44,262.12,262.32,262.12,262.32,3197
2026-09-17 17:45,262.24,262.32,262.16,262.16,4579
2026-09-17 17:46,262.17,262.44,262.17,262.44,7060
2026-09-17 17:47,262.445,262.615,262.26,262.26,3879
2026-09-17 17:48,261.98,261.98,261.98,261.98,1510
2026-09-17 17:49,261.99,262.225,261.99,262.123,2443
2026-09-17 17:50,262.05,262.152,262.04,262.105,2424
2026-09-17 17:51,262.11,262.275,262.01,262.275,3626
2026-09-17 17:52,262.28,262.6,262.209,262.485,4677
2026-09-17 17:53,262.49,262.49,262.36,262.415,5436
2026-09-17 17:54,262.268,262.49,262.268,262.49,1520
2026-09-17 17:55,262.435,262.435,261.91,261.91,7117
2026-09-17 17:56,261.925,262.01,261.87,261.91,4446
2026-09-17 17:57,262.04,262.04,261.72,261.72,4594
2026-09-17 17:58,261.715,261.84,261.71,261.785,5456
2026-09-17 17:59,261.91,262.18,261.835,262.18,5455
2026-09-17 18:00,262.135,262.18,262.01,262.18,1607
2026-09-17 18:01,262.19,262.19,261.71,261.94,8647
2026-09-17 18:02,261.94,262.1,261.69,261.79,6796
2026-09-17 18:03,261.69,261.835,261.63,261.795,3668
2026-09-17 18:04,261.82,261.89,261.75,261.845,5800
2026-09-17 18:05,261.77,261.87,261.72,261.76,3548
2026-09-17 18:06,261.72,261.89,261.58,261.63,4966
2026-09-17 18:07,261.68,261.73,261.43,261.43,4428
2026-09-17 18:08,261.535,261.56,261.48,261.48,2004
2026-09-17 18:09,261.51,261.51,261.145,261.147,6693
2026-09-17 18:10,261.22,261.22,260.975,260.975,10871
2026-09-17 18:11,260.91,261.05,260.862,261.03,8300
2026-09-17 18:12,261.06,261.38,261.06,261.255,2950
2026-09-17 18:13,261.345,261.345,261.23,261.235,3005
2026-09-17 18:14,261.34,261.365,261.19,261.275,2362
2026-09-17 18:15,261.26,261.4,261.09,261.272,2636
2026-09-17 18:16,261.12,261.349,261.03,261.155,3120
2026-09-17 18:17,261.05,261.05,261.01,261.01,1770
2026-09-17 18:18,260.97,261.06,260.87,261.06,4655
2026-09-17 18:19,261.02,261.21,261.02,261.21,1629
2026-09-17 18:20,261.03,261.145,261.015,261.015,3735
2026-09-17 18:21,261.01,261.243,260.98,260.98,4666
2026-09-17 18:22,260.83,261.01,260.83,261.01,5833
2026-09-17 18:23,261.16,261.17,261.015,261.15,4976
2026-09-17 18:24,261.02,261.679,261.02,261.23,15110
2026-09-17 18:25,261.24,261.33,261.18,261.3,3157
2026-09-17 18:26,261.243,261.44,261.21,261.21,2712
2026-09-17 18:27,261.23,261.405,261.2,261.32,4209
2026-09-17 18:28,261.4,261.407,261.19,261.285,4386
2026-09-17 18:29,261.285,261.285,261.06,261.13,3512
2026-09-17 18:30,261.105,261.25,261.105,261.247,4146
2026-09-17 18:31,261.18,261.37,261.18,261.24,4302
2026-09-17 18:32,261.405,261.405,261.36,261.36,1097
2026-09-17 18:33,261.355,261.355,261.25,261.27,2684
2026-09-17 18:34,261.255,261.34,261.255,261.26,2532
2026-09-17 18:35,261.272,261.31,261.2,261.23,6248
2026-09-17 18:36,261.27,261.4,261.18,261.4,6425
2026-09-17 18:37,261.295,261.51,261.295,261.41,3824
2026-09-17 18:38,261.51,261.51,261.26,261.365,2165
2026-09-17 18:39,261.365,261.717,261.33,261.67,6152
2026-09-17 18:40,261.54,261.706,261.5,261.545,3480
2026-09-17 18:41,261.555,261.56,261.39,261.425,4966
2026-09-17 18:42,261.425,261.54,261.3,261.54,2637
2026-09-17 18:43,261.64,261.64,261.47,261.628,2322
2026-09-17 18:44,261.555,261.88,261.47,261.88,5472
2026-09-17 18:45,261.865,261.912,261.63,261.82,4269
2026-09-17 18:46,261.91,261.91,261.91,261.91,1563
2026-09-17 18:47,261.915,261.915,261.652,261.69,3534
2026-09-17 18:48,261.69,261.95,261.69,261.95,5180
2026-09-17 18:49,262,262.24,261.98,262.12,12138
2026-09-17 18:50,262.12,262.228,262,262.12,3380
2026-09-17 18:51,262.115,262.37,262.115,262.3,5884
2026-09-17 18:52,262.35,262.49,262.29,262.49,5709
2026-09-17 18:53,262.48,262.68,262.48,262.68,5588
2026-09-17 18:54,262.645,262.72,262.635,262.69,5721
2026-09-17 18:55,262.72,263.03,262.72,262.99,8994
2026-09-17 18:56,262.99,263.25,262.975,263.2,5103
2026-09-17 18:57,263.265,263.46,263.15,263.38,13961
2026-09-17 18:58,263.45,263.794,263.45,263.7,13671
2026-09-17 18:59,263.75,263.75,263.55,263.69,5852
2026-09-17 19:00,263.7,264.16,263.7,264.16,10950
2026-09-17 19:01,263.96,264.19,263.89,264.016,11666
2026-09-17 19:02,264.02,264.25,263.955,264.19,10572
2026-09-17 19:03,264.072,264.215,263.53,263.69,10673
2026-09-17 19:04,263.69,263.715,263.39,263.445,10608
2026-09-17 19:05,263.44,263.49,263.09,263.27,12974
2026-09-17 19:06,263.205,263.54,263.15,263.45,7476
2026-09-17 19:07,263.34,263.34,263.04,263.15,6997
2026-09-17 19:08,263.34,263.34,263.077,263.077,5528
2026-09-17 19:09,263.04,263.04,262.72,262.975,11983
2026-09-17 19:10,263.08,263.08,262.9,263.01,4583
2026-09-17 19:11,263.01,263.177,262.93,263.177,3687
2026-09-17 19:12,263.24,263.35,263.03,263.03,12440
2026-09-17 19:13,263.14,263.39,263,263.105,4439
2026-09-17 19:14,263.14,263.186,262.97,262.99,3497
2026-09-17 19:15,262.99,263.085,262.91,262.91,3633
2026-09-17 19:16,262.8,262.99,262.8,262.895,6114
2026-09-17 19:17,262.895,262.895,262.78,262.78,4831
2026-09-17 19:18,262.75,262.994,262.708,262.994,6259
2026-09-17 19:19,262.99,262.99,262.855,262.855,3003
2026-09-17 19:20,262.77,262.84,262.6,262.84,9535
2026-09-17 19:21,262.84,262.84,262.6,262.61,4558
2026-09-17 19:22,262.583,262.96,262.54,262.894,4393
2026-09-17 19:23,262.87,263.199,262.82,262.998,10106
2026-09-17 19:24,263.03,263.03,262.89,262.9,4367
2026-09-17 19:25,262.82,263.069,262.82,263.04,5361
2026-09-17 19:26,262.975,263.05,262.87,262.95,6746
2026-09-17 19:27,262.975,263.096,262.92,262.99,6864
2026-09-17 19:28,263.08,263.2,263.01,263.18,8042
2026-09-17 19:29,263.21,263.228,263.06,263.11,8873
2026-09-17 19:30,263.12,263.275,263.07,263.135,7075
2026-09-17 19:31,263.23,263.25,263.08,263.14,14845
2026-09-17 19:32,263.08,263.2,262.98,263.04,7916
2026-09-17 19:33,263.07,263.07,262.796,262.85,9607
2026-09-17 19:34,262.89,262.99,262.89,262.98,3436
2026-09-17 19:35,262.98,262.98,262.76,262.92,12220
2026-09-17 19:36,262.865,262.96,262.81,262.843,4371
2026-09-17 19:37,262.89,262.98,262.78,262.86,10375
2026-09-17 19:38,262.97,263.21,262.945,263.085,16014
2026-09-17 19:39,263.085,263.24,263.085,263.24,6650
2026-09-17 19:40,263.218,263.34,263.14,263.34,11986
2026-09-17 19:41,263.4,263.49,263.291,263.334,9409
2026-09-17 19:42,263.29,263.3,262.941,262.99,9767
2026-09-17 19:43,263,263,262.77,262.855,5587
2026-09-17 19:44,262.87,263.139,262.8,263.081,10534
2026-09-17 19:45,263.145,263.453,263.145,263.39,12394
2026-09-17 19:46,263.32,264,263.32,263.93,20118
2026-09-17 19:47,263.94,264.25,263.89,264.25,14107
2026-09-17 19:48,264.245,264.9,264.191,264.855,21841
2026-09-17 19:49,264.93,265.37,264.855,265.08,47955
2026-09-17 19:50,265.05,265.05,263.99,263.99,35057
2026-09-17 19:51,264.011,264.22,263.954,264.22,16401
2026-09-17 19:52,264.29,264.77,264.2,264.75,16797
2026-09-17 19:53,264.58,264.87,264.55,264.77,18953
2026-09-17 19:54,264.77,264.93,264.42,264.42,34273
2026-09-17 19:55,264.67,265.5,264.525,265.31,57045
2026-09-17 19:56,265.325,265.325,264.58,264.735,48225
2026-09-17 19:57,264.73,264.82,264.571,264.755,46698
2026-09-17 19:58,264.81,264.98,264.56,264.755,82666
2026-09-17 19:59,264.72,264.98,264.63,264.89,143522
2026-09-18 13:30,269.63,269.99,266.4,266.77,739921
2026-09-18 13:31,266.4,268.88,263.662,264.29,59102
2026-09-18 13:32,263.94,264.428,263,263.96,22501
2026-09-18 13:33,263.832,265.527,263.67,264.908,13915
2026-09-18 13:34,265.216,265.216,263.661,264.09,12695
2026-09-18 13:35,263.95,264.14,261.655,262.01,41579
2026-09-18 13:36,262.3,264.32,262.3,264.125,18281
2026-09-18 13:37,264.3,264.974,263.835,263.835,23331
2026-09-18 13:38,263.87,265.405,263.87,265.226,22753
2026-09-18 13:39,265.425,266.418,264.65,266,15771
2026-09-18 13:40,265.88,266.1,265.2,265.58,12190
2026-09-18 13:41,265.659,266.31,265.451,265.9,14449
2026-09-18 13:42,265.915,267,265.915,266.631,20302
2026-09-18 13:43,266.31,266.5,265.77,265.78,17216
2026-09-18 13:44,265.544,267.96,265.53,267.9,26342
2026-09-18 13:45,267.805,268.361,267.138,268.26,14834
2026-09-18 13:46,268.49,268.5,267.35,267.775,31109
2026-09-18 13:47,267.77,268,266.09,267.84,35679
2026-09-18 13:48,267.57,267.935,266.739,267.18,9946
2026-09-18 13:49,267.215,267.295,266.646,266.862,8196
2026-09-18 13:50,266.82,266.82,266.19,266.635,10644
2026-09-18 13:51,266.81,266.835,265.588,266.16,18811
2026-09-18 13:52,266.49,266.6,265.82,266.6,10841
2026-09-18 13:53,266.395,266.58,265.933,266.1,6698
2026-09-18 13:54,266.1,266.255,265.52,265.84,5747
2026-09-18 13:55,266.04,266.91,265.88,266.84,7192
2026-09-18 13:56,266.64,266.809,266.14,266.52,6373
2026-09-18 13:57,266.5,266.807,266.06,266.76,3957
2026-09-18 13:58,266.605,266.85,266,266,6468
2026-09-18 13:59,266.19,266.5,265.957,266.5,5532
2026-09-18 14:00,266.4,267.18,266.35,267.18,11143
2026-09-18 14:01,267.395,268.089,267.09,267.15,15925
2026-09-18 14:02,267.27,267.7,266.85,267.625,8584
2026-09-18 14:03,267.848,268.189,267.34,267.675,12650
2026-09-18 14:04,267.685,267.98,266.74,266.74,13699
2026-09-18 14:05,266.934,266.97,266.41,266.79,9947
2026-09-18 14:06,266.79,267.72,266.59,267.15,8300
2026-09-18 14:07,267,267.62,266.34,266.535,11529
2026-09-18 14:08,266.47,266.68,266.23,266.378,8363
2026-09-18 14:09,266.35,267.36,266.28,267.22,11951
2026-09-18 14:10,267.35,268.2,267.35,267.8,10360
2026-09-18 14:11,267.77,268.07,267.334,267.334,7900
2026-09-18 14:12,267.141,267.5,267.1,267.47,7202
2026-09-18 14:13,267.245,267.245,266.811,267.08,3557
2026-09-18 14:14,267.06,267.19,266.7,266.75,4920
2026-09-18 14:15,266.74,267.35,266.74,267.165,2858
2026-09-18 14:16,267.175,267.175,266.75,266.792,5992
2026-09-18 14:17,266.85,267.03,266.5,266.98,16670
2026-09-18 14:18,267,267,266.57,266.71,5281
2026-09-18 14:19,266.737,266.9,266.54,266.559,7605
2026-09-18 14:20,266.667,266.99,266.57,266.57,4878
2026-09-18 14:21,266.9,266.9,266.558,266.64,6467
2026-09-18 14:22,266.64,267.83,266.64,267.75,9505
2026-09-18 14:23,267.55,267.75,267,267.28,12247
2026-09-18 14:24,267.66,268,267.4,268,16905
2026-09-18 14:25,267.69,268.15,267.274,267.375,7918
2026-09-18 14:26,267.283,267.495,267.28,267.495,2374
2026-09-18 14:27,267.52,267.52,266.99,267.18,6598
2026-09-18 14:28,267.02,267.12,266.56,266.665,7253
2026-09-18 14:29,266.72,266.845,266.52,266.55,4313
2026-09-18 14:30,266.615,266.913,266.615,266.84,5808
2026-09-18 14:31,266.84,267.12,266.84,267.045,8527
2026-09-18 14:32,266.79,266.79,265.8,265.8,21658
2026-09-18 14:33,265.88,266.33,265.835,265.96,9044
2026-09-18 14:34,265.88,265.88,265.39,265.492,9712
2026-09-18 14:35,265.45,266.01,265.45,265.75,6225
2026-09-18 14:36,265.573,265.675,265.11,265.344,6672
2026-09-18 14:37,265.26,266,265.26,266,13298
2026-09-18 14:38,265.517,266.34,265.517,266.17,4217
2026-09-18 14:39,266.01,266.605,266.01,266.15,6197
2026-09-18 14:40,266.24,266.275,265.91,266.12,9630
2026-09-18 14:41,266.12,266.32,265.864,266.32,5789
2026-09-18 14:42,266.04,266.04,265.665,265.84,12253
2026-09-18 14:43,265.94,266.45,265.835,266.45,3283
2026-09-18 14:44,266.45,266.625,266.06,266.465,6185
2026-09-18 14:45,266.5,266.5,266.255,266.305,2858
2026-09-18 14:46,266.305,266.77,266.227,266.305,4437
2026-09-18 14:47,266.38,266.99,266.38,266.77,6324
2026-09-18 14:48,266.75,266.8,266.5,266.645,12193
2026-09-18 14:49,266.767,266.95,266.605,266.73,18838
2026-09-18 14:50,266.65,266.73,266.08,266.6,12510
2026-09-18 14:51,266.64,267.66,266.64,267.66,11338
2026-09-18 14:52,267.815,267.815,267.26,267.655,12079
2026-09-18 14:53,267.655,267.893,267.51,267.565,9624
2026-09-18 14:54,267.565,267.565,267.39,267.445,4406
2026-09-18 14:55,267.575,267.627,267.19,267.27,9686
2026-09-18 14:56,267.27,267.52,267.03,267.52,2874
2026-09-18 14:57,267.63,267.97,267.63,267.93,8166
2026-09-18 14:58,267.785,267.785,267.43,267.43,4978
2026-09-18 14:59,267.7,267.79,267.42,267.475,5902
2026-09-18 15:00,267.66,267.82,267.628,267.73,6146
2026-09-18 15:01,267.74,267.88,267.56,267.655,6473
2026-09-18 15:02,267.67,267.89,267.52,267.66,7195
2026-09-18 15:03,267.74,267.96,267.73,267.96,7597
2026-09-18 15:04,267.89,268.25,267.68,267.895,12766
2026-09-18 15:05,267.895,268.18,267.83,267.965,8806
2026-09-18 15:06,267.962,268.22,267.76,268.05,6839
2026-09-18 15:07,268.035,268.05,267.76,267.84,5639
2026-09-18 15:08,267.84,267.925,267.622,267.76,4479
2026-09-18 15:09,267.97,267.97,267.47,267.47,3021
2026-09-18 15:10,267.39,267.545,267.17,267.41,7364
2026-09-18 15:11,267.4,267.4,266.61,267.055,24257
2026-09-18 15:12,267.05,267.205,266.94,267.17,5940
2026-09-18 15:13,267.185,267.185,266.61,266.865,4005
2026-09-18 15:14,266.945,267.02,266.73,266.77,5738
2026-09-18 15:15,266.904,267.2,266.81,267.075,4833
2026-09-18 15:16,266.837,267.32,266.837,267.138,4130
2026-09-18 15:17,267.05,267.18,266.94,267.18,1440
2026-09-18 15:18,267.015,267.21,266.86,266.99,10629
2026-09-18 15:19,267.115,267.42,266.99,267.18,3743
2026-09-18 15:20,267.19,267.34,267.053,267.34,3687
2026-09-18 15:21,267.28,267.45,267.165,267.45,3410
2026-09-18 15:22,267.24,267.307,266.935,267.01,7627
2026-09-18 15:23,267.09,267.13,266.88,266.99,3468
2026-09-18 15:24,267,267.23,267,267.13,1700
2026-09-18 15:25,267.22,267.22,267.01,267.11,5139
2026-09-18 15:26,267.18,267.26,267.116,267.26,1992
2026-09-18 15:27,267.3,267.3,267.077,267.24,3838
2026-09-18 15:28,267.36,267.63,267.06,267.3,9980
2026-09-18 15:29,267.27,267.385,267.27,267.3,3374
2026-09-18 15:30,267.395,267.395,266.4,266.48,18063
2026-09-18 15:31,266.73,267.1,266.73,266.92,3532
2026-09-18 15:32,266.76,266.97,266.76,266.97,2507
2026-09-18 15:33,266.99,267.2,266.874,267.2,2140
2026-09-18 15:34,266.835,267.24,266.82,267.24,3010
2026-09-18 15:35,267.45,267.54,267.36,267.36,4402
2026-09-18 15:36,267.175,267.29,267.175,267.29,2286
2026-09-18 15:37,267.385,267.385,267.23,267.26,1762
2026-09-18 15:38,267.395,267.395,267.08,267.08,4338
2026-09-18 15:39,267.29,267.3,267.24,267.3,1410
2026-09-18 15:40,267.285,267.285,266.51,266.51,3655
2026-09-18 15:41,266.355,266.47,266.16,266.16,5155
2026-09-18 15:42,266.405,266.42,266.405,266.42,2507
2026-09-18 15:43,266.69,266.69,266.16,266.61,5455
2026-09-18 15:44,266.5,266.5,266.31,266.35,2432
2026-09-18 15:45,266.45,266.45,266.19,266.19,2462
2026-09-18 15:46,266.38,266.49,266.355,266.355,2938
2026-09-18 15:47,266.497,266.62,266.497,266.62,2000
2026-09-18 15:48,266.57,266.61,266.29,266.525,3406
2026-09-18 15:49,266.53,266.68,266.08,266.321,7884
2026-09-18 15:50,266.497,266.595,266.35,266.595,2060
2026-09-18 15:51,266.66,267.1,266.66,267,3603
2026-09-18 15:52,266.8,266.8,266.33,266.33,3047
2026-09-18 15:53,266.39,266.42,266.23,266.395,3073
2026-09-18 15:54,266.36,266.93,266.36,266.618,3378
2026-09-18 15:55,266.6,266.995,266.6,266.995,2058
2026-09-18 15:56,266.92,267,266.61,266.92,6144
2026-09-18 15:57,266.69,267.19,266.69,266.945,2035
2026-09-18 15:58,266.7,266.895,266.7,266.895,1673
2026-09-18 15:59,266.87,266.87,266.35,266.35,4210
2026-09-18 16:00,266.35,266.63,266.34,266.63,3787
2026-09-18 16:01,266.79,266.79,266.675,266.675,1552
2026-09-18 16:02,266.685,266.84,266.36,266.84,4995
2026-09-18 16:03,266.7,266.724,266.56,266.724,3785
2026-09-18 16:04,266.838,266.838,266.54,266.54,1733
2026-09-18 16:05,266.42,266.53,266.18,266.53,8999
2026-09-18 16:06,266.415,266.5,266.37,266.5,3351
2026-09-18 16:07,266.305,266.37,265.91,266.165,10055
2026-09-18 16:08,266.31,266.39,265.54,265.89,5372
2026-09-18 16:09,265.772,265.772,265.39,265.75,7674
2026-09-18 16:10,265.75,265.75,265.42,265.6,4763
2026-09-18 16:11,265.645,265.773,265.48,265.51,6932
2026-09-18 16:12,265.61,265.655,265.5,265.61,13140
2026-09-18 16:13,265.61,265.63,265.475,265.63,5564
2026-09-18 16:14,265.71,266.66,265.478,266.66,11121
2026-09-18 16:15,266.66,266.66,266.64,266.64,2305
2026-09-18 16:16,266.39,266.65,266.162,266.64,4176
2026-09-18 16:17,266.415,266.541,266.415,266.54,1973
2026-09-18 16:18,266.52,266.95,266.52,266.95,3066
2026-09-18 16:19,266.756,266.95,266.756,266.91,2781
2026-09-18 16:20,266.825,266.95,266.65,266.74,2829
2026-09-18 16:21,266.77,266.9,266.67,266.67,2668
2026-09-18 16:22,266.9,266.9,266.8,266.8,1951
2026-09-18 16:23,266.665,266.665,266.08,266.24,3955
2026-09-18 16:24,266.105,266.295,266,266.02,10764
2026-09-18 16:25,266.185,266.24,266,266.24,10614
2026-09-18 16:26,266.3,266.5,266.245,266.45,4045
2026-09-18 16:27,266.45,266.71,266.25,266.71,3674
2026-09-18 16:28,266.72,266.92,266.57,266.57,2106
2026-09-18 16:29,266.82,266.82,266.82,266.82,616
2026-09-18 16:30,266.92,267.248,266.61,267.19,5088
2026-09-18 16:31,267.12,267.17,266.89,266.89,2256
2026-09-18 16:32,266.62,266.62,266.25,266.25,3143
2026-09-18 16:34,266.72,266.72,266.624,266.69,1169
2026-09-18 16:35,266.685,266.83,266.41,266.795,3536
2026-09-18 16:36,266.9,267.67,266.795,267.23,22524
2026-09-18 16:37,267.53,267.73,266.9,266.928,15751
2026-09-18 16:38,267,267.22,267,267.22,1965
2026-09-18 16:39,267.23,267.27,266.995,267.05,3585
2026-09-18 16:40,267.055,267.3,267.055,267.22,1352
2026-09-18 16:41,267.29,267.305,266.945,266.945,4120
2026-09-18 16:42,266.92,267.25,266.909,267.18,5697
2026-09-18 16:43,267.175,267.28,267.02,267.158,2388
2026-09-18 16:44,267.138,267.17,266.48,267.05,20159
2026-09-18 16:45,267.22,267.39,267.22,267.39,3643
2026-09-18 16:46,267.478,268.15,267.45,267.85,30221
2026-09-18 16:47,267.68,267.8,267.05,267.05,7268
2026-09-18 16:48,267.152,267.445,266.66,267.44,8673
2026-09-18 16:49,267.655,267.805,267.655,267.805,1378
2026-09-18 16:50,267.9,267.9,267.34,267.34,3019
2026-09-18 16:51,267.51,267.757,267.51,267.757,2517
2026-09-18 16:52,267.75,268.42,267.75,268.29,7757
2026-09-18 16:53,268.4,268.44,268.258,268.415,3574
2026-09-18 16:54,268.46,268.75,268.396,268.4,7791
2026-09-18 16:55,268.1,268.3,268.1,268.23,7051
2026-09-18 16:57,268.235,268.285,268.235,268.285,1367
2026-09-18 16:58,268.31,268.455,268.24,268.24,8176
2026-09-18 16:59,268.11,268.365,268.11,268.22,3346
2026-09-18 17:00,268.56,268.56,268.15,268.4,3734
2026-09-18 17:01,268.4,268.695,268.39,268.695,7422
2026-09-18 17:02,268.47,268.6,268.4,268.595,1949
2026-09-18 17:03,268.451,268.64,268.08,268.08,3719
2026-09-18 17:04,268.1,268.35,267.58,267.675,4072
2026-09-18 17:05,267.63,267.81,267.43,267.43,2016
2026-09-18 17:06,267.79,267.79,267.4,267.562,3969
2026-09-18 17:07,267.22,267.39,267.21,267.22,5564
2026-09-18 17:08,267.29,267.37,267.255,267.255,2448
2026-09-18 17:09,267.32,267.32,267.32,267.32,704
2026-09-18 17:10,267.32,267.63,267.165,267.51,5373
2026-09-18 17:11,267.54,267.66,267.47,267.66,3274
2026-09-18 17:12,267.5,267.53,267.24,267.51,6746
2026-09-18 17:13,267.71,268.13,267.71,268.13,3742
2026-09-18 17:14,268.01,268.3,268.01,268.22,4656
2026-09-18 17:15,268.22,268.69,268.02,268.155,18007
2026-09-18 17:17,268.37,268.62,268.305,268.62,5684
2026-09-18 17:18,268.79,268.83,268.325,268.325,4961
2026-09-18 17:19,268.325,268.325,268.02,268.125,6535
2026-09-18 17:20,268.145,268.26,267.45,267.45,4852
2026-09-18 17:21,267.74,267.78,267.64,267.64,1411
2026-09-18 17:22,267.774,267.99,267.73,267.98,5919
2026-09-18 17:23,268.045,268.045,267.83,268,9926
2026-09-18 17:24,267.885,268,267.885,267.89,1742
2026-09-18 17:25,267.9,268.02,267.892,267.97,4418
2026-09-18 17:26,267.955,268.13,267.955,268.13,3981
2026-09-18 17:27,268.13,268.13,268.05,268.05,718
2026-09-18 17:28,268.055,268.16,268.055,268.16,761
2026-09-18 17:29,268.16,268.16,268.01,268.05,4890
2026-09-18 17:30,268,268,267.75,267.818,11492
2026-09-18 17:31,267.89,267.91,267.89,267.905,3276
2026-09-18 17:32,268.05,268.05,267.99,267.99,1438
2026-09-18 17:33,268.044,268.044,267.905,267.905,1251
2026-09-18 17:34,267.94,267.94,267.74,267.815,4827
2026-09-18 17:35,267.815,267.88,267.76,267.88,2714
2026-09-18 17:36,267.88,268.18,267.88,268.18,11508
2026-09-18 17:37,268.115,268.22,267.945,267.945,11756
2026-09-18 17:38,267.99,268.01,267.74,267.855,14332
2026-09-18 17:39,267.85,268.51,267.77,268.48,23728
2026-09-18 17:40,268.81,268.97,268.312,268.335,8573
2026-09-18 17:41,268.17,268.37,268.17,268.37,3275
2026-09-18 17:42,268.465,268.51,268.257,268.35,2143
2026-09-18 17:43,268.35,268.57,268.268,268.4,2466
2026-09-18 17:44,268.395,268.57,268.33,268.5,9744
2026-09-18 17:45,268.5,268.54,268.15,268.15,11097
2026-09-18 17:46,268.36,268.46,268.24,268.28,10907
2026-09-18 17:47,268,268.45,268,268.365,7829
2026-09-18 17:48,268.47,268.658,268.39,268.39,15980
2026-09-18 17:49,268.3,268.65,268.21,268.65,13207
2026-09-18 17:50,268.6,268.6,268.14,268.16,6400
2026-09-18 17:51,268.22,269.225,268.13,268.94,30938
2026-09-18 17:52,268.96,269.14,268.9,269.04,3443
2026-09-18 17:53,269.04,269.12,268.98,269,5007
2026-09-18 17:54,269.21,269.23,268.84,268.84,4394
2026-09-18 17:55,268.79,269.15,268.79,269.1,4760
2026-09-18 17:56,269.155,269.25,268.97,268.97,9421
2026-09-18 17:57,269.03,269.07,268.96,268.96,2466
2026-09-18 17:58,268.97,269.17,268.95,269.09,11028
2026-09-18 17:59,269.18,269.45,269.125,269.29,6324
2026-09-18 18:00,269.333,269.333,268.94,268.94,8382
2026-09-18 18:01,269.01,269.25,268.952,269.07,4788
2026-09-18 18:02,269.065,269.215,268.94,269.105,2848
2026-09-18 18:03,269,269.05,268.39,268.59,18760
2026-09-18 18:04,268.58,268.674,268.355,268.55,1975
2026-09-18 18:05,268.672,268.672,268.16,268.31,3065
2026-09-18 18:06,268.295,268.399,268.226,268.31,4150
2026-09-18 18:07,268.39,268.57,268.23,268.28,5682
2026-09-18 18:08,268.49,268.49,268.36,268.49,1232
2026-09-18 18:09,268.42,268.5,268.37,268.37,2015
2026-09-18 18:10,268.37,268.5,268.21,268.345,5570
2026-09-18 18:11,268.25,268.35,268,268.055,4823
2026-09-18 18:12,268,268.05,267.5,267.66,10686
2026-09-18 18:13,267.66,267.89,267.66,267.845,10449
2026-09-18 18:14,267.845,268.68,267.69,268.68,22960
2026-09-18 18:15,268.53,268.58,268.515,268.515,3381
2026-09-18 18:16,268.485,268.67,268.485,268.67,2003
2026-09-18 18:17,268.51,268.65,268.505,268.505,2348
2026-09-18 18:18,268.43,268.62,268.43,268.525,5834
2026-09-18 18:19,268.66,268.778,268.505,268.505,5607
2026-09-18 18:20,268.57,268.57,268.49,268.49,1672
2026-09-18 18:21,268.57,268.79,268.49,268.675,5111
2026-09-18 18:22,268.77,268.79,268.56,268.79,10168
2026-09-18 18:23,268.66,268.66,268.525,268.525,2911
2026-09-18 18:24,268.515,268.515,268.455,268.455,1723
2026-09-18 18:25,268.5,268.5,268.38,268.445,3466
2026-09-18 18:26,268.38,268.425,268.21,268.21,10734
2026-09-18 18:27,268.32,268.7,268.18,268.63,11728
2026-09-18 18:28,268.66,269,268.56,268.76,12594
2026-09-18 18:29,268.91,269,268.717,268.813,3738
2026-09-18 18:30,268.99,268.99,268.71,268.71,1289
2026-09-18 18:31,268.95,268.992,268.71,268.79,4599
2026-09-18 18:32,268.9,268.901,268.66,268.9,1536
2026-09-18 18:33,268.9,268.9,268.77,268.77,2232
2026-09-18 18:34,268.765,268.912,268.76,268.912,1253
2026-09-18 18:35,268.81,269,268.74,268.915,7083
2026-09-18 18:36,268.935,269.07,268.93,269.07,2668
2026-09-18 18:37,268.955,269.07,268.95,269.06,3243
2026-09-18 18:38,269.09,269.09,269,269.09,2420
2026-09-18 18:39,269.09,269.27,269.09,269.155,7640
2026-09-18 18:40,269.15,269.24,269.01,269.13,1825
2026-09-18 18:41,269.13,269.23,269.01,269.01,3625
2026-09-18 18:42,269.21,269.21,269.051,269.075,3785
2026-09-18 18:43,269.075,269.34,269.075,269.29,25969
2026-09-18 18:44,269.345,269.498,269.3,269.47,5752
2026-09-18 18:45,269.5,269.667,269.47,269.625,23084
2026-09-18 18:46,269.41,269.41,269.2,269.2,8646
2026-09-18 18:47,269.274,269.7,269.274,269.69,8389
2026-09-18 18:48,269.655,269.86,269.53,269.53,16726
2026-09-18 18:49,269.46,269.575,269.37,269.51,21419
2026-09-18 18:50,269.435,269.58,269.435,269.45,10340
2026-09-18 18:51,269.31,269.33,269.31,269.33,1565
2026-09-18 18:52,269.31,269.31,269.13,269.13,6102
2026-09-18 18:53,269.13,269.25,269.12,269.2,11882
2026-09-18 18:54,269.25,269.35,269.1,269.182,19092
2026-09-18 18:55,269.05,269.12,269,269,3636
2026-09-18 18:56,269.1,269.1,268.88,268.88,3148
2026-09-18 18:57,268.85,268.96,268.85,268.96,2002
2026-09-18 18:58,269.03,269.075,268.9,269.075,2804
2026-09-18 18:59,268.98,268.98,268.96,268.96,2583
2026-09-18 19:00,269.18,269.34,269.18,269.34,2751
2026-09-18 19:01,269.32,269.32,269.27,269.27,1714
2026-09-18 19:02,269.345,269.385,269.33,269.34,4327
2026-09-18 19:03,269.326,269.52,269.326,269.52,6304
2026-09-18 19:04,269.46,269.46,269.32,269.46,2522
2026-09-18 19:05,269.46,269.7,269.43,269.54,12789
2026-09-18 19:06,269.545,269.59,269.545,269.59,6786
2026-09-18 19:07,269.52,269.704,269.37,269.58,8665
2026-09-18 19:08,269.54,269.8,269.54,269.668,23242
2026-09-18 19:09,269.78,269.78,269.49,269.57,6181
2026-09-18 19:10,269.605,269.68,269.505,269.505,2320
2026-09-18 19:11,269.615,269.67,269.51,269.51,6788
2026-09-18 19:12,269.455,269.455,269.07,269.135,11088
2026-09-18 19:13,269.135,269.135,268.98,269,3962
2026-09-18 19:14,269,269.095,268.76,268.935,7636
2026-09-18 19:15,268.935,269.161,268.935,269.1,4670
2026-09-18 19:16,268.88,268.96,268.83,268.95,5365
2026-09-18 19:17,268.95,269.08,268.86,268.97,19996
2026-09-18 19:18,269.059,269.059,268.755,268.87,16746
2026-09-18 19:19,268.87,268.87,268.58,268.63,7739
2026-09-18 19:20,268.8,268.97,268.62,268.795,6229
2026-09-18 19:21,268.68,268.68,268.27,268.27,11105
2026-09-18 19:22,268.43,268.66,268.24,268.49,11955
2026-09-18 19:23,268.525,269.62,268.22,269.405,26949
2026-09-18 19:24,269.462,269.48,269.462,269.47,1972
2026-09-18 19:25,269.435,269.544,269.23,269.23,3453
2026-09-18 19:26,269.22,269.5,269.14,269.31,9234
2026-09-18 19:27,269.25,269.25,269.21,269.21,2731
2026-09-18 19:28,269.22,269.22,269.185,269.185,1498
2026-09-18 19:29,269.08,269.14,269.02,269.105,7554
2026-09-18 19:30,268.93,268.93,268.8,268.891,12889
2026-09-18 19:31,268.91,269.198,268.743,269.198,10762
2026-09-18 19:32,269.05,269.12,268.92,268.965,4097
2026-09-18 19:33,268.82,269.41,268.82,269.365,9248
2026-09-18 19:34,269.23,269.481,269.23,269.365,2789
2026-09-18 19:35,269.37,269.4,269.29,269.38,3973
2026-09-18 19:36,269.4,269.6,269.328,269.585,8500
2026-09-18 19:37,269.57,269.75,269.57,269.64,5493
2026-09-18 19:38,269.645,269.645,269.15,269.15,16540
2026-09-18 19:39,269.28,269.335,269.15,269.335,3482
2026-09-18 19:40,269.15,269.6,269.15,269.54,7975
2026-09-18 19:41,269.59,269.705,269.545,269.545,6162
2026-09-18 19:42,269.74,269.74,269.49,269.49,5295
2026-09-18 19:43,269.5,269.73,269.5,269.595,3218
2026-09-18 19:44,269.6,269.6,269.49,269.525,7469
2026-09-18 19:45,269.52,269.58,269.17,269.23,11862
2026-09-18 19:46,269.35,269.395,269.33,269.395,5212
2026-09-18 19:47,269.44,269.8,269.37,269.65,11480
2026-09-18 19:48,269.645,270.68,269.642,270.66,202753
2026-09-18 19:49,270.272,270.54,269.85,269.915,32093
2026-09-18 19:50,270.04,272.42,270.04,272.03,76202
2026-09-18 19:51,272.14,272.14,271.55,271.63,25127
2026-09-18 19:52,271.68,272.45,271.45,272.45,45145
2026-09-18 19:53,272.53,273.254,272.52,272.655,49873
2026-09-18 19:54,272.645,273.6,272.01,273.435,47859
2026-09-18 19:55,273.42,274.9,273.42,274.56,94440
2026-09-18 19:56,274.39,274.64,274.28,274.49,68569
2026-09-18 19:57,274.54,275.665,274.54,275.53,143511
2026-09-18 19:58,275.48,275.61,275.11,275.3,147105
2026-09-18 19:59,275.175,275.78,275.165,275.75,205504
2026-09-21 13:30,294.22,299.99,293.08,299.14,920513
2026-09-21 13:31,299.14,303.51,299.13,300.505,194085
2026-09-21 13:32,300.99,300.99,297,298.85,111429
2026-09-21 13:33,298.78,299.83,296.02,298.035,80094
2026-09-21 13:34,298.025,298.12,295.202,296.97,81646
2026-09-21 13:35,297.33,299,296.32,296.815,95736
2026-09-21 13:36,296.644,297.017,293.127,294.715,69735
2026-09-21 13:37,295.21,297.598,294.407,296.936,40201
2026-09-21 13:38,297.15,299.5,296.582,299.368,41272
2026-09-21 13:39,299.595,299.769,298.05,299.51,65817
2026-09-21 13:40,299.115,299.97,297.23,299.85,81802
2026-09-21 13:41,299.99,300.715,299.171,300.34,92052
2026-09-21 13:42,300.164,301.67,299,300.39,96257
2026-09-21 13:43,300.199,300.49,299.01,299.71,52500
2026-09-21 13:44,299.27,299.31,298,298.89,51217
2026-09-21 13:45,298.74,301.3,298.74,300.705,52502
2026-09-21 13:46,300.783,301.88,300.11,301.55,54858
2026-09-21 13:47,301.477,303.34,301.477,302.59,77022
2026-09-21 13:48,302.61,303.5,301.49,301.81,77774
2026-09-21 13:49,301.5,302.84,301.04,301.58,53419
2026-09-21 13:50,301.779,304.558,300.37,303.785,85967
2026-09-21 13:51,303.785,305.6,303.59,305,119146
2026-09-21 13:52,305,305.584,304.24,305.325,57448
2026-09-21 13:53,305.17,307.19,304.83,305.144,88478
2026-09-21 13:54,305.095,305.69,304.24,305.35,42559
2026-09-21 13:55,305.3,307.29,305.3,307.225,61278
2026-09-21 13:56,307.257,307.817,306.949,307.38,57003
2026-09-21 13:57,307.425,308.77,307.25,308.76,62865
2026-09-21 13:58,308.67,308.781,307.15,307.97,66897
2026-09-21 13:59,308.08,308.799,307.711,308.799,50689
2026-09-21 14:00,308.735,310.45,308.57,309.665,98420
2026-09-21 14:01,309.68,310.19,309.34,310.056,74920
2026-09-21 14:02,309.95,310.427,309.5,309.98,80915
2026-09-21 14:03,310.04,310.55,309.33,309.73,55345
2026-09-21 14:04,309.73,309.765,307.39,307.64,72551
2026-09-21 14:05,307.945,307.95,306,306.87,83401
2026-09-21 14:06,306.88,307.77,306.37,306.82,54809
2026-09-21 14:07,306.9,307.265,306.124,306.27,33823
2026-09-21 14:08,306.39,308.49,306.39,308.42,34486
2026-09-21 14:09,308.42,308.709,306.81,307.55,38260
2026-09-21 14:10,307.455,309.077,307.455,308.865,38484
2026-09-21 14:11,308.95,310.21,308.66,310.035,81647
2026-09-21 14:12,310.09,310.7,309.7,310,50222
2026-09-21 14:13,310,311.5,309.842,310.12,58615
2026-09-21 14:14,310.12,311.98,309.31,311.779,70660
2026-09-21 14:15,311.69,311.77,310.7,311.133,76545
2026-09-21 14:16,311.5,311.91,310.88,311.02,30660
2026-09-21 14:17,310.91,311.479,310.102,311.21,31920
2026-09-21 14:18,310.79,310.82,309,309.925,55826
2026-09-21 14:19,309.665,310.047,309,309.417,29497
2026-09-21 14:20,309.36,310.52,309.26,310.415,34906
2026-09-21 14:21,310.7,311,310.15,310.985,42246
2026-09-21 14:22,311.065,312.6,311.065,312.19,93119
2026-09-21 14:23,312.21,312.49,311.6,311.99,47805
2026-09-21 14:24,312.19,312.58,311.94,312.315,34443
2026-09-21 14:25,312.315,312.4,311.303,311.93,37181
2026-09-21 14:26,312.06,312.87,311.64,311.95,40921
2026-09-21 14:27,312,312.21,310.71,311.12,55248
2026-09-21 14:28,311.1,311.11,310.103,310.38,45728
2026-09-21 14:29,310.41,310.604,309.477,310.03,33176
2026-09-21 14:30,309.86,310.095,309.53,310.095,27938
2026-09-21 14:31,310.169,310.169,308.4,308.498,40715
2026-09-21 14:32,308.61,309.31,307.651,309.15,34669
2026-09-21 14:33,309.25,309.4,308.59,308.8,24443
2026-09-21 14:34,308.6,308.692,307.2,307.64,40228
2026-09-21 14:35,307.54,309.283,307.458,309.06,29494
2026-09-21 14:36,308.9,310.68,308.9,310.65,35599
2026-09-21 14:37,310.8,311.21,310.65,311.133,29923
2026-09-21 14:38,310.91,311.04,310.65,310.74,18548
2026-09-21 14:39,310.55,310.72,309.34,310.375,28218
2026-09-21 14:40,310.535,310.535,309.487,309.97,16403
2026-09-21 14:41,310.255,310.59,309.828,310.59,17362
2026-09-21 14:42,310.59,310.85,309.73,309.94,20475
2026-09-21 14:43,310.05,310.05,309.2,309.74,20387
2026-09-21 14:44,309.98,310.19,308.851,310.065,21359
2026-09-21 14:45,310.47,310.83,310.14,310.31,18933
2026-09-21 14:46,310.305,311.55,310.305,311.375,22885
2026-09-21 14:47,311.56,312.98,311.289,311.94,47991
2026-09-21 14:48,311.85,312.67,311.85,312.515,19239
2026-09-21 14:49,312.415,312.5,311.884,312.14,25926
2026-09-21 14:50,312.215,312.371,311.56,311.605,21331
2026-09-21 14:51,311.81,312.1,311.2,311.635,17310
2026-09-21 14:52,311.63,311.63,310.61,311.05,30701
2026-09-21 14:53,311.05,311.6,310.81,310.98,12015
2026-09-21 14:54,310.875,312.38,310.875,311.95,22335
2026-09-21 14:55,312.005,312.702,312,312.276,14750
2026-09-21 14:56,312.48,312.7,311.51,312.09,21479
2026-09-21 14:57,312.25,313.31,312.04,313.165,46703
2026-09-21 14:58,313.291,314.404,313.16,314.015,50601
2026-09-21 14:59,314.15,314.26,313.29,313.5,34142
2026-09-21 15:00,313.65,314.428,313.65,314.428,38263
2026-09-21 15:01,314.325,314.69,313.5,314.445,25425
2026-09-21 15:02,314.405,314.527,313.72,314.03,21384
2026-09-21 15:03,314.155,315.51,314.02,315.51,47313
2026-09-21 15:04,315.51,315.788,314.91,315.788,30884
2026-09-21 15:05,315.69,316.13,315.2,315.99,33329
2026-09-21 15:06,315.79,315.81,314.89,315.11,40996
2026-09-21 15:07,315.15,315.79,314.93,315,36506
2026-09-21 15:08,315.035,315.19,314,314,52987
2026-09-21 15:09,314.14,314.61,314,314.48,22422
2026-09-21 15:10,314.56,314.56,313.25,314.386,33955
2026-09-21 15:11,314.25,314.276,313.636,314.2,16354
2026-09-21 15:12,314.15,314.434,313.901,314.3,15859
2026-09-21 15:13,314.44,314.44,313.87,314.005,17420
2026-09-21 15:14,313.86,314.18,313.687,313.76,21628
2026-09-21 15:15,313.875,314.15,313.77,314.15,15702
2026-09-21 15:16,314.203,314.44,313.95,314.435,10668
2026-09-21 15:17,314.73,315.35,314.58,315.18,26649
2026-09-21 15:18,315.18,315.83,315.083,315.4,19290
2026-09-21 15:19,315.467,315.55,314.82,315.035,27753
2026-09-21 15:20,315.03,315.15,314.52,314.622,18496
2026-09-21 15:21,314.77,315.04,314.64,315.04,16303
2026-09-21 15:22,315,315.075,314.57,314.915,37048
2026-09-21 15:23,315,315.38,314.99,315.175,17309
2026-09-21 15:24,315.242,315.592,315.205,315.454,15392
2026-09-21 15:25,315.55,315.9,315.42,315.79,11503
2026-09-21 15:26,315.79,315.95,315.08,315.65,14701
2026-09-21 15:27,315.129,315.71,314.5,315.39,24577
2026-09-21 15:28,315.54,315.658,315.242,315.28,15990
2026-09-21 15:29,315.54,315.565,315.11,315.34,15185
2026-09-21 15:30,315.115,315.89,315.112,315.89,14225
2026-09-21 15:31,315.9,315.923,315.07,315.51,111235
2026-09-21 15:32,315.584,315.62,315.255,315.255,13491
2026-09-21 15:33,315.255,315.535,315.01,315.48,10298
2026-09-21 15:34,315.6,316.79,315.6,315.985,35996
2026-09-21 15:35,315.985,315.985,314.718,314.96,26757
2026-09-21 15:36,314.93,315.425,314.74,315.425,29669
2026-09-21 15:37,315.4,316,315.07,315.8,27431
2026-09-21 15:38,315.839,317,315.839,316.62,45457
2026-09-21 15:39,316.56,316.86,316.37,316.4,26130
2026-09-21 15:40,316.385,316.506,315.9,315.966,22938
2026-09-21 15:41,316.04,316.23,315.2,316.23,69161
2026-09-21 15:42,316.272,316.44,315.87,316.23,23166
2026-09-21 15:43,316.03,317.19,316,316.8,34162
2026-09-21 15:44,316.95,317.126,316.65,316.9,30214
2026-09-21 15:45,317,318.192,316.66,318,42738
2026-09-21 15:46,318.065,318.99,317.77,318.9,49168
2026-09-21 15:47,318.9,319.5,318.03,318.345,109318
2026-09-21 15:48,318.23,318.23,317.46,317.7,44403
2026-09-21 15:49,317.7,317.883,317.46,317.57,17420
2026-09-21 15:50,317.56,318.011,317.05,317.4,48016
2026-09-21 15:51,317.435,317.49,316.74,316.77,19100
2026-09-21 15:52,317.01,318.37,316.8,318.3,27290
2026-09-21 15:53,318.42,318.88,317.8,318.51,23948
2026-09-21 15:54,318.78,318.78,318.01,318.025,18863
2026-09-21 15:55,318.15,318.5,317.95,318.445,15511
2026-09-21 15:56,318.315,318.78,318.23,318.245,15218
2026-09-21 15:57,318.04,318.41,317.86,318.17,20903
2026-09-21 15:58,318.21,318.54,317.77,318.41,19585
2026-09-21 15:59,318.29,318.5,317.859,318.48,17873
2026-09-21 16:00,318.425,318.5,317.83,318.21,18064
2026-09-21 16:01,318.07,318.13,317.84,317.91,22015
2026-09-21 16:02,317.905,318.28,317.905,318.175,12638
2026-09-21 16:03,318.04,318.66,317.92,318.017,17694
2026-09-21 16:04,318.035,318.142,317.37,317.425,19205
2026-09-21 16:05,317.425,317.64,317.2,317.475,15681
2026-09-21 16:06,317.5,317.682,317.35,317.6,12647
2026-09-21 16:07,317.508,317.61,316.85,317.61,54241
2026-09-21 16:08,317.57,317.62,317.16,317.16,8984
2026-09-21 16:09,317.235,318.454,317.175,318.09,16678
2026-09-21 16:10,318.11,318.73,317.927,318.73,11642
2026-09-21 16:11,318.765,319.39,318.685,318.98,23901
2026-09-21 16:12,318.94,318.99,318.496,318.72,32548
2026-09-21 16:13,318.84,318.99,318.455,318.865,29497
2026-09-21 16:14,318.67,318.84,318.46,318.835,8977
2026-09-21 16:15,318.835,319.045,318.445,318.71,29640
2026-09-21 16:16,318.732,319.23,318.604,319.185,19456
2026-09-21 16:17,319.25,320.03,319.23,319.79,66319
2026-09-21 16:18,319.75,320,319.61,319.925,16753
2026-09-21 16:19,319.68,320.46,319.68,319.99,36224
2026-09-21 16:20,320.151,320.6,319.82,320,48694
2026-09-21 16:21,320.05,320.32,319,319.36,52358
2026-09-21 16:22,319.4,319.822,319.167,319.167,22646
2026-09-21 16:23,319.275,319.51,319.1,319.225,11594
2026-09-21 16:24,319.15,319.15,318.05,318.75,36996
2026-09-21 16:25,318.71,319.09,318.71,318.81,11015
2026-09-21 16:26,318.92,319.053,318.83,318.975,10417
2026-09-21 16:27,319.025,319.276,319.02,319.02,9876
2026-09-21 16:28,319.02,319.628,318.84,319.179,23891
2026-09-21 16:29,319,319.24,318.8,319.06,10029
2026-09-21 16:30,318.965,318.97,318.51,318.77,7680
2026-09-21 16:31,318.77,319.08,318.77,318.85,10692
2026-09-21 16:32,318.9,319.5,318.68,319.35,12276
2026-09-21 16:33,319.44,319.65,319.26,319.46,9891
2026-09-21 16:34,319.344,319.57,319.03,319.245,14283
2026-09-21 16:35,319.36,319.44,318.92,319.44,15544
2026-09-21 16:36,319.49,319.64,319.135,319.163,17053
2026-09-21 16:37,319.176,319.87,319.176,319.675,22435
2026-09-21 16:38,319.46,319.689,319.294,319.689,16974
2026-09-21 16:39,319.5,319.526,319,319.17,11575
2026-09-21 16:40,319.215,319.515,319.11,319.407,11678
2026-09-21 16:41,319.627,319.816,319.426,319.805,9069
2026-09-21 16:42,319.9,319.973,319.68,319.72,16733
2026-09-21 16:43,319.612,320.16,319.612,319.93,26316
2026-09-21 16:44,319.97,319.97,319.06,319.37,28026
2026-09-21 16:45,319.24,319.76,319.24,319.515,12113
2026-09-21 16:46,319.485,319.908,319.485,319.83,12529
2026-09-21 16:47,319.71,320,319.39,319.75,17936
2026-09-21 16:48,319.675,319.85,319.28,319.28,15560
2026-09-21 16:49,319.5,319.7,319.31,319.53,16309
2026-09-21 16:50,319.653,319.653,319.155,319.3,10413
2026-09-21 16:51,319.26,319.43,319.18,319.18,8038
2026-09-21 16:52,319.24,319.709,319.124,319.311,11097
2026-09-21 16:53,319.28,319.63,319.28,319.63,9068
2026-09-21 16:54,319.415,319.45,319.205,319.37,13971
2026-09-21 16:55,319.53,319.86,319.37,319.85,10247
2026-09-21 16:56,319.72,319.8,319.57,319.58,13107
2026-09-21 16:57,319.57,319.625,319.39,319.51,16318
2026-09-21 16:58,319.451,319.608,318.89,318.97,35605
2026-09-21 16:59,318.895,319.56,318.895,319.42,10675
2026-09-21 17:00,319.62,319.636,319.18,319.6,12594
2026-09-21 17:01,319.54,319.67,319.12,319.507,9659
2026-09-21 17:02,319.28,319.55,319.21,319.32,6502
2026-09-21 17:03,319.2,319.35,319.2,319.35,2038
2026-09-21 17:04,319.35,319.36,318.84,319.204,14673
2026-09-21 17:05,319.3,319.47,319.01,319.47,9264
2026-09-21 17:06,319.255,319.47,319,319.09,8464
2026-09-21 17:07,319.14,319.69,319.14,319.453,11528
2026-09-21 17:08,319.7,319.945,319.24,319.62,23321
2026-09-21 17:09,319.565,319.74,319.46,319.505,6620
2026-09-21 17:10,319.66,319.762,319.46,319.585,10600
2026-09-21 17:11,319.71,319.71,318.88,319.104,27732
2026-09-21 17:12,318.853,319.24,318.84,319.11,7947
2026-09-21 17:13,319.105,319.28,318.95,319.11,8313
2026-09-21 17:14,319.11,319.37,318.94,319.37,8266
2026-09-21 17:15,319.37,319.483,319.06,319.25,8307
2026-09-21 17:16,319.127,319.49,319.02,319.1,14657
2026-09-21 17:17,319.065,319.25,318.92,319.01,7691
2026-09-21 17:18,319.15,319.15,318.57,318.88,17841
2026-09-21 17:19,318.83,318.997,318.72,318.862,4922
2026-09-21 17:20,319.04,319.05,318.86,318.965,6873
2026-09-21 17:21,319.25,319.405,319.12,319.275,7599
2026-09-21 17:22,319.27,319.99,319.254,319.352,13726
2026-09-21 17:23,319.555,319.555,319.25,319.25,8948
2026-09-21 17:24,319.27,319.364,318.89,318.96,25470
2026-09-21 17:25,318.87,319.06,318.71,318.91,15724
2026-09-21 17:26,319.09,319.17,318.87,318.87,8621
2026-09-21 17:27,318.905,319.17,318.82,319.17,7366
2026-09-21 17:28,319.015,319.41,319.015,319.41,10595
2026-09-21 17:29,319.5,319.5,319.23,319.365,5264
2026-09-21 17:30,319.5,319.5,319.23,319.23,5878
2026-09-21 17:31,319.35,319.42,319.03,319.175,15834
2026-09-21 17:32,319.05,319.24,318.87,318.95,13879
2026-09-21 17:33,318.88,319.03,318.778,318.9,10990
2026-09-21 17:34,318.973,319.083,318.895,318.895,5969
2026-09-21 17:35,318.8,319.18,318.446,319.01,18235
2026-09-21 17:36,318.78,319.46,318.78,319.335,7015
2026-09-21 17:37,319.5,319.5,319.01,319.16,9150
2026-09-21 17:38,319.03,319.15,318.9,319.08,8787
2026-09-21 17:39,319.24,319.28,319.124,319.2,12905
2026-09-21 17:40,319.35,319.4,319.081,319.22,7152
2026-09-21 17:41,319.27,319.49,319.18,319.23,8877
2026-09-21 17:42,319.44,319.589,319.055,319.055,12723
2026-09-21 17:43,319,319.12,318.61,318.75,210578
2026-09-21 17:44,318.63,318.96,318.617,318.81,12354
2026-09-21 17:45,318.95,318.95,318.68,318.82,14342
2026-09-21 17:46,318.71,318.9,318.63,318.63,4679
2026-09-21 17:47,318.76,318.94,318.685,318.94,7961
2026-09-21 17:48,318.92,319.29,318.86,319.28,7457
2026-09-21 17:49,319.155,319.27,318.95,319,9460
2026-09-21 17:50,318.88,318.92,318.635,318.675,15430
2026-09-21 17:51,318.765,318.78,318.49,318.585,5026
2026-09-21 17:52,318.68,318.737,318.68,318.685,4089
2026-09-21 17:53,318.805,319,318.73,318.84,10065
2026-09-21 17:54,318.95,319.005,318.88,319.005,7133
2026-09-21 17:55,318.99,318.99,318.42,318.42,13882
2026-09-21 17:56,318.36,318.61,318.22,318.45,14505
2026-09-21 17:57,318.52,318.52,318.22,318.46,7632
2026-09-21 17:58,318.315,318.55,318.315,318.357,5014
2026-09-21 17:59,318.5,318.5,318.142,318.37,16598
2026-09-21 18:00,318.5,318.607,318.25,318.42,3469
2026-09-21 18:01,318.6,318.6,318.34,318.362,7287
2026-09-21 18:02,318.47,318.735,318.34,318.34,15270
2026-09-21 18:03,318.27,318.39,317.98,317.98,20057
2026-09-21 18:04,317.98,318.39,317.98,318.27,5426
2026-09-21 18:05,318.26,318.375,318.26,318.37,5840
2026-09-21 18:06,318.37,318.437,318.26,318.32,3462
2026-09-21 18:07,318.278,318.4,318.17,318.285,6005
2026-09-21 18:08,318.26,318.352,317.87,318.07,13136
2026-09-21 18:09,318.37,318.59,317.88,318.325,8471
2026-09-21 18:10,318.41,318.74,318.15,318.74,7658
2026-09-21 18:11,318.57,318.77,318.37,318.615,11333
2026-09-21 18:12,318.645,318.645,318.48,318.59,7369
2026-09-21 18:13,318.59,318.84,318.48,318.755,7506
2026-09-21 18:14,318.745,318.995,318.745,318.97,9405
2026-09-21 18:15,318.97,318.97,318.6,318.9,24531
2026-09-21 18:16,318.9,319.26,318.9,319.21,14180
2026-09-21 18:17,319.275,319.36,319.11,319.256,6861
2026-09-21 18:18,319.4,319.76,319.4,319.665,19620
2026-09-21 18:19,319.67,319.8,319.54,319.69,5836
2026-09-21 18:20,319.79,319.89,319.59,319.839,12367
2026-09-21 18:21,319.88,319.95,319.67,319.85,18807
2026-09-21 18:22,320,320,319.65,319.885,45124
2026-09-21 18:23,319.97,320.08,319.42,319.68,31003
2026-09-21 18:24,319.79,319.79,319.44,319.54,11794
2026-09-21 18:25,319.78,319.78,319.23,319.475,4852
2026-09-21 18:26,319.71,319.71,319.23,319.355,8145
2026-09-21 18:27,319.355,319.618,319.1,319.16,10622
2026-09-21 18:28,319.09,319.435,319.06,319.39,9474
2026-09-21 18:29,319,319.436,319,319.38,5100
2026-09-21 18:30,319.55,319.58,319.42,319.42,6873
2026-09-21 18:31,319.37,319.75,319.17,319.75,15026
2026-09-21 18:32,319.9,320.47,319.82,320.24,25405
2026-09-21 18:33,320.24,321.63,320.24,321.024,46079
2026-09-21 18:34,321,321.5,320.93,321.5,18567
2026-09-21 18:35,321.5,321.5,321.08,321.22,17514
2026-09-21 18:36,321.26,321.91,321.26,321.91,33161
2026-09-21 18:37,321.82,322,321.54,321.645,22745
2026-09-21 18:38,321.564,321.84,321.48,321.69,15726
2026-09-21 18:39,321.7,321.9,321.02,321.387,22395
2026-09-21 18:40,321.48,321.48,320.48,320.85,58075
2026-09-21 18:41,320.85,320.85,319.89,320.41,39159
2026-09-21 18:42,320.63,320.99,320.472,320.934,11842
2026-09-21 18:43,321.111,321.46,320.1,320.47,21082
2026-09-21 18:44,320.48,320.48,319.955,319.962,15426
2026-09-21 18:45,320.14,320.665,320,320.37,11913
2026-09-21 18:46,320.38,320.79,320.38,320.79,7284
2026-09-21 18:47,320.79,320.89,320.53,320.62,6295
2026-09-21 18:48,320.87,320.92,320.44,320.57,12521
2026-09-21 18:49,320.57,320.684,320.2,320.2,7510
2026-09-21 18:50,320.2,320.45,320.1,320.45,7105
2026-09-21 18:51,320.53,320.78,320.13,320.63,12762
2026-09-21 18:52,320.7,320.81,320.374,320.445,10098
2026-09-21 18:53,320.515,320.96,320.515,320.85,5465
2026-09-21 18:54,320.71,320.83,320.665,320.83,5372
2026-09-21 18:55,320.553,320.83,320.39,320.48,12236
2026-09-21 18:56,320.52,320.68,320.37,320.495,7986
2026-09-21 18:57,320.66,320.66,320.31,320.392,5237
2026-09-21 18:58,320.68,321.3,320.605,321.04,19275
2026-09-21 18:59,321.23,321.3,321,321.23,10395
2026-09-21 19:00,321.3,321.74,321.16,321.74,14051
2026-09-21 19:01,321.61,321.79,321.43,321.43,8352
2026-09-21 19:02,321.569,321.75,321.24,321.59,14127
2026-09-21 19:03,321.42,322,321.42,321.855,19076
2026-09-21 19:04,321.815,322.01,321.42,321.5,19090
2026-09-21 19:05,321.83,321.83,321.432,321.59,8665
2026-09-21 19:06,321.59,322,321.59,321.845,12304
2026-09-21 19:07,321.845,322.1,321.82,322.1,12845
2026-09-21 19:08,322.055,322.25,321.92,322.15,10920
2026-09-21 19:09,322.15,322.25,321.9,321.999,17592
2026-09-21 19:10,322,322,321.705,322,11141
2026-09-21 19:11,322.08,322.2,321.85,322.05,9290
2026-09-21 19:12,322.24,322.25,322,322.135,10655
2026-09-21 19:13,322.29,322.46,322.23,322.44,14424
2026-09-21 19:14,322.295,322.295,321.61,322.08,22972
2026-09-21 19:15,322,322.43,321.75,322.43,8662
2026-09-21 19:16,322.46,322.5,322.19,322.5,6953
2026-09-21 19:17,322.6,322.63,322.26,322.43,15631
2026-09-21 19:18,322.29,322.345,321.5,321.65,23405
2026-09-21 19:19,321.509,321.65,321.38,321.5,12881
2026-09-21 19:20,321.58,321.6,321.25,321.45,20634
2026-09-21 19:21,321.4,321.4,320.89,321.1,17819
2026-09-21 19:22,321.24,321.63,320.99,321.63,9807
2026-09-21 19:23,321.55,321.73,321.1,321.25,12837
2026-09-21 19:24,321.28,321.43,320.91,321.1,15190
2026-09-21 19:25,321.16,321.2,320.549,320.67,14383
2026-09-21 19:26,320.6,320.875,320.44,320.69,15552
2026-09-21 19:27,320.75,320.87,320.67,320.86,10946
2026-09-21 19:28,320.86,321.15,320.86,321.13,10013
2026-09-21 19:29,321.115,321.17,320.97,321.095,11001
2026-09-21 19:30,321.095,321.405,320.98,321.18,24623
2026-09-21 19:31,321.3,321.417,320.9,321.07,18516
2026-09-21 19:32,321.07,321.22,320.991,321.2,7838
2026-09-21 19:33,321.075,321.36,320.85,321.36,15355
2026-09-21 19:34,321.48,321.7,321.378,321.41,25684
2026-09-21 19:35,321.44,321.58,320.595,320.595,23907
2026-09-21 19:36,320.679,321.308,320.675,321.15,13214
2026-09-21 19:37,321.3,321.76,321.3,321.7,13274
2026-09-21 19:38,321.7,322.4,321.7,322.2,18240
2026-09-21 19:39,322.228,322.35,322.1,322.245,8121
2026-09-21 19:40,322.245,322.44,322.09,322.44,27544
2026-09-21 19:41,322.41,322.66,321.95,322.44,35042
2026-09-21 19:42,322.67,322.7,321.83,321.83,32680
2026-09-21 19:43,321.88,322.1,321.69,321.74,13612
2026-09-21 19:44,321.84,322.24,321.74,322.04,27144
2026-09-21 19:45,322.11,322.45,321.97,322.388,32958
2026-09-21 19:46,322.2,322.42,321.94,322.05,28246
2026-09-21 19:47,322.06,322.405,322,322.38,28847
2026-09-21 19:48,322.44,322.71,322.21,322.35,26178
2026-09-21 19:49,322.41,322.6,322.174,322.54,34828
2026-09-21 19:50,322.54,322.54,321.405,321.65,54891
2026-09-21 19:51,321.77,322.405,321.5,322.28,52385
2026-09-21 19:52,322.32,322.91,322.3,322.705,56647
2026-09-21 19:53,322.8,322.97,321.94,322.26,86345
2026-09-21 19:54,321.94,322.07,321.3,321.92,59228
2026-09-21 19:55,321.97,324.1,321.592,323.7,98119
2026-09-21 19:56,323.75,324.16,323.7,323.92,99263
2026-09-21 19:57,324.01,324.11,322.58,322.675,98790
2026-09-21 19:58,322.535,322.73,322.3,322.33,109966
2026-09-21 19:59,322.36,323.43,322.26,323.1,293952
2026-09-22 13:30,319.41,322.3,318.95,319,536067
2026-09-22 13:31,320.195,322.38,318.94,320.19,34321
2026-09-22 13:32,320.48,321.777,318.685,320.9,39846
2026-09-22 13:33,320.98,322.3,319.48,322.3,29819
2026-09-22 13:34,321.92,322.39,320.407,321.5,31802
2026-09-22 13:35,322,322.949,320.84,322.857,57363
2026-09-22 13:36,322.52,323.949,322.405,323.635,37113
2026-09-22 13:37,323.829,323.829,322.169,323.15,33273
2026-09-22 13:38,323.155,324.83,323.05,324.112,51327
2026-09-22 13:39,324.267,325.57,324.267,324.69,85557
2026-09-22 13:40,324.615,325.18,323.638,325.13,36112
2026-09-22 13:41,325.06,326.23,324.96,325.87,37381
2026-09-22 13:42,325.57,326.8,325.12,326.655,52954
2026-09-22 13:43,326.51,327.225,326.15,326.48,53668
2026-09-22 13:44,326.48,326.48,324.38,324.79,63848
2026-09-22 13:45,324.79,325.473,324.42,325.18,35376
2026-09-22 13:46,325.233,326.89,325.233,326.335,64770
2026-09-22 13:47,326.231,326.45,325.33,325.92,29632
2026-09-22 13:48,325.768,326.86,325.445,326.85,36389
2026-09-22 13:49,326.67,326.76,325.755,326.17,34743
2026-09-22 13:50,326.165,326.43,325.01,326.3,33314
2026-09-22 13:51,326.255,326.255,325.11,325.845,15006
2026-09-22 13:52,325.845,326.24,325.183,325.79,15115
2026-09-22 13:53,325.79,327,325.3,326.783,26965
2026-09-22 13:54,326.68,326.9,326.21,326.77,9880
2026-09-22 13:55,326.72,326.88,325.7,326.005,20190
2026-09-22 13:56,326.232,326.401,323.5,323.66,41684
2026-09-22 13:57,323.75,324.03,322.84,323.78,42193
2026-09-22 13:58,323.878,324.42,323.03,323.57,32301
2026-09-22 13:59,323.77,324.5,323.11,324.35,18262
2026-09-22 14:00,324.28,324.42,323.56,324.02,16516
2026-09-22 14:01,324.07,324.23,323.5,323.75,21647
2026-09-22 14:02,323.825,324.735,323.825,324.12,14763
2026-09-22 14:03,324.5,324.98,324.42,324.525,8699
2026-09-22 14:04,324.64,325.58,324.42,325.28,16903
2026-09-22 14:05,324.99,325.195,324.78,324.8,12030
2026-09-22 14:06,324.8,325.77,324.79,325.55,17813
2026-09-22 14:07,325.63,326.535,325.42,326.535,23079
2026-09-22 14:08,326.64,326.95,325.701,325.895,29053
2026-09-22 14:09,326.23,326.792,325.992,326.315,13601
2026-09-22 14:10,326.315,326.9,326,326.55,20708
2026-09-22 14:11,326.74,327.44,326.411,327.165,43582
2026-09-22 14:12,327.165,327.8,326.77,326.801,24049
2026-09-22 14:13,326.64,327.215,326.09,326.7,19980
2026-09-22 14:14,326.93,327.06,326.37,326.6,14932
2026-09-22 14:15,326.37,326.48,325.5,326.263,16100
2026-09-22 14:16,326.26,326.48,324.72,325,22616
2026-09-22 14:17,325.04,325.727,325,325.425,12875
2026-09-22 14:18,325.35,325.85,325.181,325.85,13323
2026-09-22 14:19,325.4,325.875,325.4,325.75,6396
2026-09-22 14:20,325.7,325.97,325.41,325.906,7887
2026-09-22 14:21,325.53,325.93,325.027,325.45,24203
2026-09-22 14:22,325.27,325.405,324.736,324.823,13738
2026-09-22 14:23,324.9,325.495,324.56,325.365,19264
2026-09-22 14:24,325.323,326.8,325.13,326.605,12143
2026-09-22 14:25,326.4,326.466,325.88,326.349,11770
2026-09-22 14:26,326,326.41,325.85,325.883,10888
2026-09-22 14:27,326.2,326.29,326.05,326.29,5446
2026-09-22 14:28,326.49,326.49,326.13,326.474,5576
2026-09-22 14:29,326.1,326.61,326.1,326.61,7280
2026-09-22 14:30,326.14,326.89,326.14,326.35,35392
2026-09-22 14:31,326.375,326.83,326.375,326.83,6442
2026-09-22 14:32,326.9,327.447,326.76,326.76,19253
2026-09-22 14:33,327,327.702,326.94,327.41,13321
2026-09-22 14:34,327.75,327.91,327.44,327.665,10040
2026-09-22 14:35,327.742,327.742,326.53,326.86,13466
2026-09-22 14:36,326.93,327.3,326.469,326.945,18492
2026-09-22 14:37,327.13,327.64,326.73,327.64,6159
2026-09-22 14:38,327.585,327.8,327.04,327.57,13940
2026-09-22 14:39,327.68,328.44,327.68,328.36,29709
2026-09-22 14:40,328.423,328.79,327.488,327.59,27307
2026-09-22 14:41,327.5,327.608,326.53,326.53,20118
2026-09-22 14:42,326.53,326.6,325.539,326.05,23759
2026-09-22 14:43,325.97,326.6,325.871,326.25,15985
2026-09-22 14:44,326.3,326.35,325.86,326.225,5807
2026-09-22 14:45,326.1,326.41,326.04,326.2,7889
2026-09-22 14:46,325.88,326,324.65,324.65,20167
2026-09-22 14:47,324.56,325.404,324.48,325.21,12468
2026-09-22 14:48,325.34,326.16,325.04,326.16,10110
2026-09-22 14:49,326.205,326.95,325,326.8,50079
2026-09-22 14:50,326.941,327.566,326.61,327.115,11863
2026-09-22 14:51,326.85,327.11,326.49,326.695,8073
2026-09-22 14:52,326.168,326.685,326.168,326.59,2505
2026-09-22 14:53,326.88,327.19,326.73,327.19,6523
2026-09-22 14:54,327.15,327.35,326.75,327.35,11602
2026-09-22 14:55,327.21,327.606,327.12,327.46,8099
2026-09-22 14:56,327.146,327.34,326.975,327.14,6221
2026-09-22 14:57,326.9,327.49,326.9,327.195,6237
2026-09-22 14:58,327.24,327.89,326.777,326.897,17006
2026-09-22 14:59,327.025,327.375,326.84,327.375,12837
2026-09-22 15:00,327.375,328.63,327.375,328.415,35355
2026-09-22 15:01,328.45,329.15,328.26,329.057,32619
2026-09-22 15:02,329.08,329.28,328.75,329.013,19931
2026-09-22 15:03,328.94,328.945,328.35,328.418,11336
2026-09-22 15:04,328.418,328.53,328.16,328.52,11148
2026-09-22 15:05,328.761,328.989,328.43,328.57,10542
2026-09-22 15:06,328.64,328.88,328.554,328.73,6714
2026-09-22 15:07,328.6,329.1,328.6,328.87,11132
2026-09-22 15:08,328.7,329.42,328.65,328.955,14924
2026-09-22 15:09,328.98,329.55,328.849,329.55,11539
2026-09-22 15:10,329.65,330.4,329.55,330.265,66867
2026-09-22 15:11,330.34,331.08,330.17,331.003,336519
2026-09-22 15:12,331.05,331.46,330.75,331.43,47364
2026-09-22 15:13,331.185,331.24,330.37,330.795,18850
2026-09-22 15:14,330.795,331.47,330.795,331.47,22573
2026-09-22 15:15,331.29,331.5,331.06,331.5,18352
2026-09-22 15:16,331.42,331.89,331.28,331.77,27252
2026-09-22 15:17,331.5,331.94,331.25,331.673,39506
2026-09-22 15:18,331.76,332.66,331.68,332.435,42498
2026-09-22 15:19,332.435,333.152,332.28,332.985,56745
2026-09-22 15:20,332.905,332.985,332,332.22,29538
2026-09-22 15:21,332.297,332.81,332.08,332.445,25215
2026-09-22 15:22,332.566,332.566,332.046,332.29,14061
2026-09-22 15:23,332.49,332.62,332,332.23,34097
2026-09-22 15:24,332.42,332.42,331.778,331.902,25189
2026-09-22 15:25,331.795,332.42,331.5,331.5,35399
2026-09-22 15:26,331.5,331.9,331.48,331.64,16355
2026-09-22 15:27,331.635,331.671,331.049,331.19,24146
2026-09-22 15:28,331,331,329.35,329.46,34595
2026-09-22 15:29,329.65,329.848,329.05,329.06,16234
2026-09-22 15:30,329.28,329.28,327.75,327.854,42217
2026-09-22 15:31,327.985,328.21,327.796,327.91,38303
2026-09-22 15:32,327.83,327.97,327.505,327.79,32041
2026-09-22 15:33,327.7,328.35,327.7,328.35,22431
2026-09-22 15:34,328.23,328.5,328.08,328.215,13243
2026-09-22 15:35,328.2,328.25,327.889,328.07,7505
2026-09-22 15:36,328.17,328.4,328.06,328.18,7435
2026-09-22 15:37,328.18,328.43,328,328.16,17176
2026-09-22 15:38,328.21,328.21,326.79,327.034,24094
2026-09-22 15:39,327.072,327.43,327.072,327.23,18387
2026-09-22 15:40,327.45,327.45,327.12,327.15,6893
2026-09-22 15:41,327.255,327.5,326.75,326.77,18002
2026-09-22 15:42,326.955,327.888,326.955,327.73,14962
2026-09-22 15:43,327.78,328.03,327.62,328.02,9385
2026-09-22 15:44,328.08,328.12,327.2,327.24,186923
2026-09-22 15:45,327.24,327.36,326.591,326.7,25378
2026-09-22 15:46,326.52,326.789,326.3,326.75,17139
2026-09-22 15:47,327.02,327.215,326.8,327.215,5119
2026-09-22 15:48,327.25,327.47,327,327.3,9964
2026-09-22 15:49,327.485,328.45,327.485,328,24435
2026-09-22 15:50,328.12,329.14,328.005,329.14,12004
2026-09-22 15:51,329.02,329.256,328.79,328.93,9092
2026-09-22 15:52,329.09,329.365,328.91,329.07,11698
2026-09-22 15:53,328.94,329.255,328.94,329.08,10427
2026-09-22 15:54,329.006,329.49,329.006,329.335,7934
2026-09-22 15:55,329.2,329.37,329.1,329.37,6841
2026-09-22 15:56,329.245,329.35,329.14,329.15,6549
2026-09-22 15:57,329.15,329.44,329.098,329.38,6773
2026-09-22 15:58,329.38,329.385,329.14,329.202,5365
2026-09-22 15:59,329.391,329.643,329.121,329.47,9083
2026-09-22 16:00,329.69,329.69,329.2,329.25,6794
2026-09-22 16:01,329.245,329.58,329.245,329.345,3712
2026-09-22 16:02,329.34,329.56,329.12,329.325,6652
2026-09-22 16:03,329.345,329.78,329.151,329.75,5379
2026-09-22 16:04,329.853,330.31,329.85,330.24,13762
2026-09-22 16:05,330.24,330.78,330.18,330.67,51487
2026-09-22 16:06,330.67,330.68,330.26,330.33,25344
2026-09-22 16:07,330.44,330.67,330.44,330.6,3125
2026-09-22 16:08,330.642,331.29,330.642,330.88,31100
2026-09-22 16:09,330.76,330.99,330.57,330.64,13818
2026-09-22 16:10,330.68,330.715,330.5,330.56,3523
2026-09-22 16:11,330.319,330.57,330.06,330.3,7709
2026-09-22 16:12,330.5,330.5,329.705,329.825,11885
2026-09-22 16:13,329.77,329.825,329.68,329.79,4414
2026-09-22 16:14,330.06,330.06,329.492,329.605,7926
2026-09-22 16:15,329.655,329.89,329.55,329.89,4809
2026-09-22 16:16,329.89,329.89,329.56,329.73,9173
2026-09-22 16:17,329.8,330.49,329.71,330.49,8599
2026-09-22 16:18,330.38,330.385,329.95,329.95,10011
2026-09-22 16:19,329.871,330.19,329.79,329.79,8779
2026-09-22 16:20,330.15,330.41,329.756,330,10754
2026-09-22 16:21,329.74,330,329.65,330,6853
2026-09-22 16:22,330,330.16,329.84,329.84,10071
2026-09-22 16:23,329.98,330.84,329.79,330.33,6750
2026-09-22 16:24,330.099,330.099,329.74,330,5231
2026-09-22 16:25,329.9,330.47,329.82,330.42,6343
2026-09-22 16:26,330.36,330.36,329.63,329.63,6479
2026-09-22 16:27,329.61,329.875,329.464,329.685,7598
2026-09-22 16:28,329.71,329.71,329.21,329.415,7317
2026-09-22 16:29,329.415,329.68,329.12,329.305,4853
2026-09-22 16:30,329.15,329.84,329.15,329.84,6080
2026-09-22 16:31,329.28,329.95,329.28,329.95,7207
2026-09-22 16:32,329.88,329.88,329.545,329.545,6680
2026-09-22 16:33,329.42,329.61,329.42,329.61,3752
2026-09-22 16:34,329.89,329.908,329.43,329.43,3714
2026-09-22 16:35,329.7,329.7,329.2,329.2,2451
2026-09-22 16:36,329.34,329.7,329.03,329.597,12639
2026-09-22 16:37,329.69,329.7,329.296,329.7,3861
2026-09-22 16:38,329.85,330.15,329.38,329.903,5962
2026-09-22 16:39,330,330.27,330,330.095,3888
2026-09-22 16:40,329.9,329.9,329.77,329.9,5377
2026-09-22 16:41,329.75,330.153,329.7,330.11,4070
2026-09-22 16:42,330.11,330.11,329.76,329.88,8276
2026-09-22 16:43,329.895,330.22,329.843,330.22,4282
2026-09-22 16:44,330.24,330.28,329.9,330.28,11540
2026-09-22 16:45,330.28,330.36,329.84,329.84,10585
2026-09-22 16:46,330.02,330.24,329.85,330.24,3256
2026-09-22 16:47,330.25,330.695,330,330.695,13060
2026-09-22 16:48,330.51,330.99,330.46,330.635,5394
2026-09-22 16:49,330.57,331,330.37,331,5485
2026-09-22 16:50,330.92,330.92,330.44,330.772,2824
2026-09-22 16:51,330.645,330.86,329.99,330.265,5756
2026-09-22 16:52,330.24,330.47,329.94,330.11,2210
2026-09-22 16:53,330.245,330.25,330.02,330.195,3861
2026-09-22 16:54,330.123,330.185,330.123,330.185,1363
2026-09-22 16:55,330.18,330.52,330.18,330.52,4482
2026-09-22 16:56,330.307,330.48,330.307,330.48,1447
2026-09-22 16:57,330.31,330.52,330.31,330.5,2656
2026-09-22 16:58,330.21,330.565,330.21,330.45,4501
2026-09-22 16:59,330.53,330.53,330.45,330.51,2760
2026-09-22 17:00,330.37,330.51,330.33,330.33,3885
2026-09-22 17:01,330.52,330.666,330.37,330.525,3493
2026-09-22 17:02,330.525,330.99,330.25,330.315,13210
2026-09-22 17:03,330.19,330.23,329.7,330.05,5980
2026-09-22 17:04,329.915,330.17,329.915,330.17,8584
2026-09-22 17:05,330.115,330.25,330.115,330.195,4388
2026-09-22 17:06,329.977,330.5,329.977,330.335,7359
2026-09-22 17:07,330.5,330.5,330.15,330.15,2011
2026-09-22 17:08,330.27,330.5,330.27,330.485,2176
2026-09-22 17:09,330.6,330.71,330.5,330.57,2224
2026-09-22 17:10,330.47,330.728,330.47,330.66,3632
2026-09-22 17:11,330.75,330.75,330.615,330.64,3564
2026-09-22 17:12,330.56,330.66,330.344,330.344,4969
2026-09-22 17:13,330.637,330.71,330.44,330.52,6271
2026-09-22 17:14,330.43,330.54,330.24,330.24,3562
2026-09-22 17:15,330.25,330.39,330.11,330.225,5502
2026-09-22 17:16,330.39,330.99,330.39,330.99,3051
2026-09-22 17:17,330.87,331,330.49,331,5723
2026-09-22 17:18,330.78,330.86,330.585,330.707,4860
2026-09-22 17:19,330.991,330.991,330.525,330.74,5024
2026-09-22 17:20,330.806,331,330.587,330.8,6355
2026-09-22 17:21,330.912,330.912,330.5,330.6,3979
2026-09-22 17:22,330.645,330.728,330.37,330.37,9543
2026-09-22 17:23,330.69,330.7,330.45,330.455,4661
2026-09-22 17:24,330.247,331,330.247,331,7940
2026-09-22 17:25,331.08,331.99,331.08,331.775,20854
2026-09-22 17:26,331.905,332.73,331.905,332.625,37490
2026-09-22 17:27,332.625,332.9,332.513,332.6,11503
2026-09-22 17:28,332.51,332.79,332.377,332.5,10438
2026-09-22 17:29,332.71,332.88,332.329,332.6,9718
2026-09-22 17:30,332.8,332.8,332.377,332.515,12845
2026-09-22 17:31,332.605,332.62,332.18,332.57,20475
2026-09-22 17:32,332.775,333.45,332.763,332.925,31875
2026-09-22 17:33,332.88,333.06,332.591,332.93,12635
2026-09-22 17:34,332.775,332.86,332.54,332.64,7522
2026-09-22 17:35,332.468,332.673,332.364,332.364,4498
2026-09-22 17:36,332.67,332.67,332.48,332.52,3744
2026-09-22 17:37,332.74,333.25,332.69,333.092,15482
2026-09-22 17:38,333,333.241,332.84,333.2,6110
2026-09-22 17:39,333.2,333.32,333.02,333.27,11251
2026-09-22 17:40,333.215,333.215,332.92,333.207,9105
2026-09-22 17:41,333.32,333.33,333.08,333.306,8112
2026-09-22 17:42,333.39,333.86,333.3,333.78,14528
2026-09-22 17:43,333.558,334.1,333.5,334.1,14003
2026-09-22 17:44,333.81,334.46,333.81,334.105,18699
2026-09-22 17:45,334.18,334.65,334.135,334.545,12871
2026-09-22 17:46,334.44,334.66,334.095,334.47,25453
2026-09-22 17:47,334.36,334.489,333.435,333.81,26455
2026-09-22 17:48,333.69,333.88,333.49,333.772,7677
2026-09-22 17:49,333.401,333.53,333.122,333.41,9253
2026-09-22 17:50,333.335,333.76,333.264,333.76,6154
2026-09-22 17:51,333.65,333.86,333.38,333.48,9984
2026-09-22 17:52,333.25,334.11,333.23,333.85,17500
2026-09-22 17:53,333.75,334.19,333.595,333.667,5965
2026-09-22 17:54,333.935,334.6,333.925,334.6,10715
2026-09-22 17:55,334.25,334.48,334.141,334.141,4802
2026-09-22 17:56,334.33,334.39,333.936,333.936,10576
2026-09-22 17:57,333.82,334.48,333.8,334,10105
2026-09-22 17:58,334.3,334.33,334,334,3931
2026-09-22 17:59,334.32,334.49,334.23,334.435,13682
2026-09-22 18:00,334.245,334.245,329.25,329.575,129568
2026-09-22 18:01,329.58,332.08,329.4,331.385,24874
2026-09-22 18:02,331.39,331.9,331.09,331.255,12378
2026-09-22 18:03,331.255,332.1,331.108,331.83,15293
2026-09-22 18:04,331.683,332.48,331.683,332.2,4745
2026-09-22 18:05,332.385,333.01,332.37,332.68,12316
2026-09-22 18:06,332.95,333.14,332.58,332.798,6771
2026-09-22 18:07,333.025,333.199,332.93,332.93,8963
2026-09-22 18:08,333.175,333.43,332.73,332.95,7732
2026-09-22 18:09,332.76,333.08,332.675,333.08,5325
2026-09-22 18:10,332.905,333.29,332.895,333.275,3508
2026-09-22 18:11,333.04,333.37,332.9,333.279,4283
2026-09-22 18:12,333.36,333.49,333.049,333.25,6759
2026-09-22 18:13,333.19,333.22,332.97,333.22,6690
2026-09-22 18:14,333.39,333.669,333.08,333.64,9542
2026-09-22 18:15,333.564,334.194,333.564,333.93,17086
2026-09-22 18:16,334.095,334.245,334.04,334.23,5055
2026-09-22 18:17,334.186,334.186,333.69,333.74,5076
2026-09-22 18:18,334,334.119,333.68,333.68,5046
2026-09-22 18:19,333.775,333.88,333.51,333.51,13072
2026-09-22 18:20,333.455,333.77,333.455,333.614,5513
2026-09-22 18:21,333.605,333.68,333.16,333.318,5735
2026-09-22 18:22,333.16,333.16,332.58,332.58,7610
2026-09-22 18:23,332.58,333.45,332.58,333.45,8214
2026-09-22 18:24,333.34,333.353,333.34,333.353,929
2026-09-22 18:25,333.447,333.75,333.14,333.28,4779
2026-09-22 18:26,333.28,333.45,333.08,333.255,5657
2026-09-22 18:27,333.255,333.255,332.847,332.847,5464
2026-09-22 18:28,333.26,333.26,332.77,332.77,4976
2026-09-22 18:29,333,333.015,332.83,332.965,1747
2026-09-22 18:30,332.93,332.94,332.42,332.851,6110
2026-09-22 18:31,332.86,332.96,332.63,332.82,9425
2026-09-22 18:32,332.82,332.82,332.551,332.551,2134
2026-09-22 18:33,332.79,332.882,332.51,332.515,3731
2026-09-22 18:34,332.615,332.88,332.615,332.679,6869
2026-09-22 18:35,332.73,332.73,332.16,332.195,5755
2026-09-22 18:36,332.38,332.38,331.9,331.9,10364
2026-09-22 18:37,331.85,331.975,331.82,331.975,10051
2026-09-22 18:38,331.8,332.08,331.55,331.735,4225
2026-09-22 18:39,331.595,331.69,331.595,331.67,6325
2026-09-22 18:40,331.58,331.69,330.705,331.17,13288
2026-09-22 18:41,331.06,331.52,330.815,330.92,6287
2026-09-22 18:42,331.05,331.47,331.05,331.18,11463
2026-09-22 18:43,331.57,331.57,331.5,331.546,1268
2026-09-22 18:44,331.305,331.405,331.05,331.27,3688
2026-09-22 18:45,331.05,331.48,331.05,331.265,2985
2026-09-22 18:46,331.25,331.25,331.109,331.109,3582
2026-09-22 18:47,331.17,331.2,330.9,330.965,11134
2026-09-22 18:48,330.81,331.09,330.785,331.01,6119
2026-09-22 18:49,331.02,331.21,331,331.105,4465
2026-09-22 18:50,331.17,331.17,330.62,330.77,7624
2026-09-22 18:51,330.715,331.13,330.625,330.98,3381
2026-09-22 18:52,330.91,330.91,330.91,330.91,2118
2026-09-22 18:53,330.88,330.985,330.845,330.985,7004
2026-09-22 18:54,331,331.15,330.945,331.02,3087
2026-09-22 18:55,331.16,331.24,331.02,331.22,7703
2026-09-22 18:56,331.398,331.398,331.14,331.145,3065
2026-09-22 18:57,331.24,331.28,331.165,331.28,2764
2026-09-22 18:58,331.069,331.14,331.01,331.14,2775
2026-09-22 18:59,331.135,331.28,331,331.13,2854
2026-09-22 19:00,331.081,331.34,331.081,331.34,3988
2026-09-22 19:01,331.09,331.28,331,331.13,7736
2026-09-22 19:02,331.1,331.33,331.07,331.33,7281
2026-09-22 19:03,331.26,331.33,331.155,331.25,3602
2026-09-22 19:04,331.267,331.42,331.07,331.42,8352
2026-09-22 19:05,331.4,331.42,331.23,331.29,5825
2026-09-22 19:06,331.2,331.23,331.2,331.23,2051
2026-09-22 19:07,331.16,331.35,331.105,331.24,7718
2026-09-22 19:08,331.05,331.42,331.05,331.25,1494
2026-09-22 19:09,331.225,331.25,330.41,330.655,13392
2026-09-22 19:10,330.78,330.78,330.66,330.77,2963
2026-09-22 19:11,330.77,330.79,330.48,330.57,9844
2026-09-22 19:12,330.526,331.05,330.526,331.05,7700
2026-09-22 19:13,330.975,331.12,330.57,330.895,15618
2026-09-22 19:14,330.721,331.01,330.54,331.01,3961
2026-09-22 19:15,330.88,331.07,330.87,330.95,6388
2026-09-22 19:16,331.08,331.24,331.06,331.13,4806
2026-09-22 19:17,331.13,331.36,331.13,331.225,7126
2026-09-22 19:18,331.42,331.435,331.32,331.435,2471
2026-09-22 19:19,331.4,331.45,331.2,331.24,5989
2026-09-22 19:20,331.234,331.295,331,331.22,10112
2026-09-22 19:21,331.22,331.3,330.905,331.29,21896
2026-09-22 19:22,331.25,331.32,331.005,331.05,8119
2026-09-22 19:23,331.07,331.45,331.06,331.45,8901
2026-09-22 19:24,331.27,331.41,331.17,331.21,10934
2026-09-22 19:25,331.18,331.68,331.18,331.61,9175
2026-09-22 19:26,331.68,331.86,331.61,331.835,6142
2026-09-22 19:27,331.86,331.86,331.42,331.42,8678
2026-09-22 19:28,331.48,331.48,331.2,331.37,7023
2026-09-22 19:29,331.225,331.225,331.09,331.16,3269
2026-09-22 19:30,331,331.35,330.74,331,17520
2026-09-22 19:31,331.14,331.64,331.14,331.51,8527
2026-09-22 19:32,331.5,331.57,331.275,331.275,6781
2026-09-22 19:33,331.27,331.275,331.09,331.105,4105
2026-09-22 19:34,331.14,331.14,330.81,331,20169
2026-09-22 19:35,330.871,331.004,330.53,330.614,11704
2026-09-22 19:36,330.635,330.635,329.893,329.98,18769
2026-09-22 19:37,330.04,330.91,329.9,330.894,16993
2026-09-22 19:38,330.92,330.92,330.55,330.74,7608
2026-09-22 19:39,330.78,331.177,330.78,331.101,13034
2026-09-22 19:40,331,331.08,330.85,330.95,7217
2026-09-22 19:41,330.78,331.48,330.66,331.417,20532
2026-09-22 19:42,331.335,331.39,331.01,331.16,17759
2026-09-22 19:43,331.15,331.27,331,331.02,5333
2026-09-22 19:44,331.082,331.91,331.01,331.91,10285
2026-09-22 19:45,331.89,331.89,331.585,331.759,11413
2026-09-22 19:46,331.79,331.79,331.3,331.3,12907
2026-09-22 19:47,331.553,331.63,331.31,331.62,13283
2026-09-22 19:48,331.46,331.55,331.03,331.125,12574
2026-09-22 19:49,331.19,331.71,331.19,331.645,16301
2026-09-22 19:50,331.42,331.89,331.42,331.68,12502
2026-09-22 19:51,331.68,332.26,331.55,332.22,31159
2026-09-22 19:52,332.32,333.23,332.181,333.125,36947
2026-09-22 19:53,333.125,333.2,332.17,332.22,30509
2026-09-22 19:54,332.172,332.88,332.07,332.6,36561
2026-09-22 19:55,332.59,333.1,332.58,332.62,28765
2026-09-22 19:56,332.735,332.95,332.5,332.605,37596
2026-09-22 19:57,332.49,333.205,332.48,333.13,47047
2026-09-22 19:58,333.07,333.34,332.84,332.89,64949
2026-09-22 19:59,332.83,333.33,332.75,333.33,116381
2026-09-23 13:30,331.72,336.98,331,333.78,391973
2026-09-23 13:31,333.785,334.44,331.338,331.915,30408
2026-09-23 13:32,332.7,333.425,329.2,330.145,68807
2026-09-23 13:33,330.078,332.49,329.2,332.285,56597
2026-09-23 13:34,332.575,333.164,331.17,331.5,39860
2026-09-23 13:35,331.5,333.203,330.68,332.39,31434
2026-09-23 13:36,332.34,332.755,331.57,331.83,23755
2026-09-23 13:37,332.135,332.135,330.7,331.19,19700
2026-09-23 13:38,331.19,332.68,330.29,330.63,31885
2026-09-23 13:39,330.83,332,330.83,331.625,16098
2026-09-23 13:40,331.599,331.68,330.75,331.45,31685
2026-09-23 13:41,330.83,333,330.83,332.01,26063
2026-09-23 13:42,332.3,333.025,331.095,331.66,16243
2026-09-23 13:43,332,332.967,331.479,331.96,12643
2026-09-23 13:44,332.8,333.728,332.04,332.68,68231
2026-09-23 13:45,332.87,334.29,332.33,334.057,35168
2026-09-23 13:46,334.269,334.525,333.055,333.41,33785
2026-09-23 13:47,333.09,334.035,332.13,333.735,26477
2026-09-23 13:48,333.735,334.09,331.3,331.87,34165
2026-09-23 13:49,331.49,332.96,331.49,332.162,15377
2026-09-23 13:50,332.685,332.685,330.83,331.165,20708
2026-09-23 13:51,331.06,331.5,330.6,331.27,17469
2026-09-23 13:52,331.21,332.1,330.62,331.52,19328
2026-09-23 13:53,331.6,333.75,331.54,333.212,21903
2026-09-23 13:54,333.185,333.42,332.01,332.119,25048
2026-09-23 13:55,332.6,333.51,332.2,332.96,20095
2026-09-23 13:56,333.175,335.36,332.972,334.215,62661
2026-09-23 13:57,334.31,335.809,334.129,334.435,53885
2026-09-23 13:58,334.02,334.86,333.5,334.2,23309
2026-09-23 13:59,333.9,334.36,332.151,332.945,31553
2026-09-23 14:00,333.45,335.11,333.15,334.76,32886
2026-09-23 14:01,334.765,336.23,333.69,335.41,26919
2026-09-23 14:02,335.515,335.83,334.887,335.531,21763
2026-09-23 14:03,334.76,335,333.71,333.99,18221
2026-09-23 14:04,334.195,335.681,334.15,335.039,14796
2026-09-23 14:05,334.95,335.843,334.95,335.51,24565
2026-09-23 14:06,335.28,335.68,335.02,335.506,17587
2026-09-23 14:07,335.33,335.33,333,333.154,41702
2026-09-23 14:08,333,333.783,332.793,333.47,32430
2026-09-23 14:09,333.275,333.332,331.62,332.04,42012
2026-09-23 14:10,331.882,332.615,331,331.41,30763
2026-09-23 14:11,331,331.46,330.12,331.36,39309
2026-09-23 14:12,331.25,331.485,329.38,329.397,34763
2026-09-23 14:13,329.39,330.96,328.955,330.13,41107
2026-09-23 14:14,330,330.71,329.47,330.075,16681
2026-09-23 14:15,330.07,330.38,329.12,329.7,23355
2026-09-23 14:16,329.85,329.87,329.14,329.505,17119
2026-09-23 14:17,329.41,329.56,327.69,327.745,43333
2026-09-23 14:18,327.9,328.46,327.607,328.12,24931
2026-09-23 14:19,328.12,328.62,327.03,327.04,28966
2026-09-23 14:20,327.01,328.57,326.32,328.26,363361
2026-09-23 14:21,328.58,328.696,327.21,327.21,24835
2026-09-23 14:22,327.3,328.15,327.07,328.15,34404
2026-09-23 14:23,328.05,328.97,327.73,328.545,13682
2026-09-23 14:24,328.545,329,328.15,328.47,33468
2026-09-23 14:25,328.713,330.015,328.65,329.515,40686
2026-09-23 14:26,329.3,330.07,328.953,329.395,33296
2026-09-23 14:27,329.49,330.025,329.41,329.53,13031
2026-09-23 14:28,329.645,330.69,329.645,330.559,46815
2026-09-23 14:29,330.43,330.43,328.629,329.06,44497
2026-09-23 14:30,328.83,329.05,328.02,328.28,17969
2026-09-23 14:31,328.16,328.167,327.009,327.76,25494
2026-09-23 14:32,327.604,328.4,327.5,328.15,8973
2026-09-23 14:33,328.03,328.32,327.79,328.115,20694
2026-09-23 14:34,328.3,328.92,328.111,328.7,8659
2026-09-23 14:35,328.71,329.48,328.27,329.48,12515
2026-09-23 14:36,329.838,329.838,328.635,328.78,24348
2026-09-23 14:37,328.77,328.78,327.85,328,33278
2026-09-23 14:38,327.92,328.14,326.85,327.37,19607
2026-09-23 14:39,327.244,327.488,326.61,327.058,22481
2026-09-23 14:40,327.22,327.27,327.03,327.27,5615
2026-09-23 14:41,327.451,327.61,326.8,326.98,15487
2026-09-23 14:42,326.966,327.223,326.8,327.223,8020
2026-09-23 14:43,327.328,327.328,326.83,327.23,7584
2026-09-23 14:44,327.038,328.1,326.22,328.1,21399
2026-09-23 14:45,328.2,329,327.94,328.67,45110
2026-09-23 14:46,328.44,328.9,327.696,328.9,10608
2026-09-23 14:47,328.6,328.69,328.29,328.49,5185
2026-09-23 14:48,328.69,328.735,327.12,327.3,18281
2026-09-23 14:49,327.485,327.954,327.485,327.68,7739
2026-09-23 14:50,327.53,327.729,326.46,326.46,10559
2026-09-23 14:51,326.41,327.825,326.07,327.45,29116
2026-09-23 14:52,327.41,327.41,326.83,327.15,11135
2026-09-23 14:53,327.25,328.5,326.91,328.03,24469
2026-09-23 14:54,327.87,328.124,327.53,327.625,12160
2026-09-23 14:55,327.45,328,326.83,327.49,20300
2026-09-23 14:56,327.55,327.858,327.39,327.858,9603
2026-09-23 14:57,327.72,327.874,327.43,327.43,5714
2026-09-23 14:58,327.48,327.7,326.71,327.082,31979
2026-09-23 14:59,327.38,328.396,326.854,327.7,22218
2026-09-23 15:00,327.65,328.2,327.65,328.128,12040
2026-09-23 15:01,328.25,328.593,328,328.2,39544
2026-09-23 15:02,328.24,328.69,327.645,327.93,13422
2026-09-23 15:03,327.672,327.71,327.03,327.17,17683
2026-09-23 15:04,327.165,327.24,326.78,326.79,8864
2026-09-23 15:05,327.03,327.27,326.75,326.79,12878
2026-09-23 15:06,326.78,326.93,326.25,326.277,50222
2026-09-23 15:07,326.4,326.905,326.25,326.51,12317
2026-09-23 15:08,326.638,326.8,326.25,326.525,8351
2026-09-23 15:09,326.535,326.67,326.38,326.655,6935
2026-09-23 15:10,326.64,326.804,326.56,326.804,12778
2026-09-23 15:11,326.563,327.229,326.563,326.97,11264
2026-09-23 15:12,327.025,327.71,326.719,327.525,15659
2026-09-23 15:13,327.45,327.478,326.5,326.775,4498
2026-09-23 15:14,326.848,327.423,326.848,327.29,3781
2026-09-23 15:15,327.255,327.396,327.03,327.03,10005
2026-09-23 15:16,327.02,327.085,326.48,326.62,13148
2026-09-23 15:17,326.44,326.58,325.55,326.27,31137
2026-09-23 15:18,326.27,326.597,326.055,326.21,25742
2026-09-23 15:19,325.92,326.59,325.92,326.42,9404
2026-09-23 15:20,326.4,326.815,326.4,326.4,10979
2026-09-23 15:21,326.827,327.07,325.97,326.97,10439
2026-09-23 15:22,327.07,328.65,327.03,328.65,68175
2026-09-23 15:23,328.646,328.65,327.9,328.555,27571
2026-09-23 15:24,328.69,329.38,328.459,328.59,38353
2026-09-23 15:25,328.53,329,328.5,328.55,10168
2026-09-23 15:26,329.06,329.42,328.59,328.75,13058
2026-09-23 15:27,328.52,328.91,328.48,328.91,6247
2026-09-23 15:28,328.65,328.91,328.15,328.18,9741
2026-09-23 15:29,328.09,328.25,327.81,328.14,4255
2026-09-23 15:30,328.205,328.62,328.2,328.45,3917
2026-09-23 15:31,328.58,329.05,328.45,328.98,9351
2026-09-23 15:32,328.98,329.285,328.76,328.905,27258
2026-09-23 15:33,328.846,329.28,328.7,328.72,13136
2026-09-23 15:34,328.8,329.5,328.8,329.06,15982
2026-09-23 15:35,329.07,329.58,328.69,329.345,14802
2026-09-23 15:36,329.22,329.582,329.05,329.474,10037
2026-09-23 15:37,329.13,329.36,328.8,329.045,4666
2026-09-23 15:38,329.26,329.6,328.98,329.14,12540
2026-09-23 15:39,329.16,329.16,328.01,328.14,11897
2026-09-23 15:40,328.22,328.44,327.94,328.325,10980
2026-09-23 15:41,328.325,328.325,327.61,327.61,10766
2026-09-23 15:42,327.905,328.2,327,327.17,19650
2026-09-23 15:43,327.103,327.5,326.94,327.315,11728
2026-09-23 15:44,327.29,327.29,327.015,327.2,4225
2026-09-23 15:45,327.35,327.79,327.16,327.79,7242
2026-09-23 15:46,328,328,327.5,327.665,7679
2026-09-23 15:47,327.57,327.9,327.18,327.325,10272
2026-09-23 15:48,327.426,327.426,326.98,326.98,10978
2026-09-23 15:49,326.8,327.31,326.8,327.095,11683
2026-09-23 15:50,327.02,327.02,326.6,326.875,6886
2026-09-23 15:51,326.7,326.7,326.13,326.67,8381
2026-09-23 15:52,326.62,327,326.62,326.73,4515
2026-09-23 15:53,326.63,326.69,326.2,326.6,8404
2026-09-23 15:54,326.59,327,326.13,327,10908
2026-09-23 15:55,326.904,326.904,326.75,326.85,3869
2026-09-23 15:56,326.72,326.896,326.5,326.7,4851
2026-09-23 15:57,326.75,326.75,326,326,14880
2026-09-23 15:58,326.11,326.261,325.82,326.2,5519
2026-09-23 15:59,326.07,326.15,325.706,325.955,5594
2026-09-23 16:00,325.983,326.1,325.66,325.94,5533
2026-09-23 16:01,325.87,325.87,324.61,324.78,37303
2026-09-23 16:02,324.74,324.9,324.74,324.8,7012
2026-09-23 16:03,324.783,325.28,324.67,324.67,37138
2026-09-23 16:04,324.8,324.88,324.56,324.88,6207
2026-09-23 16:05,324.962,325.341,324.88,325.26,13492
2026-09-23 16:06,325.275,325.759,325.2,325.25,5942
2026-09-23 16:07,325.2,325.593,325.2,325.525,7294
2026-09-23 16:08,325.41,325.52,325.3,325.385,4620
2026-09-23 16:09,325.5,325.84,325.39,325.75,10829
2026-09-23 16:10,325.93,326.14,325.865,326.12,5601
2026-09-23 16:11,325.81,325.9,325.43,325.44,5999
2026-09-23 16:12,325.61,325.861,325.485,325.615,3725
2026-09-23 16:13,325.62,325.65,325.5,325.51,3458
2026-09-23 16:14,325.33,325.5,325.09,325.4,14104
2026-09-23 16:15,325.425,326.598,325.34,326.315,8132
2026-09-23 16:16,326.53,326.53,326.16,326.16,2357
2026-09-23 16:17,326.18,326.32,326.01,326.224,5381
2026-09-23 16:18,326.49,326.535,325.775,325.775,6008
2026-09-23 16:19,325.75,325.86,325.58,325.8,5404
2026-09-23 16:20,325.71,325.85,325.4,325.4,4942
2026-09-23 16:21,325.36,325.52,325.34,325.42,6695
2026-09-23 16:22,325.39,325.6,325.35,325.6,6244
2026-09-23 16:23,325.651,325.9,325.639,325.825,5729
2026-09-23 16:24,325.78,325.78,325.58,325.58,6625
2026-09-23 16:25,325.62,326,325.62,326,5185
2026-09-23 16:26,326.14,326.209,325.94,325.94,6332
2026-09-23 16:27,325.95,326.04,325.87,326.04,10470
2026-09-23 16:28,325.87,325.9,325.78,325.9,6851
2026-09-23 16:29,325.855,325.99,325.605,325.605,3963
2026-09-23 16:30,325.605,326.18,325.605,326.18,3166
2026-09-23 16:31,326.01,326.75,325.69,326.75,7073
2026-09-23 16:32,326.57,326.78,326.57,326.725,2701
2026-09-23 16:33,326.73,327,326.715,326.715,4856
2026-09-23 16:34,326.69,326.95,326.66,326.84,6964
2026-09-23 16:35,326.825,326.825,326.56,326.56,4171
2026-09-23 16:36,326.95,326.95,326.66,326.851,2771
2026-09-23 16:37,327,327.165,326.97,326.97,4374
2026-09-23 16:38,327.15,327.15,326.58,326.58,9191
2026-09-23 16:39,326.61,326.7,326.235,326.245,5149
2026-09-23 16:40,326.25,326.25,325.89,325.89,6294
2026-09-23 16:41,325.815,326.01,325.57,325.705,3466
2026-09-23 16:42,325.705,326,325.66,325.99,2568
2026-09-23 16:43,326.05,326.05,325.86,325.94,4392
2026-09-23 16:44,325.975,326.14,325.83,326.13,3702
2026-09-23 16:45,326.135,326.27,325.77,325.848,5324
2026-09-23 16:46,326.27,326.908,326.16,326.85,24797
2026-09-23 16:47,326.79,327.18,326.373,326.64,6990
2026-09-23 16:48,326.6,326.67,326.21,326.65,2056
2026-09-23 16:49,326.307,326.93,326.307,326.61,2570
2026-09-23 16:50,326.43,326.43,325.746,325.8,9095
2026-09-23 16:51,325.8,325.8,325.36,325.485,8799
2026-09-23 16:52,325.365,325.605,325.14,325.605,7772
2026-09-23 16:53,325.62,325.62,325.111,325.53,10101
2026-09-23 16:54,325.54,325.778,325.31,325.31,3319
2026-09-23 16:55,325.605,326.14,325.433,326.14,4944
2026-09-23 16:56,325.93,326.8,325.76,326.76,9756
2026-09-23 16:57,326.615,326.99,326.615,326.62,1824
2026-09-23 16:58,326.55,326.55,325.76,326.015,8984
2026-09-23 16:59,326.23,326.405,326.23,326.405,3148
2026-09-23 17:00,326.4,326.595,326.39,326.595,2987
2026-09-23 17:01,326.595,326.74,326.595,326.635,1948
2026-09-23 17:02,326.46,326.571,326,326,13703
2026-09-23 17:03,325.84,325.84,325.27,325.525,5329
2026-09-23 17:04,325.36,325.735,325.36,325.592,2868
2026-09-23 17:05,325.735,325.835,325.735,325.835,2092
2026-09-23 17:06,325.8,325.8,325.52,325.72,4376
2026-09-23 17:07,325.47,325.47,325.03,325.31,2930
2026-09-23 17:08,325.15,325.39,325.15,325.39,3440
2026-09-23 17:09,325.39,325.615,325.29,325.615,5329
2026-09-23 17:10,325.6,325.61,324.999,324.999,8769
2026-09-23 17:11,325.14,325.195,324.98,325.135,3714
2026-09-23 17:12,325.24,325.28,325.03,325.03,4727
2026-09-23 17:13,325.03,325.18,324.955,325.02,6316
2026-09-23 17:14,325.02,325.77,325.02,325.731,5398
2026-09-23 17:15,326.4,327.035,326.1,327.035,9953
2026-09-23 17:16,327.02,327.36,327.02,327.047,4572
2026-09-23 17:17,327.155,327.705,327.155,327.705,22411
2026-09-23 17:18,327.89,328.28,327.705,328.23,11817
2026-09-23 17:19,328.15,328.87,328.15,328.83,11676
2026-09-23 17:20,328.905,329.025,328.43,328.99,12321
2026-09-23 17:21,328.865,329.05,328.86,328.95,5620
2026-09-23 17:22,328.87,329.8,328.87,329.646,8045
2026-09-23 17:23,329.31,329.95,329.31,329.715,8702
2026-09-23 17:24,329.74,329.74,329.22,329.285,12335
2026-09-23 17:25,329.285,329.733,329.149,329.551,10131
2026-09-23 17:26,329.5,329.56,329.28,329.291,6883
2026-09-23 17:27,329.515,329.62,329.2,329.375,4290
2026-09-23 17:28,329.508,330.23,329.385,330.23,19619
2026-09-23 17:29,330.07,330.23,329.785,330.2,10449
2026-09-23 17:30,330.08,330.82,329.86,330.28,29310
2026-09-23 17:31,330.015,330.3,329.83,330.3,4334
2026-09-23 17:32,330.07,330.3,329.49,330.055,7851
2026-09-23 17:33,330.29,330.492,330,330.485,10204
2026-09-23 17:34,330.485,330.88,330.47,330.79,15005
2026-09-23 17:35,330.74,330.88,330.69,330.821,12312
2026-09-23 17:36,330.73,331,330.71,331,11091
2026-09-23 17:37,330.85,331.162,330.823,331.04,7187
2026-09-23 17:38,331.07,331.157,330.99,331.07,10425
2026-09-23 17:39,331.165,331.97,331.04,331.37,43856
2026-09-23 17:40,331.3,331.3,330.15,330.64,12472
2026-09-23 17:41,330.675,331.225,330.675,331.201,4575
2026-09-23 17:42,331.22,331.746,331.22,331.746,4994
2026-09-23 17:43,331.755,332.29,331.755,332.285,17048
2026-09-23 17:44,332.3,332.597,332.185,332.28,10139
2026-09-23 17:45,332.255,332.255,331.34,331.865,10070
2026-09-23 17:46,331.86,332.02,331.71,331.71,9583
2026-09-23 17:47,331.63,332.065,331.63,332.065,6784
2026-09-23 17:48,332,332.131,331.77,331.875,4382
2026-09-23 17:49,332,332.25,331.96,331.96,6751
2026-09-23 17:50,332.01,332.13,331.45,331.47,12615
2026-09-23 17:51,331.605,331.99,331.605,331.977,4515
2026-09-23 17:52,331.74,331.82,331.593,331.785,4470
2026-09-23 17:53,331.531,331.78,331.08,331.09,11716
2026-09-23 17:54,331.195,331.467,331.09,331.24,6701
2026-09-23 17:55,331.28,331.28,331.233,331.235,5474
2026-09-23 17:56,331.145,331.24,331.09,331.24,5791
2026-09-23 17:57,331.24,331.39,331.08,331.365,8418
2026-09-23 17:58,331.425,331.425,331.04,331.195,5766
2026-09-23 17:59,331.04,331.33,331.03,331.23,10265
2026-09-23 18:00,331.45,331.77,331.38,331.38,7710
2026-09-23 18:01,331.51,331.51,330.36,330.52,10321
2026-09-23 18:02,330.857,330.857,330.65,330.652,4184
2026-09-23 18:03,330.675,330.675,330.18,330.18,13047
2026-09-23 18:04,330,330.045,329.6,329.875,8164
2026-09-23 18:05,329.775,329.775,329.62,329.65,3902
2026-09-23 18:06,329.66,330.091,329.66,329.96,4212
2026-09-23 18:07,330.115,330.601,330.09,330.54,3791
2026-09-23 18:08,330.4,330.601,330.14,330.5,2801
2026-09-23 18:09,330.435,330.435,329.75,329.945,8924
2026-09-23 18:10,329.835,330.353,329.74,329.74,6602
2026-09-23 18:11,329.99,330.23,329.75,329.9,3764
2026-09-23 18:12,329.835,329.9,329.74,329.82,2914
2026-09-23 18:13,329.86,330.26,329.86,330.175,3074
2026-09-23 18:14,330.175,330.59,330.175,330.568,4347
2026-09-23 18:15,330.32,330.59,330.32,330.59,4037
2026-09-23 18:16,330.57,331.41,330.57,331.25,8478
2026-09-23 18:17,331.25,331.56,331.08,331.56,5088
2026-09-23 18:18,331.7,331.77,331.31,331.596,6650
2026-09-23 18:19,331.58,331.69,331.26,331.39,7862
2026-09-23 18:20,331.26,331.32,330.97,331.085,8237
2026-09-23 18:21,330.9,331.1,330.367,330.419,5826
2026-09-23 18:22,330.705,331.13,330.34,331.128,4445
2026-09-23 18:23,330.965,330.985,330.965,330.985,1541
2026-09-23 18:24,331.135,331.29,331.09,331.135,7246
2026-09-23 18:25,331.135,331.285,331.04,331.13,2968
2026-09-23 18:26,331.12,331.29,330.81,331.29,11442
2026-09-23 18:27,331.158,331.61,331.158,331.39,3635
2026-09-23 18:28,331.36,331.44,331.2,331.2,3566
2026-09-23 18:29,331.11,331.31,330.96,331.28,7997
2026-09-23 18:30,331.287,331.287,330.96,330.96,6606
2026-09-23 18:31,330.96,331,330.64,331,3421
2026-09-23 18:32,330.98,331,330.8,330.981,4682
2026-09-23 18:33,330.91,330.91,330.79,330.796,6883
2026-09-23 18:34,330.99,331.165,330.97,331.145,3361
2026-09-23 18:35,331.32,331.37,331.23,331.29,3882
2026-09-23 18:36,331.3,331.46,331.17,331.17,6468
2026-09-23 18:37,331.08,331.35,331.06,331.269,3037
2026-09-23 18:38,331.04,331.15,330.74,331,5812
2026-09-23 18:39,330.96,331.54,330.96,331.305,29665
2026-09-23 18:40,331.305,331.5,331.149,331.455,3523
2026-09-23 18:41,331.5,331.76,331.11,331.11,9334
2026-09-23 18:42,331.041,331.48,331.041,331.48,1700
2026-09-23 18:43,331.275,331.798,331.255,331.57,5315
2026-09-23 18:44,331.655,331.83,331.639,331.685,2011
2026-09-23 18:45,331.83,331.935,331.56,331.692,8428
2026-09-23 18:46,331.74,332.316,331.7,332.16,21099
2026-09-23 18:47,332.14,333.2,331.93,332.97,32487
2026-09-23 18:48,332.65,332.88,332.24,332.64,25711
2026-09-23 18:49,332.68,332.88,332.68,332.88,3143
2026-09-23 18:50,332.68,333.26,332.68,333.055,19247
2026-09-23 18:51,332.96,333.02,332.85,332.92,4368
2026-09-23 18:52,333.01,333.09,332.695,332.805,5929
2026-09-23 18:53,332.783,333.3,332.69,333.17,6583
2026-09-23 18:54,333.17,333.33,332.89,333.05,8697
2026-09-23 18:55,333.035,333.29,332.891,333.214,6127
2026-09-23 18:56,333.13,333.53,333.055,333.5,7240
2026-09-23 18:57,333.5,333.79,333.4,333.68,13460
2026-09-23 18:58,333.73,334,333.6,334,16475
2026-09-23 18:59,333.908,334,333.82,333.865,13879
2026-09-23 19:00,333.8,334.13,333.72,334.12,12404
2026-09-23 19:01,334.05,334.37,334.05,334.17,7729
2026-09-23 19:02,334.175,334.175,333.74,333.77,11594
2026-09-23 19:03,333.77,333.87,333.55,333.84,17152
2026-09-23 19:04,333.87,334,333.54,333.67,13775
2026-09-23 19:05,333.65,333.78,333.53,333.58,6242
2026-09-23 19:06,333.51,333.8,333.48,333.8,5892
2026-09-23 19:07,333.8,334.45,333.723,333.78,16123
2026-09-23 19:08,333.83,334.284,333.67,333.81,15931
2026-09-23 19:09,334.326,334.43,333.585,333.733,12610
2026-09-23 19:10,333.75,333.755,333.61,333.755,5028
2026-09-23 19:11,333.67,333.965,333.47,333.47,17611
2026-09-23 19:12,333.745,333.839,333.29,333.665,13350
2026-09-23 19:13,333.635,333.8,333.42,333.6,7316
2026-09-23 19:14,333.61,333.78,333.482,333.545,7552
2026-09-23 19:15,333.44,333.65,333.09,333.245,14135
2026-09-23 19:16,333.08,333.24,332.79,333.01,8025
2026-09-23 19:17,332.79,332.98,332.63,332.814,9134
2026-09-23 19:18,332.815,332.9,332.57,332.765,10896
2026-09-23 19:19,332.82,332.85,332.625,332.725,6678
2026-09-23 19:20,332.641,332.725,332.28,332.28,12502
2026-09-23 19:21,332.501,332.69,332.32,332.69,11803
2026-09-23 19:22,332.69,333.32,332.69,332.91,25595
2026-09-23 19:23,333.05,333.2,332.88,333.2,6805
2026-09-23 19:24,333.09,333.23,332.96,333.02,8358
2026-09-23 19:25,333.02,333.2,332.73,332.73,16234
2026-09-23 19:26,332.73,332.905,332.675,332.815,4759
2026-09-23 19:27,332.89,333.44,332.63,333.41,9940
2026-09-23 19:28,333.345,333.53,333.17,333.39,14117
2026-09-23 19:29,333.415,333.505,333.18,333.215,4755
2026-09-23 19:30,333.19,333.98,333.1,333.76,18600
2026-09-23 19:31,333.57,333.645,333.36,333.645,6973
2026-09-23 19:32,333.536,333.77,333.495,333.735,6455
2026-09-23 19:33,333.57,333.63,332.99,333.545,18403
2026-09-23 19:34,333.717,333.79,333.4,333.76,4591
2026-09-23 19:35,333.492,333.75,333.3,333.715,14512
2026-09-23 19:36,333.8,333.831,333.58,333.58,8508
2026-09-23 19:37,333.85,333.928,333.52,333.92,11565
2026-09-23 19:38,333.8,333.8,333.59,333.69,5861
2026-09-23 19:39,333.59,333.825,333.59,333.732,5475
2026-09-23 19:40,333.95,333.98,333.68,333.86,7642
2026-09-23 19:41,333.865,333.865,333.57,333.57,18101
2026-09-23 19:42,333.71,333.82,333.206,333.395,14942
2026-09-23 19:43,333.3,333.3,332.843,332.96,14166
2026-09-23 19:44,332.96,333.105,332.83,332.94,11321
2026-09-23 19:45,332.94,333.17,332.86,333.11,13431
2026-09-23 19:46,333.22,333.47,333.03,333.24,26064
2026-09-23 19:47,333.25,333.43,333.25,333.42,7314
2026-09-23 19:48,333.465,333.66,333.288,333.4,23808
2026-09-23 19:49,333.575,333.94,333.49,333.73,27486
2026-09-23 19:50,333.57,333.57,332.94,333.39,17081
2026-09-23 19:51,333.483,333.62,333.27,333.59,21398
2026-09-23 19:52,333.43,333.48,332.705,332.84,33692
2026-09-23 19:53,332.957,333.505,332.957,333.432,19550
2026-09-23 19:54,333.515,333.71,332.135,332.135,39780
2026-09-23 19:55,332.67,332.99,331.65,331.93,44053
2026-09-23 19:56,331.77,332.18,331.63,332.09,45723
2026-09-23 19:57,332.09,332.73,332.09,332.46,56520
2026-09-23 19:58,332.48,332.98,332.46,332.77,57453
2026-09-23 19:59,332.79,332.85,332.38,332.56,124260
