stamp,open,high,low,close,volume
2026-08-25 13:30,88.235,88.43,87.52,87.7,1.16206e+06
2026-08-25 13:31,87.77,88.45,87.77,88.36,84151
2026-08-25 13:32,88.36,88.69,88.29,88.59,130553
2026-08-25 13:33,88.59,88.75,88.14,88.385,82863
2026-08-25 13:34,88.4,88.65,88.16,88.62,61195
2026-08-25 13:35,88.58,88.9,88.31,88.8232,74928
2026-08-25 13:36,88.76,88.8999,88.2001,88.44,65589
2026-08-25 13:37,88.495,88.85,88.39,88.595,34346
2026-08-25 13:38,88.66,88.68,87.9,88.08,90645
2026-08-25 13:39,88.075,88.08,87.65,87.9147,88080
2026-08-25 13:40,87.88,88.7,87.88,88.42,93825
2026-08-25 13:41,88.5,88.8,88.35,88.75,52170
2026-08-25 13:42,88.8,89.3399,88.6401,89.15,205541
2026-08-25 13:43,89.11,89.1999,88.75,88.97,69332
2026-08-25 13:44,88.92,89.3199,88.895,89.26,94340
2026-08-25 13:45,89.22,89.44,88.98,88.98,125848
2026-08-25 13:46,89.02,89.815,88.87,89.815,137564
2026-08-25 13:47,89.85,89.9,89.48,89.63,123126
2026-08-25 13:48,89.6483,90.25,89.5,90.155,146106
2026-08-25 13:49,90.155,90.155,89.86,90.0345,96899
2026-08-25 13:50,89.95,90.12,89.89,89.92,98203
2026-08-25 13:51,89.9,89.99,89.78,89.915,63472
2026-08-25 13:52,89.9025,90.0899,89.66,89.855,85986
2026-08-25 13:53,89.855,89.9,89.51,89.85,71410
2026-08-25 13:54,89.85,89.85,89.61,89.68,41183
2026-08-25 13:55,89.68,89.9727,89.61,89.9727,69255
2026-08-25 13:56,89.911,89.92,89.51,89.585,51002
2026-08-25 13:57,89.5851,89.89,89.41,89.65,59880
2026-08-25 13:58,89.63,89.85,89.6,89.835,35201
2026-08-25 13:59,89.89,89.9,89.56,89.73,41403
2026-08-25 14:00,89.7,89.75,89.42,89.61,37250
2026-08-25 14:01,89.51,89.7804,89.325,89.715,47177
2026-08-25 14:02,89.7999,89.88,89.17,89.2,52845
2026-08-25 14:03,89.21,89.42,89.11,89.145,39081
2026-08-25 14:04,89.145,89.1799,88.775,88.875,70646
2026-08-25 14:05,88.875,89.3796,88.7724,89.31,73898
2026-08-25 14:06,89.31,89.45,89.0898,89.0898,33089
2026-08-25 14:07,89.115,89.26,89.03,89.03,30828
2026-08-25 14:08,89.02,89.235,89,89.23,37563
2026-08-25 14:09,89.22,89.32,89.1397,89.16,42614
2026-08-25 14:10,89.21,89.7657,89.17,89.665,57581
2026-08-25 14:11,89.63,89.67,89.37,89.37,58177
2026-08-25 14:12,89.38,89.61,89.36,89.6,39555
2026-08-25 14:13,89.59,89.67,89.45,89.5401,47514
2026-08-25 14:14,89.49,89.56,89.3801,89.4,22077
2026-08-25 14:15,89.39,89.73,89.3,89.67,66660
2026-08-25 14:16,89.67,89.88,89.3101,89.37,45266
2026-08-25 14:17,89.38,89.5,89.24,89.262,60583
2026-08-25 14:18,89.31,89.46,89.28,89.41,14617
2026-08-25 14:19,89.405,89.6281,89.2301,89.285,46256
2026-08-25 14:20,89.3399,89.5,89.2576,89.4998,21338
2026-08-25 14:21,89.45,89.4728,89.0301,89.135,23673
2026-08-25 14:22,89.09,89.09,88.3001,88.33,92946
2026-08-25 14:23,88.3096,88.4287,88.245,88.245,59900
2026-08-25 14:24,88.22,88.73,88.09,88.7,65376
2026-08-25 14:25,88.6777,89.06,88.5677,89.06,36476
2026-08-25 14:26,89.0358,89.185,89,89.185,42723
2026-08-25 14:27,89.19,89.481,89.17,89.37,32614
2026-08-25 14:28,89.39,89.49,89.2384,89.325,45807
2026-08-25 14:29,89.335,89.48,89.25,89.275,32901
2026-08-25 14:30,89.28,89.32,88.54,89.095,85352
2026-08-25 14:31,89.04,89.075,88.66,88.86,36628
2026-08-25 14:32,88.9899,89.24,88.88,89.005,79429
2026-08-25 14:33,89,89.29,88.8901,89.29,36136
2026-08-25 14:34,89.25,89.335,89.045,89.1232,23188
2026-08-25 14:35,89,89.2,88.99,89.17,33532
2026-08-25 14:36,89.165,89.31,89.135,89.305,29189
2026-08-25 14:37,89.305,89.345,89.23,89.2901,16700
2026-08-25 14:38,89.29,89.6791,89.285,89.6699,56690
2026-08-25 14:39,89.64,89.75,89.6,89.6237,32777
2026-08-25 14:40,89.6495,89.69,89.5401,89.5401,36970
2026-08-25 14:41,89.5701,89.59,89.045,89.045,53322
2026-08-25 14:42,89.07,89.1018,88.86,88.91,37426
2026-08-25 14:43,88.8806,89.075,88.81,88.97,17358
2026-08-25 14:44,89.0362,89.1517,89,89.14,17939
2026-08-25 14:45,89.135,89.29,89.09,89.245,18725
2026-08-25 14:46,89.24,89.255,89.05,89.075,18778
2026-08-25 14:47,89.0301,89.32,89.0301,89.29,19905
2026-08-25 14:48,89.29,89.46,89.224,89.41,20577
2026-08-25 14:49,89.35,89.4099,89.22,89.3,24932
2026-08-25 14:50,89.3021,89.334,89.26,89.29,19022
2026-08-25 14:51,89.29,89.29,89.12,89.1483,19330
2026-08-25 14:52,89.175,89.245,89.14,89.21,14354
2026-08-25 14:53,89.22,89.2788,89.18,89.18,14966
2026-08-25 14:54,89.16,89.18,89.04,89.06,19371
2026-08-25 14:55,89.075,89.14,89.025,89.06,18259
2026-08-25 14:56,89.0931,89.1614,89.01,89.0588,12625
2026-08-25 14:57,89,89.08,88.975,89.05,31409
2026-08-25 14:58,89.05,89.09,88.94,89.065,18985
2026-08-25 14:59,89.055,89.18,89.055,89.18,15885
2026-08-25 15:00,89.17,89.25,89.0401,89.168,28350
2026-08-25 15:01,89.15,89.24,89.02,89.04,17976
2026-08-25 15:02,89.045,89.21,89.03,89.17,15996
2026-08-25 15:03,89.19,89.25,89.07,89.09,15266
2026-08-25 15:04,89.07,89.1,88.82,88.96,32534
2026-08-25 15:05,88.96,88.99,88.85,88.9606,22959
2026-08-25 15:06,88.935,88.94,88.71,88.75,36838
2026-08-25 15:07,88.7799,88.94,88.74,88.795,33968
2026-08-25 15:08,88.795,88.802,88.5975,88.61,30384
2026-08-25 15:09,88.64,88.64,88.52,88.53,26917
2026-08-25 15:10,88.53,88.56,88.36,88.42,49383
2026-08-25 15:11,88.425,88.44,88.25,88.33,30203
2026-08-25 15:12,88.3463,88.3463,87.9201,87.97,69861
2026-08-25 15:13,87.965,88.1,87.925,88.1,34995
2026-08-25 15:14,88.05,88.18,88.02,88.05,69587
2026-08-25 15:15,88.065,88.2,88.05,88.18,20103
2026-08-25 15:16,88.1885,88.3,88.15,88.22,18724
2026-08-25 15:17,88.23,88.5199,88.2,88.5199,33064
2026-08-25 15:18,88.47,88.545,88.39,88.4,19850
2026-08-25 15:19,88.395,88.52,88.38,88.52,11916
2026-08-25 15:20,88.52,88.5401,88.455,88.5,14207
2026-08-25 15:21,88.47,88.54,88.45,88.51,12091
2026-08-25 15:22,88.51,88.57,88.49,88.52,20136
2026-08-25 15:23,88.5,88.54,88.3129,88.44,22427
2026-08-25 15:24,88.45,88.54,88.3604,88.37,17743
2026-08-25 15:25,88.32,88.325,88.2,88.2,34107
2026-08-25 15:26,88.25,88.25,88.1532,88.1601,20946
2026-08-25 15:27,88.215,88.348,88.215,88.31,17681
2026-08-25 15:28,88.28,88.285,88.18,88.201,26420
2026-08-25 15:29,88.24,88.31,88.24,88.29,49291
2026-08-25 15:30,88.29,88.29,88.23,88.275,12384
2026-08-25 15:31,88.275,88.45,88.275,88.33,20715
2026-08-25 15:32,88.31,88.37,88.25,88.325,24992
2026-08-25 15:33,88.31,88.56,88.27,88.41,28601
2026-08-25 15:34,88.425,88.425,88.26,88.3029,19332
2026-08-25 15:35,88.33,88.6381,88.325,88.5143,26888
2026-08-25 15:36,88.46,88.52,88.425,88.44,15877
2026-08-25 15:37,88.41,88.5,88.38,88.5,22908
2026-08-25 15:38,88.465,88.77,88.4551,88.67,72002
2026-08-25 15:39,88.67,88.7,88.43,88.44,18852
2026-08-25 15:40,88.41,88.47,88.385,88.43,16865
2026-08-25 15:41,88.44,88.47,88.3301,88.43,35145
2026-08-25 15:42,88.4443,88.55,88.43,88.5,15288
2026-08-25 15:43,88.51,88.9199,88.5,88.9199,39148
2026-08-25 15:44,88.9007,88.94,88.82,88.94,27528
2026-08-25 15:45,88.96,89.18,88.91,89.1599,35835
2026-08-25 15:46,89.17,89.2409,89.1516,89.185,27450
2026-08-25 15:47,89.1708,89.22,89.1321,89.17,27410
2026-08-25 15:48,89.2,89.26,89.09,89.09,26326
2026-08-25 15:49,89.0981,89.44,89.0867,89.435,44217
2026-08-25 15:50,89.435,89.435,89.295,89.36,22077
2026-08-25 15:51,89.36,89.57,89.346,89.56,46628
2026-08-25 15:52,89.54,89.57,89.3219,89.38,37087
2026-08-25 15:53,89.43,89.4899,89.38,89.38,16589
2026-08-25 15:54,89.44,89.47,89.25,89.2896,23646
2026-08-25 15:55,89.3,89.32,89.17,89.21,24393
2026-08-25 15:56,89.24,89.2993,89.1901,89.27,18047
2026-08-25 15:57,89.275,89.3799,89.27,89.285,13864
2026-08-25 15:58,89.25,89.458,89.25,89.45,15097
2026-08-25 15:59,89.44,89.45,89.29,89.29,15452
2026-08-25 16:00,89.305,89.34,89.19,89.215,27748
2026-08-25 16:01,89.22,89.3,88.9,89,39614
2026-08-25 16:02,89.0332,89.38,89.01,89.23,25141
2026-08-25 16:03,89.22,89.24,89.1439,89.18,14257
2026-08-25 16:04,89.165,89.18,89.08,89.15,21001
2026-08-25 16:05,89.1418,89.165,89.04,89.07,8480
2026-08-25 16:06,89.04,89.1199,88.99,88.99,14180
2026-08-25 16:07,89,89.13,88.96,89.085,27386
2026-08-25 16:08,89.06,89.06,88.93,88.93,15978
2026-08-25 16:09,88.9,88.93,88.85,88.87,18268
2026-08-25 16:10,88.87,88.99,88.77,88.895,16363
2026-08-25 16:11,88.9,88.9,88.73,88.73,10665
2026-08-25 16:12,88.745,88.9,88.64,88.88,28126
2026-08-25 16:13,88.905,88.955,88.89,88.955,11668
2026-08-25 16:14,88.955,89.03,88.9201,88.99,16013
2026-08-25 16:15,89.01,89.0199,88.95,88.95,8478
2026-08-25 16:16,88.98,89,88.875,88.88,10418
2026-08-25 16:17,88.89,88.97,88.87,88.93,9003
2026-08-25 16:18,88.95,89.0739,88.9301,89.06,10781
2026-08-25 16:19,89.08,89.08,89.0001,89.03,22141
2026-08-25 16:20,89.0499,89.0499,88.8701,89.03,21616
2026-08-25 16:21,89.04,89.04,88.7401,88.7401,25690
2026-08-25 16:22,88.74,88.8588,88.74,88.74,19242
2026-08-25 16:23,88.7499,88.8,88.7499,88.79,7107
2026-08-25 16:24,88.75,88.82,88.7,88.735,14502
2026-08-25 16:25,88.76,88.85,88.71,88.805,19823
2026-08-25 16:26,88.805,88.8399,88.745,88.805,11937
2026-08-25 16:27,88.77,88.82,88.7505,88.82,7581
2026-08-25 16:28,88.82,88.87,88.78,88.785,9213
2026-08-25 16:29,88.8,88.8599,88.785,88.84,7992
2026-08-25 16:30,88.83,88.85,88.722,88.74,19795
2026-08-25 16:31,88.7465,88.7687,88.6845,88.7687,10659
2026-08-25 16:32,88.77,88.8015,88.7,88.73,12658
2026-08-25 16:33,88.73,88.76,88.62,88.62,13260
2026-08-25 16:34,88.65,88.71,88.64,88.64,10229
2026-08-25 16:35,88.64,88.64,88.5,88.6,16984
2026-08-25 16:36,88.59,88.59,88.5,88.5571,9248
2026-08-25 16:37,88.58,88.666,88.58,88.666,14940
2026-08-25 16:38,88.66,88.7,88.6201,88.652,11912
2026-08-25 16:39,88.63,88.66,88.62,88.6356,6319
2026-08-25 16:40,88.6353,88.6498,88.55,88.57,15242
2026-08-25 16:41,88.54,88.54,88.38,88.43,39109
2026-08-25 16:42,88.43,88.5423,88.4,88.525,15831
2026-08-25 16:43,88.52,88.525,88.44,88.48,10174
2026-08-25 16:44,88.48,88.49,88.38,88.42,15492
2026-08-25 16:45,88.41,88.43,88.32,88.43,14446
2026-08-25 16:46,88.45,88.54,88.38,88.53,19443
2026-08-25 16:47,88.56,88.6273,88.54,88.57,21193
2026-08-25 16:48,88.605,88.73,88.59,88.73,18817
2026-08-25 16:49,88.71,88.73,88.6501,88.69,10430
2026-08-25 16:50,88.6948,88.72,88.56,88.61,13079
2026-08-25 16:51,88.57,88.61,88.57,88.61,11424
2026-08-25 16:52,88.65,88.7,88.62,88.6344,7596
2026-08-25 16:53,88.635,88.67,88.58,88.58,6370
2026-08-25 16:54,88.53,88.535,88.462,88.505,8406
2026-08-25 16:55,88.505,88.53,88.46,88.53,22444
2026-08-25 16:56,88.51,88.51,88.421,88.435,12324
2026-08-25 16:57,88.41,88.4499,88.32,88.44,16806
2026-08-25 16:58,88.45,88.46,88.35,88.46,10378
2026-08-25 16:59,88.465,88.525,88.44,88.51,14078
2026-08-25 17:00,88.53,88.62,88.52,88.5268,17290
2026-08-25 17:01,88.545,88.64,88.48,88.4951,11504
2026-08-25 17:02,88.5175,88.62,88.5,88.605,26440
2026-08-25 17:03,88.58,88.61,88.56,88.59,7681
2026-08-25 17:04,88.47,88.49,88.37,88.37,7905
2026-08-25 17:05,88.3619,88.465,88.3,88.46,10022
2026-08-25 17:06,88.445,88.46,88.38,88.42,26817
2026-08-25 17:07,88.39,88.4623,88.35,88.43,10563
2026-08-25 17:08,88.445,88.45,88.35,88.35,14829
2026-08-25 17:09,88.33,88.4,88.325,88.4,9929
2026-08-25 17:10,88.4099,88.4099,88.3,88.3,10306
2026-08-25 17:11,88.33,88.35,88.24,88.25,11324
2026-08-25 17:12,88.25,88.41,88.15,88.4,31190
2026-08-25 17:13,88.405,88.5099,88.405,88.4401,11469
2026-08-25 17:14,88.42,88.52,88.42,88.5,7458
2026-08-25 17:15,88.51,88.52,88.47,88.49,7281
2026-08-25 17:16,88.505,88.54,88.47,88.525,12827
2026-08-25 17:17,88.54,88.73,88.495,88.73,30077
2026-08-25 17:18,88.71,88.71,88.64,88.71,9141
2026-08-25 17:19,88.7,88.7269,88.7,88.715,9244
2026-08-25 17:20,88.7151,88.725,88.6084,88.63,13244
2026-08-25 17:21,88.6053,88.65,88.56,88.627,6242
2026-08-25 17:22,88.66,88.7,88.65,88.69,9010
2026-08-25 17:23,88.65,88.7,88.64,88.685,7115
2026-08-25 17:24,88.67,88.69,88.65,88.66,4750
2026-08-25 17:25,88.63,88.65,88.595,88.63,16652
2026-08-25 17:26,88.605,88.65,88.55,88.55,7536
2026-08-25 17:27,88.58,88.6399,88.58,88.61,7640
2026-08-25 17:28,88.6,88.67,88.59,88.67,12692
2026-08-25 17:29,88.68,88.69,88.62,88.65,11987
2026-08-25 17:30,88.65,88.66,88.63,88.65,5466
2026-08-25 17:31,88.635,88.67,88.54,88.63,16120
2026-08-25 17:32,88.63,88.6819,88.63,88.67,8671
2026-08-25 17:33,88.69,88.695,88.6401,88.67,9080
2026-08-25 17:34,88.675,88.74,88.665,88.73,8618
2026-08-25 17:35,88.74,88.795,88.635,88.66,17217
2026-08-25 17:36,88.655,88.69,88.65,88.65,7693
2026-08-25 17:37,88.635,88.635,88.532,88.536,9617
2026-08-25 17:38,88.53,88.53,88.44,88.5174,24189
2026-08-25 17:39,88.57,88.6,88.56,88.58,16032
2026-08-25 17:40,88.58,88.58,88.46,88.49,12548
2026-08-25 17:41,88.505,88.53,88.49,88.53,3011
2026-08-25 17:42,88.5212,88.53,88.46,88.52,7884
2026-08-25 17:43,88.53,88.57,88.51,88.57,15521
2026-08-25 17:44,88.54,88.54,88.425,88.425,10374
2026-08-25 17:45,88.405,88.42,88.3302,88.345,19941
2026-08-25 17:46,88.34,88.4344,88.3306,88.425,9599
2026-08-25 17:47,88.4251,88.5,88.39,88.485,11443
2026-08-25 17:48,88.5,88.55,88.45,88.49,11395
2026-08-25 17:49,88.49,88.63,88.49,88.605,13684
2026-08-25 17:50,88.615,88.64,88.52,88.52,8391
2026-08-25 17:51,88.52,88.54,88.382,88.39,10803
2026-08-25 17:52,88.4094,88.52,88.4094,88.47,8978
2026-08-25 17:53,88.46,88.53,88.455,88.53,8213
2026-08-25 17:54,88.53,88.5781,88.53,88.55,3014
2026-08-25 17:55,88.55,88.57,88.525,88.569,8271
2026-08-25 17:56,88.55,88.57,88.5,88.5,7488
2026-08-25 17:57,88.5,88.5,88.45,88.48,4734
2026-08-25 17:58,88.5,88.6,88.5,88.6,10657
2026-08-25 17:59,88.58,88.61,88.578,88.578,4277
2026-08-25 18:00,88.6,88.6,88.549,88.55,7284
2026-08-25 18:01,88.5697,88.5697,88.389,88.4,14352
2026-08-25 18:02,88.42,88.49,88.38,88.47,7215
2026-08-25 18:03,88.52,88.59,88.51,88.56,9072
2026-08-25 18:04,88.56,88.56,88.49,88.525,6419
2026-08-25 18:05,88.525,88.56,88.37,88.445,10358
2026-08-25 18:06,88.445,88.51,88.44,88.455,5948
2026-08-25 18:07,88.45,88.525,88.44,88.44,9530
2026-08-25 18:08,88.425,88.45,88.385,88.385,6201
2026-08-25 18:09,88.375,88.51,88.375,88.51,8016
2026-08-25 18:10,88.59,88.68,88.57,88.67,23433
2026-08-25 18:11,88.7,88.885,88.7,88.78,24810
2026-08-25 18:12,88.79,88.8899,88.79,88.8899,8441
2026-08-25 18:13,86.25,88.86,86.25,88.8,33184
2026-08-25 18:14,88.83,89.05,88.8,88.8,46735
2026-08-25 18:15,88.82,88.82,88.78,88.78,5344
2026-08-25 18:16,88.78,88.81,88.744,88.7973,10473
2026-08-25 18:17,88.76,88.768,88.72,88.75,8332
2026-08-25 18:18,88.775,88.79,88.675,88.675,11905
2026-08-25 18:19,88.675,88.73,88.64,88.715,10248
2026-08-25 18:20,88.71,88.71,88.654,88.69,8035
2026-08-25 18:21,88.71,88.775,88.71,88.775,11679
2026-08-25 18:22,88.77,88.83,88.77,88.8,6778
2026-08-25 18:23,88.83,88.85,88.78,88.784,12085
2026-08-25 18:24,88.8,88.8399,88.78,88.83,4526
2026-08-25 18:25,88.79,88.8,88.76,88.76,14724
2026-08-25 18:26,88.7599,88.7934,88.7,88.7255,9124
2026-08-25 18:27,88.71,88.72,88.66,88.695,7676
2026-08-25 18:28,88.71,88.72,88.63,88.67,8673
2026-08-25 18:29,88.6,88.64,88.55,88.62,16428
2026-08-25 18:30,88.63,88.74,88.63,88.71,9066
2026-08-25 18:31,88.69,88.75,88.66,88.745,63914
2026-08-25 18:32,88.72,88.72,88.68,88.705,7145
2026-08-25 18:33,88.7234,88.7814,88.71,88.73,10852
2026-08-25 18:34,88.73,88.75,88.685,88.7,8514
2026-08-25 18:35,88.725,88.7695,88.72,88.755,6477
2026-08-25 18:36,88.77,88.8499,88.69,88.825,21123
2026-08-25 18:37,88.8,88.96,88.79,88.94,25419
2026-08-25 18:38,88.925,89.11,88.91,88.95,31087
2026-08-25 18:39,88.98,89.01,88.9306,88.975,11768
2026-08-25 18:40,88.99,89,88.95,88.95,10582
2026-08-25 18:41,88.94,89,88.91,88.95,15499
2026-08-25 18:42,88.93,88.93,88.87,88.89,6459
2026-08-25 18:43,88.91,88.99,88.91,88.935,27890
2026-08-25 18:44,88.95,88.95,88.8387,88.8387,8574
2026-08-25 18:45,88.84,89.0183,88.84,89.0051,11587
2026-08-25 18:46,89.02,89.03,88.948,89.03,10454
2026-08-25 18:47,89.05,89.12,89.0201,89.12,31460
2026-08-25 18:48,89.12,89.16,89.08,89.1,15935
2026-08-25 18:49,89.13,89.13,89.005,89.005,14090
2026-08-25 18:50,89.03,89.03,88.655,88.68,20666
2026-08-25 18:51,88.685,88.75,88.68,88.715,11774
2026-08-25 18:52,88.72,88.76,88.63,88.745,11829
2026-08-25 18:53,88.745,88.75,88.625,88.64,11374
2026-08-25 18:54,88.64,88.655,88.59,88.655,10579
2026-08-25 18:55,88.66,88.6799,88.58,88.62,14808
2026-08-25 18:56,88.585,88.69,88.534,88.66,14459
2026-08-25 18:57,88.6403,88.738,88.64,88.738,11824
2026-08-25 18:58,88.69,88.7,88.63,88.64,10471
2026-08-25 18:59,88.635,88.6494,88.5,88.55,26582
2026-08-25 19:00,88.57,88.7099,88.55,88.67,12203
2026-08-25 19:01,88.6509,88.6509,88.58,88.625,7045
2026-08-25 19:02,88.64,88.68,88.6001,88.64,5781
2026-08-25 19:03,88.62,88.71,88.59,88.66,9256
2026-08-25 19:04,88.64,88.64,88.53,88.53,9446
2026-08-25 19:05,88.5132,88.62,88.5132,88.6196,11022
2026-08-25 19:06,88.62,88.62,88.53,88.55,9005
2026-08-25 19:07,88.53,88.55,88.4801,88.545,30535
2026-08-25 19:08,88.56,88.565,88.42,88.535,14096
2026-08-25 19:09,88.515,88.5231,88.45,88.5,10256
2026-08-25 19:10,88.5,88.52,88.44,88.45,34232
2026-08-25 19:11,88.52,88.541,88.47,88.475,10349
2026-08-25 19:12,88.5,88.5,88.17,88.19,39768
2026-08-25 19:13,88.175,88.3,88.175,88.272,19406
2026-08-25 19:14,88.2723,88.37,88.2723,88.3595,18477
2026-08-25 19:15,88.35,88.3555,88.275,88.275,14890
2026-08-25 19:16,88.3,88.3,88.01,88.12,60692
2026-08-25 19:17,88.0701,88.104,87.71,87.8301,146292
2026-08-25 19:18,87.83,88.03,87.765,88.0152,46523
2026-08-25 19:19,88.02,88.18,88,88.065,38328
2026-08-25 19:20,88.055,88.055,87.94,87.961,17202
2026-08-25 19:21,87.9414,87.995,87.93,87.9391,19593
2026-08-25 19:22,87.98,88,87.9201,88,14851
2026-08-25 19:23,87.995,87.995,87.91,87.99,25680
2026-08-25 19:24,87.9832,88.05,87.96,88.004,26685
2026-08-25 19:25,87.995,87.995,87.88,87.955,19369
2026-08-25 19:26,87.95,87.95,87.8222,87.87,21441
2026-08-25 19:27,87.86,87.8994,87.83,87.865,13383
2026-08-25 19:28,87.865,87.92,87.8096,87.9,13583
2026-08-25 19:29,87.9,87.98,87.9,87.9272,10783
2026-08-25 19:30,87.95,87.9999,87.925,87.93,15313
2026-08-25 19:31,87.91,88.0366,87.9,87.995,26726
2026-08-25 19:32,87.985,88.04,87.97,87.99,15867
2026-08-25 19:33,87.95,88,87.94,88,16556
2026-08-25 19:34,88.005,88.01,87.95,87.99,21448
2026-08-25 19:35,87.9706,88.17,87.96,88.13,43788
2026-08-25 19:36,88.15,88.1709,88.08,88.11,18084
2026-08-25 19:37,88.06,88.06,87.9025,87.9025,24566
2026-08-25 19:38,87.88,87.96,87.75,87.78,53459
2026-08-25 19:39,87.78,87.92,87.765,87.9001,26324
2026-08-25 19:40,87.96,87.96,87.77,87.8845,25094
2026-08-25 19:41,87.863,87.98,87.82,87.94,27937
2026-08-25 19:42,87.94,87.97,87.88,87.97,23367
2026-08-25 19:43,87.97,88.15,87.97,88.05,37282
2026-08-25 19:44,88.06,88.08,87.95,87.98,19996
2026-08-25 19:45,88.01,88.09,87.9601,87.9601,35412
2026-08-25 19:46,87.98,88.01,87.93,87.985,32027
2026-08-25 19:47,88,88.04,87.99,88.015,19810
2026-08-25 19:48,87.99,88.07,87.96,87.96,31660
2026-08-25 19:49,87.96,87.96,87.8,87.89,30026
2026-08-25 19:50,87.83,87.88,87.75,87.8,45171
2026-08-25 19:51,87.79,87.96,87.79,87.94,45412
2026-08-25 19:52,87.95,88.11,87.935,88.105,51087
2026-08-25 19:53,88.12,88.23,88.04,88.22,54153
2026-08-25 19:54,88.21,88.34,87.99,88.03,78097
2026-08-25 19:55,88.04,88.11,87.94,88.0372,59282
2026-08-25 19:56,88.02,88.12,87.965,88.11,63563
2026-08-25 19:57,88.1195,88.2399,88.1195,88.15,124340
2026-08-25 19:58,88.15,88.19,88.115,88.115,183951
2026-08-25 19:59,88.115,88.13,88.03,88.04,211685
2026-08-26 13:30,86.89,88.04,86.75,87.75,597816
2026-08-26 13:31,87.78,88.8665,87.6301,88.8,70230
2026-08-26 13:32,88.7722,89.1771,88.64,88.9599,121759
2026-08-26 13:33,88.885,89.51,88.885,89.45,117996
2026-08-26 13:34,89.435,89.9107,89.255,89.51,114165
2026-08-26 13:35,89.58,89.66,89.165,89.375,76046
2026-08-26 13:36,89.33,89.62,88.91,89.5903,82879
2026-08-26 13:37,89.57,89.72,89.2,89.68,73892
2026-08-26 13:38,89.78,89.88,89.47,89.655,67617
2026-08-26 13:39,89.6599,89.6599,89.1309,89.25,68316
2026-08-26 13:40,89.28,89.4785,89.11,89.24,50877
2026-08-26 13:41,89.37,89.5,89.09,89.1025,48261
2026-08-26 13:42,89.12,89.175,88.41,88.7,68413
2026-08-26 13:43,88.6763,89.22,88.6763,88.9,89875
2026-08-26 13:44,89.01,89.28,89.01,89.1288,30434
2026-08-26 13:45,89.0995,89.85,89.0995,89.85,60643
2026-08-26 13:46,89.8517,89.8517,89.1301,89.24,36638
2026-08-26 13:47,89.2093,89.43,89.02,89.355,46973
2026-08-26 13:48,89.36,89.59,89.19,89.59,45793
2026-08-26 13:49,89.53,89.53,88.62,88.68,42891
2026-08-26 13:50,88.68,88.85,88.33,88.48,58839
2026-08-26 13:51,88.515,88.53,88.18,88.465,28107
2026-08-26 13:52,88.53,88.63,88.38,88.49,26798
2026-08-26 13:53,88.5698,88.7,88.3798,88.69,54783
2026-08-26 13:54,88.6,88.6877,88.45,88.565,56587
2026-08-26 13:55,88.565,88.95,88.5,88.91,85180
2026-08-26 13:56,88.895,88.967,88.67,88.967,26358
2026-08-26 13:57,88.83,88.98,88.76,88.77,32614
2026-08-26 13:58,88.82,89.14,88.74,88.9,45390
2026-08-26 13:59,88.91,89.19,88.8101,89.19,15890
2026-08-26 14:00,89.09,89.14,88.78,88.8233,25156
2026-08-26 14:01,88.78,88.8199,88.5501,88.8,38121
2026-08-26 14:02,88.815,88.8999,88.7001,88.7754,13214
2026-08-26 14:03,88.75,88.8642,88.66,88.83,19876
2026-08-26 14:04,88.83,88.87,88.47,88.545,51122
2026-08-26 14:05,88.57,88.6089,88.3,88.5001,21200
2026-08-26 14:06,88.51,88.7081,88.5,88.67,18723
2026-08-26 14:07,88.665,88.6991,88.5601,88.615,8943
2026-08-26 14:08,88.63,88.8598,88.59,88.825,22445
2026-08-26 14:09,88.81,88.84,88.54,88.565,52132
2026-08-26 14:10,88.59,88.6824,88.4651,88.5,27896
2026-08-26 14:11,88.535,88.535,88.3,88.41,19741
2026-08-26 14:12,88.4,88.4899,88.14,88.4899,19541
2026-08-26 14:13,88.4702,88.4702,87.92,88.085,49958
2026-08-26 14:14,88.0301,88.145,87.8,87.97,28045
2026-08-26 14:15,87.9919,88,87.61,87.7479,37290
2026-08-26 14:16,87.73,87.99,87.6505,87.935,92489
2026-08-26 14:17,87.9304,87.9915,87.8556,87.9915,11283
2026-08-26 14:18,87.92,87.964,87.77,87.785,11198
2026-08-26 14:19,87.7568,87.93,87.74,87.91,15345
2026-08-26 14:20,87.905,87.9156,87.7,87.745,24055
2026-08-26 14:21,87.75,87.81,87.7,87.7,38578
2026-08-26 14:22,87.71,87.8,87.6801,87.735,21918
2026-08-26 14:23,87.73,87.7607,87.51,87.51,32558
2026-08-26 14:24,87.52,87.53,87.36,87.445,53159
2026-08-26 14:25,87.445,87.6399,87.39,87.46,29800
2026-08-26 14:26,87.41,87.41,87.142,87.142,27254
2026-08-26 14:27,87.145,87.145,86.8901,87.01,59680
2026-08-26 14:28,86.94,87.1644,86.83,87.155,17892
2026-08-26 14:29,87.1582,87.2599,87.01,87.205,50460
2026-08-26 14:30,87.15,87.43,87.15,87.4047,24335
2026-08-26 14:31,87.36,87.36,87.075,87.23,25984
2026-08-26 14:32,87.2298,87.35,87.2085,87.28,0
2026-08-26 14:33,87.24,87.3199,87.2,87.235,12414
2026-08-26 14:34,87.235,87.26,87.1674,87.22,18564
2026-08-26 14:35,87.23,87.23,87.01,87.0267,20280
2026-08-26 14:36,87.065,87.2693,87.0552,87.2693,12612
2026-08-26 14:37,87.25,87.3823,87.23,87.345,28897
2026-08-26 14:38,87.3687,87.3687,87.27,87.3146,12782
2026-08-26 14:39,87.25,87.3,87.07,87.07,15059
2026-08-26 14:40,87.16,87.2999,87.15,87.22,9318
2026-08-26 14:41,87.16,87.16,86.9001,86.95,33146
2026-08-26 14:42,86.95,87.03,86.94,86.965,19857
2026-08-26 14:43,86.96,86.96,86.83,86.8893,27797
2026-08-26 14:44,86.845,86.94,86.8,86.94,13177
2026-08-26 14:45,86.93,86.99,86.9,86.9425,10187
2026-08-26 14:46,86.97,87.0899,86.97,87.0307,16189
2026-08-26 14:47,87.03,87.22,87.03,87.22,17792
2026-08-26 14:48,87.1883,87.2,86.97,87.01,27418
2026-08-26 14:49,86.95,87.07,86.9465,87.04,16510
2026-08-26 14:50,87.06,87.21,87.04,87.18,26773
2026-08-26 14:51,87.17,87.255,87.17,87.205,21794
2026-08-26 14:52,87.205,87.27,87.17,87.17,20019
2026-08-26 14:53,87.2,87.25,87.0103,87.0103,21792
2026-08-26 14:54,87,87.05,86.7501,86.81,33711
2026-08-26 14:55,86.86,87.02,86.8372,87.0056,6297
2026-08-26 14:56,87.03,87.08,86.981,87,12222
2026-08-26 14:57,87.005,87.06,86.94,86.94,10599
2026-08-26 14:58,86.938,86.98,86.9,86.96,9661
2026-08-26 14:59,86.95,86.98,86.84,86.91,13850
2026-08-26 15:00,86.959,87.0499,86.8951,86.99,13419
2026-08-26 15:01,86.94,86.98,86.9,86.97,15607
2026-08-26 15:02,86.96,87.09,86.96,87.05,11047
2026-08-26 15:03,87.06,87.069,86.875,86.875,19105
2026-08-26 15:04,86.89,86.97,86.89,86.97,11047
2026-08-26 15:05,86.98,87.19,86.98,87.19,14709
2026-08-26 15:06,87.14,87.265,87.105,87.26,34123
2026-08-26 15:07,87.265,87.344,87.24,87.25,19950
2026-08-26 15:08,87.23,87.28,87.03,87.07,16396
2026-08-26 15:09,87.0768,87.33,87,87.3,22868
2026-08-26 15:10,87.3,87.36,87.28,87.36,20083
2026-08-26 15:11,87.36,87.581,87.33,87.524,31574
2026-08-26 15:12,87.5481,87.5481,87.34,87.34,22211
2026-08-26 15:13,87.34,87.34,87.2538,87.28,28558
2026-08-26 15:14,87.266,87.29,87.15,87.2543,12949
2026-08-26 15:15,87.27,87.2927,87.1079,87.125,13992
2026-08-26 15:16,87.19,87.2739,87.1252,87.22,12209
2026-08-26 15:17,87.2449,87.25,87.1502,87.25,12090
2026-08-26 15:18,87.25,87.4703,87.25,87.425,16995
2026-08-26 15:19,87.4,87.43,87.31,87.42,15815
2026-08-26 15:20,87.43,87.47,87.3901,87.41,11250
2026-08-26 15:21,87.39,87.53,87.36,87.495,19261
2026-08-26 15:22,87.5,87.5,87.22,87.245,16730
2026-08-26 15:23,87.2126,87.35,87.21,87.34,7890
2026-08-26 15:24,87.3699,87.4101,87.32,87.4,13626
2026-08-26 15:25,87.405,87.51,87.37,87.37,37141
2026-08-26 15:26,87.385,87.42,87.31,87.3675,18540
2026-08-26 15:27,87.3596,87.48,87.3596,87.47,12081
2026-08-26 15:28,87.46,87.56,87.453,87.52,15084
2026-08-26 15:29,87.5271,87.59,87.39,87.39,16984
2026-08-26 15:30,87.395,87.395,87.16,87.165,18553
2026-08-26 15:31,87.16,87.2593,87.12,87.23,12309
2026-08-26 15:32,87.2628,87.2628,87.16,87.22,21203
2026-08-26 15:33,87.24,87.3599,87.2017,87.325,20132
2026-08-26 15:34,87.325,87.4,87.2601,87.32,16075
2026-08-26 15:35,87.32,87.54,87.32,87.3982,15796
2026-08-26 15:36,87.405,87.4999,87.37,87.48,10046
2026-08-26 15:37,87.47,87.59,87.41,87.59,20027
2026-08-26 15:38,87.58,87.59,87.4291,87.4291,15600
2026-08-26 15:39,87.43,87.49,87.4105,87.43,8372
2026-08-26 15:40,87.45,87.61,87.43,87.5832,11668
2026-08-26 15:41,87.6,87.61,87.53,87.55,15053
2026-08-26 15:42,87.61,87.71,87.58,87.6916,22071
2026-08-26 15:43,87.68,87.8,87.642,87.735,17507
2026-08-26 15:44,87.735,87.77,87.68,87.71,12801
2026-08-26 15:45,87.725,87.7587,87.65,87.6699,14074
2026-08-26 15:46,87.64,87.705,87.62,87.665,16902
2026-08-26 15:47,87.665,87.728,87.64,87.64,13331
2026-08-26 15:48,87.6,87.65,87.5001,87.6,26947
2026-08-26 15:49,87.63,87.7299,87.63,87.6526,8149
2026-08-26 15:50,87.6522,87.71,87.5601,87.5602,12083
2026-08-26 15:51,87.58,87.66,87.4105,87.495,44186
2026-08-26 15:52,87.52,87.57,87.46,87.56,13364
2026-08-26 15:53,87.6,87.61,87.51,87.58,16055
2026-08-26 15:54,87.6,87.6923,87.5,87.5,10222
2026-08-26 15:55,87.5,87.57,87.5,87.5,30581
2026-08-26 15:56,87.48,87.6,87.4784,87.54,13499
2026-08-26 15:57,87.5,87.5899,87.5,87.55,6148
2026-08-26 15:58,87.53,87.59,87.53,87.58,7530
2026-08-26 15:59,87.5301,87.63,87.52,87.605,5929
2026-08-26 16:00,87.59,87.6242,87.41,87.4725,16415
2026-08-26 16:01,87.4008,87.4699,87.31,87.38,22698
2026-08-26 16:02,87.4092,87.5,87.385,87.495,13891
2026-08-26 16:03,87.47,87.5799,87.4,87.5799,11521
2026-08-26 16:04,87.55,87.6058,87.325,87.4,21060
2026-08-26 16:05,87.38,87.48,87.365,87.46,10216
2026-08-26 16:06,87.51,87.51,87.3811,87.395,13534
2026-08-26 16:07,87.36,87.44,87.36,87.39,6203
2026-08-26 16:08,87.44,87.53,87.305,87.345,16693
2026-08-26 16:09,87.345,87.38,87.31,87.3284,11975
2026-08-26 16:10,87.36,87.3641,87.3001,87.35,12787
2026-08-26 16:11,87.325,87.34,87.2,87.22,15756
2026-08-26 16:12,87.225,87.28,87.225,87.23,7718
2026-08-26 16:13,87.21,87.24,87.172,87.24,11206
2026-08-26 16:14,87.23,87.3,87.185,87.282,12287
2026-08-26 16:15,87.3,87.37,87.27,87.3598,10659
2026-08-26 16:16,87.42,87.43,87.26,87.3,14869
2026-08-26 16:17,87.29,87.43,87.29,87.405,7728
2026-08-26 16:18,87.41,87.55,87.405,87.55,13442
2026-08-26 16:19,87.53,87.72,87.53,87.72,21977
2026-08-26 16:20,87.7164,87.8,87.7033,87.715,19782
2026-08-26 16:21,87.715,87.73,87.64,87.6999,13866
2026-08-26 16:22,87.7,87.74,87.665,87.72,7667
2026-08-26 16:23,87.68,87.68,87.57,87.57,10866
2026-08-26 16:24,87.55,87.5699,87.5,87.525,5503
2026-08-26 16:25,87.55,87.63,87.55,87.605,9752
2026-08-26 16:26,87.605,87.6252,87.5,87.52,3980
2026-08-26 16:27,87.52,87.545,87.49,87.545,9350
2026-08-26 16:28,87.56,87.7599,87.56,87.7285,7135
2026-08-26 16:29,87.71,87.77,87.6805,87.77,11050
2026-08-26 16:30,87.7478,87.7478,87.6401,87.665,8536
2026-08-26 16:31,87.66,87.66,87.55,87.57,9437
2026-08-26 16:32,87.56,87.63,87.56,87.61,6030
2026-08-26 16:33,87.61,87.61,87.5156,87.525,6743
2026-08-26 16:34,87.5,87.56,87.39,87.44,10502
2026-08-26 16:35,87.35,87.36,87.3,87.31,2156
2026-08-26 16:36,87.31,87.31,87.2,87.22,6896
2026-08-26 16:37,87.2,87.23,87.1,87.12,15334
2026-08-26 16:38,87.105,87.13,87.01,87.08,24168
2026-08-26 16:39,87.1,87.18,87.0813,87.12,17722
2026-08-26 16:40,87.11,87.11,86.93,86.955,60731
2026-08-26 16:41,86.97,87.02,86.91,87.02,15241
2026-08-26 16:42,87,87.08,86.985,87.0799,6981
2026-08-26 16:43,87.02,87.06,87.02,87.035,8354
2026-08-26 16:44,87.0202,87.0844,87.0202,87.065,18975
2026-08-26 16:45,87.08,87.14,87.065,87.14,15281
2026-08-26 16:46,87.15,87.17,87.1,87.17,5652
2026-08-26 16:47,87.14,87.2899,87.12,87.26,19926
2026-08-26 16:48,87.255,87.29,87.175,87.175,228847
2026-08-26 16:49,87.21,87.25,87.17,87.21,4335
2026-08-26 16:50,87.22,87.3,87.2,87.285,6541
2026-08-26 16:51,87.285,87.3,87.2,87.2,6805
2026-08-26 16:52,87.205,87.26,87.1101,87.23,11979
2026-08-26 16:53,87.261,87.27,87.17,87.17,4074
2026-08-26 16:54,87.138,87.25,87.138,87.245,9810
2026-08-26 16:55,87.2414,87.27,87.18,87.22,13909
2026-08-26 16:56,87.23,87.33,87.225,87.31,9907
2026-08-26 16:57,87.3,87.4,87.3,87.37,16414
2026-08-26 16:58,87.335,87.4,87.325,87.4,17789
2026-08-26 16:59,87.41,87.4139,87.36,87.3999,6015
2026-08-26 17:00,87.3807,87.539,87.3807,87.51,22813
2026-08-26 17:01,87.51,87.51,87.39,87.41,9679
2026-08-26 17:02,87.43,87.46,87.39,87.43,8243
2026-08-26 17:03,87.42,87.47,87.4085,87.44,7464
2026-08-26 17:04,87.445,87.47,87.43,87.43,6700
2026-08-26 17:05,87.4028,87.413,87.34,87.34,7404
2026-08-26 17:06,87.295,87.45,87.295,87.45,3663
2026-08-26 17:07,87.45,87.45,87.42,87.45,3107
2026-08-26 17:08,87.43,87.52,87.41,87.41,8678
2026-08-26 17:09,87.44,87.485,87.44,87.4601,5079
2026-08-26 17:10,87.46,87.51,87.442,87.5,9296
2026-08-26 17:11,87.495,87.54,87.48,87.5,3108
2026-08-26 17:12,87.505,87.53,87.44,87.45,4440
2026-08-26 17:13,87.445,87.6021,87.42,87.6021,17813
2026-08-26 17:14,87.58,87.6199,87.55,87.6199,6003
2026-08-26 17:15,87.59,87.7995,87.59,87.7995,29133
2026-08-26 17:16,87.8,87.89,87.8,87.885,17403
2026-08-26 17:17,87.885,87.9863,87.885,87.955,28509
2026-08-26 17:18,87.93,87.9704,87.89,87.92,17067
2026-08-26 17:19,87.8601,87.92,87.85,87.865,27532
2026-08-26 17:20,87.8235,87.9396,87.8235,87.885,11452
2026-08-26 17:21,87.89,87.93,87.82,87.8518,7244
2026-08-26 17:22,87.885,87.925,87.87,87.87,4464
2026-08-26 17:23,87.9066,87.9668,87.87,87.96,8900
2026-08-26 17:24,87.975,87.99,87.92,87.95,4890
2026-08-26 17:25,87.92,87.92,87.8202,87.87,4685
2026-08-26 17:26,87.88,87.88,87.85,87.88,6983
2026-08-26 17:27,87.87,87.93,87.845,87.9,9442
2026-08-26 17:28,87.92,87.964,87.9176,87.96,5371
2026-08-26 17:29,87.97,87.97,87.9,87.92,14686
2026-08-26 17:30,87.915,87.94,87.9028,87.92,6236
2026-08-26 17:31,87.9,87.905,87.8,87.82,19043
2026-08-26 17:32,87.83,87.9,87.83,87.84,4538
2026-08-26 17:33,87.86,87.92,87.75,87.84,16490
2026-08-26 17:34,87.86,87.9099,87.84,87.875,10621
2026-08-26 17:35,87.86,87.88,87.84,87.87,3887
2026-08-26 17:36,87.88,87.9132,87.82,87.89,7657
2026-08-26 17:37,87.9,88.088,87.88,87.9754,82610
2026-08-26 17:38,87.98,88.12,87.98,88.03,20258
2026-08-26 17:39,88.035,88.035,88.01,88.0299,12670
2026-08-26 17:40,88.018,88.06,87.98,87.98,11081
2026-08-26 17:41,87.9545,87.99,87.9545,87.98,10011
2026-08-26 17:42,87.98,88,87.86,87.875,11553
2026-08-26 17:43,87.85,87.8932,87.8301,87.87,7753
2026-08-26 17:44,87.86,87.9694,87.84,87.925,9625
2026-08-26 17:45,87.92,87.9799,87.8429,87.8429,8583
2026-08-26 17:46,87.87,87.935,87.85,87.86,5456
2026-08-26 17:47,87.87,87.89,87.86,87.89,6098
2026-08-26 17:48,87.8927,87.905,87.65,87.6768,23502
2026-08-26 17:49,87.7,87.75,87.695,87.705,7024
2026-08-26 17:50,87.7097,87.845,87.6979,87.845,8223
2026-08-26 17:51,87.8616,87.905,87.82,87.8599,9127
2026-08-26 17:52,87.81,87.82,87.792,87.81,4146
2026-08-26 17:53,87.776,87.847,87.7421,87.847,8301
2026-08-26 17:54,87.85,87.89,87.8,87.805,4906
2026-08-26 17:55,87.83,87.93,87.815,87.835,18097
2026-08-26 17:56,87.86,87.89,87.84,87.86,9980
2026-08-26 17:57,87.85,87.86,87.8363,87.8363,4093
2026-08-26 17:58,87.83,87.862,87.8101,87.83,5670
2026-08-26 17:59,87.81,87.83,87.79,87.82,5452
2026-08-26 18:00,87.805,87.84,87.8,87.8,7570
2026-08-26 18:01,87.7751,87.7751,87.63,87.65,40925
2026-08-26 18:02,87.68,87.695,87.635,87.67,5337
2026-08-26 18:03,87.65,87.7499,87.63,87.68,8875
2026-08-26 18:04,87.655,87.6662,87.43,87.54,32426
2026-08-26 18:05,87.5468,87.68,87.54,87.6277,17031
2026-08-26 18:06,87.63,87.64,87.6,87.64,7635
2026-08-26 18:07,87.65,87.7395,87.64,87.725,11116
2026-08-26 18:08,87.725,87.87,87.7,87.87,11145
2026-08-26 18:09,87.8943,87.97,87.8898,87.94,9848
2026-08-26 18:10,87.9729,87.9729,87.92,87.92,7155
2026-08-26 18:11,87.91,87.91,87.8,87.9,13425
2026-08-26 18:12,87.85,87.96,87.84,87.94,11114
2026-08-26 18:13,87.91,87.92,87.825,87.825,6459
2026-08-26 18:14,87.71,87.74,87.695,87.7397,19941
2026-08-26 18:15,87.74,87.785,87.68,87.6801,5694
2026-08-26 18:16,87.705,87.72,87.68,87.71,15105
2026-08-26 18:17,87.71,87.75,87.695,87.7383,5325
2026-08-26 18:18,87.74,87.8299,87.74,87.755,9322
2026-08-26 18:19,87.79,87.8399,87.77,87.775,5382
2026-08-26 18:20,87.7811,87.87,87.775,87.85,8614
2026-08-26 18:21,87.87,87.8999,87.81,87.85,5266
2026-08-26 18:22,87.85,87.9,87.85,87.86,9794
2026-08-26 18:23,87.85,87.92,87.84,87.895,25686
2026-08-26 18:24,87.88,87.9,87.8605,87.8899,6980
2026-08-26 18:25,87.8899,87.9,87.825,87.855,7364
2026-08-26 18:26,87.855,87.855,87.7,87.7,8916
2026-08-26 18:27,87.73,87.85,87.71,87.85,90599
2026-08-26 18:28,87.87,87.87,87.795,87.795,5412
2026-08-26 18:29,87.795,87.82,87.71,87.71,6278
2026-08-26 18:30,87.715,87.75,87.69,87.725,11848
2026-08-26 18:31,87.75,87.75,87.69,87.69,7527
2026-08-26 18:32,87.6998,87.725,87.69,87.725,7752
2026-08-26 18:33,87.76,87.84,87.73,87.82,10249
2026-08-26 18:34,87.82,87.82,87.7,87.7376,6360
2026-08-26 18:35,87.76,87.84,87.76,87.805,6650
2026-08-26 18:36,87.78,87.8097,87.76,87.8097,4874
2026-08-26 18:37,87.83,87.85,87.7751,87.7908,6747
2026-08-26 18:38,87.81,87.83,87.77,87.8061,7588
2026-08-26 18:39,87.785,87.88,87.785,87.875,12996
2026-08-26 18:40,87.84,87.8973,87.82,87.875,6305
2026-08-26 18:41,87.9,87.9,87.86,87.87,8325
2026-08-26 18:42,87.84,87.9534,87.84,87.94,8341
2026-08-26 18:43,87.94,87.97,87.8628,87.8628,13907
2026-08-26 18:44,87.88,87.88,87.84,87.856,5665
2026-08-26 18:45,87.869,88.12,87.869,88.075,39993
2026-08-26 18:46,88.0776,88.1,87.9501,88.02,19203
2026-08-26 18:47,88.02,88.04,87.99,88.04,11330
2026-08-26 18:48,88.04,88.09,88.03,88.05,10299
2026-08-26 18:49,88.035,88.06,88.035,88.04,6593
2026-08-26 18:50,88.04,88.08,87.9764,87.98,21416
2026-08-26 18:51,87.998,87.998,87.875,87.93,14889
2026-08-26 18:52,87.92,87.9478,87.86,87.93,15338
2026-08-26 18:53,87.93,87.99,87.9237,87.955,7947
2026-08-26 18:54,87.93,87.935,87.87,87.88,20371
2026-08-26 18:55,87.87,87.88,87.83,87.83,9951
2026-08-26 18:56,87.82,87.87,87.8,87.855,17588
2026-08-26 18:57,87.85,87.865,87.845,87.845,4812
2026-08-26 18:58,87.848,87.85,87.78,87.78,9490
2026-08-26 18:59,87.76,87.766,87.65,87.67,20745
2026-08-26 19:00,87.674,87.77,87.645,87.7696,12021
2026-08-26 19:01,87.75,87.7687,87.7,87.73,9239
2026-08-26 19:02,87.72,87.8993,87.72,87.8993,18411
2026-08-26 19:03,87.895,87.96,87.895,87.96,11609
2026-08-26 19:04,87.97,88.05,87.93,88.04,14065
2026-08-26 19:05,88.0346,88.06,87.91,87.9296,15583
2026-08-26 19:06,87.92,87.95,87.85,87.95,21152
2026-08-26 19:07,87.97,88.04,87.94,87.96,12555
2026-08-26 19:08,87.99,88.04,87.9467,88.002,11640
2026-08-26 19:09,88.03,88.11,88.01,88.11,20073
2026-08-26 19:10,88.095,88.15,88.085,88.1473,20512
2026-08-26 19:11,88.1265,88.14,88.06,88.07,13168
2026-08-26 19:12,88.0572,88.0572,87.87,87.9301,17319
2026-08-26 19:13,87.93,87.95,87.88,87.89,11316
2026-08-26 19:14,87.8953,87.8953,87.835,87.86,12411
2026-08-26 19:15,87.8658,87.955,87.835,87.9541,10442
2026-08-26 19:16,87.95,88,87.94,87.965,27261
2026-08-26 19:17,87.965,88.0643,87.965,88.05,10950
2026-08-26 19:18,88.05,88.05,87.99,88.01,12575
2026-08-26 19:19,88.01,88.0499,87.96,88.0499,16442
2026-08-26 19:20,88.035,88.035,87.91,87.99,14627
2026-08-26 19:21,88.03,88.05,88.0024,88.01,10607
2026-08-26 19:22,88.015,88.29,88.015,88.27,27168
2026-08-26 19:23,88.26,88.26,88.15,88.21,18472
2026-08-26 19:24,88.195,88.21,88.12,88.17,14239
2026-08-26 19:25,88.06,88.28,88.06,88.1049,66242
2026-08-26 19:26,88.12,88.1899,88.092,88.1373,15156
2026-08-26 19:27,88.13,88.14,88.105,88.13,6012
2026-08-26 19:28,88.11,88.1276,88.0501,88.075,13246
2026-08-26 19:29,88.0617,88.12,88.06,88.1,15982
2026-08-26 19:30,88.09,88.23,88.05,88.23,19412
2026-08-26 19:31,88.2198,88.28,88.18,88.2454,17691
2026-08-26 19:32,88.23,88.34,88.2098,88.324,19053
2026-08-26 19:33,88.33,88.3466,88.11,88.14,19841
2026-08-26 19:34,88.14,88.14,88.01,88.12,23824
2026-08-26 19:35,88.11,88.31,88.105,88.285,23438
2026-08-26 19:36,88.27,88.28,88.1601,88.19,16294
2026-08-26 19:37,88.18,88.2512,88.13,88.15,18678
2026-08-26 19:38,88.145,88.16,88,88.035,25063
2026-08-26 19:39,88.035,88.12,88.035,88.07,15424
2026-08-26 19:40,88.0766,88.2283,88.05,88.21,27208
2026-08-26 19:41,88.215,88.34,88.215,88.29,27787
2026-08-26 19:42,88.28,88.32,88.125,88.26,35714
2026-08-26 19:43,88.285,88.35,88.24,88.295,43557
2026-08-26 19:44,88.31,88.31,88.135,88.135,24148
2026-08-26 19:45,88.11,88.29,88.08,88.29,31207
2026-08-26 19:46,88.29,88.44,88.27,88.38,42341
2026-08-26 19:47,88.41,88.448,88.27,88.38,46259
2026-08-26 19:48,88.36,88.39,88.33,88.36,21754
2026-08-26 19:49,88.35,88.35,88.31,88.33,23991
2026-08-26 19:50,88.34,88.42,88.23,88.26,57172
2026-08-26 19:51,88.26,88.31,88.23,88.3,33412
2026-08-26 19:52,88.31,88.41,88.275,88.28,38603
2026-08-26 19:53,88.2864,88.3847,88.1601,88.35,58942
2026-08-26 19:54,88.34,88.39,88.06,88.16,81532
2026-08-26 19:55,88.1,88.29,87.95,88.28,84784
2026-08-26 19:56,88.285,88.31,88.23,88.255,68102
2026-08-26 19:57,88.25,88.335,88.25,88.315,84290
2026-08-26 19:58,88.3,88.3,88.13,88.14,109919
2026-08-26 19:59,88.16,88.17,88,88.01,197128
2026-08-27 13:30,90.61,91.81,90.42,91.6694,1.40987e+06
2026-08-27 13:31,91.67,91.6822,89.86,89.965,200716
2026-08-27 13:32,89.965,90.31,89.62,90.3,117978
2026-08-27 13:33,90.275,90.62,90.127,90.32,76017
2026-08-27 13:34,90.3199,90.3199,89.2501,89.589,165807
2026-08-27 13:35,89.67,89.8588,89.4001,89.645,115311
2026-08-27 13:36,89.709,89.905,89.44,89.585,87477
2026-08-27 13:37,89.6,89.6898,88.94,89.03,142744
2026-08-27 13:38,89.0685,89.34,88.91,89.115,107996
2026-08-27 13:39,89.11,89.1237,88.5,88.77,146870
2026-08-27 13:40,88.81,89.08,88.6,88.9694,130895
2026-08-27 13:41,89.03,89.08,88.12,88.15,171621
2026-08-27 13:42,88.155,88.66,88.05,88.51,143305
2026-08-27 13:43,88.51,88.69,88.43,88.481,93353
2026-08-27 13:44,88.49,88.8399,87.6801,88.0219,190657
2026-08-27 13:45,88.055,88.6299,88,88.57,99794
2026-08-27 13:46,88.5701,88.69,88.14,88.1956,107492
2026-08-27 13:47,88.21,88.35,87.2901,87.33,151496
2026-08-27 13:48,87.335,87.755,87.12,87.57,198807
2026-08-27 13:49,87.57,87.65,87.25,87.65,116311
2026-08-27 13:50,87.72,88.415,87.72,88.39,93897
2026-08-27 13:51,88.4,88.43,87.84,88.05,119131
2026-08-27 13:52,88.05,88.15,87.73,87.9477,161187
2026-08-27 13:53,87.99,88.035,87.8262,87.925,48132
2026-08-27 13:54,87.925,87.98,87.7,87.8501,84927
2026-08-27 13:55,87.91,88.0199,87.55,87.64,84409
2026-08-27 13:56,87.64,87.68,87.06,87.07,116776
2026-08-27 13:57,87.07,87.27,86.85,87.05,228816
2026-08-27 13:58,87.06,87.64,87.04,87.54,120719
2026-08-27 13:59,87.55,87.9,87.5,87.74,158697
2026-08-27 14:00,87.76,88.01,87.7,87.955,63399
2026-08-27 14:01,87.9,88.09,87.79,88.09,72927
2026-08-27 14:02,88.045,88.06,87.77,87.9305,67569
2026-08-27 14:03,87.905,88.425,87.87,88.415,84096
2026-08-27 14:04,88.3801,88.43,88.0918,88.215,88554
2026-08-27 14:05,88.215,88.55,88.215,88.31,97452
2026-08-27 14:06,88.27,88.42,88.065,88.065,59723
2026-08-27 14:07,88.055,88.4691,87.91,88.41,56114
2026-08-27 14:08,88.36,88.36,88.0801,88.1751,37689
2026-08-27 14:09,88.15,88.24,88.055,88.08,35612
2026-08-27 14:10,88.225,88.498,88.18,88.4625,37403
2026-08-27 14:11,88.46,88.5,88.3201,88.45,94259
2026-08-27 14:12,88.5,88.57,88.2101,88.39,42372
2026-08-27 14:13,88.38,88.6998,88.22,88.68,48383
2026-08-27 14:14,88.6965,88.99,88.6965,88.791,99797
2026-08-27 14:15,88.84,89.22,88.7933,89.22,97987
2026-08-27 14:16,89.23,89.4,88.98,89.38,81311
2026-08-27 14:17,89.3788,89.74,89.33,89.66,164539
2026-08-27 14:18,89.63,89.88,89.58,89.81,96621
2026-08-27 14:19,89.81,89.818,89.58,89.7399,96722
2026-08-27 14:20,89.74,89.795,89.3501,89.46,85299
2026-08-27 14:21,89.405,89.64,89.34,89.34,57792
2026-08-27 14:22,89.32,89.53,89.29,89.52,37968
2026-08-27 14:23,89.4985,89.735,89.39,89.47,50895
2026-08-27 14:24,89.455,89.54,89.35,89.49,22845
2026-08-27 14:25,89.5,89.59,89.397,89.59,26874
2026-08-27 14:26,89.58,89.66,89.55,89.63,26814
2026-08-27 14:27,89.625,89.82,89.625,89.6836,99057
2026-08-27 14:28,89.675,89.7999,89.66,89.67,24608
2026-08-27 14:29,89.74,89.7632,89.5601,89.64,25520
2026-08-27 14:30,89.7,89.7299,89.24,89.2901,58970
2026-08-27 14:31,89.31,89.41,89.28,89.392,45394
2026-08-27 14:32,89.41,89.49,89.292,89.3,29479
2026-08-27 14:33,89.2951,89.4695,89.12,89.4101,57117
2026-08-27 14:34,89.45,89.545,89.34,89.52,23704
2026-08-27 14:35,89.49,89.65,89.4201,89.65,40403
2026-08-27 14:36,89.67,89.75,89.55,89.5658,49397
2026-08-27 14:37,89.565,89.63,89.45,89.51,32217
2026-08-27 14:38,89.505,89.545,89.16,89.16,88127
2026-08-27 14:39,89.17,89.24,88.91,88.91,76181
2026-08-27 14:40,88.895,89.04,88.7401,88.87,44743
2026-08-27 14:41,88.885,89.1154,88.8301,88.89,23751
2026-08-27 14:42,88.92,89.3,88.92,89.28,23409
2026-08-27 14:43,89.26,89.2999,89.03,89.045,17068
2026-08-27 14:44,88.96,89.05,88.86,89.05,23873
2026-08-27 14:45,89.015,89.085,88.9701,89.05,13637
2026-08-27 14:46,89.12,89.28,89.01,89.09,18960
2026-08-27 14:47,89.095,89.19,88.88,89.05,22816
2026-08-27 14:48,89.085,89.5,89,89.495,36658
2026-08-27 14:49,89.46,89.56,89.29,89.41,55634
2026-08-27 14:50,89.36,89.4599,89.24,89.24,24477
2026-08-27 14:51,89.18,89.26,88.68,88.68,52886
2026-08-27 14:52,88.715,89.07,88.69,88.94,39210
2026-08-27 14:53,88.93,88.99,88.79,88.86,47229
2026-08-27 14:54,88.87,88.885,88.7801,88.79,18206
2026-08-27 14:55,88.78,88.78,88.5,88.62,58220
2026-08-27 14:56,88.625,88.71,88.5,88.7,27135
2026-08-27 14:57,88.77,88.93,88.7,88.71,20449
2026-08-27 14:58,88.71,88.94,88.65,88.93,22800
2026-08-27 14:59,88.895,88.9499,88.72,88.7332,12668
2026-08-27 15:00,88.8,88.84,88.57,88.78,26917
2026-08-27 15:01,88.755,88.775,88.55,88.65,12940
2026-08-27 15:02,88.65,88.65,88.5,88.56,44746
2026-08-27 15:03,88.56,88.6335,88.49,88.5125,33395
2026-08-27 15:04,88.46,88.4999,88.22,88.22,33487
2026-08-27 15:05,88.2,88.43,88.13,88.4106,38023
2026-08-27 15:06,88.44,88.4887,88.38,88.385,23714
2026-08-27 15:07,88.385,88.6473,88.35,88.4116,37728
2026-08-27 15:08,88.43,88.5593,88.39,88.4,14455
2026-08-27 15:09,88.44,88.52,88.44,88.515,18846
2026-08-27 15:10,88.45,88.53,88.22,88.2701,42042
2026-08-27 15:11,88.24,88.39,88.22,88.31,26876
2026-08-27 15:12,88.32,88.33,88.05,88.085,47871
2026-08-27 15:13,88.0301,88.18,88.0301,88.065,18952
2026-08-27 15:14,88.11,88.1399,87.9,87.9799,58787
2026-08-27 15:15,87.93,88.13,87.9281,88.065,36024
2026-08-27 15:16,88.065,88.2192,88.05,88.1925,22842
2026-08-27 15:17,88.185,88.185,87.88,87.92,99270
2026-08-27 15:18,87.94,88.3,87.94,88.235,31480
2026-08-27 15:19,88.235,88.335,88.02,88.15,75802
2026-08-27 15:20,88.11,88.11,87.9337,87.9337,29008
2026-08-27 15:21,87.9773,87.9773,87.71,87.71,43462
2026-08-27 15:22,87.745,87.745,87.55,87.625,40667
2026-08-27 15:23,87.6251,88,87.51,87.97,38000
2026-08-27 15:24,87.932,87.95,87.7632,87.865,60439
2026-08-27 15:25,87.865,87.91,87.76,87.86,24470
2026-08-27 15:26,87.93,87.99,87.84,87.84,18126
2026-08-27 15:27,87.8,87.9353,87.8,87.8253,25513
2026-08-27 15:28,87.78,88.05,87.77,88,64474
2026-08-27 15:29,87.985,88.08,87.94,87.98,32270
2026-08-27 15:30,87.98,88.15,87.98,88.14,34523
2026-08-27 15:31,88.14,88.17,87.94,88.055,40917
2026-08-27 15:32,88.1,88.21,88.1,88.13,20608
2026-08-27 15:33,88.22,88.23,88.09,88.2116,17155
2026-08-27 15:34,88.22,88.34,88.14,88.26,38826
2026-08-27 15:35,88.24,88.2899,88.13,88.16,17965
2026-08-27 15:36,88.1,88.15,87.98,88.04,45051
2026-08-27 15:37,88.01,88.0911,87.99,88.0769,19371
2026-08-27 15:38,88.045,88.0999,88.045,88.06,9689
2026-08-27 15:39,88.03,88.1,87.98,88.09,26572
2026-08-27 15:40,88.08,88.13,87.9001,87.955,16317
2026-08-27 15:41,87.96,88.1607,87.96,88.1607,9276
2026-08-27 15:42,88.13,88.16,87.97,88,35149
2026-08-27 15:43,87.98,88,87.92,87.96,19678
2026-08-27 15:44,87.92,88.03,87.88,88.03,23633
2026-08-27 15:45,88.05,88.05,87.82,87.88,17561
2026-08-27 15:46,87.86,87.865,87.707,87.815,28444
2026-08-27 15:47,87.8119,87.8224,87.68,87.698,21120
2026-08-27 15:48,87.67,87.7499,87.555,87.62,41180
2026-08-27 15:49,87.5718,87.615,87.22,87.26,72687
2026-08-27 15:50,87.26,87.42,87.26,87.38,28401
2026-08-27 15:51,87.375,87.57,87.3,87.57,35049
2026-08-27 15:52,87.6,87.7099,87.51,87.659,21564
2026-08-27 15:53,87.635,87.7199,87.63,87.68,20348
2026-08-27 15:54,87.69,87.69,87.53,87.59,24505
2026-08-27 15:55,87.58,87.82,87.5275,87.7001,79402
2026-08-27 15:56,87.72,87.72,87.54,87.54,27352
2026-08-27 15:57,87.585,87.63,87.4601,87.535,20875
2026-08-27 15:58,87.5666,87.57,87.35,87.3559,31328
2026-08-27 15:59,87.3637,87.42,87.12,87.19,51447
2026-08-27 16:00,87.175,87.28,87.12,87.125,36055
2026-08-27 16:01,87.1222,87.2592,87.11,87.25,47964
2026-08-27 16:02,87.29,87.38,87.265,87.38,27873
2026-08-27 16:03,87.3698,87.5599,87.325,87.54,23505
2026-08-27 16:04,87.54,87.57,87.49,87.5499,32710
2026-08-27 16:05,87.5269,87.5499,87.32,87.36,28446
2026-08-27 16:06,87.345,87.4999,87.34,87.3757,18111
2026-08-27 16:07,87.35,87.3999,87.2,87.26,24248
2026-08-27 16:08,87.27,87.385,87.265,87.35,16635
2026-08-27 16:09,87.345,87.41,87.29,87.335,15117
2026-08-27 16:10,87.34,87.41,87.24,87.41,14214
2026-08-27 16:11,87.39,87.39,87.2,87.31,20923
2026-08-27 16:12,87.33,87.44,87.26,87.405,17497
2026-08-27 16:13,87.4,87.43,87.35,87.38,9456
2026-08-27 16:14,87.38,87.39,87.21,87.28,25882
2026-08-27 16:15,87.24,87.2899,87.21,87.23,11433
2026-08-27 16:16,87.27,87.33,87.2581,87.26,14786
2026-08-27 16:17,87.23,87.36,87.23,87.335,16059
2026-08-27 16:18,87.32,87.32,87.22,87.235,13288
2026-08-27 16:19,87.23,87.3,87.18,87.225,29579
2026-08-27 16:20,87.18,87.29,87.17,87.27,17061
2026-08-27 16:21,87.28,87.35,87.225,87.295,21504
2026-08-27 16:22,87.295,87.35,87.26,87.3075,18009
2026-08-27 16:23,87.3,87.34,87.26,87.28,15010
2026-08-27 16:24,87.28,87.32,87.2346,87.28,37135
2026-08-27 16:25,87.28,87.33,87.26,87.3,9806
2026-08-27 16:26,87.305,87.33,87.201,87.305,18048
2026-08-27 16:27,87.305,87.35,87.2332,87.35,18147
2026-08-27 16:28,87.33,87.3607,87.27,87.28,13568
2026-08-27 16:29,87.23,87.2685,87.1872,87.255,35106
2026-08-27 16:30,87.24,87.27,87.17,87.25,18341
2026-08-27 16:31,87.25,87.3899,87.25,87.3,16467
2026-08-27 16:32,87.29,87.29,87.21,87.23,19654
2026-08-27 16:33,87.25,87.28,87.1716,87.225,12562
2026-08-27 16:34,87.25,87.25,87.12,87.16,24935
2026-08-27 16:35,87.16,87.3,87.135,87.285,15642
2026-08-27 16:36,87.3,87.34,87.262,87.305,29370
2026-08-27 16:37,87.33,87.33,87.23,87.28,21891
2026-08-27 16:38,87.295,87.3057,87.2101,87.265,11626
2026-08-27 16:39,87.25,87.29,87.21,87.235,15032
2026-08-27 16:40,87.26,87.38,87.2223,87.3743,18672
2026-08-27 16:41,87.37,87.39,87.3,87.3,12936
2026-08-27 16:42,87.33,87.37,87.305,87.37,15600
2026-08-27 16:43,87.3651,87.4199,87.335,87.395,12920
2026-08-27 16:44,87.39,87.42,87.35,87.36,10990
2026-08-27 16:45,87.37,87.47,87.34,87.445,26308
2026-08-27 16:46,87.46,87.57,87.435,87.545,22161
2026-08-27 16:47,87.55,87.5598,87.4575,87.48,17857
2026-08-27 16:48,87.47,87.5848,87.47,87.56,14130
2026-08-27 16:49,87.54,87.65,87.5,87.5,26349
2026-08-27 16:50,87.46,87.585,87.46,87.565,10715
2026-08-27 16:51,87.6,87.6,87.51,87.5111,13034
2026-08-27 16:52,87.51,87.7627,87.49,87.7627,21818
2026-08-27 16:53,87.745,87.75,87.66,87.71,30266
2026-08-27 16:54,87.695,87.7,87.61,87.66,35194
2026-08-27 16:55,87.67,87.678,87.6101,87.6421,5696
2026-08-27 16:56,87.63,87.64,87.57,87.64,16282
2026-08-27 16:57,87.645,87.7384,87.6301,87.7384,14851
2026-08-27 16:58,87.74,87.78,87.66,87.665,32544
2026-08-27 16:59,87.6634,87.75,87.64,87.75,30691
2026-08-27 17:00,87.725,87.78,87.66,87.72,21284
2026-08-27 17:01,87.7,87.78,87.7,87.74,14987
2026-08-27 17:02,87.7158,87.87,87.7158,87.85,43125
2026-08-27 17:03,87.8595,87.8759,87.72,87.75,12603
2026-08-27 17:04,87.72,87.72,87.53,87.5886,25571
2026-08-27 17:05,87.62,87.68,87.59,87.63,14861
2026-08-27 17:06,87.62,87.65,87.585,87.59,12050
2026-08-27 17:07,87.585,87.59,87.5,87.525,17314
2026-08-27 17:08,87.535,87.65,87.5,87.6299,16917
2026-08-27 17:09,87.595,87.71,87.59,87.71,10139
2026-08-27 17:10,87.7,87.89,87.7,87.83,25156
2026-08-27 17:11,87.855,87.855,87.77,87.8338,31210
2026-08-27 17:12,87.81,87.82,87.73,87.78,19511
2026-08-27 17:13,87.765,87.85,87.76,87.82,12312
2026-08-27 17:14,87.82,87.86,87.75,87.86,24971
2026-08-27 17:15,87.86,87.8813,87.79,87.82,25560
2026-08-27 17:16,87.85,87.97,87.85,87.915,20188
2026-08-27 17:17,87.94,87.95,87.85,87.85,51826
2026-08-27 17:18,87.83,87.8699,87.75,87.78,17123
2026-08-27 17:19,87.76,87.8051,87.6719,87.8051,33530
2026-08-27 17:20,87.805,87.81,87.63,87.71,24310
2026-08-27 17:21,87.693,87.74,87.693,87.7,6348
2026-08-27 17:22,87.65,87.73,87.62,87.6619,20530
2026-08-27 17:23,87.65,87.6586,87.62,87.64,9304
2026-08-27 17:24,87.6699,87.7399,87.6,87.7399,11327
2026-08-27 17:25,87.719,87.719,87.4023,87.425,38131
2026-08-27 17:26,87.425,87.56,87.39,87.53,24288
2026-08-27 17:27,87.49,87.5283,87.45,87.45,11127
2026-08-27 17:28,87.44,87.46,87.3944,87.4422,11192
2026-08-27 17:29,87.43,87.4464,87.25,87.27,33519
2026-08-27 17:30,87.25,87.3,87.25,87.27,30088
2026-08-27 17:31,87.28,87.34,87.226,87.24,34569
2026-08-27 17:32,87.24,87.52,87.24,87.52,43041
2026-08-27 17:33,87.54,87.7,87.5,87.68,50104
2026-08-27 17:34,87.67,87.755,87.535,87.545,38707
2026-08-27 17:35,87.51,87.55,87.47,87.55,19678
2026-08-27 17:36,87.58,87.6,87.51,87.55,11412
2026-08-27 17:37,87.555,87.6,87.5106,87.565,18203
2026-08-27 17:38,87.6,87.67,87.575,87.6051,34939
2026-08-27 17:39,87.6492,87.6492,87.49,87.505,14297
2026-08-27 17:40,87.49,87.6,87.49,87.58,16424
2026-08-27 17:41,87.57,87.57,87.4486,87.465,14562
2026-08-27 17:42,87.46,87.56,87.43,87.56,22882
2026-08-27 17:43,87.55,87.71,87.55,87.65,22263
2026-08-27 17:44,87.64,87.64,87.43,87.5,40344
2026-08-27 17:45,87.49,87.51,87.38,87.38,50903
2026-08-27 17:46,87.37,87.4024,87.3,87.395,11063
2026-08-27 17:47,87.395,87.5,87.395,87.485,15423
2026-08-27 17:48,87.475,87.48,87.34,87.4099,11822
2026-08-27 17:49,87.385,87.5,87.385,87.49,10143
2026-08-27 17:50,87.49,87.49,87.387,87.45,19057
2026-08-27 17:51,87.48,87.48,87.38,87.41,47961
2026-08-27 17:52,87.44,87.49,87.37,87.41,16188
2026-08-27 17:53,87.36,87.45,87.35,87.425,6884
2026-08-27 17:54,87.44,87.47,87.31,87.31,11598
2026-08-27 17:55,87.3,87.34,87.26,87.31,14520
2026-08-27 17:56,87.31,87.35,87.3,87.3,5269
2026-08-27 17:57,87.34,87.34,87.1,87.12,58161
2026-08-27 17:58,87.14,87.16,87.06,87.07,34977
2026-08-27 17:59,87.09,87.115,86.96,86.96,68605
2026-08-27 18:00,86.99,87.13,86.9658,87.09,36472
2026-08-27 18:01,87.09,87.1,86.8,86.85,43778
2026-08-27 18:02,86.82,86.934,86.82,86.9157,18925
2026-08-27 18:03,86.95,86.98,86.87,86.89,25481
2026-08-27 18:04,86.88,86.89,86.76,86.76,56755
2026-08-27 18:05,86.77,86.8,86.75,86.77,37458
2026-08-27 18:06,86.77,86.79,86.66,86.7375,52160
2026-08-27 18:07,86.7737,86.82,86.72,86.766,20434
2026-08-27 18:08,86.77,86.83,86.77,86.815,16887
2026-08-27 18:09,86.815,86.82,86.67,86.7617,19473
2026-08-27 18:10,86.7304,86.76,86.6,86.67,28627
2026-08-27 18:11,86.6712,86.815,86.6712,86.795,29132
2026-08-27 18:12,86.7965,86.8501,86.74,86.85,21170
2026-08-27 18:13,86.85,86.86,86.71,86.735,19944
2026-08-27 18:14,86.75,87.0799,86.69,87.055,29605
2026-08-27 18:15,87.08,87.19,87.07,87.135,26796
2026-08-27 18:16,87.1481,87.15,87,87.07,20176
2026-08-27 18:17,87.06,87.1399,87.02,87.095,17213
2026-08-27 18:18,87.13,87.2,87.09,87.2,13810
2026-08-27 18:19,87.2299,87.3199,87.195,87.23,24158
2026-08-27 18:20,87.23,87.3,87.18,87.18,21823
2026-08-27 18:21,87.19,87.22,87.14,87.21,19013
2026-08-27 18:22,87.2056,87.23,87.165,87.17,13290
2026-08-27 18:23,87.15,87.165,87.065,87.065,21636
2026-08-27 18:24,87.04,87.08,87.0006,87.0575,25413
2026-08-27 18:25,87.07,87.08,86.7,86.773,51235
2026-08-27 18:26,86.77,86.89,86.72,86.86,23803
2026-08-27 18:27,86.8301,86.89,86.76,86.765,15969
2026-08-27 18:28,86.76,86.83,86.74,86.83,8554
2026-08-27 18:29,86.78,86.78,86.62,86.715,30446
2026-08-27 18:30,86.735,86.85,86.68,86.85,17752
2026-08-27 18:31,86.85,87.038,86.805,87.038,17708
2026-08-27 18:32,87.02,87.18,87.0101,87.14,16785
2026-08-27 18:33,87.13,87.1699,87,87,15038
2026-08-27 18:34,86.9727,87.0121,86.925,87.0121,10012
2026-08-27 18:35,86.92,87.075,86.9,87.075,14202
2026-08-27 18:36,87.06,87.14,87.05,87.102,19789
2026-08-27 18:37,87.07,87.07,87.015,87.015,10925
2026-08-27 18:38,87.03,87.078,86.99,87.07,14988
2026-08-27 18:39,87.08,87.2844,87.04,87.2844,21365
2026-08-27 18:40,87.28,87.29,87.13,87.22,23642
2026-08-27 18:41,87.205,87.28,87.205,87.2201,17797
2026-08-27 18:42,87.215,87.26,87.21,87.26,8007
2026-08-27 18:43,87.29,87.3845,87.22,87.26,34156
2026-08-27 18:44,87.28,87.37,87.265,87.3103,29438
2026-08-27 18:45,87.325,87.43,87.28,87.345,35248
2026-08-27 18:46,87.37,87.38,87.31,87.32,17098
2026-08-27 18:47,87.295,87.39,87.2804,87.3339,13224
2026-08-27 18:48,87.3,87.33,87.28,87.315,23309
2026-08-27 18:49,87.29,87.29,87.03,87.04,42143
2026-08-27 18:50,87.025,87.025,86.8,86.89,41216
2026-08-27 18:51,86.91,86.96,86.65,86.76,54240
2026-08-27 18:52,86.76,86.88,86.74,86.76,26130
2026-08-27 18:53,86.77,86.865,86.7592,86.86,12288
2026-08-27 18:54,86.84,86.8812,86.81,86.8701,10778
2026-08-27 18:55,86.9,86.906,86.8,86.8,16739
2026-08-27 18:56,86.78,86.85,86.78,86.84,15684
2026-08-27 18:57,86.81,86.86,86.8,86.84,37321
2026-08-27 18:58,86.87,86.92,86.8,86.885,54882
2026-08-27 18:59,86.85,86.87,86.66,86.6701,50753
2026-08-27 19:00,86.64,86.6958,86.61,86.6451,21476
2026-08-27 19:01,86.63,86.6749,86.61,86.64,17318
2026-08-27 19:02,86.6372,86.68,86.56,86.66,54515
2026-08-27 19:03,86.645,86.8001,86.61,86.8,11306
2026-08-27 19:04,86.81,86.87,86.74,86.764,18073
2026-08-27 19:05,86.725,86.78,86.665,86.72,24119
2026-08-27 19:06,86.68,86.84,86.66,86.775,14096
2026-08-27 19:07,86.745,86.8,86.7,86.71,61986
2026-08-27 19:08,86.73,86.73,86.51,86.6,30118
2026-08-27 19:09,86.58,86.74,86.51,86.74,17770
2026-08-27 19:10,86.715,86.83,86.66,86.66,30896
2026-08-27 19:11,86.66,86.7199,86.6,86.695,21709
2026-08-27 19:12,86.707,86.8,86.6795,86.7727,16820
2026-08-27 19:13,86.77,86.83,86.72,86.735,13374
2026-08-27 19:14,86.71,86.78,86.65,86.73,25152
2026-08-27 19:15,86.69,86.8,86.69,86.75,12285
2026-08-27 19:16,86.76,86.8,86.6661,86.6918,22564
2026-08-27 19:17,86.72,86.76,86.69,86.69,12645
2026-08-27 19:18,86.68,86.7231,86.615,86.71,22616
2026-08-27 19:19,86.74,86.75,86.68,86.71,24533
2026-08-27 19:20,86.7101,86.76,86.7,86.7001,9697
2026-08-27 19:21,86.72,86.81,86.7,86.7,30671
2026-08-27 19:22,86.72,86.81,86.72,86.765,10970
2026-08-27 19:23,86.765,86.82,86.68,86.7399,28902
2026-08-27 19:24,86.75,86.8781,86.73,86.8346,25094
2026-08-27 19:25,86.835,86.94,86.81,86.94,22023
2026-08-27 19:26,86.92,87.07,86.92,87.03,38428
2026-08-27 19:27,87.045,87.055,86.92,86.92,103935
2026-08-27 19:28,86.92,87.1,86.911,87.05,104811
2026-08-27 19:29,87.08,87.09,86.965,87,22775
2026-08-27 19:30,86.985,87.07,86.88,87.05,25966
2026-08-27 19:31,87.045,87.054,86.93,86.9371,17422
2026-08-27 19:32,86.94,87.0999,86.94,87.038,13362
2026-08-27 19:33,87.0132,87.05,86.94,87,20273
2026-08-27 19:34,87.03,87.07,86.92,86.9611,18733
2026-08-27 19:35,86.99,87.01,86.92,86.9443,25501
2026-08-27 19:36,86.94,86.94,86.73,86.73,28626
2026-08-27 19:37,86.74,86.8417,86.72,86.8382,18870
2026-08-27 19:38,86.84,86.89,86.82,86.8204,42873
2026-08-27 19:39,86.82,86.85,86.725,86.725,25253
2026-08-27 19:40,86.74,86.77,86.6246,86.63,50022
2026-08-27 19:41,86.63,86.73,86.61,86.72,121510
2026-08-27 19:42,86.74,86.78,86.65,86.65,35851
2026-08-27 19:43,86.61,86.64,86.55,86.635,41315
2026-08-27 19:44,86.64,86.685,86.59,86.68,34540
2026-08-27 19:45,86.68,86.69,86.57,86.62,27386
2026-08-27 19:46,86.63,86.735,86.6,86.735,24126
2026-08-27 19:47,86.75,86.86,86.7307,86.81,41704
2026-08-27 19:48,86.81,86.885,86.81,86.865,24921
2026-08-27 19:49,86.88,86.96,86.865,86.94,32641
2026-08-27 19:50,86.91,86.92,86.8,86.9,48973
2026-08-27 19:51,86.905,86.95,86.87,86.9233,66071
2026-08-27 19:52,86.925,87.03,86.85,86.945,89759
2026-08-27 19:53,86.93,86.94,86.71,86.78,64426
2026-08-27 19:54,86.79,87.1345,86.71,87.1345,78099
2026-08-27 19:55,87.08,87.37,87.08,87.26,134575
2026-08-27 19:56,87.2687,87.2799,86.86,86.985,226397
2026-08-27 19:57,86.985,87.04,86.91,86.955,99701
2026-08-27 19:58,86.96,86.98,86.815,86.88,183247
2026-08-27 19:59,86.87,86.91,86.77,86.79,351371
2026-08-28 13:30,85.05,85.644,84.76,85.644,759057
2026-08-28 13:31,85.4,86.04,85.16,85.827,92545
2026-08-28 13:32,85.825,86.35,85.7826,86.13,85269
2026-08-28 13:33,86.12,86.14,85.56,85.7,38398
2026-08-28 13:34,85.675,86.3,85.65,86.215,68319
2026-08-28 13:35,86.22,86.29,85.8656,86.185,63879
2026-08-28 13:36,86.24,86.3,85.75,86.285,75189
2026-08-28 13:37,86.24,87.11,86.235,86.705,168295
2026-08-28 13:38,86.705,86.94,86.58,86.825,58132
2026-08-28 13:39,86.83,87.25,86.71,87.2,56850
2026-08-28 13:40,87.165,87.23,86.72,86.8121,63738
2026-08-28 13:41,86.93,87.327,86.8442,87.245,72927
2026-08-28 13:42,87.2891,87.411,86.97,87.411,68224
2026-08-28 13:43,87.345,87.73,87.26,87.5542,100993
2026-08-28 13:44,87.53,87.545,87.01,87.08,54156
2026-08-28 13:45,87.08,87.67,87.0601,87.295,66452
2026-08-28 13:46,87.2831,87.47,87.21,87.41,53363
2026-08-28 13:47,87.41,87.5,87.3201,87.37,55705
2026-08-28 13:48,87.37,87.41,87.18,87.32,46993
2026-08-28 13:49,87.29,87.3,86.82,86.84,77017
2026-08-28 13:50,86.8455,87.22,86.75,87.08,50232
2026-08-28 13:51,87.07,87.27,86.92,87.225,52304
2026-08-28 13:52,87.22,87.25,86.83,86.96,55054
2026-08-28 13:53,86.98,87.56,86.98,87.51,145428
2026-08-28 13:54,87.49,87.5,87.16,87.16,37149
2026-08-28 13:55,87.1663,87.49,87.12,87.49,33559
2026-08-28 13:56,87.45,87.8999,87.44,87.44,156132
2026-08-28 13:57,87.48,87.6293,87.26,87.56,105674
2026-08-28 13:58,87.51,87.51,86.571,86.635,171753
2026-08-28 13:59,86.65,86.81,86.35,86.42,58523
2026-08-28 14:00,86.33,87,86.114,86.71,72767
2026-08-28 14:01,86.73,86.805,86.36,86.4228,48622
2026-08-28 14:02,86.37,86.452,85.9,86.1199,160569
2026-08-28 14:03,86.025,86.08,85.7,85.765,54403
2026-08-28 14:04,85.756,85.9899,85.59,85.96,47404
2026-08-28 14:05,85.94,86.09,85.8,85.8,49766
2026-08-28 14:06,85.72,85.8699,85.3101,85.415,94560
2026-08-28 14:07,85.415,85.44,85.08,85.1366,109581
2026-08-28 14:08,85.175,85.4262,85.11,85.1859,74457
2026-08-28 14:09,85.2001,85.45,85.07,85.27,49708
2026-08-28 14:10,85.2136,85.49,85.2136,85.2701,73454
2026-08-28 14:11,85.4,85.4,85.2001,85.3136,40693
2026-08-28 14:12,85.2948,85.3199,84.85,85.03,109815
2026-08-28 14:13,85.02,85.02,84.68,84.89,85508
2026-08-28 14:14,84.885,85.2043,84.7541,85.075,61992
2026-08-28 14:15,85.1199,85.1863,84.89,85.07,68285
2026-08-28 14:16,85.02,85.415,84.9501,85.415,98971
2026-08-28 14:17,85.415,85.45,85.16,85.359,48279
2026-08-28 14:18,85.26,85.5207,85.2,85.47,64854
2026-08-28 14:19,85.435,85.8,85.435,85.695,62463
2026-08-28 14:20,85.7,86.06,85.67,85.94,102623
2026-08-28 14:21,85.97,86.1589,85.9523,86.075,43636
2026-08-28 14:22,86.1,86.25,86.05,86.22,37817
2026-08-28 14:23,86.25,86.3,86.05,86.1299,55786
2026-08-28 14:24,86.02,86.2,85.82,86.095,35950
2026-08-28 14:25,86.12,86.16,85.88,86.01,29249
2026-08-28 14:26,86.04,86.105,85.8201,86.105,55653
2026-08-28 14:27,86.1492,86.2,86.0201,86.19,53938
2026-08-28 14:28,86.19,86.325,86.08,86.27,75211
2026-08-28 14:29,86.2308,86.3,86,86.245,47248
2026-08-28 14:30,86.3,86.335,86.01,86.065,40026
2026-08-28 14:31,86.065,86.16,85.88,85.94,38051
2026-08-28 14:32,85.935,86.062,85.85,85.85,29240
2026-08-28 14:33,85.8389,85.9899,85.7,85.945,25876
2026-08-28 14:34,85.945,86.25,85.945,86.185,37885
2026-08-28 14:35,86.2126,86.48,86.2126,86.23,41093
2026-08-28 14:36,86.2992,86.37,86.0649,86.31,45259
2026-08-28 14:37,86.38,86.58,86.33,86.54,32396
2026-08-28 14:38,86.51,86.59,86.4,86.4,44375
2026-08-28 14:39,86.45,86.454,86.15,86.2899,29455
2026-08-28 14:40,86.215,86.78,86.0844,86.7,48213
2026-08-28 14:41,86.708,86.72,86.1501,86.22,24206
2026-08-28 14:42,86.2799,86.355,86.18,86.355,29219
2026-08-28 14:43,86.3907,86.4199,86.1944,86.255,18902
2026-08-28 14:44,86.25,86.3769,86.21,86.21,23155
2026-08-28 14:45,86.21,86.28,86.06,86.09,31100
2026-08-28 14:46,86.14,86.28,86.0401,86.2,20620
2026-08-28 14:47,86.135,86.214,86.1,86.14,10977
2026-08-28 14:48,86.14,86.14,86.02,86.06,37816
2026-08-28 14:49,86.05,86.27,86.04,86.23,28765
2026-08-28 14:50,86.24,86.35,86.15,86.35,28946
2026-08-28 14:51,86.34,86.49,85.9,85.99,62590
2026-08-28 14:52,85.97,86.06,85.835,85.91,87710
2026-08-28 14:53,85.8907,85.98,85.8306,85.9727,18633
2026-08-28 14:54,85.92,86,85.7878,85.82,28026
2026-08-28 14:55,85.825,86,85.73,86,41907
2026-08-28 14:56,86.0232,86.1,85.95,86.025,14047
2026-08-28 14:57,85.995,86.075,85.95,85.975,24347
2026-08-28 14:58,85.965,85.98,85.795,85.81,24119
2026-08-28 14:59,85.8,85.82,85.67,85.715,37993
2026-08-28 15:00,85.74,85.89,85.707,85.845,39167
2026-08-28 15:01,85.895,85.895,85.72,85.785,28321
2026-08-28 15:02,85.76,85.82,85.72,85.8,21864
2026-08-28 15:03,85.815,85.9299,85.81,85.82,17946
2026-08-28 15:04,85.7707,85.895,85.7707,85.84,14587
2026-08-28 15:05,85.84,85.92,85.7749,85.855,24459
2026-08-28 15:06,85.88,86.02,85.81,85.87,24747
2026-08-28 15:07,85.8592,85.8592,85.7304,85.75,22509
2026-08-28 15:08,85.75,85.9,85.75,85.87,26560
2026-08-28 15:09,85.8779,85.98,85.6701,85.72,29444
2026-08-28 15:10,85.715,85.8,85.67,85.725,15340
2026-08-28 15:11,85.68,85.77,85.65,85.725,18427
2026-08-28 15:12,85.725,85.88,85.67,85.85,14196
2026-08-28 15:13,85.85,86.1,85.85,86.04,43556
2026-08-28 15:14,86.06,86.1212,85.98,86.02,26569
2026-08-28 15:15,86.005,86.085,85.88,86.08,15989
2026-08-28 15:16,86.04,86.25,85.9801,86.16,20476
2026-08-28 15:17,86.13,86.2,85.99,86.05,25146
2026-08-28 15:18,86.03,86.0771,85.65,85.71,37247
2026-08-28 15:19,85.69,85.86,85.5,85.56,42136
2026-08-28 15:20,85.5562,85.73,85.55,85.73,11812
2026-08-28 15:21,85.7,85.7,85.41,85.4518,48974
2026-08-28 15:22,85.45,85.64,85.45,85.63,13541
2026-08-28 15:23,85.615,85.77,85.615,85.73,19479
2026-08-28 15:24,85.7322,85.81,85.685,85.81,13979
2026-08-28 15:25,85.8,85.87,85.71,85.87,12444
2026-08-28 15:26,85.84,85.88,85.67,85.71,38016
2026-08-28 15:27,85.705,85.7302,85.63,85.7,16744
2026-08-28 15:28,85.63,85.69,85.57,85.665,13464
2026-08-28 15:29,85.64,85.73,85.61,85.715,15127
2026-08-28 15:30,85.75,85.75,85.49,85.52,22787
2026-08-28 15:31,85.52,85.56,85.4,85.42,17584
2026-08-28 15:32,85.45,85.45,85.25,85.25,56824
2026-08-28 15:33,85.245,85.35,85.24,85.2999,28307
2026-08-28 15:34,85.23,85.285,85.21,85.23,22087
2026-08-28 15:35,85.22,85.25,85.15,85.2,33424
2026-08-28 15:36,85.16,85.24,85.13,85.16,25054
2026-08-28 15:37,85.1475,85.165,85.0801,85.1,36718
2026-08-28 15:38,85.11,85.14,85.02,85.035,43550
2026-08-28 15:39,85.0325,85.0325,84.885,84.915,103981
2026-08-28 15:40,84.88,84.9099,84.72,84.75,142559
2026-08-28 15:41,84.735,84.8999,84.66,84.8679,52248
2026-08-28 15:42,84.8248,84.9,84.73,84.88,23949
2026-08-28 15:43,84.85,84.9274,84.78,84.87,40749
2026-08-28 15:44,84.88,84.88,84.7701,84.8366,25608
2026-08-28 15:45,84.83,84.8599,84.76,84.8,21603
2026-08-28 15:46,84.82,84.82,84.74,84.74,23465
2026-08-28 15:47,84.74,84.74,84.62,84.64,42109
2026-08-28 15:48,84.6502,84.6502,84.41,84.6019,86290
2026-08-28 15:49,84.5953,84.5953,84.44,84.485,18790
2026-08-28 15:50,84.485,84.5526,84.38,84.415,25516
2026-08-28 15:51,84.415,84.47,84.2603,84.2603,36721
2026-08-28 15:52,84.25,84.3,84.19,84.25,43181
2026-08-28 15:53,84.2732,84.418,84.1758,84.1758,43629
2026-08-28 15:54,84.18,84.32,84.14,84.32,31934
2026-08-28 15:55,84.36,84.3699,84.08,84.09,55742
2026-08-28 15:56,84.1001,84.15,83.86,83.9599,141484
2026-08-28 15:57,83.8984,83.9299,83.77,83.79,55003
2026-08-28 15:58,83.775,83.97,83.72,83.825,101434
2026-08-28 15:59,83.825,83.84,83.6501,83.765,76489
2026-08-28 16:00,83.77,83.9,83.77,83.78,61140
2026-08-28 16:01,83.721,83.7699,83.47,83.57,74254
2026-08-28 16:02,83.578,83.62,83.36,83.55,57115
2026-08-28 16:03,83.5501,83.77,83.5501,83.77,50673
2026-08-28 16:04,83.79,83.85,83.63,83.69,64810
2026-08-28 16:05,83.65,83.85,83.64,83.81,82658
2026-08-28 16:06,83.81,83.91,83.72,83.825,107450
2026-08-28 16:07,83.825,83.98,83.782,83.9799,91977
2026-08-28 16:08,83.95,84,83.8554,83.95,49689
2026-08-28 16:09,83.96,84.2,83.9402,84.17,94670
2026-08-28 16:10,84.16,84.2,84.055,84.2,23842
2026-08-28 16:11,84.25,84.39,84.11,84.145,108229
2026-08-28 16:12,84.145,84.3512,84.09,84.3,58879
2026-08-28 16:13,84.3,84.36,84.23,84.355,28417
2026-08-28 16:14,84.355,84.38,84.29,84.29,42912
2026-08-28 16:15,84.26,84.39,84.16,84.16,76351
2026-08-28 16:16,84.18,84.255,84.0001,84.208,27532
2026-08-28 16:17,84.25,84.265,84.0001,84.075,28150
2026-08-28 16:18,84.1,84.1,83.97,84.04,38514
2026-08-28 16:19,84.03,84.15,84.01,84.01,22612
2026-08-28 16:20,84,84.1242,83.97,83.985,33208
2026-08-28 16:21,83.98,84.12,83.95,84.12,41162
2026-08-28 16:22,84.075,84.12,84.01,84.03,23235
2026-08-28 16:23,84.02,84.05,83.9,83.9397,26005
2026-08-28 16:24,83.94,83.94,83.7774,83.885,39702
2026-08-28 16:25,83.85,83.935,83.84,83.935,13047
2026-08-28 16:26,83.92,83.96,83.831,83.87,22516
2026-08-28 16:27,83.85,83.92,83.83,83.92,17346
2026-08-28 16:28,83.93,83.93,83.8,83.825,19592
2026-08-28 16:29,83.8,83.82,83.75,83.82,26790
2026-08-28 16:30,83.81,83.9599,83.81,83.845,42164
2026-08-28 16:31,83.845,83.9299,83.82,83.89,11348
2026-08-28 16:32,83.89,84,83.85,83.915,46569
2026-08-28 16:33,83.895,83.895,83.76,83.8159,36587
2026-08-28 16:34,83.805,83.805,83.545,83.5588,38257
2026-08-28 16:35,83.57,83.7,83.55,83.675,22286
2026-08-28 16:36,83.7019,83.725,83.62,83.725,24183
2026-08-28 16:37,83.7251,83.7303,83.6245,83.71,16484
2026-08-28 16:38,83.71,83.7899,83.685,83.76,42499
2026-08-28 16:39,83.76,83.7604,83.525,83.58,45617
2026-08-28 16:40,83.57,83.6199,83.53,83.565,14990
2026-08-28 16:41,83.565,83.565,83.38,83.5599,44691
2026-08-28 16:42,83.47,83.6,83.47,83.55,21397
2026-08-28 16:43,83.56,83.57,83.28,83.36,53584
2026-08-28 16:44,83.3509,83.47,83.35,83.455,25753
2026-08-28 16:45,83.47,83.72,83.465,83.69,32292
2026-08-28 16:46,83.7067,83.8899,83.66,83.825,34113
2026-08-28 16:47,83.825,83.99,83.795,83.95,20537
2026-08-28 16:48,83.93,84.01,83.92,83.92,13535
2026-08-28 16:49,83.95,83.99,83.85,83.905,20327
2026-08-28 16:50,83.9395,83.96,83.8301,83.885,25621
2026-08-28 16:51,83.8301,84,83.8301,84,15819
2026-08-28 16:52,84,84.02,83.9,84.02,21712
2026-08-28 16:53,84.01,84.01,83.825,83.825,27533
2026-08-28 16:54,83.825,83.92,83.7501,83.84,17681
2026-08-28 16:55,83.85,83.86,83.79,83.81,10183
2026-08-28 16:56,83.8,83.82,83.62,83.7599,16987
2026-08-28 16:57,83.76,83.808,83.73,83.77,18966
2026-08-28 16:58,83.81,83.82,83.745,83.75,12056
2026-08-28 16:59,83.7464,83.75,83.6468,83.6468,12617
2026-08-28 17:00,83.67,83.67,83.37,83.44,44865
2026-08-28 17:01,83.425,83.46,83.35,83.435,37051
2026-08-28 17:02,83.46,83.63,83.435,83.59,33451
2026-08-28 17:03,83.585,83.69,83.56,83.65,19419
2026-08-28 17:04,83.645,83.74,83.5701,83.68,28360
2026-08-28 17:05,83.645,83.658,83.535,83.535,20555
2026-08-28 17:06,83.5301,83.57,83.47,83.52,45587
2026-08-28 17:07,83.545,83.64,83.49,83.59,14804
2026-08-28 17:08,83.6385,83.64,83.51,83.57,26281
2026-08-28 17:09,83.53,83.65,83.46,83.55,28224
2026-08-28 17:10,83.55,83.63,83.5001,83.545,30369
2026-08-28 17:11,83.5,83.65,83.5,83.65,13079
2026-08-28 17:12,83.61,83.76,83.61,83.6935,43440
2026-08-28 17:13,83.665,83.74,83.6,83.65,21045
2026-08-28 17:14,83.67,83.69,83.465,83.53,37349
2026-08-28 17:15,83.56,83.59,83.41,83.535,32945
2026-08-28 17:16,83.5375,83.5375,83.45,83.4876,16374
2026-08-28 17:17,83.53,83.6,83.48,83.565,16947
2026-08-28 17:18,83.57,83.57,83.47,83.5,27673
2026-08-28 17:19,83.55,83.6,83.53,83.6,26926
2026-08-28 17:20,83.54,83.55,83.46,83.46,23301
2026-08-28 17:21,83.44,83.4678,83.34,83.34,22171
2026-08-28 17:22,83.345,83.38,83.26,83.3,54939
2026-08-28 17:23,83.31,83.42,83.31,83.335,22815
2026-08-28 17:24,83.335,83.435,83.3,83.43,16285
2026-08-28 17:25,83.44,83.46,83.37,83.42,27112
2026-08-28 17:26,83.44,83.5,83.41,83.46,25408
2026-08-28 17:27,83.44,83.5788,83.417,83.57,78204
2026-08-28 17:28,83.575,84,83.575,83.93,52378
2026-08-28 17:29,83.96,83.9997,83.81,83.82,18184
2026-08-28 17:30,83.8,83.895,83.78,83.895,17521
2026-08-28 17:31,83.861,84,83.86,83.99,24474
2026-08-28 17:32,83.93,83.98,83.8,83.88,20318
2026-08-28 17:33,83.87,83.95,83.8,83.8,15514
2026-08-28 17:34,83.8,83.85,83.8,83.8065,10474
2026-08-28 17:35,83.805,83.87,83.805,83.845,11665
2026-08-28 17:36,83.8475,83.87,83.64,83.69,19267
2026-08-28 17:37,83.73,83.749,83.625,83.7,15681
2026-08-28 17:38,83.7,83.7499,83.69,83.69,13448
2026-08-28 17:39,83.7,83.7,83.5001,83.5001,12926
2026-08-28 17:40,83.5,83.6,83.5,83.565,15022
2026-08-28 17:41,83.54,83.605,83.52,83.605,12017
2026-08-28 17:42,83.63,83.6739,83.62,83.6739,16848
2026-08-28 17:43,83.67,83.7267,83.6499,83.65,9886
2026-08-28 17:44,83.6988,83.74,83.63,83.66,7223
2026-08-28 17:45,83.685,83.7156,83.655,83.715,9685
2026-08-28 17:46,83.715,83.87,83.69,83.83,13766
2026-08-28 17:47,83.8444,83.8444,83.775,83.8,8646
2026-08-28 17:48,83.815,83.98,83.815,83.94,16539
2026-08-28 17:49,83.96,84,83.8801,83.9601,8546
2026-08-28 17:50,84,84,83.85,83.86,23491
2026-08-28 17:51,83.9,83.9591,83.85,83.92,10822
2026-08-28 17:52,83.9,84,83.87,83.94,32045
2026-08-28 17:53,83.95,83.9889,83.92,83.92,13099
2026-08-28 17:54,83.9799,83.9799,83.85,83.87,11171
2026-08-28 17:55,83.8748,83.8937,83.81,83.8205,15952
2026-08-28 17:56,83.8,83.83,83.77,83.77,10252
2026-08-28 17:57,83.795,83.87,83.795,83.81,16928
2026-08-28 17:58,83.84,83.875,83.815,83.875,7119
2026-08-28 17:59,83.875,83.875,83.84,83.8525,6903
2026-08-28 18:00,83.83,83.93,83.82,83.885,11584
2026-08-28 18:01,83.8992,83.8992,83.7,83.77,30335
2026-08-28 18:02,83.755,83.7751,83.7,83.74,6541
2026-08-28 18:03,83.71,83.76,83.66,83.69,7610
2026-08-28 18:04,83.68,83.72,83.59,83.6,21625
2026-08-28 18:05,83.57,83.7181,83.57,83.67,13498
2026-08-28 18:06,83.6301,83.71,83.62,83.6201,10166
2026-08-28 18:07,83.62,83.67,83.6,83.665,17907
2026-08-28 18:08,83.66,83.82,83.6435,83.82,13861
2026-08-28 18:09,83.806,83.855,83.79,83.8,14532
2026-08-28 18:10,83.79,83.8293,83.7,83.7499,5867
2026-08-28 18:11,83.75,83.78,83.69,83.78,9456
2026-08-28 18:12,83.755,83.84,83.73,83.8,14108
2026-08-28 18:13,83.795,83.8199,83.72,83.76,10628
2026-08-28 18:14,83.71,83.76,83.645,83.66,11524
2026-08-28 18:15,83.655,83.71,83.65,83.685,12118
2026-08-28 18:16,83.68,83.74,83.68,83.71,12165
2026-08-28 18:17,83.67,83.75,83.66,83.74,8442
2026-08-28 18:18,83.75,83.75,83.65,83.69,22795
2026-08-28 18:19,83.685,83.7,83.65,83.675,7412
2026-08-28 18:20,83.67,83.7,83.63,83.69,24727
2026-08-28 18:21,83.64,83.66,83.57,83.64,23004
2026-08-28 18:22,83.645,83.7,83.63,83.675,16538
2026-08-28 18:23,83.7,83.7,83.6,83.615,26766
2026-08-28 18:24,83.615,83.74,83.615,83.69,16027
2026-08-28 18:25,83.675,83.715,83.63,83.715,14967
2026-08-28 18:26,83.695,83.75,83.63,83.675,17756
2026-08-28 18:27,83.675,83.675,83.56,83.62,40876
2026-08-28 18:28,83.62,83.68,83.56,83.6,41466
2026-08-28 18:29,83.65,83.65,83.51,83.5398,12034
2026-08-28 18:30,83.52,83.64,83.52,83.56,14518
2026-08-28 18:31,83.51,83.6,83.51,83.585,9859
2026-08-28 18:32,83.6,83.62,83.52,83.5381,18497
2026-08-28 18:33,83.51,83.5452,83.4697,83.5452,28700
2026-08-28 18:34,83.5196,83.6,83.5196,83.53,13694
2026-08-28 18:35,83.545,83.6032,83.545,83.58,15662
2026-08-28 18:36,83.55,83.61,83.52,83.56,14746
2026-08-28 18:37,83.56,83.575,83.52,83.52,8602
2026-08-28 18:38,83.51,83.52,83.4401,83.46,15818
2026-08-28 18:39,83.48,83.4938,83.44,83.46,17806
2026-08-28 18:40,83.475,83.56,83.46,83.56,24357
2026-08-28 18:41,83.56,83.6,83.51,83.51,15913
2026-08-28 18:42,83.5,83.5399,83.4301,83.44,34158
2026-08-28 18:43,83.46,83.49,83.43,83.46,13064
2026-08-28 18:44,83.47,83.48,83.44,83.47,19261
2026-08-28 18:45,83.4785,83.5,83.4,83.43,23242
2026-08-28 18:46,83.425,83.43,83.38,83.3867,22116
2026-08-28 18:47,83.4,83.51,83.37,83.5,62953
2026-08-28 18:48,83.46,83.48,83.35,83.36,42708
2026-08-28 18:49,83.39,83.4,83.34,83.3475,27400
2026-08-28 18:50,83.33,83.33,83.24,83.27,51015
2026-08-28 18:51,83.265,84.2638,83.2467,83.32,35561
2026-08-28 18:52,83.324,83.35,83.2912,83.3098,19579
2026-08-28 18:53,83.31,83.39,83.3,83.39,45090
2026-08-28 18:54,83.39,83.39,83.32,83.35,29962
2026-08-28 18:55,83.336,83.35,83.25,83.26,45098
2026-08-28 18:56,83.28,83.28,83.19,83.26,48602
2026-08-28 18:57,83.26,83.28,83.17,83.21,26493
2026-08-28 18:58,83.23,83.26,83.2,83.22,8956
2026-08-28 18:59,83.215,83.25,83.18,83.25,19015
2026-08-28 19:00,83.23,83.3197,83.23,83.2413,24653
2026-08-28 19:01,83.257,83.5,83.257,83.5,41835
2026-08-28 19:02,83.5,83.505,83.43,83.4599,55228
2026-08-28 19:03,83.44,83.5,83.39,83.5,22323
2026-08-28 19:04,83.49,83.585,83.46,83.4755,31171
2026-08-28 19:05,83.46,83.64,83.4,83.63,26673
2026-08-28 19:06,83.65,83.65,83.46,83.48,20948
2026-08-28 19:07,83.493,83.55,83.45,83.55,10975
2026-08-28 19:08,83.54,83.59,83.49,83.54,20698
2026-08-28 19:09,83.51,83.63,83.5,83.5999,27188
2026-08-28 19:10,83.57,83.625,83.44,83.54,40456
2026-08-28 19:11,83.54,83.64,83.54,83.63,19979
2026-08-28 19:12,83.64,83.72,83.63,83.7,19588
2026-08-28 19:13,83.705,83.705,83.46,83.525,32419
2026-08-28 19:14,83.54,83.64,83.525,83.625,26750
2026-08-28 19:15,83.625,83.655,83.52,83.6451,17765
2026-08-28 19:16,83.65,83.68,83.62,83.62,18576
2026-08-28 19:17,83.58,83.5999,83.42,83.465,43029
2026-08-28 19:18,83.45,83.4898,83.38,83.45,22965
2026-08-28 19:19,83.44,83.5,83.41,83.495,17383
2026-08-28 19:20,83.48,83.6,83.461,83.5895,19924
2026-08-28 19:21,83.59,83.61,83.465,83.52,23628
2026-08-28 19:22,83.52,83.57,83.505,83.513,13688
2026-08-28 19:23,83.53,83.535,83.46,83.47,20338
2026-08-28 19:24,83.5,83.55,83.49,83.53,26121
2026-08-28 19:25,83.5136,83.63,83.5136,83.63,20509
2026-08-28 19:26,83.65,83.7,83.6001,83.65,25125
2026-08-28 19:27,83.655,83.81,83.655,83.7999,17557
2026-08-28 19:28,83.818,83.86,83.77,83.77,31972
2026-08-28 19:29,83.76,83.89,83.75,83.84,35469
2026-08-28 19:30,83.84,83.8859,83.645,83.73,43884
2026-08-28 19:31,83.71,83.75,83.65,83.67,21970
2026-08-28 19:32,83.6574,83.7053,83.521,83.56,26164
2026-08-28 19:33,83.57,83.63,83.53,83.63,21269
2026-08-28 19:34,83.62,83.705,83.61,83.61,35352
2026-08-28 19:35,83.61,83.64,83.56,83.61,43061
2026-08-28 19:36,83.58,83.6,83.52,83.58,19484
2026-08-28 19:37,83.5758,83.641,83.561,83.64,14501
2026-08-28 19:38,83.64,83.74,83.6106,83.74,22138
2026-08-28 19:39,83.73,83.775,83.665,83.69,29389
2026-08-28 19:40,83.69,83.9,83.69,83.87,29844
2026-08-28 19:41,83.86,83.88,83.7289,83.7289,30759
2026-08-28 19:42,83.74,83.82,83.7,83.805,29538
2026-08-28 19:43,83.8,84.06,83.8,84.06,54780
2026-08-28 19:44,84.08,84.23,84.08,84.2,51354
2026-08-28 19:45,84.19,84.1957,84.03,84.05,111482
2026-08-28 19:46,84.03,84.06,83.87,83.9124,46628
2026-08-28 19:47,83.97,84.1,83.94,84.085,48189
2026-08-28 19:48,84.1,84.16,84.09,84.15,32710
2026-08-28 19:49,84.165,84.28,84.13,84.275,48298
2026-08-28 19:50,84.25,84.45,84.25,84.42,81234
2026-08-28 19:51,84.415,84.43,84.2549,84.285,55813
2026-08-28 19:52,84.28,84.35,84.18,84.295,113167
2026-08-28 19:53,84.305,84.37,84.17,84.33,118505
2026-08-28 19:54,84.34,84.44,84.12,84.14,110704
2026-08-28 19:55,84.15,84.3,84.06,84.27,93871
2026-08-28 19:56,84.28,84.33,84.06,84.19,135518
2026-08-28 19:57,84.1701,84.2,84.09,84.2,148432
2026-08-28 19:58,84.195,84.22,84.1,84.135,208229
2026-08-28 19:59,84.135,84.26,84.12,84.23,330648
2026-08-31 13:30,82.57,83.0999,82.4,82.4999,662655
2026-08-31 13:31,82.42,83.1841,82.4,83.15,79731
2026-08-31 13:32,83.28,83.6536,83.08,83.365,71401
2026-08-31 13:33,83.3018,83.85,83.23,83.8399,82325
2026-08-31 13:34,83.825,83.8332,83.46,83.745,48437
2026-08-31 13:35,83.75,83.81,82.895,82.9,58179
2026-08-31 13:36,82.935,83.35,82.7001,83.22,47376
2026-08-31 13:37,83.22,83.42,82.97,83.16,37685
2026-08-31 13:38,83.16,83.325,83.02,83.12,74878
2026-08-31 13:39,83.05,83.1967,82.85,82.85,25696
2026-08-31 13:40,82.885,83.0726,82.6988,82.87,45758
2026-08-31 13:41,82.8906,83.21,82.75,83.1999,34701
2026-08-31 13:42,83.185,83.2934,83.093,83.16,31302
2026-08-31 13:43,83.22,83.315,83.054,83.275,46587
2026-08-31 13:44,83.21,83.32,83,83.03,84521
2026-08-31 13:45,83.06,83.295,82.995,83.1854,25101
2026-08-31 13:46,83.18,83.39,82.95,83.3,75071
2026-08-31 13:47,83.3,83.75,83.0901,83.7203,85233
2026-08-31 13:48,83.73,83.917,83.5892,83.86,49452
2026-08-31 13:49,83.84,83.9099,83.38,83.5443,76078
2026-08-31 13:50,83.5351,83.7,83.06,83.06,44260
2026-08-31 13:51,83.17,83.59,83.07,83.55,43507
2026-08-31 13:52,83.575,83.66,83.12,83.15,21174
2026-08-31 13:53,83.15,83.515,83.1,83.49,17449
2026-08-31 13:54,83.45,83.45,83.32,83.43,9363
2026-08-31 13:55,83.4554,83.64,83.39,83.59,25064
2026-08-31 13:56,83.54,83.58,83.29,83.32,20148
2026-08-31 13:57,83.36,83.49,83.3,83.49,15925
2026-08-31 13:58,83.49,83.5182,83.22,83.375,49766
2026-08-31 13:59,83.35,83.36,83.05,83.34,56160
2026-08-31 14:00,83.32,83.79,83.24,83.49,106183
2026-08-31 14:01,83.5614,83.62,83.28,83.3,35292
2026-08-31 14:02,83.3,83.5299,83.13,83.29,100224
2026-08-31 14:03,83.1901,83.5,83.1,83.348,41501
2026-08-31 14:04,83.29,83.36,83.01,83.025,40377
2026-08-31 14:05,83.05,83.06,82.9,82.985,98263
2026-08-31 14:06,82.98,82.98,82.78,82.83,33032
2026-08-31 14:07,82.825,83.08,82.8001,82.86,26863
2026-08-31 14:08,82.85,83.16,82.81,82.99,47362
2026-08-31 14:09,82.9905,83.02,82.86,82.9403,13103
2026-08-31 14:10,82.915,83.05,82.86,83.035,44448
2026-08-31 14:11,83.045,83.09,82.88,82.885,16700
2026-08-31 14:12,82.86,82.8999,82.74,82.855,35767
2026-08-31 14:13,82.9,82.9,82.7501,82.81,13805
2026-08-31 14:14,82.8,82.85,82.57,82.64,47140
2026-08-31 14:15,82.65,82.705,82.62,82.6301,37018
2026-08-31 14:16,82.66,82.7725,82.625,82.7551,19837
2026-08-31 14:17,82.755,82.78,82.67,82.7,14895
2026-08-31 14:18,82.7461,82.8099,82.6,82.6731,53212
2026-08-31 14:19,82.665,82.924,82.665,82.8777,40112
2026-08-31 14:20,82.9099,82.98,82.7,82.8298,21591
2026-08-31 14:21,82.8899,82.98,82.8276,82.97,16885
2026-08-31 14:22,82.96,83.125,82.88,82.905,43196
2026-08-31 14:23,82.8601,82.8601,82.61,82.7,42081
2026-08-31 14:24,82.73,82.835,82.62,82.77,19068
2026-08-31 14:25,82.66,82.7399,82.61,82.695,20858
2026-08-31 14:26,82.695,82.768,82.66,82.72,26279
2026-08-31 14:27,82.7066,82.8599,82.6814,82.8372,17617
2026-08-31 14:28,82.822,83,82.8001,82.89,9578
2026-08-31 14:29,82.925,82.93,82.81,82.925,12623
2026-08-31 14:30,82.9123,83.04,82.8962,83.04,20607
2026-08-31 14:31,83.03,83.15,83.01,83.09,19477
2026-08-31 14:32,83.045,83.12,82.93,83.075,16122
2026-08-31 14:33,83.05,83.05,82.95,82.98,14707
2026-08-31 14:34,83.03,83.13,82.9531,82.99,24609
2026-08-31 14:35,83.025,83.3665,83.025,83.3665,22632
2026-08-31 14:36,83.375,83.3999,83.24,83.2701,17961
2026-08-31 14:37,83.25,83.42,83.24,83.35,20562
2026-08-31 14:38,83.4499,83.4499,83.1749,83.2,16191
2026-08-31 14:39,83.15,83.28,83.1,83.2,22572
2026-08-31 14:40,83.2,83.243,83.13,83.16,12587
2026-08-31 14:41,83.165,83.245,83.1135,83.2,14201
2026-08-31 14:42,83.2056,83.33,83.19,83.29,19367
2026-08-31 14:43,83.3,83.3199,83.19,83.19,18174
2026-08-31 14:44,83.16,83.21,83.1101,83.19,18367
2026-08-31 14:45,83.22,83.35,83.21,83.33,14705
2026-08-31 14:46,83.36,83.4,83.1,83.11,12251
2026-08-31 14:47,83.15,83.16,83.08,83.1007,16005
2026-08-31 14:48,83.13,83.13,82.9,83.02,25177
2026-08-31 14:49,82.98,83.03,82.94,83.015,108752
2026-08-31 14:50,83.0446,83.13,82.99,83.13,12990
2026-08-31 14:51,83.11,83.18,83.09,83.1,15301
2026-08-31 14:52,83.13,83.21,83.05,83.1775,10858
2026-08-31 14:53,83.13,83.165,82.9117,82.9117,16727
2026-08-31 14:54,82.9318,83.13,82.91,83.11,36097
2026-08-31 14:55,83.1,83.14,83.083,83.11,7819
2026-08-31 14:56,83.13,83.29,83.13,83.29,11576
2026-08-31 14:57,83.3,83.4,83.2101,83.4,14035
2026-08-31 14:58,83.38,83.395,83.23,83.24,34014
2026-08-31 14:59,83.2,83.24,83.04,83.075,14957
2026-08-31 15:00,83.13,83.35,83.115,83.3,34242
2026-08-31 15:01,83.27,83.27,83.11,83.17,10362
2026-08-31 15:02,83.155,83.19,82.8462,82.873,68116
2026-08-31 15:03,82.85,83.03,82.85,83.03,18567
2026-08-31 15:04,83.03,83.05,82.94,83.04,9923
2026-08-31 15:05,83,83.135,83,83.135,17382
2026-08-31 15:06,83.12,83.27,83.1199,83.25,14508
2026-08-31 15:07,83.31,83.338,83.18,83.18,10131
2026-08-31 15:08,83.185,83.3,83.09,83.26,13160
2026-08-31 15:09,83.26,83.32,83.21,83.2161,9759
2026-08-31 15:10,83.24,83.3,83.16,83.16,20503
2026-08-31 15:11,83.13,83.175,83.13,83.14,4978
2026-08-31 15:12,83.17,83.2,83.16,83.16,6906
2026-08-31 15:13,83.18,83.2199,83.15,83.2199,13400
2026-08-31 15:14,83.175,83.23,83.14,83.23,24815
2026-08-31 15:15,83.26,83.34,83.26,83.34,9980
2026-08-31 15:16,83.31,83.49,83.31,83.45,32857
2026-08-31 15:17,83.36,83.39,83.325,83.355,8204
2026-08-31 15:18,83.3758,83.39,83.23,83.23,11028
2026-08-31 15:19,83.265,83.39,83.22,83.38,37754
2026-08-31 15:20,83.4,83.45,83.34,83.43,8673
2026-08-31 15:21,83.45,83.505,83.4493,83.485,12678
2026-08-31 15:22,83.4753,83.5,83.4001,83.45,9998
2026-08-31 15:23,83.5099,83.57,83.41,83.44,65454
2026-08-31 15:24,83.43,83.49,83.37,83.46,11890
2026-08-31 15:25,83.47,83.64,83.47,83.5033,28952
2026-08-31 15:26,83.52,83.57,83.45,83.57,8417
2026-08-31 15:27,83.54,83.73,83.54,83.69,16486
2026-08-31 15:28,83.67,83.75,83.66,83.75,14763
2026-08-31 15:29,83.72,83.72,83.6,83.65,23193
2026-08-31 15:30,83.6,83.605,83.4,83.46,20857
2026-08-31 15:31,83.465,83.465,83.22,83.31,17562
2026-08-31 15:32,83.34,83.39,83.31,83.315,10323
2026-08-31 15:33,83.35,83.3801,83.31,83.335,10938
2026-08-31 15:34,83.325,83.376,83.26,83.376,22434
2026-08-31 15:35,83.31,83.36,83.29,83.35,17626
2026-08-31 15:36,83.3617,83.4,83.34,83.385,8041
2026-08-31 15:37,83.375,83.38,83.22,83.38,13775
2026-08-31 15:38,83.384,83.41,83.3214,83.36,7528
2026-08-31 15:39,83.3,83.44,83.295,83.43,6638
2026-08-31 15:40,83.41,83.41,83.36,83.38,3078
2026-08-31 15:41,83.36,83.3869,83.2801,83.345,6561
2026-08-31 15:42,83.3416,83.425,83.3416,83.4,9698
2026-08-31 15:43,83.41,83.465,83.39,83.41,13207
2026-08-31 15:44,83.44,83.44,83.4,83.44,7950
2026-08-31 15:45,83.46,83.5,83.37,83.41,7959
2026-08-31 15:46,83.41,83.55,83.4,83.5,19737
2026-08-31 15:47,83.47,83.47,83.3701,83.405,20446
2026-08-31 15:48,83.39,83.42,83.3,83.335,9699
2026-08-31 15:49,83.36,83.38,83.22,83.2471,36526
2026-08-31 15:50,83.26,83.34,83.225,83.34,28052
2026-08-31 15:51,83.35,83.36,83.3258,83.335,7893
2026-08-31 15:52,83.3353,83.35,83.29,83.29,8124
2026-08-31 15:53,83.29,83.33,83.26,83.295,7775
2026-08-31 15:54,83.26,83.3233,83.252,83.28,39544
2026-08-31 15:55,83.3,83.37,83.26,83.265,10699
2026-08-31 15:56,83.26,83.3,83.23,83.265,11816
2026-08-31 15:57,83.24,83.265,83.2,83.235,9335
2026-08-31 15:58,83.225,83.25,83.18,83.23,13078
2026-08-31 15:59,83.23,83.27,83.18,83.1928,21331
2026-08-31 16:00,83.185,83.2099,83.05,83.09,14732
2026-08-31 16:01,83.05,83.065,82.94,83.0375,24085
2026-08-31 16:02,83.02,83.0999,83.02,83.06,22809
2026-08-31 16:03,83.05,83.05,82.95,82.95,10361
2026-08-31 16:04,82.98,83.02,82.96,82.975,15377
2026-08-31 16:05,82.97,83.0499,82.97,83.01,8721
2026-08-31 16:06,83.0151,83.0201,82.975,83.0201,10905
2026-08-31 16:07,83,83.08,83,83.03,16634
2026-08-31 16:08,83.05,83.05,82.94,82.95,12097
2026-08-31 16:09,82.95,83,82.95,82.97,21563
2026-08-31 16:10,82.97,83.14,82.97,83.136,20218
2026-08-31 16:11,83.1403,83.29,83.09,83.265,30274
2026-08-31 16:12,83.275,83.55,83.275,83.32,60244
2026-08-31 16:13,83.34,83.34,83.13,83.1501,11033
2026-08-31 16:14,83.155,83.21,83.12,83.21,23189
2026-08-31 16:15,83.21,83.275,83.15,83.1687,10947
2026-08-31 16:16,83.16,83.166,83.08,83.105,15941
2026-08-31 16:17,83.1,83.13,83.074,83.09,12129
2026-08-31 16:18,83.1,83.11,83.031,83.055,9613
2026-08-31 16:19,83.11,83.125,83.09,83.125,5397
2026-08-31 16:20,83.125,83.24,83.125,83.17,6459
2026-08-31 16:21,83.15,83.26,83.13,83.255,5122
2026-08-31 16:22,83.22,83.235,83.13,83.235,19886
2026-08-31 16:23,83.228,83.24,83.17,83.23,7733
2026-08-31 16:24,83.21,83.27,83.1816,83.2365,12882
2026-08-31 16:25,83.24,83.38,83.24,83.3589,11904
2026-08-31 16:26,83.39,83.42,83.25,83.408,17826
2026-08-31 16:27,83.41,83.43,83.385,83.385,13846
2026-08-31 16:28,83.34,83.44,83.34,83.44,4326
2026-08-31 16:29,83.46,83.55,83.39,83.44,30585
2026-08-31 16:30,83.46,83.53,83.4401,83.481,6674
2026-08-31 16:31,83.55,83.5941,83.5001,83.535,14763
2026-08-31 16:32,83.535,83.5899,83.52,83.5411,8480
2026-08-31 16:33,83.5161,83.525,83.49,83.5,4590
2026-08-31 16:34,83.5,83.53,83.33,83.3651,54037
2026-08-31 16:35,83.38,83.5,83.3679,83.5,22748
2026-08-31 16:36,83.55,83.605,83.52,83.54,26206
2026-08-31 16:37,83.54,83.54,83.48,83.52,4454
2026-08-31 16:38,83.51,83.53,83.47,83.48,13853
2026-08-31 16:39,83.44,83.4799,83.35,83.4799,17922
2026-08-31 16:40,83.44,83.48,83.39,83.48,6455
2026-08-31 16:41,83.5,83.7,83.49,83.7,21975
2026-08-31 16:42,83.72,83.77,83.69,83.735,23471
2026-08-31 16:43,83.72,83.95,83.72,83.91,30385
2026-08-31 16:44,83.92,83.99,83.87,83.87,16015
2026-08-31 16:45,83.876,84,83.845,83.96,42296
2026-08-31 16:46,83.98,84.073,83.97,84,25272
2026-08-31 16:47,84.03,84.1,84.0045,84.05,9747
2026-08-31 16:48,84.0595,84.19,84.04,84.175,15779
2026-08-31 16:49,84.175,84.21,84.15,84.17,21477
2026-08-31 16:50,84.2,84.305,84.0901,84.12,35384
2026-08-31 16:51,84.09,84.135,84.0425,84.06,17152
2026-08-31 16:52,84.0201,84.092,84.0201,84.05,8072
2026-08-31 16:53,84.08,84.17,84.0791,84.105,7281
2026-08-31 16:54,84.125,84.15,84.1,84.1419,15599
2026-08-31 16:55,84.145,84.18,84.12,84.13,11380
2026-08-31 16:56,84.119,84.17,84.08,84.105,15692
2026-08-31 16:57,84.105,84.175,84.07,84.17,9122
2026-08-31 16:58,84.15,84.17,84.01,84.07,12506
2026-08-31 16:59,84.03,84.09,84.01,84.05,10521
2026-08-31 17:00,84.05,84.0999,83.97,84.04,17449
2026-08-31 17:01,84.02,84.08,83.995,84.08,37407
2026-08-31 17:02,84.0903,84.16,84.075,84.115,9566
2026-08-31 17:03,84.12,84.125,83.95,83.95,23662
2026-08-31 17:04,83.9,84.01,83.8601,83.97,22426
2026-08-31 17:05,83.99,84.03,83.95,84,20527
2026-08-31 17:06,83.9982,84.05,83.95,83.975,37843
2026-08-31 17:07,83.975,84.01,83.97,83.995,10933
2026-08-31 17:08,83.995,84.03,83.9501,83.9501,8233
2026-08-31 17:09,83.965,83.98,83.92,83.9751,8642
2026-08-31 17:10,83.974,83.98,83.92,83.955,7249
2026-08-31 17:11,83.96,83.99,83.92,83.92,15212
2026-08-31 17:12,83.94,83.95,83.91,83.935,24405
2026-08-31 17:13,83.94,84.11,83.94,84.11,40759
2026-08-31 17:14,84.08,84.12,84.07,84.075,12566
2026-08-31 17:15,84.065,84.2,84.04,84.2,13471
2026-08-31 17:16,84.21,84.215,84.15,84.18,9952
2026-08-31 17:17,84.18,84.21,84.16,84.17,9000
2026-08-31 17:18,84.171,84.171,84.1119,84.1301,31550
2026-08-31 17:19,84.13,84.15,84.085,84.14,15873
2026-08-31 17:20,84.12,84.16,84.12,84.14,16811
2026-08-31 17:21,84.13,84.16,84.11,84.11,4825
2026-08-31 17:22,84.1,84.1437,84.1,84.14,3551
2026-08-31 17:23,84.125,84.18,84.0803,84.16,20186
2026-08-31 17:24,84.165,84.1825,84.1001,84.135,12625
2026-08-31 17:25,84.125,84.15,84.03,84.03,8045
2026-08-31 17:26,84.065,84.0676,83.965,84,15509
2026-08-31 17:27,83.97,84.0389,83.97,84.0389,3483
2026-08-31 17:28,84.03,84.05,83.96,83.96,21945
2026-08-31 17:29,83.94,83.94,83.845,83.845,32595
2026-08-31 17:30,83.82,83.895,83.78,83.895,20394
2026-08-31 17:31,83.895,84.04,83.8801,84.04,17222
2026-08-31 17:32,84.04,84.13,83.98,84.08,22224
2026-08-31 17:33,84.08,84.1,84.06,84.07,6750
2026-08-31 17:34,84.1,84.1,84.01,84.035,9482
2026-08-31 17:35,84.0001,84.15,84.0001,84.0664,25023
2026-08-31 17:36,84.09,84.1,84.06,84.08,13453
2026-08-31 17:37,84.075,84.14,84.075,84.13,7042
2026-08-31 17:38,84.08,84.08,84.03,84.055,3099
2026-08-31 17:39,84.06,84.09,84.035,84.08,4121
2026-08-31 17:40,84.095,84.12,84.07,84.12,10293
2026-08-31 17:41,84.11,84.21,84.11,84.21,12744
2026-08-31 17:42,84.2299,84.2299,84.15,84.1999,6179
2026-08-31 17:43,84.175,84.31,84.17,84.26,46385
2026-08-31 17:44,84.27,84.38,84.2475,84.365,26165
2026-08-31 17:45,84.38,84.41,84.3102,84.335,12185
2026-08-31 17:46,84.29,84.3037,84.23,84.24,15355
2026-08-31 17:47,84.24,84.2729,84.23,84.2371,5907
2026-08-31 17:48,84.26,84.29,84.24,84.2898,10297
2026-08-31 17:49,84.27,84.29,84.2,84.21,9959
2026-08-31 17:50,84.2097,84.32,84.2097,84.31,12551
2026-08-31 17:51,84.33,84.33,84.295,84.295,6623
2026-08-31 17:52,84.275,84.3072,84.2601,84.27,6947
2026-08-31 17:53,84.26,84.27,84.245,84.245,6347
2026-08-31 17:54,84.25,84.3,84.25,84.3,8669
2026-08-31 17:55,84.315,84.36,84.31,84.31,6099
2026-08-31 17:56,84.31,84.33,84.26,84.33,12534
2026-08-31 17:57,84.325,84.36,84.29,84.29,8143
2026-08-31 17:58,84.28,84.39,84.28,84.37,6321
2026-08-31 17:59,84.3539,84.3899,84.225,84.245,27625
2026-08-31 18:00,84.245,84.365,84.21,84.345,21344
2026-08-31 18:01,84.35,84.35,84.26,84.3,11793
2026-08-31 18:02,84.32,84.425,84.31,84.34,13663
2026-08-31 18:03,84.35,84.35,84.285,84.325,5047
2026-08-31 18:04,84.3635,84.3635,84.1901,84.26,18036
2026-08-31 18:05,84.25,84.3,84.17,84.1875,26597
2026-08-31 18:06,84.2094,84.3,84.2,84.25,13318
2026-08-31 18:07,84.26,84.3,84.2268,84.25,3006
2026-08-31 18:08,84.23,84.28,84.22,84.23,11473
2026-08-31 18:09,84.235,84.25,84.18,84.24,13516
2026-08-31 18:10,84.23,84.26,84.175,84.175,7394
2026-08-31 18:11,84.1626,84.235,84.14,84.21,11328
2026-08-31 18:12,84.19,84.25,84.19,84.23,8760
2026-08-31 18:13,84.2595,84.365,84.245,84.31,12698
2026-08-31 18:14,84.34,84.39,84.2987,84.32,13126
2026-08-31 18:15,84.36,84.47,84.3385,84.4,17600
2026-08-31 18:16,84.375,84.45,84.3577,84.445,11789
2026-08-31 18:17,84.445,84.6,84.43,84.59,41578
2026-08-31 18:18,84.6,84.68,84.588,84.68,26391
2026-08-31 18:19,84.66,84.73,84.6,84.63,30476
2026-08-31 18:20,84.65,84.65,84.54,84.565,22718
2026-08-31 18:21,84.58,84.59,84.43,84.43,22367
2026-08-31 18:22,84.435,84.4699,84.345,84.3612,20927
2026-08-31 18:23,84.36,84.47,84.3405,84.47,13490
2026-08-31 18:24,84.48,84.48,84.39,84.39,7387
2026-08-31 18:25,84.38,84.38,84.26,84.275,9505
2026-08-31 18:26,84.25,84.3,84.2272,84.28,11949
2026-08-31 18:27,84.28,84.38,84.2728,84.38,15637
2026-08-31 18:28,84.38,84.38,84.33,84.33,8966
2026-08-31 18:29,84.29,84.31,84.23,84.23,9027
2026-08-31 18:30,84.2503,84.36,84.23,84.33,21053
2026-08-31 18:31,84.34,84.36,84.29,84.33,6644
2026-08-31 18:32,84.29,84.315,84.2752,84.29,6099
2026-08-31 18:33,84.29,84.3017,84.29,84.2907,4766
2026-08-31 18:34,84.2851,84.2851,84.16,84.1775,13267
2026-08-31 18:35,84.2,84.33,84.19,84.27,17515
2026-08-31 18:36,84.285,84.31,84.24,84.275,3705
2026-08-31 18:37,84.285,84.39,84.27,84.345,8699
2026-08-31 18:38,84.32,84.33,84.27,84.28,8681
2026-08-31 18:39,84.27,84.33,84.27,84.3,5754
2026-08-31 18:40,84.28,84.28,84.21,84.24,4687
2026-08-31 18:41,84.25,84.28,84.25,84.26,5731
2026-08-31 18:42,84.2371,84.27,84.2371,84.25,44947
2026-08-31 18:43,84.26,84.2899,84.21,84.225,11247
2026-08-31 18:44,84.2159,84.31,84.2159,84.3,10343
2026-08-31 18:45,84.31,84.32,84.28,84.28,4602
2026-08-31 18:46,84.28,84.33,84.2606,84.3122,8063
2026-08-31 18:47,84.3,84.3699,84.3,84.34,14371
2026-08-31 18:48,84.37,84.4,84.335,84.381,17427
2026-08-31 18:49,84.4,84.44,84.37,84.4019,10588
2026-08-31 18:50,84.439,84.439,84.34,84.34,9622
2026-08-31 18:51,84.35,84.43,84.33,84.37,9784
2026-08-31 18:52,84.38,84.39,84.37,84.38,8778
2026-08-31 18:53,84.37,84.5,84.37,84.45,21333
2026-08-31 18:54,84.465,84.48,84.4,84.45,7985
2026-08-31 18:55,84.425,84.45,84.33,84.3606,7578
2026-08-31 18:56,84.371,84.45,84.365,84.44,11615
2026-08-31 18:57,84.43,84.43,84.34,84.4,8803
2026-08-31 18:58,84.385,84.46,84.37,84.46,12481
2026-08-31 18:59,84.45,84.47,84.335,84.36,12602
2026-08-31 19:00,84.35,84.395,84.35,84.375,9359
2026-08-31 19:01,84.3657,84.38,84.25,84.25,14606
2026-08-31 19:02,84.27,84.3265,84.2333,84.315,9763
2026-08-31 19:03,84.3009,84.34,84.3,84.31,6417
2026-08-31 19:04,84.34,84.36,84.3,84.31,11195
2026-08-31 19:05,84.32,84.405,84.31,84.35,18010
2026-08-31 19:06,84.32,84.42,84.2971,84.42,13724
2026-08-31 19:07,84.44,84.48,84.43,84.44,6733
2026-08-31 19:08,84.47,84.47,84.42,84.42,4544
2026-08-31 19:09,84.43,84.44,84.365,84.365,19182
2026-08-31 19:10,84.36,84.36,84.28,84.2999,38198
2026-08-31 19:11,84.28,84.3055,84.25,84.255,13742
2026-08-31 19:12,84.26,84.275,84.135,84.145,9064
2026-08-31 19:13,84.1301,84.22,84.11,84.2,14533
2026-08-31 19:14,84.23,84.28,84.195,84.21,30666
2026-08-31 19:15,84.19,84.29,84.17,84.27,17750
2026-08-31 19:16,84.275,84.315,84.265,84.315,7974
2026-08-31 19:17,84.3165,84.37,84.3165,84.325,6301
2026-08-31 19:18,84.325,84.36,84.29,84.36,14329
2026-08-31 19:19,84.35,84.365,84.29,84.29,14207
2026-08-31 19:20,84.29,84.31,84.175,84.2899,39250
2026-08-31 19:21,84.27,84.3,84.25,84.25,7277
2026-08-31 19:22,84.225,84.365,84.22,84.35,13836
2026-08-31 19:23,84.37,84.38,84.32,84.3699,7750
2026-08-31 19:24,84.34,84.38,84.31,84.345,5192
2026-08-31 19:25,84.3522,84.3522,84.25,84.27,14023
2026-08-31 19:26,84.25,84.26,84.15,84.1607,10432
2026-08-31 19:27,84.175,84.1801,84.07,84.1255,11735
2026-08-31 19:28,84.13,84.22,84.1174,84.138,22217
2026-08-31 19:29,84.12,84.1498,84.08,84.08,14729
2026-08-31 19:30,84.1,84.23,84.074,84.23,12777
2026-08-31 19:31,84.235,84.235,84.1372,84.16,6921
2026-08-31 19:32,84.15,84.19,84.141,84.18,8184
2026-08-31 19:33,84.11,84.15,84.09,84.15,8250
2026-08-31 19:34,84.16,84.2928,84.16,84.2928,17811
2026-08-31 19:35,84.265,84.35,84.21,84.325,11134
2026-08-31 19:36,84.32,84.39,84.32,84.37,17775
2026-08-31 19:37,84.35,84.42,84.325,84.39,23600
2026-08-31 19:38,84.38,84.39,84.34,84.38,25795
2026-08-31 19:39,84.37,84.48,84.34,84.48,34965
2026-08-31 19:40,84.4466,84.49,84.42,84.4707,15745
2026-08-31 19:41,84.47,84.55,84.4401,84.5099,42102
2026-08-31 19:42,84.49,84.65,84.485,84.63,27120
2026-08-31 19:43,84.62,84.67,84.55,84.605,47244
2026-08-31 19:44,84.605,84.6766,84.59,84.65,44921
2026-08-31 19:45,84.635,84.72,84.54,84.6601,34284
2026-08-31 19:46,84.67,84.68,84.5785,84.61,32814
2026-08-31 19:47,84.585,84.59,84.46,84.485,24042
2026-08-31 19:48,84.49,84.5964,84.48,84.5964,23416
2026-08-31 19:49,84.585,84.62,84.56,84.59,18258
2026-08-31 19:50,84.575,84.77,84.575,84.61,64462
2026-08-31 19:51,84.59,84.67,84.575,84.655,28931
2026-08-31 19:52,84.655,84.83,84.655,84.815,137499
2026-08-31 19:53,84.82,84.8899,84.79,84.875,89606
2026-08-31 19:54,84.89,85.09,84.815,85.05,120899
2026-08-31 19:55,85.03,85.23,85.02,85.11,135851
2026-08-31 19:56,85.11,85.12,84.92,84.955,99556
2026-08-31 19:57,84.955,84.985,84.8,84.865,139356
2026-08-31 19:58,84.8626,84.9,84.835,84.89,182625
2026-08-31 19:59,84.885,84.93,84.855,84.89,280599
2026-09-01 13:30,82.28,82.4,81.51,81.67,1.08856e+06
2026-09-01 13:31,81.67,82.251,81.67,82.215,70363
2026-09-01 13:32,82.14,82.6,82.14,82.285,47146
2026-09-01 13:33,82.38,82.5299,82.06,82.1251,68909
2026-09-01 13:34,82.08,82.255,81.9045,81.9307,93784
2026-09-01 13:35,81.9,82.25,81.85,82.045,77269
2026-09-01 13:36,82.01,82.08,81.42,81.535,150169
2026-09-01 13:37,81.535,81.64,81.29,81.34,126694
2026-09-01 13:38,81.355,81.4,81.03,81.14,135229
2026-09-01 13:39,81.1,81.3919,81.03,81.33,91837
2026-09-01 13:40,81.28,81.42,80.7425,80.745,165126
2026-09-01 13:41,80.751,80.77,80.39,80.5,173380
2026-09-01 13:42,80.4995,80.6395,80.42,80.61,108803
2026-09-01 13:43,80.63,81.5,80.63,81.449,117519
2026-09-01 13:44,81.443,81.48,81.04,81.12,109180
2026-09-01 13:45,81.135,81.58,81.05,81.515,84127
2026-09-01 13:46,81.5075,81.8,81.4,81.52,144127
2026-09-01 13:47,81.7,81.87,81.55,81.66,71040
2026-09-01 13:48,81.615,81.75,81.24,81.2837,110861
2026-09-01 13:49,81.29,81.3973,81.11,81.25,40802
2026-09-01 13:50,81.28,81.72,81.22,81.6865,62930
2026-09-01 13:51,81.67,81.67,81.37,81.435,71053
2026-09-01 13:52,81.405,81.5,81.2,81.2545,48826
2026-09-01 13:53,81.23,81.44,81.19,81.22,48839
2026-09-01 13:54,81.25,81.41,81.19,81.39,32342
2026-09-01 13:55,81.39,81.6,81.365,81.5942,33951
2026-09-01 13:56,81.59,81.59,81.4,81.505,36547
2026-09-01 13:57,81.51,81.52,81.32,81.38,23292
2026-09-01 13:58,81.35,81.3506,81.27,81.29,28677
2026-09-01 13:59,81.26,81.2899,81.07,81.2899,48477
2026-09-01 14:00,81.2401,81.4,81.19,81.375,50725
2026-09-01 14:01,81.38,81.819,81.365,81.786,86716
2026-09-01 14:02,81.78,81.8,81.34,81.49,50227
2026-09-01 14:03,81.495,81.65,81.415,81.62,37669
2026-09-01 14:04,81.64,81.75,81.485,81.635,40337
2026-09-01 14:05,81.66,81.87,81.65,81.86,28186
2026-09-01 14:06,81.83,82.0399,81.83,81.895,36042
2026-09-01 14:07,81.91,81.91,81.7801,81.855,25533
2026-09-01 14:08,81.85,81.9,81.7765,81.84,19680
2026-09-01 14:09,81.87,81.93,81.8,81.9299,14820
2026-09-01 14:10,81.89,82.02,81.86,81.885,33338
2026-09-01 14:11,81.88,81.91,81.54,81.55,33951
2026-09-01 14:12,81.565,81.58,81.24,81.24,53271
2026-09-01 14:13,81.2485,81.2899,81.14,81.1687,46462
2026-09-01 14:14,81.19,81.29,81.071,81.13,84797
2026-09-01 14:15,81.13,81.42,81.12,81.39,35958
2026-09-01 14:16,81.43,81.43,81.26,81.34,31274
2026-09-01 14:17,81.33,81.33,81.15,81.28,39505
2026-09-01 14:18,81.2735,81.31,81.15,81.15,20039
2026-09-01 14:19,81.18,81.34,81.18,81.24,27433
2026-09-01 14:20,81.3,81.45,81.3,81.39,27770
2026-09-01 14:21,81.38,81.39,81.31,81.34,20829
2026-09-01 14:22,81.335,81.48,81.335,81.39,33645
2026-09-01 14:23,81.39,81.42,81.34,81.375,28586
2026-09-01 14:24,81.38,81.38,81.25,81.3,35669
2026-09-01 14:25,81.295,81.4004,81.29,81.375,29998
2026-09-01 14:26,81.36,81.36,81.18,81.28,43755
2026-09-01 14:27,81.3,81.3,81.08,81.135,28334
2026-09-01 14:28,81.12,81.185,81.08,81.1297,40489
2026-09-01 14:29,81.13,81.18,81.12,81.16,43252
2026-09-01 14:30,81.15,81.25,81.055,81.25,60787
2026-09-01 14:31,81.2557,81.5,81.2092,81.35,38884
2026-09-01 14:32,81.3598,81.3598,81.14,81.33,43862
2026-09-01 14:33,81.31,81.74,81.31,81.6782,49761
2026-09-01 14:34,81.67,81.73,81.636,81.715,42345
2026-09-01 14:35,81.7,81.78,81.6401,81.665,30856
2026-09-01 14:36,81.64,81.66,81.365,81.47,53819
2026-09-01 14:37,81.5,81.5,81.39,81.455,17135
2026-09-01 14:38,81.455,81.62,81.445,81.55,26779
2026-09-01 14:39,81.53,81.56,81.42,81.45,19602
2026-09-01 14:40,81.42,81.73,81.4,81.69,33692
2026-09-01 14:41,81.67,81.83,81.605,81.75,37014
2026-09-01 14:42,81.78,81.865,81.75,81.78,16296
2026-09-01 14:43,81.74,81.778,81.7,81.7,30296
2026-09-01 14:44,81.66,81.68,81.55,81.665,30373
2026-09-01 14:45,81.655,81.755,81.63,81.75,27688
2026-09-01 14:46,81.755,81.93,81.7,81.885,35415
2026-09-01 14:47,81.89,82.088,81.87,82.035,47110
2026-09-01 14:48,82.05,82.14,82.0001,82.09,21411
2026-09-01 14:49,82.11,82.2,82.03,82.0838,36196
2026-09-01 14:50,82.07,82.1164,81.97,82.0501,32293
2026-09-01 14:51,82.09,82.22,81.98,82.06,34034
2026-09-01 14:52,82.095,82.095,81.81,81.955,30638
2026-09-01 14:53,82.005,82.11,81.925,82.04,19550
2026-09-01 14:54,82.025,82.15,81.95,82.145,18609
2026-09-01 14:55,82.145,82.27,82.125,82.2051,39702
2026-09-01 14:56,82.2,82.21,82.1355,82.19,33513
2026-09-01 14:57,82.2,82.2,81.955,82.03,27598
2026-09-01 14:58,82.02,82.11,81.979,82.085,11649
2026-09-01 14:59,82.06,82.23,82.06,82.2153,23797
2026-09-01 15:00,82.21,82.43,82.195,82.335,37681
2026-09-01 15:01,82.358,82.358,82.2155,82.28,20260
2026-09-01 15:02,82.31,82.375,82.2501,82.275,23953
2026-09-01 15:03,82.2908,82.35,82.1875,82.35,19682
2026-09-01 15:04,82.29,82.4,82.265,82.4,10762
2026-09-01 15:05,82.39,82.62,82.37,82.555,101253
2026-09-01 15:06,82.568,82.59,82.4201,82.59,24166
2026-09-01 15:07,82.6,82.8,82.59,82.69,52692
2026-09-01 15:08,82.69,82.7599,82.5001,82.62,49971
2026-09-01 15:09,82.57,82.7,82.545,82.6081,19002
2026-09-01 15:10,82.61,82.6504,82.375,82.375,49379
2026-09-01 15:11,82.375,82.505,82.3,82.31,37065
2026-09-01 15:12,82.33,82.3523,82.22,82.325,22952
2026-09-01 15:13,82.36,82.3745,82.26,82.26,8912
2026-09-01 15:14,82.28,82.36,82.24,82.24,25638
2026-09-01 15:15,82.225,82.28,82.07,82.07,19047
2026-09-01 15:16,82.045,82.129,81.98,82,21690
2026-09-01 15:17,82.01,82.06,81.99,82.0368,19985
2026-09-01 15:18,82.02,82.08,81.975,82.03,29819
2026-09-01 15:19,82.03,82.14,82,82.0478,20099
2026-09-01 15:20,82.065,82.15,82.04,82.1151,13477
2026-09-01 15:21,82.1094,82.11,81.9824,82.05,21176
2026-09-01 15:22,82.07,82.18,82.04,82.11,38032
2026-09-01 15:23,82.075,82.13,82.065,82.12,12495
2026-09-01 15:24,82.13,82.15,82.0895,82.13,13042
2026-09-01 15:25,82.11,82.25,82.11,82.1322,11976
2026-09-01 15:26,82.11,82.1299,82.06,82.075,8374
2026-09-01 15:27,82.08,82.12,82.0013,82.1,9729
2026-09-01 15:28,82.105,82.13,82.07,82.12,10864
2026-09-01 15:29,82.105,82.22,82.045,82.22,13646
2026-09-01 15:30,82.2143,82.2143,82.075,82.0899,9325
2026-09-01 15:31,82.065,82.12,81.97,82.02,21279
2026-09-01 15:32,82.025,82.1,81.985,82.04,22943
2026-09-01 15:33,82.07,82.17,82.07,82.14,15627
2026-09-01 15:34,82.1,82.1499,82.04,82.04,6893
2026-09-01 15:35,82.07,82.11,81.975,82.1,11245
2026-09-01 15:36,82.11,82.1159,82.0133,82.1159,43192
2026-09-01 15:37,82.1,82.13,81.9,82.05,95564
2026-09-01 15:38,82.045,82.11,82.0321,82.05,8875
2026-09-01 15:39,82.045,82.045,81.99,82,8798
2026-09-01 15:40,82.01,82.0851,82,82.0851,15100
2026-09-01 15:41,82.1,82.178,82.09,82.11,19316
2026-09-01 15:42,82.13,82.14,82.04,82.06,12307
2026-09-01 15:43,82.06,82.1,82.0498,82.0554,8536
2026-09-01 15:44,82.05,82.16,82.05,82.16,10109
2026-09-01 15:45,82.15,82.18,82.1081,82.176,7677
2026-09-01 15:46,82.15,82.24,82.11,82.225,26618
2026-09-01 15:47,82.24,82.3728,82.2362,82.335,25882
2026-09-01 15:48,82.32,82.45,82.32,82.37,41991
2026-09-01 15:49,82.4,82.43,82.33,82.36,14514
2026-09-01 15:50,82.3575,82.46,82.3242,82.45,17801
2026-09-01 15:51,82.445,82.47,82.395,82.405,17839
2026-09-01 15:52,82.39,82.55,82.3,82.55,28517
2026-09-01 15:53,82.55,82.55,82.465,82.5317,14232
2026-09-01 15:54,82.53,82.57,82.52,82.5608,9205
2026-09-01 15:55,82.58,82.6,82.48,82.5,21537
2026-09-01 15:56,82.4999,82.51,82.465,82.48,7522
2026-09-01 15:57,82.465,82.5189,82.465,82.5185,9002
2026-09-01 15:58,82.4848,82.6,82.375,82.57,52940
2026-09-01 15:59,82.555,82.68,82.5345,82.6,15941
2026-09-01 16:00,82.6,82.65,82.5401,82.59,19524
2026-09-01 16:01,82.58,82.58,82.435,82.495,14330
2026-09-01 16:02,82.49,82.49,82.38,82.3954,29110
2026-09-01 16:03,82.405,82.5199,82.3101,82.348,30971
2026-09-01 16:04,82.35,82.39,82.32,82.33,11344
2026-09-01 16:05,82.35,82.4,82.28,82.28,17224
2026-09-01 16:06,82.36,82.37,82.25,82.25,11552
2026-09-01 16:07,82.245,82.37,82.245,82.31,10444
2026-09-01 16:08,82.3251,82.41,82.3251,82.41,13093
2026-09-01 16:09,82.41,82.44,82.34,82.34,13625
2026-09-01 16:10,82.31,82.325,82.21,82.325,17526
2026-09-01 16:11,82.29,82.325,82.2124,82.26,14409
2026-09-01 16:12,82.27,82.3,82.2,82.22,21566
2026-09-01 16:13,82.23,82.26,82.178,82.215,7208
2026-09-01 16:14,82.23,82.23,82.13,82.13,14667
2026-09-01 16:15,82.11,82.16,82.08,82.1495,14544
2026-09-01 16:16,82.145,82.15,82.07,82.09,11241
2026-09-01 16:17,82.09,82.11,81.935,81.935,36783
2026-09-01 16:18,81.932,81.932,81.8406,81.92,31241
2026-09-01 16:19,81.91,81.91,81.8,81.82,10256
2026-09-01 16:20,81.81,81.83,81.61,81.6302,24163
2026-09-01 16:21,81.66,81.8178,81.66,81.785,33049
2026-09-01 16:22,81.78,81.82,81.71,81.75,12999
2026-09-01 16:23,81.735,81.76,81.65,81.7,20510
2026-09-01 16:24,81.695,81.74,81.63,81.74,6622
2026-09-01 16:25,81.74,81.78,81.7,81.75,14928
2026-09-01 16:26,81.756,81.82,81.67,81.71,29326
2026-09-01 16:27,81.71,81.775,81.65,81.73,34596
2026-09-01 16:28,81.7534,81.76,81.64,81.6878,22788
2026-09-01 16:29,81.6635,81.6635,81.6,81.62,19813
2026-09-01 16:30,81.62,81.65,81.33,81.33,45849
2026-09-01 16:31,81.35,81.39,81.33,81.35,69186
2026-09-01 16:32,81.32,81.3794,81.28,81.33,20046
2026-09-01 16:33,81.32,81.33,81.235,81.3,31368
2026-09-01 16:34,81.3,81.33,81.25,81.3,18876
2026-09-01 16:35,81.32,81.465,81.32,81.465,35356
2026-09-01 16:36,81.45,81.525,81.4,81.46,32874
2026-09-01 16:37,81.49,81.5,81.425,81.45,14477
2026-09-01 16:38,81.47,81.59,81.4589,81.57,182618
2026-09-01 16:39,81.545,81.6896,81.545,81.645,579582
2026-09-01 16:40,81.645,81.668,81.5301,81.5301,13172
2026-09-01 16:41,81.54,81.67,81.54,81.67,12878
2026-09-01 16:42,81.651,81.66,81.3701,81.4,28549
2026-09-01 16:43,81.39,81.52,81.39,81.46,13399
2026-09-01 16:44,81.445,81.47,81.36,81.4099,20127
2026-09-01 16:45,81.41,81.5,81.41,81.47,6914
2026-09-01 16:46,81.4786,81.53,81.46,81.475,13274
2026-09-01 16:47,81.4801,81.5632,81.46,81.515,11003
2026-09-01 16:48,81.5294,81.625,81.5294,81.605,10553
2026-09-01 16:49,81.57,81.6,81.51,81.53,46445
2026-09-01 16:50,81.55,81.63,81.52,81.63,17534
2026-09-01 16:51,81.605,81.605,81.4435,81.445,24570
2026-09-01 16:52,81.46,81.53,81.42,81.53,12158
2026-09-01 16:53,81.49,81.49,81.32,81.32,8109
2026-09-01 16:54,81.34,81.39,81.3,81.385,11959
2026-09-01 16:55,81.4,81.565,81.3639,81.55,13007
2026-09-01 16:56,81.53,81.5426,81.51,81.525,7617
2026-09-01 16:57,81.55,81.55,81.465,81.5,14718
2026-09-01 16:58,81.5,81.55,81.5,81.5499,19163
2026-09-01 16:59,81.52,81.56,81.51,81.52,10077
2026-09-01 17:00,81.5,81.55,81.45,81.48,13976
2026-09-01 17:01,81.4592,81.49,81.35,81.35,6751
2026-09-01 17:02,81.325,81.34,81.23,81.23,13782
2026-09-01 17:03,81.28,81.34,81.22,81.2382,27619
2026-09-01 17:04,81.22,81.31,81.22,81.275,10830
2026-09-01 17:05,81.25,81.4101,81.25,81.36,16662
2026-09-01 17:06,81.3501,81.4,81.32,81.375,5871
2026-09-01 17:07,81.365,81.365,81.29,81.293,9493
2026-09-01 17:08,81.28,81.36,81.28,81.36,7287
2026-09-01 17:09,81.3499,81.4,81.3499,81.4,57442
2026-09-01 17:10,81.42,81.45,81.33,81.33,11334
2026-09-01 17:11,81.335,81.45,81.335,81.4335,10622
2026-09-01 17:12,81.43,81.44,81.38,81.43,10373
2026-09-01 17:13,81.45,81.47,81.4,81.43,5454
2026-09-01 17:14,81.42,81.4654,81.38,81.4654,23708
2026-09-01 17:15,81.45,81.55,81.42,81.515,21822
2026-09-01 17:16,81.51,81.525,81.37,81.37,11933
2026-09-01 17:17,81.37,81.4,81.35,81.38,8707
2026-09-01 17:18,81.38,81.44,81.38,81.395,9421
2026-09-01 17:19,81.42,81.43,81.3626,81.3818,7287
2026-09-01 17:20,81.3746,81.455,81.36,81.43,9622
2026-09-01 17:21,81.436,81.44,81.26,81.3299,44062
2026-09-01 17:22,81.33,81.3734,81.3,81.31,14344
2026-09-01 17:23,81.33,81.35,81.2467,81.26,31506
2026-09-01 17:24,81.26,81.31,81.255,81.28,8010
2026-09-01 17:25,81.31,81.37,81.13,81.3096,62523
2026-09-01 17:26,81.31,81.38,81.29,81.29,12876
2026-09-01 17:27,81.3062,81.4437,81.3062,81.4437,9729
2026-09-01 17:28,81.42,81.44,81.39,81.44,8548
2026-09-01 17:29,81.45,81.49,81.42,81.49,11032
2026-09-01 17:30,81.49,81.6295,81.47,81.57,37376
2026-09-01 17:31,81.53,81.6393,81.525,81.6393,8348
2026-09-01 17:32,81.615,81.62,81.54,81.565,25799
2026-09-01 17:33,81.57,81.5929,81.54,81.59,13398
2026-09-01 17:34,81.59,81.605,81.54,81.57,14186
2026-09-01 17:35,81.56,81.62,81.49,81.59,34805
2026-09-01 17:36,81.5833,81.6,81.47,81.49,12883
2026-09-01 17:37,81.5,81.5,81.435,81.45,12551
2026-09-01 17:38,81.41,81.415,81.355,81.415,9603
2026-09-01 17:39,81.3971,81.4,81.365,81.38,6817
2026-09-01 17:40,81.39,81.47,81.39,81.47,7022
2026-09-01 17:41,81.45,81.51,81.435,81.51,11361
2026-09-01 17:42,81.51,81.56,81.5,81.55,21122
2026-09-01 17:43,81.55,81.55,81.5,81.5499,8815
2026-09-01 17:44,81.5244,81.57,81.47,81.57,8267
2026-09-01 17:45,81.555,81.565,81.48,81.48,11111
2026-09-01 17:46,81.495,81.5,81.34,81.35,14682
2026-09-01 17:47,81.3597,81.51,81.3597,81.51,11478
2026-09-01 17:48,81.5,81.52,81.4201,81.4401,20747
2026-09-01 17:49,81.44,81.59,81.44,81.535,18702
2026-09-01 17:50,81.51,81.55,81.47,81.54,25767
2026-09-01 17:51,81.54,81.558,81.47,81.5401,15505
2026-09-01 17:52,81.545,81.63,81.51,81.535,20043
2026-09-01 17:53,81.53,81.55,81.49,81.5051,12737
2026-09-01 17:54,81.5,81.52,81.4556,81.4556,39386
2026-09-01 17:55,81.47,81.48,81.4028,81.4028,11667
2026-09-01 17:56,81.4,81.43,81.37,81.38,41340
2026-09-01 17:57,81.39,81.45,81.39,81.42,13816
2026-09-01 17:58,81.41,81.45,81.4001,81.45,11880
2026-09-01 17:59,81.47,81.49,81.42,81.42,4291
2026-09-01 18:00,81.44,81.5,81.4,81.43,10404
2026-09-01 18:01,81.41,81.44,81.38,81.38,7220
2026-09-01 18:02,81.375,81.48,81.375,81.48,15298
2026-09-01 18:03,81.465,81.58,81.465,81.507,12484
2026-09-01 18:04,81.485,81.49,81.435,81.44,6281
2026-09-01 18:05,81.44,81.465,81.41,81.44,11527
2026-09-01 18:06,81.44,81.47,81.435,81.45,7311
2026-09-01 18:07,81.44,81.48,81.4075,81.4075,14986
2026-09-01 18:08,81.4294,81.44,81.38,81.41,12407
2026-09-01 18:09,81.41,81.45,81.38,81.43,17355
2026-09-01 18:10,81.435,81.475,81.34,81.34,23231
2026-09-01 18:11,81.34,81.385,81.34,81.37,9817
2026-09-01 18:12,81.34,81.3599,81.2796,81.28,17689
2026-09-01 18:13,81.27,81.27,81.182,81.22,31968
2026-09-01 18:14,81.222,81.225,81.07,81.165,32104
2026-09-01 18:15,81.16,81.19,81.07,81.07,15834
2026-09-01 18:16,81.06,81.07,80.97,81.038,76713
2026-09-01 18:17,81.04,81.21,81.04,81.2,19803
2026-09-01 18:18,81.2,81.4992,81.17,81.36,54183
2026-09-01 18:19,81.3505,81.36,81.32,81.35,12754
2026-09-01 18:20,81.349,81.355,81.2601,81.355,16083
2026-09-01 18:21,81.355,81.38,81.3246,81.36,20640
2026-09-01 18:22,81.3807,81.44,81.33,81.34,17221
2026-09-01 18:23,81.35,81.3522,81.234,81.27,13375
2026-09-01 18:24,81.275,81.34,81.275,81.315,10057
2026-09-01 18:25,81.3,81.34,81.285,81.3161,14627
2026-09-01 18:26,81.32,81.3399,81.2,81.2,8356
2026-09-01 18:27,81.21,81.21,81.1089,81.1089,15421
2026-09-01 18:28,81.1,81.13,81.01,81.025,15544
2026-09-01 18:29,81.01,81.09,80.98,81.08,21752
2026-09-01 18:30,81.0618,81.1,81.05,81.088,13776
2026-09-01 18:31,81.09,81.1599,81.06,81.11,13223
2026-09-01 18:32,81.12,81.16,81.1,81.105,28557
2026-09-01 18:33,81.09,81.149,81.07,81.11,13923
2026-09-01 18:34,81.11,81.13,81.02,81.05,21776
2026-09-01 18:35,81.04,81.16,81.04,81.135,8989
2026-09-01 18:36,81.155,81.1599,81.08,81.08,8490
2026-09-01 18:37,81.06,81.07,81.02,81.04,16675
2026-09-01 18:38,81.045,81.045,80.94,80.94,25177
2026-09-01 18:39,80.94,80.95,80.9201,80.9393,16486
2026-09-01 18:40,80.93,80.9799,80.92,80.9245,12289
2026-09-01 18:41,80.935,80.935,80.8,80.82,29377
2026-09-01 18:42,80.8,80.83,80.705,80.705,32971
2026-09-01 18:43,80.71,80.7599,80.6785,80.7599,88746
2026-09-01 18:44,80.735,80.74,80.615,80.615,18225
2026-09-01 18:45,80.6297,80.6297,80.4,80.4,128626
2026-09-01 18:46,80.4,80.53,80.39,80.49,69377
2026-09-01 18:47,80.51,80.61,80.48,80.55,32771
2026-09-01 18:48,80.58,80.615,80.525,80.58,20559
2026-09-01 18:49,80.59,80.748,80.59,80.72,31232
2026-09-01 18:50,80.73,80.76,80.66,80.7,21835
2026-09-01 18:51,80.72,80.78,80.72,80.74,32055
2026-09-01 18:52,80.76,80.825,80.73,80.79,23995
2026-09-01 18:53,80.75,80.83,80.72,80.8299,24315
2026-09-01 18:54,80.82,80.82,80.775,80.785,9491
2026-09-01 18:55,80.785,80.96,80.785,80.9,26061
2026-09-01 18:56,80.895,80.965,80.87,80.94,19576
2026-09-01 18:57,80.94,80.95,80.9,80.916,49072
2026-09-01 18:58,80.91,81.02,80.91,80.98,33285
2026-09-01 18:59,80.97,81.06,80.97,81.015,25344
2026-09-01 19:00,81.04,81.25,81.02,81.2485,27417
2026-09-01 19:01,81.23,81.2358,81.07,81.1,27390
2026-09-01 19:02,81.13,81.2,81.08,81.1,15301
2026-09-01 19:03,81.1,81.17,81.043,81.17,23032
2026-09-01 19:04,81.1699,81.23,81.14,81.22,21605
2026-09-01 19:05,81.22,81.23,81.185,81.185,16408
2026-09-01 19:06,81.17,81.235,81.12,81.23,20391
2026-09-01 19:07,81.2,81.2,81.08,81.1,21931
2026-09-01 19:08,81.09,81.15,81.0376,81.15,16603
2026-09-01 19:09,81.16,81.2,81.12,81.18,8951
2026-09-01 19:10,81.2,81.22,81.1199,81.13,15824
2026-09-01 19:11,81.16,81.19,81.12,81.13,10484
2026-09-01 19:12,81.12,81.2,81.12,81.2,9469
2026-09-01 19:13,81.2,81.27,81.17,81.2103,30580
2026-09-01 19:14,81.23,81.35,81.23,81.35,23614
2026-09-01 19:15,81.35,81.43,81.35,81.43,27703
2026-09-01 19:16,81.44,81.5651,81.39,81.5651,30890
2026-09-01 19:17,81.565,81.565,81.455,81.525,37833
2026-09-01 19:18,81.525,81.665,81.49,81.65,23183
2026-09-01 19:19,81.65,81.67,81.59,81.59,20561
2026-09-01 19:20,81.58,81.58,81.545,81.56,12654
2026-09-01 19:21,81.59,81.66,81.535,81.535,24150
2026-09-01 19:22,81.521,81.7199,81.52,81.68,13292
2026-09-01 19:23,81.68,81.825,81.67,81.7886,20632
2026-09-01 19:24,81.8,81.81,81.7301,81.75,20501
2026-09-01 19:25,81.755,81.82,81.69,81.735,16389
2026-09-01 19:26,81.74,81.78,81.74,81.78,14593
2026-09-01 19:27,81.755,81.88,81.75,81.8,26121
2026-09-01 19:28,81.785,81.845,81.765,81.82,24061
2026-09-01 19:29,81.8,81.84,81.78,81.8,14102
2026-09-01 19:30,81.7907,81.8052,81.68,81.7464,19624
2026-09-01 19:31,81.6982,81.77,81.665,81.77,23431
2026-09-01 19:32,81.7992,81.7992,81.65,81.68,38591
2026-09-01 19:33,81.69,81.84,81.69,81.84,18349
2026-09-01 19:34,81.83,81.88,81.8243,81.85,14904
2026-09-01 19:35,81.88,81.96,81.82,81.96,28347
2026-09-01 19:36,81.92,81.93,81.81,81.86,19647
2026-09-01 19:37,81.84,81.86,81.78,81.81,29555
2026-09-01 19:38,81.82,82,81.815,81.945,30406
2026-09-01 19:39,81.92,81.9528,81.78,81.78,22767
2026-09-01 19:40,81.79,81.95,81.79,81.91,24036
2026-09-01 19:41,81.91,82.075,81.91,82.075,30468
2026-09-01 19:42,82.06,82.082,81.94,81.94,17988
2026-09-01 19:43,81.92,82.08,81.89,82.07,40562
2026-09-01 19:44,82.06,82.1699,82.035,82.035,40067
2026-09-01 19:45,82.02,82.06,81.965,81.965,34872
2026-09-01 19:46,81.97,82.02,81.89,81.9499,34535
2026-09-01 19:47,81.88,81.9537,81.83,81.94,26454
2026-09-01 19:48,81.92,81.96,81.89,81.925,23746
2026-09-01 19:49,81.94,81.94,81.83,81.905,25583
2026-09-01 19:50,81.9,81.9,81.74,81.88,68477
2026-09-01 19:51,81.885,81.97,81.87,81.97,47185
2026-09-01 19:52,81.98,81.98,81.87,81.89,69830
2026-09-01 19:53,81.9,81.9,81.7801,81.86,65098
2026-09-01 19:54,81.87,81.9,81.77,81.77,55775
2026-09-01 19:55,81.85,81.93,81.47,81.54,82152
2026-09-01 19:56,81.54,81.67,81.5,81.52,86946
2026-09-01 19:57,81.52,81.63,81.45,81.62,114019
2026-09-01 19:58,81.63,81.67,81.57,81.6,240779
2026-09-01 19:59,81.6,81.92,81.54,81.85,356662
2026-09-02 13:30,80.1,80.35,79.85,80.04,1.10426e+06
2026-09-02 13:31,80.06,80.325,79.89,80.25,59046
2026-09-02 13:32,80.285,80.5775,80.18,80.455,59079
2026-09-02 13:33,80.4606,80.59,80.25,80.37,45080
2026-09-02 13:34,80.4,80.79,80.37,80.755,62856
2026-09-02 13:35,80.77,80.77,80.43,80.665,116968
2026-09-02 13:36,80.65,81.08,80.58,81.03,51515
2026-09-02 13:37,81.03,81.2323,80.8,81.14,53952
2026-09-02 13:38,81.13,81.52,80.9298,81.45,41135
2026-09-02 13:39,81.46,81.7399,81.38,81.7377,43137
2026-09-02 13:40,81.75,82.04,81.65,81.91,130017
2026-09-02 13:41,81.88,82.28,81.88,82.18,76676
2026-09-02 13:42,82.1961,82.28,82.11,82.25,77749
2026-09-02 13:43,82.265,82.2701,81.91,81.997,64262
2026-09-02 13:44,82.0378,82.28,81.96,82.28,39657
2026-09-02 13:45,82.29,82.53,82.01,82.01,92416
2026-09-02 13:46,82.1,82.13,81.35,81.41,97263
2026-09-02 13:47,81.43,81.47,81.1101,81.235,88487
2026-09-02 13:48,81.235,81.2469,80.96,80.96,38311
2026-09-02 13:49,80.99,81.1399,80.72,80.83,80656
2026-09-02 13:50,80.8122,81.0389,80.78,80.875,34276
2026-09-02 13:51,80.875,80.8803,80.42,80.53,107786
2026-09-02 13:52,80.5,80.7575,80.48,80.635,66234
2026-09-02 13:53,80.61,80.7156,80.47,80.476,45384
2026-09-02 13:54,80.5,80.515,80.2,80.27,54084
2026-09-02 13:55,80.24,80.46,80.24,80.38,53283
2026-09-02 13:56,80.38,80.46,80.2305,80.29,37343
2026-09-02 13:57,80.29,80.38,80.095,80.14,57031
2026-09-02 13:58,80.1452,80.22,80.08,80.095,32999
2026-09-02 13:59,80.095,80.225,80.0201,80.225,35395
2026-09-02 14:00,80.2233,80.5759,80.16,80.415,40038
2026-09-02 14:01,80.43,80.58,80.38,80.48,88361
2026-09-02 14:02,80.455,80.5,80.33,80.5,40543
2026-09-02 14:03,80.485,80.5499,80.39,80.48,32404
2026-09-02 14:04,80.475,80.7384,80.475,80.7384,46607
2026-09-02 14:05,80.72,80.85,80.66,80.83,68960
2026-09-02 14:06,80.81,80.965,80.76,80.9518,37890
2026-09-02 14:07,80.95,81.15,80.9278,80.9689,73217
2026-09-02 14:08,80.965,81.15,80.94,81.07,40717
2026-09-02 14:09,81.1,81.19,80.9148,81.02,55472
2026-09-02 14:10,81.025,81.2282,81.025,81.06,41627
2026-09-02 14:11,81.085,81.13,81.04,81.12,24407
2026-09-02 14:12,81.13,81.14,80.7601,80.8417,43552
2026-09-02 14:13,80.87,80.95,80.8,80.88,39160
2026-09-02 14:14,80.9,81.15,80.9,81.15,26064
2026-09-02 14:15,81.15,81.32,81.1006,81.12,54758
2026-09-02 14:16,81.21,81.39,81.17,81.36,39606
2026-09-02 14:17,81.34,81.35,81.17,81.275,40708
2026-09-02 14:18,81.275,81.35,81.2,81.35,22533
2026-09-02 14:19,81.38,81.5099,81.36,81.4943,36743
2026-09-02 14:20,81.51,81.72,81.51,81.675,41312
2026-09-02 14:21,81.7,81.96,81.7,81.93,43469
2026-09-02 14:22,81.94,81.97,81.8,81.92,63398
2026-09-02 14:23,81.97,81.97,81.73,81.785,51036
2026-09-02 14:24,81.8,81.895,81.68,81.89,40777
2026-09-02 14:25,81.905,82.33,81.82,81.8436,99122
2026-09-02 14:26,81.91,82,81.89,81.95,22796
2026-09-02 14:27,81.97,82,81.71,81.815,38811
2026-09-02 14:28,81.815,81.85,81.6701,81.75,24724
2026-09-02 14:29,81.745,81.875,81.63,81.875,37318
2026-09-02 14:30,81.81,81.83,81.5801,81.6,39503
2026-09-02 14:31,81.61,81.65,81.575,81.616,14450
2026-09-02 14:32,81.62,81.62,81.3,81.38,43212
2026-09-02 14:33,81.38,81.4199,81.2887,81.35,13040
2026-09-02 14:34,81.32,81.44,81.26,81.38,20968
2026-09-02 14:35,81.4,81.4999,81.365,81.38,18089
2026-09-02 14:36,81.365,81.4,81.25,81.285,15425
2026-09-02 14:37,81.2605,81.3,81.2003,81.3,23279
2026-09-02 14:38,81.27,81.31,81.16,81.16,40813
2026-09-02 14:39,81.17,81.3632,81.11,81.345,24526
2026-09-02 14:40,81.36,81.4699,81.3191,81.33,19693
2026-09-02 14:41,81.3206,81.3299,81.15,81.17,12188
2026-09-02 14:42,81.175,81.275,81.16,81.22,18200
2026-09-02 14:43,81.175,81.3,81.145,81.29,147555
2026-09-02 14:44,81.33,81.33,81.2301,81.28,11589
2026-09-02 14:45,81.29,81.3,81.09,81.09,23921
2026-09-02 14:46,81.0801,81.0801,80.88,80.88,58666
2026-09-02 14:47,80.88,80.9,80.8001,80.83,16240
2026-09-02 14:48,80.845,80.88,80.7125,80.7125,47299
2026-09-02 14:49,80.73,80.76,80.56,80.645,37120
2026-09-02 14:50,80.63,80.66,80.51,80.545,27308
2026-09-02 14:51,80.545,80.59,80.51,80.52,64524
2026-09-02 14:52,80.53,80.6,80.4734,80.535,31012
2026-09-02 14:53,80.5307,80.54,80.46,80.5,15298
2026-09-02 14:54,80.46,80.5,80.38,80.455,24951
2026-09-02 14:55,80.48,80.5799,80.47,80.53,27760
2026-09-02 14:56,80.5599,80.57,80.4201,80.46,18618
2026-09-02 14:57,80.54,80.54,80.3701,80.43,26961
2026-09-02 14:58,80.44,80.44,80.35,80.37,31255
2026-09-02 14:59,80.41,80.41,80.32,80.38,22061
2026-09-02 15:00,80.37,80.3831,80.32,80.3348,11428
2026-09-02 15:01,80.3258,80.34,80.2,80.29,58937
2026-09-02 15:02,80.285,80.34,80.2136,80.28,24639
2026-09-02 15:03,80.2759,80.41,80.2,80.41,36155
2026-09-02 15:04,80.42,80.53,80.42,80.53,54511
2026-09-02 15:05,80.53,80.5599,80.47,80.49,34444
2026-09-02 15:06,80.4867,80.56,80.4701,80.51,23634
2026-09-02 15:07,80.4801,80.53,80.4801,80.53,10603
2026-09-02 15:08,80.5399,80.61,80.48,80.55,25579
2026-09-02 15:09,80.54,80.59,80.53,80.5655,9673
2026-09-02 15:10,80.56,80.615,80.5,80.57,26928
2026-09-02 15:11,80.56,80.67,80.54,80.67,13751
2026-09-02 15:12,80.68,80.691,80.55,80.5599,20319
2026-09-02 15:13,80.538,80.59,80.51,80.53,12405
2026-09-02 15:14,80.53,80.6547,80.53,80.6547,20665
2026-09-02 15:15,80.655,80.74,80.6543,80.72,23818
2026-09-02 15:16,80.72,80.73,80.61,80.66,29587
2026-09-02 15:17,80.69,80.7,80.55,80.555,13619
2026-09-02 15:18,80.55,80.67,80.55,80.645,15265
2026-09-02 15:19,80.645,80.67,80.47,80.4933,28700
2026-09-02 15:20,80.485,80.54,80.415,80.485,30373
2026-09-02 15:21,80.4875,80.5,80.425,80.44,16087
2026-09-02 15:22,80.46,80.52,80.43,80.445,11444
2026-09-02 15:23,80.4572,80.48,80.4,80.44,19032
2026-09-02 15:24,80.425,80.51,80.4125,80.5,21056
2026-09-02 15:25,80.5,80.57,80.47,80.57,12608
2026-09-02 15:26,80.57,80.57,80.49,80.55,15377
2026-09-02 15:27,80.555,80.57,80.51,80.55,14917
2026-09-02 15:28,80.59,80.59,80.4236,80.445,17017
2026-09-02 15:29,80.46,80.4799,80.44,80.44,16538
2026-09-02 15:30,80.435,80.46,80.4,80.42,13416
2026-09-02 15:31,80.42,80.455,80.37,80.44,146599
2026-09-02 15:32,80.425,80.515,80.37,80.515,15825
2026-09-02 15:33,80.5,80.5,80.46,80.5,16081
2026-09-02 15:34,80.525,80.585,80.5,80.575,22320
2026-09-02 15:35,80.575,80.65,80.56,80.625,15515
2026-09-02 15:36,80.625,80.675,80.61,80.625,21437
2026-09-02 15:37,80.62,80.62,80.48,80.49,20753
2026-09-02 15:38,80.52,80.53,80.5,80.5,20207
2026-09-02 15:39,80.49,80.5697,80.45,80.5697,15658
2026-09-02 15:40,80.59,80.63,80.52,80.541,13825
2026-09-02 15:41,80.54,80.59,80.5,80.58,10524
2026-09-02 15:42,80.58,80.64,80.54,80.58,12381
2026-09-02 15:43,80.55,80.63,80.55,80.5996,9282
2026-09-02 15:44,80.595,80.64,80.595,80.61,11058
2026-09-02 15:45,80.5898,80.59,80.26,80.2605,56535
2026-09-02 15:46,80.28,80.475,80.28,80.4401,22804
2026-09-02 15:47,80.47,80.47,80.41,80.415,18739
2026-09-02 15:48,80.42,80.42,80.33,80.35,11487
2026-09-02 15:49,80.33,80.33,80.2,80.26,28284
2026-09-02 15:50,80.3,80.39,80.2526,80.315,41155
2026-09-02 15:51,80.315,80.455,80.315,80.44,15643
2026-09-02 15:52,80.425,80.46,80.38,80.46,16557
2026-09-02 15:53,80.48,80.48,80.36,80.4,25013
2026-09-02 15:54,80.4,80.41,80.32,80.39,7814
2026-09-02 15:55,80.36,80.43,80.36,80.4,12131
2026-09-02 15:56,80.43,80.4399,80.39,80.4399,14420
2026-09-02 15:57,80.426,80.43,80.405,80.42,10391
2026-09-02 15:58,80.4299,80.545,80.41,80.49,23214
2026-09-02 15:59,80.481,80.581,80.46,80.57,21675
2026-09-02 16:00,80.57,80.59,80.53,80.55,17266
2026-09-02 16:01,80.54,80.54,80.3375,80.3375,33527
2026-09-02 16:02,80.35,80.4692,80.3401,80.445,13551
2026-09-02 16:03,80.41,80.44,80.41,80.4301,7581
2026-09-02 16:04,80.43,80.565,80.42,80.565,12933
2026-09-02 16:05,80.5605,80.5605,80.48,80.49,15583
2026-09-02 16:06,80.48,80.53,80.4623,80.51,8499
2026-09-02 16:07,80.5107,80.585,80.5,80.525,16282
2026-09-02 16:08,80.51,80.51,80.41,80.47,9529
2026-09-02 16:09,80.4649,80.5351,80.43,80.5,15233
2026-09-02 16:10,80.4797,80.525,80.47,80.495,10740
2026-09-02 16:11,80.5,80.5,80.45,80.49,7312
2026-09-02 16:12,80.475,80.497,80.34,80.345,14893
2026-09-02 16:13,80.355,80.37,80.26,80.31,43822
2026-09-02 16:14,80.32,80.34,80.28,80.32,48172
2026-09-02 16:15,80.31,80.4,80.2675,80.28,33313
2026-09-02 16:16,80.2879,80.2879,80.2057,80.2299,77070
2026-09-02 16:17,80.2,80.22,80.14,80.14,22923
2026-09-02 16:18,80.14,80.205,80.1301,80.1958,20798
2026-09-02 16:19,80.21,80.23,80.16,80.225,93570
2026-09-02 16:20,80.215,80.275,80.205,80.2399,35334
2026-09-02 16:21,80.22,80.29,80.22,80.29,10995
2026-09-02 16:22,80.2941,80.35,80.24,80.325,32281
2026-09-02 16:23,80.3001,80.35,80.2,80.2,17980
2026-09-02 16:24,80.19,80.19,80.11,80.135,25928
2026-09-02 16:25,80.13,80.2186,80.13,80.175,17911
2026-09-02 16:26,80.165,80.165,80.12,80.12,81081
2026-09-02 16:27,80.15,80.19,80.12,80.175,62624
2026-09-02 16:28,80.15,80.1952,80.1301,80.145,13805
2026-09-02 16:29,80.16,80.16,80.06,80.13,31405
2026-09-02 16:30,80.14,80.24,80.14,80.19,20940
2026-09-02 16:31,80.18,80.23,80.17,80.2107,13172
2026-09-02 16:32,80.21,80.23,80.19,80.22,16691
2026-09-02 16:33,80.24,80.2544,80.17,80.17,15616
2026-09-02 16:34,80.17,80.2,80.1186,80.145,11611
2026-09-02 16:35,80.155,80.24,80.1501,80.24,84359
2026-09-02 16:36,80.24,80.26,80.17,80.185,10813
2026-09-02 16:37,80.172,80.205,80.15,80.195,14097
2026-09-02 16:38,80.18,80.2498,80.18,80.21,15154
2026-09-02 16:39,80.2299,80.23,80.18,80.18,12448
2026-09-02 16:40,80.18,80.2,80.12,80.2,32997
2026-09-02 16:41,80.2,80.2,80.02,80.0242,64006
2026-09-02 16:42,80.03,80.035,79.9102,79.94,126201
2026-09-02 16:43,79.9306,80,79.925,80,28601
2026-09-02 16:44,80.02,80.12,79.99,80.08,57824
2026-09-02 16:45,80.07,80.13,80.05,80.1261,19026
2026-09-02 16:46,80.12,80.159,80.03,80.095,42458
2026-09-02 16:47,80.08,80.08,80.03,80.05,9162
2026-09-02 16:48,80.04,80.04,80.0163,80.04,15581
2026-09-02 16:49,80.03,80.03,79.975,80,18753
2026-09-02 16:50,80.005,80.02,79.9653,80,11930
2026-09-02 16:51,79.985,80.03,79.98,79.99,22595
2026-09-02 16:52,79.99,79.99,79.75,79.76,96502
2026-09-02 16:53,79.75,79.905,79.69,79.9,77285
2026-09-02 16:54,79.8948,79.99,79.88,79.91,44866
2026-09-02 16:55,79.91,79.915,79.72,79.73,107078
2026-09-02 16:56,79.72,79.825,79.6504,79.8,61702
2026-09-02 16:57,79.8,79.81,79.7401,79.76,25321
2026-09-02 16:58,79.75,79.77,79.58,79.585,38623
2026-09-02 16:59,79.585,79.725,79.58,79.6715,36441
2026-09-02 17:00,79.67,79.8883,79.65,79.7899,27485
2026-09-02 17:01,79.7501,79.87,79.74,79.76,48656
2026-09-02 17:02,79.77,79.78,79.6701,79.77,21075
2026-09-02 17:03,79.77,79.818,79.77,79.775,28067
2026-09-02 17:04,79.77,79.87,79.75,79.858,31788
2026-09-02 17:05,79.865,79.9136,79.84,79.91,29339
2026-09-02 17:06,79.895,79.964,79.87,79.96,11018
2026-09-02 17:07,79.965,79.965,79.78,79.7976,19660
2026-09-02 17:08,79.8017,79.8331,79.77,79.79,11902
2026-09-02 17:09,79.8,79.81,79.72,79.7742,19644
2026-09-02 17:10,79.78,79.88,79.76,79.855,10298
2026-09-02 17:11,79.86,79.88,79.8,79.8,7547
2026-09-02 17:12,79.78,79.9,79.78,79.84,25965
2026-09-02 17:13,79.81,79.88,79.77,79.855,44277
2026-09-02 17:14,79.855,79.8825,79.81,79.8475,12767
2026-09-02 17:15,79.84,79.87,79.82,79.8525,16201
2026-09-02 17:16,79.84,79.845,79.79,79.81,22154
2026-09-02 17:17,79.8,79.805,79.74,79.74,20533
2026-09-02 17:18,79.74,79.74,79.7,79.7199,16650
2026-09-02 17:19,79.72,79.758,79.7145,79.735,10728
2026-09-02 17:20,79.74,79.74,79.7,79.7201,19702
2026-09-02 17:21,79.73,79.82,79.71,79.8,34200
2026-09-02 17:22,79.81,79.89,79.77,79.89,46229
2026-09-02 17:23,79.88,79.93,79.88,79.9,23817
2026-09-02 17:24,79.9,79.955,79.895,79.9387,22359
2026-09-02 17:25,79.935,79.935,79.8501,79.885,26768
2026-09-02 17:26,79.87,79.94,79.87,79.87,78305
2026-09-02 17:27,79.87,79.9,79.82,79.87,23447
2026-09-02 17:28,79.89,79.955,79.89,79.955,14387
2026-09-02 17:29,79.955,80,79.94,80,22942
2026-09-02 17:30,80,80,79.9654,79.99,9249
2026-09-02 17:31,79.975,80.13,79.96,80.13,30091
2026-09-02 17:32,80.12,80.15,80.1,80.125,27314
2026-09-02 17:33,80.125,80.2,80.1005,80.2,12932
2026-09-02 17:34,80.21,80.235,80.1,80.1,26794
2026-09-02 17:35,80.1,80.1158,80.0606,80.08,10080
2026-09-02 17:36,80.1,80.1059,80.05,80.07,5705
2026-09-02 17:37,80.075,80.185,80.06,80.185,12348
2026-09-02 17:38,80.18,80.2832,80.14,80.261,36718
2026-09-02 17:39,80.27,80.32,80.235,80.28,29642
2026-09-02 17:40,80.28,80.385,80.28,80.33,18919
2026-09-02 17:41,80.31,80.33,80.2407,80.31,22560
2026-09-02 17:42,80.29,80.38,80.285,80.32,19364
2026-09-02 17:43,80.3,80.49,80.3,80.45,37907
2026-09-02 17:44,80.47,80.74,80.46,80.715,55065
2026-09-02 17:45,80.72,80.8499,80.72,80.81,49131
2026-09-02 17:46,80.82,80.83,80.69,80.7214,29853
2026-09-02 17:47,80.72,80.72,80.6,80.6901,19338
2026-09-02 17:48,80.7,80.76,80.6801,80.7396,14665
2026-09-02 17:49,80.735,80.75,80.65,80.675,13721
2026-09-02 17:50,80.66,80.7034,80.6501,80.7,15289
2026-09-02 17:51,80.6805,80.75,80.6401,80.6401,10789
2026-09-02 17:52,80.68,80.68,80.5954,80.6083,16416
2026-09-02 17:53,80.61,80.68,80.61,80.68,7848
2026-09-02 17:54,80.68,80.7985,80.68,80.75,15841
2026-09-02 17:55,80.755,80.755,80.64,80.66,13045
2026-09-02 17:56,80.64,80.68,80.6,80.625,17977
2026-09-02 17:57,80.625,80.77,80.615,80.755,14965
2026-09-02 17:58,80.7551,80.78,80.7401,80.745,16116
2026-09-02 17:59,80.74,80.82,80.7,80.75,27636
2026-09-02 18:00,80.775,80.88,80.77,80.8,22871
2026-09-02 18:01,80.83,80.8325,80.755,80.795,13830
2026-09-02 18:02,80.77,80.89,80.77,80.89,21895
2026-09-02 18:03,80.925,81.1138,80.925,81.038,77455
2026-09-02 18:04,81.0448,81.07,81.01,81.04,44013
2026-09-02 18:05,81.01,81.0799,80.9501,81.07,26417
2026-09-02 18:06,81.07,81.0799,81.0001,81.03,38503
2026-09-02 18:07,81.04,81.04,80.87,80.9119,24424
2026-09-02 18:08,80.893,81.19,80.8568,81.13,33053
2026-09-02 18:09,81.115,81.13,81.0501,81.08,19076
2026-09-02 18:10,81.05,81.14,81.05,81.12,12114
2026-09-02 18:11,81.12,81.12,80.96,80.96,33586
2026-09-02 18:12,80.96,80.9902,80.9419,80.985,7335
2026-09-02 18:13,81,81.22,81,81.1,23802
2026-09-02 18:14,81.1,81.12,81.06,81.08,12776
2026-09-02 18:15,81.06,81.27,81.033,81.2403,40915
2026-09-02 18:16,81.2574,81.28,81.2201,81.23,12194
2026-09-02 18:17,81.2103,81.3,81.2101,81.245,57276
2026-09-02 18:18,81.26,81.68,81.24,81.61,66573
2026-09-02 18:19,81.59,81.6,81.4301,81.5,19232
2026-09-02 18:20,81.485,81.49,81.39,81.42,31595
2026-09-02 18:21,81.44,81.48,81.42,81.455,16953
2026-09-02 18:22,81.4301,81.58,81.4301,81.535,25714
2026-09-02 18:23,81.55,81.655,81.55,81.5759,15106
2026-09-02 18:24,81.58,81.63,81.562,81.58,23955
2026-09-02 18:25,81.59,81.6,81.542,81.545,50297
2026-09-02 18:26,81.58,81.595,81.53,81.55,54787
2026-09-02 18:27,81.57,81.63,81.55,81.55,9807
2026-09-02 18:28,81.565,81.64,81.54,81.6,14669
2026-09-02 18:29,81.5966,81.61,81.55,81.57,144736
2026-09-02 18:30,81.58,81.58,81.48,81.49,257560
2026-09-02 18:31,81.52,81.54,81.4705,81.5084,19060
2026-09-02 18:32,81.5199,81.62,81.5,81.58,21635
2026-09-02 18:33,81.565,81.645,81.55,81.645,17179
2026-09-02 18:34,81.62,81.63,81.5388,81.5401,11031
2026-09-02 18:35,81.57,81.69,81.54,81.6,22766
2026-09-02 18:36,81.595,81.6512,81.59,81.63,9218
2026-09-02 18:37,81.63,81.68,81.575,81.575,19487
2026-09-02 18:38,81.575,81.6,81.54,81.57,18758
2026-09-02 18:39,81.56,81.57,81.395,81.4,23237
2026-09-02 18:40,81.415,81.45,81.36,81.445,19120
2026-09-02 18:41,81.43,81.45,81.35,81.38,36424
2026-09-02 18:42,81.37,81.59,81.36,81.525,19735
2026-09-02 18:43,81.49,81.55,81.485,81.53,11270
2026-09-02 18:44,81.54,81.545,81.4184,81.4725,24634
2026-09-02 18:45,81.5,81.61,81.49,81.595,22259
2026-09-02 18:46,81.605,81.61,81.525,81.57,16937
2026-09-02 18:47,81.57,81.59,81.51,81.51,23060
2026-09-02 18:48,81.5033,81.6099,81.5033,81.5906,113508
2026-09-02 18:49,81.59,81.63,81.5547,81.625,16122
2026-09-02 18:50,81.625,81.67,81.59,81.6099,26932
2026-09-02 18:51,81.6,81.605,81.54,81.54,6904
2026-09-02 18:52,81.54,81.6,81.5317,81.6,10006
2026-09-02 18:53,81.59,81.66,81.5872,81.605,11694
2026-09-02 18:54,81.6,81.615,81.54,81.54,18353
2026-09-02 18:55,81.545,81.59,81.53,81.56,9940
2026-09-02 18:56,81.55,81.6,81.54,81.56,12173
2026-09-02 18:57,81.57,81.58,81.442,81.45,20583
2026-09-02 18:58,81.46,81.49,81.435,81.49,13996
2026-09-02 18:59,81.4801,81.51,81.47,81.4901,12598
2026-09-02 19:00,81.51,81.55,81.36,81.39,21443
2026-09-02 19:01,81.383,81.41,81.3,81.32,18427
2026-09-02 19:02,81.31,81.31,81.17,81.185,35626
2026-09-02 19:03,81.21,81.36,81.21,81.2905,31989
2026-09-02 19:04,81.31,81.41,81.31,81.41,11874
2026-09-02 19:05,81.415,81.48,81.16,81.2047,42902
2026-09-02 19:06,81.19,81.31,81.16,81.25,48477
2026-09-02 19:07,81.28,81.385,81.28,81.3404,19244
2026-09-02 19:08,81.325,81.37,81.3,81.355,12631
2026-09-02 19:09,81.36,81.4432,81.36,81.425,8434
2026-09-02 19:10,81.438,81.49,81.4,81.48,17418
2026-09-02 19:11,81.49,81.492,81.43,81.46,10234
2026-09-02 19:12,81.46,81.5,81.43,81.45,35197
2026-09-02 19:13,81.47,81.55,81.45,81.55,13166
2026-09-02 19:14,81.545,81.59,81.49,81.56,27138
2026-09-02 19:15,81.58,81.64,81.55,81.605,28431
2026-09-02 19:16,81.605,81.71,81.57,81.69,20076
2026-09-02 19:17,81.7,81.75,81.6,81.605,32343
2026-09-02 19:18,81.59,81.65,81.5701,81.65,33142
2026-09-02 19:19,81.6203,81.6394,81.5605,81.62,16223
2026-09-02 19:20,81.62,81.62,81.26,81.26,40497
2026-09-02 19:21,81.28,81.31,81.235,81.31,21285
2026-09-02 19:22,81.31,81.4,81.3,81.31,9600
2026-09-02 19:23,81.34,81.415,81.315,81.315,17196
2026-09-02 19:24,81.31,81.33,81.1704,81.1759,33437
2026-09-02 19:25,81.1545,81.22,81.12,81.125,17892
2026-09-02 19:26,81.14,81.24,81.1101,81.24,25594
2026-09-02 19:27,81.24,81.28,81.19,81.28,17377
2026-09-02 19:28,81.28,81.35,81.2714,81.315,12867
2026-09-02 19:29,81.315,81.34,81.18,81.18,16664
2026-09-02 19:30,81.19,81.26,81.13,81.22,19534
2026-09-02 19:31,81.21,81.21,81.13,81.21,36417
2026-09-02 19:32,81.21,81.21,81.075,81.14,26984
2026-09-02 19:33,81.145,81.225,81.1101,81.1527,56932
2026-09-02 19:34,81.18,81.2299,81.14,81.19,18729
2026-09-02 19:35,81.19,81.2,81.06,81.1,41387
2026-09-02 19:36,81.1,81.13,80.96,80.984,30371
2026-09-02 19:37,80.98,81.035,80.975,81,25314
2026-09-02 19:38,80.99,81.06,80.95,81.04,33708
2026-09-02 19:39,81.05,81.07,81,81.05,22774
2026-09-02 19:40,81.05,81.12,81.045,81.06,20414
2026-09-02 19:41,81.09,81.22,81.09,81.21,30646
2026-09-02 19:42,81.25,81.27,81.09,81.13,23893
2026-09-02 19:43,81.1201,81.285,81.1201,81.27,36737
2026-09-02 19:44,81.251,81.28,81.14,81.205,18724
2026-09-02 19:45,81.205,81.225,81.11,81.2,32425
2026-09-02 19:46,81.21,81.23,81.17,81.21,36384
2026-09-02 19:47,81.22,81.27,81.2,81.24,21164
2026-09-02 19:48,81.25,81.33,81.25,81.33,38015
2026-09-02 19:49,81.33,81.34,81.25,81.25,29576
2026-09-02 19:50,81.24,81.2725,81.12,81.17,59286
2026-09-02 19:51,81.17,81.22,81.12,81.16,45983
2026-09-02 19:52,81.18,81.25,81.16,81.17,41128
2026-09-02 19:53,81.1525,81.21,80.8,80.81,95174
2026-09-02 19:54,80.82,80.895,80.7577,80.84,95444
2026-09-02 19:55,80.84,81.21,80.8,80.98,134240
2026-09-02 19:56,80.975,81.1,80.879,80.94,114743
2026-09-02 19:57,80.94,81,80.83,80.87,102730
2026-09-02 19:58,80.88,80.89,80.815,80.85,188472
2026-09-02 19:59,80.85,80.95,80.81,80.89,238170
2026-09-03 13:30,80.095,80.6499,79.96,80.5749,811244
2026-09-03 13:31,80.52,80.52,80.1,80.34,84656
2026-09-03 13:32,80.3328,80.3328,79.57,79.6516,112526
2026-09-03 13:33,79.71,80.2899,79.67,80.23,71178
2026-09-03 13:34,80.21,80.29,79.812,80.035,71220
2026-09-03 13:35,80.0001,80.36,80.0001,80.2,51199
2026-09-03 13:36,80.2,80.25,79.04,79.125,204407
2026-09-03 13:37,79.13,79.6499,79.12,79.56,84844
2026-09-03 13:38,79.65,80.04,79.43,80.04,63938
2026-09-03 13:39,80.0509,80.39,80.01,80.2094,80479
2026-09-03 13:40,80.205,80.4504,80.03,80.43,114812
2026-09-03 13:41,80.36,80.5,80.28,80.39,94267
2026-09-03 13:42,80.39,80.4,79.92,79.9975,102865
2026-09-03 13:43,80.02,80.11,79.74,80.001,63856
2026-09-03 13:44,80.06,80.11,79.835,80.095,38457
2026-09-03 13:45,80.07,80.21,79.99,80.095,49273
2026-09-03 13:46,80.095,80.35,80.07,80.18,72294
2026-09-03 13:47,80.205,80.235,80.02,80.115,59276
2026-09-03 13:48,80.115,80.4,80.11,80.33,54478
2026-09-03 13:49,80.33,80.332,80.09,80.11,33351
2026-09-03 13:50,80.12,80.5,80.07,80.43,59316
2026-09-03 13:51,80.37,80.47,80.26,80.335,42407
2026-09-03 13:52,80.3363,80.39,80.26,80.29,22801
2026-09-03 13:53,80.29,80.3692,80.02,80.04,51615
2026-09-03 13:54,80.0518,80.19,79.92,80.1788,57974
2026-09-03 13:55,80.1554,80.44,80.1554,80.225,53447
2026-09-03 13:56,80.23,80.43,80.2,80.33,40157
2026-09-03 13:57,80.32,80.4365,80.21,80.268,28579
2026-09-03 13:58,80.27,80.27,80.05,80.225,42942
2026-09-03 13:59,80.17,80.19,80.06,80.19,21381
2026-09-03 14:00,80.16,80.16,79.74,79.75,119741
2026-09-03 14:01,79.765,79.81,79.52,79.57,209383
2026-09-03 14:02,79.5743,79.8,79.53,79.65,70669
2026-09-03 14:03,79.67,79.77,79.55,79.74,43136
2026-09-03 14:04,79.745,79.89,79.68,79.855,38375
2026-09-03 14:05,79.855,79.94,79.62,79.85,42006
2026-09-03 14:06,79.855,79.88,79.6701,79.84,69941
2026-09-03 14:07,79.82,80.03,79.75,79.8358,66801
2026-09-03 14:08,79.8,79.8,79.555,79.6829,42351
2026-09-03 14:09,79.7002,79.95,79.65,79.95,48563
2026-09-03 14:10,79.955,80.14,79.92,80.11,43873
2026-09-03 14:11,80.0216,80.322,80.01,80.31,38746
2026-09-03 14:12,80.32,80.48,80.305,80.4,33822
2026-09-03 14:13,80.4251,80.47,80.32,80.4,36303
2026-09-03 14:14,80.41,80.62,80.28,80.605,49631
2026-09-03 14:15,80.62,80.8399,80.52,80.805,66354
2026-09-03 14:16,80.79,80.95,80.67,80.87,68191
2026-09-03 14:17,80.88,80.97,80.85,80.915,37870
2026-09-03 14:18,80.9,81.16,80.85,80.9762,93498
2026-09-03 14:19,80.99,81.26,80.93,81.22,48713
2026-09-03 14:20,81.2221,81.46,81.205,81.4,50855
2026-09-03 14:21,81.37,81.37,80.9401,81.1,65371
2026-09-03 14:22,81.11,81.1985,80.96,81.04,50781
2026-09-03 14:23,81.1,81.18,80.96,81.07,28079
2026-09-03 14:24,81.075,81.125,81.01,81.125,15150
2026-09-03 14:25,81.125,81.26,81.095,81.26,39833
2026-09-03 14:26,81.1992,81.27,81.07,81.18,26291
2026-09-03 14:27,81.25,81.4384,81.22,81.4,29936
2026-09-03 14:28,81.38,81.48,81.31,81.46,131040
2026-09-03 14:29,81.4636,81.56,81.33,81.3854,202074
2026-09-03 14:30,81.385,81.93,81.28,81.905,59225
2026-09-03 14:31,81.905,81.93,81.7,81.75,64621
2026-09-03 14:32,81.75,81.75,81.3101,81.4032,48260
2026-09-03 14:33,81.465,81.5359,81.271,81.3086,39108
2026-09-03 14:34,81.25,81.3725,81.21,81.23,28205
2026-09-03 14:35,81.29,81.4655,81.25,81.37,15424
2026-09-03 14:36,81.32,81.37,81.14,81.14,28720
2026-09-03 14:37,81.1794,81.22,80.93,81.0101,40109
2026-09-03 14:38,81.02,81.06,80.88,80.96,35211
2026-09-03 14:39,80.96,81.28,80.91,81.2,18243
2026-09-03 14:40,81.2499,81.25,81.03,81.03,39349
2026-09-03 14:41,81.06,81.3,80.81,81.2601,91097
2026-09-03 14:42,81.34,81.69,81.2245,81.605,41770
2026-09-03 14:43,81.605,81.765,81.605,81.68,28807
2026-09-03 14:44,81.68,81.719,81.52,81.54,53207
2026-09-03 14:45,81.58,81.7656,81.525,81.75,30758
2026-09-03 14:46,81.7455,81.755,81.34,81.4,16208
2026-09-03 14:47,81.41,81.6373,81.35,81.6373,19098
2026-09-03 14:48,81.605,81.605,81.38,81.41,32553
2026-09-03 14:49,81.438,81.47,81.36,81.445,15842
2026-09-03 14:50,81.46,81.47,81.41,81.44,9272
2026-09-03 14:51,81.42,81.5,81.35,81.5,21495
2026-09-03 14:52,81.51,81.5121,81.35,81.37,20792
2026-09-03 14:53,81.38,81.45,81.35,81.35,27274
2026-09-03 14:54,81.3511,81.55,81.27,81.55,26713
2026-09-03 14:55,81.55,81.59,81.5,81.535,23636
2026-09-03 14:56,81.53,81.6,81.17,81.4207,55463
2026-09-03 14:57,81.4606,81.6299,81.42,81.56,34760
2026-09-03 14:58,81.505,81.6096,81.4,81.48,28219
2026-09-03 14:59,81.46,81.7,81.46,81.6924,48048
2026-09-03 15:00,81.6924,81.97,81.69,81.84,55325
2026-09-03 15:01,81.82,81.88,81.76,81.835,154742
2026-09-03 15:02,81.835,82.05,81.81,81.9699,53981
2026-09-03 15:03,81.92,82,81.9,81.99,69257
2026-09-03 15:04,81.975,82.2905,81.92,82.2905,174661
2026-09-03 15:05,82.29,82.4,82.0665,82.0665,69321
2026-09-03 15:06,82.12,82.21,82.05,82.135,32198
2026-09-03 15:07,82.1,82.14,81.82,81.92,30184
2026-09-03 15:08,81.93,82.03,81.92,81.98,22773
2026-09-03 15:09,81.99,82.05,81.9,81.9,46873
2026-09-03 15:10,81.9067,81.9067,81.62,81.63,722652
2026-09-03 15:11,81.62,81.7099,81.52,81.67,29443
2026-09-03 15:12,81.61,81.66,81.46,81.51,42204
2026-09-03 15:13,81.5,81.76,81.5,81.76,16472
2026-09-03 15:14,81.8,81.91,81.78,81.9,16565
2026-09-03 15:15,81.92,82.1,81.9,81.93,30992
2026-09-03 15:16,81.96,81.96,81.8548,81.95,24585
2026-09-03 15:17,81.98,82.23,81.935,82.23,37182
2026-09-03 15:18,82.185,82.21,82.07,82.15,16684
2026-09-03 15:19,82.15,82.29,82.1,82.29,19597
2026-09-03 15:20,82.27,82.35,82.24,82.29,27856
2026-09-03 15:21,82.19,82.19,81.95,82.0052,21070
2026-09-03 15:22,82.03,82.44,81.99,82.42,46965
2026-09-03 15:23,82.45,82.71,82.42,82.6424,94834
2026-09-03 15:24,82.69,82.775,82.5601,82.7415,60524
2026-09-03 15:25,82.7799,82.875,82.72,82.87,62559
2026-09-03 15:26,82.85,83.265,82.8453,83.255,121653
2026-09-03 15:27,83.23,83.32,83.13,83.19,132093
2026-09-03 15:28,83.2,83.21,82.99,83.025,73938
2026-09-03 15:29,83,83.05,82.87,83.0309,71560
2026-09-03 15:30,83.09,83.22,83.06,83.2199,78348
2026-09-03 15:31,83.2091,83.25,83.0701,83.195,51038
2026-09-03 15:32,83.1872,83.2,82.9,82.9,48467
2026-09-03 15:33,82.9236,82.99,82.6,82.68,67797
2026-09-03 15:34,82.655,82.71,82.57,82.71,43740
2026-09-03 15:35,82.7537,82.87,82.71,82.755,103640
2026-09-03 15:36,82.76,82.82,82.65,82.72,39449
2026-09-03 15:37,82.77,82.84,82.6744,82.7571,17470
2026-09-03 15:38,82.7829,82.91,82.775,82.8,33505
2026-09-03 15:39,82.81,82.9,82.74,82.7778,43864
2026-09-03 15:40,82.855,82.855,82.7901,82.855,7537
2026-09-03 15:41,82.8421,83.06,82.83,82.93,42318
2026-09-03 15:42,82.9301,82.99,82.88,82.92,16363
2026-09-03 15:43,82.85,82.93,82.85,82.86,13596
2026-09-03 15:44,82.82,82.82,82.6301,82.65,41572
2026-09-03 15:45,82.655,82.82,82.63,82.76,35030
2026-09-03 15:46,82.76,82.76,82.6,82.6,18697
2026-09-03 15:47,82.625,82.72,82.549,82.6801,31957
2026-09-03 15:48,82.675,82.77,82.6169,82.68,20890
2026-09-03 15:49,82.72,82.74,82.65,82.7,21362
2026-09-03 15:50,82.75,82.84,82.75,82.82,18166
2026-09-03 15:51,82.81,82.99,82.78,82.99,30489
2026-09-03 15:52,82.99,83.2,82.99,83.1,49835
2026-09-03 15:53,83.1,83.1399,83.0201,83.03,15610
2026-09-03 15:54,83.05,83.19,83.03,83.17,25773
2026-09-03 15:55,83.2,83.24,83.095,83.105,25994
2026-09-03 15:56,83.11,83.24,83.04,83.04,38742
2026-09-03 15:57,83.05,83.135,83.02,83.135,19731
2026-09-03 15:58,83.14,83.27,83.14,83.255,26192
2026-09-03 15:59,83.2572,83.39,83.2,83.3501,26438
2026-09-03 16:00,83.35,83.35,83.07,83.13,31331
2026-09-03 16:01,83.1212,83.3,83,83.265,51438
2026-09-03 16:02,83.28,83.39,83.18,83.18,68033
2026-09-03 16:03,83.215,83.22,83.1,83.12,21349
2026-09-03 16:04,83.13,83.13,82.8701,82.9,38557
2026-09-03 16:05,82.92,83.118,82.92,83.08,13832
2026-09-03 16:06,83.06,83.06,82.9401,82.9601,13739
2026-09-03 16:07,82.99,83.14,82.95,83.14,11930
2026-09-03 16:08,83.13,83.3,83.13,83.265,31601
2026-09-03 16:09,83.265,83.39,83.22,83.335,26710
2026-09-03 16:10,83.325,83.415,83.32,83.415,17083
2026-09-03 16:11,83.43,83.48,83.37,83.47,36689
2026-09-03 16:12,83.464,83.53,83.39,83.5,47087
2026-09-03 16:13,83.47,83.56,83.47,83.52,25471
2026-09-03 16:14,83.525,83.5548,83.47,83.49,18682
2026-09-03 16:15,83.5,83.5198,83.39,83.39,58816
2026-09-03 16:16,83.38,83.435,83.34,83.42,15939
2026-09-03 16:17,83.425,83.44,83.3501,83.415,17668
2026-09-03 16:18,83.405,83.44,83.35,83.4266,16421
2026-09-03 16:19,83.4,83.57,83.4,83.52,30659
2026-09-03 16:20,83.4917,83.5165,83.43,83.45,11887
2026-09-03 16:21,83.45,83.69,83.45,83.6798,51996
2026-09-03 16:22,83.65,83.65,83.47,83.47,15913
2026-09-03 16:23,83.46,83.53,83.46,83.505,16121
2026-09-03 16:24,83.49,83.5,83.31,83.35,18811
2026-09-03 16:25,83.3861,83.3861,83.28,83.3,26542
2026-09-03 16:26,83.29,83.36,83.2001,83.23,56246
2026-09-03 16:27,83.2142,83.2247,83.12,83.15,17565
2026-09-03 16:28,83.15,83.17,82.88,82.99,55821
2026-09-03 16:29,83,83,82.9001,82.98,15552
2026-09-03 16:30,82.98,83.01,82.91,83.01,22988
2026-09-03 16:31,83.0162,83.05,82.9548,82.98,22530
2026-09-03 16:32,82.99,83.05,82.98,83.04,30579
2026-09-03 16:33,83.06,83.33,83.05,83.3,53736
2026-09-03 16:34,83.31,83.31,83.1751,83.23,18147
2026-09-03 16:35,83.24,83.25,83.18,83.25,28018
2026-09-03 16:36,83.26,83.4,83.26,83.365,27238
2026-09-03 16:37,83.4,83.49,83.35,83.49,32701
2026-09-03 16:38,83.48,83.57,83.43,83.569,63335
2026-09-03 16:39,83.5626,83.6,83.48,83.52,21618
2026-09-03 16:40,83.52,83.65,83.4801,83.61,19870
2026-09-03 16:41,83.6,83.615,83.5245,83.59,19613
2026-09-03 16:42,83.57,83.575,83.52,83.575,10723
2026-09-03 16:43,83.57,83.5726,83.49,83.55,19450
2026-09-03 16:44,83.5367,83.54,83.495,83.522,12991
2026-09-03 16:45,83.55,83.64,83.5,83.605,25629
2026-09-03 16:46,83.6,83.62,83.53,83.55,12981
2026-09-03 16:47,83.56,83.5687,83.52,83.525,11355
2026-09-03 16:48,83.53,83.67,83.53,83.64,21241
2026-09-03 16:49,83.62,83.63,83.6,83.63,9713
2026-09-03 16:50,83.64,83.74,83.61,83.6257,20944
2026-09-03 16:51,83.6,83.6,83.475,83.54,24278
2026-09-03 16:52,83.535,83.58,83.52,83.54,8672
2026-09-03 16:53,83.55,83.58,83.48,83.4841,11169
2026-09-03 16:54,83.48,83.51,83.45,83.495,14146
2026-09-03 16:55,83.51,83.62,83.51,83.62,21720
2026-09-03 16:56,83.62,83.66,83.53,83.605,56827
2026-09-03 16:57,83.63,83.63,83.57,83.615,13190
2026-09-03 16:58,83.64,83.6616,83.54,83.605,21866
2026-09-03 16:59,83.6,83.63,83.475,83.5,23180
2026-09-03 17:00,83.52,83.5399,83.35,83.37,12440
2026-09-03 17:01,83.365,83.45,83.365,83.43,14394
2026-09-03 17:02,83.45,83.46,83.32,83.33,19509
2026-09-03 17:03,83.335,83.37,83.31,83.337,14635
2026-09-03 17:04,83.37,83.4599,83.37,83.43,11246
2026-09-03 17:05,83.423,83.44,83.4195,83.44,10369
2026-09-03 17:06,83.445,83.47,83.37,83.425,14937
2026-09-03 17:07,83.42,83.5518,83.42,83.53,16012
2026-09-03 17:08,83.55,83.62,83.55,83.55,16408
2026-09-03 17:09,83.555,83.555,83.42,83.44,13714
2026-09-03 17:10,83.45,83.495,83.45,83.4601,5612
2026-09-03 17:11,83.485,83.58,83.4801,83.5201,12340
2026-09-03 17:12,83.52,83.6,83.45,83.6,54019
2026-09-03 17:13,83.6,83.67,83.5731,83.645,18286
2026-09-03 17:14,83.645,83.72,83.645,83.72,16099
2026-09-03 17:15,83.72,83.77,83.64,83.64,73719
2026-09-03 17:16,83.635,83.64,83.575,83.59,11383
2026-09-03 17:17,83.61,83.715,83.61,83.69,48630
2026-09-03 17:18,83.6968,83.8,83.6968,83.705,39756
2026-09-03 17:19,83.69,83.69,83.6235,83.6601,12436
2026-09-03 17:20,83.675,83.69,83.635,83.69,16417
2026-09-03 17:21,83.7,83.73,83.6501,83.67,10151
2026-09-03 17:22,83.6799,83.68,83.59,83.65,38238
2026-09-03 17:23,83.65,83.69,83.6134,83.685,8275
2026-09-03 17:24,83.67,83.8,83.66,83.7957,16901
2026-09-03 17:25,83.78,83.8,83.74,83.76,12104
2026-09-03 17:26,83.78,83.81,83.76,83.7993,16322
2026-09-03 17:27,83.79,83.86,83.78,83.822,31138
2026-09-03 17:28,83.8358,83.86,83.78,83.855,17802
2026-09-03 17:29,83.855,83.87,83.805,83.8389,17035
2026-09-03 17:30,83.85,83.87,83.76,83.84,22083
2026-09-03 17:31,83.84,83.9,83.83,83.89,23550
2026-09-03 17:32,83.9,83.9,83.8,83.8684,20622
2026-09-03 17:33,83.88,83.91,83.82,83.86,38219
2026-09-03 17:34,83.8237,83.8499,83.7896,83.8,9902
2026-09-03 17:35,83.81,83.82,83.705,83.78,20557
2026-09-03 17:36,83.7601,83.83,83.7601,83.8,21791
2026-09-03 17:37,83.8,83.8399,83.74,83.75,16629
2026-09-03 17:38,83.76,83.77,83.7103,83.76,12501
2026-09-03 17:39,83.77,83.84,83.68,83.84,16844
2026-09-03 17:40,83.84,83.9,83.7379,83.74,69030
2026-09-03 17:41,83.75,83.7799,83.7,83.7479,25151
2026-09-03 17:42,83.73,83.74,83.69,83.695,25727
2026-09-03 17:43,83.69,83.79,83.685,83.76,19904
2026-09-03 17:44,83.76,83.77,83.7,83.755,16286
2026-09-03 17:45,83.75,83.775,83.74,83.7517,11997
2026-09-03 17:46,83.74,83.81,83.71,83.8,19951
2026-09-03 17:47,83.8,83.85,83.785,83.82,44316
2026-09-03 17:48,83.84,83.84,83.71,83.74,16808
2026-09-03 17:49,83.73,83.74,83.6501,83.71,18393
2026-09-03 17:50,83.715,83.73,83.6501,83.695,12842
2026-09-03 17:51,83.68,83.73,83.67,83.685,6479
2026-09-03 17:52,83.67,83.71,83.61,83.67,18880
2026-09-03 17:53,83.6651,83.73,83.645,83.69,23413
2026-09-03 17:54,83.69,83.74,83.67,83.74,17813
2026-09-03 17:55,83.74,83.79,83.72,83.72,14783
2026-09-03 17:56,83.74,83.75,83.705,83.74,31926
2026-09-03 17:57,83.75,83.93,83.74,83.855,26239
2026-09-03 17:58,83.8658,83.88,83.81,83.81,17273
2026-09-03 17:59,83.805,83.81,83.74,83.78,11029
2026-09-03 18:00,83.78,83.91,83.78,83.905,17018
2026-09-03 18:01,83.91,83.9727,83.9,83.905,31453
2026-09-03 18:02,83.91,83.94,83.83,83.835,15306
2026-09-03 18:03,83.83,83.88,83.83,83.84,11561
2026-09-03 18:04,83.8189,83.85,83.8151,83.84,2571
2026-09-03 18:05,83.8,83.8,83.7656,83.7656,46032
2026-09-03 18:06,83.77,83.84,83.7501,83.765,10780
2026-09-03 18:07,83.81,83.85,83.76,83.78,12685
2026-09-03 18:08,83.78,83.78,83.78,83.78,561
2026-09-03 18:10,83.69,83.72,83.65,83.665,50331
2026-09-03 18:11,83.65,83.7797,83.65,83.775,13807
2026-09-03 18:12,83.95,83.98,83.91,83.96,26211
2026-09-03 18:13,83.95,84.04,83.95,84.015,47637
2026-09-03 18:14,84.005,84.15,84.005,84.14,28174
2026-09-03 18:15,84.13,84.22,84.12,84.21,23999
2026-09-03 18:16,84.21,84.21,84.11,84.12,37162
2026-09-03 18:17,84.125,84.28,84.125,84.25,33369
2026-09-03 18:18,84.275,84.28,84.18,84.19,28763
2026-09-03 18:19,84.1863,84.24,84.033,84.06,39794
2026-09-03 18:20,84.06,84.06,83.93,83.945,32550
2026-09-03 18:21,83.95,83.98,83.905,83.905,18794
2026-09-03 18:22,83.9,84.1,83.89,84,31912
2026-09-03 18:23,84,84.04,83.95,83.95,14542
2026-09-03 18:24,83.96,84.0451,83.96,84.025,14103
2026-09-03 18:25,84.0201,84.05,83.9866,84.01,10312
2026-09-03 18:26,84.015,84.015,83.955,83.97,12113
2026-09-03 18:27,83.96,84.0005,83.92,83.97,12001
2026-09-03 18:28,83.95,83.95,83.87,83.9,23553
2026-09-03 18:29,83.89,83.94,83.86,83.93,24061
2026-09-03 18:30,83.94,84.09,83.92,84.08,30273
2026-09-03 18:31,84.06,84.08,83.99,84.0241,15740
2026-09-03 18:32,84.02,84.12,84.02,84.11,19083
2026-09-03 18:33,84.1,84.19,84.1,84.14,31707
2026-09-03 18:34,84.145,84.2,84.1126,84.16,14763
2026-09-03 18:35,84.165,84.2794,84.14,84.2794,20933
2026-09-03 18:36,84.26,84.2964,84.2,84.26,16756
2026-09-03 18:37,84.28,84.3,84.25,84.275,20945
2026-09-03 18:38,84.28,84.35,84.28,84.33,23846
2026-09-03 18:39,84.29,84.315,84.2,84.24,68702
2026-09-03 18:40,84.24,84.245,84.185,84.21,20695
2026-09-03 18:41,84.21,84.28,84.2,84.2116,16804
2026-09-03 18:42,84.2,84.21,84.125,84.19,19402
2026-09-03 18:43,84.175,84.26,84.15,84.22,19375
2026-09-03 18:44,84.22,84.23,84.16,84.195,16909
2026-09-03 18:45,84.2,84.248,84.185,84.23,17953
2026-09-03 18:46,84.21,84.24,84.12,84.22,23262
2026-09-03 18:47,84.215,84.23,84.18,84.23,10838
2026-09-03 18:48,84.23,84.24,84.2,84.225,12132
2026-09-03 18:49,84.22,84.2399,84.16,84.195,15690
2026-09-03 18:50,84.1951,84.23,84.175,84.23,32763
2026-09-03 18:51,84.235,84.26,84.2,84.23,16345
2026-09-03 18:52,84.22,84.23,84.125,84.17,19502
2026-09-03 18:53,84.18,84.19,84.13,84.17,14479
2026-09-03 18:54,84.16,84.2,84.14,84.2,11926
2026-09-03 18:55,84.2,84.22,84.17,84.2,18856
2026-09-03 18:56,84.1872,84.215,84.1501,84.1501,13475
2026-09-03 18:57,84.16,84.26,84.15,84.26,26272
2026-09-03 18:58,84.265,84.41,84.26,84.38,42329
2026-09-03 18:59,84.39,84.41,84.3,84.39,39336
2026-09-03 19:00,84.4,84.41,84.3007,84.4,67400
2026-09-03 19:01,84.4,84.4,84.21,84.315,29653
2026-09-03 19:02,84.32,84.385,84.29,84.34,18611
2026-09-03 19:03,84.35,84.378,84.33,84.35,18034
2026-09-03 19:04,84.36,84.385,84.3522,84.38,16554
2026-09-03 19:05,84.39,84.46,84.365,84.46,67583
2026-09-03 19:06,84.45,84.52,84.41,84.43,38974
2026-09-03 19:07,84.4397,84.53,84.39,84.48,22711
2026-09-03 19:08,84.48,84.48,84.31,84.4,29542
2026-09-03 19:09,84.4,84.4,84.31,84.39,14553
2026-09-03 19:10,84.3698,84.455,84.31,84.34,17911
2026-09-03 19:11,84.35,84.37,84.23,84.27,19850
2026-09-03 19:12,84.27,84.37,84.27,84.3,14746
2026-09-03 19:13,84.3,84.32,84.17,84.205,22219
2026-09-03 19:14,84.182,84.182,84.09,84.14,28622
2026-09-03 19:15,84.14,84.3,84.14,84.27,31582
2026-09-03 19:16,84.3,84.335,84.24,84.26,17314
2026-09-03 19:17,84.255,84.4,84.25,84.39,15676
2026-09-03 19:18,84.35,84.42,84.3,84.37,21964
2026-09-03 19:19,84.38,84.48,84.38,84.48,15693
2026-09-03 19:20,84.46,84.505,84.4,84.4699,19393
2026-09-03 19:21,84.4667,84.59,84.45,84.54,31392
2026-09-03 19:22,84.55,84.55,84.45,84.45,18785
2026-09-03 19:23,84.45,84.49,84.4,84.43,23864
2026-09-03 19:24,84.44,84.46,84.425,84.435,24995
2026-09-03 19:25,84.4401,84.61,84.4401,84.61,225599
2026-09-03 19:26,84.61,84.68,84.56,84.6431,43317
2026-09-03 19:27,84.655,84.69,84.61,84.68,32951
2026-09-03 19:28,84.685,84.685,84.61,84.66,24541
2026-09-03 19:29,84.67,84.81,84.65,84.8,31263
2026-09-03 19:30,84.8299,84.8399,84.72,84.78,39651
2026-09-03 19:31,84.8,84.85,84.7871,84.82,27803
2026-09-03 19:32,84.82,84.84,84.73,84.73,32359
2026-09-03 19:33,84.73,84.759,84.67,84.7,36536
2026-09-03 19:34,84.69,84.72,84.54,84.5803,30555
2026-09-03 19:35,84.5851,84.6,84.44,84.4723,49226
2026-09-03 19:36,84.4799,84.54,84.47,84.52,16469
2026-09-03 19:37,84.5,84.62,84.5,84.61,19905
2026-09-03 19:38,84.62,84.72,84.605,84.68,42254
2026-09-03 19:39,84.67,84.7,84.64,84.7,16248
2026-09-03 19:40,84.7,84.77,84.69,84.7,40639
2026-09-03 19:41,84.6942,84.7199,84.65,84.6945,25061
2026-09-03 19:42,84.7,84.74,84.69,84.7299,12690
2026-09-03 19:43,84.7,84.705,84.5801,84.6,29293
2026-09-03 19:44,84.6,84.71,84.6,84.63,43919
2026-09-03 19:45,84.64,84.66,84.6,84.66,29245
2026-09-03 19:46,84.66,84.66,84.42,84.4348,31284
2026-09-03 19:47,84.43,84.4883,84.365,84.365,29292
2026-09-03 19:48,84.355,84.44,84.355,84.43,36164
2026-09-03 19:49,84.44,84.44,84.27,84.345,43471
2026-09-03 19:50,84.37,84.5,84.36,84.4,48591
2026-09-03 19:51,84.39,84.475,84.378,84.475,60023
2026-09-03 19:52,84.48,84.675,84.48,84.64,73164
2026-09-03 19:53,84.64,84.64,84.49,84.49,37984
2026-09-03 19:54,84.48,84.5,84.38,84.47,49875
2026-09-03 19:55,84.45,84.62,84.41,84.485,162794
2026-09-03 19:56,84.485,84.57,84.455,84.535,81695
2026-09-03 19:57,84.535,84.6,84.45,84.535,142900
2026-09-03 19:58,84.54,84.59,84.435,84.46,177362
2026-09-03 19:59,84.47,84.6,84.452,84.57,211014
2026-09-04 13:30,85.98,85.98,84.9,85.39,1.43515e+06
2026-09-04 13:31,85.65,86.3099,85.5277,86.16,160946
2026-09-04 13:32,86.16,86.16,85.825,85.95,86450
2026-09-04 13:33,85.99,86.04,85.68,85.97,90252
2026-09-04 13:34,85.915,86.1,85.57,86.1,105808
2026-09-04 13:35,86.1,86.2,85.79,85.935,70002
2026-09-04 13:36,85.935,86.21,85.29,85.32,100225
2026-09-04 13:37,85.39,85.9018,85.3562,85.6757,62656
2026-09-04 13:38,85.71,85.76,85.51,85.55,52328
2026-09-04 13:39,85.52,85.6,85.23,85.335,74023
2026-09-04 13:40,85.26,85.59,85.24,85.355,44456
2026-09-04 13:41,85.355,85.58,85.13,85.495,44614
2026-09-04 13:42,85.495,85.8899,85.495,85.765,63102
2026-09-04 13:43,85.8,85.9,85.63,85.7,34010
2026-09-04 13:44,85.73,86.24,85.55,86.21,118554
2026-09-04 13:45,86.24,86.59,86.1601,86.56,125112
2026-09-04 13:46,86.52,87.18,86.52,87.04,200368
2026-09-04 13:47,87.04,87.0599,86.81,87.02,233676
2026-09-04 13:48,87.02,87.42,86.95,87.38,117856
2026-09-04 13:49,87.38,87.44,87.09,87.11,97705
2026-09-04 13:50,87.1,87.32,86.81,86.9029,144394
2026-09-04 13:51,86.8801,87.03,86.56,86.93,95929
2026-09-04 13:52,86.957,87.88,86.9301,87.62,222693
2026-09-04 13:53,87.59,87.65,87.32,87.58,117476
2026-09-04 13:54,87.545,87.6,87.3201,87.5089,61507
2026-09-04 13:55,87.51,87.8098,87.3901,87.8098,83135
2026-09-04 13:56,87.81,87.8446,87.35,87.56,112088
2026-09-04 13:57,87.6,87.755,87.485,87.7046,91368
2026-09-04 13:58,87.72,87.8,87.35,87.38,81653
2026-09-04 13:59,87.345,87.35,86.8,86.995,108704
2026-09-04 14:00,87.06,87.14,86.86,86.9,48385
2026-09-04 14:01,86.9,87.04,86.67,86.76,55647
2026-09-04 14:02,86.75,87.08,86.75,86.9,75335
2026-09-04 14:03,86.97,87.1,86.925,86.93,74458
2026-09-04 14:04,86.8801,87.07,86.86,87.03,32971
2026-09-04 14:05,87.125,87.13,86.96,86.993,27306
2026-09-04 14:06,86.99,87.2,86.96,87.2,49628
2026-09-04 14:07,87.21,87.37,86.99,86.99,63085
2026-09-04 14:08,86.975,87.01,86.61,86.7,35060
2026-09-04 14:09,86.6218,86.6894,86.56,86.6894,30166
2026-09-04 14:10,86.67,86.8024,86.64,86.76,20481
2026-09-04 14:11,86.8,86.85,86.75,86.78,22933
2026-09-04 14:12,86.77,86.8,86.6,86.65,60770
2026-09-04 14:13,86.64,87.04,86.64,86.94,45090
2026-09-04 14:14,86.9362,87.0999,86.8983,87.0615,19999
2026-09-04 14:15,87.065,87.1745,86.92,86.925,30918
2026-09-04 14:16,86.935,86.9999,86.76,86.77,23121
2026-09-04 14:17,86.78,86.81,86.67,86.73,31869
2026-09-04 14:18,86.72,86.925,86.64,86.84,30742
2026-09-04 14:19,86.85,86.87,86.332,86.332,44041
2026-09-04 14:20,86.38,86.5788,86.38,86.4894,63969
2026-09-04 14:21,86.51,86.5299,86.37,86.4382,57147
2026-09-04 14:22,86.435,86.59,86.4,86.57,50181
2026-09-04 14:23,86.57,86.67,86.5154,86.5599,30885
2026-09-04 14:24,86.56,86.7,86.48,86.7,50951
2026-09-04 14:25,86.77,86.9899,86.77,86.815,44879
2026-09-04 14:26,86.815,86.86,86.64,86.84,42323
2026-09-04 14:27,86.82,86.905,86.61,86.66,70345
2026-09-04 14:28,86.6501,86.9799,86.6501,86.88,101977
2026-09-04 14:29,86.9151,86.9151,86.7113,86.78,24852
2026-09-04 14:30,86.83,86.94,86.83,86.835,20580
2026-09-04 14:31,86.83,86.93,86.78,86.83,27729
2026-09-04 14:32,86.83,86.9499,86.74,86.8,38162
2026-09-04 14:33,86.8,86.96,86.795,86.86,16299
2026-09-04 14:34,86.85,86.89,86.76,86.84,16378
2026-09-04 14:35,86.83,87.02,86.83,86.93,37190
2026-09-04 14:36,86.96,87.07,86.8701,86.95,38939
2026-09-04 14:37,86.93,87.06,86.84,87.06,40210
2026-09-04 14:38,86.9799,87.32,86.9799,87.2,31075
2026-09-04 14:39,87.185,87.3401,87.16,87.31,45325
2026-09-04 14:40,87.3169,87.4,87.25,87.27,54595
2026-09-04 14:41,87.24,87.305,87.13,87.22,19089
2026-09-04 14:42,87.24,87.25,87.05,87.09,50084
2026-09-04 14:43,87.09,87.11,86.88,86.94,72823
2026-09-04 14:44,86.965,87.04,86.8,86.82,34337
2026-09-04 14:45,86.85,87.1,86.8413,87.035,53946
2026-09-04 14:46,87.07,87.1331,86.9801,87.1,45769
2026-09-04 14:47,87.07,87.12,86.7,86.76,113491
2026-09-04 14:48,86.77,86.8,86.6136,86.62,21830
2026-09-04 14:49,86.64,86.725,86.35,86.4273,65279
2026-09-04 14:50,86.4,86.59,86.3805,86.59,19340
2026-09-04 14:51,86.58,86.62,86.54,86.6,21603
2026-09-04 14:52,86.58,86.63,86.52,86.605,11040
2026-09-04 14:53,86.5702,86.6994,86.5702,86.61,28950
2026-09-04 14:54,86.7,86.77,86.615,86.66,16947
2026-09-04 14:55,86.68,86.79,86.602,86.751,26018
2026-09-04 14:56,86.78,86.89,86.61,86.61,32571
2026-09-04 14:57,86.59,86.86,86.59,86.7942,15040
2026-09-04 14:58,86.8,86.92,86.7201,86.915,29793
2026-09-04 14:59,86.895,86.9,86.76,86.76,20300
2026-09-04 15:00,86.75,86.8743,86.71,86.775,32319
2026-09-04 15:01,86.76,86.78,86.7146,86.76,11323
2026-09-04 15:02,86.78,86.86,86.69,86.8,48612
2026-09-04 15:03,86.81,86.81,86.69,86.69,26464
2026-09-04 15:04,86.69,86.74,86.66,86.72,14727
2026-09-04 15:05,86.72,86.81,86.62,86.81,20544
2026-09-04 15:06,86.86,86.8804,86.77,86.775,25438
2026-09-04 15:07,86.77,86.8299,86.7201,86.7792,48361
2026-09-04 15:08,86.795,86.795,86.71,86.72,9199
2026-09-04 15:09,86.75,86.76,86.6013,86.65,17194
2026-09-04 15:10,86.68,86.68,86.6,86.68,8079
2026-09-04 15:11,86.69,86.75,86.65,86.71,34552
2026-09-04 15:12,86.7517,86.7517,86.7,86.74,7197
2026-09-04 15:13,86.8051,86.85,86.76,86.7992,21977
2026-09-04 15:14,86.8191,86.915,86.8,86.915,14627
2026-09-04 15:15,86.9126,86.9456,86.85,86.87,17464
2026-09-04 15:16,86.85,86.925,86.77,86.8694,19318
2026-09-04 15:17,86.86,86.86,86.805,86.815,10596
2026-09-04 15:18,86.805,86.89,86.76,86.85,48318
2026-09-04 15:19,86.8172,86.925,86.8172,86.89,34958
2026-09-04 15:20,86.87,86.89,86.7434,86.8,55705
2026-09-04 15:21,86.85,86.89,86.77,86.78,13220
2026-09-04 15:22,86.78,86.9111,86.775,86.88,14864
2026-09-04 15:23,86.89,86.965,86.86,86.965,36806
2026-09-04 15:24,86.94,87.04,86.89,86.97,46403
2026-09-04 15:25,86.98,86.99,86.89,86.97,25464
2026-09-04 15:26,86.98,87.04,86.945,87.04,21500
2026-09-04 15:27,87.05,87.14,87.05,87.11,20539
2026-09-04 15:28,87.1198,87.17,87.08,87.17,15650
2026-09-04 15:29,87.16,87.2,87.12,87.17,22363
2026-09-04 15:30,87.1301,87.18,87.02,87.02,24973
2026-09-04 15:31,87.01,87.0164,86.95,86.99,22664
2026-09-04 15:32,87,87.03,86.97,87.03,14814
2026-09-04 15:33,86.9801,87.18,86.98,87.145,56060
2026-09-04 15:34,87.14,87.1699,87.07,87.16,12719
2026-09-04 15:35,87.16,87.1899,87.08,87.08,26405
2026-09-04 15:36,87.1,87.15,87.07,87.07,14816
2026-09-04 15:37,87.035,87.14,87.035,87.085,17100
2026-09-04 15:38,87.1,87.105,87.05,87.0913,11547
2026-09-04 15:39,87.1,87.345,87.1,87.23,67143
2026-09-04 15:40,87.23,87.2786,87.225,87.23,7946
2026-09-04 15:41,87.225,87.29,87.21,87.258,16302
2026-09-04 15:42,87.27,87.4,87.27,87.39,18145
2026-09-04 15:43,87.3899,87.4,87.35,87.385,26037
2026-09-04 15:44,87.385,87.3999,87.34,87.3649,12094
2026-09-04 15:45,87.335,87.3351,87.23,87.3351,18043
2026-09-04 15:46,87.345,87.45,87.3,87.35,37920
2026-09-04 15:47,87.35,87.45,87.32,87.44,19963
2026-09-04 15:48,87.44,87.76,87.405,87.75,87317
2026-09-04 15:49,87.7,87.73,87.5999,87.6,25926
2026-09-04 15:50,87.6199,87.71,87.48,87.4835,33055
2026-09-04 15:51,87.49,87.75,87.49,87.735,30884
2026-09-04 15:52,87.735,87.75,87.63,87.65,77402
2026-09-04 15:53,87.68,87.77,87.65,87.7699,19527
2026-09-04 15:54,87.765,87.87,87.73,87.825,59102
2026-09-04 15:55,87.85,87.93,87.8003,87.91,76107
2026-09-04 15:56,87.92,87.9299,87.6318,87.6549,69117
2026-09-04 15:57,87.67,87.8199,87.64,87.745,20557
2026-09-04 15:58,87.7301,87.81,87.72,87.81,27156
2026-09-04 15:59,87.83,87.88,87.7501,87.815,29909
2026-09-04 16:00,87.8,87.89,87.7601,87.89,25741
2026-09-04 16:01,87.89,87.89,87.69,87.77,34065
2026-09-04 16:02,87.74,87.9299,87.74,87.915,35267
2026-09-04 16:03,87.915,87.915,87.825,87.85,13630
2026-09-04 16:04,87.855,87.88,87.83,87.8537,13485
2026-09-04 16:05,87.8485,87.89,87.7598,87.83,25648
2026-09-04 16:06,87.845,88.26,87.8101,87.88,245197
2026-09-04 16:07,87.9299,88.08,87.8688,88.05,61607
2026-09-04 16:08,88.035,88.18,88.01,88.16,33185
2026-09-04 16:09,88.16,88.1799,88.04,88.075,67204
2026-09-04 16:10,88.07,88.07,87.861,87.9,35665
2026-09-04 16:11,87.92,87.979,87.8724,87.93,23456
2026-09-04 16:12,87.95,87.95,87.8662,87.885,21000
2026-09-04 16:13,87.91,87.93,87.801,87.835,37144
2026-09-04 16:14,87.82,87.885,87.82,87.86,13313
2026-09-04 16:15,87.862,87.95,87.858,87.915,14658
2026-09-04 16:16,87.9092,88,87.83,87.8345,17781
2026-09-04 16:17,87.823,87.9858,87.8001,87.9858,15790
2026-09-04 16:18,87.9432,88.07,87.9432,88.04,29744
2026-09-04 16:19,88.01,88.048,88.005,88.03,8495
2026-09-04 16:20,88.04,88.175,87.99,88.0262,47073
2026-09-04 16:21,88.0325,88.09,87.979,87.99,18356
2026-09-04 16:22,87.9701,88.04,87.91,88.04,7790
2026-09-04 16:23,88.02,88.04,87.95,87.985,14087
2026-09-04 16:24,87.97,88,87.93,87.96,9372
2026-09-04 16:25,87.95,87.98,87.851,87.92,13167
2026-09-04 16:26,87.94,87.97,87.9,87.9,13523
2026-09-04 16:27,87.925,87.925,87.88,87.915,35876
2026-09-04 16:28,87.915,87.92,87.86,87.9099,17219
2026-09-04 16:29,87.8811,88.06,87.7501,87.9744,76633
2026-09-04 16:30,88.03,88.15,87.995,88.03,97752
2026-09-04 16:31,88.03,88.21,88.03,88.1801,12963
2026-09-04 16:32,88.2,88.22,88.0623,88.13,35504
2026-09-04 16:33,88.1201,88.25,88.1101,88.15,30058
2026-09-04 16:34,88.13,88.175,88.0275,88.175,28568
2026-09-04 16:35,88.19,88.23,88.13,88.179,17176
2026-09-04 16:36,88.1541,88.1667,88.045,88.06,37409
2026-09-04 16:37,88.0301,88.1,87.99,88.07,14242
2026-09-04 16:38,88.0712,88.14,88.04,88.04,23454
2026-09-04 16:39,88.08,88.085,87.9201,87.985,21772
2026-09-04 16:40,88,88.02,87.92,87.97,18522
2026-09-04 16:41,87.9406,87.9999,87.9289,87.9999,10651
2026-09-04 16:42,87.985,88.11,87.98,88.07,21250
2026-09-04 16:43,88.1,88.26,88.07,88.12,45889
2026-09-04 16:44,88.13,88.15,88.0348,88.1,16277
2026-09-04 16:45,88.095,88.21,88.085,88.16,23404
2026-09-04 16:46,88.18,88.2103,88.12,88.17,73433
2026-09-04 16:47,88.1577,88.25,88.14,88.23,18073
2026-09-04 16:48,88.235,88.3899,88.235,88.3899,46872
2026-09-04 16:49,88.375,88.6293,88.3701,88.5259,169511
2026-09-04 16:50,88.5,88.56,88.48,88.56,22371
2026-09-04 16:51,88.56,88.595,88.55,88.595,12661
2026-09-04 16:52,88.58,88.62,88.55,88.57,12823
2026-09-04 16:53,88.58,88.6,88.494,88.515,18670
2026-09-04 16:54,88.54,88.56,88.4704,88.485,18759
2026-09-04 16:55,88.51,88.61,88.49,88.565,23509
2026-09-04 16:56,88.5518,88.58,88.5,88.55,45989
2026-09-04 16:57,88.555,88.555,88.5,88.54,8380
2026-09-04 16:58,88.54,88.63,88.54,88.59,27966
2026-09-04 16:59,88.58,88.62,88.52,88.525,16698
2026-09-04 17:00,88.525,88.59,88.3,88.325,54423
2026-09-04 17:01,88.33,88.36,88.18,88.21,79480
2026-09-04 17:02,88.18,88.215,87.85,87.87,38483
2026-09-04 17:03,87.89,87.91,87.7501,87.8077,50466
2026-09-04 17:04,87.825,87.92,87.82,87.915,37844
2026-09-04 17:05,87.915,88.165,87.91,88.165,65977
2026-09-04 17:06,88.19,88.3357,88.1825,88.27,16051
2026-09-04 17:07,88.2701,88.4664,88.18,88.418,50261
2026-09-04 17:08,88.43,88.46,88.34,88.3772,16294
2026-09-04 17:09,88.38,88.42,88.301,88.37,22940
2026-09-04 17:10,88.37,88.38,88.2973,88.2973,18383
2026-09-04 17:11,88.32,88.39,88.3006,88.36,16366
2026-09-04 17:12,88.3318,88.367,88.28,88.367,20039
2026-09-04 17:13,88.36,88.53,88.34,88.5099,39040
2026-09-04 17:14,88.4632,88.57,88.46,88.5401,38958
2026-09-04 17:15,88.55,88.61,88.48,88.5,43371
2026-09-04 17:16,88.5,88.62,88.49,88.6,20205
2026-09-04 17:17,88.5895,88.7,88.5801,88.67,48357
2026-09-04 17:18,88.69,88.76,88.648,88.76,34897
2026-09-04 17:19,88.75,88.79,88.73,88.7556,51450
2026-09-04 17:20,88.78,88.8617,88.7201,88.75,85140
2026-09-04 17:21,88.75,88.85,88.7,88.7,41949
2026-09-04 17:22,88.715,88.82,88.71,88.74,44985
2026-09-04 17:23,88.735,88.79,88.7,88.71,37796
2026-09-04 17:24,88.705,88.82,88.58,88.8,141439
2026-09-04 17:25,88.805,88.92,88.77,88.83,66742
2026-09-04 17:26,88.8012,88.892,88.8,88.8756,42888
2026-09-04 17:27,88.8615,88.94,88.84,88.895,36808
2026-09-04 17:28,88.91,88.95,88.81,88.88,98748
2026-09-04 17:29,88.86,88.86,88.61,88.64,37305
2026-09-04 17:30,88.6487,88.67,88.56,88.6516,24052
2026-09-04 17:31,88.65,88.85,88.63,88.82,28186
2026-09-04 17:32,88.835,88.835,88.56,88.5857,30686
2026-09-04 17:33,88.575,88.6387,88.42,88.42,38529
2026-09-04 17:34,88.4111,88.57,88.4111,88.5,31377
2026-09-04 17:35,88.4913,88.59,88.4487,88.5742,25896
2026-09-04 17:36,88.54,88.555,88.49,88.51,16480
2026-09-04 17:37,88.5,88.5,88.36,88.4508,35865
2026-09-04 17:38,88.4301,88.46,88.4201,88.46,13213
2026-09-04 17:39,88.47,88.48,88.4116,88.42,16143
2026-09-04 17:40,88.421,88.47,88.39,88.47,14670
2026-09-04 17:41,88.48,88.48,88.41,88.41,4977
2026-09-04 17:42,88.42,88.442,88.38,88.38,14683
2026-09-04 17:43,88.37,88.62,88.37,88.5801,41560
2026-09-04 17:44,88.585,88.62,88.52,88.52,15735
2026-09-04 17:45,88.53,88.61,88.495,88.54,14192
2026-09-04 17:46,88.61,88.62,88.5208,88.545,8720
2026-09-04 17:47,88.56,88.635,88.54,88.6182,30510
2026-09-04 17:48,88.63,88.687,88.5925,88.6027,16848
2026-09-04 17:49,88.6248,88.765,88.61,88.71,31504
2026-09-04 17:50,88.7,88.74,88.6884,88.695,10362
2026-09-04 17:51,88.67,88.73,88.59,88.62,19616
2026-09-04 17:52,88.64,88.77,88.61,88.755,24518
2026-09-04 17:53,88.76,88.775,88.7,88.71,14924
2026-09-04 17:54,88.7,88.7,88.675,88.7,7696
2026-09-04 17:55,88.72,88.74,88.64,88.74,12081
2026-09-04 17:56,88.761,88.77,88.69,88.715,9587
2026-09-04 17:57,88.725,88.74,88.645,88.675,10045
2026-09-04 17:58,88.7,88.725,88.6308,88.665,20788
2026-09-04 17:59,88.6564,88.7,88.64,88.665,18867
2026-09-04 18:00,88.665,88.84,88.65,88.71,27667
2026-09-04 18:01,88.69,88.7,88.6,88.6,22660
2026-09-04 18:02,88.5887,88.62,88.415,88.415,22563
2026-09-04 18:03,88.42,88.45,88.37,88.3701,36114
2026-09-04 18:04,88.37,88.39,88.32,88.335,20242
2026-09-04 18:05,88.3436,88.45,88.34,88.4,60986
2026-09-04 18:06,88.42,88.47,88.35,88.4263,14800
2026-09-04 18:07,88.4207,88.4209,88.36,88.384,13258
2026-09-04 18:08,88.3829,88.47,88.3829,88.45,10997
2026-09-04 18:09,88.49,88.5394,88.42,88.48,19613
2026-09-04 18:10,88.47,88.55,88.47,88.55,20602
2026-09-04 18:11,88.54,88.64,88.54,88.58,19467
2026-09-04 18:12,88.59,88.59,88.4701,88.51,10391
2026-09-04 18:13,88.4946,88.53,88.4201,88.4201,10962
2026-09-04 18:14,88.44,88.51,88.4,88.4,13363
2026-09-04 18:15,88.42,88.555,88.42,88.525,16197
2026-09-04 18:16,88.56,88.59,88.48,88.535,8295
2026-09-04 18:17,88.535,88.5896,88.5071,88.54,29303
2026-09-04 18:18,88.515,88.57,88.515,88.55,10248
2026-09-04 18:19,88.53,88.53,88.46,88.47,11639
2026-09-04 18:20,88.52,88.5699,88.49,88.535,6262
2026-09-04 18:21,88.515,88.515,88.4,88.46,15931
2026-09-04 18:22,88.47,88.535,88.46,88.5,10746
2026-09-04 18:23,88.5,88.51,88.46,88.4856,8997
2026-09-04 18:24,88.5,88.55,88.49,88.545,11049
2026-09-04 18:25,88.53,88.55,88.49,88.4915,10954
2026-09-04 18:26,88.5001,88.5332,88.3404,88.36,18725
2026-09-04 18:27,88.34,88.38,88.295,88.38,16909
2026-09-04 18:28,88.39,88.43,88.34,88.3899,16143
2026-09-04 18:29,88.4,88.43,88.37,88.39,14022
2026-09-04 18:30,88.41,88.5,88.31,88.35,27572
2026-09-04 18:31,88.35,88.38,88.305,88.32,29790
2026-09-04 18:32,88.3,88.35,88.1,88.14,29008
2026-09-04 18:33,88.15,88.175,87.975,88.135,93198
2026-09-04 18:34,88.135,88.19,88.02,88.02,30300
2026-09-04 18:35,88.06,88.11,88.035,88.08,16164
2026-09-04 18:36,88.1,88.135,88.075,88.09,23946
2026-09-04 18:37,88.08,88.095,88.01,88.0799,18561
2026-09-04 18:38,88.04,88.09,88.03,88.07,34750
2026-09-04 18:39,88.06,88.08,88.03,88.06,33464
2026-09-04 18:40,88.06,88.0799,87.95,88,38538
2026-09-04 18:41,88,88.25,88,88.2197,178570
2026-09-04 18:42,88.2323,88.37,88.22,88.32,37656
2026-09-04 18:43,88.295,88.37,88.2859,88.36,40198
2026-09-04 18:44,88.27,88.43,88.27,88.4,14129
2026-09-04 18:45,88.42,88.4899,88.3977,88.4179,17125
2026-09-04 18:46,88.42,88.43,88.33,88.365,20099
2026-09-04 18:47,88.37,88.37,88.216,88.24,11430
2026-09-04 18:48,88.24,88.26,88.2202,88.235,11151
2026-09-04 18:49,88.23,88.23,88.12,88.21,15420
2026-09-04 18:50,88.21,88.29,88.2,88.26,14106
2026-09-04 18:51,88.2699,88.2699,88.1,88.14,15876
2026-09-04 18:52,88.11,88.1285,88.07,88.07,8429
2026-09-04 18:53,88.06,88.09,88.02,88.035,56762
2026-09-04 18:54,88.05,88.09,88.03,88.0555,16292
2026-09-04 18:55,88.045,88.06,88.0104,88.05,16021
2026-09-04 18:56,88.05,88.083,88.02,88.06,23225
2026-09-04 18:57,88.07,88.13,88.0197,88.09,24137
2026-09-04 18:58,88.12,88.1698,88.01,88.03,34675
2026-09-04 18:59,88.06,88.07,87.93,87.955,21755
2026-09-04 19:00,87.952,88.04,87.952,88.04,23308
2026-09-04 19:01,88.055,88.168,87.99,88.14,51692
2026-09-04 19:02,88.16,88.45,88.13,88.3831,76008
2026-09-04 19:03,88.4,88.64,88.37,88.58,43872
2026-09-04 19:04,88.56,88.75,88.56,88.7,22494
2026-09-04 19:05,88.71,88.78,88.49,88.54,76170
2026-09-04 19:06,88.5075,88.7,88.43,88.69,80926
2026-09-04 19:07,88.68,88.7699,88.65,88.65,20961
2026-09-04 19:08,88.65,88.676,88.5401,88.635,98433
2026-09-04 19:09,88.635,88.635,88.5,88.6,34117
2026-09-04 19:10,88.595,88.765,88.56,88.765,34818
2026-09-04 19:11,88.765,88.805,88.7,88.79,35141
2026-09-04 19:12,88.78,88.844,88.7528,88.76,21125
2026-09-04 19:13,88.77,88.92,88.77,88.8,38750
2026-09-04 19:14,88.8,88.875,88.76,88.82,37042
2026-09-04 19:15,88.85,89,88.85,88.91,120139
2026-09-04 19:16,88.91,88.91,88.6,88.7596,232530
2026-09-04 19:17,88.755,88.85,88.73,88.83,22515
2026-09-04 19:18,88.83,88.89,88.78,88.81,81459
2026-09-04 19:19,88.8,88.85,88.74,88.85,18382
2026-09-04 19:20,88.84,88.9454,88.8101,88.935,19639
2026-09-04 19:21,88.93,89.085,88.92,89.085,43500
2026-09-04 19:22,89.085,89.095,89.025,89.035,52464
2026-09-04 19:23,89.03,89.115,89.025,89.0928,46550
2026-09-04 19:24,89.09,89.12,88.9403,89.07,32353
2026-09-04 19:25,89.07,89.16,89.06,89.0951,39110
2026-09-04 19:26,89.11,89.1301,89.043,89.115,35978
2026-09-04 19:27,89.12,89.18,89.02,89.02,35823
2026-09-04 19:28,89.05,89.19,89.045,89.19,33166
2026-09-04 19:29,89.19,89.37,89.17,89.35,86302
2026-09-04 19:30,89.33,89.37,89.2218,89.33,41626
2026-09-04 19:31,89.34,89.4208,89.34,89.375,41373
2026-09-04 19:32,89.375,89.4,89.28,89.28,83283
2026-09-04 19:33,89.245,89.35,89.2325,89.3189,30658
2026-09-04 19:34,89.325,89.58,89.325,89.5399,104732
2026-09-04 19:35,89.5399,89.6,89.33,89.36,61397
2026-09-04 19:36,89.36,89.39,89.2607,89.2928,36278
2026-09-04 19:37,89.32,89.575,89.29,89.55,58910
2026-09-04 19:38,89.55,89.55,89.325,89.42,47531
2026-09-04 19:39,89.42,89.51,89.39,89.47,37150
2026-09-04 19:40,89.46,89.55,89.44,89.48,69312
2026-09-04 19:41,89.46,89.5,89.4,89.44,39314
2026-09-04 19:42,89.42,89.52,89.4,89.495,53657
2026-09-04 19:43,89.49,89.63,89.45,89.4854,94226
2026-09-04 19:44,89.47,89.63,89.47,89.58,57379
2026-09-04 19:45,89.57,89.57,89.45,89.4972,51161
2026-09-04 19:46,89.505,89.6,89.46,89.6,60839
2026-09-04 19:47,89.58,89.62,89.445,89.46,48282
2026-09-04 19:48,89.445,89.445,89.26,89.306,78106
2026-09-04 19:49,89.31,89.37,89.27,89.355,47099
2026-09-04 19:50,89.36,89.51,89.36,89.445,78565
2026-09-04 19:51,89.445,89.6,89.445,89.55,114988
2026-09-04 19:52,89.57,89.58,89.42,89.47,64031
2026-09-04 19:53,89.465,89.465,89.21,89.25,78652
2026-09-04 19:54,89.245,89.37,89.12,89.35,79181
2026-09-04 19:55,89.34,89.41,89.105,89.37,143890
2026-09-04 19:56,89.38,89.43,89.21,89.4,107965
2026-09-04 19:57,89.4,89.5248,89.34,89.37,138683
2026-09-04 19:58,89.3638,89.38,89.31,89.35,161534
2026-09-04 19:59,89.34,89.36,89.3,89.35,313184
2026-09-08 13:30,92.95,94.77,92.9,94.6595,2.39043e+06
2026-09-08 13:31,94.68,95.22,94.2801,94.82,522794
2026-09-08 13:32,94.82,94.82,94.32,94.58,263877
2026-09-08 13:33,94.56,94.62,94.11,94.47,313542
2026-09-08 13:34,94.43,94.55,93.721,93.84,235762
2026-09-08 13:35,93.8575,93.98,93.3001,93.73,159528
2026-09-08 13:36,93.64,94.58,93.5802,94.47,181183
2026-09-08 13:37,94.49,94.84,94.44,94.83,196669
2026-09-08 13:38,94.81,94.815,94.18,94.4811,210815
2026-09-08 13:39,94.51,94.78,94.4401,94.5649,147413
2026-09-08 13:40,94.5644,94.75,94.21,94.365,152694
2026-09-08 13:41,94.3,94.9,94.182,94.83,197290
2026-09-08 13:42,94.835,94.85,94.4,94.52,150504
2026-09-08 13:43,94.5954,94.8792,94.48,94.775,167087
2026-09-08 13:44,94.775,95.38,94.775,95.3514,391137
2026-09-08 13:45,95.35,95.845,95.2,95.65,276391
2026-09-08 13:46,95.65,96.505,95.6356,96.345,386746
2026-09-08 13:47,96.33,96.4262,95.8,96.15,287202
2026-09-08 13:48,96.15,96.2,95.89,96.12,166052
2026-09-08 13:49,96.115,96.315,95.96,96.315,166027
2026-09-08 13:50,96.33,96.55,96.2,96.2201,162568
2026-09-08 13:51,96.2256,96.45,96.19,96.33,159525
2026-09-08 13:52,96.34,96.34,95.45,95.54,221084
2026-09-08 13:53,95.5,95.5499,95.22,95.335,135052
2026-09-08 13:54,95.32,95.7395,95.25,95.7395,93928
2026-09-08 13:55,95.715,95.93,95.5801,95.93,113087
2026-09-08 13:56,95.955,96.149,95.8,95.85,143504
2026-09-08 13:57,95.88,96.22,95.82,96.19,91623
2026-09-08 13:58,96.21,96.265,96.03,96.135,82900
2026-09-08 13:59,96.16,96.38,96,96.2745,116094
2026-09-08 14:00,96.295,96.43,96.2,96.32,108203
2026-09-08 14:01,96.2301,96.32,95.91,95.9929,97915
2026-09-08 14:02,95.99,96.23,95.8,96,102905
2026-09-08 14:03,96.05,96.2,95.7792,95.9,70389
2026-09-08 14:04,95.92,96,95.83,95.885,48721
2026-09-08 14:05,95.91,95.96,95.69,95.7901,75418
2026-09-08 14:06,95.785,95.9,95.54,95.565,76487
2026-09-08 14:07,95.59,95.75,95.36,95.69,138641
2026-09-08 14:08,95.655,95.9,95.655,95.8793,72486
2026-09-08 14:09,95.85,95.88,95.2448,95.26,81349
2026-09-08 14:10,95.25,95.4384,95.14,95.36,77263
2026-09-08 14:11,95.365,95.58,95.3,95.4451,79527
2026-09-08 14:12,95.445,95.75,95.4101,95.75,84690
2026-09-08 14:13,95.72,95.79,95.4901,95.65,83397
2026-09-08 14:14,95.64,95.6745,95.361,95.54,55780
2026-09-08 14:15,95.58,95.89,95.58,95.875,53515
2026-09-08 14:16,95.875,95.9699,95.73,95.825,65316
2026-09-08 14:17,95.8,95.89,95.65,95.6523,56441
2026-09-08 14:18,95.665,95.98,95.641,95.9,61230
2026-09-08 14:19,95.9001,96.01,95.81,95.8615,74015
2026-09-08 14:20,95.88,96.1256,95.855,96.11,85285
2026-09-08 14:21,96.13,96.16,95.88,95.89,60946
2026-09-08 14:22,95.88,95.89,95.66,95.7085,66822
2026-09-08 14:23,95.71,95.85,95.68,95.8,75171
2026-09-08 14:24,95.82,95.87,95.7544,95.84,44862
2026-09-08 14:25,95.84,95.87,95.74,95.74,38763
2026-09-08 14:26,95.735,95.79,95.502,95.545,53177
2026-09-08 14:27,95.59,95.59,95.2901,95.365,70220
2026-09-08 14:28,95.365,95.5499,95.2829,95.5499,54910
2026-09-08 14:29,95.5499,95.69,95.4724,95.68,47127
2026-09-08 14:30,95.644,95.695,95.41,95.52,34217
2026-09-08 14:31,95.5262,95.7,95.51,95.67,48395
2026-09-08 14:32,95.685,95.9,95.62,95.9,59390
2026-09-08 14:33,95.87,96.04,95.72,96.04,84137
2026-09-08 14:34,96.0599,96.25,96.0135,96.1,92426
2026-09-08 14:35,96.0668,96.3,96.0668,96.22,49298
2026-09-08 14:36,96.2,96.29,96.05,96.17,82478
2026-09-08 14:37,96.16,96.34,96.04,96.09,144485
2026-09-08 14:38,96.09,96.325,96.0535,96.325,39531
2026-09-08 14:39,96.325,96.35,96.2,96.25,45358
2026-09-08 14:40,96.27,96.4,96.1701,96.3824,65397
2026-09-08 14:41,96.37,96.68,96.3604,96.68,180466
2026-09-08 14:42,96.665,96.85,96.5315,96.65,151812
2026-09-08 14:43,96.73,96.8499,96.6806,96.6806,83753
2026-09-08 14:44,96.7,96.84,96.555,96.572,103826
2026-09-08 14:45,96.6,96.88,96.6,96.86,66114
2026-09-08 14:46,96.855,97,96.6712,96.835,281160
2026-09-08 14:47,96.8351,96.94,96.79,96.88,85230
2026-09-08 14:48,96.88,96.95,96.8,96.95,64239
2026-09-08 14:49,96.95,97.1,96.89,96.98,132223
2026-09-08 14:50,97,97.7399,96.99,97.64,280749
2026-09-08 14:51,97.68,98.2,97.63,98.14,336657
2026-09-08 14:52,98.17,98.38,98.03,98.19,275446
2026-09-08 14:53,98.18,98.23,97.94,98.1486,181147
2026-09-08 14:54,98.17,98.3,98.1201,98.2,104492
2026-09-08 14:55,98.19,98.28,98.16,98.2192,111905
2026-09-08 14:56,98.2,98.34,98.18,98.2601,150653
2026-09-08 14:57,98.265,98.63,98.23,98.585,277891
2026-09-08 14:58,98.5825,98.92,98.51,98.86,221876
2026-09-08 14:59,98.86,98.95,98.6837,98.6837,157456
2026-09-08 15:00,98.7,98.95,98.49,98.84,297887
2026-09-08 15:01,98.84,98.99,98.64,98.745,224416
2026-09-08 15:02,98.745,98.78,98.4745,98.52,118186
2026-09-08 15:03,98.52,98.73,98.504,98.73,62124
2026-09-08 15:04,98.76,98.91,98.66,98.79,74808
2026-09-08 15:05,98.83,98.95,98.7841,98.7841,72812
2026-09-08 15:06,98.7856,98.82,98.61,98.62,73694
2026-09-08 15:07,98.6126,98.7215,98.6,98.685,67714
2026-09-08 15:08,98.6901,98.76,98.619,98.76,62938
2026-09-08 15:09,98.775,98.9114,98.7501,98.87,75205
2026-09-08 15:10,98.87,99.02,98.852,98.9259,192570
2026-09-08 15:11,98.9238,99.28,98.9238,99.14,191520
2026-09-08 15:12,99.14,99.39,99.05,99.39,200554
2026-09-08 15:13,99.33,99.39,99.1,99.33,176967
2026-09-08 15:14,99.32,99.88,99.32,99.83,311966
2026-09-08 15:15,99.82,99.8599,99.71,99.8,172147
2026-09-08 15:16,99.815,100.22,99.78,100.211,652022
2026-09-08 15:17,100.22,100.42,100.18,100.325,330634
2026-09-08 15:18,100.34,100.65,100.32,100.59,234114
2026-09-08 15:19,100.6,100.67,100.41,100.51,191930
2026-09-08 15:20,100.49,100.77,100.41,100.75,254617
2026-09-08 15:21,100.73,100.75,100.527,100.666,180068
2026-09-08 15:22,100.675,100.8,100.6,100.77,168059
2026-09-08 15:23,100.8,100.88,100.62,100.73,154531
2026-09-08 15:24,100.74,101.14,100.672,101.13,225743
2026-09-08 15:25,101.16,101.69,101.12,101.625,499180
2026-09-08 15:26,101.64,101.9,101.6,101.86,314190
2026-09-08 15:27,101.85,101.98,101.57,101.79,313864
2026-09-08 15:28,101.79,101.95,101.71,101.934,187406
2026-09-08 15:29,101.94,102.25,101.84,102.19,348238
2026-09-08 15:30,102.19,102.24,101.8,101.82,251293
2026-09-08 15:31,101.78,102.2,101.74,102.14,192471
2026-09-08 15:32,102.14,102.48,102.105,102.38,230189
2026-09-08 15:33,102.39,102.48,102.2,102.215,229707
2026-09-08 15:34,102.19,102.5,102.15,102.4,218371
2026-09-08 15:35,102.395,102.61,102.38,102.558,200364
2026-09-08 15:36,102.56,102.73,102.3,102.717,197455
2026-09-08 15:37,102.71,102.77,102.33,102.63,564657
2026-09-08 15:38,102.653,102.72,102.515,102.582,119632
2026-09-08 15:39,102.575,103.07,102.51,103.05,291161
2026-09-08 15:40,103.05,103.36,103,103.29,335530
2026-09-08 15:41,103.29,103.696,103.21,103.548,272914
2026-09-08 15:42,103.56,103.795,103.48,103.57,284085
2026-09-08 15:43,103.58,103.61,103.35,103.545,241245
2026-09-08 15:44,103.53,103.54,103.16,103.31,293207
2026-09-08 15:45,103.327,103.49,103.26,103.38,154946
2026-09-08 15:46,103.36,103.44,102.62,102.91,455002
2026-09-08 15:47,102.94,102.99,102.78,102.96,124743
2026-09-08 15:48,102.925,103.1,102.7,102.775,156923
2026-09-08 15:49,102.79,102.83,102.315,102.385,190405
2026-09-08 15:50,102.4,102.45,102.11,102.16,198754
2026-09-08 15:51,102.185,102.32,102.07,102.165,168448
2026-09-08 15:52,102.17,102.39,102.05,102.12,330044
2026-09-08 15:53,102.125,102.32,102.1,102.31,128314
2026-09-08 15:54,102.325,102.39,102.21,102.39,69604
2026-09-08 15:55,102.37,102.67,102.34,102.63,154906
2026-09-08 15:56,102.64,103.21,102.59,103.045,187136
2026-09-08 15:57,103.045,103.14,102.7,103.01,159430
2026-09-08 15:58,103.015,103.32,102.92,103.13,162371
2026-09-08 15:59,103.09,103.25,102.925,103.21,118890
2026-09-08 16:00,103.21,103.25,102.776,102.935,122832
2026-09-08 16:01,102.91,102.91,102.45,102.67,170606
2026-09-08 16:02,102.7,102.89,102.57,102.65,103330
2026-09-08 16:03,102.667,102.86,102.65,102.83,72376
2026-09-08 16:04,102.866,102.9,102.7,102.88,82017
2026-09-08 16:05,102.88,102.93,102.552,102.675,80560
2026-09-08 16:06,102.67,102.78,102.58,102.76,60566
2026-09-08 16:07,102.75,103.02,102.64,102.903,172387
2026-09-08 16:08,102.905,103.1,102.83,102.965,109768
2026-09-08 16:09,102.98,102.99,102.88,102.88,49435
2026-09-08 16:10,102.88,102.929,102.51,102.557,97762
2026-09-08 16:11,102.535,102.54,102.28,102.3,132668
2026-09-08 16:12,102.295,102.37,102.24,102.33,125396
2026-09-08 16:13,102.33,102.42,102.27,102.415,90028
2026-09-08 16:14,102.415,102.589,102.35,102.589,97699
2026-09-08 16:15,102.585,102.68,102.49,102.6,84288
2026-09-08 16:16,102.6,102.6,102.42,102.448,84666
2026-09-08 16:17,102.445,102.45,102.28,102.311,64576
2026-09-08 16:18,102.3,102.59,102.2,102.39,93432
2026-09-08 16:19,102.38,102.4,102.24,102.29,52092
2026-09-08 16:20,102.28,102.54,102.22,102.46,89486
2026-09-08 16:21,102.45,102.65,102.36,102.62,76312
2026-09-08 16:22,102.65,102.685,102.58,102.638,63079
2026-09-08 16:23,102.635,102.64,102.43,102.595,71698
2026-09-08 16:24,102.592,102.592,102.48,102.565,50143
2026-09-08 16:25,102.57,102.61,102.39,102.48,42884
2026-09-08 16:26,102.47,102.48,102.31,102.39,57689
2026-09-08 16:27,102.372,102.606,102.34,102.535,89542
2026-09-08 16:28,102.52,102.57,102.41,102.46,60450
2026-09-08 16:29,102.46,102.5,102.328,102.385,58322
2026-09-08 16:30,102.36,102.54,102.3,102.48,64118
2026-09-08 16:31,102.48,102.56,102.34,102.42,69678
2026-09-08 16:32,102.42,102.5,102.351,102.47,63540
2026-09-08 16:33,102.495,102.58,102.39,102.58,78873
2026-09-08 16:34,102.565,102.69,102.505,102.58,73562
2026-09-08 16:35,102.59,102.73,102.54,102.707,62256
2026-09-08 16:36,102.7,102.84,102.64,102.735,70888
2026-09-08 16:37,102.735,103.07,102.72,103.03,195321
2026-09-08 16:38,103.058,103.14,103,103.111,86976
2026-09-08 16:39,103.1,103.302,103.07,103.285,164982
2026-09-08 16:40,103.29,103.38,103.16,103.19,88585
2026-09-08 16:41,103.17,103.21,103.06,103.195,97115
2026-09-08 16:42,103.21,103.3,102.92,103.03,105212
2026-09-08 16:43,102.92,103.24,102.906,103.2,79085
2026-09-08 16:44,103.225,103.34,103.08,103.08,89215
2026-09-08 16:45,103.09,103.19,103.064,103.075,53288
2026-09-08 16:46,103.07,103.46,103.065,103.445,151054
2026-09-08 16:47,103.47,103.55,103.38,103.54,171296
2026-09-08 16:48,103.55,103.65,103.5,103.598,97234
2026-09-08 16:49,103.58,103.78,103.58,103.76,147290
2026-09-08 16:50,103.74,104.06,103.63,103.929,281822
2026-09-08 16:51,103.915,103.93,103.67,103.693,94930
2026-09-08 16:52,103.68,104,103.68,103.93,82846
2026-09-08 16:53,103.93,104,103.88,103.95,68413
2026-09-08 16:54,103.962,104,103.85,103.875,79930
2026-09-08 16:55,103.875,103.945,103.73,103.78,88196
2026-09-08 16:56,103.785,103.88,103.595,103.595,88866
2026-09-08 16:57,103.58,103.64,103.32,103.345,102439
2026-09-08 16:58,103.37,103.435,103.24,103.33,81824
2026-09-08 16:59,103.346,103.405,103.25,103.31,82716
2026-09-08 17:00,103.31,103.79,103.31,103.79,77689
2026-09-08 17:01,103.766,103.82,103.628,103.69,78683
2026-09-08 17:02,103.69,103.755,103.64,103.7,89315
2026-09-08 17:03,103.7,103.91,103.575,103.882,71749
2026-09-08 17:04,103.894,104.16,103.87,104.07,166236
2026-09-08 17:05,104.07,104.338,104,104.015,153726
2026-09-08 17:06,104.025,104.21,103.89,104.106,90117
2026-09-08 17:07,104.112,104.59,104.07,104.48,172154
2026-09-08 17:08,104.481,104.5,104.013,104.12,121256
2026-09-08 17:09,104.12,104.15,103.82,103.9,98051
2026-09-08 17:10,103.88,103.95,103.77,103.925,80204
2026-09-08 17:11,103.95,103.99,103.78,103.81,59034
2026-09-08 17:12,103.8,104.03,103.75,103.93,69835
2026-09-08 17:13,103.93,103.956,103.691,103.915,110330
2026-09-08 17:14,103.94,103.94,103.411,103.52,109825
2026-09-08 17:15,103.535,103.59,103.43,103.525,85561
2026-09-08 17:16,103.525,103.74,103.525,103.65,62575
2026-09-08 17:17,103.64,103.755,103.545,103.65,54498
2026-09-08 17:18,103.64,103.7,103.59,103.645,62396
2026-09-08 17:19,103.645,103.69,103.57,103.6,69868
2026-09-08 17:20,103.6,103.66,103.38,103.38,69662
2026-09-08 17:21,103.38,103.44,103.12,103.2,112561
2026-09-08 17:22,103.2,103.37,103.196,103.295,65106
2026-09-08 17:23,103.28,103.36,103.14,103.18,63706
2026-09-08 17:24,103.18,103.23,102.84,102.865,89017
2026-09-08 17:25,102.85,102.9,102.72,102.75,91635
2026-09-08 17:26,102.74,103,102.663,102.93,117778
2026-09-08 17:27,102.92,103.05,102.794,103.005,61445
2026-09-08 17:28,103.01,103.19,102.97,103.168,53985
2026-09-08 17:29,103.18,103.26,103.149,103.169,55169
2026-09-08 17:30,103.19,103.24,102.97,103.115,111893
2026-09-08 17:31,103.12,103.25,103.06,103.25,77662
2026-09-08 17:32,103.24,103.27,103.19,103.245,39155
2026-09-08 17:33,103.25,103.29,103.194,103.21,34875
2026-09-08 17:34,103.192,103.33,103.192,103.235,59233
2026-09-08 17:35,103.235,103.26,103.102,103.13,34111
2026-09-08 17:36,103.135,103.205,103.07,103.11,40277
2026-09-08 17:37,103.12,103.23,102.96,103.06,74671
2026-09-08 17:38,103.075,103.15,103.03,103.035,93608
2026-09-08 17:39,103.035,103.08,102.98,103.01,52549
2026-09-08 17:40,103.037,103.18,103,103.14,40178
2026-09-08 17:41,103.15,103.15,102.98,103.105,36072
2026-09-08 17:42,103.1,103.151,103.035,103.04,50247
2026-09-08 17:43,103.05,103.13,103.04,103.06,30866
2026-09-08 17:44,103.05,103.055,102.7,102.72,274359
2026-09-08 17:45,102.72,102.99,102.68,102.68,88433
2026-09-08 17:46,102.67,102.73,102.58,102.66,50521
2026-09-08 17:47,102.635,102.79,102.575,102.74,59553
2026-09-08 17:48,102.73,102.73,102.49,102.53,51828
2026-09-08 17:49,102.51,102.672,102.37,102.672,76978
2026-09-08 17:50,102.65,102.771,102.628,102.77,124405
2026-09-08 17:51,102.79,102.8,102.61,102.78,152753
2026-09-08 17:52,102.768,102.91,102.74,102.887,34098
2026-09-08 17:53,102.88,102.96,102.83,102.86,175823
2026-09-08 17:54,102.88,102.98,102.71,102.82,119741
2026-09-08 17:55,102.79,102.845,102.63,102.7,102007
2026-09-08 17:56,102.652,102.72,102.5,102.565,46890
2026-09-08 17:57,102.54,102.632,102.49,102.49,46067
2026-09-08 17:58,102.49,102.58,102.35,102.39,48534
2026-09-08 17:59,102.39,102.46,102.25,102.295,44569
2026-09-08 18:00,102.27,102.42,102.25,102.31,50743
2026-09-08 18:01,102.27,102.32,101.815,101.9,135887
2026-09-08 18:02,101.88,102.14,101.853,102.03,96297
2026-09-08 18:03,102.042,102.07,101.865,101.94,47312
2026-09-08 18:04,101.95,102.095,101.92,102.095,66769
2026-09-08 18:05,102.078,102.11,101.875,102.04,51790
2026-09-08 18:06,102.07,102.27,102.07,102.25,58244
2026-09-08 18:07,102.21,102.23,102.125,102.185,54500
2026-09-08 18:08,102.185,102.24,102.154,102.21,45500
2026-09-08 18:09,102.19,102.213,102.08,102.08,103351
2026-09-08 18:10,102.095,102.185,102.095,102.18,37053
2026-09-08 18:11,102.15,102.24,102.04,102.043,52924
2026-09-08 18:12,102.031,102.15,102.011,102.095,53689
2026-09-08 18:13,102.08,102.17,102.08,102.12,34459
2026-09-08 18:14,102.14,102.15,101.99,102.085,37765
2026-09-08 18:15,102.12,102.22,102.06,102.08,37458
2026-09-08 18:16,102.08,102.239,102.06,102.21,26655
2026-09-08 18:17,102.23,102.23,102.121,102.18,33611
2026-09-08 18:18,102.16,102.21,102.09,102.15,48585
2026-09-08 18:19,102.13,102.22,102.12,102.136,28716
2026-09-08 18:20,102.11,102.18,101.919,101.95,46388
2026-09-08 18:21,101.98,102.01,101.8,101.82,42800
2026-09-08 18:22,101.815,101.815,101.514,101.54,105837
2026-09-08 18:23,101.565,101.6,101.28,101.34,98205
2026-09-08 18:24,101.36,101.48,101.3,101.335,76210
2026-09-08 18:25,101.325,101.39,101.295,101.323,53263
2026-09-08 18:26,101.33,101.5,101.21,101.475,94161
2026-09-08 18:27,101.489,101.549,101.33,101.4,85639
2026-09-08 18:28,101.43,101.59,101.4,101.565,44613
2026-09-08 18:29,101.565,101.82,101.561,101.75,68150
2026-09-08 18:30,101.735,101.81,101.615,101.72,57431
2026-09-08 18:31,101.698,101.78,101.622,101.64,59869
2026-09-08 18:32,101.64,101.85,101.64,101.775,58971
2026-09-08 18:33,101.77,101.8,101.58,101.67,56968
2026-09-08 18:34,101.67,101.69,101.38,101.41,44540
2026-09-08 18:35,101.43,101.47,101.22,101.33,265193
2026-09-08 18:36,101.37,101.4,101.28,101.28,123166
2026-09-08 18:37,101.27,101.35,101.21,101.32,38798
2026-09-08 18:38,101.31,101.452,101.28,101.33,41527
2026-09-08 18:39,101.33,101.33,101.02,101.037,86343
2026-09-08 18:40,101.03,101.21,101.01,101.03,69976
2026-09-08 18:41,101.01,101.1,100.87,100.94,114626
2026-09-08 18:42,100.97,101.16,100.93,101.08,122358
2026-09-08 18:43,101.075,101.1,101.04,101.075,30195
2026-09-08 18:44,101.1,101.218,101.1,101.175,32537
2026-09-08 18:45,101.175,101.3,101.154,101.216,54121
2026-09-08 18:46,101.2,101.31,101.17,101.275,33877
2026-09-08 18:47,101.3,101.32,100.91,100.94,103480
2026-09-08 18:48,100.97,101.04,100.65,100.651,81100
2026-09-08 18:49,100.65,101.02,100.59,100.92,95734
2026-09-08 18:50,100.96,101.16,100.96,101.16,55917
2026-09-08 18:51,101.18,101.23,101.03,101.03,63123
2026-09-08 18:52,101.02,101.021,100.76,100.8,165163
2026-09-08 18:53,100.76,101.03,100.73,101.025,74584
2026-09-08 18:54,101.02,101.02,100.87,100.9,42587
2026-09-08 18:55,100.96,101.02,100.87,100.93,66330
2026-09-08 18:56,100.935,100.98,100.855,100.87,35701
2026-09-08 18:57,100.85,100.934,100.845,100.875,43745
2026-09-08 18:58,100.875,101,100.84,100.97,38302
2026-09-08 18:59,100.96,101,100.88,100.944,2910
2026-09-08 19:00,100.96,101,100.71,100.762,72632
2026-09-08 19:01,100.78,100.949,100.71,100.926,36613
2026-09-08 19:02,100.93,101,100.87,100.98,44442
2026-09-08 19:03,100.99,101.02,100.93,100.94,39467
2026-09-08 19:04,100.94,101.01,100.858,100.9,51125
2026-09-08 19:05,100.89,100.95,100.813,100.85,31366
2026-09-08 19:06,100.83,100.921,100.75,100.89,50446
2026-09-08 19:07,100.9,100.99,100.83,100.95,37842
2026-09-08 19:08,100.92,100.95,100.88,100.9,94313
2026-09-08 19:09,100.91,100.93,100.816,100.84,29396
2026-09-08 19:10,100.84,101,100.81,100.905,66461
2026-09-08 19:11,100.905,100.96,100.86,100.87,31521
2026-09-08 19:12,100.875,101.07,100.875,100.97,125483
2026-09-08 19:13,100.96,101.13,100.92,101.114,66786
2026-09-08 19:14,101.11,101.14,100.75,100.75,87673
2026-09-08 19:15,100.76,100.93,100.75,100.8,137637
2026-09-08 19:16,100.8,100.96,100.755,100.94,53061
2026-09-08 19:17,100.93,101.05,100.761,100.86,142424
2026-09-08 19:18,100.845,100.86,100.66,100.688,67393
2026-09-08 19:19,100.7,100.83,100.48,100.52,68734
2026-09-08 19:20,100.52,100.62,100.42,100.48,90124
2026-09-08 19:21,100.47,100.74,100.454,100.665,87977
2026-09-08 19:22,100.66,100.66,100.43,100.525,48169
2026-09-08 19:23,100.525,100.725,100.47,100.68,180523
2026-09-08 19:24,100.7,100.75,100.68,100.71,43322
2026-09-08 19:25,100.7,100.8,100.585,100.78,54320
2026-09-08 19:26,100.78,100.78,100.69,100.7,38987
2026-09-08 19:27,100.71,100.78,100.645,100.75,74958
2026-09-08 19:28,100.745,100.76,100.61,100.64,47655
2026-09-08 19:29,100.65,100.67,100.41,100.435,102076
2026-09-08 19:30,100.43,100.5,100.279,100.36,75400
2026-09-08 19:31,100.34,100.37,100.17,100.25,72129
2026-09-08 19:32,100.24,100.345,100.18,100.26,87140
2026-09-08 19:33,100.28,100.31,100.01,100.04,113455
2026-09-08 19:34,100.04,100.16,99.8801,99.99,112528
2026-09-08 19:35,99.99,100.025,99.87,99.9,97631
2026-09-08 19:36,99.88,99.97,99.78,99.8,84406
2026-09-08 19:37,99.8,99.85,99.69,99.805,87141
2026-09-08 19:38,99.83,99.95,99.81,99.92,68396
2026-09-08 19:39,99.905,99.92,99.8,99.81,49797
2026-09-08 19:40,99.81,99.885,99.7001,99.875,73548
2026-09-08 19:41,99.875,99.99,99.78,99.965,96241
2026-09-08 19:42,99.95,99.96,99.79,99.905,65375
2026-09-08 19:43,99.92,99.92,99.67,99.6924,69627
2026-09-08 19:44,99.685,99.9,99.685,99.9,91986
2026-09-08 19:45,99.9,99.94,99.82,99.8563,72402
2026-09-08 19:46,99.85,99.875,99.71,99.715,52291
2026-09-08 19:47,99.72,99.87,99.68,99.8006,73123
2026-09-08 19:48,99.78,99.82,99.73,99.8099,108720
2026-09-08 19:49,99.7601,99.8299,99.753,99.8,54043
2026-09-08 19:50,99.81,100.04,99.81,99.975,221722
2026-09-08 19:51,99.985,100.02,99.8797,99.955,104339
2026-09-08 19:52,99.95,99.96,99.87,99.92,100497
2026-09-08 19:53,99.915,100,99.75,99.81,187724
2026-09-08 19:54,99.88,99.94,99.8,99.825,121563
2026-09-08 19:55,99.81,99.825,99.61,99.68,227274
2026-09-08 19:56,99.695,99.84,99.63,99.83,188650
2026-09-08 19:57,99.845,99.94,99.81,99.9,280845
2026-09-08 19:58,99.9,99.98,99.89,99.895,317282
2026-09-08 19:59,99.895,99.9,99.76,99.82,563236
2026-09-09 13:30,99.99,100.581,99.52,100.504,1.08108e+06
2026-09-09 13:31,100.53,100.55,99.2901,99.335,170744
2026-09-09 13:32,99.315,99.315,98.801,99.185,82681
2026-09-09 13:33,99.185,99.7399,99.115,99.575,112294
2026-09-09 13:34,99.575,99.575,99.1,99.47,49055
2026-09-09 13:35,99.39,99.87,99.3,99.665,67838
2026-09-09 13:36,99.605,99.61,99.04,99.44,86160
2026-09-09 13:37,99.4,99.6675,99.27,99.525,60401
2026-09-09 13:38,99.55,99.69,99.26,99.42,65709
2026-09-09 13:39,99.425,99.66,99.28,99.37,53115
2026-09-09 13:40,99.37,99.5,98.93,99.09,98697
2026-09-09 13:41,99.09,99.46,98.93,99.43,63335
2026-09-09 13:42,99.4686,99.71,99.09,99.71,93507
2026-09-09 13:43,99.7465,99.8,98.91,99.08,121028
2026-09-09 13:44,99.11,99.79,99.095,99.66,90229
2026-09-09 13:45,99.5,99.87,99.378,99.5,95377
2026-09-09 13:46,99.474,99.59,99.4,99.445,42900
2026-09-09 13:47,99.44,99.71,99.44,99.575,53098
2026-09-09 13:48,99.55,100.27,99.55,100.2,135011
2026-09-09 13:49,100.185,100.41,99.84,99.965,104930
2026-09-09 13:50,99.9,99.958,99.45,99.605,85985
2026-09-09 13:51,99.605,100.22,99.56,100.08,77433
2026-09-09 13:52,100.04,100.153,99.82,100.102,48165
2026-09-09 13:53,100.06,100.18,99.9,99.93,45502
2026-09-09 13:54,99.96,99.96,99.6101,99.84,111211
2026-09-09 13:55,99.85,100.03,99.74,99.92,59595
2026-09-09 13:56,99.92,100.205,99.7414,100.13,71508
2026-09-09 13:57,100.13,100.57,100.125,100.39,95300
2026-09-09 13:58,100.36,100.439,99.9,99.985,66485
2026-09-09 13:59,99.95,100.055,99.81,100.055,67315
2026-09-09 14:00,100.12,100.12,99.8801,100.1,33325
2026-09-09 14:01,100.11,100.17,99.75,99.845,63872
2026-09-09 14:02,99.9,100.16,99.83,100.095,61636
2026-09-09 14:03,100.15,100.31,99.9102,100.291,34415
2026-09-09 14:04,100.269,100.28,100.04,100.085,37277
2026-09-09 14:05,100.049,100.2,99.91,100.04,46294
2026-09-09 14:06,99.96,100,99.74,99.82,54389
2026-09-09 14:07,99.84,99.965,99.8,99.88,34068
2026-09-09 14:08,99.88,100,99.77,99.86,28370
2026-09-09 14:09,99.865,99.865,99.73,99.7999,31385
2026-09-09 14:10,99.795,99.89,99.7,99.8099,38235
2026-09-09 14:11,99.73,99.845,99.45,99.55,52773
2026-09-09 14:12,99.58,99.705,99.521,99.65,31731
2026-09-09 14:13,99.65,99.8922,99.61,99.8922,33799
2026-09-09 14:14,99.905,99.9899,99.801,99.9,31077
2026-09-09 14:15,99.9,99.9299,99.73,99.81,27821
2026-09-09 14:16,99.8,99.8,99.45,99.545,51223
2026-09-09 14:17,99.5518,99.7,99.55,99.69,22335
2026-09-09 14:18,99.665,99.665,99.2,99.3649,41150
2026-09-09 14:19,99.355,99.3995,98.84,98.93,61968
2026-09-09 14:20,98.9557,98.9557,98.56,98.585,70452
2026-09-09 14:21,98.565,98.77,98.37,98.43,68352
2026-09-09 14:22,98.4452,98.67,98.32,98.59,94267
2026-09-09 14:23,98.5401,98.77,98.31,98.535,79526
2026-09-09 14:24,98.53,98.8,98.45,98.71,95172
2026-09-09 14:25,98.69,99.26,98.6345,99.25,93244
2026-09-09 14:26,99.2,99.48,99.2,99.4,56083
2026-09-09 14:27,99.425,99.425,99.2051,99.3,25410
2026-09-09 14:28,99.36,99.57,99.25,99.475,55356
2026-09-09 14:29,99.5,99.75,99.4401,99.685,65898
2026-09-09 14:30,99.683,99.8245,99.67,99.82,38066
2026-09-09 14:31,99.8,99.89,99.67,99.88,28649
2026-09-09 14:32,99.88,99.9099,99.66,99.83,48129
2026-09-09 14:33,99.805,99.9,99.73,99.86,28720
2026-09-09 14:34,99.83,99.83,99.6267,99.655,15775
2026-09-09 14:35,99.6434,99.79,99.62,99.6344,22301
2026-09-09 14:36,99.65,99.775,99.53,99.5551,20669
2026-09-09 14:37,99.5352,99.62,99.3917,99.4694,29306
2026-09-09 14:38,99.435,99.55,99.3629,99.385,23297
2026-09-09 14:39,99.364,99.549,99.3001,99.495,28949
2026-09-09 14:40,99.5,99.5896,99.42,99.55,45985
2026-09-09 14:41,99.535,99.535,99.4101,99.45,11579
2026-09-09 14:42,99.45,99.45,99.12,99.19,46900
2026-09-09 14:43,99.18,99.27,99.06,99.15,60027
2026-09-09 14:44,99.1302,99.15,98.9,99.01,35809
2026-09-09 14:45,99.03,99.045,98.82,98.96,44394
2026-09-09 14:46,98.965,98.9849,98.75,98.8895,36699
2026-09-09 14:47,98.86,98.86,98.615,98.63,24748
2026-09-09 14:48,98.61,98.675,98.385,98.4,46269
2026-09-09 14:49,98.395,98.89,98.395,98.8,60924
2026-09-09 14:50,98.79,98.8,98.65,98.65,25405
2026-09-09 14:51,98.61,98.64,98.31,98.31,35247
2026-09-09 14:52,98.3,98.37,98.16,98.255,36996
2026-09-09 14:53,98.2,98.2,97.92,97.94,86846
2026-09-09 14:54,97.94,98.03,97.85,97.89,100257
2026-09-09 14:55,97.8982,98.146,97.87,98.04,42162
2026-09-09 14:56,98.04,98.04,97.94,98.02,94930
2026-09-09 14:57,98.01,98.05,97.85,97.9,35810
2026-09-09 14:58,97.85,98.02,97.85,97.985,38850
2026-09-09 14:59,97.97,97.98,97.825,97.85,38062
2026-09-09 15:00,97.85,98.27,97.85,98.27,117711
2026-09-09 15:01,98.24,98.2599,97.73,97.8388,53370
2026-09-09 15:02,97.875,98.0899,97.8652,97.9985,54726
2026-09-09 15:03,97.93,97.945,97.58,97.68,68772
2026-09-09 15:04,97.6826,97.83,97.57,97.795,47482
2026-09-09 15:05,97.795,98.0284,97.61,97.61,45652
2026-09-09 15:06,97.62,97.765,97.5301,97.71,27210
2026-09-09 15:07,97.68,97.7,97.5,97.5,38983
2026-09-09 15:08,97.5,97.586,97.43,97.45,63075
2026-09-09 15:09,97.45,97.47,97.07,97.185,69904
2026-09-09 15:10,97.185,97.3,97.1,97.14,47599
2026-09-09 15:11,97.145,97.15,96.77,96.795,95479
2026-09-09 15:12,96.77,96.93,96.76,96.84,63287
2026-09-09 15:13,96.87,96.875,96.64,96.64,59842
2026-09-09 15:14,96.65,96.7599,96.645,96.68,60798
2026-09-09 15:15,96.662,97.1,96.571,96.93,84991
2026-09-09 15:16,96.94,96.94,96.75,96.9263,42517
2026-09-09 15:17,96.8813,96.97,96.86,96.95,38388
2026-09-09 15:18,96.96,97.03,96.88,96.9758,36651
2026-09-09 15:19,96.9717,97,96.61,96.8,54561
2026-09-09 15:20,96.7965,96.92,96.71,96.78,40602
2026-09-09 15:21,96.82,96.8495,96.6,96.655,29948
2026-09-09 15:22,96.665,96.665,96.4101,96.43,73590
2026-09-09 15:23,96.41,96.48,96.15,96.175,94884
2026-09-09 15:24,96.1301,96.2199,96.04,96.18,88720
2026-09-09 15:25,96.195,96.29,96.1101,96.2,43651
2026-09-09 15:26,96.18,96.26,95.94,96.045,91776
2026-09-09 15:27,96.1,96.23,96.06,96.195,32548
2026-09-09 15:28,96.19,96.33,96.13,96.24,41160
2026-09-09 15:29,96.275,96.3487,96.2108,96.3183,43064
2026-09-09 15:30,96.3,96.6311,96.2851,96.6116,68980
2026-09-09 15:31,96.641,96.74,96.551,96.7,44023
2026-09-09 15:32,96.697,96.697,96.5001,96.565,100647
2026-09-09 15:33,96.6,96.63,96.52,96.59,25211
2026-09-09 15:34,96.6,96.75,96.57,96.75,32681
2026-09-09 15:35,96.78,96.85,96.69,96.7899,36092
2026-09-09 15:36,96.79,96.82,96.75,96.81,22531
2026-09-09 15:37,96.8,96.8199,96.63,96.63,24637
2026-09-09 15:38,96.655,96.655,96.511,96.62,26189
2026-09-09 15:39,96.61,97.035,96.582,96.91,44826
2026-09-09 15:40,96.99,97.01,96.65,96.7401,31695
2026-09-09 15:41,96.7223,97,96.72,96.8,64525
2026-09-09 15:42,96.835,96.95,96.76,96.87,20700
2026-09-09 15:43,96.86,96.91,96.824,96.845,15338
2026-09-09 15:44,96.8205,96.85,96.7,96.76,19175
2026-09-09 15:45,96.765,96.7899,96.33,96.54,56937
2026-09-09 15:46,96.52,96.605,96.43,96.605,21178
2026-09-09 15:47,96.56,96.605,96.51,96.58,14372
2026-09-09 15:48,96.57,96.66,96.54,96.62,19071
2026-09-09 15:49,96.5701,96.855,96.54,96.795,36054
2026-09-09 15:50,96.795,96.88,96.75,96.855,28258
2026-09-09 15:51,96.87,96.8784,96.69,96.82,22520
2026-09-09 15:52,96.775,96.825,96.74,96.75,41347
2026-09-09 15:53,96.73,96.84,96.691,96.79,42395
2026-09-09 15:54,96.795,96.9813,96.795,96.9338,33897
2026-09-09 15:55,96.905,96.9762,96.88,96.89,45460
2026-09-09 15:56,96.9,96.9366,96.79,96.85,20071
2026-09-09 15:57,96.83,96.88,96.78,96.7865,14244
2026-09-09 15:58,96.785,96.87,96.785,96.87,29150
2026-09-09 15:59,96.875,97.08,96.875,96.9577,47023
2026-09-09 16:00,96.975,97.0499,96.95,97.0347,21125
2026-09-09 16:01,97.02,97.19,96.97,97.068,41132
2026-09-09 16:02,97.06,97.14,97.0218,97.09,19568
2026-09-09 16:03,97.15,97.165,97.07,97.085,20321
2026-09-09 16:04,97.085,97.26,97.085,97.23,50022
2026-09-09 16:05,97.21,97.27,97.1009,97.18,42310
2026-09-09 16:06,97.145,97.145,96.94,96.98,32220
2026-09-09 16:07,96.96,97,96.93,96.98,24571
2026-09-09 16:08,96.98,96.98,96.8602,96.9,27402
2026-09-09 16:09,96.905,96.95,96.735,96.76,36184
2026-09-09 16:10,96.7465,96.7602,96.68,96.69,25548
2026-09-09 16:11,96.695,96.725,96.6801,96.6801,9785
2026-09-09 16:12,96.68,96.81,96.68,96.72,19742
2026-09-09 16:13,96.736,96.785,96.64,96.7,23334
2026-09-09 16:14,96.6721,96.7,96.55,96.55,27247
2026-09-09 16:15,96.55,96.6,96.54,96.5801,25020
2026-09-09 16:16,96.6,96.65,96.57,96.57,29480
2026-09-09 16:17,96.575,96.5899,96.33,96.35,55935
2026-09-09 16:18,96.35,96.46,96.315,96.46,29168
2026-09-09 16:19,96.43,96.49,96.265,96.2988,51758
2026-09-09 16:20,96.29,96.35,96.26,96.35,28408
2026-09-09 16:21,96.365,96.431,96.35,96.42,40874
2026-09-09 16:22,96.42,96.43,96.21,96.2812,46661
2026-09-09 16:23,96.28,96.3157,96.2201,96.2557,15096
2026-09-09 16:24,96.25,96.36,96.23,96.36,34205
2026-09-09 16:25,96.38,96.41,96.28,96.285,28645
2026-09-09 16:26,96.2702,96.35,96.2501,96.3403,18328
2026-09-09 16:27,96.34,96.3891,96.3,96.33,14316
2026-09-09 16:28,96.3,96.33,96.175,96.19,26982
2026-09-09 16:29,96.17,96.245,95.97,96.245,72450
2026-09-09 16:30,96.2401,96.415,96.24,96.38,22111
2026-09-09 16:31,96.37,96.37,96.305,96.33,26889
2026-09-09 16:32,96.3,96.315,96.23,96.28,29774
2026-09-09 16:33,96.26,96.37,96.2155,96.37,20753
2026-09-09 16:34,96.34,96.41,96.33,96.3452,39175
2026-09-09 16:35,96.355,96.46,96.3463,96.395,19217
2026-09-09 16:36,96.38,96.3891,96.27,96.3,19299
2026-09-09 16:37,96.29,96.31,96.161,96.17,34809
2026-09-09 16:38,96.18,96.22,96.14,96.14,12012
2026-09-09 16:39,96.145,96.17,96.09,96.1263,30264
2026-09-09 16:40,96.13,96.1893,96.09,96.1101,20835
2026-09-09 16:41,96.13,96.26,96.09,96.2569,27957
2026-09-09 16:42,96.23,96.2517,96.18,96.2,22479
2026-09-09 16:43,96.2186,96.26,96.17,96.26,19640
2026-09-09 16:44,96.24,96.315,96.22,96.315,16214
2026-09-09 16:45,96.29,96.32,96.05,96.05,42474
2026-09-09 16:46,96.0499,96.1099,96.04,96.0675,153194
2026-09-09 16:47,96.09,96.12,96.01,96.03,21187
2026-09-09 16:48,96.06,96.07,96,96.03,19024
2026-09-09 16:49,96.04,96.04,95.952,95.9523,24259
2026-09-09 16:50,95.9402,96.16,95.94,96.11,34181
2026-09-09 16:51,96.125,96.16,96.07,96.1411,20889
2026-09-09 16:52,96.146,96.18,96.12,96.12,22219
2026-09-09 16:53,96.1,96.235,96.08,96.235,17244
2026-09-09 16:54,96.23,96.2576,96.1576,96.235,24549
2026-09-09 16:55,96.235,96.28,96.19,96.225,20761
2026-09-09 16:56,96.23,96.23,96.16,96.185,12209
2026-09-09 16:57,96.18,96.26,96.17,96.23,17485
2026-09-09 16:58,96.235,96.27,96.21,96.255,15125
2026-09-09 16:59,96.255,96.28,96.1,96.165,29732
2026-09-09 17:00,96.18,96.2,96.1275,96.145,10235
2026-09-09 17:01,96.12,96.1573,96.1043,96.12,11429
2026-09-09 17:02,96.1,96.29,96.1,96.255,22494
2026-09-09 17:03,96.25,96.26,96.12,96.15,9432
2026-09-09 17:04,96.15,96.15,96.065,96.085,20771
2026-09-09 17:05,96.07,96.13,96,96.12,41738
2026-09-09 17:06,96.1436,96.18,96.09,96.18,25617
2026-09-09 17:07,96.17,96.19,96.13,96.17,12354
2026-09-09 17:08,96.165,96.175,96.1,96.1,11007
2026-09-09 17:09,96.085,96.09,96.01,96.04,16843
2026-09-09 17:10,96.03,96.08,96,96.045,26352
2026-09-09 17:11,96.105,96.135,96.075,96.11,15077
2026-09-09 17:12,96.1004,96.1004,96.006,96.1,15822
2026-09-09 17:13,96.07,96.08,96.02,96.05,18049
2026-09-09 17:14,96.0393,96.1,96.0249,96.07,18917
2026-09-09 17:15,96.06,96.11,96.0402,96.07,21090
2026-09-09 17:16,96.06,96.06,95.9,95.9,37326
2026-09-09 17:17,95.91,95.91,95.78,95.9099,35695
2026-09-09 17:18,95.85,95.9,95.7801,95.88,25521
2026-09-09 17:19,95.88,95.88,95.57,95.58,62070
2026-09-09 17:20,95.615,95.6987,95.59,95.655,21368
2026-09-09 17:21,95.65,95.7099,95.62,95.69,29915
2026-09-09 17:22,95.68,95.69,95.61,95.65,32177
2026-09-09 17:23,95.655,95.7586,95.645,95.74,33235
2026-09-09 17:24,95.75,95.77,95.6301,95.6645,22413
2026-09-09 17:25,95.66,95.685,95.64,95.675,18445
2026-09-09 17:26,95.66,95.68,95.55,95.595,48831
2026-09-09 17:27,95.61,95.66,95.58,95.62,30567
2026-09-09 17:28,95.65,95.65,95.57,95.61,20499
2026-09-09 17:29,95.6344,95.655,95.57,95.59,34342
2026-09-09 17:30,95.6,95.65,95.59,95.64,26361
2026-09-09 17:31,95.65,95.65,95.56,95.57,19360
2026-09-09 17:32,95.525,95.59,95.48,95.565,65211
2026-09-09 17:33,95.58,95.64,95.575,95.6,29310
2026-09-09 17:34,95.61,95.6605,95.58,95.58,20021
2026-09-09 17:35,95.57,95.605,95.5441,95.575,18414
2026-09-09 17:36,95.6099,95.67,95.58,95.605,19883
2026-09-09 17:37,95.595,95.64,95.54,95.555,23432
2026-09-09 17:38,95.555,95.63,95.54,95.6,20307
2026-09-09 17:39,95.59,95.6875,95.57,95.6875,23382
2026-09-09 17:40,95.68,95.69,95.62,95.665,23449
2026-09-09 17:41,95.665,95.74,95.66,95.7222,19278
2026-09-09 17:42,95.73,95.7562,95.63,95.645,29588
2026-09-09 17:43,95.67,95.7168,95.63,95.64,13881
2026-09-09 17:44,95.645,95.724,95.61,95.724,17965
2026-09-09 17:45,95.72,95.845,95.72,95.78,31924
2026-09-09 17:46,95.7857,95.93,95.75,95.915,46902
2026-09-09 17:47,95.925,95.9584,95.91,95.94,23660
2026-09-09 17:48,95.94,96.1,95.91,96.095,53759
2026-09-09 17:49,96.0996,96.1,95.89,95.93,38372
2026-09-09 17:50,95.93,95.965,95.92,95.93,14795
2026-09-09 17:51,95.945,95.945,95.775,95.815,22973
2026-09-09 17:52,95.79,95.81,95.63,95.65,116898
2026-09-09 17:53,95.65,95.66,95.4601,95.57,92412
2026-09-09 17:54,95.59,95.61,95.56,95.575,24482
2026-09-09 17:55,95.575,95.64,95.47,95.625,21041
2026-09-09 17:56,95.625,95.625,95.51,95.565,20705
2026-09-09 17:57,95.5405,95.7148,95.5235,95.7,22335
2026-09-09 17:58,95.69,95.7197,95.62,95.67,17090
2026-09-09 17:59,95.675,95.685,95.57,95.6017,13750
2026-09-09 18:00,95.595,95.63,95.55,95.55,10106
2026-09-09 18:01,95.57,95.61,95.51,95.59,24056
2026-09-09 18:02,95.585,95.63,95.5833,95.595,20792
2026-09-09 18:03,95.61,95.645,95.59,95.645,22179
2026-09-09 18:04,95.62,95.72,95.62,95.71,26448
2026-09-09 18:05,95.72,95.74,95.66,95.69,16567
2026-09-09 18:06,95.72,95.72,95.56,95.575,20143
2026-09-09 18:07,95.575,95.62,95.565,95.61,10587
2026-09-09 18:08,95.62,95.62,95.56,95.585,12718
2026-09-09 18:09,95.585,95.61,95.575,95.58,27846
2026-09-09 18:10,95.59,95.675,95.58,95.635,24168
2026-09-09 18:11,95.635,95.65,95.59,95.59,15872
2026-09-09 18:12,95.605,95.65,95.6,95.64,9886
2026-09-09 18:13,95.62,95.7263,95.55,95.645,59112
2026-09-09 18:14,95.64,95.645,95.59,95.615,15988
2026-09-09 18:15,95.62,95.685,95.58,95.605,21393
2026-09-09 18:16,95.62,95.68,95.57,95.605,23436
2026-09-09 18:17,95.615,95.67,95.55,95.56,31836
2026-09-09 18:18,95.56,95.58,95.52,95.5364,29408
2026-09-09 18:19,95.545,95.575,95.465,95.475,65400
2026-09-09 18:20,95.4601,95.53,95.36,95.3893,72049
2026-09-09 18:21,95.39,95.4299,95.32,95.38,49870
2026-09-09 18:22,95.38,95.39,95.26,95.29,26211
2026-09-09 18:23,95.29,95.2999,95.21,95.27,64699
2026-09-09 18:24,95.27,95.2925,95.24,95.265,18847
2026-09-09 18:25,95.26,95.3471,95.24,95.27,38449
2026-09-09 18:26,95.265,95.3,95.23,95.23,30623
2026-09-09 18:27,95.21,95.49,95.2,95.357,128275
2026-09-09 18:28,95.3584,95.44,95.31,95.33,35522
2026-09-09 18:29,95.31,95.4,95.3,95.32,17408
2026-09-09 18:30,95.32,95.36,95.26,95.35,16015
2026-09-09 18:31,95.34,95.375,95.3,95.355,24378
2026-09-09 18:32,95.355,95.38,95.29,95.35,19309
2026-09-09 18:33,95.35,95.4,95.35,95.365,12840
2026-09-09 18:34,95.4,95.4,95.28,95.3,11500
2026-09-09 18:35,95.305,95.34,95.28,95.335,22879
2026-09-09 18:36,95.31,95.3367,95.3,95.33,10126
2026-09-09 18:37,95.325,95.5,95.325,95.49,53498
2026-09-09 18:38,95.53,95.61,95.475,95.51,37905
2026-09-09 18:39,95.49,95.58,95.485,95.54,22727
2026-09-09 18:40,95.54,95.555,95.4997,95.545,17532
2026-09-09 18:41,95.545,95.55,95.51,95.525,12294
2026-09-09 18:42,95.55,95.62,95.525,95.61,19961
2026-09-09 18:43,95.62,95.6388,95.5243,95.54,30096
2026-09-09 18:44,95.555,95.625,95.5,95.59,16131
2026-09-09 18:45,95.62,95.6685,95.5601,95.605,19840
2026-09-09 18:46,95.6499,95.66,95.6217,95.66,9526
2026-09-09 18:47,95.64,95.7,95.61,95.69,31601
2026-09-09 18:48,95.69,95.69,95.6273,95.65,14135
2026-09-09 18:49,95.66,95.6699,95.57,95.665,20686
2026-09-09 18:50,95.6202,95.63,95.56,95.56,14081
2026-09-09 18:51,95.595,95.62,95.5,95.555,18323
2026-09-09 18:52,95.5816,95.5816,95.52,95.55,14643
2026-09-09 18:53,95.585,95.635,95.57,95.635,17982
2026-09-09 18:54,95.65,95.66,95.5701,95.615,13820
2026-09-09 18:55,95.615,95.655,95.605,95.6417,12927
2026-09-09 18:56,95.65,95.68,95.53,95.555,19478
2026-09-09 18:57,95.555,95.65,95.55,95.63,1.22125e+06
2026-09-09 18:58,95.64,95.65,95.56,95.585,19509
2026-09-09 18:59,95.585,95.59,95.5,95.55,32664
2026-09-09 19:00,95.56,95.66,95.56,95.62,20889
2026-09-09 19:01,95.615,95.675,95.5565,95.6,23991
2026-09-09 19:02,95.6,95.63,95.5445,95.55,27174
2026-09-09 19:03,95.554,95.7,95.554,95.625,19022
2026-09-09 19:04,95.63,95.63,95.565,95.6,10668
2026-09-09 19:05,95.605,95.615,95.516,95.52,25897
2026-09-09 19:06,95.52,95.57,95.5132,95.54,11887
2026-09-09 19:07,95.54,95.61,95.5,95.61,31382
2026-09-09 19:08,95.6,95.61,95.505,95.52,17937
2026-09-09 19:09,95.51,95.57,95.485,95.515,16249
2026-09-09 19:10,95.5,95.6,95.5,95.52,16226
2026-09-09 19:11,95.55,95.58,95.5012,95.535,15482
2026-09-09 19:12,95.535,95.65,95.5,95.625,29494
2026-09-09 19:13,95.625,95.65,95.55,95.585,20316
2026-09-09 19:14,95.575,95.575,95.51,95.5101,17490
2026-09-09 19:15,95.5222,95.64,95.49,95.64,24549
2026-09-09 19:16,95.63,95.63,95.5,95.505,23590
2026-09-09 19:17,95.505,95.63,95.505,95.62,21328
2026-09-09 19:18,95.6,95.61,95.57,95.57,18505
2026-09-09 19:19,95.54,95.55,95.44,95.465,43731
2026-09-09 19:20,95.465,95.54,95.465,95.535,30368
2026-09-09 19:21,95.535,95.66,95.535,95.63,26171
2026-09-09 19:22,95.63,95.63,95.55,95.57,24948
2026-09-09 19:23,95.57,95.575,95.53,95.53,14938
2026-09-09 19:24,95.53,95.57,95.53,95.565,342263
2026-09-09 19:25,95.57,95.605,95.5,95.53,39854
2026-09-09 19:26,95.53,95.53,95.43,95.48,29657
2026-09-09 19:27,95.48,95.48,95.33,95.375,39065
2026-09-09 19:28,95.37,95.37,95.3,95.335,21559
2026-09-09 19:29,95.335,95.35,95.26,95.323,38685
2026-09-09 19:30,95.34,95.35,95.24,95.2892,62909
2026-09-09 19:31,95.28,95.29,95.18,95.225,52609
2026-09-09 19:32,95.225,95.25,95.1,95.16,48057
2026-09-09 19:33,95.1501,95.2,95.1,95.1503,38854
2026-09-09 19:34,95.155,95.18,94.95,94.9903,134887
2026-09-09 19:35,95,95.075,94.952,94.9633,38197
2026-09-09 19:36,94.97,94.99,94.88,94.9,41530
2026-09-09 19:37,94.89,94.925,94.86,94.9101,33791
2026-09-09 19:38,94.91,94.91,94.785,94.9099,36766
2026-09-09 19:39,94.91,94.96,94.8355,94.8355,43264
2026-09-09 19:40,94.845,94.9411,94.815,94.815,31062
2026-09-09 19:41,94.8,94.83,94.78,94.805,50943
2026-09-09 19:42,94.82,94.88,94.7,94.7,43238
2026-09-09 19:43,94.7,94.82,94.69,94.82,44627
2026-09-09 19:44,94.83,94.87,94.72,94.74,33133
2026-09-09 19:45,94.74,94.809,94.6843,94.71,47355
2026-09-09 19:46,94.72,94.78,94.705,94.75,54771
2026-09-09 19:47,94.75,94.81,94.61,94.705,68681
2026-09-09 19:48,94.68,94.85,94.68,94.85,41361
2026-09-09 19:49,94.8599,94.955,94.84,94.945,44122
2026-09-09 19:50,94.94,94.94,94.78,94.8,84769
2026-09-09 19:51,94.8,94.87,94.78,94.83,72686
2026-09-09 19:52,94.82,94.87,94.7,94.73,79885
2026-09-09 19:53,94.71,94.84,94.71,94.8,64776
2026-09-09 19:54,94.8,94.89,94.75,94.825,132765
2026-09-09 19:55,94.8,94.9,94.7,94.84,170058
2026-09-09 19:56,94.84,94.92,94.74,94.89,157306
2026-09-09 19:57,94.8925,94.93,94.85,94.925,164053
2026-09-09 19:58,94.925,94.96,94.885,94.93,288769
2026-09-09 19:59,94.935,95.0698,94.93,94.96,433329
2026-09-10 13:30,89.9,90.21,89.25,89.645,2.39665e+06
2026-09-10 13:31,89.73,89.9,89.075,89.155,251382
2026-09-10 13:32,89.155,89.155,88.7301,88.87,443862
2026-09-10 13:33,88.87,89.94,88.87,89.77,483286
2026-09-10 13:34,89.83,90.2719,89.71,90.0428,226874
2026-09-10 13:35,90.0902,90.2589,89.8,89.8601,122836
2026-09-10 13:36,89.87,90.209,89.72,89.925,178988
2026-09-10 13:37,89.95,89.9992,89.175,89.35,211629
2026-09-10 13:38,89.38,89.61,89.345,89.4479,87963
2026-09-10 13:39,89.47,90.4,89.35,90.3016,345941
2026-09-10 13:40,90.32,90.39,89.885,90.02,188910
2026-09-10 13:41,89.99,90.4,89.75,89.8,221773
2026-09-10 13:42,89.815,89.92,89.6,89.7625,124434
2026-09-10 13:43,89.72,89.7599,89.56,89.57,101059
2026-09-10 13:44,89.5772,89.5869,89.13,89.24,130547
2026-09-10 13:45,89.18,89.41,89.15,89.29,87448
2026-09-10 13:46,89.305,89.49,89.248,89.42,82727
2026-09-10 13:47,89.42,89.45,89.26,89.4125,60908
2026-09-10 13:48,89.38,89.465,89.2,89.3219,108649
2026-09-10 13:49,89.3,89.57,89.2,89.2808,154196
2026-09-10 13:50,89.3,89.3087,88.9,89.12,169468
2026-09-10 13:51,89.11,89.1157,88.77,88.86,151915
2026-09-10 13:52,88.82,89.154,88.81,89.13,82644
2026-09-10 13:53,89.13,89.13,88.83,88.86,87126
2026-09-10 13:54,88.845,89.26,88.8,89.14,93007
2026-09-10 13:55,89.115,89.18,89.01,89.09,48332
2026-09-10 13:56,89.06,89.19,88.94,89.18,56962
2026-09-10 13:57,89.23,89.23,89.02,89.115,95882
2026-09-10 13:58,89.115,89.1232,88.96,89.005,72827
2026-09-10 13:59,89.085,89.18,89.05,89.13,54982
2026-09-10 14:00,89.08,89.39,89,89.36,58496
2026-09-10 14:01,89.34,89.84,89.3,89.83,87902
2026-09-10 14:02,89.81,89.9681,89.7601,89.89,77533
2026-09-10 14:03,89.92,90.605,89.92,90.555,153485
2026-09-10 14:04,90.555,90.59,90.2101,90.295,214277
2026-09-10 14:05,90.295,90.66,90.19,90.49,137058
2026-09-10 14:06,90.48,90.55,90.13,90.2,105468
2026-09-10 14:07,90.255,90.39,89.9092,89.95,123858
2026-09-10 14:08,89.955,90.035,89.835,89.935,41289
2026-09-10 14:09,89.94,90.1538,89.83,90.07,65197
2026-09-10 14:10,90.05,90.2,90.03,90.04,92746
2026-09-10 14:11,90.02,90.02,89.6501,89.82,78631
2026-09-10 14:12,89.82,89.88,89.73,89.75,41552
2026-09-10 14:13,89.745,90.08,89.745,89.885,39168
2026-09-10 14:14,89.885,89.94,89.51,89.6984,61704
2026-09-10 14:15,89.72,89.83,89.65,89.72,90885
2026-09-10 14:16,89.72,89.74,89.45,89.45,52752
2026-09-10 14:17,89.47,89.53,89.1601,89.18,42358
2026-09-10 14:18,89.15,89.47,89.13,89.43,51531
2026-09-10 14:19,89.43,89.47,89.38,89.455,43895
2026-09-10 14:20,89.43,89.8,89.42,89.695,43590
2026-09-10 14:21,89.695,89.77,89.55,89.77,46128
2026-09-10 14:22,89.79,90.1,89.7,90.085,92076
2026-09-10 14:23,90.06,90.1999,90.0081,90.18,46204
2026-09-10 14:24,90.18,90.7,90.06,90.47,159129
2026-09-10 14:25,90.48,91.09,90.42,91.02,121445
2026-09-10 14:26,91.01,91.1765,90.8,90.975,97698
2026-09-10 14:27,90.975,91.05,90.82,90.855,76467
2026-09-10 14:28,90.88,91.2899,90.88,91.12,82610
2026-09-10 14:29,91.11,91.15,90.7501,90.88,84226
2026-09-10 14:30,90.92,91.15,90.92,91.01,74853
2026-09-10 14:31,90.9601,90.98,90.8001,90.89,48529
2026-09-10 14:32,90.885,90.9,90.56,90.6819,67946
2026-09-10 14:33,90.715,90.81,90.55,90.6204,54695
2026-09-10 14:34,90.58,91.06,90.58,91.03,49937
2026-09-10 14:35,91.05,91.62,91.0411,91.365,127318
2026-09-10 14:36,91.4,91.52,91.36,91.5,66474
2026-09-10 14:37,91.54,91.6,91.23,91.41,131068
2026-09-10 14:38,91.4,91.6772,91.2,91.54,94346
2026-09-10 14:39,91.505,91.63,91.45,91.4966,60331
2026-09-10 14:40,91.5269,91.54,91.3016,91.325,50754
2026-09-10 14:41,91.4218,91.4798,91.14,91.155,40661
2026-09-10 14:42,91.1,91.17,90.92,90.97,35206
2026-09-10 14:43,90.95,91.16,90.78,91.06,49630
2026-09-10 14:44,91.0568,91.0568,90.7925,90.87,21359
2026-09-10 14:45,90.91,91.039,90.81,90.86,30850
2026-09-10 14:46,90.8659,91.04,90.85,91.032,39418
2026-09-10 14:47,91.11,91.11,90.76,90.7725,40304
2026-09-10 14:48,90.77,90.77,90.66,90.69,36878
2026-09-10 14:49,90.661,90.76,90.66,90.71,19643
2026-09-10 14:50,90.71,90.75,90.675,90.675,29017
2026-09-10 14:51,90.6,90.6,90.4,90.465,52179
2026-09-10 14:52,90.51,90.5769,90.34,90.56,33373
2026-09-10 14:53,90.57,90.67,90.5,90.67,47432
2026-09-10 14:54,90.67,90.79,90.63,90.78,30180
2026-09-10 14:55,90.79,90.79,90.56,90.57,35378
2026-09-10 14:56,90.5706,90.7,90.47,90.64,72482
2026-09-10 14:57,90.615,90.7699,90.5568,90.755,28543
2026-09-10 14:58,90.755,90.877,90.66,90.66,29138
2026-09-10 14:59,90.635,90.68,90.6,90.615,25391
2026-09-10 15:00,90.58,90.6399,90.45,90.495,50159
2026-09-10 15:01,90.5,90.5199,90.3318,90.45,26912
2026-09-10 15:02,90.45,90.46,90.2638,90.335,54825
2026-09-10 15:03,90.3325,90.522,90.3325,90.495,26593
2026-09-10 15:04,90.54,90.6691,90.39,90.405,31703
2026-09-10 15:05,90.4465,90.56,90.4,90.5343,15243
2026-09-10 15:06,90.535,90.6031,90.48,90.6031,18106
2026-09-10 15:07,90.62,90.6606,90.44,90.49,27430
2026-09-10 15:08,90.46,90.54,90.36,90.44,25689
2026-09-10 15:09,90.3801,90.568,90.3801,90.51,22666
2026-09-10 15:10,90.52,90.8699,90.52,90.755,40354
2026-09-10 15:11,90.755,91.27,90.755,91.2,75368
2026-09-10 15:12,91.2,91.89,91.2,91.8446,167788
2026-09-10 15:13,91.87,92,91.78,91.88,134718
2026-09-10 15:14,91.88,91.88,91.49,91.535,77291
2026-09-10 15:15,91.535,91.79,91.5,91.665,38825
2026-09-10 15:16,91.7,91.725,91.4696,91.52,38913
2026-09-10 15:17,91.5,91.585,91.31,91.38,55399
2026-09-10 15:18,91.38,91.42,91.12,91.12,70636
2026-09-10 15:19,91.2,91.26,91.145,91.2,43419
2026-09-10 15:20,91.2,91.2454,91.05,91.06,29370
2026-09-10 15:21,91.0416,91.09,90.9801,91.0734,31545
2026-09-10 15:22,91.11,91.1829,91.04,91.155,22632
2026-09-10 15:23,91.19,91.29,91.145,91.17,24243
2026-09-10 15:24,91.21,91.34,91.11,91.25,19741
2026-09-10 15:25,91.255,91.45,91.24,91.42,24136
2026-09-10 15:26,91.45,91.52,91.35,91.44,28294
2026-09-10 15:27,91.4247,91.53,91.4247,91.445,17867
2026-09-10 15:28,91.495,91.7,91.4601,91.6,26638
2026-09-10 15:29,91.605,91.62,91.42,91.48,28633
2026-09-10 15:30,91.49,91.7,91.4558,91.699,45413
2026-09-10 15:31,91.645,91.73,91.6001,91.695,26268
2026-09-10 15:32,91.695,91.72,91.53,91.705,40063
2026-09-10 15:33,91.73,91.97,91.66,91.94,42195
2026-09-10 15:34,91.97,91.98,91.5,91.5,64224
2026-09-10 15:35,91.52,91.735,91.49,91.66,71941
2026-09-10 15:36,91.76,91.7799,91.61,91.68,38470
2026-09-10 15:37,91.65,91.67,91.545,91.64,25808
2026-09-10 15:38,91.64,91.645,91.45,91.45,23924
2026-09-10 15:39,91.485,91.485,91.274,91.36,37215
2026-09-10 15:40,91.345,91.46,91.13,91.19,34318
2026-09-10 15:41,91.21,91.2129,91.12,91.155,20530
2026-09-10 15:42,91.15,91.3599,91.13,91.3,30917
2026-09-10 15:43,91.335,91.3699,91.2601,91.3699,20591
2026-09-10 15:44,91.355,91.355,91.16,91.255,32976
2026-09-10 15:45,91.26,91.33,91.2,91.215,1.12663e+06
2026-09-10 15:46,91.215,91.215,90.8,90.815,41516
2026-09-10 15:47,90.84,90.85,90.55,90.61,26849
2026-09-10 15:48,90.61,90.79,90.61,90.76,28426
2026-09-10 15:49,90.78,90.84,90.68,90.83,35467
2026-09-10 15:50,90.7805,90.8,90.6466,90.675,19836
2026-09-10 15:51,90.675,90.765,90.63,90.693,36901
2026-09-10 15:52,90.7,90.9399,90.7,90.87,60443
2026-09-10 15:53,90.87,90.92,90.81,90.81,25392
2026-09-10 15:54,90.82,90.84,90.73,90.795,17904
2026-09-10 15:55,90.79,90.808,90.66,90.7501,26518
2026-09-10 15:56,90.7765,90.78,90.56,90.575,28503
2026-09-10 15:57,90.575,90.63,90.5101,90.595,23007
2026-09-10 15:58,90.59,90.85,90.59,90.835,43784
2026-09-10 15:59,90.8,90.8,90.71,90.77,20300
2026-09-10 16:00,90.79,90.88,90.76,90.78,18093
2026-09-10 16:01,90.8,90.85,90.7,90.74,21767
2026-09-10 16:02,90.725,90.82,90.6,90.6682,21932
2026-09-10 16:03,90.63,90.68,90.6,90.63,23845
2026-09-10 16:04,90.65,90.745,90.635,90.745,16574
2026-09-10 16:05,90.8,90.8,90.64,90.6883,14253
2026-09-10 16:06,90.64,90.66,90.445,90.445,40840
2026-09-10 16:07,90.49,90.535,90.37,90.41,26165
2026-09-10 16:08,90.39,90.405,90.29,90.32,31229
2026-09-10 16:09,90.29,90.4,90.23,90.2351,40610
2026-09-10 16:10,90.25,90.46,90.25,90.25,37624
2026-09-10 16:11,90.24,90.2425,90.0706,90.0706,32351
2026-09-10 16:12,90.0684,90.14,90.0501,90.08,17173
2026-09-10 16:13,90.08,90.23,90.05,90.2,22531
2026-09-10 16:14,90.195,90.2299,90.1,90.15,23124
2026-09-10 16:15,90.15,90.1799,90.05,90.12,31038
2026-09-10 16:16,90.0804,90.1499,89.91,89.9647,52214
2026-09-10 16:17,89.955,89.98,89.7729,89.7941,42398
2026-09-10 16:18,89.76,89.7957,89.6291,89.6699,30497
2026-09-10 16:19,89.62,89.81,89.6,89.7603,46519
2026-09-10 16:20,89.78,89.95,89.73,89.9272,28397
2026-09-10 16:21,89.895,89.9699,89.84,89.91,26991
2026-09-10 16:22,89.94,89.96,89.8601,89.89,13833
2026-09-10 16:23,89.9,89.95,89.8762,89.95,204686
2026-09-10 16:24,89.9755,90.1765,89.95,90.0831,50739
2026-09-10 16:25,90.065,90.12,90,90,28145
2026-09-10 16:26,89.95,90.04,89.95,89.985,46217
2026-09-10 16:27,89.96,89.9711,89.93,89.93,15975
2026-09-10 16:28,89.93,89.9896,89.9,89.9896,27502
2026-09-10 16:29,89.95,89.9518,89.86,89.9518,16005
2026-09-10 16:30,89.96,90.04,89.96,90.03,24081
2026-09-10 16:31,90.02,90.0699,89.9833,90.0527,14034
2026-09-10 16:32,90.03,90.04,89.95,89.97,19014
2026-09-10 16:33,89.97,89.9999,89.87,89.87,16328
2026-09-10 16:34,89.862,89.862,89.61,89.7,62848
2026-09-10 16:35,89.6927,89.6927,89.5101,89.62,55395
2026-09-10 16:36,89.6031,89.76,89.59,89.7383,29585
2026-09-10 16:37,89.745,89.83,89.71,89.83,21110
2026-09-10 16:38,89.825,89.87,89.76,89.77,22005
2026-09-10 16:39,89.79,89.81,89.765,89.78,11070
2026-09-10 16:40,89.8,89.82,89.71,89.77,16487
2026-09-10 16:41,89.765,89.7981,89.7,89.7981,16976
2026-09-10 16:42,89.8,89.8,89.7246,89.7601,7692
2026-09-10 16:43,89.7,89.734,89.66,89.7,16164
2026-09-10 16:44,89.72,89.88,89.71,89.835,17268
2026-09-10 16:45,89.87,89.94,89.84,89.885,11391
2026-09-10 16:46,89.89,89.96,89.8854,89.95,34261
2026-09-10 16:47,89.9499,89.95,89.86,89.86,33442
2026-09-10 16:48,89.845,89.845,89.65,89.74,67298
2026-09-10 16:49,89.735,89.83,89.6046,89.83,27565
2026-09-10 16:50,89.7868,89.88,89.7868,89.88,16400
2026-09-10 16:51,89.8894,89.91,89.87,89.885,12256
2026-09-10 16:52,89.88,89.965,89.865,89.96,20810
2026-09-10 16:53,89.95,89.97,89.94,89.95,18812
2026-09-10 16:54,89.95,89.95,89.8801,89.915,12189
2026-09-10 16:55,89.93,90,89.92,90,32261
2026-09-10 16:56,90,90.09,90,90.08,33109
2026-09-10 16:57,90.08,90.14,90.043,90.1,16960
2026-09-10 16:58,90.0506,90.18,90.0501,90.145,21791
2026-09-10 16:59,90.13,90.24,90.09,90.12,33662
2026-09-10 17:00,90.12,90.12,90,90.06,17916
2026-09-10 17:01,90.0471,90.13,90,90.105,19125
2026-09-10 17:02,90.13,90.5322,90.13,90.22,60458
2026-09-10 17:03,90.2066,90.23,90.1002,90.17,19472
2026-09-10 17:04,90.15,90.24,90.1401,90.24,19242
2026-09-10 17:05,90.24,90.38,90.2201,90.2863,29359
2026-09-10 17:06,90.31,90.51,90.25,90.407,27474
2026-09-10 17:07,90.435,90.9,90.34,90.875,58269
2026-09-10 17:08,90.9,91.22,90.85,91.04,212257
2026-09-10 17:09,91.07,91.3,91.0001,91.29,73583
2026-09-10 17:10,91.1854,91.3385,91.1447,91.17,41677
2026-09-10 17:11,91.19,91.28,91.1,91.12,23219
2026-09-10 17:12,91.085,91.19,91.0001,91.045,34807
2026-09-10 17:13,91.045,91.09,90.85,91.0299,100176
2026-09-10 17:14,90.95,91,90.88,90.9011,19508
2026-09-10 17:15,90.885,91.365,90.85,91.26,101816
2026-09-10 17:16,91.3,91.3915,91.23,91.23,27886
2026-09-10 17:17,91.27,91.38,91.2441,91.3698,42324
2026-09-10 17:18,91.38,91.6,91.365,91.58,64706
2026-09-10 17:19,91.535,91.535,91.24,91.33,37267
2026-09-10 17:20,91.36,91.43,91.26,91.3392,25629
2026-09-10 17:21,91.3018,91.3172,91.1101,91.15,20804
2026-09-10 17:22,91.14,91.26,91.13,91.22,29018
2026-09-10 17:23,91.22,91.48,91.19,91.47,39543
2026-09-10 17:24,91.5,91.5499,91.452,91.53,22151
2026-09-10 17:25,91.5254,91.65,91.46,91.65,40804
2026-09-10 17:26,91.6,91.65,91.53,91.545,22928
2026-09-10 17:27,91.55,91.67,91.55,91.66,30394
2026-09-10 17:28,91.6475,91.68,91.33,91.33,44282
2026-09-10 17:29,91.34,91.4982,91.2,91.46,59757
2026-09-10 17:30,91.42,91.45,91.3,91.415,26552
2026-09-10 17:31,91.415,91.45,91.37,91.385,14184
2026-09-10 17:32,91.41,91.41,91.3181,91.335,14741
2026-09-10 17:33,91.335,91.3499,91.2,91.2284,25530
2026-09-10 17:34,91.245,91.375,91.18,91.355,43972
2026-09-10 17:35,91.368,91.5145,91.339,91.4901,26010
2026-09-10 17:36,91.505,91.54,91.37,91.43,28346
2026-09-10 17:37,91.43,91.43,91.17,91.28,69580
2026-09-10 17:38,91.31,91.36,91.1301,91.24,21344
2026-09-10 17:39,91.25,91.29,91.17,91.17,20164
2026-09-10 17:40,91.185,91.2699,91.1501,91.234,15473
2026-09-10 17:41,91.22,91.37,91.14,91.325,21945
2026-09-10 17:42,91.32,91.5718,91.3,91.44,41375
2026-09-10 17:43,91.44,91.52,91.44,91.49,20528
2026-09-10 17:44,91.49,91.54,91.4284,91.4284,16243
2026-09-10 17:45,91.455,91.48,91.41,91.42,9060
2026-09-10 17:46,91.44,91.515,91.3501,91.3501,17662
2026-09-10 17:47,91.4,91.48,91.38,91.425,15912
2026-09-10 17:48,91.405,91.43,91.375,91.405,7611
2026-09-10 17:49,91.44,91.458,91.4,91.44,8948
2026-09-10 17:50,91.45,91.525,91.45,91.525,22829
2026-09-10 17:51,91.55,91.55,91.31,91.38,16704
2026-09-10 17:52,91.38,91.4,91.3121,91.34,9149
2026-09-10 17:53,91.33,91.35,91.245,91.27,39503
2026-09-10 17:54,91.33,91.33,91.23,91.32,19172
2026-09-10 17:55,91.3699,91.3699,91.33,91.345,7056
2026-09-10 17:56,91.345,91.3556,91.28,91.296,16856
2026-09-10 17:57,91.29,91.3599,91.28,91.32,10432
2026-09-10 17:58,91.32,91.34,91.29,91.32,8062
2026-09-10 17:59,91.34,91.52,91.33,91.51,23678
2026-09-10 18:00,91.51,91.64,91.51,91.57,18976
2026-09-10 18:01,91.58,91.58,91.35,91.385,43144
2026-09-10 18:02,91.42,91.43,91.36,91.387,6917
2026-09-10 18:03,91.38,91.4,91.32,91.36,14720
2026-09-10 18:04,91.35,91.37,91.25,91.33,13639
2026-09-10 18:05,91.31,91.475,91.3,91.445,28411
2026-09-10 18:06,91.445,91.88,91.42,91.8581,45578
2026-09-10 18:07,91.86,92.19,91.8001,91.8625,112622
2026-09-10 18:08,91.85,91.88,91.72,91.77,19635
2026-09-10 18:09,91.77,91.7713,91.465,91.47,24282
2026-09-10 18:10,91.47,91.6199,91.47,91.535,31115
2026-09-10 18:11,91.56,91.6,91.545,91.56,17213
2026-09-10 18:12,91.51,91.65,91.5,91.5991,41054
2026-09-10 18:13,91.61,91.62,91.51,91.555,22812
2026-09-10 18:14,91.59,91.7022,91.55,91.585,47481
2026-09-10 18:15,91.54,91.54,91.5,91.51,36314
2026-09-10 18:16,91.53,91.55,91.23,91.26,35828
2026-09-10 18:17,91.24,91.35,91.2251,91.325,27259
2026-09-10 18:18,91.32,91.3497,91.2701,91.2701,17767
2026-09-10 18:19,91.31,91.33,91.03,91.15,27526
2026-09-10 18:20,91.155,91.5,91.155,91.46,61606
2026-09-10 18:21,91.445,91.45,90.95,90.97,105552
2026-09-10 18:22,90.97,90.99,90.84,90.98,42470
2026-09-10 18:23,90.93,91.02,90.8893,90.9784,23779
2026-09-10 18:24,90.955,91.07,90.89,90.9,78025
2026-09-10 18:25,90.88,90.93,90.74,90.91,38574
2026-09-10 18:26,90.8915,90.965,90.8701,90.94,28103
2026-09-10 18:27,90.96,90.96,90.81,90.89,10872
2026-09-10 18:28,90.845,91.13,90.845,91.0648,22120
2026-09-10 18:29,91.05,91.16,90.849,90.86,38900
2026-09-10 18:30,90.8405,90.8405,90.61,90.713,34159
2026-09-10 18:31,90.74,90.74,90.63,90.68,26691
2026-09-10 18:32,90.67,90.67,90.51,90.565,19799
2026-09-10 18:33,90.54,90.61,90.5078,90.58,19104
2026-09-10 18:34,90.57,90.85,90.49,90.82,35006
2026-09-10 18:35,90.82,90.85,90.77,90.8,11297
2026-09-10 18:36,90.795,90.81,90.695,90.7111,26604
2026-09-10 18:37,90.74,90.77,90.72,90.76,12770
2026-09-10 18:38,90.79,90.925,90.65,90.91,46961
2026-09-10 18:39,90.91,90.91,90.7911,90.84,13298
2026-09-10 18:40,90.84,90.84,90.68,90.69,24677
2026-09-10 18:41,90.69,90.69,90.5401,90.57,25905
2026-09-10 18:42,90.56,90.57,90.4807,90.54,36268
2026-09-10 18:43,90.5201,90.75,90.495,90.545,54027
2026-09-10 18:44,90.545,90.66,90.5275,90.56,29213
2026-09-10 18:45,90.56,90.57,90.48,90.48,17227
2026-09-10 18:46,90.4601,90.5,90.4,90.43,21488
2026-09-10 18:47,90.41,90.43,90.31,90.38,20896
2026-09-10 18:48,90.39,90.39,90.2,90.22,27329
2026-09-10 18:49,90.23,90.415,90.2,90.2979,30642
2026-09-10 18:50,90.305,90.31,90.22,90.31,17758
2026-09-10 18:51,90.29,90.5454,90.29,90.52,35334
2026-09-10 18:52,90.51,90.57,90.479,90.555,9895
2026-09-10 18:53,90.555,90.68,90.555,90.665,23654
2026-09-10 18:54,90.6741,90.74,90.42,90.43,116461
2026-09-10 18:55,90.45,90.47,90.3,90.38,20226
2026-09-10 18:56,90.39,90.4988,90.3797,90.435,22156
2026-09-10 18:57,90.415,90.44,90.3,90.3181,50898
2026-09-10 18:58,90.335,90.365,90.1501,90.351,60233
2026-09-10 18:59,90.339,90.34,90.23,90.25,22037
2026-09-10 19:00,90.22,90.33,90.22,90.285,14977
2026-09-10 19:01,90.26,90.28,90.2,90.21,20160
2026-09-10 19:02,90.2095,90.26,90.18,90.22,14839
2026-09-10 19:03,90.23,90.39,90.2,90.35,28740
2026-09-10 19:04,90.35,90.38,90.2,90.2,27564
2026-09-10 19:05,90.19,90.19,89.98,90,41974
2026-09-10 19:06,90,90.02,89.875,89.91,57649
2026-09-10 19:07,89.925,90.02,89.85,89.89,24331
2026-09-10 19:08,89.9,89.92,89.8506,89.88,25124
2026-09-10 19:09,89.9,90.17,89.9,90.17,32262
2026-09-10 19:10,90.155,90.24,90.04,90.04,23923
2026-09-10 19:11,90.09,90.13,89.9101,89.9295,21676
2026-09-10 19:12,89.9,90,89.88,89.95,31341
2026-09-10 19:13,89.935,89.94,89.5,89.55,144605
2026-09-10 19:14,89.53,89.62,89.37,89.41,96503
2026-09-10 19:15,89.4309,89.61,89.425,89.525,46535
2026-09-10 19:16,89.53,89.58,89.47,89.57,34256
2026-09-10 19:17,89.58,89.62,89.47,89.4907,31394
2026-09-10 19:18,89.52,89.605,89.475,89.555,23515
2026-09-10 19:19,89.52,89.52,89.4004,89.43,44571
2026-09-10 19:20,89.42,89.49,89.2,89.2899,70914
2026-09-10 19:21,89.25,89.33,89.18,89.249,60013
2026-09-10 19:22,89.2175,89.45,89.2175,89.4,36666
2026-09-10 19:23,89.4,89.48,89.3829,89.41,28812
2026-09-10 19:24,89.41,89.6,89.3658,89.585,36075
2026-09-10 19:25,89.5843,89.69,89.455,89.465,45611
2026-09-10 19:26,89.465,89.6,89.465,89.57,24560
2026-09-10 19:27,89.585,89.625,89.53,89.595,20743
2026-09-10 19:28,89.5984,89.62,89.515,89.535,33112
2026-09-10 19:29,89.52,89.525,89.445,89.5121,25167
2026-09-10 19:30,89.5,89.51,89.42,89.46,26917
2026-09-10 19:31,89.445,89.445,89.3,89.33,37731
2026-09-10 19:32,89.33,89.33,89.225,89.29,44230
2026-09-10 19:33,89.27,89.37,89.26,89.37,28966
2026-09-10 19:34,89.36,89.41,89.34,89.41,29389
2026-09-10 19:35,89.41,89.43,89.32,89.32,29915
2026-09-10 19:36,89.3,89.33,89.23,89.3,31705
2026-09-10 19:37,89.31,89.35,89.23,89.2701,29919
2026-09-10 19:38,89.29,89.3755,89.2301,89.35,29635
2026-09-10 19:39,89.365,89.39,89.31,89.38,21291
2026-09-10 19:40,89.38,89.43,89.315,89.315,34367
2026-09-10 19:41,89.33,89.35,89.275,89.29,39522
2026-09-10 19:42,89.29,89.39,89.25,89.39,57555
2026-09-10 19:43,89.4,89.5587,89.4,89.53,46100
2026-09-10 19:44,89.53,89.54,89.2701,89.2701,50177
2026-09-10 19:45,89.26,89.3299,89.06,89.1,163539
2026-09-10 19:46,89.1,89.16,89.065,89.085,62471
2026-09-10 19:47,89.075,89.35,89.06,89.33,56108
2026-09-10 19:48,89.3301,89.3888,89.32,89.37,33049
2026-09-10 19:49,89.37,89.51,89.37,89.49,38280
2026-09-10 19:50,89.48,89.885,89.47,89.84,89341
2026-09-10 19:51,89.84,89.92,89.55,89.61,102649
2026-09-10 19:52,89.61,89.64,89.5,89.54,72168
2026-09-10 19:53,89.53,89.68,89.47,89.67,82639
2026-09-10 19:54,89.67,89.67,89.43,89.455,109078
2026-09-10 19:55,89.44,89.5,89.3,89.31,159386
2026-09-10 19:56,89.3,89.3091,89.13,89.135,164510
2026-09-10 19:57,89.135,89.19,89.025,89.05,202881
2026-09-10 19:58,89.055,89.1,89.02,89.065,301876
2026-09-10 19:59,89.07,89.165,89.03,89.165,409732
2026-09-11 13:30,91,91.9899,90.18,91.745,1.69666e+06
2026-09-11 13:31,91.72,91.91,91.1419,91.2078,188589
2026-09-11 13:32,91.19,91.19,89.81,90.2,214059
2026-09-11 13:33,90.2,90.97,90.03,90.755,112578
2026-09-11 13:34,90.73,90.745,90.1191,90.2,101020
2026-09-11 13:35,90.205,90.39,89.52,89.7,155635
2026-09-11 13:36,89.735,89.735,89.25,89.4875,107263
2026-09-11 13:37,89.495,89.94,89.36,89.83,86278
2026-09-11 13:38,89.865,90.43,89.77,90.27,111889
2026-09-11 13:39,90.2,90.4,90.081,90.34,87610
2026-09-11 13:40,90.34,90.4,89.874,90.09,191143
2026-09-11 13:41,90.13,90.5,90.0713,90.5,95514
2026-09-11 13:42,90.44,90.4999,90.1501,90.395,68156
2026-09-11 13:43,90.45,90.45,90.0992,90.15,70560
2026-09-11 13:44,90.1799,90.65,90.01,90.6,101010
2026-09-11 13:45,90.62,90.7298,90.33,90.58,93600
2026-09-11 13:46,90.5949,90.83,90.3,90.3554,85209
2026-09-11 13:47,90.3844,90.7172,90.27,90.66,67643
2026-09-11 13:48,90.67,90.71,90.31,90.31,48489
2026-09-11 13:49,90.31,90.66,90.31,90.42,50998
2026-09-11 13:50,90.44,90.5,90.05,90.07,80590
2026-09-11 13:51,90.07,90.12,89.88,90.005,62318
2026-09-11 13:52,90.005,90.1584,89.9,90.03,36772
2026-09-11 13:53,90.04,90.3675,89.995,90.245,46519
2026-09-11 13:54,90.29,90.64,90.24,90.64,72467
2026-09-11 13:55,90.62,90.93,90.5201,90.89,55665
2026-09-11 13:56,90.9463,91.1,90.8101,90.925,84272
2026-09-11 13:57,90.925,90.9499,90.59,90.725,45403
2026-09-11 13:58,90.79,90.79,90.52,90.69,36197
2026-09-11 13:59,90.69,90.8964,90.63,90.865,33964
2026-09-11 14:00,90.865,90.9499,90.51,90.725,50782
2026-09-11 14:01,90.7,90.9,90.6,90.635,31581
2026-09-11 14:02,90.67,90.9,90.67,90.8487,41215
2026-09-11 14:03,90.835,90.89,90.31,90.3151,55524
2026-09-11 14:04,90.33,90.39,90.15,90.355,55755
2026-09-11 14:05,90.3768,90.62,90.3768,90.475,53179
2026-09-11 14:06,90.44,90.7077,90.2101,90.2101,75947
2026-09-11 14:07,90.27,90.27,89.7,89.8898,126162
2026-09-11 14:08,89.9334,90.08,89.66,89.916,74864
2026-09-11 14:09,89.885,89.885,89.75,89.82,39605
2026-09-11 14:10,89.81,90.026,89.79,89.84,67498
2026-09-11 14:11,89.8577,90.02,89.67,89.965,59069
2026-09-11 14:12,89.97,90.2499,89.82,90.184,47962
2026-09-11 14:13,90.2353,90.4499,90,90.4499,61648
2026-09-11 14:14,90.3899,90.57,90.27,90.535,54394
2026-09-11 14:15,90.5375,90.68,90.505,90.67,52657
2026-09-11 14:16,90.65,90.83,90.61,90.63,56164
2026-09-11 14:17,90.62,90.7,90.43,90.62,34456
2026-09-11 14:18,90.56,90.75,90.5559,90.66,26073
2026-09-11 14:19,90.66,90.8008,90.5,90.79,77373
2026-09-11 14:20,90.755,90.965,90.735,90.8826,75901
2026-09-11 14:21,90.965,91.06,90.7301,90.75,52380
2026-09-11 14:22,90.8,90.81,90.59,90.74,36520
2026-09-11 14:23,90.74,90.74,90.5,90.57,62623
2026-09-11 14:24,90.6,90.7699,90.6,90.6132,32463
2026-09-11 14:25,90.64,90.84,90.64,90.785,34020
2026-09-11 14:26,90.79,90.92,90.7641,90.82,29968
2026-09-11 14:27,90.85,90.89,90.6577,90.86,42070
2026-09-11 14:28,90.82,90.8427,90.61,90.72,15745
2026-09-11 14:29,90.695,90.8899,90.695,90.8781,33565
2026-09-11 14:30,90.86,91.02,90.79,90.99,81956
2026-09-11 14:31,90.995,90.995,90.675,90.82,37408
2026-09-11 14:32,90.784,90.79,90.62,90.735,20455
2026-09-11 14:33,90.735,90.76,90.56,90.7,23597
2026-09-11 14:34,90.7399,90.7399,90.5,90.7,50535
2026-09-11 14:35,90.72,90.775,90.56,90.635,37564
2026-09-11 14:36,90.59,90.59,90.2001,90.29,60649
2026-09-11 14:37,90.305,90.544,90.245,90.445,34179
2026-09-11 14:38,90.5,90.53,90.17,90.27,68238
2026-09-11 14:39,90.265,90.5,90.26,90.5,25255
2026-09-11 14:40,90.5,90.77,90.47,90.515,34608
2026-09-11 14:41,90.49,90.63,90.47,90.545,28744
2026-09-11 14:42,90.5986,90.5986,90.41,90.41,14048
2026-09-11 14:43,90.42,90.4799,90.13,90.22,42778
2026-09-11 14:44,90.185,90.3624,90.185,90.3624,19473
2026-09-11 14:45,90.43,90.5595,90.41,90.485,24364
2026-09-11 14:46,90.48,90.56,90.29,90.29,25271
2026-09-11 14:47,90.29,90.4,90.0395,90.19,27920
2026-09-11 14:48,90.17,90.39,90.05,90.285,36004
2026-09-11 14:49,90.265,90.4,90.14,90.3482,32423
2026-09-11 14:50,90.41,90.48,90.2255,90.24,20995
2026-09-11 14:51,90.24,90.34,90.15,90.29,24935
2026-09-11 14:52,90.22,90.335,90.17,90.26,24301
2026-09-11 14:53,90.3,90.33,90.2,90.256,15695
2026-09-11 14:54,90.2699,90.615,90.19,90.475,53211
2026-09-11 14:55,90.49,90.58,90.49,90.56,23557
2026-09-11 14:56,90.56,90.62,90.48,90.5277,27338
2026-09-11 14:57,90.555,90.67,90.4646,90.6114,22530
2026-09-11 14:58,90.62,90.79,90.6,90.6,23851
2026-09-11 14:59,90.64,90.7293,90.455,90.71,23864
2026-09-11 15:00,90.7499,90.815,90.58,90.815,63684
2026-09-11 15:01,90.8394,90.8708,90.72,90.745,31226
2026-09-11 15:02,90.735,90.92,90.68,90.81,27001
2026-09-11 15:03,90.815,90.845,90.68,90.765,16471
2026-09-11 15:04,90.79,90.95,90.67,90.95,23653
2026-09-11 15:05,90.93,91.06,90.895,91.02,72376
2026-09-11 15:06,91.04,91.21,91.0185,91.1582,40570
2026-09-11 15:07,91.2,91.21,91,91.03,40143
2026-09-11 15:08,91.06,91.0621,90.75,91.0405,36425
2026-09-11 15:09,91.015,91.095,90.96,91.07,12094
2026-09-11 15:10,91.07,91.075,90.94,90.97,18086
2026-09-11 15:11,90.94,90.94,90.81,90.9,21314
2026-09-11 15:12,90.84,90.99,90.8,90.95,18679
2026-09-11 15:13,90.95,90.95,90.63,90.76,28969
2026-09-11 15:14,90.7899,90.9,90.75,90.855,15381
2026-09-11 15:15,90.855,91.0287,90.78,91.0287,38096
2026-09-11 15:16,91.01,91.1395,91,91.06,33348
2026-09-11 15:17,91.13,91.13,90.9,90.9,47639
2026-09-11 15:18,90.93,90.93,90.53,90.54,25884
2026-09-11 15:19,90.535,90.5999,90.43,90.47,31630
2026-09-11 15:20,90.5,90.5299,90.44,90.44,13079
2026-09-11 15:21,90.42,90.455,90.2105,90.31,37097
2026-09-11 15:22,90.31,90.36,90.24,90.24,27735
2026-09-11 15:23,90.265,90.43,90.23,90.305,24398
2026-09-11 15:24,90.32,90.43,90.24,90.415,21388
2026-09-11 15:25,90.415,90.66,90.415,90.575,17117
2026-09-11 15:26,90.61,90.8,90.61,90.77,17932
2026-09-11 15:27,90.7887,91.1,90.7887,90.9338,36023
2026-09-11 15:28,90.94,90.96,90.68,90.69,28312
2026-09-11 15:29,90.78,90.83,90.745,90.76,15168
2026-09-11 15:30,90.76,91.05,90.69,90.9,52748
2026-09-11 15:31,90.9,91.01,90.87,90.905,15017
2026-09-11 15:32,90.9,91.1,90.88,91.0834,34836
2026-09-11 15:33,91.11,91.11,90.75,90.79,15138
2026-09-11 15:34,90.8,90.91,90.71,90.9081,26671
2026-09-11 15:35,90.875,90.89,90.6,90.635,29129
2026-09-11 15:36,90.655,90.705,90.4,90.41,20148
2026-09-11 15:37,90.49,90.53,90.2,90.21,25804
2026-09-11 15:38,90.245,90.38,90.21,90.38,49426
2026-09-11 15:39,90.4,90.47,90.35,90.35,25740
2026-09-11 15:40,90.365,90.41,90.23,90.2942,367216
2026-09-11 15:41,90.29,90.38,90.29,90.305,11322
2026-09-11 15:42,90.305,90.3901,90.27,90.34,13631
2026-09-11 15:43,90.355,90.3799,90.3,90.36,8874
2026-09-11 15:44,90.36,90.39,90.31,90.375,17743
2026-09-11 15:45,90.365,90.49,90.365,90.48,42701
2026-09-11 15:46,90.47,90.53,90.45,90.485,18907
2026-09-11 15:47,90.48,90.5,90.349,90.349,19357
2026-09-11 15:48,90.42,90.5596,90.42,90.535,16179
2026-09-11 15:49,90.55,90.55,90.3717,90.395,13244
2026-09-11 15:50,90.39,90.4387,90.25,90.2682,15931
2026-09-11 15:51,90.26,90.3568,90.25,90.298,33409
2026-09-11 15:52,90.31,90.35,90.24,90.34,20487
2026-09-11 15:53,90.32,90.32,90.22,90.295,18913
2026-09-11 15:54,90.27,90.2799,90.18,90.205,16959
2026-09-11 15:55,90.205,90.27,90.19,90.235,19966
2026-09-11 15:56,90.21,90.36,90.21,90.335,39677
2026-09-11 15:57,90.37,90.44,90.37,90.38,9196
2026-09-11 15:58,90.3801,90.5,90.36,90.485,13209
2026-09-11 15:59,90.51,90.59,90.41,90.41,14410
2026-09-11 16:00,90.415,90.6,90.41,90.585,13550
2026-09-11 16:01,90.62,90.74,90.5901,90.65,26646
2026-09-11 16:02,90.65,90.6689,90.54,90.605,16525
2026-09-11 16:03,90.62,90.68,90.59,90.6,19171
2026-09-11 16:04,90.63,90.76,90.6,90.685,29671
2026-09-11 16:05,90.68,90.72,90.65,90.72,13029
2026-09-11 16:06,90.735,90.76,90.63,90.64,17749
2026-09-11 16:07,90.655,90.68,90.57,90.57,43924
2026-09-11 16:08,90.56,90.83,90.46,90.725,30307
2026-09-11 16:09,90.68,90.82,90.68,90.795,17259
2026-09-11 16:10,90.78,91.0894,90.75,90.78,94791
2026-09-11 16:11,90.78,90.795,90.4201,90.43,24496
2026-09-11 16:12,90.4,90.52,90.32,90.38,22291
2026-09-11 16:13,90.46,90.46,90.31,90.4,41634
2026-09-11 16:14,90.41,90.4601,90.37,90.42,9840
2026-09-11 16:15,90.45,90.538,90.445,90.5,10524
2026-09-11 16:16,90.5,90.6,90.43,90.595,14288
2026-09-11 16:17,90.6129,90.71,90.581,90.5904,15987
2026-09-11 16:18,90.55,90.595,90.5,90.5,6631
2026-09-11 16:19,90.47,90.5,90.4301,90.44,7299
2026-09-11 16:20,90.43,90.45,90.33,90.35,9659
2026-09-11 16:21,90.31,90.36,90.26,90.26,29185
2026-09-11 16:22,90.25,90.31,90.22,90.2583,45479
2026-09-11 16:23,90.3,90.31,90.17,90.225,23980
2026-09-11 16:24,90.225,90.2699,90.22,90.2699,8363
2026-09-11 16:25,90.25,90.469,90.25,90.365,39498
2026-09-11 16:26,90.4,90.4622,90.37,90.4,6665
2026-09-11 16:27,90.4,90.6251,90.4,90.6,19866
2026-09-11 16:28,90.6,90.6,90.55,90.5953,12372
2026-09-11 16:29,90.595,90.66,90.36,90.42,25504
2026-09-11 16:30,90.41,90.5303,90.41,90.5146,24481
2026-09-11 16:31,90.44,90.44,90.31,90.365,9448
2026-09-11 16:32,90.3402,90.485,90.23,90.44,16152
2026-09-11 16:33,90.46,90.5,90.42,90.475,13094
2026-09-11 16:34,90.5046,90.575,90.4951,90.5,7289
2026-09-11 16:35,90.515,90.515,90.31,90.31,33044
2026-09-11 16:36,90.31,90.3252,90.22,90.24,9668
2026-09-11 16:37,90.245,90.41,90.245,90.35,6101
2026-09-11 16:38,90.39,90.425,90.305,90.34,8416
2026-09-11 16:39,90.325,90.4,90.29,90.34,15585
2026-09-11 16:40,90.32,90.41,90.285,90.41,13196
2026-09-11 16:41,90.36,90.4,90.31,90.4,7808
2026-09-11 16:42,90.39,90.39,90.33,90.34,7760
2026-09-11 16:43,90.31,90.31,90.26,90.2794,6148
2026-09-11 16:44,90.27,90.34,90.255,90.3,10528
2026-09-11 16:45,90.28,90.33,90.11,90.12,64273
2026-09-11 16:46,90.12,90.21,89.93,89.94,121113
2026-09-11 16:47,89.98,90.02,89.96,89.99,13273
2026-09-11 16:48,90,90,89.9,89.91,25252
2026-09-11 16:49,89.93,89.93,89.82,89.84,39326
2026-09-11 16:50,89.84,89.8836,89.7,89.75,40914
2026-09-11 16:51,89.715,89.7281,89.3331,89.4,114089
2026-09-11 16:52,89.42,89.58,89.3601,89.575,38698
2026-09-11 16:53,89.58,89.61,89.26,89.3,35406
2026-09-11 16:54,89.3,89.39,89.15,89.39,66139
2026-09-11 16:55,89.3999,89.46,89.33,89.46,30414
2026-09-11 16:56,89.47,89.5499,89.45,89.49,28005
2026-09-11 16:57,89.495,89.525,89.46,89.5,17618
2026-09-11 16:58,89.52,89.53,89.4,89.48,22458
2026-09-11 16:59,89.47,89.53,89.45,89.49,14615
2026-09-11 17:00,89.5,89.5699,89.48,89.52,33919
2026-09-11 17:01,89.545,89.5699,89.45,89.472,19571
2026-09-11 17:02,89.5,89.55,89.435,89.51,43838
2026-09-11 17:03,89.49,89.59,89.4801,89.5851,18221
2026-09-11 17:04,89.56,89.61,89.52,89.55,16806
2026-09-11 17:05,89.57,89.76,89.565,89.68,35381
2026-09-11 17:06,89.69,89.89,89.69,89.865,42669
2026-09-11 17:07,89.86,90.2,89.86,90.04,62249
2026-09-11 17:08,90.04,90.19,90.0343,90.12,14025
2026-09-11 17:09,90.11,90.12,89.93,89.98,22610
2026-09-11 17:10,89.9933,89.9933,89.62,89.68,48094
2026-09-11 17:11,89.7,89.759,89.55,89.63,38202
2026-09-11 17:12,89.63,89.6658,89.545,89.57,13510
2026-09-11 17:13,89.56,89.69,89.54,89.61,46606
2026-09-11 17:14,89.58,89.6182,89.5,89.54,18794
2026-09-11 17:15,89.56,89.6,89.49,89.56,27978
2026-09-11 17:16,89.565,89.66,89.5201,89.65,14499
2026-09-11 17:17,89.65,89.6664,89.55,89.5699,15589
2026-09-11 17:18,89.535,89.59,89.535,89.57,11086
2026-09-11 17:19,89.59,89.655,89.5701,89.625,35898
2026-09-11 17:20,89.6,89.75,89.53,89.55,61618
2026-09-11 17:21,89.57,89.6,89.51,89.5292,34811
2026-09-11 17:22,89.515,89.515,89.45,89.47,32027
2026-09-11 17:23,89.51,89.53,89.48,89.48,29741
2026-09-11 17:24,89.48,89.54,89.47,89.52,11012
2026-09-11 17:25,89.55,89.6,89.5201,89.56,10913
2026-09-11 17:26,89.549,89.61,89.53,89.57,110844
2026-09-11 17:27,89.56,89.64,89.52,89.63,50861
2026-09-11 17:28,89.65,89.6994,89.638,89.64,17251
2026-09-11 17:29,89.665,89.68,89.61,89.64,24946
2026-09-11 17:30,89.67,89.68,89.59,89.6,7931
2026-09-11 17:31,89.595,89.72,89.55,89.55,64807
2026-09-11 17:32,89.57,89.58,89.45,89.463,58940
2026-09-11 17:33,89.47,89.56,89.46,89.56,47236
2026-09-11 17:34,89.535,89.57,89.5,89.56,10774
2026-09-11 17:35,89.54,89.58,89.5281,89.58,15141
2026-09-11 17:36,89.55,89.55,89.43,89.4499,24914
2026-09-11 17:37,89.435,89.5,89.43,89.475,13627
2026-09-11 17:38,89.475,89.48,89.35,89.39,20047
2026-09-11 17:39,89.39,89.4,89.31,89.335,24737
2026-09-11 17:40,89.33,89.4168,89.31,89.34,20732
2026-09-11 17:41,89.32,89.35,89.275,89.3194,16152
2026-09-11 17:42,89.31,89.34,89.29,89.29,17249
2026-09-11 17:43,89.2829,89.39,89.26,89.35,15856
2026-09-11 17:44,89.34,89.34,89.275,89.295,11122
2026-09-11 17:45,89.3018,89.3835,89.3,89.3,17153
2026-09-11 17:46,89.32,89.4578,89.32,89.405,34138
2026-09-11 17:47,89.405,89.42,89.32,89.32,13559
2026-09-11 17:48,89.325,89.33,89.24,89.28,34721
2026-09-11 17:49,89.31,89.345,89.26,89.33,14605
2026-09-11 17:50,89.305,89.31,89.15,89.165,38269
2026-09-11 17:51,89.17,89.23,89.11,89.2199,31768
2026-09-11 17:52,89.21,89.2183,89.0373,89.04,35860
2026-09-11 17:53,89.02,89.02,88.9001,88.9251,136553
2026-09-11 17:54,88.93,88.9746,88.82,88.83,49313
2026-09-11 17:55,88.85,88.95,88.77,88.895,63714
2026-09-11 17:56,88.89,88.91,88.79,88.895,39655
2026-09-11 17:57,88.89,88.935,88.865,88.935,21262
2026-09-11 17:58,88.9463,88.97,88.9,88.96,19803
2026-09-11 17:59,88.97,89.1,88.97,89.07,28523
2026-09-11 18:00,89.055,89.2165,89.055,89.15,35410
2026-09-11 18:01,89.105,89.14,89.085,89.09,17784
2026-09-11 18:02,89.065,89.07,88.91,88.945,17107
2026-09-11 18:03,88.9201,88.95,88.88,88.9,18059
2026-09-11 18:04,88.911,88.96,88.85,88.95,29175
2026-09-11 18:05,88.9011,89,88.89,88.904,15326
2026-09-11 18:06,88.93,89.18,88.92,89.15,41217
2026-09-11 18:07,89.1687,89.37,89.1001,89.13,45011
2026-09-11 18:08,89.12,89.185,89.0516,89.0516,19609
2026-09-11 18:09,89.0645,89.09,88.985,89.0038,20514
2026-09-11 18:10,89.02,89.025,88.835,88.84,56267
2026-09-11 18:11,88.845,88.905,88.77,88.905,62129
2026-09-11 18:12,88.915,89,88.8801,88.97,30443
2026-09-11 18:13,88.95,88.99,88.91,88.9172,23322
2026-09-11 18:14,88.915,89,88.915,88.96,11063
2026-09-11 18:15,88.96,88.9987,88.89,88.905,15013
2026-09-11 18:16,88.93,88.97,88.84,88.84,14786
2026-09-11 18:17,88.81,88.92,88.795,88.8907,34060
2026-09-11 18:18,88.905,88.905,88.842,88.905,15895
2026-09-11 18:19,88.945,89.02,88.93,88.98,19410
2026-09-11 18:20,88.99,89.13,88.985,89.02,38209
2026-09-11 18:21,89.015,89.07,88.97,89.045,23819
2026-09-11 18:22,89.0323,89.085,88.985,89.02,20018
2026-09-11 18:23,89.01,89.03,88.99,89,18325
2026-09-11 18:24,89,89.09,88.97,89.09,23279
2026-09-11 18:25,89.1,89.11,89.03,89.04,10614
2026-09-11 18:26,89.02,89.07,88.98,89.015,19961
2026-09-11 18:27,89.02,89.04,88.85,88.93,41579
2026-09-11 18:28,88.93,88.975,88.91,88.97,13101
2026-09-11 18:29,88.97,88.97,88.91,88.915,18737
2026-09-11 18:30,88.9,88.94,88.8601,88.9,13018
2026-09-11 18:31,88.89,88.91,88.77,88.78,17458
2026-09-11 18:32,88.78,88.85,88.78,88.815,23653
2026-09-11 18:33,88.815,88.83,88.76,88.825,34173
2026-09-11 18:34,88.825,88.86,88.81,88.86,18765
2026-09-11 18:35,88.87,88.9099,88.78,88.79,18403
2026-09-11 18:36,88.78,88.87,88.7621,88.84,19705
2026-09-11 18:37,88.8428,88.87,88.78,88.78,19899
2026-09-11 18:38,88.78,88.81,88.76,88.8,16480
2026-09-11 18:39,88.8,88.86,88.78,88.8549,16456
2026-09-11 18:40,88.858,88.885,88.76,88.865,44179
2026-09-11 18:41,88.865,88.955,88.8312,88.92,50835
2026-09-11 18:42,88.9,89.0386,88.9,88.94,19844
2026-09-11 18:43,88.955,88.985,88.862,88.8799,23596
2026-09-11 18:44,88.87,88.88,88.83,88.87,18187
2026-09-11 18:45,88.85,88.91,88.8,88.83,30375
2026-09-11 18:46,88.83,88.85,88.76,88.78,34566
2026-09-11 18:47,88.76,88.8582,88.743,88.8319,31005
2026-09-11 18:48,88.81,88.86,88.8,88.86,13539
2026-09-11 18:49,88.8212,88.8686,88.815,88.815,10462
2026-09-11 18:50,88.8,88.89,88.78,88.89,14702
2026-09-11 18:51,88.84,88.84,88.77,88.79,23850
2026-09-11 18:52,88.79,88.9,88.79,88.8,28248
2026-09-11 18:53,88.78,88.805,88.65,88.685,54689
2026-09-11 18:54,88.69,88.72,88.68,88.695,13945
2026-09-11 18:55,88.695,88.8496,88.695,88.8,42310
2026-09-11 18:56,88.78,88.84,88.76,88.83,13032
2026-09-11 18:57,88.84,88.87,88.82,88.855,19416
2026-09-11 18:58,88.86,88.86,88.82,88.82,14352
2026-09-11 18:59,88.845,88.94,88.8,88.93,21370
2026-09-11 19:00,88.915,88.915,88.8,88.84,16544
2026-09-11 19:01,88.85,88.85,88.74,88.74,19324
2026-09-11 19:02,88.715,88.76,88.62,88.76,34557
2026-09-11 19:03,88.75,88.88,88.74,88.83,24153
2026-09-11 19:04,88.84,88.9699,88.8179,88.94,21487
2026-09-11 19:05,88.95,89.135,88.92,89.125,29825
2026-09-11 19:06,89.14,89.15,89.0201,89.085,20607
2026-09-11 19:07,89.06,89.1135,89.04,89.04,9638
2026-09-11 19:08,89.045,89.1,88.99,89.05,59758
2026-09-11 19:09,89.08,89.08,89.0201,89.045,9908
2026-09-11 19:10,89.07,89.09,88.93,88.93,19775
2026-09-11 19:11,88.9,88.93,88.84,88.896,29832
2026-09-11 19:12,88.935,89.02,88.935,89.01,15156
2026-09-11 19:13,89.01,89.04,88.95,88.95,7807
2026-09-11 19:14,88.955,89.09,88.955,89.05,59106
2026-09-11 19:15,89.0424,89.198,89.0424,89.0799,30826
2026-09-11 19:16,89.0575,89.11,89.04,89.107,15880
2026-09-11 19:17,89.0802,89.19,89.07,89.095,21025
2026-09-11 19:18,89.09,89.1,89.06,89.07,13883
2026-09-11 19:19,89.04,89.1399,89.04,89.1058,14577
2026-09-11 19:20,89.1093,89.19,89.065,89.19,17248
2026-09-11 19:21,89.175,89.175,89.13,89.17,13395
2026-09-11 19:22,89.165,89.17,89.07,89.09,11630
2026-09-11 19:23,89.0766,89.1,89.06,89.095,11176
2026-09-11 19:24,89.1,89.2887,89.1,89.263,28881
2026-09-11 19:25,89.26,89.27,89.155,89.155,24412
2026-09-11 19:26,89.155,89.25,89.155,89.25,51753
2026-09-11 19:27,89.25,89.3199,89.245,89.2873,25898
2026-09-11 19:28,89.3,89.3,89.1601,89.18,19367
2026-09-11 19:29,89.1992,89.245,89.18,89.215,28478
2026-09-11 19:30,89.23,89.27,89.131,89.18,29821
2026-09-11 19:31,89.18,89.37,89.1735,89.3583,24564
2026-09-11 19:32,89.36,89.3899,89.3,89.3,21359
2026-09-11 19:33,89.31,89.38,89.23,89.31,34245
2026-09-11 19:34,89.28,89.29,89.185,89.2466,30609
2026-09-11 19:35,89.24,89.305,89.2,89.2949,31952
2026-09-11 19:36,89.28,89.3199,89.25,89.27,84458
2026-09-11 19:37,89.27,89.27,89.14,89.14,21327
2026-09-11 19:38,89.15,89.1793,89.11,89.14,27068
2026-09-11 19:39,89.14,89.33,89.14,89.325,70233
2026-09-11 19:40,89.33,89.3899,89.3,89.35,30686
2026-09-11 19:41,89.33,89.368,89.2401,89.29,31963
2026-09-11 19:42,89.28,89.3,89.21,89.2499,48186
2026-09-11 19:43,89.24,89.2525,89.08,89.085,45081
2026-09-11 19:44,89.08,89.18,89.0473,89.18,33826
2026-09-11 19:45,89.175,89.32,89.13,89.2999,37853
2026-09-11 19:46,89.3,89.3,89.17,89.22,30903
2026-09-11 19:47,89.215,89.215,89.101,89.16,31950
2026-09-11 19:48,89.16,89.16,89.08,89.0801,26210
2026-09-11 19:49,89.085,89.09,88.92,88.955,59199
2026-09-11 19:50,88.95,89.16,88.94,88.995,69176
2026-09-11 19:51,88.99,89.09,88.99,89.05,108179
2026-09-11 19:52,89.06,89.06,88.94,88.97,38543
2026-09-11 19:53,88.97,89.02,88.9301,88.945,61178
2026-09-11 19:54,88.94,89.1075,88.88,88.99,83803
2026-09-11 19:55,88.98,89.1,88.85,89,145594
2026-09-11 19:56,88.99,89.0012,88.91,88.9201,147653
2026-09-11 19:57,88.925,88.95,88.77,88.92,139530
2026-09-11 19:58,88.93,88.9799,88.915,88.945,169500
2026-09-11 19:59,88.945,89.03,88.945,88.97,248262
2026-09-14 13:30,82.4725,82.8,82.1,82.695,2.79001e+06
2026-09-14 13:31,82.75,83.87,82.68,82.82,380419
2026-09-14 13:32,82.87,83.47,82.56,83.3479,299590
2026-09-14 13:33,83.2,83.3883,83.02,83.1463,266781
2026-09-14 13:34,83.06,83.41,83,83.15,186072
2026-09-14 13:35,83.15,83.36,82.9536,82.9536,228087
2026-09-14 13:36,82.95,83.08,82.5501,82.595,261736
2026-09-14 13:37,82.64,82.77,82.37,82.67,177580
2026-09-14 13:38,82.665,83.5663,82.62,83.045,149777
2026-09-14 13:39,83.045,83.045,82.75,82.77,94542
2026-09-14 13:40,82.71,83.01,82.6782,82.79,102265
2026-09-14 13:41,82.78,82.855,82.48,82.745,106338
2026-09-14 13:42,82.7,82.8092,82.44,82.8092,81443
2026-09-14 13:43,82.75,83.49,82.7,83.29,158868
2026-09-14 13:44,83.3,83.75,83.29,83.7,172723
2026-09-14 13:45,83.65,84.08,83.43,84.0678,207963
2026-09-14 13:46,84.055,84.88,84.055,84.8199,351105
2026-09-14 13:47,84.77,85.34,84.74,85.2,213633
2026-09-14 13:48,85.165,85.3,84.8724,85.165,150576
2026-09-14 13:49,85.18,85.5499,85.165,85.465,160335
2026-09-14 13:50,85.49,85.93,85.26,85.395,239784
2026-09-14 13:51,85.43,85.43,84.261,84.3601,243801
2026-09-14 13:52,84.39,84.51,84.201,84.365,163193
2026-09-14 13:53,84.36,84.84,84.301,84.775,135329
2026-09-14 13:54,84.775,84.775,84.48,84.58,102119
2026-09-14 13:55,84.55,84.71,84.42,84.5,76465
2026-09-14 13:56,84.4701,84.53,84.201,84.225,92192
2026-09-14 13:57,84.23,84.276,84.01,84.11,91417
2026-09-14 13:58,84.085,84.42,83.9,84.33,153049
2026-09-14 13:59,84.35,84.41,83.8,83.86,182300
2026-09-14 14:00,83.85,84.24,83.78,84.24,185550
2026-09-14 14:01,84.26,84.63,84.12,84.375,111704
2026-09-14 14:02,84.38,84.41,84.0105,84.1,52201
2026-09-14 14:03,84.0799,84.249,84.04,84.04,38699
2026-09-14 14:04,84.026,84.23,84.0001,84.035,103550
2026-09-14 14:05,84.03,84.23,83.97,84.15,67418
2026-09-14 14:06,84.145,84.37,84.145,84.305,76295
2026-09-14 14:07,84.28,84.33,84.17,84.21,90318
2026-09-14 14:08,84.22,84.51,84.2,84.445,65942
2026-09-14 14:09,84.46,84.49,84.33,84.33,68192
2026-09-14 14:10,84.34,84.59,84.34,84.4965,68498
2026-09-14 14:11,84.505,84.77,84.4101,84.5348,114724
2026-09-14 14:12,84.565,84.62,84.3,84.41,82767
2026-09-14 14:13,84.425,84.44,84.32,84.43,54182
2026-09-14 14:14,84.4,84.75,84.4,84.68,73253
2026-09-14 14:15,84.65,84.98,84.63,84.755,144352
2026-09-14 14:16,84.78,84.88,84.5704,84.7,135414
2026-09-14 14:17,84.715,84.72,84.36,84.55,91756
2026-09-14 14:18,84.545,84.545,84.34,84.455,64584
2026-09-14 14:19,84.46,84.625,84.42,84.5904,58171
2026-09-14 14:20,84.59,84.59,84.32,84.4,40479
2026-09-14 14:21,84.385,84.4583,84.22,84.3001,43864
2026-09-14 14:22,84.3,84.32,84.1344,84.1523,49945
2026-09-14 14:23,84.145,84.17,83.96,84.07,95791
2026-09-14 14:24,84.07,84.11,83.975,84.06,57976
2026-09-14 14:25,84.06,84.14,83.95,83.96,56904
2026-09-14 14:26,83.94,83.94,83.58,83.665,107635
2026-09-14 14:27,83.7,83.865,83.61,83.825,81911
2026-09-14 14:28,83.8201,84.02,83.815,83.97,49978
2026-09-14 14:29,83.99,84,83.725,83.86,52418
2026-09-14 14:30,83.85,84.085,83.75,83.88,50346
2026-09-14 14:31,83.88,83.93,83.76,83.85,48999
2026-09-14 14:32,83.83,83.83,83.5,83.58,106601
2026-09-14 14:33,83.6,83.63,83.49,83.54,99246
2026-09-14 14:34,83.525,83.77,83.525,83.615,70875
2026-09-14 14:35,83.63,83.66,83.385,83.385,95281
2026-09-14 14:36,83.36,83.43,83.24,83.2845,71495
2026-09-14 14:37,83.3,83.315,83.1401,83.23,74883
2026-09-14 14:38,83.2,83.235,83.1401,83.235,93513
2026-09-14 14:39,83.22,83.45,83.22,83.385,72264
2026-09-14 14:40,83.36,83.43,83.295,83.37,42079
2026-09-14 14:41,83.365,83.3832,83.19,83.285,141266
2026-09-14 14:42,83.3,83.43,83.25,83.4,43357
2026-09-14 14:43,83.355,83.4,83.3173,83.365,22599
2026-09-14 14:44,83.35,83.83,83.32,83.764,59154
2026-09-14 14:45,83.79,83.84,83.69,83.81,41681
2026-09-14 14:46,83.83,83.89,83.565,83.65,68948
2026-09-14 14:47,83.655,83.69,83.29,83.49,47723
2026-09-14 14:48,83.51,83.57,83.2601,83.3799,97276
2026-09-14 14:49,83.375,83.55,83.33,83.435,44141
2026-09-14 14:50,83.415,83.4299,83.28,83.335,23642
2026-09-14 14:51,83.335,83.45,83.165,83.2,108926
2026-09-14 14:52,83.21,83.21,83.095,83.12,65931
2026-09-14 14:53,83.14,83.2503,83.14,83.245,39370
2026-09-14 14:54,83.2,83.38,83.18,83.2706,46438
2026-09-14 14:55,83.2934,83.31,83.14,83.15,58055
2026-09-14 14:56,83.15,83.17,82.91,83.17,110331
2026-09-14 14:57,83.18,83.18,82.97,82.98,35129
2026-09-14 14:58,82.99,83.0481,82.92,82.97,66675
2026-09-14 14:59,82.975,82.98,82.85,82.9066,69088
2026-09-14 15:00,82.9,83.22,82.85,83.2,114303
2026-09-14 15:01,83.17,83.2,82.96,83.178,45737
2026-09-14 15:02,83.1791,83.265,83.095,83.18,35333
2026-09-14 15:03,83.14,83.27,83.1,83.23,32777
2026-09-14 15:04,83.235,83.28,83.07,83.2,46367
2026-09-14 15:05,83.21,83.6899,83.21,83.6556,81621
2026-09-14 15:06,83.635,83.87,83.535,83.5439,150053
2026-09-14 15:07,83.54,83.55,83.23,83.2531,58752
2026-09-14 15:08,83.248,83.26,83.13,83.2,52889
2026-09-14 15:09,83.1785,83.24,83.045,83.1308,46200
2026-09-14 15:10,83.1499,83.2899,83.04,83.2299,29619
2026-09-14 15:11,83.19,83.25,83.09,83.205,19219
2026-09-14 15:12,83.205,83.298,83.17,83.2,25366
2026-09-14 15:13,83.205,83.2799,83.2,83.255,17242
2026-09-14 15:14,83.27,83.375,83.2201,83.2402,49000
2026-09-14 15:15,83.24,83.32,83.22,83.31,20672
2026-09-14 15:16,83.305,83.47,83.25,83.43,43147
2026-09-14 15:17,83.39,83.52,83.305,83.36,43182
2026-09-14 15:18,83.34,83.4641,83.335,83.36,25423
2026-09-14 15:19,83.36,83.525,83.36,83.4863,20474
2026-09-14 15:20,83.47,83.4848,83.26,83.26,27964
2026-09-14 15:21,83.285,83.5,83.285,83.5,35167
2026-09-14 15:22,83.46,83.5399,83.4,83.5099,15371
2026-09-14 15:23,83.475,83.72,83.45,83.67,54673
2026-09-14 15:24,83.71,83.77,83.63,83.735,47470
2026-09-14 15:25,83.735,83.755,83.6,83.66,29451
2026-09-14 15:26,83.66,83.7399,83.6,83.73,39943
2026-09-14 15:27,83.72,83.84,83.72,83.75,58503
2026-09-14 15:28,83.765,83.97,83.765,83.885,49129
2026-09-14 15:29,83.885,83.98,83.84,83.885,32000
2026-09-14 15:30,83.875,84.16,83.866,84.08,59373
2026-09-14 15:31,84.08,84.12,83.8103,83.88,69465
2026-09-14 15:32,83.88,84.31,83.717,84.31,121647
2026-09-14 15:33,84.31,84.67,84.19,84.67,127677
2026-09-14 15:34,84.68,84.89,84.59,84.87,107630
2026-09-14 15:35,84.8417,85.07,84.79,84.88,151312
2026-09-14 15:36,84.895,84.96,84.5244,84.575,53400
2026-09-14 15:37,84.57,84.725,84.57,84.695,44547
2026-09-14 15:38,84.71,84.7215,84.5,84.5059,47504
2026-09-14 15:39,84.5,84.61,84.5,84.59,50368
2026-09-14 15:40,84.585,84.63,84.46,84.505,45409
2026-09-14 15:41,84.48,84.7,84.45,84.6,39035
2026-09-14 15:42,84.62,84.62,84.4355,84.5,69603
2026-09-14 15:43,84.5,84.64,84.49,84.525,39550
2026-09-14 15:44,84.525,84.705,84.525,84.57,38622
2026-09-14 15:45,84.59,84.64,84.5,84.51,34797
2026-09-14 15:46,84.535,84.535,84.245,84.255,39152
2026-09-14 15:47,84.255,84.3,84.1101,84.1925,68880
2026-09-14 15:48,84.18,84.235,84.0502,84.21,26057
2026-09-14 15:49,84.21,84.26,84.1,84.17,32647
2026-09-14 15:50,84.1801,84.3,84.15,84.255,30138
2026-09-14 15:51,84.255,84.39,84.25,84.31,26499
2026-09-14 15:52,84.3399,84.75,84.3,84.585,81675
2026-09-14 15:53,84.55,84.55,84.29,84.315,22210
2026-09-14 15:54,84.32,84.34,84.2273,84.34,20383
2026-09-14 15:55,84.34,84.42,84.32,84.37,41440
2026-09-14 15:56,84.365,84.44,84.27,84.3,24370
2026-09-14 15:57,84.295,84.37,84.29,84.37,24130
2026-09-14 15:58,84.36,84.4758,84.34,84.395,55478
2026-09-14 15:59,84.4,84.47,84.35,84.47,22136
2026-09-14 16:00,84.42,84.42,84.0737,84.0737,80883
2026-09-14 16:01,84.1,84.19,84.0187,84.0187,55292
2026-09-14 16:02,84.01,84.03,83.86,83.87,34144
2026-09-14 16:03,83.85,84.03,83.8301,83.925,47071
2026-09-14 16:04,83.925,83.98,83.85,83.89,25974
2026-09-14 16:05,83.885,83.9,83.82,83.82,108989
2026-09-14 16:06,83.82,83.8896,83.7,83.71,85698
2026-09-14 16:07,83.717,83.81,83.7045,83.7799,25530
2026-09-14 16:08,83.73,83.75,83.55,83.565,30068
2026-09-14 16:09,83.565,83.61,83.5,83.542,38276
2026-09-14 16:10,83.5377,83.58,83.516,83.546,29797
2026-09-14 16:11,83.5401,83.59,83.5243,83.56,32345
2026-09-14 16:12,83.57,83.59,83.4555,83.5,30721
2026-09-14 16:13,83.49,83.55,83.47,83.5262,25246
2026-09-14 16:14,83.54,83.66,83.4816,83.64,27740
2026-09-14 16:15,83.6377,84.1699,83.6377,84.0952,46642
2026-09-14 16:16,84.12,84.2297,84.07,84.18,26274
2026-09-14 16:17,84.21,84.2999,84.1501,84.26,31063
2026-09-14 16:18,84.285,84.33,84.2,84.275,26814
2026-09-14 16:19,84.29,84.32,84.21,84.275,22833
2026-09-14 16:20,84.2501,84.3299,84.17,84.305,34983
2026-09-14 16:21,84.305,84.305,84.2065,84.27,27385
2026-09-14 16:22,84.29,84.35,84.17,84.21,38162
2026-09-14 16:23,84.195,84.3598,84.185,84.34,16866
2026-09-14 16:24,84.34,84.4,84.29,84.37,31470
2026-09-14 16:25,84.37,84.3899,84.18,84.185,14639
2026-09-14 16:26,84.185,84.2354,84.15,84.215,23800
2026-09-14 16:27,84.19,84.22,84.16,84.185,11996
2026-09-14 16:28,84.185,84.21,84.07,84.08,18213
2026-09-14 16:29,84.08,84.164,84.01,84.14,26076
2026-09-14 16:30,84.125,84.14,84.07,84.07,10040
2026-09-14 16:31,84.0813,84.2499,84.035,84.155,27997
2026-09-14 16:32,84.155,84.1958,84.12,84.1958,12772
2026-09-14 16:33,84.15,84.2,84.1227,84.18,27270
2026-09-14 16:34,84.18,84.2,84.08,84.1,25271
2026-09-14 16:35,84.09,84.105,84.02,84.04,14325
2026-09-14 16:36,84.04,84.08,83.92,83.98,39149
2026-09-14 16:37,83.95,84.05,83.95,84.03,12713
2026-09-14 16:38,84.015,84.06,84,84.05,12726
2026-09-14 16:39,84.04,84.09,84.02,84.07,14747
2026-09-14 16:40,84.075,84.075,83.91,83.95,28265
2026-09-14 16:41,83.98,83.9995,83.88,83.97,18816
2026-09-14 16:42,83.93,83.9699,83.893,83.9258,12870
2026-09-14 16:43,83.91,83.96,83.89,83.96,15588
2026-09-14 16:44,83.93,83.965,83.885,83.93,24597
2026-09-14 16:45,83.94,83.96,83.91,83.955,11637
2026-09-14 16:46,83.92,83.95,83.83,83.875,26594
2026-09-14 16:47,83.875,84.17,83.86,84.16,33476
2026-09-14 16:48,84.15,84.3884,84.1252,84.35,25582
2026-09-14 16:49,84.34,84.53,84.28,84.48,63806
2026-09-14 16:50,84.48,84.67,84.445,84.485,44712
2026-09-14 16:51,84.45,84.45,84.2635,84.29,30554
2026-09-14 16:52,84.262,84.425,84.262,84.425,21492
2026-09-14 16:53,84.425,84.4684,84.32,84.46,28632
2026-09-14 16:54,84.47,84.4926,84.36,84.38,16720
2026-09-14 16:55,84.38,84.4255,84.305,84.3801,22313
2026-09-14 16:56,84.38,84.38,84.2801,84.315,18888
2026-09-14 16:57,84.34,84.38,84.27,84.3,84353
2026-09-14 16:58,84.295,84.33,84.1677,84.19,32298
2026-09-14 16:59,84.19,84.2448,84.17,84.2448,20057
2026-09-14 17:00,84.24,84.27,84.16,84.215,16465
2026-09-14 17:01,84.16,84.1761,84,84.1,27496
2026-09-14 17:02,84.075,84.17,84.055,84.0955,14863
2026-09-14 17:03,84.115,84.18,84.02,84.14,24678
2026-09-14 17:04,84.142,84.2,84.13,84.17,32122
2026-09-14 17:05,84.15,84.18,84.125,84.1599,32532
2026-09-14 17:06,84.16,84.2155,84.11,84.135,97332
2026-09-14 17:07,84.125,84.1299,84.055,84.09,14309
2026-09-14 17:08,84.1,84.1399,84.07,84.1149,9107
2026-09-14 17:09,84.1,84.14,84.09,84.115,19879
2026-09-14 17:10,84.1,84.2999,84.09,84.1918,17401
2026-09-14 17:11,84.18,84.25,84.125,84.235,11559
2026-09-14 17:12,84.2201,84.335,84.2201,84.24,12629
2026-09-14 17:13,84.255,84.28,84.185,84.22,16932
2026-09-14 17:14,84.25,84.25,84.145,84.145,17314
2026-09-14 17:15,84.15,84.26,84.14,84.26,17170
2026-09-14 17:16,84.235,84.37,84.17,84.33,59453
2026-09-14 17:17,84.35,84.4688,84.35,84.39,14920
2026-09-14 17:18,84.36,84.43,84.3006,84.42,32695
2026-09-14 17:19,84.41,84.4644,84.32,84.425,21547
2026-09-14 17:20,84.43,84.555,84.3884,84.487,46813
2026-09-14 17:21,84.48,84.54,84.4,84.405,134953
2026-09-14 17:22,84.4101,84.49,84.325,84.3515,22042
2026-09-14 17:23,84.355,84.4,84.345,84.3629,25234
2026-09-14 17:24,84.345,84.44,84.34,84.405,18871
2026-09-14 17:25,84.4203,84.4399,84.37,84.4,30091
2026-09-14 17:26,84.39,84.45,84.375,84.41,19214
2026-09-14 17:27,84.4699,84.475,84.405,84.45,33821
2026-09-14 17:28,84.47,84.525,84.46,84.52,30021
2026-09-14 17:29,84.51,84.7,84.5,84.6466,33674
2026-09-14 17:30,84.67,84.72,84.625,84.665,50438
2026-09-14 17:31,84.685,84.685,84.5201,84.624,29327
2026-09-14 17:32,84.625,84.675,84.61,84.635,12650
2026-09-14 17:33,84.64,84.65,84.5254,84.5372,31575
2026-09-14 17:34,84.5101,84.68,84.4501,84.64,40277
2026-09-14 17:35,84.61,84.7,84.57,84.6,20570
2026-09-14 17:36,84.605,84.605,84.545,84.57,15082
2026-09-14 17:37,84.57,84.57,84.4564,84.465,22278
2026-09-14 17:38,84.45,84.59,84.45,84.58,27180
2026-09-14 17:39,84.575,84.61,84.52,84.595,31992
2026-09-14 17:40,84.59,84.62,84.44,84.4854,43632
2026-09-14 17:41,84.5,84.5,84.43,84.44,28315
2026-09-14 17:42,84.455,84.51,84.37,84.405,34365
2026-09-14 17:43,84.385,84.4616,84.34,84.405,28597
2026-09-14 17:44,84.4,84.51,84.3938,84.51,28356
2026-09-14 17:45,84.525,84.58,84.44,84.48,21247
2026-09-14 17:46,84.475,84.53,84.39,84.39,47612
2026-09-14 17:47,84.375,84.38,84.3,84.335,63568
2026-09-14 17:48,84.335,84.34,84.27,84.314,31905
2026-09-14 17:49,84.3064,84.52,84.28,84.39,48123
2026-09-14 17:50,84.39,84.565,84.385,84.4693,37445
2026-09-14 17:51,84.47,84.48,84.38,84.38,17719
2026-09-14 17:52,84.39,84.46,84.39,84.41,39197
2026-09-14 17:53,84.4499,84.4499,84.3,84.37,30884
2026-09-14 17:54,84.345,84.44,84.33,84.42,20214
2026-09-14 17:55,84.42,84.58,84.415,84.56,10842
2026-09-14 17:56,84.52,84.8,84.52,84.77,36967
2026-09-14 17:57,84.795,84.9,84.77,84.9,25959
2026-09-14 17:58,84.95,84.95,84.82,84.825,16434
2026-09-14 17:59,84.8175,84.8499,84.66,84.66,19071
2026-09-14 18:00,84.655,84.71,84.5635,84.5635,27144
2026-09-14 18:01,84.59,84.64,84.585,84.6182,15064
2026-09-14 18:02,84.615,84.7,84.595,84.595,18438
2026-09-14 18:03,84.59,84.73,84.57,84.73,13946
2026-09-14 18:04,84.77,84.8499,84.73,84.83,18073
2026-09-14 18:05,84.815,84.84,84.555,84.56,15225
2026-09-14 18:06,84.6082,84.69,84.54,84.67,15920
2026-09-14 18:07,84.63,84.69,84.62,84.69,8155
2026-09-14 18:08,84.7,84.77,84.645,84.645,17299
2026-09-14 18:09,84.62,84.795,84.62,84.72,27616
2026-09-14 18:10,84.74,84.77,84.63,84.63,18131
2026-09-14 18:11,84.63,84.72,84.56,84.575,27671
2026-09-14 18:12,84.585,84.585,84.53,84.53,8624
2026-09-14 18:13,84.5,84.565,84.47,84.52,32164
2026-09-14 18:14,84.53,84.55,84.46,84.53,70403
2026-09-14 18:15,84.5535,84.63,84.5535,84.565,19086
2026-09-14 18:16,84.565,84.568,84.4501,84.46,11985
2026-09-14 18:17,84.4776,84.55,84.4593,84.525,14581
2026-09-14 18:18,84.535,84.535,84.44,84.53,14841
2026-09-14 18:19,84.52,84.66,84.5056,84.61,27152
2026-09-14 18:20,84.6,84.6,84.525,84.5429,15720
2026-09-14 18:21,84.5,84.52,84.35,84.35,15981
2026-09-14 18:22,84.355,84.38,84.2642,84.28,13562
2026-09-14 18:23,84.28,84.2896,84.14,84.14,43154
2026-09-14 18:24,84.15,84.19,84.01,84.05,51579
2026-09-14 18:25,84.055,84.1599,84.01,84.07,47443
2026-09-14 18:26,84.06,84.118,84.03,84.04,19432
2026-09-14 18:27,84.06,84.12,84.05,84.07,25394
2026-09-14 18:28,84.07,84.085,83.92,83.93,45809
2026-09-14 18:29,83.91,84.06,83.91,84.03,50469
2026-09-14 18:30,84.05,84.06,83.98,84.01,21848
2026-09-14 18:31,84.01,84.02,83.9701,84.02,12286
2026-09-14 18:32,84.03,84.04,83.9575,83.9582,20076
2026-09-14 18:33,83.98,84,83.935,83.945,15012
2026-09-14 18:34,83.945,83.96,83.9001,83.9001,25854
2026-09-14 18:35,83.9,84.08,83.9,84.03,23906
2026-09-14 18:36,84.03,84.05,83.97,83.975,18464
2026-09-14 18:37,83.9899,84,83.945,83.98,16584
2026-09-14 18:38,83.965,83.97,83.89,83.89,14358
2026-09-14 18:39,83.86,83.88,83.83,83.86,17234
2026-09-14 18:40,83.85,83.96,83.83,83.9,25841
2026-09-14 18:41,83.9,83.9,83.8,83.85,30565
2026-09-14 18:42,83.825,83.9399,83.825,83.84,16745
2026-09-14 18:43,83.845,83.93,83.84,83.93,12975
2026-09-14 18:44,83.9399,83.9399,83.82,83.84,48694
2026-09-14 18:45,83.86,83.9234,83.8322,83.87,16955
2026-09-14 18:46,83.89,83.9,83.75,83.77,59500
2026-09-14 18:47,83.7754,83.83,83.75,83.81,35547
2026-09-14 18:48,83.82,83.82,83.67,83.73,46001
2026-09-14 18:49,83.7,83.77,83.67,83.75,34407
2026-09-14 18:50,83.7502,83.83,83.75,83.78,16969
2026-09-14 18:51,83.79,83.81,83.75,83.75,11808
2026-09-14 18:52,83.75,83.83,83.7265,83.825,12466
2026-09-14 18:53,83.8252,83.8999,83.8252,83.88,23842
2026-09-14 18:54,83.88,83.8999,83.8235,83.87,11666
2026-09-14 18:55,83.85,83.96,83.82,83.86,25095
2026-09-14 18:56,83.88,83.95,83.8606,83.8606,16286
2026-09-14 18:57,83.895,83.97,83.8515,83.91,24592
2026-09-14 18:58,83.89,83.92,83.67,83.73,69900
2026-09-14 18:59,83.715,83.89,83.7101,83.855,27021
2026-09-14 19:00,83.878,83.89,83.83,83.87,17977
2026-09-14 19:01,83.86,83.92,83.86,83.8601,20219
2026-09-14 19:02,83.87,83.9897,83.82,83.9,89567
2026-09-14 19:03,83.9,83.96,83.825,83.85,19696
2026-09-14 19:04,83.84,83.93,83.82,83.92,23902
2026-09-14 19:05,83.93,83.98,83.8901,83.9,13801
2026-09-14 19:06,83.875,83.93,83.7201,83.73,36330
2026-09-14 19:07,83.735,83.78,83.7,83.71,51932
2026-09-14 19:08,83.68,83.79,83.63,83.65,34728
2026-09-14 19:09,83.655,83.82,83.6,83.71,82505
2026-09-14 19:10,83.71,83.74,83.64,83.64,16237
2026-09-14 19:11,83.66,83.69,83.56,83.69,32636
2026-09-14 19:12,83.645,83.8,83.645,83.79,28858
2026-09-14 19:13,83.78,83.83,83.72,83.765,27975
2026-09-14 19:14,83.765,83.8,83.71,83.775,29199
2026-09-14 19:15,83.75,83.8,83.7,83.77,31405
2026-09-14 19:16,83.75,83.805,83.705,83.705,28052
2026-09-14 19:17,83.71,83.79,83.705,83.75,37029
2026-09-14 19:18,83.755,83.98,83.755,83.95,42543
2026-09-14 19:19,83.945,84.175,83.9125,84.09,61549
2026-09-14 19:20,84.06,84.11,84.0138,84.035,23536
2026-09-14 19:21,84.035,84.035,83.91,83.915,24966
2026-09-14 19:22,83.9,83.9,83.765,83.77,28614
2026-09-14 19:23,83.7929,83.89,83.72,83.885,27553
2026-09-14 19:24,83.886,83.95,83.8601,83.87,32309
2026-09-14 19:25,83.9,83.92,83.8601,83.87,23116
2026-09-14 19:26,83.87,83.94,83.835,83.9,25812
2026-09-14 19:27,83.88,83.88,83.7793,83.81,24188
2026-09-14 19:28,83.79,83.79,83.71,83.73,29503
2026-09-14 19:29,83.72,83.72,83.55,83.56,43889
2026-09-14 19:30,83.55,83.58,83.3051,83.34,121900
2026-09-14 19:31,83.345,83.45,83.32,83.38,56576
2026-09-14 19:32,83.38,83.4558,83.38,83.41,41710
2026-09-14 19:33,83.4,83.4243,83.35,83.38,44514
2026-09-14 19:34,83.4,83.45,83.355,83.39,80463
2026-09-14 19:35,83.39,83.52,83.32,83.445,79419
2026-09-14 19:36,83.44,83.55,83.3601,83.39,47085
2026-09-14 19:37,83.385,83.4044,83.26,83.305,50441
2026-09-14 19:38,83.3,83.3345,83.25,83.29,43444
2026-09-14 19:39,83.285,83.4,83.27,83.34,85765
2026-09-14 19:40,83.36,83.3944,83.2509,83.261,45594
2026-09-14 19:41,83.251,83.33,83.25,83.29,40509
2026-09-14 19:42,83.28,83.2999,83.2,83.2101,52828
2026-09-14 19:43,83.225,83.33,83.22,83.29,44203
2026-09-14 19:44,83.31,83.4899,83.296,83.4101,62430
2026-09-14 19:45,83.42,83.52,83.375,83.5,139819
2026-09-14 19:46,83.5,83.565,83.43,83.53,44966
2026-09-14 19:47,83.5302,83.535,83.36,83.3723,51105
2026-09-14 19:48,83.38,83.43,83.33,83.34,35655
2026-09-14 19:49,83.335,83.48,83.335,83.47,53602
2026-09-14 19:50,83.42,83.58,83.42,83.575,72760
2026-09-14 19:51,83.5792,83.6,83.45,83.49,74415
2026-09-14 19:52,83.5,83.54,83.28,83.28,62916
2026-09-14 19:53,83.28,83.2899,83.16,83.195,132014
2026-09-14 19:54,83.2,83.237,83.03,83.06,134316
2026-09-14 19:55,83.05,83.1252,83.03,83.065,170784
2026-09-14 19:56,83.066,83.1,83,83.025,161814
2026-09-14 19:57,83.02,83.025,82.91,82.97,295522
2026-09-14 19:58,82.97,83,82.95,82.985,294122
2026-09-14 19:59,82.985,83.07,82.93,82.97,403343
2026-09-15 13:30,82.39,83.6199,82.39,83.575,844289
2026-09-15 13:31,83.5301,83.575,83.2296,83.35,43117
2026-09-15 13:32,83.4,83.78,83.4,83.68,88078
2026-09-15 13:33,83.745,83.745,83.3,83.34,64958
2026-09-15 13:34,83.31,83.399,83.04,83.305,67728
2026-09-15 13:35,83.3,83.47,83.165,83.277,46197
2026-09-15 13:36,83.1901,83.725,83.1901,83.555,55233
2026-09-15 13:37,83.555,83.84,83.555,83.78,98009
2026-09-15 13:38,83.79,83.82,83.39,83.665,61381
2026-09-15 13:39,83.6571,83.8,83.5,83.5,37024
2026-09-15 13:40,83.48,83.7,83.37,83.5999,42783
2026-09-15 13:41,83.54,83.7485,83.44,83.49,39041
2026-09-15 13:42,83.49,83.6,83.31,83.44,33374
2026-09-15 13:43,83.46,83.65,83.339,83.585,25732
2026-09-15 13:44,83.52,83.62,83.37,83.62,45892
2026-09-15 13:45,83.62,83.8599,83.575,83.66,59843
2026-09-15 13:46,83.65,83.86,83.55,83.74,62292
2026-09-15 13:47,83.74,83.74,83.58,83.645,17253
2026-09-15 13:48,83.62,83.695,83.53,83.63,25212
2026-09-15 13:49,83.6,83.69,83.5,83.69,30299
2026-09-15 13:50,83.67,83.6897,83.47,83.495,40946
2026-09-15 13:51,83.4925,83.51,83.26,83.275,57987
2026-09-15 13:52,83.275,83.4499,83.275,83.43,21225
2026-09-15 13:53,83.455,83.55,83.3243,83.4278,23769
2026-09-15 13:54,83.465,83.5452,83.27,83.3511,31731
2026-09-15 13:55,83.395,83.6,83.3401,83.575,19945
2026-09-15 13:56,83.62,83.62,83.17,83.22,103764
2026-09-15 13:57,83.22,83.27,83.17,83.18,20724
2026-09-15 13:58,83.195,83.25,83.11,83.1601,40381
2026-09-15 13:59,83.205,83.22,83.02,83.15,37992
2026-09-15 14:00,83.14,83.25,83.1,83.1607,25669
2026-09-15 14:01,83.165,83.185,82.9,82.955,52890
2026-09-15 14:02,82.98,82.995,82.74,82.755,53292
2026-09-15 14:03,82.78,82.88,82.71,82.84,28867
2026-09-15 14:04,82.845,82.86,82.76,82.76,40619
2026-09-15 14:05,82.795,82.93,82.795,82.85,22402
2026-09-15 14:06,82.87,82.9,82.8,82.8533,28081
2026-09-15 14:07,82.8546,82.9,82.7801,82.87,26579
2026-09-15 14:08,82.87,82.9195,82.845,82.895,21811
2026-09-15 14:09,82.935,83.148,82.91,83.14,29080
2026-09-15 14:10,83.1253,83.1253,82.9,82.965,32491
2026-09-15 14:11,82.9451,83.065,82.9201,83.065,12960
2026-09-15 14:12,83.04,83.045,82.92,82.92,17201
2026-09-15 14:13,82.9227,83.02,82.82,82.825,24713
2026-09-15 14:14,82.825,82.825,82.66,82.755,36284
2026-09-15 14:15,82.73,82.92,82.73,82.8699,19743
2026-09-15 14:16,82.8651,82.93,82.751,82.85,24991
2026-09-15 14:17,82.835,83.05,82.835,83.02,28132
2026-09-15 14:18,83.04,83.2,83.025,83.11,41576
2026-09-15 14:19,83.14,83.25,83.08,83.215,43362
2026-09-15 14:20,83.21,83.22,83,83.0501,26035
2026-09-15 14:21,83.05,83.05,82.83,82.89,32660
2026-09-15 14:22,82.86,82.89,82.81,82.87,15810
2026-09-15 14:23,82.875,82.875,82.69,82.75,31659
2026-09-15 14:24,82.74,82.9456,82.74,82.92,47876
2026-09-15 14:25,82.91,82.96,82.71,82.75,22751
2026-09-15 14:26,82.755,82.905,82.755,82.89,27885
2026-09-15 14:27,82.821,82.975,82.821,82.84,27678
2026-09-15 14:28,82.91,83.01,82.875,83.01,21104
2026-09-15 14:29,82.99,83.04,82.92,83.01,22180
2026-09-15 14:30,83.015,83.02,82.8,82.8,15380
2026-09-15 14:31,82.79,82.888,82.745,82.806,24423
2026-09-15 14:32,82.735,82.845,82.71,82.845,19288
2026-09-15 14:33,82.845,82.855,82.7463,82.79,13454
2026-09-15 14:34,82.7822,82.84,82.74,82.775,31794
2026-09-15 14:35,82.8,82.8364,82.74,82.74,18965
2026-09-15 14:36,82.75,82.8,82.7,82.8,18531
2026-09-15 14:37,82.77,82.77,82.62,82.685,27918
2026-09-15 14:38,82.6999,82.6999,82.58,82.61,31168
2026-09-15 14:39,82.615,82.69,82.5826,82.6549,59479
2026-09-15 14:40,82.63,82.63,82.36,82.3999,156074
2026-09-15 14:41,82.3685,82.45,82.35,82.37,40417
2026-09-15 14:42,82.38,82.5899,82.35,82.5899,24744
2026-09-15 14:43,82.56,82.59,82.4101,82.5233,18075
2026-09-15 14:44,82.5499,82.57,82.45,82.515,33955
2026-09-15 14:45,82.495,82.54,82.37,82.415,23009
2026-09-15 14:46,82.405,82.5,82.38,82.465,39731
2026-09-15 14:47,82.46,82.48,82.275,82.29,63757
2026-09-15 14:48,82.29,82.3099,82.161,82.185,29566
2026-09-15 14:49,82.185,82.21,82.13,82.13,26096
2026-09-15 14:50,82.15,82.15,81.82,82.025,313349
2026-09-15 14:51,81.99,82.04,81.78,81.805,35148
2026-09-15 14:52,81.8,81.82,81.66,81.72,60803
2026-09-15 14:53,81.73,81.89,81.695,81.8,39075
2026-09-15 14:54,81.81,81.975,81.81,81.95,46633
2026-09-15 14:55,81.95,81.96,81.7739,81.78,26021
2026-09-15 14:56,81.785,81.9,81.7015,81.88,19611
2026-09-15 14:57,81.876,81.9499,81.825,81.845,43590
2026-09-15 14:58,81.88,81.89,81.725,81.845,54491
2026-09-15 14:59,81.86,81.98,81.86,81.895,76006
2026-09-15 15:00,81.9,82.139,81.88,81.89,38524
2026-09-15 15:01,81.89,82.1008,81.85,82.1,20563
2026-09-15 15:02,82.105,82.11,81.9701,82.0292,15001
2026-09-15 15:03,82.025,82.2116,82,82.2116,25191
2026-09-15 15:04,82.2026,82.3,82.182,82.26,24591
2026-09-15 15:05,82.28,82.43,82.28,82.39,30284
2026-09-15 15:06,82.3606,82.4,82.25,82.27,16092
2026-09-15 15:07,82.26,82.26,82.07,82.12,23336
2026-09-15 15:08,82.13,82.17,82.05,82.095,15822
2026-09-15 15:09,82.11,82.1691,82.09,82.165,16857
2026-09-15 15:10,82.19,82.19,82.09,82.09,13034
2026-09-15 15:11,82.095,82.17,82.08,82.15,10617
2026-09-15 15:12,82.14,82.14,82.055,82.07,13477
2026-09-15 15:13,82.08,82.08,82.01,82.02,13987
2026-09-15 15:14,82.015,82.1799,82.015,82.155,17003
2026-09-15 15:15,82.15,82.2,82.13,82.151,14002
2026-09-15 15:16,82.1609,82.17,82.04,82.06,23917
2026-09-15 15:17,82.07,82.12,82.04,82.12,9628
2026-09-15 15:18,82.125,82.305,82.125,82.305,14298
2026-09-15 15:19,82.3,82.3,82.21,82.28,11292
2026-09-15 15:20,82.29,82.31,82.21,82.27,9072
2026-09-15 15:21,82.315,82.35,82.28,82.3035,8192
2026-09-15 15:22,82.295,82.32,82.23,82.27,13430
2026-09-15 15:23,82.28,82.4442,82.28,82.37,12620
2026-09-15 15:24,82.38,82.53,82.38,82.53,14815
2026-09-15 15:25,82.56,82.77,82.56,82.7265,31146
2026-09-15 15:26,82.74,82.8012,82.6801,82.74,29058
2026-09-15 15:27,82.73,82.8,82.73,82.78,68352
2026-09-15 15:28,82.8,82.8,82.54,82.57,50840
2026-09-15 15:29,82.58,82.64,82.5525,82.58,11738
2026-09-15 15:30,82.5868,82.605,82.37,82.4,26408
2026-09-15 15:31,82.36,82.36,82.17,82.19,32044
2026-09-15 15:32,82.17,82.18,82.07,82.1399,40150
2026-09-15 15:33,82.135,82.3675,82.1101,82.265,15830
2026-09-15 15:34,82.27,82.337,82.225,82.29,18968
2026-09-15 15:35,82.31,82.37,82.3,82.32,6261
2026-09-15 15:36,82.3,82.475,82.3,82.38,39381
2026-09-15 15:37,82.37,82.37,82.0813,82.0813,24857
2026-09-15 15:38,82.13,82.1492,82.065,82.11,14806
2026-09-15 15:39,82.115,82.125,82.08,82.1,26467
2026-09-15 15:40,82.12,82.28,82.12,82.26,31667
2026-09-15 15:41,82.24,82.2999,82.23,82.25,10841
2026-09-15 15:42,82.23,82.26,82.2,82.2,9264
2026-09-15 15:43,82.2,82.29,82.1999,82.28,10921
2026-09-15 15:44,82.27,82.27,82.07,82.105,20857
2026-09-15 15:45,82.09,82.16,82.09,82.12,8550
2026-09-15 15:46,82.1216,82.1216,81.982,82.02,64908
2026-09-15 15:47,82.04,82.06,81.935,81.9647,25167
2026-09-15 15:48,81.94,82.01,81.91,81.995,17959
2026-09-15 15:49,81.98,82.04,81.98,82.0305,28115
2026-09-15 15:50,82.05,82.25,82.05,82.175,18275
2026-09-15 15:51,82.175,82.175,82.0807,82.11,9178
2026-09-15 15:52,82.13,82.22,82.13,82.18,26470
2026-09-15 15:53,82.1934,82.1976,82.14,82.14,9390
2026-09-15 15:54,82.12,82.14,82.04,82.09,19438
2026-09-15 15:55,82.1,82.17,82.02,82.15,19119
2026-09-15 15:56,82.1267,82.15,82.04,82.15,6976
2026-09-15 15:57,82.155,82.18,82.105,82.11,9601
2026-09-15 15:58,82.12,82.12,81.975,81.985,21919
2026-09-15 15:59,82,82.05,82,82.045,11379
2026-09-15 16:00,82.06,82.08,81.9,82,26605
2026-09-15 16:01,82.02,82.06,81.9901,82.0351,9612
2026-09-15 16:02,82.02,82.048,81.965,82.04,18063
2026-09-15 16:03,81.99,82.02,81.86,81.895,44668
2026-09-15 16:04,81.92,81.96,81.905,81.94,9257
2026-09-15 16:05,81.935,81.96,81.9,81.96,22434
2026-09-15 16:06,81.97,82.196,81.96,82.18,71846
2026-09-15 16:07,82.1799,82.21,82.09,82.18,45590
2026-09-15 16:08,82.15,82.1899,82.07,82.07,9075
2026-09-15 16:09,82.05,82.09,81.955,81.96,18336
2026-09-15 16:10,81.985,81.985,81.8,81.8001,34686
2026-09-15 16:11,81.815,81.9099,81.8079,81.85,35954
2026-09-15 16:12,81.85,81.9,81.85,81.885,23053
2026-09-15 16:13,81.885,81.91,81.85,81.885,19352
2026-09-15 16:14,81.89,81.9675,81.8787,81.965,13852
2026-09-15 16:15,81.95,82.01,81.93,82.005,21095
2026-09-15 16:16,82,82.023,81.97,82,9731
2026-09-15 16:17,82.007,82.06,81.98,82.01,17754
2026-09-15 16:18,82,82,81.93,81.96,16938
2026-09-15 16:19,81.96,82.06,81.94,82.05,18219
2026-09-15 16:20,82.065,82.09,82.06,82.07,6916
2026-09-15 16:21,82.07,82.195,82.07,82.08,23557
2026-09-15 16:22,82.115,82.135,82.06,82.1,11527
2026-09-15 16:23,82.11,82.13,82.04,82.13,15953
2026-09-15 16:24,82.135,82.17,82.12,82.145,16273
2026-09-15 16:25,82.14,82.14,82.05,82.11,17315
2026-09-15 16:26,82.115,82.31,82.115,82.286,22052
2026-09-15 16:27,82.31,82.35,82.28,82.3325,10162
2026-09-15 16:28,82.31,82.35,82.27,82.35,10254
2026-09-15 16:29,82.335,82.35,82.3,82.3113,21787
2026-09-15 16:30,82.3,82.32,82.23,82.25,18274
2026-09-15 16:31,82.2504,82.2504,82.1747,82.23,18527
2026-09-15 16:32,82.22,82.23,82.2,82.2,7078
2026-09-15 16:33,82.19,82.1984,82.11,82.11,10981
2026-09-15 16:34,82.105,82.105,82.005,82.03,17574
2026-09-15 16:35,82.03,82.09,82.03,82.04,9174
2026-09-15 16:36,82.0512,82.14,82.03,82.14,11811
2026-09-15 16:37,82.115,82.1322,82.1,82.12,16847
2026-09-15 16:38,82.13,82.19,82.12,82.126,21495
2026-09-15 16:39,82.12,82.14,82.11,82.14,5230
2026-09-15 16:40,82.13,82.13,82.08,82.08,10681
2026-09-15 16:41,82.1,82.245,82.1,82.2201,10822
2026-09-15 16:42,82.245,82.26,82.1451,82.2135,13778
2026-09-15 16:43,82.2,82.2,82.135,82.15,5634
2026-09-15 16:44,82.2,82.2,82.14,82.15,9436
2026-09-15 16:45,82.2,82.2,82.14,82.17,15607
2026-09-15 16:46,82.1835,82.25,82.15,82.25,14774
2026-09-15 16:47,82.2382,82.2382,82.135,82.15,9851
2026-09-15 16:48,82.15,82.15,82.12,82.15,5826
2026-09-15 16:49,82.17,82.26,82.13,82.26,19483
2026-09-15 16:50,82.27,82.285,82.215,82.215,5955
2026-09-15 16:51,82.19,82.25,82.19,82.23,10744
2026-09-15 16:52,82.2145,82.26,82.2145,82.25,8076
2026-09-15 16:53,82.24,82.2599,82.2101,82.23,5860
2026-09-15 16:54,82.23,82.32,82.23,82.32,12042
2026-09-15 16:55,82.31,82.36,82.215,82.35,71156
2026-09-15 16:56,82.36,82.36,82.24,82.2674,17520
2026-09-15 16:57,82.27,82.27,82.2382,82.24,15307
2026-09-15 16:58,82.24,82.25,82.135,82.145,22926
2026-09-15 16:59,82.145,82.145,82.01,82.04,14829
2026-09-15 17:00,82.04,82.058,81.9901,82.03,24527
2026-09-15 17:01,82.05,82.08,81.97,82.05,48713
2026-09-15 17:02,82.05,82.05,82.01,82.02,13196
2026-09-15 17:03,82.03,82.03,81.92,81.967,24219
2026-09-15 17:04,81.95,81.95,81.845,81.87,32556
2026-09-15 17:05,81.86,81.86,81.8101,81.85,20167
2026-09-15 17:06,81.86,81.9,81.72,81.72,42803
2026-09-15 17:07,81.71,81.756,81.62,81.69,44034
2026-09-15 17:08,81.69,81.69,81.575,81.6176,50992
2026-09-15 17:09,81.61,81.77,81.56,81.75,42485
2026-09-15 17:10,81.73,81.8499,81.7,81.8351,18692
2026-09-15 17:11,81.82,81.84,81.79,81.82,20536
2026-09-15 17:12,81.82,81.82,81.72,81.72,19311
2026-09-15 17:13,81.74,81.75,81.7,81.7452,16713
2026-09-15 17:14,81.75,81.78,81.735,81.7597,30419
2026-09-15 17:15,81.7743,81.7743,81.64,81.67,40204
2026-09-15 17:16,81.665,81.665,81.61,81.65,22846
2026-09-15 17:17,81.65,81.72,81.63,81.708,12487
2026-09-15 17:18,81.69,81.7034,81.65,81.7034,13217
2026-09-15 17:19,81.7,81.73,81.66,81.72,17054
2026-09-15 17:20,81.735,81.759,81.72,81.72,17665
2026-09-15 17:21,81.7,81.7,81.618,81.618,12973
2026-09-15 17:22,81.61,81.62,81.535,81.5666,43500
2026-09-15 17:23,81.54,81.6,81.52,81.56,20128
2026-09-15 17:24,81.56,81.57,81.481,81.525,68107
2026-09-15 17:25,81.525,81.597,81.51,81.56,43166
2026-09-15 17:26,81.56,81.68,81.56,81.66,27170
2026-09-15 17:27,81.65,81.66,81.62,81.65,9299
2026-09-15 17:28,81.6451,81.65,81.56,81.5901,14990
2026-09-15 17:29,81.59,81.66,81.58,81.655,13170
2026-09-15 17:30,81.64,81.65,81.57,81.61,47778
2026-09-15 17:31,81.6,81.68,81.6,81.635,21034
2026-09-15 17:32,81.65,81.7,81.64,81.67,17542
2026-09-15 17:33,81.67,81.71,81.6433,81.66,20116
2026-09-15 17:34,81.67,81.6767,81.55,81.55,21370
2026-09-15 17:35,81.565,81.61,81.51,81.59,762143
2026-09-15 17:36,81.59,81.6,81.56,81.58,21072
2026-09-15 17:37,81.57,81.6,81.52,81.5601,32959
2026-09-15 17:38,81.56,81.56,81.51,81.54,27319
2026-09-15 17:39,81.535,81.57,81.52,81.54,18139
2026-09-15 17:40,81.545,81.61,81.53,81.59,26373
2026-09-15 17:41,81.595,81.64,81.57,81.605,27940
2026-09-15 17:42,81.59,81.605,81.455,81.46,80867
2026-09-15 17:43,81.45,81.51,81.45,81.505,35813
2026-09-15 17:44,81.515,81.55,81.49,81.5,22159
2026-09-15 17:45,81.515,81.57,81.515,81.56,10925
2026-09-15 17:46,81.57,81.6,81.535,81.535,14691
2026-09-15 17:47,81.53,81.54,81.52,81.525,7847
2026-09-15 17:48,81.5301,81.585,81.52,81.54,18426
2026-09-15 17:49,81.54,81.54,81.28,81.38,87667
2026-09-15 17:50,81.39,81.395,81.3211,81.3262,11836
2026-09-15 17:51,81.32,81.36,81.2801,81.295,15465
2026-09-15 17:52,81.295,81.3,81.24,81.2838,40281
2026-09-15 17:53,81.285,81.285,81.235,81.28,14013
2026-09-15 17:54,81.265,81.36,81.245,81.34,27121
2026-09-15 17:55,81.345,81.36,81.295,81.335,15138
2026-09-15 17:56,81.3302,81.44,81.3201,81.44,18364
2026-09-15 17:57,81.46,81.54,81.44,81.515,18830
2026-09-15 17:58,81.515,81.64,81.5,81.615,34547
2026-09-15 17:59,81.615,81.671,81.49,81.5702,20476
2026-09-15 18:00,81.565,81.655,81.515,81.58,20676
2026-09-15 18:01,81.575,81.5923,81.55,81.55,5988
2026-09-15 18:02,81.53,81.53,81.42,81.48,13929
2026-09-15 18:03,81.55,81.55,81.4947,81.529,6399
2026-09-15 18:04,81.5,81.5586,81.5,81.55,11609
2026-09-15 18:05,81.57,81.58,81.5,81.54,13472
2026-09-15 18:06,81.52,81.5472,81.47,81.54,8502
2026-09-15 18:07,81.56,81.65,81.53,81.61,7506
2026-09-15 18:08,81.61,81.6134,81.58,81.6,9021
2026-09-15 18:09,81.595,81.6655,81.59,81.6655,9425
2026-09-15 18:10,81.6683,81.68,81.57,81.58,15472
2026-09-15 18:11,81.57,81.58,81.51,81.565,29592
2026-09-15 18:12,81.56,81.6,81.55,81.5749,24996
2026-09-15 18:13,81.575,81.69,81.555,81.6758,16229
2026-09-15 18:14,81.6761,81.69,81.56,81.56,21716
2026-09-15 18:15,81.56,81.58,81.34,81.36,24096
2026-09-15 18:16,81.33,81.34,81.27,81.29,26279
2026-09-15 18:17,81.285,81.32,81.265,81.27,23420
2026-09-15 18:18,81.25,81.37,81.25,81.345,20382
2026-09-15 18:19,81.345,81.4078,81.325,81.3686,16960
2026-09-15 18:20,81.365,81.43,81.36,81.4,24716
2026-09-15 18:21,81.4,81.42,81.39,81.4199,26861
2026-09-15 18:22,81.42,81.48,81.38,81.4,14583
2026-09-15 18:23,81.4,81.43,81.25,81.275,31372
2026-09-15 18:24,81.27,81.2999,81.16,81.185,38346
2026-09-15 18:25,81.2,81.22,81.12,81.22,48079
2026-09-15 18:26,81.21,81.27,81.12,81.15,60751
2026-09-15 18:27,81.162,81.21,81.15,81.2088,12318
2026-09-15 18:28,81.22,81.3,81.175,81.3,17818
2026-09-15 18:29,81.29,81.5,81.285,81.44,52046
2026-09-15 18:30,81.445,81.445,81.25,81.365,35185
2026-09-15 18:31,81.36,81.4,81.33,81.375,36686
2026-09-15 18:32,81.375,81.385,81.29,81.2901,19529
2026-09-15 18:33,81.28,81.317,81.22,81.22,22833
2026-09-15 18:34,81.21,81.34,81.195,81.34,21334
2026-09-15 18:35,81.35,81.375,81.3,81.3,9768
2026-09-15 18:36,81.315,81.315,81.1,81.15,86740
2026-09-15 18:37,81.1131,81.135,81.07,81.1,52275
2026-09-15 18:38,81.095,81.1,81.02,81.03,37708
2026-09-15 18:39,81.03,81.0663,80.96,81.04,113315
2026-09-15 18:40,81.05,81.05,80.94,80.945,43679
2026-09-15 18:41,80.945,81.03,80.86,80.9403,67183
2026-09-15 18:42,80.975,80.9769,80.82,80.86,24214
2026-09-15 18:43,80.86,80.87,80.81,80.8304,22311
2026-09-15 18:44,80.81,80.88,80.81,80.85,28414
2026-09-15 18:45,80.86,80.86,80.75,80.75,56000
2026-09-15 18:46,80.7699,80.7999,80.7204,80.74,39517
2026-09-15 18:47,80.75,80.75,80.65,80.6623,44973
2026-09-15 18:48,80.66,80.72,80.56,80.58,60773
2026-09-15 18:49,80.58,80.6199,80.57,80.6,30232
2026-09-15 18:50,80.58,80.64,80.5646,80.6265,17248
2026-09-15 18:51,80.6101,80.63,80.52,80.6199,70878
2026-09-15 18:52,80.61,80.76,80.6,80.7,35542
2026-09-15 18:53,80.7172,80.7899,80.7,80.7899,34785
2026-09-15 18:54,80.775,80.845,80.75,80.81,64653
2026-09-15 18:55,80.81,80.9,80.805,80.87,29348
2026-09-15 18:56,80.87,80.93,80.86,80.8864,19298
2026-09-15 18:57,80.87,80.988,80.84,80.845,47167
2026-09-15 18:58,80.82,80.91,80.815,80.89,18272
2026-09-15 18:59,80.8976,80.92,80.86,80.915,24230
2026-09-15 19:00,80.915,81.12,80.9,81.0999,35004
2026-09-15 19:01,81.085,81.12,80.88,80.97,63863
2026-09-15 19:02,80.97,80.9887,80.82,80.885,40361
2026-09-15 19:03,80.9099,81,80.9,80.915,14810
2026-09-15 19:04,80.915,81.0847,80.9046,81.06,57018
2026-09-15 19:05,81.04,81.07,80.96,80.98,26679
2026-09-15 19:06,80.985,81.03,80.94,81.03,17888
2026-09-15 19:07,81.03,81.03,80.98,80.98,12995
2026-09-15 19:08,81.01,81.0201,80.96,81.005,38674
2026-09-15 19:09,81.01,81.02,80.9383,80.98,28168
2026-09-15 19:10,80.9825,81,80.95,80.97,24493
2026-09-15 19:11,80.96,80.98,80.93,80.935,30935
2026-09-15 19:12,80.935,80.95,80.85,80.92,30640
2026-09-15 19:13,80.915,80.94,80.9,80.94,18441
2026-09-15 19:14,80.94,81.01,80.92,80.935,26385
2026-09-15 19:15,80.935,80.9577,80.89,80.94,24525
2026-09-15 19:16,80.9329,81.04,80.91,81.02,22803
2026-09-15 19:17,81.02,81.055,80.94,81,26826
2026-09-15 19:18,80.985,81.045,80.985,81.035,26744
2026-09-15 19:19,81.0323,81.08,81.01,81.02,39638
2026-09-15 19:20,81.04,81.13,80.94,80.941,39050
2026-09-15 19:21,80.93,81.02,80.93,80.97,36202
2026-09-15 19:22,80.97,80.98,80.93,80.95,20158
2026-09-15 19:23,80.965,80.9972,80.935,80.95,18810
2026-09-15 19:24,80.93,80.98,80.93,80.975,17797
2026-09-15 19:25,80.98,80.985,80.89,80.89,35554
2026-09-15 19:26,80.8969,80.91,80.86,80.8635,28415
2026-09-15 19:27,80.85,80.92,80.85,80.905,20372
2026-09-15 19:28,80.9,80.91,80.88,80.88,23065
2026-09-15 19:29,80.8501,80.8799,80.8201,80.86,29861
2026-09-15 19:30,80.85,80.955,80.8,80.895,47149
2026-09-15 19:31,80.88,81.0448,80.8712,80.96,39968
2026-09-15 19:32,80.96,80.99,80.92,80.97,28760
2026-09-15 19:33,80.9732,81.02,80.935,80.995,19881
2026-09-15 19:34,80.985,80.99,80.93,80.935,25753
2026-09-15 19:35,80.94,80.994,80.91,80.9819,43036
2026-09-15 19:36,80.97,81.14,80.97,81.14,33136
2026-09-15 19:37,81.14,81.14,81.055,81.0999,46535
2026-09-15 19:38,81.097,81.11,80.9842,81.015,33879
2026-09-15 19:39,81.015,81.085,80.985,81.07,36166
2026-09-15 19:40,81.07,81.07,80.945,80.945,40626
2026-09-15 19:41,80.93,81.07,80.93,81.045,57619
2026-09-15 19:42,81.0428,81.145,81.035,81.14,60055
2026-09-15 19:43,81.14,81.2,81.1,81.195,47186
2026-09-15 19:44,81.23,81.27,81.1702,81.245,49990
2026-09-15 19:45,81.24,81.25,81.105,81.14,65544
2026-09-15 19:46,81.14,81.185,81.1301,81.17,32096
2026-09-15 19:47,81.18,81.27,81.18,81.236,41162
2026-09-15 19:48,81.2356,81.27,81.215,81.27,46101
2026-09-15 19:49,81.28,81.36,81.245,81.267,62725
2026-09-15 19:50,81.25,81.26,80.95,80.955,96602
2026-09-15 19:51,80.95,80.95,80.86,80.92,76570
2026-09-15 19:52,80.92,81.025,80.8901,80.95,88521
2026-09-15 19:53,80.95,81.02,80.9,81.0199,70458
2026-09-15 19:54,81.015,81.1399,80.95,80.975,116863
2026-09-15 19:55,80.95,81.03,80.86,80.915,175917
2026-09-15 19:56,80.915,80.95,80.79,80.8,144863
2026-09-15 19:57,80.8,80.91,80.8,80.895,248654
2026-09-15 19:58,80.91,80.93,80.86,80.92,260920
2026-09-15 19:59,80.92,80.96,80.81,80.95,369849
2026-09-16 13:30,83.75,83.8654,83.06,83.655,1.14187e+06
2026-09-16 13:31,83.72,84.15,83.59,83.87,128774
2026-09-16 13:32,83.86,84.1,83.25,83.305,92718
2026-09-16 13:33,83.305,83.4799,82.9,83.05,110691
2026-09-16 13:34,83.005,83.64,82.9301,83.5201,92127
2026-09-16 13:35,83.49,84.47,83.48,84.42,217034
2026-09-16 13:36,84.42,84.52,83.7597,84.155,159171
2026-09-16 13:37,84.178,84.41,83.8401,83.8601,110906
2026-09-16 13:38,83.91,84.5,83.8802,84.28,108628
2026-09-16 13:39,84.285,84.4,83.91,83.99,93128
2026-09-16 13:40,84.02,84.18,83.7821,83.925,72862
2026-09-16 13:41,83.9,84.1999,83.65,83.92,79431
2026-09-16 13:42,83.9294,84.05,83.65,83.725,37947
2026-09-16 13:43,83.7471,83.84,83.51,83.795,43109
2026-09-16 13:44,83.795,84.1,83.7825,84.03,52890
2026-09-16 13:45,84.03,84.7055,84,84.4499,142923
2026-09-16 13:46,84.45,84.96,84.45,84.89,125185
2026-09-16 13:47,84.885,85.22,84.6901,85.17,151524
2026-09-16 13:48,85.19,85.258,85.1,85.18,109023
2026-09-16 13:49,85.14,85.2,84.675,84.84,141715
2026-09-16 13:50,84.87,84.88,84.5001,84.71,98949
2026-09-16 13:51,84.7001,84.72,84.46,84.5369,53713
2026-09-16 13:52,84.532,85.08,84.4701,84.94,52282
2026-09-16 13:53,84.955,85.03,84.83,84.9389,58608
2026-09-16 13:54,84.875,84.8908,84.48,84.6,53413
2026-09-16 13:55,84.5701,84.83,84.5701,84.81,39061
2026-09-16 13:56,84.81,84.87,84.7,84.735,43452
2026-09-16 13:57,84.77,84.8767,84.71,84.8036,32956
2026-09-16 13:58,84.795,84.82,84.4,84.475,46689
2026-09-16 13:59,84.475,84.5,84.38,84.41,46076
2026-09-16 14:00,84.4001,84.5561,84.22,84.22,42712
2026-09-16 14:01,84.22,84.25,83.99,84.1301,131156
2026-09-16 14:02,84.1842,84.31,84.085,84.1,29784
2026-09-16 14:03,84.08,84.08,83.88,83.98,62866
2026-09-16 14:04,84,84.07,83.875,83.885,65399
2026-09-16 14:05,83.88,84.1,83.88,84.09,38065
2026-09-16 14:06,84.075,84.1,84.03,84.1,19699
2026-09-16 14:07,84.07,84.09,83.8001,83.9294,40842
2026-09-16 14:08,83.88,84.35,83.8754,84.3355,62811
2026-09-16 14:09,84.3287,84.38,84.14,84.24,30092
2026-09-16 14:10,84.24,84.3102,84.16,84.195,25953
2026-09-16 14:11,84.14,84.185,83.88,83.9,32981
2026-09-16 14:12,83.9,83.91,83.6501,83.675,92642
2026-09-16 14:13,83.675,83.73,83.61,83.704,29512
2026-09-16 14:14,83.72,83.8,83.67,83.755,31193
2026-09-16 14:15,83.755,83.76,83.655,83.67,20258
2026-09-16 14:16,83.65,84.07,83.6107,84.05,71669
2026-09-16 14:17,84.1,84.14,83.875,84.0662,36965
2026-09-16 14:18,84.08,84.16,83.9101,84.01,19262
2026-09-16 14:19,83.98,84.07,83.935,84.04,23487
2026-09-16 14:20,83.98,84.081,83.92,83.98,34655
2026-09-16 14:21,84.01,84.06,83.9312,84.03,26432
2026-09-16 14:22,84.02,84.1175,83.91,83.92,21383
2026-09-16 14:23,83.9687,84.26,83.91,84.23,42022
2026-09-16 14:24,84.23,84.3,84.0801,84.165,43544
2026-09-16 14:25,84.165,84.25,84.11,84.1984,27731
2026-09-16 14:26,84.175,84.26,84,84.17,53194
2026-09-16 14:27,84.17,84.17,83.73,83.7698,28133
2026-09-16 14:28,83.765,83.8884,83.625,83.648,32883
2026-09-16 14:29,83.65,83.71,83.57,83.58,33107
2026-09-16 14:30,83.56,83.66,83.5,83.64,42850
2026-09-16 14:31,83.63,83.6805,83.49,83.67,25271
2026-09-16 14:32,83.6853,83.7,83.5513,83.62,17815
2026-09-16 14:33,83.67,83.9599,83.615,83.92,35142
2026-09-16 14:34,83.92,84.03,83.89,84.02,48914
2026-09-16 14:35,84.01,84.06,83.86,83.86,41732
2026-09-16 14:36,83.88,83.93,83.85,83.8795,42421
2026-09-16 14:37,83.8725,83.9544,83.84,83.95,11640
2026-09-16 14:38,83.93,84.08,83.93,83.94,35154
2026-09-16 14:39,83.95,84.03,83.91,83.91,23771
2026-09-16 14:40,83.91,84.09,83.89,84.0877,19435
2026-09-16 14:41,84.065,84.1,84.047,84.0522,24537
2026-09-16 14:42,84.045,84.06,83.93,83.93,50520
2026-09-16 14:43,83.93,84.17,83.9001,84.17,21495
2026-09-16 14:44,84.17,84.17,84.01,84.07,20580
2026-09-16 14:45,84.072,84.072,83.97,83.9901,11556
2026-09-16 14:46,83.97,84.11,83.9611,84.08,23706
2026-09-16 14:47,84.075,84.13,84.0201,84.06,12322
2026-09-16 14:48,84.04,84.04,83.925,83.975,18728
2026-09-16 14:49,83.95,84.04,83.8401,84.04,34094
2026-09-16 14:50,84.05,84.2712,84.05,84.05,44277
2026-09-16 14:51,84.02,84.025,83.9101,83.98,13523
2026-09-16 14:52,84,84.0389,83.94,84,12226
2026-09-16 14:53,83.995,84.1,83.99,84.04,31887
2026-09-16 14:54,84.02,84.04,83.83,83.87,20800
2026-09-16 14:55,83.87,83.89,83.83,83.83,22016
2026-09-16 14:56,83.85,84.08,83.85,84.07,20269
2026-09-16 14:57,84.05,84.065,83.96,84.01,15793
2026-09-16 14:58,83.99,84.03,83.94,83.99,13233
2026-09-16 14:59,83.99,84.155,83.945,84.155,21898
2026-09-16 15:00,84.17,84.26,84.15,84.24,55806
2026-09-16 15:01,84.2245,84.34,84.22,84.2828,34862
2026-09-16 15:02,84.29,84.29,84.15,84.2,45984
2026-09-16 15:03,84.1784,84.22,84.09,84.14,16217
2026-09-16 15:04,84.14,84.155,84.05,84.085,16156
2026-09-16 15:05,84.08,84.235,84.0601,84.22,24179
2026-09-16 15:06,84.215,84.24,84.1225,84.2206,13343
2026-09-16 15:07,84.22,84.5,84.15,84.3768,51657
2026-09-16 15:08,84.37,84.6199,84.255,84.32,66978
2026-09-16 15:09,84.355,84.3625,84.19,84.2118,30575
2026-09-16 15:10,84.22,84.36,84.1894,84.3,23182
2026-09-16 15:11,84.2946,84.3417,84.28,84.28,13960
2026-09-16 15:12,84.285,84.3399,84.22,84.29,14528
2026-09-16 15:13,84.29,84.44,84.2342,84.435,22257
2026-09-16 15:14,84.435,84.49,84.33,84.3801,55671
2026-09-16 15:15,84.365,84.385,84.171,84.185,25799
2026-09-16 15:16,84.2,84.38,84.2,84.36,15752
2026-09-16 15:17,84.355,84.37,84.32,84.3685,17286
2026-09-16 15:18,84.35,84.5,84.35,84.475,21886
2026-09-16 15:19,84.485,84.87,84.485,84.7672,93914
2026-09-16 15:20,84.73,84.88,84.6037,84.88,99923
2026-09-16 15:21,84.89,84.943,84.7801,84.87,54916
2026-09-16 15:22,84.9,84.9699,84.73,84.78,69644
2026-09-16 15:23,84.79,84.8044,84.7,84.732,23719
2026-09-16 15:24,84.7398,84.8368,84.69,84.805,18243
2026-09-16 15:25,84.79,84.82,84.71,84.7901,18307
2026-09-16 15:26,84.8101,84.8199,84.7,84.7246,13545
2026-09-16 15:27,84.7,84.73,84.58,84.675,28743
2026-09-16 15:28,84.6725,84.69,84.6201,84.67,14865
2026-09-16 15:29,84.68,84.68,84.56,84.56,13689
2026-09-16 15:30,84.58,84.61,84.3769,84.44,33627
2026-09-16 15:31,84.43,84.52,84.42,84.5084,19648
2026-09-16 15:32,84.5,84.52,84.4191,84.42,20678
2026-09-16 15:33,84.44,84.575,84.1801,84.535,59970
2026-09-16 15:34,84.55,84.65,84.55,84.63,25583
2026-09-16 15:35,84.615,84.65,84.5501,84.59,14225
2026-09-16 15:36,84.56,84.63,84.55,84.6,13998
2026-09-16 15:37,84.61,84.61,84.46,84.51,17325
2026-09-16 15:38,84.53,84.5699,84.52,84.5699,523840
2026-09-16 15:39,84.55,84.6,84.51,84.6,13458
2026-09-16 15:40,84.65,84.81,84.64,84.78,44984
2026-09-16 15:41,84.785,84.85,84.74,84.77,18513
2026-09-16 15:42,84.77,84.77,84.725,84.74,19062
2026-09-16 15:43,84.74,84.75,84.6148,84.65,15292
2026-09-16 15:44,84.6464,84.6464,84.329,84.37,36006
2026-09-16 15:45,84.375,84.375,84.32,84.3318,11615
2026-09-16 15:46,84.34,84.5484,84.34,84.54,24858
2026-09-16 15:47,84.545,85.0796,84.5203,84.985,116052
2026-09-16 15:48,84.97,85.0799,84.92,85.005,32421
2026-09-16 15:49,84.99,85.0197,84.84,84.93,28670
2026-09-16 15:50,84.94,85.08,84.84,84.91,44945
2026-09-16 15:51,84.92,84.975,84.8503,84.8704,13890
2026-09-16 15:52,84.89,84.9471,84.75,84.81,21464
2026-09-16 15:53,84.8231,84.88,84.73,84.73,15923
2026-09-16 15:54,84.755,84.76,84.65,84.72,18780
2026-09-16 15:55,84.7499,84.7499,84.64,84.71,24181
2026-09-16 15:56,84.685,84.685,84.6,84.63,14716
2026-09-16 15:57,84.64,84.65,84.57,84.6,14309
2026-09-16 15:58,84.63,84.65,84.59,84.64,10689
2026-09-16 15:59,84.647,84.65,84.44,84.4529,22720
2026-09-16 16:00,84.465,84.4864,84.37,84.39,15846
2026-09-16 16:01,84.38,84.4227,84.37,84.38,19010
2026-09-16 16:02,84.36,84.3899,84.28,84.375,26013
2026-09-16 16:03,84.38,84.46,84.33,84.415,15375
2026-09-16 16:04,84.415,84.415,84.31,84.31,13950
2026-09-16 16:05,84.31,84.37,84.3,84.3252,20309
2026-09-16 16:06,84.3296,84.3299,84.14,84.16,21722
2026-09-16 16:07,84.1542,84.18,84.0701,84.09,20348
2026-09-16 16:08,84.0469,84.0469,83.9,83.965,65100
2026-09-16 16:09,83.9622,84,83.895,83.92,25453
2026-09-16 16:10,83.89,83.99,83.87,83.96,19596
2026-09-16 16:11,83.976,84.02,83.925,84.02,24898
2026-09-16 16:12,84.028,84.0499,83.98,83.995,12998
2026-09-16 16:13,84.005,84.07,84.0017,84.0501,14086
2026-09-16 16:14,84.07,84.077,83.97,84.0589,24509
2026-09-16 16:15,84.075,84.075,83.77,83.8299,24818
2026-09-16 16:16,83.81,83.8108,83.641,83.7082,24775
2026-09-16 16:17,83.68,83.8711,83.68,83.85,29840
2026-09-16 16:18,83.86,83.9,83.8501,83.87,22354
2026-09-16 16:19,83.89,83.9988,83.89,83.99,13170
2026-09-16 16:20,83.99,83.99,83.84,83.98,18664
2026-09-16 16:21,83.95,83.955,83.86,83.955,12946
2026-09-16 16:22,83.955,83.96,83.92,83.95,7671
2026-09-16 16:23,83.935,84.07,83.935,84.05,10359
2026-09-16 16:24,84.04,84.04,83.91,83.94,13660
2026-09-16 16:25,83.96,84.12,83.955,84.06,18505
2026-09-16 16:26,84.07,84.095,83.9372,83.975,20433
2026-09-16 16:27,83.97,84,83.935,83.9432,11159
2026-09-16 16:28,83.93,83.93,83.86,83.8667,23124
2026-09-16 16:29,83.8675,83.9443,83.85,83.85,10537
2026-09-16 16:30,83.88,83.885,83.72,83.75,21948
2026-09-16 16:31,83.74,83.76,83.67,83.6733,35490
2026-09-16 16:32,83.7,83.8,83.7,83.754,21127
2026-09-16 16:33,83.75,83.7514,83.66,83.675,19240
2026-09-16 16:34,83.68,83.75,83.64,83.75,18810
2026-09-16 16:35,83.76,83.83,83.76,83.8068,10944
2026-09-16 16:36,83.82,83.82,83.72,83.735,14343
2026-09-16 16:37,83.73,83.748,83.7014,83.716,9929
2026-09-16 16:38,83.72,83.8193,83.71,83.735,13409
2026-09-16 16:39,83.74,83.768,83.71,83.72,17917
2026-09-16 16:40,83.725,83.73,83.655,83.73,20718
2026-09-16 16:41,83.7186,83.78,83.71,83.77,5877
2026-09-16 16:42,83.77,83.79,83.76,83.79,9472
2026-09-16 16:43,83.77,83.83,83.77,83.815,18872
2026-09-16 16:44,83.83,83.88,83.82,83.8329,14220
2026-09-16 16:45,83.81,83.97,83.81,83.95,19434
2026-09-16 16:46,83.95,84.07,83.9,84.07,15534
2026-09-16 16:47,84.07,84.28,84.06,84.1084,46696
2026-09-16 16:48,84.1,84.1238,84.0593,84.1,15926
2026-09-16 16:49,84.1,84.155,84.05,84.1509,22511
2026-09-16 16:50,84.16,84.21,84.1,84.13,23845
2026-09-16 16:51,84.15,84.17,83.97,84.01,19497
2026-09-16 16:52,84.03,84.06,84.01,84.04,11462
2026-09-16 16:53,84.04,84.04,83.94,83.9469,15700
2026-09-16 16:54,83.96,84.07,83.92,84.05,16166
2026-09-16 16:55,84.045,84.13,84.02,84.125,14114
2026-09-16 16:56,84.1433,84.23,84.1433,84.2199,16021
2026-09-16 16:57,84.215,84.23,84.14,84.2,17671
2026-09-16 16:58,84.205,84.21,84.18,84.21,8962
2026-09-16 16:59,84.21,84.23,84.13,84.165,13667
2026-09-16 17:00,84.165,84.256,84.05,84.085,42718
2026-09-16 17:01,84.095,84.12,84.025,84.065,8358
2026-09-16 17:02,84.08,84.12,84.03,84.105,6143
2026-09-16 17:03,84.12,84.17,84.065,84.115,17854
2026-09-16 17:04,84.11,84.29,84.0989,84.29,14137
2026-09-16 17:05,84.25,84.27,84.21,84.213,23772
2026-09-16 17:06,84.23,84.255,84.16,84.18,15731
2026-09-16 17:07,84.18,84.18,84.1087,84.1087,18932
2026-09-16 17:08,84.1001,84.1927,84.1001,84.15,13023
2026-09-16 17:09,84.16,84.25,84.155,84.2246,13570
2026-09-16 17:10,84.245,84.245,84.19,84.195,13206
2026-09-16 17:11,84.1899,84.235,84.17,84.17,9572
2026-09-16 17:12,84.18,84.26,84.18,84.21,27254
2026-09-16 17:13,84.2,84.32,84.2,84.29,18119
2026-09-16 17:14,84.2843,84.35,84.27,84.295,47347
2026-09-16 17:15,84.295,84.3,84.2275,84.2399,6654
2026-09-16 17:16,84.22,84.22,84.1823,84.2,7896
2026-09-16 17:17,84.21,84.255,84.17,84.175,10043
2026-09-16 17:18,84.1601,84.19,84.14,84.14,7629
2026-09-16 17:19,84.17,84.18,83.95,84.0092,43126
2026-09-16 17:20,84.005,84.085,84.005,84.03,15397
2026-09-16 17:21,84.0116,84.04,83.93,83.962,31570
2026-09-16 17:22,83.94,83.95,83.85,83.86,47289
2026-09-16 17:23,83.86,83.93,83.86,83.88,18836
2026-09-16 17:24,83.88,83.9,83.81,83.83,18142
2026-09-16 17:25,83.8203,83.86,83.8203,83.85,5230
2026-09-16 17:26,83.85,83.88,83.82,83.875,17081
2026-09-16 17:27,83.875,83.98,83.875,83.98,17003
2026-09-16 17:28,83.9899,84,83.95,83.9501,14013
2026-09-16 17:29,83.94,84.01,83.93,83.97,9254
2026-09-16 17:30,83.94,83.9499,83.9,83.92,14288
2026-09-16 17:31,83.94,84.01,83.875,83.915,13501
2026-09-16 17:32,83.915,83.9299,83.885,83.9,6064
2026-09-16 17:33,83.8899,83.92,83.86,83.885,18164
2026-09-16 17:34,83.87,83.975,83.87,83.96,20055
2026-09-16 17:35,83.955,83.97,83.92,83.92,5204
2026-09-16 17:36,83.9105,83.96,83.91,83.94,8722
2026-09-16 17:37,83.9479,83.95,83.87,83.87,11384
2026-09-16 17:38,83.872,83.88,83.85,83.86,12994
2026-09-16 17:39,83.84,83.85,83.715,83.736,41656
2026-09-16 17:40,83.73,83.79,83.72,83.765,9801
2026-09-16 17:41,83.76,83.79,83.66,83.788,55571
2026-09-16 17:42,83.7809,83.86,83.78,83.86,8689
2026-09-16 17:43,83.85,83.87,83.76,83.765,18009
2026-09-16 17:44,83.765,83.7675,83.68,83.7087,20239
2026-09-16 17:45,83.7,83.795,83.68,83.78,17631
2026-09-16 17:46,83.79,83.87,83.79,83.8,15761
2026-09-16 17:47,83.82,83.8399,83.77,83.77,11578
2026-09-16 17:48,83.79,83.79,83.73,83.745,7060
2026-09-16 17:49,83.73,83.73,83.68,83.69,14233
2026-09-16 17:50,83.695,83.705,83.65,83.65,10056
2026-09-16 17:51,83.655,83.66,83.56,83.57,19431
2026-09-16 17:52,83.57,83.69,83.57,83.6563,13045
2026-09-16 17:53,83.6501,83.74,83.61,83.74,12410
2026-09-16 17:54,83.72,83.75,83.6761,83.74,14488
2026-09-16 17:55,83.73,83.84,83.72,83.84,22943
2026-09-16 17:56,83.838,84.1,83.83,84.07,32464
2026-09-16 17:57,84.08,84.19,84.0754,84.1768,31694
2026-09-16 17:58,84.1751,84.4139,84.15,84.37,41762
2026-09-16 17:59,84.361,84.55,84.3,84.51,53467
2026-09-16 18:00,84.49,84.58,83.9646,84.02,63340
2026-09-16 18:01,83.9401,84.015,83.329,83.44,73455
2026-09-16 18:02,83.4255,83.75,83.3247,83.705,49520
2026-09-16 18:03,83.715,83.98,83.715,83.815,41962
2026-09-16 18:04,83.76,84.32,83.76,84.1898,40739
2026-09-16 18:05,84.205,84.6429,84.2,84.625,70534
2026-09-16 18:06,84.625,84.7,84.5,84.571,52634
2026-09-16 18:07,84.5719,84.62,84.4,84.565,35031
2026-09-16 18:08,84.6,84.77,84.5,84.645,27249
2026-09-16 18:09,84.57,84.6799,84.55,84.551,25836
2026-09-16 18:10,84.575,84.6229,84.36,84.39,39796
2026-09-16 18:11,84.41,84.48,84.205,84.2752,33315
2026-09-16 18:12,84.25,84.28,84.012,84.045,102527
2026-09-16 18:13,84.09,84.27,83.95,84.245,48048
2026-09-16 18:14,84.26,84.27,84.0701,84.1,18777
2026-09-16 18:15,84.13,84.23,84.05,84.05,38466
2026-09-16 18:16,84.0499,84.13,84.01,84.045,12720
2026-09-16 18:17,84.05,84.19,84.03,84.18,18109
2026-09-16 18:18,84.1755,84.25,84.06,84.06,21018
2026-09-16 18:19,84.1199,84.21,84.01,84.06,35634
2026-09-16 18:20,84.032,84.06,83.8802,83.9,26017
2026-09-16 18:21,83.9001,84.08,83.9001,84,18011
2026-09-16 18:22,83.9889,84.14,83.9889,84,15269
2026-09-16 18:23,83.95,83.96,83.85,83.92,12429
2026-09-16 18:24,83.91,83.91,83.7,83.71,16890
2026-09-16 18:25,83.69,83.74,83.5241,83.5599,22128
2026-09-16 18:26,83.56,83.64,83.55,83.63,20516
2026-09-16 18:27,83.63,83.64,83.42,83.4301,29946
2026-09-16 18:28,83.42,83.58,83.41,83.58,33432
2026-09-16 18:29,83.584,83.7159,83.53,83.7,29388
2026-09-16 18:30,83.64,83.7076,83.46,83.55,26121
2026-09-16 18:31,83.515,83.515,83.25,83.305,50025
2026-09-16 18:32,83.3,83.33,83.0748,83.23,51535
2026-09-16 18:33,83.23,83.5,83.14,83.49,34894
2026-09-16 18:34,83.49,83.53,83.4,83.52,31955
2026-09-16 18:35,83.45,83.47,83.14,83.17,54578
2026-09-16 18:36,83.205,83.27,82.93,83,93178
2026-09-16 18:37,82.99,83.27,82.94,83.0811,39254
2026-09-16 18:38,83.12,83.4176,83.105,83.2501,42619
2026-09-16 18:39,83.295,83.5799,83.205,83.26,30021
2026-09-16 18:40,83.27,83.43,83.23,83.4,21476
2026-09-16 18:41,83.37,83.615,83.34,83.615,23000
2026-09-16 18:42,83.62,83.8699,83.61,83.845,42307
2026-09-16 18:43,83.847,83.9822,83.6801,83.81,33558
2026-09-16 18:44,83.8,83.88,83.46,83.4742,32040
2026-09-16 18:45,83.485,83.785,83.445,83.635,42505
2026-09-16 18:46,83.635,83.65,83.45,83.47,31580
2026-09-16 18:47,83.41,83.4899,83.2,83.225,42259
2026-09-16 18:48,83.25,83.36,83.2,83.28,24570
2026-09-16 18:49,83.29,83.3299,83.13,83.19,36453
2026-09-16 18:50,83.17,83.31,82.99,83.0096,35341
2026-09-16 18:51,82.99,83.2499,82.98,83.215,29841
2026-09-16 18:52,83.225,83.225,82.7,82.8354,74771
2026-09-16 18:53,82.85,82.9096,82.53,82.55,60978
2026-09-16 18:54,82.545,82.63,82.525,82.53,31094
2026-09-16 18:55,82.535,82.73,82.5,82.5591,43864
2026-09-16 18:56,82.545,82.545,82.37,82.395,50768
2026-09-16 18:57,82.37,82.39,82.09,82.255,59963
2026-09-16 18:58,82.255,82.3,82.17,82.26,40197
2026-09-16 18:59,82.33,82.3451,82.16,82.1621,41399
2026-09-16 19:00,82.19,82.84,82.145,82.82,51287
2026-09-16 19:01,82.81,82.87,82.6301,82.6301,42562
2026-09-16 19:02,82.68,82.7555,82.5955,82.7537,17743
2026-09-16 19:03,82.745,82.88,82.625,82.83,18338
2026-09-16 19:04,82.825,82.9,82.61,82.66,24226
2026-09-16 19:05,82.66,82.71,82.29,82.47,38211
2026-09-16 19:06,82.49,82.5599,82.405,82.45,15583
2026-09-16 19:07,82.42,82.425,82.2807,82.3497,15074
2026-09-16 19:08,82.4,82.41,82.15,82.235,45116
2026-09-16 19:09,82.235,82.3299,82.185,82.295,18323
2026-09-16 19:10,82.295,82.3,82.07,82.08,29265
2026-09-16 19:11,82.08,82.17,81.9601,82.02,69369
2026-09-16 19:12,82.03,82.12,81.95,81.97,48730
2026-09-16 19:13,81.94,82.035,81.86,81.93,42279
2026-09-16 19:14,81.93,82.1396,81.88,82.07,53928
2026-09-16 19:15,82.1312,82.2989,82.07,82.1,42442
2026-09-16 19:16,82.05,82.05,81.9201,81.99,55749
2026-09-16 19:17,81.99,81.99,81.76,81.78,63919
2026-09-16 19:18,81.78,81.8799,81.7,81.785,87079
2026-09-16 19:19,81.765,81.8199,81.44,81.56,72576
2026-09-16 19:20,81.55,81.59,81.3,81.39,75097
2026-09-16 19:21,81.41,81.48,81.335,81.44,38001
2026-09-16 19:22,81.43,81.58,81.39,81.475,36168
2026-09-16 19:23,81.45,81.5199,81.36,81.36,41704
2026-09-16 19:24,81.36,81.5,81.35,81.49,26835
2026-09-16 19:25,81.51,81.5699,81.22,81.2348,65481
2026-09-16 19:26,81.2595,81.29,81.16,81.175,53164
2026-09-16 19:27,81.17,81.3907,81.1571,81.38,42268
2026-09-16 19:28,81.375,81.4308,81.33,81.36,24407
2026-09-16 19:29,81.38,81.69,81.38,81.68,37216
2026-09-16 19:30,81.665,81.829,81.57,81.755,60495
2026-09-16 19:31,81.745,81.88,81.74,81.88,42935
2026-09-16 19:32,81.84,82.19,81.8205,82.1894,60403
2026-09-16 19:33,82.168,82.19,81.92,82.105,86043
2026-09-16 19:34,82.105,82.39,82.04,82.39,50088
2026-09-16 19:35,82.365,82.45,82.262,82.365,62205
2026-09-16 19:36,82.3101,82.3101,81.991,82.095,55127
2026-09-16 19:37,82.1058,82.39,82.07,82.39,30492
2026-09-16 19:38,82.36,82.42,82.26,82.3,29340
2026-09-16 19:39,82.3358,82.58,82.3358,82.54,31490
2026-09-16 19:40,82.5,82.63,82.4683,82.5695,41810
2026-09-16 19:41,82.56,82.785,82.545,82.64,48872
2026-09-16 19:42,82.63,82.69,82.53,82.667,45165
2026-09-16 19:43,82.69,82.76,82.63,82.72,33769
2026-09-16 19:44,82.73,82.8,82.66,82.75,43203
2026-09-16 19:45,82.71,83.03,82.6901,83.03,390984
2026-09-16 19:46,83.03,83.305,83.02,83.305,72674
2026-09-16 19:47,83.29,83.55,83.29,83.52,43858
2026-09-16 19:48,83.5,83.5581,83.398,83.51,66400
2026-09-16 19:49,83.515,83.58,83.47,83.5777,67012
2026-09-16 19:50,83.59,83.64,83.405,83.45,122119
2026-09-16 19:51,83.45,83.5245,83.36,83.36,49305
2026-09-16 19:52,83.37,83.399,83.18,83.31,50330
2026-09-16 19:53,83.3,83.35,83.2,83.35,59527
2026-09-16 19:54,83.32,83.53,83.31,83.49,75480
2026-09-16 19:55,83.46,83.47,83.28,83.43,73597
2026-09-16 19:56,83.45,83.54,83.39,83.53,86217
2026-09-16 19:57,83.53,83.62,83.41,83.42,94259
2026-09-16 19:58,83.425,83.45,83.4,83.41,161697
2026-09-16 19:59,83.4,83.41,83.31,83.35,352915
2026-09-17 13:30,81.45,81.8,81.25,81.6147,1.06374e+07
2026-09-17 13:31,81.6039,82.43,81.25,82.085,841599
2026-09-17 13:32,82.085,82.325,81.73,81.825,433867
2026-09-17 13:33,81.83,82.14,81.8,82.11,559635
2026-09-17 13:34,82.0904,82.38,81.94,82.09,397637
2026-09-17 13:35,82.1,82.295,81.88,82.01,408859
2026-09-17 13:36,82.015,82.155,81.53,81.575,549417
2026-09-17 13:37,81.5767,81.62,81.05,81.28,428792
2026-09-17 13:38,81.295,81.3203,80.87,80.9525,587649
2026-09-17 13:39,80.94,81.03,80.335,80.6301,469146
2026-09-17 13:40,80.63,81.025,80.545,80.865,332173
2026-09-17 13:41,80.85,81.07,80.71,80.9597,330494
2026-09-17 13:42,80.835,81.15,80.69,81.015,225736
2026-09-17 13:43,81.0197,81.1,80.6601,80.91,351368
2026-09-17 13:44,80.925,81.1622,80.41,80.591,440847
2026-09-17 13:45,80.625,80.65,80.2206,80.43,277171
2026-09-17 13:46,80.4422,80.56,80.225,80.45,230206
2026-09-17 13:47,80.4578,80.8,80.38,80.675,185187
2026-09-17 13:48,80.71,80.78,80.58,80.66,162906
2026-09-17 13:49,80.66,80.675,80.4,80.43,200767
2026-09-17 13:50,80.46,80.54,80.12,80.205,358332
2026-09-17 13:51,80.2006,80.2006,79.85,80,909598
2026-09-17 13:52,80.01,80.13,79.85,79.8675,479556
2026-09-17 13:53,79.9,80.06,79.78,79.84,388684
2026-09-17 13:54,79.84,80.12,79.76,79.795,399284
2026-09-17 13:55,79.83,80.045,79.82,79.82,238901
2026-09-17 13:56,79.8299,80.25,79.62,80.18,325179
2026-09-17 13:57,80.18,80.2,79.89,80.08,198757
2026-09-17 13:58,80.08,80.08,79.69,79.7198,209622
2026-09-17 13:59,79.71,79.91,79.7,79.87,211986
2026-09-17 14:00,79.84,79.9199,79.4,79.4,435279
2026-09-17 14:01,79.41,79.4595,79.21,79.295,339912
2026-09-17 14:02,79.285,79.535,79.2,79.36,324827
2026-09-17 14:03,79.3787,79.47,79.1927,79.38,256530
2026-09-17 14:04,79.39,79.6,79.23,79.2551,320835
2026-09-17 14:05,79.245,79.3,79.07,79.0899,405905
2026-09-17 14:06,79.05,79.05,78.64,78.71,663870
2026-09-17 14:07,78.71,78.72,78.27,78.31,426042
2026-09-17 14:08,78.3007,78.68,78.29,78.65,329800
2026-09-17 14:09,78.65,78.94,78.45,78.89,340222
2026-09-17 14:10,78.9,78.99,78.765,78.815,225204
2026-09-17 14:11,78.815,78.82,78.615,78.755,252344
2026-09-17 14:12,78.755,79.02,78.705,78.995,182566
2026-09-17 14:13,78.99,79.0199,78.76,78.855,231402
2026-09-17 14:14,78.85,79.2,78.73,79.136,257419
2026-09-17 14:15,79.15,79.15,78.97,79,310469
2026-09-17 14:16,79.01,79.2,79.01,79.15,204735
2026-09-17 14:17,79.1651,79.49,79.11,79.26,312241
2026-09-17 14:18,79.255,79.275,79.015,79.155,210423
2026-09-17 14:19,79.155,79.27,79,79.27,205143
2026-09-17 14:20,79.275,79.325,79.015,79.0399,209320
2026-09-17 14:21,79.0201,79.1,78.9416,79.05,218310
2026-09-17 14:22,79.03,79.05,78.855,78.865,173241
2026-09-17 14:23,78.85,79.0259,78.7613,79.0259,186407
2026-09-17 14:24,79.025,79.25,78.89,79.055,240548
2026-09-17 14:25,79.055,79.19,79,79.1,145958
2026-09-17 14:26,79.1085,79.28,79.0801,79.15,221036
2026-09-17 14:27,79.15,79.25,79.08,79.2,160910
2026-09-17 14:28,79.2,79.21,78.88,78.89,213510
2026-09-17 14:29,78.89,79,78.735,78.945,243319
2026-09-17 14:30,78.96,79.02,78.81,78.975,151898
2026-09-17 14:31,78.9896,79.13,78.89,79,201443
2026-09-17 14:32,79.01,79.025,78.77,78.87,240288
2026-09-17 14:33,78.898,78.939,78.77,78.795,125491
2026-09-17 14:34,78.7925,78.91,78.74,78.875,130188
2026-09-17 14:35,78.8799,78.8799,78.65,78.6669,186046
2026-09-17 14:36,78.66,78.74,78.56,78.615,183067
2026-09-17 14:37,78.615,78.73,78.6,78.67,165882
2026-09-17 14:38,78.67,78.875,78.67,78.75,172741
2026-09-17 14:39,78.75,78.9399,78.74,78.885,138797
2026-09-17 14:40,78.885,79.05,78.865,79.005,172184
2026-09-17 14:41,78.99,79.4,78.93,79.39,215860
2026-09-17 14:42,79.4,79.645,79.4,79.62,341865
2026-09-17 14:43,79.62,79.66,79.415,79.445,297374
2026-09-17 14:44,79.445,79.53,79.33,79.44,193461
2026-09-17 14:45,79.425,79.46,79.28,79.291,162929
2026-09-17 14:46,79.295,79.495,79.25,79.45,174181
2026-09-17 14:47,79.4599,79.48,79.085,79.12,114183
2026-09-17 14:48,79.14,79.38,79.11,79.3201,124274
2026-09-17 14:49,79.33,79.69,79.33,79.565,338578
2026-09-17 14:50,79.57,79.65,79.45,79.48,181275
2026-09-17 14:51,79.48,79.65,79.4,79.55,169636
2026-09-17 14:52,79.55,79.82,79.5,79.75,235244
2026-09-17 14:53,79.74,79.9,79.6331,79.6767,194704
2026-09-17 14:54,79.65,79.65,79.235,79.31,165046
2026-09-17 14:55,79.31,79.4,79.2926,79.371,118046
2026-09-17 14:56,79.3899,79.74,79.33,79.73,104287
2026-09-17 14:57,79.748,79.87,79.74,79.86,191124
2026-09-17 14:58,79.87,80.075,79.8101,80.0531,226252
2026-09-17 14:59,80.06,80.0762,79.88,79.905,438160
2026-09-17 15:00,79.9035,80.1,79.88,79.91,156130
2026-09-17 15:01,79.9,79.91,79.63,79.6557,155292
2026-09-17 15:02,79.635,79.7292,79.57,79.69,100011
2026-09-17 15:03,79.6899,79.72,79.55,79.55,101290
2026-09-17 15:04,79.56,79.59,79.36,79.4,174665
2026-09-17 15:05,79.39,79.495,79.32,79.48,91026
2026-09-17 15:06,79.4613,79.82,79.44,79.74,105957
2026-09-17 15:07,79.715,79.715,79.51,79.545,68194
2026-09-17 15:08,79.5513,79.57,79.375,79.4399,97211
2026-09-17 15:09,79.425,79.49,79.34,79.35,94692
2026-09-17 15:10,79.345,79.51,79.29,79.4,147851
2026-09-17 15:11,79.3703,79.42,79.3,79.375,94132
2026-09-17 15:12,79.35,79.35,79.205,79.2201,164191
2026-09-17 15:13,79.215,79.275,79.15,79.23,90579
2026-09-17 15:14,79.227,79.33,79.19,79.26,73882
2026-09-17 15:15,79.24,79.34,79.18,79.24,116649
2026-09-17 15:16,79.25,79.43,79.25,79.42,97794
2026-09-17 15:17,79.41,79.46,79.35,79.46,88481
2026-09-17 15:18,79.45,79.505,79.42,79.46,61288
2026-09-17 15:19,79.46,79.568,79.35,79.41,90992
2026-09-17 15:20,79.4199,79.45,79.295,79.295,78427
2026-09-17 15:21,79.295,79.43,79.215,79.425,113410
2026-09-17 15:22,79.425,79.6195,79.365,79.6,85892
2026-09-17 15:23,79.585,79.59,79.45,79.51,76216
2026-09-17 15:24,79.52,79.54,79.46,79.475,56949
2026-09-17 15:25,79.47,79.71,79.47,79.65,82292
2026-09-17 15:26,79.66,79.68,79.36,79.575,218652
2026-09-17 15:27,79.57,79.88,79.55,79.815,130392
2026-09-17 15:28,79.8112,79.855,79.67,79.83,140129
2026-09-17 15:29,79.84,80.03,79.741,79.79,240949
2026-09-17 15:30,79.805,79.94,79.8,79.9,78689
2026-09-17 15:31,79.8901,79.905,79.6376,79.675,693856
2026-09-17 15:32,79.6852,79.73,79.51,79.5997,151330
2026-09-17 15:33,79.6,79.73,79.565,79.7,61447
2026-09-17 15:34,79.71,79.85,79.7,79.77,65032
2026-09-17 15:35,79.775,79.81,79.71,79.75,63303
2026-09-17 15:36,79.758,79.88,79.755,79.85,65407
2026-09-17 15:37,79.84,79.865,79.76,79.795,65328
2026-09-17 15:38,79.795,79.82,79.55,79.575,84089
2026-09-17 15:39,79.5725,79.64,79.54,79.64,48608
2026-09-17 15:40,79.63,79.9,79.62,79.895,251723
2026-09-17 15:41,79.91,80.05,79.91,79.975,157677
2026-09-17 15:42,79.96,80.21,79.93,80.15,107405
2026-09-17 15:43,80.125,80.19,80.0064,80.03,85059
2026-09-17 15:44,80.0352,80.28,80,80.18,235585
2026-09-17 15:45,80.1525,80.4782,80.1525,80.3,239949
2026-09-17 15:46,80.32,80.5,80.31,80.47,181990
2026-09-17 15:47,80.4852,80.5,80.4,80.46,94346
2026-09-17 15:48,80.46,80.49,80.4,80.4001,79001
2026-09-17 15:49,80.39,80.4199,80.34,80.38,97986
2026-09-17 15:50,80.38,80.4555,80.24,80.2606,160313
2026-09-17 15:51,80.26,80.26,80.11,80.115,104421
2026-09-17 15:52,80.11,80.2632,80.06,80.2501,80098
2026-09-17 15:53,80.245,80.62,80.22,80.615,135910
2026-09-17 15:54,80.6299,80.6797,80.38,80.405,101169
2026-09-17 15:55,80.4,80.44,80.3201,80.33,54677
2026-09-17 15:56,80.335,80.35,80.13,80.19,71318
2026-09-17 15:57,80.2,80.22,80.1,80.11,62393
2026-09-17 15:58,80.1199,80.37,80.03,80.3124,91404
2026-09-17 15:59,80.32,80.43,80.3,80.34,140811
2026-09-17 16:00,80.33,80.62,80.31,80.6,80523
2026-09-17 16:01,80.595,80.595,80.3199,80.3199,54900
2026-09-17 16:02,80.31,80.43,80.31,80.37,64611
2026-09-17 16:03,80.34,80.43,80.305,80.43,40686
2026-09-17 16:04,80.439,80.47,80.23,80.23,79376
2026-09-17 16:05,80.23,80.28,80.17,80.23,78058
2026-09-17 16:06,80.23,80.28,80.1617,80.255,62384
2026-09-17 16:07,80.25,80.315,80.1901,80.24,50411
2026-09-17 16:08,80.2487,80.2699,80.22,80.25,27656
2026-09-17 16:09,80.26,80.49,80.21,80.431,89797
2026-09-17 16:10,80.455,80.54,80.33,80.47,65655
2026-09-17 16:11,80.46,80.52,80.33,80.41,59643
2026-09-17 16:12,80.41,80.5,80.41,80.43,42428
2026-09-17 16:13,80.43,80.4683,80.36,80.45,32415
2026-09-17 16:14,80.445,80.5,80.395,80.395,46288
2026-09-17 16:15,80.41,80.46,80.36,80.4488,34592
2026-09-17 16:16,80.45,80.5899,80.38,80.58,119152
2026-09-17 16:17,80.5894,80.68,80.325,80.33,136470
2026-09-17 16:18,80.33,80.61,80.33,80.57,66142
2026-09-17 16:19,80.57,80.5796,80.52,80.55,43183
2026-09-17 16:20,80.57,80.61,80.515,80.515,45980
2026-09-17 16:21,80.53,80.64,80.515,80.55,106017
2026-09-17 16:22,80.54,80.57,80.48,80.53,80379
2026-09-17 16:23,80.53,80.548,80.49,80.49,56960
2026-09-17 16:24,80.48,80.62,80.46,80.56,63153
2026-09-17 16:25,80.57,80.57,80.4,80.4199,55325
2026-09-17 16:26,80.41,80.689,80.395,80.655,126757
2026-09-17 16:27,80.6601,80.78,80.6601,80.72,88489
2026-09-17 16:28,80.7109,80.829,80.7,80.76,91998
2026-09-17 16:29,80.77,80.79,80.6001,80.6299,78103
2026-09-17 16:30,80.615,80.63,80.5,80.5,65963
2026-09-17 16:31,80.5,80.56,80.36,80.3938,63776
2026-09-17 16:32,80.3833,80.4,80.305,80.33,74918
2026-09-17 16:33,80.35,80.37,80.1752,80.1999,92715
2026-09-17 16:34,80.19,80.23,80.1,80.22,85535
2026-09-17 16:35,80.23,80.375,80.21,80.3705,57675
2026-09-17 16:36,80.37,80.63,80.3679,80.56,108964
2026-09-17 16:37,80.56,80.57,80.47,80.53,76735
2026-09-17 16:38,80.53,80.72,80.5,80.7,76540
2026-09-17 16:39,80.6826,80.79,80.59,80.76,73685
2026-09-17 16:40,80.755,80.79,80.6501,80.75,83163
2026-09-17 16:41,80.76,80.87,80.72,80.8599,70825
2026-09-17 16:42,80.86,81,80.855,80.9878,160531
2026-09-17 16:43,80.9839,81.05,80.9269,80.99,130152
2026-09-17 16:44,80.975,81.0899,80.955,80.99,351666
2026-09-17 16:45,80.96,80.975,80.85,80.965,96446
2026-09-17 16:46,80.965,81.06,80.91,80.9501,102024
2026-09-17 16:47,80.97,81.03,80.9104,80.9335,54325
2026-09-17 16:48,80.94,80.9799,80.67,80.69,83124
2026-09-17 16:49,80.7,80.87,80.7,80.84,68198
2026-09-17 16:50,80.8504,80.8504,80.6245,80.7,0
2026-09-17 16:51,80.71,80.8399,80.52,80.52,117265
2026-09-17 16:52,80.5288,80.5288,80.165,80.178,186929
2026-09-17 16:53,80.1645,80.2899,80.125,80.2876,97717
2026-09-17 16:54,80.28,80.3126,80.2,80.21,85415
2026-09-17 16:55,80.21,80.28,79.92,80.0648,257219
2026-09-17 16:56,80.06,80.18,80,80.15,107509
2026-09-17 16:57,80.17,80.22,80.04,80.21,91888
2026-09-17 16:58,80.19,80.32,80.13,80.225,95775
2026-09-17 16:59,80.235,80.235,80.13,80.19,64153
2026-09-17 17:00,80.18,80.225,80.1245,80.22,62236
2026-09-17 17:01,80.2101,80.2637,80.15,80.25,59882
2026-09-17 17:02,80.25,80.319,80.1545,80.2469,38419
2026-09-17 17:03,80.24,80.27,80.19,80.27,52888
2026-09-17 17:04,80.26,80.4599,80.23,80.4516,83992
2026-09-17 17:05,80.435,80.5,80.28,80.31,67252
2026-09-17 17:06,80.3,80.31,80.2,80.2,65933
2026-09-17 17:07,80.2,80.28,80.17,80.185,138974
2026-09-17 17:08,80.185,80.2,80,80.02,162743
2026-09-17 17:09,80.02,80.1,80.01,80.04,67156
2026-09-17 17:10,80.0421,80.0494,79.97,80.0015,117927
2026-09-17 17:11,80.01,80.0158,79.77,79.88,259659
2026-09-17 17:12,79.885,79.93,79.75,79.7856,154628
2026-09-17 17:13,79.809,79.96,79.77,79.905,103586
2026-09-17 17:14,79.92,79.94,79.7425,79.7687,0
2026-09-17 17:15,79.77,79.815,79.68,79.745,89270
2026-09-17 17:16,79.74,80.05,79.72,80.026,100620
2026-09-17 17:17,80.05,80.16,80.03,80.07,76941
2026-09-17 17:18,80.065,80.0872,79.92,79.975,73976
2026-09-17 17:19,79.98,79.9999,79.83,79.91,161763
2026-09-17 17:20,79.915,79.97,79.85,79.86,60454
2026-09-17 17:21,79.86,79.8699,79.78,79.79,66778
2026-09-17 17:22,79.785,79.87,79.785,79.84,71695
2026-09-17 17:23,79.84,79.85,79.61,79.635,182256
2026-09-17 17:24,79.6314,79.645,79.49,79.505,152694
2026-09-17 17:25,79.505,79.61,79.5,79.57,93942
2026-09-17 17:26,79.5788,79.59,79.52,79.55,61683
2026-09-17 17:27,79.55,79.5699,79.485,79.53,94807
2026-09-17 17:28,79.52,79.57,79.49,79.56,56116
2026-09-17 17:29,79.55,79.6,79.53,79.585,49600
2026-09-17 17:30,79.59,79.63,79.53,79.595,127431
2026-09-17 17:31,79.59,79.73,79.59,79.66,134563
2026-09-17 17:32,79.67,79.76,79.64,79.676,77039
2026-09-17 17:33,79.67,79.75,79.665,79.69,55407
2026-09-17 17:34,79.71,79.73,79.57,79.595,82188
2026-09-17 17:35,79.59,79.61,79.47,79.52,189682
2026-09-17 17:36,79.5255,79.53,79.39,79.42,112359
2026-09-17 17:37,79.41,79.47,79.3,79.32,158976
2026-09-17 17:38,79.32,79.39,79.17,79.23,119859
2026-09-17 17:39,79.2165,79.23,79.09,79.115,196874
2026-09-17 17:40,79.11,79.27,79.07,79.26,113119
2026-09-17 17:41,79.26,79.37,79.26,79.355,79341
2026-09-17 17:42,79.34,79.36,79.28,79.35,62202
2026-09-17 17:43,79.34,79.35,79.18,79.285,85914
2026-09-17 17:44,79.2861,79.3464,79.2861,79.325,53972
2026-09-17 17:45,79.32,79.33,79.175,79.175,92383
2026-09-17 17:46,79.176,79.23,79.11,79.1846,89558
2026-09-17 17:47,79.19,79.19,79.1041,79.17,66541
2026-09-17 17:48,79.17,79.175,79.07,79.07,59770
2026-09-17 17:49,79.0601,79.105,79.04,79.0903,91667
2026-09-17 17:50,79.0922,79.15,79.06,79.07,68093
2026-09-17 17:51,79.0765,79.09,78.97,78.9883,322974
2026-09-17 17:52,78.985,79.0899,78.98,79.045,68150
2026-09-17 17:53,79.045,79.1,78.9127,78.98,131143
2026-09-17 17:54,78.975,79.05,78.96,79.05,55455
2026-09-17 17:55,79.04,79.135,79.02,79.05,83877
2026-09-17 17:56,79.05,79.1155,79.045,79.0978,81843
2026-09-17 17:57,79.09,79.09,78.985,78.995,92118
2026-09-17 17:58,78.99,79.17,78.99,79.11,91196
2026-09-17 17:59,79.12,79.42,79.0301,79.4,102696
2026-09-17 18:00,79.39,79.5,79.31,79.466,127032
2026-09-17 18:01,79.4701,79.53,79.4,79.4574,120536
2026-09-17 18:02,79.44,79.5185,79.395,79.4026,97159
2026-09-17 18:03,79.4003,79.46,79.325,79.46,60920
2026-09-17 18:04,79.46,79.53,79.36,79.4,83932
2026-09-17 18:05,79.41,79.46,79.26,79.32,48900
2026-09-17 18:06,79.33,79.56,79.33,79.54,97476
2026-09-17 18:07,79.57,79.57,79.52,79.55,31699
2026-09-17 18:08,79.5448,79.55,79.49,79.525,58663
2026-09-17 18:09,79.524,79.53,79.4,79.51,54225
2026-09-17 18:10,79.52,79.535,79.425,79.48,27134
2026-09-17 18:11,79.48,79.71,79.355,79.705,69980
2026-09-17 18:12,79.7056,80.0924,79.6825,80.0572,157540
2026-09-17 18:13,80.065,80.09,79.96,79.98,118157
2026-09-17 18:14,79.98,80.01,79.8805,79.955,135341
2026-09-17 18:15,79.955,80.25,79.955,80.24,126417
2026-09-17 18:16,80.24,80.24,80.0317,80.04,71918
2026-09-17 18:17,80.025,80.1,80.02,80.05,42671
2026-09-17 18:18,80.05,80.1086,80.02,80.065,70316
2026-09-17 18:19,80.065,80.14,80.06,80.12,62973
2026-09-17 18:20,80.14,80.14,79.94,79.961,135056
2026-09-17 18:21,79.975,80.08,79.9609,80.0499,62495
2026-09-17 18:22,80.022,80.09,79.995,80.09,53039
2026-09-17 18:23,80.0969,80.14,80.04,80.06,86358
2026-09-17 18:24,80.06,80.06,79.92,79.935,64176
2026-09-17 18:25,79.96,80.04,79.94,80,56746
2026-09-17 18:26,80.01,80.11,79.9801,80,60311
2026-09-17 18:27,79.995,80.1,79.98,80.045,46178
2026-09-17 18:28,80.05,80.07,79.97,80.06,40491
2026-09-17 18:29,80.05,80.0503,79.96,79.985,42251
2026-09-17 18:30,79.99,80.0485,79.97,80.015,43409
2026-09-17 18:31,80.015,80.1,80.015,80.06,46501
2026-09-17 18:32,80.0587,80.1228,80.0587,80.12,39611
2026-09-17 18:33,80.12,80.1975,80.09,80.145,73705
2026-09-17 18:34,80.145,80.16,80.0615,80.1003,56568
2026-09-17 18:35,80.115,80.115,80.05,80.08,25421
2026-09-17 18:36,80.08,80.08,80.03,80.05,33360
2026-09-17 18:37,80.04,80.05,80,80.05,36737
2026-09-17 18:38,80.05,80.06,79.82,79.84,143381
2026-09-17 18:39,79.84,79.88,79.76,79.765,113646
2026-09-17 18:40,79.75,79.91,79.7023,79.83,99724
2026-09-17 18:41,79.835,79.895,79.82,79.885,47072
2026-09-17 18:42,79.885,79.91,79.78,79.815,47668
2026-09-17 18:43,79.82,79.855,79.78,79.795,65564
2026-09-17 18:44,79.7901,79.98,79.7901,79.82,76780
2026-09-17 18:45,79.815,79.95,79.75,79.8076,119716
2026-09-17 18:46,79.8,79.82,79.7,79.7222,84602
2026-09-17 18:47,79.735,79.75,79.3501,79.4476,337673
2026-09-17 18:48,79.49,79.49,79.2375,79.32,165360
2026-09-17 18:49,79.305,79.35,78.83,78.905,435463
2026-09-17 18:50,78.92,79.05,78.5,78.6,462786
2026-09-17 18:51,78.605,78.82,78.5,78.645,240344
2026-09-17 18:52,78.67,78.909,78.6412,78.9,175700
2026-09-17 18:53,78.8961,79.32,78.86,79.31,152167
2026-09-17 18:54,79.3001,79.44,79.23,79.44,145060
2026-09-17 18:55,79.445,79.515,79.3,79.42,135765
2026-09-17 18:56,79.41,79.45,79.31,79.375,80105
2026-09-17 18:57,79.3101,79.3624,79.23,79.34,68878
2026-09-17 18:58,79.35,79.39,79.29,79.35,62792
2026-09-17 18:59,79.35,79.445,79.35,79.41,95031
2026-09-17 19:00,79.4006,79.5995,79.38,79.54,155880
2026-09-17 19:01,79.56,79.6,79.4945,79.52,99891
2026-09-17 19:02,79.54,79.63,79.51,79.54,69710
2026-09-17 19:03,79.56,79.7,79.46,79.4909,79357
2026-09-17 19:04,79.51,79.52,79.31,79.3574,130541
2026-09-17 19:05,79.36,79.5,79.36,79.475,112599
2026-09-17 19:06,79.48,79.62,79.4635,79.605,77205
2026-09-17 19:07,79.6,79.685,79.58,79.685,77107
2026-09-17 19:08,79.685,79.7,79.54,79.63,126229
2026-09-17 19:09,79.63,79.64,79.55,79.63,67116
2026-09-17 19:10,79.65,79.84,79.64,79.722,132856
2026-09-17 19:11,79.72,79.85,79.6698,79.8,139756
2026-09-17 19:12,79.79,79.83,79.6801,79.77,68698
2026-09-17 19:13,79.76,79.76,79.61,79.6199,82256
2026-09-17 19:14,79.6029,79.6495,79.5011,79.6,118966
2026-09-17 19:15,79.61,79.68,79.585,79.5948,65047
2026-09-17 19:16,79.59,79.595,79.5135,79.585,99844
2026-09-17 19:17,79.585,79.65,79.5204,79.5204,68825
2026-09-17 19:18,79.53,79.68,79.49,79.64,146250
2026-09-17 19:19,79.66,79.874,79.6523,79.85,295499
2026-09-17 19:20,79.845,80.12,79.84,80.095,221740
2026-09-17 19:21,80.08,80.29,80.08,80.24,180506
2026-09-17 19:22,80.24,80.27,80.17,80.225,109026
2026-09-17 19:23,80.2235,80.3,80.065,80.065,107858
2026-09-17 19:24,80.065,80.08,79.96,80.0098,114592
2026-09-17 19:25,80.005,80.1,80.005,80.05,66052
2026-09-17 19:26,80.06,80.095,80.035,80.07,50690
2026-09-17 19:27,80.07,80.17,80.045,80.125,63064
2026-09-17 19:28,80.125,80.23,80.1,80.16,110891
2026-09-17 19:29,80.165,80.24,80.005,80.24,106088
2026-09-17 19:30,80.24,80.75,80.2304,80.71,322792
2026-09-17 19:31,80.69,80.72,80.56,80.66,209581
2026-09-17 19:32,80.65,80.705,80.48,80.6,185732
2026-09-17 19:33,80.6,80.72,80.4947,80.68,133479
2026-09-17 19:34,80.688,80.8,80.6105,80.635,161849
2026-09-17 19:35,80.63,80.775,80.54,80.6939,225083
2026-09-17 19:36,80.6853,80.835,80.53,80.575,223520
2026-09-17 19:37,80.575,80.58,80.41,80.47,172467
2026-09-17 19:38,80.475,80.475,80.29,80.3599,203183
2026-09-17 19:39,80.34,80.49,80.31,80.315,95015
2026-09-17 19:40,80.31,80.33,80.1101,80.12,266686
2026-09-17 19:41,80.12,80.1687,80.03,80.13,220393
2026-09-17 19:42,80.12,80.26,80.06,80.21,159753
2026-09-17 19:43,80.205,80.24,79.8,79.81,281604
2026-09-17 19:44,79.825,80,79.6431,79.685,263254
2026-09-17 19:45,79.685,79.9799,79.64,79.86,369511
2026-09-17 19:46,79.86,80.02,79.81,79.85,220668
2026-09-17 19:47,79.86,79.87,79.71,79.87,352503
2026-09-17 19:48,79.87,79.88,79.77,79.85,162408
2026-09-17 19:49,79.84,80.19,79.82,80.115,248932
2026-09-17 19:50,80.11,80.24,79.89,79.98,376331
2026-09-17 19:51,79.98,80,79.875,79.92,266172
2026-09-17 19:52,79.915,79.965,79.87,79.935,292958
2026-09-17 19:53,79.935,80.075,79.89,80.075,345157
2026-09-17 19:54,80.075,80.135,79.92,80.015,322455
2026-09-17 19:55,80.04,80.24,80.01,80.045,454556
2026-09-17 19:56,80.045,80.13,79.82,80.1201,668943
2026-09-17 19:57,80.125,80.16,80.013,80.055,475462
2026-09-17 19:58,80.055,80.06,79.95,79.955,766095
2026-09-17 19:59,79.96,79.97,79.84,79.87,1.20393e+06
2026-09-18 13:30,79.83,80.28,79.74,79.84,1.00052e+07
2026-09-18 13:31,79.78,80.18,79.7,80.02,266990
2026-09-18 13:32,80.035,80.84,79.91,80.6,538140
2026-09-18 13:33,80.61,80.6366,80.17,80.29,231002
2026-09-18 13:34,80.26,80.8014,80.26,80.64,316525
2026-09-18 13:35,80.6,80.7076,80.41,80.486,199847
2026-09-18 13:36,80.485,80.88,80.31,80.6016,428296
2026-09-18 13:37,80.619,80.92,80.4,80.865,375703
2026-09-18 13:38,80.88,81.22,80.84,80.99,473757
2026-09-18 13:39,80.97,81,80.5,80.855,286075
2026-09-18 13:40,80.8397,80.8776,80.58,80.79,302894
2026-09-18 13:41,80.84,80.97,80.65,80.765,177466
2026-09-18 13:42,80.7025,81.1,80.41,80.885,277839
2026-09-18 13:43,80.9,81.1,80.42,80.655,291391
2026-09-18 13:44,80.61,80.6525,80.4,80.49,210425
2026-09-18 13:45,80.48,80.96,80.48,80.86,162318
2026-09-18 13:46,80.86,81.0685,80.84,80.854,191909
2026-09-18 13:47,80.86,80.98,80.7301,80.7362,208145
2026-09-18 13:48,80.76,80.9458,80.4401,80.5,232462
2026-09-18 13:49,80.515,80.6444,80.42,80.43,233230
2026-09-18 13:50,80.4474,80.5043,80.18,80.29,216581
2026-09-18 13:51,80.2799,80.47,80.2501,80.3504,198064
2026-09-18 13:52,80.375,80.57,80.33,80.57,264869
2026-09-18 13:53,80.58,80.742,80.46,80.66,260818
2026-09-18 13:54,80.6599,80.72,80.54,80.66,114987
2026-09-18 13:55,80.665,80.69,80.38,80.43,119921
2026-09-18 13:56,80.39,80.47,80.11,80.17,146140
2026-09-18 13:57,80.18,80.34,80.08,80.305,137553
2026-09-18 13:58,80.305,80.4,80.235,80.235,64778
2026-09-18 13:59,80.2228,80.2228,79.88,79.895,335218
2026-09-18 14:00,79.895,80.1,79.7,80.07,699460
2026-09-18 14:01,80.0907,80.25,80.0401,80.1404,278071
2026-09-18 14:02,80.135,80.15,79.8,79.8517,552446
2026-09-18 14:03,79.88,79.9165,79.5625,79.76,388578
2026-09-18 14:04,79.766,79.78,79.3,79.31,474743
2026-09-18 14:05,79.31,79.4856,79.16,79.43,513701
2026-09-18 14:06,79.425,79.5575,79.28,79.52,110062
2026-09-18 14:07,79.51,79.705,79.44,79.705,222577
2026-09-18 14:08,79.7,79.7,79.33,79.37,296157
2026-09-18 14:09,79.38,79.9293,79.355,79.83,358980
2026-09-18 14:10,79.87,79.96,79.75,79.795,277359
2026-09-18 14:11,79.83,80.0914,79.83,79.96,144013
2026-09-18 14:12,79.965,79.983,79.7393,79.795,102107
2026-09-18 14:13,79.7908,79.795,79.57,79.58,101253
2026-09-18 14:14,79.59,79.695,79.53,79.625,242998
2026-09-18 14:15,79.625,79.7999,79.6,79.755,124887
2026-09-18 14:16,79.76,79.81,79.69,79.8,54711
2026-09-18 14:17,79.77,79.88,79.6301,79.88,120289
2026-09-18 14:18,79.9,79.93,79.78,79.9,186612
2026-09-18 14:19,79.9,80.4099,79.89,80.3889,241869
2026-09-18 14:20,80.39,80.5,80.18,80.23,274734
2026-09-18 14:21,80.25,80.4,80.16,80.18,99635
2026-09-18 14:22,80.21,80.38,80.1871,80.31,331553
2026-09-18 14:23,80.3,80.53,80.3,80.39,154111
2026-09-18 14:24,80.38,80.4,80.22,80.3,172867
2026-09-18 14:25,80.2923,80.326,80.03,80.0301,101140
2026-09-18 14:26,80.0843,80.28,80.05,80.1,248286
2026-09-18 14:27,80.1,80.38,80.005,80.35,234581
2026-09-18 14:28,80.36,80.43,80.3177,80.4,79913
2026-09-18 14:29,80.4,80.43,80.29,80.345,81683
2026-09-18 14:30,80.323,80.46,80.323,80.445,205322
2026-09-18 14:31,80.42,80.59,80.3,80.31,207201
2026-09-18 14:32,80.31,80.35,80.1601,80.19,489932
2026-09-18 14:33,80.17,80.36,80.17,80.1894,229456
2026-09-18 14:34,80.19,80.2901,80.07,80.29,140600
2026-09-18 14:35,80.34,80.71,80.34,80.59,183025
2026-09-18 14:36,80.595,80.61,80.41,80.44,66503
2026-09-18 14:37,80.4,80.6,80.35,80.43,119531
2026-09-18 14:38,80.445,80.49,80.4101,80.425,248849
2026-09-18 14:39,80.46,80.61,80.45,80.45,199841
2026-09-18 14:40,80.52,80.585,80.44,80.58,206145
2026-09-18 14:41,80.59,80.63,80.43,80.51,92837
2026-09-18 14:42,80.535,80.535,80.331,80.45,11742
2026-09-18 14:43,80.445,80.445,80.26,80.3096,81730
2026-09-18 14:44,80.31,80.33,80.1701,80.2,85809
2026-09-18 14:45,80.18,80.27,80.0576,80.11,107334
2026-09-18 14:46,80.12,80.16,80.01,80.06,54730
2026-09-18 14:47,80.06,80.0999,79.98,80.04,183103
2026-09-18 14:48,80.045,80.0999,80.005,80.035,42876
2026-09-18 14:49,80.025,80.41,80.025,80.36,67069
2026-09-18 14:50,80.37,80.5,80.275,80.46,94771
2026-09-18 14:51,80.46,80.5,80.35,80.39,87023
2026-09-18 14:52,80.38,80.38,80.3,80.31,28425
2026-09-18 14:53,80.31,80.31,79.735,79.795,150824
2026-09-18 14:54,79.79,79.91,79.76,79.8291,126619
2026-09-18 14:55,79.82,79.89,79.79,79.8482,92798
2026-09-18 14:56,79.85,79.9246,79.78,79.9246,63820
2026-09-18 14:57,79.93,80.0399,79.86,80.03,366848
2026-09-18 14:58,80.03,80.11,80.02,80.07,137519
2026-09-18 14:59,80.08,80.23,80.02,80.22,187639
2026-09-18 15:00,80.25,80.305,80.185,80.255,1.07675e+06
2026-09-18 15:01,80.255,80.255,80.0701,80.15,0
2026-09-18 15:02,80.155,80.155,80.0201,80.07,39602
2026-09-18 15:03,80.08,80.17,80,80.16,212812
2026-09-18 15:04,80.16,80.22,80.1129,80.202,75394
2026-09-18 15:05,80.2,80.2799,80.15,80.27,64163
2026-09-18 15:06,80.28,80.3,80.105,80.17,134715
2026-09-18 15:07,80.16,80.25,80.12,80.23,24667
2026-09-18 15:08,80.24,80.47,80.2053,80.4,138800
2026-09-18 15:09,80.37,80.45,80.3312,80.3558,68170
2026-09-18 15:10,80.365,80.3899,80.26,80.26,85505
2026-09-18 15:11,80.24,80.2506,80.13,80.215,181665
2026-09-18 15:12,80.25,80.28,80.1825,80.1825,20093
2026-09-18 15:13,80.17,80.24,80.1,80.2,279590
2026-09-18 15:14,80.22,80.23,80.17,80.17,12784
2026-09-18 15:15,80.175,80.175,80.0501,80.08,25437
2026-09-18 15:16,80.095,80.12,80.03,80.07,29682
2026-09-18 15:17,80.08,80.1199,80.04,80.065,40881
2026-09-18 15:18,80.065,80.1695,80.065,80.0871,18413
2026-09-18 15:19,80.09,80.19,80.0518,80.0701,447943
2026-09-18 15:20,80.0917,80.1196,80.03,80.1196,20117
2026-09-18 15:21,80.1172,80.12,80.01,80.12,88208
2026-09-18 15:22,80.1377,80.2433,80.12,80.15,130034
2026-09-18 15:23,80.1599,80.23,80.14,80.195,153016
2026-09-18 15:24,80.17,80.19,80.11,80.16,202745
2026-09-18 15:25,80.17,80.2,80.155,80.185,190905
2026-09-18 15:26,80.1902,80.2,80.03,80.07,416396
2026-09-18 15:27,80.06,80.12,80.056,80.07,81721
2026-09-18 15:28,80.08,80.09,80.02,80.0301,224704
2026-09-18 15:29,80.0473,80.06,79.9,79.99,88219
2026-09-18 15:30,79.99,80.05,79.92,79.97,48462
2026-09-18 15:31,79.99,79.99,79.86,79.945,88176
2026-09-18 15:32,79.94,79.99,79.87,79.99,125592
2026-09-18 15:33,80.01,80.0283,79.96,80.025,34153
2026-09-18 15:34,80.01,80.1482,80,80.1482,69143
2026-09-18 15:35,80.126,80.18,80.1,80.14,36168
2026-09-18 15:36,80.14,80.26,80.13,80.2492,66135
2026-09-18 15:37,80.25,80.3,80.22,80.3,56672
2026-09-18 15:38,80.293,80.305,80.22,80.225,25161
2026-09-18 15:39,80.225,80.275,80.195,80.255,40556
2026-09-18 15:40,80.26,80.32,80.21,80.2894,47850
2026-09-18 15:41,80.27,80.32,80.2301,80.2301,97144
2026-09-18 15:42,80.225,80.23,80.16,80.185,35529
2026-09-18 15:43,80.19,80.2,80.1311,80.16,35379
2026-09-18 15:44,80.15,80.2,80.07,80.165,25699
2026-09-18 15:45,80.175,80.21,80.09,80.09,30891
2026-09-18 15:46,80.08,80.15,80.08,80.12,16608
2026-09-18 15:47,80.1458,80.2085,80.09,80.105,53154
2026-09-18 15:48,80.12,80.19,80.12,80.19,45045
2026-09-18 15:49,80.15,80.17,80.04,80.085,51212
2026-09-18 15:50,80.0706,80.19,80.07,80.19,19542
2026-09-18 15:51,80.18,80.2152,80.14,80.2,46242
2026-09-18 15:52,80.2,80.34,80.19,80.34,54492
2026-09-18 15:53,80.3213,80.49,80.3213,80.455,88089
2026-09-18 15:54,80.4894,80.51,80.3101,80.3246,57636
2026-09-18 15:55,80.35,80.365,80.245,80.27,55850
2026-09-18 15:56,80.245,80.3201,80.245,80.3201,16896
2026-09-18 15:57,80.3299,80.39,80.27,80.35,34769
2026-09-18 15:58,80.3699,80.3699,80.15,80.195,101191
2026-09-18 15:59,80.195,80.2999,80.195,80.27,14125
2026-09-18 16:00,80.265,80.265,80.1,80.14,172234
2026-09-18 16:01,80.15,80.19,80.11,80.13,124591
2026-09-18 16:02,80.1199,80.19,80.1199,80.19,35234
2026-09-18 16:03,80.2,80.28,80.2,80.25,131221
2026-09-18 16:04,80.26,80.3,80.2,80.3,51361
2026-09-18 16:05,80.32,80.36,80.2685,80.3,46812
2026-09-18 16:06,80.29,80.325,80.205,80.205,204283
2026-09-18 16:07,80.2101,80.2184,79.92,80.0922,124209
2026-09-18 16:08,80.1405,80.15,79.96,79.97,126973
2026-09-18 16:09,79.98,80.0596,79.98,80.04,22012
2026-09-18 16:10,80.045,80.045,79.925,79.925,25459
2026-09-18 16:11,79.93,79.97,79.92,79.949,112191
2026-09-18 16:12,79.95,80.05,79.9,80,93504
2026-09-18 16:13,80,80,79.89,79.89,124621
2026-09-18 16:14,79.89,79.89,79.56,79.64,160245
2026-09-18 16:15,79.635,79.67,79.48,79.5855,181936
2026-09-18 16:16,79.5814,79.8314,79.56,79.765,57900
2026-09-18 16:17,79.79,79.885,79.75,79.87,31914
2026-09-18 16:18,79.875,79.875,79.79,79.81,35641
2026-09-18 16:19,79.7701,79.85,79.76,79.76,36627
2026-09-18 16:20,79.765,79.77,79.7063,79.715,34763
2026-09-18 16:21,79.7084,79.78,79.66,79.78,62052
2026-09-18 16:22,79.76,79.767,79.67,79.69,45694
2026-09-18 16:23,79.6862,79.745,79.652,79.69,43069
2026-09-18 16:24,79.69,79.69,79.58,79.62,131876
2026-09-18 16:25,79.615,79.615,79.47,79.55,115368
2026-09-18 16:26,79.568,79.65,79.555,79.64,57385
2026-09-18 16:27,79.63,79.6792,79.62,79.645,23145
2026-09-18 16:28,79.645,79.765,79.645,79.69,69484
2026-09-18 16:29,79.7,79.72,79.65,79.71,140709
2026-09-18 16:30,79.715,79.715,79.59,79.71,126131
2026-09-18 16:31,79.69,79.75,79.66,79.75,69171
2026-09-18 16:32,79.725,79.8,79.69,79.78,70665
2026-09-18 16:33,79.789,79.83,79.78,79.78,48391
2026-09-18 16:34,79.775,79.78,79.73,79.75,20057
2026-09-18 16:35,79.75,79.7655,79.73,79.7548,17382
2026-09-18 16:36,79.755,79.7599,79.615,79.7,97970
2026-09-18 16:37,79.715,79.838,79.6877,79.82,54802
2026-09-18 16:38,79.84,79.8866,79.7903,79.82,44652
2026-09-18 16:39,79.81,79.81,79.45,79.47,88819
2026-09-18 16:40,79.47,79.6,79.45,79.57,187798
2026-09-18 16:41,79.57,79.58,79.52,79.555,52286
2026-09-18 16:42,79.555,79.7772,79.555,79.74,45093
2026-09-18 16:43,79.72,79.84,79.7148,79.8115,68027
2026-09-18 16:44,79.82,79.92,79.75,79.89,231628
2026-09-18 16:45,79.874,79.98,79.87,79.97,61726
2026-09-18 16:46,79.98,80.235,79.95,80.235,163202
2026-09-18 16:47,80.235,80.25,80.0386,80.0989,91957
2026-09-18 16:48,80.08,80.1,80.04,80.04,22157
2026-09-18 16:49,80.04,80.05,79.99,80,62169
2026-09-18 16:50,80,80.09,79.94,79.95,70745
2026-09-18 16:51,79.94,80.09,79.93,80.065,83396
2026-09-18 16:52,80.05,80.1,80.04,80.05,16303
2026-09-18 16:53,80.075,80.178,80.06,80.1638,28672
2026-09-18 16:54,80.1649,80.2,80.13,80.2,19472
2026-09-18 16:55,80.19,80.19,80.12,80.175,27067
2026-09-18 16:56,80.175,80.265,80.175,80.245,43382
2026-09-18 16:57,80.25,80.255,80.19,80.21,56275
2026-09-18 16:58,80.2029,80.23,80.1601,80.23,54159
2026-09-18 16:59,80.24,80.25,80.135,80.15,58229
2026-09-18 17:00,80.1421,80.145,79.97,79.97,43813
2026-09-18 17:01,79.99,80.115,79.93,80.0843,102995
2026-09-18 17:02,80.09,80.1302,80.09,80.12,27544
2026-09-18 17:03,80.12,80.18,80.12,80.15,22288
2026-09-18 17:04,80.14,80.15,80.1,80.13,18132
2026-09-18 17:05,80.135,80.16,80.13,80.14,16255
2026-09-18 17:06,80.12,80.14,80.0625,80.07,50434
2026-09-18 17:07,80.0625,80.09,79.98,80.025,63762
2026-09-18 17:08,80.04,80.06,80.04,80.04,28816
2026-09-18 17:09,80.025,80.045,80.0103,80.025,123583
2026-09-18 17:10,80.05,80.13,80.05,80.126,18244
2026-09-18 17:11,80.09,80.09,80.0224,80.04,25043
2026-09-18 17:12,80.045,80.08,80.0302,80.08,54416
2026-09-18 17:13,80.08,80.1599,80.08,80.115,104935
2026-09-18 17:14,80.1012,80.19,80.1012,80.126,65634
2026-09-18 17:15,80.1201,80.26,80.1201,80.2,215443
2026-09-18 17:16,80.2,80.22,80.1801,80.2,16842
2026-09-18 17:17,80.2,80.28,80.1833,80.265,18040
2026-09-18 17:18,80.27,80.2769,80.1613,80.2099,125630
2026-09-18 17:19,80.19,80.23,80.1163,80.1163,48914
2026-09-18 17:20,80.135,80.1487,80.08,80.08,43863
2026-09-18 17:21,80.07,80.12,80.045,80.1132,15066
2026-09-18 17:22,80.115,80.125,80.11,80.11,9128
2026-09-18 17:23,80.1,80.15,80.05,80.145,44184
2026-09-18 17:24,80.14,80.16,80.125,80.15,25816
2026-09-18 17:25,80.15,80.385,80.15,80.25,79710
2026-09-18 17:26,80.27,80.27,80.21,80.245,64056
2026-09-18 17:27,80.233,80.345,80.2325,80.3362,36411
2026-09-18 17:28,80.34,80.48,80.34,80.41,41718
2026-09-18 17:29,80.4,80.425,80.35,80.36,27335
2026-09-18 17:30,80.365,80.38,80.31,80.33,34545
2026-09-18 17:31,80.33,80.33,80.2601,80.32,34477
2026-09-18 17:32,80.3299,80.36,80.27,80.36,39127
2026-09-18 17:33,80.36,80.3927,80.32,80.32,24542
2026-09-18 17:34,80.31,80.34,80.28,80.34,25131
2026-09-18 17:35,80.35,80.465,80.35,80.445,55327
2026-09-18 17:36,80.44,80.4494,80.415,80.4468,30162
2026-09-18 17:37,80.45,80.46,80.34,80.34,37837
2026-09-18 17:38,80.36,80.405,80.35,80.38,25623
2026-09-18 17:39,80.3883,80.42,80.36,80.4,15367
2026-09-18 17:40,80.415,80.4299,80.38,80.39,22715
2026-09-18 17:41,80.39,80.4348,80.37,80.423,17839
2026-09-18 17:42,80.43,80.43,80.385,80.39,17183
2026-09-18 17:43,80.38,80.4299,80.36,80.4299,25215
2026-09-18 17:44,80.44,80.49,80.415,80.415,130753
2026-09-18 17:45,80.415,80.44,80.3303,80.3415,26877
2026-09-18 17:46,80.3408,80.3883,80.31,80.34,0
2026-09-18 17:47,80.345,80.3999,80.28,80.3999,51414
2026-09-18 17:48,80.395,80.395,80.3077,80.3077,12373
2026-09-18 17:49,80.29,80.36,80.2853,80.35,20363
2026-09-18 17:50,80.36,80.455,80.35,80.4,51669
2026-09-18 17:51,80.4,80.42,80.38,80.39,28982
2026-09-18 17:52,80.39,80.425,80.34,80.42,20292
2026-09-18 17:53,80.42,80.505,80.36,80.42,66628
2026-09-18 17:54,80.44,80.44,80.4,80.42,18547
2026-09-18 17:55,80.42,80.42,80.36,80.38,20669
2026-09-18 17:56,80.3876,80.4,80.3656,80.4,15720
2026-09-18 17:57,80.4,80.4,80.37,80.39,12142
2026-09-18 17:58,80.395,80.395,80.35,80.355,19517
2026-09-18 17:59,80.355,80.56,80.355,80.55,316877
2026-09-18 18:00,80.53,80.535,80.485,80.5299,27304
2026-09-18 18:01,80.505,80.53,80.46,80.47,37168
2026-09-18 18:02,80.475,80.487,80.455,80.46,10783
2026-09-18 18:03,80.4502,80.4502,80.4,80.4,76123
2026-09-18 18:04,80.42,80.42,80.29,80.36,24226
2026-09-18 18:05,80.34,80.36,80.16,80.305,41172
2026-09-18 18:06,80.29,80.32,80.21,80.21,39304
2026-09-18 18:07,80.205,80.38,80.18,80.38,22778
2026-09-18 18:08,80.39,80.41,80.36,80.37,18537
2026-09-18 18:09,80.36,80.361,80.32,80.35,11843
2026-09-18 18:10,80.355,80.355,80.28,80.28,15234
2026-09-18 18:11,80.27,80.27,80.18,80.2001,28118
2026-09-18 18:12,80.21,80.235,80.19,80.225,39673
2026-09-18 18:13,80.2125,80.22,80.14,80.19,39069
2026-09-18 18:14,80.1898,80.21,80.17,80.1851,16629
2026-09-18 18:15,80.2,80.205,80.14,80.155,19779
2026-09-18 18:16,80.155,80.265,80.1402,80.25,22914
2026-09-18 18:17,80.25,80.27,80.23,80.2301,18488
2026-09-18 18:18,80.24,80.3655,80.22,80.3655,164731
2026-09-18 18:19,80.358,80.4099,80.3497,80.405,110895
2026-09-18 18:20,80.41,80.42,80.3799,80.4,25952
2026-09-18 18:21,80.4,80.435,80.395,80.42,28451
2026-09-18 18:22,80.43,80.44,80.385,80.425,133415
2026-09-18 18:23,80.44,80.44,80.305,80.32,25005
2026-09-18 18:24,80.35,80.35,80.305,80.32,32015
2026-09-18 18:25,80.3201,80.35,80.29,80.3499,43162
2026-09-18 18:26,80.35,80.35,80.285,80.29,59837
2026-09-18 18:27,80.29,80.3876,80.28,80.3346,107023
2026-09-18 18:28,80.3377,80.35,80.28,80.35,52493
2026-09-18 18:29,80.3215,80.4,80.3215,80.39,66172
2026-09-18 18:30,80.398,80.405,80.32,80.32,46341
2026-09-18 18:31,80.32,80.3391,80.28,80.28,200893
2026-09-18 18:32,80.28,80.33,80.24,80.25,53059
2026-09-18 18:33,80.24,80.3,80.21,80.3,18202
2026-09-18 18:34,80.2701,80.31,80.25,80.27,34450
2026-09-18 18:35,80.27,80.27,80.21,80.25,130020
2026-09-18 18:36,80.26,80.26,80.2101,80.25,26995
2026-09-18 18:37,80.25,80.255,80.15,80.18,87160
2026-09-18 18:38,80.1762,80.1762,80.06,80.09,86377
2026-09-18 18:39,80.09,80.1557,80.03,80.145,108832
2026-09-18 18:40,80.145,80.145,80.08,80.14,27459
2026-09-18 18:41,80.125,80.125,80.05,80.1,67340
2026-09-18 18:42,80.1,80.13,80.065,80.065,154409
2026-09-18 18:43,80.06,80.16,80.045,80.15,18152
2026-09-18 18:44,80.143,80.19,80.143,80.1701,63652
2026-09-18 18:45,80.22,80.27,80.1723,80.21,39395
2026-09-18 18:46,80.195,80.335,80.17,80.32,117205
2026-09-18 18:47,80.3031,80.347,80.3,80.33,59478
2026-09-18 18:48,80.325,80.33,80.27,80.29,42203
2026-09-18 18:49,80.29,80.33,80.28,80.3155,131265
2026-09-18 18:50,80.3,80.36,80.3,80.36,47258
2026-09-18 18:51,80.3619,80.435,80.33,80.3364,53288
2026-09-18 18:52,80.3482,80.38,80.32,80.38,27842
2026-09-18 18:53,80.38,80.6811,80.3789,80.64,169325
2026-09-18 18:54,80.65,80.74,80.57,80.72,66131
2026-09-18 18:55,80.6992,80.71,80.615,80.63,50858
2026-09-18 18:56,80.65,80.685,80.59,80.625,79153
2026-09-18 18:57,80.6236,80.84,80.6236,80.8325,92460
2026-09-18 18:58,80.83,80.9,80.695,80.72,65043
2026-09-18 18:59,80.7001,80.71,80.62,80.6823,34467
2026-09-18 19:00,80.69,80.71,80.63,80.66,39113
2026-09-18 19:01,80.65,80.7272,80.615,80.67,194865
2026-09-18 19:02,80.67,80.72,80.6201,80.72,33371
2026-09-18 19:03,80.72,80.74,80.6801,80.71,52647
2026-09-18 19:04,80.7001,80.72,80.57,80.66,74628
2026-09-18 19:05,80.6561,80.72,80.61,80.72,19977
2026-09-18 19:06,80.72,80.85,80.665,80.665,154953
2026-09-18 19:07,80.679,80.6944,80.65,80.69,26111
2026-09-18 19:08,80.665,80.73,80.665,80.67,23470
2026-09-18 19:09,80.68,80.77,80.65,80.76,23102
2026-09-18 19:10,80.78,80.78,80.715,80.76,25724
2026-09-18 19:11,80.75,80.79,80.71,80.79,25332
2026-09-18 19:12,80.78,81,80.763,80.995,156967
2026-09-18 19:13,80.9937,81,80.89,80.955,61806
2026-09-18 19:14,80.955,80.96,80.85,80.96,161812
2026-09-18 19:15,80.97,80.98,80.865,80.925,39093
2026-09-18 19:16,80.925,80.93,80.88,80.93,47080
2026-09-18 19:17,80.93,81.015,80.92,80.96,78419
2026-09-18 19:18,80.96,81.2,80.955,81.165,118018
2026-09-18 19:19,81.164,81.27,81.055,81.09,123075
2026-09-18 19:20,81.085,81.1127,81.04,81.085,114809
2026-09-18 19:21,81.081,81.23,81.081,81.14,72268
2026-09-18 19:22,81.15,81.18,81.08,81.11,61895
2026-09-18 19:23,81.13,81.15,81.0518,81.065,37935
2026-09-18 19:24,81.0618,81.24,81.05,81.18,87169
2026-09-18 19:25,81.175,81.2,81.1301,81.1685,46722
2026-09-18 19:26,81.18,81.22,81.125,81.2,55298
2026-09-18 19:27,81.21,81.28,81.18,81.1965,114032
2026-09-18 19:28,81.21,81.23,81.0342,81.095,53679
2026-09-18 19:29,81.095,81.12,81.08,81.1,49559
2026-09-18 19:30,81.11,81.12,80.84,80.8604,330798
2026-09-18 19:31,80.875,80.93,80.8394,80.855,51019
2026-09-18 19:32,80.855,80.97,80.855,80.92,42757
2026-09-18 19:33,80.92,81.2,80.9076,81.17,57427
2026-09-18 19:34,81.17,81.28,81.1501,81.26,96236
2026-09-18 19:35,81.265,81.265,81.11,81.18,230917
2026-09-18 19:36,81.19,81.4489,81.17,81.43,135399
2026-09-18 19:37,81.45,81.49,81.35,81.4899,94301
2026-09-18 19:38,81.48,81.6699,81.475,81.52,156485
2026-09-18 19:39,81.515,81.7,81.4909,81.64,158776
2026-09-18 19:40,81.6393,81.68,81.52,81.575,198597
2026-09-18 19:41,81.56,81.74,81.48,81.525,188228
2026-09-18 19:42,81.5,81.61,81.46,81.5669,65150
2026-09-18 19:43,81.5623,81.585,81.4847,81.4847,80400
2026-09-18 19:44,81.49,81.49,81.245,81.245,83071
2026-09-18 19:45,81.245,81.3299,81.22,81.2999,59337
2026-09-18 19:46,81.295,81.5,81.226,81.465,113421
2026-09-18 19:47,81.46,81.5,81.13,81.17,100942
2026-09-18 19:48,81.17,81.17,81.035,81.0511,120568
2026-09-18 19:49,81.07,81.245,81.06,81.23,70602
2026-09-18 19:50,81.22,81.4399,81.22,81.395,115799
2026-09-18 19:51,81.395,81.42,81.15,81.175,197934
2026-09-18 19:52,81.1606,81.2,81.12,81.19,93417
2026-09-18 19:53,81.2,81.25,81.16,81.22,132684
2026-09-18 19:54,81.22,81.49,81.16,81.1801,278292
2026-09-18 19:55,81.2,81.5737,81.16,81.24,305844
2026-09-18 19:56,81.24,81.3,81.2,81.23,183074
2026-09-18 19:57,81.22,81.49,81.22,81.275,352704
2026-09-18 19:58,81.28,81.355,81.245,81.31,371317
2026-09-18 19:59,81.32,81.44,81.26,81.26,678564
2026-09-21 13:30,81.57,81.8,81.0101,81.255,2.59518e+06
2026-09-21 13:31,81.29,82.32,80.92,82.2225,439271
2026-09-21 13:32,82.225,82.98,81.92,82.76,277081
2026-09-21 13:33,82.76,82.79,82.46,82.7055,222923
2026-09-21 13:34,82.64,82.88,82.53,82.795,267333
2026-09-21 13:35,82.795,82.89,82.34,82.565,209803
2026-09-21 13:36,82.56,83.07,82.4,82.9999,356797
2026-09-21 13:37,82.93,83.74,82.8401,83.6466,361630
2026-09-21 13:38,83.65,83.69,83.11,83.491,215111
2026-09-21 13:39,83.48,83.6,83.3,83.4785,229489
2026-09-21 13:40,83.495,83.74,83.41,83.5895,194517
2026-09-21 13:41,83.53,83.83,83.39,83.465,237987
2026-09-21 13:42,83.465,83.5,83.2,83.33,139027
2026-09-21 13:43,83.4,83.84,83.3867,83.7247,165284
2026-09-21 13:44,83.69,83.8621,83.45,83.73,178963
2026-09-21 13:45,83.73,84.2433,83.695,84.13,357442
2026-09-21 13:46,84.1,84.48,84.04,84.465,193874
2026-09-21 13:47,84.4764,84.6374,84.3,84.318,247979
2026-09-21 13:48,84.3,84.52,84.2601,84.38,129160
2026-09-21 13:49,84.4157,84.42,83.9,84.09,240096
2026-09-21 13:50,84.0804,84.4799,84.08,84.18,259988
2026-09-21 13:51,84.1728,84.2499,83.935,84.0249,430190
2026-09-21 13:52,84.1,84.3999,84,84.03,210839
2026-09-21 13:53,84.03,84.05,83.6,83.65,231912
2026-09-21 13:54,83.65,83.83,83.5101,83.545,124689
2026-09-21 13:55,83.5276,83.81,83.38,83.695,142658
2026-09-21 13:56,83.695,83.9,83.6201,83.7,130325
2026-09-21 13:57,83.7,83.85,83.7,83.84,69058
2026-09-21 13:58,83.86,83.95,83.77,83.84,65763
2026-09-21 13:59,83.84,83.85,83.55,83.645,95814
2026-09-21 14:00,83.635,84.42,83.62,84.038,247307
2026-09-21 14:01,84.05,84.4,84.02,84.11,164990
2026-09-21 14:02,84.07,84.08,83.31,83.44,116751
2026-09-21 14:03,83.46,83.49,83.21,83.285,126891
2026-09-21 14:04,83.325,83.36,83.172,83.305,68765
2026-09-21 14:05,83.33,83.4621,83.141,83.435,169477
2026-09-21 14:06,83.4699,83.78,83.37,83.7301,68365
2026-09-21 14:07,83.73,83.73,83.5,83.555,92533
2026-09-21 14:08,83.555,83.805,83.53,83.7611,132677
2026-09-21 14:09,83.765,84.03,83.765,84.025,165034
2026-09-21 14:10,84.02,84.3,84.02,84.2,147347
2026-09-21 14:11,84.175,84.4,84.175,84.3011,96474
2026-09-21 14:12,84.29,84.32,84.02,84.05,136698
2026-09-21 14:13,84.05,84.25,83.99,84.12,95500
2026-09-21 14:14,84.11,84.24,84.06,84.075,75531
2026-09-21 14:15,84.075,84.162,84,84.02,61192
2026-09-21 14:16,83.99,84.1801,83.99,84.04,54097
2026-09-21 14:17,84.035,84.26,84.0241,84.17,73104
2026-09-21 14:18,84.17,84.38,84.09,84.29,92773
2026-09-21 14:19,84.29,84.49,84.2413,84.49,99659
2026-09-21 14:20,84.47,84.54,84.11,84.11,185686
2026-09-21 14:21,84.135,84.28,84.0901,84.25,38905
2026-09-21 14:22,84.23,84.32,84.08,84.3,76656
2026-09-21 14:23,84.29,84.36,84.23,84.31,43988
2026-09-21 14:24,84.3,84.3367,84.19,84.25,40145
2026-09-21 14:25,84.27,84.3,84.2101,84.255,36635
2026-09-21 14:26,84.24,84.33,84.23,84.265,126243
2026-09-21 14:27,84.27,84.47,84.2,84.26,171280
2026-09-21 14:28,84.28,84.43,84.25,84.34,49969
2026-09-21 14:29,84.34,84.45,84.3301,84.36,44062
2026-09-21 14:30,84.345,84.4299,84.305,84.4004,57723
2026-09-21 14:31,84.39,84.48,84.3008,84.3008,86991
2026-09-21 14:32,84.3201,84.42,84.285,84.42,69067
2026-09-21 14:33,84.43,84.49,84.29,84.32,100465
2026-09-21 14:34,84.31,84.41,84.29,84.36,49742
2026-09-21 14:35,84.37,84.43,84.2927,84.3474,35068
2026-09-21 14:36,84.34,84.53,84.3399,84.49,102189
2026-09-21 14:37,84.47,84.52,84.433,84.5,28964
2026-09-21 14:38,84.5,84.5,84.3037,84.31,50052
2026-09-21 14:39,84.31,84.34,84.17,84.2901,83677
2026-09-21 14:40,84.325,84.38,84.19,84.265,39228
2026-09-21 14:41,84.28,84.37,84.14,84.16,91491
2026-09-21 14:42,84.1539,84.2692,84.01,84.23,137310
2026-09-21 14:43,84.27,84.285,83.93,83.9659,75068
2026-09-21 14:44,83.96,84.11,83.83,84.11,69602
2026-09-21 14:45,84.115,84.1383,84.02,84.1,71628
2026-09-21 14:46,84.125,84.3999,84.125,84.285,70318
2026-09-21 14:47,84.297,84.545,84.2795,84.485,97044
2026-09-21 14:48,84.45,84.54,84.39,84.51,38024
2026-09-21 14:49,84.5,84.53,84.38,84.38,44401
2026-09-21 14:50,84.37,84.41,84.305,84.385,78270
2026-09-21 14:51,84.4,84.68,84.385,84.605,113391
2026-09-21 14:52,84.59,84.635,84.4167,84.475,38289
2026-09-21 14:53,84.46,84.5,84.26,84.305,50107
2026-09-21 14:54,84.29,84.425,84.27,84.35,42159
2026-09-21 14:55,84.35,84.36,84.255,84.265,37093
2026-09-21 14:56,84.27,84.5299,84.2687,84.5,63602
2026-09-21 14:57,84.55,84.565,84.34,84.45,112069
2026-09-21 14:58,84.45,84.5321,84.445,84.48,36114
2026-09-21 14:59,84.47,84.74,84.43,84.7111,62348
2026-09-21 15:00,84.69,84.735,84.41,84.41,103421
2026-09-21 15:01,84.41,84.44,84.305,84.33,172146
2026-09-21 15:02,84.3,84.49,84.26,84.39,43873
2026-09-21 15:03,84.39,84.5,84.39,84.435,110104
2026-09-21 15:04,84.45,84.64,84.4,84.61,35915
2026-09-21 15:05,84.64,84.64,84.47,84.47,43002
2026-09-21 15:06,84.4611,84.525,84.44,84.495,36780
2026-09-21 15:07,84.5,84.93,84.5,84.915,181660
2026-09-21 15:08,84.915,84.97,84.79,84.8415,81141
2026-09-21 15:09,84.84,84.84,84.6304,84.69,353064
2026-09-21 15:10,84.7,84.73,84.61,84.679,105359
2026-09-21 15:11,84.685,84.855,84.67,84.68,180420
2026-09-21 15:12,84.68,85.16,84.68,85.13,213022
2026-09-21 15:13,85.18,85.34,85.18,85.31,120068
2026-09-21 15:14,85.29,85.39,85.22,85.3501,687991
2026-09-21 15:15,85.345,85.4899,85.345,85.39,115223
2026-09-21 15:16,85.39,85.48,85.355,85.445,65002
2026-09-21 15:17,85.4402,85.693,85.4402,85.65,105731
2026-09-21 15:18,85.6431,85.68,85.47,85.59,185745
2026-09-21 15:19,85.58,85.86,85.58,85.785,125658
2026-09-21 15:20,85.785,85.8499,85.65,85.665,148078
2026-09-21 15:21,85.665,85.82,85.665,85.775,77436
2026-09-21 15:22,85.7601,85.8,85.6726,85.765,106239
2026-09-21 15:23,85.765,85.88,85.585,85.63,150700
2026-09-21 15:24,85.63,85.64,85.435,85.46,86792
2026-09-21 15:25,85.46,85.51,85.38,85.4475,101553
2026-09-21 15:26,85.45,85.6064,85.4,85.4,89914
2026-09-21 15:27,85.41,85.51,85.35,85.49,70149
2026-09-21 15:28,85.49,85.52,85.42,85.46,34775
2026-09-21 15:29,85.43,85.48,85.27,85.28,50610
2026-09-21 15:30,85.26,85.3,85.15,85.23,74751
2026-09-21 15:31,85.2,85.43,85.19,85.43,61879
2026-09-21 15:32,85.42,85.49,85.42,85.42,35845
2026-09-21 15:33,85.425,85.4948,85.39,85.43,55685
2026-09-21 15:34,85.425,85.4399,85.2367,85.2534,49516
2026-09-21 15:35,85.26,85.35,85.1,85.2,80288
2026-09-21 15:36,85.18,85.36,85.12,85.34,105023
2026-09-21 15:37,85.32,85.49,85.19,85.44,78727
2026-09-21 15:38,85.44,85.46,85.33,85.37,40482
2026-09-21 15:39,85.38,85.5,85.36,85.48,94514
2026-09-21 15:40,85.4751,85.56,85.41,85.45,109796
2026-09-21 15:41,85.455,85.47,85.4,85.405,31527
2026-09-21 15:42,85.4478,85.58,85.4478,85.54,58664
2026-09-21 15:43,85.54,85.765,85.51,85.69,78172
2026-09-21 15:44,85.6701,85.76,85.58,85.66,56740
2026-09-21 15:45,85.65,85.79,85.63,85.72,47070
2026-09-21 15:46,85.74,85.8646,85.7201,85.84,49416
2026-09-21 15:47,85.85,85.89,85.735,85.8394,130437
2026-09-21 15:48,85.8208,85.85,85.74,85.78,33888
2026-09-21 15:49,85.8,85.8,85.7,85.735,33726
2026-09-21 15:50,85.72,85.8,85.61,85.75,58634
2026-09-21 15:51,85.767,85.8378,85.6968,85.8378,31853
2026-09-21 15:52,85.8234,85.86,85.69,85.74,34468
2026-09-21 15:53,85.74,85.85,85.73,85.82,46908
2026-09-21 15:54,85.82,85.8311,85.77,85.78,32264
2026-09-21 15:55,85.775,85.775,85.67,85.68,65955
2026-09-21 15:56,85.675,85.76,85.655,85.68,67345
2026-09-21 15:57,85.705,85.705,85.56,85.606,43764
2026-09-21 15:58,85.6,85.67,85.53,85.54,82802
2026-09-21 15:59,85.54,85.545,85.45,85.505,35073
2026-09-21 16:00,85.49,85.63,85.44,85.5,66916
2026-09-21 16:01,85.515,85.66,85.51,85.59,41208
2026-09-21 16:02,85.61,85.6817,85.56,85.62,46815
2026-09-21 16:03,85.61,85.66,85.5,85.615,44613
2026-09-21 16:04,85.61,85.7,85.58,85.66,57518
2026-09-21 16:05,85.67,85.68,85.6,85.67,32985
2026-09-21 16:06,85.64,85.72,85.625,85.69,30311
2026-09-21 16:07,85.67,85.85,85.63,85.75,62354
2026-09-21 16:08,85.75,85.8,85.71,85.71,37278
2026-09-21 16:09,85.7058,85.78,85.7,85.745,34907
2026-09-21 16:10,85.745,85.85,85.74,85.78,85976
2026-09-21 16:11,85.78,85.835,85.76,85.81,1.02045e+06
2026-09-21 16:12,85.82,85.82,85.56,85.56,68160
2026-09-21 16:13,85.56,85.575,85.52,85.55,29825
2026-09-21 16:14,85.555,85.695,85.5339,85.6,50728
2026-09-21 16:15,85.63,85.75,85.61,85.64,32563
2026-09-21 16:16,85.635,85.825,85.61,85.72,28662
2026-09-21 16:17,85.72,85.72,85.64,85.66,33137
2026-09-21 16:18,85.64,85.76,85.64,85.7,21296
2026-09-21 16:19,85.695,85.78,85.67,85.735,21820
2026-09-21 16:20,85.729,85.735,85.65,85.65,18528
2026-09-21 16:21,85.655,85.6952,85.63,85.63,26251
2026-09-21 16:22,85.63,85.8201,85.6294,85.7301,48093
2026-09-21 16:23,85.7419,85.9411,85.72,85.9301,60250
2026-09-21 16:24,85.95,85.98,85.83,85.855,55186
2026-09-21 16:25,85.855,86.0914,85.8504,86.01,154673
2026-09-21 16:26,86.0335,86.13,85.97,86.13,52734
2026-09-21 16:27,86.14,86.32,86.14,86.31,135093
2026-09-21 16:28,86.32,86.42,86.29,86.3163,86886
2026-09-21 16:29,86.32,86.34,86.22,86.34,75161
2026-09-21 16:30,86.34,86.45,86.27,86.2801,65604
2026-09-21 16:31,86.3279,86.46,86.28,86.42,83627
2026-09-21 16:32,86.4399,86.44,86.36,86.405,58354
2026-09-21 16:33,86.4162,86.59,86.395,86.45,186815
2026-09-21 16:34,86.455,86.64,86.44,86.62,70482
2026-09-21 16:35,86.6092,86.615,86.38,86.3999,81482
2026-09-21 16:36,86.415,86.47,86.31,86.43,70379
2026-09-21 16:37,86.455,86.55,86.33,86.39,94879
2026-09-21 16:38,86.39,86.4,86.11,86.175,82656
2026-09-21 16:39,86.185,86.27,85.95,86.25,629307
2026-09-21 16:40,86.28,86.32,86.1501,86.22,55400
2026-09-21 16:41,86.225,86.4586,86.15,86.435,55862
2026-09-21 16:42,86.46,86.7,86.45,86.62,91939
2026-09-21 16:43,86.615,86.65,86.46,86.4601,43834
2026-09-21 16:44,86.49,86.5399,86.4104,86.51,51174
2026-09-21 16:45,86.515,86.58,86.44,86.555,86766
2026-09-21 16:46,86.565,86.69,86.565,86.6001,51648
2026-09-21 16:47,86.6,86.755,86.58,86.72,37724
2026-09-21 16:48,86.7257,86.85,86.71,86.795,101252
2026-09-21 16:49,86.8,86.94,86.76,86.94,56782
2026-09-21 16:50,86.93,86.95,86.775,86.8103,64195
2026-09-21 16:51,86.8261,86.94,86.8101,86.8874,37445
2026-09-21 16:52,86.89,87.045,86.8752,87.025,117898
2026-09-21 16:53,87.025,87.1,87.005,87.05,66571
2026-09-21 16:54,87.025,87.15,86.98,87.11,84918
2026-09-21 16:55,87.1,87.19,87,87.03,298378
2026-09-21 16:56,87.04,87.12,86.91,86.985,79401
2026-09-21 16:57,87,87.08,86.89,86.97,62859
2026-09-21 16:58,86.97,87,86.875,86.955,49503
2026-09-21 16:59,86.99,87.05,86.81,86.91,64458
2026-09-21 17:00,86.91,87.07,86.86,86.97,75390
2026-09-21 17:01,86.988,87.18,86.96,87.06,116001
2026-09-21 17:02,87.075,87.11,86.9,86.91,79563
2026-09-21 17:03,86.875,86.97,86.86,86.89,39499
2026-09-21 17:04,86.87,86.89,86.81,86.86,38691
2026-09-21 17:05,86.82,86.84,86.76,86.82,46211
2026-09-21 17:06,86.805,86.86,86.785,86.803,32257
2026-09-21 17:07,86.815,86.83,86.71,86.7224,34572
2026-09-21 17:08,86.74,86.84,86.71,86.84,36374
2026-09-21 17:09,86.85,86.87,86.69,86.765,69797
2026-09-21 17:10,86.76,86.76,86.626,86.7,33535
2026-09-21 17:11,86.71,86.72,86.5601,86.5801,44561
2026-09-21 17:12,86.5853,86.69,86.57,86.65,31728
2026-09-21 17:13,86.635,86.71,86.57,86.57,29724
2026-09-21 17:14,86.57,86.69,86.491,86.6499,61714
2026-09-21 17:15,86.65,86.65,86.5,86.545,34970
2026-09-21 17:16,86.545,86.57,86.3506,86.44,52859
2026-09-21 17:17,86.43,86.5,86.39,86.5,43114
2026-09-21 17:18,86.505,86.53,86.3,86.3401,114938
2026-09-21 17:19,86.35,86.4,86.2402,86.2433,44463
2026-09-21 17:20,86.2671,86.63,86.2671,86.6,89086
2026-09-21 17:21,86.61,86.7223,86.59,86.655,59008
2026-09-21 17:22,86.64,86.76,86.64,86.76,48104
2026-09-21 17:23,86.754,86.8342,86.745,86.77,50839
2026-09-21 17:24,86.77,86.8,86.701,86.765,47662
2026-09-21 17:25,86.775,86.8393,86.72,86.726,37365
2026-09-21 17:26,86.735,86.75,86.63,86.63,48987
2026-09-21 17:27,86.62,86.64,86.5,86.565,35065
2026-09-21 17:28,86.565,86.64,86.54,86.555,25688
2026-09-21 17:29,86.5587,86.61,86.481,86.51,34272
2026-09-21 17:30,86.49,86.52,86.43,86.49,27028
2026-09-21 17:31,86.4953,86.56,86.42,86.56,41438
2026-09-21 17:32,86.5999,86.625,86.55,86.57,24793
2026-09-21 17:33,86.62,86.62,86.4875,86.53,22851
2026-09-21 17:34,86.52,86.52,86.38,86.415,40063
2026-09-21 17:35,86.43,86.47,86.36,86.425,50549
2026-09-21 17:36,86.435,86.52,86.43,86.5111,34720
2026-09-21 17:37,86.4901,86.515,86.3738,86.3738,14235
2026-09-21 17:38,86.41,86.4118,86.35,86.41,33759
2026-09-21 17:39,86.41,86.51,86.4,86.43,38232
2026-09-21 17:40,86.43,86.46,86.38,86.46,23126
2026-09-21 17:41,86.47,86.53,86.43,86.455,31770
2026-09-21 17:42,86.455,86.51,86.42,86.445,41874
2026-09-21 17:43,86.445,86.51,86.36,86.4,296703
2026-09-21 17:44,86.42,86.62,86.42,86.5,119768
2026-09-21 17:45,86.615,86.6339,86.5,86.63,45123
2026-09-21 17:46,86.63,86.64,86.5,86.58,100992
2026-09-21 17:47,86.58,86.65,86.51,86.62,14789
2026-09-21 17:48,86.65,86.79,86.65,86.74,106812
2026-09-21 17:49,86.7401,86.78,86.71,86.775,38353
2026-09-21 17:50,86.775,86.81,86.67,86.74,40090
2026-09-21 17:51,86.755,86.77,86.64,86.7001,31200
2026-09-21 17:52,86.7152,86.75,86.68,86.725,11549
2026-09-21 17:53,86.71,86.84,86.68,86.79,30003
2026-09-21 17:54,86.8,86.98,86.77,86.9207,68625
2026-09-21 17:55,86.93,86.945,86.8211,86.855,29414
2026-09-21 17:56,86.855,86.91,86.785,86.91,27001
2026-09-21 17:57,86.925,87,86.91,86.945,71216
2026-09-21 17:58,86.945,86.96,86.87,86.8787,27060
2026-09-21 17:59,86.88,86.94,86.82,86.925,20877
2026-09-21 18:00,86.9,86.93,86.76,86.78,69960
2026-09-21 18:01,86.76,86.98,86.7303,86.94,56379
2026-09-21 18:02,86.91,86.915,86.725,86.735,18549
2026-09-21 18:03,86.735,86.81,86.7,86.8,243366
2026-09-21 18:04,86.8,86.8,86.63,86.67,78517
2026-09-21 18:05,86.72,86.78,86.69,86.7001,19572
2026-09-21 18:06,86.6701,86.6999,86.64,86.66,14438
2026-09-21 18:07,86.68,86.9,86.654,86.89,30532
2026-09-21 18:08,86.89,86.9,86.82,86.855,12250
2026-09-21 18:09,86.89,86.89,86.82,86.86,17844
2026-09-21 18:10,86.8699,86.92,86.78,86.8,37846
2026-09-21 18:11,86.79,86.85,86.75,86.81,25566
2026-09-21 18:12,86.8038,86.83,86.7,86.825,25506
2026-09-21 18:13,86.825,86.91,86.825,86.861,106439
2026-09-21 18:14,86.86,86.91,86.82,86.855,23621
2026-09-21 18:15,86.8509,86.88,86.79,86.8001,15636
2026-09-21 18:16,86.855,86.91,86.83,86.8388,19200
2026-09-21 18:17,86.84,86.87,86.78,86.865,26904
2026-09-21 18:18,86.85,86.89,86.84,86.88,53743
2026-09-21 18:19,86.88,86.88,86.79,86.84,23867
2026-09-21 18:20,86.87,86.9168,86.81,86.865,102295
2026-09-21 18:21,86.855,86.92,86.855,86.87,9219
2026-09-21 18:22,86.87,86.9,86.82,86.845,23881
2026-09-21 18:23,86.8765,86.8875,86.64,86.75,72022
2026-09-21 18:24,86.73,86.73,86.6455,86.67,22848
2026-09-21 18:25,86.645,86.76,86.62,86.74,22866
2026-09-21 18:26,86.68,86.72,86.66,86.695,8964
2026-09-21 18:27,86.68,86.87,86.68,86.83,28467
2026-09-21 18:28,86.83,86.845,86.77,86.79,47755
2026-09-21 18:29,86.785,86.85,86.76,86.83,21793
2026-09-21 18:30,86.845,86.87,86.7295,86.75,19492
2026-09-21 18:31,86.75,86.75,86.63,86.655,19385
2026-09-21 18:32,86.655,86.8,86.64,86.8,24459
2026-09-21 18:33,86.82,86.9,86.77,86.83,32855
2026-09-21 18:34,86.845,86.8786,86.8,86.8,15361
2026-09-21 18:35,86.795,86.825,86.72,86.78,37894
2026-09-21 18:36,86.78,86.82,86.7,86.72,31309
2026-09-21 18:37,86.72,86.72,86.67,86.69,25463
2026-09-21 18:38,86.725,86.81,86.67,86.78,28752
2026-09-21 18:39,86.775,86.81,86.71,86.805,16893
2026-09-21 18:40,86.805,86.83,86.75,86.82,17324
2026-09-21 18:41,86.82,86.98,86.79,86.94,35591
2026-09-21 18:42,86.96,87.0948,86.9543,87.09,88536
2026-09-21 18:43,87.09,87.1,86.97,87.025,41736
2026-09-21 18:44,87.02,87.06,86.92,87.02,23051
2026-09-21 18:45,87.05,87.075,87.02,87.04,37295
2026-09-21 18:46,87.035,87.19,87,87.155,55157
2026-09-21 18:47,87.2,87.25,87.17,87.207,70192
2026-09-21 18:48,87.21,87.23,87.12,87.155,40145
2026-09-21 18:49,87.1434,87.17,87.08,87.105,38288
2026-09-21 18:50,87.105,87.11,87.04,87.06,34690
2026-09-21 18:51,87.0651,87.08,86.9201,86.935,41805
2026-09-21 18:52,86.94,86.9691,86.85,86.9691,30628
2026-09-21 18:53,86.96,87.05,86.94,86.95,48795
2026-09-21 18:54,86.95,86.98,86.78,86.8368,40791
2026-09-21 18:55,86.83,86.91,86.8,86.86,21373
2026-09-21 18:56,86.8301,86.915,86.72,86.76,26487
2026-09-21 18:57,86.755,86.765,86.61,86.64,25258
2026-09-21 18:58,86.6408,86.76,86.63,86.7296,23311
2026-09-21 18:59,86.705,86.82,86.69,86.795,31279
2026-09-21 19:00,86.795,87.04,86.795,86.89,55316
2026-09-21 19:01,86.8923,86.93,86.82,86.8653,41113
2026-09-21 19:02,86.88,86.8894,86.719,86.7434,40241
2026-09-21 19:03,86.73,86.8372,86.7014,86.735,32248
2026-09-21 19:04,86.735,86.85,86.709,86.83,24418
2026-09-21 19:05,86.85,86.8799,86.8101,86.845,38127
2026-09-21 19:06,86.845,86.9219,86.845,86.915,124617
2026-09-21 19:07,86.915,87.07,86.915,87.065,51602
2026-09-21 19:08,87.0501,87.06,86.94,86.98,37445
2026-09-21 19:09,86.96,87.01,86.8701,86.8701,45398
2026-09-21 19:10,86.89,86.92,86.79,86.835,52393
2026-09-21 19:11,86.824,86.94,86.82,86.875,21571
2026-09-21 19:12,86.875,86.88,86.7,86.72,34396
2026-09-21 19:13,86.71,86.75,86.68,86.7499,34581
2026-09-21 19:14,86.75,86.775,86.61,86.695,51978
2026-09-21 19:15,86.6856,86.7,86.5756,86.675,38055
2026-09-21 19:16,86.675,86.73,86.67,86.69,25576
2026-09-21 19:17,86.6934,86.8116,86.64,86.81,48028
2026-09-21 19:18,86.8,86.805,86.72,86.735,23463
2026-09-21 19:19,86.745,86.745,86.675,86.7001,28236
2026-09-21 19:20,86.7,86.7,86.5093,86.57,49899
2026-09-21 19:21,86.585,86.6199,86.5119,86.575,28570
2026-09-21 19:22,86.575,86.575,86.5101,86.54,26920
2026-09-21 19:23,86.545,86.57,86.3777,86.395,50529
2026-09-21 19:24,86.4,86.43,86.23,86.26,72452
2026-09-21 19:25,86.2501,86.2501,86.16,86.185,68135
2026-09-21 19:26,86.2,86.29,86.15,86.15,67549
2026-09-21 19:27,86.1301,86.17,86.04,86.055,140470
2026-09-21 19:28,86.055,86.21,86.055,86.115,71544
2026-09-21 19:29,86.115,86.115,86.01,86.07,42033
2026-09-21 19:30,86.04,86.1,86,86.08,63348
2026-09-21 19:31,86.085,86.27,85.99,86.225,111961
2026-09-21 19:32,86.25,86.3062,86.1975,86.2,62538
2026-09-21 19:33,86.1955,86.27,86.1955,86.26,45998
2026-09-21 19:34,86.265,86.3599,86.205,86.215,226453
2026-09-21 19:35,86.215,86.2299,86.08,86.22,77019
2026-09-21 19:36,86.2166,86.31,86.18,86.31,88384
2026-09-21 19:37,86.29,86.29,86.12,86.24,108743
2026-09-21 19:38,86.25,86.2714,86.21,86.248,162711
2026-09-21 19:39,86.254,86.2599,86.1622,86.18,42283
2026-09-21 19:40,86.17,86.22,85.9742,86.005,97216
2026-09-21 19:41,86.0138,86.0372,85.955,86.005,93019
2026-09-21 19:42,86,86.005,85.7228,85.73,100546
2026-09-21 19:43,85.764,85.92,85.75,85.905,65856
2026-09-21 19:44,85.905,86,85.9,85.9026,72318
2026-09-21 19:45,85.9197,85.98,85.8101,85.87,78860
2026-09-21 19:46,85.875,85.92,85.79,85.81,48413
2026-09-21 19:47,85.8,85.8404,85.71,85.72,82032
2026-09-21 19:48,85.72,85.74,85.6,85.6249,67006
2026-09-21 19:49,85.625,85.647,85.5,85.58,102929
2026-09-21 19:50,85.57,85.57,85.39,85.435,174556
2026-09-21 19:51,85.435,85.4731,85.36,85.37,116827
2026-09-21 19:52,85.38,85.5,85.33,85.39,108836
2026-09-21 19:53,85.39,85.42,85.32,85.4,154463
2026-09-21 19:54,85.37,85.39,85.2,85.235,157233
2026-09-21 19:55,85.245,85.46,85.1802,85.46,153773
2026-09-21 19:56,85.4533,85.65,85.42,85.56,233587
2026-09-21 19:57,85.55,85.59,85.4,85.54,260932
2026-09-21 19:58,85.53,85.57,85.495,85.515,264450
2026-09-21 19:59,85.52,85.53,85.41,85.44,361520
2026-09-22 13:30,85.8,86.03,84.7,85.015,1.51766e+06
2026-09-22 13:31,85.01,85.2329,84.6,84.72,143664
2026-09-22 13:32,84.63,85.5,84.6,85.205,158003
2026-09-22 13:33,85.22,85.5,85,85.25,121991
2026-09-22 13:34,85.27,85.5,85.19,85.3,86667
2026-09-22 13:35,85.3,85.59,85.12,85.5,89445
2026-09-22 13:36,85.439,85.98,85.33,85.98,125155
2026-09-22 13:37,85.94,86.32,85.93,86.32,169005
2026-09-22 13:38,86.3136,86.75,86.3,86.73,297773
2026-09-22 13:39,86.6901,87.0767,86.625,86.72,222146
2026-09-22 13:40,86.72,87.35,86.68,87.3405,186635
2026-09-22 13:41,87.39,87.42,86.95,87.24,143897
2026-09-22 13:42,87.25,87.4,87.1701,87.2838,214657
2026-09-22 13:43,87.265,87.85,87.17,87.6991,245647
2026-09-22 13:44,87.68,87.695,87.1,87.3816,140406
2026-09-22 13:45,87.3965,87.59,87.24,87.54,130110
2026-09-22 13:46,87.565,87.64,87.3411,87.445,160505
2026-09-22 13:47,87.445,87.49,87.3,87.415,107032
2026-09-22 13:48,87.43,87.62,87.3401,87.545,111711
2026-09-22 13:49,87.625,87.66,87.401,87.46,77315
2026-09-22 13:50,87.465,87.8,87.31,87.77,114705
2026-09-22 13:51,87.7999,87.95,87.66,87.775,159141
2026-09-22 13:52,87.775,87.8999,87.55,87.75,170639
2026-09-22 13:53,87.7265,88.17,87.6685,87.98,212120
2026-09-22 13:54,87.98,88.09,87.8901,88.01,102335
2026-09-22 13:55,88,88.02,87.835,87.966,166084
2026-09-22 13:56,87.95,88.23,87.8701,87.96,158777
2026-09-22 13:57,87.92,88.41,87.8796,88.38,198306
2026-09-22 13:58,88.345,88.4182,87.72,87.76,151222
2026-09-22 13:59,87.7931,88.145,87.4083,88.035,136651
2026-09-22 14:00,88.03,88.51,88.03,88.2889,155627
2026-09-22 14:01,88.25,88.58,88.17,88.39,125959
2026-09-22 14:02,88.365,88.44,88.07,88.165,86473
2026-09-22 14:03,88.1509,88.2,87.751,88.17,118083
2026-09-22 14:04,88.19,88.48,88.18,88.25,138161
2026-09-22 14:05,88.27,88.36,87.75,87.9023,127472
2026-09-22 14:06,87.91,88.045,87.77,88.0201,83668
2026-09-22 14:07,88.015,88.405,87.98,88.335,84226
2026-09-22 14:08,88.33,88.3599,87.8419,87.88,66453
2026-09-22 14:09,87.85,87.96,87.53,87.72,96658
2026-09-22 14:10,87.76,88.2214,87.76,88.19,77406
2026-09-22 14:11,88.195,88.43,88.1,88.3801,93474
2026-09-22 14:12,88.41,88.7,88.29,88.67,167274
2026-09-22 14:13,88.62,88.82,88.5001,88.805,278825
2026-09-22 14:14,88.805,88.97,88.5343,88.58,209006
2026-09-22 14:15,88.6,88.92,88.53,88.8147,140460
2026-09-22 14:16,88.86,88.88,88.6,88.65,95102
2026-09-22 14:17,88.635,88.9,88.5,88.86,110114
2026-09-22 14:18,88.83,89.07,88.75,89.03,228538
2026-09-22 14:19,89.03,89.23,88.97,89.04,192641
2026-09-22 14:20,89.06,89.2199,88.74,88.85,325785
2026-09-22 14:21,88.851,88.9859,88.8,88.8301,77307
2026-09-22 14:22,88.855,88.95,88.6634,88.705,59017
2026-09-22 14:23,88.66,88.87,88.63,88.81,66123
2026-09-22 14:24,88.765,88.83,88.63,88.72,70109
2026-09-22 14:25,88.71,88.74,88.52,88.53,55412
2026-09-22 14:26,88.51,88.53,88.31,88.4992,130920
2026-09-22 14:27,88.4901,88.82,88.4,88.74,91558
2026-09-22 14:28,88.73,88.96,88.6855,88.8836,102518
2026-09-22 14:29,88.89,88.94,88.79,88.79,38840
2026-09-22 14:30,88.79,88.825,88.53,88.605,37974
2026-09-22 14:31,88.63,88.87,88.59,88.765,90269
2026-09-22 14:32,88.765,88.97,88.74,88.7992,109951
2026-09-22 14:33,88.77,88.7873,88.5701,88.5701,21451
2026-09-22 14:34,88.595,88.7,88.38,88.45,78523
2026-09-22 14:35,88.46,88.46,88.1,88.21,63410
2026-09-22 14:36,88.25,88.4199,88.17,88.3975,143132
2026-09-22 14:37,88.41,88.45,88.3,88.37,30254
2026-09-22 14:38,88.36,88.5499,88.3,88.48,71895
2026-09-22 14:39,88.47,88.66,88.3701,88.55,369706
2026-09-22 14:40,88.645,88.6793,88.465,88.51,36157
2026-09-22 14:41,88.46,88.46,87.95,88.0433,121333
2026-09-22 14:42,88.035,88.07,87.87,87.87,112776
2026-09-22 14:43,87.875,87.91,87.65,87.745,133166
2026-09-22 14:44,87.75,87.8,87.575,87.65,96814
2026-09-22 14:45,87.66,87.7627,87.5201,87.5206,58754
2026-09-22 14:46,87.545,87.557,87.14,87.18,167523
2026-09-22 14:47,87.21,87.55,87.2,87.54,99905
2026-09-22 14:48,87.53,87.53,87.347,87.48,74478
2026-09-22 14:49,87.48,87.58,87.35,87.49,82146
2026-09-22 14:50,87.48,87.49,87.15,87.2,69436
2026-09-22 14:51,87.21,87.255,86.86,86.87,86196
2026-09-22 14:52,86.87,86.92,86.74,86.7894,155083
2026-09-22 14:53,86.79,86.88,86.51,86.555,123558
2026-09-22 14:54,86.555,86.76,86.5297,86.67,62740
2026-09-22 14:55,86.735,86.9799,86.73,86.89,79349
2026-09-22 14:56,86.9141,86.94,86.6501,86.7,71293
2026-09-22 14:57,86.72,86.77,86.615,86.77,30662
2026-09-22 14:58,86.7693,86.7899,86.3092,86.36,103447
2026-09-22 14:59,86.35,86.45,86.2601,86.45,83170
2026-09-22 15:00,86.415,86.56,86.3801,86.56,49260
2026-09-22 15:01,86.5953,86.61,86.33,86.38,56297
2026-09-22 15:02,86.4,86.48,86.375,86.45,34432
2026-09-22 15:03,86.448,86.56,86.39,86.51,26323
2026-09-22 15:04,86.525,86.59,86.4108,86.545,55564
2026-09-22 15:05,86.545,86.56,86.35,86.375,62535
2026-09-22 15:06,86.375,86.43,86.18,86.32,125142
2026-09-22 15:07,86.33,86.35,86.2,86.26,47894
2026-09-22 15:08,86.27,86.39,86.2101,86.36,54434
2026-09-22 15:09,86.3893,86.47,86.35,86.385,30263
2026-09-22 15:10,86.375,86.4,86.3116,86.4,27116
2026-09-22 15:11,86.3978,86.75,86.32,86.63,192390
2026-09-22 15:12,86.605,86.66,86.47,86.63,147757
2026-09-22 15:13,86.61,86.65,86.49,86.62,14264
2026-09-22 15:14,86.61,86.67,86.57,86.6475,45418
2026-09-22 15:15,86.635,86.71,86.57,86.575,48521
2026-09-22 15:16,86.575,86.6,86.42,86.48,29341
2026-09-22 15:17,86.475,86.54,86.37,86.54,62344
2026-09-22 15:18,86.54,86.6,86.4261,86.5,30817
2026-09-22 15:19,86.495,86.6399,86.465,86.6,39470
2026-09-22 15:20,86.59,86.59,86.47,86.51,41549
2026-09-22 15:21,86.51,86.6099,86.51,86.5364,30678
2026-09-22 15:22,86.5397,86.55,86.455,86.49,44733
2026-09-22 15:23,86.5,86.63,86.4893,86.5893,20995
2026-09-22 15:24,86.6,86.66,86.5197,86.53,16301
2026-09-22 15:25,86.5353,86.6,86.51,86.525,230577
2026-09-22 15:26,86.52,86.525,86.2801,86.3428,86162
2026-09-22 15:27,86.35,86.375,85.92,86.0447,164274
2026-09-22 15:28,86.0175,86.18,86.0175,86.165,59360
2026-09-22 15:29,86.165,86.275,86.05,86.05,34344
2026-09-22 15:30,86.065,86.065,85.882,85.91,47076
2026-09-22 15:31,85.8966,86.015,85.8966,86.015,43280
2026-09-22 15:32,86.015,86.04,85.95,85.99,39574
2026-09-22 15:33,85.99,86.032,85.96,86.03,36997
2026-09-22 15:34,86.03,86.04,85.98,86.02,29307
2026-09-22 15:35,86.02,86.1,85.99,86.0999,32426
2026-09-22 15:36,86.1,86.24,86.07,86.1084,39966
2026-09-22 15:37,86.09,86.16,86.01,86.03,31438
2026-09-22 15:38,86.03,86.0495,85.91,86,42710
2026-09-22 15:39,85.9705,86.2631,85.97,86.2457,41516
2026-09-22 15:40,86.2543,86.44,86.245,86.44,49379
2026-09-22 15:41,86.4557,86.4669,86.21,86.23,69100
2026-09-22 15:42,86.235,86.28,86.22,86.255,33703
2026-09-22 15:43,86.25,86.3589,86.22,86.3,24577
2026-09-22 15:44,86.32,86.5,86.2836,86.42,36023
2026-09-22 15:45,86.44,86.45,86.34,86.36,41856
2026-09-22 15:46,86.34,86.34,86.2023,86.235,64105
2026-09-22 15:47,86.258,86.3,86.23,86.295,57083
2026-09-22 15:48,86.3,86.33,86.205,86.235,25419
2026-09-22 15:49,86.225,86.33,86.225,86.27,14835
2026-09-22 15:50,86.2501,86.318,86.18,86.235,12931
2026-09-22 15:51,86.22,86.2274,86.08,86.17,39687
2026-09-22 15:52,86.1501,86.21,86.12,86.2,13579
2026-09-22 15:53,86.18,86.2,86.055,86.145,24566
2026-09-22 15:54,86.16,86.265,86.1293,86.25,16201
2026-09-22 15:55,86.2671,86.2671,85.9,85.91,127184
2026-09-22 15:56,85.9003,85.98,85.85,85.9101,48946
2026-09-22 15:57,85.925,86.02,85.9049,85.98,26288
2026-09-22 15:58,85.97,86.16,85.97,86.14,36456
2026-09-22 15:59,86.1075,86.245,86.09,86.2346,39162
2026-09-22 16:00,86.24,86.24,85.96,86.03,136019
2026-09-22 16:01,86.025,86.025,85.69,85.7735,110583
2026-09-22 16:02,85.785,85.8092,85.72,85.735,39568
2026-09-22 16:03,85.7393,85.75,85.68,85.735,49524
2026-09-22 16:04,85.7329,85.77,85.67,85.755,55040
2026-09-22 16:05,85.74,85.7467,85.56,85.6525,42449
2026-09-22 16:06,85.635,85.8,85.58,85.745,66842
2026-09-22 16:07,85.78,85.78,85.67,85.6803,36207
2026-09-22 16:08,85.7,85.81,85.595,85.79,84677
2026-09-22 16:09,85.7915,85.8497,85.68,85.849,37972
2026-09-22 16:10,85.9,85.92,85.83,85.83,21709
2026-09-22 16:11,85.8,85.91,85.7864,85.815,30621
2026-09-22 16:12,85.835,85.8599,85.7775,85.78,29586
2026-09-22 16:13,85.78,85.78,85.7,85.725,21019
2026-09-22 16:14,85.71,85.75,85.66,85.7088,16916
2026-09-22 16:15,85.6725,85.8504,85.6725,85.73,20327
2026-09-22 16:16,85.74,85.76,85.7,85.73,58011
2026-09-22 16:17,85.715,85.77,85.715,85.765,10024
2026-09-22 16:18,85.765,85.81,85.6062,85.695,66535
2026-09-22 16:19,85.69,85.73,85.6564,85.68,18608
2026-09-22 16:20,85.6796,85.705,85.6371,85.69,18685
2026-09-22 16:21,85.68,85.81,85.66,85.78,22401
2026-09-22 16:22,85.785,85.84,85.76,85.76,25805
2026-09-22 16:23,85.76,85.96,85.76,85.775,61570
2026-09-22 16:24,85.76,85.7603,85.69,85.7,20002
2026-09-22 16:25,85.67,85.76,85.61,85.735,55284
2026-09-22 16:26,85.72,85.7482,85.5484,85.555,40110
2026-09-22 16:27,85.555,85.58,85.521,85.521,22589
2026-09-22 16:28,85.54,85.6,85.48,85.52,43890
2026-09-22 16:29,85.54,85.559,85.48,85.4972,31265
2026-09-22 16:30,85.47,85.55,85.42,85.55,24910
2026-09-22 16:31,85.5574,85.56,85.41,85.4201,29910
2026-09-22 16:32,85.44,85.5,85.38,85.4543,52056
2026-09-22 16:33,85.43,85.5,85.4,85.5,15028
2026-09-22 16:34,85.5,85.5599,85.487,85.5599,13441
2026-09-22 16:35,85.565,85.6,85.48,85.6,38479
2026-09-22 16:36,85.5917,85.705,85.59,85.685,16087
2026-09-22 16:37,85.68,85.7198,85.67,85.6774,17085
2026-09-22 16:38,85.67,85.74,85.6599,85.665,91372
2026-09-22 16:39,85.67,85.71,85.55,85.565,27180
2026-09-22 16:40,85.5646,85.75,85.5646,85.74,20590
2026-09-22 16:41,85.755,85.939,85.74,85.845,33397
2026-09-22 16:42,85.806,85.81,85.71,85.72,29090
2026-09-22 16:43,85.7689,85.8088,85.72,85.75,17519
2026-09-22 16:44,85.76,85.8,85.73,85.7718,50161
2026-09-22 16:45,85.775,85.87,85.75,85.87,25996
2026-09-22 16:46,85.8746,85.9,85.81,85.89,22006
2026-09-22 16:47,85.88,85.95,85.88,85.91,32692
2026-09-22 16:48,85.9112,86.14,85.85,85.945,70324
2026-09-22 16:49,85.96,86.23,85.9336,86.175,41364
2026-09-22 16:50,86.2184,86.29,86.1301,86.21,46711
2026-09-22 16:51,86.2227,86.2699,86.165,86.22,29972
2026-09-22 16:52,86.2,86.2,85.9248,85.98,53347
2026-09-22 16:53,85.98,86.05,85.95,86.03,12621
2026-09-22 16:54,86.009,86.05,85.94,85.9801,25275
2026-09-22 16:55,85.99,86.13,85.9546,86,62249
2026-09-22 16:56,86.02,86.075,86.0089,86.015,11497
2026-09-22 16:57,86.01,86.05,85.95,86.0499,17067
2026-09-22 16:58,86.0379,86.14,86.03,86.1182,30087
2026-09-22 16:59,86.1275,86.19,86.1001,86.19,29091
2026-09-22 17:00,86.19,86.45,86.19,86.43,44642
2026-09-22 17:01,86.43,86.45,86.21,86.23,59305
2026-09-22 17:02,86.23,86.23,86.045,86.055,32874
2026-09-22 17:03,86.07,86.14,86.07,86.1,23731
2026-09-22 17:04,86.11,86.24,86.07,86.22,24915
2026-09-22 17:05,86.19,86.21,86.1138,86.16,14119
2026-09-22 17:06,86.1634,86.25,86.16,86.22,34293
2026-09-22 17:07,86.22,86.24,86.13,86.16,25309
2026-09-22 17:08,86.12,86.18,86.0801,86.1734,27620
2026-09-22 17:09,86.17,86.18,86,86.035,28638
2026-09-22 17:10,86.07,86.27,86.07,86.2301,22701
2026-09-22 17:11,86.2355,86.4,86.22,86.385,20488
2026-09-22 17:12,86.38,86.41,86.2667,86.275,48730
2026-09-22 17:13,86.28,86.3,86.19,86.2,18414
2026-09-22 17:14,86.2,86.28,86.165,86.18,98004
2026-09-22 17:15,86.165,86.265,86.12,86.25,23374
2026-09-22 17:16,86.23,86.255,86.145,86.1659,11898
2026-09-22 17:17,86.1725,86.328,86.1237,86.325,22499
2026-09-22 17:18,86.33,86.3713,86.22,86.22,25421
2026-09-22 17:19,86.2001,86.25,86.17,86.23,39737
2026-09-22 17:20,86.235,86.25,86.12,86.16,14333
2026-09-22 17:21,86.16,86.18,86.1183,86.15,10929
2026-09-22 17:22,86.165,86.18,86.1401,86.1499,10810
2026-09-22 17:23,86.14,86.16,86.125,86.1498,12651
2026-09-22 17:24,86.155,86.205,86.0861,86.12,28422
2026-09-22 17:25,86.115,86.1599,86.0813,86.12,15936
2026-09-22 17:26,86.12,86.22,86.08,86.2,18081
2026-09-22 17:27,86.205,86.205,86.1301,86.145,11824
2026-09-22 17:28,86.15,86.19,86.12,86.12,13813
2026-09-22 17:29,86.12,86.18,86.1103,86.18,15771
2026-09-22 17:30,86.162,86.18,86.12,86.13,11617
2026-09-22 17:31,86.1411,86.1411,86.05,86.1,20110
2026-09-22 17:32,86.14,86.14,86.08,86.13,10664
2026-09-22 17:33,86.135,86.15,86.1093,86.14,6845
2026-09-22 17:34,86.155,86.155,86.086,86.12,7127
2026-09-22 17:35,86.1,86.12,86.0826,86.12,10836
2026-09-22 17:36,86.12,86.2,86.12,86.17,26041
2026-09-22 17:37,86.16,86.16,86.125,86.1291,8261
2026-09-22 17:38,86.13,86.1315,86.08,86.1315,13626
2026-09-22 17:39,86.11,86.24,86.11,86.22,13978
2026-09-22 17:40,86.2138,86.25,86.14,86.25,15361
2026-09-22 17:41,86.24,86.2699,86.2247,86.255,10406
2026-09-22 17:42,86.24,86.33,86.24,86.29,25034
2026-09-22 17:43,86.295,86.4189,86.28,86.41,21198
2026-09-22 17:44,86.4,86.4,86.2889,86.2889,18671
2026-09-22 17:45,86.325,86.385,86.3055,86.375,12300
2026-09-22 17:46,86.375,86.43,86.28,86.32,58183
2026-09-22 17:47,86.33,86.34,86.2158,86.25,16622
2026-09-22 17:48,86.25,86.2609,86.18,86.205,29076
2026-09-22 17:49,86.19,86.26,86.1801,86.2501,21958
2026-09-22 17:50,86.28,86.425,86.28,86.4,44392
2026-09-22 17:51,86.405,86.44,86.265,86.325,29601
2026-09-22 17:52,86.33,86.61,86.325,86.55,154395
2026-09-22 17:53,86.54,86.5799,86.5,86.54,14106
2026-09-22 17:54,86.535,86.66,86.525,86.525,44201
2026-09-22 17:55,86.54,86.55,86.4216,86.465,26325
2026-09-22 17:56,86.4899,86.52,86.41,86.46,23211
2026-09-22 17:57,86.48,86.615,86.47,86.61,37695
2026-09-22 17:58,86.615,86.615,86.5377,86.555,14423
2026-09-22 17:59,86.555,86.63,86.55,86.63,20113
2026-09-22 18:00,86.65,86.84,86.645,86.76,63646
2026-09-22 18:01,86.75,86.77,86.66,86.6816,32167
2026-09-22 18:02,86.675,86.73,86.65,86.69,39293
2026-09-22 18:03,86.7,86.72,86.655,86.6904,18674
2026-09-22 18:04,86.7,86.748,86.66,86.7252,18980
2026-09-22 18:05,86.75,86.76,86.69,86.755,15142
2026-09-22 18:06,86.72,86.79,86.7,86.74,13618
2026-09-22 18:07,86.735,86.7375,86.63,86.645,19273
2026-09-22 18:08,86.62,86.818,86.58,86.81,28020
2026-09-22 18:09,86.825,86.825,86.69,86.735,11986
2026-09-22 18:10,86.74,86.85,86.72,86.725,25226
2026-09-22 18:11,86.725,86.73,86.64,86.73,15678
2026-09-22 18:12,86.71,86.91,86.67,86.9,71029
2026-09-22 18:13,86.92,87.05,86.915,87.05,29570
2026-09-22 18:14,87.03,87.04,86.89,86.9416,53852
2026-09-22 18:15,86.935,87.06,86.935,87.045,21816
2026-09-22 18:16,87.0487,87.0799,87.02,87.06,19157
2026-09-22 18:17,87.06,87.08,86.96,87.035,34096
2026-09-22 18:18,87.045,87.0999,87.045,87.055,28373
2026-09-22 18:19,87.045,87.0999,87.0101,87.07,30882
2026-09-22 18:20,87.07,87.16,87.0401,87.14,25365
2026-09-22 18:21,87.1303,87.16,87.08,87.1,36999
2026-09-22 18:22,87.09,87.1,87.03,87.06,22328
2026-09-22 18:23,87.08,87.14,87.035,87.13,30911
2026-09-22 18:24,87.14,87.42,87.1195,87.385,81712
2026-09-22 18:25,87.38,87.48,87.29,87.48,46812
2026-09-22 18:26,87.47,87.58,87.31,87.35,68190
2026-09-22 18:27,87.37,87.45,87.34,87.36,28277
2026-09-22 18:28,87.31,87.3999,87.3015,87.36,14671
2026-09-22 18:29,87.39,87.4952,87.28,87.36,19951
2026-09-22 18:30,87.36,87.48,87.32,87.42,19988
2026-09-22 18:31,87.42,87.43,87.34,87.3423,15160
2026-09-22 18:32,87.3396,87.3447,87.26,87.33,24893
2026-09-22 18:33,87.32,87.3268,87.18,87.18,41639
2026-09-22 18:34,87.18,87.3186,87.14,87.295,30222
2026-09-22 18:35,87.28,87.3307,87.2195,87.22,21246
2026-09-22 18:36,87.2255,87.2759,87.1816,87.21,20597
2026-09-22 18:37,87.21,87.265,87.19,87.23,24238
2026-09-22 18:38,87.22,87.2299,87.1,87.14,25840
2026-09-22 18:39,87.1599,87.25,87.1,87.25,27177
2026-09-22 18:40,87.23,87.3456,87.2232,87.3051,36868
2026-09-22 18:41,87.294,87.3399,87.2125,87.3399,18452
2026-09-22 18:42,87.3,87.4,87.2864,87.39,28160
2026-09-22 18:43,87.39,87.4,87.26,87.2708,13819
2026-09-22 18:44,87.275,87.2905,87.175,87.205,24896
2026-09-22 18:45,87.2,87.26,87.19,87.225,12285
2026-09-22 18:46,87.229,87.28,87.125,87.15,13283
2026-09-22 18:47,87.15,87.2,87.0829,87.15,23460
2026-09-22 18:48,87.15,87.165,86.91,86.94,39222
2026-09-22 18:49,86.93,86.975,86.88,86.88,20119
2026-09-22 18:50,86.88,86.92,86.876,86.902,27226
2026-09-22 18:51,86.92,87.0599,86.9001,87.0472,49879
2026-09-22 18:52,87.0395,87.0521,86.99,87.0521,14828
2026-09-22 18:53,87.05,87.0888,87.04,87.0505,19021
2026-09-22 18:54,87.065,87.0899,87,87.04,21546
2026-09-22 18:55,87.03,87.12,87.03,87.12,24453
2026-09-22 18:56,87.12,87.12,87.0334,87.09,21102
2026-09-22 18:57,87.0999,87.13,87.0362,87.13,19060
2026-09-22 18:58,87.1,87.1346,87.02,87.07,20007
2026-09-22 18:59,87.06,87.1199,87.02,87.1199,17062
2026-09-22 19:00,87.1068,87.15,87.1,87.11,14037
2026-09-22 19:01,87.125,87.125,87.05,87.06,9500
2026-09-22 19:02,87.06,87.09,87.0401,87.0867,18244
2026-09-22 19:03,87.08,87.14,87.08,87.08,22291
2026-09-22 19:04,87.11,87.18,87.11,87.165,18619
2026-09-22 19:05,87.18,87.18,87.04,87.055,65656
2026-09-22 19:06,87.06,87.0721,87.01,87.025,21500
2026-09-22 19:07,87.025,87.035,86.83,86.97,79354
2026-09-22 19:08,86.965,87.0099,86.93,86.96,8705
2026-09-22 19:09,86.95,86.99,86.89,86.9,25615
2026-09-22 19:10,86.9035,86.99,86.8801,86.951,13973
2026-09-22 19:11,86.92,86.92,86.69,86.77,56933
2026-09-22 19:12,86.746,86.78,86.71,86.755,19582
2026-09-22 19:13,86.78,86.78,86.67,86.75,18102
2026-09-22 19:14,86.76,86.84,86.7372,86.8,29050
2026-09-22 19:15,86.8075,86.93,86.8075,86.88,14397
2026-09-22 19:16,86.87,87.07,86.87,87.009,41953
2026-09-22 19:17,86.995,87.04,86.935,87.03,21333
2026-09-22 19:18,87.02,87.075,86.9201,87.01,28185
2026-09-22 19:19,87,87.02,86.8459,86.88,67854
2026-09-22 19:20,86.9,86.9,86.8,86.8955,21166
2026-09-22 19:21,86.9,86.9,86.72,86.7552,29319
2026-09-22 19:22,86.74,86.795,86.7374,86.78,15007
2026-09-22 19:23,86.785,86.85,86.7301,86.77,23143
2026-09-22 19:24,86.78,86.86,86.77,86.7981,24664
2026-09-22 19:25,86.785,86.9899,86.78,86.93,30198
2026-09-22 19:26,86.95,87.01,86.825,86.855,67938
2026-09-22 19:27,86.83,86.85,86.76,86.78,12063
2026-09-22 19:28,86.77,86.84,86.765,86.8,24779
2026-09-22 19:29,86.8,86.9,86.79,86.82,21925
2026-09-22 19:30,86.825,86.825,86.76,86.77,15173
2026-09-22 19:31,86.755,86.89,86.755,86.86,18031
2026-09-22 19:32,86.8745,86.945,86.83,86.86,33852
2026-09-22 19:33,86.85,86.85,86.79,86.835,27481
2026-09-22 19:34,86.835,86.94,86.82,86.9,27585
2026-09-22 19:35,86.895,86.91,86.76,86.9,22351
2026-09-22 19:36,86.93,87,86.8842,86.97,31776
2026-09-22 19:37,86.9737,86.985,86.95,86.965,19072
2026-09-22 19:38,86.96,87.01,86.92,86.95,35295
2026-09-22 19:39,86.98,87.0062,86.92,87.0062,28848
2026-09-22 19:40,86.995,87.12,86.98,87.0004,282186
2026-09-22 19:41,86.98,87.11,86.98,87.105,28927
2026-09-22 19:42,87.0997,87.21,87.06,87.185,110627
2026-09-22 19:43,87.18,87.27,87.05,87.16,148988
2026-09-22 19:44,87.19,87.225,87.105,87.105,41877
2026-09-22 19:45,87.105,87.2,87.105,87.1901,29218
2026-09-22 19:46,87.19,87.25,87.1729,87.24,56870
2026-09-22 19:47,87.2402,87.29,87.1529,87.1529,53944
2026-09-22 19:48,87.155,87.16,87.06,87.12,49585
2026-09-22 19:49,87.13,87.18,87.09,87.14,36190
2026-09-22 19:50,87.13,87.13,86.97,87.03,75436
2026-09-22 19:51,87,87.02,86.93,86.96,72291
2026-09-22 19:52,86.955,87.03,86.93,87,81381
2026-09-22 19:53,87.005,87.02,86.88,86.89,104164
2026-09-22 19:54,86.89,86.9825,86.83,86.83,106244
2026-09-22 19:55,86.8,86.8,86.61,86.62,81205
2026-09-22 19:56,86.62,86.69,86.57,86.67,139247
2026-09-22 19:57,86.67,86.83,86.64,86.81,129451
2026-09-22 19:58,86.81,86.81,86.66,86.68,180662
2026-09-22 19:59,86.685,86.75,86.655,86.75,229674
2026-09-23 13:30,89.045,89.56,88.5,88.99,1.93994e+06
2026-09-23 13:31,89.04,89.35,88.39,88.49,330509
2026-09-23 13:32,88.56,88.64,87.6467,87.9,388773
2026-09-23 13:33,87.905,88.06,87.29,87.48,172677
2026-09-23 13:34,87.48,87.85,87.42,87.645,171505
2026-09-23 13:35,87.6598,87.85,87.51,87.82,95681
2026-09-23 13:36,87.825,88.0999,87.6108,87.7499,243124
2026-09-23 13:37,87.7387,87.82,87.1,87.355,195399
2026-09-23 13:38,87.31,87.3126,86.7207,86.76,179054
2026-09-23 13:39,86.74,87.14,86.55,86.71,142612
2026-09-23 13:40,86.64,87.3517,86.59,87.2999,90453
2026-09-23 13:41,87.3,87.59,87.18,87.5621,122970
2026-09-23 13:42,87.59,88.38,87.59,87.7699,180965
2026-09-23 13:43,87.65,87.9673,87.65,87.82,57330
2026-09-23 13:44,87.8073,88.15,87.77,88.085,109225
2026-09-23 13:45,88.06,88.33,87.9923,88.18,94782
2026-09-23 13:46,88.28,88.375,87.68,87.73,119690
2026-09-23 13:47,87.74,88,87.71,87.9019,86642
2026-09-23 13:48,87.925,88.0354,87.407,87.407,102740
2026-09-23 13:49,87.445,87.7,87.39,87.65,77738
2026-09-23 13:50,87.71,87.72,87.34,87.435,61894
2026-09-23 13:51,87.435,87.435,87.1796,87.2,73808
2026-09-23 13:52,87.225,87.37,87.04,87.33,146579
2026-09-23 13:53,87.29,87.32,87.04,87.245,70000
2026-09-23 13:54,87.24,87.33,87.05,87.2818,45835
2026-09-23 13:55,87.235,87.715,87.235,87.66,95542
2026-09-23 13:56,87.61,87.66,87.44,87.4883,74811
2026-09-23 13:57,87.4925,87.65,87.48,87.59,52820
2026-09-23 13:58,87.59,87.98,87.59,87.91,78565
2026-09-23 13:59,87.93,88.375,87.93,88.31,183237
2026-09-23 14:00,88.2947,88.72,88.2,88.5,178003
2026-09-23 14:01,88.47,88.87,88.465,88.71,162715
2026-09-23 14:02,88.695,88.6951,88.42,88.44,98985
2026-09-23 14:03,88.4243,88.7,88.325,88.657,139264
2026-09-23 14:04,88.66,88.75,88.54,88.655,85051
2026-09-23 14:05,88.69,88.745,88.55,88.56,97523
2026-09-23 14:06,88.54,88.83,88.51,88.64,104446
2026-09-23 14:07,88.63,88.6309,88.17,88.175,197587
2026-09-23 14:08,88.18,88.305,87.917,88.145,215784
2026-09-23 14:09,88.145,88.1895,87.37,87.575,176318
2026-09-23 14:10,87.61,87.81,87.3,87.485,238572
2026-09-23 14:11,87.48,87.55,87.11,87.2701,121281
2026-09-23 14:12,87.28,87.77,87.245,87.435,113080
2026-09-23 14:13,87.435,87.52,87.37,87.4326,78060
2026-09-23 14:14,87.44,87.71,87.44,87.67,95922
2026-09-23 14:15,87.64,87.77,87.52,87.6562,49637
2026-09-23 14:16,87.64,87.67,87.54,87.58,47666
2026-09-23 14:17,87.59,87.655,87.34,87.35,104918
2026-09-23 14:18,87.3542,87.5,87.2,87.36,59535
2026-09-23 14:19,87.4,87.5,87.12,87.22,91235
2026-09-23 14:20,87.2,87.46,87.11,87.43,59090
2026-09-23 14:21,87.4,87.43,87.1,87.125,141298
2026-09-23 14:22,87.16,87.19,87.01,87.1,61966
2026-09-23 14:23,87.075,87.46,87.05,87.3401,99571
2026-09-23 14:24,87.37,87.835,87.33,87.83,91097
2026-09-23 14:25,87.84,88.35,87.84,88.215,152290
2026-09-23 14:26,88.17,88.2694,87.9,87.965,171051
2026-09-23 14:27,87.95,87.99,87.41,87.4573,216456
2026-09-23 14:28,87.45,87.72,87.42,87.63,66215
2026-09-23 14:29,87.63,87.74,87.472,87.64,98528
2026-09-23 14:30,87.615,87.6222,87.27,87.37,63743
2026-09-23 14:31,87.365,87.4,87.1,87.36,59834
2026-09-23 14:32,87.3602,87.58,87.22,87.47,40000
2026-09-23 14:33,87.55,87.86,87.47,87.78,45568
2026-09-23 14:34,87.7809,88.205,87.7809,88.095,92702
2026-09-23 14:35,88.11,88.69,88.11,88.545,183423
2026-09-23 14:36,88.5799,88.63,88.46,88.53,94273
2026-09-23 14:37,88.561,88.77,88.5,88.5005,91119
2026-09-23 14:38,88.51,88.525,88.27,88.37,101712
2026-09-23 14:39,88.37,88.48,88.27,88.35,32774
2026-09-23 14:40,88.36,88.45,88.3,88.43,39791
2026-09-23 14:41,88.425,88.5144,88.365,88.395,33145
2026-09-23 14:42,88.395,88.5,88.32,88.4,74192
2026-09-23 14:43,88.4,88.4,88.2,88.2784,48386
2026-09-23 14:44,88.3,88.64,88.2706,88.53,118518
2026-09-23 14:45,88.54,88.9,88.52,88.83,121097
2026-09-23 14:46,88.855,89.1,88.7676,88.9487,200933
2026-09-23 14:47,88.948,89.0096,88.72,88.725,88570
2026-09-23 14:48,88.77,89.05,88.74,89.04,67304
2026-09-23 14:49,89.07,89.1499,88.93,88.94,118767
2026-09-23 14:50,88.97,89.11,88.77,88.8,95005
2026-09-23 14:51,88.82,89.275,88.7724,89.07,208879
2026-09-23 14:52,89.07,89.25,88.98,89.22,102740
2026-09-23 14:53,89.24,89.825,89.23,89.825,378981
2026-09-23 14:54,89.82,89.9168,89.72,89.82,176500
2026-09-23 14:55,89.8,90.14,89.65,89.87,352921
2026-09-23 14:56,89.91,89.93,89.7101,89.73,88348
2026-09-23 14:57,89.73,90.16,89.72,90.14,148693
2026-09-23 14:58,90.14,90.14,90,90.065,85355
2026-09-23 14:59,90.08,90.2343,89.97,89.9751,220274
2026-09-23 15:00,89.985,90.12,89.93,90.105,94154
2026-09-23 15:01,90.12,90.36,90.09,90.215,206913
2026-09-23 15:02,90.29,90.32,89.79,89.8,172151
2026-09-23 15:03,89.7808,89.88,89.52,89.745,179450
2026-09-23 15:04,89.745,89.78,89.45,89.7062,182626
2026-09-23 15:05,89.725,89.735,89.56,89.5601,55832
2026-09-23 15:06,89.5995,89.6011,89.3832,89.42,104407
2026-09-23 15:07,89.45,89.6399,89.4,89.57,66716
2026-09-23 15:08,89.59,89.62,89.165,89.3227,139193
2026-09-23 15:09,89.3399,89.46,89.09,89.19,133691
2026-09-23 15:10,89.19,89.26,88.967,88.98,86342
2026-09-23 15:11,88.97,89.17,88.9553,89.06,60079
2026-09-23 15:12,89.06,89.25,89.01,89.185,57201
2026-09-23 15:13,89.17,89.25,89.0507,89.07,31554
2026-09-23 15:14,89.0775,89.14,88.87,89.09,131659
2026-09-23 15:15,89.09,89.15,89.05,89.125,70525
2026-09-23 15:16,89.139,89.25,89.09,89.11,67433
2026-09-23 15:17,89.13,89.25,88.96,89.22,39699
2026-09-23 15:18,89.21,89.4,89.18,89.35,42174
2026-09-23 15:19,89.36,89.41,89.23,89.28,48979
2026-09-23 15:20,89.28,89.28,89.035,89.035,53800
2026-09-23 15:21,89.0442,89.08,88.91,89.08,99116
2026-09-23 15:22,89.075,89.305,89.075,89.24,54662
2026-09-23 15:23,89.24,89.3,89.125,89.2101,22957
2026-09-23 15:24,89.24,89.365,89.24,89.315,34094
2026-09-23 15:25,89.3,89.5,89.2745,89.46,52009
2026-09-23 15:26,89.4526,89.5595,89.4,89.54,27395
2026-09-23 15:27,89.5235,89.6,89.4272,89.475,29814
2026-09-23 15:28,89.45,89.5399,89.37,89.4175,92787
2026-09-23 15:29,89.4029,89.425,89.2298,89.237,52514
2026-09-23 15:30,89.22,89.31,89.12,89.25,47249
2026-09-23 15:31,89.2,89.22,89.07,89.13,20724
2026-09-23 15:32,89.1101,89.205,89,89.035,31450
2026-09-23 15:33,89.03,89.1399,88.9814,89.03,103859
2026-09-23 15:34,89.03,89.17,89.0161,89.1133,43330
2026-09-23 15:35,89.045,89.15,88.97,89.15,23602
2026-09-23 15:36,89.18,89.18,89.03,89.05,32526
2026-09-23 15:37,89.065,89.065,88.915,88.93,38640
2026-09-23 15:38,88.94,89.055,88.852,89.03,52748
2026-09-23 15:39,89.0359,89.14,88.95,88.95,49522
2026-09-23 15:40,88.97,88.975,88.79,88.91,46774
2026-09-23 15:41,88.9242,88.98,88.6413,88.695,134663
2026-09-23 15:42,88.695,88.8066,88.65,88.6799,68693
2026-09-23 15:43,88.68,88.72,88.425,88.66,197483
2026-09-23 15:44,88.665,89.155,88.65,89.155,56313
2026-09-23 15:45,89.155,89.23,88.89,88.89,61143
2026-09-23 15:46,88.875,88.98,88.76,88.76,44182
2026-09-23 15:47,88.76,88.76,88.41,88.53,57483
2026-09-23 15:48,88.55,88.625,88.48,88.535,36738
2026-09-23 15:49,88.5227,88.64,88.5,88.54,40772
2026-09-23 15:50,88.54,88.545,88.37,88.4199,100658
2026-09-23 15:51,88.395,88.395,88.22,88.25,95993
2026-09-23 15:52,88.25,88.36,88.08,88.11,120068
2026-09-23 15:53,88.1018,88.1899,88.01,88.1451,62750
2026-09-23 15:54,88.15,88.2699,88.135,88.21,87217
2026-09-23 15:55,88.19,88.32,88.1213,88.18,81484
2026-09-23 15:56,88.15,88.285,88.15,88.285,48377
2026-09-23 15:57,88.285,88.32,88.23,88.2601,84372
2026-09-23 15:58,88.29,88.46,88.2341,88.44,105424
2026-09-23 15:59,88.44,88.58,88.435,88.545,98210
2026-09-23 16:00,88.55,88.55,88.1539,88.16,115393
2026-09-23 16:01,88.16,88.21,87.94,88.06,66354
2026-09-23 16:02,88.04,88.1799,88.01,88.1578,26040
2026-09-23 16:03,88.17,88.34,88.14,88.315,53427
2026-09-23 16:04,88.32,88.325,88.15,88.165,34222
2026-09-23 16:05,88.17,88.27,88.14,88.22,33900
2026-09-23 16:06,88.22,88.3,88.18,88.18,12949
2026-09-23 16:07,88.17,88.3798,88.17,88.32,33181
2026-09-23 16:08,88.325,88.43,88.28,88.43,29433
2026-09-23 16:09,88.39,88.49,88.33,88.45,26989
2026-09-23 16:10,88.475,88.475,88.27,88.31,35601
2026-09-23 16:11,88.28,88.28,88.2,88.235,22051
2026-09-23 16:12,88.29,88.33,88.24,88.3,38255
2026-09-23 16:13,88.3,88.47,88.195,88.47,38366
2026-09-23 16:14,88.4718,88.55,88.42,88.505,54660
2026-09-23 16:15,88.52,88.53,88.4301,88.47,16268
2026-09-23 16:16,88.49,88.5,88.3835,88.5,171701
2026-09-23 16:17,88.5126,88.52,88.28,88.305,43189
2026-09-23 16:18,88.31,88.39,88.24,88.29,34400
2026-09-23 16:19,88.305,88.36,88.2901,88.335,39812
2026-09-23 16:20,88.3227,88.52,88.3189,88.33,50643
2026-09-23 16:21,88.33,88.33,88.2674,88.3,31184
2026-09-23 16:22,88.3,88.3,88.23,88.2715,27929
2026-09-23 16:23,88.279,88.3381,88.22,88.33,13241
2026-09-23 16:24,88.3053,88.3578,88.28,88.28,6098
2026-09-23 16:25,88.32,88.38,88.32,88.32,17653
2026-09-23 16:26,88.35,88.36,88.25,88.36,24594
2026-09-23 16:27,88.3555,88.46,88.34,88.38,12516
2026-09-23 16:28,88.365,88.37,88.16,88.2625,182086
2026-09-23 16:29,88.2424,88.4,88.238,88.34,33941
2026-09-23 16:30,88.34,88.4599,88.32,88.375,10967
2026-09-23 16:31,88.3807,88.4599,88.33,88.4392,12789
2026-09-23 16:32,88.4251,88.5,88.38,88.45,38814
2026-09-23 16:33,88.45,88.45,88.27,88.3273,0
2026-09-23 16:34,88.33,88.4023,88.33,88.36,19599
2026-09-23 16:35,88.3699,88.3699,88.2001,88.315,30695
2026-09-23 16:36,88.2826,88.43,88.2826,88.415,35980
2026-09-23 16:37,88.42,88.46,88.395,88.46,13401
2026-09-23 16:38,88.47,88.51,88.365,88.38,46207
2026-09-23 16:39,88.375,88.38,88.3372,88.3648,19249
2026-09-23 16:40,88.39,88.41,88.2192,88.2198,51876
2026-09-23 16:41,88.22,88.23,88.11,88.18,38824
2026-09-23 16:42,88.185,88.32,88.13,88.15,26532
2026-09-23 16:43,88.165,88.2495,88.15,88.19,17629
2026-09-23 16:44,88.19,88.19,88.1,88.13,36074
2026-09-23 16:45,88.18,88.365,88.12,88.365,23735
2026-09-23 16:46,88.39,88.4,88.29,88.31,32263
2026-09-23 16:47,88.315,88.4786,88.315,88.4132,25827
2026-09-23 16:48,88.39,88.39,88.233,88.35,38561
2026-09-23 16:49,88.35,88.35,88.215,88.245,155649
2026-09-23 16:50,88.25,88.25,88.04,88.0501,32926
2026-09-23 16:51,88.045,88.045,87.9,87.9531,74173
2026-09-23 16:52,87.95,88.05,87.95,87.98,21046
2026-09-23 16:53,87.9805,88.01,87.92,87.98,29787
2026-09-23 16:54,87.99,87.99,87.6501,87.87,54401
2026-09-23 16:55,87.9,88.03,87.89,88.01,59198
2026-09-23 16:56,88.03,88.1,87.91,88.05,54513
2026-09-23 16:57,88.068,88.1558,88.035,88.04,19502
2026-09-23 16:58,88.03,88.1,88.03,88.1,15717
2026-09-23 16:59,88.1,88.125,88.01,88.06,21238
2026-09-23 17:00,88.08,88.23,88.08,88.21,61309
2026-09-23 17:01,88.215,88.46,88.215,88.375,176855
2026-09-23 17:02,88.36,88.38,88.09,88.1,46455
2026-09-23 17:03,88.09,88.27,88.08,88.17,238941
2026-09-23 17:04,88.16,88.2699,88.05,88.255,38931
2026-09-23 17:05,88.26,88.34,88.19,88.3017,79506
2026-09-23 17:06,88.28,88.28,88.06,88.06,20646
2026-09-23 17:07,88.0207,88.04,87.665,87.68,62231
2026-09-23 17:08,87.6566,87.7099,87.5301,87.56,27392
2026-09-23 17:09,87.58,87.6582,87.41,87.595,77311
2026-09-23 17:10,87.59,87.6492,87.53,87.57,34077
2026-09-23 17:11,87.57,87.61,87.49,87.51,30991
2026-09-23 17:12,87.51,87.63,87.51,87.6,26253
2026-09-23 17:13,87.6,87.655,87.5,87.645,41861
2026-09-23 17:14,87.64,87.68,87.56,87.635,27133
2026-09-23 17:15,87.635,87.78,87.605,87.78,34658
2026-09-23 17:16,87.82,87.9648,87.74,87.955,51982
2026-09-23 17:17,87.945,88.2,87.93,88.14,73035
2026-09-23 17:18,88.14,88.15,87.74,87.7982,96976
2026-09-23 17:19,87.81,88.0495,87.76,87.92,106815
2026-09-23 17:20,87.915,87.915,87.79,87.82,21314
2026-09-23 17:21,87.805,87.9699,87.805,87.9699,16540
2026-09-23 17:22,88,88.2,87.89,88.19,39320
2026-09-23 17:23,88.18,88.24,88.1691,88.23,34388
2026-09-23 17:24,88.215,88.215,87.98,87.98,52494
2026-09-23 17:25,87.915,87.99,87.895,87.97,30091
2026-09-23 17:26,87.9773,88.045,87.89,88.01,12205
2026-09-23 17:27,88.06,88.06,87.85,87.875,14119
2026-09-23 17:28,87.88,87.95,87.88,87.9327,24164
2026-09-23 17:29,87.92,87.92,87.79,87.8,20406
2026-09-23 17:30,87.735,87.79,87.71,87.77,15143
2026-09-23 17:31,87.765,87.7699,87.62,87.68,36866
2026-09-23 17:32,87.65,87.65,87.5176,87.625,76692
2026-09-23 17:33,87.62,87.64,87.44,87.5,73414
2026-09-23 17:34,87.515,87.5265,87.3689,87.4099,85225
2026-09-23 17:35,87.39,87.4,87.2312,87.3471,70902
2026-09-23 17:36,87.34,87.4492,87.225,87.275,60726
2026-09-23 17:37,87.28,87.3564,87.28,87.35,21615
2026-09-23 17:38,87.3482,87.431,87.2625,87.3105,118697
2026-09-23 17:39,87.32,87.5998,87.295,87.56,57892
2026-09-23 17:40,87.56,87.64,87.3891,87.53,45909
2026-09-23 17:41,87.535,87.57,87.4592,87.49,105918
2026-09-23 17:42,87.4904,87.6875,87.4901,87.64,31771
2026-09-23 17:43,87.66,87.82,87.66,87.8004,23530
2026-09-23 17:44,87.785,87.9315,87.76,87.84,34064
2026-09-23 17:45,87.85,87.8777,87.71,87.85,40870
2026-09-23 17:46,87.87,88.05,87.86,87.95,35990
2026-09-23 17:47,87.86,87.9,87.73,87.88,21979
2026-09-23 17:48,87.875,87.875,87.6656,87.73,19140
2026-09-23 17:49,87.7366,87.84,87.72,87.725,10910
2026-09-23 17:50,87.725,87.815,87.71,87.7703,15789
2026-09-23 17:51,87.76,87.9,87.745,87.9,25435
2026-09-23 17:52,87.89,88.02,87.8401,88.01,44041
2026-09-23 17:53,88,88.08,87.96,88,30285
2026-09-23 17:54,88,88.09,87.94,87.9548,22458
2026-09-23 17:55,87.97,87.9999,87.88,87.9689,20340
2026-09-23 17:56,87.95,88.02,87.95,87.97,15841
2026-09-23 17:57,87.98,88.21,87.95,88.19,31148
2026-09-23 17:58,88.2099,88.215,88.1001,88.14,27584
2026-09-23 17:59,88.14,88.195,88.095,88.165,66232
2026-09-23 18:00,88.16,88.17,87.9205,87.975,69984
2026-09-23 18:01,87.92,88.07,87.9,88.015,18421
2026-09-23 18:02,88.015,88.0395,87.975,88.02,14255
2026-09-23 18:03,87.99,88.02,87.965,88.01,12881
2026-09-23 18:04,88.01,88.06,87.965,87.965,16704
2026-09-23 18:05,87.965,88.05,87.9426,88.04,20773
2026-09-23 18:06,88.03,88.0835,87.99,88.01,13300
2026-09-23 18:07,88.04,88.05,87.94,88.02,15095
2026-09-23 18:08,88.03,88.04,87.935,87.95,8175
2026-09-23 18:09,87.98,87.98,87.8,87.925,43453
2026-09-23 18:10,87.94,88.17,87.94,88.05,28637
2026-09-23 18:11,88.05,88.11,88.03,88.11,9227
2026-09-23 18:12,88.09,88.11,87.77,87.8,37507
2026-09-23 18:13,87.81,87.92,87.81,87.9,11929
2026-09-23 18:14,87.9,88.1,87.86,88.1,50981
2026-09-23 18:15,88.06,88.1097,88.01,88.1097,14539
2026-09-23 18:16,88.11,88.1332,88.07,88.07,12667
2026-09-23 18:17,88.07,88.14,88.07,88.09,10796
2026-09-23 18:18,88.1,88.2471,88.1,88.211,18992
2026-09-23 18:19,88.23,88.23,88.1139,88.14,37282
2026-09-23 18:20,88.09,88.09,87.97,88.025,16720
2026-09-23 18:21,87.9901,88.04,87.9,87.9299,12448
2026-09-23 18:22,87.93,87.9599,87.82,87.85,15528
2026-09-23 18:23,87.82,87.8323,87.7,87.7,39401
2026-09-23 18:24,87.72,87.79,87.701,87.73,30796
2026-09-23 18:25,87.74,87.7599,87.6001,87.62,33672
2026-09-23 18:26,87.62,87.64,87.56,87.56,15097
2026-09-23 18:27,87.5801,87.7788,87.5801,87.73,17123
2026-09-23 18:28,87.725,87.81,87.69,87.77,58636
2026-09-23 18:29,87.78,87.8138,87.76,87.8001,8565
2026-09-23 18:30,87.8,87.815,87.74,87.775,31697
2026-09-23 18:31,87.8,87.8,87.7301,87.7994,17882
2026-09-23 18:32,87.7825,87.97,87.77,87.96,49239
2026-09-23 18:33,87.97,88.21,87.95,88.075,39842
2026-09-23 18:34,88.06,88.075,87.99,88,23373
2026-09-23 18:35,88.01,88.0132,87.8601,87.89,17183
2026-09-23 18:36,87.9,87.945,87.86,87.86,12814
2026-09-23 18:37,87.855,87.93,87.8003,87.815,22123
2026-09-23 18:38,87.815,87.825,87.7414,87.7593,43915
2026-09-23 18:39,87.76,87.8212,87.7522,87.7699,11872
2026-09-23 18:40,87.765,87.81,87.69,87.69,98107
2026-09-23 18:41,87.7,87.75,87.67,87.71,13464
2026-09-23 18:42,87.7116,87.76,87.7116,87.7522,10176
2026-09-23 18:43,87.77,87.815,87.74,87.8036,12405
2026-09-23 18:44,87.8266,87.89,87.8046,87.8895,10740
2026-09-23 18:45,87.87,87.93,87.79,87.87,20318
2026-09-23 18:46,87.875,87.875,87.773,87.785,20351
2026-09-23 18:47,87.785,87.83,87.76,87.81,13746
2026-09-23 18:48,87.81,87.82,87.68,87.745,12695
2026-09-23 18:49,87.745,87.815,87.74,87.8041,88166
2026-09-23 18:50,87.79,87.84,87.67,87.7,22484
2026-09-23 18:51,87.72,87.73,87.7,87.71,9482
2026-09-23 18:52,87.71,87.74,87.6902,87.7063,14357
2026-09-23 18:53,87.71,87.75,87.6899,87.75,16439
2026-09-23 18:54,87.755,87.76,87.72,87.74,12534
2026-09-23 18:55,87.74,87.88,87.71,87.87,29106
2026-09-23 18:56,87.88,87.9,87.8367,87.84,46911
2026-09-23 18:57,87.85,88.02,87.825,88.01,107417
2026-09-23 18:58,88.02,88.14,87.99,88.0949,40382
2026-09-23 18:59,88.11,88.2899,88.11,88.2899,45259
2026-09-23 19:00,88.29,88.42,88.166,88.29,77363
2026-09-23 19:01,88.3394,88.3987,88.23,88.25,27355
2026-09-23 19:02,88.245,88.31,88.2,88.27,63802
2026-09-23 19:03,88.2775,88.335,88.27,88.275,29349
2026-09-23 19:04,88.275,88.31,87.9501,87.9932,67847
2026-09-23 19:05,87.98,88.05,87.77,87.815,45578
2026-09-23 19:06,87.805,87.945,87.8,87.895,27390
2026-09-23 19:07,87.895,88.06,87.895,87.94,26017
2026-09-23 19:08,87.94,87.94,87.79,87.825,34406
2026-09-23 19:09,87.84,87.86,87.56,87.56,37074
2026-09-23 19:10,87.56,87.69,87.56,87.62,45261
2026-09-23 19:11,87.63,87.6798,87.44,87.495,63620
2026-09-23 19:12,87.495,87.84,87.495,87.8399,95286
2026-09-23 19:13,87.815,87.92,87.78,87.8801,54836
2026-09-23 19:14,87.88,87.89,87.8116,87.82,24509
2026-09-23 19:15,87.85,87.95,87.8,87.8701,86709
2026-09-23 19:16,87.88,87.99,87.88,87.9666,61101
2026-09-23 19:17,87.95,88.2699,87.95,88.2595,80514
2026-09-23 19:18,88.2562,88.3784,88.075,88.33,218078
2026-09-23 19:19,88.34,88.41,88.265,88.27,96803
2026-09-23 19:20,88.26,88.29,87.925,88.02,49206
2026-09-23 19:21,88,88.265,87.94,88.2275,50442
2026-09-23 19:22,88.21,88.21,88.15,88.1796,19235
2026-09-23 19:23,88.1801,88.23,88.1601,88.2,24031
2026-09-23 19:24,88.19,88.33,88.19,88.315,25724
2026-09-23 19:25,88.3304,88.37,88.31,88.31,22326
2026-09-23 19:26,88.3201,88.34,88.25,88.26,28826
2026-09-23 19:27,88.26,88.41,88.2401,88.3531,45218
2026-09-23 19:28,88.36,88.39,88.295,88.33,23744
2026-09-23 19:29,88.335,88.335,88.1809,88.265,29688
2026-09-23 19:30,88.25,88.2648,87.78,87.85,154253
2026-09-23 19:31,87.89,88.12,87.835,88.1014,33854
2026-09-23 19:32,88.09,88.16,88.035,88.1475,34860
2026-09-23 19:33,88.13,88.26,88.115,88.2,28430
2026-09-23 19:34,88.195,88.28,88.195,88.22,24890
2026-09-23 19:35,88.215,88.215,87.845,87.95,95388
2026-09-23 19:36,87.965,88.0399,87.87,88.015,52571
2026-09-23 19:37,88.02,88.06,87.96,87.98,24514
2026-09-23 19:38,87.985,87.99,87.87,87.92,37901
2026-09-23 19:39,87.94,87.94,87.65,87.66,101501
2026-09-23 19:40,87.66,87.75,87.55,87.55,58402
2026-09-23 19:41,87.55,87.75,87.42,87.75,122453
2026-09-23 19:42,87.695,87.78,87.65,87.675,56263
2026-09-23 19:43,87.66,87.71,87.57,87.655,66341
2026-09-23 19:44,87.655,87.68,87.54,87.63,90415
2026-09-23 19:45,87.6395,87.64,87.55,87.58,66420
2026-09-23 19:46,87.602,87.625,87.56,87.62,58694
2026-09-23 19:47,87.63,87.69,87.54,87.69,52445
2026-09-23 19:48,87.67,87.675,87.52,87.615,95149
2026-09-23 19:49,87.61,87.84,87.58,87.765,144061
2026-09-23 19:50,87.765,87.83,87.65,87.735,89320
2026-09-23 19:51,87.745,87.775,87.56,87.69,98884
2026-09-23 19:52,87.7,87.71,87.56,87.58,85201
2026-09-23 19:53,87.575,87.73,87.5725,87.695,178904
2026-09-23 19:54,87.72,87.83,87.505,87.58,151505
2026-09-23 19:55,87.57,87.57,87.32,87.45,232685
2026-09-23 19:56,87.45,87.485,87.16,87.19,235659
2026-09-23 19:57,87.185,87.33,87.13,87.13,150996
2026-09-23 19:58,87.13,87.14,86.95,87.05,363721
2026-09-23 19:59,87.05,87.08,86.79,86.87,389447
2026-09-24 13:30,87.255,87.255,87.255,87.255,3.2046e+06
2026-09-24 13:31,87.2598,89.39,87.0701,89.305,432964
2026-09-24 13:32,89.305,89.95,89.12,89.5294,339226
2026-09-24 13:33,89.505,89.77,89.08,89.3,319429
2026-09-24 13:34,89.31,89.3996,88.01,88.1,185329
2026-09-24 13:35,88.09,89.47,87.98,89,248864
2026-09-24 13:36,88.9551,89.76,88.9551,89.28,289689
2026-09-24 13:37,89.28,89.28,88.59,88.81,188407
2026-09-24 13:38,88.81,89.4,88.67,89.13,133544
2026-09-24 13:39,89.125,89.53,88.95,89.5,169874
2026-09-24 13:40,89.4555,89.63,89.2246,89.52,142982
2026-09-24 13:41,89.515,89.9,88.26,88.29,291551
2026-09-24 13:42,88.315,88.814,88.2,88.55,205494
2026-09-24 13:43,88.53,88.75,88.4,88.63,134111
2026-09-24 13:44,88.63,88.9192,88.475,88.6,89117
2026-09-24 13:45,88.595,88.89,88.57,88.81,123881
2026-09-24 13:46,88.72,88.88,88.33,88.38,98465
2026-09-24 13:47,88.38,88.6099,87.8901,87.8901,146646
2026-09-24 13:48,87.93,87.965,87.57,87.62,134872
2026-09-24 13:49,87.62,88.1699,87.27,88.0941,207764
2026-09-24 13:50,88.07,88.1599,87.4465,87.75,88490
2026-09-24 13:51,87.718,87.9224,87.62,87.645,113903
2026-09-24 13:52,87.645,87.665,87.0307,87.1201,130999
2026-09-24 13:53,87.155,87.21,86.65,86.685,272963
2026-09-24 13:54,86.6509,86.94,86.26,86.3734,162766
2026-09-24 13:55,86.42,86.73,86.29,86.524,100177
2026-09-24 13:56,86.54,87.06,86.395,86.9751,159768
2026-09-24 13:57,86.935,86.9898,86.53,86.716,121771
2026-09-24 13:58,86.75,87.59,86.715,87.455,176789
2026-09-24 13:59,87.42,87.42,86.86,87.38,168125
2026-09-24 14:00,87.4,87.9899,87.26,87.665,166339
2026-09-24 14:01,87.64,87.85,87.355,87.41,119807
2026-09-24 14:02,87.35,87.42,87.13,87.2,63346
2026-09-24 14:03,87.1541,87.35,87.05,87.315,73842
2026-09-24 14:04,87.315,87.6,87.28,87.555,93193
2026-09-24 14:05,87.59,87.59,87.31,87.3412,61383
2026-09-24 14:06,87.365,87.365,87.07,87.19,53175
2026-09-24 14:07,87.16,87.25,86.97,87.15,107990
2026-09-24 14:08,87.1202,87.26,87.1,87.26,42644
2026-09-24 14:09,87.2707,87.31,86.9,86.9242,65558
2026-09-24 14:10,86.91,86.9332,86.6,86.75,115335
2026-09-24 14:11,86.7248,86.84,86.51,86.625,114362
2026-09-24 14:12,86.61,86.8299,86.575,86.67,53950
2026-09-24 14:13,86.66,86.8,86.5501,86.7,53349
2026-09-24 14:14,86.79,87.0499,86.79,86.985,62988
2026-09-24 14:15,87.005,87.16,86.9266,87.1005,93220
2026-09-24 14:16,87.1,87.38,87.1,87.365,73639
2026-09-24 14:17,87.3739,87.52,87.05,87.2107,75265
2026-09-24 14:18,87.1693,87.18,86.7701,86.88,62841
2026-09-24 14:19,86.9099,87.08,86.9099,86.945,45553
2026-09-24 14:20,86.94,86.965,86.73,86.88,69957
2026-09-24 14:21,86.87,87.2199,86.87,87.2,64202
2026-09-24 14:22,87.1301,87.35,87.1301,87.1401,63082
2026-09-24 14:23,87.2,87.46,87.18,87.395,43016
2026-09-24 14:24,87.42,87.44,87.22,87.3399,39249
2026-09-24 14:25,87.33,87.555,87.3201,87.53,70626
2026-09-24 14:26,87.55,87.76,87.55,87.62,84563
2026-09-24 14:27,87.63,87.87,87.5501,87.775,83747
2026-09-24 14:28,87.765,88.1893,87.66,88.12,142959
2026-09-24 14:29,88.1044,88.1245,87.924,88.0101,86297
2026-09-24 14:30,88.03,88.11,87.61,87.8051,94142
2026-09-24 14:31,87.81,87.81,87.6255,87.77,40862
2026-09-24 14:32,87.8,88.1,87.7766,87.9701,61437
2026-09-24 14:33,88,88.07,87.8704,87.885,78928
2026-09-24 14:34,87.8743,87.97,87.8,87.97,26036
2026-09-24 14:35,87.97,88.06,87.7501,87.795,80408
2026-09-24 14:36,87.76,87.77,87.61,87.655,41148
2026-09-24 14:37,87.63,87.66,87.4,87.43,87515
2026-09-24 14:38,87.45,87.4704,87.25,87.2727,41981
2026-09-24 14:39,87.25,87.36,87.16,87.285,56137
2026-09-24 14:40,87.3,87.55,87.2,87.51,43004
2026-09-24 14:41,87.485,87.73,87.435,87.7014,84093
2026-09-24 14:42,87.66,87.7687,87.6005,87.66,111575
2026-09-24 14:43,87.613,87.613,87.4,87.48,32310
2026-09-24 14:44,87.46,87.49,87.22,87.3104,36152
2026-09-24 14:45,87.28,87.29,86.9078,86.92,128063
2026-09-24 14:46,86.9,87,86.8001,86.94,77056
2026-09-24 14:47,86.94,87.0283,86.8707,86.96,36661
2026-09-24 14:48,86.96,87,86.75,86.785,107072
2026-09-24 14:49,86.82,86.9345,86.63,86.7456,61631
2026-09-24 14:50,86.73,87.239,86.73,87.06,77981
2026-09-24 14:51,87.03,87.03,86.81,86.82,29753
2026-09-24 14:52,86.8399,86.8399,86.6101,86.6799,77907
2026-09-24 14:53,86.61,86.6606,86.31,86.57,143047
2026-09-24 14:54,86.61,86.6695,86.435,86.59,38533
2026-09-24 14:55,86.58,86.58,86.305,86.389,57216
2026-09-24 14:56,86.3835,86.55,86.3437,86.495,63174
2026-09-24 14:57,86.495,86.9186,86.475,86.82,82188
2026-09-24 14:58,86.8155,86.816,86.58,86.6795,53203
2026-09-24 14:59,86.66,86.72,86.61,86.72,28081
2026-09-24 15:00,86.72,86.8681,86.64,86.65,35489
2026-09-24 15:01,86.65,86.81,86.53,86.57,36328
2026-09-24 15:02,86.5701,86.69,86.48,86.56,39818
2026-09-24 15:03,86.56,86.855,86.53,86.83,37908
2026-09-24 15:04,86.86,86.98,86.8069,86.85,66191
2026-09-24 15:05,86.85,86.87,86.53,86.57,49036
2026-09-24 15:06,86.55,86.55,86.21,86.405,96749
2026-09-24 15:07,86.4,86.4383,86.24,86.24,55818
2026-09-24 15:08,86.217,86.345,86.18,86.285,72413
2026-09-24 15:09,86.2796,86.31,86.15,86.17,61612
2026-09-24 15:10,86.178,86.31,86.15,86.22,63365
2026-09-24 15:11,86.2125,86.355,86.1,86.32,39786
2026-09-24 15:12,86.29,86.3374,86.1714,86.2102,40504
2026-09-24 15:13,86.2,86.33,86.1,86.275,44223
2026-09-24 15:14,86.315,86.52,86.31,86.52,66410
2026-09-24 15:15,86.525,86.8599,86.515,86.72,64536
2026-09-24 15:16,86.7194,87.01,86.64,86.7495,74559
2026-09-24 15:17,86.72,86.8,86.62,86.635,32960
2026-09-24 15:18,86.635,86.6399,86.43,86.545,31513
2026-09-24 15:19,86.5406,86.61,86.41,86.41,32842
2026-09-24 15:20,86.435,86.49,86.324,86.324,24640
2026-09-24 15:21,86.3001,86.46,86.3001,86.45,150305
2026-09-24 15:22,86.401,86.56,86.39,86.4,29001
2026-09-24 15:23,86.45,86.55,86.3401,86.365,20903
2026-09-24 15:24,86.39,86.59,86.38,86.42,28068
2026-09-24 15:25,86.42,86.42,86.3,86.3,31626
2026-09-24 15:26,86.2942,86.3588,86.1688,86.3,30102
2026-09-24 15:27,86.29,86.35,86.24,86.26,24479
2026-09-24 15:28,86.26,86.27,86.11,86.17,45431
2026-09-24 15:29,86.1587,86.27,86.11,86.15,34390
2026-09-24 15:30,86.2099,86.2099,85.95,85.99,191627
2026-09-24 15:31,86,86.25,85.9362,86.175,74872
2026-09-24 15:32,86.17,86.19,86.0704,86.1,40033
2026-09-24 15:33,86.11,86.21,86.09,86.15,19148
2026-09-24 15:34,86.15,86.3299,86.15,86.25,42017
2026-09-24 15:35,86.25,86.445,86.1932,86.245,27058
2026-09-24 15:36,86.28,86.34,86.2007,86.28,19139
2026-09-24 15:37,86.3,86.33,86.23,86.28,23656
2026-09-24 15:38,86.31,86.34,86.25,86.33,20391
2026-09-24 15:39,86.3499,86.3499,86.235,86.235,18999
2026-09-24 15:40,86.2409,86.44,86.21,86.345,21540
2026-09-24 15:41,86.37,86.45,86.335,86.405,21653
2026-09-24 15:42,86.3828,86.61,86.3828,86.51,58536
2026-09-24 15:43,86.48,86.65,86.44,86.635,29085
2026-09-24 15:44,86.635,86.7999,86.52,86.78,33478
2026-09-24 15:45,86.8,86.88,86.63,86.65,44374
2026-09-24 15:46,86.685,86.7068,86.55,86.61,26380
2026-09-24 15:47,86.59,86.6342,86.4801,86.5074,18852
2026-09-24 15:48,86.4922,86.55,86.42,86.43,20810
2026-09-24 15:49,86.425,86.619,86.42,86.5,22195
2026-09-24 15:50,86.51,86.74,86.491,86.655,23188
2026-09-24 15:51,86.64,86.66,86.5598,86.6242,12604
2026-09-24 15:52,86.62,86.7,86.62,86.66,35570
2026-09-24 15:53,86.6899,86.74,86.66,86.6703,21814
2026-09-24 15:54,86.65,86.65,86.23,86.46,83521
2026-09-24 15:55,86.4805,86.6458,86.44,86.49,20309
2026-09-24 15:56,86.45,86.595,86.45,86.575,17197
2026-09-24 15:57,86.585,86.585,86.33,86.5,58292
2026-09-24 15:58,86.485,86.5,86.4,86.475,18478
2026-09-24 15:59,86.475,86.5939,86.475,86.52,34910
2026-09-24 16:00,86.515,86.55,86.2627,86.33,45885
2026-09-24 16:01,86.3,86.3,86.2,86.265,25570
2026-09-24 16:02,86.25,86.2599,86.16,86.2122,28563
2026-09-24 16:03,86.21,86.219,86.13,86.2,25813
2026-09-24 16:04,86.17,86.2117,86.15,86.165,12448
2026-09-24 16:05,86.17,86.3412,86.109,86.33,33976
2026-09-24 16:06,86.3,86.3183,86.1,86.13,30211
2026-09-24 16:07,86.15,86.19,86.1,86.11,20679
2026-09-24 16:08,86.09,86.0999,86.032,86.085,18346
2026-09-24 16:09,86.0954,86.17,86.0954,86.17,17619
2026-09-24 16:10,86.15,86.19,86.12,86.19,23559
2026-09-24 16:11,86.161,86.161,86.0637,86.11,20884
2026-09-24 16:12,86.09,86.0999,86.02,86.07,43708
2026-09-24 16:13,86.09,86.1713,86.06,86.17,13735
2026-09-24 16:14,86.19,86.37,86.09,86.335,48000
2026-09-24 16:15,86.375,86.79,86.29,86.7782,104929
2026-09-24 16:16,86.74,87.16,86.69,87.08,165400
2026-09-24 16:17,87.0231,87.3196,86.94,87.18,100116
2026-09-24 16:18,87.155,87.4691,87.1225,87.1481,93832
2026-09-24 16:19,87.19,87.3,87.021,87.19,80320
2026-09-24 16:20,87.17,87.39,87.17,87.3,62847
2026-09-24 16:21,87.35,87.41,87.0851,87.1468,53338
2026-09-24 16:22,87.16,87.6,87.16,87.5601,83162
2026-09-24 16:23,87.6,87.75,87.6,87.65,73339
2026-09-24 16:24,87.64,87.68,87.52,87.61,54007
2026-09-24 16:25,87.63,87.685,87.51,87.525,56862
2026-09-24 16:26,87.54,87.705,87.54,87.64,50915
2026-09-24 16:27,87.625,87.625,87.37,87.525,41627
2026-09-24 16:28,87.5,87.62,87.5,87.6,28755
2026-09-24 16:29,87.5381,87.57,87.32,87.341,43987
2026-09-24 16:30,87.345,87.3461,87.19,87.265,46557
2026-09-24 16:31,87.275,87.3,87.1929,87.1929,31019
2026-09-24 16:32,87.17,87.17,87.0197,87.125,72322
2026-09-24 16:33,87.1363,87.15,87.02,87.09,30647
2026-09-24 16:34,87.1,87.294,87.06,87.275,34543
2026-09-24 16:35,87.3,87.3566,87.2,87.335,23476
2026-09-24 16:36,87.31,87.5799,87.31,87.48,28954
2026-09-24 16:37,87.46,87.7,87.46,87.62,48852
2026-09-24 16:38,87.63,87.6999,87.5101,87.68,39511
2026-09-24 16:39,87.68,87.71,87.63,87.685,24177
2026-09-24 16:40,87.675,87.86,87.655,87.86,68198
2026-09-24 16:41,87.86,88.155,87.85,88.12,113018
2026-09-24 16:42,88.12,88.24,88.1101,88.1921,45200
2026-09-24 16:43,88.21,88.25,87.94,87.9719,56899
2026-09-24 16:44,88.01,88.0439,87.645,87.66,45899
2026-09-24 16:45,87.69,87.85,87.65,87.81,67608
2026-09-24 16:46,87.8,88.03,87.76,88.01,44423
2026-09-24 16:47,88.04,88.39,88.01,88.39,88667
2026-09-24 16:48,88.4,88.85,88.4,88.765,167073
2026-09-24 16:49,88.77,88.95,88.62,88.8897,138386
2026-09-24 16:50,88.9,89.15,88.8724,89.08,158064
2026-09-24 16:51,89.08,89.63,89.05,89.55,334364
2026-09-24 16:52,89.56,89.78,89.16,89.245,188159
2026-09-24 16:53,89.265,89.325,88.94,89.135,165895
2026-09-24 16:54,89.13,89.38,89.1201,89.2935,83598
2026-09-24 16:55,89.33,89.7,89.31,89.52,125614
2026-09-24 16:56,89.52,89.89,89.3901,89.87,155977
2026-09-24 16:57,89.85,89.94,89.71,89.71,112113
2026-09-24 16:58,89.7395,90.2,89.671,90.2,332254
2026-09-24 16:59,90.19,90.26,89.9701,90.0801,191035
2026-09-24 17:00,90.095,90.11,89.66,89.88,129444
2026-09-24 17:01,89.9,90.25,89.84,90.085,118448
2026-09-24 17:02,90.09,90.45,89.8119,90.43,127226
2026-09-24 17:03,90.41,90.7831,90.31,90.3307,366818
2026-09-24 17:04,90.34,90.5999,90.1001,90.569,192422
2026-09-24 17:05,90.54,90.7535,90.48,90.61,155085
2026-09-24 17:06,90.64,90.68,90.5,90.5632,90489
2026-09-24 17:07,90.57,90.74,90.547,90.6326,92805
2026-09-24 17:08,90.635,90.915,90.5819,90.84,133038
2026-09-24 17:09,90.84,90.915,90.7,90.72,120364
2026-09-24 17:10,90.7,90.8,90.4071,90.6638,143389
2026-09-24 17:11,90.6996,90.86,90.4515,90.85,114846
2026-09-24 17:12,90.8434,90.9599,90.76,90.77,71935
2026-09-24 17:13,90.771,90.829,90.582,90.69,120178
2026-09-24 17:14,90.69,90.88,90.66,90.825,98111
2026-09-24 17:15,90.84,90.9308,90.59,90.635,77907
2026-09-24 17:16,90.6302,90.64,90.439,90.49,102428
2026-09-24 17:17,90.52,90.59,90.35,90.53,88506
2026-09-24 17:18,90.525,90.7,90.4,90.595,70765
2026-09-24 17:19,90.56,90.56,90.22,90.24,91195
2026-09-24 17:20,90.24,90.29,90.01,90.29,112015
2026-09-24 17:21,90.265,90.49,90.186,90.2003,74699
2026-09-24 17:22,90.21,90.47,90.21,90.295,48990
2026-09-24 17:23,90.295,90.45,90.22,90.24,58260
2026-09-24 17:24,90.26,90.345,90.02,90.04,48908
2026-09-24 17:25,90.0241,90.22,89.98,90.19,120294
2026-09-24 17:26,90.1909,90.255,90.0652,90.2384,51753
2026-09-24 17:27,90.2569,90.55,90.221,90.33,118766
2026-09-24 17:28,90.33,90.5,90.3217,90.465,98024
2026-09-24 17:29,90.44,90.7199,90.44,90.6339,100620
2026-09-24 17:30,90.62,90.62,90.41,90.52,45873
2026-09-24 17:31,90.51,90.601,90.39,90.47,38190
2026-09-24 17:32,90.465,90.6933,90.465,90.5492,80739
2026-09-24 17:33,90.54,90.54,90.4,90.4,27937
2026-09-24 17:34,90.38,90.4,90.1117,90.189,46767
2026-09-24 17:35,90.1626,90.3503,90.08,90.3,39805
2026-09-24 17:36,90.275,90.64,90.2509,90.62,52289
2026-09-24 17:37,90.615,90.66,90.37,90.465,30250
2026-09-24 17:38,90.4712,90.48,90.135,90.2156,38636
2026-09-24 17:39,90.21,90.39,90.21,90.21,29185
2026-09-24 17:40,90.216,90.2702,90.13,90.22,44152
2026-09-24 17:41,90.23,90.29,90.08,90.155,48961
2026-09-24 17:42,90.15,90.17,89.97,89.9951,49210
2026-09-24 17:43,89.99,90.025,89.765,89.9,67778
2026-09-24 17:44,89.9,89.94,89.7531,89.8191,47423
2026-09-24 17:45,89.8,90.025,89.75,89.99,79687
2026-09-24 17:46,90.0351,90.388,90.0238,90.265,68331
2026-09-24 17:47,90.265,90.3,90.1097,90.18,36300
2026-09-24 17:48,90.2,90.45,90.16,90.34,69237
2026-09-24 17:49,90.351,90.44,90.3101,90.395,45722
2026-09-24 17:50,90.4083,90.5299,90.37,90.43,41488
2026-09-24 17:51,90.44,90.44,90.2,90.26,30530
2026-09-24 17:52,90.29,90.3,90,90.065,46032
2026-09-24 17:53,90.0376,90.065,89.75,89.8,58895
2026-09-24 17:54,89.77,89.77,89.65,89.69,48517
2026-09-24 17:55,89.7,89.75,89.52,89.57,81019
2026-09-24 17:56,89.55,89.93,89.54,89.85,58548
2026-09-24 17:57,89.84,89.92,89.75,89.89,29912
2026-09-24 17:58,89.89,89.95,89.765,89.7723,23785
2026-09-24 17:59,89.7813,89.79,89.675,89.695,31036
2026-09-24 18:00,89.68,89.7521,89.57,89.7,30064
2026-09-24 18:01,89.72,89.74,89.46,89.56,74626
2026-09-24 18:02,89.5728,89.77,89.515,89.73,40339
2026-09-24 18:03,89.72,89.74,89.425,89.465,66149
2026-09-24 18:04,89.4974,89.66,89.46,89.535,35605
2026-09-24 18:05,89.49,89.51,89.33,89.47,42673
2026-09-24 18:06,89.45,89.5,89.315,89.415,48685
2026-09-24 18:07,89.36,89.5,89.31,89.4299,33829
2026-09-24 18:08,89.47,89.53,89.39,89.47,18379
2026-09-24 18:09,89.5028,89.7625,89.48,89.68,68370
2026-09-24 18:10,89.725,89.79,89.69,89.71,52226
2026-09-24 18:11,89.655,89.809,89.64,89.809,26804
2026-09-24 18:12,89.81,89.858,89.7286,89.752,35236
2026-09-24 18:13,89.74,89.75,89.57,89.5723,38377
2026-09-24 18:14,89.59,89.87,89.585,89.87,18039
2026-09-24 18:15,89.85,89.8683,89.65,89.78,37023
2026-09-24 18:16,89.755,89.9799,89.755,89.935,29994
2026-09-24 18:17,89.97,90.19,89.94,90.175,71591
2026-09-24 18:18,90.18,90.23,89.9501,90.025,47276
2026-09-24 18:19,90,90.2,89.97,90.11,53081
2026-09-24 18:20,90.085,90.085,89.9202,90.01,33822
2026-09-24 18:21,89.98,90.08,89.92,90.015,70966
2026-09-24 18:22,90.0075,90.11,90.005,90.04,29308
2026-09-24 18:23,90.045,90.225,90.03,90.195,36003
2026-09-24 18:24,90.16,90.165,90.095,90.1,22211
2026-09-24 18:25,90.09,90.4756,90.07,90.455,69415
2026-09-24 18:26,90.45,90.57,90.44,90.44,54858
2026-09-24 18:27,90.44,90.4593,90.33,90.41,22510
2026-09-24 18:28,90.42,90.48,90.2269,90.285,32098
2026-09-24 18:29,90.2501,90.36,90.15,90.24,129732
2026-09-24 18:30,90.25,90.4,90.23,90.36,60397
2026-09-24 18:31,90.37,90.37,90.18,90.18,23731
2026-09-24 18:32,90.22,90.32,90.129,90.1765,63265
2026-09-24 18:33,90.17,90.2822,90.11,90.245,35149
2026-09-24 18:34,90.24,90.49,90.1601,90.22,71865
2026-09-24 18:35,90.16,90.34,90.03,90.275,48598
2026-09-24 18:36,90.274,90.274,90.025,90.145,57521
2026-09-24 18:37,90.17,90.34,90.17,90.28,28077
2026-09-24 18:38,90.285,90.52,90.17,90.385,68988
2026-09-24 18:39,90.4075,90.66,90.3311,90.45,82299
2026-09-24 18:40,90.45,90.48,90.285,90.398,31979
2026-09-24 18:41,90.3967,90.57,90.3501,90.525,37254
2026-09-24 18:42,90.525,90.5791,90.44,90.5472,22709
2026-09-24 18:43,90.5334,90.6,90.424,90.47,29633
2026-09-24 18:44,90.45,90.535,90.39,90.47,24035
2026-09-24 18:45,90.44,90.63,90.41,90.615,62330
2026-09-24 18:46,90.585,90.65,90.5,90.5634,32650
2026-09-24 18:47,90.52,90.59,90.5004,90.565,26628
2026-09-24 18:48,90.565,90.66,90.5303,90.58,74629
2026-09-24 18:49,90.57,90.65,90.5083,90.6407,25151
2026-09-24 18:50,90.64,91.05,90.61,90.927,214945
2026-09-24 18:51,90.93,90.9491,90.71,90.778,51330
2026-09-24 18:52,90.775,90.82,90.7,90.73,29868
2026-09-24 18:53,90.73,90.85,90.6512,90.825,25285
2026-09-24 18:54,90.81,90.81,90.73,90.81,16638
2026-09-24 18:55,90.85,90.9,90.78,90.87,32311
2026-09-24 18:56,90.875,90.95,90.775,90.95,34678
2026-09-24 18:57,90.915,91.078,90.9126,91.065,68942
2026-09-24 18:58,91.06,91.1225,91,91.05,67852
2026-09-24 18:59,91.06,91.06,90.89,90.96,47409
2026-09-24 19:00,90.92,90.95,90.73,90.765,43826
2026-09-24 19:01,90.765,90.7899,90.554,90.64,55517
2026-09-24 19:02,90.64,90.66,90.3201,90.36,56258
2026-09-24 19:03,90.37,90.392,90.2,90.35,60440
2026-09-24 19:04,90.31,90.375,90.22,90.36,36179
2026-09-24 19:05,90.4,90.47,90.31,90.435,36696
2026-09-24 19:06,90.415,90.529,90.4,90.42,19383
2026-09-24 19:07,90.47,90.57,90.415,90.565,29654
2026-09-24 19:08,90.54,90.56,90.44,90.545,31380
2026-09-24 19:09,90.523,90.555,90.4,90.42,38047
2026-09-24 19:10,90.42,90.47,90.27,90.325,39463
2026-09-24 19:11,90.325,90.47,90.32,90.37,31692
2026-09-24 19:12,90.31,90.4342,90.31,90.3301,25372
2026-09-24 19:13,90.3609,90.54,90.3609,90.445,66341
2026-09-24 19:14,90.455,90.4588,90.23,90.35,35931
2026-09-24 19:15,90.36,90.54,90.36,90.48,57555
2026-09-24 19:16,90.4787,90.6,90.4787,90.6,45589
2026-09-24 19:17,90.585,90.71,90.58,90.71,37168
2026-09-24 19:18,90.695,90.85,90.662,90.76,47403
2026-09-24 19:19,90.7786,90.93,90.72,90.9199,36751
2026-09-24 19:20,90.905,90.97,90.89,90.915,70502
2026-09-24 19:21,90.93,90.9499,90.82,90.852,40966
2026-09-24 19:22,90.85,90.8634,90.73,90.74,25627
2026-09-24 19:23,90.7504,90.81,90.61,90.675,52931
2026-09-24 19:24,90.675,90.715,90.625,90.65,21478
2026-09-24 19:25,90.65,90.71,90.6105,90.64,25654
2026-09-24 19:26,90.6,90.66,90.6,90.655,17472
2026-09-24 19:27,90.69,90.6992,90.47,90.48,32487
2026-09-24 19:28,90.4638,90.48,90.3,90.315,43304
2026-09-24 19:29,90.305,90.305,90.12,90.19,51246
2026-09-24 19:30,90.21,90.32,90.195,90.31,37923
2026-09-24 19:31,90.33,90.44,90.28,90.44,38030
2026-09-24 19:32,90.4442,90.46,90.38,90.45,27641
2026-09-24 19:33,90.4394,90.62,90.4,90.59,55732
2026-09-24 19:34,90.59,90.75,90.55,90.67,77130
2026-09-24 19:35,90.6781,90.79,90.66,90.72,55748
2026-09-24 19:36,90.72,90.8287,90.62,90.7,58339
2026-09-24 19:37,90.7,90.7,90.61,90.6504,33497
2026-09-24 19:38,90.655,90.74,90.65,90.7346,39948
2026-09-24 19:39,90.7331,90.805,90.71,90.805,45705
2026-09-24 19:40,90.8,90.87,90.73,90.84,54534
2026-09-24 19:41,90.835,90.89,90.81,90.85,46647
2026-09-24 19:42,90.875,90.95,90.75,90.77,75607
2026-09-24 19:43,90.775,90.8,90.64,90.66,47016
2026-09-24 19:44,90.64,90.765,90.5501,90.7071,44408
2026-09-24 19:45,90.7095,90.78,90.51,90.5599,149883
2026-09-24 19:46,90.56,90.66,90.53,90.575,75177
2026-09-24 19:47,90.565,90.67,90.54,90.6301,46508
2026-09-24 19:48,90.64,90.7,90.52,90.555,171305
2026-09-24 19:49,90.54,90.575,90.5199,90.52,71419
2026-09-24 19:50,90.55,90.58,90.15,90.18,134133
2026-09-24 19:51,90.18,90.25,90.08,90.145,135086
2026-09-24 19:52,90.14,90.225,90.115,90.145,67867
2026-09-24 19:53,90.145,90.2996,90.14,90.24,144896
2026-09-24 19:54,90.235,90.235,89.98,90.0205,134161
2026-09-24 19:55,90.035,90.41,90.035,90.38,211573
2026-09-24 19:56,90.37,90.435,90.155,90.18,170280
2026-09-24 19:57,90.19,90.295,90.13,90.275,146062
2026-09-24 19:58,90.275,90.285,90.21,90.215,178211
2026-09-24 19:59,90.21,90.21,90.0739,90.13,416821
