stamp,open,high,low,close,volume
2026-08-25 13:30,47.815,48.4495,47.81,48.43,7.52298e+06
2026-08-25 13:31,48.39,48.39,47.7402,47.7402,226555
2026-08-25 13:32,47.8,47.8,47.26,47.34,260195
2026-08-25 13:33,47.36,47.6583,47.1701,47.19,147411
2026-08-25 13:34,47.18,47.26,46.66,46.69,448461
2026-08-25 13:35,46.69,47.13,46.69,47.0925,308599
2026-08-25 13:36,47.12,47.57,46.92,47.44,340223
2026-08-25 13:37,47.45,47.45,47.15,47.23,166724
2026-08-25 13:38,47.225,47.8065,47.1068,47.72,424343
2026-08-25 13:39,47.7663,48.19,47.7663,48.0411,320512
2026-08-25 13:40,48.05,48.06,47.52,47.685,268273
2026-08-25 13:41,47.6963,47.8163,47.4832,47.63,99654
2026-08-25 13:42,47.6039,48.0844,47.58,48.03,176714
2026-08-25 13:43,47.992,48.12,47.83,47.88,160612
2026-08-25 13:44,47.93,47.93,47.66,47.77,85976
2026-08-25 13:45,47.76,47.97,47.44,47.93,127812
2026-08-25 13:46,47.94,48.05,47.3027,47.49,150636
2026-08-25 13:47,47.47,47.61,47.42,47.52,99823
2026-08-25 13:48,47.5012,47.55,46.99,47.0605,263389
2026-08-25 13:49,47.075,47.28,46.84,47.202,193439
2026-08-25 13:50,47.25,47.51,47.22,47.382,127887
2026-08-25 13:51,47.35,47.42,47.1187,47.21,82833
2026-08-25 13:52,47.2191,47.37,47.0197,47.23,143677
2026-08-25 13:53,47.22,47.66,47.2,47.3489,246024
2026-08-25 13:54,47.36,47.66,47.29,47.645,146079
2026-08-25 13:55,47.65,48.08,47.63,47.9,308106
2026-08-25 13:56,47.91,48.1199,47.8312,48.055,230338
2026-08-25 13:57,48.065,48.17,47.765,48,196199
2026-08-25 13:58,47.99,48.16,47.745,47.77,116739
2026-08-25 13:59,47.7401,48.0091,47.7,47.8801,142564
2026-08-25 14:00,47.9,48.3427,47.9,48.145,227824
2026-08-25 14:01,48.18,48.35,48.0006,48.13,206871
2026-08-25 14:02,48.13,48.36,47.95,48.29,133973
2026-08-25 14:03,48.28,48.55,48.15,48.5484,182207
2026-08-25 14:04,48.5495,48.8,48.5495,48.588,291526
2026-08-25 14:05,48.59,48.6573,48.26,48.37,153000
2026-08-25 14:06,48.34,48.59,48.1453,48.53,127324
2026-08-25 14:07,48.54,48.57,48.34,48.56,90012
2026-08-25 14:08,48.57,48.58,48.28,48.3718,117751
2026-08-25 14:09,48.39,48.45,48.29,48.412,70189
2026-08-25 14:10,48.41,48.475,48.01,48.2599,133425
2026-08-25 14:11,48.222,48.36,48.14,48.36,66365
2026-08-25 14:12,48.35,48.45,48.2843,48.2843,79694
2026-08-25 14:13,48.29,48.6,48.2543,48.5062,37718
2026-08-25 14:14,48.51,48.825,48.48,48.75,162929
2026-08-25 14:15,48.755,48.845,48.61,48.6289,134079
2026-08-25 14:16,48.63,48.77,48.4005,48.7558,107849
2026-08-25 14:17,48.74,48.87,48.59,48.69,152012
2026-08-25 14:18,48.7,48.7339,48.5205,48.6001,59633
2026-08-25 14:19,48.6165,48.87,48.55,48.8599,111963
2026-08-25 14:20,48.83,48.87,48.62,48.6399,94813
2026-08-25 14:21,48.6449,48.81,48.6449,48.76,75040
2026-08-25 14:22,48.77,49.1499,48.67,49.1499,130122
2026-08-25 14:23,49.14,49.5297,49.14,49.4991,283961
2026-08-25 14:24,49.485,49.63,49.18,49.18,264475
2026-08-25 14:25,49.1801,49.31,48.88,48.9455,136120
2026-08-25 14:26,48.9389,49.0783,48.8842,48.9601,108828
2026-08-25 14:27,48.97,49.1,48.831,48.935,103739
2026-08-25 14:28,48.95,49.05,48.8501,48.925,75605
2026-08-25 14:29,48.95,49.06,48.89,49.05,92872
2026-08-25 14:30,49.07,49.83,49.07,49.26,764045
2026-08-25 14:31,49.245,49.4199,48.8401,48.8401,156630
2026-08-25 14:32,48.84,48.87,48.52,48.8258,218543
2026-08-25 14:33,48.82,48.91,48.745,48.8699,61149
2026-08-25 14:34,48.8407,49.0209,48.77,49.0209,69037
2026-08-25 14:35,48.99,49.02,48.79,48.93,66726
2026-08-25 14:36,48.95,48.96,48.63,48.63,62662
2026-08-25 14:37,48.6245,48.775,48.5682,48.61,73445
2026-08-25 14:38,48.61,48.64,48.3754,48.435,138343
2026-08-25 14:39,48.43,48.455,48.255,48.4401,136211
2026-08-25 14:40,48.4674,48.7499,48.43,48.745,113229
2026-08-25 14:41,48.74,48.83,48.68,48.8,73345
2026-08-25 14:42,48.8102,49.15,48.8001,49.1,108347
2026-08-25 14:43,49.09,49.16,48.938,48.94,122544
2026-08-25 14:44,48.924,48.97,48.85,48.8501,54418
2026-08-25 14:45,48.89,48.98,48.85,48.94,87177
2026-08-25 14:46,48.95,49.06,48.845,49.035,59077
2026-08-25 14:47,49.0683,49.11,48.8,48.815,59459
2026-08-25 14:48,48.85,48.89,48.74,48.8,56323
2026-08-25 14:49,48.83,48.93,48.745,48.8,56505
2026-08-25 14:50,48.89,48.89,48.7286,48.7506,39644
2026-08-25 14:51,48.75,48.85,48.58,48.58,63259
2026-08-25 14:52,48.59,48.5991,48.4769,48.5708,72723
2026-08-25 14:53,48.5501,48.57,48.36,48.42,62933
2026-08-25 14:54,48.45,48.5987,48.41,48.5797,103922
2026-08-25 14:55,48.5601,48.6698,48.51,48.52,70558
2026-08-25 14:56,48.51,48.695,48.46,48.68,44993
2026-08-25 14:57,48.69,48.775,48.55,48.575,59240
2026-08-25 14:58,48.57,48.68,48.545,48.625,41492
2026-08-25 14:59,48.63,48.65,48.55,48.605,30952
2026-08-25 15:00,48.615,48.81,48.615,48.6905,42337
2026-08-25 15:01,48.725,48.8183,48.64,48.8183,31508
2026-08-25 15:02,48.8,48.88,48.6812,48.8,57905
2026-08-25 15:03,48.792,48.89,48.775,48.85,45656
2026-08-25 15:04,48.86,48.96,48.82,48.89,60593
2026-08-25 15:05,48.88,48.9099,48.6995,48.7,42903
2026-08-25 15:06,48.7,48.92,48.7,48.8047,68783
2026-08-25 15:07,48.8282,48.8282,48.58,48.79,59677
2026-08-25 15:08,48.79,48.89,48.775,48.84,32372
2026-08-25 15:09,48.83,48.87,48.785,48.83,37866
2026-08-25 15:10,48.83,48.8637,48.7181,48.74,40173
2026-08-25 15:11,48.74,48.8,48.6915,48.765,23456
2026-08-25 15:12,48.74,48.87,48.71,48.8375,52424
2026-08-25 15:13,48.845,48.87,48.78,48.8599,31711
2026-08-25 15:14,48.85,48.885,48.78,48.8425,37864
2026-08-25 15:15,48.84,48.8805,48.6001,48.62,107869
2026-08-25 15:16,48.62,48.675,48.5749,48.675,50199
2026-08-25 15:17,48.66,48.7188,48.645,48.67,42151
2026-08-25 15:18,48.66,48.77,48.6,48.7611,43537
2026-08-25 15:19,48.7399,48.76,48.67,48.675,17724
2026-08-25 15:20,48.66,48.68,48.43,48.4403,93173
2026-08-25 15:21,48.448,48.535,48.39,48.4056,66208
2026-08-25 15:22,48.38,48.4201,48.325,48.38,75875
2026-08-25 15:23,48.3863,48.6501,48.35,48.556,89350
2026-08-25 15:24,48.55,48.57,48.4418,48.57,44254
2026-08-25 15:25,48.56,48.63,48.51,48.56,31906
2026-08-25 15:26,48.555,48.57,48.44,48.45,23810
2026-08-25 15:27,48.44,48.47,48.28,48.31,71479
2026-08-25 15:28,48.3087,48.3299,48.23,48.265,62760
2026-08-25 15:29,48.26,48.27,48.21,48.2493,46923
2026-08-25 15:30,48.24,48.3392,48.21,48.325,82565
2026-08-25 15:31,48.32,48.34,48.23,48.32,72932
2026-08-25 15:32,48.32,48.33,48.23,48.24,32765
2026-08-25 15:33,48.26,48.31,47.97,48.14,237843
2026-08-25 15:34,48.146,48.3767,48.1409,48.3518,78566
2026-08-25 15:35,48.3401,48.38,47.94,48.235,277904
2026-08-25 15:36,48.25,48.26,48.15,48.169,47969
2026-08-25 15:37,48.17,48.3,48.17,48.25,43537
2026-08-25 15:38,48.24,48.3,48.24,48.27,32419
2026-08-25 15:39,48.31,48.4199,48.3099,48.4,84638
2026-08-25 15:40,48.39,48.4895,48.35,48.46,54736
2026-08-25 15:41,48.46,48.56,48.4498,48.52,52583
2026-08-25 15:42,48.52,48.53,48.38,48.501,54839
2026-08-25 15:43,48.51,48.53,48.44,48.455,52193
2026-08-25 15:44,48.4612,48.57,48.46,48.5405,25647
2026-08-25 15:45,48.56,48.74,48.56,48.74,60345
2026-08-25 15:46,48.74,48.78,48.69,48.735,53420
2026-08-25 15:47,48.73,48.765,48.655,48.7398,54388
2026-08-25 15:48,48.735,48.795,48.68,48.78,28103
2026-08-25 15:49,48.78,48.79,48.71,48.74,35229
2026-08-25 15:50,48.74,48.87,48.72,48.745,62222
2026-08-25 15:51,48.75,48.78,48.72,48.76,29215
2026-08-25 15:52,48.76,48.785,48.69,48.77,52645
2026-08-25 15:53,48.74,48.74,48.655,48.7109,72371
2026-08-25 15:54,48.73,48.77,48.72,48.76,29964
2026-08-25 15:55,48.74,48.77,48.695,48.695,32215
2026-08-25 15:56,48.69,48.7196,48.6205,48.67,49928
2026-08-25 15:57,48.68,48.69,48.615,48.67,30101
2026-08-25 15:58,48.67,48.7199,48.561,48.561,23991
2026-08-25 15:59,48.5601,48.67,48.555,48.64,42792
2026-08-25 16:00,48.66,48.69,48.595,48.595,23333
2026-08-25 16:01,48.61,48.64,48.6,48.615,18097
2026-08-25 16:02,48.61,48.61,48.39,48.42,116242
2026-08-25 16:03,48.39,48.41,48.31,48.31,30940
2026-08-25 16:04,48.31,48.4799,48.3,48.47,64669
2026-08-25 16:05,48.465,48.465,48.3203,48.335,59102
2026-08-25 16:06,48.32,48.36,48.2,48.3533,68133
2026-08-25 16:07,48.34,48.4098,48.26,48.4,37209
2026-08-25 16:08,48.43,48.445,48.315,48.35,113089
2026-08-25 16:09,48.345,48.44,48.345,48.42,41470
2026-08-25 16:10,48.449,48.46,48.3049,48.315,48204
2026-08-25 16:11,48.31,48.4188,48.281,48.405,34556
2026-08-25 16:12,48.4001,48.42,48.335,48.34,46843
2026-08-25 16:13,48.35,48.405,48.32,48.34,24749
2026-08-25 16:14,48.34,48.37,48.31,48.32,18515
2026-08-25 16:15,48.305,48.305,48.22,48.23,37672
2026-08-25 16:16,48.23,48.26,48.205,48.235,34954
2026-08-25 16:17,48.24,48.32,48.24,48.28,36901
2026-08-25 16:18,48.28,48.285,48.165,48.2,47529
2026-08-25 16:19,48.21,48.25,48.18,48.2,26433
2026-08-25 16:20,48.1991,48.28,48.1495,48.15,68432
2026-08-25 16:21,48.15,48.2151,48.1205,48.2151,26894
2026-08-25 16:22,48.2,48.2105,48.13,48.2105,43703
2026-08-25 16:23,48.2009,48.245,48.18,48.195,28690
2026-08-25 16:24,48.195,48.2699,48.13,48.255,49181
2026-08-25 16:25,48.27,48.2763,48.19,48.21,33808
2026-08-25 16:26,48.19,48.2397,48.19,48.225,14588
2026-08-25 16:27,48.24,48.2451,48.1802,48.19,20511
2026-08-25 16:28,48.2098,48.2801,48.16,48.27,63943
2026-08-25 16:29,48.275,48.29,48.21,48.22,30712
2026-08-25 16:30,48.22,48.27,48.21,48.25,11028
2026-08-25 16:31,48.25,48.305,48.23,48.305,45640
2026-08-25 16:32,48.29,48.3,48.22,48.2599,28708
2026-08-25 16:33,48.255,48.29,48.2517,48.28,12945
2026-08-25 16:34,48.28,48.349,48.27,48.33,23374
2026-08-25 16:35,48.325,48.45,48.32,48.4,55725
2026-08-25 16:36,48.405,48.54,48.405,48.515,36174
2026-08-25 16:37,48.53,48.53,48.46,48.475,67481
2026-08-25 16:38,48.475,48.48,48.3699,48.38,50368
2026-08-25 16:39,48.37,48.4,48.3591,48.36,30440
2026-08-25 16:40,48.38,48.45,48.365,48.43,26961
2026-08-25 16:41,48.435,48.4999,48.43,48.485,41149
2026-08-25 16:42,48.485,48.485,48.445,48.46,77947
2026-08-25 16:43,48.48,48.58,48.48,48.58,40354
2026-08-25 16:44,48.59,48.6351,48.5791,48.58,35600
2026-08-25 16:45,48.561,48.595,48.5101,48.535,54854
2026-08-25 16:46,48.54,48.54,48.47,48.49,20879
2026-08-25 16:47,48.4887,48.645,48.4887,48.6091,31463
2026-08-25 16:48,48.6,48.625,48.54,48.58,28910
2026-08-25 16:49,48.581,48.62,48.555,48.575,14424
2026-08-25 16:50,48.55,48.7,48.55,48.695,28231
2026-08-25 16:51,48.7,48.78,48.7,48.7188,45044
2026-08-25 16:52,48.71,48.71,48.62,48.62,26179
2026-08-25 16:53,48.6298,48.68,48.61,48.68,21141
2026-08-25 16:54,48.68,48.77,48.67,48.75,25992
2026-08-25 16:55,48.7587,48.77,48.74,48.77,23644
2026-08-25 16:56,48.775,48.79,48.72,48.72,35134
2026-08-25 16:57,48.7209,48.76,48.68,48.76,28193
2026-08-25 16:58,48.75,48.78,48.685,48.695,23757
2026-08-25 16:59,48.685,48.71,48.595,48.6213,77035
2026-08-25 17:00,48.6202,48.65,48.57,48.64,45712
2026-08-25 17:01,48.64,48.64,48.53,48.58,41894
2026-08-25 17:02,48.582,48.6591,48.535,48.6591,25239
2026-08-25 17:03,48.66,48.73,48.6401,48.706,35791
2026-08-25 17:04,48.74,48.86,48.7395,48.855,53849
2026-08-25 17:05,48.855,48.875,48.75,48.79,56063
2026-08-25 17:06,48.785,48.8,48.725,48.74,22783
2026-08-25 17:07,48.77,48.855,48.77,48.835,20259
2026-08-25 17:08,48.83,48.94,48.83,48.9105,69358
2026-08-25 17:09,48.92,48.96,48.89,48.92,46578
2026-08-25 17:10,48.92,49.035,48.9197,49.025,61175
2026-08-25 17:11,49,49.04,48.98,48.985,37570
2026-08-25 17:12,48.99,49.03,48.93,48.96,25711
2026-08-25 17:13,48.955,48.97,48.92,48.9413,18677
2026-08-25 17:14,48.965,48.9689,48.865,48.87,36770
2026-08-25 17:15,48.87,48.945,48.87,48.885,22376
2026-08-25 17:16,48.88,48.95,48.84,48.94,22896
2026-08-25 17:17,48.945,48.9598,48.86,48.875,23328
2026-08-25 17:18,48.88,48.9,48.82,48.88,99940
2026-08-25 17:19,48.87,48.88,48.8,48.835,16782
2026-08-25 17:20,48.82,48.8701,48.81,48.87,17991
2026-08-25 17:21,48.86,48.92,48.85,48.89,75567
2026-08-25 17:22,48.8887,48.9087,48.82,48.84,64933
2026-08-25 17:23,48.82,48.84,48.8,48.8013,8283
2026-08-25 17:24,48.7901,48.83,48.775,48.83,62061
2026-08-25 17:25,48.835,48.89,48.83,48.885,17939
2026-08-25 17:26,48.88,48.91,48.87,48.91,50504
2026-08-25 17:27,48.905,48.925,48.8687,48.92,84753
2026-08-25 17:28,48.92,49.0163,48.92,48.955,154970
2026-08-25 17:29,48.9514,48.96,48.9,48.91,11002
2026-08-25 17:30,48.91,48.965,48.8991,48.96,28426
2026-08-25 17:31,48.955,48.989,48.89,48.89,24568
2026-08-25 17:32,48.8945,48.895,48.825,48.88,69949
2026-08-25 17:33,48.889,48.889,48.77,48.77,69113
2026-08-25 17:34,48.7702,48.825,48.76,48.79,53069
2026-08-25 17:35,48.795,48.83,48.79,48.8,19813
2026-08-25 17:36,48.79,48.83,48.775,48.8,28087
2026-08-25 17:37,48.82,48.86,48.795,48.83,14102
2026-08-25 17:38,48.84,48.855,48.735,48.74,28779
2026-08-25 17:39,48.74,48.7799,48.72,48.77,31420
2026-08-25 17:40,48.7501,48.885,48.7501,48.8799,16511
2026-08-25 17:41,48.885,48.885,48.8087,48.8087,10710
2026-08-25 17:42,48.825,48.88,48.825,48.88,6564
2026-08-25 17:43,48.875,48.875,48.805,48.805,8886
2026-08-25 17:44,48.8001,48.84,48.8,48.84,5468
2026-08-25 17:45,48.85,48.945,48.85,48.8999,43619
2026-08-25 17:46,48.89,48.9099,48.855,48.86,11127
2026-08-25 17:47,48.87,48.895,48.8113,48.82,13333
2026-08-25 17:48,48.815,48.905,48.815,48.905,12215
2026-08-25 17:49,48.9,48.905,48.79,48.81,64111
2026-08-25 17:50,48.8,48.85,48.8,48.81,5462
2026-08-25 17:51,48.8201,48.88,48.811,48.87,42253
2026-08-25 17:52,48.84,48.85,48.8,48.85,8839
2026-08-25 17:53,48.86,48.87,48.815,48.82,4563
2026-08-25 17:54,48.82,48.82,48.755,48.78,12990
2026-08-25 17:55,48.79,48.8,48.77,48.78,13442
2026-08-25 17:56,48.769,48.8,48.76,48.79,8724
2026-08-25 17:57,48.815,48.91,48.8103,48.85,20264
2026-08-25 17:58,48.845,48.865,48.8213,48.84,10133
2026-08-25 17:59,48.84,48.871,48.825,48.86,23918
2026-08-25 18:00,48.869,48.93,48.869,48.915,13920
2026-08-25 18:01,48.92,49.1,48.92,49.079,81111
2026-08-25 18:02,49.09,49.115,49.05,49.07,57231
2026-08-25 18:03,49.07,49.095,49.005,49.09,29834
2026-08-25 18:04,49.09,49.1387,49.08,49.1199,61657
2026-08-25 18:05,49.13,49.1423,49.085,49.09,22206
2026-08-25 18:06,49.0601,49.1,49.05,49.095,28238
2026-08-25 18:07,49.04,49.07,49.01,49.0427,29307
2026-08-25 18:08,49.0464,49.07,48.975,49.055,61080
2026-08-25 18:09,49.05,49.05,48.96,48.989,22054
2026-08-25 18:10,48.9713,49.04,48.9713,49.01,11301
2026-08-25 18:11,49,49.03,48.99,48.99,15719
2026-08-25 18:12,48.97,48.97,48.93,48.935,37678
2026-08-25 18:13,48.9301,49.01,48.9301,49,16981
2026-08-25 18:14,49.005,49.02,48.9795,49.015,22042
2026-08-25 18:15,49.01,49.01,48.9205,48.93,13953
2026-08-25 18:16,48.9391,48.99,48.9391,48.955,16129
2026-08-25 18:17,48.96,48.98,48.89,48.915,22421
2026-08-25 18:18,48.9,48.9,48.86,48.89,23546
2026-08-25 18:19,48.89,48.895,48.8601,48.8709,29209
2026-08-25 18:20,48.87,48.9,48.8611,48.89,17622
2026-08-25 18:21,48.89,48.89,48.83,48.83,33318
2026-08-25 18:22,48.835,48.84,48.785,48.8209,42618
2026-08-25 18:23,48.82,48.84,48.7703,48.8,31767
2026-08-25 18:24,48.7905,48.81,48.77,48.7905,21592
2026-08-25 18:25,48.79,48.89,48.78,48.89,21707
2026-08-25 18:26,48.875,48.88,48.83,48.835,9464
2026-08-25 18:27,48.845,48.8801,48.83,48.8401,16155
2026-08-25 18:28,48.84,48.84,48.8009,48.82,3505
2026-08-25 18:29,48.82,48.89,48.82,48.89,8366
2026-08-25 18:30,48.875,48.879,48.75,48.76,17082
2026-08-25 18:31,48.765,48.78,48.7105,48.725,29620
2026-08-25 18:32,48.725,48.76,48.7199,48.7199,21043
2026-08-25 18:33,48.715,48.72,48.6299,48.645,43232
2026-08-25 18:34,48.65,48.695,48.65,48.69,28779
2026-08-25 18:35,48.68,48.69,48.6101,48.6101,18401
2026-08-25 18:36,48.6,48.6,48.511,48.54,34857
2026-08-25 18:37,48.55,48.55,48.465,48.465,35562
2026-08-25 18:38,48.46,48.48,48.44,48.47,37542
2026-08-25 18:39,48.48,48.5,48.465,48.485,22301
2026-08-25 18:40,48.4899,48.555,48.4899,48.545,45149
2026-08-25 18:41,48.5437,48.56,48.53,48.55,41960
2026-08-25 18:42,48.555,48.56,48.4913,48.505,26521
2026-08-25 18:43,48.501,48.51,48.4477,48.4477,21384
2026-08-25 18:44,48.43,48.445,48.4,48.41,20120
2026-08-25 18:45,48.409,48.409,48.3309,48.345,31476
2026-08-25 18:46,48.3414,48.385,48.32,48.32,41114
2026-08-25 18:47,48.32,48.36,48.27,48.2901,30331
2026-08-25 18:48,48.29,48.3,48.21,48.23,49449
2026-08-25 18:49,48.235,48.34,48.224,48.335,49549
2026-08-25 18:50,48.33,48.435,48.325,48.4295,54249
2026-08-25 18:51,48.435,48.44,48.3511,48.3701,25509
2026-08-25 18:52,48.3795,48.39,48.35,48.39,21514
2026-08-25 18:53,48.395,48.5198,48.39,48.5198,32273
2026-08-25 18:54,48.5113,48.57,48.5,48.5013,61274
2026-08-25 18:55,48.5001,48.53,48.4709,48.51,19209
2026-08-25 18:56,48.515,48.55,48.48,48.5,24385
2026-08-25 18:57,48.4999,48.545,48.499,48.51,19297
2026-08-25 18:58,48.525,48.5499,48.51,48.52,12045
2026-08-25 18:59,48.5187,48.55,48.515,48.55,21834
2026-08-25 19:00,48.56,48.575,48.44,48.455,60893
2026-08-25 19:01,48.4577,48.61,48.45,48.61,52903
2026-08-25 19:02,48.62,48.68,48.601,48.6591,43074
2026-08-25 19:03,48.6674,48.6795,48.6301,48.65,23671
2026-08-25 19:04,48.655,48.66,48.58,48.6486,39868
2026-08-25 19:05,48.6499,48.65,48.56,48.5713,23884
2026-08-25 19:06,48.58,48.695,48.58,48.695,33988
2026-08-25 19:07,48.7,48.7295,48.5209,48.53,86271
2026-08-25 19:08,48.52,48.59,48.5137,48.53,38531
2026-08-25 19:09,48.52,48.54,48.45,48.465,22872
2026-08-25 19:10,48.475,48.519,48.4691,48.505,19611
2026-08-25 19:11,48.495,48.61,48.485,48.61,27633
2026-08-25 19:12,48.61,48.7,48.58,48.6999,36016
2026-08-25 19:13,48.695,48.7799,48.6607,48.7791,42441
2026-08-25 19:14,48.78,48.8291,48.75,48.81,40963
2026-08-25 19:15,48.815,48.83,48.75,48.765,38408
2026-08-25 19:16,48.77,48.8,48.755,48.76,21231
2026-08-25 19:17,48.7599,48.935,48.7599,48.925,60850
2026-08-25 19:18,48.93,48.94,48.88,48.9,62631
2026-08-25 19:19,48.895,48.93,48.85,48.865,33235
2026-08-25 19:20,48.8699,49.06,48.84,49.02,112357
2026-08-25 19:21,49.0001,49.07,48.97,49.04,36742
2026-08-25 19:22,49.0387,49.06,48.995,49.005,44907
2026-08-25 19:23,49.005,49.07,48.9701,48.98,40525
2026-08-25 19:24,48.975,48.98,48.92,48.925,47311
2026-08-25 19:25,48.935,49.02,48.93,48.93,29916
2026-08-25 19:26,48.93,48.96,48.92,48.95,24979
2026-08-25 19:27,48.94,48.99,48.93,48.96,23554
2026-08-25 19:28,48.965,48.975,48.86,48.86,40582
2026-08-25 19:29,48.8691,48.8905,48.755,48.765,42730
2026-08-25 19:30,48.77,49.08,48.755,49.06,141558
2026-08-25 19:31,49.0705,49.09,48.9501,49.02,69591
2026-08-25 19:32,49.02,49.149,48.971,49.149,61411
2026-08-25 19:33,49.145,49.15,49.03,49.03,72721
2026-08-25 19:34,49.03,49.05,49.0009,49.03,32183
2026-08-25 19:35,49.05,49.08,48.9604,48.9791,29496
2026-08-25 19:36,48.98,48.98,48.9309,48.97,55243
2026-08-25 19:37,48.96,48.99,48.93,48.99,17152
2026-08-25 19:38,48.99,48.99,48.95,48.97,23719
2026-08-25 19:39,48.975,49.03,48.97,48.975,22004
2026-08-25 19:40,48.98,48.99,48.855,48.86,27326
2026-08-25 19:41,48.8511,48.86,48.82,48.84,49344
2026-08-25 19:42,48.85,48.85,48.76,48.78,46945
2026-08-25 19:43,48.775,48.78,48.6813,48.76,33721
2026-08-25 19:44,48.76,48.905,48.73,48.9,33508
2026-08-25 19:45,48.89,49.02,48.85,49.015,56392
2026-08-25 19:46,49.015,49.0287,48.915,48.985,51896
2026-08-25 19:47,48.97,48.98,48.91,48.97,30902
2026-08-25 19:48,48.96,48.9691,48.93,48.965,23975
2026-08-25 19:49,48.96,48.99,48.915,48.99,24431
2026-08-25 19:50,49,49.05,48.83,48.83,107460
2026-08-25 19:51,48.835,48.85,48.775,48.775,35291
2026-08-25 19:52,48.77,48.77,48.62,48.6207,70117
2026-08-25 19:53,48.63,48.67,48.54,48.56,44000
2026-08-25 19:54,48.55,48.58,48.49,48.57,107509
2026-08-25 19:55,48.56,48.6798,48.39,48.6709,216432
2026-08-25 19:56,48.67,48.725,48.64,48.641,45619
2026-08-25 19:57,48.64,48.645,48.51,48.53,69008
2026-08-25 19:58,48.5,48.509,48.445,48.475,95895
2026-08-25 19:59,48.475,48.5,48.37,48.45,174579
2026-08-26 13:30,49.01,49.01,48.57,48.645,4.6157e+06
2026-08-26 13:31,48.62,48.9903,48.12,48.13,241832
2026-08-26 13:32,48.15,48.4194,48.13,48.2,195251
2026-08-26 13:33,48.22,48.7,48.185,48.29,246981
2026-08-26 13:34,48.32,48.6589,48.24,48.61,157832
2026-08-26 13:35,48.63,49,48.58,48.76,206835
2026-08-26 13:36,48.775,48.818,48.2,48.24,187032
2026-08-26 13:37,48.24,48.76,48.22,48.54,156073
2026-08-26 13:38,48.54,48.75,48.47,48.6,142324
2026-08-26 13:39,48.65,48.8446,48.5,48.5499,147785
2026-08-26 13:40,48.58,48.58,48.19,48.2143,157823
2026-08-26 13:41,48.232,48.4396,48.1,48.42,160396
2026-08-26 13:42,48.425,48.75,48.375,48.4762,144943
2026-08-26 13:43,48.49,48.49,47.98,48.2451,296960
2026-08-26 13:44,48.2261,48.23,47.925,48.215,197281
2026-08-26 13:45,48.22,48.39,48.08,48.09,195524
2026-08-26 13:46,48.08,48.48,48.0672,48.435,173583
2026-08-26 13:47,48.43,48.5986,48.36,48.435,146722
2026-08-26 13:48,48.4,48.54,48.23,48.42,122779
2026-08-26 13:49,48.41,48.66,48.2812,48.6112,106740
2026-08-26 13:50,48.66,48.75,48.49,48.55,127182
2026-08-26 13:51,48.53,48.69,48.4,48.41,107382
2026-08-26 13:52,48.39,48.43,48.2591,48.2591,101968
2026-08-26 13:53,48.26,48.45,48.26,48.29,75387
2026-08-26 13:54,48.27,48.43,48.24,48.28,83624
2026-08-26 13:55,48.29,48.44,48.2,48.2201,102229
2026-08-26 13:56,48.25,48.31,48.1,48.2,117294
2026-08-26 13:57,48.195,48.32,48.06,48.27,121916
2026-08-26 13:58,48.3,48.31,48.145,48.2358,72195
2026-08-26 13:59,48.23,48.315,48.16,48.2,90711
2026-08-26 14:00,48.21,48.5,48.21,48.4536,152218
2026-08-26 14:01,48.47,48.51,48.37,48.41,102290
2026-08-26 14:02,48.4,48.45,48.28,48.4299,78388
2026-08-26 14:03,48.4188,48.42,48.235,48.34,55052
2026-08-26 14:04,48.35,48.495,48.35,48.47,98965
2026-08-26 14:05,48.46,48.5573,48.41,48.5009,104029
2026-08-26 14:06,48.5109,48.655,48.46,48.475,92593
2026-08-26 14:07,48.5163,48.65,48.5,48.6223,65808
2026-08-26 14:08,48.63,48.745,48.55,48.735,138033
2026-08-26 14:09,48.731,48.78,48.64,48.7387,103204
2026-08-26 14:10,48.74,48.96,48.72,48.945,183497
2026-08-26 14:11,48.94,48.965,48.86,48.95,128605
2026-08-26 14:12,48.95,49.25,48.95,49.05,276431
2026-08-26 14:13,49.04,49.26,48.9999,49,173620
2026-08-26 14:14,49.01,49.1,48.93,49.045,105076
2026-08-26 14:15,49.04,49.19,48.98,49.16,192674
2026-08-26 14:16,49.165,49.225,48.9899,49.08,127332
2026-08-26 14:17,49.08,49.13,49,49.01,62353
2026-08-26 14:18,49.015,49.14,48.93,49.08,106549
2026-08-26 14:19,49.085,49.21,49.0112,49.195,95127
2026-08-26 14:20,49.2,49.45,49.17,49.425,183764
2026-08-26 14:21,49.4311,49.66,49.42,49.63,195750
2026-08-26 14:22,49.64,49.7691,49.4491,49.47,174621
2026-08-26 14:23,49.46,49.5,49.32,49.5,146615
2026-08-26 14:24,49.51,49.5899,49.465,49.52,87384
2026-08-26 14:25,49.525,49.64,49.44,49.64,107751
2026-08-26 14:26,49.645,49.81,49.645,49.8,165678
2026-08-26 14:27,49.8,49.89,49.675,49.795,159107
2026-08-26 14:28,49.78,49.88,49.56,49.5999,159326
2026-08-26 14:29,49.61,49.73,49.58,49.699,85166
2026-08-26 14:30,49.69,49.71,49.4809,49.4809,127620
2026-08-26 14:31,49.48,49.5789,49.31,49.3103,109521
2026-08-26 14:32,49.31,49.3903,49.18,49.27,129872
2026-08-26 14:33,49.29,49.3,49.1999,49.21,60427
2026-08-26 14:34,49.23,49.29,49.17,49.23,76172
2026-08-26 14:35,49.2301,49.42,49.2301,49.3491,139304
2026-08-26 14:36,49.3483,49.3483,49.09,49.095,91006
2026-08-26 14:37,49.09,49.13,49.0237,49.095,145877
2026-08-26 14:38,49.1,49.155,49.0736,49.12,69720
2026-08-26 14:39,49.1,49.13,49.06,49.1101,35289
2026-08-26 14:40,49.13,49.13,48.895,48.9028,142183
2026-08-26 14:41,48.905,49.08,48.9009,49,76334
2026-08-26 14:42,49,49.07,48.99,49.06,43524
2026-08-26 14:43,49.06,49.0963,48.98,49.0699,40951
2026-08-26 14:44,49.07,49.07,48.96,48.99,29671
2026-08-26 14:45,48.98,49.08,48.92,49.07,35028
2026-08-26 14:46,49.0787,49.085,48.86,48.92,65618
2026-08-26 14:47,48.92,48.92,48.73,48.7305,81895
2026-08-26 14:48,48.7209,48.825,48.67,48.775,81677
2026-08-26 14:49,48.78,48.8301,48.755,48.805,48378
2026-08-26 14:50,48.8,48.83,48.69,48.6941,106951
2026-08-26 14:51,48.69,48.71,48.611,48.705,180963
2026-08-26 14:52,48.7105,48.7105,48.61,48.71,67245
2026-08-26 14:53,48.71,48.93,48.68,48.925,85757
2026-08-26 14:54,48.92,48.9309,48.8601,48.88,91288
2026-08-26 14:55,48.88,48.91,48.791,48.825,75417
2026-08-26 14:56,48.825,48.84,48.705,48.84,38876
2026-08-26 14:57,48.83,48.975,48.815,48.93,83777
2026-08-26 14:58,48.9301,49.075,48.925,49.0591,85886
2026-08-26 14:59,49.0587,49.0587,48.86,48.885,59900
2026-08-26 15:00,48.88,48.92,48.815,48.915,54839
2026-08-26 15:01,48.91,48.93,48.825,48.8699,81935
2026-08-26 15:02,48.86,48.8709,48.6305,48.65,101151
2026-08-26 15:03,48.64,48.78,48.63,48.78,76351
2026-08-26 15:04,48.775,48.7791,48.71,48.7491,60459
2026-08-26 15:05,48.725,48.7499,48.69,48.7201,46938
2026-08-26 15:06,48.735,48.74,48.655,48.68,59923
2026-08-26 15:07,48.69,48.7,48.5401,48.65,100301
2026-08-26 15:08,48.665,48.845,48.655,48.78,149121
2026-08-26 15:09,48.78,48.79,48.68,48.73,34073
2026-08-26 15:10,48.72,48.8,48.68,48.73,35141
2026-08-26 15:11,48.709,48.75,48.695,48.7301,20813
2026-08-26 15:12,48.7335,48.795,48.68,48.795,44433
2026-08-26 15:13,48.795,48.95,48.795,48.92,150050
2026-08-26 15:14,48.925,48.95,48.855,48.855,68836
2026-08-26 15:15,48.86,49.015,48.83,48.995,75452
2026-08-26 15:16,48.9905,49.099,48.99,49.045,70741
2026-08-26 15:17,49.05,49.07,48.9317,48.9499,56951
2026-08-26 15:18,48.94,48.95,48.82,48.82,45861
2026-08-26 15:19,48.83,48.87,48.77,48.7809,34904
2026-08-26 15:20,48.7836,48.85,48.7713,48.8,51622
2026-08-26 15:21,48.79,48.85,48.6902,48.785,27264
2026-08-26 15:22,48.785,48.91,48.7705,48.89,37065
2026-08-26 15:23,48.91,48.95,48.825,48.83,38349
2026-08-26 15:24,48.83,48.865,48.7721,48.83,26725
2026-08-26 15:25,48.84,48.87,48.805,48.85,16056
2026-08-26 15:26,48.85,48.8501,48.75,48.76,33063
2026-08-26 15:27,48.76,48.76,48.66,48.68,63511
2026-08-26 15:28,48.69,48.7301,48.555,48.56,48148
2026-08-26 15:29,48.5591,48.599,48.53,48.5773,39757
2026-08-26 15:30,48.5956,48.65,48.5501,48.6131,33933
2026-08-26 15:31,48.62,48.7099,48.61,48.635,35949
2026-08-26 15:32,48.635,48.65,48.53,48.61,91951
2026-08-26 15:33,48.62,48.68,48.61,48.66,21880
2026-08-26 15:34,48.6601,48.75,48.65,48.655,37883
2026-08-26 15:35,48.655,48.655,48.4905,48.5005,68641
2026-08-26 15:36,48.5,48.52,48.4501,48.469,60705
2026-08-26 15:37,48.47,48.485,48.36,48.36,102875
2026-08-26 15:38,48.36,48.5,48.36,48.49,90700
2026-08-26 15:39,48.495,48.51,48.391,48.47,46791
2026-08-26 15:40,48.47,48.485,48.34,48.341,52329
2026-08-26 15:41,48.345,48.4181,48.335,48.415,26079
2026-08-26 15:42,48.41,48.43,48.2913,48.2998,47985
2026-08-26 15:43,48.2987,48.36,48.28,48.325,35118
2026-08-26 15:44,48.32,48.33,48.29,48.29,46739
2026-08-26 15:45,48.295,48.39,48.295,48.39,54188
2026-08-26 15:46,48.39,48.4,48.32,48.35,24576
2026-08-26 15:47,48.37,48.38,48.33,48.38,30262
2026-08-26 15:48,48.39,48.46,48.35,48.375,39982
2026-08-26 15:49,48.3899,48.395,48.3309,48.36,57301
2026-08-26 15:50,48.36,48.5,48.33,48.4799,77884
2026-08-26 15:51,48.47,48.75,48.466,48.68,166703
2026-08-26 15:52,48.68,48.73,48.56,48.6399,87130
2026-08-26 15:53,48.61,48.69,48.56,48.56,53541
2026-08-26 15:54,48.565,48.6909,48.54,48.68,70889
2026-08-26 15:55,48.6957,48.7,48.61,48.665,42629
2026-08-26 15:56,48.665,48.725,48.58,48.5887,49867
2026-08-26 15:57,48.59,48.615,48.5626,48.595,32587
2026-08-26 15:58,48.59,48.68,48.59,48.68,20261
2026-08-26 15:59,48.68,48.735,48.655,48.705,42686
2026-08-26 16:00,48.7,48.86,48.665,48.855,90976
2026-08-26 16:01,48.87,48.96,48.87,48.9299,124888
2026-08-26 16:02,48.93,48.9699,48.881,48.921,102867
2026-08-26 16:03,48.92,48.9591,48.85,48.85,43110
2026-08-26 16:04,48.84,48.905,48.81,48.87,58962
2026-08-26 16:05,48.9,48.965,48.82,48.82,61323
2026-08-26 16:06,48.835,48.94,48.8,48.93,37935
2026-08-26 16:07,48.9405,48.999,48.91,48.915,53261
2026-08-26 16:08,48.95,48.995,48.88,48.995,31389
2026-08-26 16:09,49,49.02,48.975,49.02,56706
2026-08-26 16:10,49.01,49.08,49.01,49.08,51806
2026-08-26 16:11,49.09,49.125,49.06,49.116,54021
2026-08-26 16:12,49.12,49.13,49.01,49.055,41394
2026-08-26 16:13,49.05,49.0599,49.01,49.03,30922
2026-08-26 16:14,49.0214,49.13,49.01,49.11,46453
2026-08-26 16:15,49.1101,49.13,49.06,49.08,22408
2026-08-26 16:16,49.075,49.14,49.07,49.125,60572
2026-08-26 16:17,49.125,49.1401,49.0927,49.11,33504
2026-08-26 16:18,49.115,49.115,49.02,49.035,34860
2026-08-26 16:19,49.05,49.065,48.99,48.99,31497
2026-08-26 16:20,48.99,49.01,48.9199,48.94,44855
2026-08-26 16:21,48.94,48.981,48.83,48.83,58541
2026-08-26 16:22,48.825,48.8595,48.801,48.84,39468
2026-08-26 16:23,48.85,48.855,48.78,48.82,34435
2026-08-26 16:24,48.8101,48.875,48.8101,48.865,30636
2026-08-26 16:25,48.868,48.9,48.85,48.86,84433
2026-08-26 16:26,48.855,48.96,48.855,48.9,28862
2026-08-26 16:27,48.9,48.9099,48.8663,48.9099,11888
2026-08-26 16:28,48.88,48.88,48.815,48.83,24048
2026-08-26 16:29,48.85,48.87,48.83,48.8691,11774
2026-08-26 16:30,48.875,48.875,48.74,48.805,42909
2026-08-26 16:31,48.8,48.825,48.78,48.785,13681
2026-08-26 16:32,48.785,48.83,48.77,48.8,38247
2026-08-26 16:33,48.79,48.82,48.775,48.82,13767
2026-08-26 16:34,48.83,48.8999,48.805,48.85,25634
2026-08-26 16:35,48.865,48.93,48.84,48.8499,21862
2026-08-26 16:36,48.86,48.9,48.84,48.88,19127
2026-08-26 16:37,48.88,48.95,48.86,48.9109,37134
2026-08-26 16:38,48.92,48.94,48.87,48.91,67986
2026-08-26 16:39,48.905,49.02,48.9,49,98552
2026-08-26 16:40,49.005,49.09,48.9509,48.955,103458
2026-08-26 16:41,48.96,49,48.9,48.9005,32522
2026-08-26 16:42,48.92,49,48.89,48.99,41182
2026-08-26 16:43,48.9999,49.115,48.999,49.1101,53113
2026-08-26 16:44,49.11,49.155,49.09,49.095,40139
2026-08-26 16:45,49.1,49.1,49.045,49.07,49671
2026-08-26 16:46,49.065,49.12,49.04,49.045,61562
2026-08-26 16:47,49.05,49.055,48.9899,48.99,57640
2026-08-26 16:48,49,49.05,48.95,49.05,46412
2026-08-26 16:49,49.04,49.06,49.0011,49.0199,26503
2026-08-26 16:50,49.01,49.0209,48.96,48.9727,22690
2026-08-26 16:51,48.9709,48.98,48.931,48.96,24725
2026-08-26 16:52,48.985,49.035,48.95,49,59906
2026-08-26 16:53,48.99,49.01,48.96,49,20378
2026-08-26 16:54,49.01,49.025,48.98,48.98,10033
2026-08-26 16:55,48.98,48.98,48.8709,48.89,35672
2026-08-26 16:56,48.88,48.885,48.78,48.78,48991
2026-08-26 16:57,48.7909,48.8,48.69,48.72,94249
2026-08-26 16:58,48.72,48.745,48.7,48.7299,26402
2026-08-26 16:59,48.7201,48.77,48.71,48.73,32243
2026-08-26 17:00,48.7242,48.76,48.6501,48.67,57619
2026-08-26 17:01,48.6705,48.711,48.654,48.7,22962
2026-08-26 17:02,48.69,48.72,48.64,48.6409,36948
2026-08-26 17:03,48.645,48.72,48.645,48.68,19104
2026-08-26 17:04,48.68,48.68,48.58,48.64,67894
2026-08-26 17:05,48.65,48.72,48.65,48.7177,31057
2026-08-26 17:06,48.7111,48.73,48.66,48.66,25006
2026-08-26 17:07,48.66,48.68,48.64,48.655,15939
2026-08-26 17:08,48.65,48.67,48.63,48.6401,16687
2026-08-26 17:09,48.65,48.65,48.555,48.565,63944
2026-08-26 17:10,48.5603,48.599,48.525,48.531,35776
2026-08-26 17:11,48.535,48.579,48.535,48.571,17368
2026-08-26 17:12,48.57,48.595,48.53,48.59,33008
2026-08-26 17:13,48.59,48.62,48.575,48.595,44417
2026-08-26 17:14,48.585,48.595,48.5613,48.5613,28665
2026-08-26 17:15,48.56,48.56,48.47,48.505,59720
2026-08-26 17:16,48.51,48.519,48.42,48.445,41803
2026-08-26 17:17,48.445,48.5599,48.445,48.54,25755
2026-08-26 17:18,48.535,48.59,48.5101,48.585,30626
2026-08-26 17:19,48.585,48.605,48.51,48.515,30476
2026-08-26 17:20,48.51,48.51,48.44,48.47,44464
2026-08-26 17:21,48.47,48.529,48.465,48.52,26652
2026-08-26 17:22,48.525,48.53,48.49,48.52,55756
2026-08-26 17:23,48.51,48.535,48.4701,48.495,27703
2026-08-26 17:24,48.5,48.509,48.4413,48.45,20380
2026-08-26 17:25,48.4499,48.52,48.42,48.495,39402
2026-08-26 17:26,48.5,48.55,48.495,48.5,34425
2026-08-26 17:27,48.505,48.52,48.461,48.48,14051
2026-08-26 17:28,48.46,48.47,48.43,48.47,29897
2026-08-26 17:29,48.45,48.53,48.445,48.4988,21350
2026-08-26 17:30,48.5,48.53,48.47,48.495,26617
2026-08-26 17:31,48.49,48.555,48.49,48.55,25518
2026-08-26 17:32,48.555,48.5587,48.46,48.5087,28995
2026-08-26 17:33,48.51,48.53,48.4799,48.4901,16069
2026-08-26 17:34,48.4902,48.4999,48.3995,48.421,47258
2026-08-26 17:35,48.4205,48.445,48.41,48.42,31968
2026-08-26 17:36,48.415,48.4609,48.3809,48.425,56962
2026-08-26 17:37,48.42,48.45,48.415,48.42,31032
2026-08-26 17:38,48.4191,48.4191,48.29,48.3495,75936
2026-08-26 17:39,48.345,48.395,48.31,48.395,34126
2026-08-26 17:40,48.38,48.38,48.32,48.34,27698
2026-08-26 17:41,48.33,48.3499,48.31,48.3113,24585
2026-08-26 17:42,48.31,48.43,48.291,48.4,61373
2026-08-26 17:43,48.395,48.425,48.385,48.409,46609
2026-08-26 17:44,48.4,48.415,48.36,48.389,25842
2026-08-26 17:45,48.38,48.39,48.35,48.38,12833
2026-08-26 17:46,48.37,48.3901,48.33,48.3597,19136
2026-08-26 17:47,48.35,48.3687,48.3097,48.3097,46956
2026-08-26 17:48,48.305,48.43,48.301,48.425,54707
2026-08-26 17:49,48.42,48.42,48.3517,48.38,28679
2026-08-26 17:50,48.37,48.375,48.275,48.3037,62805
2026-08-26 17:51,48.3,48.365,48.26,48.365,83230
2026-08-26 17:52,48.385,48.41,48.36,48.4,47057
2026-08-26 17:53,48.39,48.4063,48.32,48.32,52913
2026-08-26 17:54,48.3201,48.345,48.3,48.345,59301
2026-08-26 17:55,48.35,48.355,48.29,48.29,32116
2026-08-26 17:56,48.28,48.295,48.23,48.25,49853
2026-08-26 17:57,48.25,48.285,48.245,48.265,27557
2026-08-26 17:58,48.275,48.2999,48.265,48.275,15489
2026-08-26 17:59,48.275,48.2999,48.2601,48.2987,22260
2026-08-26 18:00,48.3,48.349,48.295,48.33,16889
2026-08-26 18:01,48.33,48.45,48.31,48.45,62235
2026-08-26 18:02,48.45,48.4697,48.4,48.425,45858
2026-08-26 18:03,48.42,48.46,48.41,48.46,25243
2026-08-26 18:04,48.45,48.455,48.38,48.405,29439
2026-08-26 18:05,48.395,48.395,48.3,48.35,33984
2026-08-26 18:06,48.35,48.3787,48.34,48.36,26095
2026-08-26 18:07,48.355,48.3695,48.295,48.31,37068
2026-08-26 18:08,48.31,48.335,48.26,48.261,24622
2026-08-26 18:09,48.26,48.27,48.2,48.265,57207
2026-08-26 18:10,48.2687,48.3,48.23,48.3,24841
2026-08-26 18:11,48.315,48.395,48.2913,48.3901,123380
2026-08-26 18:12,48.39,48.41,48.37,48.4,18892
2026-08-26 18:13,48.4013,48.44,48.4,48.43,18613
2026-08-26 18:14,48.425,48.4486,48.4,48.4,39757
2026-08-26 18:15,48.3998,48.4691,48.3998,48.4691,49099
2026-08-26 18:16,48.465,48.469,48.43,48.45,32339
2026-08-26 18:17,48.43,48.445,48.39,48.42,22671
2026-08-26 18:18,48.4209,48.4209,48.36,48.38,34578
2026-08-26 18:19,48.35,48.3687,48.33,48.351,20203
2026-08-26 18:20,48.36,48.3801,48.3405,48.359,10762
2026-08-26 18:21,48.355,48.41,48.3513,48.405,31644
2026-08-26 18:22,48.41,48.41,48.37,48.375,17456
2026-08-26 18:23,48.37,48.415,48.37,48.4,28901
2026-08-26 18:24,48.3987,48.4,48.3511,48.37,18087
2026-08-26 18:25,48.3795,48.445,48.365,48.385,22343
2026-08-26 18:26,48.3899,48.3999,48.37,48.3913,28416
2026-08-26 18:27,48.395,48.42,48.375,48.3899,28229
2026-08-26 18:28,48.385,48.39,48.361,48.38,10455
2026-08-26 18:29,48.37,48.395,48.35,48.3899,14204
2026-08-26 18:30,48.385,48.395,48.3513,48.375,12626
2026-08-26 18:31,48.37,48.37,48.3103,48.315,27423
2026-08-26 18:32,48.3102,48.35,48.2603,48.2603,59232
2026-08-26 18:33,48.27,48.2787,48.2301,48.24,40684
2026-08-26 18:34,48.24,48.26,48.205,48.205,43245
2026-08-26 18:35,48.2013,48.25,48.18,48.225,52074
2026-08-26 18:36,48.225,48.245,48.185,48.185,37542
2026-08-26 18:37,48.185,48.199,48.16,48.1874,34029
2026-08-26 18:38,48.185,48.225,48.18,48.19,29940
2026-08-26 18:39,48.1891,48.235,48.18,48.235,30919
2026-08-26 18:40,48.23,48.249,48.2,48.2,32182
2026-08-26 18:41,48.195,48.225,48.19,48.2,19819
2026-08-26 18:42,48.205,48.2175,48.165,48.19,43939
2026-08-26 18:43,48.21,48.3,48.21,48.29,35328
2026-08-26 18:44,48.289,48.289,48.25,48.275,34235
2026-08-26 18:45,48.27,48.27,48.12,48.135,43243
2026-08-26 18:46,48.135,48.15,48.08,48.1113,64999
2026-08-26 18:47,48.11,48.13,48.07,48.105,77270
2026-08-26 18:48,48.1086,48.17,48.09,48.17,24426
2026-08-26 18:49,48.1601,48.18,48.12,48.145,33002
2026-08-26 18:50,48.15,48.195,48.135,48.18,26113
2026-08-26 18:51,48.21,48.2682,48.21,48.2402,27219
2026-08-26 18:52,48.25,48.289,48.221,48.24,28183
2026-08-26 18:53,48.249,48.25,48.17,48.19,22877
2026-08-26 18:54,48.205,48.225,48.16,48.22,16534
2026-08-26 18:55,48.23,48.24,48.2,48.2199,58518
2026-08-26 18:56,48.215,48.22,48.135,48.16,60336
2026-08-26 18:57,48.15,48.155,48.12,48.15,49358
2026-08-26 18:58,48.16,48.2059,48.15,48.175,150746
2026-08-26 18:59,48.18,48.205,48.18,48.19,23819
2026-08-26 19:00,48.205,48.215,48.0205,48.04,50165
2026-08-26 19:01,48.04,48.122,48.02,48.1,82885
2026-08-26 19:02,48.09,48.095,47.98,48.025,118634
2026-08-26 19:03,48.025,48.0399,47.995,47.995,55595
2026-08-26 19:04,47.99,48.005,47.87,47.875,259908
2026-08-26 19:05,47.88,48.045,47.87,48.045,79661
2026-08-26 19:06,48.045,48.081,47.96,47.965,50693
2026-08-26 19:07,47.965,48.035,47.9491,48.03,49174
2026-08-26 19:08,48.03,48.11,48.025,48.109,34232
2026-08-26 19:09,48.1003,48.13,48.081,48.1113,42546
2026-08-26 19:10,48.11,48.125,48.071,48.105,35443
2026-08-26 19:11,48.095,48.12,48.075,48.09,35686
2026-08-26 19:12,48.09,48.14,48.08,48.1101,21846
2026-08-26 19:13,48.12,48.24,48.1191,48.24,65147
2026-08-26 19:14,48.2402,48.3014,48.18,48.185,65447
2026-08-26 19:15,48.185,48.21,48.13,48.14,32545
2026-08-26 19:16,48.135,48.2,48.1101,48.17,45476
2026-08-26 19:17,48.16,48.1799,48.1101,48.12,42261
2026-08-26 19:18,48.11,48.135,48.09,48.1,27051
2026-08-26 19:19,48.098,48.1,48.05,48.075,25900
2026-08-26 19:20,48.08,48.22,48.0699,48.2169,72185
2026-08-26 19:21,48.21,48.238,48.18,48.1918,48295
2026-08-26 19:22,48.205,48.2096,48.1399,48.1801,29100
2026-08-26 19:23,48.189,48.23,48.18,48.18,26375
2026-08-26 19:24,48.171,48.171,48.06,48.09,54257
2026-08-26 19:25,48.095,48.15,48.095,48.12,34987
2026-08-26 19:26,48.13,48.139,48.07,48.1,33463
2026-08-26 19:27,48.1,48.11,47.9501,47.97,85919
2026-08-26 19:28,47.97,48.1101,47.97,48.11,35358
2026-08-26 19:29,48.115,48.13,48.07,48.115,36549
2026-08-26 19:30,48.115,48.2799,48.11,48.27,151628
2026-08-26 19:31,48.27,48.27,48.175,48.19,60677
2026-08-26 19:32,48.19,48.195,48.14,48.15,32208
2026-08-26 19:33,48.155,48.195,48.14,48.15,17877
2026-08-26 19:34,48.15,48.1887,48.135,48.175,48057
2026-08-26 19:35,48.18,48.23,48.18,48.21,35780
2026-08-26 19:36,48.215,48.27,48.19,48.27,35387
2026-08-26 19:37,48.275,48.29,48.22,48.24,35736
2026-08-26 19:38,48.2399,48.33,48.23,48.325,29263
2026-08-26 19:39,48.329,48.41,48.325,48.405,98052
2026-08-26 19:40,48.405,48.405,48.31,48.32,61959
2026-08-26 19:41,48.325,48.39,48.31,48.39,30394
2026-08-26 19:42,48.395,48.415,48.3501,48.375,48129
2026-08-26 19:43,48.355,48.455,48.325,48.455,50909
2026-08-26 19:44,48.46,48.52,48.445,48.505,107606
2026-08-26 19:45,48.51,48.53,48.44,48.45,55334
2026-08-26 19:46,48.46,48.46,48.37,48.39,54580
2026-08-26 19:47,48.385,48.405,48.28,48.2802,65748
2026-08-26 19:48,48.29,48.3,48.19,48.19,43278
2026-08-26 19:49,48.175,48.24,48.1504,48.2,48789
2026-08-26 19:50,48.19,48.3891,48.18,48.34,81930
2026-08-26 19:51,48.34,48.38,48.295,48.375,126815
2026-08-26 19:52,48.36,48.42,48.29,48.4177,62548
2026-08-26 19:53,48.42,48.52,48.38,48.5077,154992
2026-08-26 19:54,48.505,48.6088,48.44,48.5777,192830
2026-08-26 19:55,48.58,48.69,48.4209,48.425,159150
2026-08-26 19:56,48.43,48.445,48.3501,48.38,59585
2026-08-26 19:57,48.371,48.371,48.24,48.24,93648
2026-08-26 19:58,48.24,48.28,48.195,48.22,59966
2026-08-26 19:59,48.23,48.27,48.12,48.12,170163
2026-08-27 13:30,45.42,45.6,44.95,45.01,7.23988e+06
2026-08-27 13:31,45.015,45.4,44.71,45.29,213850
2026-08-27 13:32,45.22,45.3126,44.925,45.2299,224792
2026-08-27 13:33,45.22,45.2799,44.99,45.14,228892
2026-08-27 13:34,45.11,45.66,45.065,45.59,303171
2026-08-27 13:35,45.58,45.85,45.44,45.7,438513
2026-08-27 13:36,45.69,45.8799,45.6001,45.74,357551
2026-08-27 13:37,45.725,45.99,45.6,45.68,242439
2026-08-27 13:38,45.69,46.0555,45.5,46,318115
2026-08-27 13:39,45.99,46.05,45.59,45.61,194393
2026-08-27 13:40,45.6,45.62,45.36,45.4601,233615
2026-08-27 13:41,45.46,45.71,45.21,45.6666,239155
2026-08-27 13:42,45.68,45.8589,45.37,45.4405,204826
2026-08-27 13:43,45.46,45.81,45.44,45.72,131451
2026-08-27 13:44,45.71,45.885,45.325,45.6499,221614
2026-08-27 13:45,45.61,45.78,45.5175,45.7201,126899
2026-08-27 13:46,45.71,46.0499,45.56,45.9883,209845
2026-08-27 13:47,45.97,46.68,45.92,46.54,733802
2026-08-27 13:48,46.56,46.73,46.4716,46.63,276768
2026-08-27 13:49,46.64,47.06,46.635,46.74,357695
2026-08-27 13:50,46.73,46.73,45.97,46.02,375593
2026-08-27 13:51,46.01,46.22,45.911,46.06,227196
2026-08-27 13:52,46.07,46.38,46.0022,46.11,209052
2026-08-27 13:53,46.06,46.38,46.01,46.12,145900
2026-08-27 13:54,46.1463,46.29,46.05,46.27,108016
2026-08-27 13:55,46.26,46.71,46.26,46.53,252115
2026-08-27 13:56,46.5302,47.1846,46.52,47.17,276327
2026-08-27 13:57,47.185,47.71,47.17,47.5905,499781
2026-08-27 13:58,47.595,47.65,47.38,47.3812,392468
2026-08-27 13:59,47.38,47.4,47.16,47.1991,221026
2026-08-27 14:00,47.195,47.28,46.98,47.04,196232
2026-08-27 14:01,47.06,47.0802,46.78,46.7984,169455
2026-08-27 14:02,46.8,47.1,46.7,46.7483,179511
2026-08-27 14:03,46.746,46.82,46.4609,46.4609,160187
2026-08-27 14:04,46.47,46.77,46.45,46.5989,117950
2026-08-27 14:05,46.6,46.64,46.4022,46.5015,105699
2026-08-27 14:06,46.52,47.03,46.502,46.9863,135041
2026-08-27 14:07,47.02,47.1299,46.6629,46.75,191179
2026-08-27 14:08,46.76,46.9699,46.73,46.88,85540
2026-08-27 14:09,46.885,46.95,46.69,46.78,98545
2026-08-27 14:10,46.73,46.77,46.41,46.4412,136338
2026-08-27 14:11,46.4487,46.52,46.3301,46.435,123311
2026-08-27 14:12,46.42,46.44,46.23,46.245,114288
2026-08-27 14:13,46.25,46.31,46.045,46.045,141945
2026-08-27 14:14,46.04,46.31,45.88,46.3099,287045
2026-08-27 14:15,46.3,46.35,45.94,45.9699,155883
2026-08-27 14:16,45.95,46.185,45.94,46.15,99860
2026-08-27 14:17,46.15,46.15,45.92,45.92,168981
2026-08-27 14:18,45.92,46.1188,45.86,46.025,117157
2026-08-27 14:19,45.99,46.1095,45.9487,45.9801,63030
2026-08-27 14:20,45.98,46.01,45.83,45.8454,104953
2026-08-27 14:21,45.84,45.96,45.81,45.96,74352
2026-08-27 14:22,45.95,46.05,45.89,45.94,81043
2026-08-27 14:23,45.94,45.9501,45.7,45.9,246760
2026-08-27 14:24,45.895,46.145,45.84,45.97,130635
2026-08-27 14:25,45.95,46.11,45.95,46.01,66665
2026-08-27 14:26,46.0013,46.01,45.785,45.785,138331
2026-08-27 14:27,45.795,45.795,45.52,45.585,185817
2026-08-27 14:28,45.59,45.67,45.54,45.5875,248327
2026-08-27 14:29,45.585,45.665,45.565,45.605,136358
2026-08-27 14:30,45.6,46.145,45.58,46.0599,151544
2026-08-27 14:31,46.06,46.1,45.92,46.02,141457
2026-08-27 14:32,46.02,46.035,45.8005,45.85,116681
2026-08-27 14:33,45.8545,46.01,45.605,45.63,144037
2026-08-27 14:34,45.615,45.94,45.615,45.94,52418
2026-08-27 14:35,45.93,46.01,45.78,45.8,76107
2026-08-27 14:36,45.78,45.925,45.73,45.87,137739
2026-08-27 14:37,45.85,46.02,45.835,46.01,162285
2026-08-27 14:38,46.02,46.2196,45.96,46.194,143359
2026-08-27 14:39,46.22,46.48,46.195,46.47,257396
2026-08-27 14:40,46.46,46.515,46.3013,46.4399,190953
2026-08-27 14:41,46.44,46.515,46.34,46.45,185421
2026-08-27 14:42,46.44,46.52,46.32,46.3699,107371
2026-08-27 14:43,46.375,46.62,46.3727,46.5746,114510
2026-08-27 14:44,46.5499,46.615,46.43,46.4309,152934
2026-08-27 14:45,46.44,46.59,46.36,46.53,77013
2026-08-27 14:46,46.54,46.555,46.28,46.28,167521
2026-08-27 14:47,46.29,46.46,46.235,46.3,63216
2026-08-27 14:48,46.3,46.34,46.125,46.14,65863
2026-08-27 14:49,46.13,46.17,45.975,46.0801,92752
2026-08-27 14:50,46.1,46.16,45.985,46.11,90320
2026-08-27 14:51,46.1,46.29,46.08,46.285,73597
2026-08-27 14:52,46.28,46.31,46.04,46.11,55752
2026-08-27 14:53,46.12,46.5,46.12,46.35,91780
2026-08-27 14:54,46.37,46.475,46.28,46.3,108512
2026-08-27 14:55,46.3,46.57,46.2801,46.5099,91558
2026-08-27 14:56,46.49,46.54,46.295,46.315,64610
2026-08-27 14:57,46.3,46.3388,46.06,46.3217,108150
2026-08-27 14:58,46.32,46.35,46.1,46.15,45418
2026-08-27 14:59,46.135,46.225,46.1,46.18,85124
2026-08-27 15:00,46.19,46.3,46.12,46.15,164095
2026-08-27 15:01,46.15,46.18,46.07,46.07,188324
2026-08-27 15:02,46.06,46.06,45.96,46.06,106813
2026-08-27 15:03,46.05,46.18,45.99,46.175,54683
2026-08-27 15:04,46.17,46.23,46.015,46.1,134497
2026-08-27 15:05,46.1,46.22,46.055,46.055,59220
2026-08-27 15:06,46.06,46.08,45.93,46.08,99127
2026-08-27 15:07,46.03,46.0599,45.875,45.94,113261
2026-08-27 15:08,45.9391,45.95,45.84,45.905,73088
2026-08-27 15:09,45.905,45.91,45.811,45.825,87256
2026-08-27 15:10,45.82,46,45.79,46,89789
2026-08-27 15:11,45.98,45.985,45.875,45.95,57443
2026-08-27 15:12,45.9399,46.01,45.9,46,42571
2026-08-27 15:13,45.9986,46.035,45.91,45.91,52738
2026-08-27 15:14,45.905,45.955,45.87,45.93,46817
2026-08-27 15:15,45.91,45.95,45.835,45.889,45110
2026-08-27 15:16,45.88,45.9387,45.84,45.9,37154
2026-08-27 15:17,45.9,46.07,45.9,46.04,43885
2026-08-27 15:18,46.0487,46.2,46.045,46.08,57341
2026-08-27 15:19,46.08,46.14,46.0309,46.11,33212
2026-08-27 15:20,46.115,46.19,46.0698,46.17,40475
2026-08-27 15:21,46.18,46.25,46.14,46.21,138290
2026-08-27 15:22,46.2109,46.24,46.17,46.185,23834
2026-08-27 15:23,46.2,46.31,46.1609,46.17,116867
2026-08-27 15:24,46.17,46.35,46.17,46.35,112943
2026-08-27 15:25,46.36,46.43,46.325,46.3399,129921
2026-08-27 15:26,46.345,46.455,46.325,46.36,56282
2026-08-27 15:27,46.36,46.405,46.3,46.38,40868
2026-08-27 15:28,46.3699,46.38,46.325,46.345,40084
2026-08-27 15:29,46.35,46.41,46.3399,46.36,28545
2026-08-27 15:30,46.36,46.39,46.31,46.32,32641
2026-08-27 15:31,46.311,46.36,46.22,46.22,63678
2026-08-27 15:32,46.21,46.28,46.12,46.12,46542
2026-08-27 15:33,46.12,46.215,46.1001,46.21,84015
2026-08-27 15:34,46.22,46.355,46.1773,46.1773,43646
2026-08-27 15:35,46.17,46.28,46.14,46.2597,75795
2026-08-27 15:36,46.2691,46.3487,46.22,46.32,131804
2026-08-27 15:37,46.33,46.54,46.325,46.5288,103540
2026-08-27 15:38,46.52,46.57,46.4686,46.4887,142581
2026-08-27 15:39,46.49,46.5299,46.4,46.41,82871
2026-08-27 15:40,46.42,46.58,46.4,46.525,44026
2026-08-27 15:41,46.5399,46.54,46.42,46.44,32719
2026-08-27 15:42,46.43,46.62,46.415,46.589,42690
2026-08-27 15:43,46.58,46.68,46.58,46.61,59389
2026-08-27 15:44,46.6287,46.685,46.59,46.63,33243
2026-08-27 15:45,46.645,46.84,46.64,46.775,113933
2026-08-27 15:46,46.7796,46.817,46.705,46.74,51997
2026-08-27 15:47,46.7499,46.78,46.7,46.7591,78086
2026-08-27 15:48,46.755,46.8699,46.74,46.8509,59017
2026-08-27 15:49,46.87,46.9065,46.785,46.8,135261
2026-08-27 15:50,46.8,46.8088,46.57,46.58,146919
2026-08-27 15:51,46.58,46.62,46.38,46.4099,98501
2026-08-27 15:52,46.405,46.4997,46.2801,46.29,83484
2026-08-27 15:53,46.29,46.3691,46.28,46.35,92933
2026-08-27 15:54,46.335,46.36,46.09,46.095,113507
2026-08-27 15:55,46.09,46.24,46.0837,46.24,92388
2026-08-27 15:56,46.23,46.24,46.16,46.2087,51544
2026-08-27 15:57,46.21,46.215,46.1,46.101,103037
2026-08-27 15:58,46.1,46.1409,46.06,46.14,65964
2026-08-27 15:59,46.14,46.19,46.085,46.16,38889
2026-08-27 16:00,46.155,46.1799,46.04,46.109,60382
2026-08-27 16:01,46.11,46.11,45.965,45.985,79816
2026-08-27 16:02,45.985,46.009,45.86,45.881,109208
2026-08-27 16:03,45.89,45.895,45.7601,45.825,230458
2026-08-27 16:04,45.82,45.905,45.81,45.8987,120641
2026-08-27 16:05,45.89,46.049,45.88,46.049,57893
2026-08-27 16:06,46.045,46.069,45.94,46.005,44160
2026-08-27 16:07,46.01,46.115,45.97,46.1,51734
2026-08-27 16:08,46.105,46.15,46.03,46.1,38005
2026-08-27 16:09,46.1,46.15,46.08,46.145,75649
2026-08-27 16:10,46.14,46.18,46.085,46.085,37657
2026-08-27 16:11,46.07,46.2599,46.06,46.23,62518
2026-08-27 16:12,46.23,46.27,46.1905,46.229,180242
2026-08-27 16:13,46.2101,46.24,46.19,46.2,42224
2026-08-27 16:14,46.2,46.31,46.195,46.24,115100
2026-08-27 16:15,46.24,46.26,46.175,46.175,37488
2026-08-27 16:16,46.175,46.37,46.135,46.37,93249
2026-08-27 16:17,46.36,46.45,46.29,46.45,105910
2026-08-27 16:18,46.4499,46.57,46.445,46.5027,145196
2026-08-27 16:19,46.5001,46.54,46.355,46.385,133672
2026-08-27 16:20,46.385,46.43,46.37,46.42,133502
2026-08-27 16:21,46.43,46.48,46.385,46.431,85517
2026-08-27 16:22,46.43,46.44,46.345,46.36,34864
2026-08-27 16:23,46.36,46.41,46.33,46.4,24646
2026-08-27 16:24,46.42,46.495,46.42,46.475,24475
2026-08-27 16:25,46.47,46.48,46.41,46.44,22606
2026-08-27 16:26,46.435,46.51,46.385,46.409,61658
2026-08-27 16:27,46.419,46.4401,46.31,46.3127,27316
2026-08-27 16:28,46.309,46.32,46.15,46.17,76438
2026-08-27 16:29,46.1701,46.23,46.14,46.195,48029
2026-08-27 16:30,46.2,46.25,46.16,46.16,33448
2026-08-27 16:31,46.17,46.17,46.1,46.1599,38056
2026-08-27 16:32,46.165,46.21,46.1299,46.13,23499
2026-08-27 16:33,46.12,46.2401,46.095,46.2,64797
2026-08-27 16:34,46.19,46.19,46.04,46.055,22778
2026-08-27 16:35,46.06,46.095,46.0203,46.055,33942
2026-08-27 16:36,46.05,46.06,45.97,46,133856
2026-08-27 16:37,45.995,46.045,45.91,45.919,45808
2026-08-27 16:38,45.9199,45.955,45.9,45.905,33250
2026-08-27 16:39,45.91,45.9295,45.87,45.9165,84423
2026-08-27 16:40,45.91,45.92,45.84,45.865,60362
2026-08-27 16:41,45.865,45.905,45.85,45.8787,31445
2026-08-27 16:42,45.86,45.885,45.835,45.835,31927
2026-08-27 16:43,45.83,45.855,45.815,45.82,45676
2026-08-27 16:44,45.81,45.9,45.8,45.875,55745
2026-08-27 16:45,45.86,45.875,45.7507,45.769,106689
2026-08-27 16:46,45.76,45.81,45.745,45.7999,70764
2026-08-27 16:47,45.785,45.84,45.76,45.84,38063
2026-08-27 16:48,45.845,45.85,45.785,45.79,44660
2026-08-27 16:49,45.78,45.83,45.78,45.82,42664
2026-08-27 16:50,45.82,45.955,45.795,45.8809,51292
2026-08-27 16:51,45.88,45.99,45.88,45.97,58231
2026-08-27 16:52,45.9713,45.975,45.87,45.8995,39307
2026-08-27 16:53,45.88,45.94,45.875,45.919,29371
2026-08-27 16:54,45.91,46.04,45.9,45.94,71003
2026-08-27 16:55,45.9387,45.99,45.93,45.94,24938
2026-08-27 16:56,45.935,46,45.9251,45.97,54242
2026-08-27 16:57,45.97,46.005,45.9,45.9,30552
2026-08-27 16:58,45.9,45.9323,45.9,45.92,35714
2026-08-27 16:59,45.915,45.935,45.8801,45.91,54577
2026-08-27 17:00,45.915,45.94,45.875,45.92,28919
2026-08-27 17:01,45.91,45.91,45.74,45.75,48479
2026-08-27 17:02,45.7505,45.82,45.74,45.815,70019
2026-08-27 17:03,45.81,45.855,45.79,45.83,46781
2026-08-27 17:04,45.85,45.85,45.8,45.81,23391
2026-08-27 17:05,45.805,45.88,45.785,45.871,36855
2026-08-27 17:06,45.875,45.92,45.87,45.915,29724
2026-08-27 17:07,45.905,45.989,45.895,45.985,49649
2026-08-27 17:08,45.985,45.9986,45.88,45.96,111022
2026-08-27 17:09,45.965,45.9795,45.8887,45.8887,46102
2026-08-27 17:10,45.875,45.89,45.84,45.885,66315
2026-08-27 17:11,45.885,45.9297,45.85,45.87,36604
2026-08-27 17:12,45.87,45.91,45.82,45.84,41970
2026-08-27 17:13,45.8401,45.8899,45.84,45.875,19487
2026-08-27 17:14,45.88,45.91,45.871,45.895,29343
2026-08-27 17:15,45.8911,45.93,45.8787,45.895,28274
2026-08-27 17:16,45.89,45.94,45.88,45.89,17595
2026-08-27 17:17,45.905,45.905,45.845,45.895,36326
2026-08-27 17:18,45.9,45.9295,45.885,45.885,12829
2026-08-27 17:19,45.88,45.89,45.83,45.875,33626
2026-08-27 17:20,45.8701,45.915,45.86,45.875,28505
2026-08-27 17:21,45.88,45.89,45.825,45.845,66438
2026-08-27 17:22,45.85,45.875,45.825,45.8391,50115
2026-08-27 17:23,45.831,45.84,45.745,45.7509,161398
2026-08-27 17:24,45.75,45.78,45.72,45.7387,177768
2026-08-27 17:25,45.74,45.9901,45.74,45.9813,88239
2026-08-27 17:26,45.99,46.085,45.99,46.0191,188840
2026-08-27 17:27,46.015,46.18,46.015,46.155,50582
2026-08-27 17:28,46.1599,46.18,46.0699,46.07,60589
2026-08-27 17:29,46.07,46.175,46.07,46.15,45744
2026-08-27 17:30,46.14,46.175,46.115,46.16,34548
2026-08-27 17:31,46.15,46.23,46.0901,46.225,63948
2026-08-27 17:32,46.22,46.23,46.08,46.095,36914
2026-08-27 17:33,46.09,46.1398,46.025,46.05,50029
2026-08-27 17:34,46.055,46.165,46.055,46.15,78696
2026-08-27 17:35,46.17,46.185,46.05,46.09,25405
2026-08-27 17:36,46.099,46.135,46.06,46.0799,43488
2026-08-27 17:37,46.08,46.13,46.06,46.13,16779
2026-08-27 17:38,46.1298,46.151,46.11,46.114,26949
2026-08-27 17:39,46.105,46.255,46.095,46.2199,158505
2026-08-27 17:40,46.23,46.26,46.165,46.2,32142
2026-08-27 17:41,46.19,46.22,46.18,46.18,46893
2026-08-27 17:42,46.17,46.29,46.1609,46.2591,107456
2026-08-27 17:43,46.25,46.28,46.1899,46.19,60470
2026-08-27 17:44,46.195,46.37,46.195,46.36,74262
2026-08-27 17:45,46.37,46.405,46.33,46.4,76673
2026-08-27 17:46,46.4,46.43,46.3701,46.405,37404
2026-08-27 17:47,46.4,46.4,46.311,46.365,42553
2026-08-27 17:48,46.3695,46.45,46.36,46.45,28053
2026-08-27 17:49,46.46,46.46,46.38,46.38,34822
2026-08-27 17:50,46.38,46.42,46.3613,46.39,25723
2026-08-27 17:51,46.4,46.429,46.31,46.33,33633
2026-08-27 17:52,46.325,46.355,46.28,46.315,44805
2026-08-27 17:53,46.33,46.36,46.28,46.3,20005
2026-08-27 17:54,46.28,46.2963,46.215,46.285,47202
2026-08-27 17:55,46.2899,46.32,46.26,46.31,35586
2026-08-27 17:56,46.301,46.3799,46.301,46.345,30545
2026-08-27 17:57,46.35,46.445,46.35,46.445,43414
2026-08-27 17:58,46.449,46.49,46.4113,46.43,60144
2026-08-27 17:59,46.44,46.44,46.38,46.4201,25372
2026-08-27 18:00,46.42,46.44,46.375,46.4,35551
2026-08-27 18:01,46.39,46.63,46.38,46.585,121258
2026-08-27 18:02,46.58,46.6499,46.5613,46.575,62740
2026-08-27 18:03,46.5801,46.67,46.56,46.595,80513
2026-08-27 18:04,46.6,46.73,46.6,46.7209,59790
2026-08-27 18:05,46.7299,46.74,46.585,46.6051,98803
2026-08-27 18:06,46.585,46.6,46.54,46.541,64115
2026-08-27 18:07,46.5427,46.61,46.53,46.5691,49917
2026-08-27 18:08,46.5699,46.61,46.55,46.59,29127
2026-08-27 18:09,46.59,46.68,46.585,46.6199,33250
2026-08-27 18:10,46.62,46.71,46.5803,46.64,114731
2026-08-27 18:11,46.64,46.64,46.5609,46.599,55129
2026-08-27 18:12,46.59,46.73,46.58,46.6399,44737
2026-08-27 18:13,46.635,46.695,46.61,46.69,22990
2026-08-27 18:14,46.68,46.73,46.52,46.57,43621
2026-08-27 18:15,46.575,46.625,46.54,46.605,40282
2026-08-27 18:16,46.6201,46.7,46.6,46.69,32361
2026-08-27 18:17,46.69,46.695,46.635,46.635,35596
2026-08-27 18:18,46.635,46.635,46.58,46.58,30458
2026-08-27 18:19,46.56,46.62,46.52,46.605,24828
2026-08-27 18:20,46.605,46.6584,46.5903,46.64,17131
2026-08-27 18:21,46.641,46.71,46.641,46.65,39129
2026-08-27 18:22,46.64,46.695,46.615,46.68,20357
2026-08-27 18:23,46.6701,46.749,46.65,46.7388,45432
2026-08-27 18:24,46.73,46.79,46.7212,46.75,35665
2026-08-27 18:25,46.745,46.875,46.745,46.87,57060
2026-08-27 18:26,46.87,46.88,46.81,46.835,42228
2026-08-27 18:27,46.86,47.07,46.85,47.06,153262
2026-08-27 18:28,47.076,47.145,46.96,46.99,100473
2026-08-27 18:29,46.9901,47.109,46.99,47.015,62125
2026-08-27 18:30,47.03,47.06,46.89,46.91,69827
2026-08-27 18:31,46.905,46.97,46.7801,46.83,65631
2026-08-27 18:32,46.83,46.85,46.68,46.7305,171885
2026-08-27 18:33,46.75,46.97,46.72,46.97,49614
2026-08-27 18:34,46.99,47.0199,46.91,46.9263,56404
2026-08-27 18:35,46.93,46.97,46.88,46.91,33908
2026-08-27 18:36,46.91,46.9399,46.84,46.84,28276
2026-08-27 18:37,46.86,46.875,46.81,46.8499,37153
2026-08-27 18:38,46.86,46.8783,46.76,46.79,19515
2026-08-27 18:39,46.7999,46.805,46.695,46.695,35790
2026-08-27 18:40,46.71,46.785,46.7,46.735,27176
2026-08-27 18:41,46.73,46.7599,46.68,46.75,20003
2026-08-27 18:42,46.755,46.78,46.72,46.72,26920
2026-08-27 18:43,46.72,46.72,46.6705,46.69,29031
2026-08-27 18:44,46.6934,46.6934,46.64,46.675,36059
2026-08-27 18:45,46.68,46.76,46.6723,46.745,33351
2026-08-27 18:46,46.72,46.775,46.65,46.72,24288
2026-08-27 18:47,46.7203,46.73,46.665,46.68,10615
2026-08-27 18:48,46.67,46.719,46.66,46.71,9487
2026-08-27 18:49,46.71,46.8664,46.7,46.865,34121
2026-08-27 18:50,46.86,46.91,46.845,46.88,53402
2026-08-27 18:51,46.875,46.9,46.81,46.83,29026
2026-08-27 18:52,46.81,46.81,46.755,46.799,47688
2026-08-27 18:53,46.79,46.8,46.749,46.78,11659
2026-08-27 18:54,46.78,46.79,46.76,46.7751,16169
2026-08-27 18:55,46.79,46.92,46.79,46.815,37117
2026-08-27 18:56,46.83,46.855,46.79,46.81,15003
2026-08-27 18:57,46.82,46.83,46.77,46.81,12784
2026-08-27 18:58,46.785,46.8087,46.6601,46.68,52716
2026-08-27 18:59,46.69,46.74,46.69,46.73,16748
2026-08-27 19:00,46.725,46.78,46.64,46.68,42629
2026-08-27 19:01,46.675,46.7,46.63,46.685,20673
2026-08-27 19:02,46.68,46.69,46.63,46.69,17581
2026-08-27 19:03,46.695,46.7,46.65,46.67,15585
2026-08-27 19:04,46.65,46.66,46.52,46.5701,57606
2026-08-27 19:05,46.579,46.67,46.51,46.645,64925
2026-08-27 19:06,46.6359,46.735,46.595,46.6,33378
2026-08-27 19:07,46.6,46.65,46.565,46.641,32321
2026-08-27 19:08,46.65,46.83,46.63,46.665,37552
2026-08-27 19:09,46.67,46.67,46.59,46.59,15745
2026-08-27 19:10,46.575,46.605,46.52,46.545,38806
2026-08-27 19:11,46.53,46.58,46.5205,46.57,11981
2026-08-27 19:12,46.56,46.6,46.555,46.595,19666
2026-08-27 19:13,46.5909,46.64,46.53,46.58,22150
2026-08-27 19:14,46.5627,46.64,46.52,46.63,32764
2026-08-27 19:15,46.62,46.625,46.53,46.53,24055
2026-08-27 19:16,46.53,46.56,46.5011,46.56,33953
2026-08-27 19:17,46.54,46.59,46.53,46.56,18499
2026-08-27 19:18,46.555,46.59,46.51,46.51,51878
2026-08-27 19:19,46.51,46.53,46.46,46.4785,68958
2026-08-27 19:20,46.48,46.5097,46.465,46.465,16723
2026-08-27 19:21,46.47,46.48,46.4101,46.48,48068
2026-08-27 19:22,46.4605,46.49,46.438,46.438,30144
2026-08-27 19:23,46.45,46.48,46.425,46.48,51834
2026-08-27 19:24,46.47,46.53,46.4601,46.52,41672
2026-08-27 19:25,46.52,46.61,46.52,46.53,80422
2026-08-27 19:26,46.5291,46.5291,46.435,46.44,57416
2026-08-27 19:27,46.43,46.605,46.43,46.605,35237
2026-08-27 19:28,46.61,46.61,46.48,46.484,33996
2026-08-27 19:29,46.4801,46.6301,46.44,46.62,38279
2026-08-27 19:30,46.625,46.72,46.56,46.57,153408
2026-08-27 19:31,46.59,46.64,46.43,46.43,75953
2026-08-27 19:32,46.43,46.455,46.385,46.4,44016
2026-08-27 19:33,46.4,46.475,46.395,46.4301,33318
2026-08-27 19:34,46.43,46.435,46.36,46.36,25024
2026-08-27 19:35,46.36,46.4,46.32,46.35,53714
2026-08-27 19:36,46.36,46.42,46.36,46.38,35454
2026-08-27 19:37,46.37,46.3709,46.32,46.33,27952
2026-08-27 19:38,46.3309,46.345,46.3275,46.3275,19782
2026-08-27 19:39,46.3313,46.37,46.32,46.37,27632
2026-08-27 19:40,46.38,46.4,46.3502,46.3591,19869
2026-08-27 19:41,46.36,46.415,46.33,46.335,34040
2026-08-27 19:42,46.34,46.35,46.33,46.335,14730
2026-08-27 19:43,46.345,46.37,46.33,46.34,18513
2026-08-27 19:44,46.34,46.37,46.34,46.365,20766
2026-08-27 19:45,46.37,46.4,46.315,46.335,56111
2026-08-27 19:46,46.33,46.35,46.275,46.32,218724
2026-08-27 19:47,46.3294,46.35,46.261,46.34,77804
2026-08-27 19:48,46.3487,46.36,46.25,46.26,27200
2026-08-27 19:49,46.255,46.255,46.175,46.195,57263
2026-08-27 19:50,46.2,46.31,46.131,46.14,96380
2026-08-27 19:51,46.13,46.15,46.06,46.14,64757
2026-08-27 19:52,46.12,46.12,45.95,45.95,161913
2026-08-27 19:53,45.95,45.97,45.875,45.935,192660
2026-08-27 19:54,45.94,45.96,45.795,45.86,143270
2026-08-27 19:55,45.85,45.96,45.69,45.76,256386
2026-08-27 19:56,45.759,45.76,45.5801,45.605,166640
2026-08-27 19:57,45.6,45.6012,45.45,45.47,170356
2026-08-27 19:58,45.46,45.46,45.2203,45.29,236157
2026-08-27 19:59,45.29,45.38,45.21,45.35,383694
2026-08-28 13:30,46.605,47.15,46.48,46.9501,4.53076e+06
2026-08-28 13:31,46.99,47.36,46.92,47.345,288681
2026-08-28 13:32,47.34,47.39,47.13,47.2305,282877
2026-08-28 13:33,47.2601,47.4199,47.13,47.21,215633
2026-08-28 13:34,47.25,47.3,47.0601,47.209,138640
2026-08-28 13:35,47.2,47.41,47.04,47.24,192099
2026-08-28 13:36,47.24,47.4839,46.97,46.975,311013
2026-08-28 13:37,46.971,47.14,46.8013,47.12,237559
2026-08-28 13:38,47.12,47.15,46.74,46.74,174545
2026-08-28 13:39,46.74,46.93,46.6,46.6201,184781
2026-08-28 13:40,46.65,46.68,46.2813,46.3,261662
2026-08-28 13:41,46.29,46.38,46.15,46.2109,193647
2026-08-28 13:42,46.22,46.57,46.18,46.3095,197694
2026-08-28 13:43,46.32,46.58,46.24,46.37,221414
2026-08-28 13:44,46.37,46.6083,46.33,46.545,200305
2026-08-28 13:45,46.53,46.7391,46.44,46.4903,276685
2026-08-28 13:46,46.5099,46.715,46.44,46.55,244301
2026-08-28 13:47,46.555,46.65,46.5,46.54,108858
2026-08-28 13:48,46.51,46.62,46.4007,46.5,72970
2026-08-28 13:49,46.52,46.84,46.435,46.815,333836
2026-08-28 13:50,46.81,46.84,46.61,46.71,122074
2026-08-28 13:51,46.73,46.865,46.71,46.835,151114
2026-08-28 13:52,46.84,47.11,46.79,47.0301,410210
2026-08-28 13:53,47.0301,47.0499,46.82,46.8218,145456
2026-08-28 13:54,46.8423,47.01,46.79,47.0011,139494
2026-08-28 13:55,47.02,47.055,46.86,46.9389,116444
2026-08-28 13:56,46.93,46.97,46.82,46.875,93009
2026-08-28 13:57,46.9,46.935,46.708,46.715,75677
2026-08-28 13:58,46.735,46.7671,46.6013,46.6013,76116
2026-08-28 13:59,46.6,46.9332,46.48,46.86,157859
2026-08-28 14:00,46.8295,47.06,46.36,46.57,285994
2026-08-28 14:01,46.5507,46.82,46.53,46.765,113223
2026-08-28 14:02,46.705,46.95,46.63,46.7395,86854
2026-08-28 14:03,46.7252,47.07,46.7252,47.07,113987
2026-08-28 14:04,47.0899,47.18,46.7809,46.85,211085
2026-08-28 14:05,46.85,47.2109,46.85,47.1801,120935
2026-08-28 14:06,47.215,47.4,47.11,47.12,265884
2026-08-28 14:07,47.145,47.42,47.135,47.35,223504
2026-08-28 14:08,47.36,47.535,47.07,47.07,317780
2026-08-28 14:09,47.08,47.37,47.03,47.365,231698
2026-08-28 14:10,47.36,47.41,47.12,47.41,152371
2026-08-28 14:11,47.39,47.529,47.32,47.4,215044
2026-08-28 14:12,47.41,47.72,47.4,47.4301,307457
2026-08-28 14:13,47.43,47.86,47.43,47.685,286068
2026-08-28 14:14,47.6884,47.7593,47.55,47.65,256808
2026-08-28 14:15,47.65,47.675,47.42,47.44,207989
2026-08-28 14:16,47.4391,47.5599,47.29,47.36,190397
2026-08-28 14:17,47.35,47.4661,47.2,47.2294,148877
2026-08-28 14:18,47.22,47.32,47.13,47.3,141271
2026-08-28 14:19,47.3,47.3189,47.07,47.2495,142015
2026-08-28 14:20,47.21,47.265,47.01,47.13,137213
2026-08-28 14:21,47.15,47.1599,46.9513,46.99,180110
2026-08-28 14:22,47,47.03,46.75,46.7713,334456
2026-08-28 14:23,46.77,47.01,46.77,46.9994,176201
2026-08-28 14:24,46.9876,47.14,46.8808,46.94,182502
2026-08-28 14:25,46.94,46.99,46.78,46.99,97917
2026-08-28 14:26,46.984,47.2199,46.88,46.88,186602
2026-08-28 14:27,46.86,47.13,46.84,47.045,116756
2026-08-28 14:28,47.035,47.09,46.87,46.97,82060
2026-08-28 14:29,46.97,47.05,46.765,46.765,120165
2026-08-28 14:30,46.77,47.01,46.76,46.9042,108372
2026-08-28 14:31,46.92,47.07,46.86,46.9799,147405
2026-08-28 14:32,46.98,47.06,46.84,46.935,97571
2026-08-28 14:33,46.93,47.01,46.72,46.7664,128771
2026-08-28 14:34,46.77,46.77,46.55,46.5513,408186
2026-08-28 14:35,46.55,46.73,46.455,46.66,238110
2026-08-28 14:36,46.65,46.71,46.58,46.68,82437
2026-08-28 14:37,46.68,46.68,46.5109,46.56,134103
2026-08-28 14:38,46.57,46.57,46.4105,46.5,175415
2026-08-28 14:39,46.5091,46.7,46.49,46.7,95015
2026-08-28 14:40,46.72,46.74,46.5509,46.59,113422
2026-08-28 14:41,46.58,46.845,46.57,46.82,75502
2026-08-28 14:42,46.81,46.835,46.57,46.64,87519
2026-08-28 14:43,46.6209,46.74,46.57,46.675,52566
2026-08-28 14:44,46.665,46.67,46.49,46.6501,88101
2026-08-28 14:45,46.66,46.76,46.6,46.74,69890
2026-08-28 14:46,46.73,46.78,46.66,46.69,122754
2026-08-28 14:47,46.7,46.805,46.62,46.76,53696
2026-08-28 14:48,46.76,46.84,46.75,46.8228,86202
2026-08-28 14:49,46.82,46.935,46.775,46.9038,98396
2026-08-28 14:50,46.9097,46.9391,46.73,46.7895,71673
2026-08-28 14:51,46.8088,46.99,46.7914,46.965,90594
2026-08-28 14:52,46.96,47.05,46.92,47.036,137300
2026-08-28 14:53,47.0101,47.035,46.9534,46.99,81219
2026-08-28 14:54,46.9903,47.06,46.95,47.05,83417
2026-08-28 14:55,47.051,47.065,46.79,46.81,82807
2026-08-28 14:56,46.82,46.82,46.681,46.75,110830
2026-08-28 14:57,46.745,46.81,46.73,46.775,40115
2026-08-28 14:58,46.78,46.87,46.78,46.835,42675
2026-08-28 14:59,46.83,46.89,46.79,46.79,47093
2026-08-28 15:00,46.81,46.845,46.735,46.75,47950
2026-08-28 15:01,46.7495,46.98,46.71,46.98,51076
2026-08-28 15:02,46.9801,47.055,46.941,46.9587,87883
2026-08-28 15:03,46.9611,47.01,46.9,46.975,54717
2026-08-28 15:04,46.965,47.055,46.915,47.025,50965
2026-08-28 15:05,47.05,47.089,46.9601,46.98,61613
2026-08-28 15:06,46.97,47.145,46.96,47.14,99459
2026-08-28 15:07,47.135,47.18,47.1,47.165,73194
2026-08-28 15:08,47.17,47.29,47.17,47.225,148123
2026-08-28 15:09,47.2301,47.29,47.18,47.27,76729
2026-08-28 15:10,47.2875,47.305,47.18,47.305,94180
2026-08-28 15:11,47.3,47.425,47.29,47.34,139911
2026-08-28 15:12,47.355,47.4369,47.32,47.35,93524
2026-08-28 15:13,47.3405,47.39,47.28,47.2801,80152
2026-08-28 15:14,47.2899,47.395,47.18,47.37,99229
2026-08-28 15:15,47.38,47.39,47.2287,47.33,75886
2026-08-28 15:16,47.335,47.37,47.211,47.31,69976
2026-08-28 15:17,47.3,47.39,47.28,47.31,53999
2026-08-28 15:18,47.31,47.38,47.29,47.315,44528
2026-08-28 15:19,47.31,47.335,47.24,47.315,51871
2026-08-28 15:20,47.3113,47.34,47.19,47.225,59005
2026-08-28 15:21,47.21,47.48,47.21,47.4313,132260
2026-08-28 15:22,47.45,47.57,47.42,47.519,121099
2026-08-28 15:23,47.52,47.525,47.335,47.35,69853
2026-08-28 15:24,47.3591,47.42,47.34,47.39,48840
2026-08-28 15:25,47.3901,47.425,47.26,47.2613,48022
2026-08-28 15:26,47.265,47.369,47.22,47.34,66892
2026-08-28 15:27,47.34,47.4,47.33,47.3302,25145
2026-08-28 15:28,47.35,47.41,47.3209,47.33,24928
2026-08-28 15:29,47.33,47.385,47.33,47.35,29120
2026-08-28 15:30,47.35,47.43,47.35,47.42,47071
2026-08-28 15:31,47.415,47.455,47.39,47.45,52640
2026-08-28 15:32,47.46,47.47,47.37,47.4,32801
2026-08-28 15:33,47.425,47.495,47.371,47.495,41135
2026-08-28 15:34,47.4901,47.59,47.46,47.5887,53453
2026-08-28 15:35,47.58,47.615,47.51,47.55,86320
2026-08-28 15:36,47.56,47.58,47.515,47.57,40704
2026-08-28 15:37,47.5813,47.66,47.575,47.659,55480
2026-08-28 15:38,47.65,47.7258,47.6,47.715,102993
2026-08-28 15:39,47.7209,47.855,47.7114,47.825,312260
2026-08-28 15:40,47.825,48.225,47.825,48.2,368091
2026-08-28 15:41,48.2,48.28,48.0205,48.04,242811
2026-08-28 15:42,48.04,48.1391,48,48.12,163708
2026-08-28 15:43,48.14,48.1684,48.025,48.095,95313
2026-08-28 15:44,48.09,48.235,48.085,48.21,133363
2026-08-28 15:45,48.22,48.355,48.22,48.3101,161879
2026-08-28 15:46,48.31,48.53,48.3022,48.53,167428
2026-08-28 15:47,48.53,48.61,48.47,48.5998,213831
2026-08-28 15:48,48.599,48.765,48.57,48.575,210223
2026-08-28 15:49,48.58,48.74,48.58,48.7,299745
2026-08-28 15:50,48.7,48.875,48.58,48.82,301368
2026-08-28 15:51,48.82,49.03,48.7238,49.0199,373093
2026-08-28 15:52,49.0199,49.12,48.99,49.06,232034
2026-08-28 15:53,49.05,49.09,48.78,48.95,366667
2026-08-28 15:54,48.96,49.0087,48.78,48.79,308562
2026-08-28 15:55,48.795,49.065,48.79,49.065,161182
2026-08-28 15:56,49.07,49.38,49.025,49.33,602081
2026-08-28 15:57,49.34,49.48,49.3,49.4199,460799
2026-08-28 15:58,49.4299,49.51,49.3463,49.405,292062
2026-08-28 15:59,49.41,49.595,49.36,49.535,372730
2026-08-28 16:00,49.525,49.69,49.46,49.6739,324382
2026-08-28 16:01,49.675,50.05,49.675,49.805,560036
2026-08-28 16:02,49.8,49.9499,49.69,49.709,420643
2026-08-28 16:03,49.7,49.7899,49.58,49.64,285603
2026-08-28 16:04,49.615,49.91,49.51,49.82,435339
2026-08-28 16:05,49.82,49.8597,49.58,49.5901,404147
2026-08-28 16:06,49.589,49.7399,49.5,49.5101,259974
2026-08-28 16:07,49.52,49.52,49.28,49.3,342056
2026-08-28 16:08,49.31,49.4325,49.19,49.2015,189654
2026-08-28 16:09,49.19,49.2,48.985,49.0009,389132
2026-08-28 16:10,49.005,49.2,49,49.1,230303
2026-08-28 16:11,49.085,49.42,49.07,49.4,167713
2026-08-28 16:12,49.44,49.49,49.22,49.255,157341
2026-08-28 16:13,49.26,49.42,49.23,49.405,75057
2026-08-28 16:14,49.41,49.465,49.3301,49.445,75345
2026-08-28 16:15,49.45,49.63,49.34,49.63,139458
2026-08-28 16:16,49.63,49.73,49.5412,49.615,168548
2026-08-28 16:17,49.62,49.7,49.56,49.65,79685
2026-08-28 16:18,49.6405,49.865,49.6,49.865,364380
2026-08-28 16:19,49.88,49.9,49.69,49.76,155695
2026-08-28 16:20,49.765,49.89,49.6601,49.83,114756
2026-08-28 16:21,49.8395,49.97,49.7401,49.741,139216
2026-08-28 16:22,49.76,49.969,49.76,49.87,301464
2026-08-28 16:23,49.87,49.91,49.73,49.77,134632
2026-08-28 16:24,49.77,49.95,49.661,49.755,182083
2026-08-28 16:25,49.76,49.815,49.68,49.68,70361
2026-08-28 16:26,49.683,49.779,49.6,49.7099,76866
2026-08-28 16:27,49.7,49.755,49.64,49.65,82844
2026-08-28 16:28,49.6435,49.76,49.625,49.7427,97905
2026-08-28 16:29,49.76,49.8,49.7,49.75,82880
2026-08-28 16:30,49.76,49.8,49.63,49.72,59404
2026-08-28 16:31,49.7,49.81,49.63,49.7156,60051
2026-08-28 16:32,49.71,49.78,49.6,49.68,80143
2026-08-28 16:33,49.6891,49.8,49.66,49.7505,68609
2026-08-28 16:34,49.76,50.03,49.7462,50.025,185512
2026-08-28 16:35,50.03,50.05,49.775,49.775,112417
2026-08-28 16:36,49.78,49.84,49.75,49.81,60820
2026-08-28 16:37,49.82,49.89,49.64,49.6811,90498
2026-08-28 16:38,49.6891,49.715,49.62,49.67,60433
2026-08-28 16:39,49.6502,49.875,49.6502,49.73,70319
2026-08-28 16:40,49.76,49.93,49.7587,49.88,50965
2026-08-28 16:41,49.91,50.015,49.8,49.8895,120811
2026-08-28 16:42,49.9011,49.915,49.7805,49.85,52973
2026-08-28 16:43,49.8587,50.015,49.84,49.88,76503
2026-08-28 16:44,49.905,49.93,49.86,49.86,45928
2026-08-28 16:45,49.86,49.86,49.5316,49.54,148001
2026-08-28 16:46,49.54,49.6088,49.41,49.505,150345
2026-08-28 16:47,49.52,49.52,49.39,49.401,84674
2026-08-28 16:48,49.4009,49.4299,49.2805,49.315,87494
2026-08-28 16:49,49.3,49.385,49.24,49.325,84153
2026-08-28 16:50,49.33,49.4699,49.285,49.45,75301
2026-08-28 16:51,49.42,49.45,49.26,49.26,64861
2026-08-28 16:52,49.26,49.36,49.14,49.14,167506
2026-08-28 16:53,49.1401,49.375,49.1401,49.3604,121398
2026-08-28 16:54,49.375,49.48,49.275,49.435,108295
2026-08-28 16:55,49.435,49.509,49.41,49.4509,119300
2026-08-28 16:56,49.48,49.6,49.425,49.555,112564
2026-08-28 16:57,49.565,49.57,49.4311,49.44,139676
2026-08-28 16:58,49.45,49.495,49.35,49.49,51176
2026-08-28 16:59,49.48,49.54,49.44,49.54,158382
2026-08-28 17:00,49.55,49.9,49.54,49.89,129191
2026-08-28 17:01,49.89,49.975,49.885,49.965,177525
2026-08-28 17:02,49.95,50.02,49.81,49.885,173403
2026-08-28 17:03,49.8987,49.929,49.79,49.825,67665
2026-08-28 17:04,49.85,49.86,49.625,49.82,79178
2026-08-28 17:05,49.835,50.05,49.835,50.01,126101
2026-08-28 17:06,50.005,50.23,49.9901,50.1961,164717
2026-08-28 17:07,50.2,50.22,50.055,50.075,136764
2026-08-28 17:08,50.07,50.0899,49.9199,49.9276,106939
2026-08-28 17:09,49.911,49.995,49.8713,49.965,76509
2026-08-28 17:10,49.99,50.07,49.95,49.9891,122352
2026-08-28 17:11,49.995,50.01,49.9195,49.95,51523
2026-08-28 17:12,49.9401,49.945,49.79,49.84,96139
2026-08-28 17:13,49.8591,49.895,49.785,49.79,46046
2026-08-28 17:14,49.7915,49.835,49.76,49.775,45113
2026-08-28 17:15,49.78,49.895,49.751,49.855,55327
2026-08-28 17:16,49.84,49.9,49.82,49.84,37617
2026-08-28 17:17,49.84,49.8599,49.68,49.7,72101
2026-08-28 17:18,49.7,49.83,49.7,49.765,52565
2026-08-28 17:19,49.745,49.78,49.71,49.7609,61661
2026-08-28 17:20,49.7613,49.82,49.685,49.82,36830
2026-08-28 17:21,49.82,49.95,49.82,49.9,51579
2026-08-28 17:22,49.895,49.94,49.84,49.9176,37690
2026-08-28 17:23,49.91,49.93,49.7959,49.91,36839
2026-08-28 17:24,49.915,49.915,49.7402,49.7402,28286
2026-08-28 17:25,49.735,49.84,49.71,49.82,22170
2026-08-28 17:26,49.81,49.8201,49.74,49.799,23629
2026-08-28 17:27,49.815,49.815,49.67,49.705,38187
2026-08-28 17:28,49.7,49.7,49.535,49.555,109204
2026-08-28 17:29,49.56,49.74,49.545,49.7201,70612
2026-08-28 17:30,49.7299,49.7699,49.6187,49.6595,43235
2026-08-28 17:31,49.65,49.7,49.5791,49.5791,26988
2026-08-28 17:32,49.5801,49.62,49.51,49.511,55679
2026-08-28 17:33,49.515,49.515,49.43,49.48,46652
2026-08-28 17:34,49.48,49.5709,49.47,49.53,76372
2026-08-28 17:35,49.53,49.53,49.425,49.435,164215
2026-08-28 17:36,49.445,49.49,49.415,49.4303,79400
2026-08-28 17:37,49.43,49.56,49.371,49.4999,142434
2026-08-28 17:38,49.505,49.5787,49.49,49.55,27840
2026-08-28 17:39,49.555,49.735,49.5495,49.72,59422
2026-08-28 17:40,49.7199,49.74,49.585,49.67,42875
2026-08-28 17:41,49.68,49.71,49.611,49.625,46100
2026-08-28 17:42,49.64,49.675,49.59,49.6,23664
2026-08-28 17:43,49.601,49.675,49.565,49.669,23515
2026-08-28 17:44,49.63,49.66,49.58,49.58,18123
2026-08-28 17:45,49.595,49.63,49.49,49.51,35864
2026-08-28 17:46,49.512,49.52,49.37,49.415,101454
2026-08-28 17:47,49.415,49.425,49.339,49.38,160689
2026-08-28 17:48,49.385,49.385,49.22,49.23,116441
2026-08-28 17:49,49.24,49.24,49.18,49.2201,77185
2026-08-28 17:50,49.225,49.31,49.2101,49.301,44732
2026-08-28 17:51,49.305,49.3398,49.19,49.2,68605
2026-08-28 17:52,49.2,49.24,49.15,49.24,41807
2026-08-28 17:53,49.255,49.28,49.21,49.26,38057
2026-08-28 17:54,49.27,49.2998,49.1811,49.211,30901
2026-08-28 17:55,49.235,49.41,49.23,49.37,39889
2026-08-28 17:56,49.37,49.3999,49.33,49.341,35094
2026-08-28 17:57,49.34,49.349,49.2599,49.3,26490
2026-08-28 17:58,49.305,49.34,49.29,49.305,19412
2026-08-28 17:59,49.3109,49.315,49.25,49.315,14098
2026-08-28 18:00,49.315,49.36,49.255,49.32,25126
2026-08-28 18:01,49.33,49.42,49.3195,49.3801,37086
2026-08-28 18:02,49.365,49.47,49.325,49.345,39954
2026-08-28 18:03,49.35,49.44,49.35,49.4,28478
2026-08-28 18:04,49.4,49.5599,49.395,49.5399,30767
2026-08-28 18:05,49.54,49.55,49.42,49.47,59656
2026-08-28 18:06,49.4862,49.519,49.445,49.49,29355
2026-08-28 18:07,49.4759,49.515,49.42,49.465,46828
2026-08-28 18:08,49.462,49.485,49.395,49.395,27184
2026-08-28 18:09,49.39,49.499,49.37,49.48,27393
2026-08-28 18:10,49.465,49.529,49.45,49.505,45187
2026-08-28 18:11,49.51,49.535,49.41,49.42,24726
2026-08-28 18:12,49.43,49.46,49.375,49.4109,30660
2026-08-28 18:13,49.42,49.485,49.395,49.46,33928
2026-08-28 18:14,49.4499,49.57,49.44,49.565,32237
2026-08-28 18:15,49.57,49.575,49.49,49.519,33811
2026-08-28 18:16,49.53,49.54,49.46,49.54,24132
2026-08-28 18:17,49.545,49.585,49.495,49.5401,21521
2026-08-28 18:18,49.549,49.549,49.48,49.515,20264
2026-08-28 18:19,49.53,49.535,49.495,49.51,14420
2026-08-28 18:20,49.5,49.53,49.441,49.46,23183
2026-08-28 18:21,49.46,49.485,49.3887,49.3887,28826
2026-08-28 18:22,49.375,49.455,49.37,49.45,24965
2026-08-28 18:23,49.46,49.61,49.45,49.6,94994
2026-08-28 18:24,49.5987,49.5987,49.5,49.5495,79495
2026-08-28 18:25,49.529,49.5887,49.5099,49.535,26089
2026-08-28 18:26,49.51,49.5297,49.41,49.465,66319
2026-08-28 18:27,49.45,49.465,49.41,49.45,60028
2026-08-28 18:28,49.465,49.475,49.4391,49.45,20833
2026-08-28 18:29,49.47,49.555,49.46,49.54,23534
2026-08-28 18:30,49.55,49.55,49.5,49.5294,21053
2026-08-28 18:31,49.53,49.5301,49.46,49.48,25930
2026-08-28 18:32,49.49,49.6,49.46,49.6,29643
2026-08-28 18:33,49.6,49.64,49.53,49.5487,40862
2026-08-28 18:34,49.56,49.565,49.43,49.43,30353
2026-08-28 18:35,49.445,49.445,49.342,49.44,29814
2026-08-28 18:36,49.445,49.49,49.4287,49.49,27556
2026-08-28 18:37,49.48,49.555,49.475,49.55,38428
2026-08-28 18:38,49.56,49.5801,49.535,49.54,16852
2026-08-28 18:39,49.5401,49.6,49.52,49.6,18749
2026-08-28 18:40,49.6,49.6,49.47,49.485,19530
2026-08-28 18:41,49.48,49.57,49.48,49.57,10029
2026-08-28 18:42,49.58,49.7196,49.58,49.7,83503
2026-08-28 18:43,49.705,49.7095,49.625,49.65,51298
2026-08-28 18:44,49.6605,49.6605,49.605,49.62,23112
2026-08-28 18:45,49.615,49.71,49.61,49.6687,29287
2026-08-28 18:46,49.65,49.71,49.65,49.695,21473
2026-08-28 18:47,49.7,49.705,49.6587,49.665,20907
2026-08-28 18:48,49.69,49.78,49.6687,49.7687,34533
2026-08-28 18:49,49.775,49.789,49.7113,49.7601,28080
2026-08-28 18:50,49.77,49.95,49.77,49.8987,133948
2026-08-28 18:51,49.905,49.94,49.8501,49.89,54686
2026-08-28 18:52,49.89,49.949,49.865,49.945,32807
2026-08-28 18:53,49.945,49.975,49.84,49.8409,50111
2026-08-28 18:54,49.845,49.895,49.8309,49.87,22965
2026-08-28 18:55,49.88,49.98,49.88,49.915,47176
2026-08-28 18:56,49.905,49.925,49.85,49.855,97459
2026-08-28 18:57,49.85,49.89,49.81,49.855,56237
2026-08-28 18:58,49.84,49.945,49.84,49.89,41886
2026-08-28 18:59,49.875,49.8991,49.8305,49.885,25857
2026-08-28 19:00,49.88,49.95,49.851,49.915,32885
2026-08-28 19:01,49.93,49.94,49.7,49.7,66356
2026-08-28 19:02,49.7,49.7203,49.635,49.651,68746
2026-08-28 19:03,49.6501,49.68,49.6009,49.665,44736
2026-08-28 19:04,49.65,49.75,49.635,49.741,48365
2026-08-28 19:05,49.745,49.795,49.6,49.635,61870
2026-08-28 19:06,49.635,49.925,49.6,49.925,206107
2026-08-28 19:07,49.92,49.93,49.735,49.74,59170
2026-08-28 19:08,49.745,49.75,49.62,49.645,66196
2026-08-28 19:09,49.64,49.65,49.55,49.565,50281
2026-08-28 19:10,49.57,49.75,49.56,49.7055,68185
2026-08-28 19:11,49.7,49.73,49.6301,49.655,69227
2026-08-28 19:12,49.6527,49.655,49.6,49.64,55385
2026-08-28 19:13,49.64,49.72,49.63,49.7032,25691
2026-08-28 19:14,49.71,49.7887,49.64,49.655,46329
2026-08-28 19:15,49.66,49.725,49.599,49.64,34107
2026-08-28 19:16,49.635,49.73,49.615,49.72,37746
2026-08-28 19:17,49.71,49.765,49.69,49.7001,32774
2026-08-28 19:18,49.73,49.77,49.655,49.68,44548
2026-08-28 19:19,49.685,49.685,49.53,49.54,34742
2026-08-28 19:20,49.555,49.56,49.481,49.495,68662
2026-08-28 19:21,49.49,49.615,49.43,49.57,85468
2026-08-28 19:22,49.585,49.585,49.525,49.57,54842
2026-08-28 19:23,49.58,49.65,49.555,49.63,53113
2026-08-28 19:24,49.625,49.635,49.5113,49.5401,23789
2026-08-28 19:25,49.545,49.625,49.53,49.53,25343
2026-08-28 19:26,49.53,49.545,49.425,49.425,56137
2026-08-28 19:27,49.43,49.445,49.3536,49.4,94179
2026-08-28 19:28,49.39,49.45,49.37,49.445,41617
2026-08-28 19:29,49.43,49.455,49.305,49.37,48348
2026-08-28 19:30,49.36,49.54,49.3105,49.35,146071
2026-08-28 19:31,49.34,49.425,49.29,49.425,103909
2026-08-28 19:32,49.415,49.44,49.38,49.385,50384
2026-08-28 19:33,49.38,49.42,49.3513,49.385,24721
2026-08-28 19:34,49.41,49.475,49.38,49.47,47303
2026-08-28 19:35,49.485,49.5499,49.46,49.509,56630
2026-08-28 19:36,49.505,49.62,49.505,49.601,117637
2026-08-28 19:37,49.61,49.64,49.579,49.58,64714
2026-08-28 19:38,49.57,49.64,49.57,49.6,51709
2026-08-28 19:39,49.61,49.61,49.54,49.5411,45075
2026-08-28 19:40,49.54,49.54,49.44,49.47,66290
2026-08-28 19:41,49.48,49.51,49.43,49.4401,63237
2026-08-28 19:42,49.43,49.47,49.405,49.425,81210
2026-08-28 19:43,49.43,49.485,49.385,49.42,69764
2026-08-28 19:44,49.401,49.46,49.381,49.4499,33632
2026-08-28 19:45,49.44,49.54,49.3703,49.49,76722
2026-08-28 19:46,49.51,49.619,49.465,49.585,49046
2026-08-28 19:47,49.58,49.62,49.565,49.6,66331
2026-08-28 19:48,49.595,49.61,49.511,49.511,61750
2026-08-28 19:49,49.5186,49.53,49.42,49.44,73198
2026-08-28 19:50,49.43,49.58,49.21,49.4101,274159
2026-08-28 19:51,49.429,49.64,49.37,49.62,272384
2026-08-28 19:52,49.62,49.6888,49.56,49.67,149148
2026-08-28 19:53,49.6877,49.7677,49.65,49.695,166908
2026-08-28 19:54,49.69,49.71,49.54,49.65,154331
2026-08-28 19:55,49.65,49.78,49.58,49.6,220737
2026-08-28 19:56,49.5803,49.645,49.5301,49.62,86560
2026-08-28 19:57,49.63,49.7,49.58,49.685,99772
2026-08-28 19:58,49.68,49.77,49.62,49.75,207288
2026-08-28 19:59,49.75,49.87,49.695,49.775,444824
2026-08-31 13:30,49.27,49.36,48.62,48.715,6.94584e+06
2026-08-31 13:31,48.705,48.79,48.09,48.2406,384396
2026-08-31 13:32,48.2374,48.54,48.1,48.49,392156
2026-08-31 13:33,48.46,48.83,48.34,48.5398,285769
2026-08-31 13:34,48.5682,48.64,48.3549,48.42,306378
2026-08-31 13:35,48.45,49.07,48.45,49.07,253566
2026-08-31 13:36,49.06,49.26,48.86,49.19,433593
2026-08-31 13:37,49.2,49.39,48.9,49.0312,254072
2026-08-31 13:38,49.035,49.4001,48.86,49.4001,187306
2026-08-31 13:39,49.41,49.66,49.3,49.63,352338
2026-08-31 13:40,49.6211,49.78,49.3759,49.46,264896
2026-08-31 13:41,49.47,49.51,49.23,49.2799,145424
2026-08-31 13:42,49.28,49.3888,48.99,49.11,182796
2026-08-31 13:43,49.095,49.27,49.01,49.24,127555
2026-08-31 13:44,49.24,49.31,49.155,49.25,187285
2026-08-31 13:45,49.27,49.35,49.13,49.1651,316037
2026-08-31 13:46,49.175,49.29,49.03,49.1351,189927
2026-08-31 13:47,49.12,49.39,48.55,48.56,383411
2026-08-31 13:48,48.58,48.86,48.48,48.606,323137
2026-08-31 13:49,48.62,49.159,48.6,48.945,261019
2026-08-31 13:50,48.95,49.15,48.81,49.1058,226266
2026-08-31 13:51,49.0837,49.24,48.74,48.78,429969
2026-08-31 13:52,48.77,49.1,48.77,49.0737,152713
2026-08-31 13:53,49.07,49.1109,48.66,48.6624,238025
2026-08-31 13:54,48.69,48.89,48.6738,48.72,177883
2026-08-31 13:55,48.72,48.845,48.6101,48.65,141595
2026-08-31 13:56,48.65,48.9299,48.6,48.8702,153828
2026-08-31 13:57,48.9,48.91,48.735,48.7439,242799
2026-08-31 13:58,48.755,48.89,48.66,48.7,116825
2026-08-31 13:59,48.68,48.81,48.641,48.78,68511
2026-08-31 14:00,48.76,48.8,48.611,48.67,141361
2026-08-31 14:01,48.65,48.75,48.48,48.7,233895
2026-08-31 14:02,48.72,49.04,48.6638,49.01,266567
2026-08-31 14:03,49.02,49.1401,48.95,49.1401,252857
2026-08-31 14:04,49.135,49.16,48.87,48.9975,140784
2026-08-31 14:05,48.995,49.09,48.81,48.94,78727
2026-08-31 14:06,48.9399,49.26,48.9399,49.225,131683
2026-08-31 14:07,49.23,49.26,48.98,49.1788,125627
2026-08-31 14:08,49.18,49.215,49.03,49.16,193685
2026-08-31 14:09,49.155,49.26,49.12,49.2591,58177
2026-08-31 14:10,49.27,49.2901,49.11,49.12,112820
2026-08-31 14:11,49.12,49.225,49.0306,49.18,109639
2026-08-31 14:12,49.2057,49.33,49.17,49.225,208326
2026-08-31 14:13,49.24,49.35,49.22,49.2399,139106
2026-08-31 14:14,49.24,49.2895,49.07,49.13,223366
2026-08-31 14:15,49.1412,49.25,49.11,49.195,45792
2026-08-31 14:16,49.18,49.2,48.97,48.98,76755
2026-08-31 14:17,48.99,49.14,48.98,49.02,61139
2026-08-31 14:18,49.01,49.11,48.84,49.07,104447
2026-08-31 14:19,49.09,49.0942,48.94,49.03,48509
2026-08-31 14:20,49.05,49.149,48.99,49,58567
2026-08-31 14:21,49.01,49.085,48.86,48.9,89387
2026-08-31 14:22,48.91,49.1,48.88,49.0995,57924
2026-08-31 14:23,49.1,49.2699,49.1,49.19,243912
2026-08-31 14:24,49.215,49.38,49.2103,49.38,150074
2026-08-31 14:25,49.3899,49.47,49.34,49.37,153712
2026-08-31 14:26,49.36,49.44,49.27,49.42,66417
2026-08-31 14:27,49.42,49.46,49.33,49.36,127876
2026-08-31 14:28,49.335,49.41,49.265,49.2812,57944
2026-08-31 14:29,49.27,49.46,49.27,49.39,71521
2026-08-31 14:30,49.4,49.44,49.2801,49.34,96734
2026-08-31 14:31,49.3699,49.5405,49.343,49.47,165735
2026-08-31 14:32,49.465,49.48,49.36,49.395,86823
2026-08-31 14:33,49.41,49.45,49.32,49.34,34369
2026-08-31 14:34,49.339,49.37,49.25,49.3,83625
2026-08-31 14:35,49.3,49.395,49.14,49.155,116736
2026-08-31 14:36,49.16,49.17,49.03,49.05,86925
2026-08-31 14:37,49.05,49.14,48.9612,49.125,71087
2026-08-31 14:38,49.125,49.2,49.079,49.185,37704
2026-08-31 14:39,49.2,49.24,49.1,49.1,34767
2026-08-31 14:40,49.13,49.15,48.9325,49.04,93755
2026-08-31 14:41,49.05,49.14,49.0425,49.1001,63965
2026-08-31 14:42,49.11,49.12,49.01,49.0312,95436
2026-08-31 14:43,49.03,49.1,49.025,49.045,38434
2026-08-31 14:44,49.06,49.1,48.98,49.05,64290
2026-08-31 14:45,49.02,49.11,49.01,49.08,104959
2026-08-31 14:46,49.0601,49.18,49.0401,49.1011,45167
2026-08-31 14:47,49.11,49.2987,49.11,49.2662,99564
2026-08-31 14:48,49.25,49.3699,49.2122,49.3699,72638
2026-08-31 14:49,49.38,49.46,49.33,49.4199,100711
2026-08-31 14:50,49.4,49.44,49.2901,49.31,39535
2026-08-31 14:51,49.34,49.4,49.28,49.3403,80271
2026-08-31 14:52,49.35,49.485,49.34,49.42,68786
2026-08-31 14:53,49.4113,49.6,49.4113,49.55,69051
2026-08-31 14:54,49.555,49.555,49.37,49.385,52158
2026-08-31 14:55,49.39,49.42,49.2903,49.355,68867
2026-08-31 14:56,49.36,49.365,49.24,49.33,63281
2026-08-31 14:57,49.35,49.35,49.25,49.2699,27275
2026-08-31 14:58,49.26,49.445,49.25,49.43,29519
2026-08-31 14:59,49.43,49.62,49.43,49.5311,162996
2026-08-31 15:00,49.535,49.55,49.36,49.45,110146
2026-08-31 15:01,49.43,49.605,49.42,49.56,41405
2026-08-31 15:02,49.55,49.72,49.505,49.69,139958
2026-08-31 15:03,49.705,49.82,49.66,49.6999,125957
2026-08-31 15:04,49.7,49.83,49.615,49.695,127825
2026-08-31 15:05,49.7,49.77,49.635,49.64,54304
2026-08-31 15:06,49.64,49.6899,49.59,49.59,70330
2026-08-31 15:07,49.59,49.72,49.564,49.72,43930
2026-08-31 15:08,49.71,49.85,49.71,49.7888,51239
2026-08-31 15:09,49.78,49.86,49.75,49.86,59387
2026-08-31 15:10,49.87,49.885,49.73,49.85,104809
2026-08-31 15:11,49.84,49.985,49.84,49.96,127484
2026-08-31 15:12,49.96,49.96,49.78,49.785,129698
2026-08-31 15:13,49.79,49.85,49.75,49.81,59780
2026-08-31 15:14,49.82,49.865,49.775,49.78,79353
2026-08-31 15:15,49.78,49.805,49.7,49.789,78563
2026-08-31 15:16,49.78,49.84,49.73,49.83,24917
2026-08-31 15:17,49.83,49.94,49.83,49.935,173012
2026-08-31 15:18,49.94,49.97,49.9283,49.949,81396
2026-08-31 15:19,49.94,49.94,49.7701,49.8,62358
2026-08-31 15:20,49.8,49.865,49.73,49.73,43108
2026-08-31 15:21,49.725,49.76,49.62,49.625,68925
2026-08-31 15:22,49.6303,49.655,49.6,49.655,47551
2026-08-31 15:23,49.64,49.735,49.63,49.735,33554
2026-08-31 15:24,49.7213,49.75,49.63,49.635,32078
2026-08-31 15:25,49.63,49.7,49.54,49.695,47563
2026-08-31 15:26,49.69,49.71,49.6,49.6,38018
2026-08-31 15:27,49.63,49.65,49.55,49.55,20025
2026-08-31 15:28,49.55,49.56,49.4209,49.4601,81313
2026-08-31 15:29,49.45,49.61,49.43,49.604,34825
2026-08-31 15:30,49.62,49.72,49.55,49.7099,62231
2026-08-31 15:31,49.69,49.855,49.67,49.67,83186
2026-08-31 15:32,49.68,49.7699,49.62,49.755,45178
2026-08-31 15:33,49.769,49.82,49.74,49.7901,34332
2026-08-31 15:34,49.785,49.815,49.7,49.74,30166
2026-08-31 15:35,49.75,49.78,49.72,49.7495,28259
2026-08-31 15:36,49.765,49.79,49.721,49.76,25284
2026-08-31 15:37,49.75,49.885,49.75,49.825,71508
2026-08-31 15:38,49.82,49.865,49.771,49.84,60145
2026-08-31 15:39,49.835,49.875,49.78,49.79,29110
2026-08-31 15:40,49.7701,49.8691,49.765,49.85,19581
2026-08-31 15:41,49.86,49.919,49.86,49.86,43070
2026-08-31 15:42,49.88,49.895,49.84,49.841,18461
2026-08-31 15:43,49.855,49.89,49.8,49.87,27914
2026-08-31 15:44,49.865,49.8699,49.7409,49.755,37069
2026-08-31 15:45,49.775,49.86,49.7305,49.825,27458
2026-08-31 15:46,49.82,49.83,49.67,49.695,38227
2026-08-31 15:47,49.705,49.8,49.6801,49.8,28918
2026-08-31 15:48,49.8091,49.8205,49.77,49.7988,19903
2026-08-31 15:49,49.79,49.82,49.765,49.82,56825
2026-08-31 15:50,49.82,49.84,49.73,49.73,33200
2026-08-31 15:51,49.7301,49.815,49.7,49.8,65680
2026-08-31 15:52,49.8,49.83,49.78,49.8,35440
2026-08-31 15:53,49.79,49.845,49.74,49.84,27690
2026-08-31 15:54,49.83,49.9,49.8209,49.9,39921
2026-08-31 15:55,49.9,49.99,49.871,49.95,82122
2026-08-31 15:56,49.9502,50,49.9099,49.99,34215
2026-08-31 15:57,49.9898,50.015,49.9301,49.96,88524
2026-08-31 15:58,49.96,50.04,49.96,50.0225,63818
2026-08-31 15:59,50.025,50.04,49.969,50,82551
2026-08-31 16:00,50.01,50.1,49.9809,50.08,55794
2026-08-31 16:01,50.09,50.18,50.08,50.085,69789
2026-08-31 16:02,50.0799,50.1,50.04,50.08,45765
2026-08-31 16:03,50.08,50.11,50.05,50.095,21605
2026-08-31 16:04,50.085,50.15,50.085,50.125,80940
2026-08-31 16:05,50.12,50.1299,50.03,50.08,37438
2026-08-31 16:06,50.09,50.14,50.08,50.12,33968
2026-08-31 16:07,50.1175,50.1499,50.08,50.149,21409
2026-08-31 16:08,50.1409,50.24,50.1409,50.2191,58400
2026-08-31 16:09,50.1987,50.2098,50.15,50.18,46862
2026-08-31 16:10,50.19,50.199,49.93,49.935,79940
2026-08-31 16:11,49.935,50.0001,49.86,49.861,95006
2026-08-31 16:12,49.865,49.945,49.81,49.935,76350
2026-08-31 16:13,49.93,50.0286,49.93,50.02,47824
2026-08-31 16:14,50.0196,50.06,49.9523,49.96,39074
2026-08-31 16:15,49.9513,49.9887,49.87,49.94,30810
2026-08-31 16:16,49.93,49.98,49.8913,49.9601,34662
2026-08-31 16:17,49.96,50.03,49.95,49.96,41486
2026-08-31 16:18,49.93,49.95,49.9,49.945,18135
2026-08-31 16:19,49.94,49.96,49.89,49.89,20560
2026-08-31 16:20,49.88,49.88,49.82,49.865,38689
2026-08-31 16:21,49.865,49.865,49.79,49.821,31673
2026-08-31 16:22,49.825,49.9,49.8001,49.845,25134
2026-08-31 16:23,49.835,49.875,49.8105,49.87,24827
2026-08-31 16:24,49.87,49.88,49.81,49.8399,33128
2026-08-31 16:25,49.82,49.82,49.74,49.765,29602
2026-08-31 16:26,49.7701,49.8,49.7211,49.73,42726
2026-08-31 16:27,49.73,49.7399,49.67,49.6899,58841
2026-08-31 16:28,49.68,49.71,49.65,49.65,52617
2026-08-31 16:29,49.655,49.661,49.58,49.59,84170
2026-08-31 16:30,49.58,49.66,49.54,49.66,88162
2026-08-31 16:31,49.635,49.6791,49.5827,49.62,39677
2026-08-31 16:32,49.63,49.65,49.5809,49.61,29278
2026-08-31 16:33,49.61,49.66,49.59,49.6459,27604
2026-08-31 16:34,49.65,49.66,49.61,49.655,19978
2026-08-31 16:35,49.659,49.659,49.57,49.62,28245
2026-08-31 16:36,49.605,49.625,49.54,49.56,22113
2026-08-31 16:37,49.5627,49.5999,49.55,49.575,30595
2026-08-31 16:38,49.575,49.63,49.57,49.625,22453
2026-08-31 16:39,49.6296,49.6891,49.61,49.6891,26710
2026-08-31 16:40,49.68,49.71,49.6209,49.625,45330
2026-08-31 16:41,49.625,49.625,49.4814,49.4814,49442
2026-08-31 16:42,49.48,49.5287,49.46,49.52,45521
2026-08-31 16:43,49.5102,49.569,49.4,49.4187,40855
2026-08-31 16:44,49.42,49.539,49.4099,49.53,30592
2026-08-31 16:45,49.525,49.56,49.51,49.56,30915
2026-08-31 16:46,49.565,49.61,49.55,49.61,35181
2026-08-31 16:47,49.61,49.6499,49.6,49.62,50047
2026-08-31 16:48,49.62,49.62,49.515,49.52,21933
2026-08-31 16:49,49.515,49.524,49.46,49.52,14920
2026-08-31 16:50,49.525,49.56,49.495,49.495,23220
2026-08-31 16:51,49.48,49.48,49.4003,49.41,28934
2026-08-31 16:52,49.42,49.48,49.3909,49.48,24058
2026-08-31 16:53,49.46,49.46,49.395,49.42,21788
2026-08-31 16:54,49.411,49.46,49.411,49.43,22215
2026-08-31 16:55,49.44,49.46,49.41,49.46,20937
2026-08-31 16:56,49.46,49.465,49.41,49.42,20941
2026-08-31 16:57,49.425,49.43,49.351,49.36,55026
2026-08-31 16:58,49.36,49.39,49.36,49.389,27650
2026-08-31 16:59,49.39,49.435,49.355,49.355,18056
2026-08-31 17:00,49.39,49.4503,49.375,49.45,18316
2026-08-31 17:01,49.455,49.455,49.38,49.38,24523
2026-08-31 17:02,49.38,49.4413,49.38,49.4187,16203
2026-08-31 17:03,49.4189,49.48,49.39,49.48,21998
2026-08-31 17:04,49.48,49.5,49.46,49.46,38551
2026-08-31 17:05,49.44,49.4499,49.38,49.4426,30850
2026-08-31 17:06,49.45,49.49,49.43,49.49,20527
2026-08-31 17:07,49.485,49.5099,49.44,49.45,14326
2026-08-31 17:08,49.45,49.52,49.41,49.481,33009
2026-08-31 17:09,49.469,49.49,49.445,49.475,11862
2026-08-31 17:10,49.47,49.5699,49.47,49.565,15109
2026-08-31 17:11,49.56,49.57,49.51,49.565,92171
2026-08-31 17:12,49.5687,49.62,49.545,49.58,31586
2026-08-31 17:13,49.5899,49.6,49.545,49.6,32773
2026-08-31 17:14,49.6,49.63,49.5692,49.625,18129
2026-08-31 17:15,49.625,49.67,49.6112,49.62,33604
2026-08-31 17:16,49.6,49.62,49.54,49.54,21019
2026-08-31 17:17,49.55,49.6,49.521,49.575,22407
2026-08-31 17:18,49.61,49.685,49.61,49.67,58048
2026-08-31 17:19,49.67,49.685,49.6499,49.65,79806
2026-08-31 17:20,49.6713,49.719,49.64,49.6691,20725
2026-08-31 17:21,49.675,49.675,49.64,49.64,6399
2026-08-31 17:22,49.66,49.67,49.59,49.615,10896
2026-08-31 17:23,49.61,49.6201,49.595,49.6,5991
2026-08-31 17:24,49.605,49.6391,49.6,49.635,12956
2026-08-31 17:25,49.65,49.73,49.639,49.72,47046
2026-08-31 17:26,49.725,49.77,49.71,49.755,33067
2026-08-31 17:27,49.755,49.77,49.7205,49.739,24010
2026-08-31 17:28,49.74,49.75,49.711,49.745,9084
2026-08-31 17:29,49.76,49.78,49.72,49.75,58544
2026-08-31 17:30,49.755,49.77,49.73,49.76,22091
2026-08-31 17:31,49.76,49.7751,49.715,49.7203,28923
2026-08-31 17:32,49.72,49.7405,49.6791,49.685,21441
2026-08-31 17:33,49.68,49.7,49.66,49.67,18627
2026-08-31 17:34,49.665,49.78,49.65,49.7751,33099
2026-08-31 17:35,49.771,49.771,49.68,49.73,15462
2026-08-31 17:36,49.72,49.74,49.6309,49.635,75769
2026-08-31 17:37,49.64,49.68,49.61,49.625,29031
2026-08-31 17:38,49.63,49.6901,49.62,49.67,29310
2026-08-31 17:39,49.6729,49.688,49.6101,49.6101,12584
2026-08-31 17:40,49.62,49.621,49.541,49.56,76612
2026-08-31 17:41,49.555,49.555,49.46,49.46,35138
2026-08-31 17:42,49.4587,49.57,49.44,49.5699,28212
2026-08-31 17:43,49.575,49.58,49.45,49.47,17801
2026-08-31 17:44,49.48,49.5,49.46,49.46,16348
2026-08-31 17:45,49.45,49.48,49.44,49.475,15306
2026-08-31 17:46,49.4795,49.51,49.475,49.5,39512
2026-08-31 17:47,49.5,49.5,49.48,49.4876,12778
2026-08-31 17:48,49.465,49.4899,49.46,49.47,8822
2026-08-31 17:49,49.46,49.5,49.42,49.495,44863
2026-08-31 17:50,49.495,49.505,49.36,49.4009,57941
2026-08-31 17:51,49.41,49.42,49.385,49.4187,19045
2026-08-31 17:52,49.411,49.44,49.39,49.44,26822
2026-08-31 17:53,49.43,49.45,49.39,49.41,11249
2026-08-31 17:54,49.4099,49.4401,49.395,49.395,20789
2026-08-31 17:55,49.4,49.45,49.385,49.43,34372
2026-08-31 17:56,49.44,49.46,49.415,49.44,21325
2026-08-31 17:57,49.4399,49.5,49.4305,49.49,22849
2026-08-31 17:58,49.49,49.56,49.4862,49.55,36249
2026-08-31 17:59,49.56,49.56,49.505,49.51,13650
2026-08-31 18:00,49.495,49.535,49.42,49.42,66041
2026-08-31 18:01,49.42,49.44,49.4,49.4101,45061
2026-08-31 18:02,49.42,49.445,49.38,49.405,29163
2026-08-31 18:03,49.4,49.41,49.3199,49.3201,59976
2026-08-31 18:04,49.325,49.325,49.27,49.3,57159
2026-08-31 18:05,49.305,49.33,49.3,49.31,20829
2026-08-31 18:06,49.3,49.3,49.175,49.175,90004
2026-08-31 18:07,49.1791,49.23,49.15,49.225,45288
2026-08-31 18:08,49.2295,49.26,49.225,49.235,25430
2026-08-31 18:09,49.23,49.2302,49.2,49.22,22218
2026-08-31 18:10,49.2199,49.225,49.2,49.22,16506
2026-08-31 18:11,49.215,49.27,49.215,49.255,21645
2026-08-31 18:12,49.26,49.2739,49.235,49.265,25026
2026-08-31 18:13,49.26,49.28,49.231,49.28,34045
2026-08-31 18:14,49.28,49.28,49.24,49.275,21033
2026-08-31 18:15,49.2628,49.2727,49.17,49.18,18712
2026-08-31 18:16,49.19,49.255,49.161,49.1887,20224
2026-08-31 18:17,49.195,49.24,49.195,49.21,21764
2026-08-31 18:18,49.21,49.225,49.1895,49.1895,8999
2026-08-31 18:19,49.2,49.23,49.195,49.218,11355
2026-08-31 18:20,49.22,49.23,49.18,49.21,34361
2026-08-31 18:21,49.205,49.27,49.201,49.27,27855
2026-08-31 18:22,49.26,49.26,49.23,49.255,10848
2026-08-31 18:23,49.2499,49.2499,49.15,49.15,24607
2026-08-31 18:24,49.15,49.15,49.091,49.12,44193
2026-08-31 18:25,49.12,49.1987,49.11,49.19,45153
2026-08-31 18:26,49.195,49.2391,49.1939,49.229,28397
2026-08-31 18:27,49.215,49.235,49.1999,49.21,10351
2026-08-31 18:28,49.21,49.2391,49.181,49.205,9562
2026-08-31 18:29,49.2,49.2786,49.195,49.275,40680
2026-08-31 18:30,49.28,49.29,49.245,49.26,31153
2026-08-31 18:31,49.25,49.295,49.245,49.275,15013
2026-08-31 18:32,49.28,49.3209,49.28,49.29,63014
2026-08-31 18:33,49.29,49.33,49.27,49.3287,15834
2026-08-31 18:34,49.3301,49.37,49.295,49.36,16444
2026-08-31 18:35,49.3679,49.44,49.31,49.435,33447
2026-08-31 18:36,49.44,49.49,49.42,49.45,87688
2026-08-31 18:37,49.4409,49.5,49.4387,49.5,38236
2026-08-31 18:38,49.5,49.6199,49.495,49.61,102109
2026-08-31 18:39,49.6,49.605,49.555,49.6006,35050
2026-08-31 18:40,49.605,49.66,49.6,49.645,29751
2026-08-31 18:41,49.635,49.71,49.6187,49.695,38309
2026-08-31 18:42,49.7001,49.73,49.58,49.6214,61494
2026-08-31 18:43,49.65,49.759,49.65,49.72,56089
2026-08-31 18:44,49.705,49.71,49.63,49.6399,19276
2026-08-31 18:45,49.63,49.7,49.61,49.69,59795
2026-08-31 18:46,49.705,49.73,49.685,49.7,22357
2026-08-31 18:47,49.69,49.75,49.685,49.74,26389
2026-08-31 18:48,49.75,49.8,49.671,49.675,140207
2026-08-31 18:49,49.675,49.6791,49.64,49.66,53408
2026-08-31 18:50,49.645,49.6991,49.645,49.675,12803
2026-08-31 18:51,49.68,49.73,49.62,49.66,26563
2026-08-31 18:52,49.66,49.685,49.63,49.64,19989
2026-08-31 18:53,49.6399,49.665,49.61,49.665,23747
2026-08-31 18:54,49.66,49.6888,49.63,49.6499,19230
2026-08-31 18:55,49.65,49.69,49.645,49.662,21970
2026-08-31 18:56,49.675,49.68,49.6309,49.6605,17097
2026-08-31 18:57,49.675,49.72,49.645,49.6699,34295
2026-08-31 18:58,49.66,49.6791,49.641,49.641,11126
2026-08-31 18:59,49.63,49.775,49.6,49.77,51787
2026-08-31 19:00,49.75,49.75,49.64,49.665,31606
2026-08-31 19:01,49.6609,49.739,49.6424,49.72,18387
2026-08-31 19:02,49.72,49.76,49.72,49.755,9960
2026-08-31 19:03,49.7597,49.7597,49.68,49.705,20887
2026-08-31 19:04,49.71,49.77,49.71,49.765,17097
2026-08-31 19:05,49.77,49.7851,49.72,49.755,25033
2026-08-31 19:06,49.755,49.7899,49.74,49.7894,56449
2026-08-31 19:07,49.79,49.8,49.7609,49.78,19053
2026-08-31 19:08,49.77,49.775,49.72,49.721,16811
2026-08-31 19:09,49.735,49.775,49.725,49.77,10038
2026-08-31 19:10,49.765,49.765,49.7303,49.7494,24595
2026-08-31 19:11,49.742,49.75,49.6905,49.7399,66958
2026-08-31 19:12,49.74,49.75,49.72,49.75,9359
2026-08-31 19:13,49.75,49.7791,49.74,49.74,21261
2026-08-31 19:14,49.72,49.72,49.63,49.6591,65428
2026-08-31 19:15,49.6591,49.69,49.63,49.66,20520
2026-08-31 19:16,49.67,49.69,49.655,49.675,21472
2026-08-31 19:17,49.67,49.68,49.64,49.6691,10848
2026-08-31 19:18,49.665,49.71,49.63,49.635,14336
2026-08-31 19:19,49.635,49.635,49.59,49.625,18794
2026-08-31 19:20,49.62,49.62,49.55,49.5599,21715
2026-08-31 19:21,49.5687,49.605,49.54,49.605,19075
2026-08-31 19:22,49.5923,49.5923,49.505,49.505,14347
2026-08-31 19:23,49.5,49.51,49.42,49.48,27538
2026-08-31 19:24,49.48,49.48,49.443,49.45,10928
2026-08-31 19:25,49.45,49.5,49.44,49.5,9200
2026-08-31 19:26,49.495,49.51,49.4299,49.435,12709
2026-08-31 19:27,49.44,49.4565,49.345,49.345,40993
2026-08-31 19:28,49.34,49.43,49.32,49.4103,43694
2026-08-31 19:29,49.41,49.4961,49.4,49.47,16599
2026-08-31 19:30,49.48,49.51,49.3902,49.395,31567
2026-08-31 19:31,49.4,49.4851,49.35,49.47,30089
2026-08-31 19:32,49.46,49.5,49.43,49.5,9725
2026-08-31 19:33,49.515,49.53,49.5,49.51,12357
2026-08-31 19:34,49.51,49.51,49.44,49.44,27342
2026-08-31 19:35,49.43,49.45,49.37,49.385,18094
2026-08-31 19:36,49.39,49.39,49.345,49.39,18247
2026-08-31 19:37,49.35,49.36,49.33,49.35,15175
2026-08-31 19:38,49.36,49.369,49.33,49.355,17882
2026-08-31 19:39,49.375,49.375,49.3109,49.32,18113
2026-08-31 19:40,49.315,49.335,49.27,49.3,49841
2026-08-31 19:41,49.29,49.31,49.28,49.291,22086
2026-08-31 19:42,49.29,49.29,49.225,49.23,46518
2026-08-31 19:43,49.235,49.255,49.22,49.235,44558
2026-08-31 19:44,49.235,49.25,49.22,49.245,22312
2026-08-31 19:45,49.23,49.25,49.22,49.2386,15141
2026-08-31 19:46,49.22,49.32,49.2,49.265,45699
2026-08-31 19:47,49.26,49.38,49.26,49.365,45989
2026-08-31 19:48,49.37,49.399,49.325,49.345,39479
2026-08-31 19:49,49.36,49.39,49.28,49.29,30306
2026-08-31 19:50,49.28,49.28,49.04,49.11,189377
2026-08-31 19:51,49.1199,49.13,49.05,49.07,55366
2026-08-31 19:52,49.06,49.0796,49.01,49.05,79694
2026-08-31 19:53,49.05,49.131,49.05,49.12,49262
2026-08-31 19:54,49.11,49.21,49.1,49.145,94922
2026-08-31 19:55,49.17,49.28,49.045,49.085,65009
2026-08-31 19:56,49.07,49.17,49.03,49.06,83086
2026-08-31 19:57,49.0591,49.1188,49.04,49.07,43946
2026-08-31 19:58,49.06,49.085,49.05,49.06,83305
2026-08-31 19:59,49.06,49.08,48.92,49.01,445319
2026-09-01 13:30,51.88,52.18,51.78,51.925,8.64287e+06
2026-09-01 13:31,51.91,52.32,51.84,52.26,311942
2026-09-01 13:32,52.26,52.4173,52.1,52.22,266275
2026-09-01 13:33,52.2351,52.28,52.022,52.1801,276194
2026-09-01 13:34,52.2,52.32,52.02,52.32,212310
2026-09-01 13:35,52.32,52.38,52.03,52.3,261324
2026-09-01 13:36,52.31,52.74,52.23,52.7,410845
2026-09-01 13:37,52.7074,52.78,52.54,52.715,364736
2026-09-01 13:38,52.71,53.08,52.685,53.08,488219
2026-09-01 13:39,53.085,53.19,52.76,52.925,418461
2026-09-01 13:40,52.89,53.13,52.81,53.11,248366
2026-09-01 13:41,53.14,53.59,53.01,53.515,465483
2026-09-01 13:42,53.52,53.62,53.474,53.55,346976
2026-09-01 13:43,53.5312,53.69,53.44,53.4475,260763
2026-09-01 13:44,53.47,53.5,53.13,53.26,301414
2026-09-01 13:45,53.25,53.36,53.05,53.19,237858
2026-09-01 13:46,53.2,53.3899,53.1405,53.26,203398
2026-09-01 13:47,53.24,53.2895,53.05,53.145,161478
2026-09-01 13:48,53.14,53.25,53.02,53.21,151786
2026-09-01 13:49,53.22,53.22,52.87,52.895,169682
2026-09-01 13:50,52.89,53.009,52.72,52.77,362038
2026-09-01 13:51,52.76,52.9,52.73,52.9,138396
2026-09-01 13:52,52.8797,53.08,52.8299,53.01,201773
2026-09-01 13:53,53.0076,53.05,52.8233,52.88,117436
2026-09-01 13:54,52.87,53.025,52.77,52.8,108967
2026-09-01 13:55,52.795,52.93,52.72,52.84,88594
2026-09-01 13:56,52.84,53.0989,52.84,53.09,119430
2026-09-01 13:57,53.088,53.1,52.955,53.04,158508
2026-09-01 13:58,53.05,53.16,53.01,53.14,166183
2026-09-01 13:59,53.15,53.17,53.06,53.15,113530
2026-09-01 14:00,53.12,53.39,53,53.24,235169
2026-09-01 14:01,53.21,53.24,52.94,52.97,162561
2026-09-01 14:02,52.97,53.4,52.94,53.26,167866
2026-09-01 14:03,53.26,53.32,53.215,53.22,146058
2026-09-01 14:04,53.21,53.33,53.1801,53.33,121475
2026-09-01 14:05,53.31,53.32,53.1238,53.1491,83958
2026-09-01 14:06,53.12,53.1214,52.945,52.945,142851
2026-09-01 14:07,52.94,53.1,52.93,52.975,117367
2026-09-01 14:08,52.98,53.15,52.98,53.02,86654
2026-09-01 14:09,53,53.08,52.94,53.04,196374
2026-09-01 14:10,53.0201,53.15,53.0051,53.085,120661
2026-09-01 14:11,53.09,53.439,53.08,53.439,140797
2026-09-01 14:12,53.42,53.49,53.3301,53.48,166913
2026-09-01 14:13,53.461,53.59,53.455,53.515,144575
2026-09-01 14:14,53.52,53.57,53.38,53.5128,137943
2026-09-01 14:15,53.52,53.53,53.165,53.3099,219210
2026-09-01 14:16,53.31,53.4,53.22,53.35,145776
2026-09-01 14:17,53.34,53.49,53.29,53.4607,172128
2026-09-01 14:18,53.46,53.56,53.4,53.54,106258
2026-09-01 14:19,53.55,53.575,53.45,53.51,122778
2026-09-01 14:20,53.5,53.505,53.34,53.35,119243
2026-09-01 14:21,53.355,53.435,53.31,53.39,84501
2026-09-01 14:22,53.4,53.42,53.31,53.36,252301
2026-09-01 14:23,53.37,53.5202,53.35,53.4391,94019
2026-09-01 14:24,53.435,53.525,53.43,53.48,186008
2026-09-01 14:25,53.4901,53.5,53.31,53.32,49512
2026-09-01 14:26,53.33,53.35,53.28,53.3,197859
2026-09-01 14:27,53.31,53.55,53.31,53.5,97713
2026-09-01 14:28,53.505,53.54,53.44,53.4801,185156
2026-09-01 14:29,53.5,53.58,53.48,53.559,101144
2026-09-01 14:30,53.55,53.55,53.2487,53.255,101735
2026-09-01 14:31,53.26,53.2913,53.06,53.15,191971
2026-09-01 14:32,53.145,53.15,53.04,53.12,188463
2026-09-01 14:33,53.125,53.13,53.02,53.07,54426
2026-09-01 14:34,53.04,53.12,53.01,53.045,85368
2026-09-01 14:35,53.04,53.05,52.91,52.95,204307
2026-09-01 14:36,52.945,53.025,52.91,52.98,62272
2026-09-01 14:37,53,53.07,52.91,52.93,87882
2026-09-01 14:38,52.945,53.08,52.92,53.06,74596
2026-09-01 14:39,53.06,53.1401,53,53.02,88749
2026-09-01 14:40,53.03,53.0928,52.935,52.948,61597
2026-09-01 14:41,52.94,52.98,52.86,52.95,241747
2026-09-01 14:42,52.945,52.96,52.7695,52.82,264107
2026-09-01 14:43,52.8105,52.83,52.7103,52.73,165205
2026-09-01 14:44,52.73,52.77,52.5514,52.5514,262047
2026-09-01 14:45,52.55,52.62,52.52,52.5509,215235
2026-09-01 14:46,52.55,52.6091,52.4101,52.45,182451
2026-09-01 14:47,52.455,52.49,52.3,52.3,119131
2026-09-01 14:48,52.3,52.33,52.14,52.22,199198
2026-09-01 14:49,52.24,52.38,52.21,52.36,110268
2026-09-01 14:50,52.35,52.45,52.295,52.295,149254
2026-09-01 14:51,52.2999,52.4,52.255,52.36,61671
2026-09-01 14:52,52.35,52.395,52.25,52.35,82792
2026-09-01 14:53,52.33,52.4,52.2201,52.3,87661
2026-09-01 14:54,52.3,52.45,52.261,52.44,99000
2026-09-01 14:55,52.43,52.45,52.38,52.4,108246
2026-09-01 14:56,52.409,52.45,52.335,52.335,61003
2026-09-01 14:57,52.335,52.46,52.28,52.369,68243
2026-09-01 14:58,52.36,52.361,52.2612,52.3,52317
2026-09-01 14:59,52.3,52.309,52.06,52.0651,217888
2026-09-01 15:00,52.05,52.07,51.72,51.7319,366434
2026-09-01 15:01,51.735,51.92,51.73,51.89,212213
2026-09-01 15:02,51.91,51.95,51.84,51.89,76695
2026-09-01 15:03,51.89,52.02,51.8899,52.02,99335
2026-09-01 15:04,52.015,52.049,51.87,51.87,106287
2026-09-01 15:05,51.88,51.94,51.86,51.9,45997
2026-09-01 15:06,51.9495,52.07,51.9387,52.0299,66090
2026-09-01 15:07,52.02,52.08,51.98,52.075,78000
2026-09-01 15:08,52.08,52.16,52.025,52.121,91405
2026-09-01 15:09,52.125,52.13,51.99,52.11,72781
2026-09-01 15:10,52.1099,52.1986,52.03,52.1986,55410
2026-09-01 15:11,52.18,52.18,52.07,52.1305,60761
2026-09-01 15:12,52.13,52.15,52.04,52.1,57477
2026-09-01 15:13,52.09,52.1595,52.02,52.145,28610
2026-09-01 15:14,52.129,52.24,52.0703,52.24,39884
2026-09-01 15:15,52.24,52.31,52.21,52.31,63709
2026-09-01 15:16,52.3,52.31,52.1798,52.31,94144
2026-09-01 15:17,52.29,52.355,52.25,52.33,57799
2026-09-01 15:18,52.35,52.35,52.225,52.339,43575
2026-09-01 15:19,52.32,52.3791,52.215,52.265,73361
2026-09-01 15:20,52.27,52.28,52.18,52.26,49143
2026-09-01 15:21,52.265,52.33,52.2,52.2499,41590
2026-09-01 15:22,52.23,52.25,52.09,52.09,62467
2026-09-01 15:23,52.1,52.12,51.991,51.991,50964
2026-09-01 15:24,51.99,52.02,51.9601,51.97,57608
2026-09-01 15:25,51.975,52.0186,51.95,51.9891,91646
2026-09-01 15:26,51.98,51.98,51.8601,51.88,51557
2026-09-01 15:27,51.8709,51.899,51.841,51.8497,46656
2026-09-01 15:28,51.84,51.959,51.83,51.88,128759
2026-09-01 15:29,51.89,51.9,51.77,51.78,68088
2026-09-01 15:30,51.78,51.8,51.645,51.66,220913
2026-09-01 15:31,51.65,51.8309,51.65,51.8309,80986
2026-09-01 15:32,51.82,51.8295,51.76,51.7894,49670
2026-09-01 15:33,51.78,51.8628,51.7601,51.7905,59925
2026-09-01 15:34,51.78,51.88,51.7609,51.7988,57084
2026-09-01 15:35,51.7805,51.85,51.77,51.8,51751
2026-09-01 15:36,51.8,51.81,51.62,51.6216,75409
2026-09-01 15:37,51.63,51.685,51.58,51.585,62839
2026-09-01 15:38,51.5805,51.6,51.5087,51.58,89068
2026-09-01 15:39,51.58,51.6,51.511,51.52,86168
2026-09-01 15:40,51.525,51.53,51.415,51.42,160408
2026-09-01 15:41,51.411,51.421,51.33,51.41,153048
2026-09-01 15:42,51.3999,51.55,51.38,51.49,112196
2026-09-01 15:43,51.49,51.52,51.43,51.44,49619
2026-09-01 15:44,51.43,51.445,51.22,51.2201,172758
2026-09-01 15:45,51.23,51.235,51.14,51.1499,243146
2026-09-01 15:46,51.1487,51.1487,50.96,50.98,202174
2026-09-01 15:47,50.98,51.025,50.9,51.01,114934
2026-09-01 15:48,51.015,51.09,51,51,128518
2026-09-01 15:49,51.009,51.1,50.9488,51.1,108316
2026-09-01 15:50,51.085,51.2465,51.085,51.135,167335
2026-09-01 15:51,51.12,51.125,51.045,51.125,98039
2026-09-01 15:52,51.125,51.26,51.115,51.2487,65620
2026-09-01 15:53,51.245,51.2795,51.135,51.15,82967
2026-09-01 15:54,51.18,51.19,51.12,51.16,63418
2026-09-01 15:55,51.15,51.2699,51.13,51.255,42381
2026-09-01 15:56,51.26,51.34,51.23,51.34,153376
2026-09-01 15:57,51.35,51.385,51.29,51.375,75645
2026-09-01 15:58,51.385,51.43,51.31,51.35,144926
2026-09-01 15:59,51.335,51.3786,51.28,51.36,58471
2026-09-01 16:00,51.35,51.43,51.3,51.37,115898
2026-09-01 16:01,51.365,51.43,51.34,51.3599,44741
2026-09-01 16:02,51.36,51.44,51.3302,51.3809,61906
2026-09-01 16:03,51.395,51.43,51.375,51.41,49610
2026-09-01 16:04,51.415,51.4789,51.41,51.475,57180
2026-09-01 16:05,51.48,51.58,51.46,51.52,97091
2026-09-01 16:06,51.53,51.7,51.51,51.68,106879
2026-09-01 16:07,51.6805,51.6899,51.53,51.55,116203
2026-09-01 16:08,51.56,51.6101,51.55,51.572,40294
2026-09-01 16:09,51.561,51.5888,51.4713,51.529,67177
2026-09-01 16:10,51.5099,51.612,51.5099,51.5475,31152
2026-09-01 16:11,51.54,51.59,51.5,51.525,65708
2026-09-01 16:12,51.53,51.53,51.415,51.51,234614
2026-09-01 16:13,51.5199,51.54,51.46,51.51,81491
2026-09-01 16:14,51.49,51.5413,51.47,51.5413,29392
2026-09-01 16:15,51.55,51.5899,51.51,51.52,45655
2026-09-01 16:16,51.525,51.62,51.52,51.59,35168
2026-09-01 16:17,51.59,51.63,51.55,51.63,38959
2026-09-01 16:18,51.62,51.65,51.58,51.645,48780
2026-09-01 16:19,51.655,51.769,51.615,51.76,66193
2026-09-01 16:20,51.7499,52.05,51.74,52.02,174090
2026-09-01 16:21,52.02,52.05,51.91,52.02,165995
2026-09-01 16:22,52.02,52.02,51.91,51.96,92686
2026-09-01 16:23,51.9705,52.02,51.88,51.9488,76506
2026-09-01 16:24,51.955,52.054,51.95,52.03,82865
2026-09-01 16:25,52.05,52.16,51.99,52.1299,99535
2026-09-01 16:26,52.12,52.315,52.08,52.31,212218
2026-09-01 16:27,52.315,52.39,52.2191,52.32,217702
2026-09-01 16:28,52.32,52.33,52.24,52.285,86536
2026-09-01 16:29,52.29,52.315,52.23,52.265,87340
2026-09-01 16:30,52.27,52.57,52.21,52.56,263382
2026-09-01 16:31,52.57,52.65,52.475,52.475,160019
2026-09-01 16:32,52.475,52.601,52.461,52.575,153674
2026-09-01 16:33,52.57,52.58,52.485,52.51,72294
2026-09-01 16:34,52.51,52.7,52.51,52.6797,109102
2026-09-01 16:35,52.6899,52.7,52.515,52.55,136194
2026-09-01 16:36,52.53,52.58,52.365,52.39,130029
2026-09-01 16:37,52.4,52.5,52.37,52.49,54140
2026-09-01 16:38,52.46,52.485,52.37,52.46,68941
2026-09-01 16:39,52.4601,52.4601,52.33,52.33,61278
2026-09-01 16:40,52.32,52.455,52.28,52.35,89718
2026-09-01 16:41,52.34,52.34,52.19,52.2,91444
2026-09-01 16:42,52.2,52.45,52.19,52.43,73766
2026-09-01 16:43,52.455,52.455,52.3,52.35,66776
2026-09-01 16:44,52.355,52.4099,52.35,52.405,29829
2026-09-01 16:45,52.41,52.43,52.34,52.365,43890
2026-09-01 16:46,52.38,52.41,52.29,52.37,36154
2026-09-01 16:47,52.365,52.365,52.28,52.31,31895
2026-09-01 16:48,52.3,52.3,52.17,52.185,47699
2026-09-01 16:49,52.2,52.205,52.12,52.1299,64951
2026-09-01 16:50,52.13,52.18,52.0201,52.0201,86103
2026-09-01 16:51,52.03,52.08,51.99,52.0199,136357
2026-09-01 16:52,52.01,52.13,51.99,52.045,68784
2026-09-01 16:53,52.06,52.15,52.01,52.1499,39077
2026-09-01 16:54,52.15,52.165,52.01,52.055,37186
2026-09-01 16:55,52.05,52.05,51.84,51.8587,86830
2026-09-01 16:56,51.86,51.9,51.815,51.8201,53078
2026-09-01 16:57,51.82,51.89,51.78,51.8499,46307
2026-09-01 16:58,51.84,51.86,51.78,51.8587,37227
2026-09-01 16:59,51.86,51.8877,51.825,51.87,28358
2026-09-01 17:00,51.88,52.01,51.85,51.98,77718
2026-09-01 17:01,51.98,52.1,51.96,52.09,48845
2026-09-01 17:02,52.075,52.19,52.065,52.17,52415
2026-09-01 17:03,52.159,52.19,52.11,52.19,50344
2026-09-01 17:04,52.19,52.26,52.141,52.255,64456
2026-09-01 17:05,52.255,52.255,52.1338,52.2,52708
2026-09-01 17:06,52.22,52.26,52.17,52.205,49224
2026-09-01 17:07,52.22,52.31,52.22,52.29,39851
2026-09-01 17:08,52.3,52.37,52.295,52.37,56497
2026-09-01 17:09,52.3701,52.385,52.335,52.36,43748
2026-09-01 17:10,52.3535,52.49,52.325,52.48,58270
2026-09-01 17:11,52.47,52.47,52.32,52.325,33046
2026-09-01 17:12,52.33,52.38,52.305,52.3101,36780
2026-09-01 17:13,52.3151,52.43,52.305,52.4213,40170
2026-09-01 17:14,52.4204,52.4391,52.35,52.39,42852
2026-09-01 17:15,52.38,52.42,52.34,52.4,28426
2026-09-01 17:16,52.37,52.595,52.37,52.589,52137
2026-09-01 17:17,52.589,52.6,52.54,52.561,40530
2026-09-01 17:18,52.565,52.57,52.5105,52.5688,39816
2026-09-01 17:19,52.558,52.62,52.5414,52.5899,50022
2026-09-01 17:20,52.5809,52.62,52.49,52.535,42612
2026-09-01 17:21,52.5203,52.601,52.5001,52.5699,23689
2026-09-01 17:22,52.56,52.57,52.5,52.525,24224
2026-09-01 17:23,52.5338,52.59,52.48,52.59,16193
2026-09-01 17:24,52.58,52.58,52.49,52.505,18495
2026-09-01 17:25,52.5,52.77,52.455,52.56,210011
2026-09-01 17:26,52.55,52.73,52.55,52.73,88891
2026-09-01 17:27,52.74,52.74,52.54,52.5602,66183
2026-09-01 17:28,52.565,52.599,52.4888,52.4888,29582
2026-09-01 17:29,52.48,52.49,52.38,52.39,70911
2026-09-01 17:30,52.4,52.41,52.28,52.33,76256
2026-09-01 17:31,52.33,52.375,52.2891,52.31,34471
2026-09-01 17:32,52.3,52.44,52.3,52.44,39316
2026-09-01 17:33,52.43,52.5,52.42,52.425,52437
2026-09-01 17:34,52.42,52.4568,52.39,52.42,42643
2026-09-01 17:35,52.4195,52.4195,52.36,52.395,23045
2026-09-01 17:36,52.405,52.51,52.4013,52.48,46657
2026-09-01 17:37,52.5,52.54,52.45,52.505,41568
2026-09-01 17:38,52.505,52.569,52.5,52.53,41754
2026-09-01 17:39,52.52,52.575,52.4913,52.565,40870
2026-09-01 17:40,52.57,52.57,52.46,52.5,33044
2026-09-01 17:41,52.53,52.5499,52.45,52.5,21717
2026-09-01 17:42,52.5,52.54,52.4801,52.5,29625
2026-09-01 17:43,52.5001,52.54,52.49,52.53,26275
2026-09-01 17:44,52.526,52.55,52.5191,52.53,17027
2026-09-01 17:45,52.53,52.55,52.47,52.54,34054
2026-09-01 17:46,52.54,52.73,52.53,52.6901,37718
2026-09-01 17:47,52.68,52.69,52.59,52.6,31535
2026-09-01 17:48,52.62,52.71,52.6199,52.71,34664
2026-09-01 17:49,52.695,52.708,52.65,52.69,30307
2026-09-01 17:50,52.7,52.73,52.67,52.67,72563
2026-09-01 17:51,52.67,52.675,52.521,52.525,54624
2026-09-01 17:52,52.51,52.61,52.51,52.6,26253
2026-09-01 17:53,52.6,52.67,52.58,52.67,17640
2026-09-01 17:54,52.68,52.73,52.63,52.68,28080
2026-09-01 17:55,52.685,52.7299,52.6701,52.7201,26267
2026-09-01 17:56,52.72,52.725,52.68,52.7,16106
2026-09-01 17:57,52.71,52.73,52.69,52.72,20767
2026-09-01 17:58,52.71,52.741,52.64,52.64,31369
2026-09-01 17:59,52.6409,52.685,52.63,52.66,34378
2026-09-01 18:00,52.66,52.68,52.583,52.65,47227
2026-09-01 18:01,52.66,52.695,52.65,52.689,21545
2026-09-01 18:02,52.69,52.7,52.6409,52.65,38035
2026-09-01 18:03,52.65,52.71,52.625,52.705,29617
2026-09-01 18:04,52.705,52.859,52.705,52.82,91092
2026-09-01 18:05,52.811,52.88,52.8004,52.85,79471
2026-09-01 18:06,52.86,52.87,52.805,52.83,39844
2026-09-01 18:07,52.83,52.8375,52.735,52.735,72899
2026-09-01 18:08,52.74,52.79,52.7209,52.77,35391
2026-09-01 18:09,52.78,52.79,52.75,52.75,35148
2026-09-01 18:10,52.75,52.82,52.71,52.82,25177
2026-09-01 18:11,52.8287,52.86,52.8101,52.8591,33861
2026-09-01 18:12,52.86,52.9099,52.8487,52.9099,31661
2026-09-01 18:13,52.91,52.99,52.91,52.965,71978
2026-09-01 18:14,52.955,52.99,52.9009,52.95,47587
2026-09-01 18:15,52.96,53.0087,52.9302,52.98,91943
2026-09-01 18:16,52.985,53.06,52.985,53.01,56401
2026-09-01 18:17,53.01,53.01,52.84,52.84,66386
2026-09-01 18:18,52.83,52.87,52.815,52.86,42989
2026-09-01 18:19,52.8401,52.869,52.8,52.85,37973
2026-09-01 18:20,52.845,52.92,52.845,52.8938,37294
2026-09-01 18:21,52.89,52.905,52.845,52.845,27341
2026-09-01 18:22,52.85,52.855,52.81,52.845,58913
2026-09-01 18:23,52.845,52.9,52.83,52.85,20179
2026-09-01 18:24,52.8399,52.8491,52.81,52.825,16613
2026-09-01 18:25,52.83,52.92,52.785,52.785,47580
2026-09-01 18:26,52.79,52.885,52.7816,52.88,19357
2026-09-01 18:27,52.88,53.04,52.88,53.04,47514
2026-09-01 18:28,53.05,53.1,53,53.02,73539
2026-09-01 18:29,53.01,53.02,52.94,52.9499,23535
2026-09-01 18:30,52.94,52.9987,52.91,52.96,31890
2026-09-01 18:31,52.96,52.965,52.905,52.94,21960
2026-09-01 18:32,52.93,52.93,52.84,52.865,32792
2026-09-01 18:33,52.86,53.005,52.855,53.005,37474
2026-09-01 18:34,53.0099,53.05,52.9899,53.015,35199
2026-09-01 18:35,53.015,53.025,52.94,52.945,22740
2026-09-01 18:36,52.95,52.995,52.93,52.995,22152
2026-09-01 18:37,52.995,53.0801,52.995,53.07,36788
2026-09-01 18:38,53.06,53.075,53.01,53.05,48707
2026-09-01 18:39,53.05,53.0599,52.99,53.01,43004
2026-09-01 18:40,53.02,53.045,52.9927,53.03,25376
2026-09-01 18:41,53.045,53.22,53.02,53.215,50831
2026-09-01 18:42,53.218,53.32,53.205,53.32,106240
2026-09-01 18:43,53.315,53.34,53.275,53.315,103059
2026-09-01 18:44,53.32,53.3613,53.31,53.355,48588
2026-09-01 18:45,53.36,53.49,53.35,53.485,100850
2026-09-01 18:46,53.485,53.52,53.37,53.3827,114265
2026-09-01 18:47,53.3809,53.3809,53.24,53.25,80934
2026-09-01 18:48,53.235,53.38,53.231,53.33,69596
2026-09-01 18:49,53.33,53.335,53.111,53.16,70664
2026-09-01 18:50,53.165,53.25,53.11,53.19,67403
2026-09-01 18:51,53.2,53.2312,53.17,53.175,31211
2026-09-01 18:52,53.19,53.2,53.08,53.15,57891
2026-09-01 18:53,53.155,53.18,53.0913,53.115,30286
2026-09-01 18:54,53.1,53.12,53.06,53.08,26349
2026-09-01 18:55,53.08,53.1099,52.955,52.9799,77932
2026-09-01 18:56,52.97,52.985,52.8301,52.86,92167
2026-09-01 18:57,52.865,53,52.86,52.99,66061
2026-09-01 18:58,52.965,52.97,52.82,52.895,96349
2026-09-01 18:59,52.89,52.89,52.8187,52.8302,45292
2026-09-01 19:00,52.83,52.84,52.7,52.74,76217
2026-09-01 19:01,52.745,52.85,52.7091,52.8,54302
2026-09-01 19:02,52.7987,52.7988,52.7062,52.7391,32683
2026-09-01 19:03,52.72,52.75,52.55,52.57,78738
2026-09-01 19:04,52.5701,52.645,52.5199,52.54,122607
2026-09-01 19:05,52.53,52.58,52.44,52.45,106477
2026-09-01 19:06,52.44,52.55,52.4209,52.4501,46473
2026-09-01 19:07,52.45,52.5635,52.39,52.56,104586
2026-09-01 19:08,52.548,52.63,52.46,52.49,97933
2026-09-01 19:09,52.47,52.4899,52.4,52.44,50064
2026-09-01 19:10,52.4212,52.4587,52.385,52.41,97412
2026-09-01 19:11,52.3991,52.431,52.36,52.43,67955
2026-09-01 19:12,52.425,52.5,52.365,52.389,36740
2026-09-01 19:13,52.39,52.4295,52.3209,52.359,67488
2026-09-01 19:14,52.3575,52.3609,52.23,52.2501,85432
2026-09-01 19:15,52.23,52.3,52.215,52.2291,77062
2026-09-01 19:16,52.22,52.39,52.22,52.315,65843
2026-09-01 19:17,52.325,52.39,52.2794,52.36,66400
2026-09-01 19:18,52.37,52.39,52.29,52.31,60842
2026-09-01 19:19,52.33,52.3762,52.2799,52.33,24736
2026-09-01 19:20,52.335,52.5,52.32,52.495,70768
2026-09-01 19:21,52.49,52.49,52.4019,52.4187,69826
2026-09-01 19:22,52.405,52.42,52.31,52.35,38525
2026-09-01 19:23,52.35,52.35,52.25,52.285,86035
2026-09-01 19:24,52.2799,52.3199,52.2,52.2099,60898
2026-09-01 19:25,52.201,52.2109,52.1106,52.175,94576
2026-09-01 19:26,52.18,52.18,52.1001,52.12,59545
2026-09-01 19:27,52.11,52.22,52.105,52.2,81923
2026-09-01 19:28,52.18,52.18,52.04,52.04,112304
2026-09-01 19:29,52.04,52.079,52,52.01,110642
2026-09-01 19:30,52.02,52.13,51.98,52.08,244447
2026-09-01 19:31,52.09,52.33,52.0501,52.315,135671
2026-09-01 19:32,52.3,52.4,52.3,52.3151,112049
2026-09-01 19:33,52.32,52.37,52.24,52.26,108647
2026-09-01 19:34,52.26,52.26,52.19,52.195,51981
2026-09-01 19:35,52.195,52.29,52.1613,52.165,73925
2026-09-01 19:36,52.17,52.35,52.17,52.31,64116
2026-09-01 19:37,52.31,52.4001,52.3,52.38,54744
2026-09-01 19:38,52.38,52.4499,52.35,52.369,66565
2026-09-01 19:39,52.3691,52.44,52.331,52.439,59421
2026-09-01 19:40,52.44,52.46,52.29,52.295,97816
2026-09-01 19:41,52.295,52.31,52.201,52.205,60758
2026-09-01 19:42,52.22,52.28,52.195,52.28,31186
2026-09-01 19:43,52.295,52.36,52.2001,52.2113,31890
2026-09-01 19:44,52.21,52.26,52.19,52.2038,32448
2026-09-01 19:45,52.2,52.28,52.11,52.28,100028
2026-09-01 19:46,52.28,52.335,52.19,52.215,95462
2026-09-01 19:47,52.205,52.2191,52.14,52.16,49870
2026-09-01 19:48,52.16,52.19,52.0699,52.0799,61018
2026-09-01 19:49,52.08,52.18,52.05,52.12,55649
2026-09-01 19:50,52.13,52.3999,52.13,52.2979,156403
2026-09-01 19:51,52.29,52.4487,52.29,52.43,77850
2026-09-01 19:52,52.43,52.59,52.391,52.56,98511
2026-09-01 19:53,52.57,52.64,52.53,52.5613,115878
2026-09-01 19:54,52.55,52.6299,52.4301,52.4909,125049
2026-09-01 19:55,52.48,52.48,52.081,52.15,151938
2026-09-01 19:56,52.16,52.32,52.15,52.285,134392
2026-09-01 19:57,52.2999,52.36,52.28,52.3,74839
2026-09-01 19:58,52.29,52.33,52.1713,52.1713,106917
2026-09-01 19:59,52.19,52.23,52.14,52.1701,133803
2026-09-02 13:30,52.8,53.25,52.71,52.92,6.93063e+06
2026-09-02 13:31,52.95,53.2151,52.57,52.74,177255
2026-09-02 13:32,52.7499,52.7499,52.215,52.3,242780
2026-09-02 13:33,52.3,52.87,52.24,52.7994,256892
2026-09-02 13:34,52.8399,52.8399,52.55,52.6299,128282
2026-09-02 13:35,52.6,53.09,52.496,52.9899,179924
2026-09-02 13:36,53,53.0993,52.75,52.78,180853
2026-09-02 13:37,52.782,52.97,52.68,52.8,205630
2026-09-02 13:38,52.77,52.9221,52.69,52.81,91882
2026-09-02 13:39,52.8,52.8399,52.36,52.365,176327
2026-09-02 13:40,52.378,52.51,52.27,52.385,215157
2026-09-02 13:41,52.385,52.46,52.075,52.1201,217911
2026-09-02 13:42,52.13,52.31,52.1299,52.23,117997
2026-09-02 13:43,52.28,52.66,52.2737,52.62,182237
2026-09-02 13:44,52.65,52.7,52.535,52.61,79171
2026-09-02 13:45,52.6,52.95,52.52,52.91,339966
2026-09-02 13:46,52.9,53.3087,52.895,53.208,356655
2026-09-02 13:47,53.22,53.24,53.04,53.13,164956
2026-09-02 13:48,53.1599,53.489,53.129,53.42,261242
2026-09-02 13:49,53.42,53.6688,53.4101,53.58,346334
2026-09-02 13:50,53.58,53.59,53.38,53.5199,323937
2026-09-02 13:51,53.51,53.9,53.51,53.8799,306569
2026-09-02 13:52,53.87,53.93,53.75,53.915,513366
2026-09-02 13:53,53.915,54.18,53.73,54.18,491007
2026-09-02 13:54,54.17,54.3595,54.1091,54.2688,315252
2026-09-02 13:55,54.25,54.39,54.11,54.15,302591
2026-09-02 13:56,54.16,54.24,53.96,53.98,407963
2026-09-02 13:57,53.98,54.1825,53.96,54.17,138096
2026-09-02 13:58,54.189,54.2,53.88,54.03,144015
2026-09-02 13:59,54.0388,54.0388,53.675,53.72,195841
2026-09-02 14:00,53.72,53.87,53.65,53.69,183306
2026-09-02 14:01,53.6801,53.7557,53.55,53.67,149548
2026-09-02 14:02,53.6824,53.89,53.57,53.57,151464
2026-09-02 14:03,53.585,53.7195,53.58,53.69,96156
2026-09-02 14:04,53.67,53.67,53.3107,53.32,182088
2026-09-02 14:05,53.33,53.3487,53.1,53.19,225367
2026-09-02 14:06,53.19,53.23,53.07,53.07,145761
2026-09-02 14:07,53.06,53.13,52.9,52.965,245343
2026-09-02 14:08,52.97,53.2199,52.93,53.07,138819
2026-09-02 14:09,53.04,53.06,52.83,52.88,176231
2026-09-02 14:10,52.88,52.8987,52.61,52.75,133704
2026-09-02 14:11,52.7405,52.805,52.65,52.71,204072
2026-09-02 14:12,52.7288,52.95,52.69,52.79,146312
2026-09-02 14:13,52.78,52.86,52.57,52.7557,201230
2026-09-02 14:14,52.72,52.7486,52.4709,52.49,183133
2026-09-02 14:15,52.4811,52.57,52.41,52.41,180474
2026-09-02 14:16,52.4,52.41,52.32,52.33,170514
2026-09-02 14:17,52.31,52.35,52.0712,52.075,219643
2026-09-02 14:18,52.06,52.11,51.86,51.95,319598
2026-09-02 14:19,51.94,51.95,51.88,51.891,161670
2026-09-02 14:20,51.91,52.06,51.77,52.0523,552520
2026-09-02 14:21,52.069,52.07,51.79,51.809,303250
2026-09-02 14:22,51.8,51.865,51.69,51.8108,178999
2026-09-02 14:23,51.83,51.9299,51.78,51.81,148183
2026-09-02 14:24,51.83,52.06,51.83,52.0099,247230
2026-09-02 14:25,52.02,52.15,51.9212,52.105,209613
2026-09-02 14:26,52.105,52.1195,51.88,51.8901,139621
2026-09-02 14:27,51.91,52.07,51.8917,52.04,92045
2026-09-02 14:28,52.035,52.05,51.8,51.82,140536
2026-09-02 14:29,51.815,51.815,51.69,51.7387,252061
2026-09-02 14:30,51.74,51.86,51.61,51.829,248743
2026-09-02 14:31,51.81,51.845,51.519,51.5205,167952
2026-09-02 14:32,51.539,51.67,51.51,51.55,155711
2026-09-02 14:33,51.55,51.55,51.27,51.2797,352718
2026-09-02 14:34,51.28,51.31,51.07,51.1212,390101
2026-09-02 14:35,51.13,51.3199,51.0473,51.31,178475
2026-09-02 14:36,51.3,51.38,51.23,51.2883,233411
2026-09-02 14:37,51.29,51.511,51.24,51.511,210697
2026-09-02 14:38,51.51,51.7695,51.461,51.735,196474
2026-09-02 14:39,51.7387,51.7899,51.64,51.65,289083
2026-09-02 14:40,51.66,51.6895,51.571,51.671,116340
2026-09-02 14:41,51.67,51.92,51.6198,51.87,124726
2026-09-02 14:42,51.8787,51.8787,51.665,51.7905,112143
2026-09-02 14:43,51.7999,51.805,51.64,51.735,93877
2026-09-02 14:44,51.72,51.83,51.68,51.705,104024
2026-09-02 14:45,51.71,51.905,51.71,51.9,74730
2026-09-02 14:46,51.91,51.96,51.86,51.94,179797
2026-09-02 14:47,51.93,52,51.89,51.99,150333
2026-09-02 14:48,52,52.24,51.97,52.2395,295823
2026-09-02 14:49,52.2399,52.3389,52.165,52.175,245990
2026-09-02 14:50,52.18,52.3487,52.1301,52.34,184270
2026-09-02 14:51,52.335,52.34,52.17,52.235,184249
2026-09-02 14:52,52.24,52.33,52.18,52.33,102467
2026-09-02 14:53,52.32,52.4499,52.295,52.3714,187855
2026-09-02 14:54,52.39,52.419,52.305,52.315,143232
2026-09-02 14:55,52.34,52.34,52.1717,52.275,148910
2026-09-02 14:56,52.3,52.3791,52.22,52.29,83598
2026-09-02 14:57,52.2803,52.4,52.22,52.3,73690
2026-09-02 14:58,52.3,52.4591,52.3,52.455,110747
2026-09-02 14:59,52.455,52.6399,52.455,52.541,195458
2026-09-02 15:00,52.545,52.71,52.52,52.67,208034
2026-09-02 15:01,52.67,52.74,52.61,52.685,132023
2026-09-02 15:02,52.685,52.699,52.59,52.6,146699
2026-09-02 15:03,52.61,52.68,52.39,52.3903,174972
2026-09-02 15:04,52.395,52.53,52.345,52.399,151223
2026-09-02 15:05,52.39,52.54,52.38,52.46,78689
2026-09-02 15:06,52.45,52.45,52.26,52.26,166916
2026-09-02 15:07,52.27,52.4113,52.22,52.385,120978
2026-09-02 15:08,52.38,52.38,52.1301,52.205,125405
2026-09-02 15:09,52.2,52.2,52.011,52.011,103277
2026-09-02 15:10,52.015,52.1,52.0123,52.06,72521
2026-09-02 15:11,52.075,52.14,52.01,52.0105,71489
2026-09-02 15:12,52.02,52.19,51.93,52.17,147026
2026-09-02 15:13,52.1702,52.1895,52.02,52.1091,62031
2026-09-02 15:14,52.09,52.09,51.95,52.01,46778
2026-09-02 15:15,52.02,52.03,51.84,51.8404,60448
2026-09-02 15:16,51.8401,51.87,51.79,51.81,71089
2026-09-02 15:17,51.8,51.84,51.74,51.79,61397
2026-09-02 15:18,51.775,51.91,51.76,51.845,41001
2026-09-02 15:19,51.86,51.87,51.8175,51.87,34065
2026-09-02 15:20,51.88,51.88,51.77,51.77,45674
2026-09-02 15:21,51.7601,51.94,51.72,51.92,68772
2026-09-02 15:22,51.93,51.935,51.825,51.8799,53256
2026-09-02 15:23,51.8895,52.0595,51.8895,52.0509,100098
2026-09-02 15:24,52.06,52.07,51.94,51.9893,64086
2026-09-02 15:25,51.975,51.975,51.8,51.81,53595
2026-09-02 15:26,51.81,51.87,51.81,51.85,38440
2026-09-02 15:27,51.86,51.895,51.815,51.82,21223
2026-09-02 15:28,51.83,51.8301,51.68,51.7393,86589
2026-09-02 15:29,51.71,51.71,51.62,51.6509,73679
2026-09-02 15:30,51.64,51.7,51.61,51.665,79164
2026-09-02 15:31,51.655,51.68,51.5587,51.5587,115508
2026-09-02 15:32,51.5591,51.6399,51.5389,51.56,71294
2026-09-02 15:33,51.5695,51.59,51.51,51.51,49118
2026-09-02 15:34,51.525,51.545,51.44,51.5,116043
2026-09-02 15:35,51.495,51.575,51.485,51.55,67278
2026-09-02 15:36,51.56,51.5691,51.42,51.46,60514
2026-09-02 15:37,51.44,51.575,51.44,51.535,47319
2026-09-02 15:38,51.515,51.545,51.49,51.545,54478
2026-09-02 15:39,51.56,51.699,51.55,51.6497,80320
2026-09-02 15:40,51.635,51.65,51.46,51.5209,131494
2026-09-02 15:41,51.525,51.6,51.445,51.48,66773
2026-09-02 15:42,51.485,51.51,51.37,51.425,82836
2026-09-02 15:43,51.425,51.43,51.29,51.325,106014
2026-09-02 15:44,51.325,51.325,51.21,51.275,116303
2026-09-02 15:45,51.26,51.53,51.26,51.515,127923
2026-09-02 15:46,51.515,51.52,51.39,51.395,137412
2026-09-02 15:47,51.4,51.465,51.34,51.3991,85334
2026-09-02 15:48,51.4,51.505,51.3998,51.4301,63313
2026-09-02 15:49,51.4,51.54,51.3864,51.53,58175
2026-09-02 15:50,51.51,51.64,51.465,51.625,121767
2026-09-02 15:51,51.625,51.66,51.47,51.47,96987
2026-09-02 15:52,51.47,51.5005,51.3805,51.3999,101383
2026-09-02 15:53,51.3927,51.5799,51.3895,51.52,33025
2026-09-02 15:54,51.545,51.58,51.52,51.54,38361
2026-09-02 15:55,51.54,51.58,51.5,51.56,35579
2026-09-02 15:56,51.54,51.68,51.51,51.665,70581
2026-09-02 15:57,51.66,51.67,51.59,51.625,125010
2026-09-02 15:58,51.63,51.63,51.35,51.35,120570
2026-09-02 15:59,51.35,51.36,51.2305,51.29,115352
2026-09-02 16:00,51.285,51.355,51.245,51.33,75720
2026-09-02 16:01,51.32,51.43,51.3,51.38,43842
2026-09-02 16:02,51.38,51.45,51.35,51.445,46972
2026-09-02 16:03,51.445,51.47,51.3217,51.3217,58134
2026-09-02 16:04,51.34,51.38,51.25,51.27,63897
2026-09-02 16:05,51.26,51.32,51.215,51.2662,60051
2026-09-02 16:06,51.265,51.295,51.16,51.17,85797
2026-09-02 16:07,51.1711,51.23,51.12,51.205,99560
2026-09-02 16:08,51.219,51.26,51.2,51.2062,68430
2026-09-02 16:09,51.205,51.305,51.1799,51.2895,44144
2026-09-02 16:10,51.275,51.29,51.181,51.1813,48556
2026-09-02 16:11,51.2,51.335,51.195,51.3301,62606
2026-09-02 16:12,51.35,51.38,51.3,51.35,49908
2026-09-02 16:13,51.35,51.42,51.32,51.4001,57843
2026-09-02 16:14,51.41,51.41,51.3,51.34,36706
2026-09-02 16:15,51.32,51.419,51.315,51.405,45461
2026-09-02 16:16,51.4,51.4699,51.32,51.469,48890
2026-09-02 16:17,51.46,51.61,51.4576,51.61,84308
2026-09-02 16:18,51.615,51.64,51.521,51.5701,89322
2026-09-02 16:19,51.5687,51.5687,51.48,51.5201,32447
2026-09-02 16:20,51.5195,51.56,51.4891,51.52,28300
2026-09-02 16:21,51.53,51.5788,51.51,51.55,25943
2026-09-02 16:22,51.58,51.665,51.57,51.65,87451
2026-09-02 16:23,51.6591,51.66,51.545,51.595,34282
2026-09-02 16:24,51.6,51.61,51.53,51.569,57220
2026-09-02 16:25,51.55,51.6111,51.5,51.6111,39385
2026-09-02 16:26,51.615,51.745,51.58,51.745,47697
2026-09-02 16:27,51.74,51.885,51.72,51.8701,115061
2026-09-02 16:28,51.8798,51.8798,51.74,51.745,98082
2026-09-02 16:29,51.739,51.87,51.735,51.8,55941
2026-09-02 16:30,51.81,51.825,51.765,51.81,57316
2026-09-02 16:31,51.7991,51.8,51.6509,51.665,95606
2026-09-02 16:32,51.67,51.7091,51.58,51.65,89493
2026-09-02 16:33,51.645,51.72,51.59,51.72,57975
2026-09-02 16:34,51.72,51.72,51.6391,51.6804,46765
2026-09-02 16:35,51.69,51.69,51.585,51.6491,40928
2026-09-02 16:36,51.65,51.71,51.605,51.7,25487
2026-09-02 16:37,51.695,51.76,51.63,51.66,35077
2026-09-02 16:38,51.66,51.785,51.65,51.785,17675
2026-09-02 16:39,51.79,51.86,51.76,51.86,82749
2026-09-02 16:40,51.84,51.86,51.81,51.82,56087
2026-09-02 16:41,51.825,51.96,51.825,51.93,64216
2026-09-02 16:42,51.9187,51.99,51.9087,51.99,44610
2026-09-02 16:43,51.985,52.0101,51.96,51.9701,56947
2026-09-02 16:44,51.98,51.995,51.95,51.985,50287
2026-09-02 16:45,51.98,51.98,51.895,51.895,70779
2026-09-02 16:46,51.9,51.915,51.85,51.905,74307
2026-09-02 16:47,51.9091,52.035,51.9,52.035,77394
2026-09-02 16:48,52.0397,52.055,52,52.0391,75414
2026-09-02 16:49,52.045,52.05,51.97,51.9805,47919
2026-09-02 16:50,51.98,52.095,51.96,52.09,57218
2026-09-02 16:51,52.09,52.12,52.04,52.07,39581
2026-09-02 16:52,52.08,52.14,52.07,52.125,66447
2026-09-02 16:53,52.125,52.165,52.01,52.01,108532
2026-09-02 16:54,52.001,52.03,51.94,51.95,100093
2026-09-02 16:55,51.95,52.01,51.93,51.9962,34890
2026-09-02 16:56,52.025,52.0599,51.8805,51.8906,45946
2026-09-02 16:57,51.9,51.9701,51.86,51.97,51612
2026-09-02 16:58,51.98,51.99,51.94,51.9499,29152
2026-09-02 16:59,51.95,51.959,51.88,51.889,38079
2026-09-02 17:00,51.88,51.885,51.745,51.79,66678
2026-09-02 17:01,51.785,51.785,51.675,51.68,70009
2026-09-02 17:02,51.67,51.72,51.64,51.64,33087
2026-09-02 17:03,51.64,51.74,51.6299,51.74,50901
2026-09-02 17:04,51.77,51.78,51.6909,51.72,27114
2026-09-02 17:05,51.7101,51.7101,51.62,51.695,25589
2026-09-02 17:06,51.7,51.795,51.7,51.71,28329
2026-09-02 17:07,51.72,52.02,51.72,52.02,66351
2026-09-02 17:08,52.0201,52.239,52,52.2299,128493
2026-09-02 17:09,52.215,52.2387,52.125,52.2001,79782
2026-09-02 17:10,52.2,52.21,52.081,52.1099,91727
2026-09-02 17:11,52.1099,52.1687,52.1,52.165,50317
2026-09-02 17:12,52.161,52.18,52.0801,52.0801,34894
2026-09-02 17:13,52.09,52.12,51.98,51.99,46508
2026-09-02 17:14,51.9801,52.035,51.94,52.0201,58148
2026-09-02 17:15,52.02,52.0892,52.01,52.0199,69591
2026-09-02 17:16,52.015,52.09,52.015,52.04,40978
2026-09-02 17:17,52.04,52.15,52.03,52.15,33092
2026-09-02 17:18,52.145,52.17,52.0901,52.16,60840
2026-09-02 17:19,52.155,52.1591,52.06,52.07,25173
2026-09-02 17:20,52.0699,52.08,52.01,52.04,28514
2026-09-02 17:21,52.04,52.1198,51.9609,51.9609,33138
2026-09-02 17:22,51.96,52.09,51.95,52.0313,20574
2026-09-02 17:23,52.02,52.04,51.95,51.97,25125
2026-09-02 17:24,51.965,52.045,51.96,52.045,23128
2026-09-02 17:25,52.035,52.0713,52.03,52.03,23169
2026-09-02 17:26,52.05,52.05,51.97,52,22197
2026-09-02 17:27,52,52.07,52,52.065,16807
2026-09-02 17:28,52.065,52.065,51.97,51.98,25190
2026-09-02 17:29,51.99,52.01,51.94,51.98,24282
2026-09-02 17:30,51.965,51.99,51.921,51.95,35528
2026-09-02 17:31,51.955,52,51.91,51.935,74764
2026-09-02 17:32,51.93,52.02,51.93,52.0005,20488
2026-09-02 17:33,52.01,52.03,52,52,17794
2026-09-02 17:34,52.01,52.06,51.97,52.055,24485
2026-09-02 17:35,52.0562,52.0697,52,52.02,46433
2026-09-02 17:36,52.04,52.059,51.98,52.01,17426
2026-09-02 17:37,52,52.015,51.965,52.0012,9803
2026-09-02 17:38,52,52.03,52,52.005,32284
2026-09-02 17:39,52,52.06,51.97,52.03,20282
2026-09-02 17:40,52.05,52.0501,52,52.0501,15350
2026-09-02 17:41,52.0509,52.11,52.0509,52.095,21681
2026-09-02 17:42,52.109,52.11,51.96,52.07,91541
2026-09-02 17:43,52.07,52.1,51.98,52.02,53090
2026-09-02 17:44,52.03,52.05,51.97,51.97,48130
2026-09-02 17:45,51.97,51.97,51.79,51.85,137370
2026-09-02 17:46,51.865,51.885,51.81,51.81,40268
2026-09-02 17:47,51.815,51.925,51.815,51.865,38186
2026-09-02 17:48,51.86,51.925,51.855,51.925,17543
2026-09-02 17:49,51.935,51.989,51.9299,51.975,95058
2026-09-02 17:50,51.975,52.04,51.95,52.01,37001
2026-09-02 17:51,52.01,52.07,51.98,52.055,35923
2026-09-02 17:52,52.055,52.055,51.99,52.04,51668
2026-09-02 17:53,52.055,52.125,52.05,52.12,75697
2026-09-02 17:54,52.115,52.115,52.0399,52.06,51371
2026-09-02 17:55,52.0909,52.2,52.0909,52.115,42802
2026-09-02 17:56,52.09,52.15,52.09,52.13,19315
2026-09-02 17:57,52.1499,52.15,52.0612,52.075,29772
2026-09-02 17:58,52.0899,52.16,52.075,52.135,21704
2026-09-02 17:59,52.13,52.135,52.0601,52.1203,30772
2026-09-02 18:00,52.12,52.27,52.09,52.265,52801
2026-09-02 18:01,52.27,52.3088,52.2299,52.27,103363
2026-09-02 18:02,52.26,52.265,52.18,52.2399,37057
2026-09-02 18:03,52.2299,52.24,52.12,52.1791,48704
2026-09-02 18:04,52.18,52.21,52.15,52.15,30320
2026-09-02 18:05,52.165,52.17,52.02,52.05,40192
2026-09-02 18:06,52.0199,52.075,52.0199,52.0411,53116
2026-09-02 18:07,52.035,52.22,52.03,52.2093,44270
2026-09-02 18:08,52.2198,52.249,52.2198,52.23,28309
2026-09-02 18:09,52.22,52.235,52.14,52.18,34568
2026-09-02 18:10,52.18,52.22,52.15,52.22,25609
2026-09-02 18:11,52.23,52.27,52.19,52.265,30249
2026-09-02 18:12,52.28,52.3087,52.26,52.295,22089
2026-09-02 18:13,52.28,52.285,52.17,52.19,24613
2026-09-02 18:14,52.22,52.2599,52.21,52.2191,12158
2026-09-02 18:15,52.2194,52.2699,52.16,52.24,30636
2026-09-02 18:16,52.23,52.275,52.215,52.2687,25021
2026-09-02 18:17,52.27,52.31,52.27,52.28,26969
2026-09-02 18:18,52.27,52.32,51.92,52.105,218929
2026-09-02 18:19,52.09,52.15,52.06,52.1224,46007
2026-09-02 18:20,52.1221,52.21,52.11,52.13,42407
2026-09-02 18:21,52.1388,52.17,52.09,52.12,31645
2026-09-02 18:22,52.125,52.17,52.1039,52.11,10503
2026-09-02 18:23,52.1,52.13,52.0929,52.13,6745
2026-09-02 18:24,52.13,52.1301,52.06,52.06,85576
2026-09-02 18:25,52.06,52.0698,52.01,52.04,59698
2026-09-02 18:26,52.04,52.13,52.03,52.13,33114
2026-09-02 18:27,52.11,52.165,52.11,52.1591,67844
2026-09-02 18:28,52.15,52.16,52.08,52.155,38203
2026-09-02 18:29,52.14,52.18,52.14,52.155,15763
2026-09-02 18:30,52.145,52.1766,52.05,52.055,21696
2026-09-02 18:31,52.0591,52.1,52.0587,52.095,11435
2026-09-02 18:32,52.09,52.1,52.05,52.055,17285
2026-09-02 18:33,52.04,52.0401,51.98,51.98,52913
2026-09-02 18:34,51.975,52.115,51.95,52.1062,71661
2026-09-02 18:35,52.1,52.108,52.045,52.105,23715
2026-09-02 18:36,52.1,52.115,52.08,52.095,11052
2026-09-02 18:37,52.09,52.13,52.09,52.1291,10125
2026-09-02 18:38,52.13,52.16,52.11,52.1199,12606
2026-09-02 18:39,52.119,52.1499,52.08,52.14,19730
2026-09-02 18:40,52.139,52.151,52.1099,52.135,25634
2026-09-02 18:41,52.15,52.18,52.125,52.14,16222
2026-09-02 18:42,52.15,52.161,52.115,52.155,18624
2026-09-02 18:43,52.155,52.16,52.09,52.105,36908
2026-09-02 18:44,52.085,52.13,52.085,52.12,16240
2026-09-02 18:45,52.095,52.1,52.05,52.075,34982
2026-09-02 18:46,52.07,52.11,52.0601,52.1009,11185
2026-09-02 18:47,52.105,52.115,52.01,52.03,29002
2026-09-02 18:48,52.025,52.0399,51.88,51.885,32428
2026-09-02 18:49,51.885,51.895,51.84,51.875,36427
2026-09-02 18:50,51.87,51.96,51.85,51.93,35914
2026-09-02 18:51,51.94,51.985,51.94,51.9813,31455
2026-09-02 18:52,51.99,52.015,51.975,52.005,16350
2026-09-02 18:53,52.0091,52.0091,51.9099,51.9099,16832
2026-09-02 18:54,51.9114,51.95,51.9114,51.93,12333
2026-09-02 18:55,51.93,51.93,51.89,51.895,19054
2026-09-02 18:56,51.915,51.9209,51.84,51.8401,18857
2026-09-02 18:57,51.8401,51.8401,51.78,51.8391,39397
2026-09-02 18:58,51.831,51.86,51.78,51.7813,21388
2026-09-02 18:59,51.78,51.83,51.765,51.82,13991
2026-09-02 19:00,51.83,51.9095,51.811,51.89,33454
2026-09-02 19:01,51.89,51.925,51.811,51.909,27940
2026-09-02 19:02,51.91,51.92,51.84,51.9105,32930
2026-09-02 19:03,51.91,51.92,51.8,51.895,27864
2026-09-02 19:04,51.91,51.93,51.88,51.88,37936
2026-09-02 19:05,51.865,51.8791,51.76,51.7609,43677
2026-09-02 19:06,51.7691,51.7999,51.7503,51.76,32055
2026-09-02 19:07,51.7672,51.855,51.765,51.8401,22707
2026-09-02 19:08,51.825,51.85,51.8,51.83,20935
2026-09-02 19:09,51.835,51.858,51.79,51.81,23018
2026-09-02 19:10,51.82,51.85,51.81,51.83,16431
2026-09-02 19:11,51.835,51.89,51.835,51.875,23513
2026-09-02 19:12,51.87,51.87,51.77,51.8,42117
2026-09-02 19:13,51.795,51.86,51.795,51.85,21291
2026-09-02 19:14,51.87,51.9,51.83,51.9,22539
2026-09-02 19:15,51.9,51.9391,51.84,51.9391,15020
2026-09-02 19:16,51.94,52.01,51.94,52.005,77042
2026-09-02 19:17,52.005,52.0228,51.95,52,64446
2026-09-02 19:18,51.9801,52.025,51.955,51.9799,18254
2026-09-02 19:19,51.965,51.97,51.911,51.911,22338
2026-09-02 19:20,51.92,52.075,51.915,52,40802
2026-09-02 19:21,51.99,51.99,51.91,51.9401,27240
2026-09-02 19:22,51.93,51.94,51.88,51.9213,15477
2026-09-02 19:23,51.93,51.97,51.92,51.939,8803
2026-09-02 19:24,51.94,52.029,51.93,52.029,23639
2026-09-02 19:25,52.02,52.081,51.98,52.0701,30824
2026-09-02 19:26,52.08,52.09,52.04,52.04,22679
2026-09-02 19:27,52.045,52.09,52.02,52.04,25612
2026-09-02 19:28,52.06,52.06,51.91,51.9499,37720
2026-09-02 19:29,51.96,51.9827,51.92,51.939,49811
2026-09-02 19:30,51.93,51.975,51.915,51.96,45204
2026-09-02 19:31,51.955,51.96,51.87,51.88,50404
2026-09-02 19:32,51.88,51.97,51.87,51.951,59370
2026-09-02 19:33,51.955,51.99,51.93,51.985,21441
2026-09-02 19:34,51.9823,51.9899,51.885,51.9,11001
2026-09-02 19:35,51.89,51.99,51.89,51.9801,79920
2026-09-02 19:36,51.985,51.985,51.9,51.965,23069
2026-09-02 19:37,51.9699,51.98,51.93,51.98,84956
2026-09-02 19:38,51.98,51.99,51.955,51.965,15377
2026-09-02 19:39,51.96,52,51.95,51.99,16302
2026-09-02 19:40,52,52.06,51.99,52.06,30862
2026-09-02 19:41,52.061,52.09,52.035,52.035,41124
2026-09-02 19:42,52.03,52.09,52.01,52.055,29107
2026-09-02 19:43,52.06,52.061,51.99,51.99,58301
2026-09-02 19:44,52.005,52.0103,51.99,52.0091,21143
2026-09-02 19:45,51.999,52,51.91,51.96,29624
2026-09-02 19:46,51.96,51.999,51.93,51.94,18128
2026-09-02 19:47,51.935,51.9801,51.91,51.961,27363
2026-09-02 19:48,51.96,51.99,51.9101,51.93,32346
2026-09-02 19:49,51.9211,51.97,51.905,51.945,35956
2026-09-02 19:50,51.945,52.0799,51.87,52.01,121866
2026-09-02 19:51,52.015,52.03,51.9601,51.98,24911
2026-09-02 19:52,51.98,52.045,51.94,52.0005,39312
2026-09-02 19:53,52.0277,52.0277,51.98,51.9877,58347
2026-09-02 19:54,51.995,52.005,51.83,51.89,111577
2026-09-02 19:55,51.88,52.02,51.85,51.9001,128397
2026-09-02 19:56,51.8993,51.969,51.891,51.9,54188
2026-09-02 19:57,51.91,51.93,51.9,51.915,76613
2026-09-02 19:58,51.91,51.925,51.89,51.9,85416
2026-09-02 19:59,51.9,51.91,51.8,51.81,320529
2026-09-03 13:30,53.67,53.6962,53.49,53.5,7.34998e+06
2026-09-03 13:31,53.52,54.601,53.485,54.601,535170
2026-09-03 13:32,54.61,55.25,54.55,55.1874,622033
2026-09-03 13:33,55.15,55.3,55.03,55.1,417031
2026-09-03 13:34,55.1,55.11,54.53,54.98,509464
2026-09-03 13:35,54.97,55.1605,54.6895,54.9428,347618
2026-09-03 13:36,54.94,55.69,54.865,55.4,598265
2026-09-03 13:37,55.4,55.45,54.96,54.9888,256485
2026-09-03 13:38,55,55.14,54.67,54.6807,255646
2026-09-03 13:39,54.71,54.77,54.37,54.3801,280747
2026-09-03 13:40,54.41,54.61,54.045,54.08,385075
2026-09-03 13:41,54.09,54.14,53.8737,53.965,289673
2026-09-03 13:42,53.9763,54.29,53.91,54.1609,214460
2026-09-03 13:43,54.185,54.5799,54.12,54.445,181716
2026-09-03 13:44,54.43,54.52,54.28,54.28,126996
2026-09-03 13:45,54.35,54.47,54.24,54.4699,129605
2026-09-03 13:46,54.42,54.48,54.08,54.19,123925
2026-09-03 13:47,54.1801,54.1801,53.98,54.125,149451
2026-09-03 13:48,54.125,54.2,53.95,54.03,173286
2026-09-03 13:49,54.0499,54.06,53.82,53.9,225075
2026-09-03 13:50,53.885,54.02,53.7301,53.9,168134
2026-09-03 13:51,53.91,54.22,53.89,53.96,190933
2026-09-03 13:52,53.95,54.2091,53.915,54.18,143119
2026-09-03 13:53,54.1824,54.3999,54.16,54.3,157429
2026-09-03 13:54,54.29,54.4,54.1704,54.195,126450
2026-09-03 13:55,54.225,54.35,54.0619,54.315,116286
2026-09-03 13:56,54.33,54.48,54.33,54.46,150262
2026-09-03 13:57,54.455,54.5562,54.32,54.5401,187894
2026-09-03 13:58,54.54,54.54,54.24,54.25,96974
2026-09-03 13:59,54.25,54.45,54.195,54.4,136553
2026-09-03 14:00,54.42,54.73,54.32,54.73,241023
2026-09-03 14:01,54.75,55.11,54.74,55.1,315411
2026-09-03 14:02,55.1099,55.2,54.975,55,310073
2026-09-03 14:03,54.9962,55.19,54.91,54.96,161466
2026-09-03 14:04,54.97,55.17,54.945,54.96,99821
2026-09-03 14:05,54.96,55.0609,54.79,54.8109,95906
2026-09-03 14:06,54.81,55.08,54.81,54.95,151049
2026-09-03 14:07,54.9899,55.2986,54.93,55.2986,151862
2026-09-03 14:08,55.29,55.5,55.2531,55.26,291213
2026-09-03 14:09,55.25,55.3491,55.09,55.14,100181
2026-09-03 14:10,55.135,55.24,55.0438,55.0742,112519
2026-09-03 14:11,55.11,55.2,54.995,55.0183,119843
2026-09-03 14:12,55.01,55.1305,54.9609,55,108976
2026-09-03 14:13,55.01,55.13,54.91,55.01,69503
2026-09-03 14:14,54.99,55.0495,54.93,54.98,131629
2026-09-03 14:15,54.99,55.01,54.64,54.7438,178406
2026-09-03 14:16,54.725,54.78,54.59,54.621,89827
2026-09-03 14:17,54.63,54.64,54.4109,54.42,107786
2026-09-03 14:18,54.4101,54.49,54.36,54.44,189953
2026-09-03 14:19,54.42,54.42,54.14,54.21,91204
2026-09-03 14:20,54.2001,54.2001,53.97,54.07,161299
2026-09-03 14:21,54.0491,54.3699,54.04,54.21,166046
2026-09-03 14:22,54.21,54.27,54.1,54.145,66446
2026-09-03 14:23,54.13,54.26,54.01,54.2,86604
2026-09-03 14:24,54.2,54.275,54.135,54.1974,62376
2026-09-03 14:25,54.196,54.35,54.112,54.1499,84031
2026-09-03 14:26,54.12,54.26,54,54.13,95066
2026-09-03 14:27,54.12,54.18,54,54.01,129429
2026-09-03 14:28,54.005,54.2,54.005,54.1499,54006
2026-09-03 14:29,54.145,54.24,54.12,54.23,62635
2026-09-03 14:30,54.23,54.37,54.19,54.2711,124094
2026-09-03 14:31,54.28,54.6699,54.27,54.6199,183955
2026-09-03 14:32,54.62,54.85,54.62,54.75,200498
2026-09-03 14:33,54.75,54.8,54.54,54.66,121927
2026-09-03 14:34,54.68,54.79,54.53,54.79,88340
2026-09-03 14:35,54.75,54.755,54.49,54.52,69437
2026-09-03 14:36,54.5,54.62,54.48,54.6199,43081
2026-09-03 14:37,54.62,54.665,54.48,54.6192,41504
2026-09-03 14:38,54.5712,54.61,54.48,54.48,36593
2026-09-03 14:39,54.49,54.57,54.43,54.4605,36030
2026-09-03 14:40,54.47,54.49,54.32,54.4705,69519
2026-09-03 14:41,54.47,54.49,54.23,54.28,71648
2026-09-03 14:42,54.28,54.32,54.175,54.29,82552
2026-09-03 14:43,54.29,54.37,54.24,54.3,52989
2026-09-03 14:44,54.2789,54.4615,54.24,54.4183,32551
2026-09-03 14:45,54.43,54.46,54.28,54.28,75198
2026-09-03 14:46,54.3,54.405,54.2329,54.39,39836
2026-09-03 14:47,54.3612,54.425,54.2309,54.2899,59563
2026-09-03 14:48,54.3,54.35,54.2,54.24,41727
2026-09-03 14:49,54.23,54.345,54.2,54.26,38195
2026-09-03 14:50,54.28,54.36,54.205,54.21,66330
2026-09-03 14:51,54.21,54.23,54.035,54.035,73536
2026-09-03 14:52,54.04,54.12,53.98,54,130780
2026-09-03 14:53,53.991,54.01,53.78,53.81,205997
2026-09-03 14:54,53.8,53.85,53.69,53.7,85371
2026-09-03 14:55,53.7,53.82,53.66,53.77,122198
2026-09-03 14:56,53.76,54.33,53.675,53.92,385923
2026-09-03 14:57,53.92,53.92,53.7,53.72,87693
2026-09-03 14:58,53.705,53.705,53.3941,53.41,157219
2026-09-03 14:59,53.4186,53.42,53.07,53.07,250951
2026-09-03 15:00,53.075,53.09,52.7819,52.88,172836
2026-09-03 15:01,52.87,52.97,52.79,52.95,264830
2026-09-03 15:02,52.945,52.96,52.66,52.69,159463
2026-09-03 15:03,52.68,52.71,52.55,52.705,162399
2026-09-03 15:04,52.7,52.82,52.48,52.52,212094
2026-09-03 15:05,52.525,52.665,52.455,52.64,125113
2026-09-03 15:06,52.6201,52.84,52.59,52.84,119299
2026-09-03 15:07,52.845,52.9299,52.72,52.79,165818
2026-09-03 15:08,52.795,52.97,52.795,52.9267,101301
2026-09-03 15:09,52.9,53.0977,52.8891,53.0977,137344
2026-09-03 15:10,53.1,53.18,53.001,53.01,194746
2026-09-03 15:11,53.01,53.04,52.87,52.92,105175
2026-09-03 15:12,52.9,53.18,52.89,53.1501,106012
2026-09-03 15:13,53.16,53.175,53.03,53.07,72226
2026-09-03 15:14,53.05,53.1383,53.01,53.01,45322
2026-09-03 15:15,53,53.03,52.93,52.93,50762
2026-09-03 15:16,52.94,53.015,52.81,52.83,69383
2026-09-03 15:17,52.83,52.8309,52.72,52.745,96661
2026-09-03 15:18,52.75,52.8599,52.7374,52.7711,60154
2026-09-03 15:19,52.76,52.8898,52.745,52.8599,52778
2026-09-03 15:20,52.855,52.97,52.84,52.955,85091
2026-09-03 15:21,52.96,53,52.87,52.8801,108844
2026-09-03 15:22,52.88,52.88,52.685,52.6912,109154
2026-09-03 15:23,52.68,52.72,52.6409,52.675,100175
2026-09-03 15:24,52.68,52.695,52.61,52.6799,62453
2026-09-03 15:25,52.67,52.67,52.49,52.49,108735
2026-09-03 15:26,52.497,52.497,52.22,52.235,304318
2026-09-03 15:27,52.24,52.29,52.07,52.08,140766
2026-09-03 15:28,52.09,52.215,52.07,52.08,209121
2026-09-03 15:29,52.0901,52.12,51.9712,52.04,145506
2026-09-03 15:30,52.035,52.1487,52.03,52.12,117410
2026-09-03 15:31,52.1109,52.28,52.04,52.05,199719
2026-09-03 15:32,52.069,52.228,52.065,52.225,118746
2026-09-03 15:33,52.215,52.359,52.185,52.28,93781
2026-09-03 15:34,52.27,52.32,52.21,52.21,168506
2026-09-03 15:35,52.2109,52.2109,52.1,52.1203,101164
2026-09-03 15:36,52.13,52.27,52.13,52.16,84935
2026-09-03 15:37,52.16,52.35,52.1,52.345,95076
2026-09-03 15:38,52.35,52.435,52.31,52.405,110946
2026-09-03 15:39,52.405,52.4399,52.27,52.305,131110
2026-09-03 15:40,52.295,52.38,52.26,52.3601,65002
2026-09-03 15:41,52.3777,52.381,52.23,52.295,64795
2026-09-03 15:42,52.295,52.31,52.2,52.242,38796
2026-09-03 15:43,52.24,52.25,52.18,52.21,35494
2026-09-03 15:44,52.21,52.36,52.21,52.3299,55901
2026-09-03 15:45,52.32,52.32,52.23,52.31,48843
2026-09-03 15:46,52.31,52.38,52.29,52.3781,54199
2026-09-03 15:47,52.365,52.505,52.3609,52.4901,117944
2026-09-03 15:48,52.49,52.5899,52.37,52.4,117281
2026-09-03 15:49,52.41,52.445,52.37,52.41,114989
2026-09-03 15:50,52.42,52.42,52.36,52.4,28640
2026-09-03 15:51,52.39,52.445,52.311,52.32,62160
2026-09-03 15:52,52.315,52.315,52.14,52.1512,161120
2026-09-03 15:53,52.18,52.275,52.1503,52.269,74759
2026-09-03 15:54,52.265,52.33,52.19,52.2005,76387
2026-09-03 15:55,52.19,52.22,52.1,52.135,65381
2026-09-03 15:56,52.138,52.235,52.138,52.2194,85202
2026-09-03 15:57,52.22,52.35,52.21,52.34,84095
2026-09-03 15:58,52.335,52.4,52.32,52.345,84779
2026-09-03 15:59,52.34,52.37,52.23,52.23,79863
2026-09-03 16:00,52.25,52.37,52.25,52.34,65420
2026-09-03 16:01,52.35,52.43,52.32,52.405,79460
2026-09-03 16:02,52.4,52.47,52.3,52.395,67532
2026-09-03 16:03,52.42,52.5,52.345,52.395,79694
2026-09-03 16:04,52.4,52.56,52.4,52.5595,96274
2026-09-03 16:05,52.55,52.5699,52.48,52.52,104643
2026-09-03 16:06,52.51,52.66,52.51,52.6,171770
2026-09-03 16:07,52.59,52.59,52.49,52.545,81095
2026-09-03 16:08,52.5302,52.56,52.425,52.5,70337
2026-09-03 16:09,52.49,52.49,52.36,52.41,65730
2026-09-03 16:10,52.41,52.44,52.325,52.325,70521
2026-09-03 16:11,52.33,52.429,52.325,52.38,60094
2026-09-03 16:12,52.39,52.39,52.3101,52.335,72706
2026-09-03 16:13,52.325,52.3901,52.285,52.39,93050
2026-09-03 16:14,52.38,52.38,52.305,52.33,58359
2026-09-03 16:15,52.335,52.37,52.29,52.32,95828
2026-09-03 16:16,52.305,52.365,52.275,52.33,43207
2026-09-03 16:17,52.33,52.33,52.22,52.2587,86599
2026-09-03 16:18,52.263,52.28,52.225,52.25,51270
2026-09-03 16:19,52.235,52.235,52.03,52.0591,136144
2026-09-03 16:20,52.06,52.16,52.03,52.115,68049
2026-09-03 16:21,52.12,52.18,52.115,52.13,73030
2026-09-03 16:22,52.13,52.25,52.12,52.24,41321
2026-09-03 16:23,52.24,52.279,52.19,52.2174,42915
2026-09-03 16:24,52.2,52.3,52.18,52.29,37195
2026-09-03 16:25,52.275,52.29,52.22,52.2634,75977
2026-09-03 16:26,52.25,52.27,52.07,52.19,80805
2026-09-03 16:27,52.205,52.27,52.19,52.19,46424
2026-09-03 16:28,52.19,52.25,52.19,52.235,27509
2026-09-03 16:29,52.22,52.28,52.215,52.235,28541
2026-09-03 16:30,52.24,52.2684,52.19,52.231,35252
2026-09-03 16:31,52.205,52.28,52.205,52.245,30948
2026-09-03 16:32,52.245,52.35,52.245,52.345,67545
2026-09-03 16:33,52.345,52.35,52.2509,52.292,42470
2026-09-03 16:34,52.28,52.41,52.28,52.395,40143
2026-09-03 16:35,52.395,52.4587,52.3501,52.43,55670
2026-09-03 16:36,52.41,52.4127,52.3013,52.305,63123
2026-09-03 16:37,52.31,52.36,52.205,52.206,73734
2026-09-03 16:38,52.2,52.2,52.12,52.15,64138
2026-09-03 16:39,52.1412,52.1475,51.94,51.97,176395
2026-09-03 16:40,51.97,51.9998,51.94,51.97,62550
2026-09-03 16:41,51.985,51.9887,51.7809,51.8,132714
2026-09-03 16:42,51.8001,51.875,51.79,51.875,73342
2026-09-03 16:43,51.885,51.89,51.84,51.8599,57987
2026-09-03 16:44,51.85,51.855,51.8,51.81,68287
2026-09-03 16:45,51.8,51.885,51.795,51.83,47033
2026-09-03 16:46,51.83,51.89,51.82,51.84,44810
2026-09-03 16:47,51.835,51.94,51.82,51.9299,67082
2026-09-03 16:48,51.93,51.965,51.89,51.9399,28089
2026-09-03 16:49,51.935,52,51.9,51.94,35659
2026-09-03 16:50,51.92,51.9399,51.8601,51.87,27704
2026-09-03 16:51,51.87,51.97,51.84,51.96,38160
2026-09-03 16:52,51.9662,52.06,51.94,52.0501,50960
2026-09-03 16:53,52.06,52.06,51.961,51.985,40123
2026-09-03 16:54,52,52.05,51.9905,51.995,32395
2026-09-03 16:55,52.005,52.005,51.9009,51.9009,36674
2026-09-03 16:56,51.9,51.9299,51.86,51.895,45638
2026-09-03 16:57,51.9,51.9,51.71,51.715,85711
2026-09-03 16:58,51.72,51.84,51.69,51.828,94750
2026-09-03 16:59,51.8297,51.91,51.821,51.905,78417
2026-09-03 17:00,51.895,51.98,51.8387,51.98,43364
2026-09-03 17:01,51.99,51.995,51.8401,51.88,44897
2026-09-03 17:02,51.9,52.059,51.9,52.05,57928
2026-09-03 17:03,52.05,52.08,52.005,52.04,63647
2026-09-03 17:04,52.04,52.06,51.905,51.905,84974
2026-09-03 17:05,51.911,52.03,51.9,51.9788,35232
2026-09-03 17:06,51.975,52.05,51.9712,52.05,22149
2026-09-03 17:07,52.055,52.07,52.02,52.06,62014
2026-09-03 17:08,52.06,52.23,52.04,52.22,167854
2026-09-03 17:09,52.2001,52.26,52.18,52.2086,79541
2026-09-03 17:10,52.205,52.21,52.1305,52.1399,43737
2026-09-03 17:11,52.12,52.17,52.07,52.09,79005
2026-09-03 17:12,52.1,52.2199,52.09,52.161,61257
2026-09-03 17:13,52.16,52.23,52.16,52.23,49408
2026-09-03 17:14,52.225,52.29,52.21,52.26,60580
2026-09-03 17:15,52.255,52.2699,52.1613,52.23,46579
2026-09-03 17:16,52.23,52.23,52.13,52.1412,71541
2026-09-03 17:17,52.145,52.18,52.035,52.045,32776
2026-09-03 17:18,52.0409,52.06,52,52.04,84174
2026-09-03 17:19,52.005,52.09,51.97,52.06,55401
2026-09-03 17:20,52.0899,52.15,52.085,52.135,40389
2026-09-03 17:21,52.14,52.175,52.07,52.13,50397
2026-09-03 17:22,52.13,52.17,52.12,52.1662,24566
2026-09-03 17:23,52.145,52.195,52.125,52.135,13979
2026-09-03 17:24,52.145,52.185,52.111,52.1501,36007
2026-09-03 17:25,52.1599,52.17,52.08,52.09,24196
2026-09-03 17:26,52.0809,52.1,52.06,52.07,20393
2026-09-03 17:27,52.09,52.09,52.0002,52.0651,53720
2026-09-03 17:28,52.0769,52.079,51.93,51.96,24358
2026-09-03 17:29,51.97,52.0313,51.96,52.015,12460
2026-09-03 17:30,52.01,52.0201,51.945,51.965,20898
2026-09-03 17:31,51.97,52.01,51.95,51.995,24265
2026-09-03 17:32,51.9962,52,51.955,51.97,23741
2026-09-03 17:33,51.951,51.9699,51.93,51.96,8988
2026-09-03 17:34,51.9477,52.0378,51.94,52.01,15612
2026-09-03 17:35,52.02,52.0462,51.9999,51.9999,21254
2026-09-03 17:36,51.99,52.065,51.95,52.05,26829
2026-09-03 17:37,52.045,52.1298,52.04,52.115,58842
2026-09-03 17:38,52.1099,52.13,52.0213,52.055,34782
2026-09-03 17:39,52.06,52.07,52.0124,52.04,6873
2026-09-03 17:40,52.03,52.0301,51.905,51.9591,48396
2026-09-03 17:41,51.919,51.95,51.87,51.8901,48271
2026-09-03 17:42,51.8911,51.9396,51.88,51.93,16959
2026-09-03 17:43,51.94,51.9787,51.921,51.935,14906
2026-09-03 17:44,51.955,52.01,51.955,51.96,22145
2026-09-03 17:45,51.96,51.985,51.91,51.93,17330
2026-09-03 17:46,51.935,51.98,51.88,51.92,35795
2026-09-03 17:47,51.9198,51.95,51.89,51.935,72429
2026-09-03 17:48,51.9301,52,51.9301,52,35188
2026-09-03 17:49,51.99,52.01,51.98,51.985,12000
2026-09-03 17:50,51.95,51.95,51.915,51.92,38441
2026-09-03 17:51,51.92,51.92,51.83,51.855,87198
2026-09-03 17:52,51.865,51.87,51.77,51.775,79824
2026-09-03 17:53,51.7798,51.7901,51.7798,51.79,8698
2026-09-03 17:55,51.85,51.86,51.8109,51.8109,107508
2026-09-03 17:56,51.82,51.855,51.8125,51.85,16015
2026-09-03 17:57,51.855,51.885,51.855,51.8709,24268
2026-09-03 17:58,51.8951,51.945,51.885,51.945,43307
2026-09-03 17:59,51.9409,51.96,51.94,51.96,33014
2026-09-03 18:00,51.95,51.95,51.83,51.8312,64097
2026-09-03 18:01,51.82,51.82,51.62,51.64,96482
2026-09-03 18:02,51.64,51.675,51.565,51.675,112772
2026-09-03 18:03,51.675,51.68,51.6,51.645,47010
2026-09-03 18:04,51.65,51.69,51.6305,51.635,49970
2026-09-03 18:05,51.635,51.6891,51.62,51.63,23482
2026-09-03 18:06,51.63,51.69,51.62,51.69,27426
2026-09-03 18:07,51.685,51.7488,51.66,51.705,28179
2026-09-03 18:08,51.7199,51.72,51.66,51.6805,39552
2026-09-03 18:09,51.6999,51.715,51.68,51.69,19708
2026-09-03 18:10,51.6797,51.7351,51.66,51.725,32477
2026-09-03 18:11,51.73,51.8289,51.71,51.805,43519
2026-09-03 18:12,51.8191,51.83,51.78,51.83,59920
2026-09-03 18:13,51.84,51.86,51.735,51.75,52400
2026-09-03 18:14,51.755,51.78,51.74,51.74,13291
2026-09-03 18:15,51.76,51.76,51.65,51.66,28872
2026-09-03 18:16,51.67,51.7,51.6491,51.66,49202
2026-09-03 18:17,51.6601,51.6601,51.56,51.565,113556
2026-09-03 18:18,51.5705,51.655,51.57,51.64,31338
2026-09-03 18:19,51.635,51.73,51.635,51.7,24336
2026-09-03 18:20,51.71,51.74,51.68,51.69,21984
2026-09-03 18:21,51.725,51.7812,51.7,51.7,42474
2026-09-03 18:22,51.72,51.7275,51.66,51.72,33999
2026-09-03 18:23,51.725,51.759,51.7101,51.759,15430
2026-09-03 18:24,51.75,51.755,51.6801,51.69,28750
2026-09-03 18:25,51.69,51.71,51.63,51.64,33036
2026-09-03 18:26,51.64,51.71,51.615,51.705,27328
2026-09-03 18:27,51.7,51.74,51.695,51.73,35142
2026-09-03 18:28,51.725,51.739,51.67,51.675,71399
2026-09-03 18:29,51.665,51.71,51.665,51.68,20664
2026-09-03 18:30,51.68,51.7191,51.581,51.59,44104
2026-09-03 18:31,51.5905,51.67,51.59,51.635,28182
2026-09-03 18:32,51.62,51.6299,51.55,51.62,110782
2026-09-03 18:33,51.6209,51.63,51.5101,51.5101,71738
2026-09-03 18:34,51.515,51.545,51.44,51.45,156892
2026-09-03 18:35,51.4487,51.54,51.415,51.53,99829
2026-09-03 18:36,51.53,51.6,51.53,51.575,21134
2026-09-03 18:37,51.56,51.6,51.535,51.5401,32131
2026-09-03 18:38,51.555,51.555,51.5,51.519,22648
2026-09-03 18:39,51.505,51.51,51.4603,51.4701,24581
2026-09-03 18:40,51.465,51.565,51.4505,51.56,22144
2026-09-03 18:41,51.555,51.5895,51.5113,51.5895,28156
2026-09-03 18:42,51.58,51.595,51.535,51.5599,17272
2026-09-03 18:43,51.56,51.63,51.56,51.575,19272
2026-09-03 18:44,51.575,51.605,51.56,51.605,19911
2026-09-03 18:45,51.59,51.5973,51.505,51.519,20294
2026-09-03 18:46,51.5109,51.5199,51.4699,51.48,19988
2026-09-03 18:47,51.46,51.5199,51.44,51.455,48203
2026-09-03 18:48,51.47,51.5,51.4511,51.4891,35897
2026-09-03 18:49,51.48,51.48,51.32,51.325,92476
2026-09-03 18:50,51.3197,51.3497,51.28,51.3399,88093
2026-09-03 18:51,51.331,51.42,51.331,51.4,50804
2026-09-03 18:52,51.415,51.475,51.3575,51.4,47918
2026-09-03 18:53,51.41,51.41,51.37,51.395,7883
2026-09-03 18:54,51.395,51.46,51.38,51.455,18896
2026-09-03 18:55,51.425,51.485,51.419,51.42,36241
2026-09-03 18:56,51.4199,51.4199,51.375,51.41,25393
2026-09-03 18:57,51.405,51.42,51.371,51.42,16136
2026-09-03 18:58,51.425,51.435,51.385,51.4291,14910
2026-09-03 18:59,51.415,51.43,51.385,51.42,22136
2026-09-03 19:00,51.41,51.5899,51.405,51.52,62158
2026-09-03 19:01,51.52,51.59,51.52,51.52,49707
2026-09-03 19:02,51.525,51.575,51.495,51.54,38811
2026-09-03 19:03,51.555,51.575,51.505,51.565,59269
2026-09-03 19:04,51.57,51.6,51.535,51.579,35611
2026-09-03 19:05,51.57,51.61,51.5,51.57,43109
2026-09-03 19:06,51.56,51.64,51.55,51.631,35335
2026-09-03 19:07,51.6309,51.6699,51.595,51.63,51275
2026-09-03 19:08,51.64,51.71,51.64,51.71,110184
2026-09-03 19:09,51.72,51.8,51.72,51.7499,97003
2026-09-03 19:10,51.7406,51.75,51.64,51.6599,90431
2026-09-03 19:11,51.6591,51.8,51.6591,51.8,74635
2026-09-03 19:12,51.795,51.8413,51.76,51.795,77796
2026-09-03 19:13,51.78,51.84,51.77,51.83,61123
2026-09-03 19:14,51.8341,51.88,51.775,51.775,78039
2026-09-03 19:15,51.79,51.87,51.755,51.8191,43604
2026-09-03 19:16,51.811,51.89,51.81,51.875,49533
2026-09-03 19:17,51.86,51.9,51.8103,51.87,53049
2026-09-03 19:18,51.87,51.96,51.86,51.905,118439
2026-09-03 19:19,51.9087,51.925,51.8021,51.81,41574
2026-09-03 19:20,51.805,51.89,51.79,51.825,53244
2026-09-03 19:21,51.8201,51.855,51.76,51.815,41331
2026-09-03 19:22,51.81,51.819,51.745,51.7751,14483
2026-09-03 19:23,51.755,51.775,51.711,51.7509,42112
2026-09-03 19:24,51.751,51.82,51.75,51.78,28698
2026-09-03 19:25,51.78,51.815,51.745,51.75,24897
2026-09-03 19:26,51.75,51.7862,51.7109,51.7299,18250
2026-09-03 19:27,51.725,51.7905,51.715,51.75,38351
2026-09-03 19:28,51.745,51.77,51.71,51.77,25342
2026-09-03 19:29,51.78,51.8,51.76,51.77,24062
2026-09-03 19:30,51.77,51.77,51.675,51.735,90583
2026-09-03 19:31,51.74,51.75,51.7,51.7399,48378
2026-09-03 19:32,51.75,51.83,51.75,51.83,37363
2026-09-03 19:33,51.845,51.865,51.815,51.839,45141
2026-09-03 19:34,51.8397,51.86,51.801,51.845,54099
2026-09-03 19:35,51.86,51.86,51.76,51.77,97688
2026-09-03 19:36,51.77,51.795,51.74,51.795,28419
2026-09-03 19:37,51.785,51.81,51.77,51.8,26902
2026-09-03 19:38,51.82,51.8699,51.815,51.85,56375
2026-09-03 19:39,51.855,51.855,51.815,51.83,27322
2026-09-03 19:40,51.825,51.825,51.7113,51.72,48850
2026-09-03 19:41,51.74,51.795,51.7101,51.7901,33891
2026-09-03 19:42,51.77,51.87,51.76,51.82,63216
2026-09-03 19:43,51.82,51.86,51.775,51.775,197974
2026-09-03 19:44,51.765,51.7751,51.675,51.685,140668
2026-09-03 19:45,51.68,51.7399,51.675,51.68,39987
2026-09-03 19:46,51.675,51.77,51.66,51.7376,115680
2026-09-03 19:47,51.72,51.7399,51.69,51.71,50154
2026-09-03 19:48,51.705,51.795,51.695,51.729,23019
2026-09-03 19:49,51.73,51.7905,51.7299,51.745,24786
2026-09-03 19:50,51.75,51.75,51.68,51.69,101087
2026-09-03 19:51,51.695,51.785,51.695,51.775,95032
2026-09-03 19:52,51.779,51.855,51.72,51.855,106021
2026-09-03 19:53,51.855,51.9,51.825,51.895,124064
2026-09-03 19:54,51.895,51.9,51.695,51.73,228223
2026-09-03 19:55,51.73,51.805,51.62,51.695,196176
2026-09-03 19:56,51.7,51.75,51.67,51.6751,53128
2026-09-03 19:57,51.665,51.68,51.64,51.66,118064
2026-09-03 19:58,51.66,51.6999,51.645,51.66,82910
2026-09-03 19:59,51.67,51.67,51.555,51.59,272061
2026-09-04 13:30,49.92,49.92,49.9,49.9,1.00252e+07
2026-09-04 13:31,49.9,50.21,49.12,49.1205,362839
2026-09-04 13:32,49.12,49.41,48.871,48.89,699404
2026-09-04 13:33,48.88,49.03,48.54,48.56,526247
2026-09-04 13:34,48.55,48.64,48.03,48.04,663809
2026-09-04 13:35,48.05,48.325,47.9429,48.2091,637158
2026-09-04 13:36,48.2,48.71,48.1109,48.69,549591
2026-09-04 13:37,48.6999,48.71,48.14,48.17,520680
2026-09-04 13:38,48.16,48.3099,48.08,48.27,308006
2026-09-04 13:39,48.2639,48.49,48.2299,48.38,291100
2026-09-04 13:40,48.4,48.418,48.1,48.16,295470
2026-09-04 13:41,48.18,48.29,48.025,48.1399,545219
2026-09-04 13:42,48.14,48.14,47.65,47.71,679446
2026-09-04 13:43,47.71,47.72,47.481,47.4859,403125
2026-09-04 13:44,47.4802,48.02,47.455,47.78,480131
2026-09-04 13:45,47.79,48.01,47.59,47.8588,496126
2026-09-04 13:46,47.85,47.91,47.3601,47.41,426977
2026-09-04 13:47,47.411,47.465,47.1128,47.15,526805
2026-09-04 13:48,47.15,47.16,46.94,47.09,427182
2026-09-04 13:49,47.1,47.2305,47.05,47.13,263720
2026-09-04 13:50,47.15,47.25,46.98,46.9887,333096
2026-09-04 13:51,46.98,47.21,46.98,47.08,286695
2026-09-04 13:52,47.11,47.3,47.04,47.07,298211
2026-09-04 13:53,47.06,47.18,46.74,46.76,353531
2026-09-04 13:54,46.7505,46.88,46.64,46.7899,389298
2026-09-04 13:55,46.79,46.85,46.47,46.48,413469
2026-09-04 13:56,46.48,46.49,46.3788,46.424,542253
2026-09-04 13:57,46.3998,46.3999,46.285,46.3,388837
2026-09-04 13:58,46.3,46.39,46.2709,46.295,293270
2026-09-04 13:59,46.295,46.53,46.26,46.35,289641
2026-09-04 14:00,46.3403,46.54,46.3101,46.4999,276828
2026-09-04 14:01,46.5,46.75,46.45,46.6782,445658
2026-09-04 14:02,46.66,46.68,46.4605,46.4605,268464
2026-09-04 14:03,46.4697,46.64,46.43,46.45,154842
2026-09-04 14:04,46.445,46.69,46.445,46.63,158802
2026-09-04 14:05,46.62,46.91,46.52,46.9,274846
2026-09-04 14:06,46.89,46.93,46.68,46.7,265248
2026-09-04 14:07,46.69,46.91,46.66,46.775,192206
2026-09-04 14:08,46.7987,46.845,46.565,46.63,167590
2026-09-04 14:09,46.6101,46.76,46.5999,46.71,137443
2026-09-04 14:10,46.7,46.88,46.63,46.795,129584
2026-09-04 14:11,46.8,46.9,46.735,46.8913,203074
2026-09-04 14:12,46.885,47.27,46.885,47.145,465069
2026-09-04 14:13,47.15,47.19,46.8501,46.8501,314578
2026-09-04 14:14,46.8691,46.88,46.49,46.52,243870
2026-09-04 14:15,46.52,46.85,46.519,46.76,183854
2026-09-04 14:16,46.755,46.8201,46.6,46.8199,161055
2026-09-04 14:17,46.7999,46.9,46.66,46.8491,164586
2026-09-04 14:18,46.8499,46.85,46.655,46.725,112963
2026-09-04 14:19,46.72,47.0294,46.715,47.02,129444
2026-09-04 14:20,47.03,47.2325,46.97,47.1291,246136
2026-09-04 14:21,47.1291,47.1399,46.851,46.851,191942
2026-09-04 14:22,46.855,47.08,46.84,46.895,116514
2026-09-04 14:23,46.89,46.9691,46.86,46.9,86878
2026-09-04 14:24,46.91,47.045,46.9,46.93,86036
2026-09-04 14:25,46.935,47.1,46.89,47.0605,127418
2026-09-04 14:26,47.0699,47.475,47.06,47.25,374480
2026-09-04 14:27,47.24,47.2538,47.0242,47.1299,193225
2026-09-04 14:28,47.11,47.21,46.96,46.9899,187923
2026-09-04 14:29,46.99,47.02,46.7,46.701,168824
2026-09-04 14:30,46.7017,47.055,46.68,47.05,194341
2026-09-04 14:31,47.08,47.1999,47.04,47.07,185310
2026-09-04 14:32,47.075,47.09,46.93,47.03,94283
2026-09-04 14:33,47.0411,47.1451,46.95,47.11,114016
2026-09-04 14:34,47.11,47.22,47.09,47.2091,86824
2026-09-04 14:35,47.2,47.21,47.06,47.085,155781
2026-09-04 14:36,47.09,47.16,46.8988,46.8988,172130
2026-09-04 14:37,46.88,47.0199,46.82,46.89,101945
2026-09-04 14:38,46.909,47.01,46.8409,46.9799,60260
2026-09-04 14:39,46.97,47.07,46.915,46.9277,63530
2026-09-04 14:40,46.905,47,46.8311,46.99,87029
2026-09-04 14:41,46.97,47.0494,46.89,46.935,58333
2026-09-04 14:42,46.935,47.2,46.905,47.17,118200
2026-09-04 14:43,47.17,47.27,47.13,47.265,196975
2026-09-04 14:44,47.269,47.315,47.221,47.295,240872
2026-09-04 14:45,47.305,47.44,47.231,47.4187,144638
2026-09-04 14:46,47.41,47.4303,47.24,47.245,197556
2026-09-04 14:47,47.255,47.359,47.255,47.29,106159
2026-09-04 14:48,47.2801,47.55,47.2801,47.52,157863
2026-09-04 14:49,47.52,47.69,47.48,47.69,280637
2026-09-04 14:50,47.69,47.7,47.43,47.49,190632
2026-09-04 14:51,47.485,47.499,47.261,47.29,105954
2026-09-04 14:52,47.285,47.375,47.27,47.31,119849
2026-09-04 14:53,47.3,47.325,47.2301,47.305,60417
2026-09-04 14:54,47.3,47.415,47.24,47.325,80511
2026-09-04 14:55,47.32,47.32,47.12,47.145,143414
2026-09-04 14:56,47.135,47.309,47.11,47.3,136755
2026-09-04 14:57,47.305,47.31,47.135,47.15,82698
2026-09-04 14:58,47.13,47.165,47.03,47.0314,96688
2026-09-04 14:59,47.0409,47.2,47.0301,47.12,80894
2026-09-04 15:00,47.115,47.1882,47.04,47.07,97547
2026-09-04 15:01,47.08,47.11,46.95,47,99564
2026-09-04 15:02,47.005,47.13,46.95,47.0111,114107
2026-09-04 15:03,47.01,47.14,47.01,47.1,77559
2026-09-04 15:04,47.13,47.1914,47.005,47.03,84690
2026-09-04 15:05,47.03,47.16,47.0209,47.11,53602
2026-09-04 15:06,47.09,47.155,46.985,46.9901,98146
2026-09-04 15:07,46.98,47.02,46.9,46.945,126737
2026-09-04 15:08,46.94,46.9801,46.9091,46.935,47908
2026-09-04 15:09,46.93,46.985,46.91,46.91,47954
2026-09-04 15:10,46.92,46.96,46.82,46.82,103336
2026-09-04 15:11,46.81,46.81,46.585,46.5894,276436
2026-09-04 15:12,46.5876,46.5876,46.41,46.42,324603
2026-09-04 15:13,46.4101,46.57,46.41,46.52,401940
2026-09-04 15:14,46.525,46.579,46.441,46.445,187522
2026-09-04 15:15,46.445,46.54,46.42,46.52,196247
2026-09-04 15:16,46.51,46.63,46.4799,46.62,80705
2026-09-04 15:17,46.629,46.68,46.57,46.64,99799
2026-09-04 15:18,46.66,46.82,46.59,46.759,112776
2026-09-04 15:19,46.765,46.85,46.7482,46.809,116884
2026-09-04 15:20,46.81,47,46.765,46.985,213683
2026-09-04 15:21,46.985,47.1199,46.965,47.11,184219
2026-09-04 15:22,47.105,47.11,46.97,47.07,70346
2026-09-04 15:23,47.065,47.0999,47.01,47.08,61897
2026-09-04 15:24,47.085,47.18,47.05,47.155,178129
2026-09-04 15:25,47.15,47.2,47.05,47.0999,230656
2026-09-04 15:26,47.11,47.175,47.1,47.14,65592
2026-09-04 15:27,47.145,47.22,47.135,47.18,72566
2026-09-04 15:28,47.155,47.21,47.145,47.17,63320
2026-09-04 15:29,47.16,47.24,47.13,47.135,76482
2026-09-04 15:30,47.13,47.38,47.115,47.365,97985
2026-09-04 15:31,47.361,47.44,47.27,47.32,161537
2026-09-04 15:32,47.3199,47.32,47.25,47.315,75494
2026-09-04 15:33,47.315,47.351,47.26,47.3225,94304
2026-09-04 15:34,47.33,47.43,47.2999,47.36,46710
2026-09-04 15:35,47.37,47.4,47.2,47.299,67887
2026-09-04 15:36,47.295,47.3001,47.21,47.26,64148
2026-09-04 15:37,47.26,47.265,47.1901,47.2401,45008
2026-09-04 15:38,47.251,47.251,47.17,47.17,52663
2026-09-04 15:39,47.17,47.19,47.08,47.0814,72613
2026-09-04 15:40,47.08,47.175,47.06,47.155,76132
2026-09-04 15:41,47.1501,47.165,47.055,47.0791,71930
2026-09-04 15:42,47.075,47.08,46.9701,47.015,106069
2026-09-04 15:43,47.0087,47.06,47,47.02,39719
2026-09-04 15:44,47.02,47.07,47.005,47.01,22968
2026-09-04 15:45,47.015,47.071,47,47.02,31045
2026-09-04 15:46,47.001,47.155,46.9799,47.1401,48266
2026-09-04 15:47,47.151,47.18,47.09,47.16,78815
2026-09-04 15:48,47.16,47.205,47.14,47.19,50963
2026-09-04 15:49,47.17,47.235,47.1402,47.18,41546
2026-09-04 15:50,47.18,47.3281,47.1,47.32,58562
2026-09-04 15:51,47.31,47.35,47.26,47.3299,54527
2026-09-04 15:52,47.33,47.34,47.251,47.3001,47232
2026-09-04 15:53,47.299,47.34,47.26,47.29,160196
2026-09-04 15:54,47.29,47.31,47.2276,47.235,41005
2026-09-04 15:55,47.2201,47.275,47.16,47.24,61853
2026-09-04 15:56,47.23,47.23,47.16,47.225,75471
2026-09-04 15:57,47.225,47.26,47.135,47.18,222597
2026-09-04 15:58,47.18,47.2193,47.12,47.19,40827
2026-09-04 15:59,47.1942,47.195,47.13,47.145,44274
2026-09-04 16:00,47.145,47.17,47.065,47.065,59923
2026-09-04 16:01,47.069,47.08,46.981,46.99,60452
2026-09-04 16:02,46.9814,47.005,46.93,46.98,132306
2026-09-04 16:03,46.98,47.02,46.955,47.0195,44595
2026-09-04 16:04,47.01,47.04,46.96,46.985,95693
2026-09-04 16:05,46.98,46.98,46.9001,46.92,53668
2026-09-04 16:06,46.92,47,46.86,46.86,105999
2026-09-04 16:07,46.8613,46.9,46.825,46.89,45774
2026-09-04 16:08,46.895,46.905,46.839,46.861,44748
2026-09-04 16:09,46.865,46.885,46.8213,46.87,26872
2026-09-04 16:10,46.87,46.91,46.74,46.805,76899
2026-09-04 16:11,46.8,46.85,46.785,46.82,40081
2026-09-04 16:12,46.8013,46.8487,46.785,46.79,36332
2026-09-04 16:13,46.7989,46.9,46.73,46.895,88825
2026-09-04 16:14,46.895,46.905,46.8105,46.8187,52858
2026-09-04 16:15,46.815,46.86,46.78,46.78,41470
2026-09-04 16:16,46.78,46.78,46.6603,46.75,69856
2026-09-04 16:17,46.7599,46.85,46.7501,46.799,58272
2026-09-04 16:18,46.81,46.8472,46.789,46.805,37590
2026-09-04 16:19,46.795,46.82,46.7701,46.7999,25853
2026-09-04 16:20,46.8,46.8,46.66,46.675,71446
2026-09-04 16:21,46.675,46.71,46.57,46.7099,121079
2026-09-04 16:22,46.711,46.81,46.711,46.7991,54941
2026-09-04 16:23,46.795,46.885,46.79,46.85,81690
2026-09-04 16:24,46.8501,46.9,46.785,46.79,75321
2026-09-04 16:25,46.805,46.869,46.79,46.7973,64006
2026-09-04 16:26,46.8,46.84,46.79,46.81,27580
2026-09-04 16:27,46.8,46.8091,46.71,46.7102,50186
2026-09-04 16:28,46.725,46.7386,46.695,46.71,30874
2026-09-04 16:29,46.725,46.8,46.6905,46.72,87999
2026-09-04 16:30,46.725,46.7487,46.695,46.7187,31347
2026-09-04 16:31,46.73,46.73,46.62,46.62,65039
2026-09-04 16:32,46.62,46.71,46.62,46.6899,139355
2026-09-04 16:33,46.68,46.71,46.67,46.671,17845
2026-09-04 16:34,46.675,46.72,46.6306,46.6399,38294
2026-09-04 16:35,46.64,46.66,46.61,46.6301,36398
2026-09-04 16:36,46.635,46.675,46.63,46.665,36598
2026-09-04 16:37,46.66,46.7,46.645,46.67,25449
2026-09-04 16:38,46.67,46.71,46.67,46.705,26991
2026-09-04 16:39,46.7,46.71,46.66,46.68,24265
2026-09-04 16:40,46.6801,46.69,46.64,46.67,24525
2026-09-04 16:41,46.6794,46.68,46.62,46.62,49243
2026-09-04 16:42,46.625,46.655,46.62,46.63,24578
2026-09-04 16:43,46.63,46.655,46.621,46.65,17725
2026-09-04 16:44,46.64,46.64,46.59,46.6399,53067
2026-09-04 16:45,46.63,46.71,46.63,46.665,41913
2026-09-04 16:46,46.6699,46.67,46.6001,46.602,29109
2026-09-04 16:47,46.6112,46.6189,46.53,46.535,122256
2026-09-04 16:48,46.54,46.57,46.52,46.551,52378
2026-09-04 16:49,46.55,46.55,46.4,46.4,233174
2026-09-04 16:50,46.4099,46.4199,46.345,46.345,136409
2026-09-04 16:51,46.35,46.475,46.3486,46.45,104232
2026-09-04 16:52,46.45,46.4909,46.45,46.46,52270
2026-09-04 16:53,46.459,46.505,46.445,46.505,42610
2026-09-04 16:54,46.505,46.505,46.45,46.45,31842
2026-09-04 16:55,46.469,46.495,46.45,46.475,36266
2026-09-04 16:56,46.47,46.51,46.4599,46.5,54461
2026-09-04 16:57,46.49,46.49,46.44,46.44,38937
2026-09-04 16:58,46.431,46.4386,46.381,46.39,47592
2026-09-04 16:59,46.385,46.435,46.38,46.435,34010
2026-09-04 17:00,46.425,46.55,46.42,46.505,94307
2026-09-04 17:01,46.491,46.5909,46.491,46.565,73618
2026-09-04 17:02,46.575,46.67,46.57,46.64,66008
2026-09-04 17:03,46.639,46.73,46.6107,46.715,68144
2026-09-04 17:04,46.7199,46.75,46.68,46.695,78911
2026-09-04 17:05,46.7,46.7,46.6099,46.625,58695
2026-09-04 17:06,46.63,46.7289,46.6201,46.68,65386
2026-09-04 17:07,46.6732,46.77,46.6732,46.76,31911
2026-09-04 17:08,46.76,46.8795,46.7319,46.85,156318
2026-09-04 17:09,46.86,46.89,46.84,46.8799,91487
2026-09-04 17:10,46.879,46.88,46.78,46.86,54618
2026-09-04 17:11,46.86,46.88,46.81,46.87,48032
2026-09-04 17:12,46.88,46.88,46.79,46.81,41233
2026-09-04 17:13,46.815,46.87,46.81,46.859,18578
2026-09-04 17:14,46.8491,46.92,46.8211,46.9124,40601
2026-09-04 17:15,46.92,46.95,46.8646,46.905,40772
2026-09-04 17:16,46.905,46.925,46.87,46.8957,27269
2026-09-04 17:17,46.895,46.895,46.81,46.845,60012
2026-09-04 17:18,46.8409,46.91,46.84,46.9,21900
2026-09-04 17:19,46.8911,46.989,46.88,46.94,69470
2026-09-04 17:20,46.94,47.0299,46.93,47.017,58438
2026-09-04 17:21,47.02,47.12,47.01,47.1191,83473
2026-09-04 17:22,47.115,47.1191,47.01,47.05,59372
2026-09-04 17:23,47.06,47.1,47.045,47.0486,42234
2026-09-04 17:24,47.0501,47.12,47.05,47.115,53952
2026-09-04 17:25,47.1191,47.13,47.08,47.105,45078
2026-09-04 17:26,47.105,47.15,47.055,47.14,45216
2026-09-04 17:27,47.149,47.194,47.111,47.171,49801
2026-09-04 17:28,47.18,47.26,47.15,47.26,67015
2026-09-04 17:29,47.27,47.31,47.2501,47.265,70231
2026-09-04 17:30,47.261,47.3287,47.2529,47.325,107100
2026-09-04 17:31,47.32,47.3405,47.26,47.29,56141
2026-09-04 17:32,47.285,47.35,47.27,47.2909,94542
2026-09-04 17:33,47.3,47.34,47.2409,47.335,48376
2026-09-04 17:34,47.33,47.369,47.305,47.34,47431
2026-09-04 17:35,47.335,47.3599,47.21,47.246,64883
2026-09-04 17:36,47.25,47.26,47.15,47.16,135035
2026-09-04 17:37,47.165,47.24,47.151,47.1999,100436
2026-09-04 17:38,47.2,47.21,47.14,47.19,107221
2026-09-04 17:39,47.18,47.21,47.16,47.18,20557
2026-09-04 17:40,47.19,47.299,47.18,47.22,61717
2026-09-04 17:41,47.215,47.32,47.201,47.315,41551
2026-09-04 17:42,47.31,47.42,47.2904,47.41,139734
2026-09-04 17:43,47.41,47.43,47.311,47.35,75837
2026-09-04 17:44,47.345,47.395,47.32,47.3801,26046
2026-09-04 17:45,47.38,47.5,47.365,47.489,105935
2026-09-04 17:46,47.48,47.535,47.401,47.405,127724
2026-09-04 17:47,47.4,47.43,47.2903,47.35,79815
2026-09-04 17:48,47.35,47.4,47.31,47.34,64055
2026-09-04 17:49,47.359,47.39,47.35,47.38,23521
2026-09-04 17:50,47.37,47.37,47.315,47.37,23773
2026-09-04 17:51,47.375,47.375,47.329,47.3299,27937
2026-09-04 17:52,47.3301,47.34,47.265,47.28,48186
2026-09-04 17:53,47.3,47.34,47.27,47.3387,34036
2026-09-04 17:54,47.325,47.3691,47.3201,47.3399,24414
2026-09-04 17:55,47.33,47.3787,47.32,47.3291,21733
2026-09-04 17:56,47.33,47.335,47.2809,47.32,12565
2026-09-04 17:57,47.3013,47.3091,47.25,47.275,26339
2026-09-04 17:58,47.275,47.29,47.1499,47.15,78497
2026-09-04 17:59,47.151,47.2,47.1209,47.2,35531
2026-09-04 18:00,47.19,47.23,47.18,47.21,32695
2026-09-04 18:01,47.219,47.345,47.219,47.34,28952
2026-09-04 18:02,47.35,47.389,47.339,47.389,38357
2026-09-04 18:03,47.38,47.44,47.36,47.4398,38439
2026-09-04 18:04,47.435,47.465,47.4308,47.4498,54407
2026-09-04 18:05,47.44,47.45,47.375,47.39,33749
2026-09-04 18:06,47.38,47.42,47.37,47.39,24244
2026-09-04 18:07,47.4,47.42,47.38,47.41,11851
2026-09-04 18:08,47.41,47.42,47.3413,47.36,40181
2026-09-04 18:09,47.35,47.35,47.24,47.2503,48865
2026-09-04 18:10,47.25,47.295,47.25,47.271,27707
2026-09-04 18:11,47.2795,47.2799,47.189,47.22,56564
2026-09-04 18:12,47.235,47.2401,47.19,47.2291,16139
2026-09-04 18:13,47.23,47.33,47.23,47.315,23164
2026-09-04 18:14,47.3086,47.33,47.27,47.3291,14713
2026-09-04 18:15,47.3114,47.33,47.28,47.305,18016
2026-09-04 18:16,47.29,47.33,47.2698,47.325,12972
2026-09-04 18:17,47.305,47.31,47.205,47.215,17028
2026-09-04 18:18,47.21,47.21,47.101,47.101,67368
2026-09-04 18:19,47.1095,47.1095,47.0501,47.0798,42837
2026-09-04 18:20,47.0609,47.12,47.0609,47.08,27060
2026-09-04 18:21,47.07,47.07,46.9813,47.001,112059
2026-09-04 18:22,47.005,47.07,47,47.055,27068
2026-09-04 18:23,47.05,47.08,47.04,47.045,23744
2026-09-04 18:24,47.0487,47.09,47.015,47.081,16976
2026-09-04 18:25,47.09,47.09,47.0407,47.075,51403
2026-09-04 18:26,47.07,47.079,47.0505,47.07,11754
2026-09-04 18:27,47.065,47.08,47.01,47.01,17797
2026-09-04 18:28,47.01,47.0595,47,47.02,27173
2026-09-04 18:29,47.0191,47.02,46.92,46.935,40481
2026-09-04 18:30,46.93,46.9609,46.92,46.955,19671
2026-09-04 18:31,46.955,46.9609,46.8901,46.895,38277
2026-09-04 18:32,46.89,46.92,46.8712,46.915,33331
2026-09-04 18:33,46.91,46.95,46.91,46.93,22383
2026-09-04 18:34,46.92,46.935,46.9096,46.92,41238
2026-09-04 18:35,46.915,46.97,46.87,46.95,20794
2026-09-04 18:36,46.95,47.055,46.941,47.0091,63063
2026-09-04 18:37,47.0013,47.0901,47,47.0891,66183
2026-09-04 18:38,47.085,47.1,47.02,47.02,30361
2026-09-04 18:39,47.025,47.05,47.02,47.035,25497
2026-09-04 18:40,47.03,47.1099,47.03,47.0891,17701
2026-09-04 18:41,47.095,47.1,47.04,47.09,49323
2026-09-04 18:42,47.09,47.1155,47.065,47.1,23381
2026-09-04 18:43,47.095,47.1,47.0102,47.0105,29678
2026-09-04 18:44,47.0109,47.0109,46.9701,46.9909,36445
2026-09-04 18:45,46.9895,47.035,46.988,47.02,19025
2026-09-04 18:46,47.02,47.03,46.96,47.03,24027
2026-09-04 18:47,47.029,47.029,47,47.0004,31367
2026-09-04 18:48,47.01,47.05,47.01,47.039,19268
2026-09-04 18:49,47.03,47.04,46.99,47.0091,32314
2026-09-04 18:50,47.005,47.03,47,47.03,32550
2026-09-04 18:51,47.04,47.105,47.035,47.09,46539
2026-09-04 18:52,47.09,47.1,47.06,47.099,16124
2026-09-04 18:53,47.105,47.14,47.095,47.13,32037
2026-09-04 18:54,47.129,47.129,47.0711,47.1,29680
2026-09-04 18:55,47.11,47.14,47.0801,47.125,31557
2026-09-04 18:56,47.12,47.125,47.07,47.075,9726
2026-09-04 18:57,47.0675,47.0999,47.05,47.06,11129
2026-09-04 18:58,47.04,47.11,47.04,47.0999,17110
2026-09-04 18:59,47.105,47.1699,47.09,47.169,46324
2026-09-04 19:00,47.15,47.21,47.11,47.145,101382
2026-09-04 19:01,47.14,47.18,47.08,47.1509,24776
2026-09-04 19:02,47.17,47.31,47.17,47.305,45596
2026-09-04 19:03,47.3,47.305,47.22,47.28,27624
2026-09-04 19:04,47.28,47.41,47.26,47.385,76784
2026-09-04 19:05,47.38,47.385,47.305,47.31,37085
2026-09-04 19:06,47.3113,47.4,47.3038,47.385,36499
2026-09-04 19:07,47.39,47.49,47.3509,47.48,44326
2026-09-04 19:08,47.475,47.4812,47.4301,47.455,76281
2026-09-04 19:09,47.4687,47.52,47.46,47.5199,67779
2026-09-04 19:10,47.53,47.5514,47.46,47.5,91515
2026-09-04 19:11,47.5,47.52,47.455,47.455,51907
2026-09-04 19:12,47.455,47.55,47.44,47.54,43945
2026-09-04 19:13,47.5301,47.57,47.48,47.535,43493
2026-09-04 19:14,47.54,47.63,47.515,47.625,87092
2026-09-04 19:15,47.629,47.629,47.49,47.495,76805
2026-09-04 19:16,47.495,47.54,47.495,47.535,43646
2026-09-04 19:17,47.54,47.54,47.451,47.495,55399
2026-09-04 19:18,47.505,47.505,47.46,47.5,37632
2026-09-04 19:19,47.49,47.505,47.42,47.435,44800
2026-09-04 19:20,47.431,47.455,47.4001,47.4001,72757
2026-09-04 19:21,47.4187,47.45,47.405,47.445,48120
2026-09-04 19:22,47.44,47.465,47.42,47.44,29035
2026-09-04 19:23,47.43,47.47,47.4,47.4,25032
2026-09-04 19:24,47.41,47.42,47.36,47.3605,37344
2026-09-04 19:25,47.36,47.42,47.34,47.395,46968
2026-09-04 19:26,47.4001,47.47,47.39,47.46,46139
2026-09-04 19:27,47.45,47.4986,47.34,47.415,43601
2026-09-04 19:28,47.43,47.46,47.4114,47.4595,34063
2026-09-04 19:29,47.46,47.49,47.44,47.44,41433
2026-09-04 19:30,47.455,47.56,47.31,47.311,173937
2026-09-04 19:31,47.311,47.311,47.17,47.25,138762
2026-09-04 19:32,47.2495,47.2495,47.17,47.221,45710
2026-09-04 19:33,47.22,47.22,47.12,47.14,50523
2026-09-04 19:34,47.13,47.13,47.06,47.091,59634
2026-09-04 19:35,47.095,47.13,46.885,46.895,133773
2026-09-04 19:36,46.895,46.96,46.8201,46.901,129552
2026-09-04 19:37,46.91,46.935,46.875,46.89,46626
2026-09-04 19:38,46.885,47.005,46.88,46.96,74267
2026-09-04 19:39,46.96,46.965,46.8701,46.8799,55640
2026-09-04 19:40,46.88,46.93,46.875,46.895,60647
2026-09-04 19:41,46.88,46.92,46.79,46.9187,100050
2026-09-04 19:42,46.91,46.92,46.86,46.915,32039
2026-09-04 19:43,46.91,46.91,46.875,46.89,39270
2026-09-04 19:44,46.88,46.88,46.8109,46.8191,38462
2026-09-04 19:45,46.815,46.84,46.66,46.66,258990
2026-09-04 19:46,46.665,46.795,46.61,46.73,112080
2026-09-04 19:47,46.725,46.7799,46.7105,46.749,46712
2026-09-04 19:48,46.74,46.79,46.721,46.76,44247
2026-09-04 19:49,46.7587,46.8,46.68,46.681,48441
2026-09-04 19:50,46.69,46.7,46.495,46.4998,188475
2026-09-04 19:51,46.49,46.4986,46.39,46.4,220770
2026-09-04 19:52,46.4,46.43,46.365,46.4097,132475
2026-09-04 19:53,46.41,46.54,46.41,46.48,192252
2026-09-04 19:54,46.47,46.505,46.4001,46.5,102998
2026-09-04 19:55,46.49,46.49,46.24,46.28,450187
2026-09-04 19:56,46.26,46.29,46.1826,46.24,235988
2026-09-04 19:57,46.235,46.25,46.18,46.2189,268937
2026-09-04 19:58,46.21,46.2597,46.1,46.2597,183751
2026-09-04 19:59,46.255,46.42,46.255,46.34,517274
2026-09-08 13:30,43.55,43.6,42.83,43.06,1.09241e+07
2026-09-08 13:31,43.08,43.48,42.9691,43.2,503800
2026-09-08 13:32,43.24,43.689,43.19,43.57,412211
2026-09-08 13:33,43.58,43.81,43.49,43.61,431688
2026-09-08 13:34,43.6,43.75,43.38,43.39,393380
2026-09-08 13:35,43.38,43.93,43.27,43.7791,460995
2026-09-08 13:36,43.78,44.0283,43.51,43.52,471429
2026-09-08 13:37,43.5199,43.63,43.25,43.2501,357043
2026-09-08 13:38,43.255,43.535,43.2218,43.2891,369082
2026-09-08 13:39,43.2887,43.648,43.2409,43.52,308731
2026-09-08 13:40,43.51,43.96,43.45,43.945,327240
2026-09-08 13:41,43.9409,44,43.79,43.99,416121
2026-09-08 13:42,43.9801,44.515,43.98,44.515,643626
2026-09-08 13:43,44.515,44.58,44.31,44.44,494766
2026-09-08 13:44,44.45,44.83,44.31,44.765,334721
2026-09-08 13:45,44.76,44.76,44.15,44.1617,404227
2026-09-08 13:46,44.1501,44.3901,44,44.25,384709
2026-09-08 13:47,44.24,44.31,43.95,44.11,231788
2026-09-08 13:48,44.1,44.18,43.97,43.975,193368
2026-09-08 13:49,43.97,44.045,43.77,43.83,237004
2026-09-08 13:50,43.8201,44.19,43.82,44.09,352836
2026-09-08 13:51,44.07,44.335,44.07,44.23,386869
2026-09-08 13:52,44.22,44.48,44.13,44.36,206166
2026-09-08 13:53,44.36,44.67,44.36,44.555,298546
2026-09-08 13:54,44.56,44.5999,44.35,44.35,182807
2026-09-08 13:55,44.345,44.55,44.2,44.2,220299
2026-09-08 13:56,44.2,44.335,44.15,44.169,196134
2026-09-08 13:57,44.17,44.26,44.075,44.21,227269
2026-09-08 13:58,44.215,44.275,44.07,44.1701,446695
2026-09-08 13:59,44.17,44.32,44.15,44.29,264784
2026-09-08 14:00,44.3,44.5,44.24,44.43,364044
2026-09-08 14:01,44.435,44.535,44.39,44.46,173747
2026-09-08 14:02,44.48,44.67,44.365,44.39,219292
2026-09-08 14:03,44.3895,44.45,44.2,44.28,156554
2026-09-08 14:04,44.257,44.435,44.25,44.37,127375
2026-09-08 14:05,44.355,44.55,44.321,44.4925,196462
2026-09-08 14:06,44.5,44.6501,44.45,44.54,219975
2026-09-08 14:07,44.55,44.71,44.435,44.575,236225
2026-09-08 14:08,44.575,44.65,44.47,44.65,141674
2026-09-08 14:09,44.63,44.68,44.451,44.59,139938
2026-09-08 14:10,44.6001,44.7,44.505,44.59,206497
2026-09-08 14:11,44.58,44.74,44.485,44.635,243930
2026-09-08 14:12,44.63,44.63,44.385,44.392,165121
2026-09-08 14:13,44.38,44.49,44.33,44.33,172152
2026-09-08 14:14,44.32,44.42,44.25,44.315,152856
2026-09-08 14:15,44.3197,44.33,44.13,44.165,159434
2026-09-08 14:16,44.16,44.21,44.01,44.07,202746
2026-09-08 14:17,44.09,44.17,44.051,44.1,110981
2026-09-08 14:18,44.11,44.315,44.0901,44.289,120406
2026-09-08 14:19,44.29,44.315,44.175,44.26,95822
2026-09-08 14:20,44.28,44.28,44.03,44.03,119774
2026-09-08 14:21,44.025,44.03,43.72,43.7391,326438
2026-09-08 14:22,43.72,43.785,43.63,43.71,217894
2026-09-08 14:23,43.71,43.875,43.6401,43.675,137038
2026-09-08 14:24,43.66,43.755,43.605,43.621,166026
2026-09-08 14:25,43.625,43.81,43.625,43.705,155096
2026-09-08 14:26,43.7044,43.975,43.67,43.8887,143835
2026-09-08 14:27,43.89,43.93,43.7246,43.73,105763
2026-09-08 14:28,43.7399,43.7399,43.535,43.645,215703
2026-09-08 14:29,43.65,43.67,43.47,43.495,136476
2026-09-08 14:30,43.49,43.695,43.48,43.6487,166382
2026-09-08 14:31,43.6413,43.7801,43.57,43.57,112058
2026-09-08 14:32,43.58,43.75,43.545,43.6,127868
2026-09-08 14:33,43.58,43.815,43.575,43.7387,109475
2026-09-08 14:34,43.7401,43.79,43.64,43.6496,67818
2026-09-08 14:35,43.68,43.88,43.66,43.795,91475
2026-09-08 14:36,43.8001,43.89,43.7375,43.86,68739
2026-09-08 14:37,43.86,43.975,43.86,43.905,164896
2026-09-08 14:38,43.895,43.98,43.7236,43.74,103415
2026-09-08 14:39,43.74,43.88,43.73,43.841,86568
2026-09-08 14:40,43.84,43.86,43.76,43.8,77402
2026-09-08 14:41,43.775,43.81,43.7201,43.77,47830
2026-09-08 14:42,43.77,43.805,43.7001,43.76,56043
2026-09-08 14:43,43.75,43.88,43.75,43.87,57198
2026-09-08 14:44,43.87,43.87,43.65,43.72,127529
2026-09-08 14:45,43.72,43.89,43.691,43.75,112666
2026-09-08 14:46,43.74,43.805,43.67,43.7599,71558
2026-09-08 14:47,43.755,43.82,43.69,43.8,41885
2026-09-08 14:48,43.78,43.84,43.695,43.73,56419
2026-09-08 14:49,43.72,43.79,43.665,43.745,46752
2026-09-08 14:50,43.72,43.77,43.595,43.6,115601
2026-09-08 14:51,43.6009,43.655,43.521,43.6299,95759
2026-09-08 14:52,43.6295,43.71,43.48,43.4813,143785
2026-09-08 14:53,43.4803,43.515,43.42,43.475,102995
2026-09-08 14:54,43.475,43.51,43.43,43.43,107535
2026-09-08 14:55,43.43,43.43,43.31,43.33,171100
2026-09-08 14:56,43.338,43.3528,43.265,43.27,174917
2026-09-08 14:57,43.265,43.34,43.2501,43.29,135186
2026-09-08 14:58,43.28,43.3,43.165,43.18,247955
2026-09-08 14:59,43.1801,43.189,43.05,43.055,242443
2026-09-08 15:00,43.05,43.2,43.035,43.16,301902
2026-09-08 15:01,43.159,43.28,43.159,43.235,247754
2026-09-08 15:02,43.2396,43.3,43.23,43.269,167421
2026-09-08 15:03,43.2591,43.41,43.25,43.4,182547
2026-09-08 15:04,43.395,43.48,43.342,43.435,148538
2026-09-08 15:05,43.435,43.47,43.345,43.375,78365
2026-09-08 15:06,43.38,43.42,43.34,43.408,62690
2026-09-08 15:07,43.41,43.435,43.35,43.35,43602
2026-09-08 15:08,43.36,43.369,43.28,43.36,71285
2026-09-08 15:09,43.35,43.389,43.31,43.32,50538
2026-09-08 15:10,43.319,43.34,43.23,43.2625,74946
2026-09-08 15:11,43.255,43.275,43.165,43.1686,112330
2026-09-08 15:12,43.18,43.239,43.041,43.055,153158
2026-09-08 15:13,43.065,43.075,42.94,42.97,437187
2026-09-08 15:14,42.965,42.99,42.895,42.925,223499
2026-09-08 15:15,42.929,43.04,42.9114,42.925,212674
2026-09-08 15:16,42.915,42.919,42.7101,42.82,311957
2026-09-08 15:17,42.825,42.89,42.7211,42.741,156974
2026-09-08 15:18,42.74,42.76,42.63,42.6599,320134
2026-09-08 15:19,42.64,42.67,42.6,42.6399,262482
2026-09-08 15:20,42.64,42.78,42.6386,42.715,217116
2026-09-08 15:21,42.71,42.88,42.7,42.88,189374
2026-09-08 15:22,42.88,42.91,42.795,42.83,178938
2026-09-08 15:23,42.825,42.8294,42.62,42.69,198269
2026-09-08 15:24,42.685,42.69,42.6225,42.64,167594
2026-09-08 15:25,42.65,42.74,42.57,42.61,329122
2026-09-08 15:26,42.62,42.72,42.6187,42.72,70253
2026-09-08 15:27,42.71,42.76,42.63,42.679,134698
2026-09-08 15:28,42.67,42.79,42.665,42.74,77303
2026-09-08 15:29,42.745,42.825,42.715,42.785,81290
2026-09-08 15:30,42.76,42.79,42.69,42.75,84172
2026-09-08 15:31,42.755,42.8398,42.715,42.8398,59842
2026-09-08 15:32,42.8391,42.875,42.7706,42.78,102141
2026-09-08 15:33,42.7709,42.93,42.7709,42.9002,71017
2026-09-08 15:34,42.9099,42.9597,42.85,42.87,105466
2026-09-08 15:35,42.86,43,42.85,42.985,84582
2026-09-08 15:36,42.97,42.98,42.87,42.875,54577
2026-09-08 15:37,42.86,42.9,42.835,42.88,76923
2026-09-08 15:38,42.88,42.98,42.88,42.89,47804
2026-09-08 15:39,42.9,42.905,42.8,42.815,97070
2026-09-08 15:40,42.81,42.851,42.78,42.795,92935
2026-09-08 15:41,42.79,42.79,42.62,42.6212,151083
2026-09-08 15:42,42.6287,42.64,42.6,42.615,262659
2026-09-08 15:43,42.61,42.62,42.51,42.53,348228
2026-09-08 15:44,42.532,42.5986,42.52,42.53,77874
2026-09-08 15:45,42.53,42.67,42.51,42.64,131381
2026-09-08 15:46,42.645,42.69,42.62,42.635,88729
2026-09-08 15:47,42.64,42.789,42.62,42.78,82790
2026-09-08 15:48,42.789,42.83,42.72,42.829,71788
2026-09-08 15:49,42.825,42.865,42.791,42.795,88689
2026-09-08 15:50,42.795,42.821,42.74,42.81,77264
2026-09-08 15:51,42.8,42.9,42.765,42.86,84453
2026-09-08 15:52,42.85,42.89,42.835,42.845,37003
2026-09-08 15:53,42.845,42.93,42.805,42.84,99770
2026-09-08 15:54,42.8399,42.88,42.78,42.825,64356
2026-09-08 15:55,42.83,42.95,42.825,42.885,79792
2026-09-08 15:56,42.895,42.925,42.885,42.89,51967
2026-09-08 15:57,42.895,42.895,42.72,42.74,76094
2026-09-08 15:58,42.72,42.8286,42.71,42.825,85090
2026-09-08 15:59,42.83,42.85,42.771,42.78,55037
2026-09-08 16:00,42.775,42.7989,42.74,42.785,79664
2026-09-08 16:01,42.79,42.8186,42.705,42.705,69272
2026-09-08 16:02,42.709,42.755,42.6901,42.7,50660
2026-09-08 16:03,42.699,42.8,42.69,42.78,50117
2026-09-08 16:04,42.77,42.785,42.67,42.69,58150
2026-09-08 16:05,42.68,42.7813,42.68,42.71,55687
2026-09-08 16:06,42.72,42.795,42.7,42.775,54318
2026-09-08 16:07,42.78,42.895,42.78,42.845,81439
2026-09-08 16:08,42.85,42.89,42.805,42.845,79788
2026-09-08 16:09,42.845,42.99,42.845,42.99,90209
2026-09-08 16:10,42.98,43.005,42.9301,42.98,106358
2026-09-08 16:11,42.989,43.115,42.9886,43.0999,106722
2026-09-08 16:12,43.1,43.155,43.0503,43.15,102777
2026-09-08 16:13,43.15,43.17,43.0307,43.04,98918
2026-09-08 16:14,43.04,43.105,43.025,43.095,62039
2026-09-08 16:15,43.1,43.2109,43.1,43.205,93433
2026-09-08 16:16,43.22,43.3,43.19,43.23,181270
2026-09-08 16:17,43.23,43.24,43.14,43.165,130591
2026-09-08 16:18,43.1602,43.22,43.14,43.18,107213
2026-09-08 16:19,43.19,43.2486,43.1601,43.231,85949
2026-09-08 16:20,43.23,43.295,43.1,43.119,115059
2026-09-08 16:21,43.1209,43.19,43.075,43.1601,69031
2026-09-08 16:22,43.1591,43.2,43.101,43.135,47334
2026-09-08 16:23,43.125,43.19,43.09,43.09,54190
2026-09-08 16:24,43.09,43.155,43.06,43.09,55012
2026-09-08 16:25,43.065,43.15,43.025,43.135,68620
2026-09-08 16:26,43.13,43.27,43.13,43.27,53255
2026-09-08 16:27,43.275,43.33,43.25,43.329,52827
2026-09-08 16:28,43.33,43.43,43.33,43.36,116549
2026-09-08 16:29,43.363,43.5,43.363,43.5,113828
2026-09-08 16:30,43.49,43.57,43.4714,43.565,160692
2026-09-08 16:31,43.555,43.555,43.4801,43.5,124476
2026-09-08 16:32,43.4909,43.585,43.49,43.55,73064
2026-09-08 16:33,43.545,43.56,43.46,43.469,68297
2026-09-08 16:34,43.465,43.53,43.46,43.5201,38382
2026-09-08 16:35,43.53,43.6,43.475,43.495,74723
2026-09-08 16:36,43.5,43.56,43.45,43.551,78773
2026-09-08 16:37,43.56,43.6091,43.56,43.56,83363
2026-09-08 16:38,43.57,43.645,43.57,43.5899,84264
2026-09-08 16:39,43.6,43.655,43.57,43.63,55587
2026-09-08 16:40,43.625,43.68,43.58,43.6711,80551
2026-09-08 16:41,43.67,43.685,43.6,43.63,107543
2026-09-08 16:42,43.63,43.68,43.6111,43.68,57142
2026-09-08 16:43,43.67,43.72,43.615,43.615,98586
2026-09-08 16:44,43.615,43.73,43.61,43.725,58554
2026-09-08 16:45,43.72,43.76,43.6501,43.745,86363
2026-09-08 16:46,43.76,43.76,43.67,43.685,165588
2026-09-08 16:47,43.682,43.682,43.525,43.531,168364
2026-09-08 16:48,43.54,43.59,43.48,43.54,86580
2026-09-08 16:49,43.565,43.57,43.52,43.535,32238
2026-09-08 16:50,43.53,43.6,43.41,43.41,181376
2026-09-08 16:51,43.41,43.47,43.41,43.46,75639
2026-09-08 16:52,43.45,43.5,43.41,43.5,67519
2026-09-08 16:53,43.5,43.52,43.42,43.44,43354
2026-09-08 16:54,43.42,43.51,43.415,43.49,44305
2026-09-08 16:55,43.4801,43.59,43.48,43.51,39402
2026-09-08 16:56,43.515,43.7,43.51,43.6124,200026
2026-09-08 16:57,43.6214,43.68,43.6,43.6398,68457
2026-09-08 16:58,43.63,43.74,43.62,43.7284,72720
2026-09-08 16:59,43.7199,43.855,43.69,43.715,184108
2026-09-08 17:00,43.72,43.72,43.4496,43.4496,105254
2026-09-08 17:01,43.45,43.48,43.27,43.275,95725
2026-09-08 17:02,43.271,43.3,43.19,43.2152,105005
2026-09-08 17:03,43.209,43.24,43.1901,43.2186,50172
2026-09-08 17:04,43.215,43.24,43.19,43.19,49032
2026-09-08 17:05,43.18,43.25,43.1709,43.2196,36975
2026-09-08 17:06,43.21,43.281,43.15,43.1801,61003
2026-09-08 17:07,43.2,43.279,43.19,43.2599,104543
2026-09-08 17:08,43.25,43.3298,43.215,43.27,55966
2026-09-08 17:09,43.27,43.3,43.245,43.245,39223
2026-09-08 17:10,43.25,43.28,43.2,43.22,36407
2026-09-08 17:11,43.235,43.28,43.215,43.25,50820
2026-09-08 17:12,43.23,43.26,43.1613,43.205,45478
2026-09-08 17:13,43.2,43.22,43.11,43.115,72148
2026-09-08 17:14,43.115,43.16,43.1,43.16,36548
2026-09-08 17:15,43.15,43.16,43.105,43.1201,30232
2026-09-08 17:16,43.12,43.13,43.0605,43.075,80051
2026-09-08 17:17,43.06,43.0899,43.02,43.07,46392
2026-09-08 17:18,43.08,43.11,43.05,43.07,46551
2026-09-08 17:19,43.095,43.109,43,43.05,80226
2026-09-08 17:20,43.05,43.1,43.03,43.065,37713
2026-09-08 17:21,43.07,43.12,43.06,43.105,46878
2026-09-08 17:22,43.11,43.189,43.11,43.11,40910
2026-09-08 17:23,43.11,43.12,43.07,43.08,41847
2026-09-08 17:24,43.08,43.159,43.08,43.125,63316
2026-09-08 17:25,43.15,43.22,43.13,43.17,79458
2026-09-08 17:26,43.18,43.2613,43.18,43.23,73589
2026-09-08 17:27,43.215,43.245,43.205,43.245,16162
2026-09-08 17:28,43.245,43.26,43.2,43.21,26753
2026-09-08 17:29,43.21,43.239,43.19,43.23,28384
2026-09-08 17:30,43.22,43.26,43.19,43.2398,30711
2026-09-08 17:31,43.23,43.3,43.23,43.27,42842
2026-09-08 17:32,43.26,43.285,43.19,43.19,43974
2026-09-08 17:33,43.195,43.219,43.16,43.189,36762
2026-09-08 17:34,43.18,43.23,43.14,43.155,44747
2026-09-08 17:35,43.1599,43.18,43.15,43.169,17766
2026-09-08 17:36,43.17,43.215,43.17,43.215,20508
2026-09-08 17:37,43.205,43.21,43.17,43.18,55425
2026-09-08 17:38,43.175,43.205,43.15,43.19,39216
2026-09-08 17:39,43.19,43.2798,43.19,43.2798,36237
2026-09-08 17:40,43.2701,43.41,43.2701,43.39,87106
2026-09-08 17:41,43.395,43.46,43.39,43.43,87629
2026-09-08 17:42,43.4395,43.45,43.3813,43.39,44567
2026-09-08 17:43,43.3801,43.41,43.34,43.4,30792
2026-09-08 17:44,43.3912,43.44,43.39,43.41,87535
2026-09-08 17:45,43.39,43.4101,43.3506,43.4,36244
2026-09-08 17:46,43.4,43.43,43.36,43.36,46148
2026-09-08 17:47,43.3501,43.41,43.3501,43.3809,23161
2026-09-08 17:48,43.37,43.415,43.36,43.4,26364
2026-09-08 17:49,43.4,43.455,43.3872,43.4301,62743
2026-09-08 17:50,43.44,43.51,43.43,43.47,57697
2026-09-08 17:51,43.46,43.5599,43.45,43.51,86193
2026-09-08 17:52,43.51,43.51,43.45,43.5,32986
2026-09-08 17:53,43.505,43.515,43.44,43.4489,22409
2026-09-08 17:54,43.445,43.5014,43.445,43.48,23186
2026-09-08 17:55,43.48,43.5,43.42,43.44,28558
2026-09-08 17:56,43.45,43.495,43.44,43.495,23452
2026-09-08 17:57,43.4976,43.55,43.48,43.489,40837
2026-09-08 17:58,43.49,43.54,43.471,43.5,33254
2026-09-08 17:59,43.5,43.535,43.47,43.531,23438
2026-09-08 18:00,43.53,43.575,43.465,43.5691,50118
2026-09-08 18:01,43.565,43.5838,43.5199,43.56,62991
2026-09-08 18:02,43.56,43.58,43.5216,43.53,27186
2026-09-08 18:03,43.53,43.5767,43.511,43.5651,53717
2026-09-08 18:04,43.565,43.575,43.47,43.48,34275
2026-09-08 18:05,43.4799,43.495,43.4211,43.45,49882
2026-09-08 18:06,43.43,43.46,43.38,43.3999,41134
2026-09-08 18:07,43.39,43.3989,43.36,43.3701,44123
2026-09-08 18:08,43.361,43.3709,43.32,43.35,33065
2026-09-08 18:09,43.34,43.37,43.2907,43.36,26319
2026-09-08 18:10,43.34,43.358,43.31,43.31,10723
2026-09-08 18:11,43.32,43.37,43.29,43.31,19855
2026-09-08 18:12,43.3288,43.34,43.28,43.34,12903
2026-09-08 18:13,43.34,43.39,43.33,43.38,21686
2026-09-08 18:14,43.39,43.395,43.3501,43.359,14140
2026-09-08 18:15,43.35,43.3524,43.315,43.315,10273
2026-09-08 18:16,43.31,43.31,43.212,43.255,43705
2026-09-08 18:17,43.255,43.285,43.23,43.235,21221
2026-09-08 18:18,43.26,43.2607,43.2391,43.2595,10939
2026-09-08 18:19,43.255,43.27,43.22,43.24,37376
2026-09-08 18:20,43.22,43.245,43.18,43.23,38159
2026-09-08 18:21,43.24,43.31,43.225,43.3,38206
2026-09-08 18:22,43.305,43.31,43.25,43.261,23918
2026-09-08 18:23,43.28,43.3099,43.265,43.29,23881
2026-09-08 18:24,43.3,43.38,43.2901,43.352,33788
2026-09-08 18:25,43.37,43.39,43.305,43.33,26917
2026-09-08 18:26,43.3401,43.36,43.325,43.33,13505
2026-09-08 18:27,43.3301,43.35,43.3189,43.34,16858
2026-09-08 18:28,43.34,43.37,43.34,43.37,24392
2026-09-08 18:29,43.37,43.4,43.3311,43.36,15573
2026-09-08 18:30,43.369,43.395,43.35,43.365,19657
2026-09-08 18:31,43.36,43.38,43.331,43.35,10017
2026-09-08 18:32,43.36,43.36,43.3,43.3101,14584
2026-09-08 18:33,43.315,43.33,43.3,43.33,13064
2026-09-08 18:34,43.31,43.3986,43.3,43.395,51615
2026-09-08 18:35,43.3999,43.5376,43.395,43.48,78179
2026-09-08 18:36,43.49,43.4985,43.41,43.45,33776
2026-09-08 18:37,43.4499,43.45,43.35,43.3587,40205
2026-09-08 18:38,43.36,43.3799,43.31,43.325,16905
2026-09-08 18:39,43.325,43.43,43.32,43.38,30072
2026-09-08 18:40,43.39,43.44,43.39,43.42,20818
2026-09-08 18:41,43.429,43.46,43.41,43.425,33108
2026-09-08 18:42,43.42,43.43,43.35,43.3714,28090
2026-09-08 18:43,43.38,43.38,43.32,43.3313,23363
2026-09-08 18:44,43.32,43.39,43.31,43.378,16351
2026-09-08 18:45,43.38,43.395,43.31,43.33,18626
2026-09-08 18:46,43.32,43.32,43.229,43.24,42737
2026-09-08 18:47,43.245,43.4,43.2,43.3892,150723
2026-09-08 18:48,43.36,43.7328,43.36,43.71,235713
2026-09-08 18:49,43.73,43.8,43.525,43.66,251139
2026-09-08 18:50,43.64,43.64,43.5001,43.51,86927
2026-09-08 18:51,43.5,43.66,43.485,43.66,72837
2026-09-08 18:52,43.6799,43.93,43.62,43.9215,177570
2026-09-08 18:53,43.93,43.94,43.66,43.66,138486
2026-09-08 18:54,43.655,43.72,43.62,43.64,89742
2026-09-08 18:55,43.645,43.7,43.5831,43.64,46190
2026-09-08 18:56,43.64,43.67,43.6101,43.65,34363
2026-09-08 18:57,43.65,43.67,43.6001,43.64,42677
2026-09-08 18:58,43.64,43.695,43.58,43.58,56930
2026-09-08 18:59,43.585,43.64,43.5801,43.63,25022
2026-09-08 19:00,43.63,43.68,43.61,43.67,42229
2026-09-08 19:01,43.6691,43.72,43.6211,43.64,56964
2026-09-08 19:02,43.63,43.74,43.63,43.725,32747
2026-09-08 19:03,43.725,43.8298,43.71,43.8201,81054
2026-09-08 19:04,43.8211,43.88,43.78,43.785,70937
2026-09-08 19:05,43.789,43.825,43.74,43.755,54622
2026-09-08 19:06,43.755,43.81,43.695,43.71,68610
2026-09-08 19:07,43.71,43.79,43.67,43.69,80952
2026-09-08 19:08,43.7,43.7999,43.7,43.77,39419
2026-09-08 19:09,43.78,43.915,43.77,43.915,69227
2026-09-08 19:10,43.901,43.91,43.7501,43.77,69733
2026-09-08 19:11,43.77,43.77,43.6975,43.6999,73186
2026-09-08 19:12,43.695,43.755,43.68,43.755,44895
2026-09-08 19:13,43.75,43.75,43.715,43.745,38954
2026-09-08 19:14,43.7465,43.759,43.6801,43.6999,54312
2026-09-08 19:15,43.7,43.73,43.6511,43.661,49480
2026-09-08 19:16,43.66,43.7,43.6299,43.635,61273
2026-09-08 19:17,43.641,43.7194,43.63,43.63,64627
2026-09-08 19:18,43.63,43.71,43.629,43.685,49562
2026-09-08 19:19,43.685,43.75,43.661,43.75,45608
2026-09-08 19:20,43.76,43.82,43.76,43.79,49134
2026-09-08 19:21,43.8,43.83,43.7,43.72,69576
2026-09-08 19:22,43.7301,43.83,43.7301,43.8001,38279
2026-09-08 19:23,43.81,43.8312,43.761,43.82,42940
2026-09-08 19:24,43.8101,43.93,43.795,43.8899,53418
2026-09-08 19:25,43.8809,44,43.86,43.98,103125
2026-09-08 19:26,43.97,44.02,43.91,43.945,135776
2026-09-08 19:27,43.94,43.95,43.865,43.89,65197
2026-09-08 19:28,43.9,43.9499,43.865,43.91,82122
2026-09-08 19:29,43.91,43.93,43.84,43.9001,56915
2026-09-08 19:30,43.92,44.12,43.905,44.0554,340445
2026-09-08 19:31,44.065,44.08,43.855,43.8684,108101
2026-09-08 19:32,43.87,43.985,43.87,43.975,57525
2026-09-08 19:33,43.97,44.02,43.93,44,46181
2026-09-08 19:34,43.99,44.0089,43.94,43.955,31254
2026-09-08 19:35,43.96,44.07,43.941,44.025,99928
2026-09-08 19:36,44.0109,44.035,43.94,44,72101
2026-09-08 19:37,44.0001,44.02,43.96,43.995,90137
2026-09-08 19:38,43.96,44.05,43.96,44.05,84593
2026-09-08 19:39,44.0489,44.08,44.02,44.05,141706
2026-09-08 19:40,44.04,44.12,44.04,44.07,176145
2026-09-08 19:41,44.0601,44.125,44.01,44.035,117430
2026-09-08 19:42,44.03,44.115,44.02,44.0786,141693
2026-09-08 19:43,44.08,44.2189,44.075,44.21,170254
2026-09-08 19:44,44.202,44.22,44.1501,44.1518,129036
2026-09-08 19:45,44.15,44.2286,44.08,44.22,103166
2026-09-08 19:46,44.21,44.25,44.17,44.235,90842
2026-09-08 19:47,44.24,44.28,44.2095,44.255,80082
2026-09-08 19:48,44.25,44.32,44.22,44.225,270398
2026-09-08 19:49,44.24,44.3,44.12,44.155,138050
2026-09-08 19:50,44.15,44.22,43.97,44.002,320018
2026-09-08 19:51,44,44.14,43.92,44.135,115455
2026-09-08 19:52,44.13,44.23,44.13,44.2199,137727
2026-09-08 19:53,44.22,44.34,44.16,44.3,186128
2026-09-08 19:54,44.31,44.535,44.285,44.39,532694
2026-09-08 19:55,44.395,44.49,44.27,44.32,372303
2026-09-08 19:56,44.325,44.36,44.14,44.14,150299
2026-09-08 19:57,44.13,44.23,44.11,44.2,159036
2026-09-08 19:58,44.19,44.28,44.19,44.27,201145
2026-09-08 19:59,44.27,44.28,44.06,44.07,307242
2026-09-09 13:30,44.8,44.82,44.045,44.1,8.42911e+06
2026-09-09 13:31,44.12,44.38,43.68,43.77,576106
2026-09-09 13:32,43.78,44.0089,43.76,43.82,342198
2026-09-09 13:33,43.81,43.911,43.6,43.74,516246
2026-09-09 13:34,43.73,43.76,43.29,43.445,453729
2026-09-09 13:35,43.45,43.58,43.23,43.26,474053
2026-09-09 13:36,43.25,43.64,43.2161,43.59,460798
2026-09-09 13:37,43.6,43.62,43.3613,43.43,449950
2026-09-09 13:38,43.43,43.535,43.31,43.4383,252001
2026-09-09 13:39,43.43,43.63,43.4,43.59,324583
2026-09-09 13:40,43.59,43.73,43.3801,43.66,295279
2026-09-09 13:41,43.66,43.74,43.49,43.59,248818
2026-09-09 13:42,43.61,43.87,43.605,43.76,227184
2026-09-09 13:43,43.755,43.83,43.67,43.8,197796
2026-09-09 13:44,43.815,43.8799,43.612,43.67,186161
2026-09-09 13:45,43.68,44.01,43.65,43.9803,217603
2026-09-09 13:46,43.98,44.2301,43.96,43.965,424460
2026-09-09 13:47,43.97,44.13,43.87,44.13,199107
2026-09-09 13:48,44.13,44.145,43.72,43.7211,189141
2026-09-09 13:49,43.74,43.79,43.4701,43.64,410590
2026-09-09 13:50,43.63,43.77,43.59,43.64,237078
2026-09-09 13:51,43.63,43.68,43.42,43.51,274375
2026-09-09 13:52,43.51,43.569,43.3,43.32,276093
2026-09-09 13:53,43.32,43.4362,43.29,43.37,214818
2026-09-09 13:54,43.37,43.4,43.19,43.1999,246784
2026-09-09 13:55,43.19,43.215,42.91,42.96,604718
2026-09-09 13:56,42.9609,42.98,42.84,42.91,426409
2026-09-09 13:57,42.92,43.04,42.88,42.93,509128
2026-09-09 13:58,42.93,43.06,42.82,42.835,286287
2026-09-09 13:59,42.8388,42.8699,42.65,42.74,332097
2026-09-09 14:00,42.74,42.83,42.68,42.76,484597
2026-09-09 14:01,42.769,42.925,42.74,42.87,378526
2026-09-09 14:02,42.86,42.975,42.7886,42.8,448642
2026-09-09 14:03,42.8,42.8262,42.5506,42.565,423682
2026-09-09 14:04,42.555,42.61,42.385,42.51,643622
2026-09-09 14:05,42.515,42.56,42.33,42.3505,399583
2026-09-09 14:06,42.3612,42.439,42.315,42.4,320638
2026-09-09 14:07,42.38,42.5299,42.33,42.42,322525
2026-09-09 14:08,42.4199,42.6299,42.405,42.6,296081
2026-09-09 14:09,42.6,42.655,42.54,42.5486,242024
2026-09-09 14:10,42.54,42.5886,42.3899,42.448,227599
2026-09-09 14:11,42.4301,42.67,42.42,42.65,223621
2026-09-09 14:12,42.65,42.7,42.545,42.59,304392
2026-09-09 14:13,42.58,42.615,42.46,42.49,144559
2026-09-09 14:14,42.4911,42.515,42.41,42.41,121965
2026-09-09 14:15,42.43,42.73,42.4287,42.649,230797
2026-09-09 14:16,42.65,42.92,42.65,42.88,392238
2026-09-09 14:17,42.89,42.9,42.71,42.75,252835
2026-09-09 14:18,42.755,42.93,42.755,42.8301,231852
2026-09-09 14:19,42.84,43.12,42.84,42.99,482171
2026-09-09 14:20,42.999,43.1,42.92,43.06,341245
2026-09-09 14:21,43.07,43.265,43.07,43.21,412827
2026-09-09 14:22,43.21,43.35,43.2,43.25,321596
2026-09-09 14:23,43.245,43.31,43.16,43.2201,286094
2026-09-09 14:24,43.225,43.23,43.071,43.23,365991
2026-09-09 14:25,43.23,43.25,42.91,42.935,249060
2026-09-09 14:26,42.945,43.08,42.94,43.04,149997
2026-09-09 14:27,43.049,43.089,42.87,42.94,177912
2026-09-09 14:28,42.93,42.97,42.8214,42.83,252673
2026-09-09 14:29,42.83,42.86,42.7709,42.775,172896
2026-09-09 14:30,42.775,42.89,42.755,42.85,108767
2026-09-09 14:31,42.84,42.94,42.82,42.855,116321
2026-09-09 14:32,42.871,42.88,42.755,42.8,137883
2026-09-09 14:33,42.829,42.985,42.79,42.92,111318
2026-09-09 14:34,42.9301,42.9998,42.87,42.87,121525
2026-09-09 14:35,42.88,42.98,42.855,42.9405,82952
2026-09-09 14:36,42.935,43.02,42.845,43.02,100417
2026-09-09 14:37,43.015,43.17,42.96,43.149,160577
2026-09-09 14:38,43.145,43.235,43.1,43.21,141882
2026-09-09 14:39,43.2099,43.2099,42.93,42.935,141057
2026-09-09 14:40,42.95,43.05,42.85,42.9799,99126
2026-09-09 14:41,42.98,43.054,42.93,42.95,69761
2026-09-09 14:42,42.97,43.07,42.97,43.0699,40766
2026-09-09 14:43,43.06,43.09,42.97,43.01,66227
2026-09-09 14:44,43.01,43.03,42.862,42.95,193336
2026-09-09 14:45,42.9409,43.13,42.94,42.955,65539
2026-09-09 14:46,42.955,43,42.925,42.95,55310
2026-09-09 14:47,42.99,43.06,42.97,43.015,42387
2026-09-09 14:48,43.01,43.09,43.01,43.0327,66302
2026-09-09 14:49,43.05,43.05,42.965,42.97,89712
2026-09-09 14:50,42.98,43.01,42.88,43.01,95807
2026-09-09 14:51,43.0095,43.08,42.9605,43.08,75392
2026-09-09 14:52,43.07,43.17,42.98,43.09,122693
2026-09-09 14:53,43.08,43.21,43.08,43.21,122191
2026-09-09 14:54,43.21,43.259,43.1501,43.24,123671
2026-09-09 14:55,43.23,43.24,43.07,43.105,110308
2026-09-09 14:56,43.12,43.15,43.01,43.045,72990
2026-09-09 14:57,43.05,43.13,43.03,43.03,63288
2026-09-09 14:58,43.0328,43.05,42.88,42.89,111911
2026-09-09 14:59,42.88,42.93,42.86,42.92,88524
2026-09-09 15:00,42.91,42.98,42.6607,42.7101,217490
2026-09-09 15:01,42.712,43.0285,42.67,42.93,173966
2026-09-09 15:02,42.94,42.98,42.83,42.98,95048
2026-09-09 15:03,42.98,43.03,42.95,43.01,114701
2026-09-09 15:04,43.015,43.055,42.9013,42.9013,146926
2026-09-09 15:05,42.9199,43.0313,42.85,43.03,76184
2026-09-09 15:06,43.04,43.171,43.04,43.171,139278
2026-09-09 15:07,43.17,43.34,43.14,43.31,331822
2026-09-09 15:08,43.31,43.4,43.2299,43.3701,429132
2026-09-09 15:09,43.37,43.629,43.36,43.575,365871
2026-09-09 15:10,43.57,43.6792,43.48,43.6618,298854
2026-09-09 15:11,43.675,43.9087,43.67,43.895,335387
2026-09-09 15:12,43.9,44,43.87,43.96,358534
2026-09-09 15:13,43.95,44,43.8,43.91,340492
2026-09-09 15:14,43.9005,43.9005,43.77,43.78,146041
2026-09-09 15:15,43.77,43.855,43.72,43.7999,180146
2026-09-09 15:16,43.81,43.85,43.61,43.61,176913
2026-09-09 15:17,43.61,43.71,43.57,43.688,160633
2026-09-09 15:18,43.68,43.69,43.52,43.54,132524
2026-09-09 15:19,43.535,43.6199,43.52,43.58,93454
2026-09-09 15:20,43.58,43.61,43.44,43.59,140495
2026-09-09 15:21,43.5991,43.7601,43.5791,43.71,85894
2026-09-09 15:22,43.7001,43.88,43.699,43.8397,181960
2026-09-09 15:23,43.848,44.13,43.82,44.07,282227
2026-09-09 15:24,44.075,44.259,44.07,44.19,369653
2026-09-09 15:25,44.18,44.2,44.02,44.055,179571
2026-09-09 15:26,44.06,44.15,44.01,44.12,118283
2026-09-09 15:27,44.12,44.23,44.0802,44.1101,125991
2026-09-09 15:28,44.13,44.155,43.99,44.005,128341
2026-09-09 15:29,44,44.03,43.95,43.95,128573
2026-09-09 15:30,43.94,43.96,43.78,43.78,155274
2026-09-09 15:31,43.7851,43.915,43.7851,43.815,152038
2026-09-09 15:32,43.819,43.84,43.685,43.69,77818
2026-09-09 15:33,43.69,43.78,43.62,43.62,112415
2026-09-09 15:34,43.62,43.72,43.57,43.57,124909
2026-09-09 15:35,43.58,43.63,43.511,43.595,100876
2026-09-09 15:36,43.59,43.62,43.5,43.52,49542
2026-09-09 15:37,43.5201,43.73,43.5113,43.71,68634
2026-09-09 15:38,43.7101,43.85,43.7091,43.84,105476
2026-09-09 15:39,43.83,43.8301,43.3311,43.35,318034
2026-09-09 15:40,43.362,43.5502,43.24,43.4947,212446
2026-09-09 15:41,43.485,43.62,43.43,43.53,171773
2026-09-09 15:42,43.5501,43.585,43.4101,43.4506,51775
2026-09-09 15:43,43.465,43.465,43.36,43.375,82023
2026-09-09 15:44,43.389,43.4499,43.37,43.4,64740
2026-09-09 15:45,43.39,43.5129,43.37,43.48,75472
2026-09-09 15:46,43.485,43.515,43.459,43.46,44236
2026-09-09 15:47,43.48,43.52,43.37,43.38,66292
2026-09-09 15:48,43.365,43.37,43.2602,43.37,78753
2026-09-09 15:49,43.39,43.3999,43.29,43.301,59473
2026-09-09 15:50,43.31,43.31,43.08,43.08,165779
2026-09-09 15:51,43.0809,43.17,43.0601,43.17,95391
2026-09-09 15:52,43.17,43.2,43.13,43.1401,47445
2026-09-09 15:53,43.145,43.16,43.09,43.155,41429
2026-09-09 15:54,43.16,43.18,43.075,43.1,53280
2026-09-09 15:55,43.105,43.28,43.1,43.27,63565
2026-09-09 15:56,43.27,43.35,43.255,43.279,131809
2026-09-09 15:57,43.27,43.4397,43.25,43.4397,73979
2026-09-09 15:58,43.42,43.4399,43.35,43.3586,81809
2026-09-09 15:59,43.34,43.3501,43.25,43.27,42320
2026-09-09 16:00,43.255,43.33,43.2324,43.3113,21840
2026-09-09 16:01,43.31,43.34,43.2,43.2391,36760
2026-09-09 16:02,43.23,43.2687,43.161,43.21,42393
2026-09-09 16:03,43.195,43.26,43.19,43.249,50598
2026-09-09 16:04,43.25,43.27,43.205,43.2099,18470
2026-09-09 16:05,43.225,43.275,43.21,43.2273,28382
2026-09-09 16:06,43.23,43.2891,43.21,43.25,49145
2026-09-09 16:07,43.265,43.375,43.265,43.351,36227
2026-09-09 16:08,43.36,43.48,43.34,43.41,140769
2026-09-09 16:09,43.43,43.5,43.37,43.4988,62088
2026-09-09 16:10,43.4951,43.505,43.425,43.4542,89003
2026-09-09 16:11,43.46,43.505,43.44,43.505,62128
2026-09-09 16:12,43.52,43.54,43.46,43.49,64229
2026-09-09 16:13,43.505,43.5387,43.41,43.53,61996
2026-09-09 16:14,43.52,43.6451,43.52,43.6,89171
2026-09-09 16:15,43.6,43.7199,43.57,43.715,73653
2026-09-09 16:16,43.7191,43.7191,43.635,43.69,72417
2026-09-09 16:17,43.69,43.71,43.6213,43.671,53870
2026-09-09 16:18,43.69,43.71,43.671,43.71,33804
2026-09-09 16:19,43.7101,43.731,43.625,43.645,58086
2026-09-09 16:20,43.645,43.7138,43.645,43.7,35156
2026-09-09 16:21,43.705,43.705,43.631,43.6401,28849
2026-09-09 16:22,43.655,43.7287,43.65,43.7,51494
2026-09-09 16:23,43.705,43.71,43.6314,43.639,82872
2026-09-09 16:24,43.63,43.6499,43.55,43.55,136291
2026-09-09 16:25,43.54,43.655,43.51,43.638,73721
2026-09-09 16:26,43.635,43.76,43.635,43.74,94127
2026-09-09 16:27,43.735,43.76,43.67,43.74,122036
2026-09-09 16:28,43.74,43.8,43.7,43.8,64296
2026-09-09 16:29,43.81,43.8288,43.6999,43.6999,70335
2026-09-09 16:30,43.68,43.71,43.5302,43.5499,81918
2026-09-09 16:31,43.55,43.56,43.41,43.41,134006
2026-09-09 16:32,43.41,43.4791,43.395,43.422,79002
2026-09-09 16:33,43.42,43.4791,43.37,43.39,45134
2026-09-09 16:34,43.3909,43.395,43.29,43.31,99688
2026-09-09 16:35,43.31,43.3299,43.27,43.29,49747
2026-09-09 16:36,43.28,43.34,43.28,43.305,50806
2026-09-09 16:37,43.31,43.36,43.295,43.295,42861
2026-09-09 16:38,43.2986,43.2986,43.2206,43.2391,47284
2026-09-09 16:39,43.245,43.25,43.165,43.171,66176
2026-09-09 16:40,43.18,43.19,43.125,43.165,82038
2026-09-09 16:41,43.1685,43.185,43.14,43.16,47654
2026-09-09 16:42,43.16,43.1999,43.16,43.187,47911
2026-09-09 16:43,43.19,43.21,43.1487,43.1487,74241
2026-09-09 16:44,43.135,43.16,43.11,43.11,56704
2026-09-09 16:45,43.11,43.23,43.1,43.225,64704
2026-09-09 16:46,43.23,43.2409,43.133,43.145,168782
2026-09-09 16:47,43.1401,43.21,43.13,43.13,91861
2026-09-09 16:48,43.12,43.16,43.1,43.11,38961
2026-09-09 16:49,43.1186,43.17,43.11,43.165,30879
2026-09-09 16:50,43.16,43.16,43,43.005,141716
2026-09-09 16:51,43.005,43.06,42.995,43.0599,89046
2026-09-09 16:52,43.052,43.1299,43.04,43.095,47844
2026-09-09 16:53,43.0986,43.165,43.08,43.14,48116
2026-09-09 16:54,43.135,43.175,43.11,43.175,19437
2026-09-09 16:55,43.1691,43.18,43.0909,43.14,34146
2026-09-09 16:56,43.13,43.185,43.125,43.131,31570
2026-09-09 16:57,43.1313,43.18,43.1313,43.17,32701
2026-09-09 16:58,43.16,43.2,43.1599,43.1895,36178
2026-09-09 16:59,43.185,43.245,43.18,43.215,42919
2026-09-09 17:00,43.2298,43.31,43.19,43.275,70742
2026-09-09 17:01,43.2795,43.34,43.27,43.295,62477
2026-09-09 17:02,43.3,43.32,43.05,43.07,209932
2026-09-09 17:03,43.0613,43.16,43.04,43.14,63936
2026-09-09 17:04,43.14,43.2275,43.1117,43.2,27626
2026-09-09 17:05,43.185,43.185,43.021,43.03,65215
2026-09-09 17:06,43.0203,43.075,43.01,43.03,40615
2026-09-09 17:07,43.0257,43.0601,43.02,43.04,23738
2026-09-09 17:08,43.0391,43.08,43.035,43.06,31259
2026-09-09 17:09,43.0698,43.14,43.0513,43.14,39374
2026-09-09 17:10,43.13,43.17,43.1104,43.16,50599
2026-09-09 17:11,43.155,43.16,43.0801,43.1,42268
2026-09-09 17:12,43.095,43.145,43.09,43.11,23275
2026-09-09 17:13,43.105,43.105,43.045,43.05,29596
2026-09-09 17:14,43.055,43.07,42.96,43.01,106912
2026-09-09 17:15,43.01,43.05,42.97,43.015,116143
2026-09-09 17:16,43.02,43.12,43.0001,43.08,45641
2026-09-09 17:17,43.1,43.135,43.04,43.045,41622
2026-09-09 17:18,43.04,43.07,43.01,43.07,39625
2026-09-09 17:19,43.0672,43.15,43.0501,43.145,41942
2026-09-09 17:20,43.15,43.19,43.14,43.16,46183
2026-09-09 17:21,43.155,43.19,43.13,43.17,24485
2026-09-09 17:22,43.17,43.23,43.17,43.195,65879
2026-09-09 17:23,43.195,43.2399,43.17,43.17,41697
2026-09-09 17:24,43.18,43.25,43.175,43.235,37749
2026-09-09 17:25,43.2299,43.2989,43.22,43.25,46946
2026-09-09 17:26,43.255,43.309,43.25,43.26,31108
2026-09-09 17:27,43.255,43.27,43.23,43.25,23116
2026-09-09 17:28,43.255,43.34,43.255,43.3,51326
2026-09-09 17:29,43.32,43.33,43.265,43.3291,37140
2026-09-09 17:30,43.32,43.39,43.32,43.36,69220
2026-09-09 17:31,43.34,43.455,43.315,43.4438,81169
2026-09-09 17:32,43.45,43.475,43.4227,43.4306,54430
2026-09-09 17:33,43.4399,43.44,43.29,43.29,75036
2026-09-09 17:34,43.29,43.3481,43.29,43.34,27271
2026-09-09 17:35,43.33,43.35,43.3,43.33,23855
2026-09-09 17:36,43.325,43.41,43.32,43.41,30161
2026-09-09 17:37,43.421,43.439,43.385,43.425,32196
2026-09-09 17:38,43.425,43.49,43.42,43.4771,58685
2026-09-09 17:39,43.47,43.52,43.465,43.4924,42499
2026-09-09 17:40,43.48,43.4899,43.4001,43.425,49750
2026-09-09 17:41,43.42,43.4281,43.38,43.39,41998
2026-09-09 17:42,43.385,43.41,43.3601,43.385,27868
2026-09-09 17:43,43.389,43.4099,43.375,43.39,17841
2026-09-09 17:44,43.38,43.39,43.3311,43.345,28036
2026-09-09 17:45,43.34,43.35,43.3,43.305,36108
2026-09-09 17:46,43.315,43.33,43.19,43.19,46171
2026-09-09 17:47,43.19,43.26,43.17,43.235,29042
2026-09-09 17:48,43.235,43.255,43.21,43.21,25538
2026-09-09 17:49,43.21,43.23,43.1501,43.17,44839
2026-09-09 17:50,43.155,43.205,43.155,43.17,26841
2026-09-09 17:51,43.165,43.22,43.165,43.215,18426
2026-09-09 17:52,43.21,43.21,43.1201,43.1201,28530
2026-09-09 17:53,43.1309,43.16,43.13,43.14,19666
2026-09-09 17:54,43.13,43.15,43.09,43.1,56164
2026-09-09 17:55,43.105,43.18,43.105,43.16,26739
2026-09-09 17:56,43.17,43.2091,43.155,43.2091,23870
2026-09-09 17:57,43.21,43.22,43.19,43.215,56422
2026-09-09 17:58,43.215,43.22,43.171,43.22,20816
2026-09-09 17:59,43.22,43.23,43.2001,43.211,24927
2026-09-09 18:00,43.215,43.24,43.181,43.23,55259
2026-09-09 18:01,43.22,43.225,43.15,43.17,53713
2026-09-09 18:02,43.16,43.2172,43.15,43.205,42361
2026-09-09 18:03,43.2,43.25,43.19,43.19,49987
2026-09-09 18:04,43.18,43.21,43.17,43.2,34834
2026-09-09 18:05,43.2,43.245,43.18,43.24,67737
2026-09-09 18:06,43.2495,43.26,43.22,43.22,38900
2026-09-09 18:07,43.215,43.26,43.215,43.26,21461
2026-09-09 18:08,43.26,43.28,43.23,43.2514,40098
2026-09-09 18:09,43.25,43.25,43.2301,43.25,13491
2026-09-09 18:10,43.24,43.31,43.2399,43.295,44276
2026-09-09 18:11,43.305,43.335,43.27,43.33,25656
2026-09-09 18:12,43.325,43.34,43.24,43.24,59217
2026-09-09 18:13,43.24,43.25,43.22,43.24,56277
2026-09-09 18:14,43.23,43.28,43.19,43.27,55131
2026-09-09 18:15,43.26,43.2672,43.215,43.25,38546
2026-09-09 18:16,43.25,43.29,43.24,43.2511,28125
2026-09-09 18:17,43.25,43.26,43.21,43.2409,19666
2026-09-09 18:18,43.25,43.265,43.2091,43.22,27688
2026-09-09 18:19,43.21,43.275,43.21,43.27,20517
2026-09-09 18:20,43.28,43.32,43.26,43.3,30348
2026-09-09 18:21,43.31,43.345,43.295,43.335,35411
2026-09-09 18:22,43.3301,43.38,43.32,43.35,51459
2026-09-09 18:23,43.331,43.35,43.315,43.33,36452
2026-09-09 18:24,43.33,43.35,43.32,43.321,23499
2026-09-09 18:25,43.315,43.335,43.305,43.325,27130
2026-09-09 18:26,43.33,43.34,43.241,43.275,25920
2026-09-09 18:27,43.28,43.31,43.27,43.28,23343
2026-09-09 18:28,43.28,43.37,43.28,43.35,39722
2026-09-09 18:29,43.35,43.3501,43.32,43.32,26788
2026-09-09 18:30,43.315,43.33,43.26,43.2787,27268
2026-09-09 18:31,43.2715,43.285,43.24,43.255,38239
2026-09-09 18:32,43.26,43.31,43.25,43.255,20550
2026-09-09 18:33,43.259,43.27,43.2,43.205,57237
2026-09-09 18:34,43.205,43.28,43.201,43.27,31776
2026-09-09 18:35,43.26,43.27,43.2,43.22,39430
2026-09-09 18:36,43.225,43.24,43.205,43.23,22351
2026-09-09 18:37,43.2201,43.27,43.22,43.24,26210
2026-09-09 18:38,43.2501,43.2599,43.215,43.235,30234
2026-09-09 18:39,43.24,43.265,43.24,43.245,18688
2026-09-09 18:40,43.24,43.28,43.235,43.255,27693
2026-09-09 18:41,43.259,43.325,43.259,43.3114,27177
2026-09-09 18:42,43.315,43.34,43.305,43.34,35289
2026-09-09 18:43,43.33,43.33,43.28,43.28,29317
2026-09-09 18:44,43.281,43.2999,43.24,43.28,20364
2026-09-09 18:45,43.28,43.28,43.25,43.25,15656
2026-09-09 18:46,43.2601,43.3,43.231,43.285,29753
2026-09-09 18:47,43.285,43.315,43.285,43.3,15174
2026-09-09 18:48,43.3099,43.31,43.28,43.29,23997
2026-09-09 18:49,43.27,43.349,43.27,43.335,21006
2026-09-09 18:50,43.33,43.35,43.31,43.34,21461
2026-09-09 18:51,43.341,43.465,43.341,43.465,54822
2026-09-09 18:52,43.47,43.48,43.43,43.4513,64204
2026-09-09 18:53,43.45,43.465,43.38,43.39,66907
2026-09-09 18:54,43.39,43.41,43.3814,43.395,26477
2026-09-09 18:55,43.4,43.44,43.38,43.4251,40703
2026-09-09 18:56,43.435,43.46,43.4,43.445,38550
2026-09-09 18:57,43.44,43.56,43.44,43.55,71389
2026-09-09 18:58,43.545,43.56,43.515,43.559,121180
2026-09-09 18:59,43.55,43.571,43.495,43.55,80289
2026-09-09 19:00,43.5499,43.5501,43.445,43.4698,52043
2026-09-09 19:01,43.475,43.54,43.46,43.525,42049
2026-09-09 19:02,43.51,43.55,43.51,43.515,36608
2026-09-09 19:03,43.5199,43.54,43.485,43.53,63717
2026-09-09 19:04,43.53,43.605,43.51,43.51,86423
2026-09-09 19:05,43.52,43.55,43.5,43.509,34661
2026-09-09 19:06,43.5,43.519,43.435,43.47,91476
2026-09-09 19:07,43.47,43.4889,43.36,43.375,66474
2026-09-09 19:08,43.375,43.3802,43.33,43.37,60433
2026-09-09 19:09,43.3891,43.4199,43.3299,43.345,35950
2026-09-09 19:10,43.34,43.409,43.34,43.3951,21303
2026-09-09 19:11,43.3993,43.4085,43.36,43.38,27547
2026-09-09 19:12,43.38,43.42,43.37,43.37,24706
2026-09-09 19:13,43.36,43.365,43.33,43.365,14852
2026-09-09 19:14,43.38,43.42,43.365,43.3699,18349
2026-09-09 19:15,43.35,43.35,43.2133,43.23,148842
2026-09-09 19:16,43.23,43.29,43.23,43.2387,34317
2026-09-09 19:17,43.235,43.2591,43.2288,43.25,25949
2026-09-09 19:18,43.25,43.255,43.191,43.2101,48133
2026-09-09 19:19,43.215,43.22,43.18,43.21,76245
2026-09-09 19:20,43.205,43.22,43.15,43.19,42139
2026-09-09 19:21,43.1914,43.215,43.132,43.175,46617
2026-09-09 19:22,43.1701,43.279,43.16,43.2691,62210
2026-09-09 19:23,43.265,43.265,43.2,43.21,42257
2026-09-09 19:24,43.2186,43.26,43.2062,43.25,20640
2026-09-09 19:25,43.24,43.3101,43.22,43.2999,81711
2026-09-09 19:26,43.29,43.36,43.29,43.36,41699
2026-09-09 19:27,43.35,43.42,43.35,43.42,43876
2026-09-09 19:28,43.419,43.45,43.381,43.415,66820
2026-09-09 19:29,43.415,43.47,43.341,43.465,44506
2026-09-09 19:30,43.46,43.475,43.39,43.43,100488
2026-09-09 19:31,43.425,43.47,43.42,43.46,52805
2026-09-09 19:32,43.47,43.475,43.41,43.4601,83193
2026-09-09 19:33,43.46,43.46,43.41,43.4299,24559
2026-09-09 19:34,43.405,43.415,43.36,43.415,51419
2026-09-09 19:35,43.42,43.46,43.42,43.44,45433
2026-09-09 19:36,43.44,43.44,43.38,43.42,34036
2026-09-09 19:37,43.43,43.48,43.4291,43.4699,61450
2026-09-09 19:38,43.465,43.4799,43.44,43.445,46706
2026-09-09 19:39,43.445,43.46,43.42,43.4291,19650
2026-09-09 19:40,43.43,43.4789,43.4,43.455,41881
2026-09-09 19:41,43.4611,43.475,43.435,43.47,31161
2026-09-09 19:42,43.465,43.47,43.39,43.46,41707
2026-09-09 19:43,43.4514,43.47,43.42,43.44,43206
2026-09-09 19:44,43.435,43.47,43.431,43.4377,32362
2026-09-09 19:45,43.44,43.44,43.3611,43.3801,42678
2026-09-09 19:46,43.39,43.425,43.375,43.4114,37928
2026-09-09 19:47,43.401,43.46,43.38,43.46,32332
2026-09-09 19:48,43.455,43.455,43.38,43.39,15093
2026-09-09 19:49,43.3891,43.42,43.365,43.395,64523
2026-09-09 19:50,43.41,43.48,43.4,43.465,159312
2026-09-09 19:51,43.465,43.48,43.435,43.445,87631
2026-09-09 19:52,43.45,43.46,43.295,43.33,229546
2026-09-09 19:53,43.335,43.365,43.33,43.355,68537
2026-09-09 19:54,43.35,43.4272,43.32,43.42,102265
2026-09-09 19:55,43.41,43.53,43.4,43.455,245557
2026-09-09 19:56,43.46,43.47,43.431,43.46,44811
2026-09-09 19:57,43.46,43.485,43.46,43.46,80825
2026-09-09 19:58,43.45,43.4502,43.3,43.3,130278
2026-09-09 19:59,43.315,43.345,43.16,43.185,316811
2026-09-10 13:30,46.52,46.59,46.14,46.1612,1.34572e+07
2026-09-10 13:31,46.16,46.34,45.87,46.05,627994
2026-09-10 13:32,46.02,46.79,46,46.73,622391
2026-09-10 13:33,46.74,47.01,46.6,46.89,675185
2026-09-10 13:34,46.89,47.11,46.7374,46.935,509742
2026-09-10 13:35,46.95,46.96,46.555,46.68,490555
2026-09-10 13:36,46.6899,46.73,46.3201,46.705,354538
2026-09-10 13:37,46.7075,46.8591,46.57,46.78,250168
2026-09-10 13:38,46.7899,46.9486,46.65,46.76,325956
2026-09-10 13:39,46.77,46.79,46.2,46.2316,347682
2026-09-10 13:40,46.23,46.2739,45.96,46.05,480580
2026-09-10 13:41,46.05,46.265,45.95,46.23,423600
2026-09-10 13:42,46.2153,46.41,46.041,46.3,256711
2026-09-10 13:43,46.3,46.47,46.26,46.45,235312
2026-09-10 13:44,46.46,46.77,46.36,46.745,286385
2026-09-10 13:45,46.74,46.9191,46.62,46.66,366089
2026-09-10 13:46,46.6313,46.79,46.53,46.53,235731
2026-09-10 13:47,46.53,46.66,46.52,46.6,113938
2026-09-10 13:48,46.63,46.9795,46.63,46.9001,288859
2026-09-10 13:49,46.91,46.97,46.45,46.65,509122
2026-09-10 13:50,46.66,47.02,46.645,46.89,400905
2026-09-10 13:51,46.895,47.305,46.895,47.305,563412
2026-09-10 13:52,47.31,47.37,47.12,47.19,384843
2026-09-10 13:53,47.185,47.4799,47.1518,47.38,309821
2026-09-10 13:54,47.38,47.4,47.205,47.397,283677
2026-09-10 13:55,47.39,47.4,47.22,47.2909,214008
2026-09-10 13:56,47.29,47.4,47.19,47.215,262986
2026-09-10 13:57,47.18,47.35,47.16,47.32,200248
2026-09-10 13:58,47.33,47.49,47.29,47.475,270371
2026-09-10 13:59,47.48,47.49,47.3604,47.4,232744
2026-09-10 14:00,47.4,47.44,47.13,47.195,347780
2026-09-10 14:01,47.2,47.21,46.8513,46.885,304778
2026-09-10 14:02,46.88,46.925,46.575,46.6,324831
2026-09-10 14:03,46.625,46.6988,46.5201,46.5999,213074
2026-09-10 14:04,46.595,46.85,46.59,46.78,243466
2026-09-10 14:05,46.78,46.87,46.69,46.815,144228
2026-09-10 14:06,46.83,46.86,46.7513,46.82,119704
2026-09-10 14:07,46.84,47,46.71,47,264467
2026-09-10 14:08,47.0091,47.029,46.89,46.9299,142797
2026-09-10 14:09,46.9203,46.96,46.7,46.71,161649
2026-09-10 14:10,46.705,46.78,46.525,46.6789,215472
2026-09-10 14:11,46.67,46.865,46.63,46.74,172907
2026-09-10 14:12,46.76,46.84,46.72,46.83,93258
2026-09-10 14:13,46.8,46.8,46.635,46.745,106807
2026-09-10 14:14,46.745,46.92,46.71,46.8999,129604
2026-09-10 14:15,46.89,46.99,46.76,46.865,110956
2026-09-10 14:16,46.8809,47.075,46.8809,47.0499,177824
2026-09-10 14:17,47.0609,47.1,46.91,46.9887,133660
2026-09-10 14:18,46.975,46.9894,46.785,46.81,89326
2026-09-10 14:19,46.81,46.89,46.73,46.775,87769
2026-09-10 14:20,46.775,46.82,46.55,46.64,266808
2026-09-10 14:21,46.6309,46.739,46.57,46.61,160560
2026-09-10 14:22,46.6,46.76,46.48,46.515,267799
2026-09-10 14:23,46.5109,46.595,46.45,46.5,195209
2026-09-10 14:24,46.49,46.51,45.99,46.15,647517
2026-09-10 14:25,46.165,46.18,45.91,46.035,486823
2026-09-10 14:26,46.0108,46.38,45.98,46.365,238569
2026-09-10 14:27,46.3783,46.45,46.2,46.35,231782
2026-09-10 14:28,46.36,46.36,46.13,46.1401,159574
2026-09-10 14:29,46.14,46.3178,46.12,46.2499,98820
2026-09-10 14:30,46.25,46.31,46.16,46.21,87893
2026-09-10 14:31,46.1987,46.22,46.01,46.0599,143350
2026-09-10 14:32,46.065,46.1996,46.05,46.12,107737
2026-09-10 14:33,46.13,46.33,46.125,46.27,134341
2026-09-10 14:34,46.27,46.27,46.0314,46.1138,149504
2026-09-10 14:35,46.12,46.12,45.83,45.84,446778
2026-09-10 14:36,45.84,45.915,45.6701,45.69,323759
2026-09-10 14:37,45.69,45.75,45.585,45.585,318134
2026-09-10 14:38,45.59,45.71,45.56,45.65,268337
2026-09-10 14:39,45.655,45.8,45.63,45.79,178688
2026-09-10 14:40,45.79,45.905,45.72,45.84,193061
2026-09-10 14:41,45.801,45.9093,45.7613,45.89,108990
2026-09-10 14:42,45.895,45.98,45.855,45.97,97535
2026-09-10 14:43,45.97,46.015,45.8986,45.97,144810
2026-09-10 14:44,45.98,46.1,45.955,46.0209,149587
2026-09-10 14:45,46.04,46.109,45.92,46.0281,130170
2026-09-10 14:46,46.03,46.04,45.88,45.905,152093
2026-09-10 14:47,45.91,46.19,45.91,46.175,130483
2026-09-10 14:48,46.175,46.2,46.0401,46.0609,125500
2026-09-10 14:49,46.09,46.14,45.99,46.01,93842
2026-09-10 14:50,46,46.1,45.95,46.055,100325
2026-09-10 14:51,46.06,46.13,45.94,45.97,105290
2026-09-10 14:52,45.96,46.0401,45.89,45.94,112443
2026-09-10 14:53,45.935,45.98,45.84,45.885,64928
2026-09-10 14:54,45.885,45.92,45.79,45.8099,186447
2026-09-10 14:55,45.79,45.94,45.77,45.94,84596
2026-09-10 14:56,45.94,45.94,45.805,45.805,64063
2026-09-10 14:57,45.81,45.85,45.68,45.71,91616
2026-09-10 14:58,45.7,45.805,45.6905,45.75,121968
2026-09-10 14:59,45.75,45.79,45.64,45.65,74041
2026-09-10 15:00,45.635,45.78,45.611,45.71,128377
2026-09-10 15:01,45.7248,45.9,45.72,45.84,99983
2026-09-10 15:02,45.85,45.939,45.84,45.915,84274
2026-09-10 15:03,45.911,45.96,45.82,45.85,78439
2026-09-10 15:04,45.84,45.86,45.74,45.855,86608
2026-09-10 15:05,45.86,45.86,45.64,45.66,72987
2026-09-10 15:06,45.67,45.74,45.58,45.6,158908
2026-09-10 15:07,45.6002,45.675,45.5991,45.64,63288
2026-09-10 15:08,45.66,45.721,45.641,45.65,61453
2026-09-10 15:09,45.641,45.83,45.641,45.795,77630
2026-09-10 15:10,45.8,45.8,45.56,45.6,103244
2026-09-10 15:11,45.58,45.685,45.58,45.6299,46046
2026-09-10 15:12,45.62,45.62,45.495,45.5406,172052
2026-09-10 15:13,45.54,45.61,45.4995,45.53,158671
2026-09-10 15:14,45.525,45.63,45.52,45.571,92336
2026-09-10 15:15,45.575,45.74,45.53,45.7,106845
2026-09-10 15:16,45.69,45.735,45.68,45.691,85536
2026-09-10 15:17,45.6999,45.815,45.64,45.74,92093
2026-09-10 15:18,45.745,45.99,45.74,45.985,129207
2026-09-10 15:19,45.989,46,45.83,45.85,146979
2026-09-10 15:20,45.85,45.94,45.781,45.921,93516
2026-09-10 15:21,45.9201,46,45.91,45.92,103620
2026-09-10 15:22,45.92,45.9988,45.89,45.905,73897
2026-09-10 15:23,45.91,45.93,45.83,45.919,41557
2026-09-10 15:24,45.92,45.92,45.8105,45.8395,39532
2026-09-10 15:25,45.84,45.88,45.735,45.75,57428
2026-09-10 15:26,45.7623,45.849,45.76,45.785,51596
2026-09-10 15:27,45.79,45.79,45.59,45.6291,112742
2026-09-10 15:28,45.621,45.68,45.59,45.655,84740
2026-09-10 15:29,45.67,45.74,45.66,45.74,71712
2026-09-10 15:30,45.72,45.8281,45.691,45.815,77467
2026-09-10 15:31,45.8128,45.835,45.755,45.8,63859
2026-09-10 15:32,45.79,45.91,45.765,45.795,100507
2026-09-10 15:33,45.81,45.815,45.703,45.73,82116
2026-09-10 15:34,45.74,45.7601,45.7,45.71,38453
2026-09-10 15:35,45.7,45.7799,45.685,45.7799,50094
2026-09-10 15:36,45.77,45.8,45.725,45.79,50824
2026-09-10 15:37,45.79,45.805,45.69,45.72,38248
2026-09-10 15:38,45.715,45.7701,45.6502,45.7701,96202
2026-09-10 15:39,45.78,45.875,45.77,45.775,78485
2026-09-10 15:40,45.78,45.89,45.76,45.89,55889
2026-09-10 15:41,45.89,45.895,45.72,45.72,48135
2026-09-10 15:42,45.725,45.7801,45.67,45.709,62811
2026-09-10 15:43,45.71,45.78,45.6522,45.6614,77399
2026-09-10 15:44,45.6699,45.68,45.61,45.615,76799
2026-09-10 15:45,45.6199,45.68,45.59,45.66,70845
2026-09-10 15:46,45.6662,45.75,45.6662,45.695,57418
2026-09-10 15:47,45.69,45.84,45.69,45.81,90865
2026-09-10 15:48,45.8,45.8087,45.71,45.7591,43579
2026-09-10 15:49,45.76,45.77,45.68,45.71,39906
2026-09-10 15:50,45.72,45.82,45.72,45.7899,43555
2026-09-10 15:51,45.78,45.785,45.74,45.7709,22707
2026-09-10 15:52,45.79,45.79,45.59,45.67,67984
2026-09-10 15:53,45.68,45.7805,45.6625,45.74,38485
2026-09-10 15:54,45.725,45.78,45.71,45.78,25461
2026-09-10 15:55,45.7896,45.9,45.7875,45.8401,72585
2026-09-10 15:56,45.8401,45.97,45.84,45.941,103648
2026-09-10 15:57,45.949,45.97,45.84,45.87,117424
2026-09-10 15:58,45.865,45.8886,45.77,45.77,66570
2026-09-10 15:59,45.77,45.785,45.69,45.77,64005
2026-09-10 16:00,45.7787,45.8,45.6923,45.709,63326
2026-09-10 16:01,45.7,45.79,45.665,45.76,58617
2026-09-10 16:02,45.7605,45.82,45.71,45.82,49232
2026-09-10 16:03,45.83,45.89,45.77,45.8329,52254
2026-09-10 16:04,45.83,45.89,45.83,45.89,41111
2026-09-10 16:05,45.885,45.905,45.775,45.8,54438
2026-09-10 16:06,45.8,45.885,45.785,45.88,50245
2026-09-10 16:07,45.875,46,45.855,45.995,118325
2026-09-10 16:08,45.985,46.05,45.935,46,168179
2026-09-10 16:09,46.005,46.03,45.9613,46.0299,86437
2026-09-10 16:10,46.03,46.051,45.94,46.05,93658
2026-09-10 16:11,46.05,46.185,46.041,46.185,214781
2026-09-10 16:12,46.181,46.23,46.1501,46.21,155076
2026-09-10 16:13,46.205,46.21,46.13,46.165,138955
2026-09-10 16:14,46.165,46.17,46.09,46.165,80305
2026-09-10 16:15,46.16,46.17,46.04,46.0499,53359
2026-09-10 16:16,46.05,46.195,46.0291,46.1701,65154
2026-09-10 16:17,46.17,46.3,46.17,46.26,177929
2026-09-10 16:18,46.27,46.345,46.26,46.335,127525
2026-09-10 16:19,46.335,46.335,46.22,46.28,126749
2026-09-10 16:20,46.265,46.265,46.1311,46.17,80983
2026-09-10 16:21,46.175,46.25,46.15,46.25,37737
2026-09-10 16:22,46.21,46.23,46.175,46.2,29454
2026-09-10 16:23,46.2,46.225,46.1701,46.19,38830
2026-09-10 16:24,46.19,46.205,46.15,46.195,52965
2026-09-10 16:25,46.2,46.28,46.17,46.2501,60421
2026-09-10 16:26,46.26,46.37,46.25,46.37,88886
2026-09-10 16:27,46.38,46.42,46.335,46.42,92780
2026-09-10 16:28,46.43,46.47,46.371,46.4498,109808
2026-09-10 16:29,46.45,46.45,46.36,46.365,66042
2026-09-10 16:30,46.365,46.37,46.225,46.265,80930
2026-09-10 16:31,46.27,46.325,46.225,46.31,62042
2026-09-10 16:32,46.305,46.38,46.26,46.3,64014
2026-09-10 16:33,46.31,46.33,46.27,46.31,32193
2026-09-10 16:34,46.31,46.565,46.31,46.56,338276
2026-09-10 16:35,46.56,46.72,46.56,46.6091,173696
2026-09-10 16:36,46.6,46.61,46.485,46.5095,90675
2026-09-10 16:37,46.5098,46.565,46.45,46.5501,70529
2026-09-10 16:38,46.55,46.605,46.46,46.56,91496
2026-09-10 16:39,46.54,46.56,46.49,46.5,39671
2026-09-10 16:40,46.49,46.493,46.371,46.381,74411
2026-09-10 16:41,46.39,46.43,46.31,46.33,50931
2026-09-10 16:42,46.335,46.4,46.31,46.31,52186
2026-09-10 16:43,46.32,46.36,46.285,46.34,48165
2026-09-10 16:44,46.3304,46.395,46.251,46.285,51925
2026-09-10 16:45,46.2601,46.27,46.121,46.19,152957
2026-09-10 16:46,46.19,46.205,46.04,46.075,71449
2026-09-10 16:47,46.075,46.1786,46.065,46.1695,70346
2026-09-10 16:48,46.155,46.21,46.14,46.2,33870
2026-09-10 16:49,46.1999,46.255,46.16,46.19,76532
2026-09-10 16:50,46.19,46.19,46.1,46.119,51691
2026-09-10 16:51,46.12,46.14,46.08,46.135,65032
2026-09-10 16:52,46.125,46.149,46.01,46.01,45058
2026-09-10 16:53,46.01,46.0299,45.94,45.955,136545
2026-09-10 16:54,45.96,45.98,45.9101,45.915,81088
2026-09-10 16:55,45.91,45.97,45.86,45.88,72334
2026-09-10 16:56,45.88,45.9386,45.87,45.9386,44058
2026-09-10 16:57,45.925,45.99,45.91,45.94,84427
2026-09-10 16:58,45.94,45.95,45.86,45.885,48507
2026-09-10 16:59,45.88,45.96,45.879,45.91,46627
2026-09-10 17:00,45.92,45.981,45.8801,45.895,81237
2026-09-10 17:01,45.9,45.9095,45.8511,45.87,58853
2026-09-10 17:02,45.87,45.88,45.64,45.82,276431
2026-09-10 17:03,45.84,45.96,45.835,45.95,71111
2026-09-10 17:04,45.94,45.9799,45.889,45.9,52966
2026-09-10 17:05,45.88,45.899,45.82,45.87,56576
2026-09-10 17:06,45.8599,45.92,45.8101,45.8209,69376
2026-09-10 17:07,45.83,45.849,45.75,45.755,77433
2026-09-10 17:08,45.76,45.805,45.73,45.789,44298
2026-09-10 17:09,45.7887,45.8499,45.745,45.8499,47479
2026-09-10 17:10,45.845,45.86,45.715,45.75,49030
2026-09-10 17:11,45.7487,45.83,45.745,45.7891,36223
2026-09-10 17:12,45.78,45.8,45.75,45.7699,29414
2026-09-10 17:13,45.76,45.899,45.75,45.885,40185
2026-09-10 17:14,45.8889,45.97,45.85,45.9591,61772
2026-09-10 17:15,45.96,45.99,45.92,45.975,83161
2026-09-10 17:16,45.975,46,45.92,45.935,43779
2026-09-10 17:17,45.935,45.98,45.92,45.9388,27162
2026-09-10 17:18,45.9489,45.9678,45.93,45.95,27017
2026-09-10 17:19,45.95,45.98,45.93,45.95,29031
2026-09-10 17:20,45.9401,46.01,45.935,45.975,39251
2026-09-10 17:21,45.985,46.0689,45.9788,46.05,40669
2026-09-10 17:22,46.055,46.06,45.99,46.055,44084
2026-09-10 17:23,46.05,46.075,46.041,46.07,27834
2026-09-10 17:24,46.065,46.07,46.04,46.041,25403
2026-09-10 17:25,46.04,46.14,46.03,46.115,50178
2026-09-10 17:26,46.12,46.12,46.04,46.05,44773
2026-09-10 17:27,46.049,46.07,46.0311,46.055,21704
2026-09-10 17:28,46.04,46.0797,46.0014,46.04,38743
2026-09-10 17:29,46.0327,46.06,46.02,46.04,24588
2026-09-10 17:30,46.045,46.13,46.045,46.1,64391
2026-09-10 17:31,46.109,46.11,46.0303,46.055,23126
2026-09-10 17:32,46.04,46.08,46,46.07,18078
2026-09-10 17:33,46.075,46.13,46.06,46.11,14097
2026-09-10 17:34,46.105,46.1605,46.06,46.125,51469
2026-09-10 17:35,46.13,46.13,46.031,46.035,47633
2026-09-10 17:36,46.04,46.13,46.0311,46.13,31934
2026-09-10 17:37,46.135,46.18,46.11,46.18,63636
2026-09-10 17:38,46.19,46.23,46.18,46.215,67162
2026-09-10 17:39,46.21,46.28,46.21,46.275,54354
2026-09-10 17:40,46.28,46.28,46.2103,46.23,46780
2026-09-10 17:41,46.225,46.245,46.2011,46.22,23424
2026-09-10 17:42,46.221,46.27,46.22,46.22,33051
2026-09-10 17:43,46.2,46.215,46.12,46.149,72304
2026-09-10 17:44,46.13,46.15,46.09,46.115,37981
2026-09-10 17:45,46.11,46.18,46.0962,46.1699,59029
2026-09-10 17:46,46.17,46.21,46.135,46.21,39471
2026-09-10 17:47,46.21,46.21,46.1738,46.2,27210
2026-09-10 17:48,46.2,46.2005,46.142,46.19,16170
2026-09-10 17:49,46.185,46.205,46.18,46.1924,21779
2026-09-10 17:50,46.19,46.19,46.16,46.165,18947
2026-09-10 17:51,46.16,46.18,46.1301,46.141,26034
2026-09-10 17:52,46.14,46.2,46.1,46.2,39924
2026-09-10 17:53,46.2,46.24,46.15,46.15,92009
2026-09-10 17:54,46.1511,46.17,46.091,46.1,19623
2026-09-10 17:55,46.1,46.189,46.1,46.165,22489
2026-09-10 17:56,46.17,46.1886,46.145,46.16,12752
2026-09-10 17:57,46.16,46.16,46.08,46.12,44281
2026-09-10 17:58,46.125,46.1361,46.06,46.065,30608
2026-09-10 17:59,46.06,46.0899,46.025,46.08,26585
2026-09-10 18:00,46.08,46.08,45.9611,45.9611,58543
2026-09-10 18:01,45.965,46.135,45.96,46.135,53856
2026-09-10 18:02,46.14,46.16,46.085,46.15,34971
2026-09-10 18:03,46.1402,46.265,46.1402,46.22,93249
2026-09-10 18:04,46.225,46.24,46.18,46.24,37883
2026-09-10 18:05,46.24,46.29,46.22,46.24,51408
2026-09-10 18:06,46.2401,46.25,46.19,46.205,54378
2026-09-10 18:07,46.205,46.205,46.1399,46.17,38803
2026-09-10 18:08,46.175,46.23,46.16,46.23,42310
2026-09-10 18:09,46.23,46.33,46.225,46.295,53476
2026-09-10 18:10,46.3,46.36,46.29,46.33,66494
2026-09-10 18:11,46.32,46.32,46.24,46.275,48606
2026-09-10 18:12,46.28,46.32,46.25,46.25,25038
2026-09-10 18:13,46.25,46.26,46.2111,46.235,29303
2026-09-10 18:14,46.22,46.225,46.1999,46.205,33538
2026-09-10 18:15,46.22,46.31,46.22,46.27,53793
2026-09-10 18:16,46.269,46.29,46.21,46.2716,24880
2026-09-10 18:17,46.275,46.285,46.245,46.27,21626
2026-09-10 18:18,46.25,46.29,46.25,46.2799,20068
2026-09-10 18:19,46.255,46.265,46.2012,46.22,31073
2026-09-10 18:20,46.21,46.21,46.0901,46.115,58369
2026-09-10 18:21,46.11,46.155,46.08,46.15,30925
2026-09-10 18:22,46.1599,46.1599,46.08,46.125,34232
2026-09-10 18:23,46.135,46.2,46.12,46.19,26262
2026-09-10 18:24,46.19,46.23,46.18,46.2195,32035
2026-09-10 18:25,46.21,46.24,46.175,46.22,25836
2026-09-10 18:26,46.23,46.29,46.2,46.29,31407
2026-09-10 18:27,46.2862,46.29,46.2699,46.285,35255
2026-09-10 18:28,46.2986,46.3,46.22,46.231,50959
2026-09-10 18:29,46.225,46.27,46.22,46.26,28496
2026-09-10 18:30,46.26,46.31,46.26,46.2801,36173
2026-09-10 18:31,46.28,46.32,46.25,46.25,26680
2026-09-10 18:32,46.26,46.3,46.24,46.295,40243
2026-09-10 18:33,46.2901,46.315,46.275,46.315,27201
2026-09-10 18:34,46.305,46.3299,46.2301,46.24,31697
2026-09-10 18:35,46.24,46.305,46.23,46.25,22920
2026-09-10 18:36,46.27,46.27,46.24,46.265,30931
2026-09-10 18:37,46.26,46.28,46.22,46.24,33058
2026-09-10 18:38,46.2499,46.29,46.23,46.23,20137
2026-09-10 18:39,46.235,46.235,46.18,46.191,17939
2026-09-10 18:40,46.2,46.26,46.1905,46.24,63142
2026-09-10 18:41,46.25,46.285,46.231,46.28,19322
2026-09-10 18:42,46.28,46.295,46.26,46.27,17557
2026-09-10 18:43,46.2699,46.2891,46.235,46.255,11579
2026-09-10 18:44,46.259,46.259,46.22,46.24,27233
2026-09-10 18:45,46.24,46.28,46.21,46.25,41352
2026-09-10 18:46,46.2501,46.295,46.22,46.275,17288
2026-09-10 18:47,46.275,46.33,46.2695,46.3209,27973
2026-09-10 18:48,46.32,46.4,46.315,46.38,49456
2026-09-10 18:49,46.38,46.38,46.2,46.335,99344
2026-09-10 18:50,46.34,46.41,46.25,46.2701,52197
2026-09-10 18:51,46.27,46.29,46.095,46.1591,121570
2026-09-10 18:52,46.16,46.1909,46.083,46.12,75201
2026-09-10 18:53,46.111,46.16,46.08,46.095,57758
2026-09-10 18:54,46.09,46.2,46.06,46.19,38811
2026-09-10 18:55,46.19,46.2,46.15,46.15,34472
2026-09-10 18:56,46.16,46.16,46.1214,46.1577,20108
2026-09-10 18:57,46.16,46.2,46.135,46.1738,21346
2026-09-10 18:58,46.17,46.22,46.161,46.18,42649
2026-09-10 18:59,46.19,46.1989,46.12,46.14,30897
2026-09-10 19:00,46.15,46.19,46.05,46.125,90554
2026-09-10 19:01,46.121,46.265,46.09,46.265,44508
2026-09-10 19:02,46.26,46.2999,46.195,46.27,57112
2026-09-10 19:03,46.3,46.34,46.215,46.215,83296
2026-09-10 19:04,46.23,46.305,46.22,46.305,53939
2026-09-10 19:05,46.295,46.31,46.26,46.28,52594
2026-09-10 19:06,46.2614,46.38,46.26,46.3787,40448
2026-09-10 19:07,46.383,46.59,46.37,46.55,125744
2026-09-10 19:08,46.55,46.55,46.49,46.54,75035
2026-09-10 19:09,46.545,46.545,46.415,46.4314,125730
2026-09-10 19:10,46.45,46.54,46.3704,46.51,88993
2026-09-10 19:11,46.51,46.61,46.49,46.5591,75069
2026-09-10 19:12,46.565,46.565,46.52,46.54,56120
2026-09-10 19:13,46.54,46.55,46.46,46.55,46118
2026-09-10 19:14,46.545,46.555,46.47,46.488,71235
2026-09-10 19:15,46.48,46.485,46.36,46.44,73379
2026-09-10 19:16,46.43,46.4699,46.42,46.44,28562
2026-09-10 19:17,46.44,46.4789,46.4,46.47,26297
2026-09-10 19:18,46.48,46.54,46.445,46.445,49564
2026-09-10 19:19,46.455,46.4799,46.43,46.44,57972
2026-09-10 19:20,46.44,46.45,46.37,46.43,91395
2026-09-10 19:21,46.435,46.46,46.38,46.42,38040
2026-09-10 19:22,46.41,46.41,46.3699,46.3701,37830
2026-09-10 19:23,46.36,46.43,46.35,46.43,35024
2026-09-10 19:24,46.42,46.425,46.32,46.325,31429
2026-09-10 19:25,46.325,46.33,46.27,46.3,89672
2026-09-10 19:26,46.3099,46.31,46.23,46.25,32069
2026-09-10 19:27,46.245,46.248,46.22,46.22,20985
2026-09-10 19:28,46.225,46.2617,46.16,46.189,55215
2026-09-10 19:29,46.19,46.22,46.17,46.195,36780
2026-09-10 19:30,46.21,46.23,46.0913,46.1891,243849
2026-09-10 19:31,46.19,46.299,46.185,46.201,112449
2026-09-10 19:32,46.2011,46.26,46.15,46.2,40987
2026-09-10 19:33,46.21,46.22,46.16,46.17,35344
2026-09-10 19:34,46.16,46.1799,46.12,46.17,33815
2026-09-10 19:35,46.175,46.3,46.17,46.295,46388
2026-09-10 19:36,46.3,46.325,46.24,46.285,54931
2026-09-10 19:37,46.275,46.36,46.27,46.325,49589
2026-09-10 19:38,46.345,46.37,46.28,46.3,64780
2026-09-10 19:39,46.295,46.305,46.24,46.28,44046
2026-09-10 19:40,46.28,46.28,46.22,46.2499,34349
2026-09-10 19:41,46.25,46.28,46.215,46.26,35229
2026-09-10 19:42,46.26,46.265,46.215,46.2386,38792
2026-09-10 19:43,46.225,46.27,46.21,46.235,21288
2026-09-10 19:44,46.235,46.38,46.23,46.38,61663
2026-09-10 19:45,46.38,46.38,46.2614,46.27,76698
2026-09-10 19:46,46.28,46.325,46.26,46.2899,70803
2026-09-10 19:47,46.28,46.32,46.265,46.291,34840
2026-09-10 19:48,46.295,46.34,46.27,46.32,36368
2026-09-10 19:49,46.3201,46.325,46.285,46.32,45404
2026-09-10 19:50,46.33,46.56,46.31,46.5185,281346
2026-09-10 19:51,46.52,46.58,46.49,46.545,161587
2026-09-10 19:52,46.55,46.635,46.55,46.63,106671
2026-09-10 19:53,46.63,46.64,46.49,46.51,165796
2026-09-10 19:54,46.52,46.61,46.49,46.59,293987
2026-09-10 19:55,46.6,46.729,46.52,46.67,421651
2026-09-10 19:56,46.68,46.79,46.67,46.77,182052
2026-09-10 19:57,46.765,46.82,46.6701,46.7095,214238
2026-09-10 19:58,46.71,46.76,46.71,46.7499,138745
2026-09-10 19:59,46.74,46.8,46.72,46.78,395255
2026-09-11 13:30,44.69,45.38,44.66,45.12,1.33025e+07
2026-09-11 13:31,45.13,45.47,45.07,45.4,379537
2026-09-11 13:32,45.42,45.5,45.16,45.245,393794
2026-09-11 13:33,45.24,45.27,44.92,45.16,416352
2026-09-11 13:34,45.16,45.25,44.925,45.01,247214
2026-09-11 13:35,45,45.23,44.87,45.14,336814
2026-09-11 13:36,45.15,45.82,45.14,45.64,690649
2026-09-11 13:37,45.64,45.74,45.24,45.2867,406925
2026-09-11 13:38,45.27,45.52,44.95,44.9639,383848
2026-09-11 13:39,44.97,45.07,44.81,44.81,364164
2026-09-11 13:40,44.8,45.1499,44.67,44.7301,399507
2026-09-11 13:41,44.7222,44.813,44.3,44.33,617232
2026-09-11 13:42,44.34,44.46,44.25,44.3557,430435
2026-09-11 13:43,44.33,44.53,44.28,44.39,249760
2026-09-11 13:44,44.37,44.4,44.08,44.1438,395155
2026-09-11 13:45,44.1431,44.39,43.93,43.99,520944
2026-09-11 13:46,43.97,44.04,43.635,43.85,707008
2026-09-11 13:47,43.8538,43.97,43.77,43.8799,275351
2026-09-11 13:48,43.88,44.235,43.85,44.22,422926
2026-09-11 13:49,44.23,44.26,43.9,44.04,274116
2026-09-11 13:50,44.03,44.33,43.9711,44.3101,298607
2026-09-11 13:51,44.31,44.6,44.29,44.5001,489439
2026-09-11 13:52,44.52,44.84,44.47,44.7197,435053
2026-09-11 13:53,44.724,44.765,44.475,44.48,272881
2026-09-11 13:54,44.47,44.5452,44.35,44.385,214696
2026-09-11 13:55,44.38,44.56,44.3405,44.39,151079
2026-09-11 13:56,44.4,44.54,44.36,44.52,162076
2026-09-11 13:57,44.54,44.715,44.49,44.5101,271040
2026-09-11 13:58,44.51,44.538,44.35,44.37,213700
2026-09-11 13:59,44.36,44.405,44.19,44.1901,225652
2026-09-11 14:00,44.21,44.5,44.2001,44.34,215195
2026-09-11 14:01,44.35,44.7,44.21,44.67,327426
2026-09-11 14:02,44.6753,44.7599,44.58,44.58,199150
2026-09-11 14:03,44.58,44.9132,44.55,44.9,293469
2026-09-11 14:04,44.9,45.29,44.89,45.27,400726
2026-09-11 14:05,45.2601,45.28,44.9364,45.05,370194
2026-09-11 14:06,45.08,45.3,45.03,45.2899,291850
2026-09-11 14:07,45.2885,45.37,45.15,45.21,234628
2026-09-11 14:08,45.2,45.3382,45.12,45.28,178580
2026-09-11 14:09,45.3,45.385,45.01,45.01,134856
2026-09-11 14:10,45.01,45.0313,44.7,44.77,244157
2026-09-11 14:11,44.77,44.85,44.62,44.625,109589
2026-09-11 14:12,44.65,44.875,44.65,44.68,110083
2026-09-11 14:13,44.68,44.83,44.61,44.71,91036
2026-09-11 14:14,44.7099,44.77,44.54,44.576,144687
2026-09-11 14:15,44.56,44.59,44.37,44.47,241557
2026-09-11 14:16,44.47,44.63,44.42,44.6,257275
2026-09-11 14:17,44.61,44.7199,44.54,44.6271,188282
2026-09-11 14:18,44.65,44.7,44.32,44.3353,265334
2026-09-11 14:19,44.35,44.4,44.12,44.155,464953
2026-09-11 14:20,44.15,44.21,43.9813,44.015,378925
2026-09-11 14:21,44.0095,44.09,43.97,44.07,213612
2026-09-11 14:22,44.0799,44.26,44.06,44.09,233513
2026-09-11 14:23,44.085,44.175,44.07,44.15,142796
2026-09-11 14:24,44.15,44.26,44.0829,44.2099,104162
2026-09-11 14:25,44.205,44.21,44.0199,44.0422,184104
2026-09-11 14:26,44.0399,44.07,43.84,43.9,271014
2026-09-11 14:27,43.9,43.98,43.8101,43.9605,184287
2026-09-11 14:28,43.97,44.01,43.89,44.01,114299
2026-09-11 14:29,44,44.005,43.88,43.975,138270
2026-09-11 14:30,43.98,44.17,43.93,44.11,209047
2026-09-11 14:31,44.11,44.34,44.035,44.32,265425
2026-09-11 14:32,44.3009,44.33,44.25,44.27,222795
2026-09-11 14:33,44.252,44.35,44.11,44.17,192487
2026-09-11 14:34,44.18,44.23,44.15,44.19,82902
2026-09-11 14:35,44.2,44.3889,44.1899,44.34,220542
2026-09-11 14:36,44.345,44.49,44.3419,44.42,210009
2026-09-11 14:37,44.41,44.44,44.3106,44.43,103495
2026-09-11 14:38,44.44,44.6486,44.425,44.5799,323349
2026-09-11 14:39,44.5798,44.58,44.435,44.45,117423
2026-09-11 14:40,44.4504,44.465,44.3086,44.401,128145
2026-09-11 14:41,44.415,44.53,44.37,44.49,94411
2026-09-11 14:42,44.4999,44.5869,44.44,44.58,118506
2026-09-11 14:43,44.5716,44.8,44.555,44.8,401632
2026-09-11 14:44,44.7905,44.7984,44.55,44.6199,184688
2026-09-11 14:45,44.62,44.65,44.5,44.5011,86500
2026-09-11 14:46,44.51,44.815,44.51,44.795,122750
2026-09-11 14:47,44.79,44.8999,44.72,44.805,203573
2026-09-11 14:48,44.8,44.89,44.45,44.6195,259936
2026-09-11 14:49,44.6104,44.66,44.2301,44.2301,197908
2026-09-11 14:50,44.245,44.43,44.2305,44.3183,127485
2026-09-11 14:51,44.32,44.49,44.31,44.3699,153695
2026-09-11 14:52,44.3799,44.44,44.3,44.41,202837
2026-09-11 14:53,44.42,44.55,44.3931,44.49,136664
2026-09-11 14:54,44.5019,44.53,44.41,44.465,61560
2026-09-11 14:55,44.4673,44.585,44.45,44.54,64053
2026-09-11 14:56,44.532,44.59,44.49,44.5,61199
2026-09-11 14:57,44.51,44.53,44.33,44.34,78580
2026-09-11 14:58,44.3505,44.3699,44.25,44.2992,133766
2026-09-11 14:59,44.29,44.32,44.17,44.25,150651
2026-09-11 15:00,44.255,44.355,44.2141,44.2275,150005
2026-09-11 15:01,44.21,44.2988,44.205,44.21,112367
2026-09-11 15:02,44.205,44.27,44.165,44.165,128423
2026-09-11 15:03,44.165,44.3188,44.165,44.2,114348
2026-09-11 15:04,44.19,44.31,44.0701,44.0701,104295
2026-09-11 15:05,44.08,44.14,43.94,43.9599,288273
2026-09-11 15:06,43.96,43.989,43.85,43.895,228806
2026-09-11 15:07,43.89,44,43.87,43.9682,139294
2026-09-11 15:08,43.9646,44,43.89,43.98,147573
2026-09-11 15:09,43.98,44.02,43.905,43.9195,124365
2026-09-11 15:10,43.91,43.93,43.82,43.885,167593
2026-09-11 15:11,43.89,44.02,43.88,44.015,168641
2026-09-11 15:12,44.01,44.2,44.01,44.17,187690
2026-09-11 15:13,44.1799,44.35,44.1701,44.22,190419
2026-09-11 15:14,44.215,44.27,44.2,44.205,95705
2026-09-11 15:15,44.2,44.2,43.91,43.91,127241
2026-09-11 15:16,43.915,43.95,43.7299,43.7498,282658
2026-09-11 15:17,43.75,43.88,43.7451,43.835,180173
2026-09-11 15:18,43.84,43.8863,43.78,43.805,118419
2026-09-11 15:19,43.82,43.9,43.79,43.85,83231
2026-09-11 15:20,43.85,43.85,43.79,43.8399,124933
2026-09-11 15:21,43.8389,43.8601,43.73,43.75,115428
2026-09-11 15:22,43.7491,43.77,43.64,43.67,202673
2026-09-11 15:23,43.68,43.79,43.6701,43.775,105033
2026-09-11 15:24,43.765,43.781,43.5403,43.555,216658
2026-09-11 15:25,43.54,43.57,43.51,43.5601,233113
2026-09-11 15:26,43.56,43.56,43.41,43.425,243277
2026-09-11 15:27,43.43,43.43,43.33,43.33,180871
2026-09-11 15:28,43.34,43.45,43.33,43.43,293712
2026-09-11 15:29,43.42,43.4399,43.361,43.3884,131327
2026-09-11 15:30,43.3899,43.46,43.2702,43.275,274338
2026-09-11 15:31,43.275,43.33,43.2401,43.28,148826
2026-09-11 15:32,43.29,43.29,43.155,43.1999,176377
2026-09-11 15:33,43.1964,43.35,43.17,43.3399,202990
2026-09-11 15:34,43.33,43.34,43.1907,43.215,126605
2026-09-11 15:35,43.21,43.37,43.205,43.34,173117
2026-09-11 15:36,43.3301,43.42,43.3,43.405,142162
2026-09-11 15:37,43.41,43.48,43.351,43.47,134037
2026-09-11 15:38,43.47,43.54,43.46,43.5005,212914
2026-09-11 15:39,43.5,43.5184,43.39,43.4299,153059
2026-09-11 15:40,43.4,43.5469,43.4,43.52,137242
2026-09-11 15:41,43.52,43.6014,43.51,43.59,78175
2026-09-11 15:42,43.5901,43.6,43.55,43.5799,91918
2026-09-11 15:43,43.57,43.5799,43.45,43.46,98232
2026-09-11 15:44,43.46,43.48,43.43,43.45,76810
2026-09-11 15:45,43.455,43.54,43.445,43.5328,46462
2026-09-11 15:46,43.535,43.57,43.4305,43.435,68473
2026-09-11 15:47,43.43,43.46,43.395,43.42,58796
2026-09-11 15:48,43.425,43.455,43.4,43.4105,95780
2026-09-11 15:49,43.42,43.42,43.35,43.395,71488
2026-09-11 15:50,43.38,43.45,43.37,43.399,41334
2026-09-11 15:51,43.4,43.47,43.3999,43.445,52388
2026-09-11 15:52,43.445,43.576,43.445,43.56,83419
2026-09-11 15:53,43.56,43.69,43.55,43.6237,211350
2026-09-11 15:54,43.625,43.69,43.62,43.625,73769
2026-09-11 15:55,43.63,43.73,43.61,43.73,82453
2026-09-11 15:56,43.7296,43.73,43.6,43.63,103413
2026-09-11 15:57,43.63,43.63,43.53,43.59,73220
2026-09-11 15:58,43.58,43.58,43.4899,43.495,80862
2026-09-11 15:59,43.5,43.55,43.49,43.525,45494
2026-09-11 16:00,43.52,43.54,43.4709,43.505,49988
2026-09-11 16:01,43.505,43.51,43.38,43.4,77200
2026-09-11 16:02,43.403,43.44,43.3873,43.3899,73285
2026-09-11 16:03,43.38,43.5,43.37,43.5,68717
2026-09-11 16:04,43.49,43.5,43.37,43.385,70392
2026-09-11 16:05,43.37,43.42,43.35,43.38,85513
2026-09-11 16:06,43.37,43.3901,43.35,43.38,58358
2026-09-11 16:07,43.39,43.4795,43.39,43.47,60933
2026-09-11 16:08,43.49,43.51,43.45,43.5,47410
2026-09-11 16:09,43.5127,43.53,43.48,43.49,41826
2026-09-11 16:10,43.491,43.575,43.48,43.565,53404
2026-09-11 16:11,43.555,43.57,43.5302,43.55,59222
2026-09-11 16:12,43.56,43.63,43.56,43.605,84615
2026-09-11 16:13,43.62,43.6959,43.6113,43.6799,67354
2026-09-11 16:14,43.67,43.68,43.6,43.62,47365
2026-09-11 16:15,43.615,43.71,43.6,43.685,63450
2026-09-11 16:16,43.685,43.78,43.665,43.74,113306
2026-09-11 16:17,43.74,43.74,43.66,43.7099,77928
2026-09-11 16:18,43.69,43.77,43.6712,43.76,91609
2026-09-11 16:19,43.76,43.7898,43.7101,43.74,79027
2026-09-11 16:20,43.735,43.83,43.72,43.8209,107628
2026-09-11 16:21,43.83,43.85,43.7609,43.8488,100426
2026-09-11 16:22,43.845,43.94,43.845,43.9195,239163
2026-09-11 16:23,43.92,43.93,43.88,43.89,95866
2026-09-11 16:24,43.9,43.92,43.87,43.8799,58572
2026-09-11 16:25,43.88,43.89,43.82,43.88,119782
2026-09-11 16:26,43.89,43.9,43.78,43.8603,92003
2026-09-11 16:27,43.86,43.86,43.77,43.795,85001
2026-09-11 16:28,43.79,43.805,43.74,43.78,66853
2026-09-11 16:29,43.78,44.09,43.775,44.075,413658
2026-09-11 16:30,44.0596,44.085,43.885,43.89,152905
2026-09-11 16:31,43.9,43.975,43.8904,43.94,49486
2026-09-11 16:32,43.945,44.0299,43.88,43.92,107058
2026-09-11 16:33,43.92,43.92,43.755,43.755,86263
2026-09-11 16:34,43.7501,43.9,43.7501,43.9,63940
2026-09-11 16:35,43.93,44.01,43.9,44.005,83271
2026-09-11 16:36,43.995,44.08,43.945,44.07,105390
2026-09-11 16:37,44.07,44.0899,43.9789,43.9789,85548
2026-09-11 16:38,43.99,44.115,43.96,44.0401,133480
2026-09-11 16:39,44.04,44.165,44.03,44.1473,70138
2026-09-11 16:40,44.15,44.21,44.005,44.005,149010
2026-09-11 16:41,44.02,44.03,43.94,43.94,66039
2026-09-11 16:42,43.93,43.945,43.83,43.85,82593
2026-09-11 16:43,43.86,43.8801,43.77,43.8,100273
2026-09-11 16:44,43.7998,43.815,43.75,43.77,52001
2026-09-11 16:45,43.78,43.81,43.765,43.8,31680
2026-09-11 16:46,43.8,43.8561,43.78,43.8561,61255
2026-09-11 16:47,43.85,43.85,43.8,43.805,27870
2026-09-11 16:48,43.81,43.9272,43.79,43.92,41211
2026-09-11 16:49,43.925,43.955,43.91,43.9494,45081
2026-09-11 16:50,43.95,43.955,43.82,43.8791,42028
2026-09-11 16:51,43.87,43.88,43.755,43.755,37423
2026-09-11 16:52,43.755,43.785,43.7,43.72,81199
2026-09-11 16:53,43.72,43.7288,43.69,43.7,51591
2026-09-11 16:54,43.6898,43.7,43.63,43.6399,49241
2026-09-11 16:55,43.64,43.645,43.59,43.64,64197
2026-09-11 16:56,43.647,43.66,43.59,43.6301,80606
2026-09-11 16:57,43.64,43.66,43.595,43.6369,52694
2026-09-11 16:58,43.635,43.64,43.58,43.58,47588
2026-09-11 16:59,43.59,43.61,43.535,43.55,48555
2026-09-11 17:00,43.55,43.55,43.48,43.54,75425
2026-09-11 17:01,43.53,43.5491,43.4898,43.505,127863
2026-09-11 17:02,43.495,43.56,43.495,43.55,61303
2026-09-11 17:03,43.555,43.585,43.5197,43.535,47791
2026-09-11 17:04,43.535,43.57,43.519,43.55,20511
2026-09-11 17:05,43.55,43.56,43.5,43.515,59088
2026-09-11 17:06,43.51,43.52,43.46,43.485,80666
2026-09-11 17:07,43.49,43.495,43.37,43.47,314900
2026-09-11 17:08,43.475,43.5,43.425,43.4923,65636
2026-09-11 17:09,43.4986,43.53,43.455,43.46,58450
2026-09-11 17:10,43.4501,43.5299,43.4,43.5099,87552
2026-09-11 17:11,43.52,43.57,43.51,43.535,74310
2026-09-11 17:12,43.53,43.5464,43.49,43.535,43388
2026-09-11 17:13,43.54,43.6,43.54,43.57,53736
2026-09-11 17:14,43.57,43.665,43.57,43.665,61494
2026-09-11 17:15,43.655,43.66,43.605,43.605,30134
2026-09-11 17:16,43.6,43.63,43.58,43.6,30306
2026-09-11 17:17,43.59,43.6,43.5,43.505,77899
2026-09-11 17:18,43.505,43.55,43.48,43.52,62447
2026-09-11 17:19,43.5299,43.535,43.465,43.5,35852
2026-09-11 17:20,43.5,43.535,43.47,43.5286,24203
2026-09-11 17:21,43.5104,43.525,43.475,43.5199,34126
2026-09-11 17:22,43.52,43.5237,43.485,43.485,38157
2026-09-11 17:23,43.485,43.485,43.4032,43.415,74819
2026-09-11 17:24,43.42,43.42,43.3801,43.3897,73896
2026-09-11 17:25,43.385,43.44,43.345,43.43,76463
2026-09-11 17:26,43.424,43.425,43.36,43.38,43637
2026-09-11 17:27,43.39,43.425,43.3407,43.4195,53982
2026-09-11 17:28,43.42,43.43,43.38,43.38,41578
2026-09-11 17:29,43.395,43.4,43.3611,43.39,38587
2026-09-11 17:30,43.385,43.405,43.36,43.3795,61943
2026-09-11 17:31,43.38,43.385,43.31,43.3307,69740
2026-09-11 17:32,43.3305,43.45,43.3304,43.45,87940
2026-09-11 17:33,43.45,43.4595,43.41,43.4399,70435
2026-09-11 17:34,43.435,43.45,43.39,43.42,50658
2026-09-11 17:35,43.4,43.41,43.32,43.37,46979
2026-09-11 17:36,43.36,43.36,43.31,43.325,42883
2026-09-11 17:37,43.325,43.345,43.29,43.2986,90418
2026-09-11 17:38,43.295,43.37,43.29,43.29,104867
2026-09-11 17:39,43.285,43.32,43.27,43.295,50282
2026-09-11 17:40,43.3,43.305,43.2,43.225,147845
2026-09-11 17:41,43.22,43.3299,43.22,43.267,85554
2026-09-11 17:42,43.25,43.275,43.24,43.26,47911
2026-09-11 17:43,43.26,43.265,43.1893,43.205,103570
2026-09-11 17:44,43.21,43.29,43.21,43.26,46945
2026-09-11 17:45,43.25,43.255,43.215,43.23,57933
2026-09-11 17:46,43.24,43.255,43.21,43.2201,32464
2026-09-11 17:47,43.22,43.27,43.2101,43.265,55915
2026-09-11 17:48,43.27,43.315,43.26,43.3,46565
2026-09-11 17:49,43.3,43.3,43.21,43.245,80910
2026-09-11 17:50,43.23,43.25,43.205,43.2204,48465
2026-09-11 17:51,43.22,43.24,43.215,43.22,27575
2026-09-11 17:52,43.22,43.23,43.15,43.16,98584
2026-09-11 17:53,43.16,43.2005,43.1205,43.145,59885
2026-09-11 17:54,43.145,43.23,43.145,43.22,55931
2026-09-11 17:55,43.21,43.2399,43.21,43.22,105436
2026-09-11 17:56,43.23,43.29,43.23,43.2701,75086
2026-09-11 17:57,43.27,43.32,43.27,43.31,59676
2026-09-11 17:58,43.32,43.365,43.31,43.365,73691
2026-09-11 17:59,43.36,43.375,43.33,43.3495,59263
2026-09-11 18:00,43.3459,43.3951,43.33,43.3901,67099
2026-09-11 18:01,43.395,43.44,43.37,43.39,89310
2026-09-11 18:02,43.3923,43.44,43.38,43.435,32508
2026-09-11 18:03,43.435,43.4363,43.375,43.395,82234
2026-09-11 18:04,43.4,43.42,43.39,43.41,23832
2026-09-11 18:05,43.41,43.46,43.4038,43.4304,104768
2026-09-11 18:06,43.435,43.4569,43.39,43.3901,34108
2026-09-11 18:07,43.3905,43.44,43.36,43.3605,47093
2026-09-11 18:08,43.365,43.39,43.35,43.37,74292
2026-09-11 18:09,43.365,43.39,43.32,43.39,41354
2026-09-11 18:10,43.38,43.4288,43.375,43.42,45096
2026-09-11 18:11,43.415,43.5,43.41,43.4909,105283
2026-09-11 18:12,43.495,43.4988,43.43,43.46,42674
2026-09-11 18:13,43.46,43.5063,43.46,43.4899,75650
2026-09-11 18:14,43.49,43.52,43.475,43.496,45240
2026-09-11 18:15,43.495,43.54,43.48,43.4899,63372
2026-09-11 18:16,43.485,43.51,43.45,43.4786,60829
2026-09-11 18:17,43.475,43.48,43.4402,43.456,40740
2026-09-11 18:18,43.455,43.48,43.4403,43.4501,33782
2026-09-11 18:19,43.46,43.47,43.43,43.455,53966
2026-09-11 18:20,43.45,43.59,43.425,43.5601,211868
2026-09-11 18:21,43.56,43.61,43.55,43.57,94596
2026-09-11 18:22,43.58,43.6,43.5651,43.59,34168
2026-09-11 18:23,43.5963,43.645,43.56,43.635,47145
2026-09-11 18:24,43.635,43.66,43.5997,43.5997,53192
2026-09-11 18:25,43.585,43.59,43.52,43.555,66107
2026-09-11 18:26,43.55,43.585,43.5,43.585,42753
2026-09-11 18:27,43.585,43.615,43.533,43.57,57715
2026-09-11 18:28,43.57,43.61,43.52,43.535,49348
2026-09-11 18:29,43.5259,43.54,43.51,43.5297,20571
2026-09-11 18:30,43.53,43.5601,43.45,43.56,65409
2026-09-11 18:31,43.57,43.57,43.52,43.5699,33056
2026-09-11 18:32,43.57,43.6099,43.561,43.6099,18781
2026-09-11 18:33,43.6,43.61,43.4701,43.4701,33397
2026-09-11 18:34,43.47,43.475,43.37,43.3988,104059
2026-09-11 18:35,43.395,43.45,43.3902,43.42,53173
2026-09-11 18:36,43.43,43.4499,43.38,43.39,52342
2026-09-11 18:37,43.3801,43.4899,43.38,43.485,59423
2026-09-11 18:38,43.49,43.53,43.48,43.5,37265
2026-09-11 18:39,43.5,43.505,43.47,43.48,49784
2026-09-11 18:40,43.4799,43.48,43.4412,43.475,32080
2026-09-11 18:41,43.485,43.495,43.465,43.47,22134
2026-09-11 18:42,43.465,43.5,43.43,43.495,42818
2026-09-11 18:43,43.5089,43.54,43.49,43.525,39528
2026-09-11 18:44,43.525,43.5594,43.5141,43.525,51269
2026-09-11 18:45,43.5299,43.535,43.49,43.535,24149
2026-09-11 18:46,43.53,43.555,43.505,43.535,28338
2026-09-11 18:47,43.5299,43.5299,43.48,43.515,43295
2026-09-11 18:48,43.52,43.585,43.495,43.5735,41997
2026-09-11 18:49,43.58,43.625,43.58,43.62,74756
2026-09-11 18:50,43.625,43.625,43.5809,43.6,30561
2026-09-11 18:51,43.601,43.65,43.601,43.6499,85057
2026-09-11 18:52,43.6401,43.71,43.635,43.7099,66572
2026-09-11 18:53,43.7001,43.71,43.67,43.69,52208
2026-09-11 18:54,43.69,43.75,43.68,43.7401,71989
2026-09-11 18:55,43.745,43.745,43.64,43.65,66771
2026-09-11 18:56,43.65,43.67,43.54,43.56,80616
2026-09-11 18:57,43.555,43.6301,43.555,43.6204,44585
2026-09-11 18:58,43.635,43.6664,43.5937,43.6099,63291
2026-09-11 18:59,43.61,43.715,43.61,43.69,40169
2026-09-11 19:00,43.69,43.78,43.68,43.755,88700
2026-09-11 19:01,43.7509,43.82,43.74,43.82,57996
2026-09-11 19:02,43.825,43.94,43.825,43.875,150193
2026-09-11 19:03,43.8701,43.94,43.85,43.92,94199
2026-09-11 19:04,43.915,43.975,43.9,43.955,119658
2026-09-11 19:05,43.955,43.965,43.86,43.8998,91635
2026-09-11 19:06,43.89,43.9598,43.89,43.955,53007
2026-09-11 19:07,43.9551,43.985,43.94,43.94,118061
2026-09-11 19:08,43.945,43.975,43.93,43.965,53329
2026-09-11 19:09,43.965,44.015,43.93,43.99,130196
2026-09-11 19:10,43.99,44.0188,43.95,44.0084,75504
2026-09-11 19:11,44.01,44.09,44.005,44.01,169426
2026-09-11 19:12,44.0099,44.08,43.9912,44.0605,67641
2026-09-11 19:13,44.065,44.13,44.05,44.091,104568
2026-09-11 19:14,44.09,44.145,44.05,44.1,110055
2026-09-11 19:15,44.1094,44.11,44.02,44.075,85168
2026-09-11 19:16,44.0725,44.09,44.02,44.09,57304
2026-09-11 19:17,44.0901,44.1,43.99,44.025,138173
2026-09-11 19:18,44.03,44.04,43.9937,44.01,46859
2026-09-11 19:19,44.01,44.0701,43.97,44.06,75839
2026-09-11 19:20,44.05,44.0899,44.05,44.08,31345
2026-09-11 19:21,44.07,44.1,44.0495,44.0502,47363
2026-09-11 19:22,44.05,44.13,44.04,44.1201,34889
2026-09-11 19:23,44.125,44.22,44.125,44.1401,122572
2026-09-11 19:24,44.1402,44.1689,44.11,44.1199,70721
2026-09-11 19:25,44.12,44.17,44.1,44.12,74855
2026-09-11 19:26,44.12,44.125,44.05,44.05,82360
2026-09-11 19:27,44.05,44.165,44.05,44.14,49339
2026-09-11 19:28,44.1384,44.2451,44.1384,44.24,81793
2026-09-11 19:29,44.245,44.2716,44.21,44.23,121351
2026-09-11 19:30,44.22,44.29,44.2,44.23,324414
2026-09-11 19:31,44.24,44.265,44.13,44.16,110461
2026-09-11 19:32,44.1697,44.22,44.1697,44.215,59920
2026-09-11 19:33,44.22,44.24,44.19,44.19,51984
2026-09-11 19:34,44.2,44.215,44.1899,44.2,78185
2026-09-11 19:35,44.2,44.316,44.2,44.275,189103
2026-09-11 19:36,44.28,44.295,44.21,44.23,65215
2026-09-11 19:37,44.235,44.245,44.195,44.24,53591
2026-09-11 19:38,44.24,44.28,44.23,44.27,31764
2026-09-11 19:39,44.285,44.285,44.235,44.235,34275
2026-09-11 19:40,44.24,44.25,44.17,44.2,112180
2026-09-11 19:41,44.205,44.245,44.16,44.18,123711
2026-09-11 19:42,44.1607,44.245,44.16,44.18,56408
2026-09-11 19:43,44.175,44.22,44.16,44.21,53609
2026-09-11 19:44,44.2098,44.22,44.18,44.18,29408
2026-09-11 19:45,44.19,44.19,44.09,44.12,105634
2026-09-11 19:46,44.12,44.235,44.095,44.235,88198
2026-09-11 19:47,44.24,44.28,44.2101,44.25,78109
2026-09-11 19:48,44.25,44.275,44.22,44.25,70544
2026-09-11 19:49,44.265,44.2799,44.19,44.215,52341
2026-09-11 19:50,44.22,44.34,44.07,44.0901,262502
2026-09-11 19:51,44.095,44.215,44.095,44.2,80798
2026-09-11 19:52,44.2,44.2397,44.1416,44.2177,110729
2026-09-11 19:53,44.23,44.275,44.165,44.22,152732
2026-09-11 19:54,44.215,44.215,44.075,44.1799,194661
2026-09-11 19:55,44.18,44.38,44.18,44.21,396458
2026-09-11 19:56,44.22,44.29,44.195,44.195,104766
2026-09-11 19:57,44.19,44.2,44.13,44.16,151716
2026-09-11 19:58,44.16,44.215,44.15,44.19,130056
2026-09-11 19:59,44.2,44.21,44.115,44.165,372685
2026-09-14 13:30,51.61,51.89,51.43,51.8699,1.75121e+07
2026-09-14 13:31,51.85,52.07,51.33,52.03,945801
2026-09-14 13:32,52.04,52.07,51.6401,51.69,366039
2026-09-14 13:33,51.7,52.03,51.56,52.03,378851
2026-09-14 13:34,52.02,52.13,51.825,52.09,286340
2026-09-14 13:35,52.1,52.19,51.93,52.14,389577
2026-09-14 13:36,52.15,52.19,51.92,52.15,290020
2026-09-14 13:37,52.135,52.17,51.95,52.05,241825
2026-09-14 13:38,52.04,52.17,51.9037,52.12,243295
2026-09-14 13:39,52.11,52.16,52.02,52.14,140564
2026-09-14 13:40,52.15,52.22,51.93,52.11,373828
2026-09-14 13:41,52.08,52.15,51.8,51.83,236375
2026-09-14 13:42,51.822,52.05,51.76,51.8341,228885
2026-09-14 13:43,51.82,51.86,51.515,51.54,331426
2026-09-14 13:44,51.54,51.54,51.3,51.34,493507
2026-09-14 13:45,51.35,51.4,51.04,51.11,440682
2026-09-14 13:46,51.11,51.13,50.7,50.71,507250
2026-09-14 13:47,50.71,50.92,50.612,50.855,527776
2026-09-14 13:48,50.86,50.89,50.472,50.48,311685
2026-09-14 13:49,50.48,50.56,50.3425,50.47,485052
2026-09-14 13:50,50.47,50.75,50.4,50.7,423116
2026-09-14 13:51,50.7,51.23,50.7,51.2086,464887
2026-09-14 13:52,51.2,51.32,51.07,51.1428,480480
2026-09-14 13:53,51.14,51.29,50.936,50.97,343309
2026-09-14 13:54,50.965,51.13,50.88,51.125,172854
2026-09-14 13:55,51.135,51.2399,50.91,51.2,185732
2026-09-14 13:56,51.185,51.23,51.0675,51.095,175864
2026-09-14 13:57,51.11,51.3388,51.11,51.25,177174
2026-09-14 13:58,51.24,51.38,51.105,51.2474,290742
2026-09-14 13:59,51.23,51.3799,51.17,51.26,154295
2026-09-14 14:00,51.2878,51.3,51.135,51.195,203590
2026-09-14 14:01,51.17,51.18,50.87,50.91,365926
2026-09-14 14:02,50.92,51.28,50.91,51.275,972496
2026-09-14 14:03,51.28,51.31,51.09,51.23,312324
2026-09-14 14:04,51.24,51.28,51.09,51.14,245313
2026-09-14 14:05,51.13,51.17,51.03,51.08,171769
2026-09-14 14:06,51.08,51.09,50.775,50.85,163134
2026-09-14 14:07,50.8499,50.86,50.7295,50.78,194726
2026-09-14 14:08,50.77,50.77,50.64,50.6903,254974
2026-09-14 14:09,50.6998,50.7814,50.62,50.6601,176963
2026-09-14 14:10,50.66,50.66,50.345,50.45,337855
2026-09-14 14:11,50.47,50.47,50.272,50.36,264293
2026-09-14 14:12,50.37,50.42,50.21,50.385,243887
2026-09-14 14:13,50.3801,50.64,50.35,50.54,218824
2026-09-14 14:14,50.52,50.565,50.41,50.5601,119163
2026-09-14 14:15,50.55,50.55,50.35,50.42,141837
2026-09-14 14:16,50.415,50.65,50.41,50.58,208495
2026-09-14 14:17,50.6,50.77,50.5187,50.745,134762
2026-09-14 14:18,50.7599,50.8133,50.68,50.79,108667
2026-09-14 14:19,50.7999,50.7999,50.57,50.585,145050
2026-09-14 14:20,50.6001,50.79,50.59,50.73,109663
2026-09-14 14:21,50.75,50.97,50.73,50.8875,204471
2026-09-14 14:22,50.895,51.06,50.895,51.025,232887
2026-09-14 14:23,51.011,51.1099,50.9399,50.945,298709
2026-09-14 14:24,50.95,51.035,50.79,50.8691,106009
2026-09-14 14:25,50.87,50.915,50.755,50.9,134232
2026-09-14 14:26,50.9,51.0599,50.88,51.03,112066
2026-09-14 14:27,51.035,51.08,50.92,50.93,80440
2026-09-14 14:28,50.93,51.06,50.92,51.02,109645
2026-09-14 14:29,51.0101,51.16,51.01,51.02,126416
2026-09-14 14:30,51.0323,51.055,50.86,51,111617
2026-09-14 14:31,50.99,51,50.88,50.9105,173155
2026-09-14 14:32,50.91,51.1,50.905,51.01,103208
2026-09-14 14:33,51.02,51.222,51.019,51.1699,112341
2026-09-14 14:34,51.16,51.16,50.98,51.02,103211
2026-09-14 14:35,51.03,51.3888,51.025,51.3712,198539
2026-09-14 14:36,51.38,51.495,51.32,51.4595,158609
2026-09-14 14:37,51.44,51.5499,51.415,51.49,318017
2026-09-14 14:38,51.49,51.6891,51.48,51.6041,165498
2026-09-14 14:39,51.61,51.63,51.53,51.55,108638
2026-09-14 14:40,51.5608,51.58,51.44,51.47,102811
2026-09-14 14:41,51.49,51.6475,51.4414,51.625,71088
2026-09-14 14:42,51.635,51.635,51.525,51.59,68960
2026-09-14 14:43,51.5901,51.665,51.5497,51.5843,72302
2026-09-14 14:44,51.62,51.62,51.41,51.42,85940
2026-09-14 14:45,51.43,51.4596,51.28,51.2802,101372
2026-09-14 14:46,51.27,51.4792,51.27,51.46,94122
2026-09-14 14:47,51.45,51.6362,51.43,51.58,96711
2026-09-14 14:48,51.57,51.655,51.49,51.63,84867
2026-09-14 14:49,51.62,51.67,51.56,51.57,87926
2026-09-14 14:50,51.59,51.82,51.57,51.715,194358
2026-09-14 14:51,51.72,51.73,51.54,51.635,89406
2026-09-14 14:52,51.6404,51.88,51.6404,51.855,134159
2026-09-14 14:53,51.84,51.89,51.7872,51.87,76161
2026-09-14 14:54,51.875,51.91,51.84,51.865,95696
2026-09-14 14:55,51.8785,51.9,51.79,51.815,70091
2026-09-14 14:56,51.83,51.9295,51.7901,51.7901,120892
2026-09-14 14:57,51.8,51.85,51.68,51.71,77944
2026-09-14 14:58,51.71,51.79,51.71,51.7296,46452
2026-09-14 14:59,51.72,51.8,51.71,51.74,48796
2026-09-14 15:00,51.74,51.79,51.68,51.69,60373
2026-09-14 15:01,51.69,51.81,51.675,51.72,98380
2026-09-14 15:02,51.71,51.825,51.6,51.825,102108
2026-09-14 15:03,51.8263,51.89,51.77,51.81,129059
2026-09-14 15:04,51.81,51.99,51.8,51.96,143991
2026-09-14 15:05,51.97,51.97,51.4501,51.5803,459971
2026-09-14 15:06,51.59,51.59,51.26,51.53,432652
2026-09-14 15:07,51.51,51.84,51.5,51.73,181644
2026-09-14 15:08,51.74,51.959,51.73,51.8,97587
2026-09-14 15:09,51.81,51.92,51.8,51.8906,79184
2026-09-14 15:10,51.89,51.94,51.79,51.82,54971
2026-09-14 15:11,51.82,51.95,51.82,51.93,70931
2026-09-14 15:12,51.93,51.95,51.8775,51.9399,50531
2026-09-14 15:13,51.915,51.955,51.8711,51.8984,46729
2026-09-14 15:14,51.9,52,51.872,52,156937
2026-09-14 15:15,52,52.03,51.7701,51.782,109141
2026-09-14 15:16,51.78,51.87,51.7101,51.72,57082
2026-09-14 15:17,51.71,51.74,51.64,51.69,56867
2026-09-14 15:18,51.68,51.7,51.58,51.639,49026
2026-09-14 15:19,51.65,51.6704,51.625,51.66,61519
2026-09-14 15:20,51.6601,51.665,51.57,51.64,53759
2026-09-14 15:21,51.64,51.7,51.6206,51.6658,35011
2026-09-14 15:22,51.6512,51.77,51.62,51.77,60707
2026-09-14 15:23,51.765,51.765,51.63,51.63,70041
2026-09-14 15:24,51.62,51.63,51.48,51.53,76242
2026-09-14 15:25,51.53,51.55,51.45,51.505,152923
2026-09-14 15:26,51.51,51.55,51.45,51.48,65144
2026-09-14 15:27,51.48,51.48,51.41,51.44,74332
2026-09-14 15:28,51.43,51.4301,51.33,51.38,92354
2026-09-14 15:29,51.37,51.41,51.36,51.41,38830
2026-09-14 15:30,51.4,51.4,51.285,51.3,90862
2026-09-14 15:31,51.3,51.4276,51.3,51.39,58335
2026-09-14 15:32,51.39,51.415,50.96,51.01,477111
2026-09-14 15:33,51,51.18,50.89,50.89,178539
2026-09-14 15:34,50.88,50.9069,50.75,50.82,203329
2026-09-14 15:35,50.8055,50.988,50.78,50.988,143247
2026-09-14 15:36,50.97,51.02,50.905,51.005,145036
2026-09-14 15:37,51,51,50.725,50.75,118501
2026-09-14 15:38,50.75,50.8399,50.74,50.77,121522
2026-09-14 15:39,50.77,50.87,50.76,50.81,60325
2026-09-14 15:40,50.825,50.87,50.63,50.755,194279
2026-09-14 15:41,50.77,50.82,50.535,50.62,126385
2026-09-14 15:42,50.63,50.7401,50.57,50.73,74103
2026-09-14 15:43,50.7199,50.76,50.63,50.705,100499
2026-09-14 15:44,50.71,50.715,50.63,50.685,75854
2026-09-14 15:45,50.67,50.78,50.67,50.77,81872
2026-09-14 15:46,50.77,50.92,50.77,50.88,150230
2026-09-14 15:47,50.865,50.97,50.85,50.94,135597
2026-09-14 15:48,50.9372,50.97,50.89,50.9101,101710
2026-09-14 15:49,50.93,51,50.91,50.9835,68659
2026-09-14 15:50,50.99,51.07,50.93,51.02,113646
2026-09-14 15:51,51.0199,51.08,50.94,50.96,84930
2026-09-14 15:52,50.95,50.95,50.87,50.9404,79806
2026-09-14 15:53,50.955,51.04,50.93,50.9398,47589
2026-09-14 15:54,50.945,51.0601,50.93,50.975,43312
2026-09-14 15:55,50.98,51.04,50.97,50.9731,41215
2026-09-14 15:56,50.985,51.055,50.985,50.985,63391
2026-09-14 15:57,50.99,51.0101,50.93,50.98,48513
2026-09-14 15:58,50.97,51.01,50.9,50.98,36050
2026-09-14 15:59,51.0105,51.075,50.97,50.98,73794
2026-09-14 16:00,51.005,51.21,50.96,51.205,90493
2026-09-14 16:01,51.2,51.22,51.16,51.2099,90405
2026-09-14 16:02,51.21,51.23,51.1811,51.215,59219
2026-09-14 16:03,51.22,51.24,51.1601,51.235,58092
2026-09-14 16:04,51.2402,51.315,51.23,51.31,61544
2026-09-14 16:05,51.32,51.3599,51.29,51.295,77778
2026-09-14 16:06,51.2993,51.34,51.245,51.34,54163
2026-09-14 16:07,51.3403,51.39,51.27,51.3605,42540
2026-09-14 16:08,51.38,51.44,51.3714,51.44,56421
2026-09-14 16:09,51.445,51.51,51.44,51.495,101856
2026-09-14 16:10,51.49,51.505,51.3606,51.38,63876
2026-09-14 16:11,51.39,51.43,51.3305,51.3305,81041
2026-09-14 16:12,51.34,51.37,51.31,51.335,38504
2026-09-14 16:13,51.325,51.419,51.325,51.39,33714
2026-09-14 16:14,51.38,51.4201,51.37,51.39,20719
2026-09-14 16:15,51.38,51.385,50.94,51,336231
2026-09-14 16:16,51.01,51.04,50.93,50.9303,104392
2026-09-14 16:17,50.93,50.93,50.77,50.78,85680
2026-09-14 16:18,50.78,50.905,50.76,50.8707,92631
2026-09-14 16:19,50.89,50.915,50.775,50.829,63974
2026-09-14 16:20,50.82,50.92,50.785,50.87,57554
2026-09-14 16:21,50.87,50.99,50.86,50.975,66561
2026-09-14 16:22,50.97,51.0101,50.9024,50.975,62324
2026-09-14 16:23,50.99,50.995,50.7405,50.745,60858
2026-09-14 16:24,50.73,50.82,50.715,50.8076,48884
2026-09-14 16:25,50.8,50.91,50.77,50.89,60410
2026-09-14 16:26,50.895,51,50.89,50.925,53420
2026-09-14 16:27,50.95,51.045,50.94,50.98,48776
2026-09-14 16:28,50.97,51.0224,50.96,51.015,18195
2026-09-14 16:29,51.0199,51.0199,50.96,50.99,18783
2026-09-14 16:30,51.02,51.055,50.9799,51.055,37667
2026-09-14 16:31,51.05,51.115,50.96,51.1,129884
2026-09-14 16:32,51.09,51.09,50.99,51.05,31918
2026-09-14 16:33,51.0597,51.07,50.98,51.02,28145
2026-09-14 16:34,51.01,51.0801,50.9603,51.075,58746
2026-09-14 16:35,51.08,51.18,51.07,51.1599,71701
2026-09-14 16:36,51.1602,51.175,51.1,51.135,33528
2026-09-14 16:37,51.1302,51.15,51.05,51.1001,42459
2026-09-14 16:38,51.1006,51.125,51.04,51.04,26074
2026-09-14 16:39,51.04,51.05,51.01,51.05,33142
2026-09-14 16:40,51.07,51.155,51.07,51.12,42449
2026-09-14 16:41,51.13,51.19,51.09,51.15,33130
2026-09-14 16:42,51.14,51.14,51.01,51.01,24703
2026-09-14 16:43,51.0001,51.04,50.905,50.9492,55340
2026-09-14 16:44,50.93,50.96,50.78,50.78,61487
2026-09-14 16:45,50.79,50.885,50.76,50.805,62348
2026-09-14 16:46,50.79,50.8695,50.77,50.85,64271
2026-09-14 16:47,50.8503,50.855,50.66,50.71,171216
2026-09-14 16:48,50.72,50.74,50.4501,50.519,178807
2026-09-14 16:49,50.51,50.66,50.49,50.6424,94806
2026-09-14 16:50,50.65,50.73,50.56,50.6414,111672
2026-09-14 16:51,50.63,50.63,50.49,50.52,55427
2026-09-14 16:52,50.525,50.63,50.525,50.5525,49751
2026-09-14 16:53,50.56,50.6554,50.55,50.6481,73237
2026-09-14 16:54,50.6498,50.7399,50.62,50.73,66056
2026-09-14 16:55,50.725,50.75,50.655,50.67,49313
2026-09-14 16:56,50.67,50.71,50.65,50.65,51803
2026-09-14 16:57,50.65,50.745,50.63,50.745,34298
2026-09-14 16:58,50.74,50.83,50.725,50.825,38109
2026-09-14 16:59,50.83,50.8399,50.71,50.711,46168
2026-09-14 17:00,50.71,50.73,50.62,50.6302,61379
2026-09-14 17:01,50.64,50.79,50.64,50.73,73164
2026-09-14 17:02,50.73,50.733,50.635,50.7163,19627
2026-09-14 17:03,50.7,50.84,50.6829,50.785,56631
2026-09-14 17:04,50.79,50.7979,50.7308,50.76,31837
2026-09-14 17:05,50.7589,50.78,50.7499,50.7662,19617
2026-09-14 17:06,50.7699,50.7699,50.68,50.725,42949
2026-09-14 17:07,50.7253,50.78,50.7253,50.76,32803
2026-09-14 17:08,50.7613,50.8201,50.7311,50.769,44231
2026-09-14 17:09,50.77,50.795,50.69,50.725,13567
2026-09-14 17:10,50.73,50.74,50.67,50.72,32604
2026-09-14 17:11,50.72,50.72,50.62,50.64,45862
2026-09-14 17:12,50.65,50.65,50.53,50.6,70001
2026-09-14 17:13,50.6,50.6993,50.5715,50.69,41840
2026-09-14 17:14,50.69,50.7388,50.675,50.73,42418
2026-09-14 17:15,50.73,50.76,50.7,50.72,34204
2026-09-14 17:16,50.74,50.77,50.7,50.731,30826
2026-09-14 17:17,50.7301,50.82,50.7,50.8116,76569
2026-09-14 17:18,50.81,50.96,50.81,50.895,101275
2026-09-14 17:19,50.89,50.9,50.845,50.87,38630
2026-09-14 17:20,50.8599,50.86,50.755,50.77,28849
2026-09-14 17:21,50.78,50.87,50.7784,50.84,37857
2026-09-14 17:22,50.8407,50.8407,50.8,50.815,17839
2026-09-14 17:23,50.82,50.84,50.79,50.81,11219
2026-09-14 17:24,50.8101,50.82,50.77,50.795,21718
2026-09-14 17:25,50.79,50.875,50.76,50.8701,29395
2026-09-14 17:26,50.87,50.92,50.86,50.86,27726
2026-09-14 17:27,50.88,50.89,50.845,50.85,27484
2026-09-14 17:28,50.865,50.87,50.81,50.815,31169
2026-09-14 17:29,50.81,50.8205,50.75,50.76,27992
2026-09-14 17:30,50.75,50.8488,50.75,50.795,39673
2026-09-14 17:31,50.78,50.865,50.78,50.8489,25907
2026-09-14 17:32,50.82,50.83,50.7401,50.75,31009
2026-09-14 17:33,50.75,50.86,50.75,50.805,52126
2026-09-14 17:34,50.82,50.87,50.81,50.83,20860
2026-09-14 17:35,50.82,50.915,50.81,50.895,41296
2026-09-14 17:36,50.8886,50.905,50.865,50.89,40955
2026-09-14 17:37,50.88,50.92,50.88,50.9,21121
2026-09-14 17:38,50.9,50.9,50.84,50.88,33021
2026-09-14 17:39,50.875,50.89,50.785,50.7915,22554
2026-09-14 17:40,50.79,50.85,50.79,50.79,18109
2026-09-14 17:41,50.7801,50.85,50.765,50.84,40234
2026-09-14 17:42,50.84,50.85,50.8,50.8491,13124
2026-09-14 17:43,50.85,50.8541,50.79,50.81,18848
2026-09-14 17:44,50.79,50.8,50.7601,50.77,16619
2026-09-14 17:45,50.75,50.75,50.675,50.675,33041
2026-09-14 17:46,50.6796,50.72,50.65,50.705,40496
2026-09-14 17:47,50.71,50.7188,50.69,50.715,17850
2026-09-14 17:48,50.7189,50.74,50.695,50.73,18101
2026-09-14 17:49,50.73,50.77,50.7,50.71,30639
2026-09-14 17:50,50.71,50.7302,50.69,50.715,23638
2026-09-14 17:51,50.72,50.72,50.64,50.67,24567
2026-09-14 17:52,50.66,50.67,50.62,50.6337,29584
2026-09-14 17:53,50.64,50.665,50.602,50.615,33777
2026-09-14 17:54,50.615,50.64,50.59,50.6301,32396
2026-09-14 17:55,50.635,50.64,50.5541,50.5699,23553
2026-09-14 17:56,50.5701,50.58,50.52,50.535,69491
2026-09-14 17:57,50.54,50.6165,50.525,50.6,27272
2026-09-14 17:58,50.6,50.61,50.56,50.58,15425
2026-09-14 17:59,50.58,50.62,50.57,50.62,17693
2026-09-14 18:00,50.6097,50.6188,50.43,50.515,128692
2026-09-14 18:01,50.52,50.6997,50.4941,50.66,81062
2026-09-14 18:02,50.655,50.655,50.605,50.64,29574
2026-09-14 18:03,50.64,50.6935,50.62,50.69,40593
2026-09-14 18:04,50.69,50.7,50.64,50.645,28239
2026-09-14 18:05,50.65,50.7199,50.62,50.62,27952
2026-09-14 18:06,50.63,50.64,50.56,50.6,43037
2026-09-14 18:07,50.62,50.65,50.57,50.585,31053
2026-09-14 18:08,50.58,50.625,50.55,50.57,35256
2026-09-14 18:09,50.57,50.6003,50.565,50.6003,20000
2026-09-14 18:10,50.6,50.665,50.6,50.65,29326
2026-09-14 18:11,50.65,50.69,50.635,50.6701,31314
2026-09-14 18:12,50.68,50.68,50.62,50.65,28277
2026-09-14 18:13,50.6599,50.67,50.6475,50.6499,9794
2026-09-14 18:14,50.645,50.645,50.55,50.57,36537
2026-09-14 18:15,50.565,50.58,50.4816,50.49,61786
2026-09-14 18:16,50.49,50.545,50.49,50.52,25716
2026-09-14 18:17,50.51,50.55,50.4903,50.5493,39156
2026-09-14 18:18,50.55,50.56,50.515,50.515,19173
2026-09-14 18:19,50.515,50.54,50.51,50.5162,18689
2026-09-14 18:20,50.53,50.53,50.46,50.515,41812
2026-09-14 18:21,50.515,50.59,50.49,50.575,39068
2026-09-14 18:22,50.575,50.64,50.555,50.6389,51161
2026-09-14 18:23,50.6399,50.6399,50.58,50.58,38672
2026-09-14 18:24,50.5716,50.585,50.5302,50.57,32086
2026-09-14 18:25,50.58,50.5995,50.5407,50.59,51165
2026-09-14 18:26,50.59,50.62,50.58,50.615,27292
2026-09-14 18:27,50.6198,50.72,50.605,50.68,50692
2026-09-14 18:28,50.7,50.7295,50.685,50.7,39444
2026-09-14 18:29,50.7,50.7088,50.644,50.68,27782
2026-09-14 18:30,50.68,50.6999,50.63,50.64,32205
2026-09-14 18:31,50.631,50.66,50.625,50.63,30964
2026-09-14 18:32,50.625,50.64,50.61,50.63,35974
2026-09-14 18:33,50.63,50.64,50.6,50.6208,39238
2026-09-14 18:34,50.61,50.62,50.53,50.565,86755
2026-09-14 18:35,50.57,50.5763,50.515,50.55,28162
2026-09-14 18:36,50.5516,50.58,50.525,50.55,23005
2026-09-14 18:37,50.55,50.5704,50.5,50.525,11800
2026-09-14 18:38,50.5311,50.5499,50.52,50.545,17226
2026-09-14 18:39,50.55,50.55,50.53,50.54,10193
2026-09-14 18:40,50.55,50.59,50.535,50.535,24827
2026-09-14 18:41,50.53,50.545,50.49,50.4906,19260
2026-09-14 18:42,50.49,50.505,50.4504,50.455,37333
2026-09-14 18:43,50.451,50.451,50.37,50.395,67036
2026-09-14 18:44,50.3985,50.45,50.39,50.43,73193
2026-09-14 18:45,50.43,50.4699,50.38,50.43,25794
2026-09-14 18:46,50.42,50.53,50.39,50.525,84522
2026-09-14 18:47,50.515,50.55,50.48,50.49,84606
2026-09-14 18:48,50.49,50.54,50.485,50.5,26941
2026-09-14 18:49,50.49,50.525,50.42,50.4299,36162
2026-09-14 18:50,50.43,50.47,50.36,50.455,45535
2026-09-14 18:51,50.455,50.47,50.43,50.445,43672
2026-09-14 18:52,50.45,50.45,50.38,50.39,15424
2026-09-14 18:53,50.4,50.41,50.34,50.345,95337
2026-09-14 18:54,50.3498,50.3705,50.335,50.3599,50249
2026-09-14 18:55,50.36,50.41,50.3599,50.3799,43098
2026-09-14 18:56,50.375,50.38,50.3101,50.3499,40359
2026-09-14 18:57,50.33,50.34,50.28,50.34,42714
2026-09-14 18:58,50.34,50.41,50.33,50.375,40983
2026-09-14 18:59,50.3694,50.3694,50.2911,50.31,33285
2026-09-14 19:00,50.3,50.33,50.2601,50.295,34408
2026-09-14 19:01,50.29,50.3,50.205,50.25,107913
2026-09-14 19:02,50.235,50.29,50.235,50.29,89156
2026-09-14 19:03,50.285,50.32,50.27,50.319,42539
2026-09-14 19:04,50.31,50.3401,50.2703,50.2901,86337
2026-09-14 19:05,50.3,50.47,50.26,50.45,104809
2026-09-14 19:06,50.445,50.545,50.4299,50.54,95152
2026-09-14 19:07,50.5315,50.575,50.4799,50.575,120269
2026-09-14 19:08,50.57,50.62,50.535,50.535,105823
2026-09-14 19:09,50.535,50.54,50.42,50.495,98017
2026-09-14 19:10,50.49,50.5299,50.46,50.505,56266
2026-09-14 19:11,50.51,50.55,50.4802,50.52,29459
2026-09-14 19:12,50.525,50.6001,50.49,50.5915,48865
2026-09-14 19:13,50.5991,50.77,50.5601,50.7662,85878
2026-09-14 19:14,50.765,50.775,50.64,50.7,79139
2026-09-14 19:15,50.7012,50.82,50.7,50.777,79379
2026-09-14 19:16,50.765,50.81,50.74,50.77,39756
2026-09-14 19:17,50.755,50.785,50.7299,50.785,42501
2026-09-14 19:18,50.78,50.84,50.77,50.83,49241
2026-09-14 19:19,50.82,50.8265,50.71,50.715,75900
2026-09-14 19:20,50.71,50.78,50.69,50.76,68236
2026-09-14 19:21,50.75,50.84,50.75,50.8,58372
2026-09-14 19:22,50.8,50.875,50.785,50.865,37942
2026-09-14 19:23,50.865,50.88,50.8301,50.845,86451
2026-09-14 19:24,50.85,50.86,50.78,50.785,52789
2026-09-14 19:25,50.78,50.791,50.73,50.7787,89141
2026-09-14 19:26,50.7701,50.775,50.72,50.7627,44609
2026-09-14 19:27,50.78,50.8,50.7641,50.775,22100
2026-09-14 19:28,50.78,50.795,50.75,50.76,19791
2026-09-14 19:29,50.76,50.8999,50.73,50.875,73550
2026-09-14 19:30,50.88,51,50.7906,50.99,647876
2026-09-14 19:31,50.99,51.045,50.9336,51.02,332793
2026-09-14 19:32,51.02,51.13,50.99,51.0801,95084
2026-09-14 19:33,51.085,51.19,51.07,51.19,182839
2026-09-14 19:34,51.175,51.175,51.09,51.1105,87412
2026-09-14 19:35,51.1,51.3,51.1,51.2901,258288
2026-09-14 19:36,51.3,51.32,51.2102,51.305,198756
2026-09-14 19:37,51.3088,51.31,51.235,51.255,133488
2026-09-14 19:38,51.255,51.305,51.255,51.3,129571
2026-09-14 19:39,51.295,51.38,51.2699,51.33,86373
2026-09-14 19:40,51.335,51.335,51.24,51.27,63476
2026-09-14 19:41,51.26,51.29,51.2,51.24,73512
2026-09-14 19:42,51.23,51.27,51.1837,51.27,60124
2026-09-14 19:43,51.26,51.2963,51.215,51.2963,64827
2026-09-14 19:44,51.27,51.29,51.195,51.23,59389
2026-09-14 19:45,51.24,51.3563,51.2362,51.2981,139835
2026-09-14 19:46,51.305,51.3502,51.29,51.3288,78326
2026-09-14 19:47,51.32,51.325,51.2512,51.26,42704
2026-09-14 19:48,51.265,51.2999,51.25,51.275,62654
2026-09-14 19:49,51.27,51.275,51.1641,51.2,73046
2026-09-14 19:50,51.21,51.53,51.21,51.525,631047
2026-09-14 19:51,51.525,51.525,51.46,51.46,69032
2026-09-14 19:52,51.455,51.5277,51.41,51.485,134100
2026-09-14 19:53,51.48,51.5676,51.44,51.5005,549390
2026-09-14 19:54,51.5,51.5,51.34,51.3684,192158
2026-09-14 19:55,51.3601,51.685,51.3601,51.675,1.00736e+06
2026-09-14 19:56,51.68,51.75,51.67,51.705,168212
2026-09-14 19:57,51.71,51.7799,51.57,51.615,149703
2026-09-14 19:58,51.615,51.6697,51.56,51.57,278258
2026-09-14 19:59,51.565,51.76,51.5601,51.75,670780
2026-09-15 13:30,49.87,50.43,49.8,50.1724,8.9308e+06
2026-09-15 13:31,50.18,50.44,49.727,49.78,254638
2026-09-15 13:32,49.73,50.03,49.64,49.64,290533
2026-09-15 13:33,49.64,49.7,49.31,49.61,510945
2026-09-15 13:34,49.62,49.855,49.59,49.8298,235161
2026-09-15 13:35,49.81,50.07,49.7,50.03,394614
2026-09-15 13:36,50.02,50.4,49.87,50.315,340539
2026-09-15 13:37,50.3,50.5,50.16,50.41,248232
2026-09-15 13:38,50.4299,50.62,50.3201,50.365,435010
2026-09-15 13:39,50.35,50.55,50.24,50.54,242461
2026-09-15 13:40,50.55,50.71,50.225,50.3001,435545
2026-09-15 13:41,50.2978,50.325,50.09,50.2001,264557
2026-09-15 13:42,50.2,50.22,49.94,50.16,193879
2026-09-15 13:43,50.16,50.27,50.01,50.06,145295
2026-09-15 13:44,50.07,50.22,50.03,50.04,84207
2026-09-15 13:45,50.0401,50.16,49.72,49.87,191172
2026-09-15 13:46,49.8693,49.8693,49.67,49.7299,209681
2026-09-15 13:47,49.7298,49.99,49.71,49.87,230907
2026-09-15 13:48,49.87,49.8899,49.73,49.8108,164185
2026-09-15 13:49,49.81,50.04,49.81,49.885,160417
2026-09-15 13:50,49.9091,50.08,49.85,49.955,152127
2026-09-15 13:51,49.98,49.9857,49.8,49.84,102033
2026-09-15 13:52,49.8674,49.92,49.6,49.65,191396
2026-09-15 13:53,49.67,49.78,49.55,49.55,198168
2026-09-15 13:54,49.545,49.68,49.51,49.6,234570
2026-09-15 13:55,49.59,49.67,49.41,49.44,316096
2026-09-15 13:56,49.44,49.71,49.4301,49.6095,135203
2026-09-15 13:57,49.595,49.6299,49.48,49.54,74278
2026-09-15 13:58,49.53,49.605,49.51,49.58,147977
2026-09-15 13:59,49.56,49.72,49.55,49.65,268498
2026-09-15 14:00,49.66,49.72,49.26,49.3091,597866
2026-09-15 14:01,49.32,49.53,49.3028,49.36,144458
2026-09-15 14:02,49.365,49.395,49.28,49.3619,197118
2026-09-15 14:03,49.3501,49.69,49.35,49.68,157479
2026-09-15 14:04,49.69,49.7,49.51,49.55,133717
2026-09-15 14:05,49.53,49.6,49.4,49.46,150773
2026-09-15 14:06,49.4722,49.48,49.28,49.47,153703
2026-09-15 14:07,49.46,49.6,49.46,49.505,126016
2026-09-15 14:08,49.51,49.5829,49.48,49.53,69691
2026-09-15 14:09,49.52,49.71,49.5,49.63,201861
2026-09-15 14:10,49.6372,49.875,49.6372,49.8523,441007
2026-09-15 14:11,49.8419,50.075,49.8419,49.98,421110
2026-09-15 14:12,49.985,50.18,49.98,50.075,325636
2026-09-15 14:13,50.0728,50.15,49.975,50.1414,282355
2026-09-15 14:14,50.1587,50.25,50.04,50.1199,258699
2026-09-15 14:15,50.1098,50.14,49.93,49.98,143856
2026-09-15 14:16,49.985,50.08,49.902,50.02,164817
2026-09-15 14:17,50.01,50.085,49.97,49.9899,204739
2026-09-15 14:18,49.99,50.08,49.935,50,96062
2026-09-15 14:19,49.995,50.01,49.835,49.915,109298
2026-09-15 14:20,49.93,50.005,49.851,49.93,148324
2026-09-15 14:21,49.95,50.085,49.895,50.085,91230
2026-09-15 14:22,50.09,50.32,50.09,50.3,294188
2026-09-15 14:23,50.29,50.46,50.29,50.34,286207
2026-09-15 14:24,50.34,50.341,50.03,50.105,151159
2026-09-15 14:25,50.0901,50.2399,50.06,50.2,206032
2026-09-15 14:26,50.2,50.25,50.1401,50.205,137646
2026-09-15 14:27,50.215,50.285,50.19,50.24,108885
2026-09-15 14:28,50.24,50.24,50.0285,50.044,65278
2026-09-15 14:29,50.04,50.16,50.04,50.15,89704
2026-09-15 14:30,50.15,50.21,50.09,50.21,59153
2026-09-15 14:31,50.21,50.2597,49.89,49.9201,249332
2026-09-15 14:32,49.931,50.19,49.931,50.1101,110631
2026-09-15 14:33,50.12,50.25,50.06,50.2,226630
2026-09-15 14:34,50.21,50.37,50.21,50.3301,134885
2026-09-15 14:35,50.3307,50.42,50.3,50.4,235316
2026-09-15 14:36,50.4014,50.4999,50.3501,50.39,147279
2026-09-15 14:37,50.38,50.525,50.32,50.45,151235
2026-09-15 14:38,50.45,50.69,50.45,50.68,139481
2026-09-15 14:39,50.67,50.7792,50.61,50.67,162715
2026-09-15 14:40,50.68,50.87,50.66,50.865,214324
2026-09-15 14:41,50.86,50.92,50.76,50.9108,127983
2026-09-15 14:42,50.919,50.919,50.62,50.71,138925
2026-09-15 14:43,50.7197,50.785,50.66,50.78,111569
2026-09-15 14:44,50.775,50.775,50.48,50.481,245042
2026-09-15 14:45,50.48,50.57,50.45,50.495,99742
2026-09-15 14:46,50.49,50.51,50.25,50.2903,112896
2026-09-15 14:47,50.29,50.4799,50.285,50.41,95986
2026-09-15 14:48,50.41,50.59,50.41,50.575,89801
2026-09-15 14:49,50.57,50.78,50.555,50.77,121324
2026-09-15 14:50,50.79,50.98,50.79,50.93,219494
2026-09-15 14:51,50.9,51.275,50.85,51.26,474294
2026-09-15 14:52,51.2588,51.31,51.17,51.1999,306881
2026-09-15 14:53,51.19,51.41,51.19,51.255,208454
2026-09-15 14:54,51.26,51.2999,51.052,51.071,208381
2026-09-15 14:55,51.07,51.22,51.07,51.16,214097
2026-09-15 14:56,51.153,51.26,51.125,51.13,77802
2026-09-15 14:57,51.13,51.15,50.98,50.9902,150542
2026-09-15 14:58,51,51.1377,50.9914,51.0376,143569
2026-09-15 14:59,51.03,51.135,51.015,51.09,36106
2026-09-15 15:00,51.1,51.11,50.89,51.03,224509
2026-09-15 15:01,51.035,51.13,50.89,50.9,114221
2026-09-15 15:02,50.9099,51.17,50.89,51.15,81446
2026-09-15 15:03,51.16,51.22,50.95,50.95,69634
2026-09-15 15:04,50.96,50.985,50.775,50.775,109638
2026-09-15 15:05,50.78,50.82,50.73,50.77,88209
2026-09-15 15:06,50.785,50.93,50.77,50.9036,66826
2026-09-15 15:07,50.895,50.92,50.8099,50.8099,86720
2026-09-15 15:08,50.81,50.92,50.81,50.9197,31760
2026-09-15 15:09,50.91,51.0893,50.85,51.04,222203
2026-09-15 15:10,51.05,51.19,50.9717,51.155,191683
2026-09-15 15:11,51.145,51.2498,51.13,51.165,148829
2026-09-15 15:12,51.17,51.2386,51.0702,51.105,103627
2026-09-15 15:13,51.1,51.33,51.08,51.29,174334
2026-09-15 15:14,51.29,51.29,51.042,51.06,73699
2026-09-15 15:15,51.085,51.11,50.99,51.0287,51536
2026-09-15 15:16,51.0199,51.09,50.9,50.96,71854
2026-09-15 15:17,50.96,50.975,50.9,50.9002,70142
2026-09-15 15:18,50.91,50.99,50.9,50.98,62362
2026-09-15 15:19,50.9611,51.05,50.9262,50.99,40020
2026-09-15 15:20,50.9701,51.055,50.96,51.03,39719
2026-09-15 15:21,51,51.0999,51,51.054,66535
2026-09-15 15:22,51.065,51.07,50.89,50.93,52207
2026-09-15 15:23,50.93,50.93,50.7412,50.7601,161353
2026-09-15 15:24,50.77,50.89,50.77,50.89,45253
2026-09-15 15:25,50.885,50.8938,50.74,50.7409,54956
2026-09-15 15:26,50.745,50.8298,50.72,50.725,66834
2026-09-15 15:27,50.73,50.735,50.535,50.535,100676
2026-09-15 15:28,50.5304,50.7,50.5304,50.655,68221
2026-09-15 15:29,50.66,50.73,50.61,50.63,71572
2026-09-15 15:30,50.63,50.7384,50.63,50.71,46453
2026-09-15 15:31,50.7,50.86,50.7,50.8399,60234
2026-09-15 15:32,50.8451,50.955,50.82,50.9399,79897
2026-09-15 15:33,50.935,50.95,50.83,50.92,46963
2026-09-15 15:34,50.91,50.97,50.83,50.83,49563
2026-09-15 15:35,50.82,50.93,50.82,50.9,39508
2026-09-15 15:36,50.9098,50.9099,50.77,50.79,79581
2026-09-15 15:37,50.8,50.93,50.8,50.89,42276
2026-09-15 15:38,50.89,50.9218,50.825,50.85,31945
2026-09-15 15:39,50.8601,50.98,50.85,50.975,27974
2026-09-15 15:40,50.9899,51.0218,50.91,50.92,48705
2026-09-15 15:41,50.91,50.9899,50.86,50.93,58091
2026-09-15 15:42,50.94,50.9699,50.9,50.945,25764
2026-09-15 15:43,50.93,50.975,50.85,50.87,42729
2026-09-15 15:44,50.89,50.975,50.8893,50.975,34062
2026-09-15 15:45,50.97,51.01,50.9499,50.98,33038
2026-09-15 15:46,50.9701,51.115,50.9701,51.05,49363
2026-09-15 15:47,51.01,51.15,51.01,51.15,21574
2026-09-15 15:48,51.1489,51.1514,51.07,51.13,54895
2026-09-15 15:49,51.15,51.2,51.12,51.13,30225
2026-09-15 15:50,51.12,51.12,50.7946,50.94,148178
2026-09-15 15:51,50.95,51.0899,50.95,51.0776,49642
2026-09-15 15:52,51.08,51.0989,50.9776,51.075,40414
2026-09-15 15:53,51.09,51.09,51.01,51.08,29057
2026-09-15 15:54,51.06,51.1299,51.06,51.11,22572
2026-09-15 15:55,51.1,51.1699,50.99,51,75383
2026-09-15 15:56,51.02,51.18,51.01,51.1599,90057
2026-09-15 15:57,51.13,51.1899,51.11,51.18,28541
2026-09-15 15:58,51.1782,51.405,51.1782,51.405,93781
2026-09-15 15:59,51.395,51.49,51.38,51.49,59723
2026-09-15 16:00,51.49,51.5,51.37,51.37,127933
2026-09-15 16:01,51.365,51.3914,51.28,51.32,66070
2026-09-15 16:02,51.3296,51.34,51.23,51.26,29300
2026-09-15 16:03,51.25,51.4379,51.25,51.4,57288
2026-09-15 16:04,51.39,51.46,51.3605,51.3699,34756
2026-09-15 16:05,51.38,51.4596,51.35,51.41,23887
2026-09-15 16:06,51.4,51.4,51.31,51.35,30113
2026-09-15 16:07,51.36,51.4199,51.35,51.375,27760
2026-09-15 16:08,51.4,51.505,51.36,51.495,85439
2026-09-15 16:09,51.495,51.65,51.47,51.6198,142743
2026-09-15 16:10,51.6,51.628,51.58,51.61,70196
2026-09-15 16:11,51.605,51.72,51.605,51.6986,74067
2026-09-15 16:12,51.7,51.71,51.6401,51.6699,48322
2026-09-15 16:13,51.67,51.71,51.5901,51.5989,44961
2026-09-15 16:14,51.61,51.65,51.6,51.65,42710
2026-09-15 16:15,51.65,51.67,51.54,51.55,38582
2026-09-15 16:16,51.55,51.5579,51.48,51.51,58955
2026-09-15 16:17,51.51,51.55,51.47,51.485,29173
2026-09-15 16:18,51.49,51.4914,51.4,51.4,38909
2026-09-15 16:19,51.41,51.44,51.37,51.39,46249
2026-09-15 16:20,51.39,51.4,51.31,51.38,41706
2026-09-15 16:21,51.3895,51.4,51.305,51.31,33897
2026-09-15 16:22,51.31,51.31,51.24,51.28,45051
2026-09-15 16:23,51.2879,51.31,51.18,51.205,41498
2026-09-15 16:24,51.2199,51.27,51.18,51.2475,40161
2026-09-15 16:25,51.2499,51.3,51.2,51.295,26003
2026-09-15 16:26,51.3,51.3495,51.25,51.33,36163
2026-09-15 16:27,51.34,51.34,51.28,51.3,21356
2026-09-15 16:28,51.3,51.31,51.24,51.29,23753
2026-09-15 16:29,51.29,51.395,51.28,51.345,40768
2026-09-15 16:30,51.3599,51.605,51.3528,51.5764,70339
2026-09-15 16:31,51.57,51.61,51.5,51.5,69101
2026-09-15 16:32,51.495,51.528,51.48,51.48,77802
2026-09-15 16:33,51.5,51.56,51.485,51.525,38047
2026-09-15 16:34,51.525,51.55,51.47,51.515,79121
2026-09-15 16:35,51.5101,51.59,51.5,51.525,37332
2026-09-15 16:36,51.53,51.555,51.44,51.515,35283
2026-09-15 16:37,51.515,51.57,51.5102,51.54,16532
2026-09-15 16:38,51.55,51.59,51.5101,51.59,23707
2026-09-15 16:39,51.59,51.621,51.525,51.525,64468
2026-09-15 16:40,51.53,51.5501,51.45,51.5315,71982
2026-09-15 16:41,51.54,51.55,51.4228,51.4228,21756
2026-09-15 16:42,51.43,51.45,51.37,51.405,27090
2026-09-15 16:43,51.41,51.4499,51.405,51.405,22831
2026-09-15 16:44,51.4101,51.45,51.385,51.4096,20521
2026-09-15 16:45,51.404,51.41,51.315,51.32,35262
2026-09-15 16:46,51.32,51.38,51.29,51.3702,36009
2026-09-15 16:47,51.37,51.4276,51.36,51.41,19631
2026-09-15 16:48,51.435,51.53,51.42,51.53,33902
2026-09-15 16:49,51.53,51.545,51.43,51.4301,38224
2026-09-15 16:50,51.425,51.45,51.395,51.395,12772
2026-09-15 16:51,51.38,51.3999,51.3301,51.39,30469
2026-09-15 16:52,51.39,51.4,51.25,51.272,30300
2026-09-15 16:53,51.27,51.3021,51.27,51.29,20491
2026-09-15 16:54,51.2997,51.31,51.24,51.31,32501
2026-09-15 16:55,51.3,51.33,51.29,51.32,31926
2026-09-15 16:56,51.33,51.4518,51.33,51.4499,32187
2026-09-15 16:57,51.45,51.51,51.45,51.51,22813
2026-09-15 16:58,51.51,51.56,51.485,51.5301,72852
2026-09-15 16:59,51.5401,51.5707,51.53,51.53,19715
2026-09-15 17:00,51.54,51.595,51.53,51.585,38096
2026-09-15 17:01,51.57,51.57,51.4728,51.4728,25625
2026-09-15 17:02,51.4899,51.59,51.48,51.55,33149
2026-09-15 17:03,51.575,51.635,51.57,51.63,83766
2026-09-15 17:04,51.625,51.73,51.57,51.73,79490
2026-09-15 17:05,51.73,51.77,51.7184,51.76,77599
2026-09-15 17:06,51.76,51.8,51.66,51.7003,49945
2026-09-15 17:07,51.7001,51.7055,51.6,51.64,31422
2026-09-15 17:08,51.63,51.67,51.6,51.62,37481
2026-09-15 17:09,51.625,51.72,51.625,51.7,31220
2026-09-15 17:10,51.7,51.7,51.61,51.615,22602
2026-09-15 17:11,51.6,51.62,51.58,51.595,57625
2026-09-15 17:12,51.58,51.64,51.56,51.63,35864
2026-09-15 17:13,51.645,51.6451,51.59,51.61,24019
2026-09-15 17:14,51.58,51.6693,51.5424,51.6655,15581
2026-09-15 17:15,51.6595,51.6595,51.61,51.63,18033
2026-09-15 17:16,51.64,51.6499,51.57,51.57,13470
2026-09-15 17:17,51.565,51.61,51.56,51.61,12273
2026-09-15 17:18,51.61,51.622,51.555,51.583,17876
2026-09-15 17:19,51.59,51.59,51.51,51.51,21883
2026-09-15 17:20,51.5001,51.53,51.42,51.44,45298
2026-09-15 17:21,51.44,51.54,51.44,51.53,21677
2026-09-15 17:22,51.535,51.58,51.51,51.54,13903
2026-09-15 17:23,51.54,51.56,51.46,51.48,41127
2026-09-15 17:24,51.4801,51.625,51.4801,51.62,33184
2026-09-15 17:25,51.615,51.62,51.5201,51.58,30252
2026-09-15 17:26,51.57,51.57,51.47,51.49,21175
2026-09-15 17:27,51.51,51.515,51.47,51.495,21528
2026-09-15 17:28,51.49,51.51,51.46,51.4851,16578
2026-09-15 17:29,51.4885,51.5089,51.43,51.43,22894
2026-09-15 17:30,51.44,51.4591,51.37,51.4591,73189
2026-09-15 17:31,51.45,51.47,51.39,51.47,40525
2026-09-15 17:32,51.45,51.47,51.38,51.39,20931
2026-09-15 17:33,51.38,51.42,51.341,51.36,25020
2026-09-15 17:34,51.365,51.5,51.3649,51.5,27556
2026-09-15 17:35,51.49,51.52,51.445,51.47,18320
2026-09-15 17:36,51.47,51.5,51.43,51.44,9325
2026-09-15 17:37,51.45,51.48,51.4286,51.4399,11470
2026-09-15 17:38,51.45,51.55,51.45,51.5098,18817
2026-09-15 17:39,51.52,51.59,51.5101,51.565,33179
2026-09-15 17:40,51.57,51.59,51.53,51.55,16721
2026-09-15 17:41,51.55,51.648,51.55,51.635,47197
2026-09-15 17:42,51.64,51.6969,51.62,51.6898,58501
2026-09-15 17:43,51.68,51.76,51.6301,51.6301,74687
2026-09-15 17:44,51.6368,51.65,51.61,51.6423,26667
2026-09-15 17:45,51.64,51.6474,51.58,51.59,19729
2026-09-15 17:46,51.585,51.6,51.5301,51.5728,22059
2026-09-15 17:47,51.5899,51.59,51.54,51.57,8651
2026-09-15 17:48,51.57,51.61,51.56,51.59,11608
2026-09-15 17:49,51.61,51.61,51.5631,51.57,19655
2026-09-15 17:50,51.5999,51.6,51.54,51.56,7381
2026-09-15 17:51,51.545,51.545,51.43,51.47,39289
2026-09-15 17:52,51.4849,51.5,51.4299,51.4299,23101
2026-09-15 17:53,51.44,51.455,51.3577,51.3577,22463
2026-09-15 17:54,51.3501,51.425,51.35,51.36,39031
2026-09-15 17:55,51.34,51.41,51.3301,51.3471,37103
2026-09-15 17:56,51.3477,51.3498,51.2701,51.275,27873
2026-09-15 17:57,51.28,51.3099,51.25,51.29,40204
2026-09-15 17:58,51.295,51.35,51.29,51.29,32467
2026-09-15 17:59,51.29,51.3025,51.25,51.27,25450
2026-09-15 18:00,51.2629,51.37,51.24,51.3199,57034
2026-09-15 18:01,51.32,51.33,51.23,51.248,23125
2026-09-15 18:02,51.275,51.28,51.21,51.22,26446
2026-09-15 18:03,51.22,51.27,51.19,51.26,25792
2026-09-15 18:04,51.262,51.28,51.22,51.23,30512
2026-09-15 18:05,51.2288,51.29,51.21,51.25,39636
2026-09-15 18:06,51.245,51.2668,51.165,51.1801,79726
2026-09-15 18:07,51.2,51.2,51.125,51.14,57718
2026-09-15 18:08,51.14,51.1501,51.1,51.1098,44404
2026-09-15 18:09,51.11,51.14,51.0929,51.13,37559
2026-09-15 18:10,51.13,51.2,51.125,51.1999,37633
2026-09-15 18:11,51.2,51.2,51.12,51.17,44009
2026-09-15 18:12,51.17,51.185,51.1399,51.15,18139
2026-09-15 18:13,51.14,51.22,51.14,51.22,44095
2026-09-15 18:14,51.2241,51.27,51.19,51.2503,29250
2026-09-15 18:15,51.2412,51.2899,51.21,51.271,22007
2026-09-15 18:16,51.29,51.385,51.285,51.335,26162
2026-09-15 18:17,51.34,51.38,51.33,51.35,49924
2026-09-15 18:18,51.33,51.3679,51.31,51.3679,13129
2026-09-15 18:19,51.36,51.38,51.345,51.35,17474
2026-09-15 18:20,51.35,51.35,51.28,51.29,24033
2026-09-15 18:21,51.29,51.31,51.28,51.28,7594
2026-09-15 18:22,51.28,51.28,51.2309,51.245,10201
2026-09-15 18:23,51.25,51.29,51.25,51.25,8761
2026-09-15 18:24,51.259,51.27,51.21,51.24,38017
2026-09-15 18:25,51.2427,51.25,51.2,51.2001,15541
2026-09-15 18:26,51.1987,51.23,51.1987,51.21,12050
2026-09-15 18:27,51.21,51.24,51.21,51.24,11306
2026-09-15 18:28,51.22,51.22,51.11,51.11,33971
2026-09-15 18:29,51.117,51.17,51.11,51.17,17880
2026-09-15 18:30,51.17,51.24,51.17,51.23,12233
2026-09-15 18:31,51.23,51.2899,51.22,51.25,14688
2026-09-15 18:32,51.27,51.35,51.27,51.35,12823
2026-09-15 18:33,51.355,51.3779,51.3101,51.35,17064
2026-09-15 18:34,51.3572,51.41,51.34,51.385,19390
2026-09-15 18:35,51.38,51.385,51.321,51.381,20318
2026-09-15 18:36,51.385,51.48,51.3814,51.4687,57432
2026-09-15 18:37,51.47,51.59,51.47,51.51,55210
2026-09-15 18:38,51.5101,51.56,51.5101,51.53,24199
2026-09-15 18:39,51.52,51.54,51.43,51.43,55127
2026-09-15 18:40,51.4483,51.56,51.44,51.55,40306
2026-09-15 18:41,51.54,51.54,51.38,51.435,68273
2026-09-15 18:42,51.43,51.56,51.42,51.555,33249
2026-09-15 18:43,51.571,51.59,51.539,51.59,26464
2026-09-15 18:44,51.595,51.6,51.5,51.5299,18356
2026-09-15 18:45,51.5205,51.58,51.51,51.53,23392
2026-09-15 18:46,51.54,51.57,51.53,51.57,14395
2026-09-15 18:47,51.58,51.6,51.52,51.56,22346
2026-09-15 18:48,51.57,51.63,51.56,51.63,23739
2026-09-15 18:49,51.62,51.67,51.62,51.63,62468
2026-09-15 18:50,51.6,51.63,51.5886,51.62,25574
2026-09-15 18:51,51.6301,51.65,51.5981,51.63,16593
2026-09-15 18:52,51.62,51.65,51.59,51.64,14389
2026-09-15 18:53,51.6422,51.65,51.541,51.6,28243
2026-09-15 18:54,51.6001,51.6001,51.49,51.49,38226
2026-09-15 18:55,51.5,51.5238,51.42,51.47,41726
2026-09-15 18:56,51.471,51.4998,51.41,51.4101,19808
2026-09-15 18:57,51.4104,51.4887,51.39,51.4887,39060
2026-09-15 18:58,51.49,51.505,51.42,51.42,14389
2026-09-15 18:59,51.4313,51.44,51.3739,51.39,14188
2026-09-15 19:00,51.38,51.38,51.2901,51.345,44880
2026-09-15 19:01,51.34,51.45,51.33,51.45,22989
2026-09-15 19:02,51.44,51.4695,51.4106,51.43,22818
2026-09-15 19:03,51.43,51.44,51.4,51.42,12652
2026-09-15 19:04,51.3968,51.4,51.325,51.3889,13328
2026-09-15 19:05,51.38,51.4,51.35,51.36,13323
2026-09-15 19:06,51.3772,51.3772,51.31,51.31,11837
2026-09-15 19:07,51.305,51.35,51.305,51.33,9158
2026-09-15 19:08,51.33,51.335,51.235,51.2638,49831
2026-09-15 19:09,51.255,51.315,51.2403,51.245,49208
2026-09-15 19:10,51.245,51.2799,51.2237,51.23,38606
2026-09-15 19:11,51.23,51.26,51.205,51.21,64115
2026-09-15 19:12,51.2128,51.33,51.2128,51.315,51698
2026-09-15 19:13,51.315,51.3301,51.295,51.325,43447
2026-09-15 19:14,51.3225,51.3951,51.31,51.3799,31564
2026-09-15 19:15,51.37,51.375,51.32,51.355,17263
2026-09-15 19:16,51.37,51.37,51.2599,51.2901,32802
2026-09-15 19:17,51.29,51.41,51.29,51.35,25098
2026-09-15 19:18,51.35,51.3557,51.3201,51.3201,11568
2026-09-15 19:19,51.325,51.325,51.22,51.23,18899
2026-09-15 19:20,51.235,51.29,51.2301,51.285,15844
2026-09-15 19:21,51.29,51.34,51.27,51.3101,7342
2026-09-15 19:22,51.31,51.3699,51.3,51.3,12214
2026-09-15 19:23,51.3099,51.3299,51.28,51.31,17176
2026-09-15 19:24,51.3,51.35,51.28,51.35,16090
2026-09-15 19:25,51.36,51.36,51.31,51.31,33216
2026-09-15 19:26,51.31,51.32,51.275,51.28,20104
2026-09-15 19:27,51.27,51.3,51.16,51.17,31066
2026-09-15 19:28,51.1699,51.182,51.12,51.16,39876
2026-09-15 19:29,51.1699,51.23,51.1692,51.23,23337
2026-09-15 19:30,51.25,51.29,51.19,51.27,83584
2026-09-15 19:31,51.285,51.285,51.2407,51.2699,28889
2026-09-15 19:32,51.2638,51.35,51.24,51.26,38708
2026-09-15 19:33,51.2601,51.2601,51.22,51.235,15561
2026-09-15 19:34,51.23,51.29,51.215,51.285,24352
2026-09-15 19:35,51.29,51.3528,51.29,51.3314,26087
2026-09-15 19:36,51.34,51.355,51.26,51.275,22018
2026-09-15 19:37,51.27,51.31,51.26,51.31,79562
2026-09-15 19:38,51.31,51.315,51.2325,51.2623,52261
2026-09-15 19:39,51.27,51.28,51.24,51.25,24393
2026-09-15 19:40,51.26,51.27,51.16,51.16,66752
2026-09-15 19:41,51.15,51.16,51.09,51.1,64213
2026-09-15 19:42,51.1,51.18,51.1,51.18,18842
2026-09-15 19:43,51.19,51.19,51.085,51.095,22064
2026-09-15 19:44,51.095,51.17,51.08,51.16,42607
2026-09-15 19:45,51.1702,51.1702,51.1009,51.13,19158
2026-09-15 19:46,51.13,51.13,51,51.05,286935
2026-09-15 19:47,51.0403,51.14,50.99,51.14,80055
2026-09-15 19:48,51.135,51.22,51.121,51.22,27285
2026-09-15 19:49,51.215,51.25,51.185,51.21,147771
2026-09-15 19:50,51.21,51.3,51.21,51.23,113198
2026-09-15 19:51,51.26,51.26,51.2301,51.2599,25352
2026-09-15 19:52,51.25,51.32,51.21,51.26,188516
2026-09-15 19:53,51.2877,51.3,51.2145,51.23,59206
2026-09-15 19:54,51.235,51.27,51.19,51.21,84477
2026-09-15 19:55,51.21,51.29,51.1527,51.25,128191
2026-09-15 19:56,51.25,51.265,51.23,51.25,82850
2026-09-15 19:57,51.24,51.255,51.2235,51.24,55007
2026-09-15 19:58,51.245,51.265,51.195,51.215,77958
2026-09-15 19:59,51.21,51.21,51.0701,51.0801,158785
2026-09-16 13:30,48.55,48.6799,48.34,48.57,7.31821e+06
2026-09-16 13:31,48.56,48.92,48.52,48.7,337651
2026-09-16 13:32,48.6967,48.9399,48.57,48.925,263559
2026-09-16 13:33,48.9399,49.09,48.75,49.05,320531
2026-09-16 13:34,49.055,49.098,48.5609,48.64,362590
2026-09-16 13:35,48.62,48.7199,48.395,48.46,354396
2026-09-16 13:36,48.47,48.94,48.4,48.74,392091
2026-09-16 13:37,48.7572,48.9,48.7114,48.7505,298700
2026-09-16 13:38,48.76,48.84,48.49,48.595,310387
2026-09-16 13:39,48.62,48.86,48.615,48.7008,167749
2026-09-16 13:40,48.69,48.87,48.56,48.755,409049
2026-09-16 13:41,48.78,48.83,48.56,48.68,262388
2026-09-16 13:42,48.67,48.689,48.56,48.5914,228667
2026-09-16 13:43,48.6,48.67,48.54,48.6139,109523
2026-09-16 13:44,48.625,48.8,48.621,48.75,250059
2026-09-16 13:45,48.75,48.75,48.32,48.34,505015
2026-09-16 13:46,48.32,48.355,48.08,48.22,483347
2026-09-16 13:47,48.23,48.43,48.18,48.32,223902
2026-09-16 13:48,48.31,48.32,48.13,48.195,233949
2026-09-16 13:49,48.2,48.25,48.1202,48.16,145649
2026-09-16 13:50,48.17,48.28,48.1,48.25,217955
2026-09-16 13:51,48.245,48.405,48.13,48.21,171941
2026-09-16 13:52,48.22,48.2979,48.1865,48.2299,105889
2026-09-16 13:53,48.23,48.39,48.1899,48.2,162276
2026-09-16 13:54,48.21,48.34,48.21,48.2805,117349
2026-09-16 13:55,48.29,48.3,47.96,48,361406
2026-09-16 13:56,47.99,48.06,47.8702,47.89,283164
2026-09-16 13:57,47.885,47.96,47.88,47.949,151061
2026-09-16 13:58,47.9432,48.02,47.88,47.955,159539
2026-09-16 13:59,47.96,48.0099,47.87,47.895,119876
2026-09-16 14:00,47.9,47.96,47.78,47.8699,233044
2026-09-16 14:01,47.87,48.2501,47.87,48.225,271932
2026-09-16 14:02,48.23,48.3,48.13,48.23,255669
2026-09-16 14:03,48.23,48.35,48.2,48.2875,191980
2026-09-16 14:04,48.29,48.39,48.26,48.305,250528
2026-09-16 14:05,48.305,48.33,48.16,48.321,116200
2026-09-16 14:06,48.3399,48.54,48.32,48.4301,370707
2026-09-16 14:07,48.44,48.47,48.26,48.2899,136290
2026-09-16 14:08,48.2801,48.3399,48.15,48.16,96029
2026-09-16 14:09,48.16,48.23,48.021,48.21,162204
2026-09-16 14:10,48.2199,48.2199,48.05,48.15,85316
2026-09-16 14:11,48.14,48.26,48.13,48.23,126554
2026-09-16 14:12,48.24,48.43,48.24,48.3896,152862
2026-09-16 14:13,48.38,48.5,48.365,48.38,118849
2026-09-16 14:14,48.38,48.4,48.25,48.255,153834
2026-09-16 14:15,48.25,48.3196,48.225,48.2777,77878
2026-09-16 14:16,48.265,48.29,48.18,48.2301,86888
2026-09-16 14:17,48.23,48.28,48.12,48.125,60168
2026-09-16 14:18,48.13,48.15,48.05,48.09,117635
2026-09-16 14:19,48.0972,48.19,47.99,48.12,180867
2026-09-16 14:20,48.13,48.15,48.0063,48.14,95469
2026-09-16 14:21,48.14,48.14,48.0203,48.08,112471
2026-09-16 14:22,48.09,48.16,48.07,48.15,77768
2026-09-16 14:23,48.15,48.17,48.045,48.05,77630
2026-09-16 14:24,48.065,48.1,48.01,48.09,84146
2026-09-16 14:25,48.09,48.22,48.09,48.145,149270
2026-09-16 14:26,48.15,48.25,48.14,48.23,94665
2026-09-16 14:27,48.235,48.29,48.18,48.255,78352
2026-09-16 14:28,48.26,48.28,48.19,48.26,50698
2026-09-16 14:29,48.25,48.25,48.07,48.1599,86408
2026-09-16 14:30,48.16,48.26,48.14,48.15,83508
2026-09-16 14:31,48.17,48.24,48.145,48.145,77610
2026-09-16 14:32,48.14,48.3102,48.13,48.245,80265
2026-09-16 14:33,48.24,48.28,48.19,48.2799,63745
2026-09-16 14:34,48.259,48.3895,48.245,48.3805,103185
2026-09-16 14:35,48.3898,48.49,48.37,48.48,249934
2026-09-16 14:36,48.49,48.5501,48.46,48.51,185146
2026-09-16 14:37,48.5,48.59,48.375,48.375,140384
2026-09-16 14:38,48.37,48.4399,48.3501,48.365,121169
2026-09-16 14:39,48.355,48.46,48.34,48.44,60321
2026-09-16 14:40,48.445,48.48,48.37,48.42,43198
2026-09-16 14:41,48.41,48.51,48.38,48.485,119169
2026-09-16 14:42,48.48,48.535,48.4729,48.535,92962
2026-09-16 14:43,48.53,48.56,48.425,48.4392,67052
2026-09-16 14:44,48.431,48.4711,48.37,48.3901,37337
2026-09-16 14:45,48.4,48.465,48.34,48.395,87260
2026-09-16 14:46,48.41,48.45,48.38,48.39,31373
2026-09-16 14:47,48.38,48.5,48.38,48.4101,35216
2026-09-16 14:48,48.42,48.48,48.4,48.45,43721
2026-09-16 14:49,48.45,48.575,48.45,48.49,163765
2026-09-16 14:50,48.4824,48.555,48.46,48.54,43905
2026-09-16 14:51,48.535,48.5601,48.5201,48.54,52256
2026-09-16 14:52,48.53,48.535,48.4199,48.4199,87054
2026-09-16 14:53,48.425,48.425,48.33,48.35,62063
2026-09-16 14:54,48.36,48.41,48.36,48.4099,27750
2026-09-16 14:55,48.4,48.47,48.3986,48.4601,70273
2026-09-16 14:56,48.47,48.48,48.39,48.4,23335
2026-09-16 14:57,48.4,48.4104,48.29,48.2976,62017
2026-09-16 14:58,48.28,48.35,48.26,48.269,64480
2026-09-16 14:59,48.26,48.27,48.12,48.125,155308
2026-09-16 15:00,48.1299,48.17,48.0707,48.13,233091
2026-09-16 15:01,48.13,48.145,48.0949,48.1077,76474
2026-09-16 15:02,48.1086,48.25,48.1,48.24,132193
2026-09-16 15:03,48.25,48.26,48.1811,48.1885,40289
2026-09-16 15:04,48.18,48.255,48.17,48.23,37224
2026-09-16 15:05,48.235,48.28,48.1814,48.21,71818
2026-09-16 15:06,48.21,48.3497,48.21,48.25,74529
2026-09-16 15:07,48.27,48.295,48.08,48.13,126126
2026-09-16 15:08,48.145,48.175,47.96,47.96,254297
2026-09-16 15:09,47.9599,48.03,47.91,48.03,243093
2026-09-16 15:10,48.035,48.08,48,48.06,71532
2026-09-16 15:11,48.07,48.21,48.07,48.15,102104
2026-09-16 15:12,48.16,48.21,48.09,48.1,112153
2026-09-16 15:13,48.115,48.24,48.115,48.1601,110151
2026-09-16 15:14,48.16,48.1971,48.09,48.11,83282
2026-09-16 15:15,48.1,48.175,48.1,48.1724,66904
2026-09-16 15:16,48.175,48.29,48.175,48.29,121103
2026-09-16 15:17,48.3,48.36,48.28,48.36,63482
2026-09-16 15:18,48.35,48.4099,48.3499,48.395,91234
2026-09-16 15:19,48.395,48.4,48.3,48.3,69988
2026-09-16 15:20,48.29,48.35,48.26,48.285,86617
2026-09-16 15:21,48.28,48.295,48.2,48.205,40712
2026-09-16 15:22,48.21,48.215,48.15,48.155,86129
2026-09-16 15:23,48.155,48.1599,48.0805,48.115,135203
2026-09-16 15:24,48.119,48.119,47.99,48,147602
2026-09-16 15:25,47.995,48.03,47.88,47.8876,212287
2026-09-16 15:26,47.885,47.9,47.835,47.84,173388
2026-09-16 15:27,47.84,47.89,47.8036,47.815,135762
2026-09-16 15:28,47.82,47.97,47.78,47.9499,224671
2026-09-16 15:29,47.95,48.04,47.9395,48.0199,98354
2026-09-16 15:30,48.02,48.15,48.005,48.125,93517
2026-09-16 15:31,48.13,48.19,48.1014,48.12,93228
2026-09-16 15:32,48.12,48.171,48.11,48.171,48755
2026-09-16 15:33,48.155,48.17,48.12,48.16,49541
2026-09-16 15:34,48.1599,48.17,48.0703,48.11,46707
2026-09-16 15:35,48.1,48.15,48.0601,48.1,43484
2026-09-16 15:36,48.07,48.125,48.07,48.11,22054
2026-09-16 15:37,48.1,48.14,48.055,48.13,60790
2026-09-16 15:38,48.1203,48.13,48.07,48.085,20714
2026-09-16 15:39,48.07,48.1411,48.03,48.14,40475
2026-09-16 15:40,48.135,48.15,48.0999,48.13,25105
2026-09-16 15:41,48.14,48.2,48.1123,48.2,139705
2026-09-16 15:42,48.2,48.25,48.16,48.16,55275
2026-09-16 15:43,48.16,48.16,48.11,48.1192,34793
2026-09-16 15:44,48.12,48.145,48.08,48.13,32905
2026-09-16 15:45,48.1298,48.165,48.0814,48.13,25355
2026-09-16 15:46,48.12,48.16,48.12,48.135,23756
2026-09-16 15:47,48.13,48.13,47.57,47.77,597070
2026-09-16 15:48,47.78,47.82,47.69,47.7213,145967
2026-09-16 15:49,47.73,47.88,47.73,47.8395,195095
2026-09-16 15:50,47.8299,47.9199,47.77,47.8899,151112
2026-09-16 15:51,47.9101,48.015,47.91,48.005,133973
2026-09-16 15:52,48.0013,48.01,47.89,47.95,87773
2026-09-16 15:53,47.955,48.0799,47.93,48.06,65477
2026-09-16 15:54,48.0599,48.09,48.015,48.09,85064
2026-09-16 15:55,48.09,48.135,48.05,48.055,61873
2026-09-16 15:56,48.05,48.13,48.05,48.11,30386
2026-09-16 15:57,48.11,48.145,48.055,48.0799,44143
2026-09-16 15:58,48.07,48.08,48.05,48.06,17464
2026-09-16 15:59,48.05,48.175,48.0345,48.1699,58782
2026-09-16 16:00,48.16,48.19,48.14,48.1674,82982
2026-09-16 16:01,48.165,48.25,48.165,48.2011,81942
2026-09-16 16:02,48.21,48.2199,48.15,48.1889,39861
2026-09-16 16:03,48.19,48.235,48.17,48.225,50633
2026-09-16 16:04,48.24,48.29,48.225,48.2786,122346
2026-09-16 16:05,48.2701,48.29,48.16,48.19,62971
2026-09-16 16:06,48.18,48.21,48.1507,48.17,22029
2026-09-16 16:07,48.17,48.1999,48.1106,48.195,33366
2026-09-16 16:08,48.195,48.22,48.16,48.1762,15275
2026-09-16 16:09,48.17,48.2,48.14,48.1999,29072
2026-09-16 16:10,48.198,48.228,48.195,48.2092,36777
2026-09-16 16:11,48.21,48.24,48.2099,48.21,24947
2026-09-16 16:12,48.2086,48.2299,48.17,48.18,24527
2026-09-16 16:13,48.175,48.175,48.13,48.14,23503
2026-09-16 16:14,48.14,48.15,48.1,48.105,21952
2026-09-16 16:15,48.105,48.12,48.05,48.055,52628
2026-09-16 16:16,48.05,48.11,48.04,48.1,60163
2026-09-16 16:17,48.1099,48.1099,48.0295,48.03,37519
2026-09-16 16:18,48.025,48.0989,48.02,48.09,27749
2026-09-16 16:19,48.075,48.09,48.045,48.05,16495
2026-09-16 16:20,48.06,48.1,48.06,48.0886,24345
2026-09-16 16:21,48.09,48.12,48.07,48.12,33236
2026-09-16 16:22,48.12,48.19,48.12,48.145,33893
2026-09-16 16:23,48.15,48.1998,48.14,48.1998,20612
2026-09-16 16:24,48.2,48.24,48.2,48.24,74163
2026-09-16 16:25,48.24,48.25,48.17,48.185,31526
2026-09-16 16:26,48.18,48.1872,48.1426,48.1499,24658
2026-09-16 16:27,48.14,48.175,48.14,48.161,23444
2026-09-16 16:28,48.165,48.18,48.1195,48.1425,38820
2026-09-16 16:29,48.15,48.16,48.1199,48.15,38793
2026-09-16 16:30,48.13,48.15,48.11,48.15,17496
2026-09-16 16:31,48.15,48.23,48.14,48.2201,26762
2026-09-16 16:32,48.23,48.26,48.19,48.2393,32291
2026-09-16 16:33,48.23,48.31,48.22,48.305,115018
2026-09-16 16:34,48.3029,48.35,48.2999,48.3486,75710
2026-09-16 16:35,48.34,48.3475,48.26,48.305,24149
2026-09-16 16:36,48.3,48.325,48.2936,48.315,26214
2026-09-16 16:37,48.305,48.36,48.3025,48.35,46533
2026-09-16 16:38,48.34,48.39,48.34,48.36,31212
2026-09-16 16:39,48.35,48.3791,48.32,48.34,63531
2026-09-16 16:40,48.3401,48.37,48.34,48.35,42542
2026-09-16 16:41,48.35,48.39,48.34,48.355,20978
2026-09-16 16:42,48.37,48.38,48.35,48.365,27437
2026-09-16 16:43,48.3629,48.3899,48.3506,48.365,21208
2026-09-16 16:44,48.3635,48.4,48.32,48.4,56337
2026-09-16 16:45,48.395,48.4,48.33,48.345,16286
2026-09-16 16:46,48.345,48.345,48.26,48.2613,30964
2026-09-16 16:47,48.265,48.2764,48.23,48.245,44166
2026-09-16 16:48,48.24,48.24,48.16,48.175,80238
2026-09-16 16:49,48.18,48.24,48.18,48.24,28748
2026-09-16 16:50,48.24,48.29,48.19,48.2899,66714
2026-09-16 16:51,48.285,48.34,48.26,48.34,33647
2026-09-16 16:52,48.3399,48.355,48.29,48.29,33070
2026-09-16 16:53,48.3,48.3401,48.275,48.28,12169
2026-09-16 16:54,48.285,48.305,48.2683,48.29,35581
2026-09-16 16:55,48.29,48.31,48.265,48.28,13094
2026-09-16 16:56,48.28,48.34,48.26,48.3199,20257
2026-09-16 16:57,48.31,48.32,48.2702,48.275,10299
2026-09-16 16:58,48.275,48.31,48.255,48.26,30318
2026-09-16 16:59,48.26,48.325,48.26,48.32,12733
2026-09-16 17:00,48.31,48.5,48.31,48.4985,70038
2026-09-16 17:01,48.495,48.505,48.45,48.481,112504
2026-09-16 17:02,48.48,48.52,48.48,48.515,39013
2026-09-16 17:03,48.515,48.575,48.49,48.545,65796
2026-09-16 17:04,48.55,48.57,48.525,48.53,34329
2026-09-16 17:05,48.53,48.56,48.51,48.5599,25185
2026-09-16 17:06,48.56,48.56,48.52,48.53,28394
2026-09-16 17:07,48.54,48.565,48.525,48.56,42555
2026-09-16 17:08,48.55,48.55,48.5,48.52,33393
2026-09-16 17:09,48.52,48.53,48.4901,48.4901,24915
2026-09-16 17:10,48.495,48.51,48.47,48.47,44027
2026-09-16 17:11,48.455,48.53,48.445,48.53,22813
2026-09-16 17:12,48.53,48.54,48.5,48.5,22456
2026-09-16 17:13,48.5,48.52,48.48,48.4908,20148
2026-09-16 17:14,48.49,48.49,48.4014,48.41,26700
2026-09-16 17:15,48.4024,48.44,48.39,48.435,38673
2026-09-16 17:16,48.4499,48.45,48.415,48.43,58016
2026-09-16 17:17,48.42,48.4499,48.4,48.44,16648
2026-09-16 17:18,48.44,48.4685,48.41,48.465,49246
2026-09-16 17:19,48.4689,48.525,48.455,48.5,35405
2026-09-16 17:20,48.5,48.53,48.475,48.505,30103
2026-09-16 17:21,48.5087,48.59,48.5087,48.5801,64544
2026-09-16 17:22,48.58,48.655,48.58,48.64,113585
2026-09-16 17:23,48.6497,48.7,48.63,48.69,36317
2026-09-16 17:24,48.6995,48.7,48.6699,48.675,47573
2026-09-16 17:25,48.67,48.7,48.6,48.65,86165
2026-09-16 17:26,48.645,48.7,48.645,48.67,49452
2026-09-16 17:27,48.675,48.7,48.634,48.64,39762
2026-09-16 17:28,48.65,48.715,48.6411,48.705,33353
2026-09-16 17:29,48.71,48.71,48.64,48.64,59763
2026-09-16 17:30,48.64,48.66,48.585,48.61,70503
2026-09-16 17:31,48.62,48.7005,48.6099,48.69,26425
2026-09-16 17:32,48.7,48.73,48.69,48.7101,42345
2026-09-16 17:33,48.72,48.78,48.715,48.78,49381
2026-09-16 17:34,48.7786,48.79,48.7304,48.75,58575
2026-09-16 17:35,48.75,48.76,48.71,48.71,54028
2026-09-16 17:36,48.715,48.725,48.69,48.6911,49227
2026-09-16 17:37,48.7,48.709,48.69,48.695,13936
2026-09-16 17:38,48.695,48.74,48.69,48.71,25653
2026-09-16 17:39,48.715,48.79,48.705,48.785,25508
2026-09-16 17:40,48.78,48.9,48.78,48.89,94245
2026-09-16 17:41,48.8895,48.9,48.83,48.85,77172
2026-09-16 17:42,48.85,48.91,48.8301,48.875,28725
2026-09-16 17:43,48.87,48.9,48.8301,48.9,43852
2026-09-16 17:44,48.9,48.93,48.88,48.9,71475
2026-09-16 17:45,48.89,48.905,48.8201,48.825,36467
2026-09-16 17:46,48.8223,48.835,48.73,48.7314,85292
2026-09-16 17:47,48.745,48.75,48.72,48.735,26484
2026-09-16 17:48,48.7299,48.8087,48.715,48.805,39822
2026-09-16 17:49,48.8001,48.815,48.755,48.755,27167
2026-09-16 17:50,48.7502,48.82,48.7436,48.7986,23263
2026-09-16 17:51,48.8,48.805,48.7309,48.745,26279
2026-09-16 17:52,48.75,48.76,48.635,48.6699,84420
2026-09-16 17:53,48.6407,48.67,48.5313,48.5313,105006
2026-09-16 17:54,48.535,48.58,48.49,48.51,95378
2026-09-16 17:55,48.504,48.51,48.44,48.44,72962
2026-09-16 17:56,48.4585,48.46,48.28,48.29,63276
2026-09-16 17:57,48.3,48.34,48.29,48.335,58934
2026-09-16 17:58,48.34,48.38,48.1601,48.2,126088
2026-09-16 17:59,48.21,48.26,48.09,48.12,87937
2026-09-16 18:00,48.09,48.42,47.71,48.345,565921
2026-09-16 18:01,48.31,49.08,48.3,49.01,683767
2026-09-16 18:02,48.98,49.09,48.49,48.53,468168
2026-09-16 18:03,48.545,48.6912,48.37,48.6001,217914
2026-09-16 18:04,48.64,48.6756,48.05,48.06,268762
2026-09-16 18:05,48.05,48.09,47.88,47.92,289121
2026-09-16 18:06,47.92,48.285,47.89,48.2,264127
2026-09-16 18:07,48.19,48.31,47.9597,48.03,173164
2026-09-16 18:08,48.03,48.18,47.86,48.15,168157
2026-09-16 18:09,48.1574,48.3,48.0721,48.27,122668
2026-09-16 18:10,48.265,48.5,48.1852,48.43,183161
2026-09-16 18:11,48.44,48.4699,48.29,48.35,154483
2026-09-16 18:12,48.35,48.51,48.35,48.46,196476
2026-09-16 18:13,48.45,48.56,48.34,48.39,155112
2026-09-16 18:14,48.38,48.5199,48.29,48.47,112989
2026-09-16 18:15,48.48,48.6694,48.47,48.6694,95640
2026-09-16 18:16,48.629,48.69,48.57,48.67,119381
2026-09-16 18:17,48.67,48.6889,48.545,48.6,63564
2026-09-16 18:18,48.63,48.7199,48.5401,48.7,92757
2026-09-16 18:19,48.7,48.81,48.59,48.72,125942
2026-09-16 18:20,48.73,48.855,48.69,48.7969,138111
2026-09-16 18:21,48.8,48.8,48.65,48.685,75711
2026-09-16 18:22,48.72,48.73,48.554,48.6901,64966
2026-09-16 18:23,48.69,48.788,48.64,48.6401,59929
2026-09-16 18:24,48.66,48.8201,48.65,48.801,66298
2026-09-16 18:25,48.82,48.97,48.77,48.95,129203
2026-09-16 18:26,48.95,49.04,48.89,48.96,166534
2026-09-16 18:27,48.975,49.31,48.9601,49.28,267434
2026-09-16 18:28,49.285,49.36,49.0429,49.07,205184
2026-09-16 18:29,49.07,49.0899,48.79,48.83,153379
2026-09-16 18:30,48.85,48.97,48.69,48.9399,149046
2026-09-16 18:31,48.93,49.2,48.93,49.0999,190836
2026-09-16 18:32,49.0993,49.43,49.0701,49.35,309331
2026-09-16 18:33,49.3553,49.46,49.085,49.18,282892
2026-09-16 18:34,49.16,49.32,49.09,49.32,188367
2026-09-16 18:35,49.32,49.66,49.31,49.58,348279
2026-09-16 18:36,49.57,49.89,49.495,49.8693,328345
2026-09-16 18:37,49.84,49.86,49.56,49.6096,265277
2026-09-16 18:38,49.585,49.585,49.1705,49.3599,300308
2026-09-16 18:39,49.346,49.42,49.07,49.2441,250918
2026-09-16 18:40,49.24,49.33,49.15,49.2134,123947
2026-09-16 18:41,49.21,49.38,49.0001,49.05,177104
2026-09-16 18:42,49.06,49.06,48.78,48.785,274271
2026-09-16 18:43,48.7903,48.9,48.6867,48.75,214379
2026-09-16 18:44,48.7499,49.2772,48.7309,49.25,241722
2026-09-16 18:45,49.23,49.275,48.94,49.13,210756
2026-09-16 18:46,49.13,49.43,49.1,49.43,180069
2026-09-16 18:47,49.44,49.6092,49.19,49.5896,256299
2026-09-16 18:48,49.56,49.76,49.5408,49.725,256292
2026-09-16 18:49,49.7111,49.8075,49.63,49.74,209986
2026-09-16 18:50,49.7399,49.9195,49.56,49.91,241393
2026-09-16 18:51,49.9,50.09,49.86,49.88,278040
2026-09-16 18:52,49.88,50.21,49.8725,50.07,272165
2026-09-16 18:53,50.05,50.32,49.88,50.32,189879
2026-09-16 18:54,50.32,50.37,50.1864,50.37,202472
2026-09-16 18:55,50.365,50.43,50.1001,50.38,291810
2026-09-16 18:56,50.38,50.67,50.354,50.6505,336570
2026-09-16 18:57,50.67,50.94,50.63,50.75,301216
2026-09-16 18:58,50.74,50.78,50.47,50.5,237878
2026-09-16 18:59,50.49,50.71,50.338,50.6688,188929
2026-09-16 19:00,50.64,50.725,50.22,50.27,325938
2026-09-16 19:01,50.255,50.5589,50.2014,50.52,177322
2026-09-16 19:02,50.52,50.6,50.4,50.54,162597
2026-09-16 19:03,50.5399,50.59,50.29,50.3699,105890
2026-09-16 19:04,50.365,50.67,50.3127,50.58,133824
2026-09-16 19:05,50.5781,51.06,50.57,50.7828,351903
2026-09-16 19:06,50.795,50.82,50.67,50.8,126013
2026-09-16 19:07,50.81,51.1,50.8001,50.9418,223184
2026-09-16 19:08,50.935,51.39,50.9007,51.345,291145
2026-09-16 19:09,51.33,51.48,51.1801,51.23,300480
2026-09-16 19:10,51.22,51.44,51.175,51.43,191375
2026-09-16 19:11,51.4399,51.64,51.36,51.58,346030
2026-09-16 19:12,51.5713,51.71,51.4934,51.61,231882
2026-09-16 19:13,51.61,51.74,51.51,51.6551,180559
2026-09-16 19:14,51.67,51.72,51.31,51.47,260379
2026-09-16 19:15,51.46,51.5,51.1701,51.429,231560
2026-09-16 19:16,51.42,51.61,51.3301,51.37,119833
2026-09-16 19:17,51.37,51.45,51.211,51.41,154529
2026-09-16 19:18,51.38,51.445,51.27,51.435,126385
2026-09-16 19:19,51.42,51.65,51.37,51.4399,182371
2026-09-16 19:20,51.43,51.5007,51.26,51.49,161212
2026-09-16 19:21,51.46,51.6074,51.43,51.44,159756
2026-09-16 19:22,51.4,51.655,51.335,51.6,188420
2026-09-16 19:23,51.62,51.66,51.4599,51.58,129691
2026-09-16 19:24,51.55,51.61,51.36,51.405,90530
2026-09-16 19:25,51.39,51.67,51.2902,51.665,200698
2026-09-16 19:26,51.68,51.71,51.5701,51.654,171839
2026-09-16 19:27,51.65,51.71,51.41,51.4455,122163
2026-09-16 19:28,51.45,51.59,51.32,51.5175,90912
2026-09-16 19:29,51.5099,51.5099,51.025,51.0501,294258
2026-09-16 19:30,51.07,51.16,50.9101,50.94,307305
2026-09-16 19:31,50.951,50.97,50.8671,50.8926,131216
2026-09-16 19:32,50.91,50.93,50.68,50.7,209351
2026-09-16 19:33,50.71,50.91,50.66,50.68,209450
2026-09-16 19:34,50.71,50.82,50.66,50.67,109431
2026-09-16 19:35,50.6702,50.82,50.64,50.71,134004
2026-09-16 19:36,50.72,51.04,50.72,50.92,157988
2026-09-16 19:37,50.91,50.9388,50.66,50.67,104635
2026-09-16 19:38,50.67,50.875,50.67,50.86,88080
2026-09-16 19:39,50.855,50.855,50.63,50.675,77412
2026-09-16 19:40,50.68,50.735,50.64,50.71,66215
2026-09-16 19:41,50.71,50.89,50.554,50.89,177472
2026-09-16 19:42,50.9,50.995,50.785,50.82,139696
2026-09-16 19:43,50.8,50.83,50.73,50.74,52028
2026-09-16 19:44,50.7745,50.8561,50.64,50.8,82683
2026-09-16 19:45,50.81,50.83,50.45,50.46,108890
2026-09-16 19:46,50.46,50.53,50.381,50.49,178468
2026-09-16 19:47,50.51,50.51,50.39,50.4,72258
2026-09-16 19:48,50.405,50.4699,50.36,50.39,123489
2026-09-16 19:49,50.39,50.52,50.3731,50.5021,145365
2026-09-16 19:50,50.5,50.55,50.27,50.28,312563
2026-09-16 19:51,50.29,50.51,50.24,50.51,172857
2026-09-16 19:52,50.5001,50.61,50.49,50.5139,143073
2026-09-16 19:53,50.515,50.66,50.49,50.6,103959
2026-09-16 19:54,50.63,50.6738,50.5,50.57,167249
2026-09-16 19:55,50.58,50.71,50.4202,50.43,252163
2026-09-16 19:56,50.42,50.455,50.36,50.375,104718
2026-09-16 19:57,50.38,50.44,50.36,50.4,80506
2026-09-16 19:58,50.41,50.4589,50.36,50.3636,126198
2026-09-16 19:59,50.37,50.39,50.1,50.17,384891
2026-09-17 13:30,45.715,45.78,45.48,45.51,1.04836e+07
2026-09-17 13:31,45.51,45.54,45.31,45.4443,477781
2026-09-17 13:32,45.4541,45.81,45.3001,45.72,364531
2026-09-17 13:33,45.73,45.93,45.5167,45.825,372082
2026-09-17 13:34,45.8385,45.8385,45.59,45.74,261587
2026-09-17 13:35,45.73,45.73,45.4399,45.54,315369
2026-09-17 13:36,45.53,45.66,45.472,45.52,407151
2026-09-17 13:37,45.52,45.925,45.51,45.9,518180
2026-09-17 13:38,45.9,46.12,45.8822,46.08,462917
2026-09-17 13:39,46.09,46.34,46.0601,46.29,585056
2026-09-17 13:40,46.285,46.33,46.035,46.1,385323
2026-09-17 13:41,46.12,46.16,45.93,45.9951,200167
2026-09-17 13:42,45.98,46.07,45.77,45.8,270626
2026-09-17 13:43,45.79,45.84,45.595,45.7,307155
2026-09-17 13:44,45.7,45.76,45.5,45.58,369506
2026-09-17 13:45,45.58,45.69,45.45,45.68,387062
2026-09-17 13:46,45.68,45.7,45.35,45.3999,339741
2026-09-17 13:47,45.39,45.43,45.235,45.285,456335
2026-09-17 13:48,45.275,45.34,45.16,45.295,465793
2026-09-17 13:49,45.29,45.49,45.282,45.3187,298887
2026-09-17 13:50,45.31,45.34,44.922,44.925,676029
2026-09-17 13:51,44.94,45.27,44.92,45,458369
2026-09-17 13:52,44.9901,45.14,44.965,45.1001,249382
2026-09-17 13:53,45.1076,45.11,44.95,44.96,249729
2026-09-17 13:54,44.9593,44.97,44.67,44.92,639761
2026-09-17 13:55,44.9128,45.045,44.8225,45.025,346417
2026-09-17 13:56,45.03,45.245,44.99,45.025,381581
2026-09-17 13:57,45.0299,45.1161,44.95,44.9597,158482
2026-09-17 13:58,44.95,45.06,44.92,45.045,178832
2026-09-17 13:59,45.04,45.0494,44.925,44.925,156642
2026-09-17 14:00,44.9286,45.03,44.86,44.97,181848
2026-09-17 14:01,44.98,45.23,44.98,45.1101,356523
2026-09-17 14:02,45.125,45.38,45.12,45.34,425023
2026-09-17 14:03,45.3399,45.4201,45.19,45.2,332147
2026-09-17 14:04,45.2,45.44,45.18,45.2895,203667
2026-09-17 14:05,45.29,45.31,45.14,45.23,190201
2026-09-17 14:06,45.22,45.3692,45.17,45.31,142727
2026-09-17 14:07,45.31,45.63,45.31,45.53,443676
2026-09-17 14:08,45.51,45.51,45.29,45.3024,193026
2026-09-17 14:09,45.3,45.46,45.3,45.435,150383
2026-09-17 14:10,45.45,45.48,45.29,45.47,155160
2026-09-17 14:11,45.46,45.5,45.38,45.39,150934
2026-09-17 14:12,45.41,45.4301,45.12,45.18,220907
2026-09-17 14:13,45.18,45.2599,45.0405,45.0694,150911
2026-09-17 14:14,45.055,45.07,44.96,45.01,237821
2026-09-17 14:15,45,45.0584,44.98,45.0584,142313
2026-09-17 14:16,45.045,45.045,44.91,44.919,202376
2026-09-17 14:17,44.92,45.0384,44.8708,45.01,192274
2026-09-17 14:18,45.02,45.07,44.965,45.06,94686
2026-09-17 14:19,45.0499,45.21,45.03,45.085,207177
2026-09-17 14:20,45.0996,45.2929,45.0996,45.25,217570
2026-09-17 14:21,45.24,45.31,45.22,45.2212,106457
2026-09-17 14:22,45.22,45.33,45.21,45.29,91263
2026-09-17 14:23,45.285,45.2899,45.16,45.2425,107480
2026-09-17 14:24,45.25,45.36,45.25,45.32,84414
2026-09-17 14:25,45.335,45.49,45.3,45.35,174833
2026-09-17 14:26,45.35,45.46,45.3211,45.35,106468
2026-09-17 14:27,45.3501,45.4,45.28,45.28,183929
2026-09-17 14:28,45.2701,45.4,45.22,45.3633,148604
2026-09-17 14:29,45.3501,45.48,45.31,45.44,122613
2026-09-17 14:30,45.43,45.48,45.39,45.4499,111651
2026-09-17 14:31,45.45,45.63,45.44,45.56,268151
2026-09-17 14:32,45.54,45.6,45.415,45.4159,95653
2026-09-17 14:33,45.43,45.43,45.29,45.33,123110
2026-09-17 14:34,45.33,45.35,45.2,45.27,104106
2026-09-17 14:35,45.269,45.3693,45.25,45.325,78825
2026-09-17 14:36,45.32,45.3974,45.3,45.3408,66580
2026-09-17 14:37,45.34,45.355,45.265,45.2751,54380
2026-09-17 14:38,45.2798,45.295,45.23,45.2687,66483
2026-09-17 14:39,45.26,45.39,45.22,45.34,70083
2026-09-17 14:40,45.33,45.3423,45.25,45.26,40095
2026-09-17 14:41,45.3,45.3,45.2151,45.27,100121
2026-09-17 14:42,45.27,45.355,45.23,45.355,86654
2026-09-17 14:43,45.35,45.4375,45.31,45.37,140717
2026-09-17 14:44,45.38,45.41,45.32,45.35,61091
2026-09-17 14:45,45.35,45.44,45.35,45.3999,101007
2026-09-17 14:46,45.41,45.47,45.3602,45.39,76917
2026-09-17 14:47,45.3899,45.445,45.295,45.42,79503
2026-09-17 14:48,45.42,45.45,45.35,45.45,58660
2026-09-17 14:49,45.445,45.5195,45.41,45.425,86441
2026-09-17 14:50,45.42,45.53,45.37,45.49,43427
2026-09-17 14:51,45.47,45.52,45.44,45.47,30668
2026-09-17 14:52,45.475,45.625,45.47,45.6,135438
2026-09-17 14:53,45.5901,45.61,45.51,45.5998,111653
2026-09-17 14:54,45.6,45.72,45.57,45.58,208485
2026-09-17 14:55,45.615,45.645,45.51,45.585,121617
2026-09-17 14:56,45.5801,45.6372,45.51,45.51,65464
2026-09-17 14:57,45.515,45.52,45.41,45.435,97918
2026-09-17 14:58,45.42,45.42,45.3378,45.35,85043
2026-09-17 14:59,45.35,45.48,45.336,45.47,158274
2026-09-17 15:00,45.4599,45.615,45.41,45.48,132219
2026-09-17 15:01,45.48,45.52,45.3,45.39,119714
2026-09-17 15:02,45.39,45.43,45.335,45.345,78105
2026-09-17 15:03,45.3466,45.4,45.31,45.36,68638
2026-09-17 15:04,45.36,45.39,45.33,45.37,53125
2026-09-17 15:05,45.3698,45.3799,45.25,45.34,76097
2026-09-17 15:06,45.3462,45.45,45.3098,45.3434,157299
2026-09-17 15:07,45.3499,45.4,45.23,45.23,204200
2026-09-17 15:08,45.22,45.22,45.12,45.12,158571
2026-09-17 15:09,45.14,45.26,45.13,45.23,119766
2026-09-17 15:10,45.24,45.33,45.23,45.3199,57520
2026-09-17 15:11,45.31,45.38,45.29,45.3,112108
2026-09-17 15:12,45.32,45.425,45.3,45.4001,136915
2026-09-17 15:13,45.41,45.4498,45.3209,45.36,78976
2026-09-17 15:14,45.365,45.4072,45.3201,45.345,32648
2026-09-17 15:15,45.35,45.41,45.3402,45.3798,48378
2026-09-17 15:16,45.37,45.43,45.36,45.3671,42490
2026-09-17 15:17,45.37,45.41,45.325,45.35,38233
2026-09-17 15:18,45.35,45.4099,45.35,45.375,46783
2026-09-17 15:19,45.38,45.46,45.37,45.4551,54836
2026-09-17 15:20,45.445,45.53,45.4136,45.47,59659
2026-09-17 15:21,45.4799,45.495,45.41,45.46,37722
2026-09-17 15:22,45.46,45.5,45.4099,45.41,73516
2026-09-17 15:23,45.41,45.44,45.35,45.36,44555
2026-09-17 15:24,45.37,45.4077,45.36,45.3816,27189
2026-09-17 15:25,45.3798,45.3922,45.3002,45.33,42133
2026-09-17 15:26,45.335,45.38,45.3105,45.36,52055
2026-09-17 15:27,45.355,45.43,45.3438,45.36,76982
2026-09-17 15:28,45.36,45.41,45.33,45.33,37798
2026-09-17 15:29,45.32,45.3525,45.28,45.33,51657
2026-09-17 15:30,45.33,45.36,45.28,45.31,114293
2026-09-17 15:31,45.2995,45.3985,45.295,45.32,51123
2026-09-17 15:32,45.32,45.4,45.32,45.385,57220
2026-09-17 15:33,45.39,45.43,45.385,45.4,105382
2026-09-17 15:34,45.3975,45.43,45.375,45.3972,35836
2026-09-17 15:35,45.4,45.415,45.34,45.405,33606
2026-09-17 15:36,45.4,45.42,45.375,45.375,23240
2026-09-17 15:37,45.38,45.4097,45.36,45.4097,29692
2026-09-17 15:38,45.405,45.42,45.375,45.39,23951
2026-09-17 15:39,45.385,45.3991,45.365,45.3991,15845
2026-09-17 15:40,45.395,45.4,45.28,45.28,62131
2026-09-17 15:41,45.275,45.29,45.225,45.26,128195
2026-09-17 15:42,45.2401,45.275,45.2295,45.2701,22591
2026-09-17 15:43,45.2751,45.31,45.26,45.3,31618
2026-09-17 15:44,45.31,45.3385,45.3,45.3385,31081
2026-09-17 15:45,45.32,45.3374,45.3,45.31,85547
2026-09-17 15:46,45.31,45.35,45.25,45.26,56060
2026-09-17 15:47,45.27,45.33,45.26,45.3199,40087
2026-09-17 15:48,45.32,45.35,45.2995,45.3,21603
2026-09-17 15:49,45.29,45.295,45.25,45.25,124887
2026-09-17 15:50,45.25,45.31,45.22,45.285,55915
2026-09-17 15:51,45.28,45.32,45.27,45.31,26113
2026-09-17 15:52,45.3073,45.35,45.3,45.32,72844
2026-09-17 15:53,45.315,45.37,45.315,45.37,60626
2026-09-17 15:54,45.3703,45.4101,45.36,45.4,20762
2026-09-17 15:55,45.385,45.385,45.3301,45.355,23419
2026-09-17 15:56,45.35,45.375,45.3,45.305,51484
2026-09-17 15:57,45.31,45.345,45.2797,45.305,55728
2026-09-17 15:58,45.305,45.32,45.28,45.29,60047
2026-09-17 15:59,45.2899,45.3264,45.245,45.245,67078
2026-09-17 16:00,45.25,45.29,45.22,45.22,49010
2026-09-17 16:01,45.215,45.28,45.18,45.235,94038
2026-09-17 16:02,45.23,45.23,45.17,45.1786,53387
2026-09-17 16:03,45.175,45.245,45.175,45.2005,58857
2026-09-17 16:04,45.2099,45.2401,45.175,45.2299,41774
2026-09-17 16:05,45.22,45.2694,45.22,45.235,42476
2026-09-17 16:06,45.24,45.25,45.18,45.195,45842
2026-09-17 16:07,45.195,45.2,45.1286,45.175,61647
2026-09-17 16:08,45.18,45.2,45.16,45.1701,45251
2026-09-17 16:09,45.17,45.19,45.1,45.1,80048
2026-09-17 16:10,45.1099,45.1198,45.075,45.075,114570
2026-09-17 16:11,45.075,45.075,45.005,45.02,114589
2026-09-17 16:12,45.02,45.07,45.015,45.0427,153652
2026-09-17 16:13,45.0401,45.09,45.025,45.035,66525
2026-09-17 16:14,45.04,45.0599,44.98,44.99,212437
2026-09-17 16:15,45,45.08,44.9891,45.077,147105
2026-09-17 16:16,45.075,45.08,44.98,45.0199,112222
2026-09-17 16:17,45.015,45.015,44.98,45.01,38109
2026-09-17 16:18,45.01,45.039,44.995,45.005,43545
2026-09-17 16:19,45.0071,45.0411,44.96,44.97,180771
2026-09-17 16:20,44.9699,45.07,44.965,45.0399,114621
2026-09-17 16:21,45.04,45.04,45,45.0064,53001
2026-09-17 16:22,45.01,45.01,44.97,44.9901,129384
2026-09-17 16:23,44.995,45.015,44.925,44.935,194994
2026-09-17 16:24,44.935,44.95,44.91,44.9465,52474
2026-09-17 16:25,44.95,44.9972,44.935,44.9897,35500
2026-09-17 16:26,44.985,45.04,44.96,44.9602,133635
2026-09-17 16:27,44.965,45.01,44.96,44.995,61537
2026-09-17 16:28,44.995,44.995,44.97,44.98,39396
2026-09-17 16:29,44.98,44.99,44.935,44.94,90277
2026-09-17 16:30,44.9307,44.9307,44.9,44.915,84773
2026-09-17 16:31,44.911,44.96,44.91,44.9588,45120
2026-09-17 16:32,44.9597,44.9885,44.895,44.9885,100906
2026-09-17 16:33,44.98,45.005,44.95,45,79394
2026-09-17 16:34,45.0001,45.0697,44.99,45.035,104666
2026-09-17 16:35,45.03,45.09,45.025,45.0516,73071
2026-09-17 16:36,45.06,45.085,45,45,60005
2026-09-17 16:37,44.99,45.02,44.9801,45.0199,43893
2026-09-17 16:38,45.02,45.0578,45.02,45.05,45599
2026-09-17 16:39,45.04,45.0586,45,45.035,31547
2026-09-17 16:40,45.03,45.045,44.97,44.975,25781
2026-09-17 16:41,44.976,44.9772,44.959,44.97,36948
2026-09-17 16:42,44.961,44.97,44.95,44.9511,33769
2026-09-17 16:43,44.956,44.96,44.9,44.9,72947
2026-09-17 16:44,44.9,44.95,44.9,44.9221,69824
2026-09-17 16:45,44.925,44.96,44.9105,44.955,56470
2026-09-17 16:46,44.9599,44.96,44.93,44.93,24701
2026-09-17 16:47,44.9369,44.9369,44.87,44.871,181924
2026-09-17 16:48,44.876,44.9,44.85,44.855,112039
2026-09-17 16:49,44.86,44.8885,44.845,44.8801,60294
2026-09-17 16:50,44.89,44.92,44.8602,44.8998,50907
2026-09-17 16:51,44.891,44.93,44.8862,44.91,93423
2026-09-17 16:52,44.9095,44.9095,44.84,44.84,42893
2026-09-17 16:53,44.8401,44.88,44.835,44.86,44796
2026-09-17 16:54,44.86,44.8686,44.84,44.865,54617
2026-09-17 16:55,44.8699,45.03,44.845,44.99,232435
2026-09-17 16:56,44.975,45.05,44.96,45.01,128571
2026-09-17 16:57,45.02,45.1485,45.02,45.04,151163
2026-09-17 16:58,45.03,45.035,44.93,44.9404,71687
2026-09-17 16:59,44.95,44.95,44.88,44.8901,37588
2026-09-17 17:00,44.9,44.9,44.77,44.78,215299
2026-09-17 17:01,44.775,44.8097,44.7401,44.75,114749
2026-09-17 17:02,44.74,44.815,44.73,44.81,97956
2026-09-17 17:03,44.81,44.88,44.81,44.8486,125771
2026-09-17 17:04,44.839,44.87,44.81,44.815,36896
2026-09-17 17:05,44.8199,44.82,44.75,44.79,82263
2026-09-17 17:06,44.77,44.78,44.7,44.705,144265
2026-09-17 17:07,44.7099,44.72,44.68,44.696,124414
2026-09-17 17:08,44.695,44.79,44.69,44.7799,49333
2026-09-17 17:09,44.77,44.775,44.749,44.755,34130
2026-09-17 17:10,44.76,44.805,44.75,44.765,51172
2026-09-17 17:11,44.77,44.78,44.735,44.765,89249
2026-09-17 17:12,44.76,44.83,44.755,44.815,42578
2026-09-17 17:13,44.815,44.84,44.785,44.83,47304
2026-09-17 17:14,44.83,44.885,44.8,44.86,57546
2026-09-17 17:15,44.865,44.889,44.835,44.87,52981
2026-09-17 17:16,44.86,44.865,44.77,44.78,42003
2026-09-17 17:17,44.785,44.815,44.765,44.8,25751
2026-09-17 17:18,44.8,44.8264,44.77,44.82,39212
2026-09-17 17:19,44.82,44.82,44.75,44.785,47943
2026-09-17 17:20,44.78,44.83,44.755,44.81,30078
2026-09-17 17:21,44.805,44.845,44.805,44.83,35279
2026-09-17 17:22,44.8298,44.8298,44.78,44.81,27679
2026-09-17 17:23,44.79,44.85,44.7885,44.85,28413
2026-09-17 17:24,44.85,44.85,44.8025,44.82,15244
2026-09-17 17:25,44.81,44.8486,44.7811,44.7851,23832
2026-09-17 17:26,44.8,44.8177,44.77,44.8,25714
2026-09-17 17:27,44.79,44.795,44.755,44.7799,46294
2026-09-17 17:28,44.78,44.835,44.78,44.835,22634
2026-09-17 17:29,44.8301,44.84,44.815,44.8299,27268
2026-09-17 17:30,44.825,44.9086,44.825,44.89,71070
2026-09-17 17:31,44.9,44.91,44.875,44.905,54940
2026-09-17 17:32,44.89,44.905,44.87,44.885,35084
2026-09-17 17:33,44.8801,44.905,44.855,44.9,31175
2026-09-17 17:34,44.89,44.9,44.87,44.8799,44326
2026-09-17 17:35,44.88,44.9,44.82,44.82,38468
2026-09-17 17:36,44.82,44.865,44.82,44.82,32186
2026-09-17 17:37,44.8115,44.885,44.81,44.885,16692
2026-09-17 17:38,44.88,44.92,44.8701,44.92,40323
2026-09-17 17:39,44.91,44.945,44.9,44.945,48383
2026-09-17 17:40,44.949,44.95,44.89,44.935,66652
2026-09-17 17:41,44.905,44.905,44.84,44.85,44578
2026-09-17 17:42,44.855,44.8665,44.79,44.8199,44996
2026-09-17 17:43,44.8001,44.8201,44.8,44.82,27420
2026-09-17 17:44,44.82,44.84,44.8,44.805,22170
2026-09-17 17:45,44.805,44.825,44.7903,44.81,30291
2026-09-17 17:46,44.81,44.82,44.795,44.805,29999
2026-09-17 17:47,44.8,44.8,44.765,44.79,83327
2026-09-17 17:48,44.795,44.8013,44.76,44.8013,25380
2026-09-17 17:49,44.8001,44.83,44.8,44.825,23463
2026-09-17 17:50,44.815,44.865,44.805,44.855,92308
2026-09-17 17:51,44.85,44.869,44.8108,44.825,28605
2026-09-17 17:52,44.82,44.86,44.82,44.83,15292
2026-09-17 17:53,44.83,44.8699,44.825,44.845,46940
2026-09-17 17:54,44.8499,44.88,44.845,44.869,35523
2026-09-17 17:55,44.8699,44.8701,44.85,44.87,15822
2026-09-17 17:56,44.87,44.875,44.8499,44.865,21083
2026-09-17 17:57,44.87,44.87,44.845,44.87,22049
2026-09-17 17:58,44.8764,44.88,44.82,44.83,24417
2026-09-17 17:59,44.839,44.85,44.8,44.8,33582
2026-09-17 18:00,44.8001,44.83,44.8,44.82,20082
2026-09-17 18:01,44.825,44.83,44.785,44.785,46156
2026-09-17 18:02,44.785,44.8285,44.77,44.82,44830
2026-09-17 18:03,44.815,44.86,44.7801,44.785,58881
2026-09-17 18:04,44.785,44.8299,44.77,44.82,68053
2026-09-17 18:05,44.81,44.8272,44.7601,44.8,62494
2026-09-17 18:06,44.79,44.84,44.76,44.81,39595
2026-09-17 18:07,44.81,44.88,44.7922,44.8699,130741
2026-09-17 18:08,44.8677,44.88,44.84,44.865,34657
2026-09-17 18:09,44.8685,44.9097,44.835,44.879,54123
2026-09-17 18:10,44.8799,44.89,44.8503,44.875,79416
2026-09-17 18:11,44.87,44.87,44.81,44.8399,35160
2026-09-17 18:12,44.84,44.85,44.76,44.76,54975
2026-09-17 18:13,44.7602,44.7971,44.7598,44.78,37014
2026-09-17 18:14,44.78,44.81,44.77,44.8,21305
2026-09-17 18:15,44.7908,44.8,44.77,44.775,44425
2026-09-17 18:16,44.78,44.825,44.775,44.8236,17817
2026-09-17 18:17,44.825,44.84,44.82,44.82,24280
2026-09-17 18:18,44.83,44.8489,44.805,44.81,13216
2026-09-17 18:19,44.815,44.815,44.78,44.795,22252
2026-09-17 18:20,44.79,44.83,44.775,44.82,16179
2026-09-17 18:21,44.815,44.8999,44.81,44.8999,47998
2026-09-17 18:22,44.8901,44.935,44.8867,44.891,103683
2026-09-17 18:23,44.895,44.9,44.8708,44.89,32758
2026-09-17 18:24,44.8879,44.9,44.8701,44.885,15053
2026-09-17 18:25,44.8851,44.89,44.8314,44.8495,23991
2026-09-17 18:26,44.86,44.86,44.83,44.85,16209
2026-09-17 18:27,44.845,44.87,44.84,44.8471,10787
2026-09-17 18:28,44.845,44.87,44.835,44.84,18357
2026-09-17 18:29,44.83,44.869,44.82,44.8601,15163
2026-09-17 18:30,44.865,44.865,44.76,44.7776,80206
2026-09-17 18:31,44.78,44.805,44.7761,44.79,41477
2026-09-17 18:32,44.8,44.8001,44.77,44.7999,49238
2026-09-17 18:33,44.7904,44.8585,44.7801,44.8501,21285
2026-09-17 18:34,44.86,44.8789,44.83,44.8672,28315
2026-09-17 18:35,44.86,44.89,44.8501,44.86,17434
2026-09-17 18:36,44.855,44.92,44.855,44.9199,74074
2026-09-17 18:37,44.92,44.93,44.875,44.8885,63484
2026-09-17 18:38,44.88,44.975,44.88,44.975,63619
2026-09-17 18:39,44.965,44.97,44.94,44.95,71844
2026-09-17 18:40,44.955,44.99,44.92,44.92,37666
2026-09-17 18:41,44.91,44.93,44.9042,44.93,19657
2026-09-17 18:42,44.94,44.97,44.92,44.96,41157
2026-09-17 18:43,44.97,44.99,44.95,44.98,42493
2026-09-17 18:44,44.975,44.98,44.9103,44.9103,30472
2026-09-17 18:45,44.9197,44.93,44.86,44.885,62282
2026-09-17 18:46,44.88,44.895,44.8601,44.8899,34163
2026-09-17 18:47,44.89,44.91,44.88,44.9,20314
2026-09-17 18:48,44.895,44.91,44.8802,44.8895,32687
2026-09-17 18:49,44.8801,44.945,44.87,44.945,31212
2026-09-17 18:50,44.94,44.97,44.93,44.955,31283
2026-09-17 18:51,44.96,45,44.9401,44.98,44149
2026-09-17 18:52,44.98,45.03,44.97,45.0293,56349
2026-09-17 18:53,45.03,45.04,44.995,45.005,53214
2026-09-17 18:54,45.0171,45.05,44.9903,45.02,53359
2026-09-17 18:55,45.02,45.02,44.98,45,26614
2026-09-17 18:56,44.995,44.995,44.94,44.945,44530
2026-09-17 18:57,44.9499,44.95,44.9214,44.9299,33437
2026-09-17 18:58,44.925,44.95,44.914,44.935,44892
2026-09-17 18:59,44.935,44.97,44.93,44.94,30521
2026-09-17 19:00,44.94,44.945,44.89,44.9,68547
2026-09-17 19:01,44.9,44.95,44.8925,44.92,46423
2026-09-17 19:02,44.915,44.9784,44.915,44.975,31269
2026-09-17 19:03,44.98,44.985,44.9325,44.96,57202
2026-09-17 19:04,44.94,44.97,44.94,44.95,29299
2026-09-17 19:05,44.95,44.999,44.945,44.96,33810
2026-09-17 19:06,44.961,45,44.82,44.86,160063
2026-09-17 19:07,44.8598,44.88,44.84,44.865,65423
2026-09-17 19:08,44.85,44.89,44.84,44.875,38647
2026-09-17 19:09,44.89,44.92,44.885,44.905,44482
2026-09-17 19:10,44.9001,44.9389,44.8801,44.91,31230
2026-09-17 19:11,44.91,44.935,44.8836,44.895,33107
2026-09-17 19:12,44.89,44.92,44.89,44.91,22295
2026-09-17 19:13,44.91,44.92,44.86,44.8799,29323
2026-09-17 19:14,44.87,44.96,44.87,44.95,30241
2026-09-17 19:15,44.95,44.95,44.875,44.89,46197
2026-09-17 19:16,44.885,44.915,44.86,44.86,37894
2026-09-17 19:17,44.86,44.91,44.86,44.9,38698
2026-09-17 19:18,44.905,44.91,44.87,44.885,34388
2026-09-17 19:19,44.88,44.9,44.85,44.9,67936
2026-09-17 19:20,44.895,44.9007,44.8525,44.8536,42301
2026-09-17 19:21,44.86,44.89,44.8522,44.89,45343
2026-09-17 19:22,44.885,44.9,44.88,44.885,50600
2026-09-17 19:23,44.89,44.915,44.885,44.915,36564
2026-09-17 19:24,44.91,44.99,44.91,44.985,75088
2026-09-17 19:25,44.9801,45.015,44.951,44.96,93091
2026-09-17 19:26,44.965,45.05,44.965,45.045,111383
2026-09-17 19:27,45.0407,45.085,45.02,45.025,67614
2026-09-17 19:28,45.025,45.08,45.025,45.06,62578
2026-09-17 19:29,45.065,45.09,45.03,45.06,85530
2026-09-17 19:30,45.06,45.07,44.9,44.91,249411
2026-09-17 19:31,44.915,44.915,44.78,44.805,185542
2026-09-17 19:32,44.805,44.84,44.785,44.81,55016
2026-09-17 19:33,44.815,44.86,44.815,44.855,46368
2026-09-17 19:34,44.85,44.855,44.82,44.8489,35489
2026-09-17 19:35,44.84,44.845,44.8,44.805,45500
2026-09-17 19:36,44.8077,44.8297,44.79,44.815,54462
2026-09-17 19:37,44.82,44.83,44.765,44.7801,68517
2026-09-17 19:38,44.7851,44.81,44.7601,44.8,42554
2026-09-17 19:39,44.8,44.81,44.75,44.755,153126
2026-09-17 19:40,44.755,44.8,44.755,44.78,82084
2026-09-17 19:41,44.78,44.845,44.73,44.84,116301
2026-09-17 19:42,44.85,44.925,44.84,44.895,176272
2026-09-17 19:43,44.895,44.95,44.875,44.9499,82024
2026-09-17 19:44,44.95,45,44.865,44.865,169987
2026-09-17 19:45,44.86,44.9398,44.84,44.89,94000
2026-09-17 19:46,44.89,44.94,44.88,44.9295,72727
2026-09-17 19:47,44.93,44.945,44.8625,44.8799,63966
2026-09-17 19:48,44.89,44.93,44.87,44.885,68102
2026-09-17 19:49,44.885,44.9299,44.88,44.8949,28483
2026-09-17 19:50,44.89,44.9772,44.865,44.9,167301
2026-09-17 19:51,44.8901,44.9,44.83,44.845,85963
2026-09-17 19:52,44.8499,44.861,44.8,44.815,112122
2026-09-17 19:53,44.82,44.84,44.765,44.785,142768
2026-09-17 19:54,44.785,45.005,44.77,44.985,299913
2026-09-17 19:55,44.98,45.02,44.82,44.85,250557
2026-09-17 19:56,44.845,44.9199,44.83,44.83,103316
2026-09-17 19:57,44.83,44.8499,44.79,44.83,123597
2026-09-17 19:58,44.825,44.93,44.82,44.925,105182
2026-09-17 19:59,44.92,45.04,44.92,44.9801,422749
2026-09-18 13:30,44.11,44.19,43.91,43.985,1.15787e+07
2026-09-18 13:31,43.97,44.0259,43.7,43.7813,436639
2026-09-18 13:32,43.79,44.055,43.7848,43.84,315259
2026-09-18 13:33,43.85,43.955,43.814,43.89,207053
2026-09-18 13:34,43.885,44.13,43.825,43.958,281976
2026-09-18 13:35,43.94,44,43.7797,43.85,245702
2026-09-18 13:36,43.84,43.8599,43.57,43.61,485731
2026-09-18 13:37,43.61,43.77,43.6,43.625,460611
2026-09-18 13:38,43.6299,43.705,43.51,43.5697,424636
2026-09-18 13:39,43.56,43.58,43.45,43.525,422922
2026-09-18 13:40,43.525,43.77,43.4701,43.7498,450346
2026-09-18 13:41,43.7624,43.7624,43.48,43.48,276318
2026-09-18 13:42,43.48,43.5375,43.34,43.3999,445974
2026-09-18 13:43,43.38,43.4173,43.211,43.355,425591
2026-09-18 13:44,43.35,43.45,43.33,43.335,326181
2026-09-18 13:45,43.34,43.3599,43.131,43.135,499841
2026-09-18 13:46,43.135,43.21,43.1,43.18,364357
2026-09-18 13:47,43.1837,43.37,43.1758,43.35,256986
2026-09-18 13:48,43.34,43.5889,43.3108,43.5889,290160
2026-09-18 13:49,43.5851,43.5851,43.405,43.49,207426
2026-09-18 13:50,43.5,43.6,43.5,43.555,273426
2026-09-18 13:51,43.56,43.685,43.56,43.65,234165
2026-09-18 13:52,43.6495,43.685,43.46,43.4678,223483
2026-09-18 13:53,43.4602,43.5676,43.44,43.54,108390
2026-09-18 13:54,43.535,43.62,43.47,43.56,156165
2026-09-18 13:55,43.56,43.67,43.545,43.64,133515
2026-09-18 13:56,43.645,43.82,43.63,43.79,289043
2026-09-18 13:57,43.7801,43.81,43.685,43.7105,284552
2026-09-18 13:58,43.71,43.739,43.6222,43.72,140127
2026-09-18 13:59,43.73,43.765,43.58,43.58,161489
2026-09-18 14:00,43.59,43.7,43.5,43.5871,218139
2026-09-18 14:01,43.59,43.91,43.54,43.905,345698
2026-09-18 14:02,43.8999,43.95,43.83,43.92,348193
2026-09-18 14:03,43.9101,43.9599,43.87,43.95,177240
2026-09-18 14:04,43.949,44,43.86,43.9671,221595
2026-09-18 14:05,43.9595,44.1,43.852,43.87,255890
2026-09-18 14:06,43.85,43.85,43.6601,43.7,215661
2026-09-18 14:07,43.7,43.9099,43.655,43.8599,214980
2026-09-18 14:08,43.85,43.885,43.79,43.81,127852
2026-09-18 14:09,43.82,43.9,43.6501,43.6501,143202
2026-09-18 14:10,43.651,43.68,43.49,43.49,235081
2026-09-18 14:11,43.4971,43.515,43.4,43.4093,325468
2026-09-18 14:12,43.405,43.5799,43.405,43.455,285184
2026-09-18 14:13,43.4501,43.61,43.4501,43.52,155057
2026-09-18 14:14,43.515,43.52,43.37,43.455,232982
2026-09-18 14:15,43.45,43.525,43.4301,43.51,103571
2026-09-18 14:16,43.515,43.65,43.4901,43.5805,190601
2026-09-18 14:17,43.59,43.62,43.4601,43.49,132542
2026-09-18 14:18,43.49,43.525,43.4105,43.4768,123324
2026-09-18 14:19,43.475,43.4997,43.4333,43.46,93966
2026-09-18 14:20,43.471,43.49,43.435,43.4877,95064
2026-09-18 14:21,43.48,43.5699,43.4728,43.5,128729
2026-09-18 14:22,43.495,43.5009,43.32,43.33,222326
2026-09-18 14:23,43.33,43.45,43.325,43.346,165524
2026-09-18 14:24,43.3497,43.38,43.315,43.3702,170058
2026-09-18 14:25,43.38,43.5,43.38,43.4701,190417
2026-09-18 14:26,43.47,43.48,43.3836,43.44,179832
2026-09-18 14:27,43.44,43.51,43.3805,43.39,169662
2026-09-18 14:28,43.4,43.505,43.3998,43.49,42376
2026-09-18 14:29,43.489,43.515,43.455,43.515,49920
2026-09-18 14:30,43.5001,43.51,43.395,43.41,80312
2026-09-18 14:31,43.41,43.4699,43.38,43.45,41730
2026-09-18 14:32,43.44,43.51,43.4193,43.51,53960
2026-09-18 14:33,43.505,43.55,43.475,43.495,66660
2026-09-18 14:34,43.5,43.56,43.5,43.51,98982
2026-09-18 14:35,43.51,43.54,43.4515,43.5,38170
2026-09-18 14:36,43.5,43.67,43.5,43.6502,214891
2026-09-18 14:37,43.66,43.66,43.53,43.5729,104297
2026-09-18 14:38,43.5799,43.59,43.51,43.55,61382
2026-09-18 14:39,43.55,43.56,43.425,43.56,114715
2026-09-18 14:40,43.5696,43.62,43.55,43.59,96895
2026-09-18 14:41,43.595,43.6674,43.565,43.62,158723
2026-09-18 14:42,43.61,43.76,43.595,43.74,254282
2026-09-18 14:43,43.7301,43.8012,43.7301,43.77,199771
2026-09-18 14:44,43.765,43.835,43.7626,43.785,87275
2026-09-18 14:45,43.7957,43.845,43.7957,43.805,70925
2026-09-18 14:46,43.805,43.81,43.68,43.74,86393
2026-09-18 14:47,43.74,43.745,43.58,43.605,106676
2026-09-18 14:48,43.61,43.665,43.5601,43.62,48309
2026-09-18 14:49,43.64,43.64,43.58,43.6,56720
2026-09-18 14:50,43.61,43.6498,43.53,43.555,62607
2026-09-18 14:51,43.559,43.5689,43.51,43.53,49997
2026-09-18 14:52,43.525,43.54,43.4702,43.5077,84490
2026-09-18 14:53,43.51,43.6,43.49,43.585,52640
2026-09-18 14:54,43.6,43.6,43.54,43.57,46269
2026-09-18 14:55,43.56,43.6,43.5203,43.6,110470
2026-09-18 14:56,43.59,43.6,43.545,43.56,37241
2026-09-18 14:57,43.57,43.615,43.57,43.61,91354
2026-09-18 14:58,43.62,43.69,43.605,43.655,38235
2026-09-18 14:59,43.65,43.66,43.5901,43.6,56300
2026-09-18 15:00,43.59,43.63,43.54,43.615,68948
2026-09-18 15:01,43.6188,43.71,43.6101,43.65,94002
2026-09-18 15:02,43.645,43.755,43.645,43.72,198825
2026-09-18 15:03,43.725,43.7599,43.68,43.68,200961
2026-09-18 15:04,43.69,43.7399,43.6799,43.735,42585
2026-09-18 15:05,43.74,43.74,43.59,43.605,53372
2026-09-18 15:06,43.62,43.665,43.57,43.6,42340
2026-09-18 15:07,43.6,43.6486,43.595,43.635,30518
2026-09-18 15:08,43.62,43.675,43.6008,43.6011,44746
2026-09-18 15:09,43.6,43.6593,43.6,43.645,35779
2026-09-18 15:10,43.645,43.705,43.635,43.67,64128
2026-09-18 15:11,43.665,43.83,43.665,43.79,131173
2026-09-18 15:12,43.7864,43.8199,43.7301,43.7771,73985
2026-09-18 15:13,43.78,43.8104,43.6501,43.6796,70884
2026-09-18 15:14,43.68,43.715,43.655,43.705,43278
2026-09-18 15:15,43.69,43.7308,43.69,43.7,29374
2026-09-18 15:16,43.72,43.75,43.67,43.725,39192
2026-09-18 15:17,43.7201,43.74,43.66,43.73,37386
2026-09-18 15:18,43.72,43.73,43.68,43.685,37629
2026-09-18 15:19,43.68,43.68,43.62,43.6591,107607
2026-09-18 15:20,43.6576,43.67,43.63,43.63,22404
2026-09-18 15:21,43.6299,43.68,43.6299,43.68,45646
2026-09-18 15:22,43.68,43.7372,43.6501,43.7099,34874
2026-09-18 15:23,43.7,43.7,43.64,43.65,27720
2026-09-18 15:24,43.6537,43.6537,43.57,43.62,59551
2026-09-18 15:25,43.63,43.64,43.6,43.603,23872
2026-09-18 15:26,43.6,43.6,43.53,43.535,52618
2026-09-18 15:27,43.535,43.58,43.52,43.565,27736
2026-09-18 15:28,43.5669,43.57,43.45,43.461,121279
2026-09-18 15:29,43.4699,43.525,43.46,43.495,86481
2026-09-18 15:30,43.5,43.72,43.445,43.56,269709
2026-09-18 15:31,43.5514,43.59,43.525,43.5899,102734
2026-09-18 15:32,43.59,43.64,43.56,43.57,65380
2026-09-18 15:33,43.56,43.62,43.56,43.6,45508
2026-09-18 15:34,43.605,43.615,43.5299,43.5299,49755
2026-09-18 15:35,43.52,43.55,43.49,43.54,49553
2026-09-18 15:36,43.545,43.63,43.545,43.5701,53314
2026-09-18 15:37,43.575,43.655,43.575,43.65,78302
2026-09-18 15:38,43.65,43.7,43.641,43.6989,62076
2026-09-18 15:39,43.685,43.705,43.6702,43.6799,66015
2026-09-18 15:40,43.69,43.8,43.68,43.795,63175
2026-09-18 15:41,43.8,43.81,43.73,43.74,99242
2026-09-18 15:42,43.75,43.769,43.72,43.735,176204
2026-09-18 15:43,43.725,43.745,43.685,43.725,90975
2026-09-18 15:44,43.725,43.785,43.72,43.7289,97836
2026-09-18 15:45,43.72,43.77,43.7,43.77,42862
2026-09-18 15:46,43.775,43.775,43.7233,43.735,38885
2026-09-18 15:47,43.74,43.74,43.68,43.695,32067
2026-09-18 15:48,43.6864,43.695,43.6301,43.635,29915
2026-09-18 15:49,43.64,43.675,43.64,43.655,17322
2026-09-18 15:50,43.65,43.6669,43.57,43.5801,64984
2026-09-18 15:51,43.58,43.625,43.575,43.6099,27692
2026-09-18 15:52,43.6198,43.68,43.6198,43.6601,30025
2026-09-18 15:53,43.66,43.755,43.6401,43.75,33412
2026-09-18 15:54,43.7499,43.775,43.73,43.7612,27709
2026-09-18 15:55,43.765,43.8,43.745,43.79,156322
2026-09-18 15:56,43.7901,43.809,43.75,43.755,69524
2026-09-18 15:57,43.76,43.795,43.75,43.78,28728
2026-09-18 15:58,43.78,43.8464,43.78,43.83,142264
2026-09-18 15:59,43.835,43.8899,43.79,43.845,134726
2026-09-18 16:00,43.84,43.92,43.84,43.88,141720
2026-09-18 16:01,43.88,43.895,43.8301,43.88,77298
2026-09-18 16:02,43.88,43.91,43.85,43.855,55763
2026-09-18 16:03,43.851,43.885,43.84,43.875,32084
2026-09-18 16:04,43.8601,43.91,43.8601,43.905,30798
2026-09-18 16:05,43.9,43.91,43.84,43.84,48482
2026-09-18 16:06,43.83,43.85,43.8,43.84,43828
2026-09-18 16:07,43.84,43.8401,43.8,43.8001,31470
2026-09-18 16:08,43.8,43.9271,43.7999,43.9271,94155
2026-09-18 16:09,43.92,43.92,43.895,43.9014,31769
2026-09-18 16:10,43.91,43.9499,43.8909,43.94,54452
2026-09-18 16:11,43.93,43.991,43.93,43.98,62350
2026-09-18 16:12,43.9889,43.9889,43.9,43.9,47187
2026-09-18 16:13,43.9,43.93,43.886,43.925,47909
2026-09-18 16:14,43.9297,43.94,43.899,43.925,63830
2026-09-18 16:15,43.93,43.93,43.89,43.92,57621
2026-09-18 16:16,43.915,43.9385,43.895,43.905,44008
2026-09-18 16:17,43.8999,43.93,43.89,43.9,30062
2026-09-18 16:18,43.8996,43.8996,43.8,43.8305,84513
2026-09-18 16:19,43.835,43.845,43.805,43.8151,29042
2026-09-18 16:20,43.81,43.84,43.8,43.825,31486
2026-09-18 16:21,43.8201,43.84,43.78,43.84,52609
2026-09-18 16:22,43.8397,43.8571,43.82,43.84,17560
2026-09-18 16:23,43.84,44.05,43.84,44.05,148613
2026-09-18 16:24,44.04,44.135,44.04,44.115,137705
2026-09-18 16:25,44.115,44.26,44.115,44.1601,298966
2026-09-18 16:26,44.1601,44.24,44.14,44.24,125177
2026-09-18 16:27,44.235,44.2391,44.155,44.1725,90812
2026-09-18 16:28,44.175,44.18,44.05,44.1499,206511
2026-09-18 16:29,44.145,44.1666,44.062,44.07,143185
2026-09-18 16:30,44.07,44.125,43.9301,43.935,147511
2026-09-18 16:31,43.94,44.02,43.94,44.01,80197
2026-09-18 16:32,44.01,44.025,43.9501,43.9814,43013
2026-09-18 16:33,43.99,43.99,43.8707,43.895,93432
2026-09-18 16:34,43.8902,43.9101,43.865,43.9,87938
2026-09-18 16:35,43.9,43.91,43.8663,43.88,46818
2026-09-18 16:36,43.88,43.9289,43.865,43.92,66711
2026-09-18 16:37,43.92,43.96,43.91,43.94,82144
2026-09-18 16:38,43.93,43.945,43.885,43.8868,64150
2026-09-18 16:39,43.8812,43.9399,43.8803,43.93,31661
2026-09-18 16:40,43.92,43.93,43.9001,43.915,13839
2026-09-18 16:41,43.92,43.99,43.89,43.985,34434
2026-09-18 16:42,43.982,44,43.94,43.955,77002
2026-09-18 16:43,43.9401,43.955,43.9111,43.9271,35101
2026-09-18 16:44,43.9292,43.9399,43.8702,43.9199,32232
2026-09-18 16:45,43.915,43.95,43.9,43.9298,22839
2026-09-18 16:46,43.925,43.9811,43.92,43.975,30897
2026-09-18 16:47,43.97,44.015,43.92,43.97,44352
2026-09-18 16:48,43.975,44.015,43.9735,44.015,22392
2026-09-18 16:49,44.01,44.01,43.9491,43.96,27131
2026-09-18 16:50,43.95,43.955,43.93,43.95,27640
2026-09-18 16:51,43.94,43.95,43.91,43.92,17806
2026-09-18 16:52,43.925,43.925,43.8803,43.9201,23089
2026-09-18 16:53,43.92,43.92,43.86,43.879,53394
2026-09-18 16:54,43.871,43.9099,43.871,43.885,90527
2026-09-18 16:55,43.88,43.89,43.8501,43.8789,59604
2026-09-18 16:56,43.87,43.92,43.87,43.8999,47725
2026-09-18 16:57,43.892,43.93,43.87,43.89,108452
2026-09-18 16:58,43.9,43.91,43.8305,43.831,74117
2026-09-18 16:59,43.84,43.845,43.81,43.8198,72411
2026-09-18 17:00,43.81,43.865,43.81,43.83,38177
2026-09-18 17:01,43.83,43.83,43.7601,43.785,105948
2026-09-18 17:02,43.78,43.785,43.7401,43.7415,152465
2026-09-18 17:03,43.745,43.78,43.725,43.78,47123
2026-09-18 17:04,43.77,43.84,43.77,43.8,37420
2026-09-18 17:05,43.805,43.805,43.7501,43.755,19055
2026-09-18 17:06,43.7501,43.76,43.72,43.725,32999
2026-09-18 17:07,43.721,43.73,43.682,43.725,104513
2026-09-18 17:08,43.7211,43.74,43.7,43.7304,40944
2026-09-18 17:09,43.72,43.74,43.695,43.72,47478
2026-09-18 17:10,43.71,43.8,43.71,43.7999,77384
2026-09-18 17:11,43.79,43.8,43.74,43.79,93063
2026-09-18 17:12,43.78,43.8,43.765,43.779,11097
2026-09-18 17:13,43.7705,43.78,43.75,43.78,28303
2026-09-18 17:14,43.77,43.7706,43.74,43.74,37297
2026-09-18 17:15,43.74,43.77,43.7,43.71,29571
2026-09-18 17:16,43.701,43.7596,43.701,43.745,29176
2026-09-18 17:17,43.74,43.75,43.68,43.685,27190
2026-09-18 17:18,43.69,43.7264,43.685,43.715,21871
2026-09-18 17:19,43.72,43.735,43.7075,43.7298,28843
2026-09-18 17:20,43.71,43.72,43.7,43.715,19613
2026-09-18 17:21,43.71,43.735,43.7,43.735,12363
2026-09-18 17:22,43.735,43.745,43.7194,43.72,17061
2026-09-18 17:23,43.72,43.7211,43.7,43.7,16313
2026-09-18 17:24,43.705,43.745,43.7,43.745,29640
2026-09-18 17:25,43.7425,43.76,43.72,43.759,13833
2026-09-18 17:26,43.75,43.765,43.695,43.715,30455
2026-09-18 17:27,43.71,43.72,43.7,43.71,30268
2026-09-18 17:28,43.7,43.7389,43.6919,43.7389,30873
2026-09-18 17:29,43.7316,43.745,43.715,43.715,17479
2026-09-18 17:30,43.72,43.7664,43.71,43.7564,74623
2026-09-18 17:31,43.75,43.75,43.72,43.72,38563
2026-09-18 17:32,43.72,43.7299,43.705,43.71,29009
2026-09-18 17:33,43.71,43.76,43.71,43.7364,19547
2026-09-18 17:34,43.73,43.74,43.695,43.7114,79420
2026-09-18 17:35,43.72,43.72,43.69,43.6909,19587
2026-09-18 17:36,43.69,43.69,43.66,43.679,72650
2026-09-18 17:37,43.6789,43.72,43.66,43.7102,38075
2026-09-18 17:38,43.7001,43.725,43.7,43.715,27673
2026-09-18 17:39,43.7102,43.72,43.7,43.716,8953
2026-09-18 17:40,43.7199,43.74,43.69,43.69,58610
2026-09-18 17:41,43.685,43.72,43.68,43.715,26736
2026-09-18 17:42,43.705,43.75,43.705,43.73,75215
2026-09-18 17:43,43.725,43.725,43.68,43.69,16221
2026-09-18 17:44,43.687,43.699,43.6601,43.6601,77322
2026-09-18 17:45,43.67,43.695,43.661,43.68,20721
2026-09-18 17:46,43.68,43.71,43.67,43.7084,16122
2026-09-18 17:47,43.705,43.72,43.695,43.7,12574
2026-09-18 17:48,43.6999,43.72,43.69,43.71,18580
2026-09-18 17:49,43.7,43.7,43.665,43.665,16657
2026-09-18 17:50,43.6615,43.69,43.6615,43.685,9143
2026-09-18 17:51,43.685,43.69,43.66,43.6832,19944
2026-09-18 17:52,43.6701,43.6885,43.66,43.68,19211
2026-09-18 17:53,43.68,43.725,43.68,43.71,66978
2026-09-18 17:54,43.705,43.72,43.69,43.7199,12965
2026-09-18 17:55,43.72,43.725,43.67,43.685,37677
2026-09-18 17:56,43.6789,43.685,43.6601,43.685,16809
2026-09-18 17:57,43.6811,43.715,43.6811,43.7101,20282
2026-09-18 17:58,43.715,43.7199,43.7,43.701,15632
2026-09-18 17:59,43.7,43.705,43.68,43.69,25463
2026-09-18 18:00,43.68,43.73,43.675,43.7264,34593
2026-09-18 18:01,43.73,43.7389,43.681,43.72,55587
2026-09-18 18:02,43.7124,43.75,43.7124,43.7371,26831
2026-09-18 18:03,43.735,43.75,43.715,43.715,19220
2026-09-18 18:04,43.71,43.74,43.705,43.725,22610
2026-09-18 18:05,43.72,43.7699,43.715,43.75,28038
2026-09-18 18:06,43.755,43.8,43.74,43.79,29309
2026-09-18 18:07,43.7997,43.82,43.751,43.751,41854
2026-09-18 18:08,43.7501,43.7999,43.74,43.78,30890
2026-09-18 18:09,43.785,43.8,43.77,43.79,13696
2026-09-18 18:10,43.7862,43.811,43.7725,43.8,12034
2026-09-18 18:11,43.8,43.85,43.8,43.8001,37537
2026-09-18 18:12,43.805,43.8499,43.805,43.8299,19648
2026-09-18 18:13,43.83,43.8399,43.815,43.82,20788
2026-09-18 18:14,43.825,43.835,43.819,43.8305,17471
2026-09-18 18:15,43.82,43.825,43.78,43.7814,29433
2026-09-18 18:16,43.7809,43.79,43.7505,43.761,20682
2026-09-18 18:17,43.7601,43.8,43.76,43.795,17737
2026-09-18 18:18,43.79,43.79,43.74,43.741,29948
2026-09-18 18:19,43.745,43.766,43.73,43.755,13860
2026-09-18 18:20,43.76,43.76,43.71,43.7185,23457
2026-09-18 18:21,43.71,43.7196,43.68,43.695,82657
2026-09-18 18:22,43.69,43.72,43.58,43.5932,159079
2026-09-18 18:23,43.6,43.65,43.57,43.645,94580
2026-09-18 18:24,43.64,43.705,43.6301,43.6802,44372
2026-09-18 18:25,43.68,43.7188,43.67,43.71,68668
2026-09-18 18:26,43.7101,43.75,43.69,43.7486,98349
2026-09-18 18:27,43.74,43.7496,43.7012,43.7211,16472
2026-09-18 18:28,43.74,43.79,43.74,43.77,44033
2026-09-18 18:29,43.7794,43.7794,43.725,43.745,19246
2026-09-18 18:30,43.7399,43.76,43.7301,43.74,15882
2026-09-18 18:31,43.745,43.815,43.74,43.78,29948
2026-09-18 18:32,43.79,43.8,43.765,43.78,14211
2026-09-18 18:33,43.7601,43.815,43.7536,43.77,17087
2026-09-18 18:34,43.79,43.82,43.77,43.77,31888
2026-09-18 18:35,43.7656,43.805,43.76,43.7801,41151
2026-09-18 18:36,43.78,43.805,43.7799,43.78,15817
2026-09-18 18:37,43.785,43.82,43.785,43.795,18727
2026-09-18 18:38,43.7886,43.8568,43.78,43.845,34428
2026-09-18 18:39,43.8464,43.8464,43.771,43.78,23527
2026-09-18 18:40,43.775,43.8,43.76,43.77,13917
2026-09-18 18:41,43.7677,43.79,43.74,43.7492,32697
2026-09-18 18:42,43.7412,43.795,43.7401,43.7889,31439
2026-09-18 18:43,43.78,43.785,43.76,43.765,4163
2026-09-18 18:44,43.77,43.77,43.735,43.735,24356
2026-09-18 18:45,43.7301,43.745,43.7001,43.715,26586
2026-09-18 18:46,43.71,43.7275,43.665,43.695,104605
2026-09-18 18:47,43.695,43.71,43.66,43.6698,94303
2026-09-18 18:48,43.661,43.685,43.62,43.645,36790
2026-09-18 18:49,43.63,43.6699,43.6201,43.65,21257
2026-09-18 18:50,43.65,43.66,43.62,43.6589,59412
2026-09-18 18:51,43.65,43.665,43.625,43.65,37227
2026-09-18 18:52,43.651,43.66,43.6,43.615,47402
2026-09-18 18:53,43.615,43.62,43.52,43.5214,172110
2026-09-18 18:54,43.52,43.555,43.5,43.555,62189
2026-09-18 18:55,43.555,43.59,43.54,43.54,66997
2026-09-18 18:56,43.54,43.5489,43.5011,43.53,42463
2026-09-18 18:57,43.54,43.56,43.525,43.53,26704
2026-09-18 18:58,43.535,43.54,43.51,43.53,35701
2026-09-18 18:59,43.53,43.565,43.52,43.545,34886
2026-09-18 19:00,43.54,43.54,43.4,43.46,141041
2026-09-18 19:01,43.4593,43.505,43.4501,43.495,56460
2026-09-18 19:02,43.49,43.49,43.4411,43.45,53459
2026-09-18 19:03,43.455,43.46,43.36,43.3709,93928
2026-09-18 19:04,43.371,43.406,43.36,43.38,69124
2026-09-18 19:05,43.3885,43.3885,43.35,43.365,54927
2026-09-18 19:06,43.36,43.3885,43.325,43.365,81716
2026-09-18 19:07,43.365,43.44,43.36,43.435,58304
2026-09-18 19:08,43.44,43.45,43.36,43.45,101153
2026-09-18 19:09,43.455,43.4599,43.415,43.4199,38146
2026-09-18 19:10,43.41,43.42,43.3801,43.391,19429
2026-09-18 19:11,43.399,43.405,43.3411,43.35,28227
2026-09-18 19:12,43.3501,43.38,43.2701,43.275,138300
2026-09-18 19:13,43.285,43.405,43.28,43.4,56473
2026-09-18 19:14,43.4,43.46,43.395,43.415,84492
2026-09-18 19:15,43.42,43.426,43.39,43.395,30887
2026-09-18 19:16,43.3951,43.42,43.38,43.395,41165
2026-09-18 19:17,43.4,43.4,43.34,43.355,37394
2026-09-18 19:18,43.35,43.36,43.29,43.299,74383
2026-09-18 19:19,43.2962,43.34,43.28,43.3,65754
2026-09-18 19:20,43.29,43.33,43.29,43.3099,68419
2026-09-18 19:21,43.315,43.32,43.24,43.32,146389
2026-09-18 19:22,43.3272,43.3595,43.315,43.33,51208
2026-09-18 19:23,43.3399,43.34,43.31,43.3264,70358
2026-09-18 19:24,43.32,43.345,43.305,43.335,51252
2026-09-18 19:25,43.33,43.38,43.31,43.375,191532
2026-09-18 19:26,43.375,43.4,43.36,43.364,100939
2026-09-18 19:27,43.36,43.36,43.3298,43.331,36223
2026-09-18 19:28,43.335,43.37,43.335,43.345,43731
2026-09-18 19:29,43.34,43.365,43.32,43.325,53496
2026-09-18 19:30,43.3282,43.47,43.32,43.4,258882
2026-09-18 19:31,43.41,43.41,43.345,43.385,84462
2026-09-18 19:32,43.375,43.375,43.32,43.37,65545
2026-09-18 19:33,43.38,43.395,43.36,43.3699,36070
2026-09-18 19:34,43.37,43.37,43.27,43.29,82235
2026-09-18 19:35,43.29,43.295,43.24,43.255,126586
2026-09-18 19:36,43.25,43.255,43.15,43.1677,280200
2026-09-18 19:37,43.1612,43.1701,43.11,43.12,145782
2026-09-18 19:38,43.12,43.135,43.1035,43.13,96600
2026-09-18 19:39,43.12,43.1698,43.115,43.1599,70013
2026-09-18 19:40,43.15,43.165,43.06,43.065,189757
2026-09-18 19:41,43.065,43.08,43.025,43.07,140341
2026-09-18 19:42,43.075,43.11,43.03,43.095,94551
2026-09-18 19:43,43.09,43.095,43.04,43.075,50724
2026-09-18 19:44,43.0768,43.0768,43.01,43.0276,185762
2026-09-18 19:45,43.025,43.0475,43,43.045,446295
2026-09-18 19:46,43.045,43.095,43.025,43.03,191800
2026-09-18 19:47,43.0351,43.0465,42.99,43.0275,230654
2026-09-18 19:48,43.02,43.035,43.01,43.025,68922
2026-09-18 19:49,43.025,43.08,43.02,43.0285,404246
2026-09-18 19:50,43.03,43.04,42.4201,42.51,860846
2026-09-18 19:51,42.5,42.66,42.48,42.66,356977
2026-09-18 19:52,42.6507,42.655,42.57,42.605,238895
2026-09-18 19:53,42.605,42.63,42.58,42.615,101853
2026-09-18 19:54,42.61,42.63,42.275,42.295,501017
2026-09-18 19:55,42.29,42.29,41.705,41.775,782286
2026-09-18 19:56,41.77,41.79,41.7,41.7101,263014
2026-09-18 19:57,41.72,41.72,41.465,41.4789,654291
2026-09-18 19:58,41.47,41.56,41.465,41.535,400453
2026-09-18 19:59,41.5329,41.57,41.48,41.485,596456
2026-09-21 13:30,38.75,38.8,38.35,38.55,1.18169e+07
2026-09-21 13:31,38.52,38.98,38.45,38.94,413439
2026-09-21 13:32,38.9,39.34,38.9,39.24,747232
2026-09-21 13:33,39.27,39.51,39.2,39.31,669030
2026-09-21 13:34,39.295,39.4,39.17,39.17,400010
2026-09-21 13:35,39.17,39.21,38.92,38.94,636435
2026-09-21 13:36,38.94,39.39,38.9321,39.0898,326182
2026-09-21 13:37,39.0899,39.12,38.6999,38.73,365176
2026-09-21 13:38,38.72,38.74,38.4,38.405,514119
2026-09-21 13:39,38.4091,38.47,38.3011,38.37,723053
2026-09-21 13:40,38.33,38.4199,38.21,38.28,533240
2026-09-21 13:41,38.2825,38.305,38.16,38.215,569954
2026-09-21 13:42,38.2102,38.32,38.04,38.275,546901
2026-09-21 13:43,38.2799,38.385,38.237,38.36,385463
2026-09-21 13:44,38.36,38.39,38.19,38.205,285748
2026-09-21 13:45,38.2,38.2,37.965,38.01,996103
2026-09-21 13:46,38,38.055,37.9,37.94,553408
2026-09-21 13:47,37.9401,38,37.92,37.99,367438
2026-09-21 13:48,37.99,37.9989,37.84,37.91,420452
2026-09-21 13:49,37.9,38.04,37.9,38.02,368864
2026-09-21 13:50,38.02,38.07,37.9422,38.02,321554
2026-09-21 13:51,38.0101,38.03,37.91,37.98,322269
2026-09-21 13:52,37.98,38.058,37.885,37.92,314839
2026-09-21 13:53,37.92,37.9299,37.8,37.9095,360396
2026-09-21 13:54,37.905,37.935,37.815,37.835,217618
2026-09-21 13:55,37.835,37.99,37.835,37.93,230406
2026-09-21 13:56,37.9367,37.99,37.885,37.9,189633
2026-09-21 13:57,37.895,37.929,37.815,37.815,266431
2026-09-21 13:58,37.82,37.8899,37.77,37.87,435577
2026-09-21 13:59,37.87,37.96,37.84,37.9,211855
2026-09-21 14:00,37.915,37.96,37.75,37.765,371293
2026-09-21 14:01,37.77,37.8497,37.73,37.77,339598
2026-09-21 14:02,37.77,37.85,37.755,37.77,230895
2026-09-21 14:03,37.775,37.88,37.77,37.86,149758
2026-09-21 14:04,37.86,37.96,37.825,37.93,248235
2026-09-21 14:05,37.93,38.14,37.91,38.045,371555
2026-09-21 14:06,38.05,38.155,38.05,38.1401,381431
2026-09-21 14:07,38.125,38.215,38.05,38.13,282036
2026-09-21 14:08,38.135,38.19,38.06,38.13,170824
2026-09-21 14:09,38.1301,38.2397,38.08,38.18,305115
2026-09-21 14:10,38.18,38.18,37.95,37.975,260080
2026-09-21 14:11,37.97,37.975,37.81,37.825,253316
2026-09-21 14:12,37.825,37.94,37.8,37.865,181591
2026-09-21 14:13,37.8592,37.8994,37.75,37.77,246030
2026-09-21 14:14,37.7607,37.77,37.71,37.73,242880
2026-09-21 14:15,37.73,37.75,37.62,37.625,375579
2026-09-21 14:16,37.63,37.65,37.54,37.58,383823
2026-09-21 14:17,37.58,37.65,37.57,37.645,247137
2026-09-21 14:18,37.645,37.65,37.54,37.545,173884
2026-09-21 14:19,37.545,37.64,37.54,37.615,213299
2026-09-21 14:20,37.615,37.77,37.615,37.7696,302677
2026-09-21 14:21,37.77,37.775,37.58,37.59,317186
2026-09-21 14:22,37.59,37.6001,37.47,37.4767,425439
2026-09-21 14:23,37.48,37.54,37.42,37.425,236099
2026-09-21 14:24,37.42,37.48,37.4111,37.43,201335
2026-09-21 14:25,37.43,37.5001,37.41,37.439,251264
2026-09-21 14:26,37.4397,37.4799,37.3628,37.39,312322
2026-09-21 14:27,37.381,37.39,37.23,37.25,399699
2026-09-21 14:28,37.245,37.27,37.2,37.22,358622
2026-09-21 14:29,37.22,37.26,37.19,37.2415,314189
2026-09-21 14:30,37.24,37.2497,37.12,37.121,269015
2026-09-21 14:31,37.1201,37.31,37.12,37.28,349408
2026-09-21 14:32,37.28,37.31,37.2,37.23,213246
2026-09-21 14:33,37.23,37.26,37.19,37.245,138800
2026-09-21 14:34,37.24,37.27,37.22,37.2489,131564
2026-09-21 14:35,37.245,37.245,37.13,37.16,159743
2026-09-21 14:36,37.1564,37.175,37.05,37.0701,305662
2026-09-21 14:37,37.0799,37.1,37.01,37.0999,352439
2026-09-21 14:38,37.1,37.21,37.07,37.1764,253700
2026-09-21 14:39,37.18,37.225,37.135,37.1685,254198
2026-09-21 14:40,37.1605,37.25,37.145,37.21,170190
2026-09-21 14:41,37.205,37.33,37.17,37.29,313384
2026-09-21 14:42,37.2801,37.32,37.28,37.3101,102097
2026-09-21 14:43,37.31,37.38,37.27,37.285,204778
2026-09-21 14:44,37.285,37.3501,37.2,37.205,156706
2026-09-21 14:45,37.2,37.27,37.16,37.215,142595
2026-09-21 14:46,37.21,37.21,37.105,37.19,139305
2026-09-21 14:47,37.19,37.24,37.175,37.2106,99400
2026-09-21 14:48,37.2152,37.265,37.2001,37.235,127306
2026-09-21 14:49,37.235,37.3,37.2011,37.3,130994
2026-09-21 14:50,37.295,37.41,37.2809,37.36,198966
2026-09-21 14:51,37.365,37.37,37.28,37.285,107926
2026-09-21 14:52,37.285,37.4,37.285,37.32,103225
2026-09-21 14:53,37.3299,37.4785,37.2901,37.47,142175
2026-09-21 14:54,37.47,37.4789,37.3,37.3,222863
2026-09-21 14:55,37.31,37.32,37.25,37.275,191696
2026-09-21 14:56,37.28,37.34,37.18,37.1869,174340
2026-09-21 14:57,37.185,37.25,37.171,37.22,125196
2026-09-21 14:58,37.22,37.22,37.0301,37.045,340253
2026-09-21 14:59,37.0403,37.065,36.95,36.955,627869
2026-09-21 15:00,36.95,36.97,36.77,36.789,392279
2026-09-21 15:01,36.785,36.84,36.72,36.745,406350
2026-09-21 15:02,36.75,36.77,36.71,36.745,331649
2026-09-21 15:03,36.75,36.76,36.61,36.6101,355074
2026-09-21 15:04,36.615,36.62,36.55,36.565,433918
2026-09-21 15:05,36.565,36.59,36.54,36.575,333391
2026-09-21 15:06,36.58,36.66,36.5729,36.635,343695
2026-09-21 15:07,36.6301,36.6301,36.54,36.5997,239072
2026-09-21 15:08,36.6,36.6,36.545,36.555,189331
2026-09-21 15:09,36.57,36.58,36.47,36.5102,502646
2026-09-21 15:10,36.51,36.5699,36.47,36.495,257798
2026-09-21 15:11,36.49,36.505,36.39,36.4,293404
2026-09-21 15:12,36.39,36.44,36.3,36.3301,379093
2026-09-21 15:13,36.3399,36.3795,36.31,36.32,266146
2026-09-21 15:14,36.325,36.38,36.28,36.335,256163
2026-09-21 15:15,36.33,36.42,36.295,36.3904,241580
2026-09-21 15:16,36.39,36.445,36.3701,36.4,150829
2026-09-21 15:17,36.405,36.48,36.401,36.445,286558
2026-09-21 15:18,36.44,36.48,36.4211,36.48,186541
2026-09-21 15:19,36.475,36.505,36.44,36.46,175847
2026-09-21 15:20,36.455,36.52,36.435,36.51,168509
2026-09-21 15:21,36.5099,36.5199,36.445,36.48,83555
2026-09-21 15:22,36.4801,36.54,36.4699,36.4699,111772
2026-09-21 15:23,36.465,36.515,36.431,36.44,175215
2026-09-21 15:24,36.445,36.45,36.3921,36.405,98670
2026-09-21 15:25,36.41,36.41,36.33,36.38,174097
2026-09-21 15:26,36.3798,36.405,36.33,36.345,100478
2026-09-21 15:27,36.35,36.36,36.3,36.31,232936
2026-09-21 15:28,36.32,36.3289,36.23,36.32,298677
2026-09-21 15:29,36.32,36.3299,36.1801,36.1801,257354
2026-09-21 15:30,36.19,36.205,36.1,36.1011,339416
2026-09-21 15:31,36.11,36.15,36.09,36.115,280243
2026-09-21 15:32,36.115,36.19,36.1122,36.185,218918
2026-09-21 15:33,36.1897,36.22,36.175,36.2,232667
2026-09-21 15:34,36.19,36.24,36.13,36.235,194665
2026-09-21 15:35,36.24,36.25,36.185,36.205,127031
2026-09-21 15:36,36.22,36.2289,36.16,36.165,113581
2026-09-21 15:37,36.17,36.22,36.15,36.19,130736
2026-09-21 15:38,36.1862,36.2596,36.185,36.205,101407
2026-09-21 15:39,36.2,36.2,36.09,36.12,181678
2026-09-21 15:40,36.1292,36.165,36.11,36.15,147896
2026-09-21 15:41,36.14,36.19,36.07,36.1099,248724
2026-09-21 15:42,36.0999,36.19,36.09,36.165,108861
2026-09-21 15:43,36.165,36.22,36.12,36.215,120387
2026-09-21 15:44,36.21,36.26,36.2,36.2064,116636
2026-09-21 15:45,36.2,36.2,36.165,36.199,58295
2026-09-21 15:46,36.2,36.21,36.1701,36.2,110851
2026-09-21 15:47,36.2,36.23,36.1611,36.184,64167
2026-09-21 15:48,36.18,36.25,36.172,36.215,84736
2026-09-21 15:49,36.22,36.25,36.21,36.235,86814
2026-09-21 15:50,36.225,36.31,36.18,36.3,232979
2026-09-21 15:51,36.2939,36.39,36.28,36.3797,283319
2026-09-21 15:52,36.3799,36.3799,36.2804,36.3311,108427
2026-09-21 15:53,36.335,36.34,36.27,36.335,118278
2026-09-21 15:54,36.325,36.39,36.3,36.385,101059
2026-09-21 15:55,36.385,36.3897,36.36,36.365,65106
2026-09-21 15:56,36.365,36.4689,36.33,36.46,88191
2026-09-21 15:57,36.46,36.49,36.445,36.445,138732
2026-09-21 15:58,36.4404,36.4599,36.3805,36.4011,87712
2026-09-21 15:59,36.404,36.45,36.385,36.4099,69386
2026-09-21 16:00,36.41,36.4801,36.41,36.475,196659
2026-09-21 16:01,36.4885,36.5489,36.485,36.505,175493
2026-09-21 16:02,36.4986,36.4999,36.405,36.45,197791
2026-09-21 16:03,36.4491,36.455,36.382,36.405,71978
2026-09-21 16:04,36.41,36.41,36.36,36.3611,103742
2026-09-21 16:05,36.3698,36.3998,36.3536,36.37,83442
2026-09-21 16:06,36.365,36.41,36.3599,36.41,134899
2026-09-21 16:07,36.42,36.44,36.2603,36.37,171138
2026-09-21 16:08,36.37,36.39,36.35,36.375,37541
2026-09-21 16:09,36.375,36.38,36.27,36.2801,72365
2026-09-21 16:10,36.285,36.31,36.26,36.265,76074
2026-09-21 16:11,36.275,36.2889,36.2,36.235,96183
2026-09-21 16:12,36.239,36.3399,36.23,36.2895,117527
2026-09-21 16:13,36.29,36.31,36.2697,36.295,34454
2026-09-21 16:14,36.3,36.31,36.289,36.295,86570
2026-09-21 16:15,36.285,36.3089,36.265,36.277,35089
2026-09-21 16:16,36.28,36.286,36.24,36.25,40019
2026-09-21 16:17,36.2599,36.305,36.24,36.3,38655
2026-09-21 16:18,36.31,36.36,36.291,36.3,146406
2026-09-21 16:19,36.31,36.325,36.27,36.3,64557
2026-09-21 16:20,36.3,36.33,36.25,36.33,86233
2026-09-21 16:21,36.325,36.36,36.28,36.28,55377
2026-09-21 16:22,36.28,36.28,36.22,36.2203,80833
2026-09-21 16:23,36.225,36.24,36.19,36.19,97485
2026-09-21 16:24,36.196,36.2,36.12,36.155,286476
2026-09-21 16:25,36.155,36.16,36.1005,36.125,114337
2026-09-21 16:26,36.1285,36.182,36.1195,36.125,129133
2026-09-21 16:27,36.13,36.14,36.09,36.0969,116511
2026-09-21 16:28,36.0999,36.1,36.0503,36.0864,195254
2026-09-21 16:29,36.08,36.14,36.0705,36.115,87831
2026-09-21 16:30,36.12,36.125,36.085,36.085,121303
2026-09-21 16:31,36.085,36.086,36.06,36.075,100247
2026-09-21 16:32,36.08,36.09,36,36,298366
2026-09-21 16:33,36.0003,36.01,35.91,35.955,577451
2026-09-21 16:34,35.955,35.9811,35.9007,35.93,216552
2026-09-21 16:35,35.925,35.96,35.91,35.945,123624
2026-09-21 16:36,35.95,36.02,35.9332,36.0101,134071
2026-09-21 16:37,36.015,36.06,36.005,36.06,142535
2026-09-21 16:38,36.06,36.11,36.06,36.08,136714
2026-09-21 16:39,36.0837,36.16,36.0837,36.1,119816
2026-09-21 16:40,36.095,36.11,36.04,36.05,81286
2026-09-21 16:41,36.045,36.14,36.04,36.08,62214
2026-09-21 16:42,36.07,36.08,36.01,36.07,60286
2026-09-21 16:43,36.07,36.1,36.0595,36.1,54694
2026-09-21 16:44,36.095,36.16,36.08,36.155,74166
2026-09-21 16:45,36.1501,36.1501,36.1001,36.136,71806
2026-09-21 16:46,36.135,36.15,36.09,36.12,67267
2026-09-21 16:47,36.115,36.125,36.07,36.075,48977
2026-09-21 16:48,36.07,36.125,36.045,36.0903,103597
2026-09-21 16:49,36.095,36.12,36.0765,36.0765,43905
2026-09-21 16:50,36.075,36.1,36.055,36.0799,38138
2026-09-21 16:51,36.09,36.13,36.09,36.1185,45118
2026-09-21 16:52,36.12,36.149,36.095,36.115,35610
2026-09-21 16:53,36.1153,36.13,36.09,36.13,35171
2026-09-21 16:54,36.135,36.15,36.075,36.075,63115
2026-09-21 16:55,36.08,36.085,36.02,36.02,61595
2026-09-21 16:56,36.02,36.04,35.97,36.03,111595
2026-09-21 16:57,36.0299,36.04,35.989,35.99,56605
2026-09-21 16:58,35.995,36.04,35.9901,36.03,28157
2026-09-21 16:59,36.03,36.04,35.97,35.975,74671
2026-09-21 17:00,35.975,35.99,35.96,35.96,89502
2026-09-21 17:01,35.96,35.97,35.93,35.9411,98119
2026-09-21 17:02,35.945,35.97,35.93,35.961,115085
2026-09-21 17:03,35.965,35.975,35.95,35.975,70114
2026-09-21 17:04,35.98,35.99,35.94,35.9411,65051
2026-09-21 17:05,35.945,35.9571,35.91,35.929,90182
2026-09-21 17:06,35.9201,35.97,35.9201,35.97,84124
2026-09-21 17:07,35.9601,36.02,35.96,36.02,82744
2026-09-21 17:08,36.025,36.045,35.995,36.04,99696
2026-09-21 17:09,36.04,36.12,36.04,36.095,111871
2026-09-21 17:10,36.095,36.14,36.09,36.1094,85408
2026-09-21 17:11,36.1,36.15,36.1,36.1499,70538
2026-09-21 17:12,36.15,36.175,36.12,36.125,83915
2026-09-21 17:13,36.1214,36.13,36.09,36.1099,63099
2026-09-21 17:14,36.11,36.12,36.095,36.12,32795
2026-09-21 17:15,36.1199,36.1399,36.1,36.115,77982
2026-09-21 17:16,36.1101,36.1885,36.105,36.1885,116199
2026-09-21 17:17,36.1812,36.25,36.1812,36.2295,119766
2026-09-21 17:18,36.22,36.2299,36.1801,36.1901,86995
2026-09-21 17:19,36.19,36.215,36.17,36.18,54044
2026-09-21 17:20,36.18,36.19,36.15,36.16,45748
2026-09-21 17:21,36.16,36.21,36.1501,36.21,40743
2026-09-21 17:22,36.21,36.27,36.21,36.265,68805
2026-09-21 17:23,36.27,36.33,36.255,36.315,111217
2026-09-21 17:24,36.31,36.41,36.305,36.4,154344
2026-09-21 17:25,36.389,36.41,36.35,36.36,196547
2026-09-21 17:26,36.355,36.4289,36.345,36.4211,77385
2026-09-21 17:27,36.4211,36.47,36.37,36.3801,112821
2026-09-21 17:28,36.3808,36.39,36.29,36.2936,141460
2026-09-21 17:29,36.295,36.305,36.27,36.2901,84214
2026-09-21 17:30,36.29,36.29,36.249,36.249,60821
2026-09-21 17:31,36.24,36.32,36.2201,36.275,112460
2026-09-21 17:32,36.28,36.31,36.26,36.28,62359
2026-09-21 17:33,36.2699,36.3,36.2514,36.28,23836
2026-09-21 17:34,36.275,36.31,36.275,36.3,35637
2026-09-21 17:35,36.29,36.315,36.24,36.245,85447
2026-09-21 17:36,36.24,36.24,36.2139,36.23,39908
2026-09-21 17:37,36.2301,36.27,36.2101,36.262,30602
2026-09-21 17:38,36.2401,36.26,36.2015,36.2099,34826
2026-09-21 17:39,36.21,36.2314,36.16,36.175,64832
2026-09-21 17:40,36.179,36.2,36.17,36.1801,62355
2026-09-21 17:41,36.185,36.185,36.153,36.17,44303
2026-09-21 17:42,36.18,36.185,36.13,36.1629,54355
2026-09-21 17:43,36.165,36.2,36.1625,36.1625,23514
2026-09-21 17:44,36.165,36.17,36.115,36.12,116265
2026-09-21 17:45,36.115,36.12,36.08,36.09,89557
2026-09-21 17:46,36.085,36.11,36.07,36.105,73798
2026-09-21 17:47,36.11,36.13,36.095,36.105,86535
2026-09-21 17:48,36.1,36.12,36.06,36.085,62052
2026-09-21 17:49,36.08,36.09,36.04,36.06,111850
2026-09-21 17:50,36.069,36.07,36.031,36.07,42541
2026-09-21 17:51,36.06,36.0798,36.06,36.0697,18093
2026-09-21 17:52,36.0698,36.0698,36.005,36.0251,77084
2026-09-21 17:53,36.02,36.05,36.01,36.04,101037
2026-09-21 17:54,36.035,36.04,36.01,36.02,49752
2026-09-21 17:55,36.015,36.0499,36.015,36.0299,73721
2026-09-21 17:56,36.025,36.0272,36,36.02,62662
2026-09-21 17:57,36.0101,36.06,36.0101,36.055,69446
2026-09-21 17:58,36.055,36.0942,36.045,36.0901,101310
2026-09-21 17:59,36.0999,36.13,36.09,36.1,85719
2026-09-21 18:00,36.095,36.11,36.03,36.0368,80399
2026-09-21 18:01,36.035,36.06,36.0102,36.0102,92961
2026-09-21 18:02,36.017,36.017,35.97,36.0098,251643
2026-09-21 18:03,36.005,36.01,35.975,35.98,59789
2026-09-21 18:04,35.975,35.9899,35.94,35.945,94810
2026-09-21 18:05,35.94,35.9668,35.91,35.955,108490
2026-09-21 18:06,35.955,35.98,35.955,35.9701,132114
2026-09-21 18:07,35.975,36,35.9615,35.9805,72013
2026-09-21 18:08,35.9805,35.99,35.9599,35.975,62410
2026-09-21 18:09,35.975,36,35.9601,35.99,85068
2026-09-21 18:10,35.99,36,35.9536,35.965,47042
2026-09-21 18:11,35.97,35.985,35.92,35.9268,97955
2026-09-21 18:12,35.925,35.95,35.92,35.9464,59924
2026-09-21 18:13,35.945,35.96,35.8811,35.89,143776
2026-09-21 18:14,35.8911,35.9,35.85,35.87,162624
2026-09-21 18:15,35.867,35.889,35.82,35.835,109854
2026-09-21 18:16,35.8305,35.86,35.8,35.85,145040
2026-09-21 18:17,35.86,35.865,35.8304,35.855,115392
2026-09-21 18:18,35.86,35.86,35.8,35.8006,129018
2026-09-21 18:19,35.805,35.81,35.755,35.7689,293368
2026-09-21 18:20,35.765,35.77,35.72,35.7501,232376
2026-09-21 18:21,35.7501,35.78,35.75,35.775,107675
2026-09-21 18:22,35.77,35.77,35.7,35.705,141428
2026-09-21 18:23,35.705,35.74,35.69,35.73,146137
2026-09-21 18:24,35.725,35.76,35.7201,35.74,115567
2026-09-21 18:25,35.74,35.8,35.74,35.795,160573
2026-09-21 18:26,35.7905,35.84,35.7905,35.815,133348
2026-09-21 18:27,35.815,35.8193,35.75,35.775,73368
2026-09-21 18:28,35.775,35.79,35.7572,35.77,87562
2026-09-21 18:29,35.775,35.78,35.755,35.755,33232
2026-09-21 18:30,35.75,35.756,35.72,35.73,88544
2026-09-21 18:31,35.7265,35.8,35.7,35.79,165786
2026-09-21 18:32,35.7895,35.8101,35.7503,35.805,65595
2026-09-21 18:33,35.81,35.83,35.7601,35.8299,50045
2026-09-21 18:34,35.825,35.87,35.8102,35.84,117520
2026-09-21 18:35,35.83,35.835,35.765,35.765,63174
2026-09-21 18:36,35.77,35.8,35.725,35.735,70687
2026-09-21 18:37,35.735,35.74,35.72,35.72,78222
2026-09-21 18:38,35.73,35.74,35.7,35.7011,56691
2026-09-21 18:39,35.7,35.705,35.62,35.62,214980
2026-09-21 18:40,35.625,35.7,35.6201,35.7,211181
2026-09-21 18:41,35.69,35.705,35.675,35.695,110735
2026-09-21 18:42,35.69,35.69,35.655,35.6699,48202
2026-09-21 18:43,35.6689,35.71,35.665,35.67,82416
2026-09-21 18:44,35.67,35.69,35.66,35.68,68716
2026-09-21 18:45,35.68,35.68,35.6111,35.65,152607
2026-09-21 18:46,35.645,35.68,35.64,35.67,61674
2026-09-21 18:47,35.665,35.665,35.631,35.6503,91888
2026-09-21 18:48,35.655,35.6789,35.62,35.6389,48076
2026-09-21 18:49,35.64,35.65,35.62,35.6399,42735
2026-09-21 18:50,35.635,35.655,35.6,35.64,260935
2026-09-21 18:51,35.645,35.6596,35.62,35.645,154813
2026-09-21 18:52,35.64,35.69,35.64,35.67,161236
2026-09-21 18:53,35.6698,35.68,35.59,35.59,193323
2026-09-21 18:54,35.595,35.5964,35.55,35.565,197051
2026-09-21 18:55,35.565,35.575,35.55,35.565,178466
2026-09-21 18:56,35.57,35.595,35.555,35.59,77565
2026-09-21 18:57,35.59,35.6,35.57,35.5798,143867
2026-09-21 18:58,35.575,35.6,35.5506,35.579,87709
2026-09-21 18:59,35.5701,35.59,35.51,35.515,107204
2026-09-21 19:00,35.5195,35.52,35.42,35.465,416744
2026-09-21 19:01,35.4632,35.53,35.45,35.5,413053
2026-09-21 19:02,35.5,35.54,35.48,35.54,139138
2026-09-21 19:03,35.54,35.57,35.535,35.56,106198
2026-09-21 19:04,35.555,35.6399,35.555,35.6399,88086
2026-09-21 19:05,35.63,35.63,35.57,35.62,77252
2026-09-21 19:06,35.61,35.62,35.46,35.46,128218
2026-09-21 19:07,35.4589,35.4689,35.41,35.43,172679
2026-09-21 19:08,35.43,35.47,35.4,35.47,389392
2026-09-21 19:09,35.4602,35.5,35.4414,35.485,85804
2026-09-21 19:10,35.485,35.515,35.44,35.475,142401
2026-09-21 19:11,35.47,35.487,35.36,35.4001,129815
2026-09-21 19:12,35.401,35.417,35.37,35.405,80918
2026-09-21 19:13,35.4,35.4091,35.3601,35.37,81786
2026-09-21 19:14,35.3601,35.37,35.2801,35.2801,193935
2026-09-21 19:15,35.29,35.3,35.2,35.205,194871
2026-09-21 19:16,35.21,35.27,35.2,35.2,247128
2026-09-21 19:17,35.203,35.21,35.15,35.17,166368
2026-09-21 19:18,35.17,35.2268,35.155,35.2268,217669
2026-09-21 19:19,35.225,35.24,35.205,35.21,112382
2026-09-21 19:20,35.21,35.26,35.21,35.2485,89583
2026-09-21 19:21,35.245,35.275,35.201,35.225,70917
2026-09-21 19:22,35.225,35.25,35.21,35.225,74076
2026-09-21 19:23,35.22,35.25,35.17,35.25,120219
2026-09-21 19:24,35.25,35.3095,35.245,35.3,103443
2026-09-21 19:25,35.2958,35.3385,35.29,35.315,96185
2026-09-21 19:26,35.32,35.3389,35.28,35.2899,96184
2026-09-21 19:27,35.28,35.33,35.27,35.3001,60853
2026-09-21 19:28,35.305,35.33,35.2636,35.2897,71750
2026-09-21 19:29,35.289,35.3828,35.2801,35.3828,150436
2026-09-21 19:30,35.3899,35.415,35.24,35.265,202747
2026-09-21 19:31,35.265,35.275,35.211,35.211,129474
2026-09-21 19:32,35.21,35.21,35.13,35.17,221122
2026-09-21 19:33,35.17,35.17,35.04,35.07,439974
2026-09-21 19:34,35.06,35.09,35.05,35.06,150696
2026-09-21 19:35,35.0605,35.065,35.023,35.035,106254
2026-09-21 19:36,35.035,35.04,34.97,34.98,504869
2026-09-21 19:37,34.9701,34.99,34.84,34.845,600053
2026-09-21 19:38,34.84,34.85,34.7511,34.755,324828
2026-09-21 19:39,34.755,34.7897,34.74,34.75,260070
2026-09-21 19:40,34.745,34.79,34.68,34.77,255249
2026-09-21 19:41,34.78,34.84,34.7601,34.815,310904
2026-09-21 19:42,34.82,34.87,34.7801,34.85,313628
2026-09-21 19:43,34.85,34.87,34.7936,34.865,170546
2026-09-21 19:44,34.87,34.905,34.8397,34.889,244586
2026-09-21 19:45,34.89,34.94,34.86,34.905,240091
2026-09-21 19:46,34.9025,35.05,34.895,35.03,186912
2026-09-21 19:47,35.0289,35.04,34.9623,35.035,142267
2026-09-21 19:48,35.0399,35.0399,34.975,35.03,85647
2026-09-21 19:49,35.04,35.0699,34.9801,34.9999,122639
2026-09-21 19:50,35,35.1751,34.98,35.1,295941
2026-09-21 19:51,35.1,35.135,35.0601,35.0871,295697
2026-09-21 19:52,35.08,35.08,34.955,34.9823,290830
2026-09-21 19:53,34.9875,35.1275,34.965,35.12,252899
2026-09-21 19:54,35.13,35.14,35.02,35.13,272137
2026-09-21 19:55,35.14,35.18,34.95,34.955,451707
2026-09-21 19:56,34.955,35.03,34.95,35.025,216530
2026-09-21 19:57,35.015,35.11,34.995,35.09,192151
2026-09-21 19:58,35.09,35.23,35.0801,35.1994,292010
2026-09-21 19:59,35.2,35.37,35.195,35.33,694149
2026-09-22 13:30,35.98,36.01,35.45,35.55,2.35284e+07
2026-09-22 13:31,35.56,35.605,35.17,35.23,597416
2026-09-22 13:32,35.2345,35.35,35.0316,35.0602,535102
2026-09-22 13:33,35.0601,35.21,35.05,35.05,379871
2026-09-22 13:34,35.0501,35.14,34.8778,34.8887,754763
2026-09-22 13:35,34.88,34.9,34.59,34.71,823466
2026-09-22 13:36,34.72,34.82,34.62,34.691,506019
2026-09-22 13:37,34.6988,34.98,34.6988,34.82,500826
2026-09-22 13:38,34.81,35.03,34.7771,35.0199,459934
2026-09-22 13:39,35.009,35.025,34.89,34.93,347198
2026-09-22 13:40,34.94,34.95,34.75,34.81,318598
2026-09-22 13:41,34.81,34.82,34.6932,34.71,317272
2026-09-22 13:42,34.71,34.75,34.62,34.72,318749
2026-09-22 13:43,34.73,34.745,34.53,34.53,426662
2026-09-22 13:44,34.53,34.66,34.52,34.66,376795
2026-09-22 13:45,34.66,34.779,34.6,34.6301,311342
2026-09-22 13:46,34.63,34.73,34.56,34.72,223354
2026-09-22 13:47,34.71,34.86,34.68,34.7711,309767
2026-09-22 13:48,34.77,34.84,34.6936,34.78,257091
2026-09-22 13:49,34.8,34.84,34.68,34.785,282148
2026-09-22 13:50,34.785,34.7999,34.45,34.4501,360897
2026-09-22 13:51,34.455,34.5391,34.35,34.3793,442493
2026-09-22 13:52,34.38,34.5,34.38,34.41,281732
2026-09-22 13:53,34.41,34.4698,34.3,34.33,303649
2026-09-22 13:54,34.32,34.395,34.22,34.226,379114
2026-09-22 13:55,34.22,34.3397,34.2011,34.3301,440778
2026-09-22 13:56,34.335,34.4402,34.295,34.36,297744
2026-09-22 13:57,34.365,34.4,34.2604,34.29,171249
2026-09-22 13:58,34.28,34.305,34.1701,34.175,344807
2026-09-22 13:59,34.1703,34.2099,34.05,34.06,378796
2026-09-22 14:00,34.07,34.22,34.03,34.2101,476961
2026-09-22 14:01,34.2,34.2703,34.16,34.2,315008
2026-09-22 14:02,34.195,34.29,34.145,34.19,245592
2026-09-22 14:03,34.19,34.2864,34.1599,34.2701,147283
2026-09-22 14:04,34.2693,34.32,34.141,34.16,208530
2026-09-22 14:05,34.16,34.24,34.1313,34.24,229421
2026-09-22 14:06,34.23,34.26,34.15,34.21,163938
2026-09-22 14:07,34.205,34.205,34.0411,34.12,252570
2026-09-22 14:08,34.11,34.125,34.045,34.0801,218431
2026-09-22 14:09,34.08,34.145,34.06,34.075,150049
2026-09-22 14:10,34.0702,34.09,33.9,33.9,638586
2026-09-22 14:11,33.9,33.9,33.71,33.715,606255
2026-09-22 14:12,33.71,33.76,33.665,33.7499,527241
2026-09-22 14:13,33.7438,33.81,33.7,33.78,333724
2026-09-22 14:14,33.77,33.8299,33.73,33.7786,158653
2026-09-22 14:15,33.77,33.89,33.77,33.785,254298
2026-09-22 14:16,33.78,33.8599,33.74,33.85,138405
2026-09-22 14:17,33.845,33.925,33.775,33.81,242271
2026-09-22 14:18,33.815,33.88,33.769,33.8078,148056
2026-09-22 14:19,33.805,33.84,33.77,33.81,270210
2026-09-22 14:20,33.801,33.86,33.75,33.79,169759
2026-09-22 14:21,33.7761,33.96,33.775,33.9,252219
2026-09-22 14:22,33.89,33.915,33.7901,33.805,155768
2026-09-22 14:23,33.79,33.815,33.76,33.8101,131690
2026-09-22 14:24,33.81,33.87,33.72,33.7401,184062
2026-09-22 14:25,33.75,33.815,33.74,33.765,112712
2026-09-22 14:26,33.765,33.77,33.6,33.6201,412169
2026-09-22 14:27,33.625,33.66,33.6,33.6201,300337
2026-09-22 14:28,33.62,33.65,33.54,33.545,319759
2026-09-22 14:29,33.54,33.5999,33.54,33.585,268223
2026-09-22 14:30,33.58,33.62,33.5,33.531,280496
2026-09-22 14:31,33.53,33.53,33.36,33.375,497707
2026-09-22 14:32,33.3712,33.38,33.3105,33.32,504230
2026-09-22 14:33,33.32,33.33,33.2365,33.29,466374
2026-09-22 14:34,33.29,33.35,33.27,33.3097,346897
2026-09-22 14:35,33.305,33.55,33.3,33.4799,462516
2026-09-22 14:36,33.475,33.6299,33.435,33.6,377632
2026-09-22 14:37,33.59,33.65,33.4831,33.51,371661
2026-09-22 14:38,33.515,33.745,33.5099,33.68,310247
2026-09-22 14:39,33.69,33.725,33.47,33.69,308499
2026-09-22 14:40,33.6901,33.78,33.655,33.77,233029
2026-09-22 14:41,33.775,34.0099,33.771,34.0001,418592
2026-09-22 14:42,34,34.07,33.9401,33.9989,517319
2026-09-22 14:43,34,34.1,33.995,34.0101,268393
2026-09-22 14:44,34.015,34.04,33.94,34.025,246215
2026-09-22 14:45,34.0299,34.19,34.0095,34.19,296241
2026-09-22 14:46,34.2,34.3287,34.17,34.3,607673
2026-09-22 14:47,34.2997,34.355,34.17,34.17,373601
2026-09-22 14:48,34.172,34.2399,34.03,34.03,282948
2026-09-22 14:49,34.03,34.0564,33.9201,33.93,274938
2026-09-22 14:50,33.93,33.945,33.86,33.92,180800
2026-09-22 14:51,33.92,34.05,33.915,34.0399,193463
2026-09-22 14:52,34.03,34.07,33.95,33.965,205991
2026-09-22 14:53,33.961,34.0196,33.91,33.9999,138495
2026-09-22 14:54,34,34.05,33.9,33.915,140587
2026-09-22 14:55,33.91,33.97,33.86,33.9599,184673
2026-09-22 14:56,33.97,34.055,33.96,34.03,99081
2026-09-22 14:57,34.04,34.05,33.96,34.028,96858
2026-09-22 14:58,34.02,34.04,33.985,34.035,156507
2026-09-22 14:59,34.03,34.07,33.952,33.955,141209
2026-09-22 15:00,33.95,33.995,33.9104,33.941,133765
2026-09-22 15:01,33.95,34.03,33.87,33.875,122445
2026-09-22 15:02,33.88,33.95,33.85,33.92,123469
2026-09-22 15:03,33.925,33.9899,33.9101,33.9689,54880
2026-09-22 15:04,33.9689,34.04,33.95,33.98,163428
2026-09-22 15:05,33.9698,34.0088,33.91,33.92,68304
2026-09-22 15:06,33.9105,33.98,33.88,33.96,119173
2026-09-22 15:07,33.955,33.985,33.875,33.9412,167376
2026-09-22 15:08,33.9501,34.02,33.9501,33.99,64312
2026-09-22 15:09,33.995,34.015,33.925,34.001,73586
2026-09-22 15:10,34,34,33.925,33.9311,68311
2026-09-22 15:11,33.95,33.96,33.91,33.93,54659
2026-09-22 15:12,33.925,33.95,33.9003,33.93,35391
2026-09-22 15:13,33.9299,33.99,33.881,33.881,95369
2026-09-22 15:14,33.88,33.88,33.67,33.7001,402568
2026-09-22 15:15,33.71,33.82,33.7,33.8199,303355
2026-09-22 15:16,33.815,33.835,33.77,33.77,219339
2026-09-22 15:17,33.76,33.81,33.74,33.775,103311
2026-09-22 15:18,33.775,33.9,33.7701,33.845,117107
2026-09-22 15:19,33.84,33.84,33.72,33.735,147492
2026-09-22 15:20,33.74,33.825,33.735,33.8,85650
2026-09-22 15:21,33.8,33.82,33.735,33.76,81315
2026-09-22 15:22,33.74,33.8,33.735,33.8,62294
2026-09-22 15:23,33.81,33.835,33.785,33.795,62128
2026-09-22 15:24,33.79,33.8,33.748,33.7785,55966
2026-09-22 15:25,33.775,33.7887,33.72,33.74,93181
2026-09-22 15:26,33.74,33.81,33.73,33.785,68240
2026-09-22 15:27,33.7913,33.845,33.775,33.78,65534
2026-09-22 15:28,33.7899,33.85,33.7811,33.85,49263
2026-09-22 15:29,33.845,33.855,33.805,33.81,42933
2026-09-22 15:30,33.815,33.865,33.79,33.79,80769
2026-09-22 15:31,33.78,33.79,33.68,33.715,122529
2026-09-22 15:32,33.7101,33.7599,33.705,33.7599,69709
2026-09-22 15:33,33.7501,33.76,33.7003,33.7301,53369
2026-09-22 15:34,33.73,33.73,33.68,33.72,85505
2026-09-22 15:35,33.725,33.735,33.695,33.7195,79057
2026-09-22 15:36,33.7199,33.7201,33.66,33.695,95013
2026-09-22 15:37,33.69,33.7399,33.6799,33.7171,64607
2026-09-22 15:38,33.72,33.8,33.7136,33.769,142278
2026-09-22 15:39,33.77,33.77,33.715,33.7489,65555
2026-09-22 15:40,33.75,33.765,33.735,33.735,49626
2026-09-22 15:41,33.74,33.8199,33.72,33.775,57320
2026-09-22 15:42,33.77,33.78,33.73,33.751,98364
2026-09-22 15:43,33.755,33.77,33.719,33.75,83078
2026-09-22 15:44,33.75,33.75,33.71,33.7301,80091
2026-09-22 15:45,33.73,33.73,33.685,33.7,65904
2026-09-22 15:46,33.705,33.74,33.7,33.7099,55555
2026-09-22 15:47,33.705,33.72,33.61,33.61,110760
2026-09-22 15:48,33.6005,33.65,33.58,33.609,121713
2026-09-22 15:49,33.6,33.6523,33.59,33.6523,64041
2026-09-22 15:50,33.655,33.6699,33.56,33.58,100414
2026-09-22 15:51,33.585,33.6,33.53,33.5401,98948
2026-09-22 15:52,33.5336,33.6,33.5336,33.595,80174
2026-09-22 15:53,33.585,33.59,33.55,33.5592,40949
2026-09-22 15:54,33.56,33.5989,33.53,33.5977,50879
2026-09-22 15:55,33.595,33.6099,33.535,33.535,47454
2026-09-22 15:56,33.535,33.575,33.52,33.55,81177
2026-09-22 15:57,33.56,33.56,33.5,33.5,109682
2026-09-22 15:58,33.5,33.51,33.48,33.495,115876
2026-09-22 15:59,33.495,33.5,33.46,33.48,82764
2026-09-22 16:00,33.4807,33.51,33.455,33.46,74081
2026-09-22 16:01,33.4699,33.5,33.4511,33.467,93234
2026-09-22 16:02,33.465,33.51,33.465,33.485,94301
2026-09-22 16:03,33.485,33.52,33.47,33.475,118486
2026-09-22 16:04,33.48,33.505,33.455,33.4701,94049
2026-09-22 16:05,33.4784,33.48,33.45,33.455,62984
2026-09-22 16:06,33.45,33.4564,33.4,33.42,153538
2026-09-22 16:07,33.42,33.42,33.3386,33.345,136012
2026-09-22 16:08,33.35,33.42,33.33,33.405,123854
2026-09-22 16:09,33.41,33.425,33.37,33.4199,111557
2026-09-22 16:10,33.4,33.4199,33.365,33.375,47225
2026-09-22 16:11,33.38,33.42,33.36,33.4189,62987
2026-09-22 16:12,33.41,33.46,33.405,33.46,79407
2026-09-22 16:13,33.455,33.48,33.415,33.44,109444
2026-09-22 16:14,33.4489,33.46,33.4002,33.4002,48294
2026-09-22 16:15,33.41,33.4658,33.405,33.46,69071
2026-09-22 16:16,33.46,33.47,33.43,33.47,72860
2026-09-22 16:17,33.4701,33.48,33.4,33.4,72659
2026-09-22 16:18,33.41,33.4999,33.39,33.48,77820
2026-09-22 16:19,33.47,33.51,33.4601,33.495,53589
2026-09-22 16:20,33.5,33.535,33.47,33.49,103716
2026-09-22 16:21,33.49,33.51,33.465,33.48,60057
2026-09-22 16:22,33.48,33.49,33.43,33.44,83675
2026-09-22 16:23,33.43,33.52,33.4,33.5171,100017
2026-09-22 16:24,33.505,33.59,33.505,33.57,145381
2026-09-22 16:25,33.565,33.58,33.495,33.56,100404
2026-09-22 16:26,33.565,33.7,33.5505,33.685,124704
2026-09-22 16:27,33.69,33.73,33.6612,33.6911,130074
2026-09-22 16:28,33.6901,33.73,33.69,33.73,90004
2026-09-22 16:29,33.7295,33.7823,33.7101,33.7785,128937
2026-09-22 16:30,33.775,33.775,33.66,33.66,143321
2026-09-22 16:31,33.665,33.6712,33.5736,33.6,90565
2026-09-22 16:32,33.5976,33.63,33.58,33.595,67055
2026-09-22 16:33,33.595,33.61,33.554,33.5603,64305
2026-09-22 16:34,33.5601,33.565,33.5301,33.5427,68214
2026-09-22 16:35,33.545,33.61,33.545,33.595,45441
2026-09-22 16:36,33.597,33.6098,33.53,33.5399,76286
2026-09-22 16:37,33.546,33.57,33.5311,33.549,36775
2026-09-22 16:38,33.55,33.56,33.535,33.55,49995
2026-09-22 16:39,33.545,33.625,33.545,33.6091,38982
2026-09-22 16:40,33.61,33.62,33.585,33.59,51759
2026-09-22 16:41,33.58,33.595,33.5701,33.575,36604
2026-09-22 16:42,33.5701,33.58,33.544,33.56,32394
2026-09-22 16:43,33.5586,33.5586,33.5,33.5106,71698
2026-09-22 16:44,33.51,33.52,33.49,33.505,55776
2026-09-22 16:45,33.505,33.53,33.47,33.52,40754
2026-09-22 16:46,33.519,33.5364,33.485,33.485,43110
2026-09-22 16:47,33.485,33.49,33.4601,33.48,45077
2026-09-22 16:48,33.4793,33.48,33.35,33.425,175200
2026-09-22 16:49,33.43,33.45,33.35,33.355,80134
2026-09-22 16:50,33.35,33.39,33.35,33.39,77408
2026-09-22 16:51,33.375,33.405,33.36,33.3811,127082
2026-09-22 16:52,33.385,33.4,33.35,33.36,46808
2026-09-22 16:53,33.3599,33.361,33.32,33.335,192945
2026-09-22 16:54,33.34,33.39,33.33,33.35,82650
2026-09-22 16:55,33.345,33.3762,33.32,33.36,97944
2026-09-22 16:56,33.365,33.3794,33.3299,33.355,55502
2026-09-22 16:57,33.36,33.37,33.3401,33.35,41141
2026-09-22 16:58,33.345,33.36,33.33,33.33,54991
2026-09-22 16:59,33.33,33.34,33.31,33.3111,278063
2026-09-22 17:00,33.315,33.3277,33.3,33.3065,84574
2026-09-22 17:01,33.3064,33.3297,33.3,33.315,56720
2026-09-22 17:02,33.315,33.33,33.3,33.325,70008
2026-09-22 17:03,33.325,33.325,33.3,33.3,62003
2026-09-22 17:04,33.3,33.309,33.26,33.275,145806
2026-09-22 17:05,33.275,33.2901,33.2611,33.29,111192
2026-09-22 17:06,33.28,33.28,33.2,33.245,160587
2026-09-22 17:07,33.245,33.26,33.23,33.23,71477
2026-09-22 17:08,33.2299,33.27,33.225,33.245,98164
2026-09-22 17:09,33.249,33.28,33.245,33.265,74868
2026-09-22 17:10,33.26,33.26,33.22,33.2398,51651
2026-09-22 17:11,33.2398,33.2699,33.23,33.24,56535
2026-09-22 17:12,33.23,33.27,33.23,33.265,95951
2026-09-22 17:13,33.266,33.28,33.255,33.28,53253
2026-09-22 17:14,33.265,33.31,33.2604,33.305,65495
2026-09-22 17:15,33.3089,33.37,33.3001,33.32,75286
2026-09-22 17:16,33.325,33.3399,33.291,33.315,48641
2026-09-22 17:17,33.3129,33.335,33.3,33.33,34768
2026-09-22 17:18,33.3385,33.37,33.3311,33.35,86716
2026-09-22 17:19,33.3599,33.3689,33.34,33.36,56308
2026-09-22 17:20,33.355,33.43,33.355,33.4079,49699
2026-09-22 17:21,33.4089,33.45,33.405,33.435,72207
2026-09-22 17:22,33.435,33.47,33.4111,33.4399,87379
2026-09-22 17:23,33.4309,33.485,33.4301,33.462,50068
2026-09-22 17:24,33.4614,33.505,33.4499,33.45,65957
2026-09-22 17:25,33.445,33.47,33.4404,33.46,32476
2026-09-22 17:26,33.455,33.4664,33.41,33.431,52603
2026-09-22 17:27,33.43,33.43,33.35,33.355,88165
2026-09-22 17:28,33.355,33.37,33.3311,33.3311,57749
2026-09-22 17:29,33.33,33.35,33.3129,33.3464,42899
2026-09-22 17:30,33.3401,33.4,33.3401,33.3799,64843
2026-09-22 17:31,33.38,33.41,33.375,33.4,40312
2026-09-22 17:32,33.4,33.405,33.3701,33.391,33901
2026-09-22 17:33,33.395,33.49,33.395,33.465,53976
2026-09-22 17:34,33.465,33.48,33.41,33.415,49062
2026-09-22 17:35,33.415,33.4199,33.37,33.38,30048
2026-09-22 17:36,33.37,33.4499,33.365,33.4306,45051
2026-09-22 17:37,33.4368,33.4368,33.375,33.3836,37958
2026-09-22 17:38,33.39,33.42,33.35,33.3899,55072
2026-09-22 17:39,33.39,33.42,33.375,33.415,141265
2026-09-22 17:40,33.42,33.49,33.42,33.44,64685
2026-09-22 17:41,33.44,33.45,33.4097,33.415,47352
2026-09-22 17:42,33.4,33.4,33.3428,33.37,44177
2026-09-22 17:43,33.375,33.3964,33.355,33.3572,46032
2026-09-22 17:44,33.36,33.375,33.331,33.355,53002
2026-09-22 17:45,33.36,33.37,33.31,33.31,38378
2026-09-22 17:46,33.315,33.325,33.3,33.3197,61381
2026-09-22 17:47,33.32,33.36,33.31,33.35,26888
2026-09-22 17:48,33.35,33.35,33.32,33.32,18567
2026-09-22 17:49,33.3101,33.34,33.3101,33.3255,24636
2026-09-22 17:50,33.32,33.3489,33.3,33.325,24022
2026-09-22 17:51,33.325,33.34,33.3101,33.3385,22343
2026-09-22 17:52,33.335,33.35,33.1,33.17,540198
2026-09-22 17:53,33.16,33.18,33.07,33.12,243654
2026-09-22 17:54,33.115,33.122,33.05,33.1116,201084
2026-09-22 17:55,33.11,33.17,33.0901,33.145,118071
2026-09-22 17:56,33.1497,33.23,33.14,33.225,133571
2026-09-22 17:57,33.22,33.2499,33.19,33.21,125786
2026-09-22 17:58,33.22,33.2257,33.14,33.1411,65696
2026-09-22 17:59,33.1488,33.19,33.12,33.12,64640
2026-09-22 18:00,33.1141,33.4,33.11,33.39,191631
2026-09-22 18:01,33.3805,33.43,33.2201,33.23,191274
2026-09-22 18:02,33.24,33.295,33.213,33.225,66562
2026-09-22 18:03,33.235,33.24,33.2,33.2095,25652
2026-09-22 18:04,33.2,33.23,33.18,33.21,46328
2026-09-22 18:05,33.206,33.23,33.14,33.175,74466
2026-09-22 18:06,33.175,33.1799,33.1,33.125,139968
2026-09-22 18:07,33.125,33.1872,33.12,33.145,79405
2026-09-22 18:08,33.145,33.1471,33.1,33.105,90343
2026-09-22 18:09,33.105,33.11,33.08,33.085,80902
2026-09-22 18:10,33.09,33.0915,33.02,33.08,194887
2026-09-22 18:11,33.0705,33.09,33.03,33.0485,64378
2026-09-22 18:12,33.045,33.055,33.015,33.05,91826
2026-09-22 18:13,33.055,33.1005,33.05,33.075,70514
2026-09-22 18:14,33.075,33.11,33.07,33.11,43388
2026-09-22 18:15,33.105,33.105,33.035,33.04,65958
2026-09-22 18:16,33.04,33.07,33.04,33.05,54967
2026-09-22 18:17,33.05,33.06,33.03,33.0464,86383
2026-09-22 18:18,33.045,33.045,32.97,33.005,484521
2026-09-22 18:19,33.005,33.0185,32.97,32.9836,163510
2026-09-22 18:20,32.9899,32.9999,32.95,32.9701,199315
2026-09-22 18:21,32.97,33,32.96,32.98,50405
2026-09-22 18:22,32.97,33,32.97,32.9811,43283
2026-09-22 18:23,32.98,32.99,32.9424,32.96,66623
2026-09-22 18:24,32.965,32.9699,32.95,32.96,41536
2026-09-22 18:25,32.96,32.97,32.94,32.95,61108
2026-09-22 18:26,32.9489,33,32.9485,32.9802,72516
2026-09-22 18:27,32.98,33,32.97,32.9764,44988
2026-09-22 18:28,32.975,32.975,32.9499,32.96,36687
2026-09-22 18:29,32.96,32.97,32.935,32.95,45915
2026-09-22 18:30,32.96,33,32.96,32.985,85375
2026-09-22 18:31,32.98,32.98,32.94,32.9685,50733
2026-09-22 18:32,32.965,33.03,32.9629,33.01,59247
2026-09-22 18:33,33,33.045,32.9915,33.025,72421
2026-09-22 18:34,33.0289,33.029,33.01,33.02,22461
2026-09-22 18:35,33.025,33.04,32.99,33.0201,45539
2026-09-22 18:36,33.03,33.0597,33.015,33.05,56370
2026-09-22 18:37,33.0499,33.06,32.995,33.02,54528
2026-09-22 18:38,33.02,33.06,33.0136,33.0499,47500
2026-09-22 18:39,33.05,33.1094,33.05,33.0501,46170
2026-09-22 18:40,33.057,33.08,33.0436,33.0436,34838
2026-09-22 18:41,33.045,33.13,33.045,33.11,64330
2026-09-22 18:42,33.09,33.125,33.07,33.09,66018
2026-09-22 18:43,33.1,33.1,33.055,33.09,49215
2026-09-22 18:44,33.09,33.1,33.053,33.075,43446
2026-09-22 18:45,33.08,33.09,33.05,33.08,57028
2026-09-22 18:46,33.08,33.12,33.07,33.12,45421
2026-09-22 18:47,33.115,33.14,33.095,33.13,53953
2026-09-22 18:48,33.1237,33.14,33.11,33.115,33219
2026-09-22 18:49,33.11,33.12,33.09,33.0936,41274
2026-09-22 18:50,33.0997,33.12,33.095,33.11,32878
2026-09-22 18:51,33.1162,33.12,33.07,33.1,65714
2026-09-22 18:52,33.105,33.12,33.085,33.12,36895
2026-09-22 18:53,33.1104,33.157,33.105,33.15,228995
2026-09-22 18:54,33.145,33.1599,33.0901,33.0989,53345
2026-09-22 18:55,33.0901,33.1,33.0204,33.05,73374
2026-09-22 18:56,33.04,33.0794,33.03,33.065,67250
2026-09-22 18:57,33.065,33.1,33.04,33.065,96929
2026-09-22 18:58,33.0699,33.09,33.05,33.085,53451
2026-09-22 18:59,33.08,33.1064,33.06,33.08,48234
2026-09-22 19:00,33.07,33.07,32.96,32.9707,172452
2026-09-22 19:01,32.97,32.9962,32.96,32.98,95955
2026-09-22 19:02,32.9799,32.98,32.96,32.96,88769
2026-09-22 19:03,32.9631,32.966,32.93,32.94,105447
2026-09-22 19:04,32.94,32.955,32.9,32.9001,191877
2026-09-22 19:05,32.91,32.92,32.85,32.86,258846
2026-09-22 19:06,32.86,32.8991,32.82,32.875,246531
2026-09-22 19:07,32.8796,32.9,32.875,32.885,77712
2026-09-22 19:08,32.88,32.89,32.825,32.84,171939
2026-09-22 19:09,32.8389,32.869,32.83,32.8499,67251
2026-09-22 19:10,32.8489,32.8489,32.8,32.8194,110749
2026-09-22 19:11,32.815,32.87,32.81,32.8505,42622
2026-09-22 19:12,32.85,32.89,32.83,32.89,138603
2026-09-22 19:13,32.89,32.92,32.87,32.885,75381
2026-09-22 19:14,32.8871,32.91,32.823,32.83,56465
2026-09-22 19:15,32.835,32.8399,32.78,32.785,122144
2026-09-22 19:16,32.785,32.83,32.78,32.82,89291
2026-09-22 19:17,32.825,32.83,32.81,32.815,29673
2026-09-22 19:18,32.815,32.8295,32.78,32.81,66907
2026-09-22 19:19,32.8199,32.825,32.7801,32.81,38980
2026-09-22 19:20,32.8,32.845,32.794,32.825,56692
2026-09-22 19:21,32.825,32.8702,32.82,32.8395,69127
2026-09-22 19:22,32.835,32.94,32.835,32.915,80023
2026-09-22 19:23,32.915,32.9299,32.89,32.905,62355
2026-09-22 19:24,32.9,32.96,32.87,32.95,89357
2026-09-22 19:25,32.94,32.94,32.81,32.8301,97312
2026-09-22 19:26,32.8311,32.85,32.8,32.815,83762
2026-09-22 19:27,32.815,32.86,32.81,32.8501,81424
2026-09-22 19:28,32.85,32.8699,32.825,32.845,51955
2026-09-22 19:29,32.845,32.875,32.845,32.87,41204
2026-09-22 19:30,32.87,32.88,32.73,32.815,441851
2026-09-22 19:31,32.82,32.82,32.75,32.77,86652
2026-09-22 19:32,32.7799,32.8,32.71,32.73,119531
2026-09-22 19:33,32.72,32.745,32.69,32.7,149608
2026-09-22 19:34,32.7,32.73,32.6701,32.7,130318
2026-09-22 19:35,32.7,32.76,32.66,32.715,151660
2026-09-22 19:36,32.7101,32.76,32.71,32.72,98115
2026-09-22 19:37,32.72,32.73,32.61,32.615,150024
2026-09-22 19:38,32.625,32.64,32.56,32.565,366054
2026-09-22 19:39,32.5612,32.595,32.55,32.57,236459
2026-09-22 19:40,32.565,32.57,32.54,32.565,165296
2026-09-22 19:41,32.56,32.62,32.56,32.601,119095
2026-09-22 19:42,32.6094,32.66,32.6,32.635,175799
2026-09-22 19:43,32.639,32.6599,32.58,32.5999,146021
2026-09-22 19:44,32.59,32.61,32.57,32.575,93630
2026-09-22 19:45,32.57,32.5889,32.54,32.57,94316
2026-09-22 19:46,32.57,32.58,32.53,32.5599,156893
2026-09-22 19:47,32.5574,32.5574,32.5,32.5,171127
2026-09-22 19:48,32.5,32.51,32.4737,32.51,214815
2026-09-22 19:49,32.505,32.51,32.44,32.4562,161330
2026-09-22 19:50,32.46,32.53,32.43,32.505,528027
2026-09-22 19:51,32.505,32.53,32.45,32.45,224363
2026-09-22 19:52,32.45,32.45,32.3,32.3164,366604
2026-09-22 19:53,32.315,32.357,32.2529,32.357,367243
2026-09-22 19:54,32.35,32.51,32.34,32.4595,422363
2026-09-22 19:55,32.455,32.495,32.3501,32.385,309684
2026-09-22 19:56,32.385,32.42,32.3725,32.375,319685
2026-09-22 19:57,32.375,32.42,32.37,32.3789,158288
2026-09-22 19:58,32.375,32.45,32.355,32.445,262825
2026-09-22 19:59,32.445,32.46,32.4026,32.415,505240
2026-09-23 13:30,32.87,32.96,32.63,32.78,1.41405e+07
2026-09-23 13:31,32.775,33.25,32.7401,33.16,648044
2026-09-23 13:32,33.15,33.38,33.08,33.35,554253
2026-09-23 13:33,33.35,33.45,33.28,33.29,527566
2026-09-23 13:34,33.2901,33.36,33.18,33.32,339936
2026-09-23 13:35,33.3,33.3066,33,33.18,399951
2026-09-23 13:36,33.18,33.47,33.14,33.4299,441392
2026-09-23 13:37,33.41,33.55,33.365,33.5401,581846
2026-09-23 13:38,33.55,33.725,33.49,33.72,599504
2026-09-23 13:39,33.73,33.7499,33.5501,33.63,599605
2026-09-23 13:40,33.632,33.77,33.6193,33.7193,788271
2026-09-23 13:41,33.7191,33.8199,33.7,33.805,440579
2026-09-23 13:42,33.8022,33.8178,33.66,33.705,399451
2026-09-23 13:43,33.71,33.875,33.6126,33.778,568204
2026-09-23 13:44,33.77,33.7827,33.67,33.69,179759
2026-09-23 13:45,33.71,33.78,33.56,33.635,420954
2026-09-23 13:46,33.64,34.005,33.64,34,632677
2026-09-23 13:47,33.995,34.1499,33.94,33.97,625272
2026-09-23 13:48,33.9697,34.11,33.889,34.03,400700
2026-09-23 13:49,34.0201,34.08,33.96,34.05,457753
2026-09-23 13:50,34.035,34.23,34.0101,34.2,431648
2026-09-23 13:51,34.2,34.29,34.15,34.1976,432392
2026-09-23 13:52,34.195,34.37,34.1705,34.21,757053
2026-09-23 13:53,34.21,34.25,33.9701,34.0413,549485
2026-09-23 13:54,34.0401,34.14,34.01,34.0999,307301
2026-09-23 13:55,34.08,34.105,33.94,34.0501,335216
2026-09-23 13:56,34.059,34.12,34,34.115,302928
2026-09-23 13:57,34.11,34.11,33.98,33.9964,238580
2026-09-23 13:58,33.9903,33.995,33.8839,33.9499,233607
2026-09-23 13:59,33.93,34.06,33.93,33.98,199136
2026-09-23 14:00,33.98,33.995,33.72,33.76,557253
2026-09-23 14:01,33.755,33.78,33.6,33.7099,422249
2026-09-23 14:02,33.702,33.92,33.685,33.895,300956
2026-09-23 14:03,33.8987,33.93,33.85,33.89,245218
2026-09-23 14:04,33.885,33.92,33.83,33.85,212162
2026-09-23 14:05,33.84,33.86,33.76,33.832,180189
2026-09-23 14:06,33.85,33.98,33.821,33.9651,246848
2026-09-23 14:07,33.965,34.11,33.96,34.095,394547
2026-09-23 14:08,34.095,34.1899,34.06,34.14,309563
2026-09-23 14:09,34.14,34.2364,34.105,34.195,289870
2026-09-23 14:10,34.19,34.43,34.175,34.4,501333
2026-09-23 14:11,34.4001,34.6,34.4,34.5351,695976
2026-09-23 14:12,34.5275,34.6499,34.465,34.645,662103
2026-09-23 14:13,34.64,34.73,34.57,34.605,556808
2026-09-23 14:14,34.605,34.725,34.59,34.695,415950
2026-09-23 14:15,34.695,34.73,34.51,34.515,533081
2026-09-23 14:16,34.52,34.58,34.47,34.52,350091
2026-09-23 14:17,34.52,34.78,34.5011,34.765,513660
2026-09-23 14:18,34.765,34.88,34.72,34.8,652799
2026-09-23 14:19,34.8,34.96,34.7801,34.9502,425799
2026-09-23 14:20,34.95,35.06,34.76,34.8001,952467
2026-09-23 14:21,34.81,34.94,34.79,34.9,360055
2026-09-23 14:22,34.8898,35.005,34.88,34.95,509558
2026-09-23 14:23,34.96,34.97,34.86,34.89,304015
2026-09-23 14:24,34.88,34.91,34.851,34.875,175377
2026-09-23 14:25,34.875,34.875,34.7,34.835,637605
2026-09-23 14:26,34.85,35.05,34.83,35.01,581274
2026-09-23 14:27,35,35.02,34.825,34.845,360910
2026-09-23 14:28,34.8489,34.86,34.72,34.745,277218
2026-09-23 14:29,34.74,34.782,34.69,34.77,348641
2026-09-23 14:30,34.76,34.875,34.705,34.842,257386
2026-09-23 14:31,34.835,34.98,34.815,34.8605,291141
2026-09-23 14:32,34.87,34.8851,34.7,34.7399,203713
2026-09-23 14:33,34.732,34.765,34.61,34.64,249220
2026-09-23 14:34,34.6406,34.69,34.52,34.53,401195
2026-09-23 14:35,34.535,34.5499,34.41,34.45,450405
2026-09-23 14:36,34.4403,34.5,34.38,34.458,334558
2026-09-23 14:37,34.455,34.54,34.4,34.5187,466726
2026-09-23 14:38,34.52,34.6699,34.49,34.66,312585
2026-09-23 14:39,34.67,34.76,34.64,34.665,244251
2026-09-23 14:40,34.665,34.695,34.6,34.615,187814
2026-09-23 14:41,34.61,34.66,34.5,34.62,218063
2026-09-23 14:42,34.6172,34.6751,34.605,34.645,194024
2026-09-23 14:43,34.645,34.7274,34.645,34.675,295707
2026-09-23 14:44,34.675,34.705,34.55,34.5651,152480
2026-09-23 14:45,34.565,34.565,34.43,34.47,210879
2026-09-23 14:46,34.47,34.5499,34.42,34.47,170034
2026-09-23 14:47,34.46,34.55,34.43,34.5499,227459
2026-09-23 14:48,34.54,34.585,34.485,34.51,110366
2026-09-23 14:49,34.51,34.5199,34.43,34.435,98512
2026-09-23 14:50,34.44,34.585,34.43,34.585,132870
2026-09-23 14:51,34.58,34.5899,34.3,34.4,598115
2026-09-23 14:52,34.41,34.435,34.29,34.29,292740
2026-09-23 14:53,34.28,34.28,33.9,33.92,1.04813e+06
2026-09-23 14:54,33.92,34.005,33.86,33.9399,506715
2026-09-23 14:55,33.94,34.05,33.79,33.89,625572
2026-09-23 14:56,33.88,33.96,33.86,33.96,235578
2026-09-23 14:57,33.96,33.98,33.885,33.8896,278613
2026-09-23 14:58,33.885,33.96,33.88,33.9,149771
2026-09-23 14:59,33.8965,33.91,33.81,33.8401,288809
2026-09-23 15:00,33.8497,33.95,33.82,33.88,450711
2026-09-23 15:01,33.865,33.88,33.772,33.845,206515
2026-09-23 15:02,33.8464,33.9564,33.81,33.95,212248
2026-09-23 15:03,33.955,34.04,33.9228,34.0125,214161
2026-09-23 15:04,34.02,34.11,33.991,34.03,241063
2026-09-23 15:05,34.025,34.095,33.98,34.095,285623
2026-09-23 15:06,34.09,34.09,33.98,34.0387,109744
2026-09-23 15:07,34.02,34.02,33.9,33.93,91169
2026-09-23 15:08,33.9166,33.95,33.84,33.8551,178475
2026-09-23 15:09,33.86,33.905,33.831,33.8935,157281
2026-09-23 15:10,33.9,33.93,33.8557,33.8705,102643
2026-09-23 15:11,33.87,33.92,33.82,33.8799,84520
2026-09-23 15:12,33.88,33.909,33.82,33.84,107346
2026-09-23 15:13,33.84,33.93,33.84,33.8787,89978
2026-09-23 15:14,33.87,33.9,33.8001,33.825,86345
2026-09-23 15:15,33.82,33.82,33.74,33.79,173073
2026-09-23 15:16,33.79,33.92,33.75,33.889,133081
2026-09-23 15:17,33.88,34.08,33.88,33.96,241887
2026-09-23 15:18,33.965,33.965,33.8862,33.9,134959
2026-09-23 15:19,33.8951,33.91,33.84,33.86,72072
2026-09-23 15:20,33.865,33.89,33.84,33.8636,47762
2026-09-23 15:21,33.87,33.9399,33.8,33.8,95570
2026-09-23 15:22,33.79,33.79,33.7,33.7199,244669
2026-09-23 15:23,33.71,33.8,33.71,33.72,114945
2026-09-23 15:24,33.72,33.7703,33.7,33.72,87293
2026-09-23 15:25,33.73,33.7628,33.7099,33.74,104496
2026-09-23 15:26,33.73,33.73,33.63,33.68,244154
2026-09-23 15:27,33.69,33.735,33.6828,33.7029,141269
2026-09-23 15:28,33.7,33.785,33.7,33.785,118757
2026-09-23 15:29,33.7699,33.8664,33.7661,33.8499,157873
2026-09-23 15:30,33.8499,33.89,33.82,33.835,130288
2026-09-23 15:31,33.84,33.8964,33.81,33.812,105118
2026-09-23 15:32,33.82,33.94,33.82,33.93,95844
2026-09-23 15:33,33.9262,33.941,33.87,33.905,126536
2026-09-23 15:34,33.91,33.945,33.87,33.945,103398
2026-09-23 15:35,33.95,34.02,33.91,33.95,137345
2026-09-23 15:36,33.945,34.03,33.9251,34.019,87663
2026-09-23 15:37,34.02,34.08,34.01,34.02,182301
2026-09-23 15:38,34.01,34.02,33.95,33.99,94850
2026-09-23 15:39,33.99,34.04,33.96,34.03,84180
2026-09-23 15:40,34.03,34.05,34.01,34.01,109634
2026-09-23 15:41,34.005,34.03,33.975,34.01,95353
2026-09-23 15:42,34.005,34.005,33.95,33.955,96979
2026-09-23 15:43,33.9589,33.98,33.91,33.9199,122721
2026-09-23 15:44,33.915,33.95,33.8733,33.89,75621
2026-09-23 15:45,33.89,33.96,33.88,33.94,59816
2026-09-23 15:46,33.945,34,33.93,34,68409
2026-09-23 15:47,34,34.14,34,34.1286,156179
2026-09-23 15:48,34.13,34.27,34.11,34.2499,184178
2026-09-23 15:49,34.2499,34.32,34.2201,34.285,225178
2026-09-23 15:50,34.285,34.305,34.26,34.29,178367
2026-09-23 15:51,34.285,34.42,34.285,34.38,284549
2026-09-23 15:52,34.38,34.3868,34.23,34.345,172381
2026-09-23 15:53,34.34,34.4,34.3,34.32,74041
2026-09-23 15:54,34.32,34.33,34.24,34.245,82669
2026-09-23 15:55,34.24,34.29,34.23,34.28,77200
2026-09-23 15:56,34.285,34.33,34.28,34.285,57968
2026-09-23 15:57,34.28,34.3,34.25,34.272,56483
2026-09-23 15:58,34.26,34.28,34.23,34.255,60328
2026-09-23 15:59,34.25,34.285,34.2414,34.26,159085
2026-09-23 16:00,34.26,34.3062,34.24,34.3,95938
2026-09-23 16:01,34.31,34.4,34.31,34.3802,152564
2026-09-23 16:02,34.3891,34.4,34.36,34.4,50150
2026-09-23 16:03,34.39,34.4029,34.32,34.34,91196
2026-09-23 16:04,34.3399,34.3561,34.3207,34.33,58799
2026-09-23 16:05,34.335,34.3462,34.27,34.29,93366
2026-09-23 16:06,34.295,34.31,34.21,34.31,131128
2026-09-23 16:07,34.3001,34.31,34.221,34.27,131930
2026-09-23 16:08,34.265,34.265,34.2,34.2051,78237
2026-09-23 16:09,34.2013,34.245,34.16,34.17,98333
2026-09-23 16:10,34.171,34.2,34.14,34.1712,53320
2026-09-23 16:11,34.165,34.25,34.165,34.205,79581
2026-09-23 16:12,34.2,34.2,34.17,34.19,33804
2026-09-23 16:13,34.195,34.2372,34.19,34.215,56892
2026-09-23 16:14,34.215,34.2801,34.21,34.245,120255
2026-09-23 16:15,34.245,34.2586,34.13,34.13,95479
2026-09-23 16:16,34.135,34.17,34.1,34.1587,115346
2026-09-23 16:17,34.16,34.21,34.15,34.18,59231
2026-09-23 16:18,34.175,34.2361,34.17,34.22,44314
2026-09-23 16:19,34.215,34.26,34.215,34.235,53140
2026-09-23 16:20,34.24,34.35,34.2314,34.33,106064
2026-09-23 16:21,34.325,34.365,34.315,34.3595,71100
2026-09-23 16:22,34.37,34.41,34.34,34.34,124837
2026-09-23 16:23,34.34,34.36,34.3,34.325,59363
2026-09-23 16:24,34.33,34.37,34.2988,34.36,59155
2026-09-23 16:25,34.36,34.36,34.28,34.285,64468
2026-09-23 16:26,34.29,34.345,34.265,34.3287,60241
2026-09-23 16:27,34.3209,34.33,34.28,34.3,53441
2026-09-23 16:28,34.3,34.37,34.3,34.32,62471
2026-09-23 16:29,34.32,34.35,34.31,34.3302,51311
2026-09-23 16:30,34.34,34.34,34.2113,34.225,66373
2026-09-23 16:31,34.23,34.28,34.17,34.1701,98698
2026-09-23 16:32,34.18,34.2,34.14,34.165,65854
2026-09-23 16:33,34.16,34.22,34.16,34.2087,57206
2026-09-23 16:34,34.21,34.24,34.19,34.215,43004
2026-09-23 16:35,34.22,34.27,34.21,34.2495,90332
2026-09-23 16:36,34.24,34.24,34.1997,34.1997,37822
2026-09-23 16:37,34.195,34.2237,34.19,34.22,29423
2026-09-23 16:38,34.22,34.29,34.22,34.28,72981
2026-09-23 16:39,34.2713,34.32,34.2713,34.3061,70520
2026-09-23 16:40,34.32,34.365,34.3,34.3499,101435
2026-09-23 16:41,34.35,34.44,34.349,34.425,126219
2026-09-23 16:42,34.425,34.43,34.365,34.405,72401
2026-09-23 16:43,34.4,34.415,34.385,34.4,54601
2026-09-23 16:44,34.41,34.47,34.41,34.42,89423
2026-09-23 16:45,34.425,34.529,34.385,34.435,213227
2026-09-23 16:46,34.4499,34.47,34.4,34.4136,99284
2026-09-23 16:47,34.415,34.425,34.37,34.395,98250
2026-09-23 16:48,34.39,34.44,34.39,34.41,49399
2026-09-23 16:49,34.41,34.52,34.405,34.5,183526
2026-09-23 16:50,34.505,34.61,34.5,34.57,219361
2026-09-23 16:51,34.5768,34.65,34.57,34.62,105008
2026-09-23 16:52,34.6227,34.65,34.54,34.5861,146820
2026-09-23 16:53,34.59,34.619,34.55,34.57,117493
2026-09-23 16:54,34.5799,34.63,34.5501,34.63,102869
2026-09-23 16:55,34.63,34.63,34.515,34.53,126040
2026-09-23 16:56,34.54,34.56,34.501,34.505,96031
2026-09-23 16:57,34.505,34.59,34.46,34.59,108185
2026-09-23 16:58,34.6,34.62,34.5501,34.561,68477
2026-09-23 16:59,34.56,34.56,34.51,34.5339,61555
2026-09-23 17:00,34.535,34.55,34.5,34.5,89671
2026-09-23 17:01,34.51,34.53,34.4801,34.521,71785
2026-09-23 17:02,34.53,34.7184,34.53,34.705,284890
2026-09-23 17:03,34.7061,34.82,34.6701,34.81,261689
2026-09-23 17:04,34.8,34.84,34.725,34.755,148798
2026-09-23 17:05,34.75,34.78,34.682,34.725,136774
2026-09-23 17:06,34.73,34.805,34.71,34.76,129602
2026-09-23 17:07,34.755,34.785,34.74,34.77,125428
2026-09-23 17:08,34.77,34.77,34.715,34.72,78229
2026-09-23 17:09,34.715,34.765,34.67,34.6901,70135
2026-09-23 17:10,34.699,34.8,34.69,34.785,71111
2026-09-23 17:11,34.785,34.83,34.75,34.825,139925
2026-09-23 17:12,34.83,34.83,34.7646,34.78,67210
2026-09-23 17:13,34.785,34.83,34.765,34.77,111330
2026-09-23 17:14,34.77,34.8,34.7,34.74,66891
2026-09-23 17:15,34.74,34.74,34.61,34.615,118841
2026-09-23 17:16,34.61,34.6593,34.5825,34.595,101560
2026-09-23 17:17,34.6,34.62,34.52,34.5327,130341
2026-09-23 17:18,34.54,34.56,34.49,34.495,88540
2026-09-23 17:19,34.492,34.4951,34.375,34.395,186938
2026-09-23 17:20,34.38,34.45,34.38,34.415,131858
2026-09-23 17:21,34.41,34.44,34.36,34.43,109350
2026-09-23 17:22,34.42,34.4564,34.39,34.3964,78258
2026-09-23 17:23,34.3895,34.42,34.34,34.41,82075
2026-09-23 17:24,34.415,34.5,34.414,34.48,114837
2026-09-23 17:25,34.485,34.5,34.38,34.3951,115622
2026-09-23 17:26,34.391,34.47,34.391,34.42,82999
2026-09-23 17:27,34.4264,34.46,34.42,34.425,30044
2026-09-23 17:28,34.43,34.47,34.41,34.465,43662
2026-09-23 17:29,34.46,34.51,34.46,34.4801,83975
2026-09-23 17:30,34.49,34.53,34.48,34.4998,100638
2026-09-23 17:31,34.5,34.53,34.43,34.44,82004
2026-09-23 17:32,34.44,34.505,34.42,34.42,47345
2026-09-23 17:33,34.43,34.47,34.3603,34.3603,69811
2026-09-23 17:34,34.365,34.375,34.2702,34.2894,218461
2026-09-23 17:35,34.29,34.3599,34.29,34.339,60072
2026-09-23 17:36,34.34,34.37,34.31,34.33,56135
2026-09-23 17:37,34.33,34.34,34.29,34.305,53905
2026-09-23 17:38,34.3,34.32,34.28,34.295,65734
2026-09-23 17:39,34.29,34.3264,34.2801,34.3264,44030
2026-09-23 17:40,34.33,34.3999,34.26,34.325,218282
2026-09-23 17:41,34.32,34.35,34.1801,34.215,172611
2026-09-23 17:42,34.2101,34.2201,34.1272,34.13,159647
2026-09-23 17:43,34.12,34.12,33.96,33.99,284146
2026-09-23 17:44,33.985,34.03,33.96,33.98,132550
2026-09-23 17:45,33.99,34.0701,33.955,34.015,120959
2026-09-23 17:46,34.015,34.02,33.96,34.0064,138117
2026-09-23 17:47,34.005,34.0186,33.915,33.98,185659
2026-09-23 17:48,33.9864,34.0173,33.951,33.965,99756
2026-09-23 17:49,33.96,33.9699,33.91,33.945,175402
2026-09-23 17:50,33.94,33.97,33.87,33.945,127545
2026-09-23 17:51,33.94,33.94,33.8901,33.92,57149
2026-09-23 17:52,33.93,33.93,33.8999,33.9101,62994
2026-09-23 17:53,33.91,33.9801,33.88,33.97,105557
2026-09-23 17:54,33.9699,33.99,33.89,33.89,90344
2026-09-23 17:55,33.88,33.93,33.85,33.915,86512
2026-09-23 17:56,33.92,33.92,33.87,33.9,66993
2026-09-23 17:57,33.895,33.93,33.87,33.875,62884
2026-09-23 17:58,33.88,33.92,33.87,33.9,74577
2026-09-23 17:59,33.9,33.91,33.85,33.86,56496
2026-09-23 18:00,33.855,33.87,33.82,33.8599,113974
2026-09-23 18:01,33.86,33.9301,33.845,33.9,85465
2026-09-23 18:02,33.89,33.93,33.875,33.9,141488
2026-09-23 18:03,33.91,34.039,33.9,34.03,172417
2026-09-23 18:04,34.035,34.085,34.02,34.07,140157
2026-09-23 18:05,34.065,34.07,33.99,33.995,76425
2026-09-23 18:06,33.995,34,33.9499,33.97,81953
2026-09-23 18:07,33.98,33.995,33.91,33.91,87123
2026-09-23 18:08,33.911,33.935,33.865,33.9,87423
2026-09-23 18:09,33.895,33.97,33.895,33.97,126226
2026-09-23 18:10,33.9701,33.995,33.93,33.995,98824
2026-09-23 18:11,33.995,33.995,33.94,33.97,34509
2026-09-23 18:12,33.98,34.0301,33.97,34.01,66306
2026-09-23 18:13,34.028,34.03,33.99,34,33304
2026-09-23 18:14,34,34.02,33.95,33.95,59950
2026-09-23 18:15,33.955,33.99,33.9027,33.91,67907
2026-09-23 18:16,33.9014,33.9014,33.84,33.85,72859
2026-09-23 18:17,33.8501,33.855,33.79,33.815,157156
2026-09-23 18:18,33.82,33.85,33.8,33.805,55455
2026-09-23 18:19,33.801,33.89,33.8,33.87,68593
2026-09-23 18:20,33.865,33.895,33.8599,33.8799,43014
2026-09-23 18:21,33.88,33.94,33.88,33.925,56988
2026-09-23 18:22,33.93,33.93,33.89,33.89,28810
2026-09-23 18:23,33.8951,33.92,33.865,33.875,32532
2026-09-23 18:24,33.8725,33.875,33.8416,33.855,49301
2026-09-23 18:25,33.85,33.8798,33.8338,33.8798,40937
2026-09-23 18:26,33.87,33.885,33.84,33.88,45727
2026-09-23 18:27,33.88,33.88,33.82,33.85,37374
2026-09-23 18:28,33.8564,33.87,33.835,33.85,39648
2026-09-23 18:29,33.85,33.88,33.845,33.8587,30432
2026-09-23 18:30,33.86,33.91,33.86,33.91,51710
2026-09-23 18:31,33.905,33.96,33.9,33.91,68912
2026-09-23 18:32,33.92,33.94,33.89,33.89,46950
2026-09-23 18:33,33.89,33.91,33.8738,33.89,29640
2026-09-23 18:34,33.88,33.915,33.84,33.855,72319
2026-09-23 18:35,33.855,33.885,33.83,33.865,50965
2026-09-23 18:36,33.86,33.885,33.85,33.875,45045
2026-09-23 18:37,33.875,33.929,33.875,33.929,49912
2026-09-23 18:38,33.925,33.98,33.925,33.95,50894
2026-09-23 18:39,33.95,33.98,33.9364,33.9799,69440
2026-09-23 18:40,33.97,33.97,33.915,33.93,35410
2026-09-23 18:41,33.93,34.02,33.9299,34.02,50981
2026-09-23 18:42,34.0199,34.0199,33.96,33.98,48948
2026-09-23 18:43,33.97,33.97,33.91,33.91,37181
2026-09-23 18:44,33.9199,33.95,33.9118,33.945,50040
2026-09-23 18:45,33.94,33.96,33.915,33.935,73510
2026-09-23 18:46,33.9387,33.975,33.925,33.965,35029
2026-09-23 18:47,33.975,33.9798,33.95,33.9702,19386
2026-09-23 18:48,33.98,34.01,33.935,33.94,35971
2026-09-23 18:49,33.935,33.94,33.86,33.8701,59032
2026-09-23 18:50,33.87,33.88,33.84,33.88,39393
2026-09-23 18:51,33.88,33.8882,33.84,33.84,43298
2026-09-23 18:52,33.85,33.91,33.83,33.8997,53356
2026-09-23 18:53,33.89,33.895,33.86,33.86,30851
2026-09-23 18:54,33.86,33.9,33.86,33.89,31040
2026-09-23 18:55,33.89,33.9,33.84,33.84,47237
2026-09-23 18:56,33.84,33.86,33.82,33.83,77857
2026-09-23 18:57,33.8301,33.8501,33.8014,33.8014,64719
2026-09-23 18:58,33.81,33.83,33.8,33.8014,46788
2026-09-23 18:59,33.805,33.805,33.76,33.79,396252
2026-09-23 19:00,33.785,33.87,33.775,33.8,111469
2026-09-23 19:01,33.805,33.83,33.75,33.81,107897
2026-09-23 19:02,33.819,33.8801,33.8109,33.88,63264
2026-09-23 19:03,33.879,33.97,33.84,33.965,80262
2026-09-23 19:04,33.96,33.96,33.92,33.9596,49177
2026-09-23 19:05,33.955,33.979,33.91,33.91,116347
2026-09-23 19:06,33.915,33.935,33.85,33.855,132914
2026-09-23 19:07,33.855,33.8601,33.71,33.76,150555
2026-09-23 19:08,33.755,33.7661,33.7292,33.74,86947
2026-09-23 19:09,33.7444,33.87,33.74,33.84,71769
2026-09-23 19:10,33.845,33.845,33.8,33.815,74186
2026-09-23 19:11,33.815,33.8571,33.81,33.85,78080
2026-09-23 19:12,33.85,33.925,33.84,33.905,58251
2026-09-23 19:13,33.9164,33.94,33.86,33.86,92146
2026-09-23 19:14,33.865,33.865,33.82,33.855,38984
2026-09-23 19:15,33.8564,33.96,33.825,33.95,39308
2026-09-23 19:16,33.955,34.005,33.93,34,118705
2026-09-23 19:17,34.01,34.03,33.93,33.94,111102
2026-09-23 19:18,33.94,33.96,33.88,33.89,67351
2026-09-23 19:19,33.88,33.94,33.86,33.905,68742
2026-09-23 19:20,33.9,33.93,33.89,33.905,38831
2026-09-23 19:21,33.9,33.92,33.86,33.87,29121
2026-09-23 19:22,33.875,33.925,33.87,33.925,23825
2026-09-23 19:23,33.92,33.92,33.89,33.895,21693
2026-09-23 19:24,33.895,33.91,33.86,33.86,26354
2026-09-23 19:25,33.86,33.91,33.83,33.9,122272
2026-09-23 19:26,33.89,33.91,33.855,33.8901,65108
2026-09-23 19:27,33.89,33.91,33.83,33.8311,29594
2026-09-23 19:28,33.84,33.875,33.82,33.865,58679
2026-09-23 19:29,33.86,33.92,33.845,33.905,46900
2026-09-23 19:30,33.9,33.935,33.81,33.831,248788
2026-09-23 19:31,33.835,33.87,33.835,33.845,85982
2026-09-23 19:32,33.84,33.855,33.8,33.805,133496
2026-09-23 19:33,33.8,33.84,33.75,33.755,224953
2026-09-23 19:34,33.755,33.789,33.7329,33.745,77824
2026-09-23 19:35,33.755,33.799,33.73,33.73,80918
2026-09-23 19:36,33.73,33.745,33.68,33.6936,142099
2026-09-23 19:37,33.7,33.76,33.68,33.685,100852
2026-09-23 19:38,33.69,33.75,33.69,33.729,93706
2026-09-23 19:39,33.735,33.755,33.68,33.695,71414
2026-09-23 19:40,33.685,33.715,33.63,33.63,123002
2026-09-23 19:41,33.655,33.735,33.65,33.69,75898
2026-09-23 19:42,33.69,33.7877,33.69,33.7791,126629
2026-09-23 19:43,33.768,33.83,33.7638,33.79,101423
2026-09-23 19:44,33.78,33.84,33.78,33.7851,71904
2026-09-23 19:45,33.79,33.85,33.77,33.78,112398
2026-09-23 19:46,33.77,33.82,33.751,33.775,89112
2026-09-23 19:47,33.775,33.81,33.7203,33.7205,74671
2026-09-23 19:48,33.715,33.76,33.7103,33.73,88385
2026-09-23 19:49,33.72,33.76,33.7131,33.74,106487
2026-09-23 19:50,33.75,33.895,33.75,33.845,322721
2026-09-23 19:51,33.84,33.92,33.81,33.9087,139699
2026-09-23 19:52,33.915,34.01,33.9,33.975,305230
2026-09-23 19:53,33.979,33.9861,33.86,33.86,204520
2026-09-23 19:54,33.8577,33.98,33.84,33.97,293392
2026-09-23 19:55,33.97,33.97,33.78,33.86,248152
2026-09-23 19:56,33.85,33.9,33.85,33.87,77914
2026-09-23 19:57,33.86,33.86,33.72,33.735,133657
2026-09-23 19:58,33.735,33.75,33.7101,33.72,135788
2026-09-23 19:59,33.73,33.795,33.6,33.6372,514901
